1220, 1220, 1220
[[-5.8989480e-02  9.7679272e-01 -2.0485992e-01 -3.0070000e+01]
 [ 7.0325520e-02  2.0899422e-01  9.7522078e-01  1.4088000e+02]
 [ 9.9556312e-01  4.3327020e-02 -8.0866260e-02 -1.1724900e+03]
 [ 0.0000000e+00  0.0000000e+00  0.0000000e+00  1.0000000e+00]]
[-0124.28, +0037.23, -1066.36]
1436, 1019, 1901
[[-5.9739920e-02  9.7664424e-01 -2.0568540e-01 -3.0180000e+01]
 [ 7.1736240e-02  2.0987072e-01  9.7498280e-01  1.4089000e+02]
 [ 9.9548700e-01  4.3630000e-02 -8.2493200e-02 -1.1724600e+03]
 [ 0.0000000e+00  0.0000000e+00  0.0000000e+00  1.0000000e+00]]
[-0182.24, +0078.40, -1114.02]
1990, 1469, 1895
[[-6.0143400e-02  9.7623196e-01 -2.0709812e-01 -3.0290000e+01]
 [ 7.2945080e-02  2.1145670e-01  9.7448434e-01  1.4106000e+02]
 [ 9.9528764e-01  4.3724980e-02 -8.3761540e-02 -1.1724600e+03]
 [ 0.0000000e+00  0.0000000e+00  0.0000000e+00  1.0000000e+00]]
[-0136.84, +0077.21, -1099.27]
2095, 2036, 1746
[[nan nan nan nan]
 [nan nan nan nan]
 [nan nan nan nan]
 [ 0.  0.  0.  1.]]
[-0092.85, +0042.26, -1097.12]
984, 1985, 1406
[[nan nan nan nan]
 [nan nan nan nan]
 [nan nan nan nan]
 [ 0.  0.  0.  1.]]
[-0118.85, -0037.41, -1114.99]
1944, 2131, 1356
[[-5.8687780e-02  9.7631872e-01 -2.0747860e-01 -3.0180000e+01]
 [ 7.2602720e-02  2.1162072e-01  9.7453300e-01  1.4113000e+02]
 [ 9.9547700e-01  4.2278600e-02 -8.3191060e-02 -1.1724800e+03]
 [ 0.0000000e+00  0.0000000e+00  0.0000000e+00  1.0000000e+00]]
[-0066.50, +0023.71, -1106.80]
1591, 1311, 1009
[[-5.8985220e-02  9.7667834e-01 -2.0532682e-01 -3.0090000e+01]
 [ 7.1213260e-02  2.0951516e-01  9.7503226e-01  1.4095000e+02]
 [ 9.9548398e-01  4.3112140e-02 -8.1743620e-02 -1.1724900e+03]
 [ 0.0000000e+00  0.0000000e+00  0.0000000e+00  1.0000000e+00]]
[-0078.09, +0061.75, -1079.99]
1095, 1095, 2014
[[-5.9450100e-02  9.7645274e-01 -2.0620408e-01 -3.0170000e+01]
 [ 7.0637180e-02  2.1041646e-01  9.7487096e-01  1.4090000e+02]
 [ 9.9548504e-01  4.3623920e-02 -8.1307200e-02 -1.1724900e+03]
 [ 0.0000000e+00  0.0000000e+00  0.0000000e+00  1.0000000e+00]]
[-0203.08, +0042.90, -1127.62]
1618, 1498, 1089
[[-5.8402440e-02  9.7661562e-01 -2.0595614e-01 -3.0110000e+01]
 [ 7.0863260e-02  2.1004590e-01  9.7496958e-01  1.4093000e+02]
 [ 9.9557742e-01  4.2534860e-02 -8.1330900e-02 -1.1725200e+03]
 [ 0.0000000e+00  0.0000000e+00  0.0000000e+00  1.0000000e+00]]
[-0073.95, +0049.58, -1083.12]
916, 1392, 1250
[[-5.8814100e-02  9.7660398e-01 -2.0556154e-01 -3.0050000e+01]
 [ 6.9817420e-02  2.0971038e-01  9.7506486e-01  1.4088000e+02]
 [ 9.9555834e-01  4.3250660e-02 -8.0325480e-02 -1.1725000e+03]
 [ 0.0000000e+00  0.0000000e+00  0.0000000e+00  1.0000000e+00]]
[-0138.99, -0007.19, -1077.99]
1400, 1269, 1803
[[-5.8924560e-02  9.7652000e-01 -2.0600784e-01 -3.0150000e+01]
 [ 7.1499840e-02  2.1022104e-01  9.7484560e-01  1.4094000e+02]
 [ 9.9544880e-01  4.2951840e-02 -8.2028160e-02 -1.1724600e+03]
 [ 0.0000000e+00  0.0000000e+00  0.0000000e+00  1.0000000e+00]]
[-0169.83, +0055.33, -1094.56]
1757, 1424, 1788
[[-5.9622180e-02  9.7635402e-01 -2.0646430e-01 -3.0210000e+01]
 [ 7.1508980e-02  2.1076182e-01  9.7470810e-01  1.4097000e+02]
 [ 9.9537990e-01  4.3614700e-02 -8.2185000e-02 -1.1725200e+03]
 [ 0.0000000e+00  0.0000000e+00  0.0000000e+00  1.0000000e+00]]
[-0142.06, +0071.60, -1092.39]
1184, 1117, 1220
[[-5.8814100e-02  9.7672012e-01 -2.0547386e-01 -3.0040000e+01]
 [ 6.9933560e-02  2.0953016e-01  9.7516828e-01  1.4086000e+02]
 [ 9.9564602e-01  4.3147240e-02 -8.0505700e-02 -1.1725200e+03]
 [ 0.0000000e+00  0.0000000e+00  0.0000000e+00  1.0000000e+00]]
[-0133.02, +0045.92, -1065.60]
1656, 1086, 1717
[[-5.8810000e-02  9.7666440e-01 -2.0626080e-01 -3.0180000e+01]
 [ 7.0530000e-02  2.1023128e-01  9.7505664e-01  1.4092000e+02]
 [ 9.9571200e-01  4.2855360e-02 -8.1202720e-02 -1.1725200e+03]
 [ 0.0000000e+00  0.0000000e+00  0.0000000e+00  1.0000000e+00]]
[-0153.24, +0090.75, -1100.27]
1243, 1568, 934
[[-5.9160480e-02  9.7663692e-01 -2.0552812e-01 -3.0040000e+01]
 [ 7.0789880e-02  2.0970054e-01  9.7503192e-01  1.4091000e+02]
 [ 9.9551508e-01  4.3344880e-02 -8.1382980e-02 -1.1725200e+03]
 [ 0.0000000e+00  0.0000000e+00  0.0000000e+00  1.0000000e+00]]
[-0075.58, +0007.02, -1081.87]
1951, 1755, 1956
[[-5.9852740e-02  9.7618468e-01 -2.0732554e-01 -3.0300000e+01]
 [ 7.2166360e-02  2.1164216e-01  9.7448948e-01  1.4103000e+02]
 [ 9.9534538e-01  4.3602760e-02 -8.2935540e-02 -1.1725000e+03]
 [ 0.0000000e+00  0.0000000e+00  0.0000000e+00  1.0000000e+00]]
[-0131.97, +0057.79, -1094.71]
826, 1807, 1252
[[-5.8928100e-02  9.7660588e-01 -2.0574476e-01 -3.0000000e+01]
 [ 7.0408280e-02  2.0988080e-01  9.7502116e-01  1.4091000e+02]
 [ 9.9555644e-01  4.3180360e-02 -8.0970340e-02 -1.1725000e+03]
 [ 0.0000000e+00  0.0000000e+00  0.0000000e+00  1.0000000e+00]]
[-0121.05, -0042.73, -1111.42]
1163, 1696, 1417
[[-5.8985220e-02  9.7647640e-01 -2.0602590e-01 -3.0110000e+01]
 [ 7.0485600e-02  2.1023628e-01  9.7488920e-01  1.4094000e+02]
 [ 9.9548210e-01  4.3255200e-02 -8.1022500e-02 -1.1725200e+03]
 [ 0.0000000e+00  0.0000000e+00  0.0000000e+00  1.0000000e+00]]
[-0126.08, -0005.08, -1085.08]
1356, 1976, 903
[[-5.8695760e-02  9.7657488e-01 -2.0596132e-01 -3.0050000e+01]
 [ 7.0026720e-02  2.1006102e-01  9.7501032e-01  1.4096000e+02]
 [ 9.9559772e-01  4.3015920e-02 -8.0557780e-02 -1.1725400e+03]
 [ 0.0000000e+00  0.0000000e+00  0.0000000e+00  1.0000000e+00]]
[-0055.55, -0009.28, -1114.20]
1674, 954, 2179
[[-5.9447080e-02  9.7630946e-01 -2.0687454e-01 -3.0270000e+01]
 [ 7.1320940e-02  2.1111710e-01  9.7466862e-01  1.4092000e+02]
 [ 9.9543486e-01  4.3421580e-02 -8.2004820e-02 -1.1724600e+03]
 [ 0.0000000e+00  0.0000000e+00  0.0000000e+00  1.0000000e+00]]
[-0182.43, +0090.99, -1142.26]
1183, 1128, 1384
[[-5.9278740e-02  9.7669650e-01 -2.0565220e-01 -3.0060000e+01]
 [ 7.0085300e-02  2.0971038e-01  9.7515012e-01  1.4088000e+02]
 [ 9.9564900e-01  4.3516120e-02 -8.0790120e-02 -1.1725300e+03]
 [ 0.0000000e+00  0.0000000e+00  0.0000000e+00  1.0000000e+00]]
[-0149.34, +0044.25, -1071.82]
1027, 2058, 1323
[[-5.8634820e-02  9.7658958e-01 -2.0614714e-01 -3.0080000e+01]
 [ 7.0837220e-02  2.1022620e-01  9.7495374e-01  1.4093000e+02]
 [ 9.9559326e-01  4.2725860e-02 -8.1382980e-02 -1.1725000e+03]
 [ 0.0000000e+00  0.0000000e+00  0.0000000e+00  1.0000000e+00]]
[-0105.43, -0039.84, -1120.03]
955, 1677, 1186
[[-5.8757220e-02  9.7673342e-01 -2.0528032e-01 -3.0000000e+01]
 [ 6.9740020e-02  2.0935478e-01  9.7519672e-01  1.4088000e+02]
 [ 9.9563272e-01  4.3175680e-02 -8.0273440e-02 -1.1725100e+03]
 [ 0.0000000e+00  0.0000000e+00  0.0000000e+00  1.0000000e+00]]
[-0115.38, -0023.18, -1089.70]
1723, 1626, 1768
[[-5.9332200e-02  9.7645232e-01 -2.0640004e-01 -3.0190000e+01]
 [ 7.1050280e-02  2.1058668e-01  9.7482944e-01  1.4094000e+02]
 [ 9.9549584e-01  4.3375640e-02 -8.1719880e-02 -1.1725200e+03]
 [ 0.0000000e+00  0.0000000e+00  0.0000000e+00  1.0000000e+00]]
[-0133.29, +0052.89, -1087.07]
2048, 1172, 1300
[[-5.7994960e-02  9.7650960e-01 -2.0605904e-01 -3.0060000e+01]
 [ 7.0788960e-02  2.1022104e-01  9.7485600e-01  1.4082000e+02]
 [ 9.9550000e-01  4.2240960e-02 -8.1098560e-02 -1.1724900e+03]
 [ 0.0000000e+00  0.0000000e+00  0.0000000e+00  1.0000000e+00]]
[-0087.28, +0106.50, -1110.88]
1449, 1810, 1083
[[-5.8463460e-02  9.7662942e-01 -2.0556646e-01 -2.9970000e+01]
 [ 7.0256540e-02  2.0970054e-01  9.7503942e-01  1.4090000e+02]
 [ 9.9555342e-01  4.2811540e-02 -8.0685960e-02 -1.1725100e+03]
 [ 0.0000000e+00  0.0000000e+00  0.0000000e+00  1.0000000e+00]]
[-0072.10, +0006.17, -1092.22]
2196, 1896, 976
[[-5.7930900e-02  9.7638364e-01 -2.0729632e-01 -3.0120000e+01]
 [ 7.3288040e-02  2.1142334e-01  9.7451024e-01  1.4113000e+02]
 [ 9.9545248e-01  4.1428640e-02 -8.3680000e-02 -1.1725400e+03]
 [ 0.0000000e+00  0.0000000e+00  0.0000000e+00  1.0000000e+00]]
[-0044.05, +0053.22, -1125.92]
1925, 1649, 1423
[[-5.8867240e-02  9.7653320e-01 -2.0581432e-01 -3.0060000e+01]
 [ 7.1306320e-02  2.1004590e-01  9.7487426e-01  1.4091000e+02]
 [ 9.9543560e-01  4.2980500e-02 -8.1795700e-02 -1.1724500e+03]
 [ 0.0000000e+00  0.0000000e+00  0.0000000e+00  1.0000000e+00]]
[-0092.21, +0059.27, -1088.83]
2185, 1449, 1057
[[-5.8749460e-02  9.7662042e-01 -2.0612670e-01 -3.0110000e+01]
 [ 7.1631900e-02  2.1021580e-01  9.7492290e-01  1.4091000e+02]
 [ 9.9556242e-01  4.2642060e-02 -8.2208500e-02 -1.1724800e+03]
 [ 0.0000000e+00  0.0000000e+00  0.0000000e+00  1.0000000e+00]]
[-0056.03, +0086.49, -1120.80]
1985, 1116, 1691
[[-5.9217640e-02  9.7659510e-01 -2.0592546e-01 -3.0100000e+01]
 [ 7.0779540e-02  2.1005606e-01  9.7499010e-01  1.4086000e+02]
 [ 9.9555690e-01  4.3329540e-02 -8.1435140e-02 -1.1724500e+03]
 [ 0.0000000e+00  0.0000000e+00  0.0000000e+00  1.0000000e+00]]
[-0132.41, +0103.73, -1111.00]
2081, 1472, 968
[[-5.8341940e-02  9.7657178e-01 -2.0582224e-01 -3.0090000e+01]
 [ 7.1965060e-02  2.1003006e-01  9.7483568e-01  1.4091000e+02]
 [ 9.9542768e-01  4.2321760e-02 -8.2336840e-02 -1.1724800e+03]
 [ 0.0000000e+00  0.0000000e+00  0.0000000e+00  1.0000000e+00]]
[-0049.63, +0076.64, -1118.11]
1034, 816, 1445
[[-5.8236100e-02  9.7688632e-01 -2.0482056e-01 -2.9940000e+01]
 [ 6.9510640e-02  2.0881880e-01  9.7534668e-01  1.4079000e+02]
 [ 9.9570408e-01  4.2731640e-02 -7.9937460e-02 -1.1724700e+03]
 [ 0.0000000e+00  0.0000000e+00  0.0000000e+00  1.0000000e+00]]
[-0180.33, +0064.01, -1085.84]
1717, 1325, 1998
[[-6.0262600e-02  9.7631730e-01 -2.0663970e-01 -3.0210000e+01]
 [ 7.1440740e-02  2.1094700e-01  9.7470282e-01  1.4093000e+02]
 [ 9.9538518e-01  4.4202900e-02 -8.2289960e-02 -1.1724400e+03]
 [ 0.0000000e+00  0.0000000e+00  0.0000000e+00  1.0000000e+00]]
[-0164.64, +0074.31, -1106.92]
803, 1802, 1335
[[-5.7942100e-02  9.7675382e-01 -2.0531056e-01 -2.9970000e+01]
 [ 6.9823460e-02  2.0934494e-01  9.7517632e-01  1.4087000e+02]
 [ 9.9565312e-01  4.2380960e-02 -8.0169600e-02 -1.1725200e+03]
 [ 0.0000000e+00  0.0000000e+00  0.0000000e+00  1.0000000e+00]]
[-0130.44, -0043.21, -1114.56]
1165, 1335, 1872
[[-5.8867240e-02  9.7664942e-01 -2.0572674e-01 -3.0100000e+01]
 [ 7.1422540e-02  2.0986556e-01  9.7497762e-01  1.4086000e+02]
 [ 9.9552318e-01  4.2877140e-02 -8.1976040e-02 -1.1724500e+03]
 [ 0.0000000e+00  0.0000000e+00  0.0000000e+00  1.0000000e+00]]
[-0184.30, +0028.40, -1104.30]
1462, 826, 2064
[[-5.9042420e-02  9.7649172e-01 -2.0601558e-01 -3.0160000e+01]
 [ 7.0882920e-02  2.1023128e-01  9.7487388e-01  1.4084000e+02]
 [ 9.9546678e-01  4.3213320e-02 -8.1435140e-02 -1.1724600e+03]
 [ 0.0000000e+00  0.0000000e+00  0.0000000e+00  1.0000000e+00]]
[-0190.72, +0089.97, -1143.00]
875, 1225, 1035
[[-5.8004000e-02  9.7685556e-01 -2.0503692e-01 -2.9950000e+01]
 [ 6.9129000e-02  2.0899910e-01  9.7533580e-01  1.4079000e+02]
 [ 9.9574500e-01  4.2567080e-02 -7.9525060e-02 -1.1725000e+03]
 [ 0.0000000e+00  0.0000000e+00  0.0000000e+00  1.0000000e+00]]
[-0126.27, +0000.34, -1066.55]
1479, 1983, 1801
[[-5.9332200e-02  9.7653990e-01 -2.0651630e-01 -3.0150000e+01]
 [ 7.0962700e-02  2.1058668e-01  9.7491954e-01  1.4096000e+02]
 [ 9.9561210e-01  4.3285540e-02 -8.1719880e-02 -1.1724900e+03]
 [ 0.0000000e+00  0.0000000e+00  0.0000000e+00  1.0000000e+00]]
[-0131.19, +0001.36, -1096.64]
1044, 1732, 1133
[[-5.8288200e-02  9.7664214e-01 -2.0556898e-01 -3.0010000e+01]
 [ 7.0476100e-02  2.0969550e-01  9.7502670e-01  1.4085000e+02]
 [ 9.9555090e-01  4.2591980e-02 -8.0866260e-02 -1.1724700e+03]
 [ 0.0000000e+00  0.0000000e+00  0.0000000e+00  1.0000000e+00]]
[-0103.38, -0019.62, -1090.10]
1501, 1972, 1663
[[-5.8864420e-02  9.7647774e-01 -2.0660132e-01 -3.0170000e+01]
 [ 7.1902740e-02  2.1074622e-01  9.7476204e-01  1.4097000e+02]
 [ 9.9550132e-01  4.2687960e-02 -8.2493200e-02 -1.1725000e+03]
 [ 0.0000000e+00  0.0000000e+00  0.0000000e+00  1.0000000e+00]]
[-0117.75, +0002.87, -1092.58]
883, 1893, 1975
[[-5.8752840e-02  9.7650442e-01 -2.0656246e-01 -3.0080000e+01]
 [ 6.9812660e-02  2.1059660e-01  9.7495502e-01  1.4090000e+02]
 [ 9.9566818e-01  4.3014140e-02 -8.0429800e-02 -1.1724900e+03]
 [ 0.0000000e+00  0.0000000e+00  0.0000000e+00  1.0000000e+00]]
[-0169.93, -0026.15, -1139.55]
845, 2035, 1015
[[-5.8231200e-02  9.7674304e-01 -2.0549152e-01 -2.9960000e+01]
 [ 7.0194880e-02  2.0952024e-01  9.7514536e-01  1.4090000e+02]
 [ 9.9565376e-01  4.2530320e-02 -8.0634000e-02 -1.1725000e+03]
 [ 0.0000000e+00  0.0000000e+00  0.0000000e+00  1.0000000e+00]]
[-0089.36, -0048.09, -1132.17]
1943, 1366, 1530
[[-5.9099700e-02  9.7650712e-01 -2.0600526e-01 -3.0150000e+01]
 [ 7.1280240e-02  2.1022620e-01  9.7485848e-01  1.4091000e+02]
 [ 9.9545138e-01  4.3171440e-02 -8.1847860e-02 -1.1725100e+03]
 [ 0.0000000e+00  0.0000000e+00  0.0000000e+00  1.0000000e+00]]
[-0107.12, +0089.24, -1095.05]
1638, 1057, 2143
[[-5.8985220e-02  9.7656402e-01 -2.0614210e-01 -3.0170000e+01]
 [ 7.0397980e-02  2.1023628e-01  9.7497930e-01  1.4085000e+02]
 [ 9.9559830e-01  4.3165100e-02 -8.1022500e-02 -1.1724800e+03]
 [ 0.0000000e+00  0.0000000e+00  0.0000000e+00  1.0000000e+00]]
[-0184.19, +0082.79, -1133.03]
807, 1972, 1654
[[-5.8581840e-02  9.7668924e-01 -2.0569036e-01 -2.9980000e+01]
 [ 6.9551960e-02  2.0971038e-01  9.7515738e-01  1.4090000e+02]
 [ 9.9568716e-01  4.2982780e-02 -8.0093220e-02 -1.1725200e+03]
 [ 0.0000000e+00  0.0000000e+00  0.0000000e+00  1.0000000e+00]]
[-0145.02, -0043.51, -1136.04]
1021, 2105, 965
[[-5.8112980e-02  9.7662632e-01 -2.0577528e-01 -3.0010000e+01]
 [ 7.0491920e-02  2.0987072e-01  9.7500072e-01  1.4092000e+02]
 [ 9.9557688e-01  4.2385680e-02 -8.0866260e-02 -1.1725100e+03]
 [ 0.0000000e+00  0.0000000e+00  0.0000000e+00  1.0000000e+00]]
[-0074.82, -0038.33, -1131.22]
1478, 1191, 1089
[[-5.7998980e-02  9.7679744e-01 -2.0509670e-01 -3.0010000e+01]
 [ 7.0424560e-02  2.0915952e-01  9.7517440e-01  1.4082000e+02]
 [ 9.9560950e-01  4.2326000e-02 -8.0762500e-02 -1.1725100e+03]
 [ 0.0000000e+00  0.0000000e+00  0.0000000e+00  1.0000000e+00]]
[-0095.37, +0065.74, -1073.03]
1701, 938, 935
[[-5.7942100e-02  9.7683908e-01 -2.0469934e-01 -3.0000000e+01]
 [ 7.0434680e-02  2.0880380e-01  9.7521604e-01  1.4082000e+02]
 [ 9.9556786e-01  4.2341240e-02 -8.0710740e-02 -1.1724900e+03]
 [ 0.0000000e+00  0.0000000e+00  0.0000000e+00  1.0000000e+00]]
[-0078.76, +0104.41, -1096.48]
2064, 1988, 1985
[[-5.9387300e-02  9.7617948e-01 -2.0735154e-01 -3.0280000e+01]
 [ 7.1811240e-02  2.1164216e-01  9.7449468e-01  1.4098000e+02]
 [ 9.9537138e-01  4.3247640e-02 -8.2470100e-02 -1.1724900e+03]
 [ 0.0000000e+00  0.0000000e+00  0.0000000e+00  1.0000000e+00]]
[-0119.29, +0046.17, -1096.73]
2105, 1324, 1064
[[-5.8867240e-02  9.7667806e-01 -2.0552294e-01 -3.0110000e+01]
 [ 7.1626340e-02  2.0968518e-01  9.7499078e-01  1.4090000e+02]
 [ 9.9549454e-01  4.2863980e-02 -8.2156420e-02 -1.1725000e+03]
 [ 0.0000000e+00  0.0000000e+00  0.0000000e+00  1.0000000e+00]]
[-0061.03, +0094.29, -1117.76]
2070, 1828, 1672
[[-5.8692100e-02  9.7646008e-01 -2.0642826e-01 -3.0100000e+01]
 [ 7.0914560e-02  2.1058160e-01  9.7482168e-01  1.4090000e+02]
 [ 9.9551898e-01  4.2800640e-02 -8.1435140e-02 -1.1724700e+03]
 [ 0.0000000e+00  0.0000000e+00  0.0000000e+00  1.0000000e+00]]
[-0097.52, +0056.37, -1093.81]
897, 1837, 1365
[[-5.7771940e-02  9.7673712e-01 -2.0513718e-01 -2.9890000e+01]
 [ 6.8835120e-02  2.0917936e-01  9.7523472e-01  1.4080000e+02]
 [ 9.9566982e-01  4.2492720e-02 -7.9112740e-02 -1.1724700e+03]
 [ 0.0000000e+00  0.0000000e+00  0.0000000e+00  1.0000000e+00]]
[-0126.50, -0037.39, -1109.30]
1953, 1368, 1492
[[-5.8459680e-02  9.7663100e-01 -2.0594596e-01 -3.0080000e+01]
 [ 7.1260600e-02  2.1004070e-01  9.7495420e-01  1.4084000e+02]
 [ 9.9556204e-01  4.2493000e-02 -8.1743620e-02 -1.1724600e+03]
 [ 0.0000000e+00  0.0000000e+00  0.0000000e+00  1.0000000e+00]]
[-0102.71, +0089.20, -1095.18]
1744, 2015, 1958
[[-5.9157060e-02  9.7643650e-01 -2.0660640e-01 -3.0170000e+01]
 [ 7.1066100e-02  2.1076182e-01  9.7480328e-01  1.4092000e+02]
 [ 9.9552200e-01  4.3169280e-02 -8.1719880e-02 -1.1724800e+03]
 [ 0.0000000e+00  0.0000000e+00  0.0000000e+00  1.0000000e+00]]
[-0133.26, +0016.13, -1096.91]
1237, 1730, 903
[[-5.8525000e-02  9.7687550e-01 -2.0500150e-01 -2.9990000e+01]
 [ 6.9882100e-02  2.0899422e-01  9.7531586e-01  1.4085000e+02]
 [ 9.9570470e-01  4.2881140e-02 -8.0401780e-02 -1.1725300e+03]
 [ 0.0000000e+00  0.0000000e+00  0.0000000e+00  1.0000000e+00]]
[-0069.47, -0002.21, -1092.20]
1817, 1450, 1198
[[-5.8345280e-02  9.7665744e-01 -2.0555880e-01 -3.0090000e+01]
 [ 7.0873440e-02  2.0969038e-01  9.7501140e-01  1.4087000e+02]
 [ 9.9553560e-01  4.2550200e-02 -8.1278900e-02 -1.1725000e+03]
 [ 0.0000000e+00  0.0000000e+00  0.0000000e+00  1.0000000e+00]]
[-0077.38, +0069.89, -1089.47]
1632, 1208, 1821
[[-5.9335780e-02  9.7662408e-01 -2.0552564e-01 -3.0110000e+01]
 [ 7.0570320e-02  2.0970550e-01  9.7504476e-01  1.4083000e+02]
 [ 9.9551756e-01  4.3564440e-02 -8.1202720e-02 -1.1724800e+03]
 [ 0.0000000e+00  0.0000000e+00  0.0000000e+00  1.0000000e+00]]
[-0160.97, +0075.82, -1099.23]
1881, 1475, 1446
[[-5.9511120e-02  9.7658272e-01 -2.0572708e-01 -3.0120000e+01]
 [ 7.0146880e-02  2.0989056e-01  9.7504432e-01  1.4087000e+02]
 [ 9.9554852e-01  4.3797280e-02 -8.0842320e-02 -1.1725300e+03]
 [ 0.0000000e+00  0.0000000e+00  0.0000000e+00  1.0000000e+00]]
[-0096.48, +0072.92, -1088.43]
1446, 2018, 1932
[[-5.8692100e-02  9.7643142e-01 -2.0663204e-01 -3.0160000e+01]
 [ 7.0710780e-02  2.1076182e-01  9.7480836e-01  1.4093000e+02]
 [ 9.9554764e-01  4.2813960e-02 -8.1254920e-02 -1.1724700e+03]
 [ 0.0000000e+00  0.0000000e+00  0.0000000e+00  1.0000000e+00]]
[-0143.40, -0004.36, -1104.68]
1293, 1112, 1215
[[-5.8004000e-02  9.7688388e-01 -2.0483316e-01 -2.9930000e+01]
 [ 6.9332760e-02  2.0881880e-01  9.7534912e-01  1.4074000e+02]
 [ 9.9571668e-01  4.2553760e-02 -7.9705360e-02 -1.1724600e+03]
 [ 0.0000000e+00  0.0000000e+00  0.0000000e+00  1.0000000e+00]]
[-0124.56, +0057.85, -1067.51]
2131, 1769, 1925
[[-5.9447080e-02  9.7616440e-01 -2.0716592e-01 -3.0270000e+01]
 [ 7.1000800e-02  2.1147734e-01  9.7455190e-01  1.4096000e+02]
 [ 9.9537608e-01  4.3538300e-02 -8.1644580e-02 -1.1725200e+03]
 [ 0.0000000e+00  0.0000000e+00  0.0000000e+00  1.0000000e+00]]
[-0119.16, +0068.19, -1098.20]
1849, 844, 1405
[[-5.8463460e-02  9.7671492e-01 -2.0495512e-01 -3.0050000e+01]
 [ 7.0867880e-02  2.0915952e-01  9.7507908e-01  1.4079000e+02]
 [ 9.9546792e-01  4.2771880e-02 -8.1226980e-02 -1.1724700e+03]
 [ 0.0000000e+00  0.0000000e+00  0.0000000e+00  1.0000000e+00]]
[-0122.61, +0117.40, -1113.13]
1044, 2051, 1285
[[-5.8695760e-02  9.7657488e-01 -2.0596132e-01 -3.0050000e+01]
 [ 7.0026720e-02  2.1006102e-01  9.7501032e-01  1.4089000e+02]
 [ 9.9559772e-01  4.3015920e-02 -8.0557780e-02 -1.1725100e+03]
 [ 0.0000000e+00  0.0000000e+00  0.0000000e+00  1.0000000e+00]]
[-0101.64, -0038.64, -1118.48]
1042, 1865, 1043
[[-5.8349620e-02  9.7685976e-01 -2.0520776e-01 -3.0000000e+01]
 [ 6.9897840e-02  2.0916960e-01  9.7528992e-01  1.4083000e+02]
 [ 9.9573064e-01  4.2674880e-02 -8.0401780e-02 -1.1725000e+03]
 [ 0.0000000e+00  0.0000000e+00  0.0000000e+00  1.0000000e+00]]
[-0089.65, -0026.69, -1101.94]
1695, 1079, 1874
[[-5.9160480e-02  9.7657980e-01 -2.0593580e-01 -3.0170000e+01]
 [ 7.0382200e-02  2.1006102e-01  9.7500540e-01  1.4085000e+02]
 [ 9.9557220e-01  4.3371400e-02 -8.1022500e-02 -1.1724900e+03]
 [ 0.0000000e+00  0.0000000e+00  0.0000000e+00  1.0000000e+00]]
[-0163.36, +0092.59, -1112.12]
2168, 1547, 1617
[[-5.8341940e-02  9.7648568e-01 -2.0643346e-01 -3.0190000e+01]
 [ 7.1353840e-02  2.1057120e-01  9.7479608e-01  1.4093000e+02]
 [ 9.9551378e-01  4.2361360e-02 -8.1795700e-02 -1.1724900e+03]
 [ 0.0000000e+00  0.0000000e+00  0.0000000e+00  1.0000000e+00]]
[-0095.56, +0085.42, -1102.44]
1143, 833, 1513
[[-5.8292820e-02  9.7678534e-01 -2.0489808e-01 -3.0030000e+01]
 [ 6.9791940e-02  2.0899422e-01  9.7522816e-01  1.4077000e+02]
 [ 9.9560128e-01  4.2793440e-02 -8.0169600e-02 -1.1725100e+03]
 [ 0.0000000e+00  0.0000000e+00  0.0000000e+00  1.0000000e+00]]
[-0177.88, +0071.98, -1090.41]
1240, 1502, 848
[[-5.8174280e-02  9.7687242e-01 -2.0521026e-01 -3.0010000e+01]
 [ 7.0117380e-02  2.0916460e-01  9.7527726e-01  1.4083000e+02]
 [ 9.9572814e-01  4.2455340e-02 -8.0582120e-02 -1.1725000e+03]
 [ 0.0000000e+00  0.0000000e+00  0.0000000e+00  1.0000000e+00]]
[-0069.69, +0013.00, -1080.50]
1978, 1422, 871
[[-5.8052200e-02  9.7666978e-01 -2.0575766e-01 -3.0110000e+01]
 [ 7.1506180e-02  2.0985500e-01  9.7495726e-01  1.4088000e+02]
 [ 9.9554354e-01  4.2082460e-02 -8.1872040e-02 -1.1725100e+03]
 [ 0.0000000e+00  0.0000000e+00  0.0000000e+00  1.0000000e+00]]
[-0044.64, +0075.75, -1117.43]
2045, 1845, 1907
[[-5.9622180e-02  9.7626780e-01 -2.0707588e-01 -3.0260000e+01]
 [ 7.0897400e-02  2.1130224e-01  9.7466820e-01  1.4097000e+02]
 [ 9.9546612e-01  4.3654600e-02 -8.1644580e-02 -1.1725200e+03]
 [ 0.0000000e+00  0.0000000e+00  0.0000000e+00  1.0000000e+00]]
[-0118.82, +0056.40, -1094.80]
2019, 1475, 958
[[-5.8463460e-02  9.7665792e-01 -2.0536268e-01 -3.0060000e+01]
 [ 7.0460320e-02  2.0952024e-01  9.7505268e-01  1.4084000e+02]
 [ 9.9552492e-01  4.2798280e-02 -8.0866260e-02 -1.1725400e+03]
 [ 0.0000000e+00  0.0000000e+00  0.0000000e+00  1.0000000e+00]]
[-0049.90, +0075.45, -1114.45]
978, 808, 2022
[[-5.8989480e-02  9.7673584e-01 -2.0526760e-01 -3.0060000e+01]
 [ 6.9917840e-02  2.0935478e-01  9.7519430e-01  1.4076000e+02]
 [ 9.9562000e-01  4.3353500e-02 -8.0505700e-02 -1.1724500e+03]
 [ 0.0000000e+00  0.0000000e+00  0.0000000e+00  1.0000000e+00]]
[-0212.20, +0056.97, -1147.65]
1650, 1933, 970
[[-5.7762660e-02  9.7653558e-01 -2.0586804e-01 -3.0080000e+01]
 [ 7.0814940e-02  2.1004070e-01  9.7487188e-01  1.4090000e+02]
 [ 9.9548412e-01  4.2049960e-02 -8.1046600e-02 -1.1725200e+03]
 [ 0.0000000e+00  0.0000000e+00  0.0000000e+00  1.0000000e+00]]
[-0049.52, +0015.50, -1110.15]
1759, 1650, 1815
[[-5.9042420e-02  9.7657932e-01 -2.0613180e-01 -3.0160000e+01]
 [ 7.0795320e-02  2.1023128e-01  9.7496400e-01  1.4090000e+02]
 [ 9.9558300e-01  4.3123200e-02 -8.1435140e-02 -1.1724900e+03]
 [ 0.0000000e+00  0.0000000e+00  0.0000000e+00  1.0000000e+00]]
[-0135.10, +0054.04, -1089.11]
1370, 806, 1567
[[-5.7998980e-02  9.7679744e-01 -2.0509670e-01 -3.0000000e+01]
 [ 7.0424560e-02  2.0915952e-01  9.7517440e-01  1.4077000e+02]
 [ 9.9560950e-01  4.2326000e-02 -8.0762500e-02 -1.1724700e+03]
 [ 0.0000000e+00  0.0000000e+00  0.0000000e+00  1.0000000e+00]]
[-0167.72, +0093.17, -1099.84]
1390, 1051, 1140
[[-5.8349620e-02  9.7677208e-01 -2.0509166e-01 -3.0030000e+01]
 [ 6.9985520e-02  2.0916960e-01  9.7519976e-01  1.4077000e+02]
 [ 9.9561454e-01  4.2765040e-02 -8.0401780e-02 -1.1725200e+03]
 [ 0.0000000e+00  0.0000000e+00  0.0000000e+00  1.0000000e+00]]
[-0112.95, +0071.03, -1069.95]
1966, 1130, 1058
[[-5.8406500e-02  9.7673036e-01 -2.0548902e-01 -2.9980000e+01]
 [ 6.9975320e-02  2.0952524e-01  9.7515804e-01  1.4083000e+02]
 [ 9.9565626e-01  4.2749880e-02 -8.0453700e-02 -1.1724700e+03]
 [ 0.0000000e+00  0.0000000e+00  0.0000000e+00  1.0000000e+00]]
[-0070.76, +0102.21, -1110.08]
1887, 2045, 1565
[[-5.8520500e-02  9.7644290e-01 -2.0625520e-01 -3.0050000e+01]
 [ 6.9926380e-02  2.1041646e-01  9.7488080e-01  1.4095000e+02]
 [ 9.9553616e-01  4.2913120e-02 -8.0377600e-02 -1.1724700e+03]
 [ 0.0000000e+00  0.0000000e+00  0.0000000e+00  1.0000000e+00]]
[-0087.77, +0023.07, -1095.71]
1116, 1953, 2080
[[-5.9042420e-02  9.7637724e-01 -2.0683086e-01 -3.0200000e+01]
 [ 7.0067640e-02  2.1095192e-01  9.7482052e-01  1.4087000e+02]
 [ 9.9558126e-01  4.3266680e-02 -8.0714500e-02 -1.1725000e+03]
 [ 0.0000000e+00  0.0000000e+00  0.0000000e+00  1.0000000e+00]]
[-0168.12, -0015.26, -1129.16]
1723, 2031, 1255
[[-5.8109520e-02  9.7659924e-01 -2.0635872e-01 -3.0100000e+01]
 [ 7.1292360e-02  2.1039086e-01  9.7490216e-01  1.4094000e+02]
 [ 9.9561408e-01  4.2080240e-02 -8.1743620e-02 -1.1725000e+03]
 [ 0.0000000e+00  0.0000000e+00  0.0000000e+00  1.0000000e+00]]
[-0066.89, +0013.94, -1102.59]
1292, 1271, 2096
[[-5.9335780e-02  9.7653846e-01 -2.0613722e-01 -3.0150000e+01]
 [ 6.9958740e-02  2.1024604e-01  9.7500486e-01  1.4083000e+02]
 [ 9.9560318e-01  4.3604340e-02 -8.0662180e-02 -1.1724900e+03]
 [ 0.0000000e+00  0.0000000e+00  0.0000000e+00  1.0000000e+00]]
[-0193.95, +0045.50, -1122.35]
815, 1454, 1953
[[-5.8174280e-02  9.7672788e-01 -2.0550168e-01 -3.0000000e+01]
 [ 6.9797520e-02  2.0952524e-01  9.7516052e-01  1.4082000e+02]
 [ 9.9566892e-01  4.2572080e-02 -8.0221480e-02 -1.1724800e+03]
 [ 0.0000000e+00  0.0000000e+00  0.0000000e+00  1.0000000e+00]]
[-0191.76, -0006.86, -1133.35]
1033, 1138, 1522
[[-5.8174280e-02  9.7666866e-01 -2.0518182e-01 -3.0000000e+01]
 [ 7.0088940e-02  2.0934494e-01  9.7508366e-01  1.4080000e+02]
 [ 9.9552438e-01  4.2648940e-02 -8.0401780e-02 -1.1724800e+03]
 [ 0.0000000e+00  0.0000000e+00  0.0000000e+00  1.0000000e+00]]
[-0170.38, +0032.25, -1082.02]
1888, 1089, 980
[[-5.8463460e-02  9.7680256e-01 -2.0507126e-01 -3.0050000e+01]
 [ 7.0780240e-02  2.0915952e-01  9.7516928e-01  1.4082000e+02]
 [ 9.9558406e-01  4.2681680e-02 -8.1226980e-02 -1.1725400e+03]
 [ 0.0000000e+00  0.0000000e+00  0.0000000e+00  1.0000000e+00]]
[-0067.79, +0101.53, -1107.70]
1310, 1032, 2109
[[-5.8520500e-02  9.7661614e-01 -2.0576002e-01 -3.0140000e+01]
 [ 7.0450100e-02  2.0987580e-01  9.7501090e-01  1.4082000e+02]
 [ 9.9556670e-01  4.2783020e-02 -8.0918260e-02 -1.1724500e+03]
 [ 0.0000000e+00  0.0000000e+00  0.0000000e+00  1.0000000e+00]]
[-0198.73, +0063.71, -1133.87]
1795, 1363, 1992
[[-5.8985220e-02  9.7656402e-01 -2.0614210e-01 -3.0160000e+01]
 [ 7.0397980e-02  2.1023628e-01  9.7497930e-01  1.4088000e+02]
 [ 9.9559830e-01  4.3165100e-02 -8.1022500e-02 -1.1725100e+03]
 [ 0.0000000e+00  0.0000000e+00  0.0000000e+00  1.0000000e+00]]
[-0155.98, +0077.58, -1104.85]
1757, 1993, 1097
[[-5.8402440e-02  9.7652804e-01 -2.0583996e-01 -3.0060000e+01]
 [ 7.0950840e-02  2.1004590e-01  9.7487942e-01  1.4091000e+02]
 [ 9.9546124e-01  4.2625020e-02 -8.1330900e-02 -1.1725100e+03]
 [ 0.0000000e+00  0.0000000e+00  0.0000000e+00  1.0000000e+00]]
[-0054.98, +0018.58, -1108.80]
1517, 830, 1928
[[-5.9103400e-02  9.7670928e-01 -2.0565464e-01 -3.0120000e+01]
 [ 7.0304880e-02  2.0970550e-01  9.7513734e-01  1.4079000e+02]
 [ 9.9564656e-01  4.3296540e-02 -8.0970340e-02 -1.1724600e+03]
 [ 0.0000000e+00  0.0000000e+00  0.0000000e+00  1.0000000e+00]]
[-0182.49, +0095.14, -1130.68]
1677, 2131, 1880
[[-5.9389600e-02  9.7641032e-01 -2.0679736e-01 -3.0170000e+01]
 [ 7.1039920e-02  2.1094200e-01  9.7478744e-01  1.4096000e+02]
 [ 9.9553784e-01  4.3360240e-02 -8.1772240e-02 -1.1725000e+03]
 [ 0.0000000e+00  0.0000000e+00  0.0000000e+00  1.0000000e+00]]
[-0120.93, +0005.10, -1099.34]
1489, 1718, 2024
[[-5.8810000e-02  9.7657680e-01 -2.0614460e-01 -3.0130000e+01]
 [ 7.0617600e-02  2.1023128e-01  9.7496652e-01  1.4086000e+02]
 [ 9.9559580e-01  4.2945480e-02 -8.1202720e-02 -1.1724500e+03]
 [ 0.0000000e+00  0.0000000e+00  0.0000000e+00  1.0000000e+00]]
[-0166.49, +0024.71, -1102.96]
1629, 938, 2003
[[-5.9217640e-02  9.7662370e-01 -2.0572162e-01 -3.0130000e+01]
 [ 7.0983380e-02  2.0987580e-01  9.7500334e-01  1.4083000e+02]
 [ 9.9552830e-01  4.3316300e-02 -8.1615400e-02 -1.1724600e+03]
 [ 0.0000000e+00  0.0000000e+00  0.0000000e+00  1.0000000e+00]]
[-0177.36, +0095.19, -1130.05]
1711, 853, 2058
[[-5.9682600e-02  9.7642656e-01 -2.0639508e-01 -3.0210000e+01]
 [ 7.0611000e-02  2.1059660e-01  9.7485520e-01  1.4086000e+02]
 [ 9.9550080e-01  4.3814920e-02 -8.1359560e-02 -1.1724900e+03]
 [ 0.0000000e+00  0.0000000e+00  0.0000000e+00  1.0000000e+00]]
[-0176.24, +0101.71, -1142.69]
865, 1783, 1115
[[-5.8468240e-02  9.7668760e-01 -2.0550704e-01 -2.9950000e+01]
 [ 6.8961040e-02  2.0953976e-01  9.7520080e-01  1.4085000e+02]
 [ 9.9568880e-01  4.3052960e-02 -7.9448640e-02 -1.1725300e+03]
 [ 0.0000000e+00  0.0000000e+00  0.0000000e+00  1.0000000e+00]]
[-0107.48, -0039.59, -1105.24]
1178, 2183, 965
[[-5.8345280e-02  9.7651272e-01 -2.0585016e-01 -3.0020000e+01]
 [ 7.0553520e-02  2.1005102e-01  9.7489474e-01  1.4094000e+02]
 [ 9.9547656e-01  4.2666860e-02 -8.0918260e-02 -1.1725300e+03]
 [ 0.0000000e+00  0.0000000e+00  0.0000000e+00  1.0000000e+00]]
[-0067.58, -0029.75, -1132.32]
1006, 1063, 980
[[-5.7890880e-02  9.7705472e-01 -2.0415440e-01 -2.9870000e+01]
 [ 6.9265280e-02  2.0810712e-01  9.7552240e-01  1.4074000e+02]
 [ 9.9574960e-01  4.2493600e-02 -7.9602000e-02 -1.1724700e+03]
 [ 0.0000000e+00  0.0000000e+00  0.0000000e+00  1.0000000e+00]]
[-0119.08, +0031.73, -1058.54]
1008, 976, 1659
[[-5.8468240e-02  9.7688876e-01 -2.0480792e-01 -2.9960000e+01]
 [ 6.9688520e-02  2.0881880e-01  9.7534424e-01  1.4073000e+02]
 [ 9.9569144e-01  4.2909520e-02 -8.0169600e-02 -1.1724300e+03]
 [ 0.0000000e+00  0.0000000e+00  0.0000000e+00  1.0000000e+00]]
[-0192.44, +0045.39, -1099.54]
992, 1976, 1889
[[-5.8463460e-02  9.7642778e-01 -2.0626544e-01 -3.0010000e+01]
 [ 6.9529060e-02  2.1042134e-01  9.7489592e-01  1.4083000e+02]
 [ 9.9555128e-01  4.2955040e-02 -7.9965160e-02 -1.1724200e+03]
 [ 0.0000000e+00  0.0000000e+00  0.0000000e+00  1.0000000e+00]]
[-0157.81, -0029.30, -1130.68]
1347, 1422, 1250
[[-5.7828580e-02  9.7689646e-01 -2.0483562e-01 -2.9900000e+01]
 [ 6.9552260e-02  2.0881388e-01  9.7533654e-01  1.4077000e+02]
 [ 9.9571422e-01  4.2334260e-02 -7.9885700e-02 -1.1724500e+03]
 [ 0.0000000e+00  0.0000000e+00  0.0000000e+00  1.0000000e+00]]
[-0109.86, +0033.28, -1071.24]
1704, 1078, 947
[[-5.8468240e-02  9.7680104e-01 -2.0469184e-01 -2.9940000e+01]
 [ 6.9776240e-02  2.0881880e-01  9.7525408e-01  1.4074000e+02]
 [ 9.9557536e-01  4.2999680e-02 -8.0169600e-02 -1.1725100e+03]
 [ 0.0000000e+00  0.0000000e+00  0.0000000e+00  1.0000000e+00]]
[-0072.96, +0091.52, -1091.81]
1539, 2046, 1788
[[-5.8810000e-02  9.7657680e-01 -2.0614460e-01 -3.0060000e+01]
 [ 7.0617600e-02  2.1023128e-01  9.7496652e-01  1.4087000e+02]
 [ 9.9559580e-01  4.2945480e-02 -8.1202720e-02 -1.1724700e+03]
 [ 0.0000000e+00  0.0000000e+00  0.0000000e+00  1.0000000e+00]]
[-0125.73, -0002.47, -1098.65]
979, 1564, 2064
[[-5.8989480e-02  9.7656282e-01 -2.0576298e-01 -3.0050000e+01]
 [ 6.9394020e-02  2.0989532e-01  9.7506422e-01  1.4075000e+02]
 [ 9.9558918e-01  4.3483580e-02 -7.9965160e-02 -1.1724700e+03]
 [ 0.0000000e+00  0.0000000e+00  0.0000000e+00  1.0000000e+00]]
[-0190.78, +0000.21, -1132.44]
2080, 2066, 1256
[[-5.8456900e-02  9.7645916e-01 -2.0682062e-01 -3.0120000e+01]
 [ 7.1741000e-02  2.1092120e-01  9.7473860e-01  1.4102000e+02]
 [ 9.9554030e-01  4.2303880e-02 -8.2260660e-02 -1.1725200e+03]
 [ 0.0000000e+00  0.0000000e+00  0.0000000e+00  1.0000000e+00]]
[-0058.53, +0036.85, -1112.30]
1665, 1635, 1736
[[-5.8463460e-02  9.7662942e-01 -2.0556646e-01 -3.0060000e+01]
 [ 7.0256540e-02  2.0970054e-01  9.7503942e-01  1.4083000e+02]
 [ 9.9555342e-01  4.2811540e-02 -8.0685960e-02 -1.1724600e+03]
 [ 0.0000000e+00  0.0000000e+00  0.0000000e+00  1.0000000e+00]]
[-0136.98, +0042.28, -1085.79]
1004, 2125, 1500
[[-5.8406500e-02  9.7678956e-01 -2.0580892e-01 -2.9970000e+01]
 [ 6.9683880e-02  2.0970550e-01  9.7523484e-01  1.4089000e+02]
 [ 9.9580084e-01  4.2673080e-02 -8.0273440e-02 -1.1724800e+03]
 [ 0.0000000e+00  0.0000000e+00  0.0000000e+00  1.0000000e+00]]
[-0118.14, -0041.40, -1127.09]
2016, 1696, 2036
[[-5.8981960e-02  9.7647808e-01 -2.0640516e-01 -3.0170000e+01]
 [ 7.1489560e-02  2.1057644e-01  9.7480368e-01  1.4098000e+02]
 [ 9.9549072e-01  4.2936360e-02 -8.2080360e-02 -1.1724400e+03]
 [ 0.0000000e+00  0.0000000e+00  0.0000000e+00  1.0000000e+00]]
[-0138.37, +0070.82, -1101.34]
1802, 1703, 1808
[[-5.8638760e-02  9.7667588e-01 -2.0588392e-01 -3.0020000e+01]
 [ 6.9745520e-02  2.0988572e-01  9.7512892e-01  1.4082000e+02]
 [ 9.9570052e-01  4.2954320e-02 -8.0325480e-02 -1.1724500e+03]
 [ 0.0000000e+00  0.0000000e+00  0.0000000e+00  1.0000000e+00]]
[-0130.06, +0049.63, -1088.41]
1704, 1305, 1893
[[-5.8695760e-02  9.7657488e-01 -2.0596132e-01 -3.0050000e+01]
 [ 7.0026720e-02  2.1006102e-01  9.7501032e-01  1.4081000e+02]
 [ 9.9559772e-01  4.3015920e-02 -8.0557780e-02 -1.1724300e+03]
 [ 0.0000000e+00  0.0000000e+00  0.0000000e+00  1.0000000e+00]]
[-0160.10, +0072.37, -1100.62]
2121, 1626, 1319
[[-5.8341940e-02  9.7651438e-01 -2.0622972e-01 -3.0070000e+01]
 [ 7.1557580e-02  2.1039086e-01  9.7480932e-01  1.4091000e+02]
 [ 9.9548508e-01  4.2348120e-02 -8.1976040e-02 -1.1724700e+03]
 [ 0.0000000e+00  0.0000000e+00  0.0000000e+00  1.0000000e+00]]
[-0069.76, +0075.00, -1104.97]
2182, 1945, 1186
[[-5.7932200e-02  9.7649768e-01 -2.0682884e-01 -3.0090000e+01]
 [ 7.2400040e-02  2.1090476e-01  9.7470008e-01  1.4100000e+02]
 [ 9.9553208e-01  4.1644840e-02 -8.2801800e-02 -1.1724800e+03]
 [ 0.0000000e+00  0.0000000e+00  0.0000000e+00  1.0000000e+00]]
[-0054.68, +0052.06, -1115.78]
1100, 1582, 1441
[[-5.7823720e-02  9.7663706e-01 -2.0559434e-01 -2.9970000e+01]
 [ 7.0120540e-02  2.0969550e-01  9.7503178e-01  1.4081000e+02]
 [ 9.9557626e-01  4.2236420e-02 -8.0401780e-02 -1.1724400e+03]
 [ 0.0000000e+00  0.0000000e+00  0.0000000e+00  1.0000000e+00]]
[-0138.18, -0002.09, -1083.36]
1989, 1496, 1763
[[-5.9099700e-02  9.7647846e-01 -2.0620908e-01 -3.0110000e+01]
 [ 7.1076420e-02  2.1040646e-01  9.7484524e-01  1.4087000e+02]
 [ 9.9548004e-01  4.3184680e-02 -8.1667600e-02 -1.1724500e+03]
 [ 0.0000000e+00  0.0000000e+00  0.0000000e+00  1.0000000e+00]]
[-0122.70, +0082.85, -1097.09]
811, 1978, 1377
[[-5.7828580e-02  9.7672374e-01 -2.0533080e-01 -2.9880000e+01]
 [ 6.9028740e-02  2.0935478e-01  9.7520640e-01  1.4083000e+02]
 [ 9.9568320e-01  4.2464400e-02 -7.9344800e-02 -1.1724600e+03]
 [ 0.0000000e+00  0.0000000e+00  0.0000000e+00  1.0000000e+00]]
[-0124.16, -0048.45, -1129.15]
1363, 997, 2098
[[-5.8402440e-02  9.7652804e-01 -2.0583996e-01 -3.0050000e+01]
 [ 7.0950840e-02  2.1004590e-01  9.7487942e-01  1.4079000e+02]
 [ 9.9546124e-01  4.2625020e-02 -8.1330900e-02 -1.1723900e+03]
 [ 0.0000000e+00  0.0000000e+00  0.0000000e+00  1.0000000e+00]]
[-0195.75, +0071.33, -1134.11]
833, 2127, 888
[[-5.7364500e-02  9.7677550e-01 -2.0494840e-01 -2.9830000e+01]
 [ 6.9080500e-02  2.0899422e-01  9.7523800e-01  1.4082000e+02]
 [ 9.9565160e-01  4.2082000e-02 -7.9241280e-02 -1.1724600e+03]
 [ 0.0000000e+00  0.0000000e+00  0.0000000e+00  1.0000000e+00]]
[-0078.45, -0047.41, -1145.07]
1025, 1626, 1286
[[-5.7828580e-02  9.7692480e-01 -2.0463188e-01 -2.9900000e+01]
 [ 6.9756000e-02  2.0863350e-01  9.7534980e-01  1.4073000e+02]
 [ 9.9568588e-01  4.2321000e-02 -8.0066080e-02 -1.1724400e+03]
 [ 0.0000000e+00  0.0000000e+00  0.0000000e+00  1.0000000e+00]]
[-0123.45, -0011.60, -1083.61]
1062, 1188, 850
[[-5.6844100e-02  9.7712872e-01 -2.0378954e-01 -2.9810000e+01]
 [ 6.9577600e-02  2.0773616e-01  9.7553128e-01  1.4066000e+02]
 [ 9.9572570e-01  4.1494400e-02 -7.9628100e-02 -1.1723900e+03]
 [ 0.0000000e+00  0.0000000e+00  0.0000000e+00  1.0000000e+00]]
[-0093.53, +0023.62, -1062.81]
1561, 1183, 1151
[[-5.7715380e-02  9.7695128e-01 -2.0424460e-01 -2.9900000e+01]
 [ 6.9368720e-02  2.0828262e-01  9.7540640e-01  1.4072000e+02]
 [ 9.9565940e-01  4.2377600e-02 -7.9602000e-02 -1.1724500e+03]
 [ 0.0000000e+00  0.0000000e+00  0.0000000e+00  1.0000000e+00]]
[-0097.34, +0073.68, -1076.61]
1344, 890, 836
[[-5.7082500e-02  9.7718990e-01 -2.0371670e-01 -2.9810000e+01]
 [ 6.8459900e-02  2.0757558e-01  9.7568950e-01  1.4065000e+02]
 [ 9.9584830e-01  4.1912500e-02 -7.8622920e-02 -1.1724200e+03]
 [ 0.0000000e+00  0.0000000e+00  0.0000000e+00  1.0000000e+00]]
[-0089.51, +0082.16, -1070.44]
1465, 885, 1827
[[-5.8292820e-02  9.7675696e-01 -2.0510186e-01 -2.9980000e+01]
 [ 6.9588160e-02  2.0917452e-01  9.7521488e-01  1.4074000e+02]
 [ 9.9562966e-01  4.2806720e-02 -7.9989300e-02 -1.1724300e+03]
 [ 0.0000000e+00  0.0000000e+00  0.0000000e+00  1.0000000e+00]]
[-0178.42, +0091.62, -1117.84]
1563, 1209, 1294
[[-5.7709960e-02  9.7689578e-01 -2.0503178e-01 -2.9940000e+01]
 [ 6.9965420e-02  2.0898422e-01  9.7529558e-01  1.4077000e+02]
 [ 9.9572498e-01  4.2086380e-02 -8.0298180e-02 -1.1724500e+03]
 [ 0.0000000e+00  0.0000000e+00  0.0000000e+00  1.0000000e+00]]
[-0110.80, +0071.89, -1076.54]
2021, 1830, 1375
[[-5.7877140e-02  9.7648040e-01 -2.0645898e-01 -3.0090000e+01]
 [ 7.0998480e-02  2.1057120e-01  9.7480136e-01  1.4088000e+02]
 [ 9.9553930e-01  4.2006000e-02 -8.1330900e-02 -1.1724600e+03]
 [ 0.0000000e+00  0.0000000e+00  0.0000000e+00  1.0000000e+00]]
[-0070.29, +0052.99, -1099.54]
1262, 1507, 822
[[-5.7885300e-02  9.7691156e-01 -2.0482552e-01 -2.9890000e+01]
 [ 6.9949640e-02  2.0880888e-01  9.7532144e-01  1.4074000e+02]
 [ 9.9569912e-01  4.2292640e-02 -8.0298180e-02 -1.1724600e+03]
 [ 0.0000000e+00  0.0000000e+00  0.0000000e+00  1.0000000e+00]]
[-0066.06, +0014.90, -1082.42]
2053, 1801, 1425
[[-5.7119860e-02  9.7648710e-01 -2.0668340e-01 -3.0100000e+01]
 [ 7.1276100e-02  2.1073542e-01  9.7475268e-01  1.4088000e+02]
 [ 9.9557260e-01  4.1182680e-02 -8.1459280e-02 -1.1724500e+03]
 [ 0.0000000e+00  0.0000000e+00  0.0000000e+00  1.0000000e+00]]
[-0074.62, +0058.16, -1098.73]
2063, 896, 2167
[[-6.3936640e-02  9.7486152e-01 -2.1252584e-01 -3.0890000e+01]
 [ 7.3084560e-02  2.1716430e-01  9.7324788e-01  1.4124000e+02]
 [ 9.9507832e-01  4.6880760e-02 -8.4992500e-02 -1.1723700e+03]
 [ 0.0000000e+00  0.0000000e+00  0.0000000e+00  1.0000000e+00]]
[-0158.33, +0108.34, -1143.70]
1361, 1747, 2118
[[-5.8922020e-02  9.7626176e-01 -2.0749368e-01 -3.0150000e+01]
 [ 7.1368640e-02  2.1164216e-01  9.7458996e-01  1.4098000e+02]
 [ 9.9551352e-01  4.2802440e-02 -8.2004820e-02 -1.1724100e+03]
 [ 0.0000000e+00  0.0000000e+00  0.0000000e+00  1.0000000e+00]]
[-0171.43, +0012.97, -1111.22]
1896, 1615, 1414
[[-5.8224400e-02  9.7645648e-01 -2.0683344e-01 -3.0120000e+01]
 [ 7.1563360e-02  2.1092120e-01  9.7474128e-01  1.4097000e+02]
 [ 9.9555312e-01  4.2126240e-02 -8.2028160e-02 -1.1724400e+03]
 [ 0.0000000e+00  0.0000000e+00  0.0000000e+00  1.0000000e+00]]
[-0087.58, +0064.10, -1089.56]
1712, 1903, 1103
[[-5.7877140e-02  9.7645174e-01 -2.0666268e-01 -3.0050000e+01]
 [ 7.0794780e-02  2.1075150e-01  9.7478804e-01  1.4097000e+02]
 [ 9.9556796e-01  4.2019320e-02 -8.1150600e-02 -1.1724300e+03]
 [ 0.0000000e+00  0.0000000e+00  0.0000000e+00  1.0000000e+00]]
[-0060.06, +0019.34, -1101.61]
1310, 1450, 1692
[[-5.8402440e-02  9.7629746e-01 -2.0674258e-01 -3.0090000e+01]
 [ 7.0019620e-02  2.1094700e-01  9.7472266e-01  1.4092000e+02]
 [ 9.9548806e-01  4.2781780e-02 -8.0429800e-02 -1.1724500e+03]
 [ 0.0000000e+00  0.0000000e+00  0.0000000e+00  1.0000000e+00]]
[-0157.65, +0028.51, -1086.05]
1415, 1901, 1399
[[-5.8631880e-02  9.7647508e-01 -2.0661420e-01 -3.0070000e+01]
 [ 7.1725080e-02  2.1074622e-01  9.7476470e-01  1.4097000e+02]
 [ 9.9551420e-01  4.2510300e-02 -8.2260660e-02 -1.1724100e+03]
 [ 0.0000000e+00  0.0000000e+00  0.0000000e+00  1.0000000e+00]]
[-0098.07, -0000.98, -1090.20]
1932, 1961, 887
[[-5.8164740e-02  9.7638420e-01 -2.0690340e-01 -3.0080000e+01]
 [ 7.2461400e-02  2.1108518e-01  9.7459388e-01  1.4107000e+02]
 [ 9.9543180e-01  4.1925880e-02 -8.2853920e-02 -1.1724800e+03]
 [ 0.0000000e+00  0.0000000e+00  0.0000000e+00  1.0000000e+00]]
[-0040.03, +0033.22, -1125.22]
1510, 1861, 1640
[[-5.8517000e-02  9.7644420e-01 -2.0663460e-01 -3.0100000e+01]
 [ 7.0930440e-02  2.1075670e-01  9.7479558e-01  1.4094000e+02]
 [ 9.9554508e-01  4.2594300e-02 -8.1435140e-02 -1.1724200e+03]
 [ 0.0000000e+00  0.0000000e+00  0.0000000e+00  1.0000000e+00]]
[-0124.15, +0011.23, -1087.96]
1586, 1471, 1799
[[-5.8749460e-02  9.7633054e-01 -2.0670934e-01 -3.0110000e+01]
 [ 7.0991860e-02  2.1093692e-01  9.7468958e-01  1.4092000e+02]
 [ 9.9544474e-01  4.2875380e-02 -8.1487380e-02 -1.1724200e+03]
 [ 0.0000000e+00  0.0000000e+00  0.0000000e+00  1.0000000e+00]]
[-0151.51, +0051.90, -1089.25]
1829, 973, 1305
[[-5.8577620e-02  9.7671904e-01 -2.0586598e-01 -3.0030000e+01]
 [ 7.0759840e-02  2.0987072e-01  9.7508576e-01  1.4087000e+02]
 [ 9.9566758e-01  4.2651040e-02 -8.1330900e-02 -1.1724400e+03]
 [ 0.0000000e+00  0.0000000e+00  0.0000000e+00  1.0000000e+00]]
[-0108.38, +0110.52, -1102.21]
1869, 1911, 1962
[[-5.8164740e-02  9.7629762e-01 -2.0751450e-01 -3.0190000e+01]
 [ 7.1850300e-02  2.1162620e-01  9.7455410e-01  1.4101000e+02]
 [ 9.9551838e-01  4.1965660e-02 -8.2312900e-02 -1.1724300e+03]
 [ 0.0000000e+00  0.0000000e+00  0.0000000e+00  1.0000000e+00]]
[-0130.49, +0038.09, -1093.70]
2081, 1970, 2127
[[-5.9095300e-02  9.7610532e-01 -2.0816166e-01 -3.0260000e+01]
 [ 7.1832840e-02  2.1234700e-01  9.7439988e-01  1.4103000e+02]
 [ 9.9546618e-01  4.2819240e-02 -8.2522660e-02 -1.1724600e+03]
 [ 0.0000000e+00  0.0000000e+00  0.0000000e+00  1.0000000e+00]]
[-0131.59, +0049.51, -1100.35]
1017, 883, 1613
[[-5.8288200e-02  9.7655452e-01 -2.0545284e-01 -2.9960000e+01]
 [ 7.0563720e-02  2.0969550e-01  9.7493654e-01  1.4083000e+02]
 [ 9.9543476e-01  4.2682140e-02 -8.0866260e-02 -1.1724000e+03]
 [ 0.0000000e+00  0.0000000e+00  0.0000000e+00  1.0000000e+00]]
[-0190.12, +0055.42, -1096.69]
1759, 1502, 2105
[[-5.8864420e-02  9.7615884e-01 -2.0738766e-01 -3.0200000e+01]
 [ 7.1058840e-02  2.1164732e-01  9.7451532e-01  1.4096000e+02]
 [ 9.9541266e-01  4.2934680e-02 -8.1592100e-02 -1.1724500e+03]
 [ 0.0000000e+00  0.0000000e+00  0.0000000e+00  1.0000000e+00]]
[-0164.69, +0063.79, -1107.50]
2118, 1014, 1025
[[-5.8924560e-02  9.7654868e-01 -2.0580404e-01 -3.0090000e+01]
 [ 7.1703640e-02  2.1004070e-01  9.7485878e-01  1.4091000e+02]
 [ 9.9542012e-01  4.2938660e-02 -8.2208500e-02 -1.1724600e+03]
 [ 0.0000000e+00  0.0000000e+00  0.0000000e+00  1.0000000e+00]]
[-0069.42, +0113.87, -1130.12]
1098, 1242, 1727
[[-5.8227300e-02  9.7648358e-01 -2.0625004e-01 -3.0060000e+01]
 [ 7.0762940e-02  2.1040134e-01  9.7484012e-01  1.4090000e+02]
 [ 9.9551588e-01  4.2431960e-02 -8.1150600e-02 -1.1724100e+03]
 [ 0.0000000e+00  0.0000000e+00  0.0000000e+00  1.0000000e+00]]
[-0181.11, +0028.90, -1096.13]
1604, 1483, 1818
[[-5.9214500e-02  9.7653948e-01 -2.0671236e-01 -3.0120000e+01]
 [ 7.1375880e-02  2.1075670e-01  9.7487796e-01  1.4095000e+02]
 [ 9.9562284e-01  4.3037160e-02 -8.2132640e-02 -1.1724200e+03]
 [ 0.0000000e+00  0.0000000e+00  0.0000000e+00  1.0000000e+00]]
[-0149.58, +0052.42, -1089.49]
1527, 1671, 1513
[[-5.8752840e-02  9.7641680e-01 -2.0644628e-01 -3.0050000e+01]
 [ 6.9900280e-02  2.1059660e-01  9.7486496e-01  1.4093000e+02]
 [ 9.9555200e-01  4.3104200e-02 -8.0429800e-02 -1.1724700e+03]
 [ 0.0000000e+00  0.0000000e+00  0.0000000e+00  1.0000000e+00]]
[-0115.77, +0027.72, -1079.96]
1677, 1846, 1449
[[-5.7817000e-02  9.7646656e-01 -2.0684892e-01 -3.0080000e+01]
 [ 7.1605400e-02  2.1091580e-01  9.7473120e-01  1.4097000e+02]
 [ 9.9556320e-01  4.1728920e-02 -8.1976040e-02 -1.1724300e+03]
 [ 0.0000000e+00  0.0000000e+00  0.0000000e+00  1.0000000e+00]]
[-0091.39, +0025.23, -1087.00]
1140, 918, 1037
[[-5.7998980e-02  9.7668134e-01 -2.0518434e-01 -2.9950000e+01]
 [ 7.0308460e-02  2.0933990e-01  9.7507098e-01  1.4084000e+02]
 [ 9.9552186e-01  4.2429420e-02 -8.0582120e-02 -1.1724200e+03]
 [ 0.0000000e+00  0.0000000e+00  0.0000000e+00  1.0000000e+00]]
[-0125.06, +0062.25, -1061.31]
850, 2147, 2187
[[-5.7066000e-02  9.7641364e-01 -2.0672052e-01 -3.0010000e+01]
 [ 6.9467160e-02  2.1076182e-01  9.7482614e-01  1.4088000e+02]
 [ 9.9563612e-01  4.1570340e-02 -7.9628820e-02 -1.1724300e+03]
 [ 0.0000000e+00  0.0000000e+00  0.0000000e+00  1.0000000e+00]]
[-0138.42, -0042.78, -1142.90]
1480, 1242, 2135
[[-5.8402440e-02  9.7661562e-01 -2.0595614e-01 -3.0050000e+01]
 [ 7.0863260e-02  2.1004590e-01  9.7496958e-01  1.4082000e+02]
 [ 9.9557742e-01  4.2534860e-02 -8.1330900e-02 -1.1724300e+03]
 [ 0.0000000e+00  0.0000000e+00  0.0000000e+00  1.0000000e+00]]
[-0156.24, +0065.77, -1089.13]
1911, 1950, 1145
[[-5.7934500e-02  9.7643840e-01 -2.0685630e-01 -3.0110000e+01]
 [ 7.0988400e-02  2.1092652e-01  9.7475936e-01  1.4095000e+02]
 [ 9.9558130e-01  4.1990640e-02 -8.1382980e-02 -1.1724800e+03]
 [ 0.0000000e+00  0.0000000e+00  0.0000000e+00  1.0000000e+00]]
[-0101.34, +0037.72, -1091.46]
1514, 1935, 1870
[[-5.7705540e-02  9.7652226e-01 -2.0660534e-01 -3.0050000e+01]
 [ 6.9718940e-02  2.1058668e-01  9.7493718e-01  1.4087000e+02]
 [ 9.9570114e-01  4.2041780e-02 -8.0093220e-02 -1.1724800e+03]
 [ 0.0000000e+00  0.0000000e+00  0.0000000e+00  1.0000000e+00]]
[-0124.22, +0002.62, -1093.04]
1501, 1212, 1518
[[-5.8288200e-02  9.7658510e-01 -2.0597650e-01 -3.0010000e+01]
 [ 7.0068580e-02  2.1005606e-01  9.7500010e-01  1.4080000e+02]
 [ 9.9560794e-01  4.2618580e-02 -8.0505700e-02 -1.1724600e+03]
 [ 0.0000000e+00  0.0000000e+00  0.0000000e+00  1.0000000e+00]]
[-0158.83, +0065.57, -1090.24]
2111, 906, 1156
[[-5.9677800e-02  9.7616880e-01 -2.0753200e-01 -3.0250000e+01]
 [ 7.2182240e-02  2.1181710e-01  9.7446318e-01  1.4102000e+02]
 [ 9.9537168e-01  4.3396300e-02 -8.2935540e-02 -1.1724500e+03]
 [ 0.0000000e+00  0.0000000e+00  0.0000000e+00  1.0000000e+00]]
[-0130.54, +0121.23, -1136.07]
1213, 1138, 2198
[[-5.8517000e-02  9.7641552e-01 -2.0683836e-01 -3.0100000e+01]
 [ 7.0726680e-02  2.1093692e-01  9.7478224e-01  1.4095000e+02]
 [ 9.9557376e-01  4.2607640e-02 -8.1254920e-02 -1.1724200e+03]
 [ 0.0000000e+00  0.0000000e+00  0.0000000e+00  1.0000000e+00]]
[-0176.82, +0048.75, -1092.91]
1820, 1164, 1877
[[-5.8514500e-02  9.7630080e-01 -2.0730540e-01 -3.0170000e+01]
 [ 7.1614560e-02  2.1145670e-01  9.7459308e-01  1.4100000e+02]
 [ 9.9549492e-01  4.2391800e-02 -8.2132640e-02 -1.1724300e+03]
 [ 0.0000000e+00  0.0000000e+00  0.0000000e+00  1.0000000e+00]]
[-0138.96, +0095.83, -1101.91]
2076, 2029, 2135
[[-5.8978440e-02  9.7595950e-01 -2.0864898e-01 -3.0250000e+01]
 [ 7.1926020e-02  2.1287670e-01  9.7424114e-01  1.4114000e+02]
 [ 9.9541850e-01  4.2687300e-02 -8.2575300e-02 -1.1724800e+03]
 [ 0.0000000e+00  0.0000000e+00  0.0000000e+00  1.0000000e+00]]
[-0091.45, +0042.17, -1097.02]
1252, 1791, 1424
[[-5.8981960e-02  9.7624694e-01 -2.0730790e-01 -3.0120000e+01]
 [ 7.0558100e-02  2.1147734e-01  9.7464694e-01  1.4099000e+02]
 [ 9.9551806e-01  4.3093100e-02 -8.1179460e-02 -1.1724500e+03]
 [ 0.0000000e+00  0.0000000e+00  0.0000000e+00  1.0000000e+00]]
[-0145.65, -0001.85, -1095.09]
1476, 1169, 1067
[[-5.8631880e-02  9.7641756e-01 -2.0702172e-01 -3.0110000e+01]
 [ 7.1317560e-02  2.1110678e-01  9.7473814e-01  1.4095000e+02]
 [ 9.9557172e-01  4.2536860e-02 -8.1900100e-02 -1.1724300e+03]
 [ 0.0000000e+00  0.0000000e+00  0.0000000e+00  1.0000000e+00]]
[-0159.80, +0070.28, -1091.56]
1099, 1306, 1040
[[-5.8459680e-02  9.7628404e-01 -2.0693612e-01 -3.0080000e+01]
 [ 7.0213160e-02  2.1112214e-01  9.7469404e-01  1.4095000e+02]
 [ 9.9550148e-01  4.2753160e-02 -8.0662180e-02 -1.1724500e+03]
 [ 0.0000000e+00  0.0000000e+00  0.0000000e+00  1.0000000e+00]]
[-0176.20, +0023.19, -1093.99]
2112, 2107, 1837
[[-5.8221600e-02  9.7599548e-01 -2.0867004e-01 -3.0230000e+01]
 [ 7.2408120e-02  2.1286038e-01  9.7420516e-01  1.4117000e+02]
 [ 9.9542324e-01  4.1850360e-02 -8.2882980e-02 -1.1724800e+03]
 [ 0.0000000e+00  0.0000000e+00  0.0000000e+00  1.0000000e+00]]
[-0088.35, +0039.00, -1099.70]
1157, 2183, 2039
[[-5.8224400e-02  9.7631268e-01 -2.0785204e-01 -3.0100000e+01]
 [ 7.0544760e-02  2.1182230e-01  9.7467438e-01  1.4102000e+02]
 [ 9.9569692e-01  4.2193140e-02 -8.1127060e-02 -1.1724200e+03]
 [ 0.0000000e+00  0.0000000e+00  0.0000000e+00  1.0000000e+00]]
[-0127.61, -0032.79, -1123.90]
1581, 2115, 2171
[[-5.8224400e-02  9.7639896e-01 -2.0724088e-01 -3.0110000e+01]
 [ 7.1155920e-02  2.1128176e-01  9.7471464e-01  1.4099000e+02]
 [ 9.9561064e-01  4.2152880e-02 -8.1667600e-02 -1.1724500e+03]
 [ 0.0000000e+00  0.0000000e+00  0.0000000e+00  1.0000000e+00]]
[-0113.18, +0002.86, -1097.24]
1301, 1725, 2143
[[-5.7587560e-02  9.7643388e-01 -2.0668540e-01 -3.0050000e+01]
 [ 7.0219800e-02  2.1075670e-01  9.7480590e-01  1.4092000e+02]
 [ 9.9559588e-01  4.1883660e-02 -8.0505700e-02 -1.1724100e+03]
 [ 0.0000000e+00  0.0000000e+00  0.0000000e+00  1.0000000e+00]]
[-0146.83, +0007.91, -1090.74]
1821, 908, 1834
[[-5.8399380e-02  9.7647242e-01 -2.0662704e-01 -3.0110000e+01]
 [ 7.1547420e-02  2.1074622e-01  9.7476736e-01  1.4092000e+02]
 [ 9.9552704e-01  4.2332640e-02 -8.2028160e-02 -1.1724200e+03]
 [ 0.0000000e+00  0.0000000e+00  0.0000000e+00  1.0000000e+00]]
[-0147.53, +0113.73, -1121.41]
1171, 1074, 1458
[[-5.8577620e-02  9.7642952e-01 -2.0644874e-01 -3.0050000e+01]
 [ 7.0119920e-02  2.1059168e-01  9.7485224e-01  1.4090000e+02]
 [ 9.9554954e-01  4.2884560e-02 -8.0609940e-02 -1.1724300e+03]
 [ 0.0000000e+00  0.0000000e+00  0.0000000e+00  1.0000000e+00]]
[-0182.31, +0049.55, -1095.89]
1808, 1329, 2012
[[-5.8341940e-02  9.7639958e-01 -2.0704468e-01 -3.0130000e+01]
 [ 7.0742620e-02  2.1111198e-01  9.7475612e-01  1.4096000e+02]
 [ 9.9559988e-01  4.2401320e-02 -8.1254920e-02 -1.1724600e+03]
 [ 0.0000000e+00  0.0000000e+00  0.0000000e+00  1.0000000e+00]]
[-0133.50, +0082.14, -1093.23]
855, 1403, 1283
[[-5.7823720e-02  9.7655162e-01 -2.0620550e-01 -2.9990000e+01]
 [ 6.9509380e-02  2.1023628e-01  9.7499170e-01  1.4089000e+02]
 [ 9.9566170e-01  4.2276500e-02 -7.9861000e-02 -1.1724400e+03]
 [ 0.0000000e+00  0.0000000e+00  0.0000000e+00  1.0000000e+00]]
[-0181.66, -0005.27, -1109.23]
1316, 1875, 2132
[[-5.7934500e-02  9.7626480e-01 -2.0735120e-01 -3.0080000e+01]
 [ 7.0464800e-02  2.1146718e-01  9.7462908e-01  1.4097000e+02]
 [ 9.9555120e-01  4.2120920e-02 -8.0842320e-02 -1.1724500e+03]
 [ 0.0000000e+00  0.0000000e+00  0.0000000e+00  1.0000000e+00]]
[-0135.82, -0004.19, -1095.39]
821, 2051, 1597
[[-5.7762660e-02  9.7624796e-01 -2.0717780e-01 -3.0000000e+01]
 [ 6.9476600e-02  2.1130224e-01  9.7468804e-01  1.4098000e+02]
 [ 9.9556804e-01  4.2233800e-02 -7.9785060e-02 -1.1724600e+03]
 [ 0.0000000e+00  0.0000000e+00  0.0000000e+00  1.0000000e+00]]
[-0144.90, -0042.88, -1141.66]
958, 1204, 1862
[[-5.8055940e-02  9.7664172e-01 -2.0630902e-01 -3.0010000e+01]
 [ 6.9599480e-02  2.1023628e-01  9.7507932e-01  1.4088000e+02]
 [ 9.9576522e-01  4.2364120e-02 -8.0093220e-02 -1.1724400e+03]
 [ 0.0000000e+00  0.0000000e+00  0.0000000e+00  1.0000000e+00]]
[-0186.84, +0020.15, -1100.76]
1293, 952, 1801
[[-5.7705540e-02  9.7655080e-01 -2.0640164e-01 -3.0030000e+01]
 [ 6.9922640e-02  2.1040646e-01  9.7495060e-01  1.4087000e+02]
 [ 9.9567260e-01  4.2028360e-02 -8.0273440e-02 -1.1724300e+03]
 [ 0.0000000e+00  0.0000000e+00  0.0000000e+00  1.0000000e+00]]
[-0179.40, +0073.50, -1101.12]
1735, 1090, 812
[[-5.8227300e-02  9.7639772e-01 -2.0686126e-01 -3.0100000e+01]
 [ 7.0151720e-02  2.1094200e-01  9.7480004e-01  1.4092000e+02]
 [ 9.9560174e-01  4.2472040e-02 -8.0609940e-02 -1.1724600e+03]
 [ 0.0000000e+00  0.0000000e+00  0.0000000e+00  1.0000000e+00]]
[-0146.88, +0096.13, -1102.90]
1993, 2112, 1158
[[-5.8222500e-02  9.7619760e-01 -2.0831920e-01 -3.0200000e+01]
 [ 7.1432800e-02  2.1234168e-01  9.7448508e-01  1.4109000e+02]
 [ 9.9561840e-01  4.1976920e-02 -8.2004820e-02 -1.1724800e+03]
 [ 0.0000000e+00  0.0000000e+00  0.0000000e+00  1.0000000e+00]]
[-0092.17, +0029.93, -1097.58]
1384, 1998, 1182
[[-5.8459680e-02  9.7625540e-01 -2.0713988e-01 -3.0080000e+01]
 [ 7.0009400e-02  2.1130224e-01  9.7468060e-01  1.4097000e+02]
 [ 9.9553012e-01  4.2766600e-02 -8.0482080e-02 -1.1724500e+03]
 [ 0.0000000e+00  0.0000000e+00  0.0000000e+00  1.0000000e+00]]
[-0128.36, -0007.06, -1098.67]
1347, 1977, 1993
[[-5.8284580e-02  9.7647184e-01 -2.0717104e-01 -3.0070000e+01]
 [ 7.0257760e-02  2.1111710e-01  9.7486148e-01  1.4096000e+02]
 [ 9.9573136e-01  4.2353320e-02 -8.0842320e-02 -1.1724400e+03]
 [ 0.0000000e+00  0.0000000e+00  0.0000000e+00  1.0000000e+00]]
[-0131.06, -0008.34, -1099.29]
1149, 1676, 1702
[[-5.8052200e-02  9.7641040e-01 -2.0686380e-01 -3.0060000e+01]
 [ 7.0371400e-02  2.1093692e-01  9.7478736e-01  1.4093000e+02]
 [ 9.9559920e-01  4.2252360e-02 -8.0790120e-02 -1.1724100e+03]
 [ 0.0000000e+00  0.0000000e+00  0.0000000e+00  1.0000000e+00]]
[-0156.43, -0001.42, -1096.52]
836, 1559, 1945
[[-5.764850e-02  9.765357e-01 -2.064117e-01 -2.997000e+01]
 [ 6.952530e-02  2.104115e-01  9.749657e-01  1.408900e+02]
 [ 9.956877e-01  4.207030e-02 -7.986100e-02 -1.172420e+03]
 [ 0.000000e+00  0.000000e+00  0.000000e+00  1.000000e+00]]
[-0174.09, -0017.85, -1115.52]
1403, 1833, 1671
[[-5.8692100e-02  9.7637410e-01 -2.0703960e-01 -3.0090000e+01]
 [ 7.0303220e-02  2.1112214e-01  9.7478160e-01  1.4098000e+02]
 [ 9.9560496e-01  4.2840720e-02 -8.0894600e-02 -1.1724500e+03]
 [ 0.0000000e+00  0.0000000e+00  0.0000000e+00  1.0000000e+00]]
[-0133.63, +0006.88, -1090.35]
2088, 1400, 921
[[-5.8922020e-02  9.7629058e-01 -2.0728990e-01 -3.0180000e+01]
 [ 7.1572420e-02  2.1146198e-01  9.7460330e-01  1.4099000e+02]
 [ 9.9548470e-01  4.2789100e-02 -8.2185000e-02 -1.1724400e+03]
 [ 0.0000000e+00  0.0000000e+00  0.0000000e+00  1.0000000e+00]]
[-0115.68, +0095.32, -1104.63]
914, 1943, 1036
[[-5.7819860e-02  9.7649538e-01 -2.0699262e-01 -3.0000000e+01]
 [ 7.0106220e-02  2.1093692e-01  9.7488002e-01  1.4095000e+02]
 [ 9.9572802e-01  4.1984620e-02 -8.0557780e-02 -1.1724200e+03]
 [ 0.0000000e+00  0.0000000e+00  0.0000000e+00  1.0000000e+00]]
[-0149.14, -0036.10, -1127.18]
1631, 1576, 1458
[[-5.8052200e-02  9.7638176e-01 -2.0706752e-01 -3.0100000e+01]
 [ 7.0167680e-02  2.1111710e-01  9.7477394e-01  1.4096000e+02]
 [ 9.9562784e-01  4.2265780e-02 -8.0609940e-02 -1.1724600e+03]
 [ 0.0000000e+00  0.0000000e+00  0.0000000e+00  1.0000000e+00]]
[-0133.98, +0049.96, -1084.46]
2177, 2044, 1747
[[-5.8396260e-02  9.7612798e-01 -2.0837624e-01 -3.0220000e+01]
 [ 7.2508340e-02  2.1250550e-01  9.7433488e-01  1.4110000e+02]
 [ 9.9548432e-01  4.1953360e-02 -8.3063200e-02 -1.1724500e+03]
 [ 0.0000000e+00  0.0000000e+00  0.0000000e+00  1.0000000e+00]]
[-0087.90, +0047.43, -1100.25]
2084, 1339, 1292
[[-5.8284580e-02  9.7638430e-01 -2.0705484e-01 -3.0110000e+01]
 [ 7.0345300e-02  2.1111710e-01  9.7477140e-01  1.4094000e+02]
 [ 9.9561516e-01  4.2443400e-02 -8.0842320e-02 -1.1724300e+03]
 [ 0.0000000e+00  0.0000000e+00  0.0000000e+00  1.0000000e+00]]
[-0120.49, +0095.70, -1105.44]
1140, 1336, 2028
[[-5.8520500e-02  9.7641436e-01 -2.0645898e-01 -3.0050000e+01]
 [ 6.9722600e-02  2.1059660e-01  9.7486740e-01  1.4090000e+02]
 [ 9.9556470e-01  4.2926520e-02 -8.0197460e-02 -1.1724200e+03]
 [ 0.0000000e+00  0.0000000e+00  0.0000000e+00  1.0000000e+00]]
[-0173.13, +0024.75, -1092.35]
830, 964, 865
[[-5.8525000e-02  9.7676190e-01 -2.0581670e-01 -2.9960000e+01]
 [ 6.9066900e-02  2.0971518e-01  9.7526250e-01  1.4084000e+02]
 [ 9.9581830e-01  4.2934500e-02 -7.9680820e-02 -1.1724300e+03]
 [ 0.0000000e+00  0.0000000e+00  0.0000000e+00  1.0000000e+00]]
[-0203.50, +0029.66, -1112.72]
2135, 1436, 1381
[[-5.7582600e-02  9.7620420e-01 -2.0762020e-01 -3.0190000e+01]
 [ 7.1995960e-02  2.1179550e-01  9.7442778e-01  1.4101000e+02]
 [ 9.9543828e-01  4.1452100e-02 -8.2260660e-02 -1.1724400e+03]
 [ 0.0000000e+00  0.0000000e+00  0.0000000e+00  1.0000000e+00]]
[-0111.56, +0093.08, -1104.95]
1333, 2040, 2067
[[-5.7702120e-02  9.7634972e-01 -2.0748004e-01 -3.0080000e+01]
 [ 7.0199720e-02  2.1146718e-01  9.7472174e-01  1.4099000e+02]
 [ 9.9568004e-01  4.1853260e-02 -8.0609940e-02 -1.1724600e+03]
 [ 0.0000000e+00  0.0000000e+00  0.0000000e+00  1.0000000e+00]]
[-0126.88, -0016.97, -1104.44]
1639, 2001, 1921
[[-5.7874560e-02  9.7627944e-01 -2.0753736e-01 -3.0130000e+01]
 [ 7.1275440e-02  2.1163160e-01  9.7457228e-01  1.4101000e+02]
 [ 9.9554664e-01  4.1830280e-02 -8.1667600e-02 -1.1724400e+03]
 [ 0.0000000e+00  0.0000000e+00  0.0000000e+00  1.0000000e+00]]
[-0113.68, +0013.36, -1091.69]
2189, 1727, 1340
[[-5.7989920e-02  9.7628156e-01 -2.0772092e-01 -3.0190000e+01]
 [ 7.1866360e-02  2.1180102e-01  9.7452796e-01  1.4102000e+02]
 [ 9.9554452e-01  4.1759240e-02 -8.2312900e-02 -1.1724400e+03]
 [ 0.0000000e+00  0.0000000e+00  0.0000000e+00  1.0000000e+00]]
[-0100.51, +0077.43, -1100.66]
900, 1298, 2192
[[-5.7880720e-02  9.7653820e-01 -2.0639912e-01 -2.9990000e+01]
 [ 6.9703000e-02  2.1041150e-01  9.7496320e-01  1.4088000e+02]
 [ 9.9567512e-01  4.2248000e-02 -8.0093220e-02 -1.1724300e+03]
 [ 0.0000000e+00  0.0000000e+00  0.0000000e+00  1.0000000e+00]]
[-0185.46, +0006.90, -1104.79]
1334, 1125, 963
[[-5.8402440e-02  9.7652982e-01 -2.0656742e-01 -3.0040000e+01]
 [ 7.0251980e-02  2.1058668e-01  9.7492962e-01  1.4090000e+02]
 [ 9.9566322e-01  4.2574820e-02 -8.0790120e-02 -1.1724400e+03]
 [ 0.0000000e+00  0.0000000e+00  0.0000000e+00  1.0000000e+00]]
[-0170.69, +0061.47, -1092.58]
1240, 2061, 932
[[-5.8109520e-02  9.7642716e-01 -2.0758104e-01 -3.0070000e+01]
 [ 7.0070040e-02  2.1147230e-01  9.7482188e-01  1.4099000e+02]
 [ 9.9578616e-01  4.2160520e-02 -8.0662180e-02 -1.1724500e+03]
 [ 0.0000000e+00  0.0000000e+00  0.0000000e+00  1.0000000e+00]]
[-0130.00, -0023.66, -1110.47]
1980, 1948, 1760
[[-5.7524880e-02  9.7627608e-01 -2.0774644e-01 -3.0160000e+01]
 [ 7.1511280e-02  2.1180102e-01  9.7453344e-01  1.4102000e+02]
 [ 9.9557004e-01  4.1404160e-02 -8.1847860e-02 -1.1724400e+03]
 [ 0.0000000e+00  0.0000000e+00  0.0000000e+00  1.0000000e+00]]
[-0099.24, +0045.72, -1093.20]
977, 1938, 1147
[[-5.7416320e-02  9.7656384e-01 -2.0694768e-01 -3.0010000e+01]
 [ 6.8852640e-02  2.1077182e-01  9.7503126e-01  1.4093000e+02]
 [ 9.9587328e-01  4.1829540e-02 -7.9268500e-02 -1.1724500e+03]
 [ 0.0000000e+00  0.0000000e+00  0.0000000e+00  1.0000000e+00]]
[-0147.06, -0030.90, -1120.92]
1698, 1990, 1730
[[-5.8166920e-02  9.7623866e-01 -2.0754222e-01 -3.0130000e+01]
 [ 7.0438660e-02  2.1164732e-01  9.7461306e-01  1.4100000e+02]
 [ 9.9556722e-01  4.2311940e-02 -8.0894600e-02 -1.1724700e+03]
 [ 0.0000000e+00  0.0000000e+00  0.0000000e+00  1.0000000e+00]]
[-0111.15, +0019.32, -1091.01]
2165, 1110, 2120
[[-5.9037460e-02  9.7614760e-01 -2.0776438e-01 -3.0230000e+01]
 [ 7.1843120e-02  2.1199200e-01  9.7444216e-01  1.4104000e+02]
 [ 9.9542390e-01  4.2834800e-02 -8.2470100e-02 -1.1724600e+03]
 [ 0.0000000e+00  0.0000000e+00  0.0000000e+00  1.0000000e+00]]
[-0122.24, +0113.47, -1124.17]
1249, 2003, 1621
[[-5.8224400e-02  9.7622520e-01 -2.0773580e-01 -3.0100000e+01]
 [ 7.0632240e-02  2.1182230e-01  9.7458432e-01  1.4100000e+02]
 [ 9.9558068e-01  4.2283200e-02 -8.1127060e-02 -1.1724200e+03]
 [ 0.0000000e+00  0.0000000e+00  0.0000000e+00  1.0000000e+00]]
[-0132.84, -0020.04, -1106.34]
1467, 1644, 1878
[[-5.7877140e-02  9.7636576e-01 -2.0727378e-01 -3.0100000e+01]
 [ 7.0183680e-02  2.1129216e-01  9.7474784e-01  1.4097000e+02]
 [ 9.9565394e-01  4.2059520e-02 -8.0609940e-02 -1.1724400e+03]
 [ 0.0000000e+00  0.0000000e+00  0.0000000e+00  1.0000000e+00]]
[-0140.01, +0030.22, -1084.79]
1340, 1780, 1085
[[-5.8692100e-02  9.7634544e-01 -2.0724338e-01 -3.0090000e+01]
 [ 7.0099440e-02  2.1130224e-01  9.7476816e-01  1.4098000e+02]
 [ 9.9563362e-01  4.2854160e-02 -8.0714500e-02 -1.1724400e+03]
 [ 0.0000000e+00  0.0000000e+00  0.0000000e+00  1.0000000e+00]]
[-0140.81, +0004.17, -1091.25]
1050, 1095, 1172
[[-5.8520500e-02  9.7658960e-01 -2.0669130e-01 -3.0040000e+01]
 [ 6.9547360e-02  2.1059660e-01  9.7504752e-01  1.4090000e+02]
 [ 9.9579702e-01  4.2746400e-02 -8.0197460e-02 -1.1724400e+03]
 [ 0.0000000e+00  0.0000000e+00  0.0000000e+00  1.0000000e+00]]
[-0187.83, +0038.08, -1098.81]
2174, 1969, 1104
[[-5.8687780e-02  9.7617402e-01 -2.0849730e-01 -3.0220000e+01]
 [ 7.1584020e-02  2.1252182e-01  9.7446630e-01  1.4111000e+02]
 [ 9.9562170e-01  4.2345300e-02 -8.2289960e-02 -1.1724800e+03]
 [ 0.0000000e+00  0.0000000e+00  0.0000000e+00  1.0000000e+00]]
[-0090.21, +0053.52, -1098.97]
1505, 2045, 1700
[[-5.8574400e-02  9.7631600e-01 -2.0764320e-01 -3.0100000e+01]
 [ 7.0308960e-02  2.1165240e-01  9.7471328e-01  1.4102000e+02]
 [ 9.9567328e-01  4.2619200e-02 -8.0946960e-02 -1.1724600e+03]
 [ 0.0000000e+00  0.0000000e+00  0.0000000e+00  1.0000000e+00]]
[-0119.42, -0005.38, -1098.19]
2146, 1787, 1520
[[-5.8922020e-02  9.7611664e-01 -2.0778494e-01 -3.0200000e+01]
 [ 7.1048560e-02  2.1200240e-01  9.7447312e-01  1.4103000e+02]
 [ 9.9545486e-01  4.2919280e-02 -8.1644580e-02 -1.1724600e+03]
 [ 0.0000000e+00  0.0000000e+00  0.0000000e+00  1.0000000e+00]]
[-0099.91, +0070.64, -1098.14]
1687, 1337, 1055
[[-5.8517000e-02  9.7638684e-01 -2.0704212e-01 -3.0090000e+01]
 [ 7.0522920e-02  2.1111710e-01  9.7476886e-01  1.4094000e+02]
 [ 9.9560244e-01  4.2621020e-02 -8.1074740e-02 -1.1724200e+03]
 [ 0.0000000e+00  0.0000000e+00  0.0000000e+00  1.0000000e+00]]
[-0144.24, +0068.25, -1088.86]
2047, 1066, 1742
[[-5.8339600e-02  9.7631364e-01 -2.0730808e-01 -3.0170000e+01]
 [ 7.1834280e-02  2.1145134e-01  9.7458024e-01  1.4098000e+02]
 [ 9.9549224e-01  4.2172080e-02 -8.2312900e-02 -1.1724400e+03]
 [ 0.0000000e+00  0.0000000e+00  0.0000000e+00  1.0000000e+00]]
[-0129.33, +0113.41, -1121.16]
1276, 1658, 1343
[[-5.8341940e-02  9.7628336e-01 -2.0713220e-01 -3.0100000e+01]
 [ 7.0626400e-02  2.1129216e-01  9.7465264e-01  1.4097000e+02]
 [ 9.9551236e-01  4.2504800e-02 -8.1074740e-02 -1.1724200e+03]
 [ 0.0000000e+00  0.0000000e+00  0.0000000e+00  1.0000000e+00]]
[-0149.94, +0008.41, -1090.44]
2018, 1500, 1524
[[-5.8339600e-02  9.7628480e-01 -2.0751180e-01 -3.0180000e+01]
 [ 7.1630560e-02  2.1163160e-01  9.7456692e-01  1.4101000e+02]
 [ 9.9552108e-01  4.2185400e-02 -8.2132640e-02 -1.1724300e+03]
 [ 0.0000000e+00  0.0000000e+00  0.0000000e+00  1.0000000e+00]]
[-0115.03, +0085.00, -1097.62]
1622, 998, 1426
[[-5.8459680e-02  9.7651644e-01 -2.0676100e-01 -3.0080000e+01]
 [ 7.0445560e-02  2.1076182e-01  9.7490100e-01  1.4090000e+02]
 [ 9.9567660e-01  4.2546200e-02 -8.1022500e-02 -1.1724500e+03]
 [ 0.0000000e+00  0.0000000e+00  0.0000000e+00  1.0000000e+00]]
[-0159.16, +0091.32, -1103.40]
1965, 1059, 1821
[[-5.8514500e-02  9.7632962e-01 -2.0710166e-01 -3.0170000e+01]
 [ 7.1818300e-02  2.1127644e-01  9.7460638e-01  1.4099000e+02]
 [ 9.9546610e-01  4.2378500e-02 -8.2312900e-02 -1.1724300e+03]
 [ 0.0000000e+00  0.0000000e+00  0.0000000e+00  1.0000000e+00]]
[-0133.99, +0110.25, -1116.29]
1783, 1527, 1442
[[-5.8224400e-02  9.7628272e-01 -2.0732836e-01 -3.0130000e+01]
 [ 7.1039680e-02  2.1146198e-01  9.7461116e-01  1.4099000e+02]
 [ 9.9552316e-01  4.2256360e-02 -8.1487380e-02 -1.1724500e+03]
 [ 0.0000000e+00  0.0000000e+00  0.0000000e+00  1.0000000e+00]]
[-0128.85, +0058.40, -1086.40]
2071, 2002, 908
[[-5.8222500e-02  9.7619760e-01 -2.0831920e-01 -3.0220000e+01]
 [ 7.1432800e-02  2.1234168e-01  9.7448508e-01  1.4110000e+02]
 [ 9.9561840e-01  4.1976920e-02 -8.2004820e-02 -1.1724900e+03]
 [ 0.0000000e+00  0.0000000e+00  0.0000000e+00  1.0000000e+00]]
[-0092.28, +0044.64, -1096.39]
1535, 2174, 1083
[[-5.8164740e-02  9.7621104e-01 -2.0812560e-01 -3.0120000e+01]
 [ 7.1239200e-02  2.1216686e-01  9.7451396e-01  1.4107000e+02]
 [ 9.9560496e-01  4.2005800e-02 -8.1772240e-02 -1.1724500e+03]
 [ 0.0000000e+00  0.0000000e+00  0.0000000e+00  1.0000000e+00]]
[-0112.12, -0010.80, -1104.64]
1770, 1702, 1758
[[-5.7934500e-02  9.7635230e-01 -2.0746740e-01 -3.0150000e+01]
 [ 7.0377300e-02  2.1146718e-01  9.7471916e-01  1.4099000e+02]
 [ 9.9566740e-01  4.2030840e-02 -8.0842320e-02 -1.1724600e+03]
 [ 0.0000000e+00  0.0000000e+00  0.0000000e+00  1.0000000e+00]]
[-0122.86, +0049.54, -1086.18]
1121, 927, 909
[[-5.7937800e-02  9.7640864e-01 -2.0668032e-01 -3.0040000e+01]
 [ 6.9780480e-02  2.1076686e-01  9.7483114e-01  1.4089000e+02]
 [ 9.9560096e-01  4.2322980e-02 -8.0145300e-02 -1.1724500e+03]
 [ 0.0000000e+00  0.0000000e+00  0.0000000e+00  1.0000000e+00]]
[-0190.47, +0060.44, -1103.61]
829, 1334, 1222
[[-5.7591540e-02  9.7652068e-01 -2.0642176e-01 -2.9990000e+01]
 [ 6.9127960e-02  2.1041646e-01  9.7498072e-01  1.4091000e+02]
 [ 9.9570272e-01  4.2112240e-02 -7.9448640e-02 -1.1724400e+03]
 [ 0.0000000e+00  0.0000000e+00  0.0000000e+00  1.0000000e+00]]
[-0186.41, -0003.06, -1111.06]
2000, 1588, 1743
[[-5.8107060e-02  9.7628212e-01 -2.0752460e-01 -3.0180000e+01]
 [ 7.1453000e-02  2.1163160e-01  9.7456960e-01  1.4103000e+02]
 [ 9.9553388e-01  4.2007840e-02 -8.1900100e-02 -1.1724500e+03]
 [ 0.0000000e+00  0.0000000e+00  0.0000000e+00  1.0000000e+00]]
[-0111.68, +0075.14, -1093.80]
882, 2154, 837
[[-5.7473320e-02  9.7631808e-01 -2.0731652e-01 -3.0000000e+01]
 [ 6.8814120e-02  2.1130716e-01  9.7479552e-01  1.4096000e+02]
 [ 9.9571168e-01  4.2008280e-02 -7.9140520e-02 -1.1724600e+03]
 [ 0.0000000e+00  0.0000000e+00  0.0000000e+00  1.0000000e+00]]
[-0137.57, -0041.98, -1141.02]
1303, 1906, 1618
[[-5.8112980e-02  9.7648362e-01 -2.0679398e-01 -3.0050000e+01]
 [ 6.9473220e-02  2.1077182e-01  9.7493382e-01  1.4090000e+02]
 [ 9.9571958e-01  4.2452580e-02 -7.9965160e-02 -1.1724600e+03]
 [ 0.0000000e+00  0.0000000e+00  0.0000000e+00  1.0000000e+00]]
[-0136.17, -0003.96, -1096.48]
880, 1012, 1159
[[-5.8060680e-02  9.7666944e-01 -2.0572576e-01 -2.9940000e+01]
 [ 6.8799040e-02  2.0971518e-01  9.7517718e-01  1.4078000e+02]
 [ 9.9572736e-01  4.2669020e-02 -7.9216500e-02 -1.1724300e+03]
 [ 0.0000000e+00  0.0000000e+00  0.0000000e+00  1.0000000e+00]]
[-0199.46, +0029.66, -1108.64]
2026, 1126, 1950
[[-5.8456900e-02  9.7651786e-01 -2.0714062e-01 -3.0170000e+01]
 [ 7.1449780e-02  2.1110150e-01  9.7481546e-01  1.4096000e+02]
 [ 9.9568534e-01  4.2227020e-02 -8.2080360e-02 -1.1724200e+03]
 [ 0.0000000e+00  0.0000000e+00  0.0000000e+00  1.0000000e+00]]
[-0128.03, +0109.10, -1115.60]
1899, 1648, 907
[[-5.8224400e-02  9.7639896e-01 -2.0724088e-01 -3.0120000e+01]
 [ 7.1155920e-02  2.1128176e-01  9.7471464e-01  1.4097000e+02]
 [ 9.9561064e-01  4.2152880e-02 -8.1667600e-02 -1.1724300e+03]
 [ 0.0000000e+00  0.0000000e+00  0.0000000e+00  1.0000000e+00]]
[-0116.64, +0058.63, -1088.35]
1999, 1858, 1944
[[-5.7989920e-02  9.7616528e-01 -2.0780832e-01 -3.0180000e+01]
 [ 7.1750080e-02  2.1198128e-01  9.7442448e-01  1.4103000e+02]
 [ 9.9545712e-01  4.1862720e-02 -8.2132640e-02 -1.1724400e+03]
 [ 0.0000000e+00  0.0000000e+00  0.0000000e+00  1.0000000e+00]]
[-0100.67, +0051.22, -1092.29]
1752, 1243, 1127
[[-5.8517000e-02  9.7656042e-01 -2.0654706e-01 -3.0090000e+01]
 [ 7.1046660e-02  2.1057644e-01  9.7489902e-01  1.4092000e+02]
 [ 9.9563262e-01  4.2490860e-02 -8.1615400e-02 -1.1724300e+03]
 [ 0.0000000e+00  0.0000000e+00  0.0000000e+00  1.0000000e+00]]
[-0143.16, +0080.81, -1094.16]
808, 1852, 1244
[[-5.7416320e-02  9.7647624e-01 -2.0683160e-01 -3.0000000e+01]
 [ 6.8940240e-02  2.1077182e-01  9.7494120e-01  1.4093000e+02]
 [ 9.9575720e-01  4.1919600e-02 -7.9268500e-02 -1.1724500e+03]
 [ 0.0000000e+00  0.0000000e+00  0.0000000e+00  1.0000000e+00]]
[-0157.65, -0037.11, -1131.44]
1256, 1852, 1931
[[-5.7644800e-02  9.7647936e-01 -2.0719888e-01 -3.0070000e+01]
 [ 7.0122240e-02  2.1111198e-01  9.7485396e-01  1.4097000e+02]
 [ 9.9575408e-01  4.1778360e-02 -8.0557780e-02 -1.1724500e+03]
 [ 0.0000000e+00  0.0000000e+00  0.0000000e+00  1.0000000e+00]]
[-0140.02, -0007.49, -1097.25]
1737, 992, 849
[[-5.8052200e-02  9.7643904e-01 -2.0666008e-01 -3.0110000e+01]
 [ 7.0575120e-02  2.1075670e-01  9.7480074e-01  1.4092000e+02]
 [ 9.9557056e-01  4.2238980e-02 -8.0970340e-02 -1.1724500e+03]
 [ 0.0000000e+00  0.0000000e+00  0.0000000e+00  1.0000000e+00]]
[-0149.85, +0103.45, -1109.85]
1588, 1590, 1819
[[-5.7702120e-02  9.7652326e-01 -2.0698518e-01 -3.0090000e+01]
 [ 7.0723260e-02  2.1092652e-01  9.7485214e-01  1.4095000e+02]
 [ 9.9571018e-01  4.1722860e-02 -8.1150600e-02 -1.1724300e+03]
 [ 0.0000000e+00  0.0000000e+00  0.0000000e+00  1.0000000e+00]]
[-0137.08, +0041.62, -1084.17]
1280, 2007, 1234
[[-5.7934500e-02  9.7635230e-01 -2.0746740e-01 -3.0080000e+01]
 [ 7.0377300e-02  2.1146718e-01  9.7471916e-01  1.4098000e+02]
 [ 9.9566740e-01  4.2030840e-02 -8.0842320e-02 -1.1724300e+03]
 [ 0.0000000e+00  0.0000000e+00  0.0000000e+00  1.0000000e+00]]
[-0131.25, -0018.68, -1105.23]
1184, 999, 979
[[-5.8520500e-02  9.7644290e-01 -2.0625520e-01 -3.0040000e+01]
 [ 6.9926380e-02  2.1041646e-01  9.7488080e-01  1.4087000e+02]
 [ 9.9553616e-01  4.2913120e-02 -8.0377600e-02 -1.1724300e+03]
 [ 0.0000000e+00  0.0000000e+00  0.0000000e+00  1.0000000e+00]]
[-0184.49, +0058.82, -1098.99]
936, 1620, 1886
[[-5.8112980e-02  9.7651216e-01 -2.0659024e-01 -3.0030000e+01]
 [ 6.9676960e-02  2.1059168e-01  9.7494728e-01  1.4093000e+02]
 [ 9.9569104e-01  4.2439120e-02 -8.0145300e-02 -1.1724600e+03]
 [ 0.0000000e+00  0.0000000e+00  0.0000000e+00  1.0000000e+00]]
[-0166.85, -0015.99, -1109.30]
1393, 1827, 1703
[[-5.8284580e-02  9.7635564e-01 -2.0725858e-01 -3.0090000e+01]
 [ 7.0141560e-02  2.1129724e-01  9.7475796e-01  1.4097000e+02]
 [ 9.9564382e-01  4.2456840e-02 -8.0662180e-02 -1.1724600e+03]
 [ 0.0000000e+00  0.0000000e+00  0.0000000e+00  1.0000000e+00]]
[-0134.28, +0005.81, -1090.68]
1381, 1561, 1711
[[-5.7762660e-02  9.7639268e-01 -2.0688654e-01 -3.0070000e+01]
 [ 6.9796440e-02  2.1094200e-01  9.7480508e-01  1.4094000e+02]
 [ 9.9562702e-01  4.2116760e-02 -8.0145300e-02 -1.1724600e+03]
 [ 0.0000000e+00  0.0000000e+00  0.0000000e+00  1.0000000e+00]]
[-0148.46, +0029.65, -1085.32]
1963, 1753, 1888
[[-5.8339600e-02  9.7637224e-01 -2.0762808e-01 -3.0170000e+01]
 [ 7.1543120e-02  2.1163160e-01  9.7465704e-01  1.4102000e+02]
 [ 9.9563736e-01  4.2095280e-02 -8.2132640e-02 -1.1724400e+03]
 [ 0.0000000e+00  0.0000000e+00  0.0000000e+00  1.0000000e+00]]
[-0106.80, +0058.26, -1090.64]
1013, 2140, 998
[[-5.7527140e-02  9.7633364e-01 -2.0768630e-01 -3.0070000e+01]
 [ 7.0215800e-02  2.1164216e-01  9.7469564e-01  1.4101000e+02]
 [ 9.9570614e-01  4.1647000e-02 -8.0609940e-02 -1.1724100e+03]
 [ 0.0000000e+00  0.0000000e+00  0.0000000e+00  1.0000000e+00]]
[-0134.27, -0037.37, -1130.14]
995, 950, 1184
[[-5.7766800e-02  9.7665268e-01 -2.0612796e-01 -3.0000000e+01]
 [ 6.9228120e-02  2.1006102e-01  9.7511026e-01  1.4086000e+02]
 [ 9.9576436e-01  4.2214860e-02 -7.9628820e-02 -1.1724400e+03]
 [ 0.0000000e+00  0.0000000e+00  0.0000000e+00  1.0000000e+00]]
[-0196.20, +0046.90, -1105.34]
1144, 1844, 1073
[[-5.8052200e-02  9.7646930e-01 -2.0718370e-01 -3.0070000e+01]
 [ 7.0080140e-02  2.1111710e-01  9.7486402e-01  1.4096000e+02]
 [ 9.9574402e-01  4.2175700e-02 -8.0609940e-02 -1.1724400e+03]
 [ 0.0000000e+00  0.0000000e+00  0.0000000e+00  1.0000000e+00]]
[-0145.48, -0015.69, -1103.33]
811, 1743, 1889
[[-5.7942100e-02  9.7649564e-01 -2.0641692e-01 -2.9990000e+01]
 [ 6.8688680e-02  2.1042614e-01  9.7500576e-01  1.4090000e+02]
 [ 9.9570756e-01  4.2551520e-02 -7.9088400e-02 -1.1724500e+03]
 [ 0.0000000e+00  0.0000000e+00  0.0000000e+00  1.0000000e+00]]
[-0163.59, -0030.26, -1124.92]
892, 884, 944
[[-5.7998980e-02  9.7656750e-01 -2.0599930e-01 -3.0000000e+01]
 [ 6.9493500e-02  2.1006102e-01  9.7501770e-01  1.4084000e+02]
 [ 9.9563570e-01  4.2482700e-02 -7.9861000e-02 -1.1724200e+03]
 [ 0.0000000e+00  0.0000000e+00  0.0000000e+00  1.0000000e+00]]
[-0203.48, +0043.25, -1112.07]
2183, 2084, 2072
[[-5.8570960e-02  9.7608608e-01 -2.0857720e-01 -3.0230000e+01]
 [ 7.2084800e-02  2.1269120e-01  9.7433440e-01  1.4113000e+02]
 [ 9.9551608e-01  4.2186560e-02 -8.2702800e-02 -1.1725000e+03]
 [ 0.0000000e+00  0.0000000e+00  0.0000000e+00  1.0000000e+00]]
[-0087.07, +0043.94, -1101.11]
1866, 1977, 2051
[[-5.7409680e-02  9.7630284e-01 -2.0735912e-01 -3.0100000e+01]
 [ 7.1123960e-02  2.1145134e-01  9.7459104e-01  1.4098000e+02]
 [ 9.9554328e-01  4.1461760e-02 -8.1382980e-02 -1.1724200e+03]
 [ 0.0000000e+00  0.0000000e+00  0.0000000e+00  1.0000000e+00]]
[-0109.30, +0028.18, -1091.76]
1287, 1370, 1050
[[-5.8170100e-02  9.7649872e-01 -2.0678384e-01 -3.0070000e+01]
 [ 6.9870560e-02  2.1076686e-01  9.7491872e-01  1.4091000e+02]
 [ 9.9570448e-01  4.2410560e-02 -8.0377600e-02 -1.1724400e+03]
 [ 0.0000000e+00  0.0000000e+00  0.0000000e+00  1.0000000e+00]]
[-0163.82, +0034.93, -1087.87]
1494, 1902, 872
[[-5.7759520e-02  9.7636496e-01 -2.0747000e-01 -3.0130000e+01]
 [ 7.0597040e-02  2.1146198e-01  9.7470650e-01  1.4100000e+02]
 [ 9.9566480e-01  4.1811100e-02 -8.1022500e-02 -1.1724500e+03]
 [ 0.0000000e+00  0.0000000e+00  0.0000000e+00  1.0000000e+00]]
[-0125.45, +0008.66, -1090.53]
801, 1556, 974
[[-5.8117440e-02  9.7651152e-01 -2.0621080e-01 -2.9980000e+01]
 [ 6.8672800e-02  2.1025080e-01  9.7503180e-01  1.4089000e+02]
 [ 9.9568152e-01  4.2757640e-02 -7.9088400e-02 -1.1724500e+03]
 [ 0.0000000e+00  0.0000000e+00  0.0000000e+00  1.0000000e+00]]
[-0175.18, -0019.86, -1118.26]
1826, 1229, 852
[[-5.8924560e-02  9.7637660e-01 -2.0702684e-01 -3.0110000e+01]
 [ 7.0480840e-02  2.1112214e-01  9.7477910e-01  1.4095000e+02]
 [ 9.9559220e-01  4.3018340e-02 -8.1127060e-02 -1.1724700e+03]
 [ 0.0000000e+00  0.0000000e+00  0.0000000e+00  1.0000000e+00]]
[-0136.32, +0092.25, -1099.11]
868, 2190, 993
[[-5.764850e-02  9.763932e-01 -2.074302e-01 -2.998000e+01]
 [ 6.850680e-02  2.113120e-01  9.748980e-01  1.409500e+02]
 [ 9.958302e-01  4.213800e-02 -7.896050e-02 -1.172450e+03]
 [ 0.000000e+00  0.000000e+00  0.000000e+00  1.000000e+00]]
[-0135.85, -0042.66, -1143.87]
1939, 1443, 1625
[[-5.8341940e-02  9.7639958e-01 -2.0704468e-01 -3.0140000e+01]
 [ 7.0742620e-02  2.1111198e-01  9.7475612e-01  1.4095000e+02]
 [ 9.9559988e-01  4.2401320e-02 -8.1254920e-02 -1.1724500e+03]
 [ 0.0000000e+00  0.0000000e+00  0.0000000e+00  1.0000000e+00]]
[-0121.66, +0084.48, -1095.64]
1862, 1139, 811
[[-5.8170100e-02  9.7643972e-01 -2.0646394e-01 -3.0080000e+01]
 [ 7.0161880e-02  2.1058668e-01  9.7484204e-01  1.4089000e+02]
 [ 9.9555974e-01  4.2487240e-02 -8.0557780e-02 -1.1724600e+03]
 [ 0.0000000e+00  0.0000000e+00  0.0000000e+00  1.0000000e+00]]
[-0137.60, +0099.54, -1105.43]
904, 1205, 1137
[[-5.8117440e-02  9.7665600e-01 -2.0591936e-01 -2.9980000e+01]
 [ 6.8992640e-02  2.0989056e-01  9.7514880e-01  1.4085000e+02]
 [ 9.9574080e-01  4.2640640e-02 -7.9448640e-02 -1.1724300e+03]
 [ 0.0000000e+00  0.0000000e+00  0.0000000e+00  1.0000000e+00]]
[-0189.34, +0014.44, -1104.18]
1503, 822, 1234
[[-5.7648500e-02  9.7659270e-01 -2.0600430e-01 -3.0040000e+01]
 [ 6.9932700e-02  2.1005102e-01  9.7499250e-01  1.4084000e+02]
 [ 9.9563070e-01  4.2043500e-02 -8.0221480e-02 -1.1724500e+03]
 [ 0.0000000e+00  0.0000000e+00  0.0000000e+00  1.0000000e+00]]
[-0169.42, +0100.89, -1114.93]
1658, 1185, 1419
[[-5.8170100e-02  9.7652730e-01 -2.0658010e-01 -3.0090000e+01]
 [ 7.0074300e-02  2.1058668e-01  9.7493214e-01  1.4090000e+02]
 [ 9.9567590e-01  4.2397140e-02 -8.0557780e-02 -1.1724500e+03]
 [ 0.0000000e+00  0.0000000e+00  0.0000000e+00  1.0000000e+00]]
[-0147.83, +0083.77, -1094.85]
910, 1493, 1690
[[-5.7998980e-02  9.7653904e-01 -2.0620304e-01 -3.0000000e+01]
 [ 6.9289760e-02  2.1024120e-01  9.7500428e-01  1.4088000e+02]
 [ 9.9566416e-01  4.2496120e-02 -7.9680820e-02 -1.1724300e+03]
 [ 0.0000000e+00  0.0000000e+00  0.0000000e+00  1.0000000e+00]]
[-0174.99, -0008.06, -1107.18]
1510, 900, 1069
[[-5.8463460e-02  9.7654392e-01 -2.0617780e-01 -3.0060000e+01]
 [ 6.9645200e-02  2.1024120e-01  9.7499940e-01  1.4086000e+02]
 [ 9.9563892e-01  4.2851560e-02 -8.0145300e-02 -1.1724600e+03]
 [ 0.0000000e+00  0.0000000e+00  0.0000000e+00  1.0000000e+00]]
[-0166.95, +0096.18, -1109.21]
886, 1126, 2130
[[-5.7591540e-02  9.7666522e-01 -2.0613044e-01 -2.9970000e+01]
 [ 6.9447740e-02  2.1005606e-01  9.7509772e-01  1.4084000e+02]
 [ 9.9576188e-01  4.1995240e-02 -7.9809040e-02 -1.1724200e+03]
 [ 0.0000000e+00  0.0000000e+00  0.0000000e+00  1.0000000e+00]]
[-0194.00, +0020.40, -1105.82]
950, 1714, 1238
[[-5.8638760e-02  9.7647430e-01 -2.0658298e-01 -3.0040000e+01]
 [ 6.9017980e-02  2.1060620e-01  9.7498514e-01  1.4091000e+02]
 [ 9.9569830e-01  4.3098100e-02 -7.9605000e-02 -1.1724700e+03]
 [ 0.0000000e+00  0.0000000e+00  0.0000000e+00  1.0000000e+00]]
[-0161.02, -0019.38, -1110.58]
1803, 2007, 1646
[[-5.8224400e-02  9.7625396e-01 -2.0753208e-01 -3.0150000e+01]
 [ 7.0835960e-02  2.1164216e-01  9.7459776e-01  1.4101000e+02]
 [ 9.9555192e-01  4.2269760e-02 -8.1307200e-02 -1.1724700e+03]
 [ 0.0000000e+00  0.0000000e+00  0.0000000e+00  1.0000000e+00]]
[-0103.90, +0024.09, -1091.98]
1612, 2115, 862
[[-5.8166920e-02  9.7626738e-01 -2.0733850e-01 -3.0110000e+01]
 [ 7.0642380e-02  2.1146718e-01  9.7462650e-01  1.4100000e+02]
 [ 9.9553850e-01  4.2298500e-02 -8.1074740e-02 -1.1724400e+03]
 [ 0.0000000e+00  0.0000000e+00  0.0000000e+00  1.0000000e+00]]
[-0110.15, -0000.93, -1098.64]
1572, 1183, 2196
[[-5.8463460e-02  9.7651542e-01 -2.0638158e-01 -3.0050000e+01]
 [ 6.9441420e-02  2.1042134e-01  9.7498598e-01  1.4088000e+02]
 [ 9.9566742e-01  4.2864980e-02 -7.9965160e-02 -1.1724500e+03]
 [ 0.0000000e+00  0.0000000e+00  0.0000000e+00  1.0000000e+00]]
[-0154.75, +0074.49, -1092.32]
2180, 1919, 1025
[[-5.8397320e-02  9.7615516e-01 -2.0779280e-01 -3.0210000e+01]
 [ 7.1707840e-02  2.1198668e-01  9.7443460e-01  1.4104000e+02]
 [ 9.9544700e-01  4.2260000e-02 -8.2185000e-02 -1.1724600e+03]
 [ 0.0000000e+00  0.0000000e+00  0.0000000e+00  1.0000000e+00]]
[-0091.93, +0058.53, -1098.68]
1606, 1603, 2174
[[-5.7587560e-02  9.7643388e-01 -2.0668540e-01 -3.0080000e+01]
 [ 7.0219800e-02  2.1075670e-01  9.7480590e-01  1.4092000e+02]
 [ 9.9559588e-01  4.1883660e-02 -8.0505700e-02 -1.1724400e+03]
 [ 0.0000000e+00  0.0000000e+00  0.0000000e+00  1.0000000e+00]]
[-0137.71, +0040.19, -1084.65]
1731, 1489, 1216
[[-5.7994960e-02  9.7651136e-01 -2.0678636e-01 -3.0110000e+01]
 [ 7.0090240e-02  2.1076182e-01  9.7490608e-01  1.4094000e+02]
 [ 9.9570196e-01  4.2190880e-02 -8.0557780e-02 -1.1724600e+03]
 [ 0.0000000e+00  0.0000000e+00  0.0000000e+00  1.0000000e+00]]
[-0133.43, +0062.16, -1086.71]
811, 1927, 952
[[-5.8055940e-02  9.7646860e-01 -2.0680412e-01 -2.9980000e+01]
 [ 6.9075880e-02  2.1077670e-01  9.7494884e-01  1.4092000e+02]
 [ 9.9573460e-01  4.2494600e-02 -7.9552800e-02 -1.1724600e+03]
 [ 0.0000000e+00  0.0000000e+00  0.0000000e+00  1.0000000e+00]]
[-0153.07, -0039.88, -1135.39]
1011, 1744, 1724
[[-5.8055940e-02  9.7652560e-01 -2.0639664e-01 -3.0030000e+01]
 [ 6.9483360e-02  2.1041646e-01  9.7497580e-01  1.4091000e+02]
 [ 9.9567760e-01  4.2467640e-02 -7.9913040e-02 -1.1724600e+03]
 [ 0.0000000e+00  0.0000000e+00  0.0000000e+00  1.0000000e+00]]
[-0157.46, -0016.22, -1107.40]
2038, 946, 1911
[[-5.8747080e-02  9.7627462e-01 -2.0749630e-01 -3.0220000e+01]
 [ 7.1588380e-02  2.1163692e-01  9.7457710e-01  1.4101000e+02]
 [ 9.9551090e-01  4.2582700e-02 -8.2185000e-02 -1.1724400e+03]
 [ 0.0000000e+00  0.0000000e+00  0.0000000e+00  1.0000000e+00]]
[-0133.49, +0119.03, -1129.74]
1145, 1337, 1202
[[-5.8924560e-02  9.7637660e-01 -2.0702684e-01 -3.0110000e+01]
 [ 7.0480840e-02  2.1112214e-01  9.7477910e-01  1.4098000e+02]
 [ 9.9559220e-01  4.3018340e-02 -8.1127060e-02 -1.1724200e+03]
 [ 0.0000000e+00  0.0000000e+00  0.0000000e+00  1.0000000e+00]]
[-0172.36, +0025.32, -1091.91]
1187, 1212, 934
[[-5.9039440e-02  9.7640732e-01 -2.0700628e-01 -3.0110000e+01]
 [ 7.1275480e-02  2.1111198e-01  9.7474838e-01  1.4097000e+02]
 [ 9.9556148e-01  4.2934180e-02 -8.1952420e-02 -1.1723800e+03]
 [ 0.0000000e+00  0.0000000e+00  0.0000000e+00  1.0000000e+00]]
[-0176.55, +0039.47, -1092.40]
1761, 1411, 1392
[[-5.8107060e-02  9.7625330e-01 -2.0772830e-01 -3.0170000e+01]
 [ 7.1249300e-02  2.1181182e-01  9.7455622e-01  1.4103000e+02]
 [ 9.9556270e-01  4.2021220e-02 -8.1719880e-02 -1.1724300e+03]
 [ 0.0000000e+00  0.0000000e+00  0.0000000e+00  1.0000000e+00]]
[-0133.14, +0072.86, -1089.17]
1641, 1680, 1596
[[-5.8341940e-02  9.7622596e-01 -2.0753968e-01 -3.0140000e+01]
 [ 7.0218920e-02  2.1165240e-01  9.7462576e-01  1.4103000e+02]
 [ 9.9556976e-01  4.2531680e-02 -8.0714500e-02 -1.1724600e+03]
 [ 0.0000000e+00  0.0000000e+00  0.0000000e+00  1.0000000e+00]]
[-0129.58, +0037.25, -1084.50]
814, 1373, 1519
[[-5.7705540e-02  9.7660984e-01 -2.0672146e-01 -3.0010000e+01]
 [ 6.9631360e-02  2.1058668e-01  9.7502728e-01  1.4094000e+02]
 [ 9.9581726e-01  4.1951680e-02 -8.0093220e-02 -1.1724400e+03]
 [ 0.0000000e+00  0.0000000e+00  0.0000000e+00  1.0000000e+00]]
[-0184.48, -0006.25, -1112.07]
1477, 910, 1704
[[-5.7644800e-02  9.7650800e-01 -2.0699520e-01 -3.0090000e+01]
 [ 7.0325920e-02  2.1093176e-01  9.7486740e-01  1.4095000e+02]
 [ 9.9572544e-01  4.1764920e-02 -8.0738000e-02 -1.1724400e+03]
 [ 0.0000000e+00  0.0000000e+00  0.0000000e+00  1.0000000e+00]]
[-0168.68, +0092.94, -1107.39]
2106, 1818, 922
[[-5.8862600e-02  9.7595742e-01 -2.0846574e-01 -3.0250000e+01]
 [ 7.1335260e-02  2.1270716e-01  9.7428562e-01  1.4112000e+02]
 [ 9.9542058e-01  4.2758660e-02 -8.1929800e-02 -1.1724600e+03]
 [ 0.0000000e+00  0.0000000e+00  0.0000000e+00  1.0000000e+00]]
[-0097.30, +0062.32, -1095.84]
1789, 2029, 1982
[[-5.8281960e-02  9.7621174e-01 -2.0792938e-01 -3.0150000e+01]
 [ 7.0825820e-02  2.1199724e-01  9.7455554e-01  1.4107000e+02]
 [ 9.9559414e-01  4.2254420e-02 -8.1359560e-02 -1.1724300e+03]
 [ 0.0000000e+00  0.0000000e+00  0.0000000e+00  1.0000000e+00]]
[-0107.58, +0014.73, -1093.71]
2045, 2023, 1153
[[-5.8455120e-02  9.7608396e-01 -2.0839380e-01 -3.0230000e+01]
 [ 7.1493960e-02  2.1252182e-01  9.7437890e-01  1.4113000e+02]
 [ 9.9551820e-01  4.2257900e-02 -8.2057300e-02 -1.1724700e+03]
 [ 0.0000000e+00  0.0000000e+00  0.0000000e+00  1.0000000e+00]]
[-0092.98, +0039.72, -1096.09]
1325, 1789, 1924
[[-5.8166920e-02  9.7626738e-01 -2.0733850e-01 -3.0120000e+01]
 [ 7.0642380e-02  2.1146718e-01  9.7462650e-01  1.4101000e+02]
 [ 9.9553850e-01  4.2298500e-02 -8.1074740e-02 -1.1724300e+03]
 [ 0.0000000e+00  0.0000000e+00  0.0000000e+00  1.0000000e+00]]
[-0142.25, +0003.94, -1092.08]
2080, 1176, 1233
[[-5.8747080e-02  9.7624578e-01 -2.0770006e-01 -3.0220000e+01]
 [ 7.1384620e-02  2.1181710e-01  9.7456374e-01  1.4105000e+02]
 [ 9.9553974e-01  4.2596060e-02 -8.2004820e-02 -1.1724500e+03]
 [ 0.0000000e+00  0.0000000e+00  0.0000000e+00  1.0000000e+00]]
[-0123.51, +0108.27, -1115.67]
2184, 1897, 1222
[[-5.8978440e-02  9.7610488e-01 -2.0835784e-01 -3.0250000e+01]
 [ 7.2246160e-02  2.1251646e-01  9.7435798e-01  1.4113000e+02]
 [ 9.9547688e-01  4.2570460e-02 -8.2935540e-02 -1.1724700e+03]
 [ 0.0000000e+00  0.0000000e+00  0.0000000e+00  1.0000000e+00]]
[-0092.44, +0060.33, -1098.76]
1850, 1870, 1327
[[-5.8456900e-02  9.7622778e-01 -2.0772306e-01 -3.0140000e+01]
 [ 7.0809780e-02  2.1182230e-01  9.7458174e-01  1.4105000e+02]
 [ 9.9556794e-01  4.2460740e-02 -8.1359560e-02 -1.1724500e+03]
 [ 0.0000000e+00  0.0000000e+00  0.0000000e+00  1.0000000e+00]]
[-0112.15, +0033.23, -1089.31]
2045, 1673, 943
[[-5.8514500e-02  9.7612688e-01 -2.0780034e-01 -3.0200000e+01]
 [ 7.1090800e-02  2.1199724e-01  9.7446288e-01  1.4106000e+02]
 [ 9.9546510e-01  4.2522000e-02 -8.1592100e-02 -1.1724600e+03]
 [ 0.0000000e+00  0.0000000e+00  0.0000000e+00  1.0000000e+00]]
[-0109.27, +0071.39, -1094.54]
2054, 1533, 1726
[[-5.8514500e-02  9.7624316e-01 -2.0771288e-01 -3.0200000e+01]
 [ 7.1207080e-02  2.1181710e-01  9.7456636e-01  1.4105000e+02]
 [ 9.9555256e-01  4.2418520e-02 -8.1772240e-02 -1.1724400e+03]
 [ 0.0000000e+00  0.0000000e+00  0.0000000e+00  1.0000000e+00]]
[-0113.72, +0082.71, -1097.87]
2046, 2199, 2053
[[-5.7582600e-02  9.7623382e-01 -2.0814374e-01 -3.0180000e+01]
 [ 7.1501300e-02  2.1215606e-01  9.7449118e-01  1.4110000e+02]
 [ 9.9561230e-01  4.1388700e-02 -8.1900100e-02 -1.1724400e+03]
 [ 0.0000000e+00  0.0000000e+00  0.0000000e+00  1.0000000e+00]]
[-0089.02, +0025.31, -1101.50]
1937, 1816, 1385
[[-5.7819860e-02  9.7646676e-01 -2.0719632e-01 -3.0100000e+01]
 [ 6.9902520e-02  2.1111710e-01  9.7486656e-01  1.4097000e+02]
 [ 9.9575664e-01  4.1998080e-02 -8.0377600e-02 -1.1724500e+03]
 [ 0.0000000e+00  0.0000000e+00  0.0000000e+00  1.0000000e+00]]
[-0111.86, +0049.87, -1090.01]
813, 1041, 1019
[[-5.7823720e-02  9.7660858e-01 -2.0579806e-01 -2.9960000e+01]
 [ 6.9916820e-02  2.0987580e-01  9.7501846e-01  1.4085000e+02]
 [ 9.9560474e-01  4.2249740e-02 -8.0221480e-02 -1.1723900e+03]
 [ 0.0000000e+00  0.0000000e+00  0.0000000e+00  1.0000000e+00]]
[-0200.72, +0021.15, -1111.77]
875, 1267, 973
[[-5.8638760e-02  9.7653126e-01 -2.0617538e-01 -3.0020000e+01]
 [ 6.9425580e-02  2.1024604e-01  9.7501206e-01  1.4089000e+02]
 [ 9.9564134e-01  4.3071180e-02 -7.9965160e-02 -1.1724600e+03]
 [ 0.0000000e+00  0.0000000e+00  0.0000000e+00  1.0000000e+00]]
[-0187.07, +0007.55, -1105.88]
1061, 1609, 1183
[[-5.8577620e-02  9.7640094e-01 -2.0665252e-01 -3.0050000e+01]
 [ 6.9916140e-02  2.1077182e-01  9.7483884e-01  1.4093000e+02]
 [ 9.9557812e-01  4.2897960e-02 -8.0429800e-02 -1.1724300e+03]
 [ 0.0000000e+00  0.0000000e+00  0.0000000e+00  1.0000000e+00]]
[-0162.07, -0004.68, -1099.60]
1867, 1254, 1805
[[-5.8052200e-02  9.7641040e-01 -2.0686380e-01 -3.0120000e+01]
 [ 7.0371400e-02  2.1093692e-01  9.7478736e-01  1.4095000e+02]
 [ 9.9559920e-01  4.2252360e-02 -8.0790120e-02 -1.1724600e+03]
 [ 0.0000000e+00  0.0000000e+00  0.0000000e+00  1.0000000e+00]]
[-0132.85, +0093.25, -1099.91]
811, 2090, 1451
[[-5.7066000e-02  9.7632808e-01 -2.0733144e-01 -3.0010000e+01]
 [ 6.8856240e-02  2.1130224e-01  9.7478552e-01  1.4099000e+02]
 [ 9.9572168e-01  4.1610960e-02 -7.9088400e-02 -1.1724600e+03]
 [ 0.0000000e+00  0.0000000e+00  0.0000000e+00  1.0000000e+00]]
[-0142.83, -0043.34, -1143.96]
1342, 827, 2198
[[-5.8112980e-02  9.7656924e-01 -2.0618276e-01 -3.0030000e+01]
 [ 7.0084440e-02  2.1023128e-01  9.7497408e-01  1.4086000e+02]
 [ 9.9563396e-01  4.2412320e-02 -8.0505700e-02 -1.1724300e+03]
 [ 0.0000000e+00  0.0000000e+00  0.0000000e+00  1.0000000e+00]]
[-0179.49, +0088.46, -1110.26]
842, 1294, 1307
[[-5.7534660e-02  9.7653416e-01 -2.0622812e-01 -2.9990000e+01]
 [ 6.8934320e-02  2.1024120e-01  9.7500916e-01  1.4087000e+02]
 [ 9.9568924e-01  4.2140680e-02 -7.9216500e-02 -1.1724400e+03]
 [ 0.0000000e+00  0.0000000e+00  0.0000000e+00  1.0000000e+00]]
[-0187.45, +0002.30, -1108.52]
2166, 1346, 1579
[[-5.8107060e-02  9.7619468e-01 -2.0740834e-01 -3.0210000e+01]
 [ 7.1540440e-02  2.1163160e-01  9.7447948e-01  1.4100000e+02]
 [ 9.9541762e-01  4.2097960e-02 -8.1900100e-02 -1.1724400e+03]
 [ 0.0000000e+00  0.0000000e+00  0.0000000e+00  1.0000000e+00]]
[-0114.30, +0101.17, -1111.44]
811, 2126, 1397
[[-5.8170100e-02  9.7618066e-01 -2.0757022e-01 -3.0030000e+01]
 [ 6.9027020e-02  2.1166716e-01  9.7467106e-01  1.4100000e+02]
 [ 9.9561506e-01  4.2658220e-02 -7.9477300e-02 -1.1724500e+03]
 [ 0.0000000e+00  0.0000000e+00  0.0000000e+00  1.0000000e+00]]
[-0140.49, -0043.61, -1145.53]
2168, 1086, 805
[[-5.8687780e-02  9.7614450e-01 -2.0797348e-01 -3.0270000e+01]
 [ 7.2078900e-02  2.1216150e-01  9.7440300e-01  1.4107000e+02]
 [ 9.9544748e-01  4.2408600e-02 -8.2650280e-02 -1.1724500e+03]
 [ 0.0000000e+00  0.0000000e+00  0.0000000e+00  1.0000000e+00]]
[-0122.65, +0114.61, -1126.06]
1906, 1798, 1777
[[-5.7642100e-02  9.7621920e-01 -2.0795740e-01 -3.0150000e+01]
 [ 7.0690560e-02  2.1199200e-01  9.7454808e-01  1.4104000e+02]
 [ 9.9561692e-01  4.1679600e-02 -8.1074740e-02 -1.1724400e+03]
 [ 0.0000000e+00  0.0000000e+00  0.0000000e+00  1.0000000e+00]]
[-0112.05, +0042.94, -1088.96]
1548, 2089, 978
[[-5.7817000e-02  9.7620654e-01 -2.0795478e-01 -3.0130000e+01]
 [ 7.0470780e-02  2.1199724e-01  9.7456074e-01  1.4105000e+02]
 [ 9.9561954e-01  4.1899380e-02 -8.0894600e-02 -1.1724300e+03]
 [ 0.0000000e+00  0.0000000e+00  0.0000000e+00  1.0000000e+00]]
[-0115.18, -0005.84, -1099.59]
1400, 2153, 2119
[[-5.8514500e-02  9.7606924e-01 -2.0820782e-01 -3.0190000e+01]
 [ 7.0683320e-02  2.1235740e-01  9.7443596e-01  1.4105000e+02]
 [ 9.9552274e-01  4.2548920e-02 -8.1231940e-02 -1.1724300e+03]
 [ 0.0000000e+00  0.0000000e+00  0.0000000e+00  1.0000000e+00]]
[-0118.48, -0018.00, -1107.84]
886, 1614, 1743
[[-5.7998980e-02  9.7648212e-01 -2.0661052e-01 -3.0000000e+01]
 [ 6.8882280e-02  2.1060144e-01  9.7497732e-01  1.4094000e+02]
 [ 9.9572108e-01  4.2523080e-02 -7.9320580e-02 -1.1724500e+03]
 [ 0.0000000e+00  0.0000000e+00  0.0000000e+00  1.0000000e+00]]
[-0169.03, -0017.47, -1112.34]
1973, 1256, 864
[[-5.8049460e-02  9.7638294e-01 -2.0744724e-01 -3.0170000e+01]
 [ 7.1171940e-02  2.1145670e-01  9.7468852e-01  1.4099000e+02]
 [ 9.9563676e-01  4.1946520e-02 -8.1667600e-02 -1.1724500e+03]
 [ 0.0000000e+00  0.0000000e+00  0.0000000e+00  1.0000000e+00]]
[-0126.54, +0099.10, -1104.98]
1771, 1872, 1753
[[-5.7991940e-02  9.7625136e-01 -2.0754480e-01 -3.0120000e+01]
 [ 7.0658400e-02  2.1164216e-01  9.7460036e-01  1.4102000e+02]
 [ 9.9556464e-01  4.2092200e-02 -8.1074740e-02 -1.1724400e+03]
 [ 0.0000000e+00  0.0000000e+00  0.0000000e+00  1.0000000e+00]]
[-0114.17, +0029.50, -1088.13]
945, 2014, 1948
[[-5.7762660e-02  9.7630694e-01 -2.0749764e-01 -3.0040000e+01]
 [ 6.9185340e-02  2.1148230e-01  9.7476452e-01  1.4101000e+02]
 [ 9.9571276e-01  4.2157320e-02 -7.9605000e-02 -1.1724500e+03]
 [ 0.0000000e+00  0.0000000e+00  0.0000000e+00  1.0000000e+00]]
[-0143.45, -0037.35, -1128.50]
1855, 895, 1805
[[-5.7934500e-02  9.7640970e-01 -2.0706000e-01 -3.0140000e+01]
 [ 7.0784700e-02  2.1110678e-01  9.7474600e-01  1.4095000e+02]
 [ 9.9561000e-01  4.2004000e-02 -8.1202720e-02 -1.1724400e+03]
 [ 0.0000000e+00  0.0000000e+00  0.0000000e+00  1.0000000e+00]]
[-0145.51, +0116.18, -1124.55]
808, 1190, 1812
[[-5.7823720e-02  9.7663924e-01 -2.0632160e-01 -3.0000000e+01]
 [ 6.9421760e-02  2.1023628e-01  9.7508180e-01  1.4091000e+02]
 [ 9.9577780e-01  4.2186400e-02 -7.9861000e-02 -1.1724200e+03]
 [ 0.0000000e+00  0.0000000e+00  0.0000000e+00  1.0000000e+00]]
[-0193.61, +0007.04, -1110.93]
1255, 983, 1699
[[-5.8170100e-02  9.7643972e-01 -2.0646394e-01 -3.0070000e+01]
 [ 7.0161880e-02  2.1058668e-01  9.7484204e-01  1.4093000e+02]
 [ 9.9555974e-01  4.2487240e-02 -8.0557780e-02 -1.1724400e+03]
 [ 0.0000000e+00  0.0000000e+00  0.0000000e+00  1.0000000e+00]]
[-0180.41, +0066.87, -1098.98]
807, 1801, 2017
[[-5.7705540e-02  9.7643664e-01 -2.0721644e-01 -3.0020000e+01]
 [ 6.9107840e-02  2.1112710e-01  9.7489668e-01  1.4097000e+02]
 [ 9.9578676e-01  4.2082280e-02 -7.9552800e-02 -1.1724500e+03]
 [ 0.0000000e+00  0.0000000e+00  0.0000000e+00  1.0000000e+00]]
[-0160.67, -0034.80, -1128.79]
1368, 1712, 1764
[[-5.8052200e-02  9.7638176e-01 -2.0706752e-01 -3.0100000e+01]
 [ 7.0167680e-02  2.1111710e-01  9.7477394e-01  1.4099000e+02]
 [ 9.9562784e-01  4.2265780e-02 -8.0609940e-02 -1.1724700e+03]
 [ 0.0000000e+00  0.0000000e+00  0.0000000e+00  1.0000000e+00]]
[-0141.92, +0014.71, -1087.99]
1153, 1813, 2146
[[-5.7819860e-02  9.7646676e-01 -2.0719632e-01 -3.0090000e+01]
 [ 6.9902520e-02  2.1111710e-01  9.7486656e-01  1.4099000e+02]
 [ 9.9575664e-01  4.1998080e-02 -8.0377600e-02 -1.1724600e+03]
 [ 0.0000000e+00  0.0000000e+00  0.0000000e+00  1.0000000e+00]]
[-0147.65, -0013.64, -1101.85]
1496, 1733, 1522
[[-5.7469780e-02  9.7628830e-01 -2.0717282e-01 -3.0100000e+01]
 [ 7.0313300e-02  2.1128700e-01  9.7464770e-01  1.4099000e+02]
 [ 9.9554782e-01  4.1752300e-02 -8.0557780e-02 -1.1724500e+03]
 [ 0.0000000e+00  0.0000000e+00  0.0000000e+00  1.0000000e+00]]
[-0134.00, +0024.32, -1085.81]
1756, 2070, 1279
[[-5.7757380e-02  9.7622110e-01 -2.0814102e-01 -3.0170000e+01]
 [ 7.1281500e-02  2.1216150e-01  9.7450390e-01  1.4108000e+02]
 [ 9.9561502e-01  4.1608500e-02 -8.1719880e-02 -1.1724600e+03]
 [ 0.0000000e+00  0.0000000e+00  0.0000000e+00  1.0000000e+00]]
[-0103.44, +0015.79, -1094.35]
1481, 907, 1840
[[-5.8634820e-02  9.7641614e-01 -2.0664228e-01 -3.0070000e+01]
 [ 7.0313460e-02  2.1076686e-01  9.7482364e-01  1.4092000e+02]
 [ 9.9556292e-01  4.2855960e-02 -8.0842320e-02 -1.1724500e+03]
 [ 0.0000000e+00  0.0000000e+00  0.0000000e+00  1.0000000e+00]]
[-0170.13, +0090.47, -1106.91]
1688, 2073, 1138
[[-5.7932200e-02  9.7620838e-01 -2.0813834e-01 -3.0170000e+01]
 [ 7.1061700e-02  2.1216686e-01  9.7451662e-01  1.4107000e+02]
 [ 9.9561770e-01  4.1828300e-02 -8.1539700e-02 -1.1724400e+03]
 [ 0.0000000e+00  0.0000000e+00  0.0000000e+00  1.0000000e+00]]
[-0106.86, +0009.48, -1094.98]
1577, 2126, 1106
[[-5.8164740e-02  9.7612362e-01 -2.0800932e-01 -3.0130000e+01]
 [ 7.1326620e-02  2.1216686e-01  9.7442388e-01  1.4107000e+02]
 [ 9.9548868e-01  4.2095880e-02 -8.1772240e-02 -1.1724400e+03]
 [ 0.0000000e+00  0.0000000e+00  0.0000000e+00  1.0000000e+00]]
[-0111.29, -0004.65, -1100.32]
2015, 2107, 1279
[[-5.8687780e-02  9.7608662e-01 -2.0838096e-01 -3.0200000e+01]
 [ 7.1671420e-02  2.1252182e-01  9.7437624e-01  1.4111000e+02]
 [ 9.9550536e-01  4.2435360e-02 -8.2289960e-02 -1.1725000e+03]
 [ 0.0000000e+00  0.0000000e+00  0.0000000e+00  1.0000000e+00]]
[-0091.36, +0033.07, -1097.76]
1016, 2001, 1079
[[-5.7473320e-02  9.7634660e-01 -2.0711284e-01 -3.0050000e+01]
 [ 6.9017800e-02  2.1112710e-01  9.7480910e-01  1.4097000e+02]
 [ 9.9568316e-01  4.1994700e-02 -7.9320580e-02 -1.1724700e+03]
 [ 0.0000000e+00  0.0000000e+00  0.0000000e+00  1.0000000e+00]]
[-0142.23, -0030.77, -1120.67]
1040, 1735, 1354
[[-5.7994960e-02  9.7627904e-01 -2.0696148e-01 -3.0060000e+01]
 [ 6.9857920e-02  2.1112214e-01  9.7469904e-01  1.4096000e+02]
 [ 9.9552684e-01  4.2397920e-02 -8.0197460e-02 -1.1724300e+03]
 [ 0.0000000e+00  0.0000000e+00  0.0000000e+00  1.0000000e+00]]
[-0157.16, -0013.19, -1104.69]
1343, 1877, 2198
[[-5.8459680e-02  9.7622676e-01 -2.0734364e-01 -3.0100000e+01]
 [ 6.9805640e-02  2.1148230e-01  9.7466712e-01  1.4101000e+02]
 [ 9.9555876e-01  4.2780080e-02 -8.0302020e-02 -1.1724700e+03]
 [ 0.0000000e+00  0.0000000e+00  0.0000000e+00  1.0000000e+00]]
[-0134.41, -0001.44, -1094.07]
946, 1499, 1359
[[-5.7880720e-02  9.7650968e-01 -2.0660284e-01 -3.0020000e+01]
 [ 6.9499280e-02  2.1059168e-01  9.7494976e-01  1.4094000e+02]
 [ 9.9570364e-01  4.2261440e-02 -7.9913040e-02 -1.1724300e+03]
 [ 0.0000000e+00  0.0000000e+00  0.0000000e+00  1.0000000e+00]]
[-0173.26, -0004.69, -1104.31]
877, 1586, 1882
[[-5.8112980e-02  9.7657122e-01 -2.0691012e-01 -3.0010000e+01]
 [ 6.9385620e-02  2.1077182e-01  9.7502388e-01  1.4095000e+02]
 [ 9.9583572e-01  4.2362520e-02 -7.9965160e-02 -1.1724200e+03]
 [ 0.0000000e+00  0.0000000e+00  0.0000000e+00  1.0000000e+00]]
[-0171.07, -0017.54, -1112.94]
1419, 1428, 1335
[[-5.7937800e-02  9.7635152e-01 -2.0708776e-01 -3.0090000e+01]
 [ 6.9373040e-02  2.1112710e-01  9.7480418e-01  1.4097000e+02]
 [ 9.9565808e-01  4.2349940e-02 -7.9785060e-02 -1.1724700e+03]
 [ 0.0000000e+00  0.0000000e+00  0.0000000e+00  1.0000000e+00]]
[-0152.51, +0043.50, -1085.15]
1193, 1980, 2049
[[-5.7294800e-02  9.7624356e-01 -2.0758272e-01 -3.0080000e+01]
 [ 7.0125720e-02  2.1164216e-01  9.7460816e-01  1.4101000e+02]
 [ 9.9560256e-01  4.1559520e-02 -8.0377600e-02 -1.1724400e+03]
 [ 0.0000000e+00  0.0000000e+00  0.0000000e+00  1.0000000e+00]]
[-0136.50, -0022.14, -1108.18]
821, 1481, 2160
[[-5.7942100e-02  9.7646722e-01 -2.0662066e-01 -2.9990000e+01]
 [ 6.8484940e-02  2.1060620e-01  9.7499222e-01  1.4091000e+02]
 [ 9.9573598e-01  4.2565060e-02 -7.8908340e-02 -1.1724500e+03]
 [ 0.0000000e+00  0.0000000e+00  0.0000000e+00  1.0000000e+00]]
[-0178.52, -0013.83, -1114.29]
1962, 978, 864
[[-5.8224400e-02  9.7631148e-01 -2.0712464e-01 -3.0170000e+01]
 [ 7.1243400e-02  2.1128176e-01  9.7462452e-01  1.4097000e+02]
 [ 9.9549440e-01  4.2243000e-02 -8.1667600e-02 -1.1724500e+03]
 [ 0.0000000e+00  0.0000000e+00  0.0000000e+00  1.0000000e+00]]
[-0137.14, +0115.76, -1123.38]
923, 1960, 1012
[[-5.7473320e-02  9.7640566e-01 -2.0743262e-01 -3.0040000e+01]
 [ 6.8726540e-02  2.1130716e-01  9.7488554e-01  1.4099000e+02]
 [ 9.9582778e-01  4.1918260e-02 -7.9140520e-02 -1.1724500e+03]
 [ 0.0000000e+00  0.0000000e+00  0.0000000e+00  1.0000000e+00]]
[-0147.55, -0036.48, -1127.35]
1298, 1693, 2072
[[-5.7005220e-02  9.7648672e-01 -2.0722660e-01 -3.0090000e+01]
 [ 6.9986720e-02  2.1110678e-01  9.7484660e-01  1.4098000e+02]
 [ 9.9577660e-01  4.1203400e-02 -8.0273440e-02 -1.1724600e+03]
 [ 0.0000000e+00  0.0000000e+00  0.0000000e+00  1.0000000e+00]]
[-0147.37, +0010.19, -1090.00]
1985, 948, 1198
[[-5.8281960e-02  9.7629814e-01 -2.0731822e-01 -3.0190000e+01]
 [ 7.1436980e-02  2.1145670e-01  9.7459574e-01  1.4100000e+02]
 [ 9.9550774e-01  4.2214220e-02 -8.1900100e-02 -1.1724500e+03]
 [ 0.0000000e+00  0.0000000e+00  0.0000000e+00  1.0000000e+00]]
[-0136.14, +0117.96, -1127.13]
1408, 2017, 1454
[[-5.8399380e-02  9.7629998e-01 -2.0784948e-01 -3.0120000e+01]
 [ 7.0324980e-02  2.1182742e-01  9.7468708e-01  1.4103000e+02]
 [ 9.9569948e-01  4.2412920e-02 -8.0946960e-02 -1.1724500e+03]
 [ 0.0000000e+00  0.0000000e+00  0.0000000e+00  1.0000000e+00]]
[-0124.63, -0009.97, -1099.57]
1707, 1165, 1529
[[-5.8284580e-02  9.7647184e-01 -2.0717104e-01 -3.0130000e+01]
 [ 7.0257760e-02  2.1111710e-01  9.7486148e-01  1.4097000e+02]
 [ 9.9573136e-01  4.2353320e-02 -8.0842320e-02 -1.1724700e+03]
 [ 0.0000000e+00  0.0000000e+00  0.0000000e+00  1.0000000e+00]]
[-0145.48, +0088.52, -1097.32]
1991, 1415, 1927
[[-5.7874560e-02  9.7616320e-01 -2.0762480e-01 -3.0190000e+01]
 [ 7.1159200e-02  2.1181182e-01  9.7446878e-01  1.4102000e+02]
 [ 9.9545920e-01  4.1933780e-02 -8.1487380e-02 -1.1724500e+03]
 [ 0.0000000e+00  0.0000000e+00  0.0000000e+00  1.0000000e+00]]
[-0119.31, +0088.68, -1098.75]
1805, 1293, 1839
[[-5.7644800e-02  9.7639184e-01 -2.0708272e-01 -3.0110000e+01]
 [ 7.0209760e-02  2.1111198e-01  9.7476386e-01  1.4097000e+02]
 [ 9.9563792e-01  4.1868460e-02 -8.0557780e-02 -1.1724400e+03]
 [ 0.0000000e+00  0.0000000e+00  0.0000000e+00  1.0000000e+00]]
[-0137.21, +0082.69, -1094.38]
1055, 828, 1445
[[-5.7998980e-02  9.7651058e-01 -2.0640678e-01 -3.0040000e+01]
 [ 6.9086020e-02  2.1042134e-01  9.7499082e-01  1.4088000e+02]
 [ 9.9569262e-01  4.2509580e-02 -7.9500680e-02 -1.1724300e+03]
 [ 0.0000000e+00  0.0000000e+00  0.0000000e+00  1.0000000e+00]]
[-0196.68, +0063.76, -1109.79]
2000, 1161, 2073
[[-5.8514500e-02  9.7630080e-01 -2.0730540e-01 -3.0190000e+01]
 [ 7.1614560e-02  2.1145670e-01  9.7459308e-01  1.4100000e+02]
 [ 9.9549492e-01  4.2391800e-02 -8.2132640e-02 -1.1724300e+03]
 [ 0.0000000e+00  0.0000000e+00  0.0000000e+00  1.0000000e+00]]
[-0128.18, +0106.20, -1112.14]
1587, 2153, 1307
[[-5.8164740e-02  9.7621104e-01 -2.0812560e-01 -3.0150000e+01]
 [ 7.1239200e-02  2.1216686e-01  9.7451396e-01  1.4108000e+02]
 [ 9.9560496e-01  4.2005800e-02 -8.1772240e-02 -1.1724400e+03]
 [ 0.0000000e+00  0.0000000e+00  0.0000000e+00  1.0000000e+00]]
[-0111.02, -0007.09, -1102.27]
1059, 1631, 1450
[[-5.8814100e-02  9.7628862e-01 -2.0707596e-01 -3.0080000e+01]
 [ 6.8274540e-02  2.1115070e-01  9.7486708e-01  1.4096000e+02]
 [ 9.9566988e-01  4.3448440e-02 -7.8885160e-02 -1.1725000e+03]
 [ 0.0000000e+00  0.0000000e+00  0.0000000e+00  1.0000000e+00]]
[-0162.20, -0005.27, -1100.23]
930, 1320, 1366
[[-5.8170100e-02  9.7661488e-01 -2.0669626e-01 -3.0020000e+01]
 [ 6.9986720e-02  2.1058668e-01  9.7502224e-01  1.4092000e+02]
 [ 9.9579206e-01  4.2307040e-02 -8.0557780e-02 -1.1724100e+03]
 [ 0.0000000e+00  0.0000000e+00  0.0000000e+00  1.0000000e+00]]
[-0183.33, +0007.77, -1103.02]
1038, 1345, 881
[[-5.7994960e-02  9.7639520e-01 -2.0687392e-01 -3.0070000e+01]
 [ 6.9974080e-02  2.1094200e-01  9.7480256e-01  1.4094000e+02]
 [ 9.9561440e-01  4.2294400e-02 -8.0377600e-02 -1.1724300e+03]
 [ 0.0000000e+00  0.0000000e+00  0.0000000e+00  1.0000000e+00]]
[-0177.22, +0015.76, -1096.52]
866, 1932, 1172
[[-5.8112980e-02  9.7631040e-01 -2.0728906e-01 -3.0040000e+01]
 [ 6.8949600e-02  2.1131200e-01  9.7480320e-01  1.4099000e+02]
 [ 9.9568906e-01  4.2583200e-02 -7.9424980e-02 -1.1724700e+03]
 [ 0.0000000e+00  0.0000000e+00  0.0000000e+00  1.0000000e+00]]
[-0151.41, -0037.90, -1130.85]
1016, 914, 1314
[[-5.8055940e-02  9.7652560e-01 -2.0639664e-01 -3.0040000e+01]
 [ 6.9483360e-02  2.1041646e-01  9.7497580e-01  1.4089000e+02]
 [ 9.9567760e-01  4.2467640e-02 -7.9913040e-02 -1.1724500e+03]
 [ 0.0000000e+00  0.0000000e+00  0.0000000e+00  1.0000000e+00]]
[-0196.53, +0052.28, -1106.44]
1350, 1256, 1434
[[-5.7819860e-02  9.7649538e-01 -2.0699262e-01 -3.0080000e+01]
 [ 7.0106220e-02  2.1093692e-01  9.7488002e-01  1.4096000e+02]
 [ 9.9572802e-01  4.1984620e-02 -8.0557780e-02 -1.1724400e+03]
 [ 0.0000000e+00  0.0000000e+00  0.0000000e+00  1.0000000e+00]]
[-0164.06, +0051.08, -1088.34]
1963, 1902, 1271
[[-5.7874560e-02  9.7610560e-01 -2.0803216e-01 -3.0190000e+01]
 [ 7.0751840e-02  2.1217214e-01  9.7444190e-01  1.4106000e+02]
 [ 9.9551680e-01  4.1960660e-02 -8.1127060e-02 -1.1724600e+03]
 [ 0.0000000e+00  0.0000000e+00  0.0000000e+00  1.0000000e+00]]
[-0100.88, +0046.07, -1091.62]
1545, 1230, 1191
[[-5.8345280e-02  9.7636992e-01 -2.0686896e-01 -3.0090000e+01]
 [ 6.9534720e-02  2.1095192e-01  9.7482784e-01  1.4095000e+02]
 [ 9.9561936e-01  4.2733760e-02 -8.0017360e-02 -1.1724500e+03]
 [ 0.0000000e+00  0.0000000e+00  0.0000000e+00  1.0000000e+00]]
[-0155.66, +0067.32, -1090.09]
1627, 1065, 1455
[[-5.8170100e-02  9.7649872e-01 -2.0678384e-01 -3.0090000e+01]
 [ 6.9870560e-02  2.1076686e-01  9.7491872e-01  1.4094000e+02]
 [ 9.9570448e-01  4.2410560e-02 -8.0377600e-02 -1.1724300e+03]
 [ 0.0000000e+00  0.0000000e+00  0.0000000e+00  1.0000000e+00]]
[-0154.97, +0089.41, -1100.19]
1758, 1462, 1013
[[-5.7991940e-02  9.7636758e-01 -2.0745732e-01 -3.0150000e+01]
 [ 7.0774620e-02  2.1146198e-01  9.7470388e-01  1.4101000e+02]
 [ 9.9565212e-01  4.1988680e-02 -8.1254920e-02 -1.1724300e+03]
 [ 0.0000000e+00  0.0000000e+00  0.0000000e+00  1.0000000e+00]]
[-0131.11, +0067.99, -1087.73]
944, 1907, 1784
[[-5.7355300e-02  9.7634556e-01 -2.0730898e-01 -3.0050000e+01]
 [ 6.9431160e-02  2.1129724e-01  9.7476804e-01  1.4099000e+02]
 [ 9.9569422e-01  4.1746440e-02 -7.9732900e-02 -1.1724300e+03]
 [ 0.0000000e+00  0.0000000e+00  0.0000000e+00  1.0000000e+00]]
[-0149.82, -0032.82, -1121.95]
1660, 1912, 1630
[[-5.7527140e-02  9.7621746e-01 -2.0777378e-01 -3.0140000e+01]
 [ 7.0099620e-02  2.1182230e-01  9.7459206e-01  1.4103000e+02]
 [ 9.9561866e-01  4.1750580e-02 -8.0429800e-02 -1.1724800e+03]
 [ 0.0000000e+00  0.0000000e+00  0.0000000e+00  1.0000000e+00]]
[-0115.89, +0021.97, -1088.54]
1164, 977, 1126
[[-5.7530400e-02  9.7641872e-01 -2.0669544e-01 -3.0060000e+01]
 [ 6.9822480e-02  2.1076182e-01  9.7482106e-01  1.4091000e+02]
 [ 9.9561104e-01  4.1925660e-02 -8.0093220e-02 -1.1724300e+03]
 [ 0.0000000e+00  0.0000000e+00  0.0000000e+00  1.0000000e+00]]
[-0186.63, +0059.88, -1100.67]
2080, 1228, 1064
[[-5.8514500e-02  9.7627198e-01 -2.0750914e-01 -3.0220000e+01]
 [ 7.1410820e-02  2.1163692e-01  9.7457974e-01  1.4102000e+02]
 [ 9.9552374e-01  4.2405140e-02 -8.1952420e-02 -1.1724500e+03]
 [ 0.0000000e+00  0.0000000e+00  0.0000000e+00  1.0000000e+00]]
[-0121.76, +0105.15, -1112.63]
2099, 1175, 1423
[[-5.8689440e-02  9.7637544e-01 -2.0741904e-01 -3.0210000e+01]
 [ 7.1307360e-02  2.1146198e-01  9.7469602e-01  1.4101000e+02]
 [ 9.9561384e-01  4.2521420e-02 -8.1952420e-02 -1.1724500e+03]
 [ 0.0000000e+00  0.0000000e+00  0.0000000e+00  1.0000000e+00]]
[-0122.67, +0108.82, -1116.81]
902, 1373, 1392
[[-5.8170100e-02  9.7649872e-01 -2.0678384e-01 -3.0030000e+01]
 [ 6.9870560e-02  2.1076686e-01  9.7491872e-01  1.4094000e+02]
 [ 9.9570448e-01  4.2410560e-02 -8.0377600e-02 -1.1724100e+03]
 [ 0.0000000e+00  0.0000000e+00  0.0000000e+00  1.0000000e+00]]
[-0181.44, +0000.70, -1105.35]
923, 2118, 1585
[[-5.8689440e-02  9.7620156e-01 -2.0791404e-01 -3.0120000e+01]
 [ 7.0783560e-02  2.1200240e-01  9.7456572e-01  1.4106000e+02]
 [ 9.9558396e-01  4.2651720e-02 -8.1412000e-02 -1.1724200e+03]
 [ 0.0000000e+00  0.0000000e+00  0.0000000e+00  1.0000000e+00]]
[-0138.45, -0040.32, -1136.41]
1133, 1191, 1709
[[-5.7762660e-02  9.7650882e-01 -2.0679898e-01 -3.0070000e+01]
 [ 6.9912580e-02  2.1076182e-01  9.7490862e-01  1.4093000e+02]
 [ 9.9571458e-01  4.2013220e-02 -8.0325480e-02 -1.1724300e+03]
 [ 0.0000000e+00  0.0000000e+00  0.0000000e+00  1.0000000e+00]]
[-0179.50, +0036.83, -1093.96]
1131, 1234, 1377
[[-5.7762660e-02  9.7639268e-01 -2.0688654e-01 -3.0070000e+01]
 [ 6.9796440e-02  2.1094200e-01  9.7480508e-01  1.4094000e+02]
 [ 9.9562702e-01  4.2116760e-02 -8.0145300e-02 -1.1724400e+03]
 [ 0.0000000e+00  0.0000000e+00  0.0000000e+00  1.0000000e+00]]
[-0177.20, +0032.11, -1093.16]
1760, 1317, 1775
[[-5.7527140e-02  9.7636234e-01 -2.0748264e-01 -3.0140000e+01]
 [ 7.0419460e-02  2.1146198e-01  9.7470912e-01  1.4099000e+02]
 [ 9.9567744e-01  4.1633520e-02 -8.0790120e-02 -1.1724400e+03]
 [ 0.0000000e+00  0.0000000e+00  0.0000000e+00  1.0000000e+00]]
[-0137.08, +0081.05, -1092.60]
1313, 871, 1745
[[-5.8170100e-02  9.7643972e-01 -2.0646394e-01 -3.0060000e+01]
 [ 7.0161880e-02  2.1058668e-01  9.7484204e-01  1.4091000e+02]
 [ 9.9555974e-01  4.2487240e-02 -8.0557780e-02 -1.1724300e+03]
 [ 0.0000000e+00  0.0000000e+00  0.0000000e+00  1.0000000e+00]]
[-0181.07, +0081.19, -1106.46]
1632, 2035, 2053
[[-5.7874560e-02  9.7633808e-01 -2.0785728e-01 -3.0160000e+01]
 [ 7.0984320e-02  2.1181182e-01  9.7464898e-01  1.4106000e+02]
 [ 9.9569168e-01  4.1753580e-02 -8.1487380e-02 -1.1724500e+03]
 [ 0.0000000e+00  0.0000000e+00  0.0000000e+00  1.0000000e+00]]
[-0111.16, +0008.09, -1093.81]
1713, 1871, 806
[[-5.7991940e-02  9.7625136e-01 -2.0754480e-01 -3.0150000e+01]
 [ 7.0658400e-02  2.1164216e-01  9.7460036e-01  1.4103000e+02]
 [ 9.9556464e-01  4.2092200e-02 -8.1074740e-02 -1.1724600e+03]
 [ 0.0000000e+00  0.0000000e+00  0.0000000e+00  1.0000000e+00]]
[-0116.17, +0031.67, -1087.69]
1992, 1535, 2028
[[-5.8399380e-02  9.7632872e-01 -2.0764574e-01 -3.0180000e+01]
 [ 7.0528720e-02  2.1164732e-01  9.7470056e-01  1.4102000e+02]
 [ 9.9567074e-01  4.2399440e-02 -8.1127060e-02 -1.1724800e+03]
 [ 0.0000000e+00  0.0000000e+00  0.0000000e+00  1.0000000e+00]]
[-0115.35, +0080.83, -1095.31]
1876, 1726, 1215
[[-5.7877140e-02  9.7622092e-01 -2.0756500e-01 -3.0130000e+01]
 [ 6.9863800e-02  2.1165240e-01  9.7463080e-01  1.4101000e+02]
 [ 9.9559508e-01  4.2176560e-02 -8.0249700e-02 -1.1724700e+03]
 [ 0.0000000e+00  0.0000000e+00  0.0000000e+00  1.0000000e+00]]
[-0114.61, +0051.51, -1087.69]
1329, 2157, 1166
[[-5.7991940e-02  9.7607766e-01 -2.0803968e-01 -3.0130000e+01]
 [ 7.0134780e-02  2.1218246e-01  9.7446984e-01  1.4106000e+02]
 [ 9.9553464e-01  4.2222720e-02 -8.0534440e-02 -1.1724500e+03]
 [ 0.0000000e+00  0.0000000e+00  0.0000000e+00  1.0000000e+00]]
[-0121.43, -0022.60, -1111.61]
1713, 1556, 1854
[[-5.8399380e-02  9.7626996e-01 -2.0732576e-01 -3.0140000e+01]
 [ 7.0819960e-02  2.1146718e-01  9.7462392e-01  1.4100000e+02]
 [ 9.9552576e-01  4.2476080e-02 -8.1307200e-02 -1.1724600e+03]
 [ 0.0000000e+00  0.0000000e+00  0.0000000e+00  1.0000000e+00]]
[-0130.20, +0058.79, -1085.86]
863, 891, 1270
[[-5.8055940e-02  9.7667022e-01 -2.0610528e-01 -2.9990000e+01]
 [ 6.9803220e-02  2.1005606e-01  9.7509272e-01  1.4087000e+02]
 [ 9.9573672e-01  4.2350720e-02 -8.0273440e-02 -1.1723900e+03]
 [ 0.0000000e+00  0.0000000e+00  0.0000000e+00  1.0000000e+00]]
[-0204.40, +0040.32, -1112.86]
1285, 895, 1825
[[-5.8288200e-02  9.7661568e-01 -2.0650016e-01 -3.0060000e+01]
 [ 6.9573440e-02  2.1041646e-01  9.7506342e-01  1.4090000e+02]
 [ 9.9578112e-01  4.2555260e-02 -8.0145300e-02 -1.1724400e+03]
 [ 0.0000000e+00  0.0000000e+00  0.0000000e+00  1.0000000e+00]]
[-0181.68, +0078.04, -1104.93]
1201, 1092, 1996
[[-5.8055940e-02  9.7646860e-01 -2.0680412e-01 -3.0050000e+01]
 [ 6.9075880e-02  2.1077670e-01  9.7494884e-01  1.4092000e+02]
 [ 9.9573460e-01  4.2494600e-02 -7.9552800e-02 -1.1724700e+03]
 [ 0.0000000e+00  0.0000000e+00  0.0000000e+00  1.0000000e+00]]
[-0179.51, +0051.82, -1094.79]
844, 1788, 2128
[[-5.7530400e-02  9.7636160e-01 -2.0710280e-01 -3.0030000e+01]
 [ 6.9415120e-02  2.1112214e-01  9.7479410e-01  1.4097000e+02]
 [ 9.9566816e-01  4.1952620e-02 -7.9732900e-02 -1.1724300e+03]
 [ 0.0000000e+00  0.0000000e+00  0.0000000e+00  1.0000000e+00]]
[-0160.28, -0032.05, -1124.23]
1095, 1691, 1581
[[-5.7705540e-02  9.7643664e-01 -2.0721644e-01 -3.0070000e+01]
 [ 6.9107840e-02  2.1112710e-01  9.7489668e-01  1.4097000e+02]
 [ 9.9578676e-01  4.2082280e-02 -7.9552800e-02 -1.1724600e+03]
 [ 0.0000000e+00  0.0000000e+00  0.0000000e+00  1.0000000e+00]]
[-0156.85, -0006.69, -1099.85]
837, 1959, 2002
[[-5.7994960e-02  9.7642556e-01 -2.0739752e-01 -3.0040000e+01]
 [ 6.9479080e-02  2.1130224e-01  9.7486564e-01  1.4099000e+02]
 [ 9.9578776e-01  4.2231320e-02 -8.0017360e-02 -1.1724200e+03]
 [ 0.0000000e+00  0.0000000e+00  0.0000000e+00  1.0000000e+00]]
[-0150.13, -0040.04, -1134.91]
1589, 1215, 2051
[[-5.7587560e-02  9.7637668e-01 -2.0709276e-01 -3.0100000e+01]
 [ 6.9812440e-02  2.1111710e-01  9.7477902e-01  1.4096000e+02]
 [ 9.9565308e-01  4.1910540e-02 -8.0145300e-02 -1.1724700e+03]
 [ 0.0000000e+00  0.0000000e+00  0.0000000e+00  1.0000000e+00]]
[-0151.40, +0076.73, -1092.03]
942, 945, 1061
[[-5.7359400e-02  9.7654666e-01 -2.0623058e-01 -3.0000000e+01]
 [ 6.9153940e-02  2.1023628e-01  9.7499666e-01  1.4088000e+02]
 [ 9.9568678e-01  4.1921060e-02 -7.9396680e-02 -1.1724300e+03]
 [ 0.0000000e+00  0.0000000e+00  0.0000000e+00  1.0000000e+00]]
[-0198.86, +0042.68, -1107.45]
1994, 1959, 951
[[-5.8339600e-02  9.7616944e-01 -2.0832668e-01 -3.0210000e+01]
 [ 7.0815680e-02  2.1235224e-01  9.7451324e-01  1.4109000e+02]
 [ 9.9563644e-01  4.2239080e-02 -8.1412000e-02 -1.1724800e+03]
 [ 0.0000000e+00  0.0000000e+00  0.0000000e+00  1.0000000e+00]]
[-0096.61, +0042.88, -1093.59]
2127, 1791, 1579
[[-5.8572180e-02  9.7622976e-01 -2.0790644e-01 -3.0220000e+01]
 [ 7.1400640e-02  2.1199200e-01  9.7453752e-01  1.4105000e+02]
 [ 9.9556596e-01  4.2389680e-02 -8.2004820e-02 -1.1724600e+03]
 [ 0.0000000e+00  0.0000000e+00  0.0000000e+00  1.0000000e+00]]
[-0099.49, +0068.58, -1097.31]
2123, 1571, 1891
[[-5.8339600e-02  9.7616852e-01 -2.0759924e-01 -3.0220000e+01]
 [ 7.1514280e-02  2.1181182e-01  9.7446346e-01  1.4103000e+02]
 [ 9.9543364e-01  4.2288860e-02 -8.1952420e-02 -1.1724400e+03]
 [ 0.0000000e+00  0.0000000e+00  0.0000000e+00  1.0000000e+00]]
[-0107.98, +0085.91, -1101.20]
2196, 1015, 2188
[[-5.9037460e-02  9.7611870e-01 -2.0796816e-01 -3.0290000e+01]
 [ 7.1639340e-02  2.1217214e-01  9.7442880e-01  1.4109000e+02]
 [ 9.9545280e-01  4.2848160e-02 -8.2289960e-02 -1.1724700e+03]
 [ 0.0000000e+00  0.0000000e+00  0.0000000e+00  1.0000000e+00]]
[-0123.55, +0117.74, -1131.83]
2156, 851, 1458
[[-5.9214500e-02  9.7622070e-01 -2.0749890e-01 -3.0210000e+01]
 [ 7.0531860e-02  2.1165740e-01  9.7463102e-01  1.4100000e+02]
 [ 9.9553398e-01  4.3284100e-02 -8.1231940e-02 -1.1724400e+03]
 [ 0.0000000e+00  0.0000000e+00  0.0000000e+00  1.0000000e+00]]
[-0129.88, +0123.22, -1142.58]
1435, 1409, 1869
[[-5.8806900e-02  9.7620226e-01 -2.0771798e-01 -3.0140000e+01]
 [ 7.0370260e-02  2.1183246e-01  9.7460726e-01  1.4103000e+02]
 [ 9.9557302e-01  4.2900260e-02 -8.0999400e-02 -1.1724300e+03]
 [ 0.0000000e+00  0.0000000e+00  0.0000000e+00  1.0000000e+00]]
[-0153.88, +0043.56, -1085.45]
995, 1050, 1952
[[-5.8520500e-02  9.7644490e-01 -2.0698270e-01 -3.0070000e+01]
 [ 6.9227420e-02  2.1095676e-01  9.7493050e-01  1.4097000e+02]
 [ 9.9573794e-01  4.2863420e-02 -7.9837300e-02 -1.1724500e+03]
 [ 0.0000000e+00  0.0000000e+00  0.0000000e+00  1.0000000e+00]]
[-0192.40, +0037.14, -1102.04]
1900, 2033, 845
[[-5.8338260e-02  9.7608336e-01 -2.0859006e-01 -3.0240000e+01]
 [ 7.1907360e-02  2.1269120e-01  9.7433712e-01  1.4117000e+02]
 [ 9.9552894e-01  4.2009120e-02 -8.2470100e-02 -1.1724800e+03]
 [ 0.0000000e+00  0.0000000e+00  0.0000000e+00  1.0000000e+00]]
[-0098.32, +0028.95, -1093.75]
1895, 1466, 1288
[[-5.8222500e-02  9.7625540e-01 -2.0791180e-01 -3.0190000e+01]
 [ 7.1840200e-02  2.1198128e-01  9.7451188e-01  1.4108000e+02]
 [ 9.9556060e-01  4.1950120e-02 -8.2365220e-02 -1.1724200e+03]
 [ 0.0000000e+00  0.0000000e+00  0.0000000e+00  1.0000000e+00]]
[-0123.62, +0079.44, -1092.94]
920, 1230, 2009
[[-5.8112980e-02  9.7633894e-01 -2.0708532e-01 -3.0050000e+01]
 [ 6.9153340e-02  2.1113198e-01  9.7481676e-01  1.4098000e+02]
 [ 9.9566052e-01  4.2569640e-02 -7.9605000e-02 -1.1724700e+03]
 [ 0.0000000e+00  0.0000000e+00  0.0000000e+00  1.0000000e+00]]
[-0187.72, +0014.07, -1103.25]
2052, 1444, 1574
[[-5.8687780e-02  9.7611556e-01 -2.0817722e-01 -3.0250000e+01]
 [ 7.1875160e-02  2.1234168e-01  9.7438964e-01  1.4111000e+02]
 [ 9.9547642e-01  4.2421960e-02 -8.2470100e-02 -1.1724400e+03]
 [ 0.0000000e+00  0.0000000e+00  0.0000000e+00  1.0000000e+00]]
[-0115.01, +0089.81, -1100.71]
945, 2078, 1665
[[-5.7530400e-02  9.7630448e-01 -2.0751016e-01 -3.0050000e+01]
 [ 6.9007760e-02  2.1148230e-01  9.7476698e-01  1.4102000e+02]
 [ 9.9572528e-01  4.1979740e-02 -7.9372740e-02 -1.1724500e+03]
 [ 0.0000000e+00  0.0000000e+00  0.0000000e+00  1.0000000e+00]]
[-0139.63, -0039.07, -1132.28]
1472, 1328, 1188
[[-5.7355300e-02  9.7649026e-01 -2.0701778e-01 -3.0080000e+01]
 [ 6.9750940e-02  2.1093692e-01  9.7488514e-01  1.4095000e+02]
 [ 9.9575318e-01  4.1629340e-02 -8.0093220e-02 -1.1724400e+03]
 [ 0.0000000e+00  0.0000000e+00  0.0000000e+00  1.0000000e+00]]
[-0153.47, +0057.08, -1086.63]
1698, 855, 1922
[[-5.8345280e-02  9.7648608e-01 -2.0678136e-01 -3.0100000e+01]
 [ 6.9650880e-02  2.1077182e-01  9.7493136e-01  1.4093000e+02]
 [ 9.9570696e-01  4.2630240e-02 -8.0197460e-02 -1.1724600e+03]
 [ 0.0000000e+00  0.0000000e+00  0.0000000e+00  1.0000000e+00]]
[-0156.52, +0110.66, -1119.92]
2107, 1763, 1389
[[-5.8455120e-02  9.7622920e-01 -2.0810268e-01 -3.0220000e+01]
 [ 7.1814000e-02  2.1216150e-01  9.7449580e-01  1.4108000e+02]
 [ 9.9557668e-01  4.2141000e-02 -8.2417620e-02 -1.1724700e+03]
 [ 0.0000000e+00  0.0000000e+00  0.0000000e+00  1.0000000e+00]]
[-0099.25, +0066.81, -1096.09]
1997, 1785, 1567
[[-5.8166920e-02  9.7632616e-01 -2.0765844e-01 -3.0150000e+01]
 [ 7.0351160e-02  2.1164732e-01  9.7470312e-01  1.4103000e+02]
 [ 9.9568344e-01  4.2221880e-02 -8.0894600e-02 -1.1724600e+03]
 [ 0.0000000e+00  0.0000000e+00  0.0000000e+00  1.0000000e+00]]
[-0105.47, +0054.38, -1091.22]
2048, 1111, 1714
[[-5.8749460e-02  9.7636068e-01 -2.0723314e-01 -3.0180000e+01]
 [ 7.0496760e-02  2.1129724e-01  9.7475292e-01  1.4099000e+02]
 [ 9.9561838e-01  4.2812040e-02 -8.1127060e-02 -1.1724600e+03]
 [ 0.0000000e+00  0.0000000e+00  0.0000000e+00  1.0000000e+00]]
[-0127.75, +0110.96, -1118.54]
2010, 842, 1027
[[-5.8402440e-02  9.7650122e-01 -2.0677118e-01 -3.0110000e+01]
 [ 7.0048220e-02  2.1076686e-01  9.7491622e-01  1.4092000e+02]
 [ 9.9569182e-01  4.2588220e-02 -8.0609940e-02 -1.1724500e+03]
 [ 0.0000000e+00  0.0000000e+00  0.0000000e+00  1.0000000e+00]]
[-0137.99, +0121.69, -1135.98]
959, 1276, 1266
[[-5.7766800e-02  9.7647972e-01 -2.0662304e-01 -3.0020000e+01]
 [ 6.8704600e-02  2.1060144e-01  9.7497972e-01  1.4091000e+02]
 [ 9.9573360e-01  4.2345400e-02 -7.9088400e-02 -1.1724600e+03]
 [ 0.0000000e+00  0.0000000e+00  0.0000000e+00  1.0000000e+00]]
[-0183.73, +0014.19, -1100.52]
1567, 1769, 1714
[[-5.7759520e-02  9.7622004e-01 -2.0776116e-01 -3.0130000e+01]
 [ 7.0277160e-02  2.1182230e-01  9.7458948e-01  1.4102000e+02]
 [ 9.9560604e-01  4.1928120e-02 -8.0662180e-02 -1.1724700e+03]
 [ 0.0000000e+00  0.0000000e+00  0.0000000e+00  1.0000000e+00]]
[-0127.38, +0025.87, -1085.67]
1676, 1764, 2150
[[-5.7584580e-02  9.7626142e-01 -2.0756010e-01 -3.0140000e+01]
 [ 7.0700580e-02  2.1163692e-01  9.7459030e-01  1.4102000e+02]
 [ 9.9557470e-01  4.1694900e-02 -8.1022500e-02 -1.1724600e+03]
 [ 0.0000000e+00  0.0000000e+00  0.0000000e+00  1.0000000e+00]]
[-0121.92, +0034.96, -1085.44]
1851, 1217, 1437
[[-5.7644800e-02  9.7627568e-01 -2.0717024e-01 -3.0130000e+01]
 [ 7.0093600e-02  2.1129216e-01  9.7466032e-01  1.4097000e+02]
 [ 9.9555040e-01  4.1972000e-02 -8.0377600e-02 -1.1724600e+03]
 [ 0.0000000e+00  0.0000000e+00  0.0000000e+00  1.0000000e+00]]
[-0135.08, +0094.84, -1101.00]
829, 1491, 880
[[-5.7880720e-02  9.7662580e-01 -2.0651524e-01 -3.0010000e+01]
 [ 6.9615400e-02  2.1041150e-01  9.7505330e-01  1.4094000e+02]
 [ 9.9579124e-01  4.2157900e-02 -8.0093220e-02 -1.1724200e+03]
 [ 0.0000000e+00  0.0000000e+00  0.0000000e+00  1.0000000e+00]]
[-0177.88, -0014.38, -1114.00]
1737, 1319, 993
[[-5.7702120e-02  9.7637840e-01 -2.0727636e-01 -3.0130000e+01]
 [ 7.0403400e-02  2.1128700e-01  9.7473520e-01  1.4098000e+02]
 [ 9.9565136e-01  4.1839800e-02 -8.0790120e-02 -1.1724600e+03]
 [ 0.0000000e+00  0.0000000e+00  0.0000000e+00  1.0000000e+00]]
[-0138.12, +0079.20, -1091.65]
970, 1193, 1186
[[-5.7998980e-02  9.7662668e-01 -2.0631914e-01 -3.0030000e+01]
 [ 6.9202120e-02  2.1024120e-01  9.7509436e-01  1.4091000e+02]
 [ 9.9578026e-01  4.2406040e-02 -7.9680820e-02 -1.1724300e+03]
 [ 0.0000000e+00  0.0000000e+00  0.0000000e+00  1.0000000e+00]]
[-0187.23, +0022.17, -1100.42]
1663, 1698, 866
[[-5.9099700e-02  9.7630650e-01 -2.0743200e-01 -3.0140000e+01]
 [ 6.9853500e-02  2.1148718e-01  9.7476496e-01  1.4101000e+02]
 [ 9.9565200e-01  4.3264960e-02 -8.0586880e-02 -1.1724800e+03]
 [ 0.0000000e+00  0.0000000e+00  0.0000000e+00  1.0000000e+00]]
[-0126.21, +0041.16, -1084.61]
1983, 1206, 1507
[[-5.8281960e-02  9.7626934e-01 -2.0752194e-01 -3.0180000e+01]
 [ 7.1233260e-02  2.1163692e-01  9.7458238e-01  1.4099000e+02]
 [ 9.9553654e-01  4.2227580e-02 -8.1719880e-02 -1.1724500e+03]
 [ 0.0000000e+00  0.0000000e+00  0.0000000e+00  1.0000000e+00]]
[-0127.45, +0103.48, -1108.90]
2003, 1594, 1295
[[-5.8164740e-02  9.7615248e-01 -2.0780562e-01 -3.0200000e+01]
 [ 7.1530320e-02  2.1198668e-01  9.7443728e-01  1.4104000e+02]
 [ 9.9545982e-01  4.2082480e-02 -8.1952420e-02 -1.1724700e+03]
 [ 0.0000000e+00  0.0000000e+00  0.0000000e+00  1.0000000e+00]]
[-0110.85, +0075.98, -1094.31]
1114, 1310, 1864
[[-5.8170100e-02  9.7641114e-01 -2.0666768e-01 -3.0080000e+01]
 [ 6.9958140e-02  2.1076686e-01  9.7482864e-01  1.4093000e+02]
 [ 9.9558832e-01  4.2500640e-02 -8.0377600e-02 -1.1724400e+03]
 [ 0.0000000e+00  0.0000000e+00  0.0000000e+00  1.0000000e+00]]
[-0174.99, +0024.82, -1093.18]
989, 2088, 1786
[[-5.8227300e-02  9.7616706e-01 -2.0776378e-01 -3.0070000e+01]
 [ 6.9220580e-02  2.1184230e-01  9.7464246e-01  1.4103000e+02]
 [ 9.9562866e-01  4.2629620e-02 -7.9709640e-02 -1.1724500e+03]
 [ 0.0000000e+00  0.0000000e+00  0.0000000e+00  1.0000000e+00]]
[-0137.96, -0037.96, -1130.19]
2021, 1530, 1671
[[-5.8339600e-02  9.7616852e-01 -2.0759924e-01 -3.0180000e+01]
 [ 7.1514280e-02  2.1181182e-01  9.7446346e-01  1.4102000e+02]
 [ 9.9543364e-01  4.2288860e-02 -8.1952420e-02 -1.1724500e+03]
 [ 0.0000000e+00  0.0000000e+00  0.0000000e+00  1.0000000e+00]]
[-0113.75, +0083.31, -1097.05]
1124, 1458, 1943
[[-5.8288200e-02  9.7647102e-01 -2.0679154e-01 -3.0080000e+01]
 [ 6.9253540e-02  2.1077670e-01  9.7494642e-01  1.4094000e+02]
 [ 9.9572202e-01  4.2672260e-02 -7.9785060e-02 -1.1724600e+03]
 [ 0.0000000e+00  0.0000000e+00  0.0000000e+00  1.0000000e+00]]
[-0167.55, +0013.25, -1093.26]
1016, 1407, 921
[[-5.8577620e-02  9.7637236e-01 -2.0685630e-01 -3.0070000e+01]
 [ 6.9712360e-02  2.1095192e-01  9.7482540e-01  1.4094000e+02]
 [ 9.9560670e-01  4.2911400e-02 -8.0249700e-02 -1.1724300e+03]
 [ 0.0000000e+00  0.0000000e+00  0.0000000e+00  1.0000000e+00]]
[-0174.48, +0008.01, -1098.08]
865, 1407, 1948
[[-5.7998980e-02  9.7648212e-01 -2.0661052e-01 -3.0020000e+01]
 [ 6.8882280e-02  2.1060144e-01  9.7497732e-01  1.4092000e+02]
 [ 9.9572108e-01  4.2523080e-02 -7.9320580e-02 -1.1724400e+03]
 [ 0.0000000e+00  0.0000000e+00  0.0000000e+00  1.0000000e+00]]
[-0180.66, -0005.15, -1108.69]
984, 1431, 1899
[[-5.8112980e-02  9.7645508e-01 -2.0699772e-01 -3.0070000e+01]
 [ 6.9269480e-02  2.1095192e-01  9.7492032e-01  1.4095000e+02]
 [ 9.9574812e-01  4.2466080e-02 -7.9785060e-02 -1.1724600e+03]
 [ 0.0000000e+00  0.0000000e+00  0.0000000e+00  1.0000000e+00]]
[-0174.64, +0003.14, -1100.42]
1795, 1614, 2060
[[-5.8109520e-02  9.7631096e-01 -2.0766856e-01 -3.0150000e+01]
 [ 6.9953840e-02  2.1165240e-01  9.7471832e-01  1.4102000e+02]
 [ 9.9569864e-01  4.2264080e-02 -8.0482080e-02 -1.1724700e+03]
 [ 0.0000000e+00  0.0000000e+00  0.0000000e+00  1.0000000e+00]]
[-0121.86, +0058.63, -1086.63]
1513, 814, 1455
[[-5.8112980e-02  9.7651216e-01 -2.0659024e-01 -3.0060000e+01]
 [ 6.9676960e-02  2.1059168e-01  9.7494728e-01  1.4089000e+02]
 [ 9.9569104e-01  4.2439120e-02 -8.0145300e-02 -1.1724500e+03]
 [ 0.0000000e+00  0.0000000e+00  0.0000000e+00  1.0000000e+00]]
[-0169.76, +0099.94, -1115.10]
1669, 823, 1530
[[-5.7877140e-02  9.7642308e-01 -2.0686638e-01 -3.0100000e+01]
 [ 7.0591080e-02  2.1093176e-01  9.7477468e-01  1.4092000e+02]
 [ 9.9559662e-01  4.2032680e-02 -8.0970340e-02 -1.1724300e+03]
 [ 0.0000000e+00  0.0000000e+00  0.0000000e+00  1.0000000e+00]]
[-0159.33, +0111.24, -1122.06]
1582, 2170, 1757
[[-5.7932200e-02  9.7620838e-01 -2.0813834e-01 -3.0150000e+01]
 [ 7.1061700e-02  2.1216686e-01  9.7451662e-01  1.4107000e+02]
 [ 9.9561770e-01  4.1828300e-02 -8.1539700e-02 -1.1724100e+03]
 [ 0.0000000e+00  0.0000000e+00  0.0000000e+00  1.0000000e+00]]
[-0109.09, -0005.72, -1102.20]
1236, 2071, 1454
[[-5.7994960e-02  9.7630940e-01 -2.0748508e-01 -3.0090000e+01]
 [ 6.9362920e-02  2.1148230e-01  9.7476206e-01  1.4099000e+02]
 [ 9.9570020e-01  4.2334900e-02 -7.9837300e-02 -1.1724500e+03]
 [ 0.0000000e+00  0.0000000e+00  0.0000000e+00  1.0000000e+00]]
[-0131.27, -0020.81, -1109.27]
1066, 1833, 2159
[[-5.7994960e-02  9.7645416e-01 -2.0719380e-01 -3.0070000e+01]
 [ 6.9682800e-02  2.1112214e-01  9.7487916e-01  1.4097000e+02]
 [ 9.9575916e-01  4.2217800e-02 -8.0197460e-02 -1.1724300e+03]
 [ 0.0000000e+00  0.0000000e+00  0.0000000e+00  1.0000000e+00]]
[-0150.86, -0017.67, -1107.26]
1823, 1010, 2141
[[-5.8052200e-02  9.7641040e-01 -2.0686380e-01 -3.0130000e+01]
 [ 7.0371400e-02  2.1093692e-01  9.7478736e-01  1.4097000e+02]
 [ 9.9559920e-01  4.2252360e-02 -8.0790120e-02 -1.1724600e+03]
 [ 0.0000000e+00  0.0000000e+00  0.0000000e+00  1.0000000e+00]]
[-0143.80, +0107.73, -1113.26]
1277, 894, 1354
[[-5.8345280e-02  9.7651464e-01 -2.0657760e-01 -3.0060000e+01]
 [ 6.9854640e-02  2.1059168e-01  9.7494480e-01  1.4092000e+02]
 [ 9.9567840e-01  4.2616800e-02 -8.0377600e-02 -1.1724400e+03]
 [ 0.0000000e+00  0.0000000e+00  0.0000000e+00  1.0000000e+00]]
[-0182.22, +0076.98, -1104.70]
1415, 985, 1639
[[-5.7530400e-02  9.7639016e-01 -2.0689912e-01 -3.0080000e+01]
 [ 6.9618800e-02  2.1094200e-01  9.7480760e-01  1.4093000e+02]
 [ 9.9563960e-01  4.1939120e-02 -7.9913040e-02 -1.1724400e+03]
 [ 0.0000000e+00  0.0000000e+00  0.0000000e+00  1.0000000e+00]]
[-0169.73, +0080.92, -1100.06]
