950, 950, 950
[[-2.2409170e-01  6.1173744e-01 -7.5833902e-01  9.6560000e+01]
 [-3.0225600e-03  7.7792896e-01  6.2827536e-01  1.4139000e+02]
 [ 9.7431598e-01  1.4323536e-01 -1.7242450e-01 -1.1801100e+03]
 [ 0.0000000e+00  0.0000000e+00  0.0000000e+00  1.0000000e+00]]
[+0070.78, +0005.45, -1065.98]
1300, 2217, 1851
[[-2.2641578e-01  6.0809232e-01 -7.6061478e-01  9.6100000e+01]
 [-5.0488800e-03  7.8036272e-01  6.2524592e-01  1.4135000e+02]
 [ 9.7379958e-01  1.4553928e-01 -1.7356906e-01 -1.1802300e+03]
 [ 0.0000000e+00  0.0000000e+00  0.0000000e+00  1.0000000e+00]]
[+0113.53, -0049.64, -1122.62]
1242, 1600, 1966
[[-2.2565274e-01  6.0909368e-01 -7.6006762e-01  9.6210000e+01]
 [-5.1963200e-03  7.7961776e-01  6.2617912e-01  1.4128000e+02]
 [ 9.7399738e-01  1.4536912e-01 -1.7271514e-01 -1.1802900e+03]
 [ 0.0000000e+00  0.0000000e+00  0.0000000e+00  1.0000000e+00]]
[+0053.18, -0047.14, -1120.69]
1300, 2217, 1851
[[-2.2622490e-01  6.0890714e-01 -7.6019538e-01  9.6210000e+01]
 [-4.4689800e-03  7.7984940e-01  6.2592866e-01  1.4139000e+02]
 [ 9.7398406e-01  1.4504742e-01 -1.7368266e-01 -1.1802900e+03]
 [ 0.0000000e+00  0.0000000e+00  0.0000000e+00  1.0000000e+00]]
[+0115.44, -0048.59, -1122.33]
1999, 2170, 1952
[[-2.2858842e-01  6.0787788e-01 -7.6011818e-01  9.6020000e+01]
 [-4.5582800e-03  7.8033996e-01  6.2527428e-01  1.4131000e+02]
 [ 9.7328022e-01  1.4653732e-01 -1.7555562e-01 -1.1802800e+03]
 [ 0.0000000e+00  0.0000000e+00  0.0000000e+00  1.0000000e+00]]
[+0090.91, +0006.21, -1105.51]
1300, 2217, 1851
[[-2.2483530e-01  6.0906448e-01 -7.6044086e-01  9.6250000e+01]
 [-4.3636000e-03  7.7989436e-01  6.2586448e-01  1.4141000e+02]
 [ 9.7427450e-01  1.4410360e-01 -1.7266570e-01 -1.1802500e+03]
 [ 0.0000000e+00  0.0000000e+00  0.0000000e+00  1.0000000e+00]]
[+0116.04, -0049.23, -1122.32]
1417, 2038, 952
[[-2.2466290e-01  6.1023336e-01 -7.5943322e-01  9.6380000e+01]
 [-3.9261600e-03  7.7898412e-01  6.2697336e-01  1.4140000e+02]
 [ 9.7422182e-01  1.4396616e-01 -1.7256802e-01 -1.1802100e+03]
 [ 0.0000000e+00  0.0000000e+00  0.0000000e+00  1.0000000e+00]]
[+0158.47, +0012.09, -1109.54]
1300, 2217, 1851
[[-2.2620706e-01  6.0830038e-01 -7.6053998e-01  9.6140000e+01]
 [-4.3709800e-03  7.8032622e-01  6.2530298e-01  1.4135000e+02]
 [ 9.7387438e-01  1.4489158e-01 -1.7381428e-01 -1.1802300e+03]
 [ 0.0000000e+00  0.0000000e+00  0.0000000e+00  1.0000000e+00]]
[+0114.12, -0050.08, -1122.85]
874, 1237, 1542
[[-2.2329274e-01  6.1109160e-01 -7.5913280e-01  9.6520000e+01]
 [-3.7212000e-03  7.7846808e-01  6.2761188e-01  1.4137000e+02]
 [ 9.7452640e-01  1.4309988e-01 -1.7150482e-01 -1.1801800e+03]
 [ 0.0000000e+00  0.0000000e+00  0.0000000e+00  1.0000000e+00]]
[+0057.96, -0052.65, -1102.77]
1224, 1560, 2068
[[-2.2533924e-01  6.0908856e-01 -7.6023352e-01  9.6240000e+01]
 [-4.6008800e-03  7.7976750e-01  6.2601234e-01  1.4129000e+02]
 [ 9.7412664e-01  1.4465042e-01 -1.7287890e-01 -1.1802200e+03]
 [ 0.0000000e+00  0.0000000e+00  0.0000000e+00  1.0000000e+00]]
[+0048.11, -0050.86, -1131.14]
874, 1237, 1542
[[-2.2497664e-01  6.1043840e-01 -7.5936224e-01  9.6460000e+01]
 [-4.4262400e-03  7.7875256e-01  6.2729840e-01  1.4134000e+02]
 [ 9.7429280e-01  1.4452624e-01 -1.7248584e-01 -1.1801700e+03]
 [ 0.0000000e+00  0.0000000e+00  0.0000000e+00  1.0000000e+00]]
[+0056.74, -0053.07, -1103.26]
1360, 1341, 1153
[[-2.2487202e-01  6.1036380e-01 -7.5905598e-01  9.6430000e+01]
 [-4.0566000e-03  7.7877500e-01  6.2718620e-01  1.4136000e+02]
 [ 9.7400898e-01  1.4434340e-01 -1.7256802e-01 -1.1802100e+03]
 [ 0.0000000e+00  0.0000000e+00  0.0000000e+00  1.0000000e+00]]
[+0089.11, +0022.11, -1077.18]
874, 1237, 1542
[[-2.2459600e-01  6.1064364e-01 -7.5919252e-01  9.6470000e+01]
 [-4.7958000e-03  7.7854320e-01  6.2752980e-01  1.4134000e+02]
 [ 9.7428740e-01  1.4467548e-01 -1.7189584e-01 -1.1802000e+03]
 [ 0.0000000e+00  0.0000000e+00  0.0000000e+00  1.0000000e+00]]
[+0055.79, -0054.22, -1104.66]
985, 994, 1616
[[-2.2506250e-01  6.1033970e-01 -7.5936210e-01  9.6390000e+01]
 [-3.9503000e-03  7.7887958e-01  6.2713206e-01  1.4130000e+02]
 [ 9.7423290e-01  1.4420706e-01 -1.7286308e-01 -1.1801500e+03]
 [ 0.0000000e+00  0.0000000e+00  0.0000000e+00  1.0000000e+00]]
[+0025.32, -0034.09, -1112.48]
874, 1237, 1542
[[-2.2470074e-01  6.1085628e-01 -7.5895158e-01  9.6480000e+01]
 [-4.7134800e-03  7.7835628e-01  6.2775372e-01  1.4136000e+02]
 [ 9.7423338e-01  1.4474652e-01 -1.7197802e-01 -1.1802000e+03]
 [ 0.0000000e+00  0.0000000e+00  0.0000000e+00  1.0000000e+00]]
[+0058.93, -0053.44, -1103.09]
1126, 1291, 1807
[[-2.2554820e-01  6.0990472e-01 -7.5944756e-01  9.6350000e+01]
 [-3.9412400e-03  7.7914844e-01  6.2677192e-01  1.4131000e+02]
 [ 9.7402712e-01  1.4448116e-01 -1.7328900e-01 -1.1801800e+03]
 [ 0.0000000e+00  0.0000000e+00  0.0000000e+00  1.0000000e+00]]
[+0038.84, -0041.09, -1116.36]
1112, 1356, 1581
[[-2.2535760e-01  6.1027624e-01 -7.5918448e-01  9.6390000e+01]
 [-3.8046400e-03  7.7887958e-01  6.2710214e-01  1.4133000e+02]
 [ 9.7405528e-01  1.4434154e-01 -1.7315818e-01 -1.1801500e+03]
 [ 0.0000000e+00  0.0000000e+00  0.0000000e+00  1.0000000e+00]]
[+0060.59, -0031.70, -1094.15]
1126, 1291, 1807
[[-2.2506250e-01  6.0989708e-01 -7.5951894e-01  9.6360000e+01]
 [-4.3929200e-03  7.7912600e-01  6.2677956e-01  1.4130000e+02]
 [ 9.7407606e-01  1.4455956e-01 -1.7261666e-01 -1.1801700e+03]
 [ 0.0000000e+00  0.0000000e+00  0.0000000e+00  1.0000000e+00]]
[+0039.29, -0040.98, -1115.88]
1089, 2140, 2056
[[-2.2518250e-01  6.0725444e-01 -7.6160308e-01  9.6050000e+01]
 [-4.2926800e-03  7.8130070e-01  6.2406916e-01  1.4126000e+02]
 [ 9.7405276e-01  1.4395412e-01 -1.7327376e-01 -1.1802000e+03]
 [ 0.0000000e+00  0.0000000e+00  0.0000000e+00  1.0000000e+00]]
[+0099.27, -0065.73, -1140.66]
1126, 1291, 1807
[[-2.2535760e-01  6.1027624e-01 -7.5918448e-01  9.6400000e+01]
 [-3.8046400e-03  7.7887958e-01  6.2710214e-01  1.4131000e+02]
 [ 9.7405528e-01  1.4434154e-01 -1.7315818e-01 -1.1801700e+03]
 [ 0.0000000e+00  0.0000000e+00  0.0000000e+00  1.0000000e+00]]
[+0041.78, -0038.11, -1112.85]
877, 1277, 1817
[[-2.2447242e-01  6.1060478e-01 -7.5917004e-01  9.6460000e+01]
 [-3.7897800e-03  7.7871510e-01  6.2730364e-01  1.4132000e+02]
 [ 9.7424996e-01  1.4382636e-01 -1.7243748e-01 -1.1801500e+03]
 [ 0.0000000e+00  0.0000000e+00  0.0000000e+00  1.0000000e+00]]
[+0047.81, -0062.54, -1128.67]
1126, 1291, 1807
[[-2.2457700e-01  6.1003710e-01 -7.5953790e-01  9.6380000e+01]
 [-4.6971000e-03  7.7902142e-01  6.2690458e-01  1.4129000e+02]
 [ 9.7417710e-01  1.4452042e-01 -1.7202658e-01 -1.1801700e+03]
 [ 0.0000000e+00  0.0000000e+00  0.0000000e+00  1.0000000e+00]]
[+0040.87, -0039.55, -1114.81]
2078, 2121, 1419
[[-2.2759738e-01  6.0838570e-01 -7.6004158e-01  9.6130000e+01]
 [-4.1291000e-03  7.8011750e-01  6.2556170e-01  1.4137000e+02]
 [ 9.7353958e-01  1.4564110e-01 -1.7499588e-01 -1.1802000e+03]
 [ 0.0000000e+00  0.0000000e+00  0.0000000e+00  1.0000000e+00]]
[+0125.33, +0037.73, -1109.01]
936, 1912, 2239
[[-2.1933748e-01  6.0793900e-01 -7.6275700e-01  9.6360000e+01]
 [-4.0090000e-03  7.8147702e-01  6.2384890e-01  1.4096000e+02]
 [ 9.7538300e-01  1.4004890e-01 -1.6891450e-01 -1.1802600e+03]
 [ 0.0000000e+00  0.0000000e+00  0.0000000e+00  1.0000000e+00]]
[+0076.66, -0071.51, -1153.48]
2078, 2121, 1419
[[-2.2648500e-01  6.0890740e-01 -7.6008980e-01  9.6210000e+01]
 [-2.7466000e-03  7.8006542e-01  6.2566330e-01  1.4125000e+02]
 [ 9.7390820e-01  1.4385370e-01 -1.7497858e-01 -1.1802500e+03]
 [ 0.0000000e+00  0.0000000e+00  0.0000000e+00  1.0000000e+00]]
[+0125.16, +0037.82, -1109.06]
1990, 2088, 1289
[[-2.2493968e-01  6.1005836e-01 -7.5959180e-01  9.6350000e+01]
 [-3.2916400e-03  7.7921528e-01  6.2671160e-01  1.4126000e+02]
 [ 9.7423820e-01  1.4355160e-01 -1.7324040e-01 -1.1802200e+03]
 [ 0.0000000e+00  0.0000000e+00  0.0000000e+00  1.0000000e+00]]
[+0133.26, +0039.58, -1110.33]
2078, 2121, 1419
[[-2.2648500e-01  6.0885530e-01 -7.5994210e-01  9.6190000e+01]
 [-2.6945000e-03  7.8006542e-01  6.2562226e-01  1.4125000e+02]
 [ 9.7376050e-01  1.4389474e-01 -1.7497858e-01 -1.1802500e+03]
 [ 0.0000000e+00  0.0000000e+00  0.0000000e+00  1.0000000e+00]]
[+0125.18, +0037.79, -1109.20]
2153, 1812, 1445
[[-2.2612048e-01  6.0932804e-01 -7.5987988e-01  9.6250000e+01]
 [-3.7087600e-03  7.7962598e-01  6.2620984e-01  1.4115000e+02]
 [ 9.7400428e-01  1.4447096e-01 -1.7401050e-01 -1.1802100e+03]
 [ 0.0000000e+00  0.0000000e+00  0.0000000e+00  1.0000000e+00]]
[+0098.60, +0057.64, -1109.92]
2078, 2121, 1419
[[-2.2612048e-01  6.0912820e-01 -7.5978444e-01  9.6280000e+01]
 [-3.8042000e-03  7.7970800e-01  6.2605140e-01  1.4125000e+02]
 [ 9.7380444e-01  1.4462940e-01 -1.7392848e-01 -1.1801900e+03]
 [ 0.0000000e+00  0.0000000e+00  0.0000000e+00  1.0000000e+00]]
[+0126.51, +0036.95, -1109.16]
954, 1669, 1670
[[-2.2308370e-01  6.1051862e-01 -7.5966676e-01  9.6490000e+01]
 [-4.0327400e-03  7.7892414e-01  6.2704652e-01  1.4120000e+02]
 [ 9.7458212e-01  1.4307556e-01 -1.7125780e-01 -1.1802100e+03]
 [ 0.0000000e+00  0.0000000e+00  0.0000000e+00  1.0000000e+00]]
[+0083.87, -0062.11, -1113.60]
1010, 1373, 1539
[[-2.2278888e-01  6.1106708e-01 -7.5934016e-01  9.6500000e+01]
 [-3.4842800e-03  7.7859470e-01  6.2746484e-01  1.4119000e+02]
 [ 9.7467344e-01  1.4255276e-01 -1.7129242e-01 -1.1801900e+03]
 [ 0.0000000e+00  0.0000000e+00  0.0000000e+00  1.0000000e+00]]
[+0067.22, -0041.98, -1095.00]
954, 1669, 1670
[[-2.2386394e-01  6.1022026e-01 -7.5967060e-01  9.6410000e+01]
 [-3.7825000e-03  7.7911086e-01  6.2681476e-01  1.4117000e+02]
 [ 9.7439924e-01  1.4332580e-01 -1.7206024e-01 -1.1802300e+03]
 [ 0.0000000e+00  0.0000000e+00  0.0000000e+00  1.0000000e+00]]
[+0086.46, -0063.41, -1114.28]
864, 1585, 1820
[[-2.2386394e-01  6.1031552e-01 -7.5947090e-01  9.6420000e+01]
 [-3.5828000e-03  7.7902860e-01  6.2689120e-01  1.4117000e+02]
 [ 9.7430398e-01  1.4324936e-01 -1.7214250e-01 -1.1802000e+03]
 [ 0.0000000e+00  0.0000000e+00  0.0000000e+00  1.0000000e+00]]
[+0071.70, -0073.20, -1132.67]
954, 1669, 1670
[[-2.2308370e-01  6.1061380e-01 -7.5946710e-01  9.6430000e+01]
 [-3.8330800e-03  7.7884184e-01  6.2712300e-01  1.4118000e+02]
 [ 9.7448694e-01  1.4299908e-01 -1.7134010e-01 -1.1802300e+03]
 [ 0.0000000e+00  0.0000000e+00  0.0000000e+00  1.0000000e+00]]
[+0087.43, -0060.00, -1111.79]
1800, 1620, 2147
[[-2.2622490e-01  6.0870728e-01 -7.6009996e-01  9.6170000e+01]
 [-4.5644000e-03  7.7993126e-01  6.2577028e-01  1.4108000e+02]
 [ 9.7378420e-01  1.4520580e-01 -1.7360080e-01 -1.1802500e+03]
 [ 0.0000000e+00  0.0000000e+00  0.0000000e+00  1.0000000e+00]]
[+0037.92, -0003.58, -1122.13]
954, 1669, 1670
[[-2.2318820e-01  6.1087884e-01 -7.5937368e-01  9.6490000e+01]
 [-3.8032800e-03  7.7865500e-01  6.2738804e-01  1.4122000e+02]
 [ 9.7458036e-01  1.4302888e-01 -1.7142244e-01 -1.1802300e+03]
 [ 0.0000000e+00  0.0000000e+00  0.0000000e+00  1.0000000e+00]]
[+0088.42, -0061.09, -1112.47]
2066, 879, 1953
[[-2.2890192e-01  6.0817744e-01 -7.5984792e-01  9.6080000e+01]
 [-4.8578400e-03  7.8002646e-01  6.2567686e-01  1.4095000e+02]
 [ 9.7325488e-01  1.4702154e-01 -1.7555562e-01 -1.1801600e+03]
 [ 0.0000000e+00  0.0000000e+00  0.0000000e+00  1.0000000e+00]]
[+0018.16, +0046.69, -1160.83]
1952, 757, 1949
[[-2.2653840e-01  6.0915496e-01 -7.5977728e-01  9.6220000e+01]
 [-4.7168000e-03  7.7953590e-01  6.2628970e-01  1.4098000e+02]
 [ 9.7381160e-01  1.4557222e-01 -1.7368266e-01 -1.1801600e+03]
 [ 0.0000000e+00  0.0000000e+00  0.0000000e+00  1.0000000e+00]]
[+0012.41, +0042.38, -1169.00]
2066, 879, 1953
[[-2.2890192e-01  6.0827296e-01 -7.5964784e-01  9.6030000e+01]
 [-4.6577600e-03  7.7994480e-01  6.2575328e-01  1.4095000e+02]
 [ 9.7315936e-01  1.4694512e-01 -1.7563728e-01 -1.1801900e+03]
 [ 0.0000000e+00  0.0000000e+00  0.0000000e+00  1.0000000e+00]]
[+0018.66, +0046.03, -1160.30]
1952, 1018, 829
[[-2.2438664e-01  6.1148376e-01 -7.5856116e-01  9.6530000e+01]
 [-3.2762400e-03  7.7809400e-01  6.2809268e-01  1.4118000e+02]
 [ 9.7432884e-01  1.4352268e-01 -1.7255440e-01 -1.1801100e+03]
 [ 0.0000000e+00  0.0000000e+00  0.0000000e+00  1.0000000e+00]]
[+0091.80, +0095.29, -1129.22]
2066, 879, 1953
[[-2.2928416e-01  6.0806792e-01 -7.5981616e-01  9.6030000e+01]
 [-4.2893600e-03  7.8015384e-01  6.2552132e-01  1.4092000e+02]
 [ 9.7316432e-01  1.4679484e-01 -1.7622856e-01 -1.1801000e+03]
 [ 0.0000000e+00  0.0000000e+00  0.0000000e+00  1.0000000e+00]]
[+0018.31, +0046.99, -1161.48]
1499, 1406, 2075
[[-2.2466290e-01  6.0954802e-01 -7.5984204e-01  9.6270000e+01]
 [-4.7160200e-03  7.7939462e-01  6.2642676e-01  1.4110000e+02]
 [ 9.7410804e-01  1.4451276e-01 -1.7215752e-01 -1.1802800e+03]
 [ 0.0000000e+00  0.0000000e+00  0.0000000e+00  1.0000000e+00]]
[+0030.27, -0023.28, -1127.62]
2066, 879, 1953
[[-2.2852000e-01  6.0906912e-01 -7.5927016e-01  9.6110000e+01]
 [-4.4352000e-03  7.7940856e-01  6.2645412e-01  1.4098000e+02]
 [ 9.7336360e-01  1.4662620e-01 -1.7537320e-01 -1.1802200e+03]
 [ 0.0000000e+00  0.0000000e+00  0.0000000e+00  1.0000000e+00]]
[+0018.33, +0047.41, -1160.98]
1926, 2226, 1716
[[-2.2540794e-01  6.0916462e-01 -7.5996990e-01  9.6220000e+01]
 [-3.0369000e-03  7.7987910e-01  6.2584310e-01  1.4122000e+02]
 [ 9.7397462e-01  1.4355234e-01 -1.7387940e-01 -1.1802200e+03]
 [ 0.0000000e+00  0.0000000e+00  0.0000000e+00  1.0000000e+00]]
[+0119.13, +0007.02, -1104.60]
1962, 2058, 752
[[-2.2643386e-01  6.1089546e-01 -7.5849602e-01  9.6360000e+01]
 [-2.3233800e-03  7.7849020e-01  6.2762106e-01  1.4140000e+02]
 [ 9.7391174e-01  1.4394558e-01 -1.7483290e-01 -1.1802700e+03]
 [ 0.0000000e+00  0.0000000e+00  0.0000000e+00  1.0000000e+00]]
[+0159.04, +0054.17, -1134.97]
1926, 2226, 1716
[[-2.2603410e-01  6.0946966e-01 -7.5953278e-01  9.6190000e+01]
 [-3.9324200e-03  7.7941710e-01  6.2641186e-01  1.4121000e+02]
 [ 9.7382126e-01  1.4475502e-01 -1.7371524e-01 -1.1802500e+03]
 [ 0.0000000e+00  0.0000000e+00  0.0000000e+00  1.0000000e+00]]
[+0115.16, +0004.82, -1104.65]
810, 1338, 1828
[[-2.2261760e-01  6.1160256e-01 -7.5888768e-01  9.6550000e+01]
 [-3.8899200e-03  7.7809400e-01  6.2806744e-01  1.4114000e+02]
 [ 9.7465536e-01  1.4292008e-01 -1.7078536e-01 -1.1802200e+03]
 [ 0.0000000e+00  0.0000000e+00  0.0000000e+00  1.0000000e+00]]
[+0051.99, -0071.74, -1137.05]
1926, 2226, 1716
[[-2.2692000e-01  6.0943600e-01 -7.5944200e-01  9.6210000e+01]
 [-3.6526400e-03  7.7941710e-01  6.2644552e-01  1.4119000e+02]
 [ 9.7373048e-01  1.4503480e-01 -1.7460114e-01 -1.1802500e+03]
 [ 0.0000000e+00  0.0000000e+00  0.0000000e+00  1.0000000e+00]]
[+0116.81, +0009.50, -1104.35]
2187, 1905, 1781
[[-2.2733824e-01  6.0965312e-01 -7.5903488e-01  9.6220000e+01]
 [-4.1651200e-03  7.7908088e-01  6.2683688e-01  1.4110000e+02]
 [ 9.7354688e-01  1.4582488e-01 -1.7451912e-01 -1.1802400e+03]
 [ 0.0000000e+00  0.0000000e+00  0.0000000e+00  1.0000000e+00]]
[+0080.34, +0039.12, -1108.33]
1926, 2226, 1716
[[-2.2504410e-01  6.0997608e-01 -7.5945534e-01  9.6290000e+01]
 [-3.5044800e-03  7.7919308e-01  6.2670056e-01  1.4117000e+02]
 [ 9.7407954e-01  1.4385776e-01 -1.7315818e-01 -1.1802600e+03]
 [ 0.0000000e+00  0.0000000e+00  0.0000000e+00  1.0000000e+00]]
[+0118.33, +0003.71, -1104.88]
828, 994, 876
[[-2.2206760e-01  6.1317440e-01 -7.5780260e-01  9.6730000e+01]
 [-3.7297600e-03  7.7688710e-01  6.2956532e-01  1.4121000e+02]
 [ 9.7479932e-01  1.4277100e-01 -1.7018514e-01 -1.1802400e+03]
 [ 0.0000000e+00  0.0000000e+00  0.0000000e+00  1.0000000e+00]]
[+0084.30, -0008.34, -1063.21]
752, 1097, 793
[[-2.2175314e-01  6.1326332e-01 -7.5776960e-01  9.6740000e+01]
 [-2.9350000e-03  7.7695310e-01  6.2947640e-01  1.4122000e+02]
 [ 9.7483232e-01  1.4197624e-01 -1.7043360e-01 -1.1802100e+03]
 [ 0.0000000e+00  0.0000000e+00  0.0000000e+00  1.0000000e+00]]
[+0109.62, -0018.30, -1065.00]
828, 994, 876
[[-2.2293170e-01  6.1263012e-01 -7.5786024e-01  9.6650000e+01]
 [-3.1491600e-03  7.7728430e-01  6.2904992e-01  1.4118000e+02]
 [ 9.7450392e-01  1.4282176e-01 -1.7128096e-01 -1.1801800e+03]
 [ 0.0000000e+00  0.0000000e+00  0.0000000e+00  1.0000000e+00]]
[+0081.53, -0007.65, -1063.51]
794, 1077, 1010
[[-2.2293170e-01  6.1253514e-01 -7.5805998e-01  9.6630000e+01]
 [-3.3489000e-03  7.7736700e-01  6.2897370e-01  1.4118000e+02]
 [ 9.7459890e-01  1.4289798e-01 -1.7119826e-01 -1.1802000e+03]
 [ 0.0000000e+00  0.0000000e+00  0.0000000e+00  1.0000000e+00]]
[+0082.34, -0029.09, -1070.83]
828, 994, 876
[[-2.2236218e-01  6.1277388e-01 -7.5807756e-01  9.6680000e+01]
 [-4.1302800e-03  7.7713520e-01  6.2926484e-01  1.4117000e+02]
 [ 9.7475964e-01  1.4317636e-01 -1.7023162e-01 -1.1802200e+03]
 [ 0.0000000e+00  0.0000000e+00  0.0000000e+00  1.0000000e+00]]
[+0084.17, -0006.12, -1063.05]
1453, 1384, 791
[[-2.2362600e-01  6.1189360e-01 -7.5822100e-01  9.6550000e+01]
 [-4.0160000e-03  7.7767512e-01  6.2855548e-01  1.4118000e+02]
 [ 9.7431860e-01  1.4382052e-01 -1.7137488e-01 -1.1802200e+03]
 [ 0.0000000e+00  0.0000000e+00  0.0000000e+00  1.0000000e+00]]
[+0126.19, +0052.74, -1087.78]
828, 994, 876
[[-2.2284660e-01  6.1258162e-01 -7.5791214e-01  9.6680000e+01]
 [-3.7727400e-03  7.7724006e-01  6.2909842e-01  1.4118000e+02]
 [ 9.7451158e-01  1.4325786e-01 -1.7082090e-01 -1.1801900e+03]
 [ 0.0000000e+00  0.0000000e+00  0.0000000e+00  1.0000000e+00]]
[+0082.22, -0010.78, -1063.73]
1706, 1813, 835
[[-2.2497664e-01  6.1131408e-01 -7.5855344e-01  9.6430000e+01]
 [-3.2366400e-03  7.7817646e-01  6.2799738e-01  1.4120000e+02]
 [ 9.7421648e-01  1.4382726e-01 -1.7306194e-01 -1.1802100e+03]
 [ 0.0000000e+00  0.0000000e+00  0.0000000e+00  1.0000000e+00]]
[+0151.82, +0050.69, -1112.69]
1871, 1951, 2218
[[-2.2752900e-01  6.0879520e-01 -7.5980240e-01  9.6130000e+01]
 [-4.9976000e-03  7.7967678e-01  6.2611934e-01  1.4104000e+02]
 [ 9.7360480e-01  1.4635166e-01 -1.7432322e-01 -1.1802400e+03]
 [ 0.0000000e+00  0.0000000e+00  0.0000000e+00  1.0000000e+00]]
[+0060.08, -0012.31, -1115.88]
1706, 1813, 835
[[-2.2478628e-01  6.1153782e-01 -7.5834242e-01  9.6500000e+01]
 [-3.2478200e-03  7.7798934e-01  6.2821002e-01  1.4119000e+02]
 [ 9.7419258e-01  1.4380498e-01 -1.7284938e-01 -1.1802100e+03]
 [ 0.0000000e+00  0.0000000e+00  0.0000000e+00  1.0000000e+00]]
[+0148.90, +0050.13, -1111.27]
1960, 1247, 861
[[-2.2548106e-01  6.1119042e-01 -7.5839810e-01  9.6430000e+01]
 [-3.6207000e-03  7.7813190e-01  6.2802750e-01  1.4114000e+02]
 [ 9.7401658e-01  1.4449194e-01 -1.7319220e-01 -1.1801900e+03]
 [ 0.0000000e+00  0.0000000e+00  0.0000000e+00  1.0000000e+00]]
[+0105.43, +0091.28, -1124.48]
1706, 1813, 835
[[-2.2470074e-01  6.1134144e-01 -7.5844710e-01  9.6500000e+01]
 [-4.0188000e-03  7.7802716e-01  6.2814144e-01  1.4121000e+02]
 [ 9.7414794e-01  1.4435880e-01 -1.7230714e-01 -1.1802000e+03]
 [ 0.0000000e+00  0.0000000e+00  0.0000000e+00  1.0000000e+00]]
[+0150.82, +0047.77, -1111.60]
1127, 1557, 929
[[-2.2350194e-01  6.1205436e-01 -7.5829422e-01  9.6560000e+01]
 [-2.9149200e-03  7.7776376e-01  6.2848836e-01  1.4119000e+02]
 [ 9.7448046e-01  1.4281308e-01 -1.7199994e-01 -1.1801700e+03]
 [ 0.0000000e+00  0.0000000e+00  0.0000000e+00  1.0000000e+00]]
[+0129.58, +0000.61, -1079.97]
1706, 1813, 835
[[-2.2508130e-01  6.1128402e-01 -7.5856456e-01  9.6420000e+01]
 [-3.5016200e-03  7.7815422e-01  6.2802744e-01  1.4118000e+02]
 [ 9.7420536e-01  1.4409224e-01 -1.7297952e-01 -1.1802100e+03]
 [ 0.0000000e+00  0.0000000e+00  0.0000000e+00  1.0000000e+00]]
[+0151.86, +0050.89, -1112.69]
1178, 1602, 1189
[[-2.2398708e-01  6.1147248e-01 -7.5843260e-01  9.6490000e+01]
 [-3.0525200e-03  7.7811612e-01  6.2801040e-01  1.4115000e+02]
 [ 9.7422240e-01  1.4320540e-01 -1.7234196e-01 -1.1801500e+03]
 [ 0.0000000e+00  0.0000000e+00  0.0000000e+00  1.0000000e+00]]
[+0111.39, -0012.77, -1081.21]
1276, 1740, 1372
[[-2.2428202e-01  6.1127108e-01 -7.5880218e-01  9.6420000e+01]
 [-3.3585200e-03  7.7828108e-01  6.2786892e-01  1.4116000e+02]
 [ 9.7438278e-01  1.4345148e-01 -1.7247194e-01 -1.1801900e+03]
 [ 0.0000000e+00  0.0000000e+00  0.0000000e+00  1.0000000e+00]]
[+0108.62, -0018.08, -1087.60]
1178, 1602, 1189
[[-2.2390146e-01  6.1171856e-01 -7.5838002e-01  9.6510000e+01]
 [-3.3811200e-03  7.7790684e-01  6.2829424e-01  1.4115000e+02]
 [ 9.7433486e-01  1.4340672e-01 -1.7204706e-01 -1.1801800e+03]
 [ 0.0000000e+00  0.0000000e+00  0.0000000e+00  1.0000000e+00]]
[+0111.71, -0013.03, -1081.26]
2157, 1040, 1083
[[-2.2567146e-01  6.1106184e-01 -7.5840914e-01  9.6390000e+01]
 [-3.4097600e-03  7.7823660e-01  6.2789112e-01  1.4109000e+02]
 [ 9.7394526e-01  1.4443792e-01 -1.7348730e-01 -1.1801700e+03]
 [ 0.0000000e+00  0.0000000e+00  0.0000000e+00  1.0000000e+00]]
[+0075.49, +0094.97, -1142.21]
1178, 1602, 1189
[[-2.2449130e-01  6.1140144e-01 -7.5842478e-01  9.6490000e+01]
 [-3.4888800e-03  7.7807180e-01  6.2808144e-01  1.4115000e+02]
 [ 9.7417026e-01  1.4382888e-01 -1.7247194e-01 -1.1801900e+03]
 [ 0.0000000e+00  0.0000000e+00  0.0000000e+00  1.0000000e+00]]
[+0112.02, -0012.95, -1081.23]
1285, 1833, 955
[[-2.2419636e-01  6.1161236e-01 -7.5854988e-01  9.6480000e+01]
 [-3.4873200e-03  7.7798934e-01  6.2822906e-01  1.4117000e+02]
 [ 9.7440004e-01  1.4357658e-01 -1.7225946e-01 -1.1801800e+03]
 [ 0.0000000e+00  0.0000000e+00  0.0000000e+00  1.0000000e+00]]
[+0151.41, +0005.90, -1096.46]
1178, 1602, 1189
[[-2.2381604e-01  6.1142742e-01 -7.5868434e-01  9.6500000e+01]
 [-4.3518600e-03  7.7802716e-01  6.2814902e-01  1.4116000e+02]
 [ 9.7438518e-01  1.4403694e-01 -1.7142244e-01 -1.1802100e+03]
 [ 0.0000000e+00  0.0000000e+00  0.0000000e+00  1.0000000e+00]]
[+0111.44, -0013.08, -1081.27]
1462, 1526, 2059
[[-2.2506250e-01  6.1019216e-01 -7.5941438e-01  9.6280000e+01]
 [-4.0978400e-03  7.7896176e-01  6.2701456e-01  1.4103000e+02]
 [ 9.7418062e-01  1.4432456e-01 -1.7278090e-01 -1.1801500e+03]
 [ 0.0000000e+00  0.0000000e+00  0.0000000e+00  1.0000000e+00]]
[+0038.45, -0027.36, -1122.17]
1454, 1143, 1415
[[-2.2499572e-01  6.1142536e-01 -7.5821720e-01  9.6460000e+01]
 [-3.7253600e-03  7.7794478e-01  6.2822890e-01  1.4113000e+02]
 [ 9.7402280e-01  1.4437610e-01 -1.7268450e-01 -1.1801500e+03]
 [ 0.0000000e+00  0.0000000e+00  0.0000000e+00  1.0000000e+00]]
[+0049.09, +0025.10, -1090.81]
1462, 1526, 2059
[[-2.2556680e-01  6.1012080e-01 -7.5940680e-01  9.6300000e+01]
 [-4.5345600e-03  7.7891680e-01  6.2708592e-01  1.4106000e+02]
 [ 9.7412808e-01  1.4494800e-01 -1.7291176e-01 -1.1801800e+03]
 [ 0.0000000e+00  0.0000000e+00  0.0000000e+00  1.0000000e+00]]
[+0039.96, -0028.97, -1121.95]
1737, 1466, 2090
[[-2.2664298e-01  6.0990598e-01 -7.5917956e-01  9.6240000e+01]
 [-3.9914200e-03  7.7902142e-01  6.2694236e-01  1.4105000e+02]
 [ 9.7381876e-01  1.4521484e-01 -1.7409256e-01 -1.1801700e+03]
 [ 0.0000000e+00  0.0000000e+00  0.0000000e+00  1.0000000e+00]]
[+0029.57, -0001.36, -1125.64]
1462, 1526, 2059
[[-2.2527170e-01  6.1037484e-01 -7.5918468e-01  9.6360000e+01]
 [-4.2805200e-03  7.7875256e-01  6.2726856e-01  1.4108000e+02]
 [ 9.7411524e-01  1.4466072e-01 -1.7278090e-01 -1.1801600e+03]
 [ 0.0000000e+00  0.0000000e+00  0.0000000e+00  1.0000000e+00]]
[+0042.03, -0029.40, -1120.15]
1632, 2129, 1698
[[-2.2525306e-01  6.1025408e-01 -7.5902576e-01  9.6320000e+01]
 [-3.4873600e-03  7.7890190e-01  6.2703092e-01  1.4115000e+02]
 [ 9.7391888e-01  1.4411764e-01 -1.7324040e-01 -1.1802000e+03]
 [ 0.0000000e+00  0.0000000e+00  0.0000000e+00  1.0000000e+00]]
[+0116.59, -0011.92, -1101.46]
1462, 1526, 2059
[[-2.2487202e-01  6.1041610e-01 -7.5920350e-01  9.6320000e+01]
 [-4.1089000e-03  7.7877500e-01  6.2722730e-01  1.4106000e+02]
 [ 9.7415650e-01  1.4430230e-01 -1.7256802e-01 -1.1801600e+03]
 [ 0.0000000e+00  0.0000000e+00  0.0000000e+00  1.0000000e+00]]
[+0038.44, -0029.18, -1122.88]
1299, 1424, 1311
[[-2.2371130e-01  6.1155234e-01 -7.5847338e-01  9.6480000e+01]
 [-3.8871000e-03  7.7796710e-01  6.2819550e-01  1.4113000e+02]
 [ 9.7430130e-01  1.4369562e-01 -1.7158724e-01 -1.1801700e+03]
 [ 0.0000000e+00  0.0000000e+00  0.0000000e+00  1.0000000e+00]]
[+0083.84, -0000.58, -1079.82]
1123, 1709, 1373
[[-2.2369218e-01  6.1138838e-01 -7.5866228e-01  9.6450000e+01]
 [-3.3458200e-03  7.7819862e-01  6.2792308e-01  1.4116000e+02]
 [ 9.7434748e-01  1.4318812e-01 -1.7196456e-01 -1.1801700e+03]
 [ 0.0000000e+00  0.0000000e+00  0.0000000e+00  1.0000000e+00]]
[+0108.16, -0033.68, -1090.87]
1299, 1424, 1311
[[-2.2360660e-01  6.1163456e-01 -7.5860968e-01  9.6500000e+01]
 [-3.6744800e-03  7.7798934e-01  6.2820686e-01  1.4114000e+02]
 [ 9.7445984e-01  1.4338942e-01 -1.7166970e-01 -1.1801800e+03]
 [ 0.0000000e+00  0.0000000e+00  0.0000000e+00  1.0000000e+00]]
[+0083.21, +0000.29, -1079.63]
1030, 1241, 1394
[[-2.2381604e-01  6.1186968e-01 -7.5852720e-01  9.6510000e+01]
 [-3.9096000e-03  7.7777990e-01  6.2850170e-01  1.4112000e+02]
 [ 9.7454232e-01  1.4368426e-01 -1.7166970e-01 -1.1801700e+03]
 [ 0.0000000e+00  0.0000000e+00  0.0000000e+00  1.0000000e+00]]
[+0061.97, -0028.76, -1086.19]
1299, 1424, 1311
[[-2.2411090e-01  6.1141622e-01 -7.5865446e-01  9.6490000e+01]
 [-4.2583000e-03  7.7802716e-01  6.2816022e-01  1.4114000e+02]
 [ 9.7435530e-01  1.4413050e-01 -1.7171730e-01 -1.1801800e+03]
 [ 0.0000000e+00  0.0000000e+00  0.0000000e+00  1.0000000e+00]]
[+0083.82, +0000.35, -1079.64]
1474, 1413, 1853
[[-2.2577616e-01  6.1039860e-01 -7.5897724e-01  9.6320000e+01]
 [-4.5172400e-03  7.7862534e-01  6.2741640e-01  1.4106000e+02]
 [ 9.7396740e-01  1.4520776e-01 -1.7299386e-01 -1.1801500e+03]
 [ 0.0000000e+00  0.0000000e+00  0.0000000e+00  1.0000000e+00]]
[+0041.03, -0012.00, -1108.33]
1299, 1424, 1311
[[-2.2440580e-01  6.1140502e-01 -7.5862454e-01  9.6470000e+01]
 [-4.1647400e-03  7.7802716e-01  6.2817142e-01  1.4112000e+02]
 [ 9.7432538e-01  1.4422406e-01 -1.7201220e-01 -1.1801500e+03]
 [ 0.0000000e+00  0.0000000e+00  0.0000000e+00  1.0000000e+00]]
[+0083.72, -0000.51, -1079.71]
2043, 1312, 854
[[-2.2626178e-01  6.1142998e-01 -7.5804412e-01  9.6410000e+01]
 [-2.7275800e-03  7.7798934e-01  6.2822428e-01  1.4114000e+02]
 [ 9.7389428e-01  1.4431412e-01 -1.7432488e-01 -1.1801100e+03]
 [ 0.0000000e+00  0.0000000e+00  0.0000000e+00  1.0000000e+00]]
[+0110.60, +0092.52, -1130.78]
1478, 2188, 850
[[-2.2487202e-01  6.1080636e-01 -7.5889908e-01  9.6390000e+01]
 [-3.6140400e-03  7.7852822e-01  6.2753864e-01  1.4124000e+02]
 [ 9.7416588e-01  1.4399096e-01 -1.7281480e-01 -1.1801300e+03]
 [ 0.0000000e+00  0.0000000e+00  0.0000000e+00  1.0000000e+00]]
[+0172.20, +0015.29, -1129.11]
2043, 1312, 854
[[-2.2607130e-01  6.1116806e-01 -7.5833778e-01  9.6380000e+01]
 [-3.4336200e-03  7.7813190e-01  6.2804986e-01  1.4112000e+02]
 [ 9.7395626e-01  1.4467902e-01 -1.7378244e-01 -1.1801200e+03]
 [ 0.0000000e+00  0.0000000e+00  0.0000000e+00  1.0000000e+00]]
[+0110.66, +0092.38, -1130.89]
2040, 1311, 1110
[[-2.2598568e-01  6.1072864e-01 -7.5869516e-01  9.6320000e+01]
 [-4.5521600e-03  7.7833368e-01  6.2778788e-01  1.4108000e+02]
 [ 9.7395436e-01  1.4542652e-01 -1.7307600e-01 -1.1801200e+03]
 [ 0.0000000e+00  0.0000000e+00  0.0000000e+00  1.0000000e+00]]
[+0089.78, +0084.14, -1120.90]
2043, 1312, 854
[[-2.2577616e-01  6.1142200e-01 -7.5811568e-01  9.6410000e+01]
 [-3.1796800e-03  7.7796710e-01  6.2823226e-01  1.4114000e+02]
 [ 9.7394360e-01  1.4439190e-01 -1.7365210e-01 -1.1801000e+03]
 [ 0.0000000e+00  0.0000000e+00  0.0000000e+00  1.0000000e+00]]
[+0109.84, +0093.00, -1131.47]
1287, 825, 846
[[-2.2343604e-01  6.1270680e-01 -7.5780012e-01  9.6620000e+01]
 [-3.4378800e-03  7.7715740e-01  6.2923816e-01  1.4113000e+02]
 [ 9.7450440e-01  1.4332780e-01 -1.7149300e-01 -1.1801000e+03]
 [ 0.0000000e+00  0.0000000e+00  0.0000000e+00  1.0000000e+00]]
[+0065.51, +0059.11, -1080.96]
2043, 1312, 854
[[-2.2657600e-01  6.1109640e-01 -7.5833000e-01  9.6380000e+01]
 [-3.8700000e-03  7.7808702e-01  6.2812152e-01  1.4113000e+02]
 [ 9.7390360e-01  1.4530248e-01 -1.7391298e-01 -1.1801200e+03]
 [ 0.0000000e+00  0.0000000e+00  0.0000000e+00  1.0000000e+00]]
[+0112.33, +0092.11, -1131.24]
1869, 2012, 1763
[[-2.2565274e-01  6.0982232e-01 -7.5931120e-01  9.6260000e+01]
 [-4.1540000e-03  7.7912600e-01  6.2676100e-01  1.4107000e+02]
 [ 9.7386832e-01  1.4478724e-01 -1.7320690e-01 -1.1801200e+03]
 [ 0.0000000e+00  0.0000000e+00  0.0000000e+00  1.0000000e+00]]
[+0095.49, +0002.66, -1099.32]
1466, 1640, 2182
[[-2.2485346e-01  6.0980962e-01 -7.5954878e-01  9.6220000e+01]
 [-4.0103800e-03  7.7925294e-01  6.2660198e-01  1.4102000e+02]
 [ 9.7404622e-01  1.4414698e-01 -1.7269876e-01 -1.1801300e+03]
 [ 0.0000000e+00  0.0000000e+00  0.0000000e+00  1.0000000e+00]]
[+0042.38, -0036.72, -1129.60]
1869, 2012, 1763
[[-2.2594792e-01  6.1001096e-01 -7.5937636e-01  9.6250000e+01]
 [-3.9653600e-03  7.7904390e-01  6.2693072e-01  1.4110000e+02]
 [ 9.7403804e-01  1.4472208e-01 -1.7358418e-01 -1.1801600e+03]
 [ 0.0000000e+00  0.0000000e+00  0.0000000e+00  1.0000000e+00]]
[+0099.36, +0011.22, -1098.67]
1688, 2244, 1795
[[-2.2455840e-01  6.0987304e-01 -7.5972632e-01  9.6260000e+01]
 [-4.1559200e-03  7.7925294e-01  6.2663186e-01  1.4115000e+02]
 [ 9.7422376e-01  1.4401262e-01 -1.7240370e-01 -1.1801700e+03]
 [ 0.0000000e+00  0.0000000e+00  0.0000000e+00  1.0000000e+00]]
[+0116.28, -0018.42, -1107.20]
1869, 2012, 1763
[[-2.2556680e-01  6.1031128e-01 -7.5900704e-01  9.6270000e+01]
 [-4.1348000e-03  7.7875256e-01  6.2723872e-01  1.4109000e+02]
 [ 9.7393760e-01  1.4479520e-01 -1.7307600e-01 -1.1801800e+03]
 [ 0.0000000e+00  0.0000000e+00  0.0000000e+00  1.0000000e+00]]
[+0093.68, +0013.25, -1099.05]
1595, 1854, 1361
[[-2.2449130e-01  6.1115882e-01 -7.5867694e-01  9.6420000e+01]
 [-3.8361800e-03  7.7823660e-01  6.2788766e-01  1.4113000e+02]
 [ 9.7421306e-01  1.4402266e-01 -1.7230714e-01 -1.1801400e+03]
 [ 0.0000000e+00  0.0000000e+00  0.0000000e+00  1.0000000e+00]]
[+0113.44, +0010.36, -1090.24]
1869, 2012, 1763
[[-2.2573888e-01  6.0992368e-01 -7.5940624e-01  9.6220000e+01]
 [-3.5828800e-03  7.7917080e-01  6.2675296e-01  1.4109000e+02]
 [ 9.7400816e-01  1.4430944e-01 -1.7366632e-01 -1.1801500e+03]
 [ 0.0000000e+00  0.0000000e+00  0.0000000e+00  1.0000000e+00]]
[+0094.76, +0007.68, -1098.99]
2021, 1658, 861
[[-2.2647122e-01  6.1092666e-01 -7.5822354e-01  9.6370000e+01]
 [-3.7002600e-03  7.7819180e-01  6.2793278e-01  1.4116000e+02]
 [ 9.7371486e-01  1.4519602e-01 -1.7391298e-01 -1.1801200e+03]
 [ 0.0000000e+00  0.0000000e+00  0.0000000e+00  1.0000000e+00]]
[+0131.88, +0076.57, -1125.96]
1193, 2184, 1174
[[-2.2426338e-01  6.1071698e-01 -7.5929534e-01  9.6370000e+01]
 [-3.3119800e-03  7.7875950e-01  6.2728486e-01  1.4119000e+02]
 [ 9.7441966e-01  1.4325514e-01 -1.7260212e-01 -1.1801400e+03]
 [ 0.0000000e+00  0.0000000e+00  0.0000000e+00  1.0000000e+00]]
[+0158.59, -0023.80, -1120.27]
2021, 1658, 861
[[-2.2607130e-01  6.1102048e-01 -7.5839014e-01  9.6370000e+01]
 [-3.5812000e-03  7.7821424e-01  6.2793248e-01  1.4114000e+02]
 [ 9.7390390e-01  1.4479640e-01 -1.7370010e-01 -1.1801300e+03]
 [ 0.0000000e+00  0.0000000e+00  0.0000000e+00  1.0000000e+00]]
[+0131.93, +0076.56, -1125.89]
2172, 1860, 922
[[-2.2799730e-01  6.0946492e-01 -7.5896146e-01  9.6180000e+01]
 [-2.7623600e-03  7.7935740e-01  6.2649508e-01  1.4120000e+02]
 [ 9.7337678e-01  1.4510764e-01 -1.7594706e-01 -1.1801700e+03]
 [ 0.0000000e+00  0.0000000e+00  0.0000000e+00  1.0000000e+00]]
[+0137.05, +0068.93, -1130.74]
2021, 1658, 861
[[-2.2480552e-01  6.1145892e-01 -7.5840592e-01  9.6460000e+01]
 [-4.1362800e-03  7.7792238e-01  6.2828892e-01  1.4117000e+02]
 [ 9.7418912e-01  1.4450628e-01 -1.7230714e-01 -1.1801200e+03]
 [ 0.0000000e+00  0.0000000e+00  0.0000000e+00  1.0000000e+00]]
[+0130.05, +0073.02, -1123.76]
2062, 1526, 1193
[[-2.2556680e-01  6.1070164e-01 -7.5870252e-01  9.6350000e+01]
 [-3.6398000e-03  7.7850590e-01  6.2754990e-01  1.4111000e+02]
 [ 9.7394700e-01  1.4448402e-01 -1.7332266e-01 -1.1800500e+03]
 [ 0.0000000e+00  0.0000000e+00  0.0000000e+00  1.0000000e+00]]
[+0098.25, +0070.00, -1112.35]
2021, 1658, 861
[[-2.2478628e-01  6.1144266e-01 -7.5854226e-01  9.6470000e+01]
 [-3.4476600e-03  7.7807180e-01  6.2813378e-01  1.4118000e+02]
 [ 9.7428774e-01  1.4388122e-01 -1.7276692e-01 -1.1800600e+03]
 [ 0.0000000e+00  0.0000000e+00  0.0000000e+00  1.0000000e+00]]
[+0132.49, +0073.00, -1124.12]
1313, 2219, 1286
[[-2.2434952e-01  6.1047088e-01 -7.5934772e-01  9.6330000e+01]
 [-2.9835200e-03  7.7896838e-01  6.2700088e-01  1.4118000e+02]
 [ 9.7430732e-01  1.4305352e-01 -1.7289714e-01 -1.1800600e+03]
 [ 0.0000000e+00  0.0000000e+00  0.0000000e+00  1.0000000e+00]]
[+0152.02, -0021.25, -1116.57]
1328, 2227, 1904
[[-2.2533924e-01  6.0918392e-01 -7.6003372e-01  9.6160000e+01]
 [-4.4010800e-03  7.7968556e-01  6.2608888e-01  1.4110000e+02]
 [ 9.7403128e-01  1.4457388e-01 -1.7296084e-01 -1.1800800e+03]
 [ 0.0000000e+00  0.0000000e+00  0.0000000e+00  1.0000000e+00]]
[+0110.95, -0050.60, -1123.90]
1313, 2219, 1286
[[-2.2438664e-01  6.1099848e-01 -7.5906540e-01  9.6420000e+01]
 [-3.9708000e-03  7.7842360e-01  6.2770500e-01  1.4119000e+02]
 [ 9.7441452e-01  1.4391036e-01 -1.7222480e-01 -1.1800700e+03]
 [ 0.0000000e+00  0.0000000e+00  0.0000000e+00  1.0000000e+00]]
[+0150.23, -0019.77, -1114.60]
1996, 906, 1285
[[-2.2596660e-01  6.1114592e-01 -7.5817904e-01  9.6410000e+01]
 [-3.1163200e-03  7.7815422e-01  6.2797846e-01  1.4108000e+02]
 [ 9.7381984e-01  1.4445526e-01 -1.7386482e-01 -1.1800500e+03]
 [ 0.0000000e+00  0.0000000e+00  0.0000000e+00  1.0000000e+00]]
[+0047.95, +0084.14, -1138.12]
1313, 2219, 1286
[[-2.2396840e-01  6.1043308e-01 -7.5942976e-01  9.6370000e+01]
 [-3.7003600e-03  7.7892414e-01  6.2703868e-01  1.4119000e+02]
 [ 9.7434512e-01  1.4339684e-01 -1.7214250e-01 -1.1800900e+03]
 [ 0.0000000e+00  0.0000000e+00  0.0000000e+00  1.0000000e+00]]
[+0153.27, -0020.02, -1116.54]
825, 1965, 1301
[[-2.2253226e-01  6.1179660e-01 -7.5868756e-01  9.6570000e+01]
 [-4.1664400e-03  7.7788464e-01  6.2830980e-01  1.4117000e+02]
 [ 9.7462020e-01  1.4316244e-01 -1.7049066e-01 -1.1800700e+03]
 [ 0.0000000e+00  0.0000000e+00  0.0000000e+00  1.0000000e+00]]
[+0136.31, -0056.60, -1120.42]
1313, 2219, 1286
[[-2.2455840e-01  6.1050616e-01 -7.5917008e-01  9.6340000e+01]
 [-3.3138400e-03  7.7884184e-01  6.2713724e-01  1.4119000e+02]
 [ 9.7418992e-01  1.4350724e-01 -1.7281480e-01 -1.1800700e+03]
 [ 0.0000000e+00  0.0000000e+00  0.0000000e+00  1.0000000e+00]]
[+0152.62, -0019.57, -1116.46]
1080, 2237, 753
[[-2.2219936e-01  6.1153120e-01 -7.5924288e-01  9.6490000e+01]
 [-3.2291200e-03  7.7834720e-01  6.2779584e-01  1.4128000e+02]
 [ 9.7488960e-01  1.4201280e-01 -1.7095040e-01 -1.1800900e+03]
 [ 0.0000000e+00  0.0000000e+00  0.0000000e+00  1.0000000e+00]]
[+0180.85, -0009.89, -1142.94]
952, 2249, 850
[[-2.2287482e-01  6.1111566e-01 -7.5928842e-01  9.6450000e+01]
 [-2.8607400e-03  7.7863862e-01  6.2741626e-01  1.4128000e+02]
 [ 9.7466562e-01  1.4211614e-01 -1.7175220e-01 -1.1800700e+03]
 [ 0.0000000e+00  0.0000000e+00  0.0000000e+00  1.0000000e+00]]
[+0177.04, -0022.52, -1143.37]
1080, 2237, 753
[[-2.2417744e-01  6.1130104e-01 -7.5879112e-01  9.6440000e+01]
 [-3.0935200e-03  7.7830320e-01  6.2783896e-01  1.4126000e+02]
 [ 9.7439384e-01  1.4318648e-01 -1.7255440e-01 -1.1800400e+03]
 [ 0.0000000e+00  0.0000000e+00  0.0000000e+00  1.0000000e+00]]
[+0180.29, -0010.13, -1143.29]
1076, 1631, 825
[[-2.2301700e-01  6.1175180e-01 -7.5846960e-01  9.6540000e+01]
 [-3.6619200e-03  7.7790684e-01  6.2826100e-01  1.4118000e+02]
 [ 9.7442444e-01  1.4312592e-01 -1.7116260e-01 -1.1800500e+03]
 [ 0.0000000e+00  0.0000000e+00  0.0000000e+00  1.0000000e+00]]
[+0145.47, +0000.28, -1086.43]
1080, 2237, 753
[[-2.2396840e-01  6.1087552e-01 -7.5927304e-01  9.6400000e+01]
 [-3.2579200e-03  7.7867712e-01  6.2739136e-01  1.4127000e+02]
 [ 9.7450184e-01  1.4304416e-01 -1.7238952e-01 -1.1800500e+03]
 [ 0.0000000e+00  0.0000000e+00  0.0000000e+00  1.0000000e+00]]
[+0180.50, -0009.93, -1142.59]
1884, 1539, 1340
[[-2.2535760e-01  6.1051908e-01 -7.5893236e-01  9.6320000e+01]
 [-3.4572400e-03  7.7871510e-01  6.2729592e-01  1.4110000e+02]
 [ 9.7401228e-01  1.4414776e-01 -1.7332266e-01 -1.1800500e+03]
 [ 0.0000000e+00  0.0000000e+00  0.0000000e+00  1.0000000e+00]]
[+0088.48, +0053.24, -1098.19]
1484, 1293, 1293
[[-2.2430106e-01  6.1167752e-01 -7.5836118e-01  9.6480000e+01]
 [-3.5524800e-03  7.7788464e-01  6.2833528e-01  1.4113000e+02]
 [ 9.7429382e-01  1.4376528e-01 -1.7225946e-01 -1.1800500e+03]
 [ 0.0000000e+00  0.0000000e+00  0.0000000e+00  1.0000000e+00]]
[+0071.72, +0026.70, -1083.02]
1884, 1539, 1340
[[-2.2535760e-01  6.1051908e-01 -7.5893236e-01  9.6320000e+01]
 [-3.4572400e-03  7.7871510e-01  6.2729592e-01  1.4110000e+02]
 [ 9.7401228e-01  1.4414776e-01 -1.7332266e-01 -1.1800400e+03]
 [ 0.0000000e+00  0.0000000e+00  0.0000000e+00  1.0000000e+00]]
[+0089.77, +0052.97, -1098.08]
1937, 1521, 973
[[-2.2516708e-01  6.1103800e-01 -7.5861688e-01  9.6380000e+01]
 [-3.1732000e-03  7.7836350e-01  6.2774350e-01  1.4113000e+02]
 [ 9.7409288e-01  1.4389070e-01 -1.7327458e-01 -1.1800400e+03]
 [ 0.0000000e+00  0.0000000e+00  0.0000000e+00  1.0000000e+00]]
[+0120.00, +0074.44, -1113.65]
1884, 1539, 1340
[[-2.2438664e-01  6.1079868e-01 -7.5897024e-01  9.6360000e+01]
 [-4.0659600e-03  7.7850590e-01  6.2754632e-01  1.4110000e+02]
 [ 9.7421472e-01  1.4406904e-01 -1.7214250e-01 -1.1800600e+03]
 [ 0.0000000e+00  0.0000000e+00  0.0000000e+00  1.0000000e+00]]
[+0089.11, +0051.18, -1097.30]
1772, 1724, 1315
[[-2.2508130e-01  6.1098898e-01 -7.5866924e-01  9.6410000e+01]
 [-3.7966600e-03  7.7831894e-01  6.2779252e-01  1.4114000e+02]
 [ 9.7410068e-01  1.4432716e-01 -1.7281480e-01 -1.1800700e+03]
 [ 0.0000000e+00  0.0000000e+00  0.0000000e+00  1.0000000e+00]]
[+0108.41, +0034.64, -1092.40]
1884, 1539, 1340
[[-2.2556680e-01  6.1055408e-01 -7.5875484e-01  9.6340000e+01]
 [-3.7873600e-03  7.7858816e-01  6.2743248e-01  1.4109000e+02]
 [ 9.7389468e-01  1.4460144e-01 -1.7324040e-01 -1.1800200e+03]
 [ 0.0000000e+00  0.0000000e+00  0.0000000e+00  1.0000000e+00]]
[+0087.34, +0053.13, -1098.32]
958, 848, 1948
[[-2.2390146e-01  6.1152836e-01 -7.5877958e-01  9.6470000e+01]
 [-3.7806800e-03  7.7807180e-01  6.2814164e-01  1.4103000e+02]
 [ 9.7452506e-01  1.4355932e-01 -1.7188210e-01 -1.1800400e+03]
 [ 0.0000000e+00  0.0000000e+00  0.0000000e+00  1.0000000e+00]]
[+0008.43, -0040.21, -1157.42]
896, 928, 2144
[[-2.2339732e-01  6.1091436e-01 -7.5919620e-01  9.6420000e+01]
 [-4.1336400e-03  7.7852822e-01  6.2752410e-01  1.4101000e+02]
 [ 9.7446300e-01  1.4348250e-01 -1.7134010e-01 -1.1800500e+03]
 [ 0.0000000e+00  0.0000000e+00  0.0000000e+00  1.0000000e+00]]
[+0018.46, -0051.18, -1174.69]
958, 848, 1948
[[-2.2409170e-01  6.1188490e-01 -7.5828670e-01  9.6520000e+01]
 [-2.8751000e-03  7.7784638e-01  6.2839286e-01  1.4106000e+02]
 [ 9.7436830e-01  1.4311786e-01 -1.7250708e-01 -1.1800000e+03]
 [ 0.0000000e+00  0.0000000e+00  0.0000000e+00  1.0000000e+00]]
[+0011.46, -0036.94, -1151.22]
1161, 1026, 1939
[[-2.2489098e-01  6.1136028e-01 -7.5840590e-01  9.6460000e+01]
 [-3.6602800e-03  7.7804952e-01  6.2812260e-01  1.4107000e+02]
 [ 9.7412910e-01  1.4418740e-01 -1.7268450e-01 -1.1800200e+03]
 [ 0.0000000e+00  0.0000000e+00  0.0000000e+00  1.0000000e+00]]
[+0018.64, -0028.99, -1134.14]
958, 848, 1948
[[-2.2362600e-01  6.1204100e-01 -7.5816860e-01  9.6560000e+01]
 [-3.8686000e-03  7.7759262e-01  6.2867302e-01  1.4107000e+02]
 [ 9.7437100e-01  1.4370298e-01 -1.7145738e-01 -1.1800400e+03]
 [ 0.0000000e+00  0.0000000e+00  0.0000000e+00  1.0000000e+00]]
[+0011.55, -0037.94, -1151.56]
816, 1003, 1840
[[-2.2331178e-01  6.1218292e-01 -7.5828276e-01  9.6600000e+01]
 [-3.1261200e-03  7.7765910e-01  6.2862476e-01  1.4108000e+02]
 [ 9.7455164e-01  1.4286684e-01 -1.7170512e-01 -1.1799900e+03]
 [ 0.0000000e+00  0.0000000e+00  0.0000000e+00  1.0000000e+00]]
[+0029.45, -0057.05, -1138.78]
958, 848, 1948
[[-2.2400616e-01  6.1129868e-01 -7.5869564e-01  9.6460000e+01]
 [-4.1407600e-03  7.7813190e-01  6.2801278e-01  1.4102000e+02]
 [ 9.7431412e-01  1.4398306e-01 -1.7171730e-01 -1.1800300e+03]
 [ 0.0000000e+00  0.0000000e+00  0.0000000e+00  1.0000000e+00]]
[+0009.52, -0038.51, -1154.89]
1939, 882, 1252
[[-2.2607130e-01  6.1116806e-01 -7.5833778e-01  9.6400000e+01]
 [-3.4336200e-03  7.7813190e-01  6.2804986e-01  1.4108000e+02]
 [ 9.7395626e-01  1.4467902e-01 -1.7378244e-01 -1.1800200e+03]
 [ 0.0000000e+00  0.0000000e+00  0.0000000e+00  1.0000000e+00]]
[+0047.09, +0083.39, -1135.11]
1169, 1287, 1612
[[-2.2459600e-01  6.1142380e-01 -7.5858340e-01  9.6460000e+01]
 [-3.8062000e-03  7.7804952e-01  6.2815264e-01  1.4108000e+02]
 [ 9.7430660e-01  1.4405264e-01 -1.7238952e-01 -1.1800400e+03]
 [ 0.0000000e+00  0.0000000e+00  0.0000000e+00  1.0000000e+00]]
[+0050.11, -0028.35, -1097.57]
1939, 882, 1252
[[-2.2529074e-01  6.1117152e-01 -7.5843940e-01  9.6430000e+01]
 [-3.9792000e-03  7.7810950e-01  6.2804640e-01  1.4106000e+02]
 [ 9.7403548e-01  1.4466336e-01 -1.7281480e-01 -1.1800400e+03]
 [ 0.0000000e+00  0.0000000e+00  0.0000000e+00  1.0000000e+00]]
[+0047.27, +0083.94, -1135.14]
2196, 1294, 1337
[[-2.2664298e-01  6.1024430e-01 -7.5872738e-01  9.6280000e+01]
 [-3.4439000e-03  7.7877500e-01  6.2721230e-01  1.4106000e+02]
 [ 9.7368038e-01  1.4494490e-01 -1.7433898e-01 -1.1800200e+03]
 [ 0.0000000e+00  0.0000000e+00  0.0000000e+00  1.0000000e+00]]
[+0074.00, +0080.20, -1127.84]
1939, 882, 1252
[[-2.2470074e-01  6.1193136e-01 -7.5823758e-01  9.6500000e+01]
 [-3.4288800e-03  7.7769740e-01  6.2861136e-01  1.4108000e+02]
 [ 9.7435746e-01  1.4388888e-01 -1.7263690e-01 -1.1800200e+03]
 [ 0.0000000e+00  0.0000000e+00  0.0000000e+00  1.0000000e+00]]
[+0047.63, +0078.51, -1131.46]
1900, 935, 1109
[[-2.2438664e-01  6.1182156e-01 -7.5810924e-01  9.6500000e+01]
 [-2.7291600e-03  7.7784638e-01  6.2836258e-01  1.4110000e+02]
 [ 9.7419084e-01  1.4325278e-01 -1.7280202e-01 -1.1799700e+03]
 [ 0.0000000e+00  0.0000000e+00  0.0000000e+00  1.0000000e+00]]
[+0061.31, +0082.23, -1122.84]
1939, 882, 1252
[[-2.2558580e-01  6.1145538e-01 -7.5830454e-01  9.6430000e+01]
 [-3.5905800e-03  7.7794478e-01  6.2829246e-01  1.4106000e+02]
 [ 9.7411014e-01  1.4452206e-01 -1.7327458e-01 -1.1800100e+03]
 [ 0.0000000e+00  0.0000000e+00  0.0000000e+00  1.0000000e+00]]
[+0047.32, +0080.23, -1132.74]
787, 1763, 1871
[[-2.2396840e-01  6.1082328e-01 -7.5912556e-01  9.6430000e+01]
 [-3.2056800e-03  7.7867712e-01  6.2735016e-01  1.4109000e+02]
 [ 9.7435436e-01  1.4308536e-01 -1.7238952e-01 -1.1800200e+03]
 [ 0.0000000e+00  0.0000000e+00  0.0000000e+00  1.0000000e+00]]
[+0087.86, -0080.27, -1145.82]
807, 1991, 1739
[[-2.2367346e-01  6.1122446e-01 -7.5885130e-01  9.6460000e+01]
 [-2.8045000e-03  7.7842974e-01  6.2765054e-01  1.4114000e+02]
 [ 9.7439354e-01  1.4268050e-01 -1.7234196e-01 -1.1800200e+03]
 [ 0.0000000e+00  0.0000000e+00  0.0000000e+00  1.0000000e+00]]
[+0113.49, -0075.81, -1144.36]
787, 1763, 1871
[[-2.2407290e-01  6.1088856e-01 -7.5893688e-01  9.6440000e+01]
 [-3.2709600e-03  7.7857262e-01  6.2745644e-01  1.4108000e+02]
 [ 9.7424808e-01  1.4327404e-01 -1.7238952e-01 -1.1800100e+03]
 [ 0.0000000e+00  0.0000000e+00  0.0000000e+00  1.0000000e+00]]
[+0086.12, -0079.38, -1145.22]
1056, 1817, 2007
[[-2.2476744e-01  6.1025564e-01 -7.5959192e-01  9.6310000e+01]
 [-4.2434800e-03  7.7896176e-01  6.2704444e-01  1.4104000e+02]
 [ 9.7435816e-01  1.4419012e-01 -1.7248584e-01 -1.1800700e+03]
 [ 0.0000000e+00  0.0000000e+00  0.0000000e+00  1.0000000e+00]]
[+0076.08, -0067.42, -1135.73]
787, 1763, 1871
[[-2.2301700e-01  6.1180414e-01 -7.5861698e-01  9.6570000e+01]
 [-3.7142600e-03  7.7790684e-01  6.2830226e-01  1.4113000e+02]
 [ 9.7457182e-01  1.4308466e-01 -1.7116260e-01 -1.1800400e+03]
 [ 0.0000000e+00  0.0000000e+00  0.0000000e+00  1.0000000e+00]]
[+0087.45, -0077.77, -1143.80]
1043, 1508, 1469
[[-2.2329274e-01  6.1177642e-01 -7.5872398e-01  9.6510000e+01]
 [-2.9318200e-03  7.7805558e-01  6.2815858e-01  1.4111000e+02]
 [ 9.7464038e-01  1.4255318e-01 -1.7191732e-01 -1.1800200e+03]
 [ 0.0000000e+00  0.0000000e+00  0.0000000e+00  1.0000000e+00]]
[+0082.91, -0038.67, -1090.89]
787, 1763, 1871
[[-2.2299792e-01  6.1086016e-01 -7.5941456e-01  9.6440000e+01]
 [-4.1617600e-03  7.7863280e-01  6.2740672e-01  1.4109000e+02]
 [ 9.7459904e-01  1.4320048e-01 -1.7104528e-01 -1.1800700e+03]
 [ 0.0000000e+00  0.0000000e+00  0.0000000e+00  1.0000000e+00]]
[+0087.74, -0080.22, -1145.67]
1476, 1953, 1469
[[-2.2466290e-01  6.1086644e-01 -7.5887688e-01  9.6400000e+01]
 [-3.0840400e-03  7.7857262e-01  6.2747856e-01  1.4113000e+02]
 [ 9.7418808e-01  1.4346096e-01 -1.7297952e-01 -1.1800400e+03]
 [ 0.0000000e+00  0.0000000e+00  0.0000000e+00  1.0000000e+00]]
[+0119.13, -0006.21, -1093.53]
1104, 1815, 1652
[[-2.2409170e-01  6.1095732e-01 -7.5894786e-01  9.6420000e+01]
 [-4.0119600e-03  7.7842360e-01  6.2765268e-01  1.4109000e+02]
 [ 9.7429698e-01  1.4385804e-01 -1.7192986e-01 -1.1800300e+03]
 [ 0.0000000e+00  0.0000000e+00  0.0000000e+00  1.0000000e+00]]
[+0094.42, -0051.96, -1107.42]
1476, 1953, 1469
[[-2.2497664e-01  6.1062880e-01 -7.5896256e-01  9.6390000e+01]
 [-4.0265600e-03  7.7858816e-01  6.2745120e-01  1.4113000e+02]
 [ 9.7410240e-01  1.4437344e-01 -1.7265024e-01 -1.1800500e+03]
 [ 0.0000000e+00  0.0000000e+00  0.0000000e+00  1.0000000e+00]]
[+0119.20, -0006.54, -1093.63]
1237, 2114, 1106
[[-2.2367346e-01  6.1107700e-01 -7.5890354e-01  9.6440000e+01]
 [-2.9519600e-03  7.7851224e-01  6.2753300e-01  1.4118000e+02]
 [ 9.7434130e-01  1.4279804e-01 -1.7225946e-01 -1.1800100e+03]
 [ 0.0000000e+00  0.0000000e+00  0.0000000e+00  1.0000000e+00]]
[+0160.32, -0016.02, -1115.16]
1476, 1953, 1469
[[-2.2476744e-01  6.1083640e-01 -7.5888796e-01  9.6380000e+01]
 [-3.3490400e-03  7.7855046e-01  6.2750860e-01  1.4111000e+02]
 [ 9.7417700e-01  1.4372596e-01 -1.7289714e-01 -1.1800500e+03]
 [ 0.0000000e+00  0.0000000e+00  0.0000000e+00  1.0000000e+00]]
[+0113.79, -0007.10, -1093.10]
1583, 1008, 978
[[-2.2421568e-01  6.1201872e-01 -7.5810880e-01  9.6540000e+01]
 [-3.6812800e-03  7.7759262e-01  6.2869530e-01  1.4110000e+02]
 [ 9.7431120e-01  1.4389030e-01 -1.7204706e-01 -1.1800300e+03]
 [ 0.0000000e+00  0.0000000e+00  0.0000000e+00  1.0000000e+00]]
[+0073.23, +0070.65, -1095.14]
1476, 1953, 1469
[[-2.2478628e-01  6.1075750e-01 -7.5895146e-01  9.6400000e+01]
 [-4.2375000e-03  7.7848350e-01  6.2758750e-01  1.4118000e+02]
 [ 9.7417354e-01  1.4442750e-01 -1.7235522e-01 -1.1800500e+03]
 [ 0.0000000e+00  0.0000000e+00  0.0000000e+00  1.0000000e+00]]
[+0118.14, -0011.89, -1094.23]
1163, 1262, 2097
[[-2.2497664e-01  6.1053360e-01 -7.5916240e-01  9.6360000e+01]
 [-4.2264000e-03  7.7867038e-01  6.2737482e-01  1.4102000e+02]
 [ 9.7419760e-01  1.4444982e-01 -1.7256802e-01 -1.1800300e+03]
 [ 0.0000000e+00  0.0000000e+00  0.0000000e+00  1.0000000e+00]]
[+0026.78, -0046.07, -1145.96]
1155, 1203, 1100
[[-2.2329274e-01  6.1226154e-01 -7.5822002e-01  9.6560000e+01]
 [-2.2375800e-03  7.7772486e-01  6.2854614e-01  1.4112000e+02]
 [ 9.7455466e-01  1.4216562e-01 -1.7224804e-01 -1.1800100e+03]
 [ 0.0000000e+00  0.0000000e+00  0.0000000e+00  1.0000000e+00]]
[+0083.10, +0006.56, -1071.99]
1163, 1262, 2097
[[-2.2409170e-01  6.1041980e-01 -7.5930460e-01  9.6360000e+01]
 [-4.6541200e-03  7.7875256e-01  6.2722360e-01  1.4102000e+02]
 [ 9.7423516e-01  1.4428712e-01 -1.7160090e-01 -1.1800100e+03]
 [ 0.0000000e+00  0.0000000e+00  0.0000000e+00  1.0000000e+00]]
[+0027.66, -0046.85, -1145.65]
1366, 1350, 2090
[[-2.245770e-01  6.104273e-01 -7.592335e-01  9.633000e+01]
 [-4.202300e-03  7.787750e-01  6.272161e-01  1.410200e+02]
 [ 9.741865e-01  1.442089e-01 -1.722730e-01 -1.180050e+03]
 [ 0.000000e+00  0.000000e+00  0.000000e+00  1.000000e+00]]
[+0027.57, -0031.28, -1134.33]
1163, 1262, 2097
[[-2.2487202e-01  6.1085866e-01 -7.5904660e-01  9.6340000e+01]
 [-3.6663400e-03  7.7852822e-01  6.2757980e-01  1.4100000e+02]
 [ 9.7431340e-01  1.4394980e-01 -1.7281480e-01 -1.1800200e+03]
 [ 0.0000000e+00  0.0000000e+00  0.0000000e+00  1.0000000e+00]]
[+0026.55, -0045.68, -1146.11]
804, 2078, 2051
[[-2.2075780e-01  6.0943288e-01 -7.6117416e-01  9.6330000e+01]
 [-3.5708000e-03  7.8015326e-01  6.2551038e-01  1.4113000e+02]
 [ 9.7508040e-01  1.4095230e-01 -1.6999650e-01 -1.1801500e+03]
 [ 0.0000000e+00  0.0000000e+00  0.0000000e+00  1.0000000e+00]]
[+0099.83, -0074.67, -1154.27]
1163, 1262, 2097
[[-2.2377796e-01  6.1085668e-01 -7.5931400e-01  9.6390000e+01]
 [-3.6164000e-03  7.7865500e-01  6.2741020e-01  1.4101000e+02]
 [ 9.7452068e-01  1.4321576e-01 -1.7201220e-01 -1.1800200e+03]
 [ 0.0000000e+00  0.0000000e+00  0.0000000e+00  1.0000000e+00]]
[+0027.28, -0043.89, -1143.60]
1245, 1730, 1954
[[-2.2329274e-01  6.1094418e-01 -7.5918508e-01  9.6440000e+01]
 [-3.8686200e-03  7.7855046e-01  6.2749428e-01  1.4109000e+02]
 [ 9.7447412e-01  1.4321748e-01 -1.7142244e-01 -1.1800300e+03]
 [ 0.0000000e+00  0.0000000e+00  0.0000000e+00  1.0000000e+00]]
[+0069.48, -0046.58, -1115.05]
1081, 1330, 1635
[[-2.2280772e-01  6.1201108e-01 -7.5854260e-01  9.6540000e+01]
 [-3.0369200e-03  7.7786838e-01  6.2836030e-01  1.4109000e+02]
 [ 9.7464620e-01  1.4243710e-01 -1.7141034e-01 -1.1799900e+03]
 [ 0.0000000e+00  0.0000000e+00  0.0000000e+00  1.0000000e+00]]
[+0054.57, -0036.90, -1099.37]
1245, 1730, 1954
[[-2.2407290e-01  6.1055064e-01 -7.5938862e-01  9.6360000e+01]
 [-3.8179200e-03  7.7881964e-01  6.2718616e-01  1.4105000e+02]
 [ 9.7438626e-01  1.4354432e-01 -1.7214250e-01 -1.1800300e+03]
 [ 0.0000000e+00  0.0000000e+00  0.0000000e+00  1.0000000e+00]]
[+0066.21, -0050.28, -1118.38]
1233, 1857, 1800
[[-2.2348306e-01  6.1096294e-01 -7.5914416e-01  9.6430000e+01]
 [-3.5101400e-03  7.7857262e-01  6.2747552e-01  1.4109000e+02]
 [ 9.7445536e-01  1.4304592e-01 -1.7179968e-01 -1.1800200e+03]
 [ 0.0000000e+00  0.0000000e+00  0.0000000e+00  1.0000000e+00]]
[+0090.33, -0044.84, -1107.34]
1245, 1730, 1954
[[-2.2390146e-01  6.1040118e-01 -7.5934574e-01  9.6360000e+01]
 [-5.0125400e-03  7.7873004e-01  6.2724222e-01  1.4104000e+02]
 [ 9.7425378e-01  1.4445874e-01 -1.7122386e-01 -1.1800800e+03]
 [ 0.0000000e+00  0.0000000e+00  0.0000000e+00  1.0000000e+00]]
[+0064.12, -0048.99, -1118.24]
1514, 1673, 1887
[[-2.2516708e-01  6.1079522e-01 -7.5886902e-01  9.6380000e+01]
 [-3.5205800e-03  7.7852822e-01  6.2754978e-01  1.4106000e+02]
 [ 9.7413582e-01  1.4408442e-01 -1.7310986e-01 -1.1800200e+03]
 [ 0.0000000e+00  0.0000000e+00  0.0000000e+00  1.0000000e+00]]
[+0059.45, -0015.70, -1103.10]
1245, 1730, 1954
[[-2.2436788e-01  6.1053952e-01 -7.5935868e-01  9.6330000e+01]
 [-3.7245200e-03  7.7881964e-01  6.2719728e-01  1.4104000e+02]
 [ 9.7435632e-01  1.4363772e-01 -1.7243748e-01 -1.1801100e+03]
 [ 0.0000000e+00  0.0000000e+00  0.0000000e+00  1.0000000e+00]]
[+0066.46, -0051.30, -1118.72]
1973, 2050, 1499
[[-2.2514856e-01  6.0989376e-01 -7.5931892e-01  9.6280000e+01]
 [-3.7172800e-03  7.7917080e-01  6.2668956e-01  1.4110000e+02]
 [ 9.7392084e-01  1.4416388e-01 -1.7307600e-01 -1.1800500e+03]
 [ 0.0000000e+00  0.0000000e+00  0.0000000e+00  1.0000000e+00]]
[+0118.87, +0031.30, -1102.69]
1696, 2216, 1027
[[-2.2396840e-01  6.1043308e-01 -7.5942976e-01  9.6380000e+01]
 [-3.7003600e-03  7.7892414e-01  6.2703868e-01  1.4120000e+02]
 [ 9.7434512e-01  1.4339684e-01 -1.7214250e-01 -1.1800200e+03]
 [ 0.0000000e+00  0.0000000e+00  0.0000000e+00  1.0000000e+00]]
[+0161.11, +0020.50, -1121.37]
1973, 2050, 1499
[[-2.2594792e-01  6.1005400e-01 -7.5902888e-01  9.6280000e+01]
 [-3.7132000e-03  7.7896176e-01  6.2696600e-01  1.4108000e+02]
 [ 9.7379512e-01  1.4468680e-01 -1.7366632e-01 -1.1800900e+03]
 [ 0.0000000e+00  0.0000000e+00  0.0000000e+00  1.0000000e+00]]
[+0112.95, +0031.60, -1102.22]
833, 1424, 1946
[[-2.2291234e-01  6.1129672e-01 -7.5896258e-01  9.6470000e+01]
 [-4.0911200e-03  7.7825888e-01  6.2784328e-01  1.4108000e+02]
 [ 9.7452098e-01  1.4324888e-01 -1.7091522e-01 -1.1800800e+03]
 [ 0.0000000e+00  0.0000000e+00  0.0000000e+00  1.0000000e+00]]
[+0053.62, -0072.58, -1144.94]
1973, 2050, 1499
[[-2.2613860e-01  6.0997768e-01 -7.5918736e-01  9.6240000e+01]
 [-3.5547200e-03  7.7906630e-01  6.2687066e-01  1.4111000e+02]
 [ 9.7387144e-01  1.4459146e-01 -1.7396154e-01 -1.1801000e+03]
 [ 0.0000000e+00  0.0000000e+00  0.0000000e+00  1.0000000e+00]]
[+0118.79, +0031.24, -1102.71]
2021, 1903, 1418
[[-2.2685226e-01  6.1023604e-01 -7.5889750e-01  9.6260000e+01]
 [-4.0262000e-03  7.7873004e-01  6.2731396e-01  1.4109000e+02]
 [ 9.7380554e-01  1.4543380e-01 -1.7417466e-01 -1.1800800e+03]
 [ 0.0000000e+00  0.0000000e+00  0.0000000e+00  1.0000000e+00]]
[+0109.98, +0048.20, -1104.43]
1973, 2050, 1499
[[-2.2447242e-01  6.1006706e-01 -7.5952666e-01  9.6280000e+01]
 [-4.4320600e-03  7.7904390e-01  6.2687462e-01  1.4110000e+02]
 [ 9.7418834e-01  1.4425538e-01 -1.7210868e-01 -1.1801200e+03]
 [ 0.0000000e+00  0.0000000e+00  0.0000000e+00  1.0000000e+00]]
[+0117.93, +0029.31, -1102.20]
1826, 1772, 1791
[[-2.2516708e-01  6.1040490e-01 -7.5917346e-01  9.6290000e+01]
 [-4.0155000e-03  7.7877500e-01  6.2723850e-01  1.4106000e+02]
 [ 9.7412646e-01  1.4439570e-01 -1.7286308e-01 -1.1801000e+03]
 [ 0.0000000e+00  0.0000000e+00  0.0000000e+00  1.0000000e+00]]
[+0069.99, +0009.94, -1099.31]
1620, 843, 800
[[-2.2383568e-01  6.1261340e-01 -7.5763396e-01  9.6620000e+01]
 [-3.5566000e-03  7.7713520e-01  6.2923780e-01  1.4109000e+02]
 [ 9.7431604e-01  1.4372780e-01 -1.7170512e-01 -1.1800300e+03]
 [ 0.0000000e+00  0.0000000e+00  0.0000000e+00  1.0000000e+00]]
[+0074.45, +0086.58, -1106.71]
1826, 1772, 1791
[[-2.2634772e-01  6.0991724e-01 -7.5920980e-01  9.6260000e+01]
 [-4.0847600e-03  7.7902142e-01  6.2693110e-01  1.4106000e+02]
 [ 9.7384900e-01  1.4512150e-01 -1.7379730e-01 -1.1800900e+03]
 [ 0.0000000e+00  0.0000000e+00  0.0000000e+00  1.0000000e+00]]
[+0072.11, +0012.04, -1098.89]
1513, 1701, 1921
[[-2.2516708e-01  6.1040490e-01 -7.5917346e-01  9.6330000e+01]
 [-4.0155000e-03  7.7877500e-01  6.2723850e-01  1.4104000e+02]
 [ 9.7412646e-01  1.4439570e-01 -1.7286308e-01 -1.1800900e+03]
 [ 0.0000000e+00  0.0000000e+00  0.0000000e+00  1.0000000e+00]]
[+0058.50, -0025.82, -1107.62]
1826, 1772, 1791
[[-2.2506250e-01  6.1028742e-01 -7.5921456e-01  9.6310000e+01]
 [-3.8980200e-03  7.7887958e-01  6.2709096e-01  1.4107000e+02]
 [ 9.7408536e-01  1.4424816e-01 -1.7286308e-01 -1.1801000e+03]
 [ 0.0000000e+00  0.0000000e+00  0.0000000e+00  1.0000000e+00]]
[+0074.15, +0014.38, -1098.21]
1690, 2010, 1595
[[-2.2428202e-01  6.1082864e-01 -7.5895908e-01  9.6380000e+01]
 [-3.8009600e-03  7.7852822e-01  6.2751636e-01  1.4111000e+02]
 [ 9.7422588e-01  1.4380404e-01 -1.7222480e-01 -1.1801000e+03]
 [ 0.0000000e+00  0.0000000e+00  0.0000000e+00  1.0000000e+00]]
[+0113.79, +0001.97, -1096.30]
1826, 1772, 1791
[[-2.2586194e-01  6.1020478e-01 -7.5917680e-01  9.6290000e+01]
 [-4.2413000e-03  7.7883470e-01  6.2717360e-01  1.4105000e+02]
 [ 9.7400272e-01  1.4496496e-01 -1.7328900e-01 -1.1800600e+03]
 [ 0.0000000e+00  0.0000000e+00  0.0000000e+00  1.0000000e+00]]
[+0068.94, +0013.54, -1099.70]
1777, 756, 1445
[[-2.2531018e-01  6.1163018e-01 -7.5814604e-01  9.6420000e+01]
 [-4.2251800e-03  7.7771270e-01  6.2855396e-01  1.4101000e+02]
 [ 9.7409396e-01  1.4493604e-01 -1.7260212e-01 -1.1802300e+03]
 [ 0.0000000e+00  0.0000000e+00  0.0000000e+00  1.0000000e+00]]
[+0023.86, +0064.34, -1137.80]
1310, 778, 888
[[-2.2434034e-01  6.1268982e-01 -7.5757388e-01  9.6540000e+01]
 [-3.8452200e-03  7.7700798e-01  6.2942628e-01  1.4108000e+02]
 [ 9.7431628e-01  1.4423388e-01 -1.7191732e-01 -1.1802300e+03]
 [ 0.0000000e+00  0.0000000e+00  0.0000000e+00  1.0000000e+00]]
[+0055.94, +0061.44, -1086.45]
1777, 756, 1445
[[-2.2668082e-01  6.1125652e-01 -7.5794124e-01  9.6330000e+01]
 [-3.7349200e-03  7.7789990e-01  6.2830416e-01  1.4099000e+02]
 [ 9.7370196e-01  1.4541504e-01 -1.7399528e-01 -1.1801900e+03]
 [ 0.0000000e+00  0.0000000e+00  0.0000000e+00  1.0000000e+00]]
[+0022.15, +0064.91, -1139.74]
1305, 2077, 1893
[[-2.2586194e-01  6.0976204e-01 -7.5933376e-01  9.6170000e+01]
 [-4.6840400e-03  7.7908088e-01  6.2682128e-01  1.4103000e+02]
 [ 9.7384576e-01  1.4531728e-01 -1.7304282e-01 -1.1802500e+03]
 [ 0.0000000e+00  0.0000000e+00  0.0000000e+00  1.0000000e+00]]
[+0100.51, -0051.59, -1118.80]
1777, 756, 1445
[[-2.2619536e-01  6.1139640e-01 -7.5796056e-01  9.6380000e+01]
 [-4.0394400e-03  7.7779504e-01  6.2842920e-01  1.4103000e+02]
 [ 9.7380360e-01  1.4537544e-01 -1.7340496e-01 -1.1802300e+03]
 [ 0.0000000e+00  0.0000000e+00  0.0000000e+00  1.0000000e+00]]
[+0023.29, +0065.64, -1138.95]
2048, 927, 1224
[[-2.2687122e-01  6.1083272e-01 -7.5805690e-01  9.6290000e+01]
 [-3.8192800e-03  7.7816928e-01  6.2793320e-01  1.4101000e+02]
 [ 9.7352570e-01  1.4559560e-01 -1.7412594e-01 -1.1802300e+03]
 [ 0.0000000e+00  0.0000000e+00  0.0000000e+00  1.0000000e+00]]
[+0056.78, +0088.46, -1139.62]
1777, 756, 1445
[[-2.2590026e-01  6.1140768e-01 -7.5799074e-01  9.6380000e+01]
 [-4.1330400e-03  7.7779504e-01  6.2841792e-01  1.4102000e+02]
 [ 9.7383378e-01  1.4528184e-01 -1.7310986e-01 -1.1802400e+03]
 [ 0.0000000e+00  0.0000000e+00  0.0000000e+00  1.0000000e+00]]
[+0022.80, +0060.62, -1136.66]
2159, 881, 1019
[[-2.2638564e-01  6.1117262e-01 -7.5817150e-01  9.6400000e+01]
 [-4.0285000e-03  7.7798220e-01  6.2821670e-01  1.4104000e+02]
 [ 9.7382738e-01  1.4539766e-01 -1.7361780e-01 -1.1800400e+03]
 [ 0.0000000e+00  0.0000000e+00  0.0000000e+00  1.0000000e+00]]
[+0070.56, +0098.72, -1152.12]
2059, 1062, 1081
[[-2.2438664e-01  6.1148376e-01 -7.5856116e-01  9.6480000e+01]
 [-3.2762400e-03  7.7809400e-01  6.2809268e-01  1.4106000e+02]
 [ 9.7432884e-01  1.4352268e-01 -1.7255440e-01 -1.1799900e+03]
 [ 0.0000000e+00  0.0000000e+00  0.0000000e+00  1.0000000e+00]]
[+0076.15, +0089.16, -1130.98]
2159, 881, 1019
[[-2.2588090e-01  6.1133944e-01 -7.5797928e-01  9.6450000e+01]
 [-3.3922400e-03  7.7794478e-01  6.2822124e-01  1.4104000e+02]
 [ 9.7378488e-01  1.4469804e-01 -1.7356968e-01 -1.1799700e+03]
 [ 0.0000000e+00  0.0000000e+00  0.0000000e+00  1.0000000e+00]]
[+0070.16, +0099.08, -1153.39]
2146, 809, 1205
[[-2.2579540e-01  6.1104764e-01 -7.5828428e-01  9.6400000e+01]
 [-4.3631600e-03  7.7806446e-01  6.2807674e-01  1.4100000e+02]
 [ 9.7383532e-01  1.4532794e-01 -1.7294530e-01 -1.1800000e+03]
 [ 0.0000000e+00  0.0000000e+00  0.0000000e+00  1.0000000e+00]]
[+0054.33, +0092.57, -1157.04]
2159, 881, 1019
[[-2.2588090e-01  6.1139182e-01 -7.5812684e-01  9.6430000e+01]
 [-3.4446200e-03  7.7794478e-01  6.2826244e-01  1.4104000e+02]
 [ 9.7393244e-01  1.4465684e-01 -1.7356968e-01 -1.1799800e+03]
 [ 0.0000000e+00  0.0000000e+00  0.0000000e+00  1.0000000e+00]]
[+0070.73, +0098.53, -1152.36]
1909, 765, 958
[[-2.2402564e-01  6.1238980e-01 -7.5784520e-01  9.6600000e+01]
 [-3.5452000e-03  7.7732268e-01  6.2902532e-01  1.4107000e+02]
 [ 9.7433980e-01  1.4375032e-01 -1.7191732e-01 -1.1799900e+03]
 [ 0.0000000e+00  0.0000000e+00  0.0000000e+00  1.0000000e+00]]
[+0061.35, +0093.95, -1136.32]
2159, 881, 1019
[[-2.2636648e-01  6.1095692e-01 -7.5821232e-01  9.6400000e+01]
 [-3.4353200e-03  7.7821424e-01  6.2790252e-01  1.4105000e+02]
 [ 9.7372608e-01  1.4493108e-01 -1.7399528e-01 -1.1799900e+03]
 [ 0.0000000e+00  0.0000000e+00  0.0000000e+00  1.0000000e+00]]
[+0071.31, +0098.90, -1152.56]
1743, 1777, 1522
[[-2.2438664e-01  6.1085100e-01 -7.5911772e-01  9.6410000e+01]
 [-4.1182800e-03  7.7850590e-01  6.2758746e-01  1.4108000e+02]
 [ 9.7436220e-01  1.4402790e-01 -1.7214250e-01 -1.1800600e+03]
 [ 0.0000000e+00  0.0000000e+00  0.0000000e+00  1.0000000e+00]]
[+0095.72, +0014.77, -1091.46]
1719, 1576, 1475
[[-2.2449130e-01  6.1121116e-01 -7.5882442e-01  9.6450000e+01]
 [-3.8885200e-03  7.7823660e-01  6.2792884e-01  1.4108000e+02]
 [ 9.7436054e-01  1.4398148e-01 -1.7230714e-01 -1.1800000e+03]
 [ 0.0000000e+00  0.0000000e+00  0.0000000e+00  1.0000000e+00]]
[+0081.38, +0025.54, -1090.09]
1743, 1777, 1522
[[-2.2527170e-01  6.1061760e-01 -7.5893250e-01  9.6390000e+01]
 [-3.9331200e-03  7.7858816e-01  6.2746240e-01  1.4108000e+02]
 [ 9.7407234e-01  1.4446688e-01 -1.7294530e-01 -1.1800300e+03]
 [ 0.0000000e+00  0.0000000e+00  0.0000000e+00  1.0000000e+00]]
[+0095.56, +0016.54, -1091.49]
1804, 1892, 990
[[-2.2508130e-01  6.1098898e-01 -7.5866924e-01  9.6430000e+01]
 [-3.7966600e-03  7.7831894e-01  6.2779252e-01  1.4112000e+02]
 [ 9.7410068e-01  1.4432716e-01 -1.7281480e-01 -1.1800200e+03]
 [ 0.0000000e+00  0.0000000e+00  0.0000000e+00  1.0000000e+00]]
[+0145.31, +0046.29, -1110.44]
1743, 1777, 1522
[[-2.2478628e-01  6.1100016e-01 -7.5869928e-01  9.6410000e+01]
 [-3.8901600e-03  7.7831894e-01  6.2778134e-01  1.4109000e+02]
 [ 9.7413072e-01  1.4423366e-01 -1.7251978e-01 -1.1800100e+03]
 [ 0.0000000e+00  0.0000000e+00  0.0000000e+00  1.0000000e+00]]
[+0092.26, +0017.48, -1091.68]
1048, 1870, 1461
[[-2.2280772e-01  6.1171632e-01 -7.5864720e-01  9.6550000e+01]
 [-3.3316800e-03  7.7803358e-01  6.2812510e-01  1.4113000e+02]
 [ 9.7454160e-01  1.4267230e-01 -1.7124514e-01 -1.1800000e+03]
 [ 0.0000000e+00  0.0000000e+00  0.0000000e+00  1.0000000e+00]]
[+0118.32, -0047.50, -1104.62]
1743, 1777, 1522
[[-2.2535760e-01  6.1066664e-01 -7.5888008e-01  9.6370000e+01]
 [-3.3096800e-03  7.7863280e-01  6.2741336e-01  1.4107000e+02]
 [ 9.7406456e-01  1.4403032e-01 -1.7340496e-01 -1.1800000e+03]
 [ 0.0000000e+00  0.0000000e+00  0.0000000e+00  1.0000000e+00]]
[+0092.18, +0021.63, -1092.12]
1275, 1724, 1655
[[-2.2417744e-01  6.1100608e-01 -7.5889568e-01  9.6430000e+01]
 [-3.3884800e-03  7.7846808e-01  6.2760392e-01  1.4107000e+02]
 [ 9.7428928e-01  1.4342152e-01 -1.7238952e-01 -1.1799900e+03]
 [ 0.0000000e+00  0.0000000e+00  0.0000000e+00  1.0000000e+00]]
[+0082.97, -0034.27, -1097.47]
878, 2005, 1729
[[-2.2308370e-01  6.1090864e-01 -7.5936262e-01  9.6460000e+01]
 [-3.5382400e-03  7.7867712e-01  6.2735824e-01  1.4111000e+02]
 [ 9.7459142e-01  1.4276384e-01 -1.7150482e-01 -1.1800300e+03]
 [ 0.0000000e+00  0.0000000e+00  0.0000000e+00  1.0000000e+00]]
[+0113.67, -0071.96, -1137.43]
1275, 1724, 1655
[[-2.2470074e-01  6.1109886e-01 -7.5869934e-01  9.6460000e+01]
 [-4.3661400e-03  7.7819180e-01  6.2794762e-01  1.4109000e+02]
 [ 9.7419066e-01  1.4455262e-01 -1.7214250e-01 -1.1800200e+03]
 [ 0.0000000e+00  0.0000000e+00  0.0000000e+00  1.0000000e+00]]
[+0083.65, -0032.07, -1096.32]
1210, 1705, 1377
[[-2.2350194e-01  6.1156932e-01 -7.5879834e-01  9.6520000e+01]
 [-3.6092400e-03  7.7809400e-01  6.2810068e-01  1.4110000e+02]
 [ 9.7456602e-01  1.4320076e-01 -1.7166970e-01 -1.1799900e+03]
 [ 0.0000000e+00  0.0000000e+00  0.0000000e+00  1.0000000e+00]]
[+0106.65, -0023.00, -1087.93]
1275, 1724, 1655
[[-2.2508130e-01  6.1059876e-01 -7.5897378e-01  9.6410000e+01]
 [-4.2915600e-03  7.7856572e-01  6.2748124e-01  1.4106000e+02]
 [ 9.7409118e-01  1.4463844e-01 -1.7256802e-01 -1.1800200e+03]
 [ 0.0000000e+00  0.0000000e+00  0.0000000e+00  1.0000000e+00]]
[+0083.52, -0033.48, -1097.00]
805, 1020, 1810
[[-2.2274178e-01  6.1203188e-01 -7.5860508e-01  9.6610000e+01]
 [-4.4017200e-03  7.7767512e-01  6.2860448e-01  1.4106000e+02]
 [ 9.7470268e-01  1.4345712e-01 -1.7049066e-01 -1.1800200e+03]
 [ 0.0000000e+00  0.0000000e+00  0.0000000e+00  1.0000000e+00]]
[+0026.97, -0060.81, -1141.96]
1275, 1724, 1655
[[-2.2428202e-01  6.1121878e-01 -7.5865470e-01  9.6460000e+01]
 [-3.3062200e-03  7.7828108e-01  6.2782770e-01  1.4109000e+02]
 [ 9.7423530e-01  1.4349270e-01 -1.7247194e-01 -1.1800000e+03]
 [ 0.0000000e+00  0.0000000e+00  0.0000000e+00  1.0000000e+00]]
[+0087.18, -0031.67, -1095.73]
1156, 1605, 1877
[[-2.2438664e-01  6.1079868e-01 -7.5897024e-01  9.6420000e+01]
 [-4.0659600e-03  7.7850590e-01  6.2754632e-01  1.4105000e+02]
 [ 9.7421472e-01  1.4406904e-01 -1.7214250e-01 -1.1800100e+03]
 [ 0.0000000e+00  0.0000000e+00  0.0000000e+00  1.0000000e+00]]
[+0060.84, -0052.41, -1117.35]
1245, 1607, 2031
[[-2.2468162e-01  6.1054482e-01 -7.5919240e-01  9.6350000e+01]
 [-4.3198200e-03  7.7867038e-01  6.2736360e-01  1.4102000e+02]
 [ 9.7422760e-01  1.4435640e-01 -1.7227300e-01 -1.1800300e+03]
 [ 0.0000000e+00  0.0000000e+00  0.0000000e+00  1.0000000e+00]]
[+0051.95, -0049.58, -1126.09]
1156, 1605, 1877
[[-2.2350194e-01  6.1127448e-01 -7.5890298e-01  9.6490000e+01]
 [-3.9040800e-03  7.7825888e-01  6.2786552e-01  1.4108000e+02]
 [ 9.7446138e-01  1.4343592e-01 -1.7150482e-01 -1.1800100e+03]
 [ 0.0000000e+00  0.0000000e+00  0.0000000e+00  1.0000000e+00]]
[+0064.66, -0050.23, -1114.72]
1892, 2006, 1446
[[-2.2584338e-01  6.1023180e-01 -7.5896544e-01  9.6310000e+01]
 [-3.3006000e-03  7.7890190e-01  6.2705320e-01  1.4111000e+02]
 [ 9.7385856e-01  1.4430440e-01 -1.7383072e-01 -1.1800100e+03]
 [ 0.0000000e+00  0.0000000e+00  0.0000000e+00  1.0000000e+00]]
[+0120.67, +0029.89, -1100.32]
1156, 1605, 1877
[[-2.2339732e-01  6.1076694e-01 -7.5924850e-01  9.6410000e+01]
 [-4.2810600e-03  7.7861052e-01  6.2740650e-01  1.4104000e+02]
 [ 9.7441070e-01  1.4360010e-01 -1.7125780e-01 -1.1800300e+03]
 [ 0.0000000e+00  0.0000000e+00  0.0000000e+00  1.0000000e+00]]
[+0060.63, -0052.24, -1117.28]
978, 2033, 1973
[[-2.2277044e-01  6.1021788e-01 -7.5993760e-01  9.6390000e+01]
 [-3.7320000e-03  7.7923740e-01  6.2664540e-01  1.4107000e+02]
 [ 9.7460612e-01  1.4259216e-01 -1.7125780e-01 -1.1800200e+03]
 [ 0.0000000e+00  0.0000000e+00  0.0000000e+00  1.0000000e+00]]
[+0098.32, -0070.45, -1141.84]
1156, 1605, 1877
[[-2.2449130e-01  6.1115882e-01 -7.5867694e-01  9.6470000e+01]
 [-3.8361800e-03  7.7823660e-01  6.2788766e-01  1.4107000e+02]
 [ 9.7421306e-01  1.4402266e-01 -1.7230714e-01 -1.1799800e+03]
 [ 0.0000000e+00  0.0000000e+00  0.0000000e+00  1.0000000e+00]]
[+0062.26, -0048.59, -1114.58]
1050, 2071, 1494
[[-2.2249410e-01  6.1146800e-01 -7.5906580e-01  9.6510000e+01]
 [-3.0833600e-03  7.7834720e-01  6.2776552e-01  1.4115000e+02]
 [ 9.7471252e-01  1.4214760e-01 -1.7124514e-01 -1.1800100e+03]
 [ 0.0000000e+00  0.0000000e+00  0.0000000e+00  1.0000000e+00]]
[+0133.35, -0051.28, -1119.41]
1888, 2222, 1715
[[-2.2643386e-01  6.0957584e-01 -7.5946154e-01  9.6160000e+01]
 [-3.9565600e-03  7.7931260e-01  6.2657072e-01  1.4122000e+02]
 [ 9.7383206e-01  1.4499592e-01 -1.7401050e-01 -1.1800500e+03]
 [ 0.0000000e+00  0.0000000e+00  0.0000000e+00  1.0000000e+00]]
[+0115.29, +0005.46, -1103.95]
1050, 2071, 1494
[[-2.2339732e-01  6.1174658e-01 -7.5873498e-01  9.6530000e+01]
 [-3.1968200e-03  7.7803358e-01  6.2818842e-01  1.4111000e+02]
 [ 9.7462938e-01  1.4281818e-01 -1.7183474e-01 -1.1800500e+03]
 [ 0.0000000e+00  0.0000000e+00  0.0000000e+00  1.0000000e+00]]
[+0128.16, -0049.08, -1116.53]
1184, 973, 1733
[[-2.2466290e-01  6.1110922e-01 -7.5862484e-01  9.6430000e+01]
 [-2.7367400e-03  7.7840774e-01  6.2767228e-01  1.4087000e+02]
 [ 9.7414508e-01  1.4326724e-01 -1.7314440e-01 -1.1800600e+03]
 [ 0.0000000e+00  0.0000000e+00  0.0000000e+00  1.0000000e+00]]
[+0015.17, -0018.21, -1122.05]
1050, 2071, 1494
[[-2.2388250e-01  6.1131208e-01 -7.5882106e-01  9.6450000e+01]
 [-3.1870400e-03  7.7830320e-01  6.2782792e-01  1.4112000e+02]
 [ 9.7442378e-01  1.4309296e-01 -1.7225946e-01 -1.1801100e+03]
 [ 0.0000000e+00  0.0000000e+00  0.0000000e+00  1.0000000e+00]]
[+0133.37, -0051.51, -1119.55]
912, 2155, 1956
[[-2.2243986e-01  6.0941436e-01 -7.6084854e-01  9.6230000e+01]
 [-3.4359600e-03  7.8002732e-01  6.2570092e-01  1.4106000e+02]
 [ 9.7481514e-01  1.4187172e-01 -1.7138818e-01 -1.1802700e+03]
 [ 0.0000000e+00  0.0000000e+00  0.0000000e+00  1.0000000e+00]]
[+0109.31, -0069.89, -1146.14]
1050, 2071, 1494
[[-2.2398708e-01  6.1152478e-01 -7.5858006e-01  9.6430000e+01]
 [-3.1048200e-03  7.7811612e-01  6.2805166e-01  1.4109000e+02]
 [ 9.7436986e-01  1.4316414e-01 -1.7234196e-01 -1.1802200e+03]
 [ 0.0000000e+00  0.0000000e+00  0.0000000e+00  1.0000000e+00]]
[+0127.81, -0048.09, -1116.62]
782, 2133, 787
[[-2.2263700e-01  6.1254618e-01 -7.5808974e-01  9.6610000e+01]
 [-3.4426200e-03  7.7736700e-01  6.2896266e-01  1.4121000e+02]
 [ 9.7462866e-01  1.4280426e-01 -1.7090356e-01 -1.1802000e+03]
 [ 0.0000000e+00  0.0000000e+00  0.0000000e+00  1.0000000e+00]]
[+0177.28, -0032.11, -1142.83]
890, 1120, 1180
[[-2.2350194e-01  6.1224456e-01 -7.5789474e-01  9.6510000e+01]
 [-2.5154400e-03  7.7759840e-01  6.2864072e-01  1.4108000e+02]
 [ 9.7429026e-01  1.4266072e-01 -1.7216530e-01 -1.1801600e+03]
 [ 0.0000000e+00  0.0000000e+00  0.0000000e+00  1.0000000e+00]]
[+0069.27, -0027.94, -1077.16]
782, 2133, 787
[[-2.2272226e-01  6.1220496e-01 -7.5834236e-01  9.6550000e+01]
 [-3.3134400e-03  7.7765910e-01  6.2860272e-01  1.4123000e+02]
 [ 9.7461124e-01  1.4267952e-01 -1.7111560e-01 -1.1802000e+03]
 [ 0.0000000e+00  0.0000000e+00  0.0000000e+00  1.0000000e+00]]
[+0179.28, -0032.24, -1144.87]
811, 2208, 972
[[-2.2377796e-01  6.1104708e-01 -7.5891456e-01  9.6370000e+01]
 [-3.2169600e-03  7.7849020e-01  6.2756292e-01  1.4126000e+02]
 [ 9.7433028e-01  1.4306304e-01 -1.7217700e-01 -1.1801800e+03]
 [ 0.0000000e+00  0.0000000e+00  0.0000000e+00  1.0000000e+00]]
[+0170.79, -0039.11, -1144.70]
782, 2133, 787
[[-2.2276170e-01  6.1297524e-01 -7.5780678e-01  9.6680000e+01]
 [-3.9543600e-03  7.7694764e-01  6.2949956e-01  1.4127000e+02]
 [ 9.7467642e-01  1.4334116e-01 -1.7060890e-01 -1.1801600e+03]
 [ 0.0000000e+00  0.0000000e+00  0.0000000e+00  1.0000000e+00]]
[+0176.17, -0031.31, -1141.46]
946, 2139, 758
[[-2.2350194e-01  6.1234920e-01 -7.5818958e-01  9.6490000e+01]
 [-2.6200800e-03  7.7759840e-01  6.2872344e-01  1.4118000e+02]
 [ 9.7458510e-01  1.4257800e-01 -1.7216530e-01 -1.1801500e+03]
 [ 0.0000000e+00  0.0000000e+00  0.0000000e+00  1.0000000e+00]]
[+0178.36, -0018.42, -1137.09]
782, 2133, 787
[[-2.2232290e-01  6.1263540e-01 -7.5805680e-01  9.6610000e+01]
 [-2.6478000e-03  7.7743288e-01  6.2887344e-01  1.4117000e+02]
 [ 9.7466160e-01  1.4200944e-01 -1.7115178e-01 -1.1801900e+03]
 [ 0.0000000e+00  0.0000000e+00  0.0000000e+00  1.0000000e+00]]
[+0178.64, -0029.63, -1144.33]
824, 1061, 1733
[[-2.2421568e-01  6.1153376e-01 -7.5861328e-01  9.6430000e+01]
 [-4.3758400e-03  7.7792238e-01  6.2830766e-01  1.4101000e+02]
 [ 9.7439648e-01  1.4427794e-01 -1.7171730e-01 -1.1801900e+03]
 [ 0.0000000e+00  0.0000000e+00  0.0000000e+00  1.0000000e+00]]
[+0031.85, -0058.17, -1129.62]
829, 794, 1262
[[-2.2335106e-01  6.1265828e-01 -7.5785218e-01  9.6580000e+01]
 [-4.0614800e-03  7.7711292e-01  6.2928668e-01  1.4103000e+02]
 [ 9.7451198e-01  1.4376388e-01 -1.7103298e-01 -1.1801900e+03]
 [ 0.0000000e+00  0.0000000e+00  0.0000000e+00  1.0000000e+00]]
[+0029.81, -0024.10, -1091.11]
824, 1061, 1733
[[-2.2451058e-01  6.1132268e-01 -7.5848830e-01  9.6430000e+01]
 [-4.3773200e-03  7.7800472e-01  6.2816020e-01  1.4099000e+02]
 [ 9.7416670e-01  1.4453020e-01 -1.7192986e-01 -1.1802000e+03]
 [ 0.0000000e+00  0.0000000e+00  0.0000000e+00  1.0000000e+00]]
[+0033.27, -0058.75, -1129.08]
1674, 1461, 1516
[[-2.2577616e-01  6.1093648e-01 -7.5862024e-01  9.6350000e+01]
 [-3.8746400e-03  7.7829654e-01  6.2784502e-01  1.4102000e+02]
 [ 9.7402928e-01  1.4477914e-01 -1.7332266e-01 -1.1801900e+03]
 [ 0.0000000e+00  0.0000000e+00  0.0000000e+00  1.0000000e+00]]
[+0069.43, +0028.25, -1091.75]
824, 1061, 1733
[[-2.236260e-01  6.116512e-01 -7.584732e-01  9.647000e+01]
 [-4.363200e-03  7.778400e-01  6.283616e-01  1.409900e+02]
 [ 9.743612e-01  1.440144e-01 -1.712100e-01 -1.180210e+03]
 [ 0.000000e+00  0.000000e+00  0.000000e+00  1.000000e+00]]
[+0032.30, -0059.83, -1130.66]
987, 795, 1885
[[-2.2480552e-01  6.1116396e-01 -7.5851072e-01  9.6380000e+01]
 [-4.4312400e-03  7.7808702e-01  6.2805396e-01  1.4094000e+02]
 [ 9.7408432e-01  1.4474124e-01 -1.7214250e-01 -1.1801500e+03]
 [ 0.0000000e+00  0.0000000e+00  0.0000000e+00  1.0000000e+00]]
[+0004.49, -0033.53, -1154.29]
824, 1061, 1733
[[-2.2301700e-01  6.1228898e-01 -7.5811286e-01  9.6550000e+01]
 [-3.0200600e-03  7.7757644e-01  6.2868998e-01  1.4104000e+02]
 [ 9.7448642e-01  1.4269694e-01 -1.7149300e-01 -1.1801600e+03]
 [ 0.0000000e+00  0.0000000e+00  0.0000000e+00  1.0000000e+00]]
[+0034.01, -0057.43, -1128.17]
1558, 1390, 1174
[[-2.2539552e-01  6.1143648e-01 -7.5834584e-01  9.6420000e+01]
 [-3.9491200e-03  7.7792238e-01  6.2831136e-01  1.4105000e+02]
 [ 9.7412904e-01  1.4469344e-01 -1.7289714e-01 -1.1802000e+03]
 [ 0.0000000e+00  0.0000000e+00  0.0000000e+00  1.0000000e+00]]
[+0090.52, +0040.15, -1084.56]
1460, 1122, 1025
[[-2.2432050e-01  6.1208380e-01 -7.5792010e-01  9.6500000e+01]
 [-3.7463600e-03  7.7748780e-01  6.2880148e-01  1.4106000e+02]
 [ 9.7420502e-01  1.4407900e-01 -1.7204706e-01 -1.1801600e+03]
 [ 0.0000000e+00  0.0000000e+00  0.0000000e+00  1.0000000e+00]]
[+0079.26, +0049.46, -1082.46]
1558, 1390, 1174
[[-2.2497664e-01  6.1155680e-01 -7.5830128e-01  9.6380000e+01]
 [-2.8892800e-03  7.7801150e-01  6.2819104e-01  1.4105000e+02]
 [ 9.7417360e-01  1.4363360e-01 -1.7322690e-01 -1.1801600e+03]
 [ 0.0000000e+00  0.0000000e+00  0.0000000e+00  1.0000000e+00]]
[+0090.43, +0039.91, -1084.49]
905, 1578, 1262
[[-2.2312170e-01  6.1186938e-01 -7.5842834e-01  9.6490000e+01]
 [-3.7795000e-03  7.7780214e-01  6.2840838e-01  1.4108000e+02]
 [ 9.7446570e-01  1.4327330e-01 -1.7116260e-01 -1.1801800e+03]
 [ 0.0000000e+00  0.0000000e+00  0.0000000e+00  1.0000000e+00]]
[+0110.09, -0046.58, -1092.22]
1558, 1390, 1174
[[-2.2529074e-01  6.1156170e-01 -7.5813474e-01  9.6410000e+01]
 [-3.4842600e-03  7.7786236e-01  6.2835750e-01  1.4105000e+02]
 [ 9.7404510e-01  1.4435226e-01 -1.7306194e-01 -1.1801800e+03]
 [ 0.0000000e+00  0.0000000e+00  0.0000000e+00  1.0000000e+00]]
[+0089.49, +0040.75, -1084.67]
1541, 981, 1921
[[-2.2617604e-01  6.1059992e-01 -7.5870608e-01  9.6270000e+01]
 [-4.3412800e-03  7.7843846e-01  6.2765162e-01  1.4093000e+02]
 [ 9.7388312e-01  1.4537242e-01 -1.7337114e-01 -1.1801400e+03]
 [ 0.0000000e+00  0.0000000e+00  0.0000000e+00  1.0000000e+00]]
[+0008.62, +0009.52, -1140.91]
1558, 1390, 1174
[[-2.2499572e-01  6.1157286e-01 -7.5816482e-01  9.6420000e+01]
 [-3.5778600e-03  7.7786236e-01  6.2834634e-01  1.4105000e+02]
 [ 9.7407518e-01  1.4425866e-01 -1.7276692e-01 -1.1801800e+03]
 [ 0.0000000e+00  0.0000000e+00  0.0000000e+00  1.0000000e+00]]
[+0090.56, +0039.38, -1084.40]
894, 2034, 918
[[-2.2331178e-01  6.1203552e-01 -7.5833510e-01  9.6510000e+01]
 [-3.2735200e-03  7.7774172e-01  6.2850720e-01  1.4116000e+02]
 [ 9.7449930e-01  1.4298440e-01 -1.7162250e-01 -1.1801600e+03]
 [ 0.0000000e+00  0.0000000e+00  0.0000000e+00  1.0000000e+00]]
[+0170.69, -0032.46, -1126.87]
1053, 1461, 1191
[[-2.2440580e-01  6.1174264e-01 -7.5817248e-01  9.6440000e+01]
 [-3.6176000e-03  7.7777990e-01  6.2844150e-01  1.4108000e+02]
 [ 9.7418760e-01  1.4395398e-01 -1.7225946e-01 -1.1801800e+03]
 [ 0.0000000e+00  0.0000000e+00  0.0000000e+00  1.0000000e+00]]
[+0101.88, -0021.95, -1079.18]
894, 2034, 918
[[-2.2320712e-01  6.1206536e-01 -7.5832408e-01  9.6500000e+01]
 [-3.0085600e-03  7.7776376e-01  6.2847736e-01  1.4117000e+02]
 [ 9.7451032e-01  1.4271944e-01 -1.7170512e-01 -1.1801800e+03]
 [ 0.0000000e+00  0.0000000e+00  0.0000000e+00  1.0000000e+00]]
[+0170.60, -0032.45, -1126.66]
1193, 2243, 1180
[[-2.2495796e-01  6.1031748e-01 -7.5920340e-01  9.6250000e+01]
 [-3.6330000e-03  7.7890190e-01  6.2706090e-01  1.4112000e+02]
 [ 9.7409652e-01  1.4398314e-01 -1.7294530e-01 -1.1801900e+03]
 [ 0.0000000e+00  0.0000000e+00  0.0000000e+00  1.0000000e+00]]
[+0159.82, -0024.25, -1124.70]
894, 2034, 918
[[-2.2312170e-01  6.1231152e-01 -7.5827126e-01  9.6600000e+01]
 [-3.3373600e-03  7.7755440e-01  6.2876112e-01  1.4113000e+02]
 [ 9.7462278e-01  1.4292056e-01 -1.7141034e-01 -1.1800900e+03]
 [ 0.0000000e+00  0.0000000e+00  0.0000000e+00  1.0000000e+00]]
[+0164.60, -0030.74, -1121.80]
763, 2059, 1046
[[-2.2240840e-01  6.1205180e-01 -7.5856140e-01  9.6600000e+01]
 [-2.8655600e-03  7.7789030e-01  6.2831958e-01  1.4115000e+02]
 [ 9.7468692e-01  1.4207850e-01 -1.7119826e-01 -1.1799900e+03]
 [ 0.0000000e+00  0.0000000e+00  0.0000000e+00  1.0000000e+00]]
[+0160.08, -0047.11, -1131.30]
894, 2034, 918
[[-2.2360660e-01  6.1217190e-01 -7.5825290e-01  9.6460000e+01]
 [-3.0324600e-03  7.7765910e-01  6.2863578e-01  1.4114000e+02]
 [ 9.7452178e-01  1.4296050e-01 -1.7199994e-01 -1.1801400e+03]
 [ 0.0000000e+00  0.0000000e+00  0.0000000e+00  1.0000000e+00]]
[+0163.81, -0029.81, -1121.07]
1053, 1805, 2077
[[-2.2561650e-01  6.0915646e-01 -7.6013972e-01  9.6210000e+01]
 [-3.6192200e-03  7.7983470e-01  6.2594444e-01  1.4067000e+02]
 [ 9.7410004e-01  1.4404148e-01 -1.7371524e-01 -1.1801100e+03]
 [ 0.0000000e+00  0.0000000e+00  0.0000000e+00  1.0000000e+00]]
[+0070.85, -0067.91, -1141.33]
890, 1757, 1900
[[-2.2320712e-01  6.1162316e-01 -7.5848104e-01  9.6440000e+01]
 [-3.4507600e-03  7.7801150e-01  6.2812468e-01  1.4106000e+02]
 [ 9.7435336e-01  1.4307212e-01 -1.7145738e-01 -1.1801800e+03]
 [ 0.0000000e+00  0.0000000e+00  0.0000000e+00  1.0000000e+00]]
[+0081.95, -0071.66, -1136.04]
1053, 1805, 2077
[[-2.2525306e-01  6.1006348e-01 -7.5942540e-01  9.6190000e+01]
 [-3.8870000e-03  7.7906630e-01  6.2687820e-01  1.4101000e+02]
 [ 9.7410948e-01  1.4427036e-01 -1.7307600e-01 -1.1801200e+03]
 [ 0.0000000e+00  0.0000000e+00  0.0000000e+00  1.0000000e+00]]
[+0071.66, -0067.70, -1140.64]
1342, 2129, 1722
[[-2.2546218e-01  6.1048896e-01 -7.5894352e-01  9.6250000e+01]
 [-3.7222400e-03  7.7869278e-01  6.2732604e-01  1.4108000e+02]
 [ 9.7400112e-01  1.4441276e-01 -1.7324040e-01 -1.1802300e+03]
 [ 0.0000000e+00  0.0000000e+00  0.0000000e+00  1.0000000e+00]]
[+0118.13, -0037.38, -1110.67]
1053, 1805, 2077
[[-2.2476744e-01  6.1059364e-01 -7.5914004e-01  9.6260000e+01]
 [-3.6963600e-03  7.7871510e-01  6.2731478e-01  1.4100000e+02]
 [ 9.7421996e-01  1.4391978e-01 -1.7273250e-01 -1.1801500e+03]
 [ 0.0000000e+00  0.0000000e+00  0.0000000e+00  1.0000000e+00]]
[+0070.57, -0067.72, -1140.94]
1579, 1033, 1800
[[-2.2529074e-01  6.1117152e-01 -7.5843940e-01  9.6360000e+01]
 [-3.9792000e-03  7.7810950e-01  6.2804640e-01  1.4094000e+02]
 [ 9.7403548e-01  1.4466336e-01 -1.7281480e-01 -1.1801800e+03]
 [ 0.0000000e+00  0.0000000e+00  0.0000000e+00  1.0000000e+00]]
[+0018.46, +0019.12, -1124.55]
1053, 1805, 2077
[[-2.2476744e-01  6.1005584e-01 -7.5949668e-01  9.6270000e+01]
 [-4.3387200e-03  7.7904390e-01  6.2688584e-01  1.4100000e+02]
 [ 9.7415836e-01  1.4434872e-01 -1.7240370e-01 -1.1801800e+03]
 [ 0.0000000e+00  0.0000000e+00  0.0000000e+00  1.0000000e+00]]
[+0072.50, -0068.11, -1140.57]
1870, 1467, 842
[[-2.2588090e-01  6.1153938e-01 -7.5807446e-01  9.6390000e+01]
 [-3.2970600e-03  7.7786236e-01  6.2837982e-01  1.4107000e+02]
 [ 9.7398482e-01  1.4453946e-01 -1.7365210e-01 -1.1801300e+03]
 [ 0.0000000e+00  0.0000000e+00  0.0000000e+00  1.0000000e+00]]
[+0124.09, +0079.38, -1116.09]
1747, 1529, 925
[[-2.2499572e-01  6.1133024e-01 -7.5841708e-01  9.6390000e+01]
 [-3.9252400e-03  7.7802716e-01  6.2815264e-01  1.4106000e+02]
 [ 9.7411792e-01  1.4445236e-01 -1.7260212e-01 -1.1801800e+03]
 [ 0.0000000e+00  0.0000000e+00  0.0000000e+00  1.0000000e+00]]
[+0122.74, +0060.66, -1100.70]
1870, 1467, 842
[[-2.2569058e-01  6.1146800e-01 -7.5796826e-01  9.6370000e+01]
 [-3.6032000e-03  7.7784000e-01  6.2835760e-01  1.4105000e+02]
 [ 9.7385626e-01  1.4475200e-01 -1.7327458e-01 -1.1801600e+03]
 [ 0.0000000e+00  0.0000000e+00  0.0000000e+00  1.0000000e+00]]
[+0123.48, +0079.37, -1115.91]
1995, 1616, 913
[[-2.2645234e-01  6.1061578e-01 -7.5846430e-01  9.6270000e+01]
 [-3.3071000e-03  7.7850590e-01  6.2754230e-01  1.4107000e+02]
 [ 9.7370878e-01  1.4480554e-01 -1.7420820e-01 -1.1801600e+03]
 [ 0.0000000e+00  0.0000000e+00  0.0000000e+00  1.0000000e+00]]
[+0127.65, +0075.39, -1121.29]
1870, 1467, 842
[[-2.2491034e-01  6.1176652e-01 -7.5796494e-01  9.6400000e+01]
 [-3.8539600e-03  7.7765276e-01  6.2858892e-01  1.4111000e+02]
 [ 9.7404018e-01  1.4450124e-01 -1.7247194e-01 -1.1801500e+03]
 [ 0.0000000e+00  0.0000000e+00  0.0000000e+00  1.0000000e+00]]
[+0122.21, +0075.13, -1112.99]
1930, 1321, 1039
[[-2.2577616e-01  6.1117924e-01 -7.5836796e-01  9.6320000e+01]
 [-3.5271600e-03  7.7813190e-01  6.2803868e-01  1.4103000e+02]
 [ 9.7398644e-01  1.4458548e-01 -1.7348730e-01 -1.1801700e+03]
 [ 0.0000000e+00  0.0000000e+00  0.0000000e+00  1.0000000e+00]]
[+0095.29, +0079.37, -1112.66]
1870, 1467, 842
[[-2.2579540e-01  6.1143784e-01 -7.5797948e-01  9.6370000e+01]
 [-3.8681200e-03  7.7781756e-01  6.2838776e-01  1.4107000e+02]
 [ 9.7384504e-01  1.4501692e-01 -1.7319220e-01 -1.1801600e+03]
 [ 0.0000000e+00  0.0000000e+00  0.0000000e+00  1.0000000e+00]]
[+0124.06, +0075.72, -1114.17]
1897, 1614, 1537
[[-2.2695696e-01  6.1039632e-01 -7.5850880e-01  9.6230000e+01]
 [-3.8912000e-03  7.7854320e-01  6.2749680e-01  1.4100000e+02]
 [ 9.7360368e-01  1.4554624e-01 -1.7425680e-01 -1.1801400e+03]
 [ 0.0000000e+00  0.0000000e+00  0.0000000e+00  1.0000000e+00]]
[+0078.66, +0038.40, -1097.69]
1287, 1569, 1543
[[-2.2518600e-01  6.1134912e-01 -7.5837584e-01  9.6360000e+01]
 [-3.5667200e-03  7.7804952e-01  6.2813376e-01  1.4104000e+02]
 [ 9.7409904e-01  1.4428096e-01 -1.7297952e-01 -1.1801700e+03]
 [ 0.0000000e+00  0.0000000e+00  0.0000000e+00  1.0000000e+00]]
[+0078.34, -0021.40, -1089.65]
1897, 1614, 1537
[[-2.2636648e-01  6.1032364e-01 -7.5876932e-01  9.6210000e+01]
 [-4.2780400e-03  7.7862534e-01  6.2739794e-01  1.4100000e+02]
 [ 9.7375948e-01  1.4543566e-01 -1.7358418e-01 -1.1801800e+03]
 [ 0.0000000e+00  0.0000000e+00  0.0000000e+00  1.0000000e+00]]
[+0078.42, +0040.27, -1098.16]
1864, 2051, 1455
[[-2.2527170e-01  6.1076514e-01 -7.5888018e-01  9.6260000e+01]
 [-3.7855800e-03  7.7850590e-01  6.2757986e-01  1.4110000e+02]
 [ 9.7412466e-01  1.4434942e-01 -1.7302756e-01 -1.1802000e+03]
 [ 0.0000000e+00  0.0000000e+00  0.0000000e+00  1.0000000e+00]]
[+0124.65, +0022.98, -1100.89]
1897, 1614, 1537
[[-2.2685226e-01  6.1047898e-01 -7.5864518e-01  9.6220000e+01]
 [-3.6785800e-03  7.7856572e-01  6.2750758e-01  1.4101000e+02]
 [ 9.7376258e-01  1.4524018e-01 -1.7433898e-01 -1.1801600e+03]
 [ 0.0000000e+00  0.0000000e+00  0.0000000e+00  1.0000000e+00]]
[+0076.58, +0041.26, -1098.83]
1897, 1542, 1151
[[-2.2615712e-01  6.1092216e-01 -7.5838992e-01  9.6290000e+01]
 [-3.1053600e-03  7.7834126e-01  6.2776584e-01  1.4103000e+02]
 [ 9.7384368e-01  1.4447736e-01 -1.7407762e-01 -1.1801500e+03]
 [ 0.0000000e+00  0.0000000e+00  0.0000000e+00  1.0000000e+00]]
[+0104.47, +0064.65, -1103.63]
1897, 1614, 1537
[[-2.2636648e-01  6.1052360e-01 -7.5886456e-01  9.6230000e+01]
 [-4.1828000e-03  7.7854320e-01  6.2755640e-01  1.4101000e+02]
 [ 9.7395944e-01  1.4527720e-01 -1.7366632e-01 -1.1801800e+03]
 [ 0.0000000e+00  0.0000000e+00  0.0000000e+00  1.0000000e+00]]
[+0078.20, +0040.74, -1098.39]
1902, 1490, 1122
[[-2.2577616e-01  6.1103168e-01 -7.5842032e-01  9.6300000e+01]
 [-3.6747200e-03  7.7821424e-01  6.2792128e-01  1.4103000e+02]
 [ 9.7393408e-01  1.4470288e-01 -1.7340496e-01 -1.1801700e+03]
 [ 0.0000000e+00  0.0000000e+00  0.0000000e+00  1.0000000e+00]]
[+0101.62, +0068.48, -1105.08]
1215, 2230, 975
[[-2.2468162e-01  6.1093500e-01 -7.5888794e-01  9.6320000e+01]
 [-3.8250000e-03  7.7842360e-01  6.2767500e-01  1.4115000e+02]
 [ 9.7423706e-01  1.4404500e-01 -1.7251978e-01 -1.1802100e+03]
 [ 0.0000000e+00  0.0000000e+00  0.0000000e+00  1.0000000e+00]]
[+0170.40, -0011.59, -1128.77]
1902, 1490, 1122
[[-2.2636648e-01  6.1100928e-01 -7.5835992e-01  9.6270000e+01]
 [-3.4876800e-03  7.7821424e-01  6.2794368e-01  1.4102000e+02]
 [ 9.7387368e-01  1.4488992e-01 -1.7399528e-01 -1.1801400e+03]
 [ 0.0000000e+00  0.0000000e+00  0.0000000e+00  1.0000000e+00]]
[+0102.02, +0068.57, -1104.97]
1743, 1436, 1596
[[-2.2499572e-01  6.1094012e-01 -7.5872172e-01  9.6300000e+01]
 [-4.4201200e-03  7.7827406e-01  6.2784138e-01  1.4101000e+02]
 [ 9.7410828e-01  1.4476362e-01 -1.7235522e-01 -1.1801800e+03]
 [ 0.0000000e+00  0.0000000e+00  0.0000000e+00  1.0000000e+00]]
[+0059.08, +0026.01, -1097.10]
1902, 1490, 1122
[[-2.2567146e-01  6.1091428e-01 -7.5846148e-01  9.6270000e+01]
 [-3.5573200e-03  7.7831894e-01  6.2777372e-01  1.4103000e+02]
 [ 9.7389292e-01  1.4455532e-01 -1.7340496e-01 -1.1801600e+03]
 [ 0.0000000e+00  0.0000000e+00  0.0000000e+00  1.0000000e+00]]
[+0103.53, +0068.00, -1104.84]
1251, 829, 830
[[-2.2375074e-01  6.1300694e-01 -7.5752872e-01  9.6560000e+01]
 [-3.7380200e-03  7.7684270e-01  6.2963896e-01  1.4103000e+02]
 [ 9.7448104e-01  1.4381128e-01 -1.7149300e-01 -1.1801400e+03]
 [ 0.0000000e+00  0.0000000e+00  0.0000000e+00  1.0000000e+00]]
[+0067.21, +0056.44, -1078.45]
1902, 1490, 1122
[[-2.2727130e-01  6.1060064e-01 -7.5843798e-01  9.6240000e+01]
 [-4.3908000e-03  7.7831100e-01  6.2782240e-01  1.4101000e+02]
 [ 9.7367450e-01  1.4610648e-01 -1.7417466e-01 -1.1801700e+03]
 [ 0.0000000e+00  0.0000000e+00  0.0000000e+00  1.0000000e+00]]
[+0103.38, +0067.25, -1104.28]
1053, 2126, 967
[[-2.2398708e-01  6.1152478e-01 -7.5858006e-01  9.6400000e+01]
 [-3.1048200e-03  7.7811612e-01  6.2805166e-01  1.4114000e+02]
 [ 9.7436986e-01  1.4316414e-01 -1.7234196e-01 -1.1801700e+03]
 [ 0.0000000e+00  0.0000000e+00  0.0000000e+00  1.0000000e+00]]
[+0170.12, -0022.88, -1126.24]
1194, 1283, 1714
[[-2.2539552e-01  6.1114144e-01 -7.5845064e-01  9.6330000e+01]
 [-4.2441600e-03  7.7808702e-01  6.2807648e-01  1.4099000e+02]
 [ 9.7402424e-01  1.4492832e-01 -1.7273250e-01 -1.1801600e+03]
 [ 0.0000000e+00  0.0000000e+00  0.0000000e+00  1.0000000e+00]]
[+0041.74, -0029.97, -1105.78]
1053, 2126, 967
[[-2.2428202e-01  6.1136626e-01 -7.5860240e-01  9.6390000e+01]
 [-3.1587400e-03  7.7819862e-01  6.2794520e-01  1.4112000e+02]
 [ 9.7428760e-01  1.4337520e-01 -1.7255440e-01 -1.1801700e+03]
 [ 0.0000000e+00  0.0000000e+00  0.0000000e+00  1.0000000e+00]]
[+0170.25, -0022.88, -1126.40]
1253, 2049, 842
[[-2.2432050e-01  6.1169390e-01 -7.5822480e-01  9.6420000e+01]
 [-4.2411000e-03  7.7773518e-01  6.2849024e-01  1.4110000e+02]
 [ 9.7419520e-01  1.4439024e-01 -1.7179968e-01 -1.1801900e+03]
 [ 0.0000000e+00  0.0000000e+00  0.0000000e+00  1.0000000e+00]]
[+0170.28, +0003.06, -1118.46]
1053, 2126, 967
[[-2.2398708e-01  6.1122986e-01 -7.5868466e-01  9.6370000e+01]
 [-3.3997400e-03  7.7828108e-01  6.2781662e-01  1.4114000e+02]
 [ 9.7426526e-01  1.4339918e-01 -1.7217700e-01 -1.1801900e+03]
 [ 0.0000000e+00  0.0000000e+00  0.0000000e+00  1.0000000e+00]]
[+0169.32, -0022.72, -1125.86]
964, 2033, 879
[[-2.2373082e-01  6.1230594e-01 -7.5807492e-01  9.6500000e+01]
 [-3.8387400e-03  7.7740526e-01  6.2893796e-01  1.4113000e+02]
 [ 9.7446468e-01  1.4373284e-01 -1.7153992e-01 -1.1801700e+03]
 [ 0.0000000e+00  0.0000000e+00  0.0000000e+00  1.0000000e+00]]
[+0168.68, -0023.13, -1121.56]
1053, 2126, 967
[[-2.2447242e-01  6.1089978e-01 -7.5906548e-01  9.6320000e+01]
 [-3.4947800e-03  7.7855046e-01  6.2753868e-01  1.4110000e+02]
 [ 9.7435452e-01  1.4359132e-01 -1.7260212e-01 -1.1801500e+03]
 [ 0.0000000e+00  0.0000000e+00  0.0000000e+00  1.0000000e+00]]
[+0169.18, -0022.17, -1125.65]
1709, 1472, 1399
[[-2.2499572e-01  6.1118274e-01 -7.5846946e-01  9.6320000e+01]
 [-4.0727400e-03  7.7810950e-01  6.2803518e-01  1.4107000e+02]
 [ 9.7406554e-01  1.4456982e-01 -1.7251978e-01 -1.1801000e+03]
 [ 0.0000000e+00  0.0000000e+00  0.0000000e+00  1.0000000e+00]]
[+0077.05, +0037.62, -1091.29]
1759, 1322, 1231
[[-2.2548106e-01  6.1143314e-01 -7.5814584e-01  9.6360000e+01]
 [-3.2732600e-03  7.7796710e-01  6.2822112e-01  1.4106000e+02]
 [ 9.7397376e-01  1.4429832e-01 -1.7335700e-01 -1.1801400e+03]
 [ 0.0000000e+00  0.0000000e+00  0.0000000e+00  1.0000000e+00]]
[+0079.15, +0058.40, -1096.29]
1709, 1472, 1399
[[-2.2529074e-01  6.1102400e-01 -7.5849178e-01  9.6310000e+01]
 [-4.1267200e-03  7.7819180e-01  6.2792896e-01  1.4101000e+02]
 [ 9.7398310e-01  1.4478080e-01 -1.7273250e-01 -1.1801500e+03]
 [ 0.0000000e+00  0.0000000e+00  0.0000000e+00  1.0000000e+00]]
[+0078.37, +0033.67, -1090.18]
1791, 1643, 1271
[[-2.2548106e-01  6.1104288e-01 -7.5845046e-01  9.6280000e+01]
 [-3.7682400e-03  7.7821424e-01  6.2791008e-01  1.4104000e+02]
 [ 9.7396422e-01  1.4460936e-01 -1.7310986e-01 -1.1801600e+03]
 [ 0.0000000e+00  0.0000000e+00  0.0000000e+00  1.0000000e+00]]
[+0104.70, +0045.42, -1094.04]
1709, 1472, 1399
[[-2.2518600e-01  6.1090656e-01 -7.5853292e-01  9.6320000e+01]
 [-4.0092800e-03  7.7829654e-01  6.2778144e-01  1.4101000e+02]
 [ 9.7394196e-01  1.4463328e-01 -1.7273250e-01 -1.1801400e+03]
 [ 0.0000000e+00  0.0000000e+00  0.0000000e+00  1.0000000e+00]]
[+0076.85, +0034.45, -1090.44]
1191, 1552, 1170
[[-2.2400616e-01  6.1183608e-01 -7.5833876e-01  9.6410000e+01]
 [-3.4986400e-03  7.7780214e-01  6.2844168e-01  1.4105000e+02]
 [ 9.7437612e-01  1.4355416e-01 -1.7204706e-01 -1.1801600e+03]
 [ 0.0000000e+00  0.0000000e+00  0.0000000e+00  1.0000000e+00]]
[+0110.59, -0007.82, -1079.68]
1709, 1472, 1399
[[-2.2558580e-01  6.1101276e-01 -7.5846168e-01  9.6300000e+01]
 [-4.0332000e-03  7.7819180e-01  6.2794020e-01  1.4103000e+02]
 [ 9.7395300e-01  1.4487432e-01 -1.7302756e-01 -1.1801500e+03]
 [ 0.0000000e+00  0.0000000e+00  0.0000000e+00  1.0000000e+00]]
[+0077.47, +0037.57, -1091.35]
974, 1804, 1310
[[-2.2400616e-01  6.1213096e-01 -7.5823404e-01  9.6450000e+01]
 [-3.2037600e-03  7.7763702e-01  6.2867672e-01  1.4112000e+02]
 [ 9.7448084e-01  1.4331912e-01 -1.7221218e-01 -1.1801300e+03]
 [ 0.0000000e+00  0.0000000e+00  0.0000000e+00  1.0000000e+00]]
[+0125.35, -0045.84, -1101.32]
1988, 1855, 1688
[[-2.2744290e-01  6.0991812e-01 -7.5894154e-01  9.6130000e+01]
 [-4.1347600e-03  7.7889420e-01  6.2710188e-01  1.4101000e+02]
 [ 9.7364022e-01  1.4585524e-01 -1.7460114e-01 -1.1801400e+03]
 [ 0.0000000e+00  0.0000000e+00  0.0000000e+00  1.0000000e+00]]
[+0085.95, +0030.26, -1100.34]
974, 1804, 1310
[[-2.2362600e-01  6.1189360e-01 -7.5822100e-01  9.6480000e+01]
 [-4.0160000e-03  7.7767512e-01  6.2855548e-01  1.4107000e+02]
 [ 9.7431860e-01  1.4382052e-01 -1.7137488e-01 -1.1801600e+03]
 [ 0.0000000e+00  0.0000000e+00  0.0000000e+00  1.0000000e+00]]
[+0123.42, -0044.75, -1100.96]
1149, 1370, 896
[[-2.2432050e-01  6.1223124e-01 -7.5786768e-01  9.6470000e+01]
 [-3.5989200e-03  7.7740526e-01  6.2891896e-01  1.4106000e+02]
 [ 9.7425744e-01  1.4396152e-01 -1.7212960e-01 -1.1801300e+03]
 [ 0.0000000e+00  0.0000000e+00  0.0000000e+00  1.0000000e+00]]
[+0118.05, +0014.26, -1073.47]
974, 1804, 1310
[[-2.2400616e-01  6.1154120e-01 -7.5844348e-01  9.6400000e+01]
 [-3.7935200e-03  7.7796710e-01  6.2820664e-01  1.4107000e+02]
 [ 9.7427140e-01  1.4378920e-01 -1.7188210e-01 -1.1801500e+03]
 [ 0.0000000e+00  0.0000000e+00  0.0000000e+00  1.0000000e+00]]
[+0124.94, -0046.57, -1101.54]
855, 1400, 1682
[[-2.2331178e-01  6.1179306e-01 -7.5858718e-01  9.6410000e+01]
 [-3.6206600e-03  7.7790684e-01  6.2831334e-01  1.4103000e+02]
 [ 9.7454202e-01  1.4317826e-01 -1.7145738e-01 -1.1801300e+03]
 [ 0.0000000e+00  0.0000000e+00  0.0000000e+00  1.0000000e+00]]
[+0062.76, -0065.98, -1118.38]
974, 1804, 1310
[[-2.2438664e-01  6.1157892e-01 -7.5836136e-01  9.6390000e+01]
 [-3.0764400e-03  7.7801150e-01  6.2816892e-01  1.4106000e+02]
 [ 9.7423368e-01  1.4344644e-01 -1.7263690e-01 -1.1801200e+03]
 [ 0.0000000e+00  0.0000000e+00  0.0000000e+00  1.0000000e+00]]
[+0125.31, -0044.98, -1101.01]
1237, 1318, 1690
[[-2.2499572e-01  6.1118274e-01 -7.5846946e-01  9.6320000e+01]
 [-4.0727400e-03  7.7810950e-01  6.2803518e-01  1.4100000e+02]
 [ 9.7406554e-01  1.4456982e-01 -1.7251978e-01 -1.1801400e+03]
 [ 0.0000000e+00  0.0000000e+00  0.0000000e+00  1.0000000e+00]]
[+0044.34, -0024.34, -1102.01]
1153, 757, 1856
[[-2.2480552e-01  6.1145892e-01 -7.5840592e-01  9.6360000e+01]
 [-4.1362800e-03  7.7792238e-01  6.2828892e-01  1.4094000e+02]
 [ 9.7418912e-01  1.4450628e-01 -1.7230714e-01 -1.1801100e+03]
 [ 0.0000000e+00  0.0000000e+00  0.0000000e+00  1.0000000e+00]]
[+0000.19, -0015.72, -1150.91]
1237, 1318, 1690
[[-2.2459600e-01  6.1166640e-01 -7.5833120e-01  9.6370000e+01]
 [-3.4588800e-03  7.7788464e-01  6.2834640e-01  1.4101000e+02]
 [ 9.7426384e-01  1.4385888e-01 -1.7255440e-01 -1.1801400e+03]
 [ 0.0000000e+00  0.0000000e+00  0.0000000e+00  1.0000000e+00]]
[+0047.75, -0024.04, -1100.40]
1955, 1239, 1786
[[-2.2695696e-01  6.1015340e-01 -7.5876116e-01  9.6160000e+01]
 [-4.2388400e-03  7.7870744e-01  6.2730320e-01  1.4094000e+02]
 [ 9.7364660e-01  1.4573984e-01 -1.7409256e-01 -1.1801300e+03]
 [ 0.0000000e+00  0.0000000e+00  0.0000000e+00  1.0000000e+00]]
[+0032.77, +0043.76, -1125.61]
1237, 1318, 1690
[[-2.2518600e-01  6.1159180e-01 -7.5812360e-01  9.6370000e+01]
 [-3.2193200e-03  7.7788464e-01  6.2832740e-01  1.4103000e+02]
 [ 9.7405624e-01  1.4408732e-01 -1.7314440e-01 -1.1801100e+03]
 [ 0.0000000e+00  0.0000000e+00  0.0000000e+00  1.0000000e+00]]
[+0047.26, -0024.83, -1100.85]
1265, 1227, 1401
[[-2.2470074e-01  6.1173150e-01 -7.5814248e-01  9.6410000e+01]
 [-3.5239800e-03  7.7777990e-01  6.2845264e-01  1.4102000e+02]
 [ 9.7415760e-01  1.4404760e-01 -1.7255440e-01 -1.1801400e+03]
 [ 0.0000000e+00  0.0000000e+00  0.0000000e+00  1.0000000e+00]]
[+0057.46, -0000.84, -1084.41]
1237, 1318, 1690
[[-2.2537636e-01  6.1136808e-01 -7.5833460e-01  9.6340000e+01]
 [-3.2082000e-03  7.7807180e-01  6.2811480e-01  1.4104000e+02]
 [ 9.7408008e-01  1.4410956e-01 -1.7335700e-01 -1.1801200e+03]
 [ 0.0000000e+00  0.0000000e+00  0.0000000e+00  1.0000000e+00]]
[+0045.89, -0026.09, -1101.93]
1243, 921, 1454
[[-2.2402564e-01  6.1199996e-01 -7.5814988e-01  9.6450000e+01]
 [-4.0398800e-03  7.7757030e-01  6.2871406e-01  1.4100000e+02]
 [ 9.7432996e-01  1.4406158e-01 -1.7166970e-01 -1.1801400e+03]
 [ 0.0000000e+00  0.0000000e+00  0.0000000e+00  1.0000000e+00]]
[+0026.00, +0007.84, -1099.24]
1549, 1149, 1955
[[-2.2605250e-01  6.1041430e-01 -7.5873560e-01  9.6200000e+01]
 [-3.4831000e-03  7.7869278e-01  6.2730728e-01  1.4092000e+02]
 [ 9.7379320e-01  1.4464072e-01 -1.7383072e-01 -1.1801300e+03]
 [ 0.0000000e+00  0.0000000e+00  0.0000000e+00  1.0000000e+00]]
[+0017.05, +0000.29, -1130.40]
1243, 921, 1454
[[-2.2451058e-01  6.1215504e-01 -7.5802644e-01  9.6440000e+01]
 [-3.4401600e-03  7.7751008e-01  6.2882392e-01  1.4101000e+02]
 [ 9.7433364e-01  1.4386648e-01 -1.7242450e-01 -1.1801100e+03]
 [ 0.0000000e+00  0.0000000e+00  0.0000000e+00  1.0000000e+00]]
[+0026.07, +0008.18, -1099.34]
2077, 840, 980
[[-2.2678568e-01  6.1152144e-01 -7.5784764e-01  9.6330000e+01]
 [-3.7046400e-03  7.7771270e-01  6.2856908e-01  1.4097000e+02]
 [ 9.7379556e-01  1.4544532e-01 -1.7407762e-01 -1.1801000e+03]
 [ 0.0000000e+00  0.0000000e+00  0.0000000e+00  1.0000000e+00]]
[+0068.57, +0100.64, -1150.93]
1243, 921, 1454
[[-2.2499572e-01  6.1172036e-01 -7.5811244e-01  9.6390000e+01]
 [-3.4303600e-03  7.7777990e-01  6.2846378e-01  1.4098000e+02]
 [ 9.7412756e-01  1.4414122e-01 -1.7284938e-01 -1.1801200e+03]
 [ 0.0000000e+00  0.0000000e+00  0.0000000e+00  1.0000000e+00]]
[+0024.88, +0006.67, -1100.55]
1211, 1180, 1355
[[-2.2480552e-01  6.1170148e-01 -7.5815364e-01  9.6420000e+01]
 [-3.7889200e-03  7.7775758e-01  6.2848266e-01  1.4102000e+02]
 [ 9.7414644e-01  1.4431254e-01 -1.7247194e-01 -1.1801400e+03]
 [ 0.0000000e+00  0.0000000e+00  0.0000000e+00  1.0000000e+00]]
[+0058.15, -0002.51, -1082.68]
1243, 921, 1454
[[-2.2440580e-01  6.1174264e-01 -7.5817248e-01  9.6390000e+01]
 [-3.6176000e-03  7.7777990e-01  6.2844150e-01  1.4098000e+02]
 [ 9.7418760e-01  1.4395398e-01 -1.7225946e-01 -1.1801300e+03]
 [ 0.0000000e+00  0.0000000e+00  0.0000000e+00  1.0000000e+00]]
[+0023.85, +0006.91, -1101.18]
1828, 1417, 1138
[[-2.2598568e-01  6.1097136e-01 -7.5844280e-01  9.6300000e+01]
 [-4.2046400e-03  7.7816928e-01  6.2798160e-01  1.4102000e+02]
 [ 9.7391160e-01  1.4523280e-01 -1.7324040e-01 -1.1801300e+03]
 [ 0.0000000e+00  0.0000000e+00  0.0000000e+00  1.0000000e+00]]
[+0095.25, +0065.04, -1100.08]
2043, 1319, 1364
[[-2.2687122e-01  6.1064228e-01 -7.5845694e-01  9.6220000e+01]
 [-4.2193200e-03  7.7833368e-01  6.2778076e-01  1.4097000e+02]
 [ 9.7371614e-01  1.4574804e-01 -1.7396154e-01 -1.1801000e+03]
 [ 0.0000000e+00  0.0000000e+00  0.0000000e+00  1.0000000e+00]]
[+0069.80, +0072.71, -1116.94]
1828, 1417, 1138
[[-2.2520532e-01  6.1156516e-01 -7.5833472e-01  9.6360000e+01]
 [-4.1601600e-03  7.7781756e-01  6.2844764e-01  1.4105000e+02]
 [ 9.7420028e-01  1.4474736e-01 -1.7260212e-01 -1.1801400e+03]
 [ 0.0000000e+00  0.0000000e+00  0.0000000e+00  1.0000000e+00]]
[+0094.40, +0059.26, -1097.37]
1726, 1319, 1192
[[-2.2499572e-01  6.1157286e-01 -7.5816482e-01  9.6360000e+01]
 [-3.5778600e-03  7.7786236e-01  6.2834634e-01  1.4103000e+02]
 [ 9.7407518e-01  1.4425866e-01 -1.7276692e-01 -1.1801100e+03]
 [ 0.0000000e+00  0.0000000e+00  0.0000000e+00  1.0000000e+00]]
[+0080.62, +0053.26, -1093.23]
1828, 1417, 1138
[[-2.2558580e-01  6.1116030e-01 -7.5840930e-01  9.6300000e+01]
 [-3.8856600e-03  7.7810950e-01  6.2805762e-01  1.4102000e+02]
 [ 9.7400538e-01  1.4475690e-01 -1.7310986e-01 -1.1801400e+03]
 [ 0.0000000e+00  0.0000000e+00  0.0000000e+00  1.0000000e+00]]
[+0096.08, +0063.33, -1099.49]
1725, 1629, 1326
[[-2.2518600e-01  6.1110644e-01 -7.5862808e-01  9.6310000e+01]
 [-3.9141200e-03  7.7821424e-01  6.2794004e-01  1.4103000e+02]
 [ 9.7414184e-01  1.4447468e-01 -1.7281480e-01 -1.1801500e+03]
 [ 0.0000000e+00  0.0000000e+00  0.0000000e+00  1.0000000e+00]]
[+0098.39, +0032.02, -1089.65]
1828, 1417, 1138
[[-2.2577616e-01  6.1132680e-01 -7.5831560e-01  9.6320000e+01]
 [-3.3796000e-03  7.7804952e-01  6.2815608e-01  1.4103000e+02]
 [ 9.7403880e-01  1.4446808e-01 -1.7356968e-01 -1.1801100e+03]
 [ 0.0000000e+00  0.0000000e+00  0.0000000e+00  1.0000000e+00]]
[+0094.52, +0063.64, -1099.63]
1988, 1905, 1436
[[-2.2685226e-01  6.1023604e-01 -7.5889750e-01  9.6160000e+01]
 [-4.0262000e-03  7.7873004e-01  6.2731396e-01  1.4102000e+02]
 [ 9.7380554e-01  1.4543380e-01 -1.7417466e-01 -1.1801500e+03]
 [ 0.0000000e+00  0.0000000e+00  0.0000000e+00  1.0000000e+00]]
[+0111.22, +0042.18, -1102.00]
2060, 1886, 1725
[[-2.2725226e-01  6.0960380e-01 -7.5908794e-01  9.6090000e+01]
 [-4.7884400e-03  7.7903544e-01  6.2688620e-01  1.4098000e+02]
 [ 9.7355450e-01  1.4626156e-01 -1.7405986e-01 -1.1801700e+03]
 [ 0.0000000e+00  0.0000000e+00  0.0000000e+00  1.0000000e+00]]
[+0086.79, +0031.83, -1102.74]
1988, 1905, 1436
[[-2.2508130e-01  6.1054642e-01 -7.5882626e-01  9.6250000e+01]
 [-4.2392200e-03  7.7856572e-01  6.2744014e-01  1.4104000e+02]
 [ 9.7394366e-01  1.4467954e-01 -1.7256802e-01 -1.1801800e+03]
 [ 0.0000000e+00  0.0000000e+00  0.0000000e+00  1.0000000e+00]]
[+0112.43, +0040.20, -1101.39]
1572, 1540, 1516
[[-2.2508130e-01  6.1128402e-01 -7.5856456e-01  9.6330000e+01]
 [-3.5016200e-03  7.7815422e-01  6.2802744e-01  1.4102000e+02]
 [ 9.7420536e-01  1.4409224e-01 -1.7297952e-01 -1.1801500e+03]
 [ 0.0000000e+00  0.0000000e+00  0.0000000e+00  1.0000000e+00]]
[+0073.90, +0009.66, -1088.52]
1988, 1905, 1436
[[-2.2645234e-01  6.1027756e-01 -7.5891650e-01  9.6200000e+01]
 [-3.8546000e-03  7.7875256e-01  6.2727244e-01  1.4103000e+02]
 [ 9.7384706e-01  1.4507540e-01 -1.7396154e-01 -1.1801600e+03]
 [ 0.0000000e+00  0.0000000e+00  0.0000000e+00  1.0000000e+00]]
[+0111.80, +0042.93, -1102.12]
2183, 1667, 1372
[[-2.2784298e-01  6.1045782e-01 -7.5821760e-01  9.6200000e+01]
 [-3.4108200e-03  7.7846102e-01  6.2760680e-01  1.4102000e+02]
 [ 9.7341720e-01  1.4575040e-01 -1.7522500e-01 -1.1801200e+03]
 [ 0.0000000e+00  0.0000000e+00  0.0000000e+00  1.0000000e+00]]
[+0095.18, +0068.07, -1115.72]
1988, 1905, 1436
[[-2.2506250e-01  6.1067776e-01 -7.5891018e-01  9.6280000e+01]
 [-3.4031200e-03  7.7863280e-01  6.2740224e-01  1.4106000e+02]
 [ 9.7409466e-01  1.4393688e-01 -1.7310986e-01 -1.1801400e+03]
 [ 0.0000000e+00  0.0000000e+00  0.0000000e+00  1.0000000e+00]]
[+0111.93, +0036.53, -1100.89]
1842, 756, 1747
[[-2.2598568e-01  6.1087620e-01 -7.5864276e-01  9.6310000e+01]
 [-4.4046000e-03  7.7825150e-01  6.2790530e-01  1.4089000e+02]
 [ 9.7400676e-01  1.4530910e-01 -1.7315818e-01 -1.1801300e+03]
 [ 0.0000000e+00  0.0000000e+00  0.0000000e+00  1.0000000e+00]]
[+0012.32, +0046.32, -1155.68]
2103, 972, 1821
[[-2.2883410e-01  6.0970704e-01 -7.5854698e-01  9.6080000e+01]
 [-4.1865600e-03  7.7884876e-01  6.2712624e-01  1.4088000e+02]
 [ 9.7320022e-01  1.4684064e-01 -1.7561890e-01 -1.1801100e+03]
 [ 0.0000000e+00  0.0000000e+00  0.0000000e+00  1.0000000e+00]]
[+0025.57, +0054.33, -1150.38]
1842, 756, 1747
[[-2.2529074e-01  6.1165684e-01 -7.5793484e-01  9.6390000e+01]
 [-3.2843600e-03  7.7777990e-01  6.2843368e-01  1.4098000e+02]
 [ 9.7394996e-01  1.4427608e-01 -1.7314440e-01 -1.1800800e+03]
 [ 0.0000000e+00  0.0000000e+00  0.0000000e+00  1.0000000e+00]]
[+0013.77, +0046.57, -1154.30]
2103, 752, 837
[[-2.2611010e-01  6.1203258e-01 -7.5760344e-01  9.6390000e+01]
 [-3.8727000e-03  7.7733806e-01  6.2902392e-01  1.4098000e+02]
 [ 9.7392600e-01  1.4526600e-01 -1.7335700e-01 -1.1801300e+03]
 [ 0.0000000e+00  0.0000000e+00  0.0000000e+00  1.0000000e+00]]
[+0073.47, +0105.42, -1160.28]
1842, 756, 1747
[[-2.2598568e-01  6.1121408e-01 -7.5819044e-01  9.6300000e+01]
 [-3.8571200e-03  7.7800472e-01  6.2817524e-01  1.4093000e+02]
 [ 9.7386884e-01  1.4503916e-01 -1.7340496e-01 -1.1801000e+03]
 [ 0.0000000e+00  0.0000000e+00  0.0000000e+00  1.0000000e+00]]
[+0012.39, +0047.03, -1157.17]
1153, 1657, 1544
[[-2.2440580e-01  6.1164756e-01 -7.5837232e-01  9.6380000e+01]
 [-3.8174400e-03  7.7786236e-01  6.2836524e-01  1.4104000e+02]
 [ 9.7428268e-01  1.4403024e-01 -1.7217700e-01 -1.1801500e+03]
 [ 0.0000000e+00  0.0000000e+00  0.0000000e+00  1.0000000e+00]]
[+0090.54, -0037.51, -1094.07]
1842, 756, 1747
[[-2.2689058e-01  6.1056288e-01 -7.5852134e-01  9.6230000e+01]
 [-5.1076800e-03  7.7826540e-01  6.2786016e-01  1.4089000e+02]
 [ 9.7371226e-01  1.4644944e-01 -1.7342002e-01 -1.1801400e+03]
 [ 0.0000000e+00  0.0000000e+00  0.0000000e+00  1.0000000e+00]]
[+0011.36, +0049.78, -1158.85]
1977, 950, 942
[[-2.2619536e-01  6.1154396e-01 -7.5790812e-01  9.6340000e+01]
 [-3.8918800e-03  7.7771270e-01  6.2854656e-01  1.4102000e+02]
 [ 9.7385604e-01  1.4525808e-01 -1.7348730e-01 -1.1801100e+03]
 [ 0.0000000e+00  0.0000000e+00  0.0000000e+00  1.0000000e+00]]
[+0077.40, +0097.87, -1134.85]
2068, 1722, 1765
[[-2.2725226e-01  6.0999442e-01 -7.5878320e-01  9.6140000e+01]
 [-4.2931000e-03  7.7878950e-01  6.2719720e-01  1.4101000e+02]
 [ 9.7356392e-01  1.4595056e-01 -1.7430580e-01 -1.1801500e+03]
 [ 0.0000000e+00  0.0000000e+00  0.0000000e+00  1.0000000e+00]]
[+0071.63, +0037.72, -1105.85]
1977, 950, 942
[[-2.2491034e-01  6.1235644e-01 -7.5775526e-01  9.6440000e+01]
 [-3.2640400e-03  7.7732268e-01  6.2905868e-01  1.4102000e+02]
 [ 9.7424986e-01  1.4403148e-01 -1.7280202e-01 -1.1801100e+03]
 [ 0.0000000e+00  0.0000000e+00  0.0000000e+00  1.0000000e+00]]
[+0076.56, +0096.54, -1135.18]
1908, 834, 1057
[[-2.2550034e-01  6.1174412e-01 -7.5790478e-01  9.6390000e+01]
 [-3.6666800e-03  7.7765276e-01  6.2861132e-01  1.4100000e+02]
 [ 9.7398002e-01  1.4468852e-01 -1.7306194e-01 -1.1801100e+03]
 [ 0.0000000e+00  0.0000000e+00  0.0000000e+00  1.0000000e+00]]
[+0056.88, +0087.86, -1131.03]
1977, 950, 942
[[-2.2579540e-01  6.1158538e-01 -7.5792706e-01  9.6370000e+01]
 [-3.7205800e-03  7.7773518e-01  6.2850514e-01  1.4101000e+02]
 [ 9.7389746e-01  1.4489954e-01 -1.7327458e-01 -1.1801200e+03]
 [ 0.0000000e+00  0.0000000e+00  0.0000000e+00  1.0000000e+00]]
[+0077.93, +0095.79, -1132.95]
1735, 1037, 886
[[-2.2501520e-01  6.1217892e-01 -7.5781884e-01  9.6450000e+01]
 [-3.6764400e-03  7.7738294e-01  6.2897128e-01  1.4105000e+02]
 [ 9.7418628e-01  1.4441384e-01 -1.7263690e-01 -1.1801200e+03]
 [ 0.0000000e+00  0.0000000e+00  0.0000000e+00  1.0000000e+00]]
[+0086.60, +0081.54, -1106.43]
1977, 950, 942
[[-2.2579540e-01  6.1134272e-01 -7.5817944e-01  9.6350000e+01]
 [-4.0680800e-03  7.7789990e-01  6.2831154e-01  1.4101000e+02]
 [ 9.7394016e-01  1.4509314e-01 -1.7310986e-01 -1.1801200e+03]
 [ 0.0000000e+00  0.0000000e+00  0.0000000e+00  1.0000000e+00]]
[+0077.21, +0098.32, -1135.86]
1410, 1148, 1655
[[-2.2550034e-01  6.1111136e-01 -7.5846192e-01  9.6340000e+01]
 [-4.5091200e-03  7.7806446e-01  6.2810656e-01  1.4097000e+02]
 [ 9.7401296e-01  1.4519328e-01 -1.7265024e-01 -1.1801300e+03]
 [ 0.0000000e+00  0.0000000e+00  0.0000000e+00  1.0000000e+00]]
[+0031.61, +0002.32, -1104.90]
1274, 986, 1101
[[-2.2413050e-01  6.1221246e-01 -7.5790878e-01  9.6480000e+01]
 [-3.9575400e-03  7.7738294e-01  6.2893774e-01  1.4101000e+02]
 [ 9.7427622e-01  1.4413274e-01 -1.7175220e-01 -1.1801400e+03]
 [ 0.0000000e+00  0.0000000e+00  0.0000000e+00  1.0000000e+00]]
[+0058.18, +0032.04, -1079.17]
1410, 1148, 1655
[[-2.2470074e-01  6.1119396e-01 -7.5849948e-01  9.6330000e+01]
 [-4.1662800e-03  7.7810950e-01  6.2802396e-01  1.4096000e+02]
 [ 9.7409556e-01  1.4447628e-01 -1.7222480e-01 -1.1801400e+03]
 [ 0.0000000e+00  0.0000000e+00  0.0000000e+00  1.0000000e+00]]
[+0031.56, +0003.32, -1104.85]
1097, 2219, 1419
[[-2.2398708e-01  6.1089208e-01 -7.5913648e-01  9.6350000e+01]
 [-3.9467200e-03  7.7852822e-01  6.2754638e-01  1.4114000e+02]
 [ 9.7440328e-01  1.4366942e-01 -1.7192986e-01 -1.1802000e+03]
 [ 0.0000000e+00  0.0000000e+00  0.0000000e+00  1.0000000e+00]]
[+0145.99, -0043.44, -1125.63]
1410, 1148, 1655
[[-2.2539552e-01  6.1138408e-01 -7.5819832e-01  9.6330000e+01]
 [-3.8967200e-03  7.7792238e-01  6.2827018e-01  1.4097000e+02]
 [ 9.7398152e-01  1.4473462e-01 -1.7289714e-01 -1.1801400e+03]
 [ 0.0000000e+00  0.0000000e+00  0.0000000e+00  1.0000000e+00]]
[+0031.07, +0003.67, -1105.09]
1806, 1236, 1532
[[-2.2558580e-01  6.1116030e-01 -7.5840930e-01  9.6360000e+01]
 [-3.8856600e-03  7.7810950e-01  6.2805762e-01  1.4102000e+02]
 [ 9.7400538e-01  1.4475690e-01 -1.7310986e-01 -1.1800300e+03]
 [ 0.0000000e+00  0.0000000e+00  0.0000000e+00  1.0000000e+00]]
[+0050.69, +0048.23, -1106.10]
1410, 1148, 1655
[[-2.2440580e-01  6.1135264e-01 -7.5847708e-01  9.6420000e+01]
 [-4.1123600e-03  7.7802716e-01  6.2813024e-01  1.4098000e+02]
 [ 9.7417792e-01  1.4426524e-01 -1.7201220e-01 -1.1799800e+03]
 [ 0.0000000e+00  0.0000000e+00  0.0000000e+00  1.0000000e+00]]
[+0031.60, +0002.10, -1104.71]
1532, 1118, 1680
[[-2.2598568e-01  6.1121408e-01 -7.5819044e-01  9.6300000e+01]
 [-3.8571200e-03  7.7800472e-01  6.2817524e-01  1.4102000e+02]
 [ 9.7386884e-01  1.4503916e-01 -1.7340496e-01 -1.1801400e+03]
 [ 0.0000000e+00  0.0000000e+00  0.0000000e+00  1.0000000e+00]]
[+0026.71, +0015.98, -1111.34]
1084, 850, 1246
[[-2.2373082e-01  6.1240092e-01 -7.5787510e-01  9.6550000e+01]
 [-3.6389200e-03  7.7732268e-01  6.2901420e-01  1.4096000e+02]
 [ 9.7436970e-01  1.4365660e-01 -1.7162250e-01 -1.1801500e+03]
 [ 0.0000000e+00  0.0000000e+00  0.0000000e+00  1.0000000e+00]]
[+0033.12, +0005.67, -1087.13]
1532, 1118, 1680
[[-2.2598568e-01  6.1111892e-01 -7.5839040e-01  9.6320000e+01]
 [-4.0570800e-03  7.7808702e-01  6.2809900e-01  1.4098000e+02]
 [ 9.7396400e-01  1.4511540e-01 -1.7332266e-01 -1.1801400e+03]
 [ 0.0000000e+00  0.0000000e+00  0.0000000e+00  1.0000000e+00]]
[+0027.98, +0015.36, -1110.30]
968, 1377, 2101
[[-2.2449130e-01  6.1076872e-01 -7.5898144e-01  9.6300000e+01]
 [-4.3309600e-03  7.7848350e-01  6.2757628e-01  1.4097000e+02]
 [ 9.7420352e-01  1.4433404e-01 -1.7206024e-01 -1.1801500e+03]
 [ 0.0000000e+00  0.0000000e+00  0.0000000e+00  1.0000000e+00]]
[+0041.14, -0063.91, -1152.53]
1532, 1118, 1680
[[-2.2588090e-01  6.1153938e-01 -7.5807446e-01  9.6360000e+01]
 [-3.2970600e-03  7.7786236e-01  6.2837982e-01  1.4102000e+02]
 [ 9.7398482e-01  1.4453946e-01 -1.7365210e-01 -1.1800900e+03]
 [ 0.0000000e+00  0.0000000e+00  0.0000000e+00  1.0000000e+00]]
[+0029.49, +0018.79, -1109.18]
1531, 1702, 1319
[[-2.2529074e-01  6.1117152e-01 -7.5843940e-01  9.6360000e+01]
 [-3.9792000e-03  7.7810950e-01  6.2804640e-01  1.4109000e+02]
 [ 9.7403548e-01  1.4466336e-01 -1.7281480e-01 -1.1801500e+03]
 [ 0.0000000e+00  0.0000000e+00  0.0000000e+00  1.0000000e+00]]
[+0106.96, +0015.12, -1086.01]
1532, 1118, 1680
[[-2.2539552e-01  6.1114144e-01 -7.5845064e-01  9.6330000e+01]
 [-4.2441600e-03  7.7808702e-01  6.2807648e-01  1.4096000e+02]
 [ 9.7402424e-01  1.4492832e-01 -1.7273250e-01 -1.1801500e+03]
 [ 0.0000000e+00  0.0000000e+00  0.0000000e+00  1.0000000e+00]]
[+0026.61, +0015.97, -1111.42]
757, 1637, 1430
[[-2.2350194e-01  6.1229688e-01 -7.5804216e-01  9.6520000e+01]
 [-2.5677600e-03  7.7759840e-01  6.2868208e-01  1.4108000e+02]
 [ 9.7443768e-01  1.4261936e-01 -1.7216530e-01 -1.1801200e+03]
 [ 0.0000000e+00  0.0000000e+00  0.0000000e+00  1.0000000e+00]]
[+0105.36, -0068.16, -1112.93]
1377, 1071, 1679
[[-2.2459600e-01  6.1137144e-01 -7.5843592e-01  9.6350000e+01]
 [-3.7538400e-03  7.7804952e-01  6.2811144e-01  1.4096000e+02]
 [ 9.7415912e-01  1.4409384e-01 -1.7238952e-01 -1.1801500e+03]
 [ 0.0000000e+00  0.0000000e+00  0.0000000e+00  1.0000000e+00]]
[+0023.73, +0002.71, -1110.84]
757, 1637, 1430
[[-2.2400616e-01  6.1232112e-01 -7.5783444e-01  9.6530000e+01]
 [-2.8041600e-03  7.7747174e-01  6.2882908e-01  1.4111000e+02]
 [ 9.7429068e-01  1.4316676e-01 -1.7237746e-01 -1.1801100e+03]
 [ 0.0000000e+00  0.0000000e+00  0.0000000e+00  1.0000000e+00]]
[+0105.61, -0068.21, -1112.75]
862, 1846, 1642
[[-2.2468162e-01  6.1088268e-01 -7.5874044e-01  9.6300000e+01]
 [-3.7726800e-03  7.7842360e-01  6.2763384e-01  1.4105000e+02]
 [ 9.7408956e-01  1.4408616e-01 -1.7251978e-01 -1.1801300e+03]
 [ 0.0000000e+00  0.0000000e+00  0.0000000e+00  1.0000000e+00]]
[+0106.34, -0070.82, -1126.56]
757, 1637, 1430
[[-2.2360660e-01  6.1226698e-01 -7.5805314e-01  9.6520000e+01]
 [-2.8327000e-03  7.7757644e-01  6.2871198e-01  1.4108000e+02]
 [ 9.7442670e-01  1.4288430e-01 -1.7208260e-01 -1.1801200e+03]
 [ 0.0000000e+00  0.0000000e+00  0.0000000e+00  1.0000000e+00]]
[+0104.40, -0067.57, -1112.38]
1222, 1921, 917
[[-2.2400616e-01  6.1154120e-01 -7.5844348e-01  9.6410000e+01]
 [-3.7935200e-03  7.7796710e-01  6.2820664e-01  1.4106000e+02]
 [ 9.7427140e-01  1.4378920e-01 -1.7188210e-01 -1.1801900e+03]
 [ 0.0000000e+00  0.0000000e+00  0.0000000e+00  1.0000000e+00]]
[+0161.00, +0000.14, -1104.91]
757, 1637, 1430
[[-2.2360660e-01  6.1197214e-01 -7.5815782e-01  9.6510000e+01]
 [-3.1275400e-03  7.7774172e-01  6.2847694e-01  1.4108000e+02]
 [ 9.7432202e-01  1.4311934e-01 -1.7191732e-01 -1.1801100e+03]
 [ 0.0000000e+00  0.0000000e+00  0.0000000e+00  1.0000000e+00]]
[+0102.72, -0068.44, -1112.32]
1124, 1509, 1110
[[-2.2411090e-01  6.1190122e-01 -7.5815006e-01  9.6440000e+01]
 [-3.5637800e-03  7.7769740e-01  6.2854786e-01  1.4103000e+02]
 [ 9.7426994e-01  1.4374286e-01 -1.7204706e-01 -1.1801500e+03]
 [ 0.0000000e+00  0.0000000e+00  0.0000000e+00  1.0000000e+00]]
[+0110.80, -0008.63, -1077.66]
1817, 2086, 1654
[[-2.2605250e-01  6.1002380e-01 -7.5904010e-01  9.6170000e+01]
 [-3.9782000e-03  7.7893932e-01  6.2699620e-01  1.4103000e+02]
 [ 9.7378390e-01  1.4495180e-01 -1.7358418e-01 -1.1801600e+03]
 [ 0.0000000e+00  0.0000000e+00  0.0000000e+00  1.0000000e+00]]
[+0110.35, +0006.86, -1099.38]
1124, 1509, 1110
[[-2.2333122e-01  6.1225192e-01 -7.5829342e-01  9.6490000e+01]
 [-3.8672800e-03  7.7751008e-01  6.2882072e-01  1.4106000e+02]
 [ 9.7460062e-01  1.4345048e-01 -1.7124514e-01 -1.1801600e+03]
 [ 0.0000000e+00  0.0000000e+00  0.0000000e+00  1.0000000e+00]]
[+0110.97, -0009.63, -1077.72]
1649, 819, 1172
[[-2.2541508e-01  6.1184266e-01 -7.5790490e-01  9.6430000e+01]
 [-4.1426600e-03  7.7752542e-01  6.2877770e-01  1.4101000e+02]
 [ 9.7404010e-01  1.4500730e-01 -1.7268450e-01 -1.1801400e+03]
 [ 0.0000000e+00  0.0000000e+00  0.0000000e+00  1.0000000e+00]]
[+0040.36, +0071.20, -1115.16]
1124, 1509, 1110
[[-2.2411090e-01  6.1180616e-01 -7.5834988e-01  9.6450000e+01]
 [-3.7636000e-03  7.7777990e-01  6.2847160e-01  1.4106000e+02]
 [ 9.7436500e-01  1.4381912e-01 -1.7196456e-01 -1.1801300e+03]
 [ 0.0000000e+00  0.0000000e+00  0.0000000e+00  1.0000000e+00]]
[+0111.68, -0010.00, -1077.85]
982, 1425, 1378
[[-2.2411090e-01  6.1180616e-01 -7.5834988e-01  9.6440000e+01]
 [-3.7636000e-03  7.7777990e-01  6.2847160e-01  1.4105000e+02]
 [ 9.7436500e-01  1.4381912e-01 -1.7196456e-01 -1.1801600e+03]
 [ 0.0000000e+00  0.0000000e+00  0.0000000e+00  1.0000000e+00]]
[+0082.77, -0040.60, -1088.43]
1124, 1509, 1110
[[-2.2421568e-01  6.1177624e-01 -7.5836104e-01  9.6420000e+01]
 [-4.0285600e-03  7.7775758e-01  6.2850152e-01  1.4105000e+02]
 [ 9.7435384e-01  1.4408408e-01 -1.7188210e-01 -1.1801700e+03]
 [ 0.0000000e+00  0.0000000e+00  0.0000000e+00  1.0000000e+00]]
[+0111.63, -0009.33, -1077.80]
1724, 822, 1359
[[-2.2588090e-01  6.1124426e-01 -7.5817922e-01  9.6380000e+01]
 [-3.5921800e-03  7.7802716e-01  6.2814506e-01  1.4096000e+02]
 [ 9.7388006e-01  1.4477422e-01 -1.7348730e-01 -1.1801300e+03]
 [ 0.0000000e+00  0.0000000e+00  0.0000000e+00  1.0000000e+00]]
[+0028.87, +0065.16, -1126.68]
1001, 1011, 895
[[-2.2354090e-01  6.1306666e-01 -7.5750652e-01  9.6570000e+01]
 [-3.2082200e-03  7.7688710e-01  6.2957924e-01  1.4108000e+02]
 [ 9.7450324e-01  1.4328148e-01 -1.7165844e-01 -1.1801000e+03]
 [ 0.0000000e+00  0.0000000e+00  0.0000000e+00  1.0000000e+00]]
[+0085.08, +0011.32, -1065.07]
1724, 822, 1359
[[-2.2619536e-01  6.1124884e-01 -7.5801300e-01  9.6390000e+01]
 [-4.1870000e-03  7.7787734e-01  6.2831184e-01  1.4096000e+02]
 [ 9.7375116e-01  1.4549280e-01 -1.7332266e-01 -1.1801100e+03]
 [ 0.0000000e+00  0.0000000e+00  0.0000000e+00  1.0000000e+00]]
[+0029.36, +0065.28, -1126.28]
1837, 818, 1181
[[-2.2609050e-01  6.1172172e-01 -7.5784446e-01  9.6400000e+01]
 [-3.4794000e-03  7.7765276e-01  6.2863372e-01  1.4098000e+02]
 [ 9.7391970e-01  1.4487580e-01 -1.7365210e-01 -1.1801100e+03]
 [ 0.0000000e+00  0.0000000e+00  0.0000000e+00  1.0000000e+00]]
[+0045.20, +0083.46, -1131.12]
1724, 822, 1359
[[-2.2531018e-01  6.1172524e-01 -7.5794610e-01  9.6410000e+01]
 [-4.0252400e-03  7.7763032e-01  6.2863020e-01  1.4098000e+02]
 [ 9.7399890e-01  1.4485980e-01 -1.7268450e-01 -1.1801300e+03]
 [ 0.0000000e+00  0.0000000e+00  0.0000000e+00  1.0000000e+00]]
[+0029.63, +0062.83, -1125.33]
1761, 1012, 1378
[[-2.2558580e-01  6.1140300e-01 -7.5815700e-01  9.6370000e+01]
 [-3.5382000e-03  7.7794478e-01  6.2825126e-01  1.4100000e+02]
 [ 9.7396260e-01  1.4456326e-01 -1.7327458e-01 -1.1801200e+03]
 [ 0.0000000e+00  0.0000000e+00  0.0000000e+00  1.0000000e+00]]
[+0043.06, +0058.74, -1112.28]
1724, 822, 1359
[[-2.2531018e-01  6.1187274e-01 -7.5789366e-01  9.6470000e+01]
 [-3.8777400e-03  7.7754790e-01  6.2874762e-01  1.4100000e+02]
 [ 9.7405134e-01  1.4474238e-01 -1.7276692e-01 -1.1801200e+03]
 [ 0.0000000e+00  0.0000000e+00  0.0000000e+00  1.0000000e+00]]
[+0030.61, +0062.98, -1124.17]
1191, 1230, 1136
[[-2.2421568e-01  6.1201872e-01 -7.5810880e-01  9.6480000e+01]
 [-3.6812800e-03  7.7759262e-01  6.2869530e-01  1.4103000e+02]
 [ 9.7431120e-01  1.4389030e-01 -1.7204706e-01 -1.1801400e+03]
 [ 0.0000000e+00  0.0000000e+00  0.0000000e+00  1.0000000e+00]]
[+0081.70, +0007.41, -1073.83]
1197, 1078, 774
[[-2.2383568e-01  6.1276080e-01 -7.5758152e-01  9.6570000e+01]
 [-3.4092000e-03  7.7705254e-01  6.2935530e-01  1.4104000e+02]
 [ 9.7436848e-01  1.4361030e-01 -1.7178778e-01 -1.1801200e+03]
 [ 0.0000000e+00  0.0000000e+00  0.0000000e+00  1.0000000e+00]]
[+0100.21, +0040.82, -1070.65]
1191, 1230, 1136
[[-2.2419636e-01  6.1195006e-01 -7.5809794e-01  9.6470000e+01]
 [-2.9402600e-03  7.7774172e-01  6.2849902e-01  1.4102000e+02]
 [ 9.7426214e-01  1.4330662e-01 -1.7250708e-01 -1.1801300e+03]
 [ 0.0000000e+00  0.0000000e+00  0.0000000e+00  1.0000000e+00]]
[+0080.66, +0007.51, -1073.88]
1223, 1371, 1077
[[-2.2432050e-01  6.1184134e-01 -7.5817238e-01  9.6460000e+01]
 [-4.0936600e-03  7.7765276e-01  6.2860774e-01  1.4105000e+02]
 [ 9.7424762e-01  1.4427274e-01 -1.7188210e-01 -1.1801600e+03]
 [ 0.0000000e+00  0.0000000e+00  0.0000000e+00  1.0000000e+00]]
[+0100.16, +0009.78, -1074.30]
1191, 1230, 1136
[[-2.2451058e-01  6.1186012e-01 -7.5813124e-01  9.6460000e+01]
 [-3.7350800e-03  7.7767512e-01  6.2858896e-01  1.4103000e+02]
 [ 9.7422884e-01  1.4410144e-01 -1.7225946e-01 -1.1801300e+03]
 [ 0.0000000e+00  0.0000000e+00  0.0000000e+00  1.0000000e+00]]
[+0078.88, +0007.66, -1073.92]
963, 1272, 1113
[[-2.2373082e-01  6.1240092e-01 -7.5787510e-01  9.6530000e+01]
 [-3.6389200e-03  7.7732268e-01  6.2901420e-01  1.4107000e+02]
 [ 9.7436970e-01  1.4365660e-01 -1.7162250e-01 -1.1801400e+03]
 [ 0.0000000e+00  0.0000000e+00  0.0000000e+00  1.0000000e+00]]
[+0090.42, -0021.09, -1074.08]
1191, 1230, 1136
[[-2.2440580e-01  6.1203756e-01 -7.5806772e-01  9.6460000e+01]
 [-3.3226800e-03  7.7761486e-01  6.2867646e-01  1.4104000e+02]
 [ 9.7429236e-01  1.4371902e-01 -1.7242450e-01 -1.1801500e+03]
 [ 0.0000000e+00  0.0000000e+00  0.0000000e+00  1.0000000e+00]]
[+0079.47, +0006.86, -1073.83]
1434, 1284, 1017
[[-2.2453026e-01  6.1187644e-01 -7.5799496e-01  9.6460000e+01]
 [-4.4236400e-03  7.7752542e-01  6.2874392e-01  1.4105000e+02]
 [ 9.7413016e-01  1.4472632e-01 -1.7179968e-01 -1.1801500e+03]
 [ 0.0000000e+00  0.0000000e+00  0.0000000e+00  1.0000000e+00]]
[+0095.74, +0041.70, -1079.98]
1031, 1911, 1412
[[-2.2468162e-01  6.1132518e-01 -7.5858348e-01  9.6380000e+01]
 [-3.3301800e-03  7.7817646e-01  6.2798628e-01  1.4108000e+02]
 [ 9.7424652e-01  1.4373372e-01 -1.7276692e-01 -1.1801300e+03]
 [ 0.0000000e+00  0.0000000e+00  0.0000000e+00  1.0000000e+00]]
[+0125.91, -0049.16, -1108.15]
1434, 1284, 1017
[[-2.2501520e-01  6.1188396e-01 -7.5792372e-01  9.6470000e+01]
 [-3.9714000e-03  7.7754790e-01  6.2873640e-01  1.4103000e+02]
 [ 9.7408140e-01  1.4464872e-01 -1.7247194e-01 -1.1801500e+03]
 [ 0.0000000e+00  0.0000000e+00  0.0000000e+00  1.0000000e+00]]
[+0094.86, +0042.17, -1080.00]
1333, 1387, 751
[[-2.2381604e-01  6.1230222e-01 -7.5787542e-01  9.6520000e+01]
 [-3.1627800e-03  7.7744966e-01  6.2884798e-01  1.4107000e+02]
 [ 9.7430958e-01  1.4333798e-01 -1.7199994e-01 -1.1801400e+03]
 [ 0.0000000e+00  0.0000000e+00  0.0000000e+00  1.0000000e+00]]
[+0131.54, +0041.63, -1083.56]
1434, 1284, 1017
[[-2.2451058e-01  6.1186012e-01 -7.5813124e-01  9.6440000e+01]
 [-3.7350800e-03  7.7767512e-01  6.2858896e-01  1.4103000e+02]
 [ 9.7422884e-01  1.4410144e-01 -1.7225946e-01 -1.1801700e+03]
 [ 0.0000000e+00  0.0000000e+00  0.0000000e+00  1.0000000e+00]]
[+0092.97, +0040.68, -1079.82]
1194, 1114, 1041
[[-2.2411090e-01  6.1229116e-01 -7.5784548e-01  9.6480000e+01]
 [-3.0690800e-03  7.7744966e-01  6.2885904e-01  1.4104000e+02]
 [ 9.7427964e-01  1.4343168e-01 -1.7229480e-01 -1.1801200e+03]
 [ 0.0000000e+00  0.0000000e+00  0.0000000e+00  1.0000000e+00]]
[+0076.06, +0019.87, -1072.18]
1434, 1284, 1017
[[-2.2442536e-01  6.1195884e-01 -7.5813116e-01  9.6510000e+01]
 [-4.2111600e-03  7.7754790e-01  6.2875518e-01  1.4109000e+02]
 [ 9.7428884e-01  1.4442018e-01 -1.7188210e-01 -1.1800500e+03]
 [ 0.0000000e+00  0.0000000e+00  0.0000000e+00  1.0000000e+00]]
[+0096.05, +0040.94, -1079.90]
2185, 1825, 1851
[[-2.2805250e-01  6.0922480e-01 -7.5915490e-01  9.6080000e+01]
 [-5.4272000e-03  7.7915328e-01  6.2673520e-01  1.4098000e+02]
 [ 9.7336610e-01  1.4721280e-01 -1.7432322e-01 -1.1801900e+03]
 [ 0.0000000e+00  0.0000000e+00  0.0000000e+00  1.0000000e+00]]
[+0071.33, +0035.18, -1109.57]
1072, 2198, 1627
[[-2.2398708e-01  6.1083978e-01 -7.5898902e-01  9.6360000e+01]
 [-3.8944200e-03  7.7852822e-01  6.2750522e-01  1.4113000e+02]
 [ 9.7425582e-01  1.4371058e-01 -1.7192986e-01 -1.1801900e+03]
 [ 0.0000000e+00  0.0000000e+00  0.0000000e+00  1.0000000e+00]]
[+0132.27, -0054.10, -1128.92]
2185, 1825, 1851
[[-2.2813840e-01  6.0951724e-01 -7.5884908e-01  9.6100000e+01]
 [-4.4561200e-03  7.7903544e-01  6.2687944e-01  1.4095000e+02]
 [ 9.7331564e-01  1.4658248e-01 -1.7494600e-01 -1.1801800e+03]
 [ 0.0000000e+00  0.0000000e+00  0.0000000e+00  1.0000000e+00]]
[+0068.37, +0037.57, -1111.14]
2115, 1555, 1745
[[-2.2577616e-01  6.1058900e-01 -7.5857740e-01  9.6300000e+01]
 [-4.1174000e-03  7.7846102e-01  6.2756908e-01  1.4100000e+02]
 [ 9.7377700e-01  1.4505508e-01 -1.7315818e-01 -1.1801600e+03]
 [ 0.0000000e+00  0.0000000e+00  0.0000000e+00  1.0000000e+00]]
[+0059.25, +0048.39, -1114.39]
2185, 1825, 1851
[[-2.2723362e-01  6.0968348e-01 -7.5902358e-01  9.6110000e+01]
 [-3.9001200e-03  7.7910348e-01  6.2680652e-01  1.4097000e+02]
 [ 9.7355818e-01  1.4555988e-01 -1.7460114e-01 -1.1801900e+03]
 [ 0.0000000e+00  0.0000000e+00  0.0000000e+00  1.0000000e+00]]
[+0071.47, +0036.27, -1109.89]
2112, 1751, 2087
[[-2.2704290e-01  6.0986442e-01 -7.5916056e-01  9.6160000e+01]
 [-4.1631000e-03  7.7899886e-01  6.2698392e-01  1.4095000e+02]
 [ 9.7377720e-01  1.4557320e-01 -1.7430580e-01 -1.1801600e+03]
 [ 0.0000000e+00  0.0000000e+00  0.0000000e+00  1.0000000e+00]]
[+0049.20, +0020.26, -1118.60]
2185, 1825, 1851
[[-2.2733824e-01  6.1004384e-01 -7.5873024e-01  9.6180000e+01]
 [-3.6697600e-03  7.7883470e-01  6.2714778e-01  1.4100000e+02]
 [ 9.7355616e-01  1.4551398e-01 -1.7476530e-01 -1.1801800e+03]
 [ 0.0000000e+00  0.0000000e+00  0.0000000e+00  1.0000000e+00]]
[+0075.26, +0039.16, -1109.35]
1004, 1548, 2100
[[-2.2497664e-01  6.1072400e-01 -7.5876272e-01  9.6310000e+01]
 [-3.8267200e-03  7.7850590e-01  6.2752754e-01  1.4096000e+02]
 [ 9.7400720e-01  1.4429710e-01 -1.7273250e-01 -1.1801600e+03]
 [ 0.0000000e+00  0.0000000e+00  0.0000000e+00  1.0000000e+00]]
[+0052.28, -0065.96, -1146.69]
1031, 1285, 2064
[[-2.2518600e-01  6.1125396e-01 -7.5857572e-01  9.6370000e+01]
 [-3.7666000e-03  7.7813190e-01  6.2805750e-01  1.4096000e+02]
 [ 9.7419420e-01  1.4435722e-01 -1.7289714e-01 -1.1801500e+03]
 [ 0.0000000e+00  0.0000000e+00  0.0000000e+00  1.0000000e+00]]
[+0033.71, -0054.25, -1144.17]
1004, 1548, 2100
[[-2.2428202e-01  6.1073346e-01 -7.5915886e-01  9.6300000e+01]
 [-4.0007400e-03  7.7861052e-01  6.2743998e-01  1.4097000e+02]
 [ 9.7432106e-01  1.4388042e-01 -1.7214250e-01 -1.1801800e+03]
 [ 0.0000000e+00  0.0000000e+00  0.0000000e+00  1.0000000e+00]]
[+0052.32, -0066.39, -1147.37]
1245, 1579, 2053
[[-2.2518600e-01  6.1081140e-01 -7.5873280e-01  9.6300000e+01]
 [-4.2091600e-03  7.7837880e-01  6.2770512e-01  1.4101000e+02]
 [ 9.7403712e-01  1.4470960e-01 -1.7265024e-01 -1.1801900e+03]
 [ 0.0000000e+00  0.0000000e+00  0.0000000e+00  1.0000000e+00]]
[+0050.77, -0047.69, -1125.74]
1004, 1548, 2100
[[-2.2438664e-01  6.1085100e-01 -7.5911772e-01  9.6320000e+01]
 [-4.1182800e-03  7.7850590e-01  6.2758746e-01  1.4097000e+02]
 [ 9.7436220e-01  1.4402790e-01 -1.7214250e-01 -1.1801700e+03]
 [ 0.0000000e+00  0.0000000e+00  0.0000000e+00  1.0000000e+00]]
[+0052.64, -0066.12, -1146.82]
1034, 1530, 2248
[[-2.2565274e-01  6.0972702e-01 -7.5951106e-01  9.6180000e+01]
 [-4.3538600e-03  7.7920806e-01  6.2668458e-01  1.4089000e+02]
 [ 9.7396362e-01  1.4486366e-01 -1.7312484e-01 -1.1801500e+03]
 [ 0.0000000e+00  0.0000000e+00  0.0000000e+00  1.0000000e+00]]
[+0048.01, -0062.88, -1155.89]
1004, 1548, 2100
[[-2.2440580e-01  6.1125756e-01 -7.5867692e-01  9.6410000e+01]
 [-4.3122000e-03  7.7810950e-01  6.2805390e-01  1.4102000e+02]
 [ 9.7427300e-01  1.4434158e-01 -1.7192986e-01 -1.1801700e+03]
 [ 0.0000000e+00  0.0000000e+00  0.0000000e+00  1.0000000e+00]]
[+0055.28, -0063.12, -1142.62]
2129, 1875, 1012
[[-2.2733824e-01  6.1028688e-01 -7.5847792e-01  9.6210000e+01]
 [-3.3220800e-03  7.7867038e-01  6.2734128e-01  1.4109000e+02]
 [ 9.7351312e-01  1.4532048e-01 -1.7492962e-01 -1.1802000e+03]
 [ 0.0000000e+00  0.0000000e+00  0.0000000e+00  1.0000000e+00]]
[+0132.92, +0065.35, -1124.27]
1882, 1836, 805
[[-2.2491034e-01  6.1191400e-01 -7.5791252e-01  9.6450000e+01]
 [-3.7064800e-03  7.7757030e-01  6.2870636e-01  1.4110000e+02]
 [ 9.7409260e-01  1.4438380e-01 -1.7255440e-01 -1.1801600e+03]
 [ 0.0000000e+00  0.0000000e+00  0.0000000e+00  1.0000000e+00]]
[+0148.46, +0057.88, -1122.69]
2129, 1875, 1012
[[-2.2831080e-01  6.1005988e-01 -7.5858596e-01  9.6190000e+01]
 [-2.7662800e-03  7.7887958e-01  6.2713174e-01  1.4108000e+02]
 [ 9.7345676e-01  1.4535754e-01 -1.7611138e-01 -1.1801800e+03]
 [ 0.0000000e+00  0.0000000e+00  0.0000000e+00  1.0000000e+00]]
[+0132.98, +0064.82, -1124.44]
1911, 2103, 1228
[[-2.2518600e-01  6.1056872e-01 -7.5898504e-01  9.6290000e+01]
 [-4.5565600e-03  7.7854320e-01  6.2751128e-01  1.4109000e+02]
 [ 9.7407992e-01  1.4490344e-01 -1.7248584e-01 -1.1802000e+03]
 [ 0.0000000e+00  0.0000000e+00  0.0000000e+00  1.0000000e+00]]
[+0141.18, +0031.15, -1110.94]
2129, 1875, 1012
[[-2.2756660e-01  6.1038920e-01 -7.5831240e-01  9.6240000e+01]
 [-4.3925600e-03  7.7839310e-01  6.2767542e-01  1.4107000e+02]
 [ 9.7344408e-01  1.4635830e-01 -1.7438786e-01 -1.1802300e+03]
 [ 0.0000000e+00  0.0000000e+00  0.0000000e+00  1.0000000e+00]]
[+0132.48, +0066.31, -1124.78]
1982, 1504, 1255
[[-2.2588090e-01  6.1114908e-01 -7.5837916e-01  9.6360000e+01]
 [-3.7921200e-03  7.7810950e-01  6.2806884e-01  1.4104000e+02]
 [ 9.7397524e-01  1.4485044e-01 -1.7340496e-01 -1.1801500e+03]
 [ 0.0000000e+00  0.0000000e+00  0.0000000e+00  1.0000000e+00]]
[+0091.51, +0062.03, -1105.40]
2129, 1875, 1012
[[-2.2704290e-01  6.1029810e-01 -7.5850830e-01  9.6210000e+01]
 [-3.4155000e-03  7.7867038e-01  6.2733006e-01  1.4110000e+02]
 [ 9.7354350e-01  1.4522706e-01 -1.7463428e-01 -1.1802300e+03]
 [ 0.0000000e+00  0.0000000e+00  0.0000000e+00  1.0000000e+00]]
[+0133.38, +0065.37, -1124.61]
1014, 1061, 1731
[[-2.2421568e-01  6.1177624e-01 -7.5836104e-01  9.6420000e+01]
 [-4.0285600e-03  7.7775758e-01  6.2850152e-01  1.4100000e+02]
 [ 9.7435384e-01  1.4408408e-01 -1.7188210e-01 -1.1801700e+03]
 [ 0.0000000e+00  0.0000000e+00  0.0000000e+00  1.0000000e+00]]
[+0025.42, -0039.57, -1120.92]
1017, 1112, 1879
[[-2.2569058e-01  6.1113018e-01 -7.5842054e-01  9.6340000e+01]
 [-4.1506200e-03  7.7808702e-01  6.2808774e-01  1.4097000e+02]
 [ 9.7399414e-01  1.4502186e-01 -1.7302756e-01 -1.1801300e+03]
 [ 0.0000000e+00  0.0000000e+00  0.0000000e+00  1.0000000e+00]]
[+0025.94, -0047.67, -1134.28]
1014, 1061, 1731
[[-2.2354090e-01  6.1213988e-01 -7.5816836e-01  9.6480000e+01]
 [-4.3447600e-03  7.7746544e-01  6.2883908e-01  1.4102000e+02]
 [ 9.7443092e-01  1.4402164e-01 -1.7108010e-01 -1.1801900e+03]
 [ 0.0000000e+00  0.0000000e+00  0.0000000e+00  1.0000000e+00]]
[+0027.69, -0037.10, -1117.70]
857, 1048, 1739
[[-2.2470074e-01  6.1202646e-01 -7.5803772e-01  9.6460000e+01]
 [-3.2290200e-03  7.7761486e-01  6.2868756e-01  1.4101000e+02]
 [ 9.7426236e-01  1.4381268e-01 -1.7271944e-01 -1.1801300e+03]
 [ 0.0000000e+00  0.0000000e+00  0.0000000e+00  1.0000000e+00]]
[+0031.34, -0053.83, -1126.67]
1014, 1061, 1731
[[-2.2491034e-01  6.1167146e-01 -7.5816484e-01  9.6420000e+01]
 [-4.0538600e-03  7.7773518e-01  6.2851268e-01  1.4100000e+02]
 [ 9.7413524e-01  1.4457748e-01 -1.7238952e-01 -1.1801400e+03]
 [ 0.0000000e+00  0.0000000e+00  0.0000000e+00  1.0000000e+00]]
[+0026.56, -0037.78, -1119.42]
954, 1664, 1524
[[-2.2371130e-01  6.1184718e-01 -7.5836866e-01  9.6450000e+01]
 [-3.5922600e-03  7.7780214e-01  6.2843058e-01  1.4106000e+02]
 [ 9.7440602e-01  1.4346054e-01 -1.7175220e-01 -1.1801600e+03]
 [ 0.0000000e+00  0.0000000e+00  0.0000000e+00  1.0000000e+00]]
[+0097.40, -0055.31, -1103.64]
1014, 1061, 1731
[[-2.2480552e-01  6.1145892e-01 -7.5840592e-01  9.6370000e+01]
 [-4.1362800e-03  7.7792238e-01  6.2828892e-01  1.4097000e+02]
 [ 9.7418912e-01  1.4450628e-01 -1.7230714e-01 -1.1801500e+03]
 [ 0.0000000e+00  0.0000000e+00  0.0000000e+00  1.0000000e+00]]
[+0025.57, -0040.37, -1121.39]
2133, 1865, 1093
[[-2.2773828e-01  6.1014986e-01 -7.5865878e-01  9.6190000e+01]
 [-3.6936600e-03  7.7873004e-01  6.2730674e-01  1.4106000e+02]
 [ 9.7356682e-01  1.4575506e-01 -1.7506068e-01 -1.1801800e+03]
 [ 0.0000000e+00  0.0000000e+00  0.0000000e+00  1.0000000e+00]]
[+0128.24, +0063.79, -1120.34]
2191, 1949, 979
[[-2.2869288e-01  6.0980316e-01 -7.5860700e-01  9.6130000e+01]
 [-2.3451600e-03  7.7908862e-01  6.2685850e-01  1.4116000e+02]
 [ 9.7331340e-01  1.4524870e-01 -1.7670250e-01 -1.1801600e+03]
 [ 0.0000000e+00  0.0000000e+00  0.0000000e+00  1.0000000e+00]]
[+0136.32, +0063.57, -1126.72]
2133, 1865, 1093
[[-2.2626178e-01  6.1079666e-01 -7.5860102e-01  9.6300000e+01]
 [-3.5702600e-03  7.7840124e-01  6.2771986e-01  1.4108000e+02]
 [ 9.7392778e-01  1.4481854e-01 -1.7391298e-01 -1.1801300e+03]
 [ 0.0000000e+00  0.0000000e+00  0.0000000e+00  1.0000000e+00]]
[+0126.86, +0064.91, -1121.63]
1246, 2177, 866
[[-2.2390146e-01  6.1171856e-01 -7.5838002e-01  9.6470000e+01]
 [-3.3811200e-03  7.7790684e-01  6.2829424e-01  1.4111000e+02]
 [ 9.7433486e-01  1.4340672e-01 -1.7204706e-01 -1.1801600e+03]
 [ 0.0000000e+00  0.0000000e+00  0.0000000e+00  1.0000000e+00]]
[+0174.41, -0003.07, -1129.05]
2133, 1865, 1093
[[-2.2725226e-01  6.1077566e-01 -7.5817372e-01  9.6270000e+01]
 [-3.3024200e-03  7.7829654e-01  6.2781884e-01  1.4102000e+02]
 [ 9.7358276e-01  1.4532892e-01 -1.7479876e-01 -1.1801500e+03]
 [ 0.0000000e+00  0.0000000e+00  0.0000000e+00  1.0000000e+00]]
[+0126.15, +0064.61, -1120.64]
2175, 2162, 1336
[[-2.2789288e-01  6.0910436e-01 -7.5925468e-01  9.6080000e+01]
 [-2.9928400e-03  7.7962598e-01  6.2615386e-01  1.4111000e+02]
 [ 9.7337908e-01  1.4515334e-01 -1.7578290e-01 -1.1802200e+03]
 [ 0.0000000e+00  0.0000000e+00  0.0000000e+00  1.0000000e+00]]
[+0129.15, +0041.68, -1114.35]
2133, 1865, 1093
[[-2.2636648e-01  6.1110452e-01 -7.5815996e-01  9.6330000e+01]
 [-3.2877200e-03  7.7813190e-01  6.2801986e-01  1.4103000e+02]
 [ 9.7377844e-01  1.4481374e-01 -1.7407762e-01 -1.1801600e+03]
 [ 0.0000000e+00  0.0000000e+00  0.0000000e+00  1.0000000e+00]]
[+0126.13, +0065.88, -1121.86]
806, 1938, 921
[[-2.2244712e-01  6.1315932e-01 -7.5757388e-01  9.6660000e+01]
 [-2.9598800e-03  7.7693118e-01  6.2948658e-01  1.4113000e+02]
 [ 9.7461468e-01  1.4247022e-01 -1.7093994e-01 -1.1801500e+03]
 [ 0.0000000e+00  0.0000000e+00  0.0000000e+00  1.0000000e+00]]
[+0162.63, -0038.69, -1118.95]
860, 1151, 1108
[[-2.2373082e-01  6.1284312e-01 -7.5771784e-01  9.6550000e+01]
 [-3.1967200e-03  7.7707470e-01  6.2936676e-01  1.4101000e+02]
 [ 9.7452696e-01  1.4330404e-01 -1.7187048e-01 -1.1801300e+03]
 [ 0.0000000e+00  0.0000000e+00  0.0000000e+00  1.0000000e+00]]
[+0078.68, -0027.77, -1074.14]
806, 1938, 921
[[-2.2322644e-01  6.1291386e-01 -7.5772566e-01  9.6600000e+01]
 [-2.7606600e-03  7.7711878e-01  6.2929602e-01  1.4110000e+02]
 [ 9.7457886e-01  1.4268042e-01 -1.7174122e-01 -1.1801200e+03]
 [ 0.0000000e+00  0.0000000e+00  0.0000000e+00  1.0000000e+00]]
[+0165.66, -0039.69, -1121.50]
1924, 2117, 1351
[[-2.2693828e-01  6.1038076e-01 -7.5864476e-01  9.6230000e+01]
 [-3.2028400e-03  7.7869278e-01  6.2734082e-01  1.4102000e+02]
 [ 9.7370236e-01  1.4492098e-01 -1.7471650e-01 -1.1801500e+03]
 [ 0.0000000e+00  0.0000000e+00  0.0000000e+00  1.0000000e+00]]
[+0132.64, +0029.59, -1107.01]
806, 1938, 921
[[-2.2263700e-01  6.1332546e-01 -7.5748078e-01  9.6680000e+01]
 [-2.4538200e-03  7.7687020e-01  6.2958534e-01  1.4111000e+02]
 [ 9.7464826e-01  1.4218158e-01 -1.7140036e-01 -1.1801300e+03]
 [ 0.0000000e+00  0.0000000e+00  0.0000000e+00  1.0000000e+00]]
[+0160.07, -0037.88, -1117.41]
867, 1907, 774
[[-2.2354090e-01  6.1291928e-01 -7.5755896e-01  9.6600000e+01]
 [-3.3556000e-03  7.7696984e-01  6.2946172e-01  1.4108000e+02]
 [ 9.7445080e-01  1.4339900e-01 -1.7157570e-01 -1.1801300e+03]
 [ 0.0000000e+00  0.0000000e+00  0.0000000e+00  1.0000000e+00]]
[+0167.51, -0023.24, -1114.53]
806, 1938, 921
[[-2.2282696e-01  6.1271228e-01 -7.5799660e-01  9.6590000e+01]
 [-2.9366000e-03  7.7730630e-01  6.2906150e-01  1.4110000e+02]
 [ 9.7466228e-01  1.4251546e-01 -1.7136370e-01 -1.1801000e+03]
 [ 0.0000000e+00  0.0000000e+00  0.0000000e+00  1.0000000e+00]]
[+0161.25, -0038.58, -1118.61]
782, 1976, 1159
[[-2.2322644e-01  6.1237672e-01 -7.5808256e-01  9.6540000e+01]
 [-3.4025600e-03  7.7744966e-01  6.2886718e-01  1.4107000e+02]
 [ 9.7451672e-01  1.4310926e-01 -1.7141034e-01 -1.1801500e+03]
 [ 0.0000000e+00  0.0000000e+00  0.0000000e+00  1.0000000e+00]]
[+0149.45, -0053.96, -1124.35]
830, 1987, 1017
[[-2.2362600e-01  6.1243080e-01 -7.5786400e-01  9.6540000e+01]
 [-3.3740000e-03  7.7734488e-01  6.2898432e-01  1.4108000e+02]
 [ 9.7438080e-01  1.4339168e-01 -1.7170512e-01 -1.1801300e+03]
 [ 0.0000000e+00  0.0000000e+00  0.0000000e+00  1.0000000e+00]]
[+0158.91, -0042.48, -1121.60]
782, 1976, 1159
[[-2.2331178e-01  6.1242538e-01 -7.5803068e-01  9.6540000e+01]
 [-2.7789800e-03  7.7749374e-01  6.2881852e-01  1.4108000e+02]
 [ 9.7450892e-01  1.4267308e-01 -1.7187048e-01 -1.1801100e+03]
 [ 0.0000000e+00  0.0000000e+00  0.0000000e+00  1.0000000e+00]]
[+0150.25, -0053.83, -1125.20]
1091, 2229, 1287
[[-2.2506250e-01  6.1082530e-01 -7.5885790e-01  9.6310000e+01]
 [-3.2555800e-03  7.7855046e-01  6.2751970e-01  1.4107000e+02]
 [ 9.7414694e-01  1.4381942e-01 -1.7319220e-01 -1.1801600e+03]
 [ 0.0000000e+00  0.0000000e+00  0.0000000e+00  1.0000000e+00]]
[+0153.33, -0037.21, -1126.78]
782, 1976, 1159
[[-2.2343604e-01  6.1270680e-01 -7.5780012e-01  9.6600000e+01]
 [-3.4378800e-03  7.7715740e-01  6.2923816e-01  1.4108000e+02]
 [ 9.7450440e-01  1.4332780e-01 -1.7149300e-01 -1.1801400e+03]
 [ 0.0000000e+00  0.0000000e+00  0.0000000e+00  1.0000000e+00]]
[+0146.48, -0052.69, -1122.61]
1333, 1237, 1287
[[-2.2472026e-01  6.1219010e-01 -7.5784886e-01  9.6480000e+01]
 [-3.7701400e-03  7.7738294e-01  6.2896010e-01  1.4099000e+02]
 [ 9.7421630e-01  1.4432014e-01 -1.7234196e-01 -1.1801300e+03]
 [ 0.0000000e+00  0.0000000e+00  0.0000000e+00  1.0000000e+00]]
[+0066.74, +0013.30, -1080.58]
782, 1976, 1159
[[-2.2282696e-01  6.1256492e-01 -7.5804896e-01  9.6580000e+01]
 [-3.0839600e-03  7.7738904e-01  6.2894392e-01  1.4110000e+02]
 [ 9.7460992e-01  1.4263304e-01 -1.7128096e-01 -1.1801300e+03]
 [ 0.0000000e+00  0.0000000e+00  0.0000000e+00  1.0000000e+00]]
[+0151.92, -0054.76, -1125.87]
1205, 1857, 1589
[[-2.2470074e-01  6.1124634e-01 -7.5864696e-01  9.6390000e+01]
 [-4.2186600e-03  7.7810950e-01  6.2806512e-01  1.4099000e+02]
 [ 9.7424304e-01  1.4443512e-01 -1.7222480e-01 -1.1801500e+03]
 [ 0.0000000e+00  0.0000000e+00  0.0000000e+00  1.0000000e+00]]
[+0100.60, -0039.35, -1100.37]
1405, 1439, 1223
[[-2.2392082e-01  6.1212488e-01 -7.5793890e-01  9.6490000e+01]
 [-3.5751200e-03  7.7751008e-01  6.2876040e-01  1.4101000e+02]
 [ 9.7424610e-01  1.4372040e-01 -1.7183474e-01 -1.1801400e+03]
 [ 0.0000000e+00  0.0000000e+00  0.0000000e+00  1.0000000e+00]]
[+0091.20, +0018.59, -1079.67]
1205, 1857, 1589
[[-2.2438664e-01  6.1157892e-01 -7.5836136e-01  9.6410000e+01]
 [-3.0764400e-03  7.7801150e-01  6.2816892e-01  1.4100000e+02]
 [ 9.7423368e-01  1.4344644e-01 -1.7263690e-01 -1.1801200e+03]
 [ 0.0000000e+00  0.0000000e+00  0.0000000e+00  1.0000000e+00]]
[+0103.78, -0041.65, -1101.30]
1628, 1995, 1662
[[-2.2537636e-01  6.1083026e-01 -7.5869150e-01  9.6310000e+01]
 [-3.8507000e-03  7.7840124e-01  6.2768626e-01  1.4099000e+02]
 [ 9.7401826e-01  1.4453810e-01 -1.7302756e-01 -1.1801800e+03]
 [ 0.0000000e+00  0.0000000e+00  0.0000000e+00  1.0000000e+00]]
[+0103.35, -0007.10, -1096.52]
1205, 1857, 1589
[[-2.2381604e-01  6.1176492e-01 -7.5823236e-01  9.6460000e+01]
 [-3.8048400e-03  7.7777990e-01  6.2841922e-01  1.4102000e+02]
 [ 9.7424748e-01  1.4376674e-01 -1.7166970e-01 -1.1801500e+03]
 [ 0.0000000e+00  0.0000000e+00  0.0000000e+00  1.0000000e+00]]
[+0101.70, -0039.07, -1100.04]
1220, 1729, 1743
[[-2.2501520e-01  6.1110396e-01 -7.5853332e-01  9.6370000e+01]
 [-4.9611600e-03  7.7804182e-01  6.2811396e-01  1.4096000e+02]
 [ 9.7406172e-01  1.4527116e-01 -1.7197802e-01 -1.1801500e+03]
 [ 0.0000000e+00  0.0000000e+00  0.0000000e+00  1.0000000e+00]]
[+0077.93, -0045.11, -1105.47]
1205, 1857, 1589
[[-2.2449130e-01  6.1169640e-01 -7.5832010e-01  9.6430000e+01]
 [-3.1939200e-03  7.7790684e-01  6.2831640e-01  1.4101000e+02]
 [ 9.7427494e-01  1.4359392e-01 -1.7263690e-01 -1.1801300e+03]
 [ 0.0000000e+00  0.0000000e+00  0.0000000e+00  1.0000000e+00]]
[+0106.09, -0040.01, -1100.47]
924, 2085, 1849
[[-2.2407290e-01  6.1079334e-01 -7.5913662e-01  9.6340000e+01]
 [-3.4707000e-03  7.7865500e-01  6.2738010e-01  1.4100000e+02]
 [ 9.7434330e-01  1.4335038e-01 -1.7230714e-01 -1.1801600e+03]
 [ 0.0000000e+00  0.0000000e+00  0.0000000e+00  1.0000000e+00]]
[+0111.06, -0070.13, -1141.41]
1072, 2185, 1686
[[-2.2428202e-01  6.1112360e-01 -7.5885448e-01  9.6350000e+01]
 [-3.5060000e-03  7.7836350e-01  6.2775140e-01  1.4107000e+02]
 [ 9.7433048e-01  1.4356900e-01 -1.7238952e-01 -1.1801600e+03]
 [ 0.0000000e+00  0.0000000e+00  0.0000000e+00  1.0000000e+00]]
[+0127.15, -0056.24, -1129.57]
924, 2085, 1849
[[-2.2388250e-01  6.1106944e-01 -7.5907308e-01  9.6380000e+01]
 [-3.5342400e-03  7.7846808e-01  6.2763404e-01  1.4098000e+02]
 [ 9.7446668e-01  1.4328684e-01 -1.7209458e-01 -1.1801700e+03]
 [ 0.0000000e+00  0.0000000e+00  0.0000000e+00  1.0000000e+00]]
[+0109.38, -0070.41, -1141.79]
773, 2061, 1696
[[-2.2274178e-01  6.1251644e-01 -7.5810080e-01  9.6580000e+01]
 [-3.7075600e-03  7.7734488e-01  6.2899240e-01  1.4106000e+02]
 [ 9.7461760e-01  1.4306920e-01 -1.7082090e-01 -1.1801700e+03]
 [ 0.0000000e+00  0.0000000e+00  0.0000000e+00  1.0000000e+00]]
[+0119.70, -0072.39, -1144.73]
924, 2085, 1849
[[-2.2476744e-01  6.1074116e-01 -7.5908776e-01  9.6290000e+01]
 [-3.5488400e-03  7.7863280e-01  6.2743228e-01  1.4096000e+02]
 [ 9.7427224e-01  1.4380228e-01 -1.7281480e-01 -1.1801400e+03]
 [ 0.0000000e+00  0.0000000e+00  0.0000000e+00  1.0000000e+00]]
[+0109.96, -0069.82, -1141.93]
1102, 1648, 1741
[[-2.2411090e-01  6.1180616e-01 -7.5834988e-01  9.6440000e+01]
 [-3.7636000e-03  7.7777990e-01  6.2847160e-01  1.4098000e+02]
 [ 9.7436500e-01  1.4381912e-01 -1.7196456e-01 -1.1801600e+03]
 [ 0.0000000e+00  0.0000000e+00  0.0000000e+00  1.0000000e+00]]
[+0075.49, -0050.22, -1108.03]
924, 2085, 1849
[[-2.2436788e-01  6.1063476e-01 -7.5915892e-01  9.6340000e+01]
 [-3.5247600e-03  7.7873734e-01  6.2727366e-01  1.4099000e+02]
 [ 9.7426108e-01  1.4356134e-01 -1.7251978e-01 -1.1801500e+03]
 [ 0.0000000e+00  0.0000000e+00  0.0000000e+00  1.0000000e+00]]
[+0110.61, -0070.29, -1141.79]
1814, 1259, 1695
[[-2.2598568e-01  6.1121408e-01 -7.5819044e-01  9.6400000e+01]
 [-3.8571200e-03  7.7800472e-01  6.2817524e-01  1.4092000e+02]
 [ 9.7386884e-01  1.4503916e-01 -1.7340496e-01 -1.1801700e+03]
 [ 0.0000000e+00  0.0000000e+00  0.0000000e+00  1.0000000e+00]]
[+0040.58, +0038.87, -1111.82]
2113, 1257, 1762
[[-2.2775712e-01  6.1046064e-01 -7.5841832e-01  9.6250000e+01]
 [-4.0865600e-03  7.7841582e-01  6.2769744e-01  1.4088000e+02]
 [ 9.7357272e-01  1.4614576e-01 -1.7476530e-01 -1.1801600e+03]
 [ 0.0000000e+00  0.0000000e+00  0.0000000e+00  1.0000000e+00]]
[+0041.06, +0056.04, -1129.62]
1814, 1259, 1695
[[-2.2558580e-01  6.1155054e-01 -7.5810462e-01  9.6410000e+01]
 [-3.3906600e-03  7.7786236e-01  6.2836866e-01  1.4095000e+02]
 [ 9.7401498e-01  1.4444586e-01 -1.7335700e-01 -1.1801300e+03]
 [ 0.0000000e+00  0.0000000e+00  0.0000000e+00  1.0000000e+00]]
[+0041.09, +0032.30, -1110.45]
1862, 1333, 1480
[[-2.2607130e-01  6.1155844e-01 -7.5803312e-01  9.6380000e+01]
 [-2.9385200e-03  7.7788464e-01  6.2836076e-01  1.4095000e+02]
 [ 9.7396576e-01  1.4436812e-01 -1.7402970e-01 -1.1801100e+03]
 [ 0.0000000e+00  0.0000000e+00  0.0000000e+00  1.0000000e+00]]
[+0063.33, +0048.09, -1102.01]
1814, 1259, 1695
[[-2.2539552e-01  6.1123656e-01 -7.5825072e-01  9.6350000e+01]
 [-4.0442400e-03  7.7800472e-01  6.2815276e-01  1.4092000e+02]
 [ 9.7392912e-01  1.4485204e-01 -1.7281480e-01 -1.1801500e+03]
 [ 0.0000000e+00  0.0000000e+00  0.0000000e+00  1.0000000e+00]]
[+0038.98, +0030.23, -1111.31]
1834, 972, 1600
[[-2.2491034e-01  6.1181894e-01 -7.5811242e-01  9.6430000e+01]
 [-3.9063800e-03  7.7765276e-01  6.2863014e-01  1.4093000e+02]
 [ 9.7418766e-01  1.4446002e-01 -1.7247194e-01 -1.1801500e+03]
 [ 0.0000000e+00  0.0000000e+00  0.0000000e+00  1.0000000e+00]]
[+0028.41, +0050.16, -1127.28]
1814, 1259, 1695
[[-2.2567146e-01  6.1120940e-01 -7.5835680e-01  9.6350000e+01]
 [-3.2622000e-03  7.7815422e-01  6.2800852e-01  1.4093000e+02]
 [ 9.7399760e-01  1.4432052e-01 -1.7356968e-01 -1.1801200e+03]
 [ 0.0000000e+00  0.0000000e+00  0.0000000e+00  1.0000000e+00]]
[+0040.16, +0032.49, -1111.54]
1673, 1051, 1208
[[-2.2432050e-01  6.1237868e-01 -7.5781526e-01  9.6480000e+01]
 [-3.4514800e-03  7.7732268e-01  6.2903644e-01  1.4097000e+02]
 [ 9.7430986e-01  1.4384404e-01 -1.7221218e-01 -1.1801300e+03]
 [ 0.0000000e+00  0.0000000e+00  0.0000000e+00  1.0000000e+00]]
[+0057.67, +0058.09, -1099.35]
2181, 1238, 1833
[[-2.2855760e-01  6.1017684e-01 -7.5828492e-01  9.6150000e+01]
 [-4.5248400e-03  7.7845232e-01  6.2762284e-01  1.4088000e+02]
 [ 9.7328892e-01  1.4702084e-01 -1.7510992e-01 -1.1801700e+03]
 [ 0.0000000e+00  0.0000000e+00  0.0000000e+00  1.0000000e+00]]
[+0037.35, +0053.30, -1135.65]
1673, 1051, 1208
[[-2.2461540e-01  6.1231514e-01 -7.5763782e-01  9.6490000e+01]
 [-3.3053400e-03  7.7732268e-01  6.2900626e-01  1.4097000e+02]
 [ 9.7413242e-01  1.4397906e-01 -1.7250708e-01 -1.1801200e+03]
 [ 0.0000000e+00  0.0000000e+00  0.0000000e+00  1.0000000e+00]]
[+0057.64, +0058.13, -1099.27]
2011, 811, 1004
[[-2.2611010e-01  6.1212764e-01 -7.5740342e-01  9.6440000e+01]
 [-3.6726800e-03  7.7725560e-01  6.2910004e-01  1.4093000e+02]
 [ 9.7383094e-01  1.4518988e-01 -1.7343946e-01 -1.1801400e+03]
 [ 0.0000000e+00  0.0000000e+00  0.0000000e+00  1.0000000e+00]]
[+0062.71, +0098.86, -1147.09]
1673, 1051, 1208
[[-2.2560520e-01  6.1195660e-01 -7.5766360e-01  9.6460000e+01]
 [-3.5841200e-03  7.7746544e-01  6.2883500e-01  1.4098000e+02]
 [ 9.7392616e-01  1.4475988e-01 -1.7314440e-01 -1.1801200e+03]
 [ 0.0000000e+00  0.0000000e+00  0.0000000e+00  1.0000000e+00]]
[+0058.87, +0057.80, -1098.67]
1793, 1392, 1007
[[-2.2569058e-01  6.1191062e-01 -7.5781106e-01  9.6420000e+01]
 [-3.1605800e-03  7.7759262e-01  6.2870974e-01  1.4099000e+02]
 [ 9.7401346e-01  1.4439986e-01 -1.7352196e-01 -1.1801100e+03]
 [ 0.0000000e+00  0.0000000e+00  0.0000000e+00  1.0000000e+00]]
[+0104.98, +0068.18, -1100.58]
1673, 1051, 1208
[[-2.2501520e-01  6.1197900e-01 -7.5772380e-01  9.6460000e+01]
 [-3.7714800e-03  7.7746544e-01  6.2881260e-01  1.4097000e+02]
 [ 9.7398636e-01  1.4457252e-01 -1.7255440e-01 -1.1801300e+03]
 [ 0.0000000e+00  0.0000000e+00  0.0000000e+00  1.0000000e+00]]
[+0057.21, +0058.84, -1099.70]
1721, 775, 907
[[-2.2554010e-01  6.1290346e-01 -7.5706502e-01  9.6540000e+01]
 [-3.8110600e-03  7.7669292e-01  6.2981966e-01  1.4096000e+02]
 [ 9.7405522e-01  1.4504026e-01 -1.7280202e-01 -1.1801200e+03]
 [ 0.0000000e+00  0.0000000e+00  0.0000000e+00  1.0000000e+00]]
[+0061.09, +0090.66, -1120.40]
1869, 883, 909
[[-2.2512010e-01  6.1248640e-01 -7.5737770e-01  9.6460000e+01]
 [-3.3940000e-03  7.7711292e-01  6.2927104e-01  1.4098000e+02]
 [ 9.7403750e-01  1.4440904e-01 -1.7280202e-01 -1.1801300e+03]
 [ 0.0000000e+00  0.0000000e+00  0.0000000e+00  1.0000000e+00]]
[+0073.81, +0096.47, -1128.14]
1721, 775, 907
[[-2.2455034e-01  6.1281974e-01 -7.5719644e-01  9.6560000e+01]
 [-3.9751400e-03  7.7679798e-01  6.2963852e-01  1.4097000e+02]
 [ 9.7410404e-01  1.4461132e-01 -1.7191732e-01 -1.1801200e+03]
 [ 0.0000000e+00  0.0000000e+00  0.0000000e+00  1.0000000e+00]]
[+0061.17, +0089.03, -1119.38]
1651, 859, 1512
[[-2.2520532e-01  6.1219782e-01 -7.5777762e-01  9.6420000e+01]
 [-3.3178200e-03  7.7740526e-01  6.2895238e-01  1.4093000e+02]
 [ 9.7416738e-01  1.4424262e-01 -1.7301442e-01 -1.1801100e+03]
 [ 0.0000000e+00  0.0000000e+00  0.0000000e+00  1.0000000e+00]]
[+0022.07, +0043.95, -1122.88]
1721, 775, 907
[[-2.2482516e-01  6.1293994e-01 -7.5725038e-01  9.6540000e+01]
 [-3.0453800e-03  7.7686494e-01  6.2961214e-01  1.4098000e+02]
 [ 9.7422494e-01  1.4396302e-01 -1.7275506e-01 -1.1801100e+03]
 [ 0.0000000e+00  0.0000000e+00  0.0000000e+00  1.0000000e+00]]
[+0061.46, +0090.53, -1120.23]
1228, 1451, 755
[[-2.2392082e-01  6.1319944e-01 -7.5722486e-01  9.6570000e+01]
 [-2.2909600e-03  7.7684832e-01  6.2961752e-01  1.4104000e+02]
 [ 9.7437046e-01  1.4286328e-01 -1.7249650e-01 -1.1801000e+03]
 [ 0.0000000e+00  0.0000000e+00  0.0000000e+00  1.0000000e+00]]
[+0138.03, +0027.56, -1082.07]
1721, 775, 907
[[-2.2503508e-01  6.1248998e-01 -7.5757762e-01  9.6490000e+01]
 [-4.0700200e-03  7.7706812e-01  6.2936122e-01  1.4095000e+02]
 [ 9.7419262e-01  1.4480378e-01 -1.7234196e-01 -1.1801300e+03]
 [ 0.0000000e+00  0.0000000e+00  0.0000000e+00  1.0000000e+00]]
[+0059.89, +0091.73, -1121.78]
1399, 1991, 1104
[[-2.2520532e-01  6.1156516e-01 -7.5833472e-01  9.6400000e+01]
 [-4.1601600e-03  7.7781756e-01  6.2844764e-01  1.4102000e+02]
 [ 9.7420028e-01  1.4474736e-01 -1.7260212e-01 -1.1801700e+03]
 [ 0.0000000e+00  0.0000000e+00  0.0000000e+00  1.0000000e+00]]
[+0150.06, +0002.44, -1102.72]
1192, 1725, 778
[[-2.2402564e-01  6.1277964e-01 -7.5754052e-01  9.6550000e+01]
 [-3.0505200e-03  7.7707470e-01  6.2933646e-01  1.4105000e+02]
 [ 9.7434964e-01  1.4343918e-01 -1.7216530e-01 -1.1801000e+03]
 [ 0.0000000e+00  0.0000000e+00  0.0000000e+00  1.0000000e+00]]
[+0155.43, +0012.16, -1094.93]
1399, 1991, 1104
[[-2.2558580e-01  6.1140300e-01 -7.5815700e-01  9.6380000e+01]
 [-3.5382000e-03  7.7794478e-01  6.2825126e-01  1.4104000e+02]
 [ 9.7396260e-01  1.4456326e-01 -1.7327458e-01 -1.1801400e+03]
 [ 0.0000000e+00  0.0000000e+00  0.0000000e+00  1.0000000e+00]]
[+0150.08, +0002.23, -1102.58]
1739, 926, 1755
[[-2.2617604e-01  6.1123306e-01 -7.5814902e-01  9.6330000e+01]
 [-3.4986200e-03  7.7802716e-01  6.2815626e-01  1.4089000e+02]
 [ 9.7384986e-01  1.4486778e-01 -1.7378244e-01 -1.1801400e+03]
 [ 0.0000000e+00  0.0000000e+00  0.0000000e+00  1.0000000e+00]]
[+0013.29, +0037.23, -1139.11]
1399, 1991, 1104
[[-2.2451058e-01  6.1161760e-01 -7.5838350e-01  9.6420000e+01]
 [-4.0824000e-03  7.7784000e-01  6.2839520e-01  1.4103000e+02]
 [ 9.7427150e-01  1.4429520e-01 -1.7209458e-01 -1.1801600e+03]
 [ 0.0000000e+00  0.0000000e+00  0.0000000e+00  1.0000000e+00]]
[+0150.43, +0002.29, -1102.80]
1038, 2007, 1319
[[-2.2451058e-01  6.1156520e-01 -7.5823604e-01  9.6430000e+01]
 [-4.0300000e-03  7.7784000e-01  6.2835400e-01  1.4103000e+02]
 [ 9.7412404e-01  1.4433640e-01 -1.7209458e-01 -1.1801500e+03]
 [ 0.0000000e+00  0.0000000e+00  0.0000000e+00  1.0000000e+00]]
[+0140.56, -0044.28, -1113.40]
1399, 1991, 1104
[[-2.2470074e-01  6.1158402e-01 -7.5819486e-01  9.6400000e+01]
 [-3.6714600e-03  7.7786236e-01  6.2833518e-01  1.4102000e+02]
 [ 9.7410522e-01  1.4416506e-01 -1.7247194e-01 -1.1801800e+03]
 [ 0.0000000e+00  0.0000000e+00  0.0000000e+00  1.0000000e+00]]
[+0149.64, +0003.60, -1102.19]
1952, 1189, 811
[[-2.2611010e-01  6.1218012e-01 -7.5755096e-01  9.6460000e+01]
 [-3.7251600e-03  7.7725560e-01  6.2914128e-01  1.4100000e+02]
 [ 9.7397848e-01  1.4514864e-01 -1.7343946e-01 -1.1801400e+03]
 [ 0.0000000e+00  0.0000000e+00  0.0000000e+00  1.0000000e+00]]
[+0106.18, +0094.61, -1127.44]
1554, 1819, 770
[[-2.2402564e-01  6.1253722e-01 -7.5779278e-01  9.6510000e+01]
 [-3.3977800e-03  7.7724006e-01  6.2914282e-01  1.4107000e+02]
 [ 9.7439222e-01  1.4363282e-01 -1.7199994e-01 -1.1801500e+03]
 [ 0.0000000e+00  0.0000000e+00  0.0000000e+00  1.0000000e+00]]
[+0158.51, +0038.78, -1110.63]
1952, 1189, 811
[[-2.2560520e-01  6.1186152e-01 -7.5786356e-01  9.6420000e+01]
 [-3.7840800e-03  7.7754790e-01  6.2875884e-01  1.4098000e+02]
 [ 9.7402124e-01  1.4483604e-01 -1.7306194e-01 -1.1801400e+03]
 [ 0.0000000e+00  0.0000000e+00  0.0000000e+00  1.0000000e+00]]
[+0105.47, +0093.46, -1126.68]
1403, 855, 1004
[[-2.2501520e-01  6.1256892e-01 -7.5751404e-01  9.6520000e+01]
 [-3.1815600e-03  7.7713520e-01  6.2928228e-01  1.4095000e+02]
 [ 9.7419612e-01  1.4410284e-01 -1.7288464e-01 -1.1801100e+03]
 [ 0.0000000e+00  0.0000000e+00  0.0000000e+00  1.0000000e+00]]
[+0052.96, +0057.47, -1090.33]
1952, 1189, 811
[[-2.2571010e-01  6.1222150e-01 -7.5756990e-01  9.6450000e+01]
 [-3.5539800e-03  7.7727804e-01  6.2909990e-01  1.4101000e+02]
 [ 9.7401986e-01  1.4479002e-01 -1.7322690e-01 -1.1801400e+03]
 [ 0.0000000e+00  0.0000000e+00  0.0000000e+00  1.0000000e+00]]
[+0107.01, +0094.20, -1127.43]
2073, 1300, 1350
[[-2.2708090e-01  6.1111976e-01 -7.5812228e-01  9.6310000e+01]
 [-4.1063200e-03  7.7795960e-01  6.2826956e-01  1.4095000e+02]
 [ 9.7375556e-01  1.4584972e-01 -1.7412594e-01 -1.1801300e+03]
 [ 0.0000000e+00  0.0000000e+00  0.0000000e+00  1.0000000e+00]]
[+0071.20, +0074.14, -1118.88]
1952, 1189, 811
[[-2.241505e-01  6.128185e-01 -7.575625e-01  9.655000e+01]
 [-4.056500e-03  7.769030e-01  6.295625e-01  1.410100e+02]
 [ 9.743875e-01  1.442875e-01 -1.716225e-01 -1.180140e+03]
 [ 0.000000e+00  0.000000e+00  0.000000e+00  1.000000e+00]]
[+0105.09, +0092.13, -1126.87]
2215, 1979, 1122
[[-2.2869288e-01  6.0960312e-01 -7.5851144e-01  9.6110000e+01]
 [-2.4407200e-03  7.7917080e-01  6.2670024e-01  1.4108000e+02]
 [ 9.7311336e-01  1.4540696e-01 -1.7662032e-01 -1.1801700e+03]
 [ 0.0000000e+00  0.0000000e+00  0.0000000e+00  1.0000000e+00]]
[+0130.27, +0059.78, -1122.39]
2202, 2170, 1565
[[-2.275290e-01  6.095768e-01 -7.591932e-01  9.612000e+01]
 [-4.006800e-03  7.791855e-01  6.267415e-01  1.410300e+02]
 [ 9.736232e-01  1.457295e-01 -1.748145e-01 -1.180210e+03]
 [ 0.000000e+00  0.000000e+00  0.000000e+00  1.000000e+00]]
[+0117.01, +0034.64, -1110.00]
2215, 1979, 1122
[[-2.2792904e-01  6.1050756e-01 -7.5816468e-01  9.6220000e+01]
 [-2.7874800e-03  7.7850590e-01  6.2755706e-01  1.4107000e+02]
 [ 9.7340916e-01  1.4531398e-01 -1.7568490e-01 -1.1801800e+03]
 [ 0.0000000e+00  0.0000000e+00  0.0000000e+00  1.0000000e+00]]
[+0129.54, +0061.53, -1122.72]
2025, 2153, 1041
[[-2.2712904e-01  6.1010460e-01 -7.5870780e-01  9.6200000e+01]
 [-3.1398000e-03  7.7887958e-01  6.2708702e-01  1.4111000e+02]
 [ 9.7357860e-01  1.4498402e-01 -1.7492962e-01 -1.1801900e+03]
 [ 0.0000000e+00  0.0000000e+00  0.0000000e+00  1.0000000e+00]]
[+0148.74, +0043.97, -1122.30]
2215, 1979, 1122
[[-2.2845274e-01  6.1084110e-01 -7.5771596e-01  9.6210000e+01]
 [-3.4164600e-03  7.7806446e-01  6.2809620e-01  1.4090000e+02]
 [ 9.7326700e-01  1.4625204e-01 -1.7560264e-01 -1.1801600e+03]
 [ 0.0000000e+00  0.0000000e+00  0.0000000e+00  1.0000000e+00]]
[+0130.73, +0061.01, -1122.94]
1817, 1615, 1268
[[-2.2663540e-01  6.1246164e-01 -7.5695472e-01  9.6440000e+01]
 [-4.3017600e-03  7.7681276e-01  6.2963796e-01  1.4088000e+02]
 [ 9.7368948e-01  1.4612736e-01 -1.7335700e-01 -1.1801100e+03]
 [ 0.0000000e+00  0.0000000e+00  0.0000000e+00  1.0000000e+00]]
[+0097.51, +0043.67, -1093.90]
2215, 1979, 1122
[[-2.2885306e-01  6.1104226e-01 -7.5744410e-01  9.6210000e+01]
 [-3.2399000e-03  7.7787734e-01  6.2833126e-01  1.4096000e+02]
 [ 9.7318226e-01  1.4641730e-01 -1.7598036e-01 -1.1801600e+03]
 [ 0.0000000e+00  0.0000000e+00  0.0000000e+00  1.0000000e+00]]
[+0130.09, +0059.91, -1122.00]
1930, 959, 948
[[-2.2587636e-01  6.1336632e-01 -7.5660504e-01  9.6560000e+01]
 [-4.6514400e-03  7.7614430e-01  6.3049322e-01  1.4088000e+02]
 [ 9.7398552e-01  1.4603114e-01 -1.7242450e-01 -1.1800900e+03]
 [ 0.0000000e+00  0.0000000e+00  0.0000000e+00  1.0000000e+00]]
[+0074.96, +0090.36, -1126.00]
956, 1198, 764
[[-2.2408648e-01  6.1434448e-01 -7.5625812e-01  9.6690000e+01]
 [-3.3899200e-03  7.7571542e-01  6.3100992e-01  1.4094000e+02]
 [ 9.7433772e-01  1.4410368e-01 -1.7169506e-01 -1.1801100e+03]
 [ 0.0000000e+00  0.0000000e+00  0.0000000e+00  1.0000000e+00]]
[+0117.82, +0006.43, -1067.11]
1930, 959, 948
[[-2.2623520e-01  6.1279824e-01 -7.5686848e-01  9.6450000e+01]
 [-3.8356800e-03  7.7667040e-01  6.2983104e-01  1.4086000e+02]
 [ 9.7383616e-01  1.4553408e-01 -1.7330944e-01 -1.1800900e+03]
 [ 0.0000000e+00  0.0000000e+00  0.0000000e+00  1.0000000e+00]]
[+0075.39, +0095.24, -1129.98]
1675, 762, 2045
[[-2.2602504e-01  6.1144600e-01 -7.5801380e-01  9.6330000e+01]
 [-5.1388000e-03  7.7762198e-01  6.2864452e-01  1.4071000e+02]
 [ 9.7387100e-01  1.4613052e-01 -1.7256802e-01 -1.1800900e+03]
 [ 0.0000000e+00  0.0000000e+00  0.0000000e+00  1.0000000e+00]]
[+0004.32, +0019.80, -1169.77]
1930, 959, 948
[[-2.2613010e-01  6.1268092e-01 -7.5690976e-01  9.6500000e+01]
 [-3.7183600e-03  7.7677550e-01  6.2968352e-01  1.4082000e+02]
 [ 9.7379488e-01  1.4538656e-01 -1.7330944e-01 -1.1800800e+03]
 [ 0.0000000e+00  0.0000000e+00  0.0000000e+00  1.0000000e+00]]
[+0076.33, +0094.94, -1128.76]
2050, 1552, 1082
[[-2.2670034e-01  6.1186248e-01 -7.5759548e-01  9.6380000e+01]
 [-3.8328800e-03  7.7742048e-01  6.2892912e-01  1.4086000e+02]
 [ 9.7381308e-01  1.4557072e-01 -1.7386482e-01 -1.1800900e+03]
 [ 0.0000000e+00  0.0000000e+00  0.0000000e+00  1.0000000e+00]]
[+0110.68, +0075.57, -1117.03]
1930, 959, 948
[[-2.2516050e-01  6.1310820e-01 -7.5689510e-01  9.6580000e+01]
 [-4.1810000e-03  7.7648268e-01  6.3005076e-01  1.4085000e+02]
 [ 9.7405050e-01  1.4518876e-01 -1.7221218e-01 -1.1800500e+03]
 [ 0.0000000e+00  0.0000000e+00  0.0000000e+00  1.0000000e+00]]
[+0075.47, +0092.27, -1127.67]
1718, 813, 1585
[[-2.2594018e-01  6.1256708e-01 -7.5715128e-01  9.6500000e+01]
 [-4.2770800e-03  7.7683544e-01  6.2962632e-01  1.4081000e+02]
 [ 9.7390872e-01  1.4563368e-01 -1.7284938e-01 -1.1800500e+03]
 [ 0.0000000e+00  0.0000000e+00  0.0000000e+00  1.0000000e+00]]
[+0016.42, +0046.16, -1135.59]
1881, 855, 1662
[[-2.2691034e-01  6.1174944e-01 -7.5747054e-01  9.6370000e+01]
 [-4.3101600e-03  7.7737520e-01  6.2894848e-01  1.4077000e+02]
 [ 9.7364286e-01  1.4614168e-01 -1.7370010e-01 -1.1800700e+03]
 [ 0.0000000e+00  0.0000000e+00  0.0000000e+00  1.0000000e+00]]
[+0019.53, +0054.03, -1144.47]
1718, 813, 1585
[[-2.2556058e-01  6.1277192e-01 -7.5698154e-01  9.6550000e+01]
 [-4.6468800e-03  7.7662512e-01  6.2985736e-01  1.4082000e+02]
 [ 9.7390394e-01  1.4578224e-01 -1.7225946e-01 -1.1800600e+03]
 [ 0.0000000e+00  0.0000000e+00  0.0000000e+00  1.0000000e+00]]
[+0017.91, +0047.42, -1134.33]
1834, 881, 1301
[[-2.2655074e-01  6.1256012e-01 -7.5695512e-01  9.6500000e+01]
 [-4.7777200e-03  7.7668478e-01  6.2980432e-01  1.4085000e+02]
 [ 9.7374952e-01  1.4644592e-01 -1.7297952e-01 -1.1801100e+03]
 [ 0.0000000e+00  0.0000000e+00  0.0000000e+00  1.0000000e+00]]
[+0041.23, +0072.99, -1126.06]
1718, 813, 1585
[[-2.2554010e-01  6.1246102e-01 -7.5722264e-01  9.6490000e+01]
 [-4.2535000e-03  7.7694054e-01  6.2946752e-01  1.4076000e+02]
 [ 9.7389760e-01  1.4539240e-01 -1.7255440e-01 -1.1800700e+03]
 [ 0.0000000e+00  0.0000000e+00  0.0000000e+00  1.0000000e+00]]
[+0016.28, +0046.94, -1136.38]
1540, 1383, 1649
[[-2.2501520e-01  6.1227396e-01 -7.5761892e-01  9.6460000e+01]
 [-3.4765200e-03  7.7730040e-01  6.2904744e-01  1.4084000e+02]
 [ 9.7409124e-01  1.4433768e-01 -1.7271944e-01 -1.1800600e+03]
 [ 0.0000000e+00  0.0000000e+00  0.0000000e+00  1.0000000e+00]]
[+0050.68, +0004.12, -1096.86]
1718, 813, 1585
[[-2.2575034e-01  6.1284326e-01 -7.5708758e-01  9.6510000e+01]
 [-4.3407800e-03  7.7664780e-01  6.2987986e-01  1.4084000e+02]
 [ 9.7403266e-01  1.4556998e-01 -1.7263690e-01 -1.1800600e+03]
 [ 0.0000000e+00  0.0000000e+00  0.0000000e+00  1.0000000e+00]]
[+0016.77, +0050.11, -1136.56]
973, 1993, 1620
[[-2.2421568e-01  6.1211376e-01 -7.5790896e-01  9.6490000e+01]
 [-3.4814400e-03  7.7751008e-01  6.2877152e-01  1.4088000e+02]
 [ 9.7421616e-01  1.4381408e-01 -1.7212960e-01 -1.1800800e+03]
 [ 0.0000000e+00  0.0000000e+00  0.0000000e+00  1.0000000e+00]]
[+0118.80, -0063.41, -1124.53]
822, 2028, 1629
[[-2.2413050e-01  6.1221246e-01 -7.5790878e-01  9.6520000e+01]
 [-3.9575400e-03  7.7738294e-01  6.2893774e-01  1.4090000e+02]
 [ 9.7427622e-01  1.4413274e-01 -1.7175220e-01 -1.1800900e+03]
 [ 0.0000000e+00  0.0000000e+00  0.0000000e+00  1.0000000e+00]]
[+0123.59, -0071.64, -1139.41]
973, 1993, 1620
[[-2.2432050e-01  6.1237868e-01 -7.5781526e-01  9.6470000e+01]
 [-3.4514800e-03  7.7732268e-01  6.2903644e-01  1.4088000e+02]
 [ 9.7430986e-01  1.4384404e-01 -1.7221218e-01 -1.1800600e+03]
 [ 0.0000000e+00  0.0000000e+00  0.0000000e+00  1.0000000e+00]]
[+0116.75, -0061.46, -1123.22]
817, 1388, 1431
[[-2.2288708e-01  6.1364636e-01 -7.5727144e-01  9.6690000e+01]
 [-4.1189600e-03  7.7636220e-01  6.3023012e-01  1.4091000e+02]
 [ 9.7468196e-01  1.4368408e-01 -1.7047972e-01 -1.1800800e+03]
 [ 0.0000000e+00  0.0000000e+00  0.0000000e+00  1.0000000e+00]]
[+0079.35, -0058.68, -1099.93]
973, 1993, 1620
[[-2.2512010e-01  6.1155896e-01 -7.5803988e-01  9.6410000e+01]
 [-4.5312800e-03  7.7769014e-01  6.2853156e-01  1.4088000e+02]
 [ 9.7396524e-01  1.4514852e-01 -1.7222480e-01 -1.1801000e+03]
 [ 0.0000000e+00  0.0000000e+00  0.0000000e+00  1.0000000e+00]]
[+0117.69, -0063.44, -1124.63]
978, 2192, 977
[[-2.2482516e-01  6.1216010e-01 -7.5786006e-01  9.6460000e+01]
 [-4.0350600e-03  7.7736054e-01  6.2899010e-01  1.4096000e+02]
 [ 9.7420510e-01  1.4458506e-01 -1.7225946e-01 -1.1801100e+03]
 [ 0.0000000e+00  0.0000000e+00  0.0000000e+00  1.0000000e+00]]
[+0170.18, -0029.87, -1134.74]
973, 1993, 1620
[[-2.2491034e-01  6.1191400e-01 -7.5791252e-01  9.6440000e+01]
 [-3.7064800e-03  7.7757030e-01  6.2870636e-01  1.4085000e+02]
 [ 9.7409260e-01  1.4438380e-01 -1.7255440e-01 -1.1800600e+03]
 [ 0.0000000e+00  0.0000000e+00  0.0000000e+00  1.0000000e+00]]
[+0113.29, -0060.91, -1122.49]
1769, 964, 2022
[[-2.2659540e-01  6.1105972e-01 -7.5804656e-01  9.6290000e+01]
 [-4.5059200e-03  7.7793692e-01  6.2823604e-01  1.4071000e+02]
 [ 9.7365716e-01  1.4596864e-01 -1.7345332e-01 -1.1801000e+03]
 [ 0.0000000e+00  0.0000000e+00  0.0000000e+00  1.0000000e+00]]
[+0009.39, +0021.50, -1153.37]
1883, 1059, 2005
[[-2.2758600e-01  6.1153336e-01 -7.5760948e-01  9.6320000e+01]
 [-3.8471200e-03  7.7758520e-01  6.2872844e-01  1.4078000e+02]
 [ 9.7361716e-01  1.4608628e-01 -1.7458576e-01 -1.1800800e+03]
 [ 0.0000000e+00  0.0000000e+00  0.0000000e+00  1.0000000e+00]]
[+0016.76, +0029.23, -1144.18]
1769, 964, 2022
[[-2.2661520e-01  6.1157072e-01 -7.5790096e-01  9.6360000e+01]
 [-4.8040000e-03  7.7753976e-01  6.2878472e-01  1.4075000e+02]
 [ 9.7386320e-01  1.4620040e-01 -1.7324040e-01 -1.1800600e+03]
 [ 0.0000000e+00  0.0000000e+00  0.0000000e+00  1.0000000e+00]]
[+0009.79, +0022.55, -1153.93]
1369, 1406, 1800
[[-2.2552002e-01  6.1220260e-01 -7.5761124e-01  9.6480000e+01]
 [-3.9126000e-03  7.7725560e-01  6.2911880e-01  1.4084000e+02]
 [ 9.7403876e-01  1.4496120e-01 -1.7284938e-01 -1.1800800e+03]
 [ 0.0000000e+00  0.0000000e+00  0.0000000e+00  1.0000000e+00]]
[+0048.62, -0020.46, -1103.63]
1769, 964, 2022
[[-2.2670034e-01  6.1117706e-01 -7.5800546e-01  9.6290000e+01]
 [-4.6232600e-03  7.7783198e-01  6.2838362e-01  1.4073000e+02]
 [ 9.7369826e-01  1.4611622e-01 -1.7345332e-01 -1.1801000e+03]
 [ 0.0000000e+00  0.0000000e+00  0.0000000e+00  1.0000000e+00]]
[+0009.52, +0021.94, -1153.45]
1841, 797, 1558
[[-2.2594018e-01  6.1241958e-01 -7.5720384e-01  9.6490000e+01]
 [-4.4245800e-03  7.7691790e-01  6.2950896e-01  1.4076000e+02]
 [ 9.7385616e-01  1.4575104e-01 -1.7276692e-01 -1.1801200e+03]
 [ 0.0000000e+00  0.0000000e+00  0.0000000e+00  1.0000000e+00]]
[+0021.63, +0062.28, -1143.82]
1769, 964, 2022
[[-2.2689058e-01  6.1134356e-01 -7.5791138e-01  9.6340000e+01]
 [-4.1171600e-03  7.7777244e-01  6.2848204e-01  1.4074000e+02]
 [ 9.7373182e-01  1.4582756e-01 -1.7391298e-01 -1.1800400e+03]
 [ 0.0000000e+00  0.0000000e+00  0.0000000e+00  1.0000000e+00]]
[+0010.30, +0022.22, -1152.68]
1499, 1244, 788
[[-2.2455034e-01  6.1350432e-01 -7.5678642e-01  9.6620000e+01]
 [-3.1855200e-03  7.7638448e-01  6.3018432e-01  1.4091000e+02]
 [ 9.7421922e-01  1.4406552e-01 -1.7233082e-01 -1.1800500e+03]
 [ 0.0000000e+00  0.0000000e+00  0.0000000e+00  1.0000000e+00]]
[+0113.67, +0060.59, -1087.97]
1495, 1264, 1250
[[-2.2493010e-01  6.1252000e-01 -7.5756640e-01  9.6510000e+01]
 [-3.8051200e-03  7.7709056e-01  6.2933120e-01  1.4086000e+02]
 [ 9.7420384e-01  1.4453888e-01 -1.7242450e-01 -1.1800500e+03]
 [ 0.0000000e+00  0.0000000e+00  0.0000000e+00  1.0000000e+00]]
[+0072.82, +0030.92, -1083.55]
1499, 1244, 788
[[-2.2486564e-01  6.1326690e-01 -7.5687254e-01  9.6620000e+01]
 [-4.1274600e-03  7.7640006e-01  6.3015690e-01  1.4091000e+02]
 [ 9.7413310e-01  1.4497746e-01 -1.7199994e-01 -1.1800500e+03]
 [ 0.0000000e+00  0.0000000e+00  0.0000000e+00  1.0000000e+00]]
[+0112.69, +0061.38, -1088.11]
1621, 1337, 784
[[-2.2465540e-01  6.1317948e-01 -7.5690264e-01  9.6590000e+01]
 [-3.7452000e-03  7.7652764e-01  6.2997948e-01  1.4090000e+02]
 [ 9.7410300e-01  1.4456520e-01 -1.7208260e-01 -1.1800900e+03]
 [ 0.0000000e+00  0.0000000e+00  0.0000000e+00  1.0000000e+00]]
[+0121.27, +0068.74, -1098.30]
1499, 1244, 788
[[-2.2436058e-01  6.1333808e-01 -7.5688008e-01  9.6620000e+01]
 [-3.6916800e-03  7.7644494e-01  6.3008572e-01  1.4089000e+02]
 [ 9.7418552e-01  1.4435388e-01 -1.7187048e-01 -1.1800500e+03]
 [ 0.0000000e+00  0.0000000e+00  0.0000000e+00  1.0000000e+00]]
[+0112.04, +0061.64, -1088.06]
1050, 1834, 758
[[-2.2347636e-01  6.1357150e-01 -7.5706458e-01  9.6650000e+01]
 [-3.8785800e-03  7.7636220e-01  6.3021106e-01  1.4098000e+02]
 [ 9.7447510e-01  1.4391330e-01 -1.7106900e-01 -1.1800900e+03]
 [ 0.0000000e+00  0.0000000e+00  0.0000000e+00  1.0000000e+00]]
[+0168.63, -0005.53, -1106.77]
1499, 1244, 788
[[-2.2524516e-01  6.1300962e-01 -7.5689510e-01  9.6580000e+01]
 [-3.7049000e-03  7.7661030e-01  6.2988450e-01  1.4089000e+02]
 [ 9.7399038e-01  1.4487034e-01 -1.7258970e-01 -1.1800600e+03]
 [ 0.0000000e+00  0.0000000e+00  0.0000000e+00  1.0000000e+00]]
[+0111.65, +0062.57, -1088.63]
809, 1530, 1901
[[-2.2392082e-01  6.1227230e-01 -7.5788650e-01  9.6510000e+01]
 [-3.4277000e-03  7.7742750e-01  6.2887790e-01  1.4084000e+02]
 [ 9.7429850e-01  1.4360290e-01 -1.7191732e-01 -1.1800800e+03]
 [ 0.0000000e+00  0.0000000e+00  0.0000000e+00  1.0000000e+00]]
[+0065.62, -0077.45, -1143.88]
827, 835, 1552
[[-2.2318170e-01  6.1372998e-01 -7.5704184e-01  9.6670000e+01]
 [-3.8251800e-03  7.7627942e-01  6.3031744e-01  1.4084000e+02]
 [ 9.7455744e-01  1.4370184e-01 -1.7085712e-01 -1.1800900e+03]
 [ 0.0000000e+00  0.0000000e+00  0.0000000e+00  1.0000000e+00]]
[+0020.22, -0041.68, -1117.11]
809, 1530, 1901
[[-2.2352122e-01  6.1221826e-01 -7.5810510e-01  9.6490000e+01]
 [-3.4562600e-03  7.7753228e-01  6.2876070e-01  1.4083000e+02]
 [ 9.7443450e-01  1.4332050e-01 -1.7162250e-01 -1.1800900e+03]
 [ 0.0000000e+00  0.0000000e+00  0.0000000e+00  1.0000000e+00]]
[+0067.54, -0077.86, -1144.39]
1530, 2007, 986
[[-2.2550034e-01  6.1222936e-01 -7.5740006e-01  9.6470000e+01]
 [-2.9717600e-03  7.7732268e-01  6.2899832e-01  1.4092000e+02]
 [ 9.7389466e-01  1.4430152e-01 -1.7339202e-01 -1.1800900e+03]
 [ 0.0000000e+00  0.0000000e+00  0.0000000e+00  1.0000000e+00]]
[+0157.62, +0021.23, -1109.68]
809, 1530, 1901
[[-2.2375074e-01  6.1232252e-01 -7.5793850e-01  9.6520000e+01]
 [-4.5274000e-03  7.7725560e-01  6.2909260e-01  1.4082000e+02]
 [ 9.7436602e-01  1.4435764e-01 -1.7108010e-01 -1.1801200e+03]
 [ 0.0000000e+00  0.0000000e+00  0.0000000e+00  1.0000000e+00]]
[+0065.20, -0077.53, -1144.58]
1211, 1412, 2156
[[-2.2590026e-01  6.1126014e-01 -7.5804318e-01  9.6350000e+01]
 [-4.2805800e-03  7.7787734e-01  6.2830054e-01  1.4075000e+02]
 [ 9.7378134e-01  1.4539922e-01 -1.7302756e-01 -1.1800900e+03]
 [ 0.0000000e+00  0.0000000e+00  0.0000000e+00  1.0000000e+00]]
[+0034.04, -0047.86, -1143.52]
809, 1530, 1901
[[-2.2335106e-01  6.1319526e-01 -7.5749498e-01  9.6650000e+01]
 [-3.4195800e-03  7.7678220e-01  6.2971554e-01  1.4088000e+02]
 [ 9.7457446e-01  1.4333502e-01 -1.7136370e-01 -1.1800900e+03]
 [ 0.0000000e+00  0.0000000e+00  0.0000000e+00  1.0000000e+00]]
[+0067.96, -0073.81, -1139.62]
1007, 1223, 792
[[-2.2349712e-01  6.1383008e-01 -7.5667560e-01  9.6700000e+01]
 [-4.2199200e-03  7.7604678e-01  6.3055910e-01  1.4090000e+02]
 [ 9.7433440e-01  1.4434410e-01 -1.7077434e-01 -1.1800900e+03]
 [ 0.0000000e+00  0.0000000e+00  0.0000000e+00  1.0000000e+00]]
[+0116.05, +0009.61, -1067.87]
918, 1572, 886
[[-2.2377106e-01  6.1317080e-01 -7.5733972e-01  9.6640000e+01]
 [-4.2792800e-03  7.7661030e-01  6.2991104e-01  1.4092000e+02]
 [ 9.7443500e-01  1.4431840e-01 -1.7111560e-01 -1.1801100e+03]
 [ 0.0000000e+00  0.0000000e+00  0.0000000e+00  1.0000000e+00]]
[+0139.29, -0021.93, -1085.34]
1007, 1223, 792
[[-2.2368660e-01  6.1375396e-01 -7.5683448e-01  9.6670000e+01]
 [-4.0610400e-03  7.7615196e-01  6.3046436e-01  1.4090000e+02]
 [ 9.7441052e-01  1.4424936e-01 -1.7106900e-01 -1.1800800e+03]
 [ 0.0000000e+00  0.0000000e+00  0.0000000e+00  1.0000000e+00]]
[+0115.22, +0008.92, -1067.72]
796, 1141, 897
[[-2.2328680e-01  6.1379496e-01 -7.5685312e-01  9.6710000e+01]
 [-3.8901600e-03  7.7617432e-01  6.3042336e-01  1.4090000e+02]
 [ 9.7445152e-01  1.4389056e-01 -1.7085712e-01 -1.1801000e+03]
 [ 0.0000000e+00  0.0000000e+00  0.0000000e+00  1.0000000e+00]]
[+0098.55, -0023.23, -1067.82]
1007, 1223, 792
[[-2.2368660e-01  6.1390130e-01 -7.5678190e-01  9.6670000e+01]
 [-3.9137000e-03  7.7606918e-01  6.3058186e-01  1.4092000e+02]
 [ 9.7446310e-01  1.4413186e-01 -1.7115178e-01 -1.1800800e+03]
 [ 0.0000000e+00  0.0000000e+00  0.0000000e+00  1.0000000e+00]]
[+0116.48, +0009.35, -1067.89]
1655, 1068, 1964
[[-2.2621508e-01  6.1146474e-01 -7.5797226e-01  9.6360000e+01]
 [-4.7802600e-03  7.7764478e-01  6.2862578e-01  1.4076000e+02]
 [ 9.7385226e-01  1.4595922e-01 -1.7294530e-01 -1.1800900e+03]
 [ 0.0000000e+00  0.0000000e+00  0.0000000e+00  1.0000000e+00]]
[+0011.98, +0012.05, -1139.23]
1007, 1223, 792
[[-2.2358146e-01  6.1402592e-01 -7.5657084e-01  9.6750000e+01]
 [-3.4489600e-03  7.7600864e-01  6.3062808e-01  1.4099000e+02]
 [ 9.7437948e-01  1.4379096e-01 -1.7131746e-01 -1.1800900e+03]
 [ 0.0000000e+00  0.0000000e+00  0.0000000e+00  1.0000000e+00]]
[+0116.80, +0010.17, -1068.11]
1056, 1627, 1985
[[-2.2522504e-01  6.1128644e-01 -7.5830364e-01  9.6370000e+01]
 [-5.1436400e-03  7.7783198e-01  6.2836782e-01  1.4080000e+02]
 [ 9.7399644e-01  1.4560722e-01 -1.7197802e-01 -1.1801300e+03]
 [ 0.0000000e+00  0.0000000e+00  0.0000000e+00  1.0000000e+00]]
[+0060.53, -0064.12, -1133.52]
1161, 1865, 1877
[[-2.2512010e-01  6.1214888e-01 -7.5783004e-01  9.6460000e+01]
 [-3.9413600e-03  7.7736054e-01  6.2900132e-01  1.4089000e+02]
 [ 9.7417508e-01  1.4467876e-01 -1.7255440e-01 -1.1800900e+03]
 [ 0.0000000e+00  0.0000000e+00  0.0000000e+00  1.0000000e+00]]
[+0086.64, -0056.97, -1118.86]
1056, 1627, 1985
[[-2.2520532e-01  6.1195524e-01 -7.5802996e-01  9.6420000e+01]
 [-3.6652400e-03  7.7757030e-01  6.2875878e-01  1.4082000e+02]
 [ 9.7421004e-01  1.4443622e-01 -1.7284938e-01 -1.1800900e+03]
 [ 0.0000000e+00  0.0000000e+00  0.0000000e+00  1.0000000e+00]]
[+0060.19, -0064.17, -1133.85]
1621, 1453, 2157
[[-2.2680532e-01  6.1085166e-01 -7.5812186e-01  9.6310000e+01]
 [-5.1833400e-03  7.7797342e-01  6.2817918e-01  1.4075000e+02]
 [ 9.7358186e-01  1.4661582e-01 -1.7320690e-01 -1.1801100e+03]
 [ 0.0000000e+00  0.0000000e+00  0.0000000e+00  1.0000000e+00]]
[+0027.73, -0014.08, -1131.16]
1056, 1627, 1985
[[-2.2482516e-01  6.1225510e-01 -7.5766014e-01  9.6520000e+01]
 [-3.8351400e-03  7.7727804e-01  6.2906630e-01  1.4086000e+02]
 [ 9.7411010e-01  1.4450886e-01 -1.7234196e-01 -1.1801000e+03]
 [ 0.0000000e+00  0.0000000e+00  0.0000000e+00  1.0000000e+00]]
[+0063.64, -0061.26, -1129.96]
1119, 1403, 1551
[[-2.2453026e-01  6.1280360e-01 -7.5733286e-01  9.6560000e+01]
 [-3.2866400e-03  7.7694764e-01  6.2948360e-01  1.4087000e+02]
 [ 9.7420250e-01  1.4398664e-01 -1.7237746e-01 -1.1800600e+03]
 [ 0.0000000e+00  0.0000000e+00  0.0000000e+00  1.0000000e+00]]
[+0066.11, -0032.39, -1092.43]
1056, 1627, 1985
[[-2.2512010e-01  6.1161142e-01 -7.5818736e-01  9.6430000e+01]
 [-4.5837400e-03  7.7769014e-01  6.2857272e-01  1.4083000e+02]
 [ 9.7411272e-01  1.4510736e-01 -1.7222480e-01 -1.1801000e+03]
 [ 0.0000000e+00  0.0000000e+00  0.0000000e+00  1.0000000e+00]]
[+0061.30, -0064.65, -1133.60]
1810, 1524, 1474
[[-2.2541508e-01  6.1193770e-01 -7.5770494e-01  9.6450000e+01]
 [-3.9427000e-03  7.7744300e-01  6.2885390e-01  1.4086000e+02]
 [ 9.7394506e-01  1.4493110e-01 -1.7276692e-01 -1.1801100e+03]
 [ 0.0000000e+00  0.0000000e+00  0.0000000e+00  1.0000000e+00]]
[+0077.02, +0042.23, -1095.65]
1641, 1729, 1293
[[-2.2472026e-01  6.1248502e-01 -7.5774398e-01  9.6500000e+01]
 [-3.4752200e-03  7.7721782e-01  6.2919502e-01  1.4090000e+02]
 [ 9.7432118e-01  1.4408522e-01 -1.7250708e-01 -1.1801000e+03]
 [ 0.0000000e+00  0.0000000e+00  0.0000000e+00  1.0000000e+00]]
[+0110.73, +0022.82, -1088.61]
1810, 1524, 1474
[[-2.2613010e-01  6.1185844e-01 -7.5786762e-01  9.6440000e+01]
 [-4.9611600e-03  7.7735244e-01  6.2902684e-01  1.4086000e+02]
 [ 9.7401718e-01  1.4604324e-01 -1.7273250e-01 -1.1801300e+03]
 [ 0.0000000e+00  0.0000000e+00  0.0000000e+00  1.0000000e+00]]
[+0074.84, +0040.60, -1095.82]
2092, 1405, 1076
[[-2.2701540e-01  6.1186674e-01 -7.5742938e-01  9.6430000e+01]
 [-4.4274600e-03  7.7727014e-01  6.2909606e-01  1.4085000e+02]
 [ 9.7368402e-01  1.4628926e-01 -1.7370010e-01 -1.1801300e+03]
 [ 0.0000000e+00  0.0000000e+00  0.0000000e+00  1.0000000e+00]]
[+0099.55, +0084.04, -1123.37]
1810, 1524, 1474
[[-2.2581504e-01  6.1199136e-01 -7.5748608e-01  9.6470000e+01]
 [-3.9139200e-03  7.7733806e-01  6.2897144e-01  1.4086000e+02]
 [ 9.7380864e-01  1.4521352e-01 -1.7306194e-01 -1.1800800e+03]
 [ 0.0000000e+00  0.0000000e+00  0.0000000e+00  1.0000000e+00]]
[+0076.70, +0033.53, -1094.19]
1649, 1340, 1414
[[-2.2554010e-01  6.1251356e-01 -7.5737012e-01  9.6520000e+01]
 [-4.3060400e-03  7.7694054e-01  6.2950876e-01  1.4085000e+02]
 [ 9.7404508e-01  1.4535116e-01 -1.7255440e-01 -1.1801000e+03]
 [ 0.0000000e+00  0.0000000e+00  0.0000000e+00  1.0000000e+00]]
[+0065.48, +0032.06, -1090.83]
1810, 1524, 1474
[[-2.2602504e-01  6.1198356e-01 -7.5765620e-01  9.6420000e+01]
 [-4.4962000e-03  7.7729286e-01  6.2907294e-01  1.4084000e+02]
 [ 9.7393356e-01  1.4570210e-01 -1.7289714e-01 -1.1801300e+03]
 [ 0.0000000e+00  0.0000000e+00  0.0000000e+00  1.0000000e+00]]
[+0075.93, +0038.20, -1094.94]
2047, 1968, 1406
[[-2.2689058e-01  6.1129110e-01 -7.5776378e-01  9.6340000e+01]
 [-4.0647000e-03  7.7777244e-01  6.2844090e-01  1.4090000e+02]
 [ 9.7358422e-01  1.4586870e-01 -1.7391298e-01 -1.1801400e+03]
 [ 0.0000000e+00  0.0000000e+00  0.0000000e+00  1.0000000e+00]]
[+0117.06, +0043.72, -1105.42]
1790, 1178, 1382
[[-2.2535026e-01  6.1249482e-01 -7.5741150e-01  9.6530000e+01]
 [-4.6647000e-03  7.7691790e-01  6.2952750e-01  1.4085000e+02]
 [ 9.7406382e-01  1.4552226e-01 -1.7217700e-01 -1.1800900e+03]
 [ 0.0000000e+00  0.0000000e+00  0.0000000e+00  1.0000000e+00]]
[+0055.72, +0052.30, -1103.14]
2047, 1968, 1406
[[-2.2689058e-01  6.1104836e-01 -7.5801630e-01  9.6340000e+01]
 [-4.4123600e-03  7.7793692e-01  6.2824740e-01  1.4089000e+02]
 [ 9.7362690e-01  1.4606220e-01 -1.7374850e-01 -1.1801400e+03]
 [ 0.0000000e+00  0.0000000e+00  0.0000000e+00  1.0000000e+00]]
[+0116.91, +0043.73, -1105.29]
2147, 1917, 2008
[[-2.2796680e-01  6.1049508e-01 -7.5824096e-01  9.6220000e+01]
 [-4.4163600e-03  7.7828824e-01  6.2783448e-01  1.4081000e+02]
 [ 9.7345472e-01  1.4659944e-01 -1.7468320e-01 -1.1801100e+03]
 [ 0.0000000e+00  0.0000000e+00  0.0000000e+00  1.0000000e+00]]
[+0066.47, +0021.65, -1110.82]
2047, 1968, 1406
[[-2.2680532e-01  6.1153706e-01 -7.5771178e-01  9.6420000e+01]
 [-4.3929400e-03  7.7756252e-01  6.2872474e-01  1.4091000e+02]
 [ 9.7369678e-01  1.4607026e-01 -1.7361780e-01 -1.1801000e+03]
 [ 0.0000000e+00  0.0000000e+00  0.0000000e+00  1.0000000e+00]]
[+0117.59, +0044.23, -1106.26]
1334, 2195, 1543
[[-2.2579540e-01  6.1134272e-01 -7.5817944e-01  9.6400000e+01]
 [-4.0680800e-03  7.7789990e-01  6.2831154e-01  1.4093000e+02]
 [ 9.7394016e-01  1.4509314e-01 -1.7310986e-01 -1.1801000e+03]
 [ 0.0000000e+00  0.0000000e+00  0.0000000e+00  1.0000000e+00]]
[+0133.15, -0033.58, -1112.97]
2047, 1968, 1406
[[-2.2630026e-01  6.1151376e-01 -7.5791940e-01  9.6400000e+01]
 [-4.1568000e-03  7.7769014e-01  6.2857676e-01  1.4087000e+02]
 [ 9.7384476e-01  1.4552300e-01 -1.7340496e-01 -1.1801100e+03]
 [ 0.0000000e+00  0.0000000e+00  0.0000000e+00  1.0000000e+00]]
[+0114.17, +0046.47, -1106.23]
1955, 2004, 896
[[-2.2581504e-01  6.1204384e-01 -7.5763360e-01  9.6480000e+01]
 [-3.9664000e-03  7.7733806e-01  6.2901266e-01  1.4100000e+02]
 [ 9.7395616e-01  1.4517230e-01 -1.7306194e-01 -1.1800900e+03]
 [ 0.0000000e+00  0.0000000e+00  0.0000000e+00  1.0000000e+00]]
[+0150.49, +0052.93, -1125.59]
1951, 1785, 812
[[-2.2602504e-01  6.1252112e-01 -7.5729860e-01  9.6530000e+01]
 [-3.8536000e-03  7.7696310e-01  6.2950120e-01  1.4095000e+02]
 [ 9.7399612e-01  1.4527384e-01 -1.7322690e-01 -1.1800700e+03]
 [ 0.0000000e+00  0.0000000e+00  0.0000000e+00  1.0000000e+00]]
[+0143.58, +0066.80, -1125.84]
1955, 2004, 896
[[-2.2609050e-01  6.1142660e-01 -7.5794930e-01  9.6410000e+01]
 [-3.7745200e-03  7.7781756e-01  6.2839900e-01  1.4096000e+02]
 [ 9.7381486e-01  1.4511052e-01 -1.7348730e-01 -1.1801100e+03]
 [ 0.0000000e+00  0.0000000e+00  0.0000000e+00  1.0000000e+00]]
[+0151.29, +0052.38, -1126.27]
1795, 2061, 752
[[-2.2493010e-01  6.1237254e-01 -7.5761888e-01  9.6510000e+01]
 [-3.9525800e-03  7.7717310e-01  6.2921376e-01  1.4106000e+02]
 [ 9.7415136e-01  1.4465632e-01 -1.7234196e-01 -1.1801200e+03]
 [ 0.0000000e+00  0.0000000e+00  0.0000000e+00  1.0000000e+00]]
[+0164.47, +0043.81, -1131.78]
1955, 2004, 896
[[-2.2638564e-01  6.1180568e-01 -7.5761424e-01  9.6450000e+01]
 [-3.1857600e-03  7.7757030e-01  6.2872102e-01  1.4099000e+02]
 [ 9.7379432e-01  1.4489334e-01 -1.7402970e-01 -1.1801100e+03]
 [ 0.0000000e+00  0.0000000e+00  0.0000000e+00  1.0000000e+00]]
[+0150.65, +0052.41, -1125.87]
1016, 1671, 1809
[[-2.2520532e-01  6.1219782e-01 -7.5777762e-01  9.6480000e+01]
 [-3.3178200e-03  7.7740526e-01  6.2895238e-01  1.4087000e+02]
 [ 9.7416738e-01  1.4424262e-01 -1.7301442e-01 -1.1800600e+03]
 [ 0.0000000e+00  0.0000000e+00  0.0000000e+00  1.0000000e+00]]
[+0073.04, -0063.05, -1121.24]
1955, 2004, 896
[[-2.2600516e-01  6.1182014e-01 -7.5784466e-01  9.6430000e+01]
 [-3.9553400e-03  7.7752542e-01  6.2880022e-01  1.4098000e+02]
 [ 9.7397986e-01  1.4519462e-01 -1.7327458e-01 -1.1801500e+03]
 [ 0.0000000e+00  0.0000000e+00  0.0000000e+00  1.0000000e+00]]
[+0150.58, +0051.90, -1124.68]
787, 1048, 1246
[[-2.2358146e-01  6.1354168e-01 -7.5707576e-01  9.6700000e+01]
 [-4.1434400e-03  7.7633984e-01  6.3024088e-01  1.4088000e+02]
 [ 9.7446392e-01  1.4417816e-01 -1.7098626e-01 -1.1801200e+03]
 [ 0.0000000e+00  0.0000000e+00  0.0000000e+00  1.0000000e+00]]
[+0057.82, -0042.62, -1085.72]
980, 969, 902
[[-2.2379178e-01  6.1381886e-01 -7.5664576e-01  9.6710000e+01]
 [-4.1259400e-03  7.7604678e-01  6.3057032e-01  1.4087000e+02]
 [ 9.7430456e-01  1.4443808e-01 -1.7106900e-01 -1.1800800e+03]
 [ 0.0000000e+00  0.0000000e+00  0.0000000e+00  1.0000000e+00]]
[+0076.78, +0012.29, -1065.23]
787, 1048, 1246
[[-2.2347636e-01  6.1357150e-01 -7.5706458e-01  9.6690000e+01]
 [-3.8785800e-03  7.7636220e-01  6.3021106e-01  1.4088000e+02]
 [ 9.7447510e-01  1.4391330e-01 -1.7106900e-01 -1.1801000e+03]
 [ 0.0000000e+00  0.0000000e+00  0.0000000e+00  1.0000000e+00]]
[+0059.61, -0043.04, -1085.49]
774, 1570, 1119
[[-2.2385572e-01  6.1331422e-01 -7.5708762e-01  9.6680000e+01]
 [-3.4557800e-03  7.7657228e-01  6.2993862e-01  1.4093000e+02]
 [ 9.7433262e-01  1.4380638e-01 -1.7165844e-01 -1.1800900e+03]
 [ 0.0000000e+00  0.0000000e+00  0.0000000e+00  1.0000000e+00]]
[+0123.82, -0050.44, -1094.98]
787, 1048, 1246
[[-2.2387616e-01  6.1353048e-01 -7.5704592e-01  9.6700000e+01]
 [-4.0495200e-03  7.7633984e-01  6.3025208e-01  1.4088000e+02]
 [ 9.7443408e-01  1.4427208e-01 -1.7128096e-01 -1.1801000e+03]
 [ 0.0000000e+00  0.0000000e+00  0.0000000e+00  1.0000000e+00]]
[+0058.32, -0042.86, -1085.58]
1035, 1085, 1377
[[-2.2436058e-01  6.1285356e-01 -7.5738504e-01  9.6590000e+01]
 [-4.3863600e-03  7.7677550e-01  6.2969852e-01  1.4085000e+02]
 [ 9.7427016e-01  1.4474108e-01 -1.7153992e-01 -1.1801200e+03]
 [ 0.0000000e+00  0.0000000e+00  0.0000000e+00  1.0000000e+00]]
[+0048.42, -0020.37, -1087.18]
787, 1048, 1246
[[-2.2339194e-01  6.1381774e-01 -7.5701162e-01  9.6730000e+01]
 [-4.2075800e-03  7.7615196e-01  6.3049454e-01  1.4089000e+02]
 [ 9.7458766e-01  1.4411402e-01 -1.7077434e-01 -1.1801100e+03]
 [ 0.0000000e+00  0.0000000e+00  0.0000000e+00  1.0000000e+00]]
[+0059.48, -0041.49, -1085.08]
1257, 2088, 2009
[[-2.2647122e-01  6.1044102e-01 -7.5872826e-01  9.6300000e+01]
 [-4.3954200e-03  7.7852060e-01  6.2754554e-01  1.4083000e+02]
 [ 9.7380054e-01  1.4558326e-01 -1.7358418e-01 -1.1801100e+03]
 [ 0.0000000e+00  0.0000000e+00  0.0000000e+00  1.0000000e+00]]
[+0093.94, -0056.97, -1127.70]
1165, 1909, 2118
[[-2.2529074e-01  6.1092886e-01 -7.5869168e-01  9.6380000e+01]
 [-4.3266200e-03  7.7827406e-01  6.2785264e-01  1.4073000e+02]
 [ 9.7407824e-01  1.4485712e-01 -1.7265024e-01 -1.1801200e+03]
 [ 0.0000000e+00  0.0000000e+00  0.0000000e+00  1.0000000e+00]]
[+0073.43, -0062.85, -1137.58]
1257, 2088, 2009
[[-2.2489098e-01  6.1145542e-01 -7.5820604e-01  9.6420000e+01]
 [-3.4604200e-03  7.7796710e-01  6.2819884e-01  1.4088000e+02]
 [ 9.7403396e-01  1.4411116e-01 -1.7276692e-01 -1.1801200e+03]
 [ 0.0000000e+00  0.0000000e+00  0.0000000e+00  1.0000000e+00]]
[+0095.91, -0055.69, -1126.42]
1335, 1876, 1728
[[-2.2493010e-01  6.1207762e-01 -7.5772384e-01  9.6500000e+01]
 [-4.2475000e-03  7.7733806e-01  6.2897888e-01  1.4087000e+02]
 [ 9.7404640e-01  1.4489120e-01 -1.7217700e-01 -1.1801200e+03]
 [ 0.0000000e+00  0.0000000e+00  0.0000000e+00  1.0000000e+00]]
[+0091.42, -0031.00, -1099.68]
1257, 2088, 2009
[[-2.2548106e-01  6.1094770e-01 -7.5865036e-01  9.6350000e+01]
 [-3.9681400e-03  7.7829654e-01  6.2783380e-01  1.4084000e+02]
 [ 9.7405940e-01  1.4468564e-01 -1.7302756e-01 -1.1801000e+03]
 [ 0.0000000e+00  0.0000000e+00  0.0000000e+00  1.0000000e+00]]
[+0094.18, -0057.23, -1127.48]
1413, 2051, 2080
[[-2.2609050e-01  6.1108876e-01 -7.5840168e-01  9.6340000e+01]
 [-4.3220400e-03  7.7806446e-01  6.2812916e-01  1.4081000e+02]
 [ 9.7395272e-01  1.4538036e-01 -1.7324040e-01 -1.1801500e+03]
 [ 0.0000000e+00  0.0000000e+00  0.0000000e+00  1.0000000e+00]]
[+0081.09, -0047.01, -1121.75]
1257, 2088, 2009
[[-2.2451058e-01  6.1161760e-01 -7.5838350e-01  9.6450000e+01]
 [-4.0824000e-03  7.7784000e-01  6.2839520e-01  1.4087000e+02]
 [ 9.7427150e-01  1.4429520e-01 -1.7209458e-01 -1.1801200e+03]
 [ 0.0000000e+00  0.0000000e+00  0.0000000e+00  1.0000000e+00]]
[+0095.30, -0056.64, -1126.51]
1733, 1004, 2191
[[-2.2697604e-01  6.1070720e-01 -7.5826824e-01  9.6260000e+01]
 [-4.2842400e-03  7.7822886e-01  6.2788730e-01  1.4070000e+02]
 [ 9.7360960e-01  1.4593674e-01 -1.7396154e-01 -1.1800900e+03]
 [ 0.0000000e+00  0.0000000e+00  0.0000000e+00  1.0000000e+00]]
[+0010.30, +0008.12, -1158.56]
1713, 1473, 2114
[[-2.2581504e-01  6.1155872e-01 -7.5813856e-01  9.6430000e+01]
 [-4.6614400e-03  7.7766750e-01  6.2862542e-01  1.4080000e+02]
 [ 9.7404128e-01  1.4555954e-01 -1.7273250e-01 -1.1801300e+03]
 [ 0.0000000e+00  0.0000000e+00  0.0000000e+00  1.0000000e+00]]
[+0034.02, -0003.44, -1122.75]
1733, 1004, 2191
[[-2.2737616e-01  6.1081316e-01 -7.5819684e-01  9.6280000e+01]
 [-4.3080400e-03  7.7812400e-01  6.2804628e-01  1.4069000e+02]
 [ 9.7362036e-01  1.4617788e-01 -1.7425680e-01 -1.1801100e+03]
 [ 0.0000000e+00  0.0000000e+00  0.0000000e+00  1.0000000e+00]]
[+0010.26, +0008.18, -1158.60]
1984, 980, 1983
[[-2.2798628e-01  6.1158678e-01 -7.5739026e-01  9.6360000e+01]
 [-3.8182200e-03  7.7748022e-01  6.2884626e-01  1.4077000e+02]
 [ 9.7348026e-01  1.4636874e-01 -1.7488106e-01 -1.1800800e+03]
 [ 0.0000000e+00  0.0000000e+00  0.0000000e+00  1.0000000e+00]]
[+0017.92, +0039.87, -1152.52]
1733, 1004, 2191
[[-2.2668082e-01  6.1116134e-01 -7.5814126e-01  9.6370000e+01]
 [-3.9349400e-03  7.7798220e-01  6.2822798e-01  1.4074000e+02]
 [ 9.7379714e-01  1.4549122e-01 -1.7391298e-01 -1.1800500e+03]
 [ 0.0000000e+00  0.0000000e+00  0.0000000e+00  1.0000000e+00]]
[+0010.54, +0007.46, -1158.19]
1312, 904, 1691
[[-2.2463520e-01  6.1301600e-01 -7.5709160e-01  9.6600000e+01]
 [-3.2041600e-03  7.7676000e-01  6.2970712e-01  1.4085000e+02]
 [ 9.7414888e-01  1.4405800e-01 -1.7246016e-01 -1.1800400e+03]
 [ 0.0000000e+00  0.0000000e+00  0.0000000e+00  1.0000000e+00]]
[+0014.32, +0003.17, -1119.42]
1733, 1004, 2191
[[-2.2708090e-01  6.1067690e-01 -7.5827960e-01  9.6240000e+01]
 [-4.5491800e-03  7.7820614e-01  6.2791760e-01  1.4070000e+02]
 [ 9.7359824e-01  1.4620168e-01 -1.7387940e-01 -1.1801000e+03]
 [ 0.0000000e+00  0.0000000e+00  0.0000000e+00  1.0000000e+00]]
[+0010.47, +0007.78, -1158.16]
916, 1915, 1775
[[-2.2413050e-01  6.1269726e-01 -7.5740418e-01  9.6620000e+01]
 [-3.2629800e-03  7.7705254e-01  6.2932506e-01  1.4095000e+02]
 [ 9.7419114e-01  1.4374542e-01 -1.7208260e-01 -1.1801100e+03]
 [ 0.0000000e+00  0.0000000e+00  0.0000000e+00  1.0000000e+00]]
[+0104.61, -0069.47, -1130.89]
916, 1911, 2002
[[-2.2390146e-01  6.1147602e-01 -7.5863214e-01  9.6460000e+01]
 [-3.7283400e-03  7.7807180e-01  6.2810042e-01  1.4084000e+02]
 [ 9.7437762e-01  1.4360054e-01 -1.7188210e-01 -1.1801300e+03]
 [ 0.0000000e+00  0.0000000e+00  0.0000000e+00  1.0000000e+00]]
[+0089.20, -0074.38, -1146.49]
916, 1915, 1775
[[-2.2375074e-01  6.1261728e-01 -7.5783354e-01  9.6620000e+01]
 [-4.2326400e-03  7.7709056e-01  6.2932768e-01  1.4091000e+02]
 [ 9.7447098e-01  1.4412256e-01 -1.7124514e-01 -1.1801400e+03]
 [ 0.0000000e+00  0.0000000e+00  0.0000000e+00  1.0000000e+00]]
[+0102.96, -0068.19, -1130.01]
1281, 1907, 1774
[[-2.2541508e-01  6.1213766e-01 -7.5779998e-01  9.6500000e+01]
 [-3.8476600e-03  7.7736054e-01  6.2901254e-01  1.4088000e+02]
 [ 9.7414502e-01  1.4477246e-01 -1.7284938e-01 -1.1801200e+03]
 [ 0.0000000e+00  0.0000000e+00  0.0000000e+00  1.0000000e+00]]
[+0095.27, -0040.49, -1105.78]
916, 1915, 1775
[[-2.2364580e-01  6.1279450e-01 -7.5776990e-01  9.6620000e+01]
 [-3.8203400e-03  7.7703030e-01  6.2941538e-01  1.4091000e+02]
 [ 9.7453462e-01  1.4374010e-01 -1.7141034e-01 -1.1801300e+03]
 [ 0.0000000e+00  0.0000000e+00  0.0000000e+00  1.0000000e+00]]
[+0103.10, -0069.06, -1130.68]
920, 2138, 1778
[[-2.2430106e-01  6.1177262e-01 -7.5816136e-01  9.6500000e+01]
 [-3.3526600e-03  7.7780214e-01  6.2841152e-01  1.4091000e+02]
 [ 9.7419872e-01  1.4368904e-01 -1.7234196e-01 -1.1801400e+03]
 [ 0.0000000e+00  0.0000000e+00  0.0000000e+00  1.0000000e+00]]
[+0120.13, -0068.35, -1142.00]
916, 1915, 1775
[[-2.2354090e-01  6.1238220e-01 -7.5791610e-01  9.6610000e+01]
 [-3.9975600e-03  7.7730040e-01  6.2903292e-01  1.4087000e+02]
 [ 9.7438842e-01  1.4382780e-01 -1.7124514e-01 -1.1801500e+03]
 [ 0.0000000e+00  0.0000000e+00  0.0000000e+00  1.0000000e+00]]
[+0101.19, -0067.99, -1129.50]
1509, 2135, 1196
[[-2.2529074e-01  6.1185674e-01 -7.5802998e-01  9.6460000e+01]
 [-3.1892200e-03  7.7769740e-01  6.2859234e-01  1.4093000e+02]
 [ 9.7414986e-01  1.4411742e-01 -1.7322690e-01 -1.1801300e+03]
 [ 0.0000000e+00  0.0000000e+00  0.0000000e+00  1.0000000e+00]]
[+0151.60, +0002.79, -1109.24]
1800, 2136, 2091
[[-2.2647122e-01  6.1058862e-01 -7.5867588e-01  9.6280000e+01]
 [-4.2478200e-03  7.7843846e-01  6.2766292e-01  1.4082000e+02]
 [ 9.7385292e-01  1.4546588e-01 -1.7366632e-01 -1.1801500e+03]
 [ 0.0000000e+00  0.0000000e+00  0.0000000e+00  1.0000000e+00]]
[+0082.72, -0019.13, -1110.74]
1509, 2135, 1196
[[-2.2501520e-01  6.1188396e-01 -7.5792372e-01  9.6500000e+01]
 [-3.9714000e-03  7.7754790e-01  6.2873640e-01  1.4093000e+02]
 [ 9.7408140e-01  1.4464872e-01 -1.7247194e-01 -1.1801200e+03]
 [ 0.0000000e+00  0.0000000e+00  0.0000000e+00  1.0000000e+00]]
[+0151.63, +0001.71, -1109.59]
1840, 836, 1090
[[-2.2625572e-01  6.1286654e-01 -7.5688006e-01  9.6600000e+01]
 [-4.5765400e-03  7.7651990e-01  6.3002758e-01  1.4084000e+02]
 [ 9.7388494e-01  1.4611742e-01 -1.7284938e-01 -1.1801000e+03]
 [ 0.0000000e+00  0.0000000e+00  0.0000000e+00  1.0000000e+00]]
[+0053.23, +0087.69, -1128.57]
1509, 2135, 1196
[[-2.2520532e-01  6.1195524e-01 -7.5802996e-01  9.6470000e+01]
 [-3.6652400e-03  7.7757030e-01  6.2875878e-01  1.4091000e+02]
 [ 9.7421004e-01  1.4443622e-01 -1.7284938e-01 -1.1801200e+03]
 [ 0.0000000e+00  0.0000000e+00  0.0000000e+00  1.0000000e+00]]
[+0151.71, +0000.38, -1109.73]
772, 1927, 1436
[[-2.2404552e-01  6.1294332e-01 -7.5735144e-01  9.6660000e+01]
 [-3.5917200e-03  7.7684270e-01  6.2960876e-01  1.4092000e+02]
 [ 9.7430376e-01  1.4394644e-01 -1.7178778e-01 -1.1801200e+03]
 [ 0.0000000e+00  0.0000000e+00  0.0000000e+00  1.0000000e+00]]
[+0124.93, -0066.98, -1126.73]
1509, 2135, 1196
[[-2.2600516e-01  6.1167260e-01 -7.5789712e-01  9.6470000e+01]
 [-4.1028800e-03  7.7760780e-01  6.2868284e-01  1.4093000e+02]
 [ 9.7392740e-01  1.4531200e-01 -1.7319220e-01 -1.1801500e+03]
 [ 0.0000000e+00  0.0000000e+00  0.0000000e+00  1.0000000e+00]]
[+0151.70, +0002.86, -1109.29]
1911, 1739, 1866
[[-2.2718580e-01  6.1103700e-01 -7.5798600e-01  9.6330000e+01]
 [-4.3188000e-03  7.7793692e-01  6.2825876e-01  1.4080000e+02]
 [ 9.7359660e-01  1.4615576e-01 -1.7404372e-01 -1.1801300e+03]
 [ 0.0000000e+00  0.0000000e+00  0.0000000e+00  1.0000000e+00]]
[+0061.46, +0017.91, -1104.65]
1500, 1578, 1714
[[-2.2512010e-01  6.1229636e-01 -7.5777758e-01  9.6520000e+01]
 [-3.7938800e-03  7.7727804e-01  6.2911876e-01  1.4085000e+02]
 [ 9.7422754e-01  1.4456132e-01 -1.7263690e-01 -1.1801000e+03]
 [ 0.0000000e+00  0.0000000e+00  0.0000000e+00  1.0000000e+00]]
[+0063.56, -0009.82, -1095.67]
1911, 1739, 1866
[[-2.2689058e-01  6.1080562e-01 -7.5826882e-01  9.6340000e+01]
 [-4.7600200e-03  7.7810124e-01  6.2805382e-01  1.4081000e+02]
 [ 9.7366958e-01  1.4625578e-01 -1.7358418e-01 -1.1801500e+03]
 [ 0.0000000e+00  0.0000000e+00  0.0000000e+00  1.0000000e+00]]
[+0063.29, +0017.00, -1103.85]
2016, 1930, 1377
[[-2.2630026e-01  6.1151376e-01 -7.5791940e-01  9.6390000e+01]
 [-4.1568000e-03  7.7769014e-01  6.2857676e-01  1.4090000e+02]
 [ 9.7384476e-01  1.4552300e-01 -1.7340496e-01 -1.1801500e+03]
 [ 0.0000000e+00  0.0000000e+00  0.0000000e+00  1.0000000e+00]]
[+0116.73, +0045.46, -1104.81]
1911, 1739, 1866
[[-2.2611010e-01  6.1149490e-01 -7.5796090e-01  9.6390000e+01]
 [-4.5153400e-03  7.7766750e-01  6.2859562e-01  1.4080000e+02]
 [ 9.7386362e-01  1.4569430e-01 -1.7302756e-01 -1.1801200e+03]
 [ 0.0000000e+00  0.0000000e+00  0.0000000e+00  1.0000000e+00]]
[+0061.29, +0016.95, -1104.88]
2171, 1213, 1715
[[-2.2750074e-01  6.1148400e-01 -7.5766256e-01  9.6410000e+01]
 [-4.4705600e-03  7.7753976e-01  6.2877780e-01  1.4080000e+02]
 [ 9.7362480e-01  1.4652244e-01 -1.7412594e-01 -1.1801200e+03]
 [ 0.0000000e+00  0.0000000e+00  0.0000000e+00  1.0000000e+00]]
[+0043.35, +0062.17, -1134.17]
1911, 1739, 1866
[[-2.2592002e-01  6.1147612e-01 -7.5800240e-01  9.6430000e+01]
 [-4.8738800e-03  7.7764478e-01  6.2861440e-01  1.4083000e+02]
 [ 9.7388240e-01  1.4586560e-01 -1.7265024e-01 -1.1801300e+03]
 [ 0.0000000e+00  0.0000000e+00  0.0000000e+00  1.0000000e+00]]
[+0065.27, +0010.24, -1103.48]
1267, 802, 1867
[[-2.2484520e-01  6.1271360e-01 -7.5736640e-01  9.6570000e+01]
 [-4.0812800e-03  7.7688056e-01  6.2957360e-01  1.4078000e+02]
 [ 9.7416896e-01  1.4478128e-01 -1.7212960e-01 -1.1801000e+03]
 [ 0.0000000e+00  0.0000000e+00  0.0000000e+00  1.0000000e+00]]
[+0002.48, -0006.90, -1146.96]
1067, 816, 1909
[[-2.2493010e-01  6.1266746e-01 -7.5751392e-01  9.6570000e+01]
 [-3.6576600e-03  7.7700798e-01  6.2944864e-01  1.4076000e+02]
 [ 9.7425632e-01  1.4442144e-01 -1.7250708e-01 -1.1800500e+03]
 [ 0.0000000e+00  0.0000000e+00  0.0000000e+00  1.0000000e+00]]
[+0003.89, -0027.18, -1153.48]
1267, 802, 1867
[[-2.2476050e-01  6.1310718e-01 -7.5726126e-01  9.6630000e+01]
 [-4.2625800e-03  7.7658782e-01  6.2997466e-01  1.4086000e+02]
 [ 9.7433406e-01  1.4486486e-01 -1.7191732e-01 -1.1800900e+03]
 [ 0.0000000e+00  0.0000000e+00  0.0000000e+00  1.0000000e+00]]
[+0003.08, -0006.25, -1144.97]
1300, 833, 2012
[[-2.2613010e-01  6.1180590e-01 -7.5772010e-01  9.6470000e+01]
 [-4.9086200e-03  7.7735244e-01  6.2898570e-01  1.4077000e+02]
 [ 9.7386966e-01  1.4608438e-01 -1.7273250e-01 -1.1801200e+03]
 [ 0.0000000e+00  0.0000000e+00  0.0000000e+00  1.0000000e+00]]
[+0002.81, -0012.93, -1158.92]
1267, 802, 1867
[[-2.2474018e-01  6.1283854e-01 -7.5715524e-01  9.6620000e+01]
 [-3.6164600e-03  7.7682038e-01  6.2961972e-01  1.4081000e+02]
 [ 9.7408524e-01  1.4444028e-01 -1.7229480e-01 -1.1800700e+03]
 [ 0.0000000e+00  0.0000000e+00  0.0000000e+00  1.0000000e+00]]
[+0003.88, -0005.90, -1144.39]
1292, 1834, 1638
[[-2.2522504e-01  6.1197136e-01 -7.5789376e-01  9.6520000e+01]
 [-4.3537600e-03  7.7742048e-01  6.2891392e-01  1.4085000e+02]
 [ 9.7411136e-01  1.4506112e-01 -1.7238952e-01 -1.1801200e+03]
 [ 0.0000000e+00  0.0000000e+00  0.0000000e+00  1.0000000e+00]]
[+0098.36, -0033.05, -1097.53]
1267, 802, 1867
[[-2.2503508e-01  6.1234252e-01 -7.5763012e-01  9.6540000e+01]
 [-4.2174800e-03  7.7715062e-01  6.2924378e-01  1.4077000e+02]
 [ 9.7414012e-01  1.4492122e-01 -1.7225946e-01 -1.1800800e+03]
 [ 0.0000000e+00  0.0000000e+00  0.0000000e+00  1.0000000e+00]]
[+0001.47, -0007.21, -1147.64]
1260, 1994, 1471
[[-2.2470074e-01  6.1226904e-01 -7.5778548e-01  9.6540000e+01]
 [-2.8816800e-03  7.7744966e-01  6.2888116e-01  1.4089000e+02]
 [ 9.7421964e-01  1.4361908e-01 -1.7288464e-01 -1.1800700e+03]
 [ 0.0000000e+00  0.0000000e+00  0.0000000e+00  1.0000000e+00]]
[+0126.44, -0032.38, -1102.88]
1401, 1904, 1773
[[-2.2619536e-01  6.1183908e-01 -7.5780324e-01  9.6480000e+01]
 [-3.5967600e-03  7.7754790e-01  6.2878128e-01  1.4085000e+02]
 [ 9.7396092e-01  1.4502336e-01 -1.7365210e-01 -1.1800900e+03]
 [ 0.0000000e+00  0.0000000e+00  0.0000000e+00  1.0000000e+00]]
[+0088.18, -0031.30, -1101.82]
1260, 1994, 1471
[[-2.2491034e-01  6.1235644e-01 -7.5775526e-01  9.6550000e+01]
 [-3.2640400e-03  7.7732268e-01  6.2905868e-01  1.4090000e+02]
 [ 9.7424986e-01  1.4403148e-01 -1.7280202e-01 -1.1801000e+03]
 [ 0.0000000e+00  0.0000000e+00  0.0000000e+00  1.0000000e+00]]
[+0125.97, -0032.27, -1102.55]
1920, 886, 836
[[-2.2606600e-01  6.1318496e-01 -7.5646872e-01  9.6640000e+01]
 [-4.3875200e-03  7.7624960e-01  6.3031584e-01  1.4085000e+02]
 [ 9.7376664e-01  1.4601888e-01 -1.7271944e-01 -1.1801100e+03]
 [ 0.0000000e+00  0.0000000e+00  0.0000000e+00  1.0000000e+00]]
[+0079.40, +0101.41, -1135.02]
1260, 1994, 1471
[[-2.2472026e-01  6.1219010e-01 -7.5784886e-01  9.6510000e+01]
 [-3.7701400e-03  7.7738294e-01  6.2896010e-01  1.4088000e+02]
 [ 9.7421630e-01  1.4432014e-01 -1.7234196e-01 -1.1801000e+03]
 [ 0.0000000e+00  0.0000000e+00  0.0000000e+00  1.0000000e+00]]
[+0124.86, -0034.07, -1103.06]
1140, 1905, 1500
[[-2.2413050e-01  6.1245486e-01 -7.5765648e-01  9.6570000e+01]
 [-3.6102600e-03  7.7721782e-01  6.2913144e-01  1.4088000e+02]
 [ 9.7423368e-01  1.4393904e-01 -1.7191732e-01 -1.1801300e+03]
 [ 0.0000000e+00  0.0000000e+00  0.0000000e+00  1.0000000e+00]]
[+0113.02, -0043.82, -1103.39]
1260, 1994, 1471
[[-2.2482516e-01  6.1216010e-01 -7.5786006e-01  9.6540000e+01]
 [-4.0350600e-03  7.7736054e-01  6.2899010e-01  1.4088000e+02]
 [ 9.7420510e-01  1.4458506e-01 -1.7225946e-01 -1.1801200e+03]
 [ 0.0000000e+00  0.0000000e+00  0.0000000e+00  1.0000000e+00]]
[+0125.11, -0031.75, -1102.12]
2166, 1348, 1688
[[-2.2779600e-01  6.1108220e-01 -7.5793740e-01  9.6350000e+01]
 [-4.8723600e-03  7.7778630e-01  6.2847848e-01  1.4078000e+02]
 [ 9.7358452e-01  1.4692680e-01 -1.7417466e-01 -1.1801400e+03]
 [ 0.0000000e+00  0.0000000e+00  0.0000000e+00  1.0000000e+00]]
[+0049.89, +0059.00, -1125.29]
1991, 977, 2003
[[-2.2737616e-01  6.1076072e-01 -7.5804920e-01  9.6300000e+01]
 [-4.2556000e-03  7.7812400e-01  6.2800520e-01  1.4069000e+02]
 [ 9.7347272e-01  1.4621896e-01 -1.7425680e-01 -1.1800600e+03]
 [ 0.0000000e+00  0.0000000e+00  0.0000000e+00  1.0000000e+00]]
[+0016.51, +0037.13, -1155.53]
2166, 1348, 1688
[[-2.2731058e-01  6.1141256e-01 -7.5755670e-01  9.6430000e+01]
 [-4.7765600e-03  7.7751692e-01  6.2875560e-01  1.4081000e+02]
 [ 9.7349610e-01  1.4673480e-01 -1.7374850e-01 -1.1801200e+03]
 [ 0.0000000e+00  0.0000000e+00  0.0000000e+00  1.0000000e+00]]
[+0053.42, +0060.92, -1124.67]
1947, 1670, 1945
[[-2.2619536e-01  6.1139640e-01 -7.5796056e-01  9.6400000e+01]
 [-4.0394400e-03  7.7779504e-01  6.2842920e-01  1.4083000e+02]
 [ 9.7380360e-01  1.4537544e-01 -1.7340496e-01 -1.1801200e+03]
 [ 0.0000000e+00  0.0000000e+00  0.0000000e+00  1.0000000e+00]]
[+0054.11, +0013.23, -1109.67]
2166, 1348, 1688
[[-2.2788130e-01  6.1176488e-01 -7.5732646e-01  9.6440000e+01]
 [-3.4056800e-03  7.7742048e-01  6.2893304e-01  1.4084000e+02]
 [ 9.7354406e-01  1.4598664e-01 -1.7504578e-01 -1.1801000e+03]
 [ 0.0000000e+00  0.0000000e+00  0.0000000e+00  1.0000000e+00]]
[+0052.55, +0061.38, -1125.44]
1416, 1256, 1167
[[-2.2404552e-01  6.1294332e-01 -7.5735144e-01  9.6640000e+01]
 [-3.5917200e-03  7.7684270e-01  6.2960876e-01  1.4087000e+02]
 [ 9.7430376e-01  1.4394644e-01 -1.7178778e-01 -1.1801100e+03]
 [ 0.0000000e+00  0.0000000e+00  0.0000000e+00  1.0000000e+00]]
[+0079.09, +0029.77, -1079.82]
2166, 1348, 1688
[[-2.2767146e-01  6.1119234e-01 -7.5786150e-01  9.6350000e+01]
 [-3.7191000e-03  7.7787734e-01  6.2836834e-01  1.4078000e+02]
 [ 9.7359966e-01  1.4596070e-01 -1.7479876e-01 -1.1801000e+03]
 [ 0.0000000e+00  0.0000000e+00  0.0000000e+00  1.0000000e+00]]
[+0050.08, +0058.92, -1125.19]
963, 2086, 1732
[[-2.2411090e-01  6.1195360e-01 -7.5829750e-01  9.6540000e+01]
 [-3.6161600e-03  7.7769740e-01  6.2858912e-01  1.4092000e+02]
 [ 9.7441738e-01  1.4370160e-01 -1.7204706e-01 -1.1801400e+03]
 [ 0.0000000e+00  0.0000000e+00  0.0000000e+00  1.0000000e+00]]
[+0118.30, -0066.47, -1134.54]
858, 1890, 1775
[[-2.2423540e-01  6.1227750e-01 -7.5772010e-01  9.6600000e+01]
 [-4.0225800e-03  7.7727804e-01  6.2904390e-01  1.4086000e+02]
 [ 9.7417006e-01  1.4432142e-01 -1.7175220e-01 -1.1801300e+03]
 [ 0.0000000e+00  0.0000000e+00  0.0000000e+00  1.0000000e+00]]
[+0099.28, -0074.08, -1136.27]
963, 2086, 1732
[[-2.2480552e-01  6.1184896e-01 -7.5810124e-01  9.6510000e+01]
 [-3.6414400e-03  7.7767512e-01  6.2860012e-01  1.4090000e+02]
 [ 9.7419884e-01  1.4419508e-01 -1.7255440e-01 -1.1801400e+03]
 [ 0.0000000e+00  0.0000000e+00  0.0000000e+00  1.0000000e+00]]
[+0118.18, -0065.71, -1134.13]
1321, 1844, 1503
[[-2.2484520e-01  6.1247124e-01 -7.5761888e-01  9.6560000e+01]
 [-4.4286800e-03  7.7704560e-01  6.2937996e-01  1.4089000e+02]
 [ 9.7421136e-01  1.4497492e-01 -1.7196456e-01 -1.1801500e+03]
 [ 0.0000000e+00  0.0000000e+00  0.0000000e+00  1.0000000e+00]]
[+0107.08, -0021.58, -1092.74]
963, 2086, 1732
[[-2.2419636e-01  6.1170748e-01 -7.5835008e-01  9.6500000e+01]
 [-3.2875200e-03  7.7790684e-01  6.2830532e-01  1.4088000e+02]
 [ 9.7430492e-01  1.4350032e-01 -1.7234196e-01 -1.1801400e+03]
 [ 0.0000000e+00  0.0000000e+00  0.0000000e+00  1.0000000e+00]]
[+0117.95, -0066.59, -1134.59]
862, 2101, 1558
[[-2.2383568e-01  6.1251844e-01 -7.5783380e-01  9.6630000e+01]
 [-3.7564400e-03  7.7721782e-01  6.2916160e-01  1.4094000e+02]
 [ 9.7441100e-01  1.4380400e-01 -1.7162250e-01 -1.1801300e+03]
 [ 0.0000000e+00  0.0000000e+00  0.0000000e+00  1.0000000e+00]]
[+0132.12, -0065.64, -1137.39]
963, 2086, 1732
[[-2.2461540e-01  6.1153522e-01 -7.5824726e-01  9.6480000e+01]
 [-4.2949400e-03  7.7781756e-01  6.2838398e-01  1.4087000e+02]
 [ 9.7411282e-01  1.4460134e-01 -1.7201220e-01 -1.1801400e+03]
 [ 0.0000000e+00  0.0000000e+00  0.0000000e+00  1.0000000e+00]]
[+0117.39, -0066.18, -1134.44]
1043, 1228, 1403
[[-2.2415050e-01  6.1315570e-01 -7.5711020e-01  9.6660000e+01]
 [-3.5093000e-03  7.7665502e-01  6.2983228e-01  1.4087000e+02]
 [ 9.7425020e-01  1.4401772e-01 -1.7187048e-01 -1.1801000e+03]
 [ 0.0000000e+00  0.0000000e+00  0.0000000e+00  1.0000000e+00]]
[+0061.06, -0027.11, -1086.56]
1120, 1527, 1416
[[-2.2434034e-01  6.1278476e-01 -7.5737398e-01  9.6610000e+01]
 [-3.6453200e-03  7.7692536e-01  6.2950244e-01  1.4087000e+02]
 [ 9.7422134e-01  1.4415772e-01 -1.7199994e-01 -1.1801000e+03]
 [ 0.0000000e+00  0.0000000e+00  0.0000000e+00  1.0000000e+00]]
[+0089.81, -0029.91, -1086.64]
1043, 1228, 1403
[[-2.2337130e-01  6.1335916e-01 -7.5730582e-01  9.6670000e+01]
 [-3.9609200e-03  7.7655000e-01  6.2998756e-01  1.4087000e+02]
 [ 9.7452854e-01  1.4384212e-01 -1.7098626e-01 -1.1801200e+03]
 [ 0.0000000e+00  0.0000000e+00  0.0000000e+00  1.0000000e+00]]
[+0060.88, -0026.95, -1086.55]
1549, 1077, 1850
[[-2.2661520e-01  6.1196088e-01 -7.5759584e-01  9.6470000e+01]
 [-4.3088000e-03  7.7729286e-01  6.2909562e-01  1.4077000e+02]
 [ 9.7387320e-01  1.4588950e-01 -1.7348730e-01 -1.1801400e+03]
 [ 0.0000000e+00  0.0000000e+00  0.0000000e+00  1.0000000e+00]]
[+0015.83, +0009.26, -1127.57]
1043, 1228, 1403
[[-2.2417090e-01  6.1312970e-01 -7.5732110e-01  9.6680000e+01]
 [-4.4503000e-03  7.7658782e-01  6.2995214e-01  1.4087000e+02]
 [ 9.7439390e-01  1.4467714e-01 -1.7132772e-01 -1.1801300e+03]
 [ 0.0000000e+00  0.0000000e+00  0.0000000e+00  1.0000000e+00]]
[+0061.89, -0027.26, -1086.30]
1155, 1204, 1267
[[-2.2396074e-01  6.1313694e-01 -7.5715128e-01  9.6650000e+01]
 [-3.8680200e-03  7.7663270e-01  6.2985104e-01  1.4085000e+02]
 [ 9.7426896e-01  1.4418872e-01 -1.7149300e-01 -1.1801300e+03]
 [ 0.0000000e+00  0.0000000e+00  0.0000000e+00  1.0000000e+00]]
[+0066.93, -0004.25, -1078.32]
1043, 1228, 1403
[[-2.2396074e-01  6.1304208e-01 -7.5735118e-01  9.6640000e+01]
 [-4.0679200e-03  7.7671536e-01  6.2977488e-01  1.4084000e+02]
 [ 9.7436382e-01  1.4426488e-01 -1.7141034e-01 -1.1801200e+03]
 [ 0.0000000e+00  0.0000000e+00  0.0000000e+00  1.0000000e+00]]
[+0060.98, -0027.76, -1086.55]
1652, 1222, 1413
[[-2.2535026e-01  6.1239992e-01 -7.5761152e-01  9.6560000e+01]
 [-4.8647200e-03  7.7700032e-01  6.2945128e-01  1.4085000e+02]
 [ 9.7415872e-01  1.4559848e-01 -1.7209458e-01 -1.1801700e+03]
 [ 0.0000000e+00  0.0000000e+00  0.0000000e+00  1.0000000e+00]]
[+0055.66, +0039.93, -1095.69]
1594, 1174, 1859
[[-2.2552002e-01  6.1190760e-01 -7.5771620e-01  9.6500000e+01]
 [-4.2076000e-03  7.7742048e-01  6.2888400e-01  1.4078000e+02]
 [ 9.7393380e-01  1.4519600e-01 -1.7268450e-01 -1.1801100e+03]
 [ 0.0000000e+00  0.0000000e+00  0.0000000e+00  1.0000000e+00]]
[+0022.17, +0007.27, -1121.79]
1652, 1222, 1413
[[-2.2543504e-01  6.1254364e-01 -7.5735884e-01  9.6580000e+01]
 [-4.0411600e-03  7.7696310e-01  6.2947868e-01  1.4083000e+02]
 [ 9.7405636e-01  1.4508628e-01 -1.7263690e-01 -1.1801100e+03]
 [ 0.0000000e+00  0.0000000e+00  0.0000000e+00  1.0000000e+00]]
[+0056.98, +0041.36, -1095.36]
2038, 848, 1422
[[-2.2741568e-01  6.1192008e-01 -7.5721032e-01  9.6500000e+01]
 [-4.3984800e-03  7.7716504e-01  6.2921388e-01  1.4077000e+02]
 [ 9.7354728e-01  1.4657172e-01 -1.7399528e-01 -1.1801100e+03]
 [ 0.0000000e+00  0.0000000e+00  0.0000000e+00  1.0000000e+00]]
[+0037.21, +0078.90, -1148.87]
1652, 1222, 1413
[[-2.2463520e-01  6.1238376e-01 -7.5764888e-01  9.6560000e+01]
 [-4.0463200e-03  7.7717310e-01  6.2920254e-01  1.4082000e+02]
 [ 9.7418136e-01  1.4456258e-01 -1.7204706e-01 -1.1801200e+03]
 [ 0.0000000e+00  0.0000000e+00  0.0000000e+00  1.0000000e+00]]
[+0055.78, +0035.68, -1094.68]
1799, 1375, 1448
[[-2.2613010e-01  6.1204840e-01 -7.5746750e-01  9.6500000e+01]
 [-4.5610400e-03  7.7718780e-01  6.2917928e-01  1.4081000e+02]
 [ 9.7382722e-01  1.4589080e-01 -1.7289714e-01 -1.1801400e+03]
 [ 0.0000000e+00  0.0000000e+00  0.0000000e+00  1.0000000e+00]]
[+0065.54, +0045.16, -1098.32]
1652, 1222, 1413
[[-2.2503508e-01  6.1267990e-01 -7.5717770e-01  9.6600000e+01]
 [-3.6701000e-03  7.7690300e-01  6.2951350e-01  1.4087000e+02]
 [ 9.7400270e-01  1.4465150e-01 -1.7250708e-01 -1.1801100e+03]
 [ 0.0000000e+00  0.0000000e+00  0.0000000e+00  1.0000000e+00]]
[+0055.83, +0037.75, -1094.80]
1560, 873, 1168
[[-2.2446568e-01  6.1306588e-01 -7.5714380e-01  9.6670000e+01]
 [-4.3038800e-03  7.7658782e-01  6.2992210e-01  1.4083000e+02]
 [ 9.7421660e-01  1.4481230e-01 -1.7162250e-01 -1.1801100e+03]
 [ 0.0000000e+00  0.0000000e+00  0.0000000e+00  1.0000000e+00]]
[+0043.76, +0059.25, -1103.02]
1803, 941, 1956
[[-2.2689058e-01  6.1149116e-01 -7.5785892e-01  9.6390000e+01]
 [-3.9695600e-03  7.7769014e-01  6.2859936e-01  1.4073000e+02]
 [ 9.7378428e-01  1.4571024e-01 -1.7399528e-01 -1.1801100e+03]
 [ 0.0000000e+00  0.0000000e+00  0.0000000e+00  1.0000000e+00]]
[+0010.24, +0029.17, -1152.77]
1560, 873, 1168
[[-2.2495026e-01  6.1331572e-01 -7.5682008e-01  9.6680000e+01]
 [-3.5038800e-03  7.7644494e-01  6.3010808e-01  1.4085000e+02]
 [ 9.7412552e-01  1.4454168e-01 -1.7246016e-01 -1.1801100e+03]
 [ 0.0000000e+00  0.0000000e+00  0.0000000e+00  1.0000000e+00]]
[+0044.15, +0059.22, -1102.72]
856, 1076, 1367
[[-2.2465540e-01  6.1332690e-01 -7.5685010e-01  9.6710000e+01]
 [-3.5977800e-03  7.7644494e-01  6.3009690e-01  1.4086000e+02]
 [ 9.7415554e-01  1.4444778e-01 -1.7216530e-01 -1.1800800e+03]
 [ 0.0000000e+00  0.0000000e+00  0.0000000e+00  1.0000000e+00]]
[+0051.71, -0041.42, -1091.53]
1560, 873, 1168
[[-2.2556058e-01  6.1291938e-01 -7.5692894e-01  9.6660000e+01]
 [-4.4994200e-03  7.7654262e-01  6.2997474e-01  1.4083000e+02]
 [ 9.7395654e-01  1.4566486e-01 -1.7234196e-01 -1.1801100e+03]
 [ 0.0000000e+00  0.0000000e+00  0.0000000e+00  1.0000000e+00]]
[+0043.68, +0061.67, -1103.87]
1707, 1478, 1069
[[-2.2533002e-01  6.1242624e-01 -7.5740010e-01  9.6550000e+01]
 [-3.9237600e-03  7.7706812e-01  6.2933120e-01  1.4084000e+02]
 [ 9.7401510e-01  1.4493880e-01 -1.7263690e-01 -1.1801300e+03]
 [ 0.0000000e+00  0.0000000e+00  0.0000000e+00  1.0000000e+00]]
[+0108.01, +0055.47, -1093.41]
1560, 873, 1168
[[-2.2455034e-01  6.1311458e-01 -7.5709140e-01  9.6660000e+01]
 [-3.6803000e-03  7.7663270e-01  6.2987340e-01  1.4084000e+02]
 [ 9.7420908e-01  1.4437644e-01 -1.7208260e-01 -1.1800800e+03]
 [ 0.0000000e+00  0.0000000e+00  0.0000000e+00  1.0000000e+00]]
[+0043.21, +0059.62, -1103.45]
1269, 1025, 1628
[[-2.2594018e-01  6.1271458e-01 -7.5709872e-01  9.6590000e+01]
 [-4.1295800e-03  7.7675294e-01  6.2974368e-01  1.4081000e+02]
 [ 9.7396128e-01  1.4551632e-01 -1.7293188e-01 -1.1800900e+03]
 [ 0.0000000e+00  0.0000000e+00  0.0000000e+00  1.0000000e+00]]
[+0024.85, -0006.71, -1107.64]
2040, 982, 1585
[[-2.2731058e-01  6.1170776e-01 -7.5745162e-01  9.6470000e+01]
 [-4.4813600e-03  7.7735244e-01  6.2899016e-01  1.4073000e+02]
 [ 9.7360118e-01  1.4650024e-01 -1.7391298e-01 -1.1801100e+03]
 [ 0.0000000e+00  0.0000000e+00  0.0000000e+00  1.0000000e+00]]
[+0033.83, +0067.27, -1141.48]
1269, 1025, 1628
[[-2.2434034e-01  6.1278476e-01 -7.5737398e-01  9.6640000e+01]
 [-3.6453200e-03  7.7692536e-01  6.2950244e-01  1.4080000e+02]
 [ 9.7422134e-01  1.4415772e-01 -1.7199994e-01 -1.1800700e+03]
 [ 0.0000000e+00  0.0000000e+00  0.0000000e+00  1.0000000e+00]]
[+0024.22, -0005.85, -1108.04]
1256, 808, 1627
[[-2.2385572e-01  6.1307196e-01 -7.5734000e-01  9.6730000e+01]
 [-3.8030400e-03  7.7673772e-01  6.2974500e-01  1.4082000e+02]
 [ 9.7437500e-01  1.4400000e-01 -1.7149300e-01 -1.1799500e+03]
 [ 0.0000000e+00  0.0000000e+00  0.0000000e+00  1.0000000e+00]]
[+0007.80, +0004.02, -1123.68]
1269, 1025, 1628
[[-2.2434034e-01  6.1278476e-01 -7.5737398e-01  9.6690000e+01]
 [-3.6453200e-03  7.7692536e-01  6.2950244e-01  1.4084000e+02]
 [ 9.7422134e-01  1.4415772e-01 -1.7199994e-01 -1.1799300e+03]
 [ 0.0000000e+00  0.0000000e+00  0.0000000e+00  1.0000000e+00]]
[+0024.87, -0007.08, -1107.49]
1286, 1023, 1939
[[-2.2522504e-01  6.1211884e-01 -7.5784128e-01  9.6580000e+01]
 [-4.2062800e-03  7.7733806e-01  6.2903136e-01  1.4077000e+02]
 [ 9.7416384e-01  1.4494368e-01 -1.7247194e-01 -1.1799400e+03]
 [ 0.0000000e+00  0.0000000e+00  0.0000000e+00  1.0000000e+00]]
[+0012.65, -0019.80, -1136.91]
1269, 1025, 1628
[[-2.2455034e-01  6.1287226e-01 -7.5734386e-01  9.6660000e+01]
 [-4.0276600e-03  7.7679798e-01  6.2967982e-01  1.4082000e+02]
 [ 9.7425146e-01  1.4457002e-01 -1.7191732e-01 -1.1800400e+03]
 [ 0.0000000e+00  0.0000000e+00  0.0000000e+00  1.0000000e+00]]
[+0027.00, -0003.82, -1105.49]
1586, 992, 1339
[[-2.2562500e-01  6.1280500e-01 -7.5706500e-01  9.6640000e+01]
 [-3.3350000e-03  7.7682038e-01  6.2965326e-01  1.4080000e+02]
 [ 9.7399500e-01  1.4472174e-01 -1.7317962e-01 -1.1801000e+03]
 [ 0.0000000e+00  0.0000000e+00  0.0000000e+00  1.0000000e+00]]
[+0041.24, +0048.54, -1102.62]
1567, 913, 1191
[[-2.2535026e-01  6.1288464e-01 -7.5710636e-01  9.6650000e+01]
 [-4.1697600e-03  7.7667040e-01  6.2983848e-01  1.4080000e+02]
 [ 9.7407404e-01  1.4521128e-01 -1.7242450e-01 -1.1801100e+03]
 [ 0.0000000e+00  0.0000000e+00  0.0000000e+00  1.0000000e+00]]
[+0045.53, +0060.15, -1103.12]
1586, 992, 1339
[[-2.261505e-01  6.125068e-01 -7.571740e-01  9.660000e+01]
 [-4.806800e-03  7.767900e-01  6.296866e-01  1.408100e+02]
 [ 9.738860e-01  1.461634e-01 -1.726845e-01 -1.180140e+03]
 [ 0.000000e+00  0.000000e+00  0.000000e+00  1.000000e+00]]
[+0041.49, +0047.62, -1102.13]
1805, 1875, 839
[[-2.2522504e-01  6.1260380e-01 -7.5733640e-01  9.6550000e+01]
 [-3.5114000e-03  7.7700798e-01  6.2941852e-01  1.4096000e+02]
 [ 9.7407880e-01  1.4455652e-01 -1.7280202e-01 -1.1801500e+03]
 [ 0.0000000e+00  0.0000000e+00  0.0000000e+00  1.0000000e+00]]
[+0152.65, +0052.81, -1118.98]
1586, 992, 1339
[[-2.2625572e-01  6.1277166e-01 -7.5708018e-01  9.6600000e+01]
 [-4.7766600e-03  7.7660236e-01  6.2995146e-01  1.4082000e+02]
 [ 9.7397982e-01  1.4619354e-01 -1.7276692e-01 -1.1801600e+03]
 [ 0.0000000e+00  0.0000000e+00  0.0000000e+00  1.0000000e+00]]
[+0040.37, +0045.89, -1102.34]
923, 1155, 1336
[[-2.2417090e-01  6.1322452e-01 -7.5712116e-01  9.6690000e+01]
 [-4.2503600e-03  7.7650520e-01  6.3002832e-01  1.4084000e+02]
 [ 9.7429908e-01  1.4460096e-01 -1.7141034e-01 -1.1801700e+03]
 [ 0.0000000e+00  0.0000000e+00  0.0000000e+00  1.0000000e+00]]
[+0061.09, -0034.66, -1085.86]
1586, 992, 1339
[[-2.2573002e-01  6.1277486e-01 -7.5707620e-01  9.6600000e+01]
 [-3.5998600e-03  7.7679798e-01  6.2968340e-01  1.4082000e+02]
 [ 9.7398380e-01  1.4498660e-01 -1.7309700e-01 -1.1801500e+03]
 [ 0.0000000e+00  0.0000000e+00  0.0000000e+00  1.0000000e+00]]
[+0040.66, +0048.10, -1102.79]
855, 1737, 1766
[[-2.2432050e-01  6.1228366e-01 -7.5801512e-01  9.6580000e+01]
 [-3.6513400e-03  7.7740526e-01  6.2896024e-01  1.4085000e+02]
 [ 9.7440488e-01  1.4392024e-01 -1.7212960e-01 -1.1801800e+03]
 [ 0.0000000e+00  0.0000000e+00  0.0000000e+00  1.0000000e+00]]
[+0088.98, -0075.27, -1132.28]
1569, 1662, 1814
[[-2.2680532e-01  6.1183222e-01 -7.5760678e-01  9.6480000e+01]
 [-4.0977800e-03  7.7739788e-01  6.2895938e-01  1.4083000e+02]
 [ 9.7380178e-01  1.4583562e-01 -1.7378244e-01 -1.1801900e+03]
 [ 0.0000000e+00  0.0000000e+00  0.0000000e+00  1.0000000e+00]]
[+0062.09, -0008.97, -1100.15]
855, 1737, 1766
[[-2.2366600e-01  6.1290592e-01 -7.5743356e-01  9.6680000e+01]
 [-4.3091200e-03  7.7679798e-01  6.2964616e-01  1.4090000e+02]
 [ 9.7434116e-01  1.4428856e-01 -1.7103298e-01 -1.1802200e+03]
 [ 0.0000000e+00  0.0000000e+00  0.0000000e+00  1.0000000e+00]]
[+0090.06, -0073.24, -1130.33]
775, 969, 1756
[[-2.2427604e-01  6.1373156e-01 -7.5677472e-01  9.6770000e+01]
 [-3.8731200e-03  7.7615196e-01  6.3048676e-01  1.4088000e+02]
 [ 9.7435076e-01  1.4443728e-01 -1.7165844e-01 -1.1801600e+03]
 [ 0.0000000e+00  0.0000000e+00  0.0000000e+00  1.0000000e+00]]
[+0025.91, -0056.82, -1136.36]
855, 1737, 1766
[[-2.2505536e-01  6.1221128e-01 -7.5754664e-01  9.6590000e+01]
 [-5.0533600e-03  7.7708270e-01  6.2928128e-01  1.4086000e+02]
 [ 9.7398872e-01  1.4566336e-01 -1.7171730e-01 -1.1802000e+03]
 [ 0.0000000e+00  0.0000000e+00  0.0000000e+00  1.0000000e+00]]
[+0090.28, -0072.85, -1130.20]
897, 1739, 1142
[[-2.2493010e-01  6.1276244e-01 -7.5731398e-01  9.6650000e+01]
 [-3.4577200e-03  7.7692536e-01  6.2952476e-01  1.4088000e+02]
 [ 9.7416134e-01  1.4434532e-01 -1.7258970e-01 -1.1801500e+03]
 [ 0.0000000e+00  0.0000000e+00  0.0000000e+00  1.0000000e+00]]
[+0133.63, -0042.44, -1098.58]
855, 1737, 1766
[[-2.2491034e-01  6.1200906e-01 -7.5771262e-01  9.6560000e+01]
 [-3.5065800e-03  7.7748780e-01  6.2878254e-01  1.4084000e+02]
 [ 9.7399754e-01  1.4430762e-01 -1.7263690e-01 -1.1801500e+03]
 [ 0.0000000e+00  0.0000000e+00  0.0000000e+00  1.0000000e+00]]
[+0089.00, -0074.57, -1131.95]
1197, 2101, 1001
[[-2.2581504e-01  6.1228640e-01 -7.5738112e-01  9.6580000e+01]
 [-3.6188800e-03  7.7717310e-01  6.2920616e-01  1.4094000e+02]
 [ 9.7391360e-01  1.4497880e-01 -1.7322690e-01 -1.1801800e+03]
 [ 0.0000000e+00  0.0000000e+00  0.0000000e+00  1.0000000e+00]]
[+0165.60, -0014.02, -1118.23]
1031, 1938, 1010
[[-2.2345600e-01  6.1340768e-01 -7.5725376e-01  9.6690000e+01]
 [-3.3372800e-03  7.7659448e-01  6.2993904e-01  1.4092000e+02]
 [ 9.7452096e-01  1.4340624e-01 -1.7144648e-01 -1.1801800e+03]
 [ 0.0000000e+00  0.0000000e+00  0.0000000e+00  1.0000000e+00]]
[+0153.30, -0023.85, -1106.14]
1197, 2101, 1001
[[-2.2493010e-01  6.1237254e-01 -7.5761888e-01  9.6570000e+01]
 [-3.9525800e-03  7.7717310e-01  6.2921376e-01  1.4092000e+02]
 [ 9.7415136e-01  1.4465632e-01 -1.7234196e-01 -1.1801900e+03]
 [ 0.0000000e+00  0.0000000e+00  0.0000000e+00  1.0000000e+00]]
[+0165.86, -0013.69, -1118.61]
1762, 1509, 781
[[-2.2573002e-01  6.1272234e-01 -7.5692870e-01  9.6620000e+01]
 [-3.5473400e-03  7.7679798e-01  6.2964210e-01  1.4090000e+02]
 [ 9.7383630e-01  1.4502790e-01 -1.7309700e-01 -1.1801600e+03]
 [ 0.0000000e+00  0.0000000e+00  0.0000000e+00  1.0000000e+00]]
[+0133.73, +0072.38, -1111.63]
1197, 2101, 1001
[[-2.2472026e-01  6.1213766e-01 -7.5770140e-01  9.6560000e+01]
 [-3.7177000e-03  7.7738294e-01  6.2891884e-01  1.4093000e+02]
 [ 9.7406884e-01  1.4436140e-01 -1.7234196e-01 -1.1801900e+03]
 [ 0.0000000e+00  0.0000000e+00  0.0000000e+00  1.0000000e+00]]
[+0165.30, -0013.13, -1118.31]
1306, 2019, 1501
[[-2.2522504e-01  6.1191888e-01 -7.5774628e-01  9.6500000e+01]
 [-4.3012800e-03  7.7742048e-01  6.2887272e-01  1.4086000e+02]
 [ 9.7396388e-01  1.4510232e-01 -1.7238952e-01 -1.1801800e+03]
 [ 0.0000000e+00  0.0000000e+00  0.0000000e+00  1.0000000e+00]]
[+0120.64, -0030.08, -1102.15]
1197, 2101, 1001
[[-2.2472026e-01  6.1258004e-01 -7.5754408e-01  9.6600000e+01]
 [-3.2753200e-03  7.7713520e-01  6.2927116e-01  1.4093000e+02]
 [ 9.7422616e-01  1.4400908e-01 -1.7258970e-01 -1.1801600e+03]
 [ 0.0000000e+00  0.0000000e+00  0.0000000e+00  1.0000000e+00]]
[+0165.90, -0013.32, -1118.30]
1758, 1827, 2058
[[-2.2689058e-01  6.1104836e-01 -7.5801630e-01  9.6380000e+01]
 [-4.4123600e-03  7.7793692e-01  6.2824740e-01  1.4078000e+02]
 [ 9.7362690e-01  1.4606220e-01 -1.7374850e-01 -1.1802000e+03]
 [ 0.0000000e+00  0.0000000e+00  0.0000000e+00  1.0000000e+00]]
[+0055.60, -0010.15, -1111.69]
1687, 1717, 897
[[-2.2573002e-01  6.1262736e-01 -7.5712872e-01  9.6610000e+01]
 [-3.7473600e-03  7.7688056e-01  6.2956604e-01  1.4088000e+02]
 [ 9.7393128e-01  1.4510396e-01 -1.7301442e-01 -1.1801500e+03]
 [ 0.0000000e+00  0.0000000e+00  0.0000000e+00  1.0000000e+00]]
[+0138.68, +0051.58, -1103.90]
1758, 1827, 2058
[[-2.2729074e-01  6.1115430e-01 -7.5794490e-01  9.6360000e+01]
 [-4.4361000e-03  7.7783198e-01  6.2840638e-01  1.4079000e+02]
 [ 9.7363770e-01  1.4630338e-01 -1.7404372e-01 -1.1802000e+03]
 [ 0.0000000e+00  0.0000000e+00  0.0000000e+00  1.0000000e+00]]
[+0057.67, -0011.59, -1110.99]
1551, 1951, 2058
[[-2.2550034e-01  6.1140640e-01 -7.5835708e-01  9.6420000e+01]
 [-4.2140800e-03  7.7789990e-01  6.2834144e-01  1.4080000e+02]
 [ 9.7411780e-01  1.4495840e-01 -1.7281480e-01 -1.1802000e+03]
 [ 0.0000000e+00  0.0000000e+00  0.0000000e+00  1.0000000e+00]]
[+0072.98, -0037.11, -1114.62]
1758, 1827, 2058
[[-2.2718580e-01  6.1118462e-01 -7.5793354e-01  9.6380000e+01]
 [-4.1711800e-03  7.7785470e-01  6.2837606e-01  1.4078000e+02]
 [ 9.7364906e-01  1.4603846e-01 -1.7412594e-01 -1.1801900e+03]
 [ 0.0000000e+00  0.0000000e+00  0.0000000e+00  1.0000000e+00]]
[+0056.04, -0010.38, -1111.57]
1185, 877, 2182
[[-2.2512010e-01  6.1146394e-01 -7.5823982e-01  9.6510000e+01]
 [-4.7312200e-03  7.7777244e-01  6.2845526e-01  1.4067000e+02]
 [ 9.7406026e-01  1.4522482e-01 -1.7214250e-01 -1.1800600e+03]
 [ 0.0000000e+00  0.0000000e+00  0.0000000e+00  1.0000000e+00]]
[+0007.74, -0026.99, -1172.76]
1758, 1827, 2058
[[-2.2630026e-01  6.1136620e-01 -7.5797186e-01  9.6420000e+01]
 [-4.3043600e-03  7.7777244e-01  6.2845940e-01  1.4085000e+02]
 [ 9.7379230e-01  1.4564036e-01 -1.7332266e-01 -1.1801700e+03]
 [ 0.0000000e+00  0.0000000e+00  0.0000000e+00  1.0000000e+00]]
[+0063.42, -0007.79, -1107.77]
1024, 1722, 1281
[[-2.2455034e-01  6.1316710e-01 -7.5723882e-01  9.6690000e+01]
 [-3.7328200e-03  7.7663270e-01  6.2991474e-01  1.4090000e+02]
 [ 9.7435650e-01  1.4433510e-01 -1.7208260e-01 -1.1801300e+03]
 [ 0.0000000e+00  0.0000000e+00  0.0000000e+00  1.0000000e+00]]
[+0117.49, -0037.13, -1093.23]
1219, 1994, 1255
[[-2.2432050e-01  6.1237868e-01 -7.5781526e-01  9.6580000e+01]
 [-3.4514800e-03  7.7732268e-01  6.2903644e-01  1.4090000e+02]
 [ 9.7430986e-01  1.4384404e-01 -1.7221218e-01 -1.1801500e+03]
 [ 0.0000000e+00  0.0000000e+00  0.0000000e+00  1.0000000e+00]]
[+0142.23, -0023.21, -1103.32]
1024, 1722, 1281
[[-2.2413050e-01  6.1299210e-01 -7.5729930e-01  9.6630000e+01]
 [-2.9681400e-03  7.7688710e-01  6.2955998e-01  1.4087000e+02]
 [ 9.7429602e-01  1.4351050e-01 -1.7224804e-01 -1.1801100e+03]
 [ 0.0000000e+00  0.0000000e+00  0.0000000e+00  1.0000000e+00]]
[+0116.06, -0036.77, -1092.40]
809, 1857, 1085
[[-2.2316130e-01  6.1327142e-01 -7.5733606e-01  9.6740000e+01]
 [-3.5785000e-03  7.7667726e-01  6.2981042e-01  1.4095000e+02]
 [ 9.7449830e-01  1.4342990e-01 -1.7106900e-01 -1.1801600e+03]
 [ 0.0000000e+00  0.0000000e+00  0.0000000e+00  1.0000000e+00]]
[+0149.01, -0049.39, -1113.43]
1024, 1722, 1281
[[-2.2423540e-01  6.1271976e-01 -7.5756272e-01  9.6600000e+01]
 [-3.5803200e-03  7.7703030e-01  6.2939634e-01  1.4086000e+02]
 [ 9.7432744e-01  1.4396898e-01 -1.7199994e-01 -1.1801400e+03]
 [ 0.0000000e+00  0.0000000e+00  0.0000000e+00  1.0000000e+00]]
[+0116.02, -0036.13, -1092.21]
797, 1920, 1666
[[-2.2402564e-01  6.1214738e-01 -7.5809746e-01  9.6580000e+01]
 [-3.8924600e-03  7.7748780e-01  6.2883158e-01  1.4086000e+02]
 [ 9.7438238e-01  1.4394406e-01 -1.7175220e-01 -1.1801500e+03]
 [ 0.0000000e+00  0.0000000e+00  0.0000000e+00  1.0000000e+00]]
[+0112.83, -0075.80, -1137.89]
1024, 1722, 1281
[[-2.2423540e-01  6.1296214e-01 -7.5731038e-01  9.6630000e+01]
 [-3.2330200e-03  7.7686494e-01  6.2958994e-01  1.4087000e+02]
 [ 9.7428494e-01  1.4377538e-01 -1.7216530e-01 -1.1801400e+03]
 [ 0.0000000e+00  0.0000000e+00  0.0000000e+00  1.0000000e+00]]
[+0116.18, -0036.50, -1092.50]
1714, 852, 2130
[[-2.2796680e-01  6.1088568e-01 -7.5793596e-01  9.6320000e+01]
 [-3.9208800e-03  7.7804182e-01  6.2814516e-01  1.4064000e+02]
 [ 9.7346436e-01  1.4628876e-01 -1.7492962e-01 -1.1800900e+03]
 [ 0.0000000e+00  0.0000000e+00  0.0000000e+00  1.0000000e+00]]
[+0006.57, +0014.31, -1166.92]
1787, 1144, 1369
[[-2.2632010e-01  6.1245734e-01 -7.5712088e-01  9.6550000e+01]
 [-3.7073000e-03  7.7696310e-01  6.2947120e-01  1.4084000e+02]
 [ 9.7381840e-01  1.4540888e-01 -1.7352196e-01 -1.1801300e+03]
 [ 0.0000000e+00  0.0000000e+00  0.0000000e+00  1.0000000e+00]]
[+0055.47, +0057.44, -1105.10]
1714, 852, 2130
[[-2.2689058e-01  6.1104836e-01 -7.5801630e-01  9.6360000e+01]
 [-4.4123600e-03  7.7793692e-01  6.2824740e-01  1.4066000e+02]
 [ 9.7362690e-01  1.4606220e-01 -1.7374850e-01 -1.1801100e+03]
 [ 0.0000000e+00  0.0000000e+00  0.0000000e+00  1.0000000e+00]]
[+0006.85, +0015.96, -1167.24]
1948, 951, 2190
[[-2.3140914e-01  6.0861414e-01 -7.5849070e-01  9.5970000e+01]
 [-4.8047000e-03  7.7929356e-01  6.2653614e-01  1.4048000e+02]
 [ 9.7246914e-01  1.4886050e-01 -1.7732994e-01 -1.1800500e+03]
 [ 0.0000000e+00  0.0000000e+00  0.0000000e+00  1.0000000e+00]]
[+0013.22, +0022.86, -1160.77]
1714, 852, 2130
[[-2.2583508e-01  6.1191226e-01 -7.5755018e-01  9.6490000e+01]
 [-4.8022600e-03  7.7727014e-01  6.2905054e-01  1.4077000e+02]
 [ 9.7380482e-01  1.4591446e-01 -1.7251978e-01 -1.1801500e+03]
 [ 0.0000000e+00  0.0000000e+00  0.0000000e+00  1.0000000e+00]]
[+0007.11, +0015.43, -1166.19]
1584, 1106, 2215
[[-2.2659540e-01  6.1111218e-01 -7.5819414e-01  9.6360000e+01]
 [-4.5583800e-03  7.7793692e-01  6.2827714e-01  1.4075000e+02]
 [ 9.7380474e-01  1.4592754e-01 -1.7345332e-01 -1.1801500e+03]
 [ 0.0000000e+00  0.0000000e+00  0.0000000e+00  1.0000000e+00]]
[+0012.86, -0008.86, -1153.22]
1714, 852, 2130
[[-2.2701540e-01  6.1186674e-01 -7.5742938e-01  9.6440000e+01]
 [-4.4274600e-03  7.7727014e-01  6.2909606e-01  1.4080000e+02]
 [ 9.7368402e-01  1.4628926e-01 -1.7370010e-01 -1.1801600e+03]
 [ 0.0000000e+00  0.0000000e+00  0.0000000e+00  1.0000000e+00]]
[+0006.72, +0015.33, -1167.01]
1926, 1944, 1519
[[-2.2689058e-01  6.1129110e-01 -7.5776378e-01  9.6370000e+01]
 [-4.0647000e-03  7.7777244e-01  6.2844090e-01  1.4088000e+02]
 [ 9.7358422e-01  1.4586870e-01 -1.7391298e-01 -1.1801900e+03]
 [ 0.0000000e+00  0.0000000e+00  0.0000000e+00  1.0000000e+00]]
[+0110.39, +0030.05, -1098.70]
832, 1500, 1660
[[-2.2345600e-01  6.1287072e-01 -7.5761104e-01  9.6620000e+01]
 [-3.9792000e-03  7.7692536e-01  6.2951028e-01  1.4085000e+02]
 [ 9.7445840e-01  1.4383500e-01 -1.7111560e-01 -1.1801900e+03]
 [ 0.0000000e+00  0.0000000e+00  0.0000000e+00  1.0000000e+00]]
[+0073.54, -0068.72, -1118.77]
1926, 1944, 1519
[[-2.2689058e-01  6.1104836e-01 -7.5801630e-01  9.6360000e+01]
 [-4.4123600e-03  7.7793692e-01  6.2824740e-01  1.4086000e+02]
 [ 9.7362690e-01  1.4606220e-01 -1.7374850e-01 -1.1802000e+03]
 [ 0.0000000e+00  0.0000000e+00  0.0000000e+00  1.0000000e+00]]
[+0109.54, +0031.61, -1099.01]
2219, 1284, 1717
[[-2.2906290e-01  6.1098106e-01 -7.5746678e-01  9.6270000e+01]
 [-3.7696600e-03  7.7783198e-01  6.2839246e-01  1.4076000e+02]
 [ 9.7315958e-01  1.4694706e-01 -1.7581588e-01 -1.1801500e+03]
 [ 0.0000000e+00  0.0000000e+00  0.0000000e+00  1.0000000e+00]]
[+0046.71, +0061.15, -1131.91]
1926, 1944, 1519
[[-2.2621508e-01  6.1200240e-01 -7.5761472e-01  9.6490000e+01]
 [-4.1376000e-03  7.7731550e-01  6.2905410e-01  1.4091000e+02]
 [ 9.7391472e-01  1.4553090e-01 -1.7327458e-01 -1.1801900e+03]
 [ 0.0000000e+00  0.0000000e+00  0.0000000e+00  1.0000000e+00]]
[+0110.73, +0023.59, -1098.41]
1929, 2129, 2129
[[-2.2649050e-01  6.1045694e-01 -7.5859258e-01  9.6280000e+01]
 [-5.0837800e-03  7.7837030e-01  6.2770114e-01  1.4082000e+02]
 [ 9.7370146e-01  1.4620838e-01 -1.7312484e-01 -1.1802200e+03]
 [ 0.0000000e+00  0.0000000e+00  0.0000000e+00  1.0000000e+00]]
[+0080.37, -0016.68, -1111.70]
1926, 1944, 1519
[[-2.2611010e-01  6.1203258e-01 -7.5760344e-01  9.6460000e+01]
 [-3.8727000e-03  7.7733806e-01  6.2902392e-01  1.4091000e+02]
 [ 9.7392600e-01  1.4526600e-01 -1.7335700e-01 -1.1801600e+03]
 [ 0.0000000e+00  0.0000000e+00  0.0000000e+00  1.0000000e+00]]
[+0107.06, +0025.21, -1098.34]
758, 1017, 1631
[[-2.2385572e-01  6.1316684e-01 -7.5714012e-01  9.6650000e+01]
 [-3.6031600e-03  7.7665502e-01  6.2982114e-01  1.4087000e+02]
 [ 9.7428012e-01  1.4392386e-01 -1.7157570e-01 -1.1801600e+03]
 [ 0.0000000e+00  0.0000000e+00  0.0000000e+00  1.0000000e+00]]
[+0034.26, -0059.79, -1123.16]
894, 1411, 1815
[[-2.256250e-01  6.120250e-01 -7.576750e-01  9.648000e+01]
 [-4.325000e-03  7.773155e-01  6.290315e-01  1.408200e+02]
 [ 9.739750e-01  1.453435e-01 -1.726845e-01 -1.180170e+03]
 [ 0.000000e+00  0.000000e+00  0.000000e+00  1.000000e+00]]
[+0055.69, -0066.46, -1128.87]
758, 1017, 1631
[[-2.2307664e-01  6.1346512e-01 -7.5713576e-01  9.6700000e+01]
 [-3.8549600e-03  7.7646726e-01  6.3005258e-01  1.4086000e+02]
 [ 9.7446352e-01  1.4367206e-01 -1.7077434e-01 -1.1801700e+03]
 [ 0.0000000e+00  0.0000000e+00  0.0000000e+00  1.0000000e+00]]
[+0035.76, -0058.46, -1121.33]
834, 812, 2011
[[-2.2522504e-01  6.1221384e-01 -7.5764132e-01  9.6500000e+01]
 [-4.0063200e-03  7.7725560e-01  6.2910756e-01  1.4076000e+02]
 [ 9.7406884e-01  1.4486748e-01 -1.7255440e-01 -1.1801600e+03]
 [ 0.0000000e+00  0.0000000e+00  0.0000000e+00  1.0000000e+00]]
[+0011.90, -0049.57, -1173.13]
758, 1017, 1631
[[-2.2417090e-01  6.1346672e-01 -7.5686866e-01  9.6690000e+01]
 [-3.9030400e-03  7.7633984e-01  6.3022192e-01  1.4090000e+02]
 [ 9.7425682e-01  1.4440736e-01 -1.7157570e-01 -1.1801500e+03]
 [ 0.0000000e+00  0.0000000e+00  0.0000000e+00  1.0000000e+00]]
[+0037.88, -0058.89, -1120.21]
1966, 773, 1258
[[-2.2743604e-01  6.1223070e-01 -7.5696958e-01  9.6500000e+01]
 [-4.7914200e-03  7.7684950e-01  6.2960406e-01  1.4080000e+02]
 [ 9.7355350e-01  1.4696190e-01 -1.7370010e-01 -1.1801700e+03]
 [ 0.0000000e+00  0.0000000e+00  0.0000000e+00  1.0000000e+00]]
[+0041.16, +0085.46, -1146.32]
758, 1017, 1631
[[-2.2434034e-01  6.1293218e-01 -7.5732150e-01  9.6630000e+01]
 [-3.4979000e-03  7.7684270e-01  6.2961990e-01  1.4085000e+02]
 [ 9.7427382e-01  1.4404026e-01 -1.7208260e-01 -1.1801300e+03]
 [ 0.0000000e+00  0.0000000e+00  0.0000000e+00  1.0000000e+00]]
[+0034.70, -0061.03, -1124.02]
1505, 1360, 1902
[[-2.2640520e-01  6.1157864e-01 -7.5773068e-01  9.6400000e+01]
 [-4.2216800e-03  7.7758520e-01  6.2868316e-01  1.4080000e+02]
 [ 9.7373836e-01  1.4571172e-01 -1.7340496e-01 -1.1801500e+03]
 [ 0.0000000e+00  0.0000000e+00  0.0000000e+00  1.0000000e+00]]
[+0032.91, -0009.20, -1114.70]
2124, 1618, 1256
[[-2.2739572e-01  6.1136672e-01 -7.5770368e-01  9.6360000e+01]
 [-4.3532800e-03  7.7764478e-01  6.2863018e-01  1.4086000e+02]
 [ 9.7358368e-01  1.4637482e-01 -1.7412594e-01 -1.1801900e+03]
 [ 0.0000000e+00  0.0000000e+00  0.0000000e+00  1.0000000e+00]]
[+0101.19, +0070.58, -1114.90]
1505, 1360, 1902
[[-2.2552002e-01  6.1181258e-01 -7.5791618e-01  9.6420000e+01]
 [-4.4075800e-03  7.7750286e-01  6.2880778e-01  1.4079000e+02]
 [ 9.7402882e-01  1.4527222e-01 -1.7260212e-01 -1.1801700e+03]
 [ 0.0000000e+00  0.0000000e+00  0.0000000e+00  1.0000000e+00]]
[+0033.36, -0012.68, -1115.26]
1620, 923, 1837
[[-2.2604532e-01  6.1229452e-01 -7.5741528e-01  9.6500000e+01]
 [-4.8895200e-03  7.7697756e-01  6.2946292e-01  1.4079000e+02]
 [ 9.7393972e-01  1.4609208e-01 -1.7260212e-01 -1.1801700e+03]
 [ 0.0000000e+00  0.0000000e+00  0.0000000e+00  1.0000000e+00]]
[+0010.53, +0021.64, -1138.65]
1505, 1360, 1902
[[-2.2552002e-01  6.1196008e-01 -7.5786370e-01  9.6420000e+01]
 [-4.2600800e-03  7.7742048e-01  6.2892520e-01  1.4080000e+02]
 [ 9.7408130e-01  1.4515480e-01 -1.7268450e-01 -1.1801700e+03]
 [ 0.0000000e+00  0.0000000e+00  0.0000000e+00  1.0000000e+00]]
[+0034.32, -0012.51, -1114.60]
1188, 1323, 1583
[[-2.2514010e-01  6.1255490e-01 -7.5738890e-01  9.6550000e+01]
 [-4.1349400e-03  7.7696310e-01  6.2946742e-01  1.4083000e+02]
 [ 9.7408642e-01  1.4499250e-01 -1.7234196e-01 -1.1801800e+03]
 [ 0.0000000e+00  0.0000000e+00  0.0000000e+00  1.0000000e+00]]
[+0055.38, -0023.60, -1093.60]
1505, 1360, 1902
[[-2.2689058e-01  6.1173390e-01 -7.5760640e-01  9.6390000e+01]
 [-3.6219000e-03  7.7752542e-01  6.2879280e-01  1.4082000e+02]
 [ 9.7374160e-01  1.4551680e-01 -1.7416000e-01 -1.1801500e+03]
 [ 0.0000000e+00  0.0000000e+00  0.0000000e+00  1.0000000e+00]]
[+0033.36, -0009.63, -1114.50]
1336, 1230, 899
[[-2.2455034e-01  6.1326200e-01 -7.5703888e-01  9.6620000e+01]
 [-3.5328800e-03  7.7655000e-01  6.2999084e-01  1.4088000e+02]
 [ 9.7426160e-01  1.4425900e-01 -1.7216530e-01 -1.1801300e+03]
 [ 0.0000000e+00  0.0000000e+00  0.0000000e+00  1.0000000e+00]]
[+0101.26, +0039.81, -1076.26]
1206, 885, 1260
[[-2.2535026e-01  6.1273718e-01 -7.5715892e-01  9.6600000e+01]
 [-4.3172200e-03  7.7675294e-01  6.2972108e-01  1.4084000e+02]
 [ 9.7402148e-01  1.4532868e-01 -1.7234196e-01 -1.1801500e+03]
 [ 0.0000000e+00  0.0000000e+00  0.0000000e+00  1.0000000e+00]]
[+0033.57, +0017.67, -1089.68]
1336, 1230, 899
[[-2.2476050e-01  6.1290720e-01 -7.5716640e-01  9.6620000e+01]
 [-4.3574400e-03  7.7667040e-01  6.2981592e-01  1.4086000e+02]
 [ 9.7413408e-01  1.4502360e-01 -1.7183474e-01 -1.1801900e+03]
 [ 0.0000000e+00  0.0000000e+00  0.0000000e+00  1.0000000e+00]]
[+0103.26, +0039.51, -1076.35]
1157, 1637, 1222
[[-2.2503508e-01  6.1243748e-01 -7.5743016e-01  9.6540000e+01]
 [-4.0175200e-03  7.7706812e-01  6.2931996e-01  1.4089000e+02]
 [ 9.7404516e-01  1.4484504e-01 -1.7234196e-01 -1.1801800e+03]
 [ 0.0000000e+00  0.0000000e+00  0.0000000e+00  1.0000000e+00]]
[+0113.83, -0019.19, -1084.04]
1336, 1230, 899
[[-2.2476050e-01  6.1320204e-01 -7.5706128e-01  9.6620000e+01]
 [-4.0626000e-03  7.7650520e-01  6.3005080e-01  1.4090000e+02]
 [ 9.7423920e-01  1.4478872e-01 -1.7199994e-01 -1.1801500e+03]
 [ 0.0000000e+00  0.0000000e+00  0.0000000e+00  1.0000000e+00]]
[+0101.12, +0040.69, -1076.33]
1715, 1263, 1066
[[-2.2623520e-01  6.1240824e-01 -7.5717368e-01  9.6520000e+01]
 [-4.3308000e-03  7.7691790e-01  6.2952030e-01  1.4087000e+02]
 [ 9.7382600e-01  1.4584482e-01 -1.7306194e-01 -1.1801800e+03]
 [ 0.0000000e+00  0.0000000e+00  0.0000000e+00  1.0000000e+00]]
[+0088.14, +0064.11, -1095.58]
1336, 1230, 899
[[-2.2444532e-01  6.1329198e-01 -7.5702774e-01  9.6640000e+01]
 [-3.2680200e-03  7.7657228e-01  6.2996086e-01  1.4088000e+02]
 [ 9.7427274e-01  1.4399414e-01 -1.7224804e-01 -1.1801400e+03]
 [ 0.0000000e+00  0.0000000e+00  0.0000000e+00  1.0000000e+00]]
[+0101.55, +0040.90, -1076.59]
1681, 1871, 1426
[[-2.2678568e-01  6.1161660e-01 -7.5764760e-01  9.6410000e+01]
 [-3.5046000e-03  7.7763032e-01  6.2864520e-01  1.4089000e+02]
 [ 9.7370040e-01  1.4536920e-01 -1.7416000e-01 -1.1801600e+03]
 [ 0.0000000e+00  0.0000000e+00  0.0000000e+00  1.0000000e+00]]
[+0112.00, +0015.61, -1092.15]
1906, 1589, 1530
[[-2.2701540e-01  6.1142400e-01 -7.5758700e-01  9.6390000e+01]
 [-4.8702000e-03  7.7751692e-01  6.2874416e-01  1.4083000e+02]
 [ 9.7352640e-01  1.4664116e-01 -1.7345332e-01 -1.1801900e+03]
 [ 0.0000000e+00  0.0000000e+00  0.0000000e+00  1.0000000e+00]]
[+0075.42, +0042.33, -1099.22]
1681, 1871, 1426
[[-2.2573002e-01  6.1199490e-01 -7.5768632e-01  9.6470000e+01]
 [-4.5899000e-03  7.7729286e-01  6.2906160e-01  1.4089000e+02]
 [ 9.7396368e-01  1.4560840e-01 -1.7260212e-01 -1.1801800e+03]
 [ 0.0000000e+00  0.0000000e+00  0.0000000e+00  1.0000000e+00]]
[+0113.04, +0012.24, -1092.12]
1968, 1913, 919
[[-2.2670034e-01  6.1171490e-01 -7.5764796e-01  9.6420000e+01]
 [-3.9804600e-03  7.7750286e-01  6.2881180e-01  1.4094000e+02]
 [ 9.7376060e-01  1.4568804e-01 -1.7378244e-01 -1.1802000e+03]
 [ 0.0000000e+00  0.0000000e+00  0.0000000e+00  1.0000000e+00]]
[+0145.26, +0057.33, -1122.01]
1681, 1871, 1426
[[-2.2640520e-01  6.1167372e-01 -7.5753064e-01  9.6440000e+01]
 [-4.0216400e-03  7.7750286e-01  6.2875932e-01  1.4088000e+02]
 [ 9.7364328e-01  1.4563556e-01 -1.7348730e-01 -1.1801500e+03]
 [ 0.0000000e+00  0.0000000e+00  0.0000000e+00  1.0000000e+00]]
[+0108.52, +0011.38, -1092.26]
1808, 2003, 1509
[[-2.2699552e-01  6.1140840e-01 -7.5772264e-01  9.6390000e+01]
 [-4.1820000e-03  7.7766750e-01  6.2858850e-01  1.4088000e+02]
 [ 9.7362536e-01  1.4601630e-01 -1.7391298e-01 -1.1801900e+03]
 [ 0.0000000e+00  0.0000000e+00  0.0000000e+00  1.0000000e+00]]
[+0114.68, +0013.90, -1097.30]
1681, 1871, 1426
[[-2.2642516e-01  6.1203704e-01 -7.5743732e-01  9.6480000e+01]
 [-4.4673200e-03  7.7718780e-01  6.2919064e-01  1.4088000e+02]
 [ 9.7379704e-01  1.4598452e-01 -1.7319220e-01 -1.1801800e+03]
 [ 0.0000000e+00  0.0000000e+00  0.0000000e+00  1.0000000e+00]]
[+0108.52, +0012.39, -1091.81]
1534, 2083, 1324
[[-2.2482516e-01  6.1186518e-01 -7.5796498e-01  9.6480000e+01]
 [-4.3299800e-03  7.7752542e-01  6.2875518e-01  1.4090000e+02]
 [ 9.7410018e-01  1.4481998e-01 -1.7209458e-01 -1.1801900e+03]
 [ 0.0000000e+00  0.0000000e+00  0.0000000e+00  1.0000000e+00]]
[+0140.14, -0003.25, -1103.09]
1481, 2034, 1474
[[-2.2550034e-01  6.1189164e-01 -7.5785236e-01  9.6450000e+01]
 [-3.5191600e-03  7.7757030e-01  6.2872872e-01  1.4088000e+02]
 [ 9.7403244e-01  1.4457112e-01 -1.7314440e-01 -1.1801800e+03]
 [ 0.0000000e+00  0.0000000e+00  0.0000000e+00  1.0000000e+00]]
[+0122.30, -0014.05, -1098.32]
1534, 2083, 1324
[[-2.2541508e-01  6.1179020e-01 -7.5775740e-01  9.6460000e+01]
 [-4.0902000e-03  7.7752542e-01  6.2873650e-01  1.4093000e+02]
 [ 9.7389260e-01  1.4504850e-01 -1.7268450e-01 -1.1801700e+03]
 [ 0.0000000e+00  0.0000000e+00  0.0000000e+00  1.0000000e+00]]
[+0140.22, -0003.31, -1103.08]
2188, 1571, 1389
[[-2.2737616e-01  6.1144648e-01 -7.5763936e-01  9.6370000e+01]
 [-3.4649600e-03  7.7771270e-01  6.2855042e-01  1.4083000e+02]
 [ 9.7358728e-01  1.4567374e-01 -1.7466810e-01 -1.1801800e+03]
 [ 0.0000000e+00  0.0000000e+00  0.0000000e+00  1.0000000e+00]]
[+0086.43, +0069.75, -1117.52]
1534, 2083, 1324
[[-2.2541508e-01  6.1193770e-01 -7.5770494e-01  9.6490000e+01]
 [-3.9427000e-03  7.7744300e-01  6.2885390e-01  1.4092000e+02]
 [ 9.7394506e-01  1.4493110e-01 -1.7276692e-01 -1.1801800e+03]
 [ 0.0000000e+00  0.0000000e+00  0.0000000e+00  1.0000000e+00]]
[+0140.28, -0002.88, -1103.13]
939, 1261, 849
[[-2.2385572e-01  6.1409350e-01 -7.5647786e-01  9.6730000e+01]
 [-2.4665000e-03  7.7607500e-01  6.3056050e-01  1.4092000e+02]
 [ 9.7435286e-01  1.4318450e-01 -1.7215572e-01 -1.1801300e+03]
 [ 0.0000000e+00  0.0000000e+00  0.0000000e+00  1.0000000e+00]]
[+0115.71, -0004.15, -1069.02]
1534, 2083, 1324
[[-2.2590026e-01  6.1185030e-01 -7.5783342e-01  9.6440000e+01]
 [-3.6904200e-03  7.7754790e-01  6.2877006e-01  1.4091000e+02]
 [ 9.7399110e-01  1.4492970e-01 -1.7335700e-01 -1.1801800e+03]
 [ 0.0000000e+00  0.0000000e+00  0.0000000e+00  1.0000000e+00]]
[+0140.01, -0000.30, -1102.71]
1276, 2203, 994
[[-2.2463520e-01  6.1223632e-01 -7.5770136e-01  9.6510000e+01]
 [-4.1937600e-03  7.7725560e-01  6.2908508e-01  1.4098000e+02]
 [ 9.7412888e-01  1.4468004e-01 -1.7196456e-01 -1.1802000e+03]
 [ 0.0000000e+00  0.0000000e+00  0.0000000e+00  1.0000000e+00]]
[+0168.42, -0008.33, -1125.03]
1832, 2018, 879
[[-2.2630026e-01  6.1224174e-01 -7.5716196e-01  9.6470000e+01]
 [-3.1140600e-03  7.7719550e-01  6.2915708e-01  1.4093000e+02]
 [ 9.7371684e-01  1.4494268e-01 -1.7389960e-01 -1.1801800e+03]
 [ 0.0000000e+00  0.0000000e+00  0.0000000e+00  1.0000000e+00]]
[+0154.33, +0046.07, -1122.21]
1276, 2203, 994
[[-2.2480552e-01  6.1194404e-01 -7.5790136e-01  9.6470000e+01]
 [-3.4415600e-03  7.7759262e-01  6.2867632e-01  1.4097000e+02]
 [ 9.7410376e-01  1.4411888e-01 -1.7263690e-01 -1.1801700e+03]
 [ 0.0000000e+00  0.0000000e+00  0.0000000e+00  1.0000000e+00]]
[+0167.76, -0007.78, -1124.92]
1067, 1584, 978
[[-2.2366600e-01  6.1329548e-01 -7.5712864e-01  9.6650000e+01]
 [-3.8145200e-03  7.7655000e-01  6.2995736e-01  1.4093000e+02]
 [ 9.7435136e-01  1.4397736e-01 -1.7128096e-01 -1.1801600e+03]
 [ 0.0000000e+00  0.0000000e+00  0.0000000e+00  1.0000000e+00]]
[+0128.48, -0011.15, -1081.58]
1276, 2203, 994
[[-2.2569058e-01  6.1161554e-01 -7.5791586e-01  9.6410000e+01]
 [-3.4556600e-03  7.7775758e-01  6.2847498e-01  1.4096000e+02]
 [ 9.7390866e-01  1.4463462e-01 -1.7335700e-01 -1.1801500e+03]
 [ 0.0000000e+00  0.0000000e+00  0.0000000e+00  1.0000000e+00]]
[+0167.40, -0008.65, -1124.64]
1378, 2153, 1570
[[-2.2552002e-01  6.1166508e-01 -7.5796866e-01  9.6420000e+01]
 [-4.5550800e-03  7.7758520e-01  6.2869036e-01  1.4088000e+02]
 [ 9.7397634e-01  1.4538964e-01 -1.7251978e-01 -1.1802000e+03]
 [ 0.0000000e+00  0.0000000e+00  0.0000000e+00  1.0000000e+00]]
[+0123.95, -0028.86, -1107.50]
1276, 2203, 994
[[-2.2491034e-01  6.1220896e-01 -7.5780768e-01  9.6470000e+01]
 [-3.4115200e-03  7.7740526e-01  6.2894124e-01  1.4097000e+02]
 [ 9.7419744e-01  1.4414892e-01 -1.7271944e-01 -1.1801800e+03]
 [ 0.0000000e+00  0.0000000e+00  0.0000000e+00  1.0000000e+00]]
[+0168.27, -0008.10, -1125.21]
2047, 1707, 1754
[[-2.2817664e-01  6.1136304e-01 -7.5760112e-01  9.6290000e+01]
 [-3.8075200e-03  7.7766750e-01  6.2863386e-01  1.4087000e+02]
 [ 9.7350384e-01  1.4639078e-01 -1.7509410e-01 -1.1801700e+03]
 [ 0.0000000e+00  0.0000000e+00  0.0000000e+00  1.0000000e+00]]
[+0065.63, +0037.45, -1107.31]
1460, 1277, 987
[[-2.2514010e-01  6.1309222e-01 -7.5703136e-01  9.6600000e+01]
 [-3.4925800e-03  7.7663270e-01  6.2989576e-01  1.4087000e+02]
 [ 9.7414904e-01  1.4456416e-01 -1.7267236e-01 -1.1801600e+03]
 [ 0.0000000e+00  0.0000000e+00  0.0000000e+00  1.0000000e+00]]
[+0097.55, +0044.22, -1081.03]
2047, 1707, 1754
[[-2.2748106e-01  6.1093046e-01 -7.5815576e-01  9.6290000e+01]
 [-4.4253400e-03  7.7801910e-01  6.2819392e-01  1.4081000e+02]
 [ 9.7366144e-01  1.4632552e-01 -1.7425680e-01 -1.1802100e+03]
 [ 0.0000000e+00  0.0000000e+00  0.0000000e+00  1.0000000e+00]]
[+0068.83, +0035.56, -1105.72]
2203, 2074, 1428
[[-2.2775712e-01  6.1050352e-01 -7.5807056e-01  9.6280000e+01]
 [-3.8340800e-03  7.7833368e-01  6.2773256e-01  1.4087000e+02]
 [ 9.7332976e-01  1.4611064e-01 -1.7484744e-01 -1.1802400e+03]
 [ 0.0000000e+00  0.0000000e+00  0.0000000e+00  1.0000000e+00]]
[+0119.06, +0044.94, -1111.91]
2047, 1707, 1754
[[-2.2710050e-01  6.1113540e-01 -7.5798660e-01  9.6370000e+01]
 [-4.7946000e-03  7.7780918e-01  6.2842528e-01  1.4076000e+02]
 [ 9.7365660e-01  1.4647472e-01 -1.7366632e-01 -1.1801800e+03]
 [ 0.0000000e+00  0.0000000e+00  0.0000000e+00  1.0000000e+00]]
[+0066.11, +0032.85, -1106.68]
1364, 2210, 1994
[[-2.2537636e-01  6.1097780e-01 -7.5863916e-01  9.6330000e+01]
 [-3.7031600e-03  7.7831894e-01  6.2780370e-01  1.4087000e+02]
 [ 9.7407060e-01  1.4442066e-01 -1.7310986e-01 -1.1801900e+03]
 [ 0.0000000e+00  0.0000000e+00  0.0000000e+00  1.0000000e+00]]
[+0102.67, -0049.88, -1123.76]
2047, 1707, 1754
[[-2.2739572e-01  6.1131422e-01 -7.5755606e-01  9.6350000e+01]
 [-4.3007800e-03  7.7764478e-01  6.2858906e-01  1.4081000e+02]
 [ 9.7343606e-01  1.4641594e-01 -1.7412594e-01 -1.1801800e+03]
 [ 0.0000000e+00  0.0000000e+00  0.0000000e+00  1.0000000e+00]]
[+0068.82, +0040.49, -1106.90]
935, 864, 1794
[[-2.2436058e-01  6.1324322e-01 -7.5708002e-01  9.6650000e+01]
 [-3.8916200e-03  7.7652764e-01  6.3000962e-01  1.4083000e+02]
 [ 9.7428038e-01  1.4442998e-01 -1.7178778e-01 -1.1801600e+03]
 [ 0.0000000e+00  0.0000000e+00  0.0000000e+00  1.0000000e+00]]
[+0011.86, -0038.70, -1138.93]
1047, 1505, 1812
[[-2.2514010e-01  6.1225998e-01 -7.5749394e-01  9.6490000e+01]
 [-4.4298600e-03  7.7712806e-01  6.2923258e-01  1.4083000e+02]
 [ 9.7398138e-01  1.4522734e-01 -1.7217700e-01 -1.1801800e+03]
 [ 0.0000000e+00  0.0000000e+00  0.0000000e+00  1.0000000e+00]]
[+0060.07, -0055.61, -1117.16]
935, 864, 1794
[[-2.2425552e-01  6.1322064e-01 -7.5692144e-01  9.6640000e+01]
 [-3.5742400e-03  7.7655000e-01  6.2993832e-01  1.4085000e+02]
 [ 9.7414416e-01  1.4420648e-01 -1.7187048e-01 -1.1801300e+03]
 [ 0.0000000e+00  0.0000000e+00  0.0000000e+00  1.0000000e+00]]
[+0011.53, -0039.00, -1141.22]
797, 902, 1312
[[-2.2406580e-01  6.1369656e-01 -7.5695232e-01  9.6730000e+01]
 [-3.5433600e-03  7.7627942e-01  6.3035086e-01  1.4085000e+02]
 [ 9.7446792e-01  1.4398366e-01 -1.7174122e-01 -1.1801500e+03]
 [ 0.0000000e+00  0.0000000e+00  0.0000000e+00  1.0000000e+00]]
[+0038.99, -0037.53, -1092.84]
935, 864, 1794
[[-2.2545540e-01  6.1246478e-01 -7.5742286e-01  9.6540000e+01]
 [-4.9295800e-03  7.7689518e-01  6.2955754e-01  1.4081000e+02]
 [ 9.7405246e-01  1.4578714e-01 -1.7209458e-01 -1.1801600e+03]
 [ 0.0000000e+00  0.0000000e+00  0.0000000e+00  1.0000000e+00]]
[+0010.80, -0040.80, -1142.06]
1402, 785, 1654
[[-2.2594018e-01  6.1280952e-01 -7.5689866e-01  9.6570000e+01]
 [-3.9295200e-03  7.7667040e-01  6.2981976e-01  1.4081000e+02]
 [ 9.7386634e-01  1.4544024e-01 -1.7301442e-01 -1.1801200e+03]
 [ 0.0000000e+00  0.0000000e+00  0.0000000e+00  1.0000000e+00]]
[+0007.66, +0019.91, -1129.75]
935, 864, 1794
[[-2.2455034e-01  6.1277736e-01 -7.5754380e-01  9.6580000e+01]
 [-4.2276000e-03  7.7688056e-01  6.2960364e-01  1.4080000e+02]
 [ 9.7434636e-01  1.4464620e-01 -1.7183474e-01 -1.1801500e+03]
 [ 0.0000000e+00  0.0000000e+00  0.0000000e+00  1.0000000e+00]]
[+0011.15, -0040.58, -1141.22]
1753, 1777, 935
[[-2.2541508e-01  6.1223270e-01 -7.5760002e-01  9.6490000e+01]
 [-3.6477000e-03  7.7727804e-01  6.2908870e-01  1.4088000e+02]
 [ 9.7404998e-01  1.4469630e-01 -1.7293188e-01 -1.1802000e+03]
 [ 0.0000000e+00  0.0000000e+00  0.0000000e+00  1.0000000e+00]]
[+0142.02, +0052.04, -1107.73]
1885, 920, 1561
[[-2.2672026e-01  6.1197314e-01 -7.5725954e-01  9.6440000e+01]
 [-4.3210600e-03  7.7718780e-01  6.2916082e-01  1.4077000e+02]
 [ 9.7361926e-01  1.4611942e-01 -1.7348730e-01 -1.1801700e+03]
 [ 0.0000000e+00  0.0000000e+00  0.0000000e+00  1.0000000e+00]]
[+0026.11, +0060.30, -1136.77]
1753, 1777, 935
[[-2.2573002e-01  6.1238488e-01 -7.5738126e-01  9.6530000e+01]
 [-4.0948800e-03  7.7704560e-01  6.2937256e-01  1.4091000e+02]
 [ 9.7397374e-01  1.4529744e-01 -1.7284938e-01 -1.1801400e+03]
 [ 0.0000000e+00  0.0000000e+00  0.0000000e+00  1.0000000e+00]]
[+0141.34, +0050.07, -1107.33]
1779, 2026, 1270
[[-2.2630026e-01  6.1160886e-01 -7.5771938e-01  9.6460000e+01]
 [-3.9567800e-03  7.7760780e-01  6.2865294e-01  1.4087000e+02]
 [ 9.7374966e-01  1.4544682e-01 -1.7348730e-01 -1.1801500e+03]
 [ 0.0000000e+00  0.0000000e+00  0.0000000e+00  1.0000000e+00]]
[+0136.78, +0024.51, -1103.25]
1753, 1777, 935
[[-2.2554010e-01  6.1260850e-01 -7.5717010e-01  9.6520000e+01]
 [-4.1060200e-03  7.7685804e-01  6.2958490e-01  1.4088000e+02]
 [ 9.7395014e-01  1.4527502e-01 -1.7263690e-01 -1.1801600e+03]
 [ 0.0000000e+00  0.0000000e+00  0.0000000e+00  1.0000000e+00]]
[+0138.11, +0051.98, -1107.36]
846, 1719, 1047
[[-2.2316130e-01  6.1341876e-01 -7.5728358e-01  9.6690000e+01]
 [-3.4311600e-03  7.7659448e-01  6.2992796e-01  1.4092000e+02]
 [ 9.7455078e-01  1.4331236e-01 -1.7115178e-01 -1.1801800e+03]
 [ 0.0000000e+00  0.0000000e+00  0.0000000e+00  1.0000000e+00]]
[+0137.26, -0041.05, -1098.48]
1753, 1777, 935
[[-2.2552002e-01  6.1215012e-01 -7.5746374e-01  9.6500000e+01]
 [-3.8601200e-03  7.7725560e-01  6.2907756e-01  1.4087000e+02]
 [ 9.7389126e-01  1.4500244e-01 -1.7284938e-01 -1.1801700e+03]
 [ 0.0000000e+00  0.0000000e+00  0.0000000e+00  1.0000000e+00]]
[+0141.35, +0052.24, -1107.44]
1387, 1072, 1746
[[-2.2493010e-01  6.1237254e-01 -7.5761888e-01  9.6560000e+01]
 [-3.9525800e-03  7.7717310e-01  6.2921376e-01  1.4079000e+02]
 [ 9.7415136e-01  1.4465632e-01 -1.7234196e-01 -1.1800000e+03]
 [ 0.0000000e+00  0.0000000e+00  0.0000000e+00  1.0000000e+00]]
[+0020.63, -0002.02, -1116.51]
1409, 1788, 1750
[[-2.2491034e-01  6.1220896e-01 -7.5780768e-01  9.6520000e+01]
 [-3.4115200e-03  7.7740526e-01  6.2894124e-01  1.4092000e+02]
 [ 9.7419744e-01  1.4414892e-01 -1.7271944e-01 -1.1800200e+03]
 [ 0.0000000e+00  0.0000000e+00  0.0000000e+00  1.0000000e+00]]
[+0081.69, -0029.33, -1099.34]
1387, 1072, 1746
[[-2.2474018e-01  6.1274360e-01 -7.5735518e-01  9.6620000e+01]
 [-3.8164000e-03  7.7690300e-01  6.2954360e-01  1.4083000e+02]
 [ 9.7418018e-01  1.4451640e-01 -1.7221218e-01 -1.1799800e+03]
 [ 0.0000000e+00  0.0000000e+00  0.0000000e+00  1.0000000e+00]]
[+0021.25, -0000.61, -1116.48]
1428, 1068, 2068
[[-2.2581504e-01  6.1180128e-01 -7.5788608e-01  9.6500000e+01]
 [-4.3139200e-03  7.7750286e-01  6.2881908e-01  1.4076000e+02]
 [ 9.7399872e-01  1.4536588e-01 -1.7289714e-01 -1.1799700e+03]
 [ 0.0000000e+00  0.0000000e+00  0.0000000e+00  1.0000000e+00]]
[+0010.99, -0013.68, -1146.33]
1387, 1072, 1746
[[-2.2453026e-01  6.1285606e-01 -7.5748030e-01  9.6630000e+01]
 [-3.3391000e-03  7.7694764e-01  6.2952494e-01  1.4083000e+02]
 [ 9.7434994e-01  1.4394530e-01 -1.7237746e-01 -1.1799400e+03]
 [ 0.0000000e+00  0.0000000e+00  0.0000000e+00  1.0000000e+00]]
[+0023.78, -0001.15, -1113.27]
1125, 1080, 1780
[[-2.2442536e-01  6.1283360e-01 -7.5732176e-01  9.6650000e+01]
 [-3.0217600e-03  7.7696984e-01  6.2945360e-01  1.4082000e+02]
 [ 9.7421360e-01  1.4372176e-01 -1.7246016e-01 -1.1799900e+03]
 [ 0.0000000e+00  0.0000000e+00  0.0000000e+00  1.0000000e+00]]
[+0023.65, -0030.34, -1120.48]
1387, 1072, 1746
[[-2.2444532e-01  6.1265988e-01 -7.5758508e-01  9.6590000e+01]
 [-4.1101200e-03  7.7698558e-01  6.2945622e-01  1.4080000e+02]
 [ 9.7430508e-01  1.4449878e-01 -1.7183474e-01 -1.1800800e+03]
 [ 0.0000000e+00  0.0000000e+00  0.0000000e+00  1.0000000e+00]]
[+0022.44, -0000.30, -1115.03]
1281, 1970, 956
[[-2.2413050e-01  6.1299210e-01 -7.5729930e-01  9.6620000e+01]
 [-2.9681400e-03  7.7688710e-01  6.2955998e-01  1.4097000e+02]
 [ 9.7429602e-01  1.4351050e-01 -1.7224804e-01 -1.1800900e+03]
 [ 0.0000000e+00  0.0000000e+00  0.0000000e+00  1.0000000e+00]]
[+0160.84, -0000.33, -1107.05]
1675, 2147, 896
[[-2.2609050e-01  6.1186928e-01 -7.5779204e-01  9.6490000e+01]
 [-3.3318400e-03  7.7757030e-01  6.2875108e-01  1.4098000e+02]
 [ 9.7397212e-01  1.4475844e-01 -1.7373456e-01 -1.1801300e+03]
 [ 0.0000000e+00  0.0000000e+00  0.0000000e+00  1.0000000e+00]]
[+0164.50, +0027.49, -1124.81]
1281, 1970, 956
[[-2.2493010e-01  6.1290990e-01 -7.5726150e-01  9.6620000e+01]
 [-3.3102600e-03  7.7684270e-01  6.2964218e-01  1.4092000e+02]
 [ 9.7421382e-01  1.4422790e-01 -1.7267236e-01 -1.1801000e+03]
 [ 0.0000000e+00  0.0000000e+00  0.0000000e+00  1.0000000e+00]]
[+0154.25, +0000.60, -1104.27]
1781, 903, 1091
[[-2.2575034e-01  6.1264320e-01 -7.5699268e-01  9.6610000e+01]
 [-4.4356800e-03  7.7673030e-01  6.2972124e-01  1.4085000e+02]
 [ 9.7383260e-01  1.4572860e-01 -1.7255440e-01 -1.1801300e+03]
 [ 0.0000000e+00  0.0000000e+00  0.0000000e+00  1.0000000e+00]]
[+0056.15, +0082.09, -1118.53]
1281, 1970, 956
[[-2.2503508e-01  6.1273240e-01 -7.5732516e-01  9.6640000e+01]
 [-3.7226000e-03  7.7690300e-01  6.2955480e-01  1.4096000e+02]
 [ 9.7415016e-01  1.4461020e-01 -1.7250708e-01 -1.1801000e+03]
 [ 0.0000000e+00  0.0000000e+00  0.0000000e+00  1.0000000e+00]]
[+0160.78, -0000.12, -1107.02]
1380, 2179, 2240
[[-2.2730192e-01  6.0766728e-01 -7.6082832e-01  9.5960000e+01]
 [-5.2651200e-03  7.8060758e-01  6.2496858e-01  1.4065000e+02]
 [ 9.7369992e-01  1.4612982e-01 -1.7421034e-01 -1.1801200e+03]
 [ 0.0000000e+00  0.0000000e+00  0.0000000e+00  1.0000000e+00]]
[+0086.53, -0053.08, -1131.56]
1281, 1970, 956
[[-2.2375074e-01  6.1310184e-01 -7.5732886e-01  9.6670000e+01]
 [-3.5381600e-03  7.7676000e-01  6.2971512e-01  1.4092000e+02]
 [ 9.7438614e-01  1.4373512e-01 -1.7157570e-01 -1.1801200e+03]
 [ 0.0000000e+00  0.0000000e+00  0.0000000e+00  1.0000000e+00]]
[+0155.18, +0001.26, -1104.44]
1339, 1478, 1062
[[-2.2375074e-01  6.1280708e-01 -7.5743382e-01  9.6620000e+01]
 [-3.8329200e-03  7.7692536e-01  6.2948012e-01  1.4082000e+02]
 [ 9.7428118e-01  1.4397012e-01 -1.7141034e-01 -1.1801300e+03]
 [ 0.0000000e+00  0.0000000e+00  0.0000000e+00  1.0000000e+00]]
[+0108.70, +0018.00, -1078.24]
1551, 1059, 1305
[[-2.2554010e-01  6.1266104e-01 -7.5731758e-01  9.6600000e+01]
 [-4.1585600e-03  7.7685804e-01  6.2962616e-01  1.4078000e+02]
 [ 9.7409762e-01  1.4523376e-01 -1.7263690e-01 -1.1801200e+03]
 [ 0.0000000e+00  0.0000000e+00  0.0000000e+00  1.0000000e+00]]
[+0048.91, +0044.02, -1095.47]
1339, 1478, 1062
[[-2.2484520e-01  6.1300848e-01 -7.5726136e-01  9.6630000e+01]
 [-3.7864000e-03  7.7671536e-01  6.2980848e-01  1.4085000e+02]
 [ 9.7427400e-01  1.4454640e-01 -1.7229480e-01 -1.1801100e+03]
 [ 0.0000000e+00  0.0000000e+00  0.0000000e+00  1.0000000e+00]]
[+0110.80, +0017.44, -1078.48]
1605, 1809, 1399
[[-2.2541508e-01  6.1179020e-01 -7.5775740e-01  9.6500000e+01]
 [-4.0902000e-03  7.7752542e-01  6.2873650e-01  1.4082000e+02]
 [ 9.7389260e-01  1.4504850e-01 -1.7268450e-01 -1.1801200e+03]
 [ 0.0000000e+00  0.0000000e+00  0.0000000e+00  1.0000000e+00]]
[+0108.83, +0012.96, -1089.46]
1339, 1478, 1062
[[-2.2474018e-01  6.1289104e-01 -7.5730268e-01  9.6630000e+01]
 [-3.6689600e-03  7.7682038e-01  6.2966104e-01  1.4084000e+02]
 [ 9.7423268e-01  1.4439896e-01 -1.7229480e-01 -1.1800800e+03]
 [ 0.0000000e+00  0.0000000e+00  0.0000000e+00  1.0000000e+00]]
[+0109.58, +0018.80, -1078.37]
766, 1460, 1531
[[-2.2385572e-01  6.1297708e-01 -7.5753988e-01  9.6670000e+01]
 [-4.0029200e-03  7.7682038e-01  6.2966882e-01  1.4084000e+02]
 [ 9.7446988e-01  1.4407618e-01 -1.7141034e-01 -1.1801100e+03]
 [ 0.0000000e+00  0.0000000e+00  0.0000000e+00  1.0000000e+00]]
[+0081.87, -0069.57, -1112.97]
1339, 1478, 1062
[[-2.2474018e-01  6.1303848e-01 -7.5725018e-01  9.6640000e+01]
 [-3.5215200e-03  7.7673772e-01  6.2977848e-01  1.4086000e+02]
 [ 9.7428518e-01  1.4428152e-01 -1.7237746e-01 -1.1800800e+03]
 [ 0.0000000e+00  0.0000000e+00  0.0000000e+00  1.0000000e+00]]
[+0109.54, +0019.38, -1078.28]
2045, 1822, 2151
[[-2.2786194e-01  6.1037782e-01 -7.5828200e-01  9.6250000e+01]
 [-4.2991000e-03  7.7839310e-01  6.2768680e-01  1.4074000e+02]
 [ 9.7341368e-01  1.4645176e-01 -1.7468320e-01 -1.1801100e+03]
 [ 0.0000000e+00  0.0000000e+00  0.0000000e+00  1.0000000e+00]]
[+0052.16, +0009.06, -1116.72]
1908, 1744, 2164
[[-2.2668082e-01  6.1101374e-01 -7.5819368e-01  9.6340000e+01]
 [-4.0825400e-03  7.7806446e-01  6.2811064e-01  1.4074000e+02]
 [ 9.7374472e-01  1.4560856e-01 -1.7383072e-01 -1.1801100e+03]
 [ 0.0000000e+00  0.0000000e+00  0.0000000e+00  1.0000000e+00]]
[+0044.64, -0000.31, -1119.76]
2045, 1822, 2151
[[-2.2687122e-01  6.1088512e-01 -7.5820452e-01  9.6340000e+01]
 [-3.8716800e-03  7.7816928e-01  6.2797432e-01  1.4078000e+02]
 [ 9.7367332e-01  1.4555448e-01 -1.7412594e-01 -1.1800900e+03]
 [ 0.0000000e+00  0.0000000e+00  0.0000000e+00  1.0000000e+00]]
[+0053.62, +0010.89, -1115.66]
1858, 2119, 1961
[[-2.2649050e-01  6.1123754e-01 -7.5798278e-01  9.6420000e+01]
 [-4.0934200e-03  7.7787734e-01  6.2832314e-01  1.4082000e+02]
 [ 9.7372094e-01  1.4558638e-01 -1.7361780e-01 -1.1800900e+03]
 [ 0.0000000e+00  0.0000000e+00  0.0000000e+00  1.0000000e+00]]
[+0094.55, -0007.61, -1104.33]
2045, 1822, 2151
[[-2.2786194e-01  6.1067318e-01 -7.5817716e-01  9.6280000e+01]
 [-4.0037400e-03  7.7822886e-01  6.2792132e-01  1.4071000e+02]
 [ 9.7351852e-01  1.4621724e-01 -1.7484744e-01 -1.1801400e+03]
 [ 0.0000000e+00  0.0000000e+00  0.0000000e+00  1.0000000e+00]]
[+0050.11, +0010.14, -1117.76]
2097, 1685, 1885
[[-2.2710050e-01  6.1152570e-01 -7.5768150e-01  9.6410000e+01]
 [-4.2993000e-03  7.7756252e-01  6.2873610e-01  1.4080000e+02]
 [ 9.7366650e-01  1.4616390e-01 -1.7391298e-01 -1.1801100e+03]
 [ 0.0000000e+00  0.0000000e+00  0.0000000e+00  1.0000000e+00]]
[+0059.11, +0037.39, -1112.37]
2045, 1822, 2151
[[-2.2718580e-01  6.1064660e-01 -7.5829100e-01  9.6340000e+01]
 [-4.8141200e-03  7.7818334e-01  6.2794790e-01  1.4074000e+02]
 [ 9.7358684e-01  1.4646662e-01 -1.7379730e-01 -1.1801200e+03]
 [ 0.0000000e+00  0.0000000e+00  0.0000000e+00  1.0000000e+00]]
[+0051.89, +0010.46, -1117.27]
1304, 1889, 2197
[[-2.2550034e-01  6.1081632e-01 -7.5856676e-01  9.6380000e+01]
 [-4.8041600e-03  7.7822886e-01  6.2787168e-01  1.4079000e+02]
 [ 9.7390812e-01  1.4542816e-01 -1.7248584e-01 -1.1801400e+03]
 [ 0.0000000e+00  0.0000000e+00  0.0000000e+00  1.0000000e+00]]
[+0066.31, -0055.14, -1133.54]
1828, 1866, 2143
[[-2.2727130e-01  6.1093872e-01 -7.5798544e-01  9.6330000e+01]
 [-3.8430400e-03  7.7806446e-01  6.2809212e-01  1.4078000e+02]
 [ 9.7353648e-01  1.4583676e-01 -1.7442120e-01 -1.1801400e+03]
 [ 0.0000000e+00  0.0000000e+00  0.0000000e+00  1.0000000e+00]]
[+0058.57, -0008.67, -1113.53]
1304, 1889, 2197
[[-2.2550034e-01  6.1101626e-01 -7.5866186e-01  9.6400000e+01]
 [-4.7090600e-03  7.7814668e-01  6.2803022e-01  1.4077000e+02]
 [ 9.7410806e-01  1.4526962e-01 -1.7256802e-01 -1.1801600e+03]
 [ 0.0000000e+00  0.0000000e+00  0.0000000e+00  1.0000000e+00]]
[+0065.86, -0055.11, -1133.68]
1287, 1467, 2214
[[-2.2571010e-01  6.1134624e-01 -7.5837968e-01  9.6440000e+01]
 [-4.7440000e-03  7.7785470e-01  6.2840160e-01  1.4074000e+02]
 [ 9.7409520e-01  1.4548832e-01 -1.7265024e-01 -1.1801300e+03]
 [ 0.0000000e+00  0.0000000e+00  0.0000000e+00  1.0000000e+00]]
[+0034.58, -0044.29, -1142.71]
1304, 1889, 2197
[[-2.2550034e-01  6.1120646e-01 -7.5826198e-01  9.6450000e+01]
 [-4.3091800e-03  7.7798220e-01  6.2818286e-01  1.4080000e+02]
 [ 9.7391786e-01  1.4511698e-01 -1.7273250e-01 -1.1801300e+03]
 [ 0.0000000e+00  0.0000000e+00  0.0000000e+00  1.0000000e+00]]
[+0066.70, -0056.35, -1135.18]
1183, 1845, 1019
[[-2.2383568e-01  6.1305560e-01 -7.5747664e-01  9.6660000e+01]
 [-3.1144000e-03  7.7688710e-01  6.2959030e-01  1.4089000e+02]
 [ 9.7447336e-01  1.4337530e-01 -1.7195322e-01 -1.1801100e+03]
 [ 0.0000000e+00  0.0000000e+00  0.0000000e+00  1.0000000e+00]]
[+0146.47, -0009.07, -1096.26]
1304, 1889, 2197
[[-2.2628082e-01  6.1066492e-01 -7.5851742e-01  9.6330000e+01]
 [-4.4062800e-03  7.7833368e-01  6.2775812e-01  1.4076000e+02]
 [ 9.7377662e-01  1.4556108e-01 -1.7337114e-01 -1.1801200e+03]
 [ 0.0000000e+00  0.0000000e+00  0.0000000e+00  1.0000000e+00]]
[+0065.82, -0054.69, -1133.86]
1597, 1063, 1088
[[-2.2514010e-01  6.1294476e-01 -7.5708388e-01  9.6630000e+01]
 [-3.6400400e-03  7.7671536e-01  6.2977836e-01  1.4084000e+02]
 [ 9.7409652e-01  1.4468156e-01 -1.7258970e-01 -1.1800900e+03]
 [ 0.0000000e+00  0.0000000e+00  0.0000000e+00  1.0000000e+00]]
[+0067.98, +0061.59, -1093.75]
1262, 757, 1048
[[-2.2368660e-01  6.1360662e-01 -7.5688706e-01  9.6740000e+01]
 [-4.2083800e-03  7.7623470e-01  6.3034686e-01  1.4083000e+02]
 [ 9.7435794e-01  1.4436686e-01 -1.7098626e-01 -1.1800900e+03]
 [ 0.0000000e+00  0.0000000e+00  0.0000000e+00  1.0000000e+00]]
[+0040.82, +0045.09, -1088.01]
1597, 1063, 1088
[[-2.2575034e-01  6.1264320e-01 -7.5699268e-01  9.6610000e+01]
 [-4.4356800e-03  7.7673030e-01  6.2972124e-01  1.4083000e+02]
 [ 9.7383260e-01  1.4572860e-01 -1.7255440e-01 -1.1801000e+03]
 [ 0.0000000e+00  0.0000000e+00  0.0000000e+00  1.0000000e+00]]
[+0070.43, +0061.14, -1092.90]
1508, 1190, 856
[[-2.2463520e-01  6.1331088e-01 -7.5698664e-01  9.6670000e+01]
 [-2.9092800e-03  7.7659448e-01  6.2994196e-01  1.4088000e+02]
 [ 9.7425384e-01  1.4382316e-01 -1.7262568e-01 -1.1800800e+03]
 [ 0.0000000e+00  0.0000000e+00  0.0000000e+00  1.0000000e+00]]
[+0103.35, +0060.10, -1086.62]
1597, 1063, 1088
[[-2.2484520e-01  6.1280852e-01 -7.5716644e-01  9.6630000e+01]
 [-3.8813200e-03  7.7679798e-01  6.2964974e-01  1.4083000e+02]
 [ 9.7407404e-01  1.4470514e-01 -1.7221218e-01 -1.1801000e+03]
 [ 0.0000000e+00  0.0000000e+00  0.0000000e+00  1.0000000e+00]]
[+0067.51, +0061.41, -1093.91]
917, 1726, 1713
[[-2.2442536e-01  6.1220128e-01 -7.5787884e-01  9.6570000e+01]
 [-3.8638400e-03  7.7738294e-01  6.2894892e-01  1.4083000e+02]
 [ 9.7424628e-01  1.4422644e-01 -1.7204706e-01 -1.1801000e+03]
 [ 0.0000000e+00  0.0000000e+00  0.0000000e+00  1.0000000e+00]]
[+0089.99, -0069.37, -1122.55]
1597, 1063, 1088
[[-2.2514010e-01  6.1303970e-01 -7.5688390e-01  9.6640000e+01]
 [-3.4400600e-03  7.7663270e-01  6.2985442e-01  1.4084000e+02]
 [ 9.7400158e-01  1.4460550e-01 -1.7267236e-01 -1.1801000e+03]
 [ 0.0000000e+00  0.0000000e+00  0.0000000e+00  1.0000000e+00]]
[+0068.06, +0061.93, -1093.84]
1557, 878, 1785
[[-2.2573002e-01  6.1214240e-01 -7.5763380e-01  9.6520000e+01]
 [-4.4424000e-03  7.7721048e-01  6.2917900e-01  1.4076000e+02]
 [ 9.7401620e-01  1.4549100e-01 -1.7268450e-01 -1.1800900e+03]
 [ 0.0000000e+00  0.0000000e+00  0.0000000e+00  1.0000000e+00]]
[+0007.63, +0020.62, -1138.82]
1584, 997, 1876
[[-2.2651018e-01  6.1184354e-01 -7.5763702e-01  9.6470000e+01]
 [-4.1914600e-03  7.7739788e-01  6.2894806e-01  1.4075000e+02]
 [ 9.7383202e-01  1.4574194e-01 -1.7348730e-01 -1.1801200e+03]
 [ 0.0000000e+00  0.0000000e+00  0.0000000e+00  1.0000000e+00]]
[+0011.95, +0012.24, -1134.82]
1557, 878, 1785
[[-2.2505536e-01  6.1260104e-01 -7.5724152e-01  9.6600000e+01]
 [-4.5584800e-03  7.7683544e-01  6.2959236e-01  1.4078000e+02]
 [ 9.7399896e-01  1.4535228e-01 -1.7196456e-01 -1.1801200e+03]
 [ 0.0000000e+00  0.0000000e+00  0.0000000e+00  1.0000000e+00]]
[+0009.81, +0020.99, -1135.68]
1742, 956, 1626
[[-2.261505e-01  6.125068e-01 -7.571740e-01  9.657000e+01]
 [-4.806800e-03  7.767900e-01  6.296866e-01  1.408400e+02]
 [ 9.738860e-01  1.461634e-01 -1.726845e-01 -1.180140e+03]
 [ 0.000000e+00  0.000000e+00  0.000000e+00  1.000000e+00]]
[+0025.66, +0045.45, -1124.32]
1557, 878, 1785
[[-2.2573002e-01  6.1214240e-01 -7.5763380e-01  9.6540000e+01]
 [-4.4424000e-03  7.7721048e-01  6.2917900e-01  1.4074000e+02]
 [ 9.7401620e-01  1.4549100e-01 -1.7268450e-01 -1.1801100e+03]
 [ 0.0000000e+00  0.0000000e+00  0.0000000e+00  1.0000000e+00]]
[+0008.23, +0018.85, -1137.60]
1399, 1006, 1664
[[-2.2495026e-01  6.1268360e-01 -7.5737766e-01  9.6620000e+01]
 [-4.3461600e-03  7.7685804e-01  6.2960360e-01  1.4081000e+02]
 [ 9.7415770e-01  1.4504616e-01 -1.7204706e-01 -1.1801100e+03]
 [ 0.0000000e+00  0.0000000e+00  0.0000000e+00  1.0000000e+00]]
[+0022.32, +0007.95, -1112.00]
1557, 878, 1785
[[-2.2545540e-01  6.1216986e-01 -7.5752802e-01  9.6510000e+01]
 [-5.2245000e-03  7.7705990e-01  6.2932270e-01  1.4074000e+02]
 [ 9.7394730e-01  1.4602198e-01 -1.7192986e-01 -1.1801300e+03]
 [ 0.0000000e+00  0.0000000e+00  0.0000000e+00  1.0000000e+00]]
[+0006.98, +0021.28, -1139.75]
2141, 847, 1254
[[-2.2741568e-01  6.1221528e-01 -7.5710520e-01  9.6500000e+01]
 [-4.1032800e-03  7.7700032e-01  6.2944840e-01  1.4078000e+02]
 [ 9.7365240e-01  1.4633720e-01 -1.7416000e-01 -1.1801000e+03]
 [ 0.0000000e+00  0.0000000e+00  0.0000000e+00  1.0000000e+00]]
[+0051.91, +0089.57, -1152.73]
1314, 1606, 1565
[[-2.2554010e-01  6.1221860e-01 -7.5747520e-01  9.6540000e+01]
 [-4.6010000e-03  7.7710542e-01  6.2927396e-01  1.4083000e+02]
 [ 9.7394000e-01  1.4558596e-01 -1.7238952e-01 -1.1801200e+03]
 [ 0.0000000e+00  0.0000000e+00  0.0000000e+00  1.0000000e+00]]
[+0078.97, -0021.41, -1090.53]
2141, 847, 1254
[[-2.2741568e-01  6.1216272e-01 -7.5695760e-01  9.6510000e+01]
 [-4.0507200e-03  7.7700032e-01  6.2940720e-01  1.4077000e+02]
 [ 9.7350480e-01  1.4637840e-01 -1.7416000e-01 -1.1801000e+03]
 [ 0.0000000e+00  0.0000000e+00  0.0000000e+00  1.0000000e+00]]
[+0051.96, +0089.82, -1152.97]
2215, 1002, 1072
[[-2.2752082e-01  6.1218494e-01 -7.5711658e-01  9.6510000e+01]
 [-4.3681400e-03  7.7697756e-01  6.2947874e-01  1.4078000e+02]
 [ 9.7364102e-01  1.4660206e-01 -1.7407762e-01 -1.1801300e+03]
 [ 0.0000000e+00  0.0000000e+00  0.0000000e+00  1.0000000e+00]]
[+0075.61, +0095.22, -1147.14]
2141, 847, 1254
[[-2.2615050e-01  6.1235930e-01 -7.5722660e-01  9.6570000e+01]
 [-4.9543000e-03  7.7687238e-01  6.2956924e-01  1.4079000e+02]
 [ 9.7383340e-01  1.4628076e-01 -1.7260212e-01 -1.1801100e+03]
 [ 0.0000000e+00  0.0000000e+00  0.0000000e+00  1.0000000e+00]]
[+0052.71, +0088.71, -1153.50]
2027, 770, 1141
[[-2.2497082e-01  6.1308948e-01 -7.5693642e-01  9.6660000e+01]
 [-4.5397200e-03  7.7646008e-01  6.3006948e-01  1.4079000e+02]
 [ 9.7406922e-01  1.4535972e-01 -1.7183474e-01 -1.1800900e+03]
 [ 0.0000000e+00  0.0000000e+00  0.0000000e+00  1.0000000e+00]]
[+0051.89, +0088.44, -1146.36]
2141, 847, 1254
[[-2.2752082e-01  6.1198476e-01 -7.5702156e-01  9.6490000e+01]
 [-4.4631600e-03  7.7705990e-01  6.2932032e-01  1.4075000e+02]
 [ 9.7344084e-01  1.4676048e-01 -1.7399528e-01 -1.1801100e+03]
 [ 0.0000000e+00  0.0000000e+00  0.0000000e+00  1.0000000e+00]]
[+0052.12, +0088.17, -1152.05]
951, 1712, 1387
[[-2.2444532e-01  6.1265988e-01 -7.5758508e-01  9.6620000e+01]
 [-4.1101200e-03  7.7698558e-01  6.2945622e-01  1.4088000e+02]
 [ 9.7430508e-01  1.4449878e-01 -1.7183474e-01 -1.1801300e+03]
 [ 0.0000000e+00  0.0000000e+00  0.0000000e+00  1.0000000e+00]]
[+0111.58, -0051.41, -1100.31]
1395, 1562, 2007
[[-2.2581504e-01  6.1150624e-01 -7.5799104e-01  9.6420000e+01]
 [-4.6089600e-03  7.7766750e-01  6.2858428e-01  1.4074000e+02]
 [ 9.7389376e-01  1.4560068e-01 -1.7273250e-01 -1.1801300e+03]
 [ 0.0000000e+00  0.0000000e+00  0.0000000e+00  1.0000000e+00]]
[+0044.50, -0032.66, -1118.85]
951, 1712, 1387
[[-2.2396074e-01  6.1289470e-01 -7.5740370e-01  9.6660000e+01]
 [-4.2153000e-03  7.7679798e-01  6.2965738e-01  1.4090000e+02]
 [ 9.7431130e-01  1.4438238e-01 -1.7132772e-01 -1.1801300e+03]
 [ 0.0000000e+00  0.0000000e+00  0.0000000e+00  1.0000000e+00]]
[+0111.94, -0050.39, -1100.03]
1017, 1043, 1178
[[-2.2389700e-01  6.1330488e-01 -7.5716216e-01  9.6680000e+01]
 [-5.0853600e-03  7.7635486e-01  6.3021282e-01  1.4082000e+02]
 [ 9.7437752e-01  1.4509026e-01 -1.7065570e-01 -1.1801300e+03]
 [ 0.0000000e+00  0.0000000e+00  0.0000000e+00  1.0000000e+00]]
[+0060.08, -0007.27, -1075.68]
951, 1712, 1387
[[-2.2423540e-01  6.1271976e-01 -7.5756272e-01  9.6600000e+01]
 [-3.5803200e-03  7.7703030e-01  6.2939634e-01  1.4086000e+02]
 [ 9.7432744e-01  1.4396898e-01 -1.7199994e-01 -1.1801300e+03]
 [ 0.0000000e+00  0.0000000e+00  0.0000000e+00  1.0000000e+00]]
[+0111.33, -0051.80, -1100.51]
1933, 2007, 753
[[-2.2687122e-01  6.1190888e-01 -7.5734246e-01  9.6450000e+01]
 [-2.5335200e-03  7.7751008e-01  6.2878904e-01  1.4100000e+02]
 [ 9.7364966e-01  1.4473976e-01 -1.7478514e-01 -1.1801600e+03]
 [ 0.0000000e+00  0.0000000e+00  0.0000000e+00  1.0000000e+00]]
[+0157.68, +0053.26, -1132.04]
951, 1712, 1387
[[-2.2385572e-01  6.1282970e-01 -7.5759238e-01  9.6630000e+01]
 [-4.1503000e-03  7.7690300e-01  6.2955130e-01  1.4086000e+02]
 [ 9.7441738e-01  1.4419370e-01 -1.7132772e-01 -1.1801400e+03]
 [ 0.0000000e+00  0.0000000e+00  0.0000000e+00  1.0000000e+00]]
[+0107.55, -0050.55, -1099.60]
1946, 1560, 1082
[[-2.2691034e-01  6.1199208e-01 -7.5721792e-01  9.6480000e+01]
 [-3.9624800e-03  7.7721048e-01  6.2914188e-01  1.4084000e+02]
 [ 9.7360032e-01  1.4594828e-01 -1.7386482e-01 -1.1801300e+03]
 [ 0.0000000e+00  0.0000000e+00  0.0000000e+00  1.0000000e+00]]
[+0110.68, +0070.12, -1109.09]
1823, 1934, 875
[[-2.2531018e-01  6.1211530e-01 -7.5764128e-01  9.6550000e+01]
 [-3.5303000e-03  7.7738294e-01  6.2894120e-01  1.4092000e+02]
 [ 9.7400872e-01  1.4454880e-01 -1.7293188e-01 -1.1801000e+03]
 [ 0.0000000e+00  0.0000000e+00  0.0000000e+00  1.0000000e+00]]
[+0152.69, +0050.12, -1120.04]
1946, 1560, 1082
[[-2.2651018e-01  6.1199110e-01 -7.5758452e-01  9.6500000e+01]
 [-4.0439000e-03  7.7731550e-01  6.2906540e-01  1.4085000e+02]
 [ 9.7388452e-01  1.4562460e-01 -1.7356968e-01 -1.1800800e+03]
 [ 0.0000000e+00  0.0000000e+00  0.0000000e+00  1.0000000e+00]]
[+0110.03, +0069.34, -1108.67]
866, 1398, 1430
[[-2.2326628e-01  6.1314678e-01 -7.5754702e-01  9.6670000e+01]
 [-4.0432200e-03  7.7673772e-01  6.2976402e-01  1.4082000e+02]
 [ 9.7458202e-01  1.4377098e-01 -1.7090356e-01 -1.1801100e+03]
 [ 0.0000000e+00  0.0000000e+00  0.0000000e+00  1.0000000e+00]]
[+0078.79, -0054.85, -1097.11]
1946, 1560, 1082
[[-2.2680532e-01  6.1187480e-01 -7.5725912e-01  9.6470000e+01]
 [-3.8452000e-03  7.7731550e-01  6.2899430e-01  1.4085000e+02]
 [ 9.7355912e-01  1.4580070e-01 -1.7386482e-01 -1.1801100e+03]
 [ 0.0000000e+00  0.0000000e+00  0.0000000e+00  1.0000000e+00]]
[+0112.25, +0069.59, -1108.95]
2076, 1917, 1650
[[-2.2718580e-01  6.1074176e-01 -7.5809092e-01  9.6340000e+01]
 [-4.6140400e-03  7.7810124e-01  6.2802416e-01  1.4086000e+02]
 [ 9.7349168e-01  1.4639036e-01 -1.7387940e-01 -1.1800900e+03]
 [ 0.0000000e+00  0.0000000e+00  0.0000000e+00  1.0000000e+00]]
[+0093.66, +0035.90, -1102.85]
1946, 1560, 1082
[[-2.2562500e-01  6.1256250e-01 -7.5731750e-01  9.6560000e+01]
 [-3.6825000e-03  7.7698558e-01  6.2945982e-01  1.4087000e+02]
 [ 9.7403750e-01  1.4491518e-01 -1.7301442e-01 -1.1800500e+03]
 [ 0.0000000e+00  0.0000000e+00  0.0000000e+00  1.0000000e+00]]
[+0109.48, +0068.98, -1109.37]
2158, 1249, 1038
[[-2.2720552e-01  6.1212836e-01 -7.5713508e-01  9.6480000e+01]
 [-3.7211600e-03  7.7712806e-01  6.2927046e-01  1.4082000e+02]
 [ 9.7362252e-01  1.4592474e-01 -1.7424242e-01 -1.1800800e+03]
 [ 0.0000000e+00  0.0000000e+00  0.0000000e+00  1.0000000e+00]]
[+0092.14, +0091.39, -1133.97]
2175, 1358, 881
[[-2.2691034e-01  6.1213966e-01 -7.5716540e-01  9.6490000e+01]
 [-3.8149000e-03  7.7712806e-01  6.2925916e-01  1.4087000e+02]
 [ 9.7365284e-01  1.4583100e-01 -1.7394724e-01 -1.1801000e+03]
 [ 0.0000000e+00  0.0000000e+00  0.0000000e+00  1.0000000e+00]]
[+0110.57, +0091.57, -1137.71]
2158, 1249, 1038
[[-2.2682536e-01  6.1199544e-01 -7.5741848e-01  9.6500000e+01]
 [-4.6384800e-03  7.7716504e-01  6.2923224e-01  1.4083000e+02]
 [ 9.7375544e-01  1.4634312e-01 -1.7340496e-01 -1.1800900e+03]
 [ 0.0000000e+00  0.0000000e+00  0.0000000e+00  1.0000000e+00]]
[+0091.90, +0090.80, -1134.71]
2127, 1129, 951
[[-2.2594018e-01  6.1266202e-01 -7.5695122e-01  9.6590000e+01]
 [-4.0770200e-03  7.7675294e-01  6.2970242e-01  1.4086000e+02]
 [ 9.7381378e-01  1.4555758e-01 -1.7293188e-01 -1.1800600e+03]
 [ 0.0000000e+00  0.0000000e+00  0.0000000e+00  1.0000000e+00]]
[+0090.53, +0096.42, -1141.75]
2158, 1249, 1038
[[-2.2680532e-01  6.1192730e-01 -7.5740670e-01  9.6480000e+01]
 [-3.8977000e-03  7.7731550e-01  6.2903550e-01  1.4084000e+02]
 [ 9.7370670e-01  1.4575950e-01 -1.7386482e-01 -1.1801100e+03]
 [ 0.0000000e+00  0.0000000e+00  0.0000000e+00  1.0000000e+00]]
[+0093.21, +0090.13, -1133.71]
1779, 1333, 1055
[[-2.2503508e-01  6.1258494e-01 -7.5737766e-01  9.6580000e+01]
 [-3.8700600e-03  7.7698558e-01  6.2943738e-01  1.4085000e+02]
 [ 9.7409766e-01  1.4472762e-01 -1.7242450e-01 -1.1800500e+03]
 [ 0.0000000e+00  0.0000000e+00  0.0000000e+00  1.0000000e+00]]
[+0095.01, +0062.87, -1097.45]
2158, 1249, 1038
[[-2.2760580e-01  6.1208668e-01 -7.5711604e-01  9.6480000e+01]
 [-3.8922800e-03  7.7710542e-01  6.2931214e-01  1.4083000e+02]
 [ 9.7358084e-01  1.4628334e-01 -1.7445522e-01 -1.1800600e+03]
 [ 0.0000000e+00  0.0000000e+00  0.0000000e+00  1.0000000e+00]]
[+0092.08, +0091.07, -1133.83]
2145, 2068, 1304
[[-2.265760e-01  6.108012e-01 -7.584348e-01  9.637000e+01]
 [-4.165200e-03  7.782515e-01  6.278868e-01  1.409300e+02]
 [ 9.737988e-01  1.455372e-01 -1.737485e-01 -1.180150e+03]
 [ 0.000000e+00  0.000000e+00  0.000000e+00  1.000000e+00]]
[+0126.09, +0047.52, -1114.33]
1862, 1842, 1433
[[-2.2501520e-01  6.1212648e-01 -7.5767136e-01  9.6490000e+01]
 [-3.6240000e-03  7.7738294e-01  6.2893002e-01  1.4085000e+02]
 [ 9.7403880e-01  1.4445510e-01 -1.7263690e-01 -1.1800800e+03]
 [ 0.0000000e+00  0.0000000e+00  0.0000000e+00  1.0000000e+00]]
[+0102.40, +0028.35, -1095.27]
2145, 2068, 1304
[[-2.2727130e-01  6.1069586e-01 -7.5823792e-01  9.6330000e+01]
 [-4.1907400e-03  7.7822886e-01  6.2789864e-01  1.4090000e+02]
 [ 9.7357928e-01  1.4603024e-01 -1.7425680e-01 -1.1801400e+03]
 [ 0.0000000e+00  0.0000000e+00  0.0000000e+00  1.0000000e+00]]
[+0127.28, +0047.03, -1113.93]
1993, 2155, 1126
[[-2.2666170e-01  6.1070284e-01 -7.5843438e-01  9.6320000e+01]
 [-3.6894000e-03  7.7837880e-01  6.2772020e-01  1.4098000e+02]
 [ 9.7373870e-01  1.4521812e-01 -1.7412594e-01 -1.1801000e+03]
 [ 0.0000000e+00  0.0000000e+00  0.0000000e+00  1.0000000e+00]]
[+0146.01, +0038.85, -1118.29]
2145, 2068, 1304
[[-2.2807170e-01  6.1070756e-01 -7.5799978e-01  9.6340000e+01]
 [-4.3334800e-03  7.7810124e-01  6.2805836e-01  1.4088000e+02]
 [ 9.7340054e-01  1.4667092e-01 -1.7476530e-01 -1.1801500e+03]
 [ 0.0000000e+00  0.0000000e+00  0.0000000e+00  1.0000000e+00]]
[+0126.85, +0048.02, -1114.20]
2203, 1925, 1183
[[-2.2716648e-01  6.1135960e-01 -7.5766932e-01  9.6390000e+01]
 [-3.0828000e-03  7.7784000e-01  6.2837240e-01  1.4089000e+02]
 [ 9.7355732e-01  1.4526120e-01 -1.7475048e-01 -1.1801400e+03]
 [ 0.0000000e+00  0.0000000e+00  0.0000000e+00  1.0000000e+00]]
[+0123.00, +0062.33, -1119.98]
2145, 2068, 1304
[[-2.2657600e-01  6.1089640e-01 -7.5823480e-01  9.6380000e+01]
 [-3.9652000e-03  7.7816928e-01  6.2796304e-01  1.4096000e+02]
 [ 9.7370360e-01  1.4546096e-01 -1.7383072e-01 -1.1801100e+03]
 [ 0.0000000e+00  0.0000000e+00  0.0000000e+00  1.0000000e+00]]
[+0127.16, +0047.85, -1114.59]
1336, 1550, 1384
[[-2.2474018e-01  6.1235378e-01 -7.5766012e-01  9.6550000e+01]
 [-4.3112200e-03  7.7715062e-01  6.2923252e-01  1.4086000e+02]
 [ 9.7417012e-01  1.4482748e-01 -1.7196456e-01 -1.1801100e+03]
 [ 0.0000000e+00  0.0000000e+00  0.0000000e+00  1.0000000e+00]]
[+0086.93, -0005.26, -1083.09]
1148, 1609, 1380
[[-2.2463520e-01  6.1253120e-01 -7.5759640e-01  9.6570000e+01]
 [-3.8988800e-03  7.7709056e-01  6.2932000e-01  1.4086000e+02]
 [ 9.7423384e-01  1.4444512e-01 -1.7212960e-01 -1.1800900e+03]
 [ 0.0000000e+00  0.0000000e+00  0.0000000e+00  1.0000000e+00]]
[+0096.89, -0028.43, -1086.87]
1336, 1550, 1384
[[-2.2522504e-01  6.1236132e-01 -7.5758884e-01  9.6540000e+01]
 [-3.8588400e-03  7.7717310e-01  6.2922498e-01  1.4085000e+02]
 [ 9.7412132e-01  1.4475006e-01 -1.7263690e-01 -1.1800700e+03]
 [ 0.0000000e+00  0.0000000e+00  0.0000000e+00  1.0000000e+00]]
[+0087.50, -0004.99, -1082.96]
1425, 1853, 1707
[[-2.2522504e-01  6.1158140e-01 -7.5819868e-01  9.6430000e+01]
 [-4.8486800e-03  7.7766750e-01  6.2860274e-01  1.4084000e+02]
 [ 9.7410140e-01  1.4537230e-01 -1.7214250e-01 -1.1801200e+03]
 [ 0.0000000e+00  0.0000000e+00  0.0000000e+00  1.0000000e+00]]
[+0089.75, -0025.78, -1097.57]
1336, 1550, 1384
[[-2.2434034e-01  6.1268982e-01 -7.5757388e-01  9.6580000e+01]
 [-3.8452200e-03  7.7700798e-01  6.2942628e-01  1.4086000e+02]
 [ 9.7431628e-01  1.4423388e-01 -1.7191732e-01 -1.1800700e+03]
 [ 0.0000000e+00  0.0000000e+00  0.0000000e+00  1.0000000e+00]]
[+0088.54, -0005.27, -1082.79]
1414, 1784, 1142
[[-2.2402564e-01  6.1238980e-01 -7.5784520e-01  9.6550000e+01]
 [-3.5452000e-03  7.7732268e-01  6.2902532e-01  1.4086000e+02]
 [ 9.7433980e-01  1.4375032e-01 -1.7191732e-01 -1.1801100e+03]
 [ 0.0000000e+00  0.0000000e+00  0.0000000e+00  1.0000000e+00]]
[+0129.61, +0010.32, -1088.85]
1336, 1550, 1384
[[-2.2543504e-01  6.1239616e-01 -7.5741136e-01  9.6540000e+01]
 [-4.1886400e-03  7.7704560e-01  6.2936128e-01  1.4084000e+02]
 [ 9.7400384e-01  1.4520368e-01 -1.7255440e-01 -1.1800600e+03]
 [ 0.0000000e+00  0.0000000e+00  0.0000000e+00  1.0000000e+00]]
[+0087.23, -0005.84, -1083.02]
1582, 2202, 773
[[-2.2590026e-01  6.1170276e-01 -7.5788586e-01  9.6440000e+01]
 [-3.8379600e-03  7.7763032e-01  6.2865268e-01  1.4102000e+02]
 [ 9.7393866e-01  1.4504708e-01 -1.7327458e-01 -1.1801300e+03]
 [ 0.0000000e+00  0.0000000e+00  0.0000000e+00  1.0000000e+00]]
[+0172.12, +0023.39, -1133.89]
1541, 2222, 916
[[-2.2619536e-01  6.1154396e-01 -7.5790812e-01  9.6450000e+01]
 [-3.8918800e-03  7.7771270e-01  6.2854656e-01  1.4098000e+02]
 [ 9.7385604e-01  1.4525808e-01 -1.7348730e-01 -1.1801000e+03]
 [ 0.0000000e+00  0.0000000e+00  0.0000000e+00  1.0000000e+00]]
[+0167.43, +0014.51, -1126.99]
1582, 2202, 773
[[-2.2579540e-01  6.1197558e-01 -7.5762226e-01  9.6490000e+01]
 [-3.2255400e-03  7.7748780e-01  6.2881602e-01  1.4099000e+02]
 [ 9.7390718e-01  1.4458866e-01 -1.7352196e-01 -1.1801200e+03]
 [ 0.0000000e+00  0.0000000e+00  0.0000000e+00  1.0000000e+00]]
[+0172.04, +0024.01, -1133.85]
1815, 2236, 834
[[-2.2860634e-01  6.0921430e-01 -7.5901686e-01  9.6140000e+01]
 [-3.6118600e-03  7.7937206e-01  6.2648070e-01  1.4114000e+02]
 [ 9.7326030e-01  1.4611314e-01 -1.7591444e-01 -1.1801800e+03]
 [ 0.0000000e+00  0.0000000e+00  0.0000000e+00  1.0000000e+00]]
[+0165.52, +0032.63, -1132.35]
1582, 2202, 773
[[-2.2417090e-01  6.1409850e-01 -7.5631110e-01  9.6760000e+01]
 [-3.0610200e-03  7.7592574e-01  6.3072630e-01  1.4090000e+02]
 [ 9.7422486e-01  1.4390298e-01 -1.7198980e-01 -1.1800500e+03]
 [ 0.0000000e+00  0.0000000e+00  0.0000000e+00  1.0000000e+00]]
[+0171.93, +0024.19, -1133.84]
1636, 1675, 865
[[-2.2507604e-01  6.1408098e-01 -7.5608454e-01  9.6780000e+01]
 [-3.4673400e-03  7.7577596e-01  6.3091458e-01  1.4078000e+02]
 [ 9.7403658e-01  1.4480946e-01 -1.7241364e-01 -1.1800400e+03]
 [ 0.0000000e+00  0.0000000e+00  0.0000000e+00  1.0000000e+00]]
[+0136.43, +0047.35, -1099.66]
1582, 2202, 773
[[-2.2476050e-01  6.1373916e-01 -7.5670362e-01  9.6710000e+01]
 [-3.4203600e-03  7.7617432e-01  6.3047916e-01  1.4094000e+02]
 [ 9.7430202e-01  1.4436036e-01 -1.7233082e-01 -1.1800800e+03]
 [ 0.0000000e+00  0.0000000e+00  0.0000000e+00  1.0000000e+00]]
[+0172.52, +0023.34, -1134.34]
1568, 912, 1870
[[-2.2528660e-01  6.1275730e-01 -7.5722330e-01  9.6660000e+01]
 [-5.6817400e-03  7.7655660e-01  6.2996582e-01  1.4065000e+02]
 [ 9.7407718e-01  1.4634790e-01 -1.7142244e-01 -1.1800500e+03]
 [ 0.0000000e+00  0.0000000e+00  0.0000000e+00  1.0000000e+00]]
[+0007.03, +0014.37, -1142.41]
1505, 769, 2117
[[-2.2514010e-01  6.1221756e-01 -7.5784138e-01  9.6580000e+01]
 [-4.6823600e-03  7.7721048e-01  6.2919756e-01  1.4059000e+02]
 [ 9.7422378e-01  1.4526236e-01 -1.7209458e-01 -1.1800000e+03]
 [ 0.0000000e+00  0.0000000e+00  0.0000000e+00  1.0000000e+00]]
[+0002.59, +0003.93, -1172.63]
1568, 912, 1870
[[-2.2455034e-01  6.1311458e-01 -7.5709140e-01  9.6720000e+01]
 [-3.6803000e-03  7.7663270e-01  6.2987340e-01  1.4070000e+02]
 [ 9.7420908e-01  1.4437644e-01 -1.7208260e-01 -1.1800200e+03]
 [ 0.0000000e+00  0.0000000e+00  0.0000000e+00  1.0000000e+00]]
[+0012.19, +0015.76, -1135.55]
1514, 1070, 1948
[[-2.2495026e-01  6.1253616e-01 -7.5743020e-01  9.6660000e+01]
 [-4.4936000e-03  7.7694054e-01  6.2948616e-01  1.4068000e+02]
 [ 9.7410516e-01  1.4516360e-01 -1.7196456e-01 -1.1800000e+03]
 [ 0.0000000e+00  0.0000000e+00  0.0000000e+00  1.0000000e+00]]
[+0015.65, -0002.13, -1132.05]
1568, 912, 1870
[[-2.2476050e-01  6.1300206e-01 -7.5696642e-01  9.6730000e+01]
 [-4.1574600e-03  7.7658782e-01  6.2989206e-01  1.4070000e+02]
 [ 9.7403922e-01  1.4494746e-01 -1.7191732e-01 -1.1800300e+03]
 [ 0.0000000e+00  0.0000000e+00  0.0000000e+00  1.0000000e+00]]
[+0010.19, +0016.57, -1138.79]
922, 806, 1647
[[-2.2290792e-01  6.1429436e-01 -7.5657736e-01  9.6910000e+01]
 [-3.9660400e-03  7.7579832e-01  6.3088928e-01  1.4073000e+02]
 [ 9.7455176e-01  1.4380352e-01 -1.7043360e-01 -1.1800100e+03]
 [ 0.0000000e+00  0.0000000e+00  0.0000000e+00  1.0000000e+00]]
[+0013.03, -0031.54, -1124.35]
1568, 912, 1870
[[-2.2583508e-01  6.1244972e-01 -7.5719252e-01  9.6620000e+01]
 [-4.1597200e-03  7.7694054e-01  6.2947882e-01  1.4066000e+02]
 [ 9.7386748e-01  1.4548618e-01 -1.7284938e-01 -1.1800200e+03]
 [ 0.0000000e+00  0.0000000e+00  0.0000000e+00  1.0000000e+00]]
[+0007.69, +0015.96, -1141.59]
2081, 1654, 1525
[[-2.2672026e-01  6.1202568e-01 -7.5740710e-01  9.6560000e+01]
 [-4.3736000e-03  7.7718780e-01  6.2920200e-01  1.4073000e+02]
 [ 9.7376682e-01  1.4607824e-01 -1.7348730e-01 -1.1800500e+03]
 [ 0.0000000e+00  0.0000000e+00  0.0000000e+00  1.0000000e+00]]
[+0086.08, +0054.58, -1106.24]
1661, 2186, 1601
[[-2.2491034e-01  6.1220896e-01 -7.5780768e-01  9.6600000e+01]
 [-3.4115200e-03  7.7740526e-01  6.2894124e-01  1.4078000e+02]
 [ 9.7419744e-01  1.4414892e-01 -1.7271944e-01 -1.1800700e+03]
 [ 0.0000000e+00  0.0000000e+00  0.0000000e+00  1.0000000e+00]]
[+0125.77, -0012.09, -1104.60]
2081, 1654, 1525
[[-2.2613010e-01  6.1214338e-01 -7.5726744e-01  9.6610000e+01]
 [-4.3609800e-03  7.7710542e-01  6.2925544e-01  1.4072000e+02]
 [ 9.7373224e-01  1.4581464e-01 -1.7297952e-01 -1.1800500e+03]
 [ 0.0000000e+00  0.0000000e+00  0.0000000e+00  1.0000000e+00]]
[+0082.37, +0056.05, -1107.69]
2133, 1636, 1935
[[-2.2718580e-01  6.1147986e-01 -7.5782862e-01  9.6470000e+01]
 [-3.8759400e-03  7.7769014e-01  6.2861066e-01  1.4066000e+02]
 [ 9.7375398e-01  1.4580386e-01 -1.7429050e-01 -1.1800100e+03]
 [ 0.0000000e+00  0.0000000e+00  0.0000000e+00  1.0000000e+00]]
[+0051.07, +0035.23, -1117.26]
2081, 1654, 1525
[[-2.2554010e-01  6.1280852e-01 -7.5726504e-01  9.6660000e+01]
 [-4.0110800e-03  7.7677550e-01  6.2974356e-01  1.4075000e+02]
 [ 9.7415016e-01  1.4511636e-01 -1.7271944e-01 -1.1800300e+03]
 [ 0.0000000e+00  0.0000000e+00  0.0000000e+00  1.0000000e+00]]
[+0084.19, +0056.00, -1107.94]
1160, 917, 1610
[[-2.2398130e-01  6.1320590e-01 -7.5716230e-01  9.6750000e+01]
 [-4.6091000e-03  7.7648268e-01  6.3004694e-01  1.4072000e+02]
 [ 9.7431770e-01  1.4477194e-01 -1.7103298e-01 -1.1800700e+03]
 [ 0.0000000e+00  0.0000000e+00  0.0000000e+00  1.0000000e+00]]
[+0016.41, -0011.38, -1113.60]
2081, 1654, 1525
[[-2.2680532e-01  6.1192730e-01 -7.5740670e-01  9.6520000e+01]
 [-3.8977000e-03  7.7731550e-01  6.2903550e-01  1.4075000e+02]
 [ 9.7370670e-01  1.4575950e-01 -1.7386482e-01 -1.1800300e+03]
 [ 0.0000000e+00  0.0000000e+00  0.0000000e+00  1.0000000e+00]]
[+0085.35, +0054.93, -1106.64]
1173, 1981, 1535
[[-2.2385572e-01  6.1282970e-01 -7.5759238e-01  9.6690000e+01]
 [-4.1503000e-03  7.7690300e-01  6.2955130e-01  1.4083000e+02]
 [ 9.7441738e-01  1.4419370e-01 -1.7132772e-01 -1.1800800e+03]
 [ 0.0000000e+00  0.0000000e+00  0.0000000e+00  1.0000000e+00]]
[+0122.72, -0043.26, -1107.17]
1375, 1597, 940
[[-2.2356098e-01  6.1347270e-01 -7.5706500e-01  9.6770000e+01]
 [-3.4023000e-03  7.7648950e-01  6.3004500e-01  1.4081000e+02]
 [ 9.7441500e-01  1.4359500e-01 -1.7144648e-01 -1.1800000e+03]
 [ 0.0000000e+00  0.0000000e+00  0.0000000e+00  1.0000000e+00]]
[+0129.69, +0026.28, -1084.68]
1173, 1981, 1535
[[-2.2434034e-01  6.1239498e-01 -7.5767884e-01  9.6660000e+01]
 [-4.1400600e-03  7.7717310e-01  6.2919132e-01  1.4080000e+02]
 [ 9.7421132e-01  1.4446884e-01 -1.7175220e-01 -1.1800300e+03]
 [ 0.0000000e+00  0.0000000e+00  0.0000000e+00  1.0000000e+00]]
[+0120.14, -0045.34, -1107.97]
1387, 1311, 2040
[[-2.2581504e-01  6.1219136e-01 -7.5758112e-01  9.6560000e+01]
 [-3.8188800e-03  7.7725560e-01  6.2913004e-01  1.4071000e+02]
 [ 9.7400864e-01  1.4505492e-01 -1.7314440e-01 -1.1800300e+03]
 [ 0.0000000e+00  0.0000000e+00  0.0000000e+00  1.0000000e+00]]
[+0025.03, -0025.91, -1131.39]
1173, 1981, 1535
[[-2.2413050e-01  6.1299210e-01 -7.5729930e-01  9.6680000e+01]
 [-2.9681400e-03  7.7688710e-01  6.2955998e-01  1.4083000e+02]
 [ 9.7429602e-01  1.4351050e-01 -1.7224804e-01 -1.1800200e+03]
 [ 0.0000000e+00  0.0000000e+00  0.0000000e+00  1.0000000e+00]]
[+0122.19, -0043.76, -1107.36]
1015, 1919, 1520
[[-2.2385572e-01  6.1321934e-01 -7.5728750e-01  9.6740000e+01]
 [-3.6556600e-03  7.7665502e-01  6.2986250e-01  1.4082000e+02]
 [ 9.7442750e-01  1.4388250e-01 -1.7157570e-01 -1.1800700e+03]
 [ 0.0000000e+00  0.0000000e+00  0.0000000e+00  1.0000000e+00]]
[+0116.95, -0053.39, -1111.14]
1173, 1981, 1535
[[-2.2442536e-01  6.1249616e-01 -7.5777396e-01  9.6620000e+01]
 [-3.5689600e-03  7.7721782e-01  6.2918388e-01  1.4080000e+02]
 [ 9.7435116e-01  1.4399148e-01 -1.7221218e-01 -1.1800600e+03]
 [ 0.0000000e+00  0.0000000e+00  0.0000000e+00  1.0000000e+00]]
[+0120.77, -0042.63, -1106.76]
1800, 1638, 1867
[[-2.2632010e-01  6.1162462e-01 -7.5758354e-01  9.6500000e+01]
 [-4.6450600e-03  7.7745750e-01  6.2880842e-01  1.4074000e+02]
 [ 9.7365082e-01  1.4607166e-01 -1.7302756e-01 -1.1801000e+03]
 [ 0.0000000e+00  0.0000000e+00  0.0000000e+00  1.0000000e+00]]
[+0053.81, +0011.05, -1105.05]
1701, 1645, 2045
[[-2.2592002e-01  6.1171866e-01 -7.5774988e-01  9.6510000e+01]
 [-4.5263400e-03  7.7748022e-01  6.2880804e-01  1.4072000e+02]
 [ 9.7383988e-01  1.4567196e-01 -1.7281480e-01 -1.1800700e+03]
 [ 0.0000000e+00  0.0000000e+00  0.0000000e+00  1.0000000e+00]]
[+0045.19, -0011.02, -1114.85]
1800, 1638, 1867
[[-2.2661520e-01  6.1205592e-01 -7.5739576e-01  9.6550000e+01]
 [-4.1087200e-03  7.7721048e-01  6.2917176e-01  1.4076000e+02]
 [ 9.7377816e-01  1.4581336e-01 -1.7356968e-01 -1.1800600e+03]
 [ 0.0000000e+00  0.0000000e+00  0.0000000e+00  1.0000000e+00]]
[+0059.04, +0013.50, -1103.02]
2125, 1945, 2034
[[-2.2737616e-01  6.1076072e-01 -7.5804920e-01  9.6350000e+01]
 [-4.2556000e-03  7.7812400e-01  6.2800520e-01  1.4071000e+02]
 [ 9.7347272e-01  1.4621896e-01 -1.7425680e-01 -1.1800800e+03]
 [ 0.0000000e+00  0.0000000e+00  0.0000000e+00  1.0000000e+00]]
[+0068.40, +0017.10, -1110.04]
1800, 1638, 1867
[[-2.2524516e-01  6.1237740e-01 -7.5745272e-01  9.6600000e+01]
 [-4.5472800e-03  7.7702300e-01  6.2938004e-01  1.4075000e+02]
 [ 9.7402260e-01  1.4537480e-01 -1.7217700e-01 -1.1800700e+03]
 [ 0.0000000e+00  0.0000000e+00  0.0000000e+00  1.0000000e+00]]
[+0057.94, +0006.93, -1103.33]
1934, 1451, 1948
[[-2.2621508e-01  6.1185486e-01 -7.5766722e-01  9.6480000e+01]
 [-4.2851400e-03  7.7739788e-01  6.2893674e-01  1.4068000e+02]
 [ 9.7386222e-01  1.4564826e-01 -1.7319220e-01 -1.1800700e+03]
 [ 0.0000000e+00  0.0000000e+00  0.0000000e+00  1.0000000e+00]]
[+0036.97, +0022.56, -1119.33]
1800, 1638, 1867
[[-2.2524516e-01  6.1222994e-01 -7.5750526e-01  9.6590000e+01]
 [-4.6947400e-03  7.7710542e-01  6.2926262e-01  1.4074000e+02]
 [ 9.7397006e-01  1.4549222e-01 -1.7209458e-01 -1.1800800e+03]
 [ 0.0000000e+00  0.0000000e+00  0.0000000e+00  1.0000000e+00]]
[+0059.29, +0006.25, -1102.86]
1221, 1187, 1522
[[-2.2337130e-01  6.1345398e-01 -7.5710596e-01  9.6730000e+01]
 [-3.7610600e-03  7.7646726e-01  6.3006372e-01  1.4077000e+02]
 [ 9.7443372e-01  1.4376596e-01 -1.7106900e-01 -1.1800500e+03]
 [ 0.0000000e+00  0.0000000e+00  0.0000000e+00  1.0000000e+00]]
[+0046.71, -0011.57, -1092.02]
1015, 1292, 1437
[[-2.2347636e-01  6.1371884e-01 -7.5701204e-01  9.6770000e+01]
 [-3.7312400e-03  7.7627942e-01  6.3032858e-01  1.4079000e+02]
 [ 9.7452764e-01  1.4379578e-01 -1.7115178e-01 -1.1801000e+03]
 [ 0.0000000e+00  0.0000000e+00  0.0000000e+00  1.0000000e+00]]
[+0065.24, -0034.61, -1089.29]
1221, 1187, 1522
[[-2.2406580e-01  6.1325442e-01 -7.5710994e-01  9.6690000e+01]
 [-3.9855000e-03  7.7652764e-01  6.2999842e-01  1.4076000e+02]
 [ 9.7431030e-01  1.4433610e-01 -1.7149300e-01 -1.1800600e+03]
 [ 0.0000000e+00  0.0000000e+00  0.0000000e+00  1.0000000e+00]]
[+0045.33, -0012.34, -1093.02]
1194, 926, 1261
[[-2.2358146e-01  6.1393114e-01 -7.5677074e-01  9.6770000e+01]
 [-3.6488600e-03  7.7609150e-01  6.3055202e-01  1.4077000e+02]
 [ 9.7447426e-01  1.4386702e-01 -1.7123460e-01 -1.1800700e+03]
 [ 0.0000000e+00  0.0000000e+00  0.0000000e+00  1.0000000e+00]]
[+0038.67, +0014.02, -1086.54]
1221, 1187, 1522
[[-2.2455034e-01  6.1331452e-01 -7.5718630e-01  9.6680000e+01]
 [-3.5854000e-03  7.7655000e-01  6.3003220e-01  1.4075000e+02]
 [ 9.7440902e-01  1.4421764e-01 -1.7216530e-01 -1.1800500e+03]
 [ 0.0000000e+00  0.0000000e+00  0.0000000e+00  1.0000000e+00]]
[+0046.91, -0013.56, -1092.64]
1484, 1461, 1221
[[-2.2425552e-01  6.1317828e-01 -7.5726876e-01  9.6690000e+01]
 [-3.8266800e-03  7.7663270e-01  6.2990356e-01  1.4078000e+02]
 [ 9.7438644e-01  1.4424124e-01 -1.7178778e-01 -1.1800700e+03]
 [ 0.0000000e+00  0.0000000e+00  0.0000000e+00  1.0000000e+00]]
[+0093.72, +0024.80, -1081.73]
1221, 1187, 1522
[[-2.2434034e-01  6.1346938e-01 -7.5696416e-01  9.6700000e+01]
 [-2.8557400e-03  7.7651166e-01  6.3004832e-01  1.4076000e+02]
 [ 9.7433632e-01  1.4361184e-01 -1.7241364e-01 -1.1799600e+03]
 [ 0.0000000e+00  0.0000000e+00  0.0000000e+00  1.0000000e+00]]
[+0044.74, -0012.75, -1093.35]
823, 1974, 1951
[[-2.2333122e-01  6.1234690e-01 -7.5809364e-01  9.6650000e+01]
 [-3.6675000e-03  7.7742750e-01  6.2889700e-01  1.4079000e+02]
 [ 9.7450564e-01  1.4337420e-01 -1.7132772e-01 -1.1800600e+03]
 [ 0.0000000e+00  0.0000000e+00  0.0000000e+00  1.0000000e+00]]
[+0097.71, -0076.38, -1149.74]
816, 1799, 2208
[[-2.2200916e-01  6.1082808e-01 -7.5969216e-01  9.6550000e+01]
 [-4.3766400e-03  7.7873734e-01  6.2726718e-01  1.4059000e+02]
 [ 9.7479432e-01  1.4273166e-01 -1.7016106e-01 -1.1800900e+03]
 [ 0.0000000e+00  0.0000000e+00  0.0000000e+00  1.0000000e+00]]
[+0073.96, -0075.69, -1161.41]
823, 1974, 1951
[[-2.2126888e-01  6.1316080e-01 -7.5803940e-01  9.6860000e+01]
 [-3.5872000e-03  7.7701400e-01  6.2940780e-01  1.4080000e+02]
 [ 9.7497540e-01  1.4212980e-01 -1.6967888e-01 -1.1801100e+03]
 [ 0.0000000e+00  0.0000000e+00  0.0000000e+00  1.0000000e+00]]
[+0099.68, -0076.07, -1150.08]
1570, 1945, 1950
[[-2.2432050e-01  6.1237868e-01 -7.5781526e-01  9.6640000e+01]
 [-3.4514800e-03  7.7732268e-01  6.2903644e-01  1.4073000e+02]
 [ 9.7430986e-01  1.4384404e-01 -1.7221218e-01 -1.1800500e+03]
 [ 0.0000000e+00  0.0000000e+00  0.0000000e+00  1.0000000e+00]]
[+0080.72, -0021.84, -1104.21]
823, 1974, 1951
[[-2.2187796e-01  6.1320832e-01 -7.5799056e-01  9.6830000e+01]
 [-4.1409600e-03  7.7686494e-01  6.2962522e-01  1.4081000e+02]
 [ 9.7496512e-01  1.4290074e-01 -1.6980786e-01 -1.1801100e+03]
 [ 0.0000000e+00  0.0000000e+00  0.0000000e+00  1.0000000e+00]]
[+0099.46, -0076.40, -1150.08]
776, 765, 1130
[[-2.2151968e-01  6.1498696e-01 -7.5646352e-01  9.7020000e+01]
 [-3.2237600e-03  7.7551064e-01  6.3125596e-01  1.4076000e+02]
 [ 9.7490288e-01  1.4242724e-01 -1.6975368e-01 -1.1800500e+03]
 [ 0.0000000e+00  0.0000000e+00  0.0000000e+00  1.0000000e+00]]
[+0037.06, -0019.89, -1081.30]
823, 1974, 1951
[[-2.2421568e-01  6.1148136e-01 -7.5846584e-01  9.6570000e+01]
 [-4.3234400e-03  7.7792238e-01  6.2826648e-01  1.4068000e+02]
 [ 9.7424904e-01  1.4431912e-01 -1.7171730e-01 -1.1800400e+03]
 [ 0.0000000e+00  0.0000000e+00  0.0000000e+00  1.0000000e+00]]
[+0098.37, -0076.73, -1151.52]
1371, 1637, 1169
[[-2.2356098e-01  6.1323048e-01 -7.5731736e-01  9.6770000e+01]
 [-3.7495200e-03  7.7665502e-01  6.2985136e-01  1.4074000e+02]
 [ 9.7445736e-01  1.4378864e-01 -1.7128096e-01 -1.1800600e+03]
 [ 0.0000000e+00  0.0000000e+00  0.0000000e+00  1.0000000e+00]]
[+0113.33, +0011.37, -1082.25]
1698, 1710, 1304
[[-2.2522504e-01  6.1250880e-01 -7.5753636e-01  9.6690000e+01]
 [-3.7113600e-03  7.7709056e-01  6.2934240e-01  1.4075000e+02]
 [ 9.7417380e-01  1.4463264e-01 -1.7271944e-01 -1.1800700e+03]
 [ 0.0000000e+00  0.0000000e+00  0.0000000e+00  1.0000000e+00]]
[+0107.75, +0032.36, -1090.48]
1371, 1637, 1169
[[-2.2297162e-01  6.1310544e-01 -7.5742946e-01  9.6800000e+01]
 [-4.0845600e-03  7.7673772e-01  6.2971152e-01  1.4077000e+02]
 [ 9.7446446e-01  1.4371848e-01 -1.7060890e-01 -1.1800400e+03]
 [ 0.0000000e+00  0.0000000e+00  0.0000000e+00  1.0000000e+00]]
[+0113.96, +0008.02, -1082.37]
1165, 1614, 1678
[[-2.2347636e-01  6.1269774e-01 -7.5787438e-01  9.6730000e+01]
 [-5.0675800e-03  7.7694054e-01  6.2951214e-01  1.4070000e+02]
 [ 9.7454934e-01  1.4461222e-01 -1.7049066e-01 -1.1800600e+03]
 [ 0.0000000e+00  0.0000000e+00  0.0000000e+00  1.0000000e+00]]
[+0073.64, -0043.61, -1101.89]
1371, 1637, 1169
[[-2.2326628e-01  6.1338896e-01 -7.5729468e-01  9.6770000e+01]
 [-3.6960400e-03  7.7657228e-01  6.2995776e-01  1.4077000e+02]
 [ 9.7453968e-01  1.4357724e-01 -1.7106900e-01 -1.1800500e+03]
 [ 0.0000000e+00  0.0000000e+00  0.0000000e+00  1.0000000e+00]]
[+0114.68, +0010.10, -1082.48]
1290, 2026, 1153
[[-2.2356098e-01  6.1284090e-01 -7.5762222e-01  9.6740000e+01]
 [-4.2441000e-03  7.7690300e-01  6.2954010e-01  1.4079000e+02]
 [ 9.7444722e-01  1.4409990e-01 -1.7103298e-01 -1.1800600e+03]
 [ 0.0000000e+00  0.0000000e+00  0.0000000e+00  1.0000000e+00]]
[+0151.09, -0011.39, -1105.37]
1371, 1637, 1169
[[-2.2396074e-01  6.1318946e-01 -7.5729866e-01  9.6760000e+01]
 [-3.9205400e-03  7.7663270e-01  6.2989238e-01  1.4075000e+02]
 [ 9.7441634e-01  1.4414738e-01 -1.7149300e-01 -1.1800500e+03]
 [ 0.0000000e+00  0.0000000e+00  0.0000000e+00  1.0000000e+00]]
[+0115.98, +0010.83, -1082.66]
1474, 1172, 886
[[-2.2330772e-01  6.1386414e-01 -7.5686394e-01  9.6850000e+01]
 [-4.6313400e-03  7.7602430e-01  6.3061902e-01  1.4074000e+02]
 [ 9.7450026e-01  1.4447358e-01 -1.7039698e-01 -1.1800800e+03]
 [ 0.0000000e+00  0.0000000e+00  0.0000000e+00  1.0000000e+00]]
[+0097.83, +0058.69, -1084.48]
1527, 1726, 1005
[[-2.2474018e-01  6.1269110e-01 -7.5720774e-01  9.6730000e+01]
 [-3.7639000e-03  7.7690300e-01  6.2950230e-01  1.4077000e+02]
 [ 9.7403274e-01  1.4455770e-01 -1.7221218e-01 -1.1800400e+03]
 [ 0.0000000e+00  0.0000000e+00  0.0000000e+00  1.0000000e+00]]
[+0134.62, +0031.51, -1092.86]
1474, 1172, 886
[[-2.2299218e-01  6.1395342e-01 -7.5683034e-01  9.6860000e+01]
 [-3.8368200e-03  7.7609150e-01  6.3052974e-01  1.4077000e+02]
 [ 9.7453386e-01  1.4367906e-01 -1.7064532e-01 -1.1800500e+03]
 [ 0.0000000e+00  0.0000000e+00  0.0000000e+00  1.0000000e+00]]
[+0097.95, +0057.50, -1084.15]
1762, 1162, 800
[[-2.2425552e-01  6.1381024e-01 -7.5671136e-01  9.6820000e+01]
 [-2.9846400e-03  7.7621880e-01  6.3040808e-01  1.4076000e+02]
 [ 9.7435424e-01  1.4373672e-01 -1.7220168e-01 -1.1800100e+03]
 [ 0.0000000e+00  0.0000000e+00  0.0000000e+00  1.0000000e+00]]
[+0104.96, +0086.20, -1110.74]
1474, 1172, 886
[[-2.2398130e-01  6.1359540e-01 -7.5685720e-01  9.6830000e+01]
 [-4.1144400e-03  7.7623470e-01  6.3035808e-01  1.4075000e+02]
 [ 9.7432808e-01  1.4446080e-01 -1.7128096e-01 -1.1800400e+03]
 [ 0.0000000e+00  0.0000000e+00  0.0000000e+00  1.0000000e+00]]
[+0095.61, +0055.95, -1083.67]
1655, 1019, 1514
[[-2.2524516e-01  6.1300962e-01 -7.5689510e-01  9.6730000e+01]
 [-3.7049000e-03  7.7661030e-01  6.2988450e-01  1.4069000e+02]
 [ 9.7399038e-01  1.4487034e-01 -1.7258970e-01 -1.1800000e+03]
 [ 0.0000000e+00  0.0000000e+00  0.0000000e+00  1.0000000e+00]]
[+0031.40, +0041.91, -1112.29]
1474, 1172, 886
[[-2.2427604e-01  6.1373156e-01 -7.5677472e-01  9.6850000e+01]
 [-3.8731200e-03  7.7615196e-01  6.3048676e-01  1.4076000e+02]
 [ 9.7435076e-01  1.4443728e-01 -1.7165844e-01 -1.1800500e+03]
 [ 0.0000000e+00  0.0000000e+00  0.0000000e+00  1.0000000e+00]]
[+0098.52, +0056.30, -1083.78]
2024, 2065, 1988
[[-2.2678568e-01  6.1083588e-01 -7.5825744e-01  9.6450000e+01]
 [-4.4950800e-03  7.7812400e-01  6.2802356e-01  1.4069000e+02]
 [ 9.7368096e-01  1.4599084e-01 -1.7366632e-01 -1.1800800e+03]
 [ 0.0000000e+00  0.0000000e+00  0.0000000e+00  1.0000000e+00]]
[+0082.17, +0006.74, -1105.96]
2103, 1950, 1863
[[-2.2659540e-01  6.1150246e-01 -7.5788918e-01  9.6520000e+01]
 [-4.0631800e-03  7.7769014e-01  6.2858806e-01  1.4069000e+02]
 [ 9.7381454e-01  1.4561662e-01 -1.7370010e-01 -1.1800400e+03]
 [ 0.0000000e+00  0.0000000e+00  0.0000000e+00  1.0000000e+00]]
[+0080.01, +0027.73, -1105.58]
2024, 2065, 1988
[[-2.2590026e-01  6.1116504e-01 -7.5824316e-01  9.6530000e+01]
 [-4.4805600e-03  7.7795960e-01  6.2822428e-01  1.4069000e+02]
 [ 9.7387644e-01  1.4547548e-01 -1.7294530e-01 -1.1800700e+03]
 [ 0.0000000e+00  0.0000000e+00  0.0000000e+00  1.0000000e+00]]
[+0081.93, +0005.07, -1106.14]
2039, 2200, 1873
[[-2.2590026e-01  6.1140768e-01 -7.5799074e-01  9.6510000e+01]
 [-4.1330400e-03  7.7779504e-01  6.2841792e-01  1.4075000e+02]
 [ 9.7383378e-01  1.4528184e-01 -1.7310986e-01 -1.1800700e+03]
 [ 0.0000000e+00  0.0000000e+00  0.0000000e+00  1.0000000e+00]]
[+0103.65, +0009.22, -1105.27]
2024, 2065, 1988
[[-2.2550034e-01  6.1150150e-01 -7.5815714e-01  9.6530000e+01]
 [-4.0141400e-03  7.7781756e-01  6.2841770e-01  1.4067000e+02]
 [ 9.7402270e-01  1.4488214e-01 -1.7289714e-01 -1.1800400e+03]
 [ 0.0000000e+00  0.0000000e+00  0.0000000e+00  1.0000000e+00]]
[+0077.44, +0007.85, -1107.19]
1751, 1999, 1874
[[-2.2444532e-01  6.1251246e-01 -7.5763758e-01  9.6660000e+01]
 [-4.2575400e-03  7.7706812e-01  6.2933874e-01  1.4072000e+02]
 [ 9.7425258e-01  1.4461626e-01 -1.7175220e-01 -1.1800600e+03]
 [ 0.0000000e+00  0.0000000e+00  0.0000000e+00  1.0000000e+00]]
[+0084.93, -0011.26, -1101.73]
2024, 2065, 1988
[[-2.2680532e-01  6.1114682e-01 -7.5801686e-01  9.6470000e+01]
 [-4.8881800e-03  7.7780918e-01  6.2841386e-01  1.4068000e+02]
 [ 9.7368686e-01  1.4638114e-01 -1.7337114e-01 -1.1800700e+03]
 [ 0.0000000e+00  0.0000000e+00  0.0000000e+00  1.0000000e+00]]
[+0079.93, +0006.09, -1106.61]
1921, 1836, 2226
[[-2.2552002e-01  6.1142256e-01 -7.5822112e-01  9.6510000e+01]
 [-4.9025600e-03  7.7774976e-01  6.2849664e-01  1.4064000e+02]
 [ 9.7401888e-01  1.4558336e-01 -1.7235522e-01 -1.1800600e+03]
 [ 0.0000000e+00  0.0000000e+00  0.0000000e+00  1.0000000e+00]]
[+0048.11, -0006.14, -1120.77]
1739, 1943, 2189
[[-2.2413050e-01  6.1211748e-01 -7.5810864e-01  9.6600000e+01]
 [-4.1574000e-03  7.7746544e-01  6.2886148e-01  1.4070000e+02]
 [ 9.7437120e-01  1.4420900e-01 -1.7166970e-01 -1.1800800e+03]
 [ 0.0000000e+00  0.0000000e+00  0.0000000e+00  1.0000000e+00]]
[+0064.89, -0026.27, -1116.11]
1921, 1836, 2226
[[-2.2661520e-01  6.1112804e-01 -7.5805852e-01  9.6470000e+01]
 [-5.2466800e-03  7.7778630e-01  6.2843264e-01  1.4062000e+02]
 [ 9.7370564e-01  1.4655248e-01 -1.7299386e-01 -1.1800800e+03]
 [ 0.0000000e+00  0.0000000e+00  0.0000000e+00  1.0000000e+00]]
[+0047.98, -0006.37, -1120.85]
1429, 946, 2037
[[-2.2486564e-01  6.1302464e-01 -7.5712512e-01  9.6750000e+01]
 [-4.4748800e-03  7.7656526e-01  6.2996334e-01  1.4066000e+02]
 [ 9.7417536e-01  1.4517102e-01 -1.7183474e-01 -1.1800400e+03]
 [ 0.0000000e+00  0.0000000e+00  0.0000000e+00  1.0000000e+00]]
[+0008.99, -0004.37, -1148.31]
1921, 1836, 2226
[[-2.2680532e-01  6.1075658e-01 -7.5832194e-01  9.6430000e+01]
 [-5.3834200e-03  7.7805548e-01  6.2810286e-01  1.4064000e+02]
 [ 9.7367694e-01  1.4669214e-01 -1.7312484e-01 -1.1800700e+03]
 [ 0.0000000e+00  0.0000000e+00  0.0000000e+00  1.0000000e+00]]
[+0050.79, -0005.93, -1119.13]
1961, 1848, 2063
[[-2.2581504e-01  6.1174880e-01 -7.5773856e-01  9.6540000e+01]
 [-4.2614400e-03  7.7750286e-01  6.2877790e-01  1.4070000e+02]
 [ 9.7385120e-01  1.4540706e-01 -1.7289714e-01 -1.1800800e+03]
 [ 0.0000000e+00  0.0000000e+00  0.0000000e+00  1.0000000e+00]]
[+0064.02, +0008.54, -1108.95]
1921, 1836, 2226
[[-2.2590026e-01  6.1116504e-01 -7.5824316e-01  9.6500000e+01]
 [-4.4805600e-03  7.7795960e-01  6.2822428e-01  1.4065000e+02]
 [ 9.7387644e-01  1.4547548e-01 -1.7294530e-01 -1.1800300e+03]
 [ 0.0000000e+00  0.0000000e+00  0.0000000e+00  1.0000000e+00]]
[+0051.94, -0006.69, -1118.84]
1717, 2231, 1180
[[-2.2501520e-01  6.1193640e-01 -7.5807120e-01  9.6610000e+01]
 [-4.0238400e-03  7.7754790e-01  6.2877762e-01  1.4082000e+02]
 [ 9.7422888e-01  1.4460750e-01 -1.7247194e-01 -1.1800700e+03]
 [ 0.0000000e+00  0.0000000e+00  0.0000000e+00  1.0000000e+00]]
[+0153.15, +0015.02, -1115.64]
1222, 1242, 2186
[[-2.2453026e-01  6.1217132e-01 -7.5789004e-01  9.6630000e+01]
 [-4.1287600e-03  7.7736054e-01  6.2897888e-01  1.4062000e+02]
 [ 9.7423508e-01  1.4449136e-01 -1.7196456e-01 -1.1799800e+03]
 [ 0.0000000e+00  0.0000000e+00  0.0000000e+00  1.0000000e+00]]
[+0023.63, -0041.23, -1151.42]
1717, 2231, 1180
[[-2.2579540e-01  6.1173292e-01 -7.5787464e-01  9.6580000e+01]
 [-3.5730400e-03  7.7765276e-01  6.2862252e-01  1.4084000e+02]
 [ 9.7394988e-01  1.4478216e-01 -1.7335700e-01 -1.1800300e+03]
 [ 0.0000000e+00  0.0000000e+00  0.0000000e+00  1.0000000e+00]]
[+0152.50, +0015.56, -1115.45]
1487, 2200, 1037
[[-2.2484520e-01  6.1286104e-01 -7.5731388e-01  9.6690000e+01]
 [-3.9338400e-03  7.7679798e-01  6.2969104e-01  1.4078000e+02]
 [ 9.7422148e-01  1.4466384e-01 -1.7221218e-01 -1.1801600e+03]
 [ 0.0000000e+00  0.0000000e+00  0.0000000e+00  1.0000000e+00]]
[+0161.10, +0006.90, -1118.24]
1717, 2231, 1180
[[-2.2659540e-01  6.1165004e-01 -7.5783672e-01  9.6510000e+01]
 [-3.9156000e-03  7.7760780e-01  6.2870540e-01  1.4080000e+02]
 [ 9.7386700e-01  1.4549928e-01 -1.7378244e-01 -1.1802100e+03]
 [ 0.0000000e+00  0.0000000e+00  0.0000000e+00  1.0000000e+00]]
[+0151.79, +0015.08, -1115.33]
1901, 1906, 952
[[-2.2592002e-01  6.1279382e-01 -7.5703484e-01  9.6620000e+01]
 [-3.2411800e-03  7.7682038e-01  6.2966444e-01  1.4077000e+02]
 [ 9.7396484e-01  1.4481556e-01 -1.7347464e-01 -1.1801600e+03]
 [ 0.0000000e+00  0.0000000e+00  0.0000000e+00  1.0000000e+00]]
[+0143.24, +0054.79, -1117.45]
1717, 2231, 1180
[[-2.2552002e-01  6.1181258e-01 -7.5791618e-01  9.6560000e+01]
 [-4.4075800e-03  7.7750286e-01  6.2880778e-01  1.4082000e+02]
 [ 9.7402882e-01  1.4527222e-01 -1.7260212e-01 -1.1802000e+03]
 [ 0.0000000e+00  0.0000000e+00  0.0000000e+00  1.0000000e+00]]
[+0152.95, +0014.88, -1115.92]
2127, 1986, 839
[[-2.2897744e-01  6.1186032e-01 -7.5685712e-01  9.6420000e+01]
 [-3.2539200e-03  7.7721048e-01  6.2917992e-01  1.4091000e+02]
 [ 9.7323952e-01  1.4664552e-01 -1.7593192e-01 -1.1802600e+03]
 [ 0.0000000e+00  0.0000000e+00  0.0000000e+00  1.0000000e+00]]
[+0146.52, +0061.22, -1130.48]
1573, 2113, 1001
[[-2.2566580e-01  6.1303676e-01 -7.5688768e-01  9.6620000e+01]
 [-4.6168000e-03  7.7643740e-01  6.3012220e-01  1.4072000e+02]
 [ 9.7399780e-01  1.4581232e-01 -1.7234196e-01 -1.1801800e+03]
 [ 0.0000000e+00  0.0000000e+00  0.0000000e+00  1.0000000e+00]]
[+0159.20, +0016.10, -1115.46]
2127, 1986, 839
[[-2.2878708e-01  6.1213648e-01 -7.5679396e-01  9.6450000e+01]
 [-3.3170800e-03  7.7702300e-01  6.2943344e-01  1.4084000e+02]
 [ 9.7336384e-01  1.4658236e-01 -1.7571892e-01 -1.1802700e+03]
 [ 0.0000000e+00  0.0000000e+00  0.0000000e+00  1.0000000e+00]]
[+0146.88, +0060.74, -1130.92]
2081, 1649, 946
[[-2.2724616e-01  6.1274948e-01 -7.5665324e-01  9.6510000e+01]
 [-4.5071600e-03  7.7649710e-01  6.3005078e-01  1.4068000e+02]
 [ 9.7363532e-01  1.4670506e-01 -1.7365210e-01 -1.1801800e+03]
 [ 0.0000000e+00  0.0000000e+00  0.0000000e+00  1.0000000e+00]]
[+0124.24, +0075.47, -1124.46]
2127, 1986, 839
[[-2.2876744e-01  6.1182628e-01 -7.5703476e-01  9.6410000e+01]
 [-2.9244400e-03  7.7733806e-01  6.2904282e-01  1.4091000e+02]
 [ 9.7335732e-01  1.4619174e-01 -1.7601434e-01 -1.1802500e+03]
 [ 0.0000000e+00  0.0000000e+00  0.0000000e+00  1.0000000e+00]]
[+0146.26, +0061.85, -1131.92]
1167, 1203, 1306
[[-2.2459170e-01  6.1373654e-01 -7.5660848e-01  9.6710000e+01]
 [-4.4676200e-03  7.7600174e-01  6.3065264e-01  1.4065000e+02]
 [ 9.7422224e-01  1.4515568e-01 -1.7149300e-01 -1.1801600e+03]
 [ 0.0000000e+00  0.0000000e+00  0.0000000e+00  1.0000000e+00]]
[+0063.79, -0006.90, -1080.21]
1195, 952, 1287
[[-2.2520250e-01  6.1397210e-01 -7.5615970e-01  9.6740000e+01]
 [-4.6205000e-03  7.7568572e-01  6.3102346e-01  1.4065000e+02]
 [ 9.7402150e-01  1.4577454e-01 -1.7178778e-01 -1.1801700e+03]
 [ 0.0000000e+00  0.0000000e+00  0.0000000e+00  1.0000000e+00]]
[+0037.24, +0009.07, -1088.08]
1167, 1203, 1306
[[-2.2469700e-01  6.1385398e-01 -7.5656714e-01  9.6710000e+01]
 [-4.5850600e-03  7.7589644e-01  6.3080002e-01  1.4065000e+02]
 [ 9.7426358e-01  1.4530306e-01 -1.7149300e-01 -1.1801700e+03]
 [ 0.0000000e+00  0.0000000e+00  0.0000000e+00  1.0000000e+00]]
[+0065.09, -0007.92, -1080.10]
1249, 1229, 1072
[[-2.2511860e-01  6.1397624e-01 -7.5635988e-01  9.6740000e+01]
 [-5.2968400e-03  7.7564012e-01  6.3111336e-01  1.4069000e+02]
 [ 9.7417608e-01  1.4616876e-01 -1.7132772e-01 -1.1801900e+03]
 [ 0.0000000e+00  0.0000000e+00  0.0000000e+00  1.0000000e+00]]
[+0086.81, +0017.91, -1073.68]
1167, 1203, 1306
[[-2.2459170e-01  6.1403130e-01 -7.5650320e-01  9.6730000e+01]
 [-4.1728600e-03  7.7583630e-01  6.3088752e-01  1.4067000e+02]
 [ 9.7432752e-01  1.4492080e-01 -1.7165844e-01 -1.1801500e+03]
 [ 0.0000000e+00  0.0000000e+00  0.0000000e+00  1.0000000e+00]]
[+0063.24, -0007.02, -1080.33]
781, 1169, 1166
[[-2.2330772e-01  6.1488468e-01 -7.5600108e-01  9.6850000e+01]
 [-3.2950800e-03  7.7536126e-01  6.3143478e-01  1.4069000e+02]
 [ 9.7447932e-01  1.4365782e-01 -1.7106002e-01 -1.1801400e+03]
 [ 0.0000000e+00  0.0000000e+00  0.0000000e+00  1.0000000e+00]]
[+0079.30, -0042.01, -1080.43]
1167, 1203, 1306
[[-2.2518130e-01  6.1380872e-01 -7.5634846e-01  9.6700000e+01]
 [-4.0796000e-03  7.7591904e-01  6.3075128e-01  1.4065000e+02]
 [ 9.7406750e-01  1.4526760e-01 -1.7216530e-01 -1.1801400e+03]
 [ 0.0000000e+00  0.0000000e+00  0.0000000e+00  1.0000000e+00]]
[+0063.50, -0005.93, -1080.21]
867, 1521, 1290
[[-2.2410756e-01  6.1426598e-01 -7.5632162e-01  9.6780000e+01]
 [-4.2783800e-03  7.7564822e-01  6.3108842e-01  1.4071000e+02]
 [ 9.7433402e-01  1.4480402e-01 -1.7115178e-01 -1.1801600e+03]
 [ 0.0000000e+00  0.0000000e+00  0.0000000e+00  1.0000000e+00]]
[+0101.98, -0051.14, -1093.00]
1498, 2099, 1077
[[-2.2655074e-01  6.1300268e-01 -7.5679726e-01  9.6590000e+01]
 [-4.3351600e-03  7.7643740e-01  6.3015628e-01  1.4075000e+02]
 [ 9.7390738e-01  1.4609396e-01 -1.7322690e-01 -1.1801900e+03]
 [ 0.0000000e+00  0.0000000e+00  0.0000000e+00  1.0000000e+00]]
[+0157.16, +0009.10, -1111.34]
867, 1521, 1290
[[-2.2467600e-01  6.1402740e-01 -7.5630340e-01  9.6750000e+01]
 [-3.4966000e-03  7.7588118e-01  6.3079740e-01  1.4067000e+02]
 [ 9.7417260e-01  1.4452660e-01 -1.7211882e-01 -1.1801200e+03]
 [ 0.0000000e+00  0.0000000e+00  0.0000000e+00  1.0000000e+00]]
[+0100.15, -0050.79, -1092.63]
1131, 1148, 1062
[[-2.2509712e-01  6.1424424e-01 -7.5589560e-01  9.6760000e+01]
 [-4.0082400e-03  7.7554288e-01  6.3118680e-01  1.4067000e+02]
 [ 9.7399080e-01  1.4531640e-01 -1.7203600e-01 -1.1801200e+03]
 [ 0.0000000e+00  0.0000000e+00  0.0000000e+00  1.0000000e+00]]
[+0079.16, +0009.01, -1071.35]
867, 1521, 1290
[[-2.2398130e-01  6.1413226e-01 -7.5649952e-01  9.6740000e+01]
 [-3.4724200e-03  7.7590350e-01  6.3078656e-01  1.4068000e+02]
 [ 9.7439104e-01  1.4403232e-01 -1.7161216e-01 -1.1801400e+03]
 [ 0.0000000e+00  0.0000000e+00  0.0000000e+00  1.0000000e+00]]
[+0101.88, -0051.44, -1092.98]
1117, 1417, 1750
[[-2.2549732e-01  6.1323432e-01 -7.5688812e-01  9.6620000e+01]
 [-5.5690800e-03  7.7618108e-01  6.3045432e-01  1.4063000e+02]
 [ 9.7411752e-01  1.4644908e-01 -1.7158724e-01 -1.1802000e+03]
 [ 0.0000000e+00  0.0000000e+00  0.0000000e+00  1.0000000e+00]]
[+0052.75, -0044.81, -1109.64]
867, 1521, 1290
[[-2.2448644e-01  6.1400862e-01 -7.5634458e-01  9.6780000e+01]
 [-3.8554200e-03  7.7585878e-01  6.3081618e-01  1.4071000e+02]
 [ 9.7419138e-01  1.4469738e-01 -1.7174122e-01 -1.1801400e+03]
 [ 0.0000000e+00  0.0000000e+00  0.0000000e+00  1.0000000e+00]]
[+0103.40, -0051.14, -1093.45]
933, 1202, 2070
[[-2.2596074e-01  6.1273044e-01 -7.5696282e-01  9.6580000e+01]
 [-4.8178800e-03  7.7660236e-01  6.2989884e-01  1.4056000e+02]
 [ 9.7386246e-01  1.4614092e-01 -1.7247194e-01 -1.1801500e+03]
 [ 0.0000000e+00  0.0000000e+00  0.0000000e+00  1.0000000e+00]]
[+0031.40, -0060.64, -1156.45]
789, 1195, 1785
[[-2.2457082e-01  6.1435220e-01 -7.5618708e-01  9.6780000e+01]
 [-2.9370000e-03  7.7573766e-01  6.3100220e-01  1.4066000e+02]
 [ 9.7428892e-01  1.4402700e-01 -1.7236752e-01 -1.1801200e+03]
 [ 0.0000000e+00  0.0000000e+00  0.0000000e+00  1.0000000e+00]]
[+0045.55, -0065.61, -1131.13]
933, 1202, 2070
[[-2.2497082e-01  6.1289984e-01 -7.5733646e-01  9.6590000e+01]
 [-4.9397600e-03  7.7662512e-01  6.2991712e-01  1.4055000e+02]
 [ 9.7425886e-01  1.4551208e-01 -1.7166970e-01 -1.1801700e+03]
 [ 0.0000000e+00  0.0000000e+00  0.0000000e+00  1.0000000e+00]]
[+0030.55, -0059.90, -1156.63]
754, 1610, 2150
[[-2.2375074e-01  6.1256480e-01 -7.5768616e-01  9.6610000e+01]
 [-4.1801600e-03  7.7709056e-01  6.2928640e-01  1.4059000e+02]
 [ 9.7432360e-01  1.4416384e-01 -1.7124514e-01 -1.1801800e+03]
 [ 0.0000000e+00  0.0000000e+00  0.0000000e+00  1.0000000e+00]]
[+0065.63, -0077.43, -1165.74]
933, 1202, 2070
[[-2.2537090e-01  6.1358526e-01 -7.5655982e-01  9.6710000e+01]
 [-4.0683000e-03  7.7610700e-01  6.3053910e-01  1.4064000e+02]
 [ 9.7409090e-01  1.4529018e-01 -1.7237746e-01 -1.1801100e+03]
 [ 0.0000000e+00  0.0000000e+00  0.0000000e+00  1.0000000e+00]]
[+0032.89, -0057.59, -1152.58]
1099, 1291, 1984
[[-2.2537090e-01  6.1343782e-01 -7.5661244e-01  9.6690000e+01]
 [-4.2157400e-03  7.7618966e-01  6.3042172e-01  1.4063000e+02]
 [ 9.7403828e-01  1.4540756e-01 -1.7229480e-01 -1.1801600e+03]
 [ 0.0000000e+00  0.0000000e+00  0.0000000e+00  1.0000000e+00]]
[+0036.26, -0045.93, -1130.30]
933, 1202, 2070
[[-2.2448644e-01  6.1322958e-01 -7.5695506e-01  9.6670000e+01]
 [-4.8449400e-03  7.7635486e-01  6.3019422e-01  1.4058000e+02]
 [ 9.7417042e-01  1.4531934e-01 -1.7124514e-01 -1.1801700e+03]
 [ 0.0000000e+00  0.0000000e+00  0.0000000e+00  1.0000000e+00]]
[+0031.88, -0059.20, -1154.09]
2097, 1392, 1835
[[-2.276260e-01  6.123972e-01 -7.568752e-01  9.650000e+01]
 [-4.285200e-03  7.767900e-01  6.297024e-01  1.406000e+02]
 [ 9.735872e-01  1.466736e-01 -1.741600e-01 -1.180130e+03]
 [ 0.000000e+00  0.000000e+00  0.000000e+00  1.000000e+00]]
[+0045.43, +0047.24, -1122.51]
1905, 1477, 1995
[[-2.2596074e-01  6.1219314e-01 -7.5732078e-01  9.6510000e+01]
 [-5.4604200e-03  7.7693180e-01  6.2947054e-01  1.4059000e+02]
 [ 9.7379946e-01  1.4656922e-01 -1.7214250e-01 -1.1801800e+03]
 [ 0.0000000e+00  0.0000000e+00  0.0000000e+00  1.0000000e+00]]
[+0037.11, +0015.50, -1119.59]
2097, 1392, 1835
[[-2.2714090e-01  6.1238972e-01 -7.5694726e-01  9.6490000e+01]
 [-4.7376400e-03  7.7676716e-01  6.2970988e-01  1.4061000e+02]
 [ 9.7363642e-01  1.4675084e-01 -1.7348730e-01 -1.1801800e+03]
 [ 0.0000000e+00  0.0000000e+00  0.0000000e+00  1.0000000e+00]]
[+0044.11, +0048.05, -1123.62]
2046, 1244, 1853
[[-2.2623520e-01  6.1265072e-01 -7.5692104e-01  9.6560000e+01]
 [-3.9832000e-03  7.7675294e-01  6.2971372e-01  1.4060000e+02]
 [ 9.7378360e-01  1.4565140e-01 -1.7322690e-01 -1.1801500e+03]
 [ 0.0000000e+00  0.0000000e+00  0.0000000e+00  1.0000000e+00]]
[+0033.51, +0046.78, -1132.13]
2097, 1392, 1835
[[-2.2733082e-01  6.1250358e-01 -7.5670536e-01  9.6500000e+01]
 [-4.1788200e-03  7.7670758e-01  6.2976704e-01  1.4069000e+02]
 [ 9.7352256e-01  1.4650376e-01 -1.7394724e-01 -1.1801300e+03]
 [ 0.0000000e+00  0.0000000e+00  0.0000000e+00  1.0000000e+00]]
[+0045.14, +0047.36, -1122.67]
1714, 1460, 1342
[[-2.2627664e-01  6.1317732e-01 -7.5663900e-01  9.6640000e+01]
 [-4.9698000e-03  7.7620400e-01  6.3041740e-01  1.4064000e+02]
 [ 9.7389132e-01  1.4650724e-01 -1.7255440e-01 -1.1801800e+03]
 [ 0.0000000e+00  0.0000000e+00  0.0000000e+00  1.0000000e+00]]
[+0082.88, +0036.81, -1090.01]
2097, 1392, 1835
[[-2.2809130e-01  6.1179914e-01 -7.5714892e-01  9.6380000e+01]
 [-3.7352600e-03  7.7729286e-01  6.2906996e-01  1.4054000e+02]
 [ 9.7342628e-01  1.4644036e-01 -1.7496340e-01 -1.1801300e+03]
 [ 0.0000000e+00  0.0000000e+00  0.0000000e+00  1.0000000e+00]]
[+0041.70, +0045.60, -1124.26]
2194, 1756, 1385
[[-2.2720552e-01  6.1188568e-01 -7.5738772e-01  9.6460000e+01]
 [-4.0688800e-03  7.7729286e-01  6.2907712e-01  1.4054000e+02]
 [ 9.7366508e-01  1.4611808e-01 -1.7407762e-01 -1.1801800e+03]
 [ 0.0000000e+00  0.0000000e+00  0.0000000e+00  1.0000000e+00]]
[+0102.10, +0062.03, -1113.18]
1803, 1623, 1612
[[-2.2556058e-01  6.1282452e-01 -7.5712900e-01  9.6590000e+01]
 [-4.6994800e-03  7.7662512e-01  6.2989860e-01  1.4065000e+02]
 [ 9.7405140e-01  1.4574100e-01 -1.7225946e-01 -1.1801500e+03]
 [ 0.0000000e+00  0.0000000e+00  0.0000000e+00  1.0000000e+00]]
[+0071.83, +0021.02, -1095.48]
2194, 1756, 1385
[[-2.2790106e-01  6.1241318e-01 -7.5663274e-01  9.6480000e+01]
 [-3.2505400e-03  7.7685804e-01  6.2959262e-01  1.4070000e+02]
 [ 9.7341278e-01  1.4610794e-01 -1.7499786e-01 -1.1801800e+03]
 [ 0.0000000e+00  0.0000000e+00  0.0000000e+00  1.0000000e+00]]
[+0102.12, +0062.13, -1113.25]
2133, 1942, 1389
[[-2.2634034e-01  6.1252558e-01 -7.5713246e-01  9.6540000e+01]
 [-4.4481400e-03  7.7681276e-01  6.2966782e-01  1.4072000e+02]
 [ 9.7386722e-01  1.4599234e-01 -1.7306194e-01 -1.1802000e+03]
 [ 0.0000000e+00  0.0000000e+00  0.0000000e+00  1.0000000e+00]]
[+0115.98, +0051.01, -1110.66]
2194, 1756, 1385
[[-2.2701540e-01  6.1249956e-01 -7.5687152e-01  9.6540000e+01]
 [-3.5844800e-03  7.7685804e-01  6.2960004e-01  1.4061000e+02]
 [ 9.7365156e-01  1.4578528e-01 -1.7411220e-01 -1.1801600e+03]
 [ 0.0000000e+00  0.0000000e+00  0.0000000e+00  1.0000000e+00]]
[+0100.12, +0063.23, -1114.04]
2038, 1712, 1092
[[-2.2528660e-01  6.1363126e-01 -7.5641242e-01  9.6670000e+01]
 [-4.4918200e-03  7.7597910e-01  6.3066394e-01  1.4082000e+02]
 [ 9.7400354e-01  1.4564978e-01 -1.7199994e-01 -1.1801700e+03]
 [ 0.0000000e+00  0.0000000e+00  0.0000000e+00  1.0000000e+00]]
[+0118.74, +0066.04, -1115.18]
2194, 1756, 1385
[[-2.276260e-01  6.123972e-01 -7.568752e-01  9.649000e+01]
 [-4.285200e-03  7.767900e-01  6.297024e-01  1.406400e+02]
 [ 9.735872e-01  1.466736e-01 -1.741600e-01 -1.180220e+03]
 [ 0.000000e+00  0.000000e+00  0.000000e+00  1.000000e+00]]
[+0100.20, +0062.12, -1113.38]
1830, 870, 2149
[[-2.2779600e-01  6.1024888e-01 -7.5840016e-01  9.6280000e+01]
 [-5.8107200e-03  7.7827830e-01  6.2781574e-01  1.4037000e+02]
 [ 9.7341704e-01  1.4758954e-01 -1.7368266e-01 -1.1801200e+03]
 [ 0.0000000e+00  0.0000000e+00  0.0000000e+00  1.0000000e+00]]
[+0008.96, +0021.08, -1166.17]
1726, 1071, 1319
[[-2.2524516e-01  6.1276724e-01 -7.5714764e-01  9.6680000e+01]
 [-4.0523600e-03  7.7677550e-01  6.2969102e-01  1.4058000e+02]
 [ 9.7403276e-01  1.4506382e-01 -1.7242450e-01 -1.1801700e+03]
 [ 0.0000000e+00  0.0000000e+00  0.0000000e+00  1.0000000e+00]]
[+0052.66, +0054.33, -1103.50]
1830, 870, 2149
[[-2.2878708e-01  6.1042654e-01 -7.5806778e-01  9.6260000e+01]
 [-5.4473400e-03  7.7809134e-01  6.2807446e-01  1.4041000e+02]
 [ 9.7327162e-01  1.4794134e-01 -1.7465058e-01 -1.1801500e+03]
 [ 0.0000000e+00  0.0000000e+00  0.0000000e+00  1.0000000e+00]]
[+0009.15, +0020.38, -1166.28]
1962, 779, 2110
[[-2.3242058e-01  6.0861498e-01 -7.5842304e-01  9.5990000e+01]
 [-5.5300200e-03  7.7911862e-01  6.2680024e-01  1.4034000e+02]
 [ 9.7241304e-01  1.4998976e-01 -1.7767696e-01 -1.1801400e+03]
 [ 0.0000000e+00  0.0000000e+00  0.0000000e+00  1.0000000e+00]]
[+0010.75, +0030.83, -1171.14]
1830, 870, 2149
[[-2.2953000e-01  6.0950580e-01 -7.5854960e-01  9.6120000e+01]
 [-4.4126000e-03  7.7890782e-01  6.2706252e-01  1.4058000e+02]
 [ 9.7307520e-01  1.4740948e-01 -1.7604618e-01 -1.1801600e+03]
 [ 0.0000000e+00  0.0000000e+00  0.0000000e+00  1.0000000e+00]]
[+0009.36, +0020.15, -1166.12]
2151, 1315, 2217
[[-2.3238322e-01  6.0799462e-01 -7.5890156e-01  9.5870000e+01]
 [-4.7466200e-03  7.7974790e-01  6.2601724e-01  1.4054000e+02]
 [ 9.7240244e-01  1.4920676e-01 -1.7826888e-01 -1.1802000e+03]
 [ 0.0000000e+00  0.0000000e+00  0.0000000e+00  1.0000000e+00]]
[+0028.65, +0025.25, -1140.26]
1830, 870, 2149
[[-2.2737616e-01  6.1066552e-01 -7.5824928e-01  9.6290000e+01]
 [-4.4556800e-03  7.7820614e-01  6.2792898e-01  1.4067000e+02]
 [ 9.7356792e-01  1.4629518e-01 -1.7417466e-01 -1.1802400e+03]
 [ 0.0000000e+00  0.0000000e+00  0.0000000e+00  1.0000000e+00]]
[+0008.63, +0020.75, -1167.60]
958, 1395, 1847
[[-2.2491034e-01  6.1220896e-01 -7.5780768e-01  9.6530000e+01]
 [-3.4115200e-03  7.7740526e-01  6.2894124e-01  1.4086000e+02]
 [ 9.7419744e-01  1.4414892e-01 -1.7271944e-01 -1.1802200e+03]
 [ 0.0000000e+00  0.0000000e+00  0.0000000e+00  1.0000000e+00]]
[+0054.73, -0058.75, -1122.99]
1303, 1791, 1509
[[-2.2560520e-01  6.1141896e-01 -7.5802088e-01  9.6430000e+01]
 [-4.2266400e-03  7.7779504e-01  6.2840664e-01  1.4086000e+02]
 [ 9.7386392e-01  1.4518824e-01 -1.7281480e-01 -1.1802700e+03]
 [ 0.0000000e+00  0.0000000e+00  0.0000000e+00  1.0000000e+00]]
[+0104.05, -0023.34, -1091.66]
958, 1395, 1847
[[-2.2520532e-01  6.1166024e-01 -7.5813480e-01  9.6450000e+01]
 [-3.9602400e-03  7.7773518e-01  6.2852390e-01  1.4082000e+02]
 [ 9.7410520e-01  1.4467110e-01 -1.7268450e-01 -1.1802100e+03]
 [ 0.0000000e+00  0.0000000e+00  0.0000000e+00  1.0000000e+00]]
[+0050.65, -0062.12, -1128.00]
804, 775, 960
[[-2.2328680e-01  6.1355288e-01 -7.5710556e-01  9.6740000e+01]
 [-4.2373600e-03  7.7633984e-01  6.3022968e-01  1.4086000e+02]
 [ 9.7449372e-01  1.4408424e-01 -1.7069160e-01 -1.1802600e+03]
 [ 0.0000000e+00  0.0000000e+00  0.0000000e+00  1.0000000e+00]]
[+0051.78, -0007.07, -1069.20]
958, 1395, 1847
[[-2.2560520e-01  6.1122880e-01 -7.5842080e-01  9.6410000e+01]
 [-4.6265600e-03  7.7795960e-01  6.2825408e-01  1.4079000e+02]
 [ 9.7405408e-01  1.4534080e-01 -1.7265024e-01 -1.1802700e+03]
 [ 0.0000000e+00  0.0000000e+00  0.0000000e+00  1.0000000e+00]]
[+0050.53, -0061.19, -1127.43]
1336, 1153, 1950
[[-2.2630026e-01  6.1127110e-01 -7.5817188e-01  9.6370000e+01]
 [-4.5043800e-03  7.7785470e-01  6.2838316e-01  1.4078000e+02]
 [ 9.7388740e-01  1.4571660e-01 -1.7324040e-01 -1.1802300e+03]
 [ 0.0000000e+00  0.0000000e+00  0.0000000e+00  1.0000000e+00]]
[+0018.19, -0020.35, -1131.70]
958, 1395, 1847
[[-2.2472026e-01  6.1204264e-01 -7.5790130e-01  9.6510000e+01]
 [-3.9176000e-03  7.7746544e-01  6.2884264e-01  1.4084000e+02]
 [ 9.7416386e-01  1.4443760e-01 -1.7225946e-01 -1.1802300e+03]
 [ 0.0000000e+00  0.0000000e+00  0.0000000e+00  1.0000000e+00]]
[+0053.50, -0060.34, -1125.12]
1665, 1847, 888
[[-2.2569058e-01  6.1152040e-01 -7.5811580e-01  9.6430000e+01]
 [-3.6556000e-03  7.7784000e-01  6.2839880e-01  1.4091000e+02]
 [ 9.7400380e-01  1.4471080e-01 -1.7327458e-01 -1.1802500e+03]
 [ 0.0000000e+00  0.0000000e+00  0.0000000e+00  1.0000000e+00]]
[+0151.74, +0043.47, -1109.54]
1151, 1386, 1057
[[-2.2453026e-01  6.1217132e-01 -7.5789004e-01  9.6530000e+01]
 [-4.1287600e-03  7.7736054e-01  6.2897888e-01  1.4087000e+02]
 [ 9.7423508e-01  1.4449136e-01 -1.7196456e-01 -1.1802600e+03]
 [ 0.0000000e+00  0.0000000e+00  0.0000000e+00  1.0000000e+00]]
[+0103.16, -0000.51, -1074.24]
1665, 1847, 888
[[-2.2588090e-01  6.1163456e-01 -7.5787452e-01  9.6420000e+01]
 [-3.0971200e-03  7.7777990e-01  6.2845596e-01  1.4091000e+02]
 [ 9.7388964e-01  1.4446332e-01 -1.7373456e-01 -1.1802400e+03]
 [ 0.0000000e+00  0.0000000e+00  0.0000000e+00  1.0000000e+00]]
[+0151.48, +0043.63, -1109.37]
1362, 2189, 901
[[-2.2609050e-01  6.1108876e-01 -7.5840168e-01  9.6400000e+01]
 [-4.3220400e-03  7.7806446e-01  6.2812916e-01  1.4096000e+02]
 [ 9.7395272e-01  1.4538036e-01 -1.7324040e-01 -1.1802700e+03]
 [ 0.0000000e+00  0.0000000e+00  0.0000000e+00  1.0000000e+00]]
[+0172.16, +0005.24, -1127.75]
1665, 1847, 888
[[-2.2619536e-01  6.1154396e-01 -7.5790812e-01  9.6440000e+01]
 [-3.8918800e-03  7.7771270e-01  6.2854656e-01  1.4091000e+02]
 [ 9.7385604e-01  1.4525808e-01 -1.7348730e-01 -1.1802600e+03]
 [ 0.0000000e+00  0.0000000e+00  0.0000000e+00  1.0000000e+00]]
[+0148.15, +0043.70, -1108.06]
1735, 1895, 1230
[[-2.2678568e-01  6.1098348e-01 -7.5820500e-01  9.6350000e+01]
 [-4.3474800e-03  7.7804182e-01  6.2814090e-01  1.4088000e+02]
 [ 9.7373340e-01  1.4587350e-01 -1.7374850e-01 -1.1802700e+03]
 [ 0.0000000e+00  0.0000000e+00  0.0000000e+00  1.0000000e+00]]
[+0126.66, +0032.13, -1097.59]
1665, 1847, 888
[[-2.2590026e-01  6.1185030e-01 -7.5783342e-01  9.6480000e+01]
 [-3.6904200e-03  7.7754790e-01  6.2877006e-01  1.4091000e+02]
 [ 9.7399110e-01  1.4492970e-01 -1.7335700e-01 -1.1802300e+03]
 [ 0.0000000e+00  0.0000000e+00  0.0000000e+00  1.0000000e+00]]
[+0148.31, +0043.56, -1108.37]
1345, 1011, 2111
[[-2.2581504e-01  6.1077856e-01 -7.5874848e-01  9.6340000e+01]
 [-5.6515200e-03  7.7816046e-01  6.2800294e-01  1.4075000e+02]
 [ 9.7402144e-01  1.4618202e-01 -1.7223954e-01 -1.1803000e+03]
 [ 0.0000000e+00  0.0000000e+00  0.0000000e+00  1.0000000e+00]]
[+0009.06, -0019.20, -1155.45]
2118, 911, 1775
[[-2.2855760e-01  6.1066284e-01 -7.5777972e-01  9.6290000e+01]
 [-3.8290800e-03  7.7812400e-01  6.2800956e-01  1.4075000e+02]
 [ 9.7320324e-01  1.4663412e-01 -1.7543824e-01 -1.1802400e+03]
 [ 0.0000000e+00  0.0000000e+00  0.0000000e+00  1.0000000e+00]]
[+0026.83, +0060.76, -1155.49]
1345, 1011, 2111
[[-2.2670034e-01  6.1069170e-01 -7.5851054e-01  9.6330000e+01]
 [-5.3185400e-03  7.7816046e-01  6.2799630e-01  1.4074000e+02]
 [ 9.7378350e-01  1.4650354e-01 -1.7312484e-01 -1.1802500e+03]
 [ 0.0000000e+00  0.0000000e+00  0.0000000e+00  1.0000000e+00]]
[+0009.75, -0019.79, -1154.36]
1343, 2140, 1773
[[-2.2558580e-01  6.1062252e-01 -7.5876636e-01  9.6340000e+01]
 [-4.5282000e-03  7.7843846e-01  6.2762902e-01  1.4089000e+02]
 [ 9.7394340e-01  1.4518550e-01 -1.7278090e-01 -1.1802600e+03]
 [ 0.0000000e+00  0.0000000e+00  0.0000000e+00  1.0000000e+00]]
[+0116.52, -0041.46, -1113.45]
1345, 1011, 2111
[[-2.2590026e-01  6.1092240e-01 -7.5849558e-01  9.6330000e+01]
 [-4.8280800e-03  7.7812400e-01  6.2803056e-01  1.4074000e+02]
 [ 9.7391910e-01  1.4566920e-01 -1.7278090e-01 -1.1802200e+03]
 [ 0.0000000e+00  0.0000000e+00  0.0000000e+00  1.0000000e+00]]
[+0009.07, -0019.24, -1155.43]
1135, 877, 1665
[[-2.2503508e-01  6.1214256e-01 -7.5753516e-01  9.6540000e+01]
 [-4.3124400e-03  7.7723308e-01  6.2908512e-01  1.4083000e+02]
 [ 9.7394016e-01  1.4507988e-01 -1.7217700e-01 -1.1802300e+03]
 [ 0.0000000e+00  0.0000000e+00  0.0000000e+00  1.0000000e+00]]
[+0013.65, -0013.16, -1119.21]
1345, 1011, 2111
[[-2.2668082e-01  6.1062336e-01 -7.5849854e-01  9.6300000e+01]
 [-4.5777600e-03  7.7831100e-01  6.2779968e-01  1.4074000e+02]
 [ 9.7373506e-01  1.4591952e-01 -1.7358418e-01 -1.1802300e+03]
 [ 0.0000000e+00  0.0000000e+00  0.0000000e+00  1.0000000e+00]]
[+0009.86, -0020.57, -1154.46]
1446, 1378, 986
[[-2.2581504e-01  6.1174880e-01 -7.5773856e-01  9.6490000e+01]
 [-4.2614400e-03  7.7750286e-01  6.2877790e-01  1.4086000e+02]
 [ 9.7385120e-01  1.4540706e-01 -1.7289714e-01 -1.1802600e+03]
 [ 0.0000000e+00  0.0000000e+00  0.0000000e+00  1.0000000e+00]]
[+0106.61, +0039.96, -1081.27]
802, 1353, 860
[[-2.2345600e-01  6.1326032e-01 -7.5730624e-01  9.6670000e+01]
 [-3.4846400e-03  7.7667726e-01  6.2982152e-01  1.4092000e+02]
 [ 9.7446848e-01  1.4352376e-01 -1.7136370e-01 -1.1802400e+03]
 [ 0.0000000e+00  0.0000000e+00  0.0000000e+00  1.0000000e+00]]
[+0124.94, -0026.22, -1075.93]
1446, 1378, 986
[[-2.2552002e-01  6.1196008e-01 -7.5786370e-01  9.6480000e+01]
 [-4.2600800e-03  7.7742048e-01  6.2892520e-01  1.4087000e+02]
 [ 9.7408130e-01  1.4515480e-01 -1.7268450e-01 -1.1802300e+03]
 [ 0.0000000e+00  0.0000000e+00  0.0000000e+00  1.0000000e+00]]
[+0106.33, +0039.65, -1081.38]
1460, 1528, 879
[[-2.2600516e-01  6.1206276e-01 -7.5759220e-01  9.6510000e+01]
 [-3.6078000e-03  7.7736054e-01  6.2899374e-01  1.4086000e+02]
 [ 9.7393724e-01  1.4500110e-01 -1.7343946e-01 -1.1801900e+03]
 [ 0.0000000e+00  0.0000000e+00  0.0000000e+00  1.0000000e+00]]
[+0129.45, +0041.32, -1088.15]
1446, 1378, 986
[[-2.2520532e-01  6.1205032e-01 -7.5783004e-01  9.6520000e+01]
 [-3.4653200e-03  7.7748780e-01  6.2883496e-01  1.4088000e+02]
 [ 9.7411496e-01  1.4436004e-01 -1.7293188e-01 -1.1801800e+03]
 [ 0.0000000e+00  0.0000000e+00  0.0000000e+00  1.0000000e+00]]
[+0104.95, +0041.22, -1081.83]
1216, 2123, 2012
[[-2.2565274e-01  6.0982232e-01 -7.5931120e-01  9.6280000e+01]
 [-4.1540000e-03  7.7912600e-01  6.2676100e-01  1.4082000e+02]
 [ 9.7386832e-01  1.4478724e-01 -1.7320690e-01 -1.1802200e+03]
 [ 0.0000000e+00  0.0000000e+00  0.0000000e+00  1.0000000e+00]]
[+0097.75, -0059.57, -1130.94]
1446, 1378, 986
[[-2.2512010e-01  6.1229636e-01 -7.5777758e-01  9.6540000e+01]
 [-3.7938800e-03  7.7727804e-01  6.2911876e-01  1.4088000e+02]
 [ 9.7422754e-01  1.4456132e-01 -1.7263690e-01 -1.1801800e+03]
 [ 0.0000000e+00  0.0000000e+00  0.0000000e+00  1.0000000e+00]]
[+0105.42, +0040.89, -1081.23]
902, 2179, 1521
[[-2.2478628e-01  6.1090500e-01 -7.5889912e-01  9.6410000e+01]
 [-4.0900000e-03  7.7840124e-01  6.2770500e-01  1.4092000e+02]
 [ 9.7422588e-01  1.4431000e-01 -1.7243748e-01 -1.1802300e+03]
 [ 0.0000000e+00  0.0000000e+00  0.0000000e+00  1.0000000e+00]]
[+0137.67, -0060.64, -1137.23]
800, 1731, 1497
[[-2.2413050e-01  6.1235988e-01 -7.5785634e-01  9.6600000e+01]
 [-3.8101200e-03  7.7730040e-01  6.2905524e-01  1.4092000e+02]
 [ 9.7432866e-01  1.4401524e-01 -1.7183474e-01 -1.1802100e+03]
 [ 0.0000000e+00  0.0000000e+00  0.0000000e+00  1.0000000e+00]]
[+0105.92, -0067.95, -1116.93]
902, 2179, 1521
[[-2.2567146e-01  6.1042872e-01 -7.5896596e-01  9.6360000e+01]
 [-4.2522400e-03  7.7864790e-01  6.2738628e-01  1.4090000e+02]
 [ 9.7397868e-01  1.4494276e-01 -1.7307600e-01 -1.1802200e+03]
 [ 0.0000000e+00  0.0000000e+00  0.0000000e+00  1.0000000e+00]]
[+0137.74, -0060.47, -1138.34]
875, 2164, 1902
[[-2.2424514e-01  6.0942508e-01 -7.6004920e-01  9.6250000e+01]
 [-4.0030000e-03  7.7964830e-01  6.2611280e-01  1.4082000e+02]
 [ 9.7419592e-01  1.4364656e-01 -1.7232160e-01 -1.1802400e+03]
 [ 0.0000000e+00  0.0000000e+00  0.0000000e+00  1.0000000e+00]]
[+0112.75, -0070.57, -1148.00]
902, 2179, 1521
[[-2.2440580e-01  6.1140502e-01 -7.5862454e-01  9.6490000e+01]
 [-4.1647400e-03  7.7802716e-01  6.2817142e-01  1.4092000e+02]
 [ 9.7432538e-01  1.4422406e-01 -1.7201220e-01 -1.1802500e+03]
 [ 0.0000000e+00  0.0000000e+00  0.0000000e+00  1.0000000e+00]]
[+0137.45, -0059.93, -1137.96]
1628, 2012, 1565
[[-2.2577616e-01  6.1103168e-01 -7.5842032e-01  9.6400000e+01]
 [-3.6747200e-03  7.7821424e-01  6.2792128e-01  1.4087000e+02]
 [ 9.7393408e-01  1.4470288e-01 -1.7340496e-01 -1.1802400e+03]
 [ 0.0000000e+00  0.0000000e+00  0.0000000e+00  1.0000000e+00]]
[+0109.47, +0000.92, -1095.73]
902, 2179, 1521
[[-2.2400616e-01  6.1139376e-01 -7.5849584e-01  9.6510000e+01]
 [-3.9409600e-03  7.7804952e-01  6.2808912e-01  1.4098000e+02]
 [ 9.7421904e-01  1.4390672e-01 -1.7179968e-01 -1.1802400e+03]
 [ 0.0000000e+00  0.0000000e+00  0.0000000e+00  1.0000000e+00]]
[+0138.72, -0060.05, -1137.82]
1670, 1517, 1475
[[-2.2579540e-01  6.1134272e-01 -7.5817944e-01  9.6440000e+01]
 [-4.0680800e-03  7.7789990e-01  6.2831154e-01  1.4086000e+02]
 [ 9.7394016e-01  1.4509314e-01 -1.7310986e-01 -1.1802300e+03]
 [ 0.0000000e+00  0.0000000e+00  0.0000000e+00  1.0000000e+00]]
[+0076.09, +0028.85, -1090.35]
1861, 1638, 1969
[[-2.2695696e-01  6.1015340e-01 -7.5876116e-01  9.6260000e+01]
 [-4.2388400e-03  7.7870744e-01  6.2730320e-01  1.4079000e+02]
 [ 9.7364660e-01  1.4573984e-01 -1.7409256e-01 -1.1802300e+03]
 [ 0.0000000e+00  0.0000000e+00  0.0000000e+00  1.0000000e+00]]
[+0048.21, +0010.36, -1111.02]
1670, 1517, 1475
[[-2.2531018e-01  6.1148268e-01 -7.5819848e-01  9.6470000e+01]
 [-4.3726800e-03  7.7779504e-01  6.2843652e-01  1.4087000e+02]
 [ 9.7404152e-01  1.4505348e-01 -1.7251978e-01 -1.1802000e+03]
 [ 0.0000000e+00  0.0000000e+00  0.0000000e+00  1.0000000e+00]]
[+0077.38, +0025.97, -1089.57]
969, 1636, 1716
[[-2.2421568e-01  6.1133392e-01 -7.5851824e-01  9.6510000e+01]
 [-4.4708800e-03  7.7800472e-01  6.2814896e-01  1.4085000e+02]
 [ 9.7419664e-01  1.4443664e-01 -1.7163496e-01 -1.1801900e+03]
 [ 0.0000000e+00  0.0000000e+00  0.0000000e+00  1.0000000e+00]]
[+0079.97, -0063.04, -1115.78]
1670, 1517, 1475
[[-2.2470074e-01  6.1124634e-01 -7.5864696e-01  9.6480000e+01]
 [-4.2186600e-03  7.7810950e-01  6.2806512e-01  1.4091000e+02]
 [ 9.7424304e-01  1.4443512e-01 -1.7222480e-01 -1.1801000e+03]
 [ 0.0000000e+00  0.0000000e+00  0.0000000e+00  1.0000000e+00]]
[+0076.18, +0028.40, -1090.08]
1641, 1141, 1578
[[-2.2602504e-01  6.1193104e-01 -7.5750868e-01  9.6450000e+01]
 [-4.4436800e-03  7.7729286e-01  6.2903176e-01  1.4097000e+02]
 [ 9.7378604e-01  1.4574328e-01 -1.7289714e-01 -1.1802100e+03]
 [ 0.0000000e+00  0.0000000e+00  0.0000000e+00  1.0000000e+00]]
[+0036.10, +0029.92, -1106.04]
1670, 1517, 1475
[[-2.2638564e-01  6.1141536e-01 -7.5791908e-01  9.6430000e+01]
 [-3.6809200e-03  7.7781756e-01  6.2841024e-01  1.4084000e+02]
 [ 9.7378464e-01  1.4520412e-01 -1.7378244e-01 -1.1802400e+03]
 [ 0.0000000e+00  0.0000000e+00  0.0000000e+00  1.0000000e+00]]
[+0077.48, +0027.11, -1089.97]
