950, 950, 950
[[-1.7387450e-01  4.3827582e-01 -8.8156224e-01  5.4040000e+01]
 [-1.3555980e-02  8.9431430e-01  4.4718056e-01  1.7259000e+02]
 [ 9.8440536e-01  8.9824960e-02 -1.4952784e-01 -1.1648900e+03]
 [ 0.0000000e+00  0.0000000e+00  0.0000000e+00  1.0000000e+00]]
[+0062.69, +0037.94, -1046.32]
2006, 1461, 1521
[[-1.7738970e-01  4.3583436e-01 -8.8212428e-01  5.3690000e+01]
 [-1.3953320e-02  8.9535600e-01  4.4508876e-01  1.7248000e+02]
 [ 9.8381916e-01  9.1362520e-02 -1.5272154e-01 -1.1648800e+03]
 [ 0.0000000e+00  0.0000000e+00  0.0000000e+00  1.0000000e+00]]
[+0047.59, +0087.04, -1089.98]
907, 1347, 1671
[[-1.7477802e-01  4.3707174e-01 -8.8205942e-01  5.3840000e+01]
 [-1.3613740e-02  8.9488716e-01  4.4604546e-01  1.7251000e+02]
 [ 9.8431458e-01  9.0056540e-02 -1.5043482e-01 -1.1648800e+03]
 [ 0.0000000e+00  0.0000000e+00  0.0000000e+00  1.0000000e+00]]
[+0062.10, -0029.65, -1091.80]
2006, 1461, 1521
[[-1.7746164e-01  4.3610862e-01 -8.8206002e-01  5.3690000e+01]
 [-1.3929220e-02  8.9522748e-01  4.4536302e-01  1.7248000e+02]
 [ 9.8388342e-01  9.1386620e-02 -1.5277812e-01 -1.1648700e+03]
 [ 0.0000000e+00  0.0000000e+00  0.0000000e+00  1.0000000e+00]]
[+0048.42, +0088.06, -1090.02]
1932, 1550, 1054
[[-1.7641252e-01  4.3650274e-01 -8.8191438e-01  5.3790000e+01]
 [-1.4251540e-02  8.9502686e-01  4.4572734e-01  1.7254000e+02]
 [ 9.8392302e-01  9.1330860e-02 -1.5164162e-01 -1.1648700e+03]
 [ 0.0000000e+00  0.0000000e+00  0.0000000e+00  1.0000000e+00]]
[+0089.59, +0107.54, -1092.19]
2006, 1461, 1521
[[-1.7716330e-01  4.3596714e-01 -8.8212008e-01  5.3690000e+01]
 [-1.4142660e-02  8.9528406e-01  4.4523024e-01  1.7245000e+02]
 [ 9.8387152e-01  9.1447440e-02 -1.5242320e-01 -1.1648600e+03]
 [ 0.0000000e+00  0.0000000e+00  0.0000000e+00  1.0000000e+00]]
[+0047.09, +0087.15, -1090.24]
2045, 940, 1415
[[-1.7693698e-01  4.3662452e-01 -8.8167356e-01  5.3780000e+01]
 [-1.3663480e-02  8.9498552e-01  4.4581544e-01  1.7249000e+02]
 [ 9.8376956e-01  9.1088560e-02 -1.5235146e-01 -1.1648500e+03]
 [ 0.0000000e+00  0.0000000e+00  0.0000000e+00  1.0000000e+00]]
[+0016.66, +0102.08, -1122.05]
2006, 1461, 1521
[[-1.7626852e-01  4.3613934e-01 -8.8215610e-01  5.3710000e+01]
 [-1.4186340e-02  8.9522748e-01  4.4533230e-01  1.7248000e+02]
 [ 9.8397950e-01  9.1129500e-02 -1.5158500e-01 -1.1648700e+03]
 [ 0.0000000e+00  0.0000000e+00  0.0000000e+00  1.0000000e+00]]
[+0047.95, +0083.83, -1088.42]
2036, 1284, 1358
[[-1.7723528e-01  4.3650372e-01 -8.8183464e-01  5.3740000e+01]
 [-1.3784280e-02  8.9504222e-01  4.4572636e-01  1.7248000e+02]
 [ 9.8385864e-01  9.1249640e-02 -1.5259306e-01 -1.1648700e+03]
 [ 0.0000000e+00  0.0000000e+00  0.0000000e+00  1.0000000e+00]]
[+0043.83, +0104.00, -1100.63]
2019, 1218, 1622
[[-1.7700900e-01  4.3622508e-01 -8.8208756e-01  5.3730000e+01]
 [-1.4457160e-02  8.9514006e-01  4.4552082e-01  1.7247000e+02]
 [ 9.8395212e-01  9.1681460e-02 -1.5212490e-01 -1.1648800e+03]
 [ 0.0000000e+00  0.0000000e+00  0.0000000e+00  1.0000000e+00]]
[+0022.53, +0081.58, -1103.16]
2036, 1284, 1358
[[-1.7693698e-01  4.3639824e-01 -8.8204384e-01  5.3740000e+01]
 [-1.4033760e-02  8.9509888e-01  4.4562192e-01  1.7248000e+02]
 [ 9.8399584e-01  9.1282080e-02 -1.5223810e-01 -1.1648800e+03]
 [ 0.0000000e+00  0.0000000e+00  0.0000000e+00  1.0000000e+00]]
[+0045.85, +0103.42, -1099.16]
1420, 1735, 1432
[[-1.7611434e-01  4.3639738e-01 -8.8212342e-01  5.3770000e+01]
 [-1.4500980e-02  8.9508348e-01  4.4562278e-01  1.7253000e+02]
 [ 9.8406002e-01  9.1363380e-02 -1.5128682e-01 -1.1648900e+03]
 [ 0.0000000e+00  0.0000000e+00  0.0000000e+00  1.0000000e+00]]
[+0094.82, +0031.93, -1068.78]
2036, 1284, 1358
[[-1.7723528e-01  4.3650372e-01 -8.8183464e-01  5.3730000e+01]
 [-1.3784280e-02  8.9504222e-01  4.4572636e-01  1.7248000e+02]
 [ 9.8385864e-01  9.1249640e-02 -1.5259306e-01 -1.1648700e+03]
 [ 0.0000000e+00  0.0000000e+00  0.0000000e+00  1.0000000e+00]]
[+0044.41, +0104.27, -1100.38]
1822, 1006, 1276
[[-1.7588826e-01  4.3723956e-01 -8.8178974e-01  5.3910000e+01]
 [-1.3909160e-02  8.9472792e-01  4.4636172e-01  1.7256000e+02]
 [ 9.8414334e-01  9.0850520e-02 -1.5127218e-01 -1.1648600e+03]
 [ 0.0000000e+00  0.0000000e+00  0.0000000e+00  1.0000000e+00]]
[+0028.77, +0093.08, -1094.08]
2036, 1284, 1358
[[-1.7709136e-01  4.3625356e-01 -8.8189132e-01  5.3720000e+01]
 [-1.3534120e-02  8.9518614e-01  4.4542804e-01  1.7250000e+02]
 [ 9.8380196e-01  9.0951320e-02 -1.5259306e-01 -1.1648400e+03]
 [ 0.0000000e+00  0.0000000e+00  0.0000000e+00  1.0000000e+00]]
[+0044.46, +0102.76, -1099.46]
1215, 1440, 1678
[[-1.7573440e-01  4.3675240e-01 -8.8193720e-01  5.3840000e+01]
 [-1.4969200e-02  8.9486718e-01  4.4602616e-01  1.7253000e+02]
 [ 9.8404360e-01  9.1710160e-02 -1.5069058e-01 -1.1648700e+03]
 [ 0.0000000e+00  0.0000000e+00  0.0000000e+00  1.0000000e+00]]
[+0057.16, -0001.33, -1077.57]
1154, 818, 1832
[[-1.7566226e-01  4.3696134e-01 -8.8204242e-01  5.3840000e+01]
 [-1.4581980e-02  8.9482604e-01  4.4615586e-01  1.7242000e+02]
 [ 9.8423646e-01  9.1282380e-02 -1.5080386e-01 -1.1648800e+03]
 [ 0.0000000e+00  0.0000000e+00  0.0000000e+00  1.0000000e+00]]
[-0000.48, +0000.29, -1117.10]
1215, 1440, 1678
[[-1.7551810e-01  4.3682392e-01 -8.8191404e-01  5.3810000e+01]
 [-1.4146480e-02  8.9491350e-01  4.4595464e-01  1.7254000e+02]
 [ 9.8406676e-01  9.0887440e-02 -1.5086056e-01 -1.1648600e+03]
 [ 0.0000000e+00  0.0000000e+00  0.0000000e+00  1.0000000e+00]]
[+0058.61, +0000.81, -1076.19]
1138, 1526, 1997
[[-1.7551810e-01  4.3573966e-01 -8.8264932e-01  5.3730000e+01]
 [-1.5446860e-02  8.9536598e-01  4.4503764e-01  1.7236000e+02]
 [ 9.8422572e-01  9.1804440e-02 -1.5040808e-01 -1.1649100e+03]
 [ 0.0000000e+00  0.0000000e+00  0.0000000e+00  1.0000000e+00]]
[+0054.15, -0027.87, -1107.24]
1215, 1440, 1678
[[-1.7604232e-01  4.3657036e-01 -8.8207972e-01  5.3760000e+01]
 [-1.4077640e-02  8.9504222e-01  4.4572406e-01  1.7245000e+02]
 [ 9.8410372e-01  9.0963940e-02 -1.5140010e-01 -1.1648800e+03]
 [ 0.0000000e+00  0.0000000e+00  0.0000000e+00  1.0000000e+00]]
[+0058.89, +0000.94, -1076.10]
2022, 1411, 1879
[[-1.7776002e-01  4.3539092e-01 -8.8236500e-01  5.3590000e+01]
 [-1.4646920e-02  8.9550998e-01  4.4477360e-01  1.7239000e+02]
 [ 9.8382860e-01  9.2048000e-02 -1.5279400e-01 -1.1648500e+03]
 [ 0.0000000e+00  0.0000000e+00  0.0000000e+00  1.0000000e+00]]
[+0023.13, +0062.13, -1100.78]
1215, 1440, 1678
[[-1.7536420e-01  4.3678398e-01 -8.8195326e-01  5.3810000e+01]
 [-1.4759340e-02  8.9488270e-01  4.4599458e-01  1.7251000e+02]
 [ 9.8407518e-01  9.1371540e-02 -1.5044914e-01 -1.1649000e+03]
 [ 0.0000000e+00  0.0000000e+00  0.0000000e+00  1.0000000e+00]]
[+0057.90, +0000.02, -1076.72]
1185, 1426, 1657
[[-1.7588826e-01  4.3682842e-01 -8.8204692e-01  5.3820000e+01]
 [-1.4392380e-02  8.9489814e-01  4.4601452e-01  1.7253000e+02]
 [ 9.8418428e-01  9.1197720e-02 -1.5110196e-01 -1.1648700e+03]
 [ 0.0000000e+00  0.0000000e+00  0.0000000e+00  1.0000000e+00]]
[+0060.71, -0001.91, -1076.13]
1563, 1544, 1645
[[-1.7611434e-01  4.3651044e-01 -8.8193832e-01  5.3740000e+01]
 [-1.4315880e-02  8.9502686e-01  4.4571964e-01  1.7252000e+02]
 [ 9.8394696e-01  9.1266520e-02 -1.5134344e-01 -1.1648600e+03]
 [ 0.0000000e+00  0.0000000e+00  0.0000000e+00  1.0000000e+00]]
[+0056.84, +0037.38, -1072.33]
1185, 1426, 1657
[[-1.7588826e-01  4.3667936e-01 -8.8208296e-01  5.3800000e+01]
 [-1.4541440e-02  8.9495480e-01  4.4588932e-01  1.7249000e+02]
 [ 9.8414824e-01  9.1322920e-02 -1.5104530e-01 -1.1648700e+03]
 [ 0.0000000e+00  0.0000000e+00  0.0000000e+00  1.0000000e+00]]
[+0058.79, -0003.47, -1077.30]
1181, 1424, 1515
[[-1.748500e-01  4.370480e-01 -8.820670e-01  5.384000e+01]
 [-1.388800e-02  8.948720e-01  4.460692e-01  1.725400e+02]
 [ 9.843070e-01  9.033080e-02 -1.503780e-01 -1.164880e+03]
 [ 0.000000e+00  0.000000e+00  0.000000e+00  1.000000e+00]]
[+0068.43, +0007.24, -1068.43]
1185, 1426, 1657
[[-1.7633064e-01  4.3662384e-01 -8.8207460e-01  5.3810000e+01]
 [-1.5025600e-02  8.9492376e-01  4.4594484e-01  1.7250000e+02]
 [ 9.8410884e-01  9.1935800e-02 -1.5123024e-01 -1.1648700e+03]
 [ 0.0000000e+00  0.0000000e+00  0.0000000e+00  1.0000000e+00]]
[+0058.86, -0003.97, -1077.50]
1095, 1711, 1657
[[-1.7537410e-01  4.3646046e-01 -8.8215578e-01  5.3810000e+01]
 [-1.4081100e-02  8.9511420e-01  4.4555970e-01  1.7251000e+02]
 [ 9.8412310e-01  9.0686220e-02 -1.5080386e-01 -1.1648900e+03]
 [ 0.0000000e+00  0.0000000e+00  0.0000000e+00  1.0000000e+00]]
[+0090.12, -0014.89, -1085.06]
1185, 1426, 1657
[[-1.7551810e-01  4.3626378e-01 -8.8220716e-01  5.3780000e+01]
 [-1.4778660e-02  8.9514006e-01  4.4548212e-01  1.7249000e+02]
 [ 9.8407172e-01  9.1359960e-02 -1.5063400e-01 -1.1648900e+03]
 [ 0.0000000e+00  0.0000000e+00  0.0000000e+00  1.0000000e+00]]
[+0058.28, -0003.32, -1077.32]
2031, 2103, 1921
[[-1.7851156e-01  4.3455644e-01 -8.8264188e-01  5.3530000e+01]
 [-1.4837320e-02  8.9587910e-01  4.4402646e-01  1.7240000e+02]
 [ 9.8370516e-01  9.2413980e-02 -1.5346410e-01 -1.1648800e+03]
 [ 0.0000000e+00  0.0000000e+00  0.0000000e+00  1.0000000e+00]]
[+0079.17, +0046.31, -1085.79]
2099, 2107, 1821
[[-1.7843970e-01  4.3458066e-01 -8.8263408e-01  5.3520000e+01]
 [-1.4563020e-02  8.9589470e-01  4.4400224e-01  1.7242000e+02]
 [ 9.8371296e-01  9.2139680e-02 -1.5352036e-01 -1.1648700e+03]
 [ 0.0000000e+00  0.0000000e+00  0.0000000e+00  1.0000000e+00]]
[+0086.06, +0060.17, -1086.41]
2031, 2103, 1921
[[-1.7724594e-01  4.3472504e-01 -8.8254554e-01  5.3570000e+01]
 [-1.4634160e-02  8.9583840e-01  4.4406808e-01  1.7243000e+02]
 [ 9.8369626e-01  9.1786480e-02 -1.5238290e-01 -1.1648700e+03]
 [ 0.0000000e+00  0.0000000e+00  0.0000000e+00  1.0000000e+00]]
[+0079.82, +0044.57, -1085.90]
1924, 1728, 1829
[[-1.7656674e-01  4.3586940e-01 -8.8235322e-01  5.3730000e+01]
 [-1.4456280e-02  8.9534060e-01  4.4511796e-01  1.7246000e+02]
 [ 9.8403270e-01  9.1415800e-02 -1.5177010e-01 -1.1648400e+03]
 [ 0.0000000e+00  0.0000000e+00  0.0000000e+00  1.0000000e+00]]
[+0052.87, +0050.58, -1083.02]
2031, 2103, 1921
[[-1.7768808e-01  4.3470500e-01 -8.8268624e-01  5.3560000e+01]
 [-1.5154600e-02  8.9580720e-01  4.4415220e-01  1.7243000e+02]
 [ 9.8380576e-01  9.2371000e-02 -1.5256872e-01 -1.1648800e+03]
 [ 0.0000000e+00  0.0000000e+00  0.0000000e+00  1.0000000e+00]]
[+0079.83, +0045.70, -1085.82]
1842, 2186, 1795
[[-1.7635104e-01  4.3549392e-01 -8.8243800e-01  5.3660000e+01]
 [-1.4080800e-02  8.9555630e-01  4.4467060e-01  1.7250000e+02]
 [ 9.8394792e-01  9.0968440e-02 -1.5177010e-01 -1.1649000e+03]
 [ 0.0000000e+00  0.0000000e+00  0.0000000e+00  1.0000000e+00]]
[+0104.16, +0036.07, -1085.83]
2031, 2103, 1921
[[-1.7805844e-01  4.3493548e-01 -8.8244880e-01  5.3590000e+01]
 [-1.5030400e-02  8.9567900e-01  4.4440620e-01  1.7242000e+02]
 [ 9.8369652e-01  9.2487360e-02 -1.5292340e-01 -1.1649000e+03]
 [ 0.0000000e+00  0.0000000e+00  0.0000000e+00  1.0000000e+00]]
[+0076.00, +0046.43, -1086.07]
2082, 1398, 1461
[[-1.7738970e-01  4.3624594e-01 -8.8186722e-01  5.3720000e+01]
 [-1.3469820e-02  8.9518614e-01  4.4543566e-01  1.7249000e+02]
 [ 9.8377786e-01  9.1015620e-02 -1.5289140e-01 -1.1648500e+03]
 [ 0.0000000e+00  0.0000000e+00  0.0000000e+00  1.0000000e+00]]
[+0046.34, +0098.06, -1097.97]
2035, 1330, 1207
[[-1.7678280e-01  4.3647104e-01 -8.8189812e-01  5.3780000e+01]
 [-1.4461440e-02  8.9501142e-01  4.4575904e-01  1.7251000e+02]
 [ 9.8389132e-01  9.1669440e-02 -1.5188322e-01 -1.1648600e+03]
 [ 0.0000000e+00  0.0000000e+00  0.0000000e+00  1.0000000e+00]]
[+0057.49, +0109.53, -1098.57]
2082, 1398, 1461
[[-1.7827450e-01  4.3572228e-01 -8.8210704e-01  5.3690000e+01]
 [-1.4921880e-02  8.9529392e-01  4.4520084e-01  1.7245000e+02]
 [ 9.8373984e-01  9.2588040e-02 -1.5309242e-01 -1.1648600e+03]
 [ 0.0000000e+00  0.0000000e+00  0.0000000e+00  1.0000000e+00]]
[+0046.45, +0096.75, -1097.39]
1570, 1073, 1640
[[-1.7604232e-01  4.3698160e-01 -8.8182264e-01  5.3820000e+01]
 [-1.3594400e-02  8.9487200e-01  4.4607120e-01  1.7250000e+02]
 [ 9.8406264e-01  9.0616800e-02 -1.5157032e-01 -1.1648400e+03]
 [ 0.0000000e+00  0.0000000e+00  0.0000000e+00  1.0000000e+00]]
[+0015.46, +0042.75, -1089.20]
2082, 1398, 1461
[[-1.7723528e-01  4.3609224e-01 -8.8209180e-01  5.3710000e+01]
 [-1.4267760e-02  8.9521208e-01  4.4537940e-01  1.7250000e+02]
 [ 9.8389980e-01  9.1596600e-02 -1.5242320e-01 -1.1648800e+03]
 [ 0.0000000e+00  0.0000000e+00  0.0000000e+00  1.0000000e+00]]
[+0047.61, +0097.90, -1097.29]
1545, 2182, 1350
[[-1.7649480e-01  4.3589336e-01 -8.8234552e-01  5.3710000e+01]
 [-1.4182000e-02  8.9535600e-01  4.4509400e-01  1.7254000e+02]
 [ 9.8404040e-01  9.1141520e-02 -1.5182664e-01 -1.1648700e+03]
 [ 0.0000000e+00  0.0000000e+00  0.0000000e+00  1.0000000e+00]]
[+0135.45, +0042.02, -1092.05]
2082, 1398, 1461
[[-1.7709136e-01  4.3595524e-01 -8.8196324e-01  5.3690000e+01]
 [-1.3832440e-02  8.9529942e-01  4.4517788e-01  1.7247000e+02]
 [ 9.8373004e-01  9.1201480e-02 -1.5247978e-01 -1.1648500e+03]
 [ 0.0000000e+00  0.0000000e+00  0.0000000e+00  1.0000000e+00]]
[+0045.14, +0096.85, -1097.79]
1704, 2085, 1484
[[-1.7597034e-01  4.3603392e-01 -8.8236508e-01  5.3720000e+01]
 [-1.4435680e-02  8.9528406e-01  4.4522772e-01  1.7255000e+02]
 [ 9.8411652e-01  9.1162120e-02 -1.5123024e-01 -1.1648800e+03]
 [ 0.0000000e+00  0.0000000e+00  0.0000000e+00  1.0000000e+00]]
[+0117.17, +0044.31, -1083.27]
1363, 1093, 1042
[[-1.7476820e-01  4.3769334e-01 -8.8178442e-01  5.3900000e+01]
 [-1.3994220e-02  8.9454214e-01  4.4673066e-01  1.7255000e+02]
 [ 9.8433906e-01  9.0491220e-02 -1.5019370e-01 -1.1648700e+03]
 [ 0.0000000e+00  0.0000000e+00  0.0000000e+00  1.0000000e+00]]
[+0058.93, +0072.27, -1059.75]
1704, 2085, 1484
[[-1.7686500e-01  4.3571254e-01 -8.8236522e-01  5.3650000e+01]
 [-1.4541180e-02  8.9539710e-01  4.4500054e-01  1.7251000e+02]
 [ 9.8397274e-01  9.1605180e-02 -1.5201186e-01 -1.1648800e+03]
 [ 0.0000000e+00  0.0000000e+00  0.0000000e+00  1.0000000e+00]]
[+0115.28, +0049.10, -1082.68]
2044, 2111, 1161
[[-1.7799760e-01  4.3478604e-01 -8.8260692e-01  5.3560000e+01]
 [-1.3929240e-02  8.9586928e-01  4.4407116e-01  1.7253000e+02]
 [ 9.8378852e-01  9.1401960e-02 -1.5339088e-01 -1.1649200e+03]
 [ 0.0000000e+00  0.0000000e+00  0.0000000e+00  1.0000000e+00]]
[+0120.08, +0088.97, -1101.75]
1704, 2085, 1484
[[-1.7634050e-01  4.3611540e-01 -8.8216380e-01  5.3720000e+01]
 [-1.4460600e-02  8.9521208e-01  4.4535624e-01  1.7252000e+02]
 [ 9.8397180e-01  9.1403760e-02 -1.5152842e-01 -1.1648700e+03]
 [ 0.0000000e+00  0.0000000e+00  0.0000000e+00  1.0000000e+00]]
[+0112.24, +0044.17, -1081.92]
1555, 2201, 1337
[[-1.7709136e-01  4.3587800e-01 -8.8229752e-01  5.3700000e+01]
 [-1.4053520e-02  8.9535600e-01  4.4510936e-01  1.7258000e+02]
 [ 9.8399240e-01  9.1270000e-02 -1.5242320e-01 -1.1648800e+03]
 [ 0.0000000e+00  0.0000000e+00  0.0000000e+00  1.0000000e+00]]
[+0137.14, +0042.81, -1093.97]
1704, 2085, 1484
[[-1.7656674e-01  4.3601852e-01 -8.8231724e-01  5.3710000e+01]
 [-1.4307160e-02  8.9528406e-01  4.4524312e-01  1.7251000e+02]
 [ 9.8406868e-01  9.1290640e-02 -1.5182664e-01 -1.1648800e+03]
 [ 0.0000000e+00  0.0000000e+00  0.0000000e+00  1.0000000e+00]]
[+0110.27, +0047.16, -1081.47]
1447, 1795, 1883
[[-1.7567220e-01  4.3574350e-01 -8.8246090e-01  5.3720000e+01]
 [-1.4798060e-02  8.9539710e-01  4.4496958e-01  1.7247000e+02]
 [ 9.8406842e-01  9.1348300e-02 -1.5081906e-01 -1.1648900e+03]
 [ 0.0000000e+00  0.0000000e+00  0.0000000e+00  1.0000000e+00]]
[+0068.08, +0000.48, -1085.37]
1216, 2152, 1823
[[-1.7589840e-01  4.3575964e-01 -8.8242932e-01  5.3710000e+01]
 [-1.4459560e-02  8.9541254e-01  4.4495344e-01  1.7253000e+02]
 [ 9.8405228e-01  9.1138240e-02 -1.5117370e-01 -1.1648600e+03]
 [ 0.0000000e+00  0.0000000e+00  0.0000000e+00  1.0000000e+00]]
[+0116.39, -0012.16, -1104.68]
1447, 1795, 1883
[[-1.7626852e-01  4.3576400e-01 -8.8256224e-01  5.3700000e+01]
 [-1.4705600e-02  8.9539710e-01  4.4501330e-01  1.7247000e+02]
 [ 9.8416976e-01  9.1448500e-02 -1.5141538e-01 -1.1649000e+03]
 [ 0.0000000e+00  0.0000000e+00  0.0000000e+00  1.0000000e+00]]
[+0067.04, +0003.61, -1084.48]
1147, 1581, 1759
[[-1.7522004e-01  4.3686760e-01 -8.8208688e-01  5.3830000e+01]
 [-1.4246880e-02  8.9491350e-01  4.4597534e-01  1.7253000e+02]
 [ 9.8423960e-01  9.0794700e-02 -1.5056250e-01 -1.1648800e+03]
 [ 0.0000000e+00  0.0000000e+00  0.0000000e+00  1.0000000e+00]]
[+0069.47, -0012.93, -1084.86]
1447, 1795, 1883
[[-1.7582650e-01  4.3578352e-01 -8.8242164e-01  5.3690000e+01]
 [-1.4185280e-02  8.9542790e-01  4.4492956e-01  1.7245000e+02]
 [ 9.8405996e-01  9.0863960e-02 -1.5123024e-01 -1.1648900e+03]
 [ 0.0000000e+00  0.0000000e+00  0.0000000e+00  1.0000000e+00]]
[+0069.67, +0003.15, -1084.25]
1705, 1843, 1170
[[-1.7663872e-01  4.3622080e-01 -8.8195472e-01  5.3740000e+01]
 [-1.4211200e-02  8.9515550e-01  4.4546080e-01  1.7254000e+02]
 [ 9.8383472e-01  9.1371200e-02 -1.5188322e-01 -1.1648700e+03]
 [ 0.0000000e+00  0.0000000e+00  0.0000000e+00  1.0000000e+00]]
[+0112.77, +0077.73, -1080.30]
1447, 1795, 1883
[[-1.7604232e-01  4.3586096e-01 -8.8240880e-01  5.3710000e+01]
 [-1.4859040e-02  8.9532512e-01  4.4512640e-01  1.7246000e+02]
 [ 9.8407280e-01  9.1561600e-02 -1.5111720e-01 -1.1648900e+03]
 [ 0.0000000e+00  0.0000000e+00  0.0000000e+00  1.0000000e+00]]
[+0069.75, +0000.56, -1085.17]
1174, 887, 1534
[[-1.7476820e-01  4.3743144e-01 -8.8200552e-01  5.3920000e+01]
 [-1.4328240e-02  8.9465582e-01  4.4650854e-01  1.7253000e+02]
 [ 9.8441592e-01  9.0713340e-02 -1.5008002e-01 -1.1648900e+03]
 [ 0.0000000e+00  0.0000000e+00  0.0000000e+00  1.0000000e+00]]
[+0012.85, +0017.23, -1084.19]
1176, 842, 1661
[[-1.7476820e-01  4.3739538e-01 -8.8185654e-01  5.3890000e+01]
 [-1.4292180e-02  8.9465582e-01  4.4648014e-01  1.7250000e+02]
 [ 9.8426694e-01  9.0741740e-02 -1.5008002e-01 -1.1648800e+03]
 [ 0.0000000e+00  0.0000000e+00  0.0000000e+00  1.0000000e+00]]
[+0003.18, +0008.75, -1100.47]
1174, 887, 1534
[[-1.7484034e-01  4.3722268e-01 -8.8190030e-01  5.3900000e+01]
 [-1.4715400e-02  8.9469720e-01  4.4637860e-01  1.7252000e+02]
 [ 9.8422318e-01  9.1141240e-02 -1.4996650e-01 -1.1648800e+03]
 [ 0.0000000e+00  0.0000000e+00  0.0000000e+00  1.0000000e+00]]
[+0015.02, +0016.81, -1082.76]
1611, 923, 1538
[[-1.7692704e-01  4.3687040e-01 -8.8180544e-01  5.3820000e+01]
 [-1.4562560e-02  8.9481056e-01  4.4618240e-01  1.7250000e+02]
 [ 9.8398400e-01  9.1842560e-02 -1.5193984e-01 -1.1648700e+03]
 [ 0.0000000e+00  0.0000000e+00  0.0000000e+00  1.0000000e+00]]
[+0008.92, +0061.65, -1094.79]
1174, 887, 1534
[[-1.7506618e-01  4.3738772e-01 -8.8183280e-01  5.3890000e+01]
 [-1.4227720e-02  8.9465582e-01  4.4648780e-01  1.7252000e+02]
 [ 9.8424320e-01  9.0806200e-02 -1.5037800e-01 -1.1648500e+03]
 [ 0.0000000e+00  0.0000000e+00  0.0000000e+00  1.0000000e+00]]
[+0013.43, +0017.09, -1083.69]
1059, 2196, 1989
[[-1.7577760e-01  4.3332936e-01 -8.8373152e-01  5.3490000e+01]
 [-1.4600400e-02  8.9663680e-01  4.4249160e-01  1.7239000e+02]
 [ 9.8414560e-01  9.0761520e-02 -1.5126304e-01 -1.1648700e+03]
 [ 0.0000000e+00  0.0000000e+00  0.0000000e+00  1.0000000e+00]]
[+0111.05, -0025.16, -1120.93]
1174, 887, 1534
[[-1.7513832e-01  4.3721496e-01 -8.8187656e-01  5.3890000e+01]
 [-1.4650960e-02  8.9469720e-01  4.4638632e-01  1.7251000e+02]
 [ 9.8419944e-01  9.1205680e-02 -1.5026448e-01 -1.1648800e+03]
 [ 0.0000000e+00  0.0000000e+00  0.0000000e+00  1.0000000e+00]]
[+0012.68, +0018.58, -1084.04]
1729, 1675, 759
[[-1.7537410e-01  4.3705662e-01 -8.8201186e-01  5.3920000e+01]
 [-1.3484940e-02  8.9488716e-01  4.4606058e-01  1.7261000e+02]
 [ 9.8426702e-01  9.0185340e-02 -1.5103090e-01 -1.1647300e+03]
 [ 0.0000000e+00  0.0000000e+00  0.0000000e+00  1.0000000e+00]]
[+0124.47, +0108.11, -1100.28]
1856, 1678, 899
[[-1.7612468e-01  4.3633632e-01 -8.8210488e-01  5.3850000e+01]
 [-1.3488720e-02  8.9520134e-01  4.4540958e-01  1.7257000e+02]
 [ 9.8403072e-01  9.0455820e-02 -1.5175498e-01 -1.1647000e+03]
 [ 0.0000000e+00  0.0000000e+00  0.0000000e+00  1.0000000e+00]]
[+0110.82, +0108.54, -1098.06]
1729, 1675, 759
[[-1.7507604e-01  4.3732624e-01 -8.8181468e-01  5.3860000e+01]
 [-1.3215320e-02  8.9477340e-01  4.4627504e-01  1.7259000e+02]
 [ 9.8421376e-01  8.9898920e-02 -1.5084660e-01 -1.1649100e+03]
 [ 0.0000000e+00  0.0000000e+00  0.0000000e+00  1.0000000e+00]]
[+0123.55, +0106.27, -1099.57]
788, 1673, 1614
[[-1.7462404e-01  4.3662098e-01 -8.8235538e-01  5.3830000e+01]
 [-1.4709620e-02  8.9502686e-01  4.4573778e-01  1.7250000e+02]
 [ 9.8436402e-01  9.0888180e-02 -1.4985314e-01 -1.1649200e+03]
 [ 0.0000000e+00  0.0000000e+00  0.0000000e+00  1.0000000e+00]]
[+0101.06, -0036.32, -1104.39]
1729, 1675, 759
[[-1.7693698e-01  4.3710794e-01 -8.8171470e-01  5.3780000e+01]
 [-1.3252060e-02  8.9481518e-01  4.4621910e-01  1.7255000e+02]
 [ 9.8402670e-01  9.0684900e-02 -1.5252180e-01 -1.1648600e+03]
 [ 0.0000000e+00  0.0000000e+00  0.0000000e+00  1.0000000e+00]]
[+0124.07, +0108.29, -1100.51]
1722, 2178, 753
[[-1.7753362e-01  4.3690760e-01 -8.8155336e-01  5.3700000e+01]
 [-1.3236400e-02  8.9487200e-01  4.4608080e-01  1.7274000e+02]
 [ 9.8379336e-01  9.0967200e-02 -1.5306162e-01 -1.1649200e+03]
 [ 0.0000000e+00  0.0000000e+00  0.0000000e+00  1.0000000e+00]]
[+0149.44, +0086.05, -1121.91]
1729, 1675, 759
[[-1.7602336e-01  4.3908224e-01 -8.8090680e-01  5.3950000e+01]
 [-1.3424000e-02  8.9383904e-01  4.4816424e-01  1.7262000e+02]
 [ 9.8417976e-01  9.0764400e-02 -1.5142976e-01 -1.1648900e+03]
 [ 0.0000000e+00  0.0000000e+00  0.0000000e+00  1.0000000e+00]]
[+0120.66, +0105.80, -1097.82]
1312, 2022, 1229
[[-1.7595106e-01  4.3809900e-01 -8.8130124e-01  5.3880000e+01]
 [-1.4229240e-02  8.9425334e-01  4.4729280e-01  1.7251000e+02]
 [ 9.8408340e-01  9.1337760e-02 -1.5108776e-01 -1.1648900e+03]
 [ 0.0000000e+00  0.0000000e+00  0.0000000e+00  1.0000000e+00]]
[+0137.57, +0032.84, -1086.77]
1562, 1832, 1788
[[-1.7729748e-01  4.3766124e-01 -8.8127432e-01  5.3810000e+01]
 [-1.3805360e-02  8.9445468e-01  4.4690796e-01  1.7246000e+02]
 [ 9.8387052e-01  9.1487440e-02 -1.5252180e-01 -1.1648700e+03]
 [ 0.0000000e+00  0.0000000e+00  0.0000000e+00  1.0000000e+00]]
[+0074.02, +0021.29, -1077.62]
1312, 2022, 1229
[[-1.7468680e-01  4.3860040e-01 -8.8128040e-01  5.3950000e+01]
 [-1.3766480e-02  8.9409776e-01  4.4761400e-01  1.7267000e+02]
 [ 9.8429464e-01  9.0429520e-02 -1.5012360e-01 -1.1649100e+03]
 [ 0.0000000e+00  0.0000000e+00  0.0000000e+00  1.0000000e+00]]
[+0137.70, +0033.19, -1086.66]
1838, 2082, 1013
[[-1.7692704e-01  4.3784208e-01 -8.8125464e-01  5.3810000e+01]
 [-1.3446560e-02  8.9441310e-01  4.4700132e-01  1.7261000e+02]
 [ 9.8393832e-01  9.1023640e-02 -1.5233730e-01 -1.1649000e+03]
 [ 0.0000000e+00  0.0000000e+00  0.0000000e+00  1.0000000e+00]]
[+0133.51, +0085.39, -1103.49]
1312, 2022, 1229
[[-1.7528272e-01  4.3832332e-01 -8.8145412e-01  5.3870000e+01]
 [-1.3971320e-02  8.9421176e-01  4.4740728e-01  1.7252000e+02]
 [ 9.8432388e-01  9.0780720e-02 -1.5060552e-01 -1.1649200e+03]
 [ 0.0000000e+00  0.0000000e+00  0.0000000e+00  1.0000000e+00]]
[+0132.94, +0033.34, -1085.03]
1299, 1397, 1022
[[-1.7512930e-01  4.3925402e-01 -8.8094216e-01  5.3980000e+01]
 [-1.3469180e-02  8.9378190e-01  4.4826664e-01  1.7255000e+02]
 [ 9.8428744e-01  9.0445040e-02 -1.5059284e-01 -1.1648800e+03]
 [ 0.0000000e+00  0.0000000e+00  0.0000000e+00  1.0000000e+00]]
[+0093.48, +0060.28, -1058.28]
1312, 2022, 1229
[[-1.7587880e-01  4.3797384e-01 -8.8132968e-01  5.3870000e+01]
 [-1.4104080e-02  8.9432560e-01  4.4714376e-01  1.7248000e+02]
 [ 9.8405496e-01  9.1188720e-02 -1.5108776e-01 -1.1648900e+03]
 [ 0.0000000e+00  0.0000000e+00  0.0000000e+00  1.0000000e+00]]
[+0138.02, +0032.68, -1087.12]
896, 1307, 1992
[[-1.7438890e-01  4.3834624e-01 -8.8152528e-01  5.4000000e+01]
 [-1.4165120e-02  8.9421176e-01  4.4738436e-01  1.7242000e+02]
 [ 9.8439504e-01  9.0586920e-02 -1.4971170e-01 -1.1648400e+03]
 [ 0.0000000e+00  0.0000000e+00  0.0000000e+00  1.0000000e+00]]
[+0045.97, -0040.68, -1124.88]
1094, 1248, 2055
[[-1.7587880e-01  4.3782480e-01 -8.8136580e-01  5.3920000e+01]
 [-1.4253120e-02  8.9438246e-01  4.4701860e-01  1.7239000e+02]
 [ 9.8401884e-01  9.1313880e-02 -1.5103090e-01 -1.1648300e+03]
 [ 0.0000000e+00  0.0000000e+00  0.0000000e+00  1.0000000e+00]]
[+0030.35, -0027.15, -1121.42]
896, 1307, 1992
[[-1.7379322e-01  4.3880822e-01 -8.8146416e-01  5.4060000e+01]
 [-1.3847620e-02  8.9404070e-01  4.4774504e-01  1.7249000e+02]
 [ 9.8455064e-01  9.0081760e-02 -1.4928708e-01 -1.1648700e+03]
 [ 0.0000000e+00  0.0000000e+00  0.0000000e+00  1.0000000e+00]]
[+0047.45, -0038.28, -1120.97]
1193, 1267, 1020
[[-1.7467818e-01  4.3907284e-01 -8.8104108e-01  5.4080000e+01]
 [-1.4295960e-02  8.9380848e-01  4.4817364e-01  1.7250000e+02]
 [ 9.8428348e-01  9.0989160e-02 -1.4982570e-01 -1.1649200e+03]
 [ 0.0000000e+00  0.0000000e+00  0.0000000e+00  1.0000000e+00]]
[+0085.40, +0050.92, -1053.33]
896, 1307, 1992
[[-1.7401882e-01  4.3807966e-01 -8.8161350e-01  5.3990000e+01]
 [-1.4253340e-02  8.9434092e-01  4.4710250e-01  1.7240000e+02]
 [ 9.8435410e-01  9.0498700e-02 -1.4935690e-01 -1.1648900e+03]
 [ 0.0000000e+00  0.0000000e+00  0.0000000e+00  1.0000000e+00]]
[+0046.12, -0040.73, -1124.85]
971, 1576, 2004
[[-1.7535498e-01  4.3770354e-01 -8.8160634e-01  5.3910000e+01]
 [-1.4841540e-02  8.9442380e-01  4.4693018e-01  1.7241000e+02]
 [ 9.8417166e-01  9.1555820e-02 -1.5032122e-01 -1.1648900e+03]
 [ 0.0000000e+00  0.0000000e+00  0.0000000e+00  1.0000000e+00]]
[+0063.62, -0038.67, -1118.61]
896, 1307, 1992
[[-1.7438890e-01  4.3834624e-01 -8.8152528e-01  5.3990000e+01]
 [-1.4165120e-02  8.9421176e-01  4.4738436e-01  1.7245000e+02]
 [ 9.8439504e-01  9.0586920e-02 -1.4971170e-01 -1.1648700e+03]
 [ 0.0000000e+00  0.0000000e+00  0.0000000e+00  1.0000000e+00]]
[+0045.87, -0039.82, -1123.49]
1194, 807, 1915
[[-1.7467818e-01  4.3877496e-01 -8.8111348e-01  5.4050000e+01]
 [-1.4593840e-02  8.9392248e-01  4.4792316e-01  1.7244000e+02]
 [ 9.8421108e-01  9.1239640e-02 -1.4971170e-01 -1.1648700e+03]
 [ 0.0000000e+00  0.0000000e+00  0.0000000e+00  1.0000000e+00]]
[-0001.56, +0000.97, -1124.79]
1149, 813, 2013
[[-1.7430794e-01  4.3843194e-01 -8.8153584e-01  5.4090000e+01]
 [-1.4903460e-02  8.9410870e-01  4.4757288e-01  1.7246000e+02]
 [ 9.8443176e-01  9.1219680e-02 -1.4930000e-01 -1.1647500e+03]
 [ 0.0000000e+00  0.0000000e+00  0.0000000e+00  1.0000000e+00]]
[-0000.91, -0007.51, -1138.95]
1194, 807, 1915
[[-1.7460580e-01  4.3883484e-01 -8.8125472e-01  5.4040000e+01]
 [-1.4355840e-02  8.9393788e-01  4.4792796e-01  1.7244000e+02]
 [ 9.8436772e-01  9.0936960e-02 -1.4976868e-01 -1.1648800e+03]
 [ 0.0000000e+00  0.0000000e+00  0.0000000e+00  1.0000000e+00]]
[-0001.31, +0001.64, -1124.24]
837, 1761, 1690
[[-1.7386548e-01  4.3874850e-01 -8.8132286e-01  5.4060000e+01]
 [-1.4085700e-02  8.9402550e-01  4.4774010e-01  1.7252000e+02]
 [ 9.8439414e-01  9.0384500e-02 -1.4923002e-01 -1.1649100e+03]
 [ 0.0000000e+00  0.0000000e+00  0.0000000e+00  1.0000000e+00]]
[+0103.90, -0032.77, -1105.93]
1194, 807, 1915
[[-1.7498474e-01  4.3844382e-01 -8.8129278e-01  5.4040000e+01]
 [-1.3850820e-02  8.9415478e-01  4.4749638e-01  1.7238000e+02]
 [ 9.8423478e-01  9.0619380e-02 -1.5036452e-01 -1.1647400e+03]
 [ 0.0000000e+00  0.0000000e+00  0.0000000e+00  1.0000000e+00]]
[-0002.85, -0000.74, -1127.94]
1732, 1062, 2145
[[-1.7699012e-01  4.3758060e-01 -8.8135344e-01  5.3850000e+01]
 [-1.5031200e-02  8.9439260e-01  4.4698860e-01  1.7246000e+02]
 [ 9.8388756e-01  9.2455200e-02 -1.5169828e-01 -1.1648300e+03]
 [ 0.0000000e+00  0.0000000e+00  0.0000000e+00  1.0000000e+00]]
[+0000.98, +0025.66, -1129.04]
1194, 807, 1915
[[-1.7490370e-01  4.3897612e-01 -8.8119484e-01  5.4080000e+01]
 [-1.4142200e-02  8.9388086e-01  4.4806088e-01  1.7244000e+02]
 [ 9.8438020e-01  9.0876400e-02 -1.5012360e-01 -1.1648600e+03]
 [ 0.0000000e+00  0.0000000e+00  0.0000000e+00  1.0000000e+00]]
[-0000.99, +0002.86, -1123.38]
1309, 2035, 1897
[[-1.7624916e-01  4.3753120e-01 -8.8157096e-01  5.3890000e+01]
 [-1.4797040e-02  8.9448054e-01  4.4682830e-01  1.7245000e+02]
 [ 9.8406400e-01  9.1874540e-02 -1.5115866e-01 -1.1648800e+03]
 [ 0.0000000e+00  0.0000000e+00  0.0000000e+00  1.0000000e+00]]
[+0099.57, -0009.75, -1096.33]
1461, 2187, 1657
[[-1.7633064e-01  4.3714800e-01 -8.8163212e-01  5.3840000e+01]
 [-1.4357120e-02  8.9469720e-01  4.4638884e-01  1.7247000e+02]
 [ 9.8395500e-01  9.1491800e-02 -1.5145680e-01 -1.1648800e+03]
 [ 0.0000000e+00  0.0000000e+00  0.0000000e+00  1.0000000e+00]]
[+0121.25, +0018.88, -1090.59]
1309, 2035, 1897
[[-1.7484034e-01  4.3737166e-01 -8.8186422e-01  5.3880000e+01]
 [-1.4566420e-02  8.9464046e-01  4.4650386e-01  1.7238000e+02]
 [ 9.8425926e-01  9.1015980e-02 -1.5002324e-01 -1.1648700e+03]
 [ 0.0000000e+00  0.0000000e+00  0.0000000e+00  1.0000000e+00]]
[+0093.66, -0011.58, -1096.44]
1464, 1559, 1693
[[-1.7521050e-01  4.3816200e-01 -8.8133360e-01  5.3970000e+01]
 [-1.3810000e-02  8.9428398e-01  4.4722980e-01  1.7246000e+02]
 [ 9.8414640e-01  9.0660200e-02 -1.5060552e-01 -1.1648700e+03]
 [ 0.0000000e+00  0.0000000e+00  0.0000000e+00  1.0000000e+00]]
[+0058.22, +0023.85, -1073.65]
1309, 2035, 1897
[[-1.7580658e-01  4.3687760e-01 -8.8190890e-01  5.3850000e+01]
 [-1.5094400e-02  8.9479500e-01  4.4617520e-01  1.7241000e+02]
 [ 9.8407190e-01  9.1859200e-02 -1.5069058e-01 -1.1648800e+03]
 [ 0.0000000e+00  0.0000000e+00  0.0000000e+00  1.0000000e+00]]
[+0098.66, -0013.02, -1097.49]
992, 2021, 1686
[[-1.7364882e-01  4.3825978e-01 -8.8159340e-01  5.4030000e+01]
 [-1.3894780e-02  8.9429918e-01  4.4719660e-01  1.7254000e+02]
 [ 9.8442140e-01  9.0034600e-02 -1.4917300e-01 -1.1648900e+03]
 [ 0.0000000e+00  0.0000000e+00  0.0000000e+00  1.0000000e+00]]
[+0121.47, -0020.52, -1108.72]
1309, 2035, 1897
[[-1.7617690e-01  4.3725698e-01 -8.8163544e-01  5.3850000e+01]
 [-1.4820940e-02  8.9460950e-01  4.4655408e-01  1.7241000e+02]
 [ 9.8399952e-01  9.1850640e-02 -1.5110196e-01 -1.1648600e+03]
 [ 0.0000000e+00  0.0000000e+00  0.0000000e+00  1.0000000e+00]]
[+0096.92, -0011.44, -1096.77]
1052, 1611, 1992
[[-1.7491252e-01  4.3775878e-01 -8.8161466e-01  5.3950000e+01]
 [-1.4357620e-02  8.9445468e-01  4.4687494e-01  1.7242000e+02]
 [ 9.8421086e-01  9.0942860e-02 -1.5013684e-01 -1.1648600e+03]
 [ 0.0000000e+00  0.0000000e+00  0.0000000e+00  1.0000000e+00]]
[+0063.40, -0033.74, -1111.67]
835, 2035, 1812
[[-1.7335104e-01  4.3830344e-01 -8.8176584e-01  5.4030000e+01]
 [-1.3995440e-02  8.9429918e-01  4.4721752e-01  1.7255000e+02]
 [ 9.8459384e-01  8.9941520e-02 -1.4887522e-01 -1.1649000e+03]
 [ 0.0000000e+00  0.0000000e+00  0.0000000e+00  1.0000000e+00]]
[+0116.62, -0032.97, -1125.81]
1052, 1611, 1992
[[-1.7573440e-01  4.3761056e-01 -8.8157168e-01  5.3920000e+01]
 [-1.4038880e-02  8.9452686e-01  4.4674894e-01  1.7239000e+02]
 [ 9.8411104e-01  9.0987380e-02 -1.5103090e-01 -1.1648400e+03]
 [ 0.0000000e+00  0.0000000e+00  0.0000000e+00  1.0000000e+00]]
[+0063.00, -0033.04, -1111.34]
1477, 1792, 1908
[[-1.7550852e-01  4.3759440e-01 -8.8160320e-01  5.3900000e+01]
 [-1.4377600e-02  8.9451150e-01  4.4676510e-01  1.7244000e+02]
 [ 9.8412720e-01  9.1197100e-02 -1.5067602e-01 -1.1648700e+03]
 [ 0.0000000e+00  0.0000000e+00  0.0000000e+00  1.0000000e+00]]
[+0068.83, +0007.63, -1083.04]
1052, 1611, 1992
[[-1.7512930e-01  4.3768756e-01 -8.8163788e-01  5.3940000e+01]
 [-1.5180280e-02  8.9440824e-01  4.4694616e-01  1.7240000e+02]
 [ 9.8418764e-01  9.1765520e-02 -1.4996650e-01 -1.1648700e+03]
 [ 0.0000000e+00  0.0000000e+00  0.0000000e+00  1.0000000e+00]]
[+0063.55, -0033.91, -1112.17]
1043, 1328, 1334
[[-1.7379322e-01  4.3906990e-01 -8.8124302e-01  5.4090000e+01]
 [-1.3513700e-02  8.9392646e-01  4.4796710e-01  1.7250000e+02]
 [ 9.8447398e-01  8.9859700e-02 -1.4940132e-01 -1.1648700e+03]
 [ 0.0000000e+00  0.0000000e+00  0.0000000e+00  1.0000000e+00]]
[+0074.12, +0006.73, -1062.57]
1052, 1611, 1992
[[-1.7580658e-01  4.3758670e-01 -8.8157936e-01  5.3920000e+01]
 [-1.4313100e-02  8.9451150e-01  4.4677280e-01  1.7241000e+02]
 [ 9.8410336e-01  9.1261600e-02 -1.5097408e-01 -1.1648400e+03]
 [ 0.0000000e+00  0.0000000e+00  0.0000000e+00  1.0000000e+00]]
[+0065.19, -0034.70, -1112.91]
1021, 1543, 2225
[[-1.7491252e-01  4.3719896e-01 -8.8190804e-01  5.3900000e+01]
 [-1.4989640e-02  8.9468172e-01  4.4640232e-01  1.7234000e+02]
 [ 9.8421544e-01  9.1415480e-02 -1.4990980e-01 -1.1648600e+03]
 [ 0.0000000e+00  0.0000000e+00  0.0000000e+00  1.0000000e+00]]
[+0053.08, -0037.48, -1132.93]
772, 1678, 2167
[[-1.7306272e-01  4.3839752e-01 -8.8173584e-01  5.4050000e+01]
 [-1.2898480e-02  8.9435918e-01  4.4712344e-01  1.7252000e+02]
 [ 9.8462384e-01  8.8844560e-02 -1.4910354e-01 -1.1648900e+03]
 [ 0.0000000e+00  0.0000000e+00  0.0000000e+00  1.0000000e+00]]
[+0075.04, -0045.30, -1142.29]
1021, 1543, 2225
[[-1.7573440e-01  4.3719952e-01 -8.8182896e-01  5.3870000e+01]
 [-1.4522080e-02  8.9469720e-01  4.4640176e-01  1.7233000e+02]
 [ 9.8415184e-01  9.1334560e-02 -1.5086056e-01 -1.1648300e+03]
 [ 0.0000000e+00  0.0000000e+00  0.0000000e+00  1.0000000e+00]]
[+0052.97, -0036.82, -1132.50]
1464, 1845, 1018
[[-1.7535498e-01  4.3815054e-01 -8.8149792e-01  5.3980000e+01]
 [-1.4394540e-02  8.9425334e-01  4.4730584e-01  1.7249000e+02]
 [ 9.8428008e-01  9.1180160e-02 -1.5049168e-01 -1.1649100e+03]
 [ 0.0000000e+00  0.0000000e+00  0.0000000e+00  1.0000000e+00]]
[+0130.12, +0067.31, -1080.40]
1021, 1543, 2225
[[-1.7513832e-01  4.3725104e-01 -8.8202556e-01  5.3890000e+01]
 [-1.4687040e-02  8.9469720e-01  4.4641468e-01  1.7237000e+02]
 [ 9.8434844e-01  9.1177320e-02 -1.5026448e-01 -1.1648700e+03]
 [ 0.0000000e+00  0.0000000e+00  0.0000000e+00  1.0000000e+00]]
[+0052.97, -0037.40, -1132.71]
762, 969, 1986
[[-1.7297226e-01  4.3951556e-01 -8.8121278e-01  5.4170000e+01]
 [-1.3535480e-02  8.9373980e-01  4.4834404e-01  1.7250000e+02]
 [ 9.8464546e-01  8.9563720e-02 -1.4862250e-01 -1.1648600e+03]
 [ 0.0000000e+00  0.0000000e+00  0.0000000e+00  1.0000000e+00]]
[+0028.20, -0037.76, -1136.19]
1021, 1543, 2225
[[-1.7640282e-01  4.3671292e-01 -8.8189724e-01  5.3840000e+01]
 [-1.5114680e-02  8.9485158e-01  4.4606564e-01  1.7232000e+02]
 [ 9.8398804e-01  9.2113160e-02 -1.5123024e-01 -1.1648300e+03]
 [ 0.0000000e+00  0.0000000e+00  0.0000000e+00  1.0000000e+00]]
[+0053.57, -0037.31, -1132.78]
1068, 1457, 1389
[[-1.7423560e-01  4.3886616e-01 -8.8127072e-01  5.4040000e+01]
 [-1.4146320e-02  8.9395320e-01  4.4789664e-01  1.7249000e+02]
 [ 9.8439904e-01  9.0598080e-02 -1.4952784e-01 -1.1648700e+03]
 [ 0.0000000e+00  0.0000000e+00  0.0000000e+00  1.0000000e+00]]
[+0082.65, +0004.59, -1066.25]
1169, 1603, 1423
[[-1.7498474e-01  4.3833096e-01 -8.8147788e-01  5.3990000e+01]
 [-1.4035920e-02  8.9421176e-01  4.4739964e-01  1.7247000e+02]
 [ 9.8434764e-01  9.0716120e-02 -1.5030754e-01 -1.1648700e+03]
 [ 0.0000000e+00  0.0000000e+00  0.0000000e+00  1.0000000e+00]]
[+0091.85, +0010.31, -1068.53]
1068, 1457, 1389
[[-1.7453346e-01  4.3885852e-01 -8.8124706e-01  5.4060000e+01]
 [-1.4081640e-02  8.9395320e-01  4.4790428e-01  1.7247000e+02]
 [ 9.8437538e-01  9.0662760e-02 -1.4982570e-01 -1.1648700e+03]
 [ 0.0000000e+00  0.0000000e+00  0.0000000e+00  1.0000000e+00]]
[+0083.06, +0003.50, -1066.45]
1691, 1055, 1258
[[-1.7558074e-01  4.3883952e-01 -8.8098780e-01  5.4030000e+01]
 [-1.3238400e-02  8.9398360e-01  4.4785860e-01  1.7247000e+02]
 [ 9.8414652e-01  9.0401640e-02 -1.5113170e-01 -1.1648300e+03]
 [ 0.0000000e+00  0.0000000e+00  0.0000000e+00  1.0000000e+00]]
[+0033.53, +0087.92, -1083.60]
1068, 1457, 1389
[[-1.7512930e-01  4.3839630e-01 -8.8130810e-01  5.4030000e+01]
 [-1.4399220e-02  8.9412414e-01  4.4754390e-01  1.7246000e+02]
 [ 9.8421946e-01  9.1167780e-02 -1.5025060e-01 -1.1648600e+03]
 [ 0.0000000e+00  0.0000000e+00  0.0000000e+00  1.0000000e+00]]
[+0082.95, +0002.57, -1066.74]
1072, 1426, 1503
[[-1.7491252e-01  4.3850368e-01 -8.8143416e-01  5.4030000e+01]
 [-1.3612720e-02  8.9416998e-01  4.4750114e-01  1.7247000e+02]
 [ 9.8439136e-01  9.0316660e-02 -1.5042154e-01 -1.1648500e+03]
 [ 0.0000000e+00  0.0000000e+00  0.0000000e+00  1.0000000e+00]]
[+0071.84, -0005.00, -1071.87]
1068, 1457, 1389
[[-1.7505700e-01  4.3871802e-01 -8.8122814e-01  5.4050000e+01]
 [-1.3827060e-02  8.9402550e-01  4.4777058e-01  1.7250000e+02]
 [ 9.8429942e-01  9.0643140e-02 -1.5042154e-01 -1.1648600e+03]
 [ 0.0000000e+00  0.0000000e+00  0.0000000e+00  1.0000000e+00]]
[+0083.81, +0003.60, -1066.38]
1470, 1637, 1134
[[-1.7512930e-01  4.3839630e-01 -8.8130810e-01  5.3990000e+01]
 [-1.4399220e-02  8.9412414e-01  4.4754390e-01  1.7249000e+02]
 [ 9.8421946e-01  9.1167780e-02 -1.5025060e-01 -1.1648900e+03]
 [ 0.0000000e+00  0.0000000e+00  0.0000000e+00  1.0000000e+00]]
[+0102.64, +0064.37, -1067.27]
1370, 1551, 1414
[[-1.7483136e-01  4.3844016e-01 -8.8148080e-01  5.4000000e+01]
 [-1.4500000e-02  8.9412414e-01  4.4756466e-01  1.7247000e+02]
 [ 9.8439216e-01  9.1074700e-02 -1.4995266e-01 -1.1649000e+03]
 [ 0.0000000e+00  0.0000000e+00  0.0000000e+00  1.0000000e+00]]
[+0079.32, +0030.15, -1064.85]
1470, 1637, 1134
[[-1.7512930e-01  4.3839630e-01 -8.8130810e-01  5.3990000e+01]
 [-1.4399220e-02  8.9412414e-01  4.4754390e-01  1.7248000e+02]
 [ 9.8421946e-01  9.1167780e-02 -1.5025060e-01 -1.1648600e+03]
 [ 0.0000000e+00  0.0000000e+00  0.0000000e+00  1.0000000e+00]]
[+0104.07, +0064.64, -1067.78]
1707, 1057, 1040
[[-1.7467818e-01  4.3896010e-01 -8.8122622e-01  5.4060000e+01]
 [-1.4481100e-02  8.9386550e-01  4.4807690e-01  1.7248000e+02]
 [ 9.8439622e-01  9.1085900e-02 -1.4976868e-01 -1.1648900e+03]
 [ 0.0000000e+00  0.0000000e+00  0.0000000e+00  1.0000000e+00]]
[+0048.40, +0105.00, -1084.71]
1470, 1637, 1134
[[-1.7483136e-01  4.3840400e-01 -8.8133184e-01  5.4010000e+01]
 [-1.4463840e-02  8.9412414e-01  4.4753620e-01  1.7249000e+02]
 [ 9.8424320e-01  9.1103160e-02 -1.4995266e-01 -1.1648800e+03]
 [ 0.0000000e+00  0.0000000e+00  0.0000000e+00  1.0000000e+00]]
[+0104.66, +0060.71, -1067.39]
1202, 1547, 1012
[[-1.7446116e-01  4.3899500e-01 -8.8105436e-01  5.4070000e+01]
 [-1.3622360e-02  8.9391134e-01  4.4797730e-01  1.7252000e+02]
 [ 9.8427020e-01  9.0291860e-02 -1.4993986e-01 -1.1648500e+03]
 [ 0.0000000e+00  0.0000000e+00  0.0000000e+00  1.0000000e+00]]
[+0113.80, +0047.18, -1062.45]
1470, 1637, 1134
[[-1.7461458e-01  4.3836230e-01 -8.8149398e-01  5.3980000e+01]
 [-1.3826300e-02  8.9422700e-01  4.4736830e-01  1.7248000e+02]
 [ 9.8437898e-01  9.0377300e-02 -1.5006658e-01 -1.1648800e+03]
 [ 0.0000000e+00  0.0000000e+00  0.0000000e+00  1.0000000e+00]]
[+0104.03, +0063.86, -1067.68]
1559, 1700, 1181
[[-1.7475906e-01  4.3801698e-01 -8.8158154e-01  5.3970000e+01]
 [-1.4672660e-02  8.9431020e-01  4.4716518e-01  1.7248000e+02]
 [ 9.8429142e-01  9.1176260e-02 -1.4983890e-01 -1.1648900e+03]
 [ 0.0000000e+00  0.0000000e+00  0.0000000e+00  1.0000000e+00]]
[+0103.62, +0067.40, -1070.71]
1092, 1620, 1237
[[-1.7467818e-01  4.3866222e-01 -8.8129862e-01  5.4040000e+01]
 [-1.4778980e-02  8.9397942e-01  4.4782638e-01  1.7250000e+02]
 [ 9.8432382e-01  9.1336420e-02 -1.4965476e-01 -1.1648700e+03]
 [ 0.0000000e+00  0.0000000e+00  0.0000000e+00  1.0000000e+00]]
[+0107.48, +0015.78, -1066.78]
1559, 1700, 1181
[[-1.7595106e-01  4.3839708e-01 -8.8122896e-01  5.3970000e+01]
 [-1.3931160e-02  8.9413950e-01  4.4754312e-01  1.7248000e+02]
 [ 9.8415568e-01  9.1087440e-02 -1.5120160e-01 -1.1648700e+03]
 [ 0.0000000e+00  0.0000000e+00  0.0000000e+00  1.0000000e+00]]
[+0103.51, +0067.81, -1070.70]
1569, 1733, 1318
[[-1.7542728e-01  4.3794160e-01 -8.8139280e-01  5.3950000e+01]
 [-1.4781600e-02  8.9429472e-01  4.4717600e-01  1.7247000e+02]
 [ 9.8408720e-01  9.1608000e-02 -1.5037800e-01 -1.1648900e+03]
 [ 0.0000000e+00  0.0000000e+00  0.0000000e+00  1.0000000e+00]]
[+0097.00, +0057.09, -1069.72]
1559, 1700, 1181
[[-1.7505700e-01  4.3842006e-01 -8.8130042e-01  5.3980000e+01]
 [-1.4125020e-02  8.9413950e-01  4.4752014e-01  1.7250000e+02]
 [ 9.8422714e-01  9.0893580e-02 -1.5030754e-01 -1.1648700e+03]
 [ 0.0000000e+00  0.0000000e+00  0.0000000e+00  1.0000000e+00]]
[+0102.27, +0069.04, -1070.81]
1581, 1585, 1207
[[-1.7572530e-01  4.3823188e-01 -8.8129666e-01  5.3970000e+01]
 [-1.4419000e-02  8.9418104e-01  4.4743412e-01  1.7248000e+02]
 [ 9.8413570e-01  9.1422200e-02 -1.5078970e-01 -1.1648600e+03]
 [ 0.0000000e+00  0.0000000e+00  0.0000000e+00  1.0000000e+00]]
[+0088.85, +0070.42, -1068.15]
1559, 1700, 1181
[[-1.7497608e-01  4.3850552e-01 -8.8131112e-01  5.4000000e+01]
 [-1.4863280e-02  8.9403632e-01  4.4770888e-01  1.7252000e+02]
 [ 9.8426392e-01  9.1526320e-02 -1.4989576e-01 -1.1648900e+03]
 [ 0.0000000e+00  0.0000000e+00  0.0000000e+00  1.0000000e+00]]
[+0104.63, +0066.05, -1070.42]
1266, 1518, 1556
[[-1.7498474e-01  4.3844382e-01 -8.8129278e-01  5.3990000e+01]
 [-1.3850820e-02  8.9415478e-01  4.4749638e-01  1.7246000e+02]
 [ 9.8423478e-01  9.0619380e-02 -1.5036452e-01 -1.1648600e+03]
 [ 0.0000000e+00  0.0000000e+00  0.0000000e+00  1.0000000e+00]]
[+0069.70, +0010.36, -1070.11]
1521, 1890, 1971
[[-1.7633064e-01  4.3703500e-01 -8.8181728e-01  5.3840000e+01]
 [-1.4542280e-02  8.9475390e-01  4.4629204e-01  1.7238000e+02]
 [ 9.8406800e-01  9.1588600e-02 -1.5140010e-01 -1.1648500e+03]
 [ 0.0000000e+00  0.0000000e+00  0.0000000e+00  1.0000000e+00]]
[+0071.51, +0002.60, -1087.99]
1266, 1518, 1556
[[-1.7468680e-01  4.3860040e-01 -8.8128040e-01  5.4010000e+01]
 [-1.3766480e-02  8.9409776e-01  4.4761400e-01  1.7246000e+02]
 [ 9.8429464e-01  9.0429520e-02 -1.5012360e-01 -1.1648500e+03]
 [ 0.0000000e+00  0.0000000e+00  0.0000000e+00  1.0000000e+00]]
[+0070.99, +0012.06, -1069.33]
1193, 1996, 1171
[[-1.7521050e-01  4.3816200e-01 -8.8133360e-01  5.3990000e+01]
 [-1.3810000e-02  8.9428398e-01  4.4722980e-01  1.7252000e+02]
 [ 9.8414640e-01  9.0660200e-02 -1.5060552e-01 -1.1648500e+03]
 [ 0.0000000e+00  0.0000000e+00  0.0000000e+00  1.0000000e+00]]
[+0143.20, +0027.38, -1089.08]
1266, 1518, 1556
[[-1.7431668e-01  4.3822096e-01 -8.8155376e-01  5.4040000e+01]
 [-1.4039840e-02  8.9428398e-01  4.4723542e-01  1.7252000e+02]
 [ 9.8436656e-01  9.0437980e-02 -1.4971170e-01 -1.1647300e+03]
 [ 0.0000000e+00  0.0000000e+00  0.0000000e+00  1.0000000e+00]]
[+0069.64, +0010.98, -1069.85]
1658, 1440, 1384
[[-1.7483136e-01  4.3825504e-01 -8.8136800e-01  5.4030000e+01]
 [-1.4612800e-02  8.9418104e-01  4.4741096e-01  1.7247000e+02]
 [ 9.8420704e-01  9.1228400e-02 -1.4989576e-01 -1.1648000e+03]
 [ 0.0000000e+00  0.0000000e+00  0.0000000e+00  1.0000000e+00]]
[+0063.08, +0068.31, -1070.31]
1266, 1518, 1556
[[-1.7386548e-01  4.3833794e-01 -8.8158018e-01  5.4040000e+01]
 [-1.4568540e-02  8.9419644e-01  4.4739266e-01  1.7246000e+02]
 [ 9.8443462e-01  9.0731940e-02 -1.4905908e-01 -1.1647900e+03]
 [ 0.0000000e+00  0.0000000e+00  0.0000000e+00  1.0000000e+00]]
[+0071.55, +0010.28, -1070.00]
1114, 1598, 1902
[[-1.7461458e-01  4.3780256e-01 -8.8178734e-01  5.3980000e+01]
 [-1.4458240e-02  8.9445468e-01  4.4689568e-01  1.7242000e+02]
 [ 9.8438354e-01  9.0849920e-02 -1.4983890e-01 -1.1648000e+03]
 [ 0.0000000e+00  0.0000000e+00  0.0000000e+00  1.0000000e+00]]
[+0065.20, -0026.25, -1099.70]
1076, 1658, 1818
[[-1.7379322e-01  4.3836152e-01 -8.8157252e-01  5.4090000e+01]
 [-1.4294320e-02  8.9421176e-01  4.4736908e-01  1.7250000e+02]
 [ 9.8444228e-01  9.0457720e-02 -1.4911602e-01 -1.1648000e+03]
 [ 0.0000000e+00  0.0000000e+00  0.0000000e+00  1.0000000e+00]]
[+0077.81, -0023.32, -1093.94]
1114, 1598, 1902
[[-1.7506618e-01  4.3794766e-01 -8.8153956e-01  5.3960000e+01]
 [-1.3595660e-02  8.9442830e-01  4.4696028e-01  1.7244000e+02]
 [ 9.8423844e-01  9.0333720e-02 -1.5060552e-01 -1.1647100e+03]
 [ 0.0000000e+00  0.0000000e+00  0.0000000e+00  1.0000000e+00]]
[+0063.14, -0024.88, -1099.09]
1242, 2033, 2160
[[-1.7574418e-01  4.3601778e-01 -8.8239666e-01  5.3720000e+01]
 [-1.4774220e-02  8.9526862e-01  4.4524386e-01  1.7233000e+02]
 [ 9.8413266e-01  9.1372140e-02 -1.5087556e-01 -1.1648900e+03]
 [ 0.0000000e+00  0.0000000e+00  0.0000000e+00  1.0000000e+00]]
[+0085.07, -0025.07, -1114.71]
1114, 1598, 1902
[[-1.7490370e-01  4.3823132e-01 -8.8137574e-01  5.3980000e+01]
 [-1.4887000e-02  8.9416556e-01  4.4743468e-01  1.7246000e+02]
 [ 9.8419930e-01  9.1502600e-02 -1.4983890e-01 -1.1649100e+03]
 [ 0.0000000e+00  0.0000000e+00  0.0000000e+00  1.0000000e+00]]
[+0065.61, -0022.05, -1096.64]
1812, 1585, 1576
[[-1.7632146e-01  4.3776926e-01 -8.8135738e-01  5.3890000e+01]
 [-1.4736980e-02  8.9435150e-01  4.4707414e-01  1.7244000e+02]
 [ 9.8397946e-01  9.1926820e-02 -1.5121540e-01 -1.1649100e+03]
 [ 0.0000000e+00  0.0000000e+00  0.0000000e+00  1.0000000e+00]]
[+0059.07, +0066.67, -1077.13]
1114, 1598, 1902
[[-1.7528272e-01  4.3772732e-01 -8.8159860e-01  5.3890000e+01]
 [-1.4567320e-02  8.9443928e-01  4.4690640e-01  1.7240000e+02]
 [ 9.8417940e-01  9.1281600e-02 -1.5037800e-01 -1.1648900e+03]
 [ 0.0000000e+00  0.0000000e+00  0.0000000e+00  1.0000000e+00]]
[+0063.40, -0026.02, -1099.86]
1097, 1490, 2249
[[-1.7521050e-01  4.3704220e-01 -8.8192040e-01  5.3840000e+01]
 [-1.5074200e-02  8.9473838e-01  4.4628484e-01  1.7233000e+02]
 [ 9.8415560e-01  9.1605160e-02 -1.5015112e-01 -1.1648800e+03]
 [ 0.0000000e+00  0.0000000e+00  0.0000000e+00  1.0000000e+00]]
[+0045.35, -0033.25, -1131.37]
1152, 1054, 2244
[[-1.7587002e-01  4.3736248e-01 -8.8182742e-01  5.3890000e+01]
 [-1.5933920e-02  8.9449008e-01  4.4678728e-01  1.7234000e+02]
 [ 9.8420102e-01  9.2665120e-02 -1.5033594e-01 -1.1648800e+03]
 [ 0.0000000e+00  0.0000000e+00  0.0000000e+00  1.0000000e+00]]
[+0015.19, -0019.25, -1143.68]
1097, 1490, 2249
[[-1.7587880e-01  4.3711572e-01 -8.8169544e-01  5.3840000e+01]
 [-1.5034440e-02  8.9466616e-01  4.4642112e-01  1.7233000e+02]
 [ 9.8398728e-01  9.1911360e-02 -1.5074720e-01 -1.1648700e+03]
 [ 0.0000000e+00  0.0000000e+00  0.0000000e+00  1.0000000e+00]]
[+0046.17, -0033.29, -1131.16]
1694, 1572, 1616
[[-1.7602336e-01  4.3796224e-01 -8.8149416e-01  5.3910000e+01]
 [-1.4688640e-02  8.9429472e-01  4.4721992e-01  1.7243000e+02]
 [ 9.8418856e-01  9.1708720e-02 -1.5097408e-01 -1.1649100e+03]
 [ 0.0000000e+00  0.0000000e+00  0.0000000e+00  1.0000000e+00]]
[+0059.51, +0052.89, -1073.57]
1097, 1490, 2249
[[-1.7580658e-01  4.3717568e-01 -8.8183670e-01  5.3840000e+01]
 [-1.4796320e-02  8.9468172e-01  4.4642560e-01  1.7234000e+02]
 [ 9.8414410e-01  9.1608800e-02 -1.5080386e-01 -1.1648700e+03]
 [ 0.0000000e+00  0.0000000e+00  0.0000000e+00  1.0000000e+00]]
[+0045.50, -0033.20, -1131.25]
798, 1454, 1961
[[-1.7319770e-01  4.3926996e-01 -8.8140288e-01  5.4110000e+01]
 [-1.3530360e-02  8.9386928e-01  4.4810596e-01  1.7252000e+02]
 [ 9.8470608e-01  8.9576360e-02 -1.4886298e-01 -1.1648900e+03]
 [ 0.0000000e+00  0.0000000e+00  0.0000000e+00  1.0000000e+00]]
[+0065.98, -0042.85, -1122.58]
1097, 1490, 2249
[[-1.7610468e-01  4.3660778e-01 -8.8210630e-01  5.3800000e+01]
 [-1.5364220e-02  8.9490812e-01  4.4596090e-01  1.7230000e+02]
 [ 9.8412490e-01  9.2145700e-02 -1.5087556e-01 -1.1648500e+03]
 [ 0.0000000e+00  0.0000000e+00  0.0000000e+00  1.0000000e+00]]
[+0046.50, -0033.07, -1130.79]
1495, 1705, 2235
[[-1.7491252e-01  4.3734794e-01 -8.8187194e-01  5.3840000e+01]
 [-1.4840660e-02  8.9462502e-01  4.4652758e-01  1.7241000e+02]
 [ 9.8425154e-01  9.1290220e-02 -1.4996650e-01 -1.1649000e+03]
 [ 0.0000000e+00  0.0000000e+00  0.0000000e+00  1.0000000e+00]]
[+0046.07, -0007.35, -1105.31]
1918, 1827, 2210
[[-1.7729748e-01  4.3680250e-01 -8.8164006e-01  5.3760000e+01]
 [-1.4736300e-02  8.9479500e-01  4.4618590e-01  1.7237000e+02]
 [ 9.8380306e-01  9.2209500e-02 -1.5218148e-01 -1.1648800e+03]
 [ 0.0000000e+00  0.0000000e+00  0.0000000e+00  1.0000000e+00]]
[+0044.75, +0026.19, -1095.68]
1495, 1705, 2235
[[-1.7572530e-01  4.3707588e-01 -8.8173496e-01  5.3840000e+01]
 [-1.5647320e-02  8.9463480e-01  4.4646096e-01  1.7235000e+02]
 [ 9.8399544e-01  9.2395360e-02 -1.5033594e-01 -1.1649100e+03]
 [ 0.0000000e+00  0.0000000e+00  0.0000000e+00  1.0000000e+00]]
[+0045.18, -0011.57, -1108.60]
1620, 1166, 1718
[[-1.7528272e-01  4.3869808e-01 -8.8104776e-01  5.4040000e+01]
 [-1.3452080e-02  8.9404070e-01  4.4772586e-01  1.7248000e+02]
 [ 9.8413424e-01  9.0462140e-02 -1.5077658e-01 -1.1648100e+03]
 [ 0.0000000e+00  0.0000000e+00  0.0000000e+00  1.0000000e+00]]
[+0020.11, +0043.31, -1088.82]
1495, 1705, 2235
[[-1.7558074e-01  4.3674870e-01 -8.8212568e-01  5.3820000e+01]
 [-1.5618180e-02  8.9483590e-01  4.4609424e-01  1.7232000e+02]
 [ 9.8420080e-01  9.2166000e-02 -1.5027940e-01 -1.1649000e+03]
 [ 0.0000000e+00  0.0000000e+00  0.0000000e+00  1.0000000e+00]]
[+0046.31, -0012.20, -1108.55]
1394, 1988, 1915
[[-1.7521050e-01  4.3790010e-01 -8.8155480e-01  5.3940000e+01]
 [-1.4144100e-02  8.9439782e-01  4.4700784e-01  1.7248000e+02]
 [ 9.8422320e-01  9.0882160e-02 -1.5049168e-01 -1.1649100e+03]
 [ 0.0000000e+00  0.0000000e+00  0.0000000e+00  1.0000000e+00]]
[+0092.72, -0004.40, -1090.62]
1495, 1705, 2235
[[-1.7617690e-01  4.3695886e-01 -8.8170768e-01  5.3830000e+01]
 [-1.5119060e-02  8.9472278e-01  4.4630376e-01  1.7234000e+02]
 [ 9.8392728e-01  9.2100960e-02 -1.5098868e-01 -1.1648600e+03]
 [ 0.0000000e+00  0.0000000e+00  0.0000000e+00  1.0000000e+00]]
[+0044.68, -0011.18, -1108.70]
1633, 863, 2139
[[-1.7602336e-01  4.3796224e-01 -8.8149416e-01  5.3930000e+01]
 [-1.4688640e-02  8.9429472e-01  4.4721992e-01  1.7234000e+02]
 [ 9.8418856e-01  9.1708720e-02 -1.5097408e-01 -1.1648500e+03]
 [ 0.0000000e+00  0.0000000e+00  0.0000000e+00  1.0000000e+00]]
[-0005.77, +0026.16, -1142.75]
1747, 1771, 1525
[[-1.7550852e-01  4.3789244e-01 -8.8153100e-01  5.3910000e+01]
 [-1.4079560e-02  8.9439782e-01  4.4701550e-01  1.7245000e+02]
 [ 9.8419940e-01  9.0946700e-02 -1.5078970e-01 -1.1648900e+03]
 [ 0.0000000e+00  0.0000000e+00  0.0000000e+00  1.0000000e+00]]
[+0083.17, +0059.14, -1073.66]
1633, 863, 2139
[[-1.7616808e-01  4.3731836e-01 -8.8165456e-01  5.3900000e+01]
 [-1.5833240e-02  8.9449008e-01  4.4676692e-01  1.7233000e+02]
 [ 9.8402816e-01  9.2757880e-02 -1.5063400e-01 -1.1648700e+03]
 [ 0.0000000e+00  0.0000000e+00  0.0000000e+00  1.0000000e+00]]
[-0006.03, +0024.25, -1144.63]
1594, 780, 2009
[[-1.7572530e-01  4.3852992e-01 -8.8122434e-01  5.4010000e+01]
 [-1.4120960e-02  8.9406720e-01  4.4768448e-01  1.7238000e+02]
 [ 9.8420802e-01  9.1171840e-02 -1.5090354e-01 -1.1648500e+03]
 [ 0.0000000e+00  0.0000000e+00  0.0000000e+00  1.0000000e+00]]
[-0008.08, +0031.77, -1138.30]
1633, 863, 2139
[[-1.7639380e-01  4.3744722e-01 -8.8143754e-01  5.3870000e+01]
 [-1.5309300e-02  8.9444926e-01  4.4684778e-01  1.7231000e+02]
 [ 9.8389930e-01  9.2451300e-02 -1.5104530e-01 -1.1648700e+03]
 [ 0.0000000e+00  0.0000000e+00  0.0000000e+00  1.0000000e+00]]
[-0005.36, +0023.99, -1143.31]
1263, 947, 2194
[[-1.7572530e-01  4.3782098e-01 -8.8155416e-01  5.3960000e+01]
 [-1.4902220e-02  8.9435150e-01  4.4708696e-01  1.7239000e+02]
 [ 9.8417624e-01  9.1769360e-02 -1.5061924e-01 -1.1648700e+03]
 [ 0.0000000e+00  0.0000000e+00  0.0000000e+00  1.0000000e+00]]
[+0004.95, -0007.37, -1142.85]
1633, 863, 2139
[[-1.7699012e-01  4.3784262e-01 -8.8113198e-01  5.3900000e+01]
 [-1.4696820e-02  8.9427916e-01  4.4721042e-01  1.7237000e+02]
 [ 9.8381082e-01  9.2233380e-02 -1.5181172e-01 -1.1648400e+03]
 [ 0.0000000e+00  0.0000000e+00  0.0000000e+00  1.0000000e+00]]
[-0005.84, +0025.71, -1142.91]
1830, 1649, 2069
[[-1.7647504e-01  4.3739828e-01 -8.8157540e-01  5.3840000e+01]
 [-1.4607400e-02  8.9455280e-01  4.4668700e-01  1.7240000e+02]
 [ 9.8401172e-01  9.1789960e-02 -1.5145680e-01 -1.1648800e+03]
 [ 0.0000000e+00  0.0000000e+00  0.0000000e+00  1.0000000e+00]]
[+0039.40, +0031.24, -1091.96]
1768, 1856, 1995
[[-1.7639380e-01  4.3722146e-01 -8.8180802e-01  5.3860000e+01]
 [-1.5679780e-02  8.9456246e-01  4.4665406e-01  1.7242000e+02]
 [ 9.8412506e-01  9.2645020e-02 -1.5093210e-01 -1.1649100e+03]
 [ 0.0000000e+00  0.0000000e+00  0.0000000e+00  1.0000000e+00]]
[+0061.77, +0023.94, -1085.20]
1830, 1649, 2069
[[-1.7692704e-01  4.3728168e-01 -8.8154808e-01  5.3820000e+01]
 [-1.4079120e-02  8.9464046e-01  4.4652938e-01  1.7237000e+02]
 [ 9.8394312e-01  9.1495580e-02 -1.5210994e-01 -1.1648500e+03]
 [ 0.0000000e+00  0.0000000e+00  0.0000000e+00  1.0000000e+00]]
[+0033.90, +0029.00, -1095.24]
1995, 1682, 2026
[[-1.7715316e-01  4.3714890e-01 -8.8155242e-01  5.3800000e+01]
 [-1.3889580e-02  8.9471260e-01  4.4638794e-01  1.7237000e+02]
 [ 9.8389070e-01  9.1410900e-02 -1.5240820e-01 -1.1648400e+03]
 [ 0.0000000e+00  0.0000000e+00  0.0000000e+00  1.0000000e+00]]
[+0038.59, +0048.05, -1093.08]
1830, 1649, 2069
[[-1.7558074e-01  4.3742156e-01 -8.8164704e-01  5.3860000e+01]
 [-1.4800840e-02  8.9455280e-01  4.4666372e-01  1.7238000e+02]
 [ 9.8408336e-01  9.1596520e-02 -1.5056250e-01 -1.1648800e+03]
 [ 0.0000000e+00  0.0000000e+00  0.0000000e+00  1.0000000e+00]]
[+0035.73, +0025.01, -1094.68]
1767, 1502, 1707
[[-1.7512930e-01  4.3798552e-01 -8.8156556e-01  5.3960000e+01]
 [-1.4882320e-02  8.9429472e-01  4.4719664e-01  1.7244000e+02]
 [ 9.8425996e-01  9.1515040e-02 -1.5008002e-01 -1.1648900e+03]
 [ 0.0000000e+00  0.0000000e+00  0.0000000e+00  1.0000000e+00]]
[+0045.90, +0049.10, -1079.21]
1830, 1649, 2069
[[-1.7670100e-01  4.3700330e-01 -8.8180110e-01  5.3820000e+01]
 [-1.4752100e-02  8.9473838e-01  4.4632374e-01  1.7236000e+02]
 [ 9.8403630e-01  9.1927260e-02 -1.5164162e-01 -1.1648800e+03]
 [ 0.0000000e+00  0.0000000e+00  0.0000000e+00  1.0000000e+00]]
[+0037.07, +0025.93, -1094.15]
1178, 1055, 768
[[-1.7378472e-01  4.3998916e-01 -8.8089480e-01  5.4160000e+01]
 [-1.3596840e-02  8.9346552e-01  4.4890240e-01  1.7254000e+02]
 [ 9.8457160e-01  9.0043200e-02 -1.4927520e-01 -1.1648900e+03]
 [ 0.0000000e+00  0.0000000e+00  0.0000000e+00  1.0000000e+00]]
[+0082.64, +0076.74, -1051.74]
831, 1880, 766
[[-1.7364000e-01  4.3958968e-01 -8.8098824e-01  5.4150000e+01]
 [-1.3495120e-02  8.9366750e-01  4.4847934e-01  1.7262000e+02]
 [ 9.8447816e-01  8.9870740e-02 -1.4921794e-01 -1.1649000e+03]
 [ 0.0000000e+00  0.0000000e+00  0.0000000e+00  1.0000000e+00]]
[+0166.92, +0025.91, -1102.58]
1178, 1055, 768
[[-1.7355940e-01  4.3963924e-01 -8.8084952e-01  5.4130000e+01]
 [-1.4197360e-02  8.9356476e-01  4.4863916e-01  1.7254000e+02]
 [ 9.8436628e-01  9.0531760e-02 -1.4880580e-01 -1.1648700e+03]
 [ 0.0000000e+00  0.0000000e+00  0.0000000e+00  1.0000000e+00]]
[+0081.95, +0077.55, -1052.07]
1786, 1310, 788
[[-1.7512930e-01  4.3869426e-01 -8.8123578e-01  5.4010000e+01]
 [-1.4101260e-02  8.9401022e-01  4.4779434e-01  1.7251000e+02]
 [ 9.8429178e-01  9.0917340e-02 -1.5036452e-01 -1.1648800e+03]
 [ 0.0000000e+00  0.0000000e+00  0.0000000e+00  1.0000000e+00]]
[+0091.21, +0122.27, -1097.23]
1178, 1055, 768
[[-1.7371234e-01  4.3982768e-01 -8.8077456e-01  5.4160000e+01]
 [-1.3435360e-02  8.9353790e-01  4.4872488e-01  1.7256000e+02]
 [ 9.8439408e-01  8.9922960e-02 -1.4927520e-01 -1.1648700e+03]
 [ 0.0000000e+00  0.0000000e+00  0.0000000e+00  1.0000000e+00]]
[+0081.59, +0076.38, -1051.81]
1169, 1051, 1046
[[-1.7438032e-01  4.3922944e-01 -8.8102856e-01  5.4100000e+01]
 [-1.4211760e-02  8.9375142e-01  4.4829122e-01  1.7252000e+02]
 [ 9.8434336e-01  9.0799180e-02 -1.4958490e-01 -1.1648700e+03]
 [ 0.0000000e+00  0.0000000e+00  0.0000000e+00  1.0000000e+00]]
[+0058.97, +0050.27, -1052.79]
1178, 1055, 768
[[-1.7408250e-01  4.3979650e-01 -8.8075850e-01  5.4140000e+01]
 [-1.3644700e-02  8.9352278e-01  4.4875606e-01  1.7254000e+02]
 [ 9.8436290e-01  9.0261940e-02 -1.4951572e-01 -1.1648700e+03]
 [ 0.0000000e+00  0.0000000e+00  0.0000000e+00  1.0000000e+00]]
[+0082.60, +0076.34, -1051.42]
889, 1996, 2069
[[-1.7449050e-01  4.3589750e-01 -8.8265060e-01  5.3780000e+01]
 [-1.3929500e-02  8.9545838e-01  4.4487980e-01  1.7235000e+02]
 [ 9.8431940e-01  9.0030200e-02 -1.5015112e-01 -1.1648500e+03]
 [ 0.0000000e+00  0.0000000e+00  0.0000000e+00  1.0000000e+00]]
[+0097.08, -0037.66, -1130.90]
750, 1676, 2220
[[-1.7328852e-01  4.3658590e-01 -8.8261934e-01  5.3880000e+01]
 [-1.4603300e-02  8.9511420e-01  4.4556290e-01  1.7232000e+02]
 [ 9.8458666e-01  9.0179300e-02 -1.4871828e-01 -1.1648800e+03]
 [ 0.0000000e+00  0.0000000e+00  0.0000000e+00  1.0000000e+00]]
[+0072.60, -0045.72, -1146.18]
889, 1996, 2069
[[-1.7537410e-01  4.3634740e-01 -8.8234080e-01  5.3760000e+01]
 [-1.4266120e-02  8.9517086e-01  4.4546280e-01  1.7237000e+02]
 [ 9.8423616e-01  9.0783120e-02 -1.5074720e-01 -1.1648700e+03]
 [ 0.0000000e+00  0.0000000e+00  0.0000000e+00  1.0000000e+00]]
[+0098.65, -0036.84, -1130.94]
980, 1848, 1841
[[-1.7498474e-01  4.3818198e-01 -8.8151400e-01  5.3970000e+01]
 [-1.4184900e-02  8.9426870e-01  4.4727440e-01  1.7245000e+02]
 [ 9.8431152e-01  9.0841360e-02 -1.5025060e-01 -1.1648800e+03]
 [ 0.0000000e+00  0.0000000e+00  0.0000000e+00  1.0000000e+00]]
[+0095.05, -0026.63, -1104.77]
889, 1996, 2069
[[-1.7328852e-01  4.3628810e-01 -8.8269130e-01  5.3840000e+01]
 [-1.4901100e-02  8.9522748e-01  4.4531210e-01  1.7238000e+02]
 [ 9.8451470e-01  9.0430100e-02 -1.4860500e-01 -1.1649200e+03]
 [ 0.0000000e+00  0.0000000e+00  0.0000000e+00  1.0000000e+00]]
[+0097.33, -0037.52, -1130.76]
1090, 1958, 2174
[[-1.7536420e-01  4.3596198e-01 -8.8246766e-01  5.3750000e+01]
 [-1.5725580e-02  8.9522182e-01  4.4529966e-01  1.7229000e+02]
 [ 9.8415686e-01  9.2066460e-02 -1.5011002e-01 -1.1648900e+03]
 [ 0.0000000e+00  0.0000000e+00  0.0000000e+00  1.0000000e+00]]
[+0081.40, -0032.69, -1123.20]
889, 1996, 2069
[[-1.7239530e-01  4.3791240e-01 -8.8221700e-01  5.4030000e+01]
 [-1.3420720e-02  8.9460246e-01  4.4664060e-01  1.7253000e+02]
 [ 9.8483196e-01  8.8885720e-02 -1.4833680e-01 -1.1649300e+03]
 [ 0.0000000e+00  0.0000000e+00  0.0000000e+00  1.0000000e+00]]
[+0097.36, -0037.43, -1130.31]
2094, 1383, 1666
[[-1.7699922e-01  4.3751980e-01 -8.8133448e-01  5.3860000e+01]
 [-1.4019000e-02  8.9451150e-01  4.4677520e-01  1.7241000e+02]
 [ 9.8385848e-01  9.1548000e-02 -1.5216672e-01 -1.1648500e+03]
 [ 0.0000000e+00  0.0000000e+00  0.0000000e+00  1.0000000e+00]]
[+0033.35, +0085.00, -1100.16]
2142, 1464, 1727
[[-1.7752360e-01  4.3711712e-01 -8.8153604e-01  5.3800000e+01]
 [-1.4099360e-02  8.9469720e-01  4.4641972e-01  1.7238000e+02]
 [ 9.8385892e-01  9.1749560e-02 -1.5264976e-01 -1.1648500e+03]
 [ 0.0000000e+00  0.0000000e+00  0.0000000e+00  1.0000000e+00]]
[+0035.79, +0081.56, -1099.79]
2094, 1383, 1666
[[-1.7617690e-01  4.3770416e-01 -8.8152708e-01  5.3910000e+01]
 [-1.4373760e-02  8.9443928e-01  4.4692956e-01  1.7241000e+02]
 [ 9.8410788e-01  9.1475160e-02 -1.5127218e-01 -1.1648700e+03]
 [ 0.0000000e+00  0.0000000e+00  0.0000000e+00  1.0000000e+00]]
[+0033.76, +0083.16, -1099.23]
2213, 1530, 1377
[[-1.7744196e-01  4.3772608e-01 -8.8110448e-01  5.3880000e+01]
 [-1.4168480e-02  8.9436702e-01  4.4705278e-01  1.7247000e+02]
 [ 9.8374208e-01  9.1939180e-02 -1.5246498e-01 -1.1648400e+03]
 [ 0.0000000e+00  0.0000000e+00  0.0000000e+00  1.0000000e+00]]
[+0061.72, +0105.94, -1102.99]
2094, 1383, 1666
[[-1.7617690e-01  4.3751898e-01 -8.8141414e-01  5.3890000e+01]
 [-1.4486700e-02  8.9449606e-01  4.4677602e-01  1.7239000e+02]
 [ 9.8392270e-01  9.1628700e-02 -1.5121540e-01 -1.1648400e+03]
 [ 0.0000000e+00  0.0000000e+00  0.0000000e+00  1.0000000e+00]]
[+0032.98, +0078.29, -1098.15]
869, 2181, 1568
[[-1.7313474e-01  4.3852288e-01 -8.8170726e-01  5.4020000e+01]
 [-1.3023840e-02  8.9428716e-01  4.4727232e-01  1.7258000e+02]
 [ 9.8465242e-01  8.8993440e-02 -1.4910354e-01 -1.1648900e+03]
 [ 0.0000000e+00  0.0000000e+00  0.0000000e+00  1.0000000e+00]]
[+0137.64, -0017.43, -1122.77]
2094, 1383, 1666
[[-1.7707144e-01  4.3719752e-01 -8.8141444e-01  5.3810000e+01]
 [-1.4591440e-02  8.9460950e-01  4.4654908e-01  1.7238000e+02]
 [ 9.8377852e-01  9.2072360e-02 -1.5199650e-01 -1.1648400e+03]
 [ 0.0000000e+00  0.0000000e+00  0.0000000e+00  1.0000000e+00]]
[+0031.97, +0083.26, -1100.31]
1687, 1702, 931
[[-1.7505700e-01  4.3871802e-01 -8.8122814e-01  5.3990000e+01]
 [-1.3827060e-02  8.9402550e-01  4.4777058e-01  1.7252000e+02]
 [ 9.8429942e-01  9.0643140e-02 -1.5042154e-01 -1.1648600e+03]
 [ 0.0000000e+00  0.0000000e+00  0.0000000e+00  1.0000000e+00]]
[+0116.31, +0090.45, -1084.77]
1015, 1408, 1809
[[-1.7416330e-01  4.3859196e-01 -8.8133538e-01  5.4020000e+01]
 [-1.4169960e-02  8.9408252e-01  4.4762244e-01  1.7246000e+02]
 [ 9.8433438e-01  9.0574440e-02 -1.4947082e-01 -1.1648800e+03]
 [ 0.0000000e+00  0.0000000e+00  0.0000000e+00  1.0000000e+00]]
[+0056.54, -0026.10, -1095.85]
1687, 1702, 931
[[-1.7543634e-01  4.3847626e-01 -8.8123002e-01  5.3960000e+01]
 [-1.3173180e-02  8.9418510e-01  4.4746394e-01  1.7251000e+02]
 [ 9.8420234e-01  9.0200220e-02 -1.5107460e-01 -1.1648600e+03]
 [ 0.0000000e+00  0.0000000e+00  0.0000000e+00  1.0000000e+00]]
[+0116.31, +0095.73, -1086.56]
1906, 1754, 1116
[[-1.7677322e-01  4.3780170e-01 -8.8129398e-01  5.3890000e+01]
 [-1.4059500e-02  8.9438246e-01  4.4704170e-01  1.7247000e+02]
 [ 9.8394702e-01  9.1507500e-02 -1.5192532e-01 -1.1648600e+03]
 [ 0.0000000e+00  0.0000000e+00  0.0000000e+00  1.0000000e+00]]
[+0101.86, +0098.87, -1090.25]
1687, 1702, 931
[[-1.7461458e-01  4.3862412e-01 -8.8127282e-01  5.4010000e+01]
 [-1.3492280e-02  8.9411292e-01  4.4759028e-01  1.7252000e+02]
 [ 9.8430222e-01  9.0155320e-02 -1.5018066e-01 -1.1648700e+03]
 [ 0.0000000e+00  0.0000000e+00  0.0000000e+00  1.0000000e+00]]
[+0115.30, +0092.49, -1085.59]
1527, 2204, 977
[[-1.7596036e-01  4.3762680e-01 -8.8154016e-01  5.3870000e+01]
 [-1.3700160e-02  8.9454214e-01  4.4673270e-01  1.7253000e+02]
 [ 9.8409480e-01  9.0777660e-02 -1.5138586e-01 -1.1648600e+03]
 [ 0.0000000e+00  0.0000000e+00  0.0000000e+00  1.0000000e+00]]
[+0151.50, +0062.41, -1108.34]
1687, 1702, 931
[[-1.7528272e-01  4.3854908e-01 -8.8108388e-01  5.3970000e+01]
 [-1.3601080e-02  8.9409776e-01  4.4760068e-01  1.7251000e+02]
 [ 9.8409812e-01  9.0587320e-02 -1.5071952e-01 -1.1648800e+03]
 [ 0.0000000e+00  0.0000000e+00  0.0000000e+00  1.0000000e+00]]
[+0114.15, +0093.60, -1085.38]
1308, 2049, 1506
[[-1.7580658e-01  4.3773574e-01 -8.8154326e-01  5.3900000e+01]
 [-1.4164060e-02  8.9445468e-01  4.4689798e-01  1.7247000e+02]
 [ 9.8413946e-01  9.1136420e-02 -1.5103090e-01 -1.1648700e+03]
 [ 0.0000000e+00  0.0000000e+00  0.0000000e+00  1.0000000e+00]]
[+0123.14, +0011.78, -1087.02]
1194, 1061, 1881
[[-1.7505700e-01  4.3830722e-01 -8.8148554e-01  5.3970000e+01]
 [-1.4310140e-02  8.9419644e-01  4.4742338e-01  1.7241000e+02]
 [ 9.8433998e-01  9.0990340e-02 -1.5025060e-01 -1.1648700e+03]
 [ 0.0000000e+00  0.0000000e+00  0.0000000e+00  1.0000000e+00]]
[+0014.88, -0007.15, -1107.46]
1308, 2049, 1506
[[-1.7528272e-01  4.3787632e-01 -8.8156248e-01  5.3910000e+01]
 [-1.4418320e-02  8.9438246e-01  4.4703162e-01  1.7250000e+02]
 [ 9.8421552e-01  9.1156380e-02 -1.5043482e-01 -1.1649000e+03]
 [ 0.0000000e+00  0.0000000e+00  0.0000000e+00  1.0000000e+00]]
[+0124.18, +0015.23, -1086.57]
1297, 2087, 1603
[[-1.7580658e-01  4.3732472e-01 -8.8180060e-01  5.3860000e+01]
 [-1.4647280e-02  8.9462502e-01  4.4655080e-01  1.7245000e+02]
 [ 9.8418020e-01  9.1483600e-02 -1.5086056e-01 -1.1648900e+03]
 [ 0.0000000e+00  0.0000000e+00  0.0000000e+00  1.0000000e+00]]
[+0120.61, +0007.06, -1090.39]
1308, 2049, 1506
[[-1.7484034e-01  4.3796758e-01 -8.8171990e-01  5.3920000e+01]
 [-1.3970500e-02  8.9441310e-01  4.4700490e-01  1.7249000e+02]
 [ 9.8440358e-01  9.0514940e-02 -1.5025060e-01 -1.1648900e+03]
 [ 0.0000000e+00  0.0000000e+00  0.0000000e+00  1.0000000e+00]]
[+0122.63, +0016.71, -1085.56]
1582, 2031, 1541
[[-1.7610468e-01  4.3757900e-01 -8.8155548e-01  5.3860000e+01]
 [-1.4248600e-02  8.9451150e-01  4.4678050e-01  1.7246000e+02]
 [ 9.8407948e-01  9.1326100e-02 -1.5127218e-01 -1.1648800e+03]
 [ 0.0000000e+00  0.0000000e+00  0.0000000e+00  1.0000000e+00]]
[+0108.73, +0037.41, -1079.33]
1308, 2049, 1506
[[-1.7491252e-01  4.3790776e-01 -8.8157856e-01  5.3950000e+01]
 [-1.4208640e-02  8.9439782e-01  4.4700018e-01  1.7251000e+02]
 [ 9.8424696e-01  9.0817620e-02 -1.5019370e-01 -1.1648800e+03]
 [ 0.0000000e+00  0.0000000e+00  0.0000000e+00  1.0000000e+00]]
[+0123.56, +0013.63, -1086.66]
1457, 969, 1084
[[-1.7527402e-01  4.3920646e-01 -8.8095740e-01  5.4060000e+01]
 [-1.4017540e-02  8.9375142e-01  4.4831420e-01  1.7248000e+02]
 [ 9.8427220e-01  9.0993400e-02 -1.5047860e-01 -1.1648700e+03]
 [ 0.0000000e+00  0.0000000e+00  0.0000000e+00  1.0000000e+00]]
[+0039.38, +0081.65, -1069.93]
894, 1724, 1297
[[-1.7387450e-01  4.3887150e-01 -8.8141800e-01  5.4050000e+01]
 [-1.2960300e-02  8.9408582e-01  4.4768176e-01  1.7252000e+02]
 [ 9.8454960e-01  8.9323760e-02 -1.4975632e-01 -1.1648800e+03]
 [ 0.0000000e+00  0.0000000e+00  0.0000000e+00  1.0000000e+00]]
[+0122.57, -0008.23, -1083.15]
1457, 969, 1084
[[-1.7497608e-01  4.3921412e-01 -8.8098116e-01  5.4070000e+01]
 [-1.4082280e-02  8.9375142e-01  4.4830654e-01  1.7251000e+02]
 [ 9.8429596e-01  9.0928660e-02 -1.5018066e-01 -1.1648800e+03]
 [ 0.0000000e+00  0.0000000e+00  0.0000000e+00  1.0000000e+00]]
[+0039.08, +0082.33, -1070.43]
1478, 1056, 828
[[-1.7460580e-01  4.3939442e-01 -8.8096106e-01  5.4080000e+01]
 [-1.3723900e-02  8.9370956e-01  4.4840042e-01  1.7251000e+02]
 [ 9.8436350e-01  9.0464500e-02 -1.4999700e-01 -1.1648700e+03]
 [ 0.0000000e+00  0.0000000e+00  0.0000000e+00  1.0000000e+00]]
[+0070.40, +0103.27, -1070.65]
1457, 969, 1084
[[-1.7490370e-01  4.3908890e-01 -8.8100970e-01  5.4060000e+01]
 [-1.3957060e-02  8.9382380e-01  4.4815758e-01  1.7248000e+02]
 [ 9.8426742e-01  9.0779700e-02 -1.5018066e-01 -1.1648400e+03]
 [ 0.0000000e+00  0.0000000e+00  0.0000000e+00  1.0000000e+00]]
[+0039.26, +0080.70, -1069.66]
2010, 1332, 1254
[[-1.7744196e-01  4.3776222e-01 -8.8125362e-01  5.3910000e+01]
 [-1.4204620e-02  8.9436702e-01  4.4708118e-01  1.7243000e+02]
 [ 9.8389122e-01  9.1910780e-02 -1.5246498e-01 -1.1648400e+03]
 [ 0.0000000e+00  0.0000000e+00  0.0000000e+00  1.0000000e+00]]
[+0055.09, +0107.47, -1097.36]
1457, 969, 1084
[[-1.7475906e-01  4.3928534e-01 -8.8095836e-01  5.4060000e+01]
 [-1.3259740e-02  8.9379702e-01  4.4823532e-01  1.7248000e+02]
 [ 9.8431876e-01  9.0106120e-02 -1.5035208e-01 -1.1648400e+03]
 [ 0.0000000e+00  0.0000000e+00  0.0000000e+00  1.0000000e+00]]
[+0039.59, +0080.33, -1069.54]
1957, 1880, 1797
[[-1.7625850e-01  4.3702286e-01 -8.8166048e-01  5.3790000e+01]
 [-1.4231980e-02  8.9476934e-01  4.4623976e-01  1.7239000e+02]
 [ 9.8392664e-01  9.1342720e-02 -1.5145680e-01 -1.1648800e+03]
 [ 0.0000000e+00  0.0000000e+00  0.0000000e+00  1.0000000e+00]]
[+0069.79, +0054.75, -1081.46]
1342, 1256, 2113
[[-1.7550852e-01  4.3774342e-01 -8.8156710e-01  5.3900000e+01]
 [-1.4228580e-02  8.9445468e-01  4.4689030e-01  1.7238000e+02]
 [ 9.8416330e-01  9.1071900e-02 -1.5073284e-01 -1.1648400e+03]
 [ 0.0000000e+00  0.0000000e+00  0.0000000e+00  1.0000000e+00]]
[+0019.48, -0009.50, -1117.82]
1957, 1880, 1797
[[-1.7648458e-01  4.3718824e-01 -8.8159280e-01  5.3820000e+01]
 [-1.3744240e-02  8.9472792e-01  4.4634860e-01  1.7242000e+02]
 [ 9.8394640e-01  9.1007800e-02 -1.5186850e-01 -1.1648200e+03]
 [ 0.0000000e+00  0.0000000e+00  0.0000000e+00  1.0000000e+00]]
[+0070.83, +0056.45, -1081.49]
1936, 1836, 1671
[[-1.7580658e-01  4.3769964e-01 -8.8139422e-01  5.3890000e+01]
 [-1.4127960e-02  8.9445468e-01  4.4686956e-01  1.7244000e+02]
 [ 9.8399042e-01  9.1164840e-02 -1.5103090e-01 -1.1648500e+03]
 [ 0.0000000e+00  0.0000000e+00  0.0000000e+00  1.0000000e+00]]
[+0073.19, +0064.69, -1080.19]
1957, 1880, 1797
[[-1.7655668e-01  4.3716426e-01 -8.8160046e-01  5.3800000e+01]
 [-1.4018460e-02  8.9471260e-01  4.4637258e-01  1.7240000e+02]
 [ 9.8393874e-01  9.1282020e-02 -1.5181172e-01 -1.1648800e+03]
 [ 0.0000000e+00  0.0000000e+00  0.0000000e+00  1.0000000e+00]]
[+0069.98, +0054.27, -1081.21]
2069, 1777, 1814
[[-1.7736970e-01  4.3707672e-01 -8.8157564e-01  5.3790000e+01]
 [-1.4712240e-02  8.9466616e-01  4.4646012e-01  1.7240000e+02]
 [ 9.8386748e-01  9.2233560e-02 -1.5223810e-01 -1.1648700e+03]
 [ 0.0000000e+00  0.0000000e+00  0.0000000e+00  1.0000000e+00]]
[+0054.28, +0066.18, -1087.64]
1957, 1880, 1797
[[-1.7610468e-01  4.3731698e-01 -8.8177674e-01  5.3850000e+01]
 [-1.4582820e-02  8.9462502e-01  4.4655854e-01  1.7241000e+02]
 [ 9.8415634e-01  9.1548060e-02 -1.5115866e-01 -1.1648700e+03]
 [ 0.0000000e+00  0.0000000e+00  0.0000000e+00  1.0000000e+00]]
[+0070.02, +0051.98, -1081.20]
1786, 1032, 1811
[[-1.7565300e-01  4.3825572e-01 -8.8128896e-01  5.3960000e+01]
 [-1.4144800e-02  8.9419644e-01  4.4741028e-01  1.7241000e+02]
 [ 9.8414340e-01  9.1148000e-02 -1.5084660e-01 -1.1648300e+03]
 [ 0.0000000e+00  0.0000000e+00  0.0000000e+00  1.0000000e+00]]
[+0004.96, +0050.56, -1109.65]
1786, 1081, 1237
[[-1.7549962e-01  4.3881180e-01 -8.8118350e-01  5.4010000e+01]
 [-1.4161800e-02  8.9393788e-01  4.4795100e-01  1.7248000e+02]
 [ 9.8429650e-01  9.1131000e-02 -1.5066250e-01 -1.1648700e+03]
 [ 0.0000000e+00  0.0000000e+00  0.0000000e+00  1.0000000e+00]]
[+0038.58, +0091.56, -1086.30]
1786, 1032, 1811
[[-1.7542728e-01  4.3809060e-01 -8.8135664e-01  5.3940000e+01]
 [-1.4632600e-02  8.9423790e-01  4.4730120e-01  1.7240000e+02]
 [ 9.8412336e-01  9.1482800e-02 -1.5043482e-01 -1.1648600e+03]
 [ 0.0000000e+00  0.0000000e+00  0.0000000e+00  1.0000000e+00]]
[+0004.27, +0051.74, -1110.11]
1470, 1208, 1826
[[-1.7542728e-01  4.3838860e-01 -8.8128432e-01  5.3960000e+01]
 [-1.4334600e-02  8.9412414e-01  4.4755160e-01  1.7242000e+02]
 [ 9.8419568e-01  9.1232400e-02 -1.5054858e-01 -1.1648600e+03]
 [ 0.0000000e+00  0.0000000e+00  0.0000000e+00  1.0000000e+00]]
[+0021.78, +0017.71, -1091.82]
1786, 1032, 1811
[[-1.7632146e-01  4.3806738e-01 -8.8128506e-01  5.3930000e+01]
 [-1.4438860e-02  8.9423790e-01  4.4732442e-01  1.7240000e+02]
 [ 9.8405178e-01  9.1676540e-02 -1.5132900e-01 -1.1648500e+03]
 [ 0.0000000e+00  0.0000000e+00  0.0000000e+00  1.0000000e+00]]
[+0002.90, +0053.96, -1111.85]
2018, 1443, 1846
[[-1.7699922e-01  4.3725766e-01 -8.8155580e-01  5.3800000e+01]
 [-1.4353340e-02  8.9462502e-01  4.4655340e-01  1.7236000e+02]
 [ 9.8393540e-01  9.1769800e-02 -1.5205320e-01 -1.1648500e+03]
 [ 0.0000000e+00  0.0000000e+00  0.0000000e+00  1.0000000e+00]]
[+0027.06, +0063.14, -1098.02]
1786, 1032, 1811
[[-1.7475906e-01  4.3831490e-01 -8.8150926e-01  5.3980000e+01]
 [-1.4374740e-02  8.9419644e-01  4.4741570e-01  1.7241000e+02]
 [ 9.8436370e-01  9.0925740e-02 -1.4995266e-01 -1.1648900e+03]
 [ 0.0000000e+00  0.0000000e+00  0.0000000e+00  1.0000000e+00]]
[+0004.56, +0049.60, -1110.25]
1747, 1870, 1427
[[-1.7603250e-01  4.3801400e-01 -8.8129050e-01  5.3920000e+01]
 [-1.3491120e-02  8.9435616e-01  4.4710360e-01  1.7247000e+02]
 [ 9.8404634e-01  9.0704880e-02 -1.5149970e-01 -1.1648400e+03]
 [ 0.0000000e+00  0.0000000e+00  0.0000000e+00  1.0000000e+00]]
[+0100.31, +0058.67, -1075.70]
1633, 1858, 1366
[[-1.7595106e-01  4.3809900e-01 -8.8130124e-01  5.3940000e+01]
 [-1.4229240e-02  8.9425334e-01  4.4729280e-01  1.7250000e+02]
 [ 9.8408340e-01  9.1337760e-02 -1.5108776e-01 -1.1648800e+03]
 [ 0.0000000e+00  0.0000000e+00  0.0000000e+00  1.0000000e+00]]
[+0106.77, +0052.29, -1074.42]
1747, 1870, 1427
[[-1.7677322e-01  4.3780170e-01 -8.8129398e-01  5.3890000e+01]
 [-1.4059500e-02  8.9438246e-01  4.4704170e-01  1.7246000e+02]
 [ 9.8394702e-01  9.1507500e-02 -1.5192532e-01 -1.1648500e+03]
 [ 0.0000000e+00  0.0000000e+00  0.0000000e+00  1.0000000e+00]]
[+0098.62, +0059.60, -1075.62]
1824, 1185, 1413
[[-1.7595106e-01  4.3854612e-01 -8.8119282e-01  5.3960000e+01]
 [-1.3782120e-02  8.9408252e-01  4.4766828e-01  1.7244000e+02]
 [ 9.8419182e-01  9.0962280e-02 -1.5125858e-01 -1.1648600e+03]
 [ 0.0000000e+00  0.0000000e+00  0.0000000e+00  1.0000000e+00]]
[+0035.03, +0084.49, -1087.58]
1747, 1870, 1427
[[-1.7572530e-01  4.3778482e-01 -8.8140514e-01  5.3910000e+01]
 [-1.4866060e-02  8.9435150e-01  4.4705858e-01  1.7247000e+02]
 [ 9.8402722e-01  9.1797740e-02 -1.5061924e-01 -1.1648700e+03]
 [ 0.0000000e+00  0.0000000e+00  0.0000000e+00  1.0000000e+00]]
[+0098.88, +0059.92, -1075.76]
1959, 1902, 1024
[[-1.7640282e-01  4.3783336e-01 -8.8131028e-01  5.3870000e+01]
 [-1.3849840e-02  8.9439782e-01  4.4701004e-01  1.7251000e+02]
 [ 9.8397868e-01  9.1168760e-02 -1.5168400e-01 -1.1648700e+03]
 [ 0.0000000e+00  0.0000000e+00  0.0000000e+00  1.0000000e+00]]
[+0117.22, +0100.04, -1101.29]
1747, 1870, 1427
[[-1.7513832e-01  4.3795996e-01 -8.8169616e-01  5.3920000e+01]
 [-1.3905960e-02  8.9441310e-01  4.4701252e-01  1.7245000e+02]
 [ 9.8437984e-01  9.0579480e-02 -1.5054858e-01 -1.1648900e+03]
 [ 0.0000000e+00  0.0000000e+00  0.0000000e+00  1.0000000e+00]]
[+0095.03, +0057.58, -1075.11]
1568, 1091, 957
[[-1.7497608e-01  4.3921412e-01 -8.8098116e-01  5.4070000e+01]
 [-1.4082280e-02  8.9375142e-01  4.4830654e-01  1.7253000e+02]
 [ 9.8429596e-01  9.0928660e-02 -1.5018066e-01 -1.1648800e+03]
 [ 0.0000000e+00  0.0000000e+00  0.0000000e+00  1.0000000e+00]]
[+0061.08, +0096.43, -1072.10]
1261, 1978, 916
[[-1.7475906e-01  4.3842772e-01 -8.8132416e-01  5.4000000e+01]
 [-1.4189640e-02  8.9413950e-01  4.4751248e-01  1.7253000e+02]
 [ 9.8425088e-01  9.0828960e-02 -1.5000960e-01 -1.1648900e+03]
 [ 0.0000000e+00  0.0000000e+00  0.0000000e+00  1.0000000e+00]]
[+0152.75, +0052.18, -1093.99]
1568, 1091, 957
[[-1.7527402e-01  4.3894470e-01 -8.8117878e-01  5.4040000e+01]
 [-1.4351700e-02  8.9386550e-01  4.4809230e-01  1.7249000e+02]
 [ 9.8434878e-01  9.1215300e-02 -1.5036452e-01 -1.1648900e+03]
 [ 0.0000000e+00  0.0000000e+00  0.0000000e+00  1.0000000e+00]]
[+0059.73, +0098.43, -1073.28]
1537, 1113, 1682
[[-1.7550852e-01  4.3845242e-01 -8.8123758e-01  5.3960000e+01]
 [-1.3447380e-02  8.9416998e-01  4.4748778e-01  1.7243000e+02]
 [ 9.8419478e-01  9.0474420e-02 -1.5101754e-01 -1.1648500e+03]
 [ 0.0000000e+00  0.0000000e+00  0.0000000e+00  1.0000000e+00]]
[+0017.40, +0036.51, -1088.65]
1568, 1091, 957
[[-1.7483136e-01  4.3911264e-01 -8.8100208e-01  5.4050000e+01]
 [-1.3682880e-02  8.9383904e-01  4.4813384e-01  1.7250000e+02]
 [ 9.8427504e-01  9.0505520e-02 -1.5023776e-01 -1.1648600e+03]
 [ 0.0000000e+00  0.0000000e+00  0.0000000e+00  1.0000000e+00]]
[+0060.66, +0099.70, -1073.76]
1018, 900, 939
[[-1.7348698e-01  4.3984786e-01 -8.8095456e-01  5.4160000e+01]
 [-1.3810540e-02  8.9352278e-01  4.4876952e-01  1.7253000e+02]
 [ 9.8455896e-01  9.0103680e-02 -1.4892020e-01 -1.1648800e+03]
 [ 0.0000000e+00  0.0000000e+00  0.0000000e+00  1.0000000e+00]]
[+0055.05, +0048.46, -1048.15]
1568, 1091, 957
[[-1.7445274e-01  4.3890794e-01 -8.8110868e-01  5.4040000e+01]
 [-1.4783780e-02  8.9385006e-01  4.4806436e-01  1.7249000e+02]
 [ 9.8426324e-01  9.1323880e-02 -1.4941384e-01 -1.1649100e+03]
 [ 0.0000000e+00  0.0000000e+00  0.0000000e+00  1.0000000e+00]]
[+0062.29, +0100.79, -1073.76]
1243, 1430, 1475
[[-1.7468680e-01  4.3848756e-01 -8.8146548e-01  5.3990000e+01]
 [-1.3951560e-02  8.9415478e-01  4.4751726e-01  1.7246000e+02]
 [ 9.8440748e-01  9.0526260e-02 -1.5006658e-01 -1.1648900e+03]
 [ 0.0000000e+00  0.0000000e+00  0.0000000e+00  1.0000000e+00]]
[+0066.88, +0015.75, -1066.40]
1594, 1418, 1027
[[-1.7483136e-01  4.3870192e-01 -8.8125952e-01  5.4000000e+01]
 [-1.4165920e-02  8.9401022e-01  4.4778668e-01  1.7250000e+02]
 [ 9.8431552e-01  9.0852680e-02 -1.5006658e-01 -1.1648800e+03]
 [ 0.0000000e+00  0.0000000e+00  0.0000000e+00  1.0000000e+00]]
[+0087.86, +0089.09, -1070.96]
1243, 1430, 1475
[[-1.7512930e-01  4.3839630e-01 -8.8130810e-01  5.4000000e+01]
 [-1.4399220e-02  8.9412414e-01  4.4754390e-01  1.7247000e+02]
 [ 9.8421946e-01  9.1167780e-02 -1.5025060e-01 -1.1648500e+03]
 [ 0.0000000e+00  0.0000000e+00  0.0000000e+00  1.0000000e+00]]
[+0067.01, +0016.05, -1066.24]
1323, 1751, 1529
[[-1.7475906e-01  4.3816594e-01 -8.8154540e-01  5.3950000e+01]
 [-1.4523700e-02  8.9425334e-01  4.4729044e-01  1.7246000e+02]
 [ 9.8432756e-01  9.1051000e-02 -1.4989576e-01 -1.1649000e+03]
 [ 0.0000000e+00  0.0000000e+00  0.0000000e+00  1.0000000e+00]]
[+0092.65, +0015.68, -1072.25]
1243, 1430, 1475
[[-1.7483136e-01  4.3870192e-01 -8.8125952e-01  5.4000000e+01]
 [-1.4165920e-02  8.9401022e-01  4.4778668e-01  1.7248000e+02]
 [ 9.8431552e-01  9.0852680e-02 -1.5006658e-01 -1.1648600e+03]
 [ 0.0000000e+00  0.0000000e+00  0.0000000e+00  1.0000000e+00]]
[+0067.97, +0016.86, -1065.87]
751, 1620, 1083
[[-1.7342322e-01  4.3954764e-01 -8.8115078e-01  5.4130000e+01]
 [-1.2857560e-02  8.9376972e-01  4.4831196e-01  1.7257000e+02]
 [ 9.8461338e-01  8.9144840e-02 -1.4933250e-01 -1.1648800e+03]
 [ 0.0000000e+00  0.0000000e+00  0.0000000e+00  1.0000000e+00]]
[+0132.77, -0005.70, -1080.77]
1243, 1430, 1475
[[-1.7527402e-01  4.3849776e-01 -8.8128738e-01  5.3990000e+01]
 [-1.4798640e-02  8.9403632e-01  4.4771664e-01  1.7247000e+02]
 [ 9.8424018e-01  9.1590960e-02 -1.5019370e-01 -1.1648900e+03]
 [ 0.0000000e+00  0.0000000e+00  0.0000000e+00  1.0000000e+00]]
[+0067.35, +0016.57, -1066.08]
1381, 2062, 839
[[-1.7528272e-01  4.3828720e-01 -8.8130512e-01  5.3960000e+01]
 [-1.3935200e-02  8.9421176e-01  4.4737880e-01  1.7255000e+02]
 [ 9.8417488e-01  9.0809200e-02 -1.5060552e-01 -1.1648800e+03]
 [ 0.0000000e+00  0.0000000e+00  0.0000000e+00  1.0000000e+00]]
[+0156.84, +0065.32, -1106.22]
1965, 1810, 1319
[[-1.7714370e-01  4.3776996e-01 -8.8127768e-01  5.3860000e+01]
 [-1.4269160e-02  8.9436702e-01  4.4707344e-01  1.7245000e+02]
 [ 9.8391528e-01  9.1846240e-02 -1.5216672e-01 -1.1648600e+03]
 [ 0.0000000e+00  0.0000000e+00  0.0000000e+00  1.0000000e+00]]
[+0089.82, +0089.53, -1085.87]
1381, 2062, 839
[[-1.7447026e-01  4.3867156e-01 -8.8125778e-01  5.4000000e+01]
 [-1.2943880e-02  8.9414300e-01  4.4754284e-01  1.7257000e+02]
 [ 9.8431726e-01  8.9606920e-02 -1.5029490e-01 -1.1648600e+03]
 [ 0.0000000e+00  0.0000000e+00  0.0000000e+00  1.0000000e+00]]
[+0156.58, +0064.72, -1106.27]
1290, 2087, 962
[[-1.7468680e-01  4.3818964e-01 -8.8153772e-01  5.3960000e+01]
 [-1.4249480e-02  8.9426870e-01  4.4726674e-01  1.7254000e+02]
 [ 9.8433524e-01  9.0776780e-02 -1.4995266e-01 -1.1649100e+03]
 [ 0.0000000e+00  0.0000000e+00  0.0000000e+00  1.0000000e+00]]
[+0154.88, +0048.31, -1101.00]
1381, 2062, 839
[[-1.7438890e-01  4.3860800e-01 -8.8130410e-01  5.3990000e+01]
 [-1.3831120e-02  8.9409776e-01  4.4760640e-01  1.7255000e+02]
 [ 9.8431834e-01  9.0364880e-02 -1.4982570e-01 -1.1649000e+03]
 [ 0.0000000e+00  0.0000000e+00  0.0000000e+00  1.0000000e+00]]
[+0155.85, +0065.05, -1105.35]
1212, 1612, 808
[[-1.7393778e-01  4.3928434e-01 -8.8103696e-01  5.4080000e+01]
 [-1.3728140e-02  8.9378190e-01  4.4823632e-01  1.7256000e+02]
 [ 9.8438224e-01  9.0186080e-02 -1.4940132e-01 -1.1648900e+03]
 [ 0.0000000e+00  0.0000000e+00  0.0000000e+00  1.0000000e+00]]
[+0132.07, +0063.10, -1071.16]
1381, 2062, 839
[[-1.7521050e-01  4.3804910e-01 -8.8151870e-01  5.3930000e+01]
 [-1.3995100e-02  8.9434092e-01  4.4713306e-01  1.7254000e+02]
 [ 9.8425930e-01  9.0756940e-02 -1.5054858e-01 -1.1649000e+03]
 [ 0.0000000e+00  0.0000000e+00  0.0000000e+00  1.0000000e+00]]
[+0156.95, +0065.37, -1106.83]
1319, 2201, 1024
[[-1.7506618e-01  4.3764966e-01 -8.8161168e-01  5.3870000e+01]
 [-1.3893660e-02  8.9454214e-01  4.4670984e-01  1.7254000e+02]
 [ 9.8416632e-01  9.0584160e-02 -1.5049168e-01 -1.1649000e+03]
 [ 0.0000000e+00  0.0000000e+00  0.0000000e+00  1.0000000e+00]]
[+0155.83, +0044.98, -1107.66]
1096, 1526, 1431
[[-1.7446116e-01  4.3858432e-01 -8.8131172e-01  5.4000000e+01]
 [-1.4105320e-02  8.9408252e-01  4.4763008e-01  1.7247000e+02]
 [ 9.8431072e-01  9.0639080e-02 -1.4976868e-01 -1.1649000e+03]
 [ 0.0000000e+00  0.0000000e+00  0.0000000e+00  1.0000000e+00]]
[+0085.29, +0001.99, -1069.01]
1319, 2201, 1024
[[-1.7513832e-01  4.3777488e-01 -8.8158324e-01  5.3890000e+01]
 [-1.4018880e-02  8.9447000e-01  4.4685884e-01  1.7253000e+02]
 [ 9.8419476e-01  9.0733160e-02 -1.5049168e-01 -1.1648800e+03]
 [ 0.0000000e+00  0.0000000e+00  0.0000000e+00  1.0000000e+00]]
[+0156.29, +0046.01, -1107.85]
1463, 2116, 963
[[-1.7550852e-01  4.3815438e-01 -8.8130978e-01  5.3940000e+01]
 [-1.3745420e-02  8.9428398e-01  4.4723742e-01  1.7252000e+02]
 [ 9.8412258e-01  9.0724780e-02 -1.5090354e-01 -1.1648900e+03]
 [ 0.0000000e+00  0.0000000e+00  0.0000000e+00  1.0000000e+00]]
[+0147.16, +0063.64, -1100.12]
1319, 2201, 1024
[[-1.7506618e-01  4.3779866e-01 -8.8157562e-01  5.3900000e+01]
 [-1.3744660e-02  8.9448524e-01  4.4683506e-01  1.7256000e+02]
 [ 9.8420238e-01  9.0458940e-02 -1.5054858e-01 -1.1648800e+03]
 [ 0.0000000e+00  0.0000000e+00  0.0000000e+00  1.0000000e+00]]
[+0156.20, +0045.15, -1108.11]
1370, 2232, 1104
[[-1.7559016e-01  4.3724720e-01 -8.8181360e-01  5.3850000e+01]
 [-1.3973600e-02  8.9472792e-01  4.4635408e-01  1.7252000e+02]
 [ 9.8416720e-01  9.0786080e-02 -1.5097408e-01 -1.1649000e+03]
 [ 0.0000000e+00  0.0000000e+00  0.0000000e+00  1.0000000e+00]]
[+0152.12, +0044.16, -1105.66]
1319, 2201, 1024
[[-1.7528272e-01  4.3817432e-01 -8.8149024e-01  5.3960000e+01]
 [-1.4120320e-02  8.9426870e-01  4.4728206e-01  1.7254000e+02]
 [ 9.8428776e-01  9.0905940e-02 -1.5054858e-01 -1.1648800e+03]
 [ 0.0000000e+00  0.0000000e+00  0.0000000e+00  1.0000000e+00]]
[+0155.04, +0045.42, -1106.48]
1523, 1934, 2146
[[-1.7640282e-01  4.3682590e-01 -8.8171206e-01  5.3790000e+01]
 [-1.4929500e-02  8.9479500e-01  4.4616250e-01  1.7236000e+02]
 [ 9.8387506e-01  9.2016300e-02 -1.5128682e-01 -1.1648700e+03]
 [ 0.0000000e+00  0.0000000e+00  0.0000000e+00  1.0000000e+00]]
[+0063.51, -0006.48, -1099.19]
1452, 1705, 2141
[[-1.7580658e-01  4.3732472e-01 -8.8180060e-01  5.3860000e+01]
 [-1.4647280e-02  8.9462502e-01  4.4655080e-01  1.7236000e+02]
 [ 9.8418020e-01  9.1483600e-02 -1.5086056e-01 -1.1648600e+03]
 [ 0.0000000e+00  0.0000000e+00  0.0000000e+00  1.0000000e+00]]
[+0047.76, -0010.14, -1103.27]
1523, 1934, 2146
[[-1.7655668e-01  4.3675302e-01 -8.8185774e-01  5.3780000e+01]
 [-1.4501820e-02  8.9488270e-01  4.4602554e-01  1.7236000e+02]
 [ 9.8397966e-01  9.1629060e-02 -1.5164162e-01 -1.1648600e+03]
 [ 0.0000000e+00  0.0000000e+00  0.0000000e+00  1.0000000e+00]]
[+0066.25, -0007.31, -1098.90]
1469, 1948, 2240
[[-1.7640282e-01  4.3630178e-01 -8.8215462e-01  5.3770000e+01]
 [-1.5598020e-02  8.9502108e-01  4.4571838e-01  1.7233000e+02]
 [ 9.8402882e-01  9.2460420e-02 -1.5106074e-01 -1.1648600e+03]
 [ 0.0000000e+00  0.0000000e+00  0.0000000e+00  1.0000000e+00]]
[+0066.34, -0015.22, -1107.20]
1523, 1934, 2146
[[-1.7617690e-01  4.3714404e-01 -8.8182062e-01  5.3820000e+01]
 [-1.5006120e-02  8.9466616e-01  4.4645724e-01  1.7237000e+02]
 [ 9.8411246e-01  9.1947480e-02 -1.5104530e-01 -1.1649100e+03]
 [ 0.0000000e+00  0.0000000e+00  0.0000000e+00  1.0000000e+00]]
[+0067.97, -0003.44, -1096.13]
1370, 1983, 2052
[[-1.7603250e-01  4.3734086e-01 -8.8176902e-01  5.3880000e+01]
 [-1.4308580e-02  8.9464046e-01  4.4653466e-01  1.7238000e+02]
 [ 9.8416406e-01  9.1273820e-02 -1.5121540e-01 -1.1648800e+03]
 [ 0.0000000e+00  0.0000000e+00  0.0000000e+00  1.0000000e+00]]
[+0084.54, -0011.97, -1098.06]
1523, 1934, 2146
[[-1.7573440e-01  4.3719952e-01 -8.8182896e-01  5.3830000e+01]
 [-1.4522080e-02  8.9469720e-01  4.4640176e-01  1.7239000e+02]
 [ 9.8415184e-01  9.1334560e-02 -1.5086056e-01 -1.1648800e+03]
 [ 0.0000000e+00  0.0000000e+00  0.0000000e+00  1.0000000e+00]]
[+0065.50, -0005.64, -1098.25]
2207, 1455, 1181
[[-1.7736970e-01  4.3778630e-01 -8.8124590e-01  5.3880000e+01]
 [-1.3930420e-02  8.9438246e-01  4.4705710e-01  1.7244000e+02]
 [ 9.8389894e-01  9.1636580e-02 -1.5252180e-01 -1.1648700e+03]
 [ 0.0000000e+00  0.0000000e+00  0.0000000e+00  1.0000000e+00]]
[+0067.69, +0116.19, -1109.54]
1174, 1088, 997
[[-1.7438032e-01  4.3952728e-01 -8.8095616e-01  5.4120000e+01]
 [-1.3913920e-02  8.9363718e-01  4.4854174e-01  1.7251000e+02]
 [ 9.8441576e-01  9.0548660e-02 -1.4969914e-01 -1.1648800e+03]
 [ 0.0000000e+00  0.0000000e+00  0.0000000e+00  1.0000000e+00]]
[+0068.01, +0054.63, -1051.59]
2207, 1455, 1181
[[-1.7736970e-01  4.3752414e-01 -8.8146728e-01  5.3850000e+01]
 [-1.4264820e-02  8.9449606e-01  4.4683536e-01  1.7242000e+02]
 [ 9.8397584e-01  9.1858320e-02 -1.5240820e-01 -1.1648700e+03]
 [ 0.0000000e+00  0.0000000e+00  0.0000000e+00  1.0000000e+00]]
[+0069.48, +0115.90, -1109.19]
2174, 1441, 1388
[[-1.7751426e-01  4.3770198e-01 -8.8111224e-01  5.3870000e+01]
 [-1.4442660e-02  8.9435150e-01  4.4707688e-01  1.7242000e+02]
 [ 9.8373432e-01  9.2213360e-02 -1.5240820e-01 -1.1648400e+03]
 [ 0.0000000e+00  0.0000000e+00  0.0000000e+00  1.0000000e+00]]
[+0055.90, +0102.87, -1101.14]
2207, 1455, 1181
[[-1.7758660e-01  4.3771406e-01 -8.8126918e-01  5.3880000e+01]
 [-1.4753020e-02  8.9433590e-01  4.4712934e-01  1.7245000e+02]
 [ 9.8387566e-01  9.2459180e-02 -1.5235146e-01 -1.1648800e+03]
 [ 0.0000000e+00  0.0000000e+00  0.0000000e+00  1.0000000e+00]]
[+0069.80, +0115.93, -1109.36]
2165, 1570, 1181
[[-1.7624916e-01  4.3824036e-01 -8.8124120e-01  5.3940000e+01]
 [-1.4015600e-02  8.9419644e-01  4.4742564e-01  1.7248000e+02]
 [ 9.8409564e-01  9.1277200e-02 -1.5144276e-01 -1.1648400e+03]
 [ 0.0000000e+00  0.0000000e+00  0.0000000e+00  1.0000000e+00]]
[+0079.13, +0111.48, -1104.10]
2207, 1455, 1181
[[-1.7736970e-01  4.3775018e-01 -8.8109676e-01  5.3890000e+01]
 [-1.3894300e-02  8.9438246e-01  4.4702868e-01  1.7245000e+02]
 [ 9.8374980e-01  9.1665000e-02 -1.5252180e-01 -1.1648600e+03]
 [ 0.0000000e+00  0.0000000e+00  0.0000000e+00  1.0000000e+00]]
[+0068.12, +0116.51, -1110.54]
1189, 1655, 1250
[[-1.7409104e-01  4.3850280e-01 -8.8151280e-01  5.4010000e+01]
 [-1.4080800e-02  8.9415478e-01  4.4750202e-01  1.7250000e+02]
 [ 9.8445480e-01  9.0397020e-02 -1.4947082e-01 -1.1649100e+03]
 [ 0.0000000e+00  0.0000000e+00  0.0000000e+00  1.0000000e+00]]
[+0108.23, +0025.01, -1066.52]
1592, 1465, 1126
[[-1.7558074e-01  4.3869050e-01 -8.8102392e-01  5.3990000e+01]
 [-1.3387420e-02  8.9404070e-01  4.4773344e-01  1.7248000e+02]
 [ 9.8411040e-01  9.0526800e-02 -1.5107460e-01 -1.1648600e+03]
 [ 0.0000000e+00  0.0000000e+00  0.0000000e+00  1.0000000e+00]]
[+0083.70, +0080.10, -1068.60]
1189, 1655, 1250
[[-1.7446116e-01  4.3847152e-01 -8.8149680e-01  5.4020000e+01]
 [-1.4290400e-02  8.9413950e-01  4.4753330e-01  1.7250000e+02]
 [ 9.8442352e-01  9.0735860e-02 -1.4971170e-01 -1.1648900e+03]
 [ 0.0000000e+00  0.0000000e+00  0.0000000e+00  1.0000000e+00]]
[+0107.84, +0024.76, -1066.41]
1281, 1582, 1663
[[-1.7542728e-01  4.3823960e-01 -8.8132048e-01  5.3960000e+01]
 [-1.4483600e-02  8.9418104e-01  4.4742640e-01  1.7244000e+02]
 [ 9.8415952e-01  9.1357600e-02 -1.5049168e-01 -1.1648600e+03]
 [ 0.0000000e+00  0.0000000e+00  0.0000000e+00  1.0000000e+00]]
[+0068.63, +0004.18, -1075.48]
1189, 1655, 1250
[[-1.7475906e-01  4.3872564e-01 -8.8125188e-01  5.4030000e+01]
 [-1.3891720e-02  8.9402550e-01  4.4776296e-01  1.7251000e+02]
 [ 9.8432316e-01  9.0578480e-02 -1.5012360e-01 -1.1648800e+03]
 [ 0.0000000e+00  0.0000000e+00  0.0000000e+00  1.0000000e+00]]
[+0107.39, +0024.76, -1066.25]
1035, 1342, 1229
[[-1.7386548e-01  4.3930796e-01 -8.8102940e-01  5.4100000e+01]
 [-1.3453960e-02  8.9379702e-01  4.4821270e-01  1.7254000e+02]
 [ 9.8438980e-01  8.9911900e-02 -1.4945850e-01 -1.1648700e+03]
 [ 0.0000000e+00  0.0000000e+00  0.0000000e+00  1.0000000e+00]]
[+0083.71, +0013.96, -1058.93]
1189, 1655, 1250
[[-1.7535498e-01  4.3841240e-01 -8.8127664e-01  5.4000000e+01]
 [-1.4060400e-02  8.9413950e-01  4.4752780e-01  1.7250000e+02]
 [ 9.8420336e-01  9.0958200e-02 -1.5060552e-01 -1.1648800e+03]
 [ 0.0000000e+00  0.0000000e+00  0.0000000e+00  1.0000000e+00]]
[+0107.86, +0024.40, -1066.32]
1470, 1501, 2009
[[-1.7699012e-01  4.3743150e-01 -8.8138962e-01  5.3860000e+01]
 [-1.5180300e-02  8.9444926e-01  4.4686350e-01  1.7237000e+02]
 [ 9.8385138e-01  9.2580300e-02 -1.5164162e-01 -1.1648600e+03]
 [ 0.0000000e+00  0.0000000e+00  0.0000000e+00  1.0000000e+00]]
[+0036.01, +0002.24, -1096.14]
1316, 1624, 2122
[[-1.7587880e-01  4.3756284e-01 -8.8158708e-01  5.3870000e+01]
 [-1.4587320e-02  8.9449606e-01  4.4679666e-01  1.7238000e+02]
 [ 9.8409564e-01  9.1535820e-02 -1.5091730e-01 -1.1648600e+03]
 [ 0.0000000e+00  0.0000000e+00  0.0000000e+00  1.0000000e+00]]
[+0049.04, -0019.97, -1108.18]
1470, 1501, 2009
[[-1.7624916e-01  4.3753120e-01 -8.8157096e-01  5.3900000e+01]
 [-1.4797040e-02  8.9448054e-01  4.4682830e-01  1.7237000e+02]
 [ 9.8406400e-01  9.1874540e-02 -1.5115866e-01 -1.1648800e+03]
 [ 0.0000000e+00  0.0000000e+00  0.0000000e+00  1.0000000e+00]]
[+0038.09, +0005.37, -1093.28]
1555, 1454, 2176
[[-1.7617690e-01  4.3729310e-01 -8.8178450e-01  5.3830000e+01]
 [-1.4857060e-02  8.9460950e-01  4.4658242e-01  1.7235000e+02]
 [ 9.8414858e-01  9.1822300e-02 -1.5110196e-01 -1.1648800e+03]
 [ 0.0000000e+00  0.0000000e+00  0.0000000e+00  1.0000000e+00]]
[+0024.57, +0002.36, -1110.16]
1470, 1501, 2009
[[-1.7528272e-01  4.3784020e-01 -8.8141348e-01  5.3930000e+01]
 [-1.4382200e-02  8.9438246e-01  4.4700320e-01  1.7241000e+02]
 [ 9.8406652e-01  9.1184800e-02 -1.5043482e-01 -1.1648800e+03]
 [ 0.0000000e+00  0.0000000e+00  0.0000000e+00  1.0000000e+00]]
[+0039.53, +0004.51, -1092.80]
1592, 1667, 1992
[[-1.7647504e-01  4.3754736e-01 -8.8153928e-01  5.3870000e+01]
 [-1.4458320e-02  8.9449606e-01  4.4681214e-01  1.7240000e+02]
 [ 9.8404784e-01  9.1664820e-02 -1.5151354e-01 -1.1648500e+03]
 [ 0.0000000e+00  0.0000000e+00  0.0000000e+00  1.0000000e+00]]
[+0050.22, +0014.59, -1086.73]
1470, 1501, 2009
[[-1.7572530e-01  4.3763580e-01 -8.8144130e-01  5.3900000e+01]
 [-1.5015080e-02  8.9440824e-01  4.4693340e-01  1.7239000e+02]
 [ 9.8399106e-01  9.1922920e-02 -1.5056250e-01 -1.1648700e+03]
 [ 0.0000000e+00  0.0000000e+00  0.0000000e+00  1.0000000e+00]]
[+0037.57, +0002.38, -1095.16]
849, 2040, 1082
[[-1.7416330e-01  4.3918764e-01 -8.8119082e-01  5.4090000e+01]
 [-1.3574280e-02  8.9385420e-01  4.4812356e-01  1.7259000e+02]
 [ 9.8447894e-01  9.0073320e-02 -1.4969914e-01 -1.1649000e+03]
 [ 0.0000000e+00  0.0000000e+00  0.0000000e+00  1.0000000e+00]]
[+0158.21, +0005.52, -1110.93]
1161, 1630, 1262
[[-1.7460580e-01  4.3838802e-01 -8.8136326e-01  5.4010000e+01]
 [-1.4802660e-02  8.9410870e-01  4.4755218e-01  1.7248000e+02]
 [ 9.8425918e-01  9.1312740e-02 -1.4959786e-01 -1.1649000e+03]
 [ 0.0000000e+00  0.0000000e+00  0.0000000e+00  1.0000000e+00]]
[+0103.90, +0021.50, -1065.74]
849, 2040, 1082
[[-1.7409104e-01  4.3880064e-01 -8.8144056e-01  5.4060000e+01]
 [-1.3782960e-02  8.9404070e-01  4.4775262e-01  1.7254000e+02]
 [ 9.8452704e-01  9.0146420e-02 -1.4958490e-01 -1.1648900e+03]
 [ 0.0000000e+00  0.0000000e+00  0.0000000e+00  1.0000000e+00]]
[+0158.57, +0005.51, -1111.27]
828, 2105, 1265
[[-1.7394664e-01  4.3843720e-01 -8.8168264e-01  5.4020000e+01]
 [-1.3717360e-02  8.9424216e-01  4.4735800e-01  1.7257000e+02]
 [ 9.8458280e-01  8.9945360e-02 -1.4952784e-01 -1.1648800e+03]
 [ 0.0000000e+00  0.0000000e+00  0.0000000e+00  1.0000000e+00]]
[+0152.39, -0006.01, -1118.06]
849, 2040, 1082
[[-1.7326996e-01  4.3891260e-01 -8.8133384e-01  5.4060000e+01]
 [-1.4066160e-02  8.9396844e-01  4.4785020e-01  1.7256000e+02]
 [ 9.8447740e-01  9.0129840e-02 -1.4869156e-01 -1.1649000e+03]
 [ 0.0000000e+00  0.0000000e+00  0.0000000e+00  1.0000000e+00]]
[+0156.26, +0004.30, -1110.58]
1084, 2204, 1049
[[-1.7499408e-01  4.3782244e-01 -8.8156804e-01  5.3890000e+01]
 [-1.3470440e-02  8.9450040e-01  4.4681128e-01  1.7255000e+02]
 [ 9.8420996e-01  9.0184720e-02 -1.5060552e-01 -1.1648600e+03]
 [ 0.0000000e+00  0.0000000e+00  0.0000000e+00  1.0000000e+00]]
[+0160.45, +0026.47, -1113.77]
849, 2040, 1082
[[-1.7342322e-01  4.3898822e-01 -8.8144406e-01  5.4110000e+01]
 [-1.3489180e-02  8.9399868e-01  4.4783926e-01  1.7257000e+02]
 [ 9.8461786e-01  8.9617540e-02 -1.4910354e-01 -1.1648800e+03]
 [ 0.0000000e+00  0.0000000e+00  0.0000000e+00  1.0000000e+00]]
[+0153.06, +0006.80, -1106.69]
1694, 2035, 2185
[[-1.7708106e-01  4.3646330e-01 -8.8187410e-01  5.3760000e+01]
 [-1.4397100e-02  8.9501142e-01  4.4576678e-01  1.7234000e+02]
 [ 9.8386730e-01  9.1733780e-02 -1.5218148e-01 -1.1648500e+03]
 [ 0.0000000e+00  0.0000000e+00  0.0000000e+00  1.0000000e+00]]
[+0065.37, +0003.98, -1096.64]
1770, 2150, 2134
[[-1.7685490e-01  4.3689440e-01 -8.8179770e-01  5.3760000e+01]
 [-1.4288320e-02  8.9482604e-01  4.4615840e-01  1.7241000e+02]
 [ 9.8399174e-01  9.1568320e-02 -1.5199650e-01 -1.1648600e+03]
 [ 0.0000000e+00  0.0000000e+00  0.0000000e+00  1.0000000e+00]]
[+0080.01, +0013.19, -1092.31]
1694, 2035, 2185
[[-1.7670100e-01  4.3659210e-01 -8.8205850e-01  5.3780000e+01]
 [-1.5235500e-02  8.9490812e-01  4.4597658e-01  1.7235000e+02]
 [ 9.8407710e-01  9.2274420e-02 -1.5147188e-01 -1.1648500e+03]
 [ 0.0000000e+00  0.0000000e+00  0.0000000e+00  1.0000000e+00]]
[+0064.94, +0003.54, -1096.60]
1950, 1856, 2165
[[-1.7707144e-01  4.3678628e-01 -8.8167192e-01  5.3780000e+01]
 [-1.5074920e-02  8.9477936e-01  4.4620212e-01  1.7235000e+02]
 [ 9.8381928e-01  9.2419320e-02 -1.5182664e-01 -1.1648600e+03]
 [ 0.0000000e+00  0.0000000e+00  0.0000000e+00  1.0000000e+00]]
[+0045.11, +0030.71, -1094.42]
1694, 2035, 2185
[[-1.7692704e-01  4.3672128e-01 -8.8184152e-01  5.3790000e+01]
 [-1.4711680e-02  8.9486718e-01  4.4605728e-01  1.7236000e+02]
 [ 9.8394792e-01  9.1967680e-02 -1.5188322e-01 -1.1648300e+03]
 [ 0.0000000e+00  0.0000000e+00  0.0000000e+00  1.0000000e+00]]
[+0069.63, +0000.41, -1096.86]
1547, 1885, 1622
[[-1.7498474e-01  4.3818198e-01 -8.8151400e-01  5.3970000e+01]
 [-1.4184900e-02  8.9426870e-01  4.4727440e-01  1.7250000e+02]
 [ 9.8431152e-01  9.0841360e-02 -1.5025060e-01 -1.1649000e+03]
 [ 0.0000000e+00  0.0000000e+00  0.0000000e+00  1.0000000e+00]]
[+0092.10, +0027.46, -1075.04]
1694, 2035, 2185
[[-1.7655668e-01  4.3645482e-01 -8.8192986e-01  5.3750000e+01]
 [-1.4800020e-02  8.9499590e-01  4.4577526e-01  1.7234000e+02]
 [ 9.8390754e-01  9.1879340e-02 -1.5152842e-01 -1.1648700e+03]
 [ 0.0000000e+00  0.0000000e+00  0.0000000e+00  1.0000000e+00]]
[+0069.36, +0001.10, -1096.68]
1325, 874, 2142
[[-1.7460580e-01  4.3838802e-01 -8.8136326e-01  5.4020000e+01]
 [-1.4802660e-02  8.9410870e-01  4.4755218e-01  1.7241000e+02]
 [ 9.8425918e-01  9.1312740e-02 -1.4959786e-01 -1.1648600e+03]
 [ 0.0000000e+00  0.0000000e+00  0.0000000e+00  1.0000000e+00]]
[-0000.78, +0002.08, -1141.86]
1456, 1677, 2125
[[-1.7647504e-01  4.3754736e-01 -8.8153928e-01  5.3870000e+01]
 [-1.4458320e-02  8.9449606e-01  4.4681214e-01  1.7239000e+02]
 [ 9.8404784e-01  9.1664820e-02 -1.5151354e-01 -1.1648400e+03]
 [ 0.0000000e+00  0.0000000e+00  0.0000000e+00  1.0000000e+00]]
[+0050.39, -0006.10, -1098.47]
1325, 874, 2142
[[-1.7468680e-01  4.3818964e-01 -8.8153772e-01  5.3990000e+01]
 [-1.4249480e-02  8.9426870e-01  4.4726674e-01  1.7239000e+02]
 [ 9.8433524e-01  9.0776780e-02 -1.4995266e-01 -1.1648600e+03]
 [ 0.0000000e+00  0.0000000e+00  0.0000000e+00  1.0000000e+00]]
[-0000.79, +0001.06, -1143.66]
763, 966, 2167
[[-1.7386548e-01  4.3863574e-01 -8.8150790e-01  5.4050000e+01]
 [-1.4270740e-02  8.9408252e-01  4.4764330e-01  1.7242000e+02]
 [ 9.8450690e-01  9.0481300e-02 -1.4917300e-01 -1.1648600e+03]
 [ 0.0000000e+00  0.0000000e+00  0.0000000e+00  1.0000000e+00]]
[+0027.20, -0037.85, -1157.21]
1325, 874, 2142
[[-1.7580658e-01  4.3844484e-01 -8.8121372e-01  5.3990000e+01]
 [-1.3382760e-02  8.9416998e-01  4.4749536e-01  1.7240000e+02]
 [ 9.8417092e-01  9.0539040e-02 -1.5131560e-01 -1.1648000e+03]
 [ 0.0000000e+00  0.0000000e+00  0.0000000e+00  1.0000000e+00]]
[-0000.86, +0002.35, -1141.39]
1293, 865, 1468
[[-1.7408250e-01  4.3908820e-01 -8.8108840e-01  5.4090000e+01]
 [-1.4425400e-02  8.9380848e-01  4.4815828e-01  1.7246000e+02]
 [ 9.8433080e-01  9.0859720e-02 -1.4923002e-01 -1.1648700e+03]
 [ 0.0000000e+00  0.0000000e+00  0.0000000e+00  1.0000000e+00]]
[+0010.28, +0035.62, -1083.77]
1325, 874, 2142
[[-1.7549962e-01  4.3795398e-01 -8.8154958e-01  5.3920000e+01]
 [-1.5091980e-02  8.9427916e-01  4.4722818e-01  1.7234000e+02]
 [ 9.8422842e-01  9.1853820e-02 -1.5032122e-01 -1.1648400e+03]
 [ 0.0000000e+00  0.0000000e+00  0.0000000e+00  1.0000000e+00]]
[-0001.82, +0001.46, -1145.23]
776, 2047, 1592
[[-1.7356770e-01  4.3864338e-01 -8.8153146e-01  5.4060000e+01]
 [-1.4335380e-02  8.9408252e-01  4.4763566e-01  1.7256000e+02]
 [ 9.8453046e-01  9.0416660e-02 -1.4887522e-01 -1.1649300e+03]
 [ 0.0000000e+00  0.0000000e+00  0.0000000e+00  1.0000000e+00]]
[+0130.92, -0027.05, -1123.03]
866, 2081, 1751
[[-1.7529210e-01  4.3725484e-01 -8.8183742e-01  5.3880000e+01]
 [-1.4038040e-02  8.9472792e-01  4.4634644e-01  1.7245000e+02]
 [ 9.8419102e-01  9.0721640e-02 -1.5067602e-01 -1.1648700e+03]
 [ 0.0000000e+00  0.0000000e+00  0.0000000e+00  1.0000000e+00]]
[+0121.81, -0028.34, -1123.08]
776, 2047, 1592
[[-1.7342322e-01  4.3883934e-01 -8.8148016e-01  5.4080000e+01]
 [-1.3638060e-02  8.9405582e-01  4.4771392e-01  1.7254000e+02]
 [ 9.8458176e-01  8.9742880e-02 -1.4904640e-01 -1.1648700e+03]
 [ 0.0000000e+00  0.0000000e+00  0.0000000e+00  1.0000000e+00]]
[+0129.81, -0026.29, -1121.89]
932, 2234, 1462
[[-1.7499408e-01  4.3756048e-01 -8.8178912e-01  5.3880000e+01]
 [-1.3804480e-02  8.9461424e-01  4.4658928e-01  1.7253000e+02]
 [ 9.8428688e-01  9.0406720e-02 -1.5049168e-01 -1.1648800e+03]
 [ 0.0000000e+00  0.0000000e+00  0.0000000e+00  1.0000000e+00]]
[+0143.74, -0007.05, -1119.98]
776, 2047, 1592
[[-1.7401882e-01  4.3867534e-01 -8.8146910e-01  5.4060000e+01]
 [-1.3657660e-02  8.9411292e-01  4.4760370e-01  1.7251000e+02]
 [ 9.8449850e-01  8.9997500e-02 -1.4958490e-01 -1.1648800e+03]
 [ 0.0000000e+00  0.0000000e+00  0.0000000e+00  1.0000000e+00]]
[+0127.57, -0026.67, -1120.87]
1495, 1277, 1349
[[-1.7416330e-01  4.3874088e-01 -8.8129924e-01  5.4030000e+01]
 [-1.4021040e-02  8.9402550e-01  4.4774772e-01  1.7248000e+02]
 [ 9.8437052e-01  9.0449160e-02 -1.4952784e-01 -1.1648900e+03]
 [ 0.0000000e+00  0.0000000e+00  0.0000000e+00  1.0000000e+00]]
[+0052.33, +0057.71, -1066.52]
776, 2047, 1592
[[-1.737210e-01  4.383851e-01 -8.815649e-01  5.402000e+01]
 [-1.402010e-02  8.942270e-01  4.473455e-01  1.725200e+02]
 [ 9.844499e-01  9.018350e-02 -1.491730e-01 -1.164900e+03]
 [ 0.000000e+00  0.000000e+00  0.000000e+00  1.000000e+00]]
[+0131.76, -0027.38, -1123.38]
893, 1970, 872
[[-1.7386548e-01  4.3904630e-01 -8.8125058e-01  5.4060000e+01]
 [-1.3787900e-02  8.9391134e-01  4.4799070e-01  1.7255000e+02]
 [ 9.8446642e-01  9.0133900e-02 -1.4934418e-01 -1.1648900e+03]
 [ 0.0000000e+00  0.0000000e+00  0.0000000e+00  1.0000000e+00]]
[+0160.77, +0023.51, -1103.08]
1253, 1785, 756
[[-1.7430794e-01  4.3914036e-01 -8.8120602e-01  5.4070000e+01]
 [-1.4122680e-02  8.9382380e-01  4.4817084e-01  1.7256000e+02]
 [ 9.8446374e-01  9.0621720e-02 -1.4958490e-01 -1.1648700e+03]
 [ 0.0000000e+00  0.0000000e+00  0.0000000e+00  1.0000000e+00]]
[+0145.31, +0067.63, -1085.63]
893, 1970, 872
[[-1.7349544e-01  4.3866692e-01 -8.8152384e-01  5.4070000e+01]
 [-1.4061160e-02  8.9409776e-01  4.4761212e-01  1.7255000e+02]
 [ 9.8453808e-01  9.0142440e-02 -1.4893224e-01 -1.1649000e+03]
 [ 0.0000000e+00  0.0000000e+00  0.0000000e+00  1.0000000e+00]]
[+0163.77, +0023.83, -1104.82]
987, 2131, 909
[[-1.7498474e-01  4.3803300e-01 -8.8155012e-01  5.3940000e+01]
 [-1.4333880e-02  8.9432560e-01  4.4714916e-01  1.7255000e+02]
 [ 9.8427540e-01  9.0966600e-02 -1.5019370e-01 -1.1648900e+03]
 [ 0.0000000e+00  0.0000000e+00  0.0000000e+00  1.0000000e+00]]
[+0165.49, +0028.49, -1115.36]
893, 1970, 872
[[-1.7423560e-01  4.3942568e-01 -8.8097716e-01  5.4110000e+01]
 [-1.3514480e-02  8.9372472e-01  4.4836916e-01  1.7258000e+02]
 [ 9.8439476e-01  9.0125560e-02 -1.4975632e-01 -1.1648500e+03]
 [ 0.0000000e+00  0.0000000e+00  0.0000000e+00  1.0000000e+00]]
[+0158.85, +0023.52, -1101.32]
1001, 1741, 1576
[[-1.7446116e-01  4.3817364e-01 -8.8156908e-01  5.3990000e+01]
 [-1.4588280e-02  8.9425334e-01  4.4728274e-01  1.7243000e+02]
 [ 9.8435124e-01  9.0986420e-02 -1.4959786e-01 -1.1649000e+03]
 [ 0.0000000e+00  0.0000000e+00  0.0000000e+00  1.0000000e+00]]
[+0098.55, -0016.34, -1086.66]
893, 1970, 872
[[-1.7416330e-01  4.3930042e-01 -8.8100576e-01  5.4100000e+01]
 [-1.3389220e-02  8.9379702e-01  4.4822024e-01  1.7262000e+02]
 [ 9.8436616e-01  8.9976640e-02 -1.4975632e-01 -1.1648600e+03]
 [ 0.0000000e+00  0.0000000e+00  0.0000000e+00  1.0000000e+00]]
[+0164.45, +0023.54, -1105.29]
2131, 1648, 1268
[[-1.7707144e-01  4.3738276e-01 -8.8152744e-01  5.3850000e+01]
 [-1.4478440e-02  8.9455280e-01  4.4670252e-01  1.7243000e+02]
 [ 9.8396376e-01  9.1918920e-02 -1.5205320e-01 -1.1648600e+03]
 [ 0.0000000e+00  0.0000000e+00  0.0000000e+00  1.0000000e+00]]
[+0077.15, +0106.10, -1098.53]
2096, 1742, 1288
[[-1.7640282e-01  4.3757130e-01 -8.8153156e-01  5.3880000e+01]
 [-1.4184100e-02  8.9451150e-01  4.4678820e-01  1.7242000e+02]
 [ 9.8405556e-01  9.1390600e-02 -1.5157032e-01 -1.1648300e+03]
 [ 0.0000000e+00  0.0000000e+00  0.0000000e+00  1.0000000e+00]]
[+0085.46, +0100.18, -1094.32]
2131, 1648, 1268
[[-1.7714370e-01  4.3762084e-01 -8.8131382e-01  5.3860000e+01]
 [-1.4418280e-02  8.9442380e-01  4.4694836e-01  1.7244000e+02]
 [ 9.8387914e-01  9.1971320e-02 -1.5210994e-01 -1.1648500e+03]
 [ 0.0000000e+00  0.0000000e+00  0.0000000e+00  1.0000000e+00]]
[+0076.95, +0106.64, -1099.05]
1194, 1292, 1337
[[-1.7453346e-01  4.3870958e-01 -8.8128322e-01  5.4040000e+01]
 [-1.4230580e-02  8.9401022e-01  4.4777902e-01  1.7248000e+02]
 [ 9.8433922e-01  9.0788020e-02 -1.4976868e-01 -1.1648700e+03]
 [ 0.0000000e+00  0.0000000e+00  0.0000000e+00  1.0000000e+00]]
[+0063.96, +0024.39, -1060.60]
2131, 1648, 1268
[[-1.7714370e-01  4.3762084e-01 -8.8131382e-01  5.3850000e+01]
 [-1.4418280e-02  8.9442380e-01  4.4694836e-01  1.7244000e+02]
 [ 9.8387914e-01  9.1971320e-02 -1.5210994e-01 -1.1648700e+03]
 [ 0.0000000e+00  0.0000000e+00  0.0000000e+00  1.0000000e+00]]
[+0078.42, +0106.05, -1098.26]
2087, 1700, 951
[[-1.7595106e-01  4.3821190e-01 -8.8111606e-01  5.3940000e+01]
 [-1.4044060e-02  8.9419644e-01  4.4738950e-01  1.7249000e+02]
 [ 9.8397050e-01  9.1241060e-02 -1.5114466e-01 -1.1648400e+03]
 [ 0.0000000e+00  0.0000000e+00  0.0000000e+00  1.0000000e+00]]
[+0102.46, +0115.23, -1110.03]
2131, 1648, 1268
[[-1.7677322e-01  4.3765260e-01 -8.8133010e-01  5.3870000e+01]
 [-1.4208600e-02  8.9443928e-01  4.4691660e-01  1.7243000e+02]
 [ 9.8391090e-01  9.1632600e-02 -1.5186850e-01 -1.1648400e+03]
 [ 0.0000000e+00  0.0000000e+00  0.0000000e+00  1.0000000e+00]]
[+0077.91, +0105.72, -1098.65]
2062, 2022, 923
[[-1.7685490e-01  4.3719264e-01 -8.8172558e-01  5.3830000e+01]
 [-1.3990080e-02  8.9471260e-01  4.4640864e-01  1.7263000e+02]
 [ 9.8406386e-01  9.1318080e-02 -1.5210994e-01 -1.1648000e+03]
 [ 0.0000000e+00  0.0000000e+00  0.0000000e+00  1.0000000e+00]]
[+0123.79, +0102.15, -1113.04]
2112, 1546, 1673
[[-1.7685490e-01  4.3715658e-01 -8.8157646e-01  5.3850000e+01]
 [-1.3954020e-02  8.9471260e-01  4.4638026e-01  1.7239000e+02]
 [ 9.8391474e-01  9.1346460e-02 -1.5210994e-01 -1.1647600e+03]
 [ 0.0000000e+00  0.0000000e+00  0.0000000e+00  1.0000000e+00]]
[+0042.79, +0079.37, -1094.32]
2062, 2022, 923
[[-1.7678280e-01  4.3706752e-01 -8.8175396e-01  5.3750000e+01]
 [-1.3864960e-02  8.9478470e-01  4.4625952e-01  1.7263000e+02]
 [ 9.8403548e-01  9.1168960e-02 -1.5210994e-01 -1.1649000e+03]
 [ 0.0000000e+00  0.0000000e+00  0.0000000e+00  1.0000000e+00]]
[+0122.79, +0102.72, -1113.27]
2138, 1802, 779
[[-1.7833698e-01  4.3785206e-01 -8.8099586e-01  5.3820000e+01]
 [-1.3825660e-02  8.9431020e-01  4.4720098e-01  1.7255000e+02]
 [ 9.8370574e-01  9.2007820e-02 -1.5341682e-01 -1.1649200e+03]
 [ 0.0000000e+00  0.0000000e+00  0.0000000e+00  1.0000000e+00]]
[+0113.38, +0117.61, -1122.32]
2062, 2022, 923
[[-1.7716330e-01  4.3641462e-01 -8.8201214e-01  5.3670000e+01]
 [-1.3695180e-02  8.9511420e-01  4.4560554e-01  1.7259000e+02]
 [ 9.8397946e-01  9.1072140e-02 -1.5259306e-01 -1.1649000e+03]
 [ 0.0000000e+00  0.0000000e+00  0.0000000e+00  1.0000000e+00]]
[+0123.57, +0102.01, -1113.67]
798, 1672, 785
[[-1.7252162e-01  4.4034042e-01 -8.8090890e-01  5.4180000e+01]
 [-1.3284420e-02  8.9336588e-01  4.4909950e-01  1.7265000e+02]
 [ 9.8474550e-01  8.9258900e-02 -1.4825650e-01 -1.1649300e+03]
 [ 0.0000000e+00  0.0000000e+00  0.0000000e+00  1.0000000e+00]]
[+0151.84, +0022.52, -1081.92]
2062, 2022, 923
[[-1.7746164e-01  4.3595944e-01 -8.8209600e-01  5.3660000e+01]
 [-1.4078400e-02  8.9528406e-01  4.4523794e-01  1.7252000e+02]
 [ 9.8384744e-01  9.1511700e-02 -1.5272154e-01 -1.1648600e+03]
 [ 0.0000000e+00  0.0000000e+00  0.0000000e+00  1.0000000e+00]]
[+0124.26, +0101.86, -1113.09]
927, 1169, 1650
[[-1.7386548e-01  4.3919520e-01 -8.8121444e-01  5.4120000e+01]
 [-1.3639000e-02  8.9385420e-01  4.4811600e-01  1.7246000e+02]
 [ 9.8450256e-01  9.0008600e-02 -1.4940132e-01 -1.1648600e+03]
 [ 0.0000000e+00  0.0000000e+00  0.0000000e+00  1.0000000e+00]]
[+0044.76, -0024.19, -1090.20]
2033, 1192, 1438
[[-1.7595106e-01  4.3854612e-01 -8.8119282e-01  5.3980000e+01]
 [-1.3782120e-02  8.9408252e-01  4.4766828e-01  1.7242000e+02]
 [ 9.8419182e-01  9.0962280e-02 -1.5125858e-01 -1.1648600e+03]
 [ 0.0000000e+00  0.0000000e+00  0.0000000e+00  1.0000000e+00]]
[+0032.95, +0098.93, -1104.01]
927, 1169, 1650
[[-1.7423560e-01  4.3931292e-01 -8.8116224e-01  5.4140000e+01]
 [-1.3699560e-02  8.9378190e-01  4.4827248e-01  1.7242000e+02]
 [ 9.8450752e-01  9.0222240e-02 -1.4969914e-01 -1.1648700e+03]
 [ 0.0000000e+00  0.0000000e+00  0.0000000e+00  1.0000000e+00]]
[+0045.07, -0024.05, -1089.98]
1002, 1735, 2107
[[-1.7498474e-01  4.3732422e-01 -8.8187970e-01  5.3910000e+01]
 [-1.5114900e-02  8.9460950e-01  4.4655130e-01  1.7233000e+02]
 [ 9.8424378e-01  9.1564460e-02 -1.4990980e-01 -1.1648700e+03]
 [ 0.0000000e+00  0.0000000e+00  0.0000000e+00  1.0000000e+00]]
[+0072.29, -0038.62, -1125.12]
927, 1169, 1650
[[-1.7371234e-01  4.3967880e-01 -8.8081074e-01  5.4170000e+01]
 [-1.3584240e-02  8.9359516e-01  4.4859960e-01  1.7248000e+02]
 [ 9.8435790e-01  9.0048240e-02 -1.4921794e-01 -1.1648600e+03]
 [ 0.0000000e+00  0.0000000e+00  0.0000000e+00  1.0000000e+00]]
[+0046.87, -0021.02, -1086.89]
909, 1237, 1567
[[-1.7386548e-01  4.3975466e-01 -8.8092098e-01  5.4150000e+01]
 [-1.3007260e-02  8.9362524e-01  4.4858854e-01  1.7247000e+02]
 [ 9.8449822e-01  8.9536060e-02 -1.4963028e-01 -1.1648500e+03]
 [ 0.0000000e+00  0.0000000e+00  0.0000000e+00  1.0000000e+00]]
[+0059.35, -0020.13, -1080.50]
927, 1169, 1650
[[-1.7438032e-01  4.3911672e-01 -8.8121368e-01  5.4110000e+01]
 [-1.4396880e-02  8.9380848e-01  4.4819448e-01  1.7242000e+02]
 [ 9.8445608e-01  9.0895920e-02 -1.4952784e-01 -1.1648800e+03]
 [ 0.0000000e+00  0.0000000e+00  0.0000000e+00  1.0000000e+00]]
[+0045.63, -0025.80, -1091.07]
989, 1485, 1654
[[-1.7446116e-01  4.3888220e-01 -8.8123944e-01  5.4040000e+01]
 [-1.3807440e-02  8.9396844e-01  4.4788060e-01  1.7242000e+02]
 [ 9.8438300e-01  9.0388560e-02 -1.4988276e-01 -1.1648600e+03]
 [ 0.0000000e+00  0.0000000e+00  0.0000000e+00  1.0000000e+00]]
[+0072.51, -0022.24, -1086.25]
1542, 1779, 1808
[[-1.7632146e-01  4.3806738e-01 -8.8128506e-01  5.3930000e+01]
 [-1.4438860e-02  8.9423790e-01  4.4732442e-01  1.7239000e+02]
 [ 9.8405178e-01  9.1676540e-02 -1.5132900e-01 -1.1648500e+03]
 [ 0.0000000e+00  0.0000000e+00  0.0000000e+00  1.0000000e+00]]
[+0071.16, +0018.85, -1078.00]
989, 1485, 1654
[[-1.7326996e-01  4.3950804e-01 -8.8118928e-01  5.4120000e+01]
 [-1.3470720e-02  8.9373980e-01  4.4835156e-01  1.7247000e+02]
 [ 9.8462196e-01  8.9628480e-02 -1.4892020e-01 -1.1649000e+03]
 [ 0.0000000e+00  0.0000000e+00  0.0000000e+00  1.0000000e+00]]
[+0074.01, -0020.50, -1084.85]
1003, 1344, 1870
[[-1.7438890e-01  4.3845906e-01 -8.8134022e-01  5.4020000e+01]
 [-1.3980060e-02  8.9415478e-01  4.4748114e-01  1.7238000e+02]
 [ 9.8428222e-01  9.0490140e-02 -1.4976868e-01 -1.1648500e+03]
 [ 0.0000000e+00  0.0000000e+00  0.0000000e+00  1.0000000e+00]]
[+0047.65, -0029.70, -1104.45]
989, 1485, 1654
[[-1.7342322e-01  4.3924988e-01 -8.8122298e-01  5.4100000e+01]
 [-1.3155320e-02  8.9388428e-01  4.4806132e-01  1.7246000e+02]
 [ 9.8454118e-01  8.9395480e-02 -1.4921794e-01 -1.1649000e+03]
 [ 0.0000000e+00  0.0000000e+00  0.0000000e+00  1.0000000e+00]]
[+0075.75, -0020.73, -1084.82]
1332, 1013, 1324
[[-1.7438032e-01  4.3952728e-01 -8.8095616e-01  5.4150000e+01]
 [-1.3913920e-02  8.9363718e-01  4.4854174e-01  1.7246000e+02]
 [ 9.8441576e-01  9.0548660e-02 -1.4969914e-01 -1.1648600e+03]
 [ 0.0000000e+00  0.0000000e+00  0.0000000e+00  1.0000000e+00]]
[+0031.25, +0047.77, -1068.53]
989, 1485, 1654
[[-1.7386548e-01  4.3915906e-01 -8.8106554e-01  5.4100000e+01]
 [-1.3602860e-02  8.9385420e-01  4.4808742e-01  1.7244000e+02]
 [ 9.8435366e-01  9.0037180e-02 -1.4940132e-01 -1.1648700e+03]
 [ 0.0000000e+00  0.0000000e+00  0.0000000e+00  1.0000000e+00]]
[+0072.84, -0023.17, -1086.66]
2186, 987, 1634
[[-1.7721600e-01  4.3800800e-01 -8.8106400e-01  5.3920000e+01]
 [-1.4208960e-02  8.9423790e-01  4.4731922e-01  1.7234000e+02]
 [ 9.8383072e-01  9.1898700e-02 -1.5222354e-01 -1.1648200e+03]
 [ 0.0000000e+00  0.0000000e+00  0.0000000e+00  1.0000000e+00]]
[+0012.85, +0092.29, -1129.73]
1848, 1601, 1978
[[-1.7565300e-01  4.3769578e-01 -8.8158254e-01  5.3930000e+01]
 [-1.4777020e-02  8.9442380e-01  4.4693794e-01  1.7236000e+02]
 [ 9.8414786e-01  9.1620340e-02 -1.5061924e-01 -1.1648600e+03]
 [ 0.0000000e+00  0.0000000e+00  0.0000000e+00  1.0000000e+00]]
[+0040.23, +0028.18, -1090.35]
2186, 987, 1634
[[-1.7706250e-01  4.3826590e-01 -8.8103120e-01  5.3940000e+01]
 [-1.4523700e-02  8.9409318e-01  4.4760968e-01  1.7235000e+02]
 [ 9.8391160e-01  9.2132320e-02 -1.5192532e-01 -1.1648500e+03]
 [ 0.0000000e+00  0.0000000e+00  0.0000000e+00  1.0000000e+00]]
[+0013.24, +0092.76, -1129.77]
2123, 923, 1685
[[-1.7624050e-01  4.3826534e-01 -8.8111088e-01  5.3980000e+01]
 [-1.4991740e-02  8.9407758e-01  4.4761024e-01  1.7235000e+02]
 [ 9.8397568e-01  9.2212640e-02 -1.5097408e-01 -1.1648200e+03]
 [ 0.0000000e+00  0.0000000e+00  0.0000000e+00  1.0000000e+00]]
[+0006.67, +0085.08, -1132.63]
2186, 987, 1634
[[-1.7690920e-01  4.3822572e-01 -8.8107084e-01  5.3950000e+01]
 [-1.5136680e-02  8.9406190e-01  4.4764986e-01  1.7236000e+02]
 [ 9.8391996e-01  9.2616060e-02 -1.5151354e-01 -1.1648700e+03]
 [ 0.0000000e+00  0.0000000e+00  0.0000000e+00  1.0000000e+00]]
[+0014.49, +0092.70, -1128.02]
2073, 996, 1507
[[-1.7587002e-01  4.3889310e-01 -8.8098216e-01  5.4050000e+01]
 [-1.4186100e-02  8.9386550e-01  4.4807920e-01  1.7241000e+02]
 [ 9.8415216e-01  9.1373200e-02 -1.5096052e-01 -1.1648400e+03]
 [ 0.0000000e+00  0.0000000e+00  0.0000000e+00  1.0000000e+00]]
[+0019.06, +0093.51, -1116.52]
2186, 987, 1634
[[-1.7795728e-01  4.3779508e-01 -8.8106756e-01  5.3880000e+01]
 [-1.4777320e-02  8.9426352e-01  4.4725796e-01  1.7230000e+02]
 [ 9.8373076e-01  9.2701240e-02 -1.5264976e-01 -1.1648200e+03]
 [ 0.0000000e+00  0.0000000e+00  0.0000000e+00  1.0000000e+00]]
[+0013.10, +0091.45, -1128.65]
900, 1766, 756
[[-1.7296404e-01  4.4054744e-01 -8.8067924e-01  5.4240000e+01]
 [-1.3434040e-02  8.9322108e-01  4.4937592e-01  1.7259000e+02]
 [ 9.8463064e-01  8.9650120e-02 -1.4855412e-01 -1.1648800e+03]
 [ 0.0000000e+00  0.0000000e+00  0.0000000e+00  1.0000000e+00]]
[+0159.63, +0034.25, -1089.15]
1239, 1482, 1997
[[-1.7512930e-01  4.3824732e-01 -8.8134426e-01  5.3980000e+01]
 [-1.4548200e-02  8.9418104e-01  4.4741868e-01  1.7235000e+02]
 [ 9.8418330e-01  9.1293000e-02 -1.5019370e-01 -1.1648500e+03]
 [ 0.0000000e+00  0.0000000e+00  0.0000000e+00  1.0000000e+00]]
[+0044.26, -0017.68, -1102.17]
900, 1766, 756
[[-1.7259400e-01  4.4031700e-01 -8.8091640e-01  5.4250000e+01]
 [-1.3558600e-02  8.9335088e-01  4.4912292e-01  1.7258000e+02]
 [ 9.8473800e-01  8.9533080e-02 -1.4819912e-01 -1.1648700e+03]
 [ 0.0000000e+00  0.0000000e+00  0.0000000e+00  1.0000000e+00]]
[+0159.33, +0033.51, -1088.93]
776, 1753, 786
[[-1.7304456e-01  4.4020012e-01 -8.8089068e-01  5.4250000e+01]
 [-1.3029320e-02  8.9343822e-01  4.4896562e-01  1.7258000e+02]
 [ 9.8466988e-01  8.9239820e-02 -1.4885178e-01 -1.1648600e+03]
 [ 0.0000000e+00  0.0000000e+00  0.0000000e+00  1.0000000e+00]]
[+0160.35, +0019.99, -1092.43]
900, 1766, 756
[[-1.7341460e-01  4.3983522e-01 -8.8079814e-01  5.4190000e+01]
 [-1.3500180e-02  8.9353790e-01  4.4871734e-01  1.7254000e+02]
 [ 9.8441766e-01  8.9858140e-02 -1.4897746e-01 -1.1648600e+03]
 [ 0.0000000e+00  0.0000000e+00  0.0000000e+00  1.0000000e+00]]
[+0159.62, +0033.67, -1089.40]
878, 2246, 871
[[-1.7417236e-01  4.3826828e-01 -8.8153860e-01  5.3990000e+01]
 [-1.3491400e-02  8.9431430e-01  4.4718810e-01  1.7255000e+02]
 [ 9.8438172e-01  8.9889540e-02 -1.4982570e-01 -1.1648900e+03]
 [ 0.0000000e+00  0.0000000e+00  0.0000000e+00  1.0000000e+00]]
[+0168.75, +0024.41, -1130.79]
900, 1766, 756
[[-1.7311690e-01  4.4017662e-01 -8.8089816e-01  5.4220000e+01]
 [-1.3303500e-02  8.9342326e-01  4.4898912e-01  1.7256000e+02]
 [ 9.8466240e-01  8.9514000e-02 -1.4879440e-01 -1.1648700e+03]
 [ 0.0000000e+00  0.0000000e+00  0.0000000e+00  1.0000000e+00]]
[+0156.17, +0032.71, -1087.46]
1586, 759, 1539
[[-1.7504850e-01  4.3915416e-01 -8.8083988e-01  5.4110000e+01]
 [-1.4320240e-02  8.9373606e-01  4.4830176e-01  1.7240000e+02]
 [ 9.8413932e-01  9.1231360e-02 -1.5012360e-01 -1.1648500e+03]
 [ 0.0000000e+00  0.0000000e+00  0.0000000e+00  1.0000000e+00]]
[-0005.31, +0061.10, -1110.78]
1322, 1177, 2207
[[-1.7535498e-01  4.3800154e-01 -8.8153406e-01  5.3990000e+01]
 [-1.4543540e-02  8.9431020e-01  4.4718062e-01  1.7233000e+02]
 [ 9.8424394e-01  9.1305380e-02 -1.5043482e-01 -1.1648300e+03]
 [ 0.0000000e+00  0.0000000e+00  0.0000000e+00  1.0000000e+00]]
[+0016.03, -0011.77, -1129.20]
1586, 759, 1539
[[-1.7527402e-01  4.3917026e-01 -8.8080842e-01  5.4130000e+01]
 [-1.3981340e-02  8.9375142e-01  4.4828566e-01  1.7239000e+02]
 [ 9.8412322e-01  9.1021940e-02 -1.5047860e-01 -1.1648200e+03]
 [ 0.0000000e+00  0.0000000e+00  0.0000000e+00  1.0000000e+00]]
[-0003.48, +0062.97, -1109.08]
1099, 808, 1316
[[-1.7355940e-01  4.4008582e-01 -8.8074086e-01  5.4220000e+01]
 [-1.3750780e-02  8.9339310e-01  4.4901506e-01  1.7246000e+02]
 [ 9.8447494e-01  9.0155860e-02 -1.4897746e-01 -1.1648600e+03]
 [ 0.0000000e+00  0.0000000e+00  0.0000000e+00  1.0000000e+00]]
[+0017.23, +0027.26, -1072.36]
1586, 759, 1539
[[-1.7497608e-01  4.3917792e-01 -8.8083220e-01  5.4100000e+01]
 [-1.4046080e-02  8.9375142e-01  4.4827800e-01  1.7239000e+02]
 [ 9.8414700e-01  9.0957200e-02 -1.5018066e-01 -1.1648400e+03]
 [ 0.0000000e+00  0.0000000e+00  0.0000000e+00  1.0000000e+00]]
[-0005.45, +0060.96, -1110.98]
1922, 1783, 1030
[[-1.7654730e-01  4.3849470e-01 -8.8099590e-01  5.3970000e+01]
 [-1.3616700e-02  8.9408252e-01  4.4765506e-01  1.7244000e+02]
 [ 9.8399490e-01  9.1120060e-02 -1.5185482e-01 -1.1648400e+03]
 [ 0.0000000e+00  0.0000000e+00  0.0000000e+00  1.0000000e+00]]
[+0109.70, +0103.03, -1096.78]
1586, 759, 1539
[[-1.7482306e-01  4.3958496e-01 -8.8076262e-01  5.4130000e+01]
 [-1.4212320e-02  8.9354944e-01  4.4869344e-01  1.7240000e+02]
 [ 9.8426406e-01  9.1065120e-02 -1.4993986e-01 -1.1648200e+03]
 [ 0.0000000e+00  0.0000000e+00  0.0000000e+00  1.0000000e+00]]
[-0004.00, +0058.68, -1109.72]
1305, 1695, 2101
[[-1.7513832e-01  4.3777488e-01 -8.8158324e-01  5.3940000e+01]
 [-1.4018880e-02  8.9447000e-01  4.4685884e-01  1.7235000e+02]
 [ 9.8419476e-01  9.0733160e-02 -1.5049168e-01 -1.1648300e+03]
 [ 0.0000000e+00  0.0000000e+00  0.0000000e+00  1.0000000e+00]]
[+0056.78, -0021.27, -1106.32]
1114, 1887, 1789
[[-1.7385714e-01  4.3866188e-01 -8.8137724e-01  5.4080000e+01]
 [-1.5247160e-02  8.9396390e-01  4.4782672e-01  1.7245000e+02]
 [ 9.8438692e-01  9.1416640e-02 -1.4870440e-01 -1.1649200e+03]
 [ 0.0000000e+00  0.0000000e+00  0.0000000e+00  1.0000000e+00]]
[+0099.57, -0018.35, -1095.85]
1305, 1695, 2101
[[-1.7543634e-01  4.3791626e-01 -8.8152336e-01  5.3950000e+01]
 [-1.3805340e-02  8.9441310e-01  4.4699168e-01  1.7236000e+02]
 [ 9.8420704e-01  9.0672480e-02 -1.5084660e-01 -1.1648200e+03]
 [ 0.0000000e+00  0.0000000e+00  0.0000000e+00  1.0000000e+00]]
[+0054.72, -0019.69, -1106.15]
1602, 1232, 1633
[[-1.7498474e-01  4.3889076e-01 -8.8118442e-01  5.4060000e+01]
 [-1.3403880e-02  8.9398360e-01  4.4787204e-01  1.7240000e+02]
 [ 9.8434314e-01  9.0243720e-02 -1.5053570e-01 -1.1648600e+03]
 [ 0.0000000e+00  0.0000000e+00  0.0000000e+00  1.0000000e+00]]
[+0028.33, +0048.78, -1081.57]
1305, 1695, 2101
[[-1.7490370e-01  4.3796958e-01 -8.8159706e-01  5.3970000e+01]
 [-1.5221100e-02  8.9427916e-01  4.4721258e-01  1.7238000e+02]
 [ 9.8427590e-01  9.1724700e-02 -1.4972530e-01 -1.1648600e+03]
 [ 0.0000000e+00  0.0000000e+00  0.0000000e+00  1.0000000e+00]]
[+0056.78, -0021.23, -1106.36]
1800, 2078, 2036
[[-1.7640282e-01  4.3730924e-01 -8.8175284e-01  5.3880000e+01]
 [-1.4518360e-02  8.9462502e-01  4.4656628e-01  1.7237000e+02]
 [ 9.8413244e-01  9.1612520e-02 -1.5145680e-01 -1.1648700e+03]
 [ 0.0000000e+00  0.0000000e+00  0.0000000e+00  1.0000000e+00]]
[+0075.62, +0034.34, -1030.84]
1305, 1695, 2101
[[-1.7498474e-01  4.3799688e-01 -8.8140114e-01  5.3990000e+01]
 [-1.4297760e-02  8.9432560e-01  4.4712072e-01  1.7237000e+02]
 [ 9.8412642e-01  9.0995040e-02 -1.5019370e-01 -1.1648300e+03]
 [ 0.0000000e+00  0.0000000e+00  0.0000000e+00  1.0000000e+00]]
[+0054.80, -0020.53, -1106.41]
2147, 1922, 1368
[[-1.7708106e-01  4.3758434e-01 -8.8128750e-01  5.3860000e+01]
 [-1.3131900e-02  8.9455734e-01  4.4671066e-01  1.7242000e+02]
 [ 9.8385734e-01  9.0789900e-02 -1.5263556e-01 -1.1648300e+03]
 [ 0.0000000e+00  0.0000000e+00  0.0000000e+00  1.0000000e+00]]
[+0093.43, +0092.81, -1094.31]
2120, 1899, 1123
[[-1.7699922e-01  4.3770502e-01 -8.8144750e-01  5.3890000e+01]
 [-1.3905980e-02  8.9445468e-01  4.4692870e-01  1.7236000e+02]
 [ 9.8404370e-01  9.1394500e-02 -1.5222354e-01 -1.1648900e+03]
 [ 0.0000000e+00  0.0000000e+00  0.0000000e+00  1.0000000e+00]]
[+0103.97, +0104.01, -1104.87]
2147, 1922, 1368
[[-1.7707144e-01  4.3764488e-01 -8.8130608e-01  5.3890000e+01]
 [-1.4144080e-02  8.9443928e-01  4.4692432e-01  1.7243000e+02]
 [ 9.8388688e-01  9.1697120e-02 -1.5216672e-01 -1.1648400e+03]
 [ 0.0000000e+00  0.0000000e+00  0.0000000e+00  1.0000000e+00]]
[+0093.54, +0093.12, -1094.83]
1948, 1899, 1391
[[-1.7446116e-01  4.3843538e-01 -8.8134786e-01  5.4040000e+01]
 [-1.4254260e-02  8.9413950e-01  4.4750482e-01  1.7246000e+02]
 [ 9.8427458e-01  9.0764340e-02 -1.4971170e-01 -1.1648900e+03]
 [ 0.0000000e+00  0.0000000e+00  0.0000000e+00  1.0000000e+00]]
[+0094.33, +0075.58, -1082.89]
2147, 1922, 1368
[[-1.7707144e-01  4.3790700e-01 -8.8108472e-01  5.3880000e+01]
 [-1.3809720e-02  8.9432560e-01  4.4714604e-01  1.7243000e+02]
 [ 9.8381000e-01  9.1475400e-02 -1.5228040e-01 -1.1648700e+03]
 [ 0.0000000e+00  0.0000000e+00  0.0000000e+00  1.0000000e+00]]
[+0093.72, +0093.50, -1094.93]
2113, 2192, 1346
[[-1.7738970e-01  4.3624594e-01 -8.8186722e-01  5.3720000e+01]
 [-1.3469820e-02  8.9518614e-01  4.4543566e-01  1.7245000e+02]
 [ 9.8377786e-01  9.1015620e-02 -1.5289140e-01 -1.1648700e+03]
 [ 0.0000000e+00  0.0000000e+00  0.0000000e+00  1.0000000e+00]]
[+0114.69, +0080.79, -1097.94]
2147, 1922, 1368
[[-1.7699012e-01  4.3772970e-01 -8.8131726e-01  5.3910000e+01]
 [-1.4882100e-02  8.9433590e-01  4.4711370e-01  1.7241000e+02]
 [ 9.8392374e-01  9.2330100e-02 -1.5175498e-01 -1.1648600e+03]
 [ 0.0000000e+00  0.0000000e+00  0.0000000e+00  1.0000000e+00]]
[+0091.81, +0093.03, -1094.69]
842, 1423, 1312
[[-1.7348698e-01  4.4010938e-01 -8.8073330e-01  5.4220000e+01]
 [-1.3476620e-02  8.9340822e-01  4.4899150e-01  1.7253000e+02]
 [ 9.8448250e-01  8.9881700e-02 -1.4903476e-01 -1.1648800e+03]
 [ 0.0000000e+00  0.0000000e+00  0.0000000e+00  1.0000000e+00]]
[+0093.44, -0013.33, -1071.82]
2038, 984, 1963
[[-1.7825562e-01  4.3722672e-01 -8.8133738e-01  5.3820000e+01]
 [-1.5345680e-02  8.9449008e-01  4.4679408e-01  1.7223000e+02]
 [ 9.8371098e-01  9.3237520e-02 -1.5272154e-01 -1.1648200e+03]
 [ 0.0000000e+00  0.0000000e+00  0.0000000e+00  1.0000000e+00]]
[+0000.34, +0061.30, -1132.67]
842, 1423, 1312
[[-1.7348698e-01  4.4014558e-01 -8.8088216e-01  5.4230000e+01]
 [-1.3512820e-02  8.9340822e-01  4.4902016e-01  1.7252000e+02]
 [ 9.8463136e-01  8.9853040e-02 -1.4903476e-01 -1.1648500e+03]
 [ 0.0000000e+00  0.0000000e+00  0.0000000e+00  1.0000000e+00]]
[+0094.33, -0012.87, -1071.39]
869, 1520, 1327
[[-1.7408250e-01  4.3953490e-01 -8.8097980e-01  5.4140000e+01]
 [-1.3978700e-02  8.9363718e-01  4.4853412e-01  1.7246000e+02]
 [ 9.8443940e-01  9.0483880e-02 -1.4940132e-01 -1.1648900e+03]
 [ 0.0000000e+00  0.0000000e+00  0.0000000e+00  1.0000000e+00]]
[+0102.91, -0011.08, -1074.07]
842, 1423, 1312
[[-1.7297226e-01  4.3992594e-01 -8.8095552e-01  5.4210000e+01]
 [-1.3052820e-02  8.9356790e-01  4.4869144e-01  1.7251000e+02]
 [ 9.8460504e-01  8.9216320e-02 -1.4879440e-01 -1.1648600e+03]
 [ 0.0000000e+00  0.0000000e+00  0.0000000e+00  1.0000000e+00]]
[+0093.86, -0013.25, -1071.59]
1086, 1423, 862
[[-1.7355940e-01  4.3997318e-01 -8.8092594e-01  5.4180000e+01]
 [-1.3935860e-02  8.9345036e-01  4.4891838e-01  1.7250000e+02]
 [ 9.8458758e-01  9.0252540e-02 -1.4892020e-01 -1.1648900e+03]
 [ 0.0000000e+00  0.0000000e+00  0.0000000e+00  1.0000000e+00]]
[+0116.97, +0050.43, -1058.42]
842, 1423, 1312
[[-1.7341460e-01  4.3972254e-01 -8.8098318e-01  5.4170000e+01]
 [-1.3685220e-02  8.9359516e-01  4.4862066e-01  1.7248000e+02]
 [ 9.8453034e-01  8.9954820e-02 -1.4892020e-01 -1.1649000e+03]
 [ 0.0000000e+00  0.0000000e+00  0.0000000e+00  1.0000000e+00]]
[+0093.74, -0013.40, -1071.37]
1243, 1531, 1263
[[-1.7475060e-01  4.3919808e-01 -8.8101256e-01  5.4140000e+01]
 [-1.4421200e-02  8.9373606e-01  4.4832258e-01  1.7246000e+02]
 [ 9.8431200e-01  9.1138100e-02 -1.4982570e-01 -1.1648900e+03]
 [ 0.0000000e+00  0.0000000e+00  0.0000000e+00  1.0000000e+00]]
[+0091.78, +0031.33, -1061.78]
1351, 1385, 1748
[[-1.7534644e-01  4.3862298e-01 -8.8125894e-01  5.4040000e+01]
 [-1.4923860e-02  8.9396390e-01  4.4786562e-01  1.7239000e+02]
 [ 9.8426862e-01  9.1739940e-02 -1.5019370e-01 -1.1648800e+03]
 [ 0.0000000e+00  0.0000000e+00  0.0000000e+00  1.0000000e+00]]
[+0041.93, +0009.56, -1081.09]
1243, 1531, 1263
[[-1.7423560e-01  4.3927676e-01 -8.8101332e-01  5.4140000e+01]
 [-1.3663400e-02  8.9378190e-01  4.4824390e-01  1.7246000e+02]
 [ 9.8435860e-01  9.0250820e-02 -1.4969914e-01 -1.1648800e+03]
 [ 0.0000000e+00  0.0000000e+00  0.0000000e+00  1.0000000e+00]]
[+0091.82, +0030.92, -1061.69]
842, 1268, 1273
[[-1.7348698e-01  4.4014558e-01 -8.8088216e-01  5.4240000e+01]
 [-1.3512820e-02  8.9340822e-01  4.4902016e-01  1.7251000e+02]
 [ 9.8463136e-01  8.9853040e-02 -1.4903476e-01 -1.1648700e+03]
 [ 0.0000000e+00  0.0000000e+00  0.0000000e+00  1.0000000e+00]]
[+0081.32, -0008.36, -1064.58]
1243, 1531, 1263
[[-1.7475060e-01  4.3904914e-01 -8.8104878e-01  5.4120000e+01]
 [-1.4570140e-02  8.9379308e-01  4.4819734e-01  1.7244000e+02]
 [ 9.8427578e-01  9.1263340e-02 -1.4976868e-01 -1.1648800e+03]
 [ 0.0000000e+00  0.0000000e+00  0.0000000e+00  1.0000000e+00]]
[+0091.76, +0031.73, -1061.63]
787, 2238, 1576
[[-1.7343252e-01  4.3762204e-01 -8.8189984e-01  5.3980000e+01]
 [-1.3852640e-02  8.9462940e-01  4.4652772e-01  1.7251000e+02]
 [ 9.8441276e-01  8.9810080e-02 -1.4905908e-01 -1.1648900e+03]
 [ 0.0000000e+00  0.0000000e+00  0.0000000e+00  1.0000000e+00]]
[+0139.41, -0018.77, -1130.95]
1243, 1531, 1263
[[-1.7430794e-01  4.3910418e-01 -8.8105710e-01  5.4130000e+01]
 [-1.4086500e-02  8.9382380e-01  4.4814230e-01  1.7247000e+02]
 [ 9.8431482e-01  9.0650260e-02 -1.4958490e-01 -1.1648600e+03]
 [ 0.0000000e+00  0.0000000e+00  0.0000000e+00  1.0000000e+00]]
[+0091.34, +0032.35, -1061.50]
2132, 1864, 1509
[[-1.7744196e-01  4.3731480e-01 -8.8136204e-01  5.3850000e+01]
 [-1.4652040e-02  8.9453724e-01  4.4670600e-01  1.7239000e+02]
 [ 9.8378280e-01  9.2285960e-02 -1.5229476e-01 -1.1648400e+03]
 [ 0.0000000e+00  0.0000000e+00  0.0000000e+00  1.0000000e+00]]
[+0080.90, +0086.75, -1089.62]
2031, 1945, 1470
[[-1.7602336e-01  4.3807512e-01 -8.8130896e-01  5.3930000e+01]
 [-1.4503440e-02  8.9423790e-01  4.4731668e-01  1.7243000e+02]
 [ 9.8407568e-01  9.1611960e-02 -1.5103090e-01 -1.1648600e+03]
 [ 0.0000000e+00  0.0000000e+00  0.0000000e+00  1.0000000e+00]]
[+0094.90, +0079.24, -1085.98]
2132, 1864, 1509
[[-1.7691778e-01  4.3745550e-01 -8.8138178e-01  5.3870000e+01]
 [-1.4906100e-02  8.9446494e-01  4.4683950e-01  1.7237000e+02]
 [ 9.8385922e-01  9.2306100e-02 -1.5169828e-01 -1.1648800e+03]
 [ 0.0000000e+00  0.0000000e+00  0.0000000e+00  1.0000000e+00]]
[+0080.04, +0087.26, -1089.93]
2152, 2124, 2017
[[-1.7766800e-01  4.3647228e-01 -8.8169604e-01  5.3760000e+01]
 [-1.5244440e-02  8.9489240e-01  4.4596768e-01  1.7232000e+02]
 [ 9.8369892e-01  9.2798240e-02 -1.5231016e-01 -1.1648600e+03]
 [ 0.0000000e+00  0.0000000e+00  0.0000000e+00  1.0000000e+00]]
[+0072.56, +0047.36, -1089.48]
2132, 1864, 1509
[[-1.7707144e-01  4.3783012e-01 -8.8141908e-01  5.3900000e+01]
 [-1.4031080e-02  8.9438246e-01  4.4707782e-01  1.7239000e+02]
 [ 9.8407212e-01  9.1543620e-02 -1.5222354e-01 -1.1648600e+03]
 [ 0.0000000e+00  0.0000000e+00  0.0000000e+00  1.0000000e+00]]
[+0079.65, +0089.69, -1091.45]
1751, 1492, 1714
[[-1.7497608e-01  4.3835656e-01 -8.8134732e-01  5.4000000e+01]
 [-1.5012240e-02  8.9409318e-01  4.4758364e-01  1.7238000e+02]
 [ 9.8422772e-01  9.1651560e-02 -1.4983890e-01 -1.1648700e+03]
 [ 0.0000000e+00  0.0000000e+00  0.0000000e+00  1.0000000e+00]]
[+0043.22, +0043.65, -1080.37]
2132, 1864, 1509
[[-1.7677322e-01  4.3765260e-01 -8.8133010e-01  5.3870000e+01]
 [-1.4208600e-02  8.9443928e-01  4.4691660e-01  1.7239000e+02]
 [ 9.8391090e-01  9.1632600e-02 -1.5186850e-01 -1.1648700e+03]
 [ 0.0000000e+00  0.0000000e+00  0.0000000e+00  1.0000000e+00]]
[+0082.07, +0087.84, -1089.96]
1233, 2035, 752
[[-1.7430794e-01  4.3955094e-01 -8.8094856e-01  5.4120000e+01]
 [-1.3639740e-02  8.9365238e-01  4.4851808e-01  1.7255000e+02]
 [ 9.8442336e-01  9.0274480e-02 -1.4975632e-01 -1.1648800e+03]
 [ 0.0000000e+00  0.0000000e+00  0.0000000e+00  1.0000000e+00]]
[+0163.63, +0059.16, -1109.66]
1995, 2073, 980
[[-1.7774980e-01  4.3698436e-01 -8.8154028e-01  5.3800000e+01]
 [-1.3909880e-02  8.9476934e-01  4.4627826e-01  1.7248000e+02]
 [ 9.8380644e-01  9.1664820e-02 -1.5294810e-01 -1.1649100e+03]
 [ 0.0000000e+00  0.0000000e+00  0.0000000e+00  1.0000000e+00]]
[+0127.36, +0094.17, -1109.00]
1233, 2035, 752
[[-1.7408250e-01  4.3953490e-01 -8.8097980e-01  5.4140000e+01]
 [-1.3978700e-02  8.9363718e-01  4.4853412e-01  1.7254000e+02]
 [ 9.8443940e-01  9.0483880e-02 -1.4940132e-01 -1.1648900e+03]
 [ 0.0000000e+00  0.0000000e+00  0.0000000e+00  1.0000000e+00]]
[+0160.99, +0058.37, -1108.19]
1254, 1459, 777
[[-1.7430794e-01  4.3969986e-01 -8.8091238e-01  5.4150000e+01]
 [-1.3490820e-02  8.9359516e-01  4.4864334e-01  1.7251000e+02]
 [ 9.8445954e-01  9.0149220e-02 -1.4981354e-01 -1.1648700e+03]
 [ 0.0000000e+00  0.0000000e+00  0.0000000e+00  1.0000000e+00]]
[+0121.16, +0075.46, -1066.71]
1233, 2035, 752
[[-1.7371234e-01  4.3900676e-01 -8.8128940e-01  5.4100000e+01]
 [-1.4401000e-02  8.9388086e-01  4.4803024e-01  1.7255000e+02]
 [ 9.8447476e-01  9.0617600e-02 -1.4893224e-01 -1.1649000e+03]
 [ 0.0000000e+00  0.0000000e+00  0.0000000e+00  1.0000000e+00]]
[+0163.68, +0058.94, -1109.71]
991, 2060, 1552
[[-1.7372100e-01  4.3853400e-01 -8.8152880e-01  5.4040000e+01]
 [-1.3871200e-02  8.9416998e-01  4.4747082e-01  1.7247000e+02]
 [ 9.8448600e-01  9.0058180e-02 -1.4923002e-01 -1.1649100e+03]
 [ 0.0000000e+00  0.0000000e+00  0.0000000e+00  1.0000000e+00]]
[+0130.75, -0014.90, -1107.35]
1233, 2035, 752
[[-1.7460580e-01  4.3924548e-01 -8.8099724e-01  5.4090000e+01]
 [-1.3872840e-02  8.9376670e-01  4.4827518e-01  1.7254000e+02]
 [ 9.8432732e-01  9.0589740e-02 -1.4993986e-01 -1.1648800e+03]
 [ 0.0000000e+00  0.0000000e+00  0.0000000e+00  1.0000000e+00]]
[+0163.16, +0059.25, -1109.34]
2006, 789, 1187
[[-1.7661106e-01  4.3897888e-01 -8.8091360e-01  5.4050000e+01]
 [-1.4456000e-02  8.9377760e-01  4.4826760e-01  1.7240000e+02]
 [ 9.8412512e-01  9.1925840e-02 -1.5149970e-01 -1.1648300e+03]
 [ 0.0000000e+00  0.0000000e+00  0.0000000e+00  1.0000000e+00]]
[+0019.31, +0114.25, -1128.91]
1689, 1097, 1240
[[-1.7520164e-01  4.3937922e-01 -8.8091358e-01  5.4090000e+01]
 [-1.3594380e-02  8.9370956e-01  4.4841562e-01  1.7244000e+02]
 [ 9.8431602e-01  9.0594020e-02 -1.5059284e-01 -1.1648500e+03]
 [ 0.0000000e+00  0.0000000e+00  0.0000000e+00  1.0000000e+00]]
[+0041.06, +0083.60, -1078.68]
2006, 789, 1187
[[-1.7534644e-01  4.3929544e-01 -8.8077988e-01  5.4070000e+01]
 [-1.4106520e-02  8.9367900e-01  4.4843464e-01  1.7240000e+02]
 [ 9.8415176e-01  9.1170920e-02 -1.5047860e-01 -1.1648500e+03]
 [ 0.0000000e+00  0.0000000e+00  0.0000000e+00  1.0000000e+00]]
[+0019.36, +0114.26, -1129.34]
1916, 753, 857
[[-1.7451762e-01  4.4036284e-01 -8.8047420e-01  5.4220000e+01]
 [-1.4508840e-02  8.9314488e-01  4.4949560e-01  1.7247000e+02]
 [ 9.8434940e-01  9.1309200e-02 -1.4945850e-01 -1.1648500e+03]
 [ 0.0000000e+00  0.0000000e+00  0.0000000e+00  1.0000000e+00]]
[+0036.70, +0128.89, -1125.06]
2006, 789, 1187
[[-1.7601490e-01  4.3884538e-01 -8.8099764e-01  5.4050000e+01]
 [-1.4734460e-02  8.9383454e-01  4.4812692e-01  1.7237000e+02]
 [ 9.8413668e-01  9.1921560e-02 -1.5084660e-01 -1.1648300e+03]
 [ 0.0000000e+00  0.0000000e+00  0.0000000e+00  1.0000000e+00]]
[+0019.51, +0114.06, -1129.23]
2088, 879, 1155
[[-1.7690920e-01  4.3893488e-01 -8.8074056e-01  5.4020000e+01]
 [-1.4355040e-02  8.9377760e-01  4.4824688e-01  1.7239000e+02]
 [ 9.8395208e-01  9.2019040e-02 -1.5179784e-01 -1.1648100e+03]
 [ 0.0000000e+00  0.0000000e+00  0.0000000e+00  1.0000000e+00]]
[+0029.37, +0118.88, -1128.64]
2006, 789, 1187
[[-1.7512096e-01  4.3927936e-01 -8.8081136e-01  5.4090000e+01]
 [-1.4445440e-02  8.9366360e-01  4.4845072e-01  1.7240000e+02]
 [ 9.8416784e-01  9.1380320e-02 -1.5012360e-01 -1.1648400e+03]
 [ 0.0000000e+00  0.0000000e+00  0.0000000e+00  1.0000000e+00]]
[+0020.02, +0111.74, -1126.39]
1426, 1006, 1505
[[-1.7512096e-01  4.3942832e-01 -8.8077512e-01  5.4090000e+01]
 [-1.4296480e-02  8.9360654e-01  4.4857592e-01  1.7244000e+02]
 [ 9.8420408e-01  9.1255120e-02 -1.5018066e-01 -1.1648300e+03]
 [ 0.0000000e+00  0.0000000e+00  0.0000000e+00  1.0000000e+00]]
[+0018.55, +0041.52, -1081.20]
1124, 1197, 1637
[[-1.7520164e-01  4.3878330e-01 -8.8105830e-01  5.4080000e+01]
 [-1.4190300e-02  8.9393788e-01  4.4791482e-01  1.7240000e+02]
 [ 9.8417130e-01  9.1094820e-02 -1.5036452e-01 -1.1648500e+03]
 [ 0.0000000e+00  0.0000000e+00  0.0000000e+00  1.0000000e+00]]
[+0039.52, -0003.95, -1080.71]
1426, 1006, 1505
[[-1.7490370e-01  4.3920168e-01 -8.8082456e-01  5.4110000e+01]
 [-1.3771920e-02  8.9376670e-01  4.4825424e-01  1.7242000e+02]
 [ 9.8415464e-01  9.0683040e-02 -1.5023776e-01 -1.1648300e+03]
 [ 0.0000000e+00  0.0000000e+00  0.0000000e+00  1.0000000e+00]]
[+0018.33, +0044.43, -1081.23]
1353, 892, 1504
[[-1.7475060e-01  4.3949596e-01 -8.8094012e-01  5.4140000e+01]
 [-1.4123320e-02  8.9362190e-01  4.4857306e-01  1.7243000e+02]
 [ 9.8438444e-01  9.0887620e-02 -1.4993986e-01 -1.1648500e+03]
 [ 0.0000000e+00  0.0000000e+00  0.0000000e+00  1.0000000e+00]]
[+0009.65, +0037.74, -1086.00]
1426, 1006, 1505
[[-1.7452520e-01  4.3933104e-01 -8.8100772e-01  5.4110000e+01]
 [-1.4611200e-02  8.9366360e-01  4.4846380e-01  1.7242000e+02]
 [ 9.8436420e-01  9.1222280e-02 -1.4952784e-01 -1.1648700e+03]
 [ 0.0000000e+00  0.0000000e+00  0.0000000e+00  1.0000000e+00]]
[+0019.28, +0044.06, -1080.64]
1549, 926, 1901
[[-1.7624050e-01  4.3811630e-01 -8.8114710e-01  5.4000000e+01]
 [-1.5140780e-02  8.9413436e-01  4.4748510e-01  1.7232000e+02]
 [ 9.8393946e-01  9.2337780e-02 -1.5091730e-01 -1.1648200e+03]
 [ 0.0000000e+00  0.0000000e+00  0.0000000e+00  1.0000000e+00]]
[-0004.75, +0029.54, -1121.02]
1426, 1006, 1505
[[-1.7430794e-01  4.3940202e-01 -8.8098474e-01  5.4120000e+01]
 [-1.3788660e-02  8.9370956e-01  4.4839282e-01  1.7243000e+02]
 [ 9.8438718e-01  9.0399740e-02 -1.4969914e-01 -1.1648500e+03]
 [ 0.0000000e+00  0.0000000e+00  0.0000000e+00  1.0000000e+00]]
[+0019.69, +0043.47, -1080.18]
889, 1455, 1344
[[-1.7409104e-01  4.4006868e-01 -8.8081764e-01  5.4190000e+01]
 [-1.2370440e-02  8.9352536e-01  4.4882288e-01  1.7250000e+02]
 [ 9.8455428e-01  8.9076160e-02 -1.5010024e-01 -1.1648200e+03]
 [ 0.0000000e+00  0.0000000e+00  0.0000000e+00  1.0000000e+00]]
[+0094.11, -0010.33, -1071.39]
994, 925, 1709
[[-1.7408250e-01  4.3912440e-01 -8.8123730e-01  5.4110000e+01]
 [-1.4461600e-02  8.9380848e-01  4.4818680e-01  1.7239000e+02]
 [ 9.8447970e-01  9.0831200e-02 -1.4923002e-01 -1.1648700e+03]
 [ 0.0000000e+00  0.0000000e+00  0.0000000e+00  1.0000000e+00]]
[+0014.68, -0012.91, -1101.80]
889, 1455, 1344
[[-1.7326996e-01  4.3991848e-01 -8.8093200e-01  5.4180000e+01]
 [-1.2988000e-02  8.9356790e-01  4.4869890e-01  1.7251000e+02]
 [ 9.8458152e-01  8.9281140e-02 -1.4909210e-01 -1.1648500e+03]
 [ 0.0000000e+00  0.0000000e+00  0.0000000e+00  1.0000000e+00]]
[+0094.26, -0010.91, -1071.68]
2079, 1900, 1644
[[-1.7699922e-01  4.3740678e-01 -8.8151970e-01  5.3870000e+01]
 [-1.4204220e-02  8.9456828e-01  4.4667850e-01  1.7239000e+02]
 [ 9.8397150e-01  9.1644700e-02 -1.5210994e-01 -1.1648400e+03]
 [ 0.0000000e+00  0.0000000e+00  0.0000000e+00  1.0000000e+00]]
[+0076.83, +0074.09, -1085.26]
889, 1455, 1344
[[-1.7342322e-01  4.3995818e-01 -8.8089360e-01  5.4210000e+01]
 [-1.2374820e-02  8.9359758e-01  4.4865920e-01  1.7251000e+02]
 [ 9.8457280e-01  8.8797600e-02 -1.4950464e-01 -1.1648200e+03]
 [ 0.0000000e+00  0.0000000e+00  0.0000000e+00  1.0000000e+00]]
[+0093.32, -0010.06, -1071.21]
994, 1322, 1121
[[-1.7355940e-01  4.3997318e-01 -8.8092594e-01  5.4190000e+01]
 [-1.3935860e-02  8.9345036e-01  4.4891838e-01  1.7249000e+02]
 [ 9.8458758e-01  9.0252540e-02 -1.4892020e-01 -1.1648700e+03]
 [ 0.0000000e+00  0.0000000e+00  0.0000000e+00  1.0000000e+00]]
[+0090.78, +0018.89, -1055.88]
889, 1455, 1344
[[-1.7348698e-01  4.3955014e-01 -8.8102696e-01  5.4160000e+01]
 [-1.4108260e-02  8.9363718e-01  4.4851888e-01  1.7250000e+02]
 [ 9.8448656e-01  9.0354320e-02 -1.4880580e-01 -1.1648600e+03]
 [ 0.0000000e+00  0.0000000e+00  0.0000000e+00  1.0000000e+00]]
[+0093.17, -0012.16, -1071.87]
1869, 831, 1085
[[-1.7526600e-01  4.3952976e-01 -8.8075432e-01  5.4130000e+01]
 [-1.4695840e-02  8.9351856e-01  4.4874864e-01  1.7243000e+02]
 [ 9.8422488e-01  9.1678240e-02 -1.5012360e-01 -1.1648300e+03]
 [ 0.0000000e+00  0.0000000e+00  0.0000000e+00  1.0000000e+00]]
[+0025.27, +0115.17, -1113.87]
1923, 839, 997
[[-1.7563652e-01  4.3946190e-01 -8.8058934e-01  5.4130000e+01]
 [-1.4868900e-02  8.9350300e-01  4.4875170e-01  1.7241000e+02]
 [ 9.8404434e-01  9.2045700e-02 -1.5036452e-01 -1.1648300e+03]
 [ 0.0000000e+00  0.0000000e+00  0.0000000e+00  1.0000000e+00]]
[+0031.85, +0123.12, -1119.69]
1869, 831, 1085
[[-1.7504850e-01  4.3930312e-01 -8.8080366e-01  5.4130000e+01]
 [-1.4171280e-02  8.9367900e-01  4.4842696e-01  1.7241000e+02]
 [ 9.8417554e-01  9.1106160e-02 -1.5018066e-01 -1.1648300e+03]
 [ 0.0000000e+00  0.0000000e+00  0.0000000e+00  1.0000000e+00]]
[+0026.09, +0113.16, -1111.46]
2015, 1037, 1196
[[-1.7624050e-01  4.3871246e-01 -8.8100222e-01  5.4030000e+01]
 [-1.4544620e-02  8.9390700e-01  4.4798566e-01  1.7240000e+02]
 [ 9.8408434e-01  9.1837220e-02 -1.5114466e-01 -1.1648300e+03]
 [ 0.0000000e+00  0.0000000e+00  0.0000000e+00  1.0000000e+00]]
[+0036.45, +0113.78, -1111.49]
1869, 831, 1085
[[-1.7496810e-01  4.3968646e-01 -8.8074178e-01  5.4160000e+01]
 [-1.4611700e-02  8.9346150e-01  4.4886610e-01  1.7245000e+02]
 [ 9.8428490e-01  9.1488220e-02 -1.4988276e-01 -1.1648500e+03]
 [ 0.0000000e+00  0.0000000e+00  0.0000000e+00  1.0000000e+00]]
[+0026.39, +0111.00, -1110.24]
1269, 1425, 770
[[-1.7385714e-01  4.3992936e-01 -8.8075350e-01  5.4180000e+01]
 [-1.3834800e-02  8.9345036e-01  4.4889736e-01  1.7252000e+02]
 [ 9.8441514e-01  9.0346000e-02 -1.4921794e-01 -1.1648300e+03]
 [ 0.0000000e+00  0.0000000e+00  0.0000000e+00  1.0000000e+00]]
[+0117.41, +0076.89, -1065.32]
1869, 831, 1085
[[-1.7557200e-01  4.3934780e-01 -8.8089740e-01  5.4120000e+01]
 [-1.3803800e-02  8.9369432e-01  4.4844704e-01  1.7240000e+02]
 [ 9.8428460e-01  9.0932960e-02 -1.5083368e-01 -1.1648200e+03]
 [ 0.0000000e+00  0.0000000e+00  0.0000000e+00  1.0000000e+00]]
[+0025.27, +0115.26, -1113.88]
967, 960, 1122
[[-1.7318928e-01  4.4011692e-01 -8.8075684e-01  5.4230000e+01]
 [-1.3541480e-02  8.9340822e-01  4.4898396e-01  1.7248000e+02]
 [ 9.8450604e-01  8.9816840e-02 -1.4873706e-01 -1.1648400e+03]
 [ 0.0000000e+00  0.0000000e+00  0.0000000e+00  1.0000000e+00]]
[+0049.77, +0022.11, -1053.88]
1049, 1078, 892
[[-1.7370436e-01  4.4018756e-01 -8.8071984e-01  5.4230000e+01]
 [-1.4150240e-02  8.9330540e-01  4.4918748e-01  1.7248000e+02]
 [ 9.8449596e-01  9.0578880e-02 -1.4892020e-01 -1.1648300e+03]
 [ 0.0000000e+00  0.0000000e+00  0.0000000e+00  1.0000000e+00]]
[+0080.36, +0051.63, -1047.59]
967, 960, 1122
[[-1.7393778e-01  4.4014158e-01 -8.8067110e-01  5.4230000e+01]
 [-1.2798580e-02  8.9343822e-01  4.4895930e-01  1.7247000e+02]
 [ 9.8445030e-01  8.9463100e-02 -1.4974500e-01 -1.1648300e+03]
 [ 0.0000000e+00  0.0000000e+00  0.0000000e+00  1.0000000e+00]]
[+0048.23, +0021.86, -1054.24]
876, 1310, 1270
[[-1.7364000e-01  4.3973856e-01 -8.8095208e-01  5.4180000e+01]
 [-1.3346240e-02  8.9361024e-01  4.4860464e-01  1.7246000e+02]
 [ 9.8451432e-01  8.9745440e-02 -1.4927520e-01 -1.1648400e+03]
 [ 0.0000000e+00  0.0000000e+00  0.0000000e+00  1.0000000e+00]]
[+0083.68, -0007.34, -1064.81]
967, 960, 1122
[[-1.7333416e-01  4.4006988e-01 -8.8077200e-01  5.4220000e+01]
 [-1.4089800e-02  8.9337790e-01  4.4903100e-01  1.7248000e+02]
 [ 9.8449088e-01  9.0365160e-02 -1.4862250e-01 -1.1648400e+03]
 [ 0.0000000e+00  0.0000000e+00  0.0000000e+00  1.0000000e+00]]
[+0049.22, +0024.77, -1053.70]
1683, 1021, 1411
[[-1.7497608e-01  4.3906516e-01 -8.8101736e-01  5.4080000e+01]
 [-1.4231240e-02  8.9380848e-01  4.4818132e-01  1.7240000e+02]
 [ 9.8425976e-01  9.1053880e-02 -1.5012360e-01 -1.1648100e+03]
 [ 0.0000000e+00  0.0000000e+00  0.0000000e+00  1.0000000e+00]]
[+0020.53, +0074.83, -1088.78]
967, 960, 1122
[[-1.7296404e-01  4.4039862e-01 -8.8071546e-01  5.4260000e+01]
 [-1.3582860e-02  8.9327846e-01  4.4925058e-01  1.7251000e+02]
 [ 9.8459442e-01  8.9775460e-02 -1.4849674e-01 -1.1648500e+03]
 [ 0.0000000e+00  0.0000000e+00  0.0000000e+00  1.0000000e+00]]
[+0049.96, +0024.09, -1053.57]
1255, 1851, 1201
[[-1.7475060e-01  4.3875126e-01 -8.8112122e-01  5.4060000e+01]
 [-1.4868020e-02  8.9390700e-01  4.4794686e-01  1.7246000e+02]
 [ 9.8420334e-01  9.1513820e-02 -1.4965476e-01 -1.1648900e+03]
 [ 0.0000000e+00  0.0000000e+00  0.0000000e+00  1.0000000e+00]]
[+0126.93, +0033.16, -1076.03]
1928, 1975, 1184
[[-1.7677322e-01  4.3776558e-01 -8.8114488e-01  5.3930000e+01]
 [-1.4023380e-02  8.9438246e-01  4.4701328e-01  1.7245000e+02]
 [ 9.8379792e-01  9.1535920e-02 -1.5192532e-01 -1.1648400e+03]
 [ 0.0000000e+00  0.0000000e+00  0.0000000e+00  1.0000000e+00]]
[+0115.07, +0088.62, -1093.30]
1255, 1851, 1201
[[-1.7475060e-01  4.3890020e-01 -8.8108500e-01  5.4080000e+01]
 [-1.4719080e-02  8.9385006e-01  4.4807210e-01  1.7246000e+02]
 [ 9.8423956e-01  9.1388580e-02 -1.4971170e-01 -1.1648600e+03]
 [ 0.0000000e+00  0.0000000e+00  0.0000000e+00  1.0000000e+00]]
[+0123.47, +0032.17, -1075.15]
1349, 1344, 1225
[[-1.7416330e-01  4.3918764e-01 -8.8119082e-01  5.4120000e+01]
 [-1.3574280e-02  8.9385420e-01  4.4812356e-01  1.7245000e+02]
 [ 9.8447894e-01  9.0073320e-02 -1.4969914e-01 -1.1648600e+03]
 [ 0.0000000e+00  0.0000000e+00  0.0000000e+00  1.0000000e+00]]
[+0071.53, +0050.66, -1059.46]
1255, 1851, 1201
[[-1.7423560e-01  4.3901508e-01 -8.8123456e-01  5.4090000e+01]
 [-1.3997400e-02  8.9389614e-01  4.4802192e-01  1.7248000e+02]
 [ 9.8443520e-01  9.0472800e-02 -1.4958490e-01 -1.1648600e+03]
 [ 0.0000000e+00  0.0000000e+00  0.0000000e+00  1.0000000e+00]]
[+0127.81, +0032.54, -1076.32]
1248, 1829, 781
[[-1.7378472e-01  4.3965520e-01 -8.8081832e-01  5.4150000e+01]
 [-1.3858400e-02  8.9358000e-01  4.4862320e-01  1.7252000e+02]
 [ 9.8435032e-01  9.0322400e-02 -1.4916072e-01 -1.1648600e+03]
 [ 0.0000000e+00  0.0000000e+00  0.0000000e+00  1.0000000e+00]]
[+0148.68, +0063.23, -1087.84]
1255, 1851, 1201
[[-1.7408250e-01  4.3882660e-01 -8.8130970e-01  5.4070000e+01]
 [-1.4759400e-02  8.9392248e-01  4.4793620e-01  1.7244000e+02]
 [ 9.8440730e-01  9.1081800e-02 -1.4911602e-01 -1.1649000e+03]
 [ 0.0000000e+00  0.0000000e+00  0.0000000e+00  1.0000000e+00]]
[+0127.07, +0031.13, -1076.25]
1851, 2178, 1133
[[-1.7655668e-01  4.3761156e-01 -8.8149228e-01  5.3870000e+01]
 [-1.3571160e-02  8.9454214e-01  4.4674794e-01  1.7247000e+02]
 [ 9.8404692e-01  9.0906660e-02 -1.5198218e-01 -1.1648900e+03]
 [ 0.0000000e+00  0.0000000e+00  0.0000000e+00  1.0000000e+00]]
[+0132.60, +0077.19, -1101.37]
1744, 1832, 1252
[[-1.7483136e-01  4.3873808e-01 -8.8140848e-01  5.4100000e+01]
 [-1.4202080e-02  8.9401022e-01  4.4781518e-01  1.7248000e+02]
 [ 9.8446448e-01  9.0824180e-02 -1.5006658e-01 -1.1647300e+03]
 [ 0.0000000e+00  0.0000000e+00  0.0000000e+00  1.0000000e+00]]
[+0102.89, +0071.96, -1077.28]
1851, 2178, 1133
[[-1.7588826e-01  4.3779976e-01 -8.8149652e-01  5.4000000e+01]
 [-1.3276880e-02  8.9450040e-01  4.4683396e-01  1.7253000e+02]
 [ 9.8413844e-01  9.0378280e-02 -1.5149970e-01 -1.1647400e+03]
 [ 0.0000000e+00  0.0000000e+00  0.0000000e+00  1.0000000e+00]]
[+0132.98, +0077.04, -1101.46]
1893, 2200, 1235
[[-1.7640282e-01  4.3757130e-01 -8.8153156e-01  5.3890000e+01]
 [-1.4184100e-02  8.9451150e-01  4.4678820e-01  1.7253000e+02]
 [ 9.8405556e-01  9.1390600e-02 -1.5157032e-01 -1.1647500e+03]
 [ 0.0000000e+00  0.0000000e+00  0.0000000e+00  1.0000000e+00]]
[+0128.41, +0073.12, -1098.20]
1851, 2178, 1133
[[-1.7543634e-01  4.3802920e-01 -8.8133826e-01  5.3940000e+01]
 [-1.3620240e-02  8.9435616e-01  4.4708840e-01  1.7246000e+02]
 [ 9.8409410e-01  9.0575760e-02 -1.5090354e-01 -1.1649000e+03]
 [ 0.0000000e+00  0.0000000e+00  0.0000000e+00  1.0000000e+00]]
[+0132.15, +0077.59, -1101.10]
2010, 2111, 1081
[[-1.7707144e-01  4.3764488e-01 -8.8130608e-01  5.3860000e+01]
 [-1.4144080e-02  8.9443928e-01  4.4692432e-01  1.7248000e+02]
 [ 9.8388688e-01  9.1697120e-02 -1.5216672e-01 -1.1649200e+03]
 [ 0.0000000e+00  0.0000000e+00  0.0000000e+00  1.0000000e+00]]
[+0123.03, +0091.24, -1104.38]
1851, 2178, 1133
[[-1.7587880e-01  4.3797384e-01 -8.8132968e-01  5.3920000e+01]
 [-1.4104080e-02  8.9432560e-01  4.4714376e-01  1.7248000e+02]
 [ 9.8405496e-01  9.1188720e-02 -1.5108776e-01 -1.1649100e+03]
 [ 0.0000000e+00  0.0000000e+00  0.0000000e+00  1.0000000e+00]]
[+0133.66, +0075.85, -1101.66]
1449, 1342, 1966
[[-1.7587002e-01  4.3833322e-01 -8.8127598e-01  5.3980000e+01]
 [-1.4818380e-02  8.9409318e-01  4.4760698e-01  1.7236000e+02]
 [ 9.8415638e-01  9.1845420e-02 -1.5073284e-01 -1.1648600e+03]
 [ 0.0000000e+00  0.0000000e+00  0.0000000e+00  1.0000000e+00]]
[+0025.85, +0003.56, -1099.01]
1230, 982, 1681
[[-1.7482306e-01  4.3928708e-01 -8.8083510e-01  5.4100000e+01]
 [-1.4510200e-02  8.9366360e-01  4.4844300e-01  1.7242000e+02]
 [ 9.8419158e-01  9.1315560e-02 -1.4982570e-01 -1.1648600e+03]
 [ 0.0000000e+00  0.0000000e+00  0.0000000e+00  1.0000000e+00]]
[+0014.40, +0012.26, -1090.53]
1449, 1342, 1966
[[-1.7587002e-01  4.3848224e-01 -8.8123978e-01  5.3990000e+01]
 [-1.4669360e-02  8.9403632e-01  4.4773216e-01  1.7238000e+02]
 [ 9.8419258e-01  9.1720240e-02 -1.5078970e-01 -1.1648700e+03]
 [ 0.0000000e+00  0.0000000e+00  0.0000000e+00  1.0000000e+00]]
[+0027.14, +0007.28, -1096.18]
1919, 1508, 1395
[[-1.7631296e-01  4.3865232e-01 -8.8086096e-01  5.3970000e+01]
 [-1.4782560e-02  8.9389144e-01  4.4798112e-01  1.7242000e+02]
 [ 9.8392752e-01  9.2139840e-02 -1.5108776e-01 -1.1648800e+03]
 [ 0.0000000e+00  0.0000000e+00  0.0000000e+00  1.0000000e+00]]
[+0063.15, +0089.56, -1083.41]
1449, 1342, 1966
[[-1.7579764e-01  4.3832088e-01 -8.8111920e-01  5.3980000e+01]
 [-1.4508000e-02  8.9410870e-01  4.4755470e-01  1.7237000e+02]
 [ 9.8401512e-01  9.1599660e-02 -1.5078970e-01 -1.1648600e+03]
 [ 0.0000000e+00  0.0000000e+00  0.0000000e+00  1.0000000e+00]]
[+0026.59, +0003.48, -1098.70]
1208, 1588, 1839
[[-1.7490370e-01  4.3864202e-01 -8.8111824e-01  5.4020000e+01]
 [-1.4403940e-02  8.9399486e-01  4.4778192e-01  1.7241000e+02]
 [ 9.8415888e-01  9.1155360e-02 -1.5000960e-01 -1.1648800e+03]
 [ 0.0000000e+00  0.0000000e+00  0.0000000e+00  1.0000000e+00]]
[+0066.36, -0012.09, -1087.43]
1449, 1342, 1966
[[-1.7461458e-01  4.3836230e-01 -8.8149398e-01  5.4060000e+01]
 [-1.3826300e-02  8.9422700e-01  4.4736830e-01  1.7236000e+02]
 [ 9.8437898e-01  9.0377300e-02 -1.5006658e-01 -1.1647100e+03]
 [ 0.0000000e+00  0.0000000e+00  0.0000000e+00  1.0000000e+00]]
[+0025.13, +0006.21, -1098.45]
1666, 1927, 1532
[[-1.7454240e-01  4.3823704e-01 -8.8152248e-01  5.4070000e+01]
 [-1.3701040e-02  8.9429918e-01  4.4721934e-01  1.7244000e+02]
 [ 9.8435048e-01  9.0228340e-02 -1.5006658e-01 -1.1647100e+03]
 [ 0.0000000e+00  0.0000000e+00  0.0000000e+00  1.0000000e+00]]
[+0099.87, +0048.60, -1075.55]
1995, 837, 1084
[[-1.7519346e-01  4.3940456e-01 -8.8078284e-01  5.4200000e+01]
 [-1.4570640e-02  8.9359110e-01  4.4859968e-01  1.7244000e+02]
 [ 9.8419636e-01  9.1529280e-02 -1.5012360e-01 -1.1646900e+03]
 [ 0.0000000e+00  0.0000000e+00  0.0000000e+00  1.0000000e+00]]
[+0028.01, +0120.30, -1124.82]
1666, 1927, 1532
[[-1.7386548e-01  4.3818904e-01 -8.8161632e-01  5.4100000e+01]
 [-1.4717440e-02  8.9425334e-01  4.4726734e-01  1.7244000e+02]
 [ 9.8439848e-01  9.0857260e-02 -1.4900218e-01 -1.1647200e+03]
 [ 0.0000000e+00  0.0000000e+00  0.0000000e+00  1.0000000e+00]]
[+0100.22, +0040.73, -1075.82]
1340, 1805, 1587
[[-1.7305330e-01  4.3872152e-01 -8.8153224e-01  5.4150000e+01]
 [-1.3577360e-02  8.9412800e-01  4.4755752e-01  1.7245000e+02]
 [ 9.8457672e-01  8.9529360e-02 -1.4874866e-01 -1.1646700e+03]
 [ 0.0000000e+00  0.0000000e+00  0.0000000e+00  1.0000000e+00]]
[+0091.00, +0011.28, -1075.03]
1666, 1927, 1532
[[-1.7483136e-01  4.3795712e-01 -8.8144032e-01  5.4080000e+01]
 [-1.4910720e-02  8.9429472e-01  4.4716048e-01  1.7245000e+02]
 [ 9.8413472e-01  9.1478880e-02 -1.4978208e-01 -1.1646900e+03]
 [ 0.0000000e+00  0.0000000e+00  0.0000000e+00  1.0000000e+00]]
[+0099.67, +0048.24, -1075.51]
1794, 1784, 1973
[[-1.7513832e-01  4.3762588e-01 -8.8161932e-01  5.4010000e+01]
 [-1.4167880e-02  8.9452686e-01  4.4673362e-01  1.7238000e+02]
 [ 9.8415868e-01  9.0858380e-02 -1.5043482e-01 -1.1646600e+03]
 [ 0.0000000e+00  0.0000000e+00  0.0000000e+00  1.0000000e+00]]
[+0049.89, +0028.49, -1086.66]
1666, 1927, 1532
[[-1.7424450e-01  4.3809568e-01 -8.8158224e-01  5.4080000e+01]
 [-1.3914560e-02  8.9435616e-01  4.4708648e-01  1.7245000e+02]
 [ 9.8433808e-01  9.0289040e-02 -1.4971170e-01 -1.1646800e+03]
 [ 0.0000000e+00  0.0000000e+00  0.0000000e+00  1.0000000e+00]]
[+0100.71, +0044.85, -1075.40]
1903, 1775, 1026
[[-1.7490370e-01  4.3867820e-01 -8.8126720e-01  5.4110000e+01]
 [-1.4440120e-02  8.9399486e-01  4.4781040e-01  1.7247000e+02]
 [ 9.8430784e-01  9.1126880e-02 -1.5000960e-01 -1.1647100e+03]
 [ 0.0000000e+00  0.0000000e+00  0.0000000e+00  1.0000000e+00]]
[+0108.44, +0102.81, -1095.37]
2030, 1838, 1001
[[-1.7454240e-01  4.3820096e-01 -8.8137352e-01  5.4060000e+01]
 [-1.3664960e-02  8.9429918e-01  4.4719084e-01  1.7248000e+02]
 [ 9.8420152e-01  9.0256840e-02 -1.5006658e-01 -1.1647000e+03]
 [ 0.0000000e+00  0.0000000e+00  0.0000000e+00  1.0000000e+00]]
[+0110.98, +0106.70, -1104.81]
1903, 1775, 1026
[[-1.7364882e-01  4.3896820e-01 -8.8126410e-01  5.4160000e+01]
 [-1.3114200e-02  8.9401368e-01  4.4779460e-01  1.7249000e+02]
 [ 9.8445290e-01  8.9436600e-02 -1.4945850e-01 -1.1646500e+03]
 [ 0.0000000e+00  0.0000000e+00  0.0000000e+00  1.0000000e+00]]
[+0107.20, +0097.89, -1092.74]
1766, 2153, 1301
[[-1.7424450e-01  4.3798282e-01 -8.8176726e-01  5.4060000e+01]
 [-1.4099580e-02  8.9441310e-01  4.4698966e-01  1.7249000e+02]
 [ 9.8445094e-01  9.0385860e-02 -1.4965476e-01 -1.1646800e+03]
 [ 0.0000000e+00  0.0000000e+00  0.0000000e+00  1.0000000e+00]]
[+0129.43, +0061.00, -1091.74]
1903, 1775, 1026
[[-1.7416330e-01  4.3859196e-01 -8.8133538e-01  5.4130000e+01]
 [-1.4169960e-02  8.9408252e-01  4.4762244e-01  1.7248000e+02]
 [ 9.8433438e-01  9.0574440e-02 -1.4947082e-01 -1.1647000e+03]
 [ 0.0000000e+00  0.0000000e+00  0.0000000e+00  1.0000000e+00]]
[+0108.33, +0099.83, -1093.93]
2199, 1420, 1659
[[-1.7691778e-01  4.3745550e-01 -8.8138178e-01  5.3990000e+01]
 [-1.4906100e-02  8.9446494e-01  4.4683950e-01  1.7236000e+02]
 [ 9.8385922e-01  9.2306100e-02 -1.5169828e-01 -1.1646400e+03]
 [ 0.0000000e+00  0.0000000e+00  0.0000000e+00  1.0000000e+00]]
[+0035.11, +0087.76, -1104.10]
1903, 1775, 1026
[[-1.7335104e-01  4.3871400e-01 -8.8150872e-01  5.4170000e+01]
 [-1.3512720e-02  8.9412800e-01  4.4756504e-01  1.7250000e+02]
 [ 9.8455320e-01  8.9594000e-02 -1.4904640e-01 -1.1646800e+03]
 [ 0.0000000e+00  0.0000000e+00  0.0000000e+00  1.0000000e+00]]
[+0110.64, +0097.36, -1093.62]
1892, 1551, 1183
[[-1.7326996e-01  4.3894874e-01 -8.8148270e-01  5.4180000e+01]
 [-1.4102300e-02  8.9396844e-01  4.4787874e-01  1.7247000e+02]
 [ 9.8462626e-01  9.0101300e-02 -1.4869156e-01 -1.1646700e+03]
 [ 0.0000000e+00  0.0000000e+00  0.0000000e+00  1.0000000e+00]]
[+0080.63, +0093.01, -1082.78]
1914, 1421, 1290
[[-1.7409104e-01  4.3865172e-01 -8.8147668e-01  5.4140000e+01]
 [-1.3931880e-02  8.9409776e-01  4.4762732e-01  1.7245000e+02]
 [ 9.8449092e-01  9.0271720e-02 -1.4952784e-01 -1.1646800e+03]
 [ 0.0000000e+00  0.0000000e+00  0.0000000e+00  1.0000000e+00]]
[+0061.73, +0091.34, -1084.00]
1892, 1551, 1183
[[-1.7438032e-01  4.3870616e-01 -8.8147120e-01  5.4150000e+01]
 [-1.4879840e-02  8.9397942e-01  4.4784710e-01  1.7248000e+02]
 [ 9.8449640e-01  9.1243300e-02 -1.4935690e-01 -1.1646900e+03]
 [ 0.0000000e+00  0.0000000e+00  0.0000000e+00  1.0000000e+00]]
[+0083.18, +0092.42, -1081.94]
1466, 2110, 1942
[[-1.7439816e-01  4.3731380e-01 -8.8205760e-01  5.4000000e+01]
 [-1.4267400e-02  8.9472792e-01  4.4635192e-01  1.7240000e+02]
 [ 9.8441120e-01  9.0499920e-02 -1.4978208e-01 -1.1646700e+03]
 [ 0.0000000e+00  0.0000000e+00  0.0000000e+00  1.0000000e+00]]
[+0096.96, -0003.97, -1094.44]
1892, 1551, 1183
[[-1.7475906e-01  4.3868950e-01 -8.8110292e-01  5.4120000e+01]
 [-1.3855580e-02  8.9402550e-01  4.4773444e-01  1.7246000e+02]
 [ 9.8417420e-01  9.0607000e-02 -1.5012360e-01 -1.1646600e+03]
 [ 0.0000000e+00  0.0000000e+00  0.0000000e+00  1.0000000e+00]]
[+0080.07, +0099.23, -1085.07]
1040, 1214, 953
[[-1.7244928e-01  4.4021504e-01 -8.8093760e-01  5.4320000e+01]
 [-1.3159040e-02  8.9343822e-01  4.4895070e-01  1.7253000e+02]
 [ 9.8471680e-01  8.9110100e-02 -1.4825650e-01 -1.1646500e+03]
 [ 0.0000000e+00  0.0000000e+00  0.0000000e+00  1.0000000e+00]]
[+0091.54, +0041.13, -1050.11]
1892, 1551, 1183
[[-1.7475906e-01  4.3857668e-01 -8.8128802e-01  5.4100000e+01]
 [-1.4040680e-02  8.9408252e-01  4.4763772e-01  1.7245000e+02]
 [ 9.8428702e-01  9.0703720e-02 -1.5006658e-01 -1.1646700e+03]
 [ 0.0000000e+00  0.0000000e+00  0.0000000e+00  1.0000000e+00]]
[+0082.25, +0098.90, -1084.87]
1276, 1455, 1772
[[-1.7282778e-01  4.3885442e-01 -8.8152716e-01  5.4170000e+01]
 [-1.3767380e-02  8.9405582e-01  4.4769884e-01  1.7244000e+02]
 [ 9.8462876e-01  8.9613560e-02 -1.4845096e-01 -1.1646700e+03]
 [ 0.0000000e+00  0.0000000e+00  0.0000000e+00  1.0000000e+00]]
[+0051.57, -0002.12, -1082.31]
1619, 1472, 1502
[[-1.7386548e-01  4.3878464e-01 -8.8147176e-01  5.4150000e+01]
 [-1.4121840e-02  8.9402550e-01  4.4776862e-01  1.7245000e+02]
 [ 9.8454304e-01  9.0355980e-02 -1.4923002e-01 -1.1646900e+03]
 [ 0.0000000e+00  0.0000000e+00  0.0000000e+00  1.0000000e+00]]
[+0059.14, +0054.30, -1070.08]
1276, 1455, 1772
[[-1.7356770e-01  4.3894114e-01 -8.8145918e-01  5.4160000e+01]
 [-1.4037620e-02  8.9396844e-01  4.4788634e-01  1.7243000e+02]
 [ 9.8460274e-01  9.0165980e-02 -1.4898930e-01 -1.1646600e+03]
 [ 0.0000000e+00  0.0000000e+00  0.0000000e+00  1.0000000e+00]]
[+0053.49, -0002.50, -1082.14]
1045, 1875, 1504
[[-1.7282778e-01  4.3915210e-01 -8.8145496e-01  5.4210000e+01]
 [-1.3469700e-02  8.9394150e-01  4.4794960e-01  1.7251000e+02]
 [ 9.8470096e-01  8.9362800e-02 -1.4856528e-01 -1.1646800e+03]
 [ 0.0000000e+00  0.0000000e+00  0.0000000e+00  1.0000000e+00]]
[+0117.89, -0007.40, -1088.00]
1276, 1455, 1772
[[-1.7319770e-01  4.3867452e-01 -8.8154736e-01  5.4140000e+01]
 [-1.4125800e-02  8.9409776e-01  4.4760452e-01  1.7242000e+02]
 [ 9.8456160e-01  9.0077800e-02 -1.4863450e-01 -1.1646800e+03]
 [ 0.0000000e+00  0.0000000e+00  0.0000000e+00  1.0000000e+00]]
[+0050.61, -0001.97, -1082.72]
983, 1039, 1370
[[-1.7215170e-01  4.3996110e-01 -8.8118210e-01  5.4320000e+01]
 [-1.3557620e-02  8.9355294e-01  4.4872110e-01  1.7251000e+02]
 [ 9.8481666e-01  8.9267380e-02 -1.4784420e-01 -1.1646800e+03]
 [ 0.0000000e+00  0.0000000e+00  0.0000000e+00  1.0000000e+00]]
[+0043.88, +0003.24, -1066.54]
1276, 1455, 1772
[[-1.7372100e-01  4.3883180e-01 -8.8145660e-01  5.4160000e+01]
 [-1.3573400e-02  8.9405582e-01  4.4772146e-01  1.7244000e+02]
 [ 9.8455820e-01  8.9807540e-02 -1.4934418e-01 -1.1646600e+03]
 [ 0.0000000e+00  0.0000000e+00  0.0000000e+00  1.0000000e+00]]
[+0051.95, -0001.60, -1082.06]
1590, 1156, 993
[[-1.7348698e-01  4.3958634e-01 -8.8117582e-01  5.4240000e+01]
 [-1.4144460e-02  8.9363718e-01  4.4854746e-01  1.7248000e+02]
 [ 9.8463542e-01  9.0325740e-02 -1.4880580e-01 -1.1646700e+03]
 [ 0.0000000e+00  0.0000000e+00  0.0000000e+00  1.0000000e+00]]
[+0063.95, +0096.89, -1072.72]
798, 1648, 929
[[-1.7237698e-01  4.4023846e-01 -8.8093016e-01  5.4350000e+01]
 [-1.2884860e-02  8.9345310e-01  4.4892728e-01  1.7258000e+02]
 [ 9.8472424e-01  8.8835920e-02 -1.4831392e-01 -1.1646600e+03]
 [ 0.0000000e+00  0.0000000e+00  0.0000000e+00  1.0000000e+00]]
[+0144.63, +0010.82, -1079.54]
1590, 1156, 993
[[-1.7409104e-01  4.3932408e-01 -8.8099824e-01  5.4210000e+01]
 [-1.3115040e-02  8.9381206e-01  4.4819658e-01  1.7246000e+02]
 [ 9.8437368e-01  8.9702460e-02 -1.4981354e-01 -1.1646400e+03]
 [ 0.0000000e+00  0.0000000e+00  0.0000000e+00  1.0000000e+00]]
[+0063.61, +0096.65, -1072.82]
1318, 860, 2085
[[-1.7430794e-01  4.3843194e-01 -8.8153584e-01  5.4140000e+01]
 [-1.4903460e-02  8.9410870e-01  4.4757288e-01  1.7235000e+02]
 [ 9.8443176e-01  9.1219680e-02 -1.4930000e-01 -1.1646600e+03]
 [ 0.0000000e+00  0.0000000e+00  0.0000000e+00  1.0000000e+00]]
[-0002.66, +0002.22, -1140.72]
1590, 1156, 993
[[-1.7386548e-01  4.3960576e-01 -8.8095712e-01  5.4230000e+01]
 [-1.3156160e-02  8.9368254e-01  4.4846326e-01  1.7247000e+02]
 [ 9.8446208e-01  8.9661340e-02 -1.4957298e-01 -1.1646300e+03]
 [ 0.0000000e+00  0.0000000e+00  0.0000000e+00  1.0000000e+00]]
[+0064.49, +0096.89, -1072.77]
1919, 1715, 1225
[[-1.7542728e-01  4.3827576e-01 -8.8146948e-01  5.4070000e+01]
 [-1.4519760e-02  8.9418104e-01  4.4745484e-01  1.7245000e+02]
 [ 9.8430852e-01  9.1329160e-02 -1.5049168e-01 -1.1646800e+03]
 [ 0.0000000e+00  0.0000000e+00  0.0000000e+00  1.0000000e+00]]
[+0093.20, +0094.18, -1085.55]
1590, 1156, 993
[[-1.7326996e-01  4.3980576e-01 -8.8111700e-01  5.4260000e+01]
 [-1.3173000e-02  8.9362524e-01  4.4860224e-01  1.7249000e+02]
 [ 9.8469424e-01  8.9377800e-02 -1.4903476e-01 -1.1646400e+03]
 [ 0.0000000e+00  0.0000000e+00  0.0000000e+00  1.0000000e+00]]
[+0064.61, +0094.97, -1071.94]
2022, 2041, 1373
[[-1.7573440e-01  4.3749760e-01 -8.8175680e-01  5.3970000e+01]
 [-1.4224000e-02  8.9458368e-01  4.4665216e-01  1.7245000e+02]
 [ 9.8422400e-01  9.1084160e-02 -1.5097408e-01 -1.1646900e+03]
 [ 0.0000000e+00  0.0000000e+00  0.0000000e+00  1.0000000e+00]]
[+0107.33, +0081.74, -1090.71]
2212, 1865, 1013
[[-1.7692704e-01  4.3769296e-01 -8.8129072e-01  5.3960000e+01]
 [-1.3595680e-02  8.9447000e-01  4.4687624e-01  1.7246000e+02]
 [ 9.8390224e-01  9.1148720e-02 -1.5228040e-01 -1.1646700e+03]
 [ 0.0000000e+00  0.0000000e+00  0.0000000e+00  1.0000000e+00]]
[+0104.60, +0111.11, -1112.36]
2022, 2041, 1373
[[-1.7491252e-01  4.3790776e-01 -8.8157856e-01  5.4050000e+01]
 [-1.4208640e-02  8.9439782e-01  4.4700018e-01  1.7247000e+02]
 [ 9.8424696e-01  9.0817620e-02 -1.5019370e-01 -1.1646500e+03]
 [ 0.0000000e+00  0.0000000e+00  0.0000000e+00  1.0000000e+00]]
[+0108.22, +0078.04, -1089.94]
1994, 2129, 1314
[[-1.7513832e-01  4.3762588e-01 -8.8161932e-01  5.4020000e+01]
 [-1.4167880e-02  8.9452686e-01  4.4673362e-01  1.7249000e+02]
 [ 9.8415868e-01  9.0858380e-02 -1.5043482e-01 -1.1646800e+03]
 [ 0.0000000e+00  0.0000000e+00  0.0000000e+00  1.0000000e+00]]
[+0119.59, +0077.13, -1094.77]
2022, 2041, 1373
[[-1.7491252e-01  4.3805674e-01 -8.8154246e-01  5.4040000e+01]
 [-1.4059660e-02  8.9434092e-01  4.4712542e-01  1.7245000e+02]
 [ 9.8428306e-01  9.0692380e-02 -1.5025060e-01 -1.1646800e+03]
 [ 0.0000000e+00  0.0000000e+00  0.0000000e+00  1.0000000e+00]]
[+0106.11, +0079.30, -1089.92]
1698, 1879, 1280
[[-1.7401882e-01  4.3867534e-01 -8.8146910e-01  5.4140000e+01]
 [-1.3657660e-02  8.9411292e-01  4.4760370e-01  1.7249000e+02]
 [ 9.8449850e-01  8.9997500e-02 -1.4958490e-01 -1.1646800e+03]
 [ 0.0000000e+00  0.0000000e+00  0.0000000e+00  1.0000000e+00]]
[+0107.04, +0063.24, -1076.49]
2022, 2041, 1373
[[-1.7648458e-01  4.3733734e-01 -8.8155676e-01  5.3970000e+01]
 [-1.3595140e-02  8.9467110e-01  4.4647372e-01  1.7245000e+02]
 [ 9.8398244e-01  9.0882680e-02 -1.5192532e-01 -1.1646400e+03]
 [ 0.0000000e+00  0.0000000e+00  0.0000000e+00  1.0000000e+00]]
[+0107.23, +0081.86, -1090.69]
1615, 2111, 1419
[[-1.7476820e-01  4.3799130e-01 -8.8171230e-01  5.4050000e+01]
 [-1.3696260e-02  8.9442830e-01  4.4698118e-01  1.7247000e+02]
 [ 9.8441118e-01  9.0240700e-02 -1.5030754e-01 -1.1646400e+03]
 [ 0.0000000e+00  0.0000000e+00  0.0000000e+00  1.0000000e+00]]
[+0124.75, +0040.94, -1085.54]
1538, 2139, 1797
[[-1.7409104e-01  4.3753260e-01 -8.8206348e-01  5.4030000e+01]
 [-1.5195480e-02  8.9455280e-01  4.4668164e-01  1.7243000e+02]
 [ 9.8449980e-01  9.1217400e-02 -1.4907280e-01 -1.1647000e+03]
 [ 0.0000000e+00  0.0000000e+00  0.0000000e+00  1.0000000e+00]]
[+0107.80, +0010.86, -1088.81]
1615, 2111, 1419
[[-1.7416330e-01  4.3818134e-01 -8.8159272e-01  5.4090000e+01]
 [-1.4652860e-02  8.9425334e-01  4.4727504e-01  1.7248000e+02]
 [ 9.8437488e-01  9.0921840e-02 -1.4930000e-01 -1.1647000e+03]
 [ 0.0000000e+00  0.0000000e+00  0.0000000e+00  1.0000000e+00]]
[+0123.84, +0043.97, -1084.82]
1178, 1000, 1414
[[-1.7364000e-01  4.3947696e-01 -8.8117328e-01  5.4250000e+01]
 [-1.3680160e-02  8.9372472e-01  4.4838264e-01  1.7247000e+02]
 [ 9.8459088e-01  8.9967440e-02 -1.4916072e-01 -1.1646600e+03]
 [ 0.0000000e+00  0.0000000e+00  0.0000000e+00  1.0000000e+00]]
[+0029.23, +0021.30, -1070.79]
1615, 2111, 1419
[[-1.7476820e-01  4.3795524e-01 -8.8156332e-01  5.4040000e+01]
 [-1.3660200e-02  8.9442830e-01  4.4695270e-01  1.7247000e+02]
 [ 9.8426220e-01  9.0269180e-02 -1.5030754e-01 -1.1646700e+03]
 [ 0.0000000e+00  0.0000000e+00  0.0000000e+00  1.0000000e+00]]
[+0124.30, +0046.36, -1085.20]
1927, 1987, 1491
[[-1.7475906e-01  4.3790416e-01 -8.8176664e-01  5.4040000e+01]
 [-1.4857760e-02  8.9436702e-01  4.4706832e-01  1.7244000e+02]
 [ 9.8440424e-01  9.1273120e-02 -1.4978208e-01 -1.1647100e+03]
 [ 0.0000000e+00  0.0000000e+00  0.0000000e+00  1.0000000e+00]]
[+0095.22, +0070.89, -1082.50]
1615, 2111, 1419
[[-1.7387450e-01  4.3827582e-01 -8.8156224e-01  5.4090000e+01]
 [-1.3555980e-02  8.9431430e-01  4.4718056e-01  1.7249000e+02]
 [ 9.8440536e-01  8.9824960e-02 -1.4952784e-01 -1.1646600e+03]
 [ 0.0000000e+00  0.0000000e+00  0.0000000e+00  1.0000000e+00]]
[+0126.26, +0043.83, -1085.92]
1993, 1217, 890
[[-1.7475060e-01  4.3919808e-01 -8.8101256e-01  5.4180000e+01]
 [-1.4421200e-02  8.9373606e-01  4.4832258e-01  1.7247000e+02]
 [ 9.8431200e-01  9.1138100e-02 -1.4982570e-01 -1.1646900e+03]
 [ 0.0000000e+00  0.0000000e+00  0.0000000e+00  1.0000000e+00]]
[+0071.97, +0128.21, -1110.99]
1277, 1140, 1230
[[-1.7393778e-01  4.3932050e-01 -8.8118586e-01  5.4230000e+01]
 [-1.3764300e-02  8.9378190e-01  4.4826490e-01  1.7247000e+02]
 [ 9.8453114e-01  9.0157500e-02 -1.4940132e-01 -1.1646400e+03]
 [ 0.0000000e+00  0.0000000e+00  0.0000000e+00  1.0000000e+00]]
[+0053.61, +0045.47, -1058.73]
1993, 1217, 890
[[-1.7475060e-01  4.3960868e-01 -8.8075496e-01  5.4180000e+01]
 [-1.3938160e-02  8.9356476e-01  4.4866972e-01  1.7257000e+02]
 [ 9.8427172e-01  9.0790960e-02 -1.4999700e-01 -1.1646700e+03]
 [ 0.0000000e+00  0.0000000e+00  0.0000000e+00  1.0000000e+00]]
[+0072.61, +0127.80, -1110.34]
2147, 1375, 1250
[[-1.7595106e-01  4.3809900e-01 -8.8130124e-01  5.4060000e+01]
 [-1.4229240e-02  8.9425334e-01  4.4729280e-01  1.7242000e+02]
 [ 9.8408340e-01  9.1337760e-02 -1.5108776e-01 -1.1646500e+03]
 [ 0.0000000e+00  0.0000000e+00  0.0000000e+00  1.0000000e+00]]
[+0058.97, +0112.52, -1105.73]
1993, 1217, 890
[[-1.7378472e-01  4.3954252e-01 -8.8100340e-01  5.4240000e+01]
 [-1.4043480e-02  8.9363718e-01  4.4852650e-01  1.7250000e+02]
 [ 9.8446300e-01  9.0419100e-02 -1.4910354e-01 -1.1646600e+03]
 [ 0.0000000e+00  0.0000000e+00  0.0000000e+00  1.0000000e+00]]
[+0072.16, +0123.71, -1107.69]
1894, 1594, 766
[[-1.7379322e-01  4.3951660e-01 -8.8113466e-01  5.4230000e+01]
 [-1.3067000e-02  8.9375480e-01  4.4834300e-01  1.7253000e+02]
 [ 9.8458234e-01  8.9483800e-02 -1.4957298e-01 -1.1646400e+03]
 [ 0.0000000e+00  0.0000000e+00  0.0000000e+00  1.0000000e+00]]
[+0110.58, +0114.76, -1105.45]
1993, 1217, 890
[[-1.7520164e-01  4.3908126e-01 -8.8098594e-01  5.4160000e+01]
 [-1.3892340e-02  8.9382380e-01  4.4816522e-01  1.7247000e+02]
 [ 9.8424366e-01  9.0844420e-02 -1.5047860e-01 -1.1646400e+03]
 [ 0.0000000e+00  0.0000000e+00  0.0000000e+00  1.0000000e+00]]
[+0071.46, +0124.17, -1108.30]
2133, 1185, 1075
[[-1.7572530e-01  4.3864278e-01 -8.8103916e-01  5.4090000e+01]
 [-1.3935780e-02  8.9401022e-01  4.4778116e-01  1.7242000e+02]
 [ 9.8409516e-01  9.1075160e-02 -1.5096052e-01 -1.1646300e+03]
 [ 0.0000000e+00  0.0000000e+00  0.0000000e+00  1.0000000e+00]]
[+0056.07, +0122.88, -1116.17]
2130, 890, 785
[[-1.7571688e-01  4.3956192e-01 -8.8069128e-01  5.4210000e+01]
 [-1.4017920e-02  8.9354944e-01  4.4871648e-01  1.7247000e+02]
 [ 9.8419272e-01  9.1259520e-02 -1.5083368e-01 -1.1646400e+03]
 [ 0.0000000e+00  0.0000000e+00  0.0000000e+00  1.0000000e+00]]
[+0053.99, +0136.49, -1139.92]
2133, 1185, 1075
[[-1.7512930e-01  4.3854528e-01 -8.8127194e-01  5.4100000e+01]
 [-1.4250240e-02  8.9406720e-01  4.4766912e-01  1.7242000e+02]
 [ 9.8425562e-01  9.1042560e-02 -1.5030754e-01 -1.1646500e+03]
 [ 0.0000000e+00  0.0000000e+00  0.0000000e+00  1.0000000e+00]]
[+0056.91, +0122.81, -1116.13]
1920, 785, 1482
[[-1.7401012e-01  4.3911182e-01 -8.8108074e-01  5.4210000e+01]
 [-1.4151220e-02  8.9382380e-01  4.4813466e-01  1.7242000e+02]
 [ 9.8433846e-01  9.0585540e-02 -1.4928708e-01 -1.1646200e+03]
 [ 0.0000000e+00  0.0000000e+00  0.0000000e+00  1.0000000e+00]]
[+0004.17, +0086.11, -1123.91]
2133, 1185, 1075
[[-1.7557200e-01  4.3860280e-01 -8.8107840e-01  5.4110000e+01]
 [-1.4548800e-02  8.9397942e-01  4.4782114e-01  1.7243000e+02]
 [ 9.8410360e-01  9.1558860e-02 -1.5054858e-01 -1.1646600e+03]
 [ 0.0000000e+00  0.0000000e+00  0.0000000e+00  1.0000000e+00]]
[+0056.47, +0123.33, -1116.56]
1844, 1262, 999
[[-1.7378472e-01  4.3928096e-01 -8.8122468e-01  5.4210000e+01]
 [-1.4377440e-02  8.9375142e-01  4.4830444e-01  1.7249000e+02]
 [ 9.8453948e-01  9.0641160e-02 -1.4898930e-01 -1.1646800e+03]
 [ 0.0000000e+00  0.0000000e+00  0.0000000e+00  1.0000000e+00]]
[+0070.75, +0108.04, -1087.50]
2133, 1185, 1075
[[-1.7520164e-01  4.3867050e-01 -8.8124346e-01  5.4100000e+01]
 [-1.4375460e-02  8.9399486e-01  4.4781810e-01  1.7242000e+02]
 [ 9.8428410e-01  9.1191540e-02 -1.5030754e-01 -1.1646600e+03]
 [ 0.0000000e+00  0.0000000e+00  0.0000000e+00  1.0000000e+00]]
[+0056.39, +0123.46, -1117.02]
1635, 1397, 1016
[[-1.7446116e-01  4.3873326e-01 -8.8127558e-01  5.4120000e+01]
 [-1.3956380e-02  8.9402550e-01  4.4775534e-01  1.7235000e+02]
 [ 9.8434686e-01  9.0513820e-02 -1.4982570e-01 -1.1647700e+03]
 [ 0.0000000e+00  0.0000000e+00  0.0000000e+00  1.0000000e+00]]
[+0085.51, +0089.84, -1071.77]
1656, 2237, 946
[[-1.7610468e-01  4.3761510e-01 -8.8170454e-01  5.3910000e+01]
 [-1.4284700e-02  8.9451150e-01  4.4680890e-01  1.7252000e+02]
 [ 9.8422854e-01  9.1297700e-02 -1.5127218e-01 -1.1647700e+03]
 [ 0.0000000e+00  0.0000000e+00  0.0000000e+00  1.0000000e+00]]
[+0149.16, +0071.68, -1112.02]
1635, 1397, 1016
[[-1.7430794e-01  4.3899144e-01 -8.8124220e-01  5.4120000e+01]
 [-1.4271600e-02  8.9388086e-01  4.4804556e-01  1.7247000e+02]
 [ 9.8442756e-01  9.0747000e-02 -1.4952784e-01 -1.1647800e+03]
 [ 0.0000000e+00  0.0000000e+00  0.0000000e+00  1.0000000e+00]]
[+0082.47, +0091.67, -1073.15]
1511, 1422, 1292
[[-1.7386548e-01  4.3904630e-01 -8.8125058e-01  5.4150000e+01]
 [-1.3787900e-02  8.9391134e-01  4.4799070e-01  1.7248000e+02]
 [ 9.8446642e-01  9.0133900e-02 -1.4934418e-01 -1.1646800e+03]
 [ 0.0000000e+00  0.0000000e+00  0.0000000e+00  1.0000000e+00]]
[+0070.04, +0057.79, -1064.03]
1635, 1397, 1016
[[-1.7401012e-01  4.3899910e-01 -8.8126582e-01  5.4190000e+01]
 [-1.4336300e-02  8.9388086e-01  4.4803790e-01  1.7249000e+02]
 [ 9.8445118e-01  9.0682300e-02 -1.4923002e-01 -1.1646900e+03]
 [ 0.0000000e+00  0.0000000e+00  0.0000000e+00  1.0000000e+00]]
[+0084.35, +0093.40, -1073.25]
1875, 1399, 1123
[[-1.7521050e-01  4.3860900e-01 -8.8122530e-01  5.4080000e+01]
 [-1.3363000e-02  8.9411292e-01  4.4760540e-01  1.7240000e+02]
 [ 9.8425470e-01  9.0284600e-02 -1.5077658e-01 -1.1647500e+03]
 [ 0.0000000e+00  0.0000000e+00  0.0000000e+00  1.0000000e+00]]
[+0071.22, +0104.44, -1087.03]
1635, 1397, 1016
[[-1.7401012e-01  4.3929690e-01 -8.8119346e-01  5.4170000e+01]
 [-1.4038500e-02  8.9376670e-01  4.4828850e-01  1.7251000e+02]
 [ 9.8452354e-01  9.0431700e-02 -1.4934418e-01 -1.1647500e+03]
 [ 0.0000000e+00  0.0000000e+00  0.0000000e+00  1.0000000e+00]]
[+0085.08, +0089.76, -1071.78]
2000, 1042, 1464
[[-1.7639380e-01  4.3849064e-01 -8.8118428e-01  5.4050000e+01]
 [-1.4265880e-02  8.9405180e-01  4.4772376e-01  1.7236000e+02]
 [ 9.8415256e-01  9.1575320e-02 -1.5144276e-01 -1.1647000e+03]
 [ 0.0000000e+00  0.0000000e+00  0.0000000e+00  1.0000000e+00]]
[+0019.58, +0094.94, -1111.37]
2207, 1049, 1596
[[-1.7699012e-01  4.3787880e-01 -8.8128108e-01  5.3960000e+01]
 [-1.4733000e-02  8.9427916e-01  4.4723880e-01  1.7234000e+02]
 [ 9.8395992e-01  9.2205000e-02 -1.5181172e-01 -1.1646900e+03]
 [ 0.0000000e+00  0.0000000e+00  0.0000000e+00  1.0000000e+00]]
[+0016.83, +0094.61, -1126.03]
2000, 1042, 1464
[[-1.7549962e-01  4.3892462e-01 -8.8099832e-01  5.4090000e+01]
 [-1.3976620e-02  8.9388086e-01  4.4804768e-01  1.7243000e+02]
 [ 9.8418368e-01  9.1034320e-02 -1.5071952e-01 -1.1647400e+03]
 [ 0.0000000e+00  0.0000000e+00  0.0000000e+00  1.0000000e+00]]
[+0022.92, +0091.27, -1107.22]
2132, 1207, 1247
[[-1.7594244e-01  4.3845840e-01 -8.8124756e-01  5.4040000e+01]
 [-1.4943560e-02  8.9402076e-01  4.4775600e-01  1.7243000e+02]
 [ 9.8418480e-01  9.1994440e-02 -1.5073284e-01 -1.1647600e+03]
 [ 0.0000000e+00  0.0000000e+00  0.0000000e+00  1.0000000e+00]]
[+0047.30, +0113.28, -1110.58]
2000, 1042, 1464
[[-1.7497608e-01  4.3876724e-01 -8.8108976e-01  5.4080000e+01]
 [-1.4529160e-02  8.9392248e-01  4.4793088e-01  1.7244000e+02]
 [ 9.8418736e-01  9.1304320e-02 -1.5000960e-01 -1.1647600e+03]
 [ 0.0000000e+00  0.0000000e+00  0.0000000e+00  1.0000000e+00]]
[+0021.27, +0089.96, -1107.87]
1597, 2106, 2029
[[-1.7559016e-01  4.3694912e-01 -8.8188568e-01  5.3890000e+01]
 [-1.4271680e-02  8.9484144e-01  4.4610368e-01  1.7237000e+02]
 [ 9.8409512e-01  9.1036480e-02 -1.5086056e-01 -1.1647400e+03]
 [ 0.0000000e+00  0.0000000e+00  0.0000000e+00  1.0000000e+00]]
[+0087.22, -0000.23, -1093.62]
2000, 1042, 1464
[[-1.7527402e-01  4.3864674e-01 -8.8125118e-01  5.4040000e+01]
 [-1.4649660e-02  8.9397942e-01  4.4784186e-01  1.7242000e+02]
 [ 9.8427638e-01  9.1465740e-02 -1.5025060e-01 -1.1647500e+03]
 [ 0.0000000e+00  0.0000000e+00  0.0000000e+00  1.0000000e+00]]
[+0020.80, +0096.43, -1111.20]
991, 1551, 1055
[[-1.722325e-01  4.398389e-01 -8.810237e-01  5.420000e+01]
 [-1.278290e-02  8.936550e-01  4.485043e-01  1.725600e+02]
 [ 9.846307e-01  8.866370e-02 -1.482565e-01 -1.164780e+03]
 [ 0.000000e+00  0.000000e+00  0.000000e+00  1.000000e+00]]
[+0119.74, +0020.72, -1064.51]
982, 1499, 933
[[-1.7266642e-01  4.4003220e-01 -8.8114518e-01  5.4230000e+01]
 [-1.4166600e-02  8.9345036e-01  4.4892420e-01  1.7255000e+02]
 [ 9.8480682e-01  9.0029400e-02 -1.4802722e-01 -1.1648000e+03]
 [ 0.0000000e+00  0.0000000e+00  0.0000000e+00  1.0000000e+00]]
[+0122.93, +0031.17, -1061.87]
991, 1551, 1055
[[-1.7326996e-01  4.3950804e-01 -8.8118928e-01  5.4170000e+01]
 [-1.3470720e-02  8.9373980e-01  4.4835156e-01  1.7250000e+02]
 [ 9.8462196e-01  8.9628480e-02 -1.4892020e-01 -1.1647900e+03]
 [ 0.0000000e+00  0.0000000e+00  0.0000000e+00  1.0000000e+00]]
[+0119.36, +0019.32, -1064.86]
1590, 889, 1293
[[-1.7490370e-01  4.3908890e-01 -8.8100970e-01  5.4120000e+01]
 [-1.3957060e-02  8.9382380e-01  4.4815758e-01  1.7242000e+02]
 [ 9.8426742e-01  9.0779700e-02 -1.5018066e-01 -1.1647500e+03]
 [ 0.0000000e+00  0.0000000e+00  0.0000000e+00  1.0000000e+00]]
[+0016.34, +0078.46, -1088.11]
991, 1551, 1055
[[-1.7260234e-01  4.3965922e-01 -8.8104380e-01  5.4190000e+01]
 [-1.3141100e-02  8.9369750e-01  4.4840980e-01  1.7251000e+02]
 [ 9.8456372e-01  8.9128040e-02 -1.4843940e-01 -1.1647700e+03]
 [ 0.0000000e+00  0.0000000e+00  0.0000000e+00  1.0000000e+00]]
[+0121.30, +0020.69, -1065.38]
1736, 2121, 761
[[-1.7543634e-01  4.3802920e-01 -8.8133826e-01  5.3940000e+01]
 [-1.3620240e-02  8.9435616e-01  4.4708840e-01  1.7258000e+02]
 [ 9.8409410e-01  9.0575760e-02 -1.5090354e-01 -1.1647900e+03]
 [ 0.0000000e+00  0.0000000e+00  0.0000000e+00  1.0000000e+00]]
[+0147.39, +0087.34, -1118.39]
991, 1551, 1055
[[-1.7334226e-01  4.3963338e-01 -8.8116066e-01  5.4180000e+01]
 [-1.3596060e-02  8.9366750e-01  4.4850042e-01  1.7251000e+02]
 [ 9.8465058e-01  8.9777340e-02 -1.4892020e-01 -1.1647700e+03]
 [ 0.0000000e+00  0.0000000e+00  0.0000000e+00  1.0000000e+00]]
[+0116.90, +0019.27, -1064.22]
1567, 1485, 1447
[[-1.7460580e-01  4.3838802e-01 -8.8136326e-01  5.4040000e+01]
 [-1.4802660e-02  8.9410870e-01  4.4755218e-01  1.7244000e+02]
 [ 9.8425918e-01  9.1312740e-02 -1.4959786e-01 -1.1647800e+03]
 [ 0.0000000e+00  0.0000000e+00  0.0000000e+00  1.0000000e+00]]
[+0063.27, +0051.41, -1068.01]
1612, 1625, 1530
[[-1.7542728e-01  4.3827576e-01 -8.8146948e-01  5.4020000e+01]
 [-1.4519760e-02  8.9418104e-01  4.4745484e-01  1.7243000e+02]
 [ 9.8430852e-01  9.1329160e-02 -1.5049168e-01 -1.1647700e+03]
 [ 0.0000000e+00  0.0000000e+00  0.0000000e+00  1.0000000e+00]]
[+0070.31, +0047.14, -1070.13]
1567, 1485, 1447
[[-1.7438890e-01  4.3864412e-01 -8.8145304e-01  5.4060000e+01]
 [-1.3867240e-02  8.9409776e-01  4.4763492e-01  1.7244000e+02]
 [ 9.8446728e-01  9.0336360e-02 -1.4982570e-01 -1.1647600e+03]
 [ 0.0000000e+00  0.0000000e+00  0.0000000e+00  1.0000000e+00]]
[+0064.19, +0051.35, -1067.45]
1556, 1596, 1264
[[-1.7497608e-01  4.3880344e-01 -8.8123872e-01  5.4080000e+01]
 [-1.4565360e-02  8.9392248e-01  4.4795936e-01  1.7247000e+02]
 [ 9.8433632e-01  9.1275840e-02 -1.5000960e-01 -1.1648000e+03]
 [ 0.0000000e+00  0.0000000e+00  0.0000000e+00  1.0000000e+00]]
[+0089.02, +0062.65, -1066.87]
1567, 1485, 1447
[[-1.7483136e-01  4.3855296e-01 -8.8129568e-01  5.4060000e+01]
 [-1.4314880e-02  8.9406720e-01  4.4766144e-01  1.7244000e+02]
 [ 9.8427936e-01  9.0977920e-02 -1.5000960e-01 -1.1647600e+03]
 [ 0.0000000e+00  0.0000000e+00  0.0000000e+00  1.0000000e+00]]
[+0062.86, +0049.99, -1067.78]
825, 1642, 1584
[[-1.7290000e-01  4.3912864e-01 -8.8146248e-01  5.4150000e+01]
 [-1.3743920e-02  8.9392646e-01  4.4797306e-01  1.7249000e+02]
 [ 9.8469344e-01  8.9637020e-02 -1.4850810e-01 -1.1647900e+03]
 [ 0.0000000e+00  0.0000000e+00  0.0000000e+00  1.0000000e+00]]
[+0098.76, -0032.94, -1097.89]
1567, 1485, 1447
[[-1.7453346e-01  4.3885852e-01 -8.8124706e-01  5.4070000e+01]
 [-1.4081640e-02  8.9395320e-01  4.4790428e-01  1.7246000e+02]
 [ 9.8437538e-01  9.0662760e-02 -1.4982570e-01 -1.1648000e+03]
 [ 0.0000000e+00  0.0000000e+00  0.0000000e+00  1.0000000e+00]]
[+0064.33, +0053.61, -1067.75]
1406, 1675, 1938
[[-1.7468680e-01  4.3789172e-01 -8.8160996e-01  5.3970000e+01]
 [-1.4547400e-02  8.9438246e-01  4.4701622e-01  1.7238000e+02]
 [ 9.8426300e-01  9.1027300e-02 -1.4983890e-01 -1.1647700e+03]
 [ 0.0000000e+00  0.0000000e+00  0.0000000e+00  1.0000000e+00]]
[+0057.71, -0004.36, -1089.18]
1545, 1489, 1979
[[-1.7528272e-01  4.3802532e-01 -8.8152636e-01  5.3970000e+01]
 [-1.4269320e-02  8.9432560e-01  4.4715684e-01  1.7239000e+02]
 [ 9.8425164e-01  9.1031160e-02 -1.5049168e-01 -1.1647400e+03]
 [ 0.0000000e+00  0.0000000e+00  0.0000000e+00  1.0000000e+00]]
[+0032.95, +0010.52, -1093.73]
1406, 1675, 1938
[[-1.7453346e-01  4.3844786e-01 -8.8150448e-01  5.4020000e+01]
 [-1.4564620e-02  8.9412414e-01  4.4755696e-01  1.7243000e+02]
 [ 9.8441584e-01  9.1010080e-02 -1.4965476e-01 -1.1647700e+03]
 [ 0.0000000e+00  0.0000000e+00  0.0000000e+00  1.0000000e+00]]
[+0059.59, -0002.55, -1087.68]
1730, 1940, 2040
[[-1.7587880e-01  4.3741380e-01 -8.8162320e-01  5.3880000e+01]
 [-1.4736360e-02  8.9455280e-01  4.4667148e-01  1.7237000e+02]
 [ 9.8405952e-01  9.1661000e-02 -1.5086056e-01 -1.1647800e+03]
 [ 0.0000000e+00  0.0000000e+00  0.0000000e+00  1.0000000e+00]]
[+0065.01, +0015.11, -1088.04]
1406, 1675, 1938
[[-1.7393778e-01  4.3846326e-01 -8.8155172e-01  5.4040000e+01]
 [-1.4693860e-02  8.9412414e-01  4.4754156e-01  1.7242000e+02]
 [ 9.8446308e-01  9.0880840e-02 -1.4905908e-01 -1.1647900e+03]
 [ 0.0000000e+00  0.0000000e+00  0.0000000e+00  1.0000000e+00]]
[+0057.77, -0002.07, -1087.97]
1571, 1680, 1402
[[-1.7520164e-01  4.3837254e-01 -8.8131582e-01  5.4050000e+01]
 [-1.4673420e-02  8.9410870e-01  4.4756766e-01  1.7245000e+02]
 [ 9.8421174e-01  9.1441980e-02 -1.5019370e-01 -1.1647700e+03]
 [ 0.0000000e+00  0.0000000e+00  0.0000000e+00  1.0000000e+00]]
[+0085.83, +0053.49, -1068.29]
1406, 1675, 1938
[[-1.7498474e-01  4.3788402e-01 -8.8158624e-01  5.4000000e+01]
 [-1.4482860e-02  8.9438246e-01  4.4702392e-01  1.7239000e+02]
 [ 9.8423928e-01  9.1091840e-02 -1.5013684e-01 -1.1647500e+03]
 [ 0.0000000e+00  0.0000000e+00  0.0000000e+00  1.0000000e+00]]
[+0057.22, -0004.13, -1089.21]
2185, 2190, 1226
[[-1.8022048e-01  4.3568032e-01 -8.8177184e-01  5.3550000e+01]
 [-1.3887680e-02  8.9532512e-01  4.4517856e-01  1.7253000e+02]
 [ 9.8343584e-01  9.2517440e-02 -1.5529536e-01 -1.1648100e+03]
 [ 0.0000000e+00  0.0000000e+00  0.0000000e+00  1.0000000e+00]]
[+0115.19, +0087.07, -1101.45]
2242, 2132, 1322
[[-1.7939652e-01  4.3653902e-01 -8.8148746e-01  5.3670000e+01]
 [-1.3422820e-02  8.9497020e-01  4.4590094e-01  1.7248000e+02]
 [ 9.8356814e-01  9.1877660e-02 -1.5468228e-01 -1.1648100e+03]
 [ 0.0000000e+00  0.0000000e+00  0.0000000e+00  1.0000000e+00]]
[+0106.20, +0089.53, -1100.00]
2185, 2190, 1226
[[-1.7984980e-01  4.3526450e-01 -8.8189650e-01  5.3510000e+01]
 [-1.4125700e-02  8.9550998e-01  4.4477166e-01  1.7256000e+02]
 [ 9.8336010e-01  9.2553660e-02 -1.5488378e-01 -1.1647700e+03]
 [ 0.0000000e+00  0.0000000e+00  0.0000000e+00  1.0000000e+00]]
[+0112.89, +0088.92, -1102.44]
2189, 1533, 833
[[-1.7800708e-01  4.3959700e-01 -8.8010180e-01  5.3900000e+01]
 [-1.6153000e-02  8.9320542e-01  4.4930930e-01  1.7232000e+02]
 [ 9.8364820e-01  9.4309300e-02 -1.5186850e-01 -1.1646600e+03]
 [ 0.0000000e+00  0.0000000e+00  0.0000000e+00  1.0000000e+00]]
[+0093.42, +0125.64, -1122.89]
2185, 2190, 1226
[[-1.7982034e-01  4.3753816e-01 -8.8081680e-01  5.3640000e+01]
 [-1.4777200e-02  8.9430446e-01  4.4717616e-01  1.7246000e+02]
 [ 9.8339184e-01  9.3516000e-02 -1.5432704e-01 -1.1647300e+03]
 [ 0.0000000e+00  0.0000000e+00  0.0000000e+00  1.0000000e+00]]
[+0113.79, +0089.34, -1103.64]
1070, 1887, 1717
[[-1.7360136e-01  4.4454664e-01 -8.7855368e-01  5.4440000e+01]
 [-1.4332720e-02  8.9105720e-01  4.5362536e-01  1.7228000e+02]
 [ 9.8451656e-01  9.1431280e-02 -1.4829520e-01 -1.1646400e+03]
 [ 0.0000000e+00  0.0000000e+00  0.0000000e+00  1.0000000e+00]]
[+0098.39, -0020.65, -1096.16]
2185, 2190, 1226
[[-1.7941328e-01  4.4160684e-01 -8.7875532e-01  5.3940000e+01]
 [-1.5307560e-02  8.9218118e-01  4.5135916e-01  1.7235000e+02]
 [ 9.8335812e-01  9.4566440e-02 -1.5327610e-01 -1.1647100e+03]
 [ 0.0000000e+00  0.0000000e+00  0.0000000e+00  1.0000000e+00]]
[+0115.25, +0086.55, -1101.69]
1760, 1857, 2093
[[-1.7552656e-01  4.4420528e-01 -8.7824080e-01  5.4300000e+01]
 [-1.6736800e-02  8.9089880e-01  4.5383560e-01  1.7218000e+02]
 [ 9.8404528e-01  9.4490960e-02 -1.4890920e-01 -1.1646600e+03]
 [ 0.0000000e+00  0.0000000e+00  0.0000000e+00  1.0000000e+00]]
[+0052.57, +0009.29, -1093.34]
1663, 1791, 2163
[[-1.7575060e-01  4.4410888e-01 -8.7839464e-01  5.4290000e+01]
 [-1.6582960e-02  8.9097246e-01  4.5372358e-01  1.7215000e+02]
 [ 9.8414168e-01  9.4378940e-02 -1.4920690e-01 -1.1646300e+03]
 [ 0.0000000e+00  0.0000000e+00  0.0000000e+00  1.0000000e+00]]
[+0046.81, -0000.53, -1099.73]
1760, 1857, 2093
[[-1.7590114e-01  4.4429722e-01 -8.7831798e-01  5.4270000e+01]
 [-1.5820580e-02  8.9094716e-01  4.5380922e-01  1.7219000e+02]
 [ 9.8417082e-01  9.3771420e-02 -1.4967714e-01 -1.1646400e+03]
 [ 0.0000000e+00  0.0000000e+00  0.0000000e+00  1.0000000e+00]]
[+0055.72, +0013.22, -1090.74]
1974, 860, 1467
[[-1.7626706e-01  4.4576700e-01 -8.7752526e-01  5.4410000e+01]
 [-1.6454760e-02  8.9011064e-01  4.5542980e-01  1.7217000e+02]
 [ 9.8411790e-01  9.4756760e-02 -1.4955226e-01 -1.1646200e+03]
 [ 0.0000000e+00  0.0000000e+00  0.0000000e+00  1.0000000e+00]]
[+0008.55, +0093.77, -1122.18]
1760, 1857, 2093
[[-1.7634612e-01  4.4439048e-01 -8.7827344e-01  5.4270000e+01]
 [-1.6154080e-02  8.9085750e-01  4.5398994e-01  1.7214000e+02]
 [ 9.8416776e-01  9.4259860e-02 -1.4991738e-01 -1.1646200e+03]
 [ 0.0000000e+00  0.0000000e+00  0.0000000e+00  1.0000000e+00]]
[+0055.77, +0010.39, -1091.96]
1145, 2105, 1485
[[-1.7471042e-01  4.4533404e-01 -8.7800652e-01  5.4410000e+01]
 [-1.5004440e-02  8.9054326e-01  4.5462456e-01  1.7228000e+02]
 [ 9.8437428e-01  9.2661840e-02 -1.4889032e-01 -1.1646500e+03]
 [ 0.0000000e+00  0.0000000e+00  0.0000000e+00  1.0000000e+00]]
[+0133.51, +0000.72, -1099.18]
1760, 1857, 2093
[[-1.7671760e-01  4.4417280e-01 -8.7814560e-01  5.4230000e+01]
 [-1.6474560e-02  8.9089880e-01  4.5386808e-01  1.7211000e+02]
 [ 9.8395008e-01  9.4753200e-02 -1.5010024e-01 -1.1646100e+03]
 [ 0.0000000e+00  0.0000000e+00  0.0000000e+00  1.0000000e+00]]
[+0050.19, +0016.08, -1092.23]
2136, 1506, 2058
[[-1.7783252e-01  4.4403954e-01 -8.7794934e-01  5.4200000e+01]
 [-1.7062860e-02  8.9084972e-01  4.5393578e-01  1.7205000e+02]
 [ 9.8370474e-01  9.5800420e-02 -1.5082180e-01 -1.1646200e+03]
 [ 0.0000000e+00  0.0000000e+00  0.0000000e+00  1.0000000e+00]]
[+0022.63, +0057.04, -1106.82]
2233, 1714, 1987
[[-1.7783562e-01  4.4412754e-01 -8.7789266e-01  5.4200000e+01]
 [-1.5901540e-02  8.9091500e-01  4.5384778e-01  1.7211000e+02]
 [ 9.8371334e-01  9.4770220e-02 -1.5134938e-01 -1.1646200e+03]
 [ 0.0000000e+00  0.0000000e+00  0.0000000e+00  1.0000000e+00]]
[+0041.47, +0065.52, -1098.13]
2136, 1506, 2058
[[-1.7597472e-01  4.4442232e-01 -8.7828920e-01  5.4320000e+01]
 [-1.5945680e-02  8.9087358e-01  4.5395810e-01  1.7208000e+02]
 [ 9.8419960e-01  9.3920300e-02 -1.4967714e-01 -1.1645900e+03]
 [ 0.0000000e+00  0.0000000e+00  0.0000000e+00  1.0000000e+00]]
[+0021.72, +0055.19, -1108.44]
1852, 1490, 1624
[[-1.7448642e-01  4.4583982e-01 -8.7759326e-01  5.4480000e+01]
 [-1.4675380e-02  8.9029598e-01  4.5508306e-01  1.7219000e+02]
 [ 9.8423966e-01  9.2427340e-02 -1.4876644e-01 -1.1645800e+03]
 [ 0.0000000e+00  0.0000000e+00  0.0000000e+00  1.0000000e+00]]
[+0049.42, +0059.55, -1079.42]
2136, 1506, 2058
[[-1.7708916e-01  4.4399182e-01 -8.7816670e-01  5.4230000e+01]
 [-1.6831900e-02  8.9093990e-01  4.5377510e-01  1.7200000e+02]
 [ 9.8388118e-01  9.5217740e-02 -1.5028330e-01 -1.1645700e+03]
 [ 0.0000000e+00  0.0000000e+00  0.0000000e+00  1.0000000e+00]]
[+0022.50, +0054.93, -1107.04]
1855, 1696, 2234
[[-1.7508162e-01  4.4440958e-01 -8.7821154e-01  5.4340000e+01]
 [-1.6105620e-02  8.9087358e-01  4.5390526e-01  1.7207000e+02]
 [ 9.8412194e-01  9.3752340e-02 -1.4878404e-01 -1.1646100e+03]
 [ 0.0000000e+00  0.0000000e+00  0.0000000e+00  1.0000000e+00]]
[+0034.78, +0013.73, -1103.25]
2136, 1506, 2058
[[-1.7649348e-01  4.4441802e-01 -8.7795498e-01  5.4320000e+01]
 [-1.6479420e-02  8.9076764e-01  4.5410518e-01  1.7207000e+02]
 [ 9.8389062e-01  9.4740220e-02 -1.4985988e-01 -1.1646100e+03]
 [ 0.0000000e+00  0.0000000e+00  0.0000000e+00  1.0000000e+00]]
[+0023.43, +0058.26, -1106.69]
1263, 1014, 1071
[[-1.7403624e-01  4.4687500e-01 -8.7726756e-01  5.4620000e+01]
 [-1.5289560e-02  8.8973766e-01  4.5617330e-01  1.7221000e+02]
 [ 9.8440940e-01  9.2900940e-02 -1.4798994e-01 -1.1646300e+03]
 [ 0.0000000e+00  0.0000000e+00  0.0000000e+00  1.0000000e+00]]
[+0050.63, +0060.93, -1057.48]
1434, 1008, 953
[[-1.7381490e-01  4.4698248e-01 -8.7739276e-01  5.4630000e+01]
 [-1.4504720e-02  8.8978470e-01  4.5613176e-01  1.7226000e+02]
 [ 9.8458164e-01  9.2050160e-02 -1.4816424e-01 -1.1646300e+03]
 [ 0.0000000e+00  0.0000000e+00  0.0000000e+00  1.0000000e+00]]
[+0055.79, +0089.58, -1066.22]
1263, 1014, 1071
[[-1.7314640e-01  4.4657544e-01 -8.7754248e-01  5.4610000e+01]
 [-1.4808720e-02  8.8997464e-01  4.5571704e-01  1.7221000e+02]
 [ 9.8452584e-01  9.2020080e-02 -1.4745320e-01 -1.1646400e+03]
 [ 0.0000000e+00  0.0000000e+00  0.0000000e+00  1.0000000e+00]]
[+0049.43, +0059.53, -1057.57]
1437, 1001, 1326
[[-1.7440986e-01  4.4622312e-01 -8.7752994e-01  5.4560000e+01]
 [-1.5116640e-02  8.9007500e-01  4.5552152e-01  1.7219000e+02]
 [ 9.8435022e-01  9.2807840e-02 -1.4846890e-01 -1.1646100e+03]
 [ 0.0000000e+00  0.0000000e+00  0.0000000e+00  1.0000000e+00]]
[+0026.72, +0058.56, -1073.63]
1263, 1014, 1071
[[-1.7411236e-01  4.4678910e-01 -8.7725734e-01  5.4610000e+01]
 [-1.4550660e-02  8.8984284e-01  4.5598530e-01  1.7223000e+02]
 [ 9.8437250e-01  9.2270340e-02 -1.4840356e-01 -1.1646300e+03]
 [ 0.0000000e+00  0.0000000e+00  0.0000000e+00  1.0000000e+00]]
[+0049.26, +0061.51, -1057.74]
1287, 1573, 1080
[[-1.7411236e-01  4.4623100e-01 -8.7755352e-01  5.4520000e+01]
 [-1.5182480e-02  8.9007500e-01  4.5551364e-01  1.7223000e+02]
 [ 9.8437380e-01  9.2742000e-02 -1.4817140e-01 -1.1646300e+03]
 [ 0.0000000e+00  0.0000000e+00  0.0000000e+00  1.0000000e+00]]
[+0109.49, +0050.24, -1063.72]
1263, 1014, 1071
[[-1.7351748e-01  4.4680470e-01 -8.7730442e-01  5.4620000e+01]
 [-1.4682500e-02  8.8984284e-01  4.5596970e-01  1.7220000e+02]
 [ 9.8441958e-01  9.2138500e-02 -1.4780868e-01 -1.1645900e+03]
 [ 0.0000000e+00  0.0000000e+00  0.0000000e+00  1.0000000e+00]]
[+0050.15, +0060.54, -1057.44]
1887, 2207, 1513
[[-1.7642320e-01  4.4415616e-01 -8.7829912e-01  5.4260000e+01]
 [-1.5564400e-02  8.9102070e-01  4.5367630e-01  1.7219000e+02]
 [ 9.8409440e-01  9.3753620e-02 -1.5027274e-01 -1.1646500e+03]
 [ 0.0000000e+00  0.0000000e+00  0.0000000e+00  1.0000000e+00]]
[+0116.12, +0057.69, -1089.57]
1773, 2195, 2125
[[-1.7537928e-01  4.4373096e-01 -8.7866952e-01  5.4260000e+01]
 [-1.6857840e-02  8.9116088e-01  4.5334504e-01  1.7208000e+02]
 [ 9.8421192e-01  9.4386160e-02 -1.4879440e-01 -1.1646600e+03]
 [ 0.0000000e+00  0.0000000e+00  0.0000000e+00  1.0000000e+00]]
[+0080.24, +0008.58, -1094.14]
1887, 2207, 1513
[[-1.7605188e-01  4.4433686e-01 -8.7827826e-01  5.4300000e+01]
 [-1.5207060e-02  8.9097900e-01  4.5376958e-01  1.7219000e+02]
 [ 9.8416294e-01  9.3289020e-02 -1.5009012e-01 -1.1646500e+03]
 [ 0.0000000e+00  0.0000000e+00  0.0000000e+00  1.0000000e+00]]
[+0116.66, +0058.61, -1089.74]
1835, 1867, 1496
[[-1.7440986e-01  4.4510676e-01 -8.7812234e-01  5.4430000e+01]
 [-1.6380440e-02  8.9053740e-01  4.5457788e-01  1.7217000e+02]
 [ 9.8435286e-01  9.3751480e-02 -1.4800650e-01 -1.1646600e+03]
 [ 0.0000000e+00  0.0000000e+00  0.0000000e+00  1.0000000e+00]]
[+0085.60, +0062.98, -1077.25]
1887, 2207, 1513
[[-1.7612538e-01  4.4401524e-01 -8.7835972e-01  5.4280000e+01]
 [-1.5778840e-02  8.9107824e-01  4.5354324e-01  1.7219000e+02]
 [ 9.8408148e-01  9.3813160e-02 -1.4991738e-01 -1.1646500e+03]
 [ 0.0000000e+00  0.0000000e+00  0.0000000e+00  1.0000000e+00]]
[+0116.75, +0058.38, -1089.83]
2091, 2174, 1550
[[-1.7724340e-01  4.4408272e-01 -8.7792144e-01  5.4260000e+01]
 [-1.5020320e-02  8.9103662e-01  4.5361866e-01  1.7217000e+02]
 [ 9.8373264e-01  9.3733860e-02 -1.5122402e-01 -1.1646100e+03]
 [ 0.0000000e+00  0.0000000e+00  0.0000000e+00  1.0000000e+00]]
[+0101.95, +0072.34, -1090.82]
1887, 2207, 1513
[[-1.7515524e-01  4.4468354e-01 -8.7814594e-01  5.4380000e+01]
 [-1.6081940e-02  8.9074238e-01  4.5417922e-01  1.7223000e+02]
 [ 9.8418754e-01  9.3776020e-02 -1.4884162e-01 -1.1646600e+03]
 [ 0.0000000e+00  0.0000000e+00  0.0000000e+00  1.0000000e+00]]
[+0117.80, +0055.64, -1089.91]
1419, 1106, 921
[[-1.7381490e-01  4.4664818e-01 -8.7731776e-01  5.4600000e+01]
 [-1.4765300e-02  8.8990094e-01  4.5585232e-01  1.7222000e+02]
 [ 9.8435920e-01  9.2329600e-02 -1.4804800e-01 -1.1646400e+03]
 [ 0.0000000e+00  0.0000000e+00  0.0000000e+00  1.0000000e+00]]
[+0068.30, +0087.67, -1063.59]
1150, 1193, 912
[[-1.7374120e-01  4.4696916e-01 -8.7723628e-01  5.4620000e+01]
 [-1.4193960e-02  8.8980022e-01  4.5607914e-01  1.7227000e+02]
 [ 9.8444068e-01  9.1805340e-02 -1.4822242e-01 -1.1646100e+03]
 [ 0.0000000e+00  0.0000000e+00  0.0000000e+00  1.0000000e+00]]
[+0088.20, +0057.00, -1051.63]
1419, 1106, 921
[[-1.7381490e-01  4.4664818e-01 -8.7731776e-01  5.4590000e+01]
 [-1.4765300e-02  8.8990094e-01  4.5585232e-01  1.7223000e+02]
 [ 9.8435920e-01  9.2329600e-02 -1.4804800e-01 -1.1646500e+03]
 [ 0.0000000e+00  0.0000000e+00  0.0000000e+00  1.0000000e+00]]
[+0068.64, +0089.04, -1063.88]
1471, 1380, 2066
[[-1.7545012e-01  4.4499838e-01 -8.7791882e-01  5.4390000e+01]
 [-1.6694420e-02  8.9050508e-01  4.5462058e-01  1.7211000e+02]
 [ 9.8411702e-01  9.4525220e-02 -1.4878404e-01 -1.1646300e+03]
 [ 0.0000000e+00  0.0000000e+00  0.0000000e+00  1.0000000e+00]]
[+0024.11, +0001.29, -1105.10]
1419, 1106, 921
[[-1.7381490e-01  4.4694562e-01 -8.7724404e-01  5.4610000e+01]
 [-1.4467860e-02  8.8978470e-01  4.5610268e-01  1.7224000e+02]
 [ 9.8443292e-01  9.2079240e-02 -1.4816424e-01 -1.1646100e+03]
 [ 0.0000000e+00  0.0000000e+00  0.0000000e+00  1.0000000e+00]]
[+0068.41, +0087.57, -1063.50]
1514, 1393, 847
[[-1.7440986e-01  4.4663254e-01 -8.7727060e-01  5.4560000e+01]
 [-1.4633500e-02  8.8990094e-01  4.5586796e-01  1.7224000e+02]
 [ 9.8431204e-01  9.2461400e-02 -1.4864296e-01 -1.1646400e+03]
 [ 0.0000000e+00  0.0000000e+00  0.0000000e+00  1.0000000e+00]]
[+0100.15, +0095.37, -1073.18]
1419, 1106, 921
[[-1.7411236e-01  4.4667722e-01 -8.7744294e-01  5.4580000e+01]
 [-1.4736260e-02  8.8990094e-01  4.5588918e-01  1.7221000e+02]
 [ 9.8448438e-01  9.2366460e-02 -1.4834546e-01 -1.1646400e+03]
 [ 0.0000000e+00  0.0000000e+00  0.0000000e+00  1.0000000e+00]]
[+0066.89, +0086.35, -1063.29]
1949, 1249, 1293
[[-1.7560026e-01  4.4559624e-01 -8.7758266e-01  5.4450000e+01]
 [-1.5448640e-02  8.9030652e-01  4.5505272e-01  1.7219000e+02]
 [ 9.8410806e-01  9.3571520e-02 -1.4942778e-01 -1.1646100e+03]
 [ 0.0000000e+00  0.0000000e+00  0.0000000e+00  1.0000000e+00]]
[+0046.25, +0100.58, -1093.76]
844, 1574, 1226
[[-1.7307274e-01  4.4674756e-01 -8.7749788e-01  5.4630000e+01]
 [-1.4386120e-02  8.8993206e-01  4.5581884e-01  1.7227000e+02]
 [ 9.8457044e-01  9.1620920e-02 -1.4756944e-01 -1.1646300e+03]
 [ 0.0000000e+00  0.0000000e+00  0.0000000e+00  1.0000000e+00]]
[+0112.70, -0008.15, -1074.54]
1949, 1249, 1293
[[-1.7522890e-01  4.4566476e-01 -8.7774728e-01  5.4460000e+01]
 [-1.5277320e-02  8.9032240e-01  4.5504996e-01  1.7217000e+02]
 [ 9.8428856e-01  9.3202920e-02 -1.4918794e-01 -1.1646100e+03]
 [ 0.0000000e+00  0.0000000e+00  0.0000000e+00  1.0000000e+00]]
[+0045.77, +0101.62, -1094.50]
2111, 1829, 1432
[[-1.7686818e-01  4.4432466e-01 -8.7791980e-01  5.4290000e+01]
 [-1.5675340e-02  8.9087358e-01  4.5392460e-01  1.7215000e+02]
 [ 9.8383020e-01  9.4174600e-02 -1.5057060e-01 -1.1646100e+03]
 [ 0.0000000e+00  0.0000000e+00  0.0000000e+00  1.0000000e+00]]
[+0083.31, +0090.49, -1090.41]
1949, 1249, 1293
[[-1.7530260e-01  4.4619948e-01 -8.7745896e-01  5.4520000e+01]
 [-1.4919120e-02  8.9007500e-01  4.5554516e-01  1.7221000e+02]
 [ 9.8427924e-01  9.3005360e-02 -1.4936164e-01 -1.1646300e+03]
 [ 0.0000000e+00  0.0000000e+00  0.0000000e+00  1.0000000e+00]]
[+0046.50, +0098.17, -1093.01]
1847, 1075, 2136
[[-1.7597170e-01  4.4444736e-01 -8.7815962e-01  5.4350000e+01]
 [-1.6921440e-02  8.9075136e-01  4.5414144e-01  1.7202000e+02]
 [ 9.8407898e-01  9.4854240e-02 -1.4920690e-01 -1.1645900e+03]
 [ 0.0000000e+00  0.0000000e+00  0.0000000e+00  1.0000000e+00]]
[+0000.02, +0034.82, -1130.35]
1949, 1249, 1293
[[-1.7567400e-01  4.4587016e-01 -8.7751688e-01  5.4480000e+01]
 [-1.5424880e-02  8.9017496e-01  4.5532664e-01  1.7218000e+02]
 [ 9.8417384e-01  9.3595280e-02 -1.4948560e-01 -1.1646300e+03]
 [ 0.0000000e+00  0.0000000e+00  0.0000000e+00  1.0000000e+00]]
[+0047.32, +0098.28, -1092.50]
1511, 876, 1763
[[-1.7522632e-01  4.4554112e-01 -8.7765416e-01  5.4490000e+01]
 [-1.6401920e-02  8.9025840e-01  4.5510784e-01  1.7214000e+02]
 [ 9.8413144e-01  9.4261760e-02 -1.4865928e-01 -1.1645800e+03]
 [ 0.0000000e+00  0.0000000e+00  0.0000000e+00  1.0000000e+00]]
[-0004.25, +0033.66, -1112.63]
1537, 925, 1071
[[-1.7425988e-01  4.4659320e-01 -8.7730992e-01  5.4580000e+01]
 [-1.5247200e-02  8.8986950e-01  4.5590730e-01  1.7220000e+02]
 [ 9.8431992e-01  9.2943300e-02 -1.4822938e-01 -1.1646300e+03]
 [ 0.0000000e+00  0.0000000e+00  0.0000000e+00  1.0000000e+00]]
[+0036.89, +0089.63, -1076.40]
1511, 876, 1763
[[-1.7470740e-01  4.4562012e-01 -8.7765376e-01  5.4480000e+01]
 [-1.5645920e-02  8.9030652e-01  4.5502884e-01  1.7210000e+02]
 [ 9.8417916e-01  9.3374240e-02 -1.4853492e-01 -1.1645800e+03]
 [ 0.0000000e+00  0.0000000e+00  0.0000000e+00  1.0000000e+00]]
[-0004.56, +0034.00, -1112.95]
1609, 1113, 1783
[[-1.7507872e-01  4.4562536e-01 -8.7778688e-01  5.4460000e+01]
 [-1.5890960e-02  8.9029056e-01  4.5508936e-01  1.7216000e+02]
 [ 9.8429632e-01  9.3685040e-02 -1.4877472e-01 -1.1646400e+03]
 [ 0.0000000e+00  0.0000000e+00  0.0000000e+00  1.0000000e+00]]
[+0011.27, +0038.60, -1096.74]
1511, 876, 1763
[[-1.7396500e-01  4.4612938e-01 -8.7757466e-01  5.4540000e+01]
 [-1.4783380e-02  8.9016438e-01  4.5534134e-01  1.7217000e+02]
 [ 9.8435266e-01  9.2319340e-02 -1.4822938e-01 -1.1646100e+03]
 [ 0.0000000e+00  0.0000000e+00  0.0000000e+00  1.0000000e+00]]
[-0003.72, +0035.25, -1112.01]
1616, 832, 1763
[[-1.7530018e-01  4.4581504e-01 -8.7758838e-01  5.4490000e+01]
 [-1.6378240e-02  8.9012684e-01  4.5538176e-01  1.7214000e+02]
 [ 9.8419722e-01  9.4285440e-02 -1.4871698e-01 -1.1646200e+03]
 [ 0.0000000e+00  0.0000000e+00  0.0000000e+00  1.0000000e+00]]
[-0007.28, +0046.53, -1119.53]
1511, 876, 1763
[[-1.7470740e-01  4.4595454e-01 -8.7772882e-01  5.4510000e+01]
 [-1.5385220e-02  8.9019084e-01  4.5530806e-01  1.7215000e+02]
 [ 9.8440166e-01  9.3095020e-02 -1.4865060e-01 -1.1646000e+03]
 [ 0.0000000e+00  0.0000000e+00  0.0000000e+00  1.0000000e+00]]
[-0002.40, +0034.42, -1110.31]
1041, 1771, 806
[[-1.7344378e-01  4.4686504e-01 -8.7744534e-01  5.4630000e+01]
 [-1.4445440e-02  8.8985840e-01  4.5597528e-01  1.7231000e+02]
 [ 9.8457606e-01  9.1835520e-02 -1.4786682e-01 -1.1646600e+03]
 [ 0.0000000e+00  0.0000000e+00  0.0000000e+00  1.0000000e+00]]
[+0152.37, +0042.27, -1084.49]
773, 1727, 863
[[-1.7299650e-01  4.4698242e-01 -8.7747094e-01  5.4670000e+01]
 [-1.4976460e-02  8.8976910e-01  4.5613182e-01  1.7232000e+02]
 [ 9.8464422e-01  9.2126260e-02 -1.4721396e-01 -1.1646600e+03]
 [ 0.0000000e+00  0.0000000e+00  0.0000000e+00  1.0000000e+00]]
[+0150.79, +0013.18, -1086.38]
1041, 1771, 806
[[-1.7359392e-01  4.4660688e-01 -8.7748000e-01  5.4580000e+01]
 [-1.4129120e-02  8.9000568e-01  4.5568560e-01  1.7227000e+02]
 [ 9.8449440e-01  9.1604000e-02 -1.4816424e-01 -1.1646500e+03]
 [ 0.0000000e+00  0.0000000e+00  0.0000000e+00  1.0000000e+00]]
[+0151.69, +0043.04, -1084.11]
1056, 1857, 941
[[-1.7366754e-01  4.4598848e-01 -8.7763502e-01  5.4530000e+01]
 [-1.4997920e-02  8.9022236e-01  4.5520832e-01  1.7227000e+02]
 [ 9.8433938e-01  9.2378720e-02 -1.4787394e-01 -1.1647000e+03]
 [ 0.0000000e+00  0.0000000e+00  0.0000000e+00  1.0000000e+00]]
[+0149.10, +0031.15, -1086.77]
1041, 1771, 806
[[-1.7426250e-01  4.4667978e-01 -8.7725504e-01  5.4590000e+01]
 [-1.4085700e-02  8.8993206e-01  4.5582072e-01  1.7227000e+02]
 [ 9.8432760e-01  9.1913600e-02 -1.4875920e-01 -1.1646300e+03]
 [ 0.0000000e+00  0.0000000e+00  0.0000000e+00  1.0000000e+00]]
[+0148.81, +0043.74, -1082.38]
1115, 1515, 960
[[-1.7329650e-01  4.4646590e-01 -8.7754030e-01  5.4560000e+01]
 [-1.4343700e-02  8.9006382e-01  4.5555266e-01  1.7224000e+02]
 [ 9.8448110e-01  9.1663340e-02 -1.4780868e-01 -1.1646500e+03]
 [ 0.0000000e+00  0.0000000e+00  0.0000000e+00  1.0000000e+00]]
[+0114.96, +0041.72, -1061.02]
1041, 1771, 806
[[-1.7344378e-01  4.4671634e-01 -8.7748218e-01  5.4610000e+01]
 [-1.4594140e-02  8.8991654e-01  4.5585006e-01  1.7229000e+02]
 [ 9.8453922e-01  9.1960740e-02 -1.4780868e-01 -1.1646400e+03]
 [ 0.0000000e+00  0.0000000e+00  0.0000000e+00  1.0000000e+00]]
[+0152.04, +0042.37, -1084.30]
1182, 798, 1785
[[-1.7351748e-01  4.4654416e-01 -8.7752684e-01  5.4570000e+01]
 [-1.5016760e-02  8.8995900e-01  4.5574832e-01  1.7218000e+02]
 [ 9.8449456e-01  9.2359880e-02 -1.4769252e-01 -1.1646400e+03]
 [ 0.0000000e+00  0.0000000e+00  0.0000000e+00  1.0000000e+00]]
[-0003.16, +0005.38, -1114.60]
1182, 797, 1233
[[-1.7292276e-01  4.4696896e-01 -8.7731448e-01  5.4620000e+01]
 [-1.4665680e-02  8.8978470e-01  4.5607934e-01  1.7220000e+02]
 [ 9.8450336e-01  9.1881420e-02 -1.4727210e-01 -1.1646400e+03]
 [ 0.0000000e+00  0.0000000e+00  0.0000000e+00  1.0000000e+00]]
[+0017.81, +0042.80, -1069.85]
1182, 798, 1785
[[-1.7418610e-01  4.4650492e-01 -8.7748766e-01  5.4570000e+01]
 [-1.5158920e-02  8.8994328e-01  4.5578756e-01  1.7219000e+02]
 [ 9.8443966e-01  9.2765560e-02 -1.4822938e-01 -1.1646300e+03]
 [ 0.0000000e+00  0.0000000e+00  0.0000000e+00  1.0000000e+00]]
[-0003.05, +0005.43, -1114.57]
1549, 1474, 1784
[[-1.7522890e-01  4.4536712e-01 -8.7782096e-01  5.4440000e+01]
 [-1.5574960e-02  8.9043800e-01  4.5479972e-01  1.7215000e+02]
 [ 9.8421488e-01  9.3453160e-02 -1.4907234e-01 -1.1646100e+03]
 [ 0.0000000e+00  0.0000000e+00  0.0000000e+00  1.0000000e+00]]
[+0042.57, +0025.56, -1080.00]
1182, 798, 1785
[[-1.7440986e-01  4.4652064e-01 -8.7745622e-01  5.4580000e+01]
 [-1.4819120e-02  8.8995900e-01  4.5577184e-01  1.7217000e+02]
 [ 9.8442394e-01  9.2557520e-02 -1.4858490e-01 -1.1645800e+03]
 [ 0.0000000e+00  0.0000000e+00  0.0000000e+00  1.0000000e+00]]
[-0002.68, +0006.32, -1113.73]
1039, 875, 1784
[[-1.7381490e-01  4.4664818e-01 -8.7731776e-01  5.4590000e+01]
 [-1.4765300e-02  8.8990094e-01  4.5585232e-01  1.7220000e+02]
 [ 9.8435920e-01  9.2329600e-02 -1.4804800e-01 -1.1646200e+03]
 [ 0.0000000e+00  0.0000000e+00  0.0000000e+00  1.0000000e+00]]
[+0009.05, -0010.32, -1108.55]
1182, 798, 1785
[[-1.7359122e-01  4.4655756e-01 -8.7768340e-01  5.4580000e+01]
 [-1.5327560e-02  8.8994328e-01  4.5580080e-01  1.7216000e+02]
 [ 9.8463540e-01  9.2604800e-02 -1.4763450e-01 -1.1646500e+03]
 [ 0.0000000e+00  0.0000000e+00  0.0000000e+00  1.0000000e+00]]
[-0002.75, +0006.38, -1113.71]
1156, 1912, 1452
[[-1.7337012e-01  4.4588444e-01 -8.7784404e-01  5.4510000e+01]
 [-1.5249240e-02  8.9028030e-01  4.5510422e-01  1.7225000e+02]
 [ 9.8447476e-01  9.2409180e-02 -1.4751858e-01 -1.1646600e+03]
 [ 0.0000000e+00  0.0000000e+00  0.0000000e+00  1.0000000e+00]]
[+0119.70, +0003.60, -1083.89]
1000, 1984, 1512
[[-1.7396826e-01  4.4539688e-01 -8.7803808e-01  5.4490000e+01]
 [-1.4587920e-02  8.9057454e-01  4.5456172e-01  1.7223000e+02]
 [ 9.8443712e-01  9.1982520e-02 -1.4841096e-01 -1.1646600e+03]
 [ 0.0000000e+00  0.0000000e+00  0.0000000e+00  1.0000000e+00]]
[+0126.42, -0013.33, -1099.84]
1156, 1912, 1452
[[-1.7344378e-01  4.4586098e-01 -8.7785192e-01  5.4500000e+01]
 [-1.5523180e-02  8.9026454e-01  4.5512768e-01  1.7224000e+02]
 [ 9.8446688e-01  9.2683120e-02 -1.4746068e-01 -1.1646800e+03]
 [ 0.0000000e+00  0.0000000e+00  0.0000000e+00  1.0000000e+00]]
[+0117.52, +0005.69, -1082.63]
1071, 1742, 1436
[[-1.7344378e-01  4.4641894e-01 -8.7755586e-01  5.4550000e+01]
 [-1.4891540e-02  8.9003270e-01  4.5559962e-01  1.7226000e+02]
 [ 9.8446554e-01  9.2211180e-02 -1.4769252e-01 -1.1646700e+03]
 [ 0.0000000e+00  0.0000000e+00  0.0000000e+00  1.0000000e+00]]
[+0105.36, -0001.52, -1077.23]
1156, 1912, 1452
[[-1.7403866e-01  4.4558454e-01 -8.7802734e-01  5.4470000e+01]
 [-1.5725940e-02  8.9038022e-01  4.5492198e-01  1.7222000e+02]
 [ 9.8449494e-01  9.3036180e-02 -1.4793988e-01 -1.1646500e+03]
 [ 0.0000000e+00  0.0000000e+00  0.0000000e+00  1.0000000e+00]]
[+0118.68, +0003.48, -1083.87]
1219, 1859, 1676
[[-1.7448642e-01  4.4543028e-01 -8.7785244e-01  5.4460000e+01]
 [-1.5158520e-02  8.9046968e-01  4.5473656e-01  1.7219000e+02]
 [ 9.8427804e-01  9.2773840e-02 -1.4859274e-01 -1.1646400e+03]
 [ 0.0000000e+00  0.0000000e+00  0.0000000e+00  1.0000000e+00]]
[+0094.56, -0005.50, -1084.33]
1156, 1912, 1452
[[-1.7381780e-01  4.4565510e-01 -8.7800370e-01  5.4510000e+01]
 [-1.4904060e-02  8.9042750e-01  4.5485142e-01  1.7225000e+02]
 [ 9.8451858e-01  9.2214300e-02 -1.4811346e-01 -1.1646500e+03]
 [ 0.0000000e+00  0.0000000e+00  0.0000000e+00  1.0000000e+00]]
[+0119.76, +0003.80, -1084.01]
2049, 1414, 2019
[[-1.7657032e-01  4.4422056e-01 -8.7812944e-01  5.4290000e+01]
 [-1.5926640e-02  8.9093112e-01  4.5382032e-01  1.7205000e+02]
 [ 9.8396624e-01  9.4205280e-02 -1.5021520e-01 -1.1646100e+03]
 [ 0.0000000e+00  0.0000000e+00  0.0000000e+00  1.0000000e+00]]
[+0018.23, +0053.13, -1107.26]
2195, 1260, 1809
[[-1.7671760e-01  4.4469480e-01 -8.7770040e-01  5.4330000e+01]
 [-1.5805200e-02  8.9066872e-01  4.5431064e-01  1.7209000e+02]
 [ 9.8379960e-01  9.4310640e-02 -1.5033032e-01 -1.1646000e+03]
 [ 0.0000000e+00  0.0000000e+00  0.0000000e+00  1.0000000e+00]]
[+0020.26, +0080.77, -1114.25]
2049, 1414, 2019
[[-1.7552656e-01  4.4480064e-01 -8.7809344e-01  5.4370000e+01]
 [-1.6141440e-02  8.9066872e-01  4.5433608e-01  1.7212000e+02]
 [ 9.8419264e-01  9.3990480e-02 -1.4913928e-01 -1.1646100e+03]
 [ 0.0000000e+00  0.0000000e+00  0.0000000e+00  1.0000000e+00]]
[+0019.00, +0050.31, -1107.33]
1561, 1256, 1793
[[-1.7478114e-01  4.4578214e-01 -8.7777364e-01  5.4490000e+01]
 [-1.5807940e-02  8.9023278e-01  4.5520652e-01  1.7217000e+02]
 [ 9.8435684e-01  9.3494120e-02 -1.4853492e-01 -1.1646300e+03]
 [ 0.0000000e+00  0.0000000e+00  0.0000000e+00  1.0000000e+00]]
[+0025.37, +0027.76, -1087.44]
2049, 1414, 2019
[[-1.7649348e-01  4.4415708e-01 -8.7817760e-01  5.4290000e+01]
 [-1.6814080e-02  8.9088252e-01  4.5388380e-01  1.7204000e+02]
 [ 9.8396580e-01  9.4961600e-02 -1.4974500e-01 -1.1646300e+03]
 [ 0.0000000e+00  0.0000000e+00  0.0000000e+00  1.0000000e+00]]
[+0017.66, +0053.28, -1108.08]
2052, 1724, 1794
[[-1.7716608e-01  4.4446560e-01 -8.7785904e-01  5.4320000e+01]
 [-1.5460800e-02  8.9081600e-01  4.5405760e-01  1.7212000e+02]
 [ 9.8384304e-01  9.4115200e-02 -1.5092608e-01 -1.1645900e+03]
 [ 0.0000000e+00  0.0000000e+00  0.0000000e+00  1.0000000e+00]]
[+0053.91, +0065.53, -1086.94]
2049, 1414, 2019
[[-1.7582426e-01  4.4434602e-01 -8.7818022e-01  5.4300000e+01]
 [-1.6522380e-02  8.9084134e-01  4.5396882e-01  1.7204000e+02]
 [ 9.8405838e-01  9.4431420e-02 -1.4926436e-01 -1.1646100e+03]
 [ 0.0000000e+00  0.0000000e+00  0.0000000e+00  1.0000000e+00]]
[+0017.95, +0054.09, -1108.10]
1221, 2020, 1051
[[-1.7433616e-01  4.4580044e-01 -8.7763260e-01  5.4480000e+01]
 [-1.5289000e-02  8.9026454e-01  4.5512244e-01  1.7226000e+02]
 [ 9.8424756e-01  9.2909400e-02 -1.4835306e-01 -1.1646600e+03]
 [ 0.0000000e+00  0.0000000e+00  0.0000000e+00  1.0000000e+00]]
[+0149.82, +0037.06, -1093.70]
1278, 1249, 984
[[-1.7426250e-01  4.4667978e-01 -8.7725504e-01  5.4580000e+01]
 [-1.4085700e-02  8.8993206e-01  4.5582072e-01  1.7223000e+02]
 [ 9.8432760e-01  9.1913600e-02 -1.4875920e-01 -1.1645800e+03]
 [ 0.0000000e+00  0.0000000e+00  0.0000000e+00  1.0000000e+00]]
[+0082.27, +0064.43, -1055.68]
1221, 2020, 1051
[[-1.7426580e-01  4.4568666e-01 -8.7794102e-01  5.4490000e+01]
 [-1.4224660e-02  8.9045862e-01  4.5481986e-01  1.7225000e+02]
 [ 9.8448702e-01  9.1797860e-02 -1.4882442e-01 -1.1646300e+03]
 [ 0.0000000e+00  0.0000000e+00  0.0000000e+00  1.0000000e+00]]
[+0149.53, +0036.64, -1093.62]
1786, 1995, 1829
[[-1.7590114e-01  4.4455820e-01 -8.7809554e-01  5.4340000e+01]
 [-1.5486040e-02  8.9083196e-01  4.5403060e-01  1.7217000e+02]
 [ 9.8409550e-01  9.3550040e-02 -1.4979234e-01 -1.1646300e+03]
 [ 0.0000000e+00  0.0000000e+00  0.0000000e+00  1.0000000e+00]]
[+0082.20, +0034.59, -1080.76]
1221, 2020, 1051
[[-1.7411530e-01  4.4575926e-01 -8.7779462e-01  5.4500000e+01]
 [-1.4652780e-02  8.9036956e-01  4.5495546e-01  1.7223000e+02]
 [ 9.8438306e-01  9.2183820e-02 -1.4846890e-01 -1.1646800e+03]
 [ 0.0000000e+00  0.0000000e+00  0.0000000e+00  1.0000000e+00]]
[+0149.63, +0037.05, -1093.60]
1002, 1989, 1208
[[-1.7389138e-01  4.4604100e-01 -8.7775240e-01  5.4550000e+01]
 [-1.4695000e-02  8.9023800e-01  4.5522160e-01  1.7225000e+02]
 [ 9.8447240e-01  9.2141600e-02 -1.4822938e-01 -1.1646400e+03]
 [ 0.0000000e+00  0.0000000e+00  0.0000000e+00  1.0000000e+00]]
[+0142.17, +0007.45, -1094.60]
1221, 2020, 1051
[[-1.7418888e-01  4.4573568e-01 -8.7780244e-01  5.4500000e+01]
 [-1.4926720e-02  8.9035392e-01  4.5497904e-01  1.7223000e+02]
 [ 9.8437524e-01  9.2457760e-02 -1.4841096e-01 -1.1646600e+03]
 [ 0.0000000e+00  0.0000000e+00  0.0000000e+00  1.0000000e+00]]
[+0149.12, +0037.68, -1093.24]
1370, 1583, 1494
[[-1.7500498e-01  4.4579782e-01 -8.7774204e-01  5.4480000e+01]
 [-1.5468220e-02  8.9024870e-01  4.5519084e-01  1.7221000e+02]
 [ 9.8434116e-01  9.3285960e-02 -1.4889032e-01 -1.1646400e+03]
 [ 0.0000000e+00  0.0000000e+00  0.0000000e+00  1.0000000e+00]]
[+0075.05, +0025.87, -1067.19]
1596, 1579, 1414
[[-1.7530260e-01  4.4560420e-01 -8.7760640e-01  5.4470000e+01]
 [-1.5514400e-02  8.9030652e-01  4.5504476e-01  1.7221000e+02]
 [ 9.8413180e-01  9.3505760e-02 -1.4913012e-01 -1.1646700e+03]
 [ 0.0000000e+00  0.0000000e+00  0.0000000e+00  1.0000000e+00]]
[+0074.55, +0056.16, -1067.98]
1370, 1583, 1494
[[-1.7441284e-01  4.4575146e-01 -8.7777102e-01  5.4480000e+01]
 [-1.4587020e-02  8.9036956e-01  4.5496326e-01  1.7221000e+02]
 [ 9.8435946e-01  9.2249580e-02 -1.4876644e-01 -1.1646300e+03]
 [ 0.0000000e+00  0.0000000e+00  0.0000000e+00  1.0000000e+00]]
[+0075.73, +0023.82, -1067.36]
1427, 1581, 1659
[[-1.7463370e-01  4.4553182e-01 -8.7783144e-01  5.4460000e+01]
 [-1.5557620e-02  8.9038022e-01  4.5490896e-01  1.7219000e+02]
 [ 9.8429904e-01  9.3196560e-02 -1.4853492e-01 -1.1646500e+03]
 [ 0.0000000e+00  0.0000000e+00  0.0000000e+00  1.0000000e+00]]
[+0062.36, +0018.73, -1073.21]
1370, 1583, 1494
[[-1.7426250e-01  4.4600962e-01 -8.7773666e-01  5.4510000e+01]
 [-1.4903140e-02  8.9022236e-01  4.5525298e-01  1.7222000e+02]
 [ 9.8444102e-01  9.2481340e-02 -1.4846890e-01 -1.1646600e+03]
 [ 0.0000000e+00  0.0000000e+00  0.0000000e+00  1.0000000e+00]]
[+0077.03, +0024.78, -1066.95]
1372, 1717, 1494
[[-1.7352034e-01  4.4562614e-01 -8.7787848e-01  5.4490000e+01]
 [-1.4933020e-02  8.9042750e-01  4.5481464e-01  1.7220000e+02]
 [ 9.8439336e-01  9.2177520e-02 -1.4781600e-01 -1.1646800e+03]
 [ 0.0000000e+00  0.0000000e+00  0.0000000e+00  1.0000000e+00]]
[+0091.26, +0022.43, -1069.73]
1370, 1583, 1494
[[-1.7433616e-01  4.4598604e-01 -8.7774452e-01  5.4500000e+01]
 [-1.5177080e-02  8.9020664e-01  4.5527656e-01  1.7222000e+02]
 [ 9.8443316e-01  9.2755280e-02 -1.4841096e-01 -1.1646500e+03]
 [ 0.0000000e+00  0.0000000e+00  0.0000000e+00  1.0000000e+00]]
[+0076.98, +0024.79, -1066.96]
1150, 2202, 1303
[[-1.7404176e-01  4.4522456e-01 -8.7808264e-01  5.4440000e+01]
 [-1.5010640e-02  8.9061680e-01  4.5446008e-01  1.7226000e+02]
 [ 9.8439256e-01  9.2381680e-02 -1.4829520e-01 -1.1646700e+03]
 [ 0.0000000e+00  0.0000000e+00  0.0000000e+00  1.0000000e+00]]
[+0147.79, +0013.29, -1106.32]
757, 2021, 1303
[[-1.7270178e-01  4.4663004e-01 -8.7755038e-01  5.4640000e+01]
 [-1.4326760e-02  8.9000568e-01  4.5566244e-01  1.7232000e+02]
 [ 9.8456478e-01  9.1406360e-02 -1.4727210e-01 -1.1646700e+03]
 [ 0.0000000e+00  0.0000000e+00  0.0000000e+00  1.0000000e+00]]
[+0141.03, -0014.33, -1112.42]
1150, 2202, 1303
[[-1.7493450e-01  4.4505222e-01 -8.7804854e-01  5.4410000e+01]
 [-1.4962420e-02  8.9067462e-01  4.5435846e-01  1.7226000e+02]
 [ 9.8428494e-01  9.2703860e-02 -1.4913012e-01 -1.1646700e+03]
 [ 0.0000000e+00  0.0000000e+00  0.0000000e+00  1.0000000e+00]]
[+0147.24, +0014.12, -1106.14]
1274, 1934, 1982
[[-1.7500804e-01  4.4473090e-01 -8.7812998e-01  5.4370000e+01]
 [-1.5534020e-02  8.9077430e-01  4.5413186e-01  1.7214000e+02]
 [ 9.8420350e-01  9.3228100e-02 -1.4895690e-01 -1.1646300e+03]
 [ 0.0000000e+00  0.0000000e+00  0.0000000e+00  1.0000000e+00]]
[+0079.85, -0018.50, -1100.42]
1150, 2202, 1303
[[-1.7404176e-01  4.4541008e-01 -8.7819464e-01  5.4440000e+01]
 [-1.4898640e-02  8.9055894e-01  4.5461422e-01  1.7229000e+02]
 [ 9.8457808e-01  9.2227540e-02 -1.4835306e-01 -1.1646900e+03]
 [ 0.0000000e+00  0.0000000e+00  0.0000000e+00  1.0000000e+00]]
[+0147.67, +0013.31, -1106.43]
1426, 1601, 1016
[[-1.7411236e-01  4.4626786e-01 -8.7770226e-01  5.4540000e+01]
 [-1.5219340e-02  8.9007500e-01  4.5554262e-01  1.7226000e+02]
 [ 9.8452254e-01  9.2713020e-02 -1.4817140e-01 -1.1646500e+03]
 [ 0.0000000e+00  0.0000000e+00  0.0000000e+00  1.0000000e+00]]
[+0108.25, +0069.94, -1067.95]
1150, 2202, 1303
[[-1.7463688e-01  4.4520888e-01 -8.7803544e-01  5.4420000e+01]
 [-1.4879280e-02  8.9061680e-01  4.5447576e-01  1.7229000e+02]
 [ 9.8434536e-01  9.2513040e-02 -1.4889032e-01 -1.1646700e+03]
 [ 0.0000000e+00  0.0000000e+00  0.0000000e+00  1.0000000e+00]]
[+0147.64, +0013.33, -1106.26]
2127, 1705, 2201
[[-1.7790928e-01  4.4354432e-01 -8.7819712e-01  5.4190000e+01]
 [-1.6808320e-02  8.9112824e-01  4.5340072e-01  1.7200000e+02]
 [ 9.8370688e-01  9.5515280e-02 -1.5106248e-01 -1.1646000e+03]
 [ 0.0000000e+00  0.0000000e+00  0.0000000e+00  1.0000000e+00]]
[+0030.11, +0042.59, -1104.03]
1963, 1563, 2200
[[-1.7530260e-01  4.4433854e-01 -8.7823578e-01  5.4400000e+01]
 [-1.6927500e-02  8.9082510e-01  4.5397630e-01  1.7208000e+02]
 [ 9.8409770e-01  9.4574220e-02 -1.4861154e-01 -1.1646300e+03]
 [ 0.0000000e+00  0.0000000e+00  0.0000000e+00  1.0000000e+00]]
[+0022.44, +0029.82, -1107.68]
2127, 1705, 2201
[[-1.7679130e-01  4.4373902e-01 -8.7841324e-01  5.4280000e+01]
 [-1.7232140e-02  8.9105454e-01  4.5354548e-01  1.7204000e+02]
 [ 9.8398028e-01  9.5373640e-02 -1.4987080e-01 -1.1645500e+03]
 [ 0.0000000e+00  0.0000000e+00  0.0000000e+00  1.0000000e+00]]
[+0030.80, +0042.64, -1103.82]
1671, 2229, 2198
[[-1.7404554e-01  4.4393336e-01 -8.7884116e-01  5.4340000e+01]
 [-1.5446960e-02  8.9125688e-01  4.5320812e-01  1.7215000e+02]
 [ 9.8447956e-01  9.2516920e-02 -1.4824642e-01 -1.1646000e+03]
 [ 0.0000000e+00  0.0000000e+00  0.0000000e+00  1.0000000e+00]]
[+0085.21, -0001.66, -1100.51]
2127, 1705, 2201
[[-1.7738706e-01  4.4383468e-01 -8.7817962e-01  5.4230000e+01]
 [-1.6915320e-02  8.9099724e-01  4.5365828e-01  1.7202000e+02]
 [ 9.8382038e-01  9.5408280e-02 -1.5052386e-01 -1.1646000e+03]
 [ 0.0000000e+00  0.0000000e+00  0.0000000e+00  1.0000000e+00]]
[+0029.93, +0043.22, -1104.32]
2128, 1704, 1863
[[-1.7649674e-01  4.4469120e-01 -8.7801108e-01  5.4340000e+01]
 [-1.5205920e-02  8.9077430e-01  4.5417156e-01  1.7212000e+02]
 [ 9.8408460e-01  9.3556200e-02 -1.5044560e-01 -1.1645900e+03]
 [ 0.0000000e+00  0.0000000e+00  0.0000000e+00  1.0000000e+00]]
[+0046.99, +0067.69, -1091.90]
2127, 1705, 2201
[[-1.7664394e-01  4.4378674e-01 -8.7839688e-01  5.4230000e+01]
 [-1.6684180e-02  8.9108726e-01  4.5349776e-01  1.7201000e+02]
 [ 9.8399664e-01  9.4825680e-02 -1.4998544e-01 -1.1645900e+03]
 [ 0.0000000e+00  0.0000000e+00  0.0000000e+00  1.0000000e+00]]
[+0029.83, +0043.04, -1104.40]
1913, 2078, 1114
[[-1.7456338e-01  4.4519578e-01 -8.7787882e-01  5.4420000e+01]
 [-1.4568580e-02  8.9063244e-01  4.5442318e-01  1.7223000e+02]
 [ 9.8420438e-01  9.2268020e-02 -1.4894818e-01 -1.1646700e+03]
 [ 0.0000000e+00  0.0000000e+00  0.0000000e+00  1.0000000e+00]]
[+0126.71, +0083.67, -1100.02]
2140, 1080, 1114
[[-1.7537634e-01  4.4572930e-01 -8.7757750e-01  5.4460000e+01]
 [-1.5639500e-02  8.9023278e-01  4.5519358e-01  1.7217000e+02]
 [ 9.8416070e-01  9.3654580e-02 -1.4913012e-01 -1.1646200e+03]
 [ 0.0000000e+00  0.0000000e+00  0.0000000e+00  1.0000000e+00]]
[+0044.98, +0121.36, -1120.99]
1913, 2078, 1114
[[-1.7404176e-01  4.4507580e-01 -8.7811940e-01  5.4420000e+01]
 [-1.5159400e-02  8.9067462e-01  4.5433488e-01  1.7223000e+02]
 [ 9.8435580e-01  9.2506880e-02 -1.4823738e-01 -1.1646800e+03]
 [ 0.0000000e+00  0.0000000e+00  0.0000000e+00  1.0000000e+00]]
[+0127.19, +0083.44, -1100.47]
1913, 2078, 1829
[[-1.7530570e-01  4.4472296e-01 -8.7810628e-01  5.4360000e+01]
 [-1.5468400e-02  8.9077430e-01  4.5413980e-01  1.7216000e+02]
 [ 9.8417980e-01  9.3293720e-02 -1.4925456e-01 -1.1646400e+03]
 [ 0.0000000e+00  0.0000000e+00  0.0000000e+00  1.0000000e+00]]
[+0088.38, +0038.40, -1083.37]
1913, 2078, 1114
[[-1.7448642e-01  4.4516952e-01 -8.7807482e-01  5.4420000e+01]
 [-1.5492880e-02  8.9058528e-01  4.5451512e-01  1.7224000e+02]
 [ 9.8435322e-01  9.2995280e-02 -1.4847714e-01 -1.1646600e+03]
 [ 0.0000000e+00  0.0000000e+00  0.0000000e+00  1.0000000e+00]]
[+0127.27, +0083.24, -1100.43]
1774, 2046, 1114
[[-1.7485762e-01  4.4539874e-01 -8.7783670e-01  5.4450000e+01]
 [-1.5366740e-02  8.9045388e-01  4.5476810e-01  1.7222000e+02]
 [ 9.8424650e-01  9.3113500e-02 -1.4883250e-01 -1.1646800e+03]
 [ 0.0000000e+00  0.0000000e+00  0.0000000e+00  1.0000000e+00]]
[+0128.95, +0073.89, -1093.46]
1913, 2078, 1114
[[-1.7590114e-01  4.4496806e-01 -8.7783632e-01  5.4370000e+01]
 [-1.5002620e-02  8.9065886e-01  4.5437696e-01  1.7224000e+02]
 [ 9.8405696e-01  9.3203680e-02 -1.4996544e-01 -1.1646700e+03]
 [ 0.0000000e+00  0.0000000e+00  0.0000000e+00  1.0000000e+00]]
[+0126.90, +0083.93, -1099.95]
1070, 2056, 1092
[[-1.7411530e-01  4.4616876e-01 -8.7753552e-01  5.4560000e+01]
 [-1.4169720e-02  8.9019550e-01  4.5530196e-01  1.7230000e+02]
 [ 9.8434464e-01  9.1837320e-02 -1.4864296e-01 -1.1646600e+03]
 [ 0.0000000e+00  0.0000000e+00  0.0000000e+00  1.0000000e+00]]
[+0152.44, +0021.15, -1101.12]
886, 2091, 1065
[[-1.7352034e-01  4.4648168e-01 -8.7750908e-01  5.4600000e+01]
 [-1.4003920e-02  8.9007926e-01  4.5553688e-01  1.7236000e+02]
 [ 9.8446532e-01  9.1455280e-02 -1.4816424e-01 -1.1646500e+03]
 [ 0.0000000e+00  0.0000000e+00  0.0000000e+00  1.0000000e+00]]
[+0158.44, +0009.59, -1112.23]
1070, 2056, 1092
[[-1.7344680e-01  4.4613256e-01 -8.7790912e-01  5.4520000e+01]
 [-1.4249680e-02  8.9026904e-01  4.5519584e-01  1.7226000e+02]
 [ 9.8466016e-01  9.1498880e-02 -1.4804800e-01 -1.1646700e+03]
 [ 0.0000000e+00  0.0000000e+00  0.0000000e+00  1.0000000e+00]]
[+0150.37, +0021.54, -1098.81]
959, 1752, 1460
[[-1.7418888e-01  4.4618196e-01 -8.7769204e-01  5.4550000e+01]
 [-1.4480440e-02  8.9017998e-01  4.5535458e-01  1.7225000e+02]
 [ 9.8448564e-01  9.2082220e-02 -1.4858490e-01 -1.1646300e+03]
 [ 0.0000000e+00  0.0000000e+00  0.0000000e+00  1.0000000e+00]]
[+0107.71, -0014.08, -1085.22]
1070, 2056, 1092
[[-1.7404176e-01  4.4578284e-01 -8.7778684e-01  5.4520000e+01]
 [-1.4378840e-02  8.9038512e-01  4.5493188e-01  1.7228000e+02]
 [ 9.8439084e-01  9.1909880e-02 -1.4852688e-01 -1.1646500e+03]
 [ 0.0000000e+00  0.0000000e+00  0.0000000e+00  1.0000000e+00]]
[+0153.43, +0021.14, -1100.65]
1079, 2190, 1205
[[-1.7515866e-01  4.4506808e-01 -8.7801700e-01  5.4400000e+01]
 [-1.4622800e-02  8.9069030e-01  4.5434260e-01  1.7226000e+02]
 [ 9.8426908e-01  9.2495560e-02 -1.4948560e-01 -1.1646500e+03]
 [ 0.0000000e+00  0.0000000e+00  0.0000000e+00  1.0000000e+00]]
[+0152.82, +0014.84, -1109.99]
1070, 2056, 1092
[[-1.7389138e-01  4.4604100e-01 -8.7775240e-01  5.4550000e+01]
 [-1.4695000e-02  8.9023800e-01  4.5522160e-01  1.7227000e+02]
 [ 9.8447240e-01  9.2141600e-02 -1.4822938e-01 -1.1646300e+03]
 [ 0.0000000e+00  0.0000000e+00  0.0000000e+00  1.0000000e+00]]
[+0147.99, +0022.77, -1096.85]
1764, 1655, 1027
[[-1.7522890e-01  4.4566476e-01 -8.7774728e-01  5.4460000e+01]
 [-1.5277320e-02  8.9032240e-01  4.5504996e-01  1.7222000e+02]
 [ 9.8428856e-01  9.3202920e-02 -1.4918794e-01 -1.1646500e+03]
 [ 0.0000000e+00  0.0000000e+00  0.0000000e+00  1.0000000e+00]]
[+0102.24, +0097.06, -1084.58]
1674, 1700, 980
[[-1.7493128e-01  4.4582148e-01 -8.7773412e-01  5.4500000e+01]
 [-1.5194280e-02  8.9026454e-01  4.5516718e-01  1.7223000e+02]
 [ 9.8434908e-01  9.3012020e-02 -1.4894818e-01 -1.1646600e+03]
 [ 0.0000000e+00  0.0000000e+00  0.0000000e+00  1.0000000e+00]]
[+0112.86, +0089.36, -1082.58]
1764, 1655, 1027
[[-1.7523216e-01  4.4560296e-01 -8.7772896e-01  5.4470000e+01]
 [-1.4264640e-02  8.9044310e-01  4.5483782e-01  1.7221000e+02]
 [ 9.8425944e-01  9.2298020e-02 -1.4965930e-01 -1.1646300e+03]
 [ 0.0000000e+00  0.0000000e+00  0.0000000e+00  1.0000000e+00]]
[+0101.46, +0095.97, -1084.03]
1499, 1937, 1816
[[-1.7448642e-01  4.4502074e-01 -8.7811162e-01  5.4400000e+01]
 [-1.5641660e-02  8.9064302e-01  4.5438994e-01  1.7216000e+02]
 [ 9.8431642e-01  9.3120460e-02 -1.4841940e-01 -1.1646500e+03]
 [ 0.0000000e+00  0.0000000e+00  0.0000000e+00  1.0000000e+00]]
[+0087.54, +0006.96, -1082.87]
1764, 1655, 1027
[[-1.7426250e-01  4.4597280e-01 -8.7758790e-01  5.4520000e+01]
 [-1.4866320e-02  8.9022236e-01  4.5522400e-01  1.7224000e+02]
 [ 9.8429226e-01  9.2510320e-02 -1.4846890e-01 -1.1646300e+03]
 [ 0.0000000e+00  0.0000000e+00  0.0000000e+00  1.0000000e+00]]
[+0102.55, +0096.59, -1084.42]
1855, 1809, 1002
[[-1.7545290e-01  4.4568058e-01 -8.7771566e-01  5.4450000e+01]
 [-1.4937620e-02  8.9033820e-01  4.5503414e-01  1.7226000e+02]
 [ 9.8427274e-01  9.2994740e-02 -1.4954346e-01 -1.1646300e+03]
 [ 0.0000000e+00  0.0000000e+00  0.0000000e+00  1.0000000e+00]]
[+0114.66, +0099.01, -1094.97]
1764, 1655, 1027
[[-1.7463370e-01  4.4594132e-01 -8.7757214e-01  5.4510000e+01]
 [-1.5074440e-02  8.9020664e-01  4.5525548e-01  1.7224000e+02]
 [ 9.8426078e-01  9.2850040e-02 -1.4870850e-01 -1.1646400e+03]
 [ 0.0000000e+00  0.0000000e+00  0.0000000e+00  1.0000000e+00]]
[+0101.43, +0094.21, -1083.47]
1288, 1819, 1070
[[-1.7344680e-01  4.4613256e-01 -8.7790912e-01  5.4520000e+01]
 [-1.4249680e-02  8.9026904e-01  4.5519584e-01  1.7224000e+02]
 [ 9.8466016e-01  9.1498880e-02 -1.4804800e-01 -1.1646400e+03]
 [ 0.0000000e+00  0.0000000e+00  0.0000000e+00  1.0000000e+00]]
[+0130.15, +0044.55, -1075.92]
1919, 2037, 970
[[-1.7545636e-01  4.4502352e-01 -8.7784440e-01  5.4370000e+01]
 [-1.4520400e-02  8.9069030e-01  4.5432150e-01  1.7227000e+02]
 [ 9.8409648e-01  9.2590140e-02 -1.4978330e-01 -1.1646700e+03]
 [ 0.0000000e+00  0.0000000e+00  0.0000000e+00  1.0000000e+00]]
[+0129.37, +0092.40, -1106.69]
1288, 1819, 1070
[[-1.7389138e-01  4.4604100e-01 -8.7775240e-01  5.4530000e+01]
 [-1.4695000e-02  8.9023800e-01  4.5522160e-01  1.7225000e+02]
 [ 9.8447240e-01  9.2141600e-02 -1.4822938e-01 -1.1646500e+03]
 [ 0.0000000e+00  0.0000000e+00  0.0000000e+00  1.0000000e+00]]
[+0127.12, +0044.74, -1074.93]
1566, 1056, 1164
[[-1.7403866e-01  4.4625456e-01 -8.7754566e-01  5.4550000e+01]
 [-1.4908560e-02  8.9009072e-01  4.5549008e-01  1.7222000e+02]
 [ 9.8438166e-01  9.2468080e-02 -1.4822938e-01 -1.1646600e+03]
 [ 0.0000000e+00  0.0000000e+00  0.0000000e+00  1.0000000e+00]]
[+0041.00, +0082.52, -1073.69]
1288, 1819, 1070
[[-1.7389138e-01  4.4618974e-01 -8.7771560e-01  5.4530000e+01]
 [-1.4546260e-02  8.9017998e-01  4.5534680e-01  1.7226000e+02]
 [ 9.8450920e-01  9.2016400e-02 -1.4828740e-01 -1.1646500e+03]
 [ 0.0000000e+00  0.0000000e+00  0.0000000e+00  1.0000000e+00]]
[+0130.63, +0045.56, -1076.08]
1403, 2000, 2198
[[-1.7537928e-01  4.4358212e-01 -8.7870632e-01  5.4250000e+01]
 [-1.7006680e-02  8.9121822e-01  4.5321988e-01  1.7207000e+02]
 [ 9.8417512e-01  9.4511320e-02 -1.4873706e-01 -1.1646500e+03]
 [ 0.0000000e+00  0.0000000e+00  0.0000000e+00  1.0000000e+00]]
[+0074.17, -0018.21, -1107.87]
1288, 1819, 1070
[[-1.7329650e-01  4.4620530e-01 -8.7776260e-01  5.4550000e+01]
 [-1.4677900e-02  8.9017998e-01  4.5533124e-01  1.7227000e+02]
 [ 9.8455620e-01  9.1884760e-02 -1.4769252e-01 -1.1646500e+03]
 [ 0.0000000e+00  0.0000000e+00  0.0000000e+00  1.0000000e+00]]
[+0127.50, +0045.92, -1074.89]
1065, 1401, 1047
[[-1.7366754e-01  4.4669526e-01 -8.7730220e-01  5.4640000e+01]
 [-1.4217500e-02  8.8993206e-01  4.5580524e-01  1.7228000e+02]
 [ 9.8437476e-01  9.1781800e-02 -1.4816424e-01 -1.1646200e+03]
 [ 0.0000000e+00  0.0000000e+00  0.0000000e+00  1.0000000e+00]]
[+0101.23, +0031.35, -1056.38]
1069, 1529, 1061
[[-1.7329650e-01  4.4665140e-01 -8.7765220e-01  5.4600000e+01]
 [-1.4231800e-02  8.9000568e-01  4.5570696e-01  1.7227000e+02]
 [ 9.8466660e-01  9.1509040e-02 -1.4786682e-01 -1.1646300e+03]
 [ 0.0000000e+00  0.0000000e+00  0.0000000e+00  1.0000000e+00]]
[+0114.77, +0029.08, -1062.21]
1065, 1401, 1047
[[-1.7366754e-01  4.4673208e-01 -8.7745092e-01  5.4630000e+01]
 [-1.4254320e-02  8.8993206e-01  4.5583432e-01  1.7227000e+02]
 [ 9.8452348e-01  9.1752720e-02 -1.4816424e-01 -1.1645800e+03]
 [ 0.0000000e+00  0.0000000e+00  0.0000000e+00  1.0000000e+00]]
[+0101.22, +0031.25, -1056.33]
1892, 1398, 799
[[-1.7515524e-01  4.4609810e-01 -8.7748010e-01  5.4510000e+01]
 [-1.4520100e-02  8.9016438e-01  4.5537262e-01  1.7218000e+02]
 [ 9.8425810e-01  9.2582620e-02 -1.4941962e-01 -1.1646400e+03]
 [ 0.0000000e+00  0.0000000e+00  0.0000000e+00  1.0000000e+00]]
[+0094.69, +0123.56, -1104.54]
1065, 1401, 1047
[[-1.7344378e-01  4.4641894e-01 -8.7755586e-01  5.4610000e+01]
 [-1.4891540e-02  8.9003270e-01  4.5559962e-01  1.7225000e+02]
 [ 9.8446554e-01  9.2211180e-02 -1.4769252e-01 -1.1646500e+03]
 [ 0.0000000e+00  0.0000000e+00  0.0000000e+00  1.0000000e+00]]
[+0100.79, +0030.98, -1056.33]
1027, 1416, 921
[[-1.7344378e-01  4.4686504e-01 -8.7744534e-01  5.4640000e+01]
 [-1.4445440e-02  8.8985840e-01  4.5597528e-01  1.7228000e+02]
 [ 9.8457606e-01  9.1835520e-02 -1.4786682e-01 -1.1646500e+03]
 [ 0.0000000e+00  0.0000000e+00  0.0000000e+00  1.0000000e+00]]
[+0115.03, +0037.58, -1057.85]
1065, 1401, 1047
[[-1.7366754e-01  4.4643464e-01 -8.7752456e-01  5.4570000e+01]
 [-1.4551760e-02  8.9004830e-01  4.5558392e-01  1.7224000e+02]
 [ 9.8444984e-01  9.2003120e-02 -1.4804800e-01 -1.1646300e+03]
 [ 0.0000000e+00  0.0000000e+00  0.0000000e+00  1.0000000e+00]]
[+0102.19, +0031.18, -1057.21]
1879, 2173, 1579
[[-1.7575410e-01  4.4430804e-01 -8.7815318e-01  5.4300000e+01]
 [-1.5235880e-02  8.9097900e-01  4.5373284e-01  1.7218000e+02]
 [ 9.8403786e-01  9.3252280e-02 -1.4979234e-01 -1.1646400e+03]
 [ 0.0000000e+00  0.0000000e+00  0.0000000e+00  1.0000000e+00]]
[+0109.36, +0053.97, -1086.40]
1827, 1911, 1092
[[-1.7456004e-01  4.4555544e-01 -8.7782352e-01  5.4470000e+01]
 [-1.5283680e-02  8.9039606e-01  4.5488534e-01  1.7224000e+02]
 [ 9.8430696e-01  9.2922620e-02 -1.4859274e-01 -1.1646700e+03]
 [ 0.0000000e+00  0.0000000e+00  0.0000000e+00  1.0000000e+00]]
[+0115.41, +0088.23, -1090.93]
1879, 2173, 1579
[[-1.7590114e-01  4.4426044e-01 -8.7816910e-01  5.4310000e+01]
 [-1.5783800e-02  8.9094716e-01  4.5378044e-01  1.7219000e+02]
 [ 9.8402194e-01  9.3800200e-02 -1.4967714e-01 -1.1646700e+03]
 [ 0.0000000e+00  0.0000000e+00  0.0000000e+00  1.0000000e+00]]
[+0109.71, +0053.76, -1086.49]
1414, 1725, 1869
[[-1.7537928e-01  4.4499692e-01 -8.7804064e-01  5.4400000e+01]
 [-1.5444680e-02  8.9064302e-01  4.5441376e-01  1.7217000e+02]
 [ 9.8424544e-01  9.3317440e-02 -1.4931226e-01 -1.1646100e+03]
 [ 0.0000000e+00  0.0000000e+00  0.0000000e+00  1.0000000e+00]]
[+0062.84, -0000.41, -1085.01]
1879, 2173, 1579
[[-1.7575410e-01  4.4460580e-01 -8.7807970e-01  5.4320000e+01]
 [-1.4938120e-02  8.9086364e-01  4.5398300e-01  1.7221000e+02]
 [ 9.8411134e-01  9.3002120e-02 -1.4990770e-01 -1.1646700e+03]
 [ 0.0000000e+00  0.0000000e+00  0.0000000e+00  1.0000000e+00]]
[+0111.38, +0056.19, -1087.06]
2042, 2038, 1633
[[-1.7582760e-01  4.4469412e-01 -8.7790196e-01  5.4340000e+01]
 [-1.5026440e-02  8.9079014e-01  4.5410302e-01  1.7218000e+02]
 [ 9.8399132e-01  9.3179860e-02 -1.4990770e-01 -1.1646300e+03]
 [ 0.0000000e+00  0.0000000e+00  0.0000000e+00  1.0000000e+00]]
[+0086.35, +0069.01, -1085.55]
1879, 2173, 1579
[[-1.7612538e-01  4.4472298e-01 -8.7802702e-01  5.4360000e+01]
 [-1.4997580e-02  8.9079014e-01  4.5413978e-01  1.7223000e+02]
 [ 9.8411638e-01  9.3216620e-02 -1.5020548e-01 -1.1646400e+03]
 [ 0.0000000e+00  0.0000000e+00  0.0000000e+00  1.0000000e+00]]
[+0112.78, +0053.65, -1087.03]
1898, 1827, 1341
[[-1.7567698e-01  4.4524990e-01 -8.7779444e-01  5.4410000e+01]
 [-1.5044500e-02  8.9052750e-01  4.5464300e-01  1.7221000e+02]
 [ 9.8414644e-01  9.3161800e-02 -1.4972548e-01 -1.1646400e+03]
 [ 0.0000000e+00  0.0000000e+00  0.0000000e+00  1.0000000e+00]]
[+0092.70, +0080.90, -1081.81]
1982, 1629, 1339
[[-1.7560026e-01  4.4533542e-01 -8.7780522e-01  5.4420000e+01]
 [-1.5783180e-02  8.9042204e-01  4.5483142e-01  1.7218000e+02]
 [ 9.8418318e-01  9.3792820e-02 -1.4931226e-01 -1.1646700e+03]
 [ 0.0000000e+00  0.0000000e+00  0.0000000e+00  1.0000000e+00]]
[+0074.01, +0094.56, -1087.17]
1898, 1827, 1341
[[-1.7448642e-01  4.4528150e-01 -8.7788924e-01  5.4460000e+01]
 [-1.5307300e-02  8.9052750e-01  4.5461140e-01  1.7223000e+02]
 [ 9.8424124e-01  9.2899000e-02 -1.4853492e-01 -1.1646400e+03]
 [ 0.0000000e+00  0.0000000e+00  0.0000000e+00  1.0000000e+00]]
[+0095.53, +0080.66, -1081.98]
1845, 1803, 1450
[[-1.7530570e-01  4.4543038e-01 -8.7777354e-01  5.4430000e+01]
 [-1.4687420e-02  8.9048540e-01  4.5473646e-01  1.7221000e+02]
 [ 9.8421486e-01  9.2697060e-02 -1.4954346e-01 -1.1646300e+03]
 [ 0.0000000e+00  0.0000000e+00  0.0000000e+00  1.0000000e+00]]
[+0085.97, +0066.97, -1076.66]
1898, 1827, 1341
[[-1.7545290e-01  4.4523406e-01 -8.7782612e-01  5.4420000e+01]
 [-1.5384140e-02  8.9051166e-01  4.5465884e-01  1.7221000e+02]
 [ 9.8416228e-01  9.3370040e-02 -1.4937000e-01 -1.1646700e+03]
 [ 0.0000000e+00  0.0000000e+00  0.0000000e+00  1.0000000e+00]]
[+0095.77, +0080.82, -1082.00]
1378, 1607, 1047
[[-1.7374120e-01  4.4644796e-01 -8.7768108e-01  5.4550000e+01]
 [-1.4862520e-02  8.9003270e-01  4.5563646e-01  1.7225000e+02]
 [ 9.8459076e-01  9.2248020e-02 -1.4798994e-01 -1.1646500e+03]
 [ 0.0000000e+00  0.0000000e+00  0.0000000e+00  1.0000000e+00]]
[+0108.31, +0060.38, -1065.96]
1898, 1827, 1341
[[-1.7567698e-01  4.4495218e-01 -8.7786804e-01  5.4380000e+01]
 [-1.5342220e-02  8.9064302e-01  4.5439284e-01  1.7220000e+02]
 [ 9.8407284e-01  9.3411960e-02 -1.4960996e-01 -1.1646600e+03]
 [ 0.0000000e+00  0.0000000e+00  0.0000000e+00  1.0000000e+00]]
[+0094.58, +0081.51, -1081.92]
1009, 1880, 1712
[[-1.7389138e-01  4.4533410e-01 -8.7808514e-01  5.4460000e+01]
 [-1.5475500e-02  8.9052750e-01  4.5462450e-01  1.7221000e+02]
 [ 9.8443714e-01  9.2738700e-02 -1.4793988e-01 -1.1646900e+03]
 [ 0.0000000e+00  0.0000000e+00  0.0000000e+00  1.0000000e+00]]
[+0103.57, -0025.25, -1100.54]
1091, 2006, 1834
[[-1.7433930e-01  4.4465836e-01 -8.7835488e-01  5.4380000e+01]
 [-1.5576840e-02  8.9084784e-01  4.5399604e-01  1.7215000e+02]
 [ 9.8437072e-01  9.2919240e-02 -1.4836170e-01 -1.1646500e+03]
 [ 0.0000000e+00  0.0000000e+00  0.0000000e+00  1.0000000e+00]]
[+0104.58, -0024.84, -1107.57]
1009, 1880, 1712
[[-1.7411530e-01  4.4605678e-01 -8.7772106e-01  5.4520000e+01]
 [-1.4355260e-02  8.9025356e-01  4.5520582e-01  1.7224000e+02]
 [ 9.8445662e-01  9.1933460e-02 -1.4858490e-01 -1.1646500e+03]
 [ 0.0000000e+00  0.0000000e+00  0.0000000e+00  1.0000000e+00]]
[+0102.20, -0022.56, -1098.70]
1062, 1784, 1774
[[-1.7381780e-01  4.4561832e-01 -8.7785496e-01  5.4480000e+01]
 [-1.4867280e-02  8.9042750e-01  4.5482246e-01  1.7219000e+02]
 [ 9.8436984e-01  9.2243260e-02 -1.4811346e-01 -1.1646600e+03]
 [ 0.0000000e+00  0.0000000e+00  0.0000000e+00  1.0000000e+00]]
[+0087.42, -0022.70, -1095.17]
1009, 1880, 1712
[[-1.7337012e-01  4.4588444e-01 -8.7784404e-01  5.4520000e+01]
 [-1.5249240e-02  8.9028030e-01  4.5510422e-01  1.7225000e+02]
 [ 9.8447476e-01  9.2409180e-02 -1.4751858e-01 -1.1646600e+03]
 [ 0.0000000e+00  0.0000000e+00  0.0000000e+00  1.0000000e+00]]
[+0104.56, -0023.45, -1099.66]
1342, 1902, 1464
[[-1.7403866e-01  4.4554770e-01 -8.7787860e-01  5.4470000e+01]
 [-1.5689100e-02  8.9038022e-01  4.5489308e-01  1.7222000e+02]
 [ 9.8434620e-01  9.3065080e-02 -1.4793988e-01 -1.1646900e+03]
 [ 0.0000000e+00  0.0000000e+00  0.0000000e+00  1.0000000e+00]]
[+0111.49, +0022.38, -1076.48]
1009, 1880, 1712
[[-1.7433930e-01  4.4536550e-01 -8.7802230e-01  5.4460000e+01]
 [-1.4796180e-02  8.9055894e-01  4.5459310e-01  1.7218000e+02]
 [ 9.8440574e-01  9.2322180e-02 -1.4865060e-01 -1.1646300e+03]
 [ 0.0000000e+00  0.0000000e+00  0.0000000e+00  1.0000000e+00]]
[+0102.29, -0025.23, -1100.52]
1092, 2092, 1874
[[-1.7493450e-01  4.4408400e-01 -8.7860350e-01  5.4320000e+01]
 [-1.6077680e-02  8.9107824e-01  4.5354000e-01  1.7214000e+02]
 [ 9.8432526e-01  9.3522320e-02 -1.4872650e-01 -1.1646600e+03]
 [ 0.0000000e+00  0.0000000e+00  0.0000000e+00  1.0000000e+00]]
[+0108.86, -0024.23, -1112.57]
820, 1997, 1886
[[-1.7292900e-01  4.4509440e-01 -8.7850060e-01  5.4490000e+01]
 [-1.4756600e-02  8.9077932e-01  4.5417360e-01  1.7219000e+02]
 [ 9.8471040e-01  9.1555400e-02 -1.4746068e-01 -1.1646600e+03]
 [ 0.0000000e+00  0.0000000e+00  0.0000000e+00  1.0000000e+00]]
[+0107.40, -0037.47, -1128.95]
1092, 2092, 1874
[[-1.7441284e-01  4.4489556e-01 -8.7814048e-01  5.4390000e+01]
 [-1.5516480e-02  8.9071660e-01  4.5424116e-01  1.7217000e+02]
 [ 9.8428756e-01  9.2971680e-02 -1.4841940e-01 -1.1646600e+03]
 [ 0.0000000e+00  0.0000000e+00  0.0000000e+00  1.0000000e+00]]
[+0109.53, -0023.34, -1112.09]
1413, 1167, 1874
[[-1.7396500e-01  4.4557124e-01 -8.7787068e-01  5.4470000e+01]
 [-1.5415160e-02  8.9039606e-01  4.5486954e-01  1.7215000e+02]
 [ 9.8435412e-01  9.2791140e-02 -1.4799770e-01 -1.1646600e+03]
 [ 0.0000000e+00  0.0000000e+00  0.0000000e+00  1.0000000e+00]]
[+0015.31, +0012.87, -1098.69]
1092, 2092, 1874
[[-1.7463688e-01  4.4491128e-01 -8.7810896e-01  5.4430000e+01]
 [-1.5176880e-02  8.9073240e-01  4.5422544e-01  1.7223000e+02]
 [ 9.8427184e-01  9.2763360e-02 -1.4877472e-01 -1.1646500e+03]
 [ 0.0000000e+00  0.0000000e+00  0.0000000e+00  1.0000000e+00]]
[+0109.44, -0024.28, -1112.72]
1066, 2082, 1243
[[-1.7381780e-01  4.4591580e-01 -8.7778140e-01  5.4530000e+01]
 [-1.4569800e-02  8.9031158e-01  4.5507286e-01  1.7228000e+02]
 [ 9.8444340e-01  9.1992860e-02 -1.4822938e-01 -1.1646800e+03]
 [ 0.0000000e+00  0.0000000e+00  0.0000000e+00  1.0000000e+00]]
[+0146.47, +0010.29, -1101.31]
1092, 2092, 1874
[[-1.7493450e-01  4.4419606e-01 -8.7841792e-01  5.4330000e+01]
 [-1.5892100e-02  8.9102070e-01  4.5363640e-01  1.7210000e+02]
 [ 9.8421320e-01  9.3425920e-02 -1.4878404e-01 -1.1646700e+03]
 [ 0.0000000e+00  0.0000000e+00  0.0000000e+00  1.0000000e+00]]
[+0109.21, -0024.22, -1112.77]
1993, 1094, 1464
[[-1.7515524e-01  4.4568846e-01 -8.7773938e-01  5.4510000e+01]
 [-1.5003380e-02  8.9033820e-01  4.5502626e-01  1.7217000e+02]
 [ 9.8429646e-01  9.2928980e-02 -1.4924580e-01 -1.1646000e+03]
 [ 0.0000000e+00  0.0000000e+00  0.0000000e+00  1.0000000e+00]]
[+0023.82, +0095.64, -1106.85]
1863, 1206, 1155
[[-1.7433616e-01  4.4639548e-01 -8.7748524e-01  5.4570000e+01]
 [-1.4693960e-02  8.9003270e-01  4.5562308e-01  1.7225000e+02]
 [ 9.8439492e-01  9.2408760e-02 -1.4858490e-01 -1.1646400e+03]
 [ 0.0000000e+00  0.0000000e+00  0.0000000e+00  1.0000000e+00]]
[+0054.24, +0102.34, -1088.30]
1993, 1094, 1464
[[-1.7574778e-01  4.4539988e-01 -8.7763556e-01  5.4450000e+01]
 [-1.6145320e-02  8.9033222e-01  4.5497516e-01  1.7214000e+02]
 [ 9.8405516e-01  9.4244440e-02 -1.4925456e-01 -1.1646400e+03]
 [ 0.0000000e+00  0.0000000e+00  0.0000000e+00  1.0000000e+00]]
[+0022.82, +0094.48, -1107.37]
992, 1033, 1861
[[-1.7366754e-01  4.4617402e-01 -8.7774692e-01  5.4580000e+01]
 [-1.4886020e-02  8.9016438e-01  4.5536252e-01  1.7218000e+02]
 [ 9.8452492e-01  9.2224520e-02 -1.4793192e-01 -1.1646300e+03]
 [ 0.0000000e+00  0.0000000e+00  0.0000000e+00  1.0000000e+00]]
[+0020.84, -0024.33, -1113.19]
1993, 1094, 1464
[[-1.7545290e-01  4.4564376e-01 -8.7756682e-01  5.4460000e+01]
 [-1.4900800e-02  8.9033820e-01  4.5500520e-01  1.7215000e+02]
 [ 9.8412390e-01  9.3023680e-02 -1.4954346e-01 -1.1646100e+03]
 [ 0.0000000e+00  0.0000000e+00  0.0000000e+00  1.0000000e+00]]
[+0024.70, +0096.01, -1106.68]
2015, 1404, 1568
[[-1.7612200e-01  4.4515752e-01 -8.7763764e-01  5.4390000e+01]
 [-1.5489840e-02  8.9049574e-01  4.5466968e-01  1.7214000e+02]
 [ 9.8395788e-01  9.3804240e-02 -1.4990770e-01 -1.1646200e+03]
 [ 0.0000000e+00  0.0000000e+00  0.0000000e+00  1.0000000e+00]]
[+0040.05, +0084.91, -1093.40]
1993, 1094, 1464
[[-1.7478114e-01  4.4589404e-01 -8.7758798e-01  5.4510000e+01]
 [-1.5622280e-02  8.9017496e-01  4.5530276e-01  1.7218000e+02]
 [ 9.8424494e-01  9.3397880e-02 -1.4859274e-01 -1.1646400e+03]
 [ 0.0000000e+00  0.0000000e+00  0.0000000e+00  1.0000000e+00]]
[+0023.96, +0097.07, -1109.24]
1428, 1952, 1319
[[-1.7411530e-01  4.4579604e-01 -8.7794338e-01  5.4490000e+01]
 [-1.4689560e-02  8.9036956e-01  4.5498444e-01  1.7225000e+02]
 [ 9.8453182e-01  9.2154840e-02 -1.4846890e-01 -1.1646600e+03]
 [ 0.0000000e+00  0.0000000e+00  0.0000000e+00  1.0000000e+00]]
[+0122.46, +0037.25, -1078.67]
1221, 1577, 1227
[[-1.7389138e-01  4.4630168e-01 -8.7753006e-01  5.4570000e+01]
 [-1.4360720e-02  8.9012192e-01  4.5544296e-01  1.7226000e+02]
 [ 9.8439726e-01  9.1920240e-02 -1.4834546e-01 -1.1646100e+03]
 [ 0.0000000e+00  0.0000000e+00  0.0000000e+00  1.0000000e+00]]
[+0099.04, +0030.34, -1062.73]
1428, 1952, 1319
[[-1.7515524e-01  4.4509318e-01 -8.7788666e-01  5.4330000e+01]
 [-1.5598660e-02  8.9056940e-01  4.5452578e-01  1.7216000e+02]
 [ 9.8414918e-01  9.3429460e-02 -1.4901460e-01 -1.1648100e+03]
 [ 0.0000000e+00  0.0000000e+00  0.0000000e+00  1.0000000e+00]]
[+0121.24, +0038.86, -1078.31]
1369, 2059, 1012
[[-1.7522890e-01  4.4562792e-01 -8.7759846e-01  5.4410000e+01]
 [-1.5240480e-02  8.9032240e-01  4.5502104e-01  1.7225000e+02]
 [ 9.8413974e-01  9.3231840e-02 -1.4918794e-01 -1.1647900e+03]
 [ 0.0000000e+00  0.0000000e+00  0.0000000e+00  1.0000000e+00]]
[+0149.63, +0052.16, -1096.67]
1428, 1952, 1319
[[-1.7537928e-01  4.4540664e-01 -8.7778140e-01  5.4380000e+01]
 [-1.4961360e-02  8.9046968e-01  4.5476020e-01  1.7217000e+02]
 [ 9.8420700e-01  9.2971000e-02 -1.4948560e-01 -1.1647900e+03]
 [ 0.0000000e+00  0.0000000e+00  0.0000000e+00  1.0000000e+00]]
[+0117.14, +0038.98, -1077.31]
810, 2239, 1536
[[-1.7374800e-01  4.4476044e-01 -8.7834708e-01  5.4350000e+01]
 [-1.4546520e-02  8.9091056e-01  4.5389396e-01  1.7226000e+02]
 [ 9.8442564e-01  9.1757720e-02 -1.4829520e-01 -1.1648300e+03]
 [ 0.0000000e+00  0.0000000e+00  0.0000000e+00  1.0000000e+00]]
[+0140.53, -0017.08, -1129.76]
1428, 1952, 1319
[[-1.7545290e-01  4.4568058e-01 -8.7771566e-01  5.4400000e+01]
 [-1.4937620e-02  8.9033820e-01  4.5503414e-01  1.7223000e+02]
 [ 9.8427274e-01  9.2994740e-02 -1.4954346e-01 -1.1647800e+03]
 [ 0.0000000e+00  0.0000000e+00  0.0000000e+00  1.0000000e+00]]
[+0116.60, +0040.02, -1077.06]
983, 928, 1798
[[-1.7396242e-01  4.4663800e-01 -8.7748220e-01  5.4550000e+01]
 [-1.5350000e-02  8.8986950e-01  4.5592840e-01  1.7219000e+02]
 [ 9.8449220e-01  9.2848400e-02 -1.4793192e-01 -1.1648000e+03]
 [ 0.0000000e+00  0.0000000e+00  0.0000000e+00  1.0000000e+00]]
[+0013.43, -0018.75, -1111.22]
1412, 1545, 2082
[[-1.7530260e-01  4.4504578e-01 -8.7790266e-01  5.4330000e+01]
 [-1.6146540e-02  8.9053740e-01  4.5457318e-01  1.7209000e+02]
 [ 9.8413318e-01  9.3977340e-02 -1.4889924e-01 -1.1648000e+03]
 [ 0.0000000e+00  0.0000000e+00  0.0000000e+00  1.0000000e+00]]
[+0039.12, -0007.94, -1102.16]
983, 928, 1798
[[-1.7329384e-01  4.4682592e-01 -8.7748440e-01  5.4590000e+01]
 [-1.5059200e-02  8.8982720e-01  4.5601440e-01  1.7221000e+02]
 [ 9.8458392e-01  9.2317440e-02 -1.4745320e-01 -1.1647900e+03]
 [ 0.0000000e+00  0.0000000e+00  0.0000000e+00  1.0000000e+00]]
[+0015.09, -0016.15, -1108.69]
859, 1331, 1108
[[-1.7359122e-01  4.4711548e-01 -8.7738718e-01  5.4600000e+01]
 [-1.4695880e-02  8.8971096e-01  4.5627268e-01  1.7226000e+02]
 [ 9.8463422e-01  9.2132920e-02 -1.4786682e-01 -1.1648000e+03]
 [ 0.0000000e+00  0.0000000e+00  0.0000000e+00  1.0000000e+00]]
[+0097.71, +0003.74, -1059.67]
983, 928, 1798
[[-1.7381490e-01  4.4609016e-01 -8.7761392e-01  5.4470000e+01]
 [-1.5397040e-02  8.9013294e-01  4.5538056e-01  1.7213000e+02]
 [ 9.8436048e-01  9.2801360e-02 -1.4781600e-01 -1.1647800e+03]
 [ 0.0000000e+00  0.0000000e+00  0.0000000e+00  1.0000000e+00]]
[+0012.66, -0019.04, -1112.67]
1096, 873, 1745
[[-1.7455738e-01  4.4628778e-01 -8.7736012e-01  5.4490000e+01]
 [-1.5478820e-02  8.8998542e-01  4.5566492e-01  1.7213000e+02]
 [ 9.8422252e-01  9.3259480e-02 -1.4841096e-01 -1.1647800e+03]
 [ 0.0000000e+00  0.0000000e+00  0.0000000e+00  1.0000000e+00]]
[+0005.81, -0002.25, -1105.64]
983, 928, 1798
[[-1.7478114e-01  4.4648916e-01 -8.7744046e-01  5.4510000e+01]
 [-1.5027160e-02  8.8994328e-01  4.5580332e-01  1.7217000e+02]
 [ 9.8439246e-01  9.2897320e-02 -1.4882442e-01 -1.1647700e+03]
 [ 0.0000000e+00  0.0000000e+00  0.0000000e+00  1.0000000e+00]]
[+0014.23, -0019.28, -1111.29]
887, 1434, 1541
[[-1.7396242e-01  4.4660110e-01 -8.7733348e-01  5.4540000e+01]
 [-1.5313100e-02  8.8986950e-01  4.5589940e-01  1.7222000e+02]
 [ 9.8434348e-01  9.2877400e-02 -1.4793192e-01 -1.1648100e+03]
 [ 0.0000000e+00  0.0000000e+00  0.0000000e+00  1.0000000e+00]]
[+0079.00, -0023.35, -1082.33]
1169, 1002, 1486
[[-1.7463120e-01  4.4644984e-01 -8.7747992e-01  5.4510000e+01]
 [-1.5640880e-02  8.8991160e-01  4.5584264e-01  1.7218000e+02]
 [ 9.8440024e-01  9.3379280e-02 -1.4841096e-01 -1.1647900e+03]
 [ 0.0000000e+00  0.0000000e+00  0.0000000e+00  1.0000000e+00]]
[+0025.54, +0017.15, -1075.00]
887, 1434, 1541
[[-1.7448360e-01  4.4634828e-01 -8.7750096e-01  5.4510000e+01]
 [-1.5241800e-02  8.9000126e-01  4.5567028e-01  1.7219000e+02]
 [ 9.8437920e-01  9.2956600e-02 -1.4846890e-01 -1.1647800e+03]
 [ 0.0000000e+00  0.0000000e+00  0.0000000e+00  1.0000000e+00]]
[+0077.90, -0024.94, -1083.64]
1165, 1632, 1413
[[-1.7470740e-01  4.4606646e-01 -8.7754318e-01  5.4450000e+01]
 [-1.5199580e-02  8.9013294e-01  4.5540426e-01  1.7221000e+02]
 [ 9.8428974e-01  9.2998820e-02 -1.4870850e-01 -1.1648100e+03]
 [ 0.0000000e+00  0.0000000e+00  0.0000000e+00  1.0000000e+00]]
[+0095.34, +0010.31, -1069.38]
887, 1434, 1541
[[-1.7381490e-01  4.4657318e-01 -8.7765206e-01  5.4520000e+01]
 [-1.4987740e-02  8.8995900e-01  4.5578518e-01  1.7221000e+02]
 [ 9.8461978e-01  9.2396740e-02 -1.4798994e-01 -1.1648000e+03]
 [ 0.0000000e+00  0.0000000e+00  0.0000000e+00  1.0000000e+00]]
[+0076.79, -0024.96, -1083.59]
1123, 1508, 2177
[[-1.7560026e-01  4.4462808e-01 -8.7813836e-01  5.4300000e+01]
 [-1.6564240e-02  8.9071014e-01  4.5423468e-01  1.7207000e+02]
 [ 9.8414772e-01  9.4389560e-02 -1.4902416e-01 -1.1647700e+03]
 [ 0.0000000e+00  0.0000000e+00  0.0000000e+00  1.0000000e+00]]
[+0045.67, -0031.65, -1124.31]
887, 1434, 1541
[[-1.7351748e-01  4.4669286e-01 -8.7748998e-01  5.4550000e+01]
 [-1.4868060e-02  8.8990094e-01  4.5587354e-01  1.7224000e+02]
 [ 9.8453142e-01  9.2234660e-02 -1.4775058e-01 -1.1648100e+03]
 [ 0.0000000e+00  0.0000000e+00  0.0000000e+00  1.0000000e+00]]
[+0079.31, -0022.86, -1082.17]
1918, 2044, 1056
[[-1.7672106e-01  4.4508048e-01 -8.7757110e-01  5.4300000e+01]
 [-1.4346000e-02  8.9061680e-01  4.5447280e-01  1.7222000e+02]
 [ 9.8388102e-01  9.3030640e-02 -1.5097450e-01 -1.1647800e+03]
 [ 0.0000000e+00  0.0000000e+00  0.0000000e+00  1.0000000e+00]]
[+0125.79, +0088.65, -1101.46]
1970, 1843, 1291
[[-1.7634612e-01  4.4502452e-01 -8.7764264e-01  5.4310000e+01]
 [-1.5299120e-02  8.9056940e-01  4.5452876e-01  1.7217000e+02]
 [ 9.8390516e-01  9.3721040e-02 -1.5020548e-01 -1.1647900e+03]
 [ 0.0000000e+00  0.0000000e+00  0.0000000e+00  1.0000000e+00]]
[+0093.86, +0089.54, -1087.61]
1918, 2044, 1056
[[-1.7567698e-01  4.4510104e-01 -8.7783124e-01  5.4310000e+01]
 [-1.5193360e-02  8.9058528e-01  4.5451792e-01  1.7222000e+02]
 [ 9.8410964e-01  9.3286880e-02 -1.4966770e-01 -1.1647800e+03]
 [ 0.0000000e+00  0.0000000e+00  0.0000000e+00  1.0000000e+00]]
[+0125.91, +0089.19, -1102.13]
1016, 2170, 1362
[[-1.7448992e-01  4.4536824e-01 -8.7783432e-01  5.4390000e+01]
 [-1.4145840e-02  8.9059006e-01  4.5452466e-01  1.7225000e+02]
 [ 9.8424888e-01  9.1868940e-02 -1.4906402e-01 -1.1648100e+03]
 [ 0.0000000e+00  0.0000000e+00  0.0000000e+00  1.0000000e+00]]
[+0145.41, +0000.67, -1110.34]
1918, 2044, 1056
[[-1.7694180e-01  4.4515754e-01 -8.7755798e-01  5.4310000e+01]
 [-1.5018820e-02  8.9051166e-01  4.5466966e-01  1.7221000e+02]
 [ 9.8389414e-01  9.3727420e-02 -1.5085890e-01 -1.1647900e+03]
 [ 0.0000000e+00  0.0000000e+00  0.0000000e+00  1.0000000e+00]]
[+0124.62, +0089.63, -1101.62]
1762, 1654, 757
[[-1.7485492e-01  4.4657740e-01 -8.7726268e-01  5.4510000e+01]
 [-1.5115400e-02  8.8986950e-01  4.5592310e-01  1.7226000e+02]
 [ 9.8427268e-01  9.3075100e-02 -1.4882442e-01 -1.1648100e+03]
 [ 0.0000000e+00  0.0000000e+00  0.0000000e+00  1.0000000e+00]]
[+0118.78, +0107.94, -1100.50]
1918, 2044, 1056
[[-1.7605188e-01  4.4485898e-01 -8.7783350e-01  5.4290000e+01]
 [-1.4537980e-02  8.9074812e-01  4.5421210e-01  1.7222000e+02]
 [ 9.8401210e-01  9.2846500e-02 -1.5032100e-01 -1.1648100e+03]
 [ 0.0000000e+00  0.0000000e+00  0.0000000e+00  1.0000000e+00]]
[+0125.33, +0088.77, -1101.78]
1906, 1738, 1961
[[-1.7634612e-01  4.4465146e-01 -8.7805090e-01  5.4270000e+01]
 [-1.5819460e-02  8.9074238e-01  4.5421130e-01  1.7210000e+02]
 [ 9.8409250e-01  9.4038500e-02 -1.5003250e-01 -1.1647800e+03]
 [ 0.0000000e+00  0.0000000e+00  0.0000000e+00  1.0000000e+00]]
[+0043.17, +0038.88, -1088.99]
2153, 1372, 1653
[[-1.7723970e-01  4.4514960e-01 -8.7753400e-01  5.4300000e+01]
 [-1.4953120e-02  8.9051166e-01  4.5467760e-01  1.7213000e+02]
 [ 9.8387016e-01  9.3793120e-02 -1.5115680e-01 -1.1647500e+03]
 [ 0.0000000e+00  0.0000000e+00  0.0000000e+00  1.0000000e+00]]
[+0033.64, +0089.17, -1104.38]
1906, 1738, 1961
[[-1.7522890e-01  4.4477184e-01 -8.7796832e-01  5.4320000e+01]
 [-1.6170240e-02  8.9066872e-01  4.5429924e-01  1.7211000e+02]
 [ 9.8406752e-01  9.3953640e-02 -1.4884162e-01 -1.1647900e+03]
 [ 0.0000000e+00  0.0000000e+00  0.0000000e+00  1.0000000e+00]]
[+0048.27, +0033.58, -1087.68]
1327, 1838, 1374
[[-1.747840e-01  4.459808e-01 -8.775328e-01  5.444000e+01]
 [-1.446080e-02  8.902380e-01  4.552160e-01  1.722100e+02]
 [ 9.842528e-01  9.236800e-02 -1.491220e-01 -1.164790e+03]
 [ 0.000000e+00  0.000000e+00  0.000000e+00  1.000000e+00]]
[+0111.39, +0024.96, -1073.70]
1906, 1738, 1961
[[-1.7694180e-01  4.4459860e-01 -8.7785420e-01  5.4240000e+01]
 [-1.5651400e-02  8.9074238e-01  4.5419854e-01  1.7209000e+02]
 [ 9.8389580e-01  9.4198540e-02 -1.5062818e-01 -1.1647500e+03]
 [ 0.0000000e+00  0.0000000e+00  0.0000000e+00  1.0000000e+00]]
[+0043.16, +0039.77, -1088.91]
1685, 1447, 2128
[[-1.7574778e-01  4.4487832e-01 -8.7808084e-01  5.4320000e+01]
 [-1.6814480e-02  8.9056262e-01  4.5453236e-01  1.7208000e+02]
 [ 9.8420524e-01  9.4687240e-02 -1.4902416e-01 -1.1647700e+03]
 [ 0.0000000e+00  0.0000000e+00  0.0000000e+00  1.0000000e+00]]
[+0021.39, +0012.38, -1106.72]
1906, 1738, 1961
[[-1.7641978e-01  4.4473968e-01 -8.7787320e-01  5.4290000e+01]
 [-1.5907680e-02  8.9066872e-01  4.5433140e-01  1.7213000e+02]
 [ 9.8397240e-01  9.4216200e-02 -1.5003250e-01 -1.1647800e+03]
 [ 0.0000000e+00  0.0000000e+00  0.0000000e+00  1.0000000e+00]]
[+0047.85, +0041.26, -1087.18]
2114, 1903, 1815
[[-1.7716290e-01  4.4452678e-01 -8.7787844e-01  5.4240000e+01]
 [-1.6473220e-02  8.9069390e-01  4.5427036e-01  1.7212000e+02]
 [ 9.8387156e-01  9.5020360e-02 -1.5045556e-01 -1.1647900e+03]
 [ 0.0000000e+00  0.0000000e+00  0.0000000e+00  1.0000000e+00]]
[+0067.89, +0066.54, -1086.77]
2000, 1788, 1817
[[-1.7649348e-01  4.4501362e-01 -8.7780754e-01  5.4300000e+01]
 [-1.5883820e-02  8.9053740e-01  4.5460534e-01  1.7215000e+02]
 [ 9.8403806e-01  9.4240060e-02 -1.5009012e-01 -1.1647700e+03]
 [ 0.0000000e+00  0.0000000e+00  0.0000000e+00  1.0000000e+00]]
[+0057.19, +0056.86, -1084.34]
2114, 1903, 1815
[[-1.7671760e-01  4.4443380e-01 -8.7792300e-01  5.4230000e+01]
 [-1.6139880e-02  8.9078384e-01  4.5408940e-01  1.7212000e+02]
 [ 9.8387484e-01  9.4531880e-02 -1.5021520e-01 -1.1648000e+03]
 [ 0.0000000e+00  0.0000000e+00  0.0000000e+00  1.0000000e+00]]
[+0067.04, +0066.33, -1087.17]
1933, 2070, 1327
[[-1.7641978e-01  4.4503748e-01 -8.7779952e-01  5.4350000e+01]
 [-1.5609880e-02  8.9055344e-01  4.5458148e-01  1.7221000e+02]
 [ 9.8404608e-01  9.3966120e-02 -1.5014778e-01 -1.1648000e+03]
 [ 0.0000000e+00  0.0000000e+00  0.0000000e+00  1.0000000e+00]]
[+0116.23, +0074.58, -1090.73]
2114, 1903, 1815
[[-1.7701264e-01  4.4463604e-01 -8.7788180e-01  5.4240000e+01]
 [-1.6937800e-02  8.9060376e-01  4.5443504e-01  1.7213000e+02]
 [ 9.8391604e-01  9.5377600e-02 -1.5010024e-01 -1.1647900e+03]
 [ 0.0000000e+00  0.0000000e+00  0.0000000e+00  1.0000000e+00]]
[+0061.60, +0065.30, -1088.11]
1793, 2227, 2045
[[-1.7545636e-01  4.4405498e-01 -8.7839930e-01  5.4320000e+01]
 [-1.5635900e-02  8.9109420e-01  4.5350350e-01  1.7214000e+02]
 [ 9.8413702e-01  9.3408140e-02 -1.4937940e-01 -1.1645900e+03]
 [ 0.0000000e+00  0.0000000e+00  0.0000000e+00  1.0000000e+00]]
[+0090.52, +0010.87, -1093.12]
2114, 1903, 1815
[[-1.7619892e-01  4.4484804e-01 -8.7799816e-01  5.4370000e+01]
 [-1.5122640e-02  8.9071660e-01  4.5428868e-01  1.7215000e+02]
 [ 9.8414524e-01  9.3365520e-02 -1.5020548e-01 -1.1645900e+03]
 [ 0.0000000e+00  0.0000000e+00  0.0000000e+00  1.0000000e+00]]
[+0064.31, +0067.86, -1087.82]
1720, 2152, 2239
[[-1.7552986e-01  4.4362142e-01 -8.7866642e-01  5.4220000e+01]
 [-1.6393220e-02  8.9125062e-01  4.5318058e-01  1.7205000e+02]
 [ 9.8416762e-01  9.4028780e-02 -1.4914948e-01 -1.1647700e+03]
 [ 0.0000000e+00  0.0000000e+00  0.0000000e+00  1.0000000e+00]]
[+0076.09, -0000.04, -1099.52]
1873, 2027, 2181
[[-1.7582760e-01  4.4446988e-01 -8.7827324e-01  5.4300000e+01]
 [-1.5397720e-02  8.9090550e-01  4.5391054e-01  1.7210000e+02]
 [ 9.8421556e-01  9.3372340e-02 -1.4979234e-01 -1.1647300e+03]
 [ 0.0000000e+00  0.0000000e+00  0.0000000e+00  1.0000000e+00]]
[+0061.87, +0018.25, -1092.46]
1720, 2152, 2239
[[-1.7486100e-01  4.4366118e-01 -8.7870574e-01  5.4230000e+01]
 [-1.6250140e-02  8.9126670e-01  4.5314082e-01  1.7209000e+02]
 [ 9.8422302e-01  9.3623860e-02 -1.4861154e-01 -1.1647600e+03]
 [ 0.0000000e+00  0.0000000e+00  0.0000000e+00  1.0000000e+00]]
[+0076.09, -0000.69, -1099.88]
1665, 2197, 1994
[[-1.7456338e-01  4.4497166e-01 -8.7824990e-01  5.4350000e+01]
 [-1.4939660e-02  8.9074812e-01  4.5423070e-01  1.7219000e+02]
 [ 9.8442850e-01  9.2460500e-02 -1.4883250e-01 -1.1647600e+03]
 [ 0.0000000e+00  0.0000000e+00  0.0000000e+00  1.0000000e+00]]
[+0097.74, +0009.49, -1092.31]
1720, 2152, 2239
[[-1.7560340e-01  4.4389542e-01 -8.7860094e-01  5.4230000e+01]
 [-1.6369500e-02  8.9111966e-01  4.5345458e-01  1.7209000e+02]
 [ 9.8423310e-01  9.4052500e-02 -1.4920690e-01 -1.1647400e+03]
 [ 0.0000000e+00  0.0000000e+00  0.0000000e+00  1.0000000e+00]]
[+0073.56, -0002.07, -1100.45]
1119, 1410, 2234
[[-1.7448642e-01  4.4531830e-01 -8.7803802e-01  5.4410000e+01]
 [-1.5344100e-02  8.9052750e-01  4.5464030e-01  1.7212000e+02]
 [ 9.8439002e-01  9.2870100e-02 -1.4853492e-01 -1.1647200e+03]
 [ 0.0000000e+00  0.0000000e+00  0.0000000e+00  1.0000000e+00]]
[+0037.24, -0030.50, -1131.84]
1720, 2152, 2239
[[-1.7634970e-01  4.4358434e-01 -8.7843812e-01  5.4200000e+01]
 [-1.5886100e-02  8.9126670e-01  4.5315220e-01  1.7209000e+02]
 [ 9.8395540e-01  9.3979880e-02 -1.5010024e-01 -1.1647400e+03]
 [ 0.0000000e+00  0.0000000e+00  0.0000000e+00  1.0000000e+00]]
[+0075.47, +0001.97, -1099.09]
1132, 1585, 1566
[[-1.7366754e-01  4.4628592e-01 -8.7756138e-01  5.4520000e+01]
 [-1.4700480e-02  8.9010636e-01  4.5545872e-01  1.7221000e+02]
 [ 9.8441302e-01  9.2128320e-02 -1.4798994e-01 -1.1647600e+03]
 [ 0.0000000e+00  0.0000000e+00  0.0000000e+00  1.0000000e+00]]
[+0080.84, -0003.05, -1074.57]
1147, 1580, 944
[[-1.7351748e-01  4.4669286e-01 -8.7748998e-01  5.4570000e+01]
 [-1.4868060e-02  8.8990094e-01  4.5587354e-01  1.7225000e+02]
 [ 9.8453142e-01  9.2234660e-02 -1.4775058e-01 -1.1647700e+03]
 [ 0.0000000e+00  0.0000000e+00  0.0000000e+00  1.0000000e+00]]
[+0123.23, +0043.68, -1065.21]
1132, 1585, 1566
[[-1.7366754e-01  4.4602530e-01 -8.7778374e-01  5.4480000e+01]
 [-1.5034740e-02  8.9022236e-01  4.5523730e-01  1.7220000e+02]
 [ 9.8448810e-01  9.2349740e-02 -1.4787394e-01 -1.1647600e+03]
 [ 0.0000000e+00  0.0000000e+00  0.0000000e+00  1.0000000e+00]]
[+0079.54, -0004.68, -1075.47]
1576, 1183, 1579
[[-1.7530260e-01  4.4590184e-01 -8.7753268e-01  5.4450000e+01]
 [-1.5216760e-02  8.9019084e-01  4.5529496e-01  1.7217000e+02]
 [ 9.8420552e-01  9.3255560e-02 -1.4924580e-01 -1.1647200e+03]
 [ 0.0000000e+00  0.0000000e+00  0.0000000e+00  1.0000000e+00]]
[+0026.41, +0048.06, -1081.14]
1132, 1585, 1566
[[-1.7396500e-01  4.4616620e-01 -8.7772340e-01  5.4490000e+01]
 [-1.4820200e-02  8.9016438e-01  4.5537034e-01  1.7222000e+02]
 [ 9.8450140e-01  9.2290340e-02 -1.4822938e-01 -1.1647400e+03]
 [ 0.0000000e+00  0.0000000e+00  0.0000000e+00  1.0000000e+00]]
[+0079.59, -0005.27, -1075.95]
1672, 2183, 1574
[[-1.7590114e-01  4.4455820e-01 -8.7809554e-01  5.4280000e+01]
 [-1.5486040e-02  8.9083196e-01  4.5403060e-01  1.7218000e+02]
 [ 9.8409550e-01  9.3550040e-02 -1.4979234e-01 -1.1647800e+03]
 [ 0.0000000e+00  0.0000000e+00  0.0000000e+00  1.0000000e+00]]
[+0117.43, +0038.22, -1086.91]
1132, 1585, 1566
[[-1.7403866e-01  4.4595708e-01 -8.7761934e-01  5.4470000e+01]
 [-1.5206040e-02  8.9020664e-01  4.5523972e-01  1.7218000e+02]
 [ 9.8430798e-01  9.2718440e-02 -1.4811346e-01 -1.1647600e+03]
 [ 0.0000000e+00  0.0000000e+00  0.0000000e+00  1.0000000e+00]]
[+0078.72, -0005.11, -1075.95]
1762, 849, 1978
[[-1.7582160e-01  4.4492960e-01 -8.7775440e-01  5.4320000e+01]
 [-1.6865760e-02  8.9048880e-01  4.5462368e-01  1.7206000e+02]
 [ 9.8393632e-01  9.4893600e-02 -1.4902416e-01 -1.1647300e+03]
 [ 0.0000000e+00  0.0000000e+00  0.0000000e+00  1.0000000e+00]]
[-0008.56, +0043.56, -1137.58]
1908, 887, 2023
[[-1.7761130e-01  4.4440956e-01 -8.7785112e-01  5.4200000e+01]
 [-1.5943080e-02  8.9078384e-01  4.5411364e-01  1.7195000e+02]
 [ 9.8380296e-01  9.4728680e-02 -1.5110890e-01 -1.1646800e+03]
 [ 0.0000000e+00  0.0000000e+00  0.0000000e+00  1.0000000e+00]]
[-0004.77, +0049.37, -1138.43]
1762, 849, 1978
[[-1.7507872e-01  4.4588608e-01 -8.7756432e-01  5.4440000e+01]
 [-1.5556480e-02  8.9017496e-01  4.5531072e-01  1.7217000e+02]
 [ 9.8422128e-01  9.3463680e-02 -1.4889032e-01 -1.1646700e+03]
 [ 0.0000000e+00  0.0000000e+00  0.0000000e+00  1.0000000e+00]]
[-0006.02, +0044.40, -1134.00]
1865, 752, 1727
[[-1.7626944e-01  4.4622712e-01 -8.7706088e-01  5.4460000e+01]
 [-1.4772880e-02  8.9000126e-01  4.5565972e-01  1.7214000e+02]
 [ 9.8393912e-01  9.3409720e-02 -1.5025474e-01 -1.1646800e+03]
 [ 0.0000000e+00  0.0000000e+00  0.0000000e+00  1.0000000e+00]]
[-0006.10, +0069.77, -1135.02]
1762, 849, 1978
[[-1.7537634e-01  4.4531972e-01 -8.7783696e-01  5.4380000e+01]
 [-1.6122840e-02  8.9040600e-01  4.5484712e-01  1.7210000e+02]
 [ 9.8419888e-01  9.4001040e-02 -1.4895690e-01 -1.1646700e+03]
 [ 0.0000000e+00  0.0000000e+00  0.0000000e+00  1.0000000e+00]]
[-0007.55, +0042.51, -1136.80]
1701, 1326, 1770
[[-1.7522890e-01  4.4562792e-01 -8.7759846e-01  5.4420000e+01]
 [-1.5240480e-02  8.9032240e-01  4.5502104e-01  1.7213000e+02]
 [ 9.8413974e-01  9.3231840e-02 -1.4918794e-01 -1.1647300e+03]
 [ 0.0000000e+00  0.0000000e+00  0.0000000e+00  1.0000000e+00]]
[+0030.01, +0040.54, -1085.73]
1762, 849, 1978
[[-1.7589546e-01  4.4520352e-01 -8.7768870e-01  5.4350000e+01]
 [-1.6842000e-02  8.9035740e-01  4.5489760e-01  1.7206000e+02]
 [ 9.8400202e-01  9.4917360e-02 -1.4908170e-01 -1.1647400e+03]
 [ 0.0000000e+00  0.0000000e+00  0.0000000e+00  1.0000000e+00]]
[-0008.59, +0042.97, -1138.18]
907, 795, 2152
[[-1.7388864e-01  4.4595480e-01 -8.7780744e-01  5.4500000e+01]
 [-1.5856560e-02  8.9017496e-01  4.5530780e-01  1.7210000e+02]
 [ 9.8446440e-01  9.3171560e-02 -1.4770024e-01 -1.1647500e+03]
 [ 0.0000000e+00  0.0000000e+00  0.0000000e+00  1.0000000e+00]]
[+0008.81, -0024.33, -1159.84]
1091, 892, 2079
[[-1.7478114e-01  4.4589404e-01 -8.7758798e-01  5.4440000e+01]
 [-1.5622280e-02  8.9017496e-01  4.5530276e-01  1.7211000e+02]
 [ 9.8424494e-01  9.3397880e-02 -1.4859274e-01 -1.1647300e+03]
 [ 0.0000000e+00  0.0000000e+00  0.0000000e+00  1.0000000e+00]]
[+0006.38, -0014.18, -1137.48]
907, 795, 2152
[[-1.7351748e-01  4.4587438e-01 -8.7800854e-01  5.4480000e+01]
 [-1.5833980e-02  8.9024870e-01  4.5518006e-01  1.7206000e+02]
 [ 9.8460766e-01  9.2928140e-02 -1.4740282e-01 -1.1647600e+03]
 [ 0.0000000e+00  0.0000000e+00  0.0000000e+00  1.0000000e+00]]
[+0008.97, -0024.53, -1159.59]
880, 915, 2245
[[-1.7344680e-01  4.4527700e-01 -8.7827840e-01  5.4450000e+01]
 [-1.5178760e-02  8.9061680e-01  4.5447332e-01  1.7207000e+02]
 [ 9.8458832e-01  9.2221400e-02 -1.4770024e-01 -1.1647000e+03]
 [ 0.0000000e+00  0.0000000e+00  0.0000000e+00  1.0000000e+00]]
[+0018.25, -0029.33, -1160.01]
907, 795, 2152
[[-1.7440986e-01  4.4637188e-01 -8.7749308e-01  5.4530000e+01]
 [-1.4967880e-02  8.9001702e-01  4.5564668e-01  1.7212000e+02]
 [ 9.8438708e-01  9.2682680e-02 -1.4852688e-01 -1.1647300e+03]
 [ 0.0000000e+00  0.0000000e+00  0.0000000e+00  1.0000000e+00]]
[+0010.81, -0024.13, -1154.88]
844, 848, 2064
[[-1.7337012e-01  4.4688852e-01 -8.7743760e-01  5.4590000e+01]
 [-1.4171520e-02  8.8987388e-01  4.5595180e-01  1.7219000e+02]
 [ 9.8458380e-01  9.1561600e-02 -1.4792500e-01 -1.1647500e+03]
 [ 0.0000000e+00  0.0000000e+00  0.0000000e+00  1.0000000e+00]]
[+0015.13, -0028.36, -1144.32]
907, 795, 2152
[[-1.7425988e-01  4.4577456e-01 -8.7782880e-01  5.4460000e+01]
 [-1.6213440e-02  8.9021678e-01  4.5521410e-01  1.7208000e+02]
 [ 9.8439600e-01  9.3636500e-02 -1.4788210e-01 -1.1647500e+03]
 [ 0.0000000e+00  0.0000000e+00  0.0000000e+00  1.0000000e+00]]
[+0009.48, -0023.99, -1157.84]
2202, 1008, 1290
[[-1.7723668e-01  4.4562056e-01 -8.7729352e-01  5.4360000e+01]
 [-1.5481840e-02  8.9021678e-01  4.5523654e-01  1.7211000e+02]
 [ 9.8386072e-01  9.4352060e-02 -1.5085890e-01 -1.1647300e+03]
 [ 0.0000000e+00  0.0000000e+00  0.0000000e+00  1.0000000e+00]]
[+0031.11, +0113.28, -1126.74]
1994, 925, 1323
[[-1.7530018e-01  4.4622450e-01 -8.7732876e-01  5.4470000e+01]
 [-1.5894900e-02  8.8995350e-01  4.5572820e-01  1.7216000e+02]
 [ 9.8415924e-01  9.3939000e-02 -1.4889032e-01 -1.1647500e+03]
 [ 0.0000000e+00  0.0000000e+00  0.0000000e+00  1.0000000e+00]]
[+0021.33, +0099.24, -1113.24]
2202, 1008, 1290
[[-1.7746080e-01  4.4589760e-01 -8.7703880e-01  5.4370000e+01]
 [-1.4807360e-02  8.9011710e-01  4.5544148e-01  1.7215000e+02]
 [ 9.8376952e-01  9.3923000e-02 -1.5133026e-01 -1.1646800e+03]
 [ 0.0000000e+00  0.0000000e+00  0.0000000e+00  1.0000000e+00]]
[+0031.21, +0113.38, -1126.80]
2181, 851, 786
[[-1.7634100e-01  4.4700898e-01 -8.7690286e-01  5.4500000e+01]
 [-1.5314980e-02  8.8957398e-01  4.5652114e-01  1.7219000e+02]
 [ 9.8414486e-01  9.3963140e-02 -1.5001498e-01 -1.1647300e+03]
 [ 0.0000000e+00  0.0000000e+00  0.0000000e+00  1.0000000e+00]]
[+0051.67, +0135.04, -1146.50]
2202, 1008, 1290
[[-1.7693882e-01  4.4547966e-01 -8.7735438e-01  5.4350000e+01]
 [-1.5696540e-02  8.9027452e-01  4.5510354e-01  1.7213000e+02]
 [ 9.8384778e-01  9.4411260e-02 -1.5050330e-01 -1.1647400e+03]
 [ 0.0000000e+00  0.0000000e+00  0.0000000e+00  1.0000000e+00]]
[+0031.17, +0113.34, -1127.29]
2025, 1407, 1173
[[-1.7492874e-01  4.4599554e-01 -8.7756706e-01  5.4430000e+01]
 [-1.6021340e-02  8.9008518e-01  4.5547518e-01  1.7221000e+02]
 [ 9.8426586e-01  9.3820580e-02 -1.4853492e-01 -1.1648000e+03]
 [ 0.0000000e+00  0.0000000e+00  0.0000000e+00  1.0000000e+00]]
[+0068.13, +0104.80, -1094.57]
2202, 1008, 1290
[[-1.7686504e-01  4.4550360e-01 -8.7734636e-01  5.4340000e+01]
 [-1.5422640e-02  8.9029056e-01  4.5507960e-01  1.7209000e+02]
 [ 9.8385580e-01  9.4137360e-02 -1.5056104e-01 -1.1647200e+03]
 [ 0.0000000e+00  0.0000000e+00  0.0000000e+00  1.0000000e+00]]
[+0031.07, +0113.71, -1127.55]
1879, 934, 1283
[[-1.7582160e-01  4.4608340e-01 -8.7731020e-01  5.4450000e+01]
 [-1.5638120e-02  8.9002736e-01  4.5559540e-01  1.7215000e+02]
 [ 9.8408284e-01  9.3921880e-02 -1.4948560e-01 -1.1647300e+03]
 [ 0.0000000e+00  0.0000000e+00  0.0000000e+00  1.0000000e+00]]
[+0021.86, +0095.46, -1103.56]
1742, 1906, 775
[[-1.7560026e-01  4.4604276e-01 -8.7747208e-01  5.4430000e+01]
 [-1.5002120e-02  8.9013294e-01  4.5542796e-01  1.7226000e+02]
 [ 9.8421864e-01  9.3196280e-02 -1.4960136e-01 -1.1647400e+03]
 [ 0.0000000e+00  0.0000000e+00  0.0000000e+00  1.0000000e+00]]
[+0136.97, +0095.51, -1108.15]
1879, 934, 1283
[[-1.7552394e-01  4.4609140e-01 -8.7733396e-01  5.4430000e+01]
 [-1.5703960e-02  8.9002736e-01  4.5558740e-01  1.7217000e+02]
 [ 9.8410660e-01  9.3856040e-02 -1.4918794e-01 -1.1647500e+03]
 [ 0.0000000e+00  0.0000000e+00  0.0000000e+00  1.0000000e+00]]
[+0021.09, +0099.23, -1106.21]
2037, 1000, 1367
[[-1.7604548e-01  4.4568954e-01 -8.7753798e-01  5.4380000e+01]
 [-1.5781860e-02  8.9021678e-01  4.5523334e-01  1.7212000e+02]
 [ 9.8410518e-01  9.4060060e-02 -1.4966770e-01 -1.1647600e+03]
 [ 0.0000000e+00  0.0000000e+00  0.0000000e+00  1.0000000e+00]]
[+0023.69, +0103.51, -1115.33]
1879, 934, 1283
[[-1.7545012e-01  4.4656160e-01 -8.7721528e-01  5.4480000e+01]
 [-1.4983600e-02  8.8986950e-01  4.5593890e-01  1.7217000e+02]
 [ 9.8422528e-01  9.3206900e-02 -1.4941962e-01 -1.1647400e+03]
 [ 0.0000000e+00  0.0000000e+00  0.0000000e+00  1.0000000e+00]]
[+0022.61, +0097.27, -1103.99]
1336, 1255, 2045
[[-1.7478114e-01  4.4533580e-01 -8.7788428e-01  5.4360000e+01]
 [-1.6254280e-02  8.9040600e-01  4.5483104e-01  1.7211000e+02]
 [ 9.8424620e-01  9.3869600e-02 -1.4836170e-01 -1.1647700e+03]
 [ 0.0000000e+00  0.0000000e+00  0.0000000e+00  1.0000000e+00]]
[+0020.14, -0007.62, -1111.44]
1879, 934, 1283
[[-1.7619316e-01  4.4620044e-01 -8.7725748e-01  5.4440000e+01]
 [-1.5697320e-02  8.8995350e-01  4.5575226e-01  1.7214000e+02]
 [ 9.8408796e-01  9.4136580e-02 -1.4978330e-01 -1.1647700e+03]
 [ 0.0000000e+00  0.0000000e+00  0.0000000e+00  1.0000000e+00]]
[+0021.17, +0101.06, -1106.96]
1956, 1288, 993
[[-1.7597170e-01  4.4612304e-01 -8.7727048e-01  5.4420000e+01]
 [-1.5024480e-02  8.9005920e-01  4.5555576e-01  1.7218000e+02]
 [ 9.8407496e-01  9.3439920e-02 -1.4989906e-01 -1.1647500e+03]
 [ 0.0000000e+00  0.0000000e+00  0.0000000e+00  1.0000000e+00]]
[+0070.11, +0119.36, -1101.38]
2227, 1247, 1096
[[-1.7723668e-01  4.4550852e-01 -8.7747936e-01  5.4340000e+01]
 [-1.5667680e-02  8.9027452e-01  4.5514044e-01  1.7213000e+02]
 [ 9.8397276e-01  9.4448160e-02 -1.5080116e-01 -1.1647500e+03]
 [ 0.0000000e+00  0.0000000e+00  0.0000000e+00  1.0000000e+00]]
[+0058.60, +0122.56, -1121.15]
1956, 1288, 993
[[-1.7515250e-01  4.4627190e-01 -8.7731280e-01  5.4470000e+01]
 [-1.5347100e-02  8.8998542e-01  4.5568080e-01  1.7220000e+02]
 [ 9.8417520e-01  9.3391200e-02 -1.4900608e-01 -1.1647500e+03]
 [ 0.0000000e+00  0.0000000e+00  0.0000000e+00  1.0000000e+00]]
[+0070.91, +0114.20, -1098.37]
1984, 1110, 848
[[-1.7522632e-01  4.4665768e-01 -8.7706120e-01  5.4490000e+01]
 [-1.5137680e-02  8.8979568e-01  4.5605080e-01  1.7220000e+02]
 [ 9.8412920e-01  9.3318800e-02 -1.4912200e-01 -1.1647700e+03]
 [ 0.0000000e+00  0.0000000e+00  0.0000000e+00  1.0000000e+00]]
[+0065.89, +0127.42, -1112.90]
1956, 1288, 993
[[-1.7567400e-01  4.4613096e-01 -8.7729428e-01  5.4440000e+01]
 [-1.5090320e-02  8.9005920e-01  4.5554784e-01  1.7219000e+02]
 [ 9.8409876e-01  9.3374080e-02 -1.4960136e-01 -1.1647400e+03]
 [ 0.0000000e+00  0.0000000e+00  0.0000000e+00  1.0000000e+00]]
[+0070.09, +0112.85, -1097.45]
1917, 1221, 1066
[[-1.7582160e-01  4.4623224e-01 -8.7727328e-01  5.4460000e+01]
 [-1.5489280e-02  8.8996950e-01  4.5572046e-01  1.7219000e+02]
 [ 9.8411976e-01  9.3796820e-02 -1.4954346e-01 -1.1647500e+03]
 [ 0.0000000e+00  0.0000000e+00  0.0000000e+00  1.0000000e+00]]
[+0059.25, +0107.81, -1093.30]
1956, 1288, 993
[[-1.7560026e-01  4.4615474e-01 -8.7728638e-01  5.4430000e+01]
 [-1.4816420e-02  8.9007500e-01  4.5552406e-01  1.7218000e+02]
 [ 9.8410666e-01  9.3100180e-02 -1.4965930e-01 -1.1647400e+03]
 [ 0.0000000e+00  0.0000000e+00  0.0000000e+00  1.0000000e+00]]
[+0071.08, +0116.05, -1099.37]
858, 1931, 1271
[[-1.7366754e-01  4.4632274e-01 -8.7771010e-01  5.4500000e+01]
 [-1.4737300e-02  8.9010636e-01  4.5548774e-01  1.7227000e+02]
 [ 9.8456174e-01  9.2099300e-02 -1.4798994e-01 -1.1647800e+03]
 [ 0.0000000e+00  0.0000000e+00  0.0000000e+00  1.0000000e+00]]
[+0140.32, -0009.26, -1100.65]
842, 1986, 1406
[[-1.7374426e-01  4.4623682e-01 -8.7770012e-01  5.4480000e+01]
 [-1.3998380e-02  8.9021094e-01  4.5529972e-01  1.7227000e+02]
 [ 9.8452468e-01  9.1468520e-02 -1.4840356e-01 -1.1647700e+03]
 [ 0.0000000e+00  0.0000000e+00  0.0000000e+00  1.0000000e+00]]
[+0136.39, -0017.97, -1109.25]
858, 1931, 1271
[[-1.7307274e-01  4.4633834e-01 -8.7775702e-01  5.4490000e+01]
 [-1.4868980e-02  8.9010636e-01  4.5547214e-01  1.7225000e+02]
 [ 9.8460866e-01  9.1967620e-02 -1.4739514e-01 -1.1648100e+03]
 [ 0.0000000e+00  0.0000000e+00  0.0000000e+00  1.0000000e+00]]
[+0139.04, -0009.27, -1100.68]
1772, 1694, 1470
[[-1.7575060e-01  4.4548702e-01 -8.7757986e-01  5.4350000e+01]
 [-1.4983900e-02  8.9039606e-01  4.5488802e-01  1.7216000e+02]
 [ 9.8406330e-01  9.3214500e-02 -1.4978330e-01 -1.1647400e+03]
 [ 0.0000000e+00  0.0000000e+00  0.0000000e+00  1.0000000e+00]]
[+0074.00, +0065.12, -1074.25]
858, 1931, 1271
[[-1.7359392e-01  4.4634624e-01 -8.7770232e-01  5.4520000e+01]
 [-1.4463360e-02  8.9012192e-01  4.5546424e-01  1.7227000e+02]
 [ 9.8456952e-01  9.1825360e-02 -1.4804800e-01 -1.1647700e+03]
 [ 0.0000000e+00  0.0000000e+00  0.0000000e+00  1.0000000e+00]]
[+0140.26, -0008.83, -1100.58]
928, 2139, 1193
[[-1.7433616e-01  4.4553976e-01 -8.7785504e-01  5.4400000e+01]
 [-1.5623360e-02  8.9038022e-01  4.5490102e-01  1.7224000e+02]
 [ 9.8432264e-01  9.3130820e-02 -1.4823738e-01 -1.1648000e+03]
 [ 0.0000000e+00  0.0000000e+00  0.0000000e+00  1.0000000e+00]]
[+0154.31, +0004.04, -1114.44]
858, 1931, 1271
[[-1.7418610e-01  4.4650492e-01 -8.7748766e-01  5.4520000e+01]
 [-1.5158920e-02  8.8994328e-01  4.5578756e-01  1.7226000e+02]
 [ 9.8443966e-01  9.2765560e-02 -1.4822938e-01 -1.1647600e+03]
 [ 0.0000000e+00  0.0000000e+00  0.0000000e+00  1.0000000e+00]]
[+0136.03, -0007.33, -1097.85]
963, 1586, 1694
[[-1.7389138e-01  4.4574352e-01 -8.7782600e-01  5.4410000e+01]
 [-1.4992480e-02  8.9035392e-01  4.5497120e-01  1.7215000e+02]
 [ 9.8439880e-01  9.2392000e-02 -1.4811346e-01 -1.1647700e+03]
 [ 0.0000000e+00  0.0000000e+00  0.0000000e+00  1.0000000e+00]]
[+0078.36, -0027.31, -1092.69]
1144, 1806, 1108
[[-1.7456004e-01  4.4596496e-01 -8.7756428e-01  5.4450000e+01]
 [-1.4800520e-02  8.9022236e-01  4.5523184e-01  1.7222000e+02]
 [ 9.8426864e-01  9.2576120e-02 -1.4876644e-01 -1.1647700e+03]
 [ 0.0000000e+00  0.0000000e+00  0.0000000e+00  1.0000000e+00]]
[+0131.51, +0028.90, -1076.18]
963, 1586, 1694
[[-1.7463370e-01  4.4582938e-01 -8.7775776e-01  5.4450000e+01]
 [-1.5260060e-02  8.9026454e-01  4.5515928e-01  1.7218000e+02]
 [ 9.8437272e-01  9.2946240e-02 -1.4865060e-01 -1.1647800e+03]
 [ 0.0000000e+00  0.0000000e+00  0.0000000e+00  1.0000000e+00]]
[+0078.92, -0028.34, -1093.30]
897, 1418, 1610
[[-1.7359392e-01  4.4675560e-01 -8.7744320e-01  5.4540000e+01]
 [-1.3980400e-02  8.8994750e-01  4.5581080e-01  1.7223000e+02]
 [ 9.8453120e-01  9.1478800e-02 -1.4822242e-01 -1.1647400e+03]
 [ 0.0000000e+00  0.0000000e+00  0.0000000e+00  1.0000000e+00]]
[+0072.16, -0026.52, -1086.89]
963, 1586, 1694
[[-1.7426250e-01  4.4560016e-01 -8.7799588e-01  5.4410000e+01]
 [-1.5386240e-02  8.9039606e-01  4.5490636e-01  1.7215000e+02]
 [ 9.8447932e-01  9.2827960e-02 -1.4829520e-01 -1.1647800e+03]
 [ 0.0000000e+00  0.0000000e+00  0.0000000e+00  1.0000000e+00]]
[+0079.27, -0027.00, -1092.32]
1813, 1196, 1810
[[-1.7589796e-01  4.4543942e-01 -8.7759574e-01  5.4350000e+01]
 [-1.5531740e-02  8.9036430e-01  4.5493562e-01  1.7212000e+02]
 [ 9.8404742e-01  9.3762340e-02 -1.4966770e-01 -1.1647500e+03]
 [ 0.0000000e+00  0.0000000e+00  0.0000000e+00  1.0000000e+00]]
[+0013.05, +0054.49, -1100.75]
963, 1586, 1694
[[-1.7381490e-01  4.4642446e-01 -8.7768892e-01  5.4490000e+01]
 [-1.5136460e-02  8.9001702e-01  4.5565996e-01  1.7221000e+02]
 [ 9.8458292e-01  9.2521960e-02 -1.4793192e-01 -1.1647900e+03]
 [ 0.0000000e+00  0.0000000e+00  0.0000000e+00  1.0000000e+00]]
[+0080.74, -0025.46, -1091.12]
1049, 1899, 804
[[-1.7426250e-01  4.4653102e-01 -8.7729186e-01  5.4490000e+01]
 [-1.4234460e-02  8.8999020e-01  4.5569558e-01  1.7227000e+02]
 [ 9.8429078e-01  9.2038740e-02 -1.4870106e-01 -1.1647800e+03]
 [ 0.0000000e+00  0.0000000e+00  0.0000000e+00  1.0000000e+00]]
[+0159.83, +0041.14, -1096.12]
1082, 2047, 1015
[[-1.7478400e-01  4.4572000e-01 -8.7775520e-01  5.4400000e+01]
 [-1.4795200e-02  8.9035392e-01  4.5499472e-01  1.7224000e+02]
 [ 9.8432800e-01  9.2589280e-02 -1.4900608e-01 -1.1647600e+03]
 [ 0.0000000e+00  0.0000000e+00  0.0000000e+00  1.0000000e+00]]
[+0155.84, +0026.93, -1101.30]
1049, 1899, 804
[[-1.7425988e-01  4.4674194e-01 -8.7727302e-01  5.4530000e+01]
 [-1.5098460e-02  8.8981148e-01  4.5603246e-01  1.7228000e+02]
 [ 9.8435682e-01  9.2818140e-02 -1.4828740e-01 -1.1647800e+03]
 [ 0.0000000e+00  0.0000000e+00  0.0000000e+00  1.0000000e+00]]
[+0156.26, +0041.48, -1093.63]
1013, 1584, 1030
[[-1.7351748e-01  4.4654416e-01 -8.7752684e-01  5.4520000e+01]
 [-1.5016760e-02  8.8995900e-01  4.5574832e-01  1.7223000e+02]
 [ 9.8449456e-01  9.2359880e-02 -1.4769252e-01 -1.1647700e+03]
 [ 0.0000000e+00  0.0000000e+00  0.0000000e+00  1.0000000e+00]]
[+0120.25, +0023.72, -1065.81]
1049, 1899, 804
[[-1.7448360e-01  4.4649704e-01 -8.7746408e-01  5.4490000e+01]
 [-1.5093040e-02  8.8994328e-01  4.5579544e-01  1.7227000e+02]
 [ 9.8441608e-01  9.2831440e-02 -1.4852688e-01 -1.1647900e+03]
 [ 0.0000000e+00  0.0000000e+00  0.0000000e+00  1.0000000e+00]]
[+0159.95, +0041.35, -1096.22]
2028, 1752, 752
[[-1.7679130e-01  4.4578852e-01 -8.7711574e-01  5.4360000e+01]
 [-1.4814040e-02  8.9019084e-01  4.5527668e-01  1.7225000e+02]
 [ 9.8378858e-01  9.3642440e-02 -1.5073450e-01 -1.1647400e+03]
 [ 0.0000000e+00  0.0000000e+00  0.0000000e+00  1.0000000e+00]]
[+0116.81, +0116.34, -1119.48]
1049, 1899, 804
[[-1.7352034e-01  4.4648168e-01 -8.7750908e-01  5.4500000e+01]
 [-1.4003920e-02  8.9007926e-01  4.5553688e-01  1.7227000e+02]
 [ 9.8446532e-01  9.1455280e-02 -1.4816424e-01 -1.1647700e+03]
 [ 0.0000000e+00  0.0000000e+00  0.0000000e+00  1.0000000e+00]]
[+0158.60, +0041.24, -1095.49]
1353, 872, 2141
[[-1.7507872e-01  4.4491824e-01 -8.7812008e-01  5.4350000e+01]
 [-1.6671840e-02  8.9057886e-01  4.5449244e-01  1.7205000e+02]
 [ 9.8426072e-01  9.4281960e-02 -1.4848642e-01 -1.1647600e+03]
 [ 0.0000000e+00  0.0000000e+00  0.0000000e+00  1.0000000e+00]]
[-0003.39, +0003.81, -1144.61]
1287, 759, 2051
[[-1.7366500e-01  4.4605110e-01 -8.7765330e-01  5.4460000e+01]
 [-1.6010700e-02  8.9010118e-01  4.5541962e-01  1.7212000e+02]
 [ 9.8436810e-01  9.3283380e-02 -1.4740282e-01 -1.1647700e+03]
 [ 0.0000000e+00  0.0000000e+00  0.0000000e+00  1.0000000e+00]]
[-0006.12, +0006.13, -1141.90]
1353, 872, 2141
[[-1.7552394e-01  4.4508658e-01 -8.7774122e-01  5.4360000e+01]
 [-1.6782620e-02  8.9043126e-01  4.5474062e-01  1.7203000e+02]
 [ 9.8399698e-01  9.4702820e-02 -1.4878404e-01 -1.1647300e+03]
 [ 0.0000000e+00  0.0000000e+00  0.0000000e+00  1.0000000e+00]]
[-0002.60, +0003.37, -1143.35]
928, 1177, 2070
[[-1.7396500e-01  4.4627812e-01 -8.7753784e-01  5.4490000e+01]
 [-1.4634640e-02  8.9010636e-01  4.5546652e-01  1.7218000e+02]
 [ 9.8438948e-01  9.2194160e-02 -1.4828740e-01 -1.1647400e+03]
 [ 0.0000000e+00  0.0000000e+00  0.0000000e+00  1.0000000e+00]]
[+0033.97, -0034.71, -1129.07]
1353, 872, 2141
[[-1.7537634e-01  4.4517090e-01 -8.7787384e-01  5.4350000e+01]
 [-1.6271660e-02  8.9046366e-01  4.5472200e-01  1.7205000e+02]
 [ 9.8416200e-01  9.4126160e-02 -1.4889924e-01 -1.1647100e+03]
 [ 0.0000000e+00  0.0000000e+00  0.0000000e+00  1.0000000e+00]]
[-0003.38, +0003.73, -1144.73]
1692, 1192, 1489
[[-1.7500498e-01  4.4590976e-01 -8.7755638e-01  5.4430000e+01]
 [-1.5282560e-02  8.9019084e-01  4.5528704e-01  1.7217000e+02]
 [ 9.8422922e-01  9.3189760e-02 -1.4894818e-01 -1.1647800e+03]
 [ 0.0000000e+00  0.0000000e+00  0.0000000e+00  1.0000000e+00]]
[+0031.93, +0067.73, -1081.32]
1353, 872, 2141
[[-1.7507872e-01  4.4532776e-01 -8.7786064e-01  5.4380000e+01]
 [-1.6188560e-02  8.9040600e-01  4.5483908e-01  1.7206000e+02]
 [ 9.8422256e-01  9.3935320e-02 -1.4865928e-01 -1.1647200e+03]
 [ 0.0000000e+00  0.0000000e+00  0.0000000e+00  1.0000000e+00]]
[-0003.32, +0004.00, -1144.66]
1874, 2185, 1452
[[-1.7701896e-01  4.4451356e-01 -8.7784312e-01  5.4230000e+01]
 [-1.4912920e-02  8.9084784e-01  4.5400964e-01  1.7220000e+02]
 [ 9.8385896e-01  9.3567320e-02 -1.5104136e-01 -1.1647500e+03]
 [ 0.0000000e+00  0.0000000e+00  0.0000000e+00  1.0000000e+00]]
[+0117.60, +0061.69, -1089.77]
2074, 1995, 1371
[[-1.7671760e-01  4.4499264e-01 -8.7762672e-01  5.4270000e+01]
 [-1.5507360e-02  8.9055344e-01  4.5456064e-01  1.7218000e+02]
 [ 9.8387328e-01  9.4060640e-02 -1.5044560e-01 -1.1647600e+03]
 [ 0.0000000e+00  0.0000000e+00  0.0000000e+00  1.0000000e+00]]
[+0098.13, +0087.28, -1092.46]
1874, 2185, 1452
[[-1.7590114e-01  4.4467030e-01 -8.7790988e-01  5.4270000e+01]
 [-1.5300380e-02  8.9077430e-01  4.5412684e-01  1.7220000e+02]
 [ 9.8398340e-01  9.3453800e-02 -1.4985000e-01 -1.1647600e+03]
 [ 0.0000000e+00  0.0000000e+00  0.0000000e+00  1.0000000e+00]]
[+0119.56, +0058.14, -1090.17]
1479, 1960, 1000
[[-1.7411236e-01  4.4611912e-01 -8.7773912e-01  5.4460000e+01]
 [-1.5368080e-02  8.9013294e-01  4.5541742e-01  1.7223000e+02]
 [ 9.8448568e-01  9.2838220e-02 -1.4811346e-01 -1.1648000e+03]
 [ 0.0000000e+00  0.0000000e+00  0.0000000e+00  1.0000000e+00]]
[+0134.95, +0062.83, -1087.11]
1874, 2185, 1452
[[-1.7672106e-01  4.4455824e-01 -8.7801602e-01  5.4210000e+01]
 [-1.5015280e-02  8.9084784e-01  4.5403056e-01  1.7218000e+02]
 [ 9.8403186e-01  9.3472880e-02 -1.5074346e-01 -1.1647600e+03]
 [ 0.0000000e+00  0.0000000e+00  0.0000000e+00  1.0000000e+00]]
[+0118.03, +0060.70, -1090.13]
1451, 1419, 2203
[[-1.7530260e-01  4.4474814e-01 -8.7797638e-01  5.4300000e+01]
 [-1.6444180e-02  8.9065260e-01  4.5432294e-01  1.7209000e+02]
 [ 9.8405946e-01  9.4227580e-02 -1.4878404e-01 -1.1647500e+03]
 [ 0.0000000e+00  0.0000000e+00  0.0000000e+00  1.0000000e+00]]
[+0024.90, -0008.05, -1116.08]
1874, 2185, 1452
[[-1.7605188e-01  4.4459792e-01 -8.7805588e-01  5.4240000e+01]
 [-1.4872520e-02  8.9086364e-01  4.5399088e-01  1.7218000e+02]
 [ 9.8408752e-01  9.3067720e-02 -1.5020548e-01 -1.1647900e+03]
 [ 0.0000000e+00  0.0000000e+00  0.0000000e+00  1.0000000e+00]]
[+0118.07, +0061.98, -1090.09]
2192, 873, 1440
[[-1.7723668e-01  4.4562056e-01 -8.7729352e-01  5.4350000e+01]
 [-1.5481840e-02  8.9021678e-01  4.5523654e-01  1.7210000e+02]
 [ 9.8386072e-01  9.4352060e-02 -1.5085890e-01 -1.1647200e+03]
 [ 0.0000000e+00  0.0000000e+00  0.0000000e+00  1.0000000e+00]]
[+0016.26, +0104.42, -1136.64]
1468, 767, 1400
[[-1.7403624e-01  4.4657756e-01 -8.7734140e-01  5.4530000e+01]
 [-1.5587000e-02  8.8985366e-01  4.5592294e-01  1.7218000e+02]
 [ 9.8433556e-01  9.3151300e-02 -1.4787394e-01 -1.1647800e+03]
 [ 0.0000000e+00  0.0000000e+00  0.0000000e+00  1.0000000e+00]]
[+0002.60, +0060.31, -1094.25]
2192, 873, 1440
[[-1.7708916e-01  4.4525856e-01 -8.7753708e-01  5.4310000e+01]
 [-1.5417720e-02  8.9042204e-01  4.5484256e-01  1.7209000e+02]
 [ 9.8391504e-01  9.4150280e-02 -1.5080116e-01 -1.1647300e+03]
 [ 0.0000000e+00  0.0000000e+00  0.0000000e+00  1.0000000e+00]]
[+0016.32, +0103.61, -1135.99]
2139, 1011, 2019
[[-1.7984544e-01  4.4266408e-01 -8.7810392e-01  5.4000000e+01]
 [-1.7672080e-02  8.9138078e-01  4.5284578e-01  1.7180000e+02]
 [ 9.8321192e-01  9.7108780e-02 -1.5245122e-01 -1.1646000e+03]
 [ 0.0000000e+00  0.0000000e+00  0.0000000e+00  1.0000000e+00]]
[+0003.76, +0063.10, -1132.59]
2192, 873, 1440
[[-1.7731050e-01  4.4589446e-01 -8.7722772e-01  5.4370000e+01]
 [-1.5457860e-02  8.9008518e-01  4.5551044e-01  1.7212000e+02]
 [ 9.8392652e-01  9.4376040e-02 -1.5091668e-01 -1.1647200e+03]
 [ 0.0000000e+00  0.0000000e+00  0.0000000e+00  1.0000000e+00]]
[+0016.51, +0104.45, -1136.21]
2143, 1244, 1346
[[-1.7574778e-01  4.4595834e-01 -8.7733912e-01  5.4400000e+01]
 [-1.5513060e-02  8.9010118e-01  4.5544656e-01  1.7216000e+02]
 [ 9.8405392e-01  9.3773040e-02 -1.4948560e-01 -1.1647600e+03]
 [ 0.0000000e+00  0.0000000e+00  0.0000000e+00  1.0000000e+00]]
[+0043.82, +0105.72, -1107.50]
2192, 873, 1440
[[-1.7708650e-01  4.4543178e-01 -8.7737054e-01  5.4330000e+01]
 [-1.6244340e-02  8.9024220e-01  4.5515142e-01  1.7210000e+02]
 [ 9.8383162e-01  9.4959060e-02 -1.5038794e-01 -1.1647500e+03]
 [ 0.0000000e+00  0.0000000e+00  0.0000000e+00  1.0000000e+00]]
[+0015.72, +0103.77, -1136.69]
1282, 1712, 1437
[[-1.7396500e-01  4.4571998e-01 -8.7783386e-01  5.4540000e+01]
 [-1.5266420e-02  8.9033820e-01  4.5499474e-01  1.7221000e+02]
 [ 9.8439094e-01  9.2665940e-02 -1.4805556e-01 -1.1645600e+03]
 [ 0.0000000e+00  0.0000000e+00  0.0000000e+00  1.0000000e+00]]
[+0097.57, +0017.45, -1070.06]
1474, 2206, 1421
[[-1.7515866e-01  4.4477040e-01 -8.7809048e-01  5.4410000e+01]
 [-1.4920480e-02  8.9080590e-01  4.5409236e-01  1.7223000e+02]
 [ 9.8419560e-01  9.2745800e-02 -1.4937000e-01 -1.1645600e+03]
 [ 0.0000000e+00  0.0000000e+00  0.0000000e+00  1.0000000e+00]]
[+0134.43, +0033.10, -1093.51]
1282, 1712, 1437
[[-1.7329650e-01  4.4575920e-01 -8.7787300e-01  5.4560000e+01]
 [-1.5124000e-02  8.9035392e-01  4.5495552e-01  1.7222000e+02]
 [ 9.8444580e-01  9.2260480e-02 -1.4751858e-01 -1.1645700e+03]
 [ 0.0000000e+00  0.0000000e+00  0.0000000e+00  1.0000000e+00]]
[+0094.49, +0017.94, -1069.52]
927, 1850, 1467
[[-1.7322292e-01  4.4608006e-01 -8.7779162e-01  5.4620000e+01]
 [-1.4552660e-02  8.9025356e-01  4.5518254e-01  1.7226000e+02]
 [ 9.8452718e-01  9.1736060e-02 -1.4769252e-01 -1.1645500e+03]
 [ 0.0000000e+00  0.0000000e+00  0.0000000e+00  1.0000000e+00]]
[+0120.46, -0016.99, -1094.36]
1282, 1712, 1437
[[-1.732965e-01  4.460566e-01 -8.777994e-01  5.455000e+01]
 [-1.482660e-02  8.902380e-01  4.552060e-01  1.722200e+02]
 [ 9.845194e-01  9.201000e-02 -1.476345e-01 -1.164590e+03]
 [ 0.000000e+00  0.000000e+00  0.000000e+00  1.000000e+00]]
[+0094.90, +0019.68, -1069.22]
1230, 1713, 828
[[-1.7314640e-01  4.4687280e-01 -8.7746880e-01  5.4610000e+01]
 [-1.4511360e-02  8.8985840e-01  4.5596752e-01  1.7231000e+02]
 [ 9.8459952e-01  9.1769600e-02 -1.4756944e-01 -1.1646300e+03]
 [ 0.0000000e+00  0.0000000e+00  0.0000000e+00  1.0000000e+00]]
[+0137.60, +0060.61, -1076.99]
1282, 1712, 1437
[[-1.7403866e-01  4.4584518e-01 -8.7780492e-01  5.4510000e+01]
 [-1.5391620e-02  8.9026454e-01  4.5514348e-01  1.7221000e+02]
 [ 9.8441988e-01  9.2814680e-02 -1.4805556e-01 -1.1646300e+03]
 [ 0.0000000e+00  0.0000000e+00  0.0000000e+00  1.0000000e+00]]
[+0094.72, +0018.76, -1069.51]
897, 2060, 2063
[[-1.7017890e-01  4.3925002e-01 -8.8187704e-01  5.3630000e+01]
 [-1.0936420e-02  8.9423102e-01  4.4743256e-01  1.7176000e+02]
 [ 9.8515384e-01  8.5877360e-02 -1.4735392e-01 -1.1650900e+03]
 [ 0.0000000e+00  0.0000000e+00  0.0000000e+00  1.0000000e+00]]
[+0100.33, -0035.97, -1129.36]
997, 2126, 2065
[[-1.7307282e-01  4.3781168e-01 -8.8216034e-01  5.3110000e+01]
 [-1.2553280e-02  8.9470400e-01  4.4646704e-01  1.7183000e+02]
 [ 9.8474786e-01  8.8381760e-02 -1.4934418e-01 -1.1650600e+03]
 [ 0.0000000e+00  0.0000000e+00  0.0000000e+00  1.0000000e+00]]
[+0102.57, -0031.39, -1125.80]
897, 2060, 2063
[[-1.6957396e-01  4.4029636e-01 -8.8139012e-01  5.3480000e+01]
 [-1.0966280e-02  8.9371310e-01  4.4845066e-01  1.7199000e+02]
 [ 9.8518484e-01  8.5833380e-02 -1.4669250e-01 -1.1650800e+03]
 [ 0.0000000e+00  0.0000000e+00  0.0000000e+00  1.0000000e+00]]
[+0099.60, -0035.93, -1129.88]
989, 1954, 1274
[[-1.7170138e-01  4.4149328e-01 -8.8054814e-01  5.3410000e+01]
 [-1.2527120e-02  8.9289072e-01  4.5007504e-01  1.7183000e+02]
 [ 9.8494894e-01  8.8363760e-02 -1.4776666e-01 -1.1649700e+03]
 [ 0.0000000e+00  0.0000000e+00  0.0000000e+00  1.0000000e+00]]
[+0133.89, +0003.76, -1091.95]
897, 2060, 2063
[[-1.7180002e-01  4.3789134e-01 -8.8211492e-01  5.3120000e+01]
 [-1.3513740e-02  8.9460246e-01  4.4659716e-01  1.7166000e+02]
 [ 9.8472988e-01  8.8785240e-02 -1.4774152e-01 -1.1649700e+03]
 [ 0.0000000e+00  0.0000000e+00  0.0000000e+00  1.0000000e+00]]
[+0100.56, -0036.38, -1130.51]
1223, 1560, 2167
[[-1.7311690e-01  4.3946860e-01 -8.8122790e-01  5.3250000e+01]
 [-1.4083880e-02  8.9370956e-01  4.4839100e-01  1.7166000e+02]
 [ 9.8463034e-01  9.0112120e-02 -1.4850810e-01 -1.1649600e+03]
 [ 0.0000000e+00  0.0000000e+00  0.0000000e+00  1.0000000e+00]]
[+0044.35, -0025.57, -1116.79]
897, 2060, 2063
[[-1.703845e-01  4.393565e-01 -8.817299e-01  5.330000e+01]
 [-1.258750e-02  8.940155e-01  4.478099e-01  1.718000e+02]
 [ 9.850499e-01  8.751010e-02 -1.467690e-01 -1.165030e+03]
 [ 0.000000e+00  0.000000e+00  0.000000e+00  1.000000e+00]]
[+0100.55, -0035.84, -1129.48]
1523, 1614, 1615
[[-1.7296404e-01  4.4069626e-01 -8.8064302e-01  5.3330000e+01]
 [-1.3285220e-02  8.9316366e-01  4.4950126e-01  1.7177000e+02]
 [ 9.8466686e-01  8.9524780e-02 -1.4861154e-01 -1.1649600e+03]
 [ 0.0000000e+00  0.0000000e+00  0.0000000e+00  1.0000000e+00]]
[+0065.75, +0035.92, -1070.71]
1593, 2135, 1343
[[-1.7401012e-01  4.3985632e-01 -8.8089984e-01  5.3230000e+01]
 [-1.3406720e-02  8.9353790e-01  4.4876106e-01  1.7180000e+02]
 [ 9.8451936e-01  8.9959140e-02 -1.4957298e-01 -1.1649800e+03]
 [ 0.0000000e+00  0.0000000e+00  0.0000000e+00  1.0000000e+00]]
[+0129.72, +0048.80, -1088.97]
1523, 1614, 1615
[[-1.7236884e-01  4.4059870e-01 -8.8087490e-01  5.3350000e+01]
 [-1.3600100e-02  8.9322108e-01  4.4938958e-01  1.7177000e+02]
 [ 9.8482630e-01  8.9491580e-02 -1.4795892e-01 -1.1649600e+03]
 [ 0.0000000e+00  0.0000000e+00  0.0000000e+00  1.0000000e+00]]
[+0064.52, +0030.81, -1071.37]
1587, 1363, 1150
[[-1.7288392e-01  4.4104356e-01 -8.8043152e-01  5.3390000e+01]
 [-1.3689960e-02  8.9294616e-01  4.4991144e-01  1.7179000e+02]
 [ 9.8462768e-01  8.9934960e-02 -1.4831392e-01 -1.1649600e+03]
 [ 0.0000000e+00  0.0000000e+00  0.0000000e+00  1.0000000e+00]]
[+0071.11, +0080.37, -1068.55]
1523, 1614, 1615
[[-1.7303650e-01  4.4037514e-01 -8.8072302e-01  5.3320000e+01]
 [-1.3857020e-02  8.9326334e-01  4.4927406e-01  1.7175000e+02]
 [ 9.8458686e-01  9.0049620e-02 -1.4843940e-01 -1.1649700e+03]
 [ 0.0000000e+00  0.0000000e+00  0.0000000e+00  1.0000000e+00]]
[+0066.34, +0029.58, -1071.40]
832, 1647, 1500
[[-1.7169384e-01  4.4181740e-01 -8.8034364e-01  5.3460000e+01]
 [-1.3206360e-02  8.9265846e-01  4.5050830e-01  1.7186000e+02]
 [ 9.8490260e-01  8.9047860e-02 -1.4741154e-01 -1.1650200e+03]
 [ 0.0000000e+00  0.0000000e+00  0.0000000e+00  1.0000000e+00]]
[+0103.27, -0026.04, -1091.11]
1523, 1614, 1615
[[-1.7296404e-01  4.4054744e-01 -8.8067924e-01  5.3300000e+01]
 [-1.3434040e-02  8.9322108e-01  4.4937592e-01  1.7176000e+02]
 [ 9.8463064e-01  8.9650120e-02 -1.4855412e-01 -1.1649800e+03]
 [ 0.0000000e+00  0.0000000e+00  0.0000000e+00  1.0000000e+00]]
[+0064.51, +0032.94, -1071.52]
1627, 1215, 1558
[[-1.7333416e-01  4.4092668e-01 -8.8040572e-01  5.3320000e+01]
 [-1.3160520e-02  8.9303374e-01  4.4975418e-01  1.7173000e+02]
 [ 9.8455948e-01  8.9641980e-02 -1.4896666e-01 -1.1649800e+03]
 [ 0.0000000e+00  0.0000000e+00  0.0000000e+00  1.0000000e+00]]
[+0029.75, +0056.75, -1080.30]
1716, 1441, 1507
[[-1.7348698e-01  4.4051976e-01 -8.8047584e-01  5.3290000e+01]
 [-1.2993840e-02  8.9323608e-01  4.4933868e-01  1.7172000e+02]
 [ 9.8444224e-01  8.9534520e-02 -1.4920690e-01 -1.1649700e+03]
 [ 0.0000000e+00  0.0000000e+00  0.0000000e+00  1.0000000e+00]]
[+0052.03, +0063.88, -1074.99]
1627, 1215, 1558
[[-1.7265892e-01  4.4102770e-01 -8.8046254e-01  5.3360000e+01]
 [-1.4029100e-02  8.9293100e-01  4.4992730e-01  1.7177000e+02]
 [ 9.8464354e-01  9.0144100e-02 -1.4795892e-01 -1.1649900e+03]
 [ 0.0000000e+00  0.0000000e+00  0.0000000e+00  1.0000000e+00]]
[+0029.03, +0051.91, -1080.23]
1779, 1076, 1204
[[-1.7362440e-01  4.4109388e-01 -8.8021456e-01  5.3370000e+01]
 [-1.3923080e-02  8.9285838e-01  4.5007024e-01  1.7176000e+02]
 [ 9.8445296e-01  9.0516640e-02 -1.4885178e-01 -1.1649900e+03]
 [ 0.0000000e+00  0.0000000e+00  0.0000000e+00  1.0000000e+00]]
[+0037.40, +0098.12, -1089.64]
1627, 1215, 1558
[[-1.7347920e-01  4.4087960e-01 -8.8042080e-01  5.3350000e+01]
 [-1.3708800e-02  8.9300358e-01  4.4980126e-01  1.7175000e+02]
 [ 9.8454440e-01  9.0190260e-02 -1.4885178e-01 -1.1649700e+03]
 [ 0.0000000e+00  0.0000000e+00  0.0000000e+00  1.0000000e+00]]
[+0030.65, +0050.10, -1079.57]
1757, 1178, 1628
[[-1.7340666e-01  4.4060546e-01 -8.8048576e-01  5.3300000e+01]
 [-1.3732340e-02  8.9313350e-01  4.4952712e-01  1.7173000e+02]
 [ 9.8447944e-01  9.0166720e-02 -1.4879440e-01 -1.1649800e+03]
 [ 0.0000000e+00  0.0000000e+00  0.0000000e+00  1.0000000e+00]]
[+0019.63, +0061.44, -1091.61]
1627, 1215, 1558
[[-1.7265892e-01  4.4087892e-01 -8.8049884e-01  5.3350000e+01]
 [-1.4177880e-02  8.9298838e-01  4.4980194e-01  1.7175000e+02]
 [ 9.8460724e-01  9.0269460e-02 -1.4790154e-01 -1.1649900e+03]
 [ 0.0000000e+00  0.0000000e+00  0.0000000e+00  1.0000000e+00]]
[+0031.63, +0052.34, -1078.89]
1406, 1357, 1936
[[-1.7303650e-01  4.4037514e-01 -8.8072302e-01  5.3290000e+01]
 [-1.3857020e-02  8.9326334e-01  4.4927406e-01  1.7171000e+02]
 [ 9.8458686e-01  9.0049620e-02 -1.4843940e-01 -1.1649700e+03]
 [ 0.0000000e+00  0.0000000e+00  0.0000000e+00  1.0000000e+00]]
[+0029.44, +0001.20, -1095.56]
1165, 924, 1811
[[-1.7243400e-01  4.4130944e-01 -8.8042092e-01  5.3410000e+01]
 [-1.4070720e-02  8.9280096e-01  4.5019384e-01  1.7175000e+02]
 [ 9.8473196e-01  9.0102480e-02 -1.4771880e-01 -1.1649800e+03]
 [ 0.0000000e+00  0.0000000e+00  0.0000000e+00  1.0000000e+00]]
[+0007.27, -0000.64, -1106.83]
1406, 1357, 1936
[[-1.7273888e-01  4.4027016e-01 -8.8093152e-01  5.3270000e+01]
 [-1.4106960e-02  8.9332064e-01  4.4916976e-01  1.7169000e+02]
 [ 9.8472288e-01  9.0081440e-02 -1.4808448e-01 -1.1650000e+03]
 [ 0.0000000e+00  0.0000000e+00  0.0000000e+00  1.0000000e+00]]
[+0028.32, +0003.12, -1095.55]
1295, 1709, 922
[[-1.7258634e-01  4.4134868e-01 -8.8038240e-01  5.3390000e+01]
 [-1.3457400e-02  8.9283120e-01  4.5015460e-01  1.7183000e+02]
 [ 9.8472368e-01  8.9619240e-02 -1.4813130e-01 -1.1649900e+03]
 [ 0.0000000e+00  0.0000000e+00  0.0000000e+00  1.0000000e+00]]
[+0130.56, +0059.82, -1074.42]
1406, 1357, 1936
[[-1.7340666e-01  4.4023146e-01 -8.8089222e-01  5.3260000e+01]
 [-1.4251380e-02  8.9330540e-01  4.4920846e-01  1.7169000e+02]
 [ 9.8466834e-01  9.0485380e-02 -1.4862250e-01 -1.1649800e+03]
 [ 0.0000000e+00  0.0000000e+00  0.0000000e+00  1.0000000e+00]]
[+0028.32, +0002.91, -1095.61]
944, 1577, 2062
[[-1.7162900e-01  4.4025030e-01 -8.8116390e-01  5.3350000e+01]
 [-1.3663980e-02  8.9342326e-01  4.4898030e-01  1.7172000e+02]
 [ 9.8492814e-01  8.9161020e-02 -1.4730650e-01 -1.1649700e+03]
 [ 0.0000000e+00  0.0000000e+00  0.0000000e+00  1.0000000e+00]]
[+0061.79, -0041.74, -1125.47]
1406, 1357, 1936
[[-1.7376976e-01  4.4063660e-01 -8.8048780e-01  5.3220000e+01]
 [-1.4954200e-02  8.9299952e-01  4.4977012e-01  1.7170000e+02]
 [ 9.8447740e-01  9.1412120e-02 -1.4856528e-01 -1.1651500e+03]
 [ 0.0000000e+00  0.0000000e+00  0.0000000e+00  1.0000000e+00]]
[+0029.28, +0005.01, -1094.37]
1161, 809, 1708
[[-1.7287690e-01  4.4177740e-01 -8.7996980e-01  5.3360000e+01]
 [-1.3886120e-02  8.9254064e-01  4.5069220e-01  1.7175000e+02]
 [ 9.8454116e-01  9.0271880e-02 -1.4813130e-01 -1.1651000e+03]
 [ 0.0000000e+00  0.0000000e+00  0.0000000e+00  1.0000000e+00]]
[+0000.71, +0008.31, -1104.61]
1650, 1107, 1771
[[-1.7384948e-01  4.4043816e-01 -8.8066260e-01  5.3230000e+01]
 [-1.4400840e-02  8.9316028e-01  4.4948520e-01  1.7170000e+02]
 [ 9.8455320e-01  9.0876600e-02 -1.4892020e-01 -1.1650500e+03]
 [ 0.0000000e+00  0.0000000e+00  0.0000000e+00  1.0000000e+00]]
[+0010.06, +0043.34, -1098.22]
1161, 809, 1708
[[-1.7257936e-01  4.4152384e-01 -8.8021472e-01  5.3390000e+01]
 [-1.4285120e-02  8.9265560e-01  4.5046264e-01  1.7175000e+02]
 [ 9.8464064e-01  9.0428720e-02 -1.4771880e-01 -1.1650600e+03]
 [ 0.0000000e+00  0.0000000e+00  0.0000000e+00  1.0000000e+00]]
[+0000.32, +0007.88, -1105.51]
822, 1565, 769
[[-1.7131690e-01  4.4273074e-01 -8.7986098e-01  5.3510000e+01]
 [-1.3045540e-02  8.9220972e-01  4.5138346e-01  1.7198000e+02]
 [ 9.8488358e-01  8.8919660e-02 -1.4704762e-01 -1.1650600e+03]
 [ 0.0000000e+00  0.0000000e+00  0.0000000e+00  1.0000000e+00]]
[+0147.77, +0025.14, -1075.61]
1161, 809, 1708
[[-1.7332674e-01  4.4095268e-01 -8.8027442e-01  5.3310000e+01]
 [-1.4136920e-02  8.9291576e-01  4.4993732e-01  1.7170000e+02]
 [ 9.8444018e-01  9.0576920e-02 -1.4849674e-01 -1.1650400e+03]
 [ 0.0000000e+00  0.0000000e+00  0.0000000e+00  1.0000000e+00]]
[-0001.72, +0005.96, -1108.01]
949, 1091, 2012
[[-1.7214376e-01  4.4095668e-01 -8.8049956e-01  5.3300000e+01]
 [-1.3420440e-02  8.9303374e-01  4.4972418e-01  1.7171000e+02]
 [ 9.8465332e-01  8.9382060e-02 -1.4777626e-01 -1.1650700e+03]
 [ 0.0000000e+00  0.0000000e+00  0.0000000e+00  1.0000000e+00]]
[+0025.45, -0033.36, -1129.06]
1161, 809, 1708
[[-1.7302912e-01  4.4155552e-01 -8.8015264e-01  5.3370000e+01]
 [-1.3606720e-02  8.9268600e-01  4.5043096e-01  1.7176000e+02]
 [ 9.8460896e-01  9.0010640e-02 -1.4842888e-01 -1.1650500e+03]
 [ 0.0000000e+00  0.0000000e+00  0.0000000e+00  1.0000000e+00]]
[+0000.27, +0008.98, -1104.90]
1302, 1122, 907
[[-1.7287690e-01  4.4181376e-01 -8.8011858e-01  5.3380000e+01]
 [-1.3922480e-02  8.9254064e-01  4.5072096e-01  1.7180000e+02]
 [ 9.8468994e-01  9.0243120e-02 -1.4813130e-01 -1.1650800e+03]
 [ 0.0000000e+00  0.0000000e+00  0.0000000e+00  1.0000000e+00]]
[+0074.26, +0076.53, -1056.88]
1103, 1141, 1838
[[-1.7318154e-01  4.4073836e-01 -8.8048060e-01  5.3280000e+01]
 [-1.3922600e-02  8.9306096e-01  4.4966836e-01  1.7168000e+02]
 [ 9.8453164e-01  9.0250600e-02 -1.4849674e-01 -1.1650700e+03]
 [ 0.0000000e+00  0.0000000e+00  0.0000000e+00  1.0000000e+00]]
[+0024.49, -0016.22, -1102.45]
1302, 1122, 907
[[-1.7310178e-01  4.4197844e-01 -8.8005120e-01  5.3400000e+01]
 [-1.3434440e-02  8.9249822e-01  4.5083040e-01  1.7182000e+02]
 [ 9.8471040e-01  8.9908800e-02 -1.4854400e-01 -1.1650600e+03]
 [ 0.0000000e+00  0.0000000e+00  0.0000000e+00  1.0000000e+00]]
[+0075.35, +0076.61, -1057.04]
1654, 1452, 975
[[-1.7369706e-01  4.4095782e-01 -8.8040738e-01  5.3280000e+01]
 [-1.4382380e-02  8.9290044e-01  4.4999718e-01  1.7177000e+02]
 [ 9.8455782e-01  9.0887380e-02 -1.4873706e-01 -1.1651100e+03]
 [ 0.0000000e+00  0.0000000e+00  0.0000000e+00  1.0000000e+00]]
[+0090.73, +0095.57, -1076.82]
1302, 1122, 907
[[-1.7228186e-01  4.4182896e-01 -8.8016538e-01  5.3400000e+01]
 [-1.4052720e-02  8.9254064e-01  4.5070576e-01  1.7180000e+02]
 [ 9.8473674e-01  9.0112880e-02 -1.4753626e-01 -1.1650800e+03]
 [ 0.0000000e+00  0.0000000e+00  0.0000000e+00  1.0000000e+00]]
[+0073.22, +0076.40, -1056.92]
1062, 1388, 850
[[-1.7191170e-01  4.4226970e-01 -8.7992340e-01  5.3460000e+01]
 [-1.3361220e-02  8.9238294e-01  4.5102220e-01  1.7192000e+02]
 [ 9.8472796e-01  8.9426280e-02 -1.4746920e-01 -1.1650700e+03]
 [ 0.0000000e+00  0.0000000e+00  0.0000000e+00  1.0000000e+00]]
[+0114.72, +0048.79, -1057.18]
1302, 1122, 907
[[-1.7228186e-01  4.4168022e-01 -8.8020174e-01  5.3410000e+01]
 [-1.4201460e-02  8.9259814e-01  4.5058038e-01  1.7178000e+02]
 [ 9.8470038e-01  9.0238260e-02 -1.4747876e-01 -1.1651000e+03]
 [ 0.0000000e+00  0.0000000e+00  0.0000000e+00  1.0000000e+00]]
[+0071.81, +0075.76, -1056.95]
1881, 1994, 1848
[[-1.7615994e-01  4.3920844e-01 -8.8075542e-01  5.3070000e+01]
 [-1.4799480e-02  8.9363256e-01  4.4852164e-01  1.7166000e+02]
 [ 9.8408086e-01  9.2122920e-02 -1.5090354e-01 -1.1650900e+03]
 [ 0.0000000e+00  0.0000000e+00  0.0000000e+00  1.0000000e+00]]
[+0076.21, +0039.35, -1082.29]
1907, 1971, 1685
[[-1.7467818e-01  4.3948346e-01 -8.8078354e-01  5.3120000e+01]
 [-1.3812940e-02  8.9363718e-01  4.4852078e-01  1.7171000e+02]
 [ 9.8424314e-01  9.0642020e-02 -1.4999700e-01 -1.1649700e+03]
 [ 0.0000000e+00  0.0000000e+00  0.0000000e+00  1.0000000e+00]]
[+0083.85, +0055.82, -1080.35]
1881, 1994, 1848
[[-1.7482306e-01  4.3928708e-01 -8.8083510e-01  5.3100000e+01]
 [-1.4510200e-02  8.9366360e-01  4.4844300e-01  1.7167000e+02]
 [ 9.8419158e-01  9.1315560e-02 -1.4982570e-01 -1.1650800e+03]
 [ 0.0000000e+00  0.0000000e+00  0.0000000e+00  1.0000000e+00]]
[+0076.60, +0037.80, -1082.15]
1723, 1822, 1845
[[-1.7475060e-01  4.4005550e-01 -8.8064630e-01  5.3150000e+01]
 [-1.3491340e-02  8.9339310e-01  4.4904538e-01  1.7171000e+02]
 [ 9.8438038e-01  9.0415300e-02 -1.5016866e-01 -1.1650600e+03]
 [ 0.0000000e+00  0.0000000e+00  0.0000000e+00  1.0000000e+00]]
[+0064.00, +0027.50, -1079.94]
1881, 1994, 1848
[[-1.7482306e-01  4.3928708e-01 -8.8083510e-01  5.3080000e+01]
 [-1.4510200e-02  8.9366360e-01  4.4844300e-01  1.7168000e+02]
 [ 9.8419158e-01  9.1315560e-02 -1.4982570e-01 -1.1650800e+03]
 [ 0.0000000e+00  0.0000000e+00  0.0000000e+00  1.0000000e+00]]
[+0078.26, +0041.68, -1081.74]
1988, 1895, 1878
[[-1.7615994e-01  4.3935746e-01 -8.8071914e-01  5.3060000e+01]
 [-1.4650460e-02  8.9357558e-01  4.4864678e-01  1.7167000e+02]
 [ 9.8411714e-01  9.1997780e-02 -1.5096052e-01 -1.1650500e+03]
 [ 0.0000000e+00  0.0000000e+00  0.0000000e+00  1.0000000e+00]]
[+0059.85, +0049.75, -1085.17]
1881, 1994, 1848
[[-1.7497608e-01  4.3932688e-01 -8.8079600e-01  5.3090000e+01]
 [-1.3897120e-02  8.9369432e-01  4.4840320e-01  1.7166000e+02]
 [ 9.8418320e-01  9.0832000e-02 -1.5023776e-01 -1.1650600e+03]
 [ 0.0000000e+00  0.0000000e+00  0.0000000e+00  1.0000000e+00]]
[+0077.64, +0037.09, -1082.11]
2156, 1081, 782
[[-1.7511330e-01  4.4131734e-01 -8.7987468e-01  5.3310000e+01]
 [-1.3263780e-02  8.9274350e-01  4.5032996e-01  1.7176000e+02]
 [ 9.8425836e-01  9.0620120e-02 -1.5045556e-01 -1.1650500e+03]
 [ 0.0000000e+00  0.0000000e+00  0.0000000e+00  1.0000000e+00]]
[+0066.30, +0135.01, -1133.86]
1706, 1096, 2028
[[-1.7467024e-01  4.4014096e-01 -8.8065664e-01  5.3170000e+01]
 [-1.4229760e-02  8.9329008e-01  4.4923408e-01  1.7162000e+02]
 [ 9.8441744e-01  9.1047680e-02 -1.4975632e-01 -1.1650500e+03]
 [ 0.0000000e+00  0.0000000e+00  0.0000000e+00  1.0000000e+00]]
[+0000.82, +0026.97, -1120.98]
2156, 1081, 782
[[-1.7585450e-01  4.4121810e-01 -8.7969330e-01  5.3270000e+01]
 [-1.3645500e-02  8.9271302e-01  4.5036414e-01  1.7176000e+02]
 [ 9.8404650e-01  9.1327140e-02 -1.5093652e-01 -1.1650400e+03]
 [ 0.0000000e+00  0.0000000e+00  0.0000000e+00  1.0000000e+00]]
[+0066.04, +0134.89, -1133.78]
2240, 1245, 810
[[-1.7623252e-01  4.4045314e-01 -8.8013850e-01  5.3190000e+01]
 [-1.3659860e-02  8.9310302e-01  4.4961450e-01  1.7174000e+02]
 [ 9.8410170e-01  9.1328100e-02 -1.5136050e-01 -1.1650800e+03]
 [ 0.0000000e+00  0.0000000e+00  0.0000000e+00  1.0000000e+00]]
[+0076.53, +0131.70, -1133.46]
2156, 1081, 782
[[-1.7406746e-01  4.4189586e-01 -8.7983928e-01  5.3370000e+01]
 [-1.3476780e-02  8.9248310e-01  4.5084784e-01  1.7181000e+02]
 [ 9.8448336e-01  9.0407120e-02 -1.4937940e-01 -1.1650500e+03]
 [ 0.0000000e+00  0.0000000e+00  0.0000000e+00  1.0000000e+00]]
[+0066.32, +0132.09, -1131.92]
2070, 1129, 750
[[-1.7399476e-01  4.4173428e-01 -8.7971920e-01  5.3340000e+01]
 [-1.3315200e-02  8.9255580e-01  4.5067020e-01  1.7182000e+02]
 [ 9.8430572e-01  9.0287040e-02 -1.4937940e-01 -1.1650500e+03]
 [ 0.0000000e+00  0.0000000e+00  0.0000000e+00  1.0000000e+00]]
[+0072.84, +0130.74, -1123.47]
2156, 1081, 782
[[-1.7541120e-01  4.4104816e-01 -8.8007248e-01  5.3260000e+01]
 [-1.3532960e-02  8.9285838e-01  4.5011596e-01  1.7173000e+02]
 [ 9.8431088e-01  9.0906760e-02 -1.5063858e-01 -1.1650500e+03]
 [ 0.0000000e+00  0.0000000e+00  0.0000000e+00  1.0000000e+00]]
[+0066.87, +0133.46, -1133.15]
1152, 1124, 1271
[[-1.7302912e-01  4.4125792e-01 -8.8022528e-01  5.3320000e+01]
 [-1.3904320e-02  8.9280096e-01  4.5018032e-01  1.7175000e+02]
 [ 9.8453632e-01  9.0261280e-02 -1.4831392e-01 -1.1650600e+03]
 [ 0.0000000e+00  0.0000000e+00  0.0000000e+00  1.0000000e+00]]
[+0051.54, +0027.72, -1059.02]
1115, 992, 1981
[[-1.7399476e-01  4.4065242e-01 -8.8045650e-01  5.3270000e+01]
 [-1.4615100e-02  8.9301500e-01  4.4975430e-01  1.7168000e+02]
 [ 9.8446158e-01  9.1202940e-02 -1.4892020e-01 -1.1650600e+03]
 [ 0.0000000e+00  0.0000000e+00  0.0000000e+00  1.0000000e+00]]
[+0009.63, -0016.58, -1124.91]
1152, 1124, 1271
[[-1.7369706e-01  4.4166568e-01 -8.8007684e-01  5.3330000e+01]
 [-1.3601840e-02  8.9261334e-01  4.5059492e-01  1.7175000e+02]
 [ 9.8459068e-01  9.0289640e-02 -1.4902416e-01 -1.1650600e+03]
 [ 0.0000000e+00  0.0000000e+00  0.0000000e+00  1.0000000e+00]]
[+0051.72, +0027.59, -1059.16]
1028, 1114, 1262
[[-1.7265210e-01  4.4179796e-01 -8.8014962e-01  5.3370000e+01]
 [-1.4261720e-02  8.9252540e-01  4.5073676e-01  1.7179000e+02]
 [ 9.8470574e-01  9.0452120e-02 -1.4777626e-01 -1.1650700e+03]
 [ 0.0000000e+00  0.0000000e+00  0.0000000e+00  1.0000000e+00]]
[+0055.38, +0014.23, -1058.99]
1152, 1124, 1271
[[-1.7362440e-01  4.4154040e-01 -8.8010560e-01  5.3330000e+01]
 [-1.3476560e-02  8.9268600e-01  4.5044608e-01  1.7176000e+02]
 [ 9.8456192e-01  9.0140800e-02 -1.4902416e-01 -1.1650600e+03]
 [ 0.0000000e+00  0.0000000e+00  0.0000000e+00  1.0000000e+00]]
[+0050.31, +0029.42, -1059.02]
1065, 2085, 1444
[[-1.7377690e-01  4.4016400e-01 -8.8072750e-01  5.3210000e+01]
 [-1.4424400e-02  8.9329008e-01  4.4921104e-01  1.7176000e+02]
 [ 9.8448830e-01  9.0853040e-02 -1.4886298e-01 -1.1651000e+03]
 [ 0.0000000e+00  0.0000000e+00  0.0000000e+00  1.0000000e+00]]
[+0135.52, -0003.82, -1102.31]
1152, 1124, 1271
[[-1.7339940e-01  4.4141196e-01 -8.8032188e-01  5.3320000e+01]
 [-1.4000920e-02  8.9272830e-01  4.5036546e-01  1.7172000e+02]
 [ 9.8469036e-01  9.0446420e-02 -1.4861154e-01 -1.1650700e+03]
 [ 0.0000000e+00  0.0000000e+00  0.0000000e+00  1.0000000e+00]]
[+0050.78, +0027.57, -1059.34]
1619, 1189, 784
[[-1.7406746e-01  4.4144928e-01 -8.7994836e-01  5.3360000e+01]
 [-1.3923360e-02  8.9265560e-01  4.5047212e-01  1.7176000e+02]
 [ 9.8437428e-01  9.0782840e-02 -1.4920690e-01 -1.1651000e+03]
 [ 0.0000000e+00  0.0000000e+00  0.0000000e+00  1.0000000e+00]]
[+0083.17, +0113.25, -1082.83]
1587, 859, 1004
[[-1.7384250e-01  4.4161856e-01 -8.8009208e-01  5.3370000e+01]
 [-1.4150080e-02  8.9258286e-01  4.5064204e-01  1.7176000e+02]
 [ 9.8457544e-01  9.0837880e-02 -1.4890920e-01 -1.1650600e+03]
 [ 0.0000000e+00  0.0000000e+00  0.0000000e+00  1.0000000e+00]]
[+0031.18, +0099.83, -1085.43]
1619, 1189, 784
[[-1.7384250e-01  4.4187986e-01 -8.7987048e-01  5.3340000e+01]
 [-1.3816020e-02  8.9246790e-01  4.5086384e-01  1.7183000e+02]
 [ 9.8449936e-01  9.0616080e-02 -1.4902416e-01 -1.1650700e+03]
 [ 0.0000000e+00  0.0000000e+00  0.0000000e+00  1.0000000e+00]]
[+0082.91, +0112.93, -1082.69]
840, 1378, 954
[[-1.7206388e-01  4.4230896e-01 -8.7988512e-01  5.3410000e+01]
 [-1.2747840e-02  8.9241278e-01  4.5098294e-01  1.7188000e+02]
 [ 9.8471952e-01  8.8943260e-02 -1.4788210e-01 -1.1650400e+03]
 [ 0.0000000e+00  0.0000000e+00  0.0000000e+00  1.0000000e+00]]
[+0112.94, +0013.64, -1058.84]
1619, 1189, 784
[[-1.7369706e-01  4.4177818e-01 -8.7989166e-01  5.3360000e+01]
 [-1.3416660e-02  8.9255580e-01  4.5069142e-01  1.7181000e+02]
 [ 9.8447818e-01  9.0193140e-02 -1.4908170e-01 -1.1650400e+03]
 [ 0.0000000e+00  0.0000000e+00  0.0000000e+00  1.0000000e+00]]
[+0081.89, +0113.35, -1082.82]
1967, 1779, 1715
[[-1.759345e-01  4.394541e-01 -8.805655e-01  5.308000e+01]
 [-1.480410e-02  8.935030e-01  4.487595e-01  1.716700e+02]
 [ 9.840205e-01  9.211050e-02 -1.506625e-01 -1.165060e+03]
 [ 0.000000e+00  0.000000e+00  0.000000e+00  1.000000e+00]]
[+0062.98, +0060.94, -1081.94]
1619, 1189, 784
[[-1.7339940e-01  4.4178574e-01 -8.7991522e-01  5.3400000e+01]
 [-1.3481780e-02  8.9255580e-01  4.5068386e-01  1.7180000e+02]
 [ 9.8450174e-01  9.0128020e-02 -1.4878404e-01 -1.1650200e+03]
 [ 0.0000000e+00  0.0000000e+00  0.0000000e+00  1.0000000e+00]]
[+0082.70, +0109.89, -1081.16]
2030, 2023, 2071
[[-1.7661106e-01  4.3868076e-01 -8.8098608e-01  5.2990000e+01]
 [-1.4754120e-02  8.9389144e-01  4.4801736e-01  1.7162000e+02]
 [ 9.8405264e-01  9.2176080e-02 -1.5138586e-01 -1.1650500e+03]
 [ 0.0000000e+00  0.0000000e+00  0.0000000e+00  1.0000000e+00]]
[+0061.87, +0036.34, -1089.49]
1934, 1336, 2088
[[-1.7526600e-01  4.3949348e-01 -8.8060536e-01  5.3120000e+01]
 [-1.4659560e-02  8.9351856e-01  4.4872012e-01  1.7161000e+02]
 [ 9.8407592e-01  9.1706760e-02 -1.5012360e-01 -1.1650300e+03]
 [ 0.0000000e+00  0.0000000e+00  0.0000000e+00  1.0000000e+00]]
[+0011.17, +0038.22, -1112.95]
2030, 2023, 2071
[[-1.7571688e-01  4.3881692e-01 -8.8087248e-01  5.3010000e+01]
 [-1.4762920e-02  8.9383454e-01  4.4809068e-01  1.7161000e+02]
 [ 9.8401152e-01  9.1885320e-02 -1.5054858e-01 -1.1650700e+03]
 [ 0.0000000e+00  0.0000000e+00  0.0000000e+00  1.0000000e+00]]
[+0063.96, +0038.28, -1088.83]
2018, 2021, 1942
[[-1.7496810e-01  4.3938858e-01 -8.8081434e-01  5.3120000e+01]
 [-1.4909580e-02  8.9357558e-01  4.4861566e-01  1.7169000e+02]
 [ 9.8421234e-01  9.1738660e-02 -1.4976868e-01 -1.1650700e+03]
 [ 0.0000000e+00  0.0000000e+00  0.0000000e+00  1.0000000e+00]]
[+0073.56, +0047.90, -1085.47]
2030, 2023, 2071
[[-1.7564442e-01  4.3898976e-01 -8.8082850e-01  5.3020000e+01]
 [-1.4339760e-02  8.9379308e-01  4.4819200e-01  1.7162000e+02]
 [ 9.8405550e-01  9.1486000e-02 -1.5066250e-01 -1.1650600e+03]
 [ 0.0000000e+00  0.0000000e+00  0.0000000e+00  1.0000000e+00]]
[+0063.08, +0035.88, -1089.33]
1726, 2065, 2097
[[-1.7408250e-01  4.3923710e-01 -8.8105220e-01  5.3090000e+01]
 [-1.4276500e-02  8.9375142e-01  4.4828356e-01  1.7167000e+02]
 [ 9.8436700e-01  9.0734440e-02 -1.4928708e-01 -1.1650800e+03]
 [ 0.0000000e+00  0.0000000e+00  0.0000000e+00  1.0000000e+00]]
[+0075.51, +0004.17, -1093.16]
2030, 2023, 2071
[[-1.7564442e-01  4.3913876e-01 -8.8079228e-01  5.3040000e+01]
 [-1.4190760e-02  8.9373606e-01  4.4831716e-01  1.7167000e+02]
 [ 9.8409172e-01  9.1360840e-02 -1.5071952e-01 -1.1650600e+03]
 [ 0.0000000e+00  0.0000000e+00  0.0000000e+00  1.0000000e+00]]
[+0062.37, +0038.48, -1089.03]
2148, 1427, 1757
[[-1.7563652e-01  4.4005782e-01 -8.8044414e-01  5.3140000e+01]
 [-1.4272980e-02  8.9327468e-01  4.4925234e-01  1.7167000e+02]
 [ 9.8418954e-01  9.1545060e-02 -1.5059284e-01 -1.1650500e+03]
 [ 0.0000000e+00  0.0000000e+00  0.0000000e+00  1.0000000e+00]]
[+0031.03, +0080.28, -1102.69]
2215, 1319, 1662
[[-1.7630514e-01  4.4028020e-01 -8.8018250e-01  5.3140000e+01]
 [-1.4083000e-02  8.9314488e-01  4.4951332e-01  1.7167000e+02]
 [ 9.8405770e-01  9.1727320e-02 -1.5124602e-01 -1.1650300e+03]
 [ 0.0000000e+00  0.0000000e+00  0.0000000e+00  1.0000000e+00]]
[+0030.10, +0091.22, -1110.44]
2148, 1427, 1757
[[-1.7593450e-01  4.3963940e-01 -8.8067820e-01  5.3120000e+01]
 [-1.4691400e-02  8.9344598e-01  4.4891316e-01  1.7167000e+02]
 [ 9.8420580e-01  9.1956840e-02 -1.5071952e-01 -1.1650100e+03]
 [ 0.0000000e+00  0.0000000e+00  0.0000000e+00  1.0000000e+00]]
[+0030.65, +0075.20, -1101.47]
1425, 1852, 753
[[-1.7325412e-01  4.4142266e-01 -8.8015790e-01  5.3370000e+01]
 [-1.3416340e-02  8.9275862e-01  4.5028970e-01  1.7184000e+02]
 [ 9.8455670e-01  8.9926900e-02 -1.4872650e-01 -1.1649500e+03]
 [ 0.0000000e+00  0.0000000e+00  0.0000000e+00  1.0000000e+00]]
[+0145.73, +0078.67, -1096.30]
2148, 1427, 1757
[[-1.7661106e-01  4.3950264e-01 -8.8047052e-01  5.3070000e+01]
 [-1.3787280e-02  8.9354944e-01  4.4871096e-01  1.7167000e+02]
 [ 9.8397196e-01  9.1482480e-02 -1.5172786e-01 -1.1650200e+03]
 [ 0.0000000e+00  0.0000000e+00  0.0000000e+00  1.0000000e+00]]
[+0028.44, +0076.98, -1102.90]
1974, 1268, 1814
[[-1.7504068e-01  4.4037114e-01 -8.8041910e-01  5.3200000e+01]
 [-1.4104860e-02  8.9316028e-01  4.4948730e-01  1.7172000e+02]
 [ 9.8430970e-01  9.1164900e-02 -1.5011140e-01 -1.1650200e+03]
 [ 0.0000000e+00  0.0000000e+00  0.0000000e+00  1.0000000e+00]]
[+0016.28, +0059.20, -1103.78]
2148, 1427, 1757
[[-1.7533858e-01  4.3961866e-01 -8.8057684e-01  5.3110000e+01]
 [-1.4784740e-02  8.9344598e-01  4.4886908e-01  1.7169000e+02]
 [ 9.8410444e-01  9.1855720e-02 -1.5012360e-01 -1.1650400e+03]
 [ 0.0000000e+00  0.0000000e+00  0.0000000e+00  1.0000000e+00]]
[+0030.77, +0078.61, -1102.38]
1969, 1367, 1650
[[-1.7474282e-01  4.4052774e-01 -8.8040652e-01  5.3200000e+01]
 [-1.4020860e-02  8.9310302e-01  4.4960484e-01  1.7170000e+02]
 [ 9.8436972e-01  9.0974760e-02 -1.4987080e-01 -1.1650500e+03]
 [ 0.0000000e+00  0.0000000e+00  0.0000000e+00  1.0000000e+00]]
[+0034.89, +0071.12, -1090.71]
1902, 1402, 2095
[[-1.7467024e-01  4.3969420e-01 -8.8076548e-01  5.3150000e+01]
 [-1.4676520e-02  8.9346150e-01  4.4885836e-01  1.7167000e+02]
 [ 9.8430860e-01  9.1423400e-02 -1.4958490e-01 -1.1650500e+03]
 [ 0.0000000e+00  0.0000000e+00  0.0000000e+00  1.0000000e+00]]
[+0015.88, +0031.80, -1109.12]
1969, 1367, 1650
[[-1.7526600e-01  4.4049992e-01 -8.8020244e-01  5.3210000e+01]
 [-1.3580560e-02  8.9311830e-01  4.4956772e-01  1.7171000e+02]
 [ 9.8418092e-01  9.0859160e-02 -1.5052386e-01 -1.1650300e+03]
 [ 0.0000000e+00  0.0000000e+00  0.0000000e+00  1.0000000e+00]]
[+0034.94, +0071.76, -1091.00]
2029, 1246, 1668
[[-1.7570914e-01  4.4029564e-01 -8.8023026e-01  5.3180000e+01]
 [-1.4212840e-02  8.9314488e-01  4.4949788e-01  1.7170000e+02]
 [ 9.8410546e-01  9.1597480e-02 -1.5065002e-01 -1.1650400e+03]
 [ 0.0000000e+00  0.0000000e+00  0.0000000e+00  1.0000000e+00]]
[+0022.48, +0077.89, -1103.51]
1969, 1367, 1650
[[-1.7451762e-01  4.4062432e-01 -8.8025266e-01  5.3250000e+01]
 [-1.4174720e-02  8.9303040e-01  4.4971744e-01  1.7174000e+02]
 [ 9.8427314e-01  9.1087360e-02 -1.4957298e-01 -1.1650600e+03]
 [ 0.0000000e+00  0.0000000e+00  0.0000000e+00  1.0000000e+00]]
[+0035.51, +0072.16, -1090.87]
1632, 1191, 1613
[[-1.7369706e-01  4.4077264e-01 -8.8029488e-01  5.3290000e+01]
 [-1.4494880e-02  8.9295774e-01  4.4984324e-01  1.7174000e+02]
 [ 9.8437264e-01  9.1041320e-02 -1.4867976e-01 -1.1650600e+03]
 [ 0.0000000e+00  0.0000000e+00  0.0000000e+00  1.0000000e+00]]
[+0026.11, +0047.61, -1082.66]
1969, 1367, 1650
[[-1.7526600e-01  4.4008932e-01 -8.8046024e-01  5.3170000e+01]
 [-1.4063720e-02  8.9329008e-01  4.4922084e-01  1.7167000e+02]
 [ 9.8422104e-01  9.1206040e-02 -1.5035208e-01 -1.1650500e+03]
 [ 0.0000000e+00  0.0000000e+00  0.0000000e+00  1.0000000e+00]]
[+0031.79, +0073.74, -1092.90]
1055, 1911, 1331
[[-1.7325412e-01  4.4101250e-01 -8.8041562e-01  5.3330000e+01]
 [-1.3899100e-02  8.9293100e-01  4.4994250e-01  1.7183000e+02]
 [ 9.8459662e-01  9.0274100e-02 -1.4855412e-01 -1.1650800e+03]
 [ 0.0000000e+00  0.0000000e+00  0.0000000e+00  1.0000000e+00]]
[+0129.54, +0002.75, -1087.44]
1305, 1881, 1085
[[-1.7363186e-01  4.4091918e-01 -8.8038216e-01  5.3280000e+01]
 [-1.3095540e-02  8.9303374e-01  4.4976168e-01  1.7177000e+02]
 [ 9.8453592e-01  8.9706960e-02 -1.4926436e-01 -1.1650300e+03]
 [ 0.0000000e+00  0.0000000e+00  0.0000000e+00  1.0000000e+00]]
[+0132.15, +0045.85, -1079.06]
1055, 1911, 1331
[[-1.7325412e-01  4.4086368e-01 -8.8045192e-01  5.3270000e+01]
 [-1.4047920e-02  8.9298838e-01  4.4981718e-01  1.7180000e+02]
 [ 9.8456032e-01  9.0399420e-02 -1.4849674e-01 -1.1651000e+03]
 [ 0.0000000e+00  0.0000000e+00  0.0000000e+00  1.0000000e+00]]
[+0128.95, +0002.35, -1087.36]
987, 1861, 1268
[[-1.7310178e-01  4.4127078e-01 -8.8038170e-01  5.3340000e+01]
 [-1.4214780e-02  8.9278572e-01  4.5023250e-01  1.7183000e+02]
 [ 9.8467750e-01  9.0506700e-02 -1.4825650e-01 -1.1651000e+03]
 [ 0.0000000e+00  0.0000000e+00  0.0000000e+00  1.0000000e+00]]
[+0129.70, +0001.39, -1086.13]
1055, 1911, 1331
[[-1.7318154e-01  4.4047700e-01 -8.8070198e-01  5.3230000e+01]
 [-1.4256520e-02  8.9317560e-01  4.4944636e-01  1.7177000e+02]
 [ 9.8460790e-01  9.0472600e-02 -1.4838210e-01 -1.1650800e+03]
 [ 0.0000000e+00  0.0000000e+00  0.0000000e+00  1.0000000e+00]]
[+0128.50, +0003.91, -1086.62]
1404, 807, 1821
[[-1.7459028e-01  4.4074954e-01 -8.8022402e-01  5.3280000e+01]
 [-1.4299940e-02  8.9295774e-01  4.4986634e-01  1.7163000e+02]
 [ 9.8430178e-01  9.1236260e-02 -1.4957298e-01 -1.1650700e+03]
 [ 0.0000000e+00  0.0000000e+00  0.0000000e+00  1.0000000e+00]]
[-0009.12, +0023.90, -1121.52]
1055, 1911, 1331
[[-1.729565e-01  4.410564e-01 -8.805879e-01  5.333000e+01]
 [-1.400040e-02  8.929310e-01  4.499636e-01  1.718000e+02]
 [ 9.847689e-01  9.018040e-02 -1.482565e-01 -1.165110e+03]
 [ 0.000000e+00  0.000000e+00  0.000000e+00  1.000000e+00]]
[+0130.01, +0002.82, -1087.63]
1999, 806, 1017
[[-1.7503354e-01  4.4125370e-01 -8.7992136e-01  5.3310000e+01]
 [-1.4151140e-02  8.9269766e-01  4.5039360e-01  1.7169000e+02]
 [ 9.8425920e-01  9.1377360e-02 -1.4998544e-01 -1.1650600e+03]
 [ 0.0000000e+00  0.0000000e+00  0.0000000e+00  1.0000000e+00]]
[+0029.60, +0123.69, -1128.31]
1969, 968, 935
[[-1.7376976e-01  4.4175460e-01 -8.7989924e-01  5.3350000e+01]
 [-1.3690760e-02  8.9254064e-01  4.5071500e-01  1.7180000e+02]
 [ 9.8447060e-01  9.0467240e-02 -1.4902416e-01 -1.1650500e+03]
 [ 0.0000000e+00  0.0000000e+00  0.0000000e+00  1.0000000e+00]]
[+0048.68, +0127.48, -1117.85]
1999, 806, 1017
[[-1.7511330e-01  4.4116840e-01 -8.7991100e-01  5.3270000e+01]
 [-1.3412720e-02  8.9280096e-01  4.5020480e-01  1.7169000e+02]
 [ 9.8422204e-01  9.0745280e-02 -1.5039810e-01 -1.1650200e+03]
 [ 0.0000000e+00  0.0000000e+00  0.0000000e+00  1.0000000e+00]]
[+0029.96, +0123.67, -1128.18]
1039, 1027, 1796
[[-1.7369706e-01  4.4095782e-01 -8.8040738e-01  5.3300000e+01]
 [-1.4382380e-02  8.9290044e-01  4.4999718e-01  1.7167000e+02]
 [ 9.8455782e-01  9.0887380e-02 -1.4873706e-01 -1.1650600e+03]
 [ 0.0000000e+00  0.0000000e+00  0.0000000e+00  1.0000000e+00]]
[+0020.03, -0017.50, -1104.02]
1999, 806, 1017
[[-1.7480850e-01  4.4194580e-01 -8.7962190e-01  5.3330000e+01]
 [-1.3709400e-02  8.9239512e-01  4.5100684e-01  1.7188000e+02]
 [ 9.8430830e-01  9.0989160e-02 -1.4991738e-01 -1.1650200e+03]
 [ 0.0000000e+00  0.0000000e+00  0.0000000e+00  1.0000000e+00]]
[+0029.64, +0123.58, -1128.82]
2242, 977, 1268
[[-1.7630514e-01  4.4054192e-01 -8.7996084e-01  5.3180000e+01]
 [-1.3748640e-02  8.9303040e-01  4.4973488e-01  1.7169000e+02]
 [ 9.8398132e-01  9.1505760e-02 -1.5136050e-01 -1.1650400e+03]
 [ 0.0000000e+00  0.0000000e+00  0.0000000e+00  1.0000000e+00]]
[+0031.40, +0114.70, -1131.89]
1999, 806, 1017
[[-1.7384250e-01  4.4202870e-01 -8.7983410e-01  5.3390000e+01]
 [-1.3667180e-02  8.9241036e-01  4.5098910e-01  1.7182000e+02]
 [ 9.8453574e-01  9.0490820e-02 -1.4908170e-01 -1.1650000e+03]
 [ 0.0000000e+00  0.0000000e+00  0.0000000e+00  1.0000000e+00]]
[+0030.98, +0118.65, -1123.67]
1472, 1461, 1307
[[-1.7392210e-01  4.4082486e-01 -8.8041248e-01  5.3260000e+01]
 [-1.4192100e-02  8.9297310e-01  4.4985600e-01  1.7176000e+02]
 [ 9.8450560e-01  9.0803520e-02 -1.4903476e-01 -1.1650400e+03]
 [ 0.0000000e+00  0.0000000e+00  0.0000000e+00  1.0000000e+00]]
[+0073.60, +0051.24, -1063.54]
905, 877, 1056
[[-1.7257936e-01  4.4252880e-01 -8.7981144e-01  5.3490000e+01]
 [-1.3207440e-02  8.9225254e-01  4.5131130e-01  1.7179000e+02]
 [ 9.8474640e-01  8.9580060e-02 -1.4812186e-01 -1.1650600e+03]
 [ 0.0000000e+00  0.0000000e+00  0.0000000e+00  1.0000000e+00]]
[+0046.19, +0023.64, -1051.68]
1472, 1461, 1307
[[-1.7429250e-01  4.4064470e-01 -8.8043290e-01  5.3270000e+01]
 [-1.4550140e-02  8.9301500e-01  4.4976202e-01  1.7174000e+02]
 [ 9.8443798e-01  9.1267900e-02 -1.4921794e-01 -1.1650700e+03]
 [ 0.0000000e+00  0.0000000e+00  0.0000000e+00  1.0000000e+00]]
[+0072.77, +0053.62, -1063.89]
1399, 1377, 1663
[[-1.7421984e-01  4.4063200e-01 -8.8027632e-01  5.3230000e+01]
 [-1.4239680e-02  8.9303040e-01  4.4970976e-01  1.7172000e+02]
 [ 9.8429680e-01  9.1022400e-02 -1.4927520e-01 -1.1650300e+03]
 [ 0.0000000e+00  0.0000000e+00  0.0000000e+00  1.0000000e+00]]
[+0043.71, +0018.22, -1076.06]
1472, 1461, 1307
[[-1.7339940e-01  4.4096550e-01 -8.8043090e-01  5.3290000e+01]
 [-1.4447380e-02  8.9290044e-01  4.4998950e-01  1.7176000e+02]
 [ 9.8458134e-01  9.0822380e-02 -1.4843940e-01 -1.1650700e+03]
 [ 0.0000000e+00  0.0000000e+00  0.0000000e+00  1.0000000e+00]]
[+0072.90, +0053.29, -1063.83]
829, 2078, 1320
[[-1.7221626e-01  4.4126708e-01 -8.8058332e-01  5.3360000e+01]
 [-1.3433320e-02  8.9290374e-01  4.5002708e-01  1.7189000e+02]
 [ 9.8486708e-01  8.9376680e-02 -1.4783376e-01 -1.1650900e+03]
 [ 0.0000000e+00  0.0000000e+00  0.0000000e+00  1.0000000e+00]]
[+0146.88, -0010.23, -1115.42]
1472, 1461, 1307
[[-1.7377690e-01  4.4102088e-01 -8.8036096e-01  5.3290000e+01]
 [-1.3494960e-02  8.9294616e-01  4.4993412e-01  1.7177000e+02]
 [ 9.8455712e-01  9.0129960e-02 -1.4920690e-01 -1.1650200e+03]
 [ 0.0000000e+00  0.0000000e+00  0.0000000e+00  1.0000000e+00]]
[+0071.10, +0053.13, -1064.11]
1723, 1581, 867
[[-1.7511330e-01  4.4087052e-01 -8.7998364e-01  5.3240000e+01]
 [-1.3710600e-02  8.9291576e-01  4.4995448e-01  1.7176000e+02]
 [ 9.8414940e-01  9.0995600e-02 -1.5028330e-01 -1.1650300e+03]
 [ 0.0000000e+00  0.0000000e+00  0.0000000e+00  1.0000000e+00]]
[+0108.48, +0105.36, -1090.16]
1645, 1574, 795
[[-1.7429250e-01  4.4161418e-01 -8.7988076e-01  5.3340000e+01]
 [-1.3435300e-02  8.9261334e-01  4.5058132e-01  1.7185000e+02]
 [ 9.8439460e-01  9.0448600e-02 -1.4961960e-01 -1.1650200e+03]
 [ 0.0000000e+00  0.0000000e+00  0.0000000e+00  1.0000000e+00]]
[+0115.50, +0102.42, -1089.35]
1723, 1581, 867
[[-1.7488810e-01  4.4062926e-01 -8.8038558e-01  5.3220000e+01]
 [-1.4420220e-02  8.9301500e-01  4.4977746e-01  1.7177000e+02]
 [ 9.8439066e-01  9.1397820e-02 -1.4981354e-01 -1.1650700e+03]
 [ 0.0000000e+00  0.0000000e+00  0.0000000e+00  1.0000000e+00]]
[+0107.82, +0103.83, -1089.53]
1704, 1372, 907
[[-1.7406746e-01  4.4130042e-01 -8.7998472e-01  5.3310000e+01]
 [-1.4072220e-02  8.9271302e-01  4.5034688e-01  1.7187000e+02]
 [ 9.8433792e-01  9.0908080e-02 -1.4914948e-01 -1.1650500e+03]
 [ 0.0000000e+00  0.0000000e+00  0.0000000e+00  1.0000000e+00]]
[+0086.03, +0106.88, -1083.93]
1723, 1581, 867
[[-1.7392960e-01  4.4079904e-01 -8.8054368e-01  5.3290000e+01]
 [-1.3215680e-02  8.9309120e-01  4.4967264e-01  1.7170000e+02]
 [ 9.8462496e-01  8.9868480e-02 -1.4950464e-01 -1.1650600e+03]
 [ 0.0000000e+00  0.0000000e+00  0.0000000e+00  1.0000000e+00]]
[+0107.99, +0103.90, -1089.29]
1272, 1715, 1343
[[-1.7362440e-01  4.4083252e-01 -8.8043604e-01  5.3280000e+01]
 [-1.4257080e-02  8.9297310e-01  4.4984834e-01  1.7180000e+02]
 [ 9.8452916e-01  9.0738540e-02 -1.4873706e-01 -1.1650600e+03]
 [ 0.0000000e+00  0.0000000e+00  0.0000000e+00  1.0000000e+00]]
[+0103.37, +0023.94, -1068.82]
1723, 1581, 867
[[-1.7436520e-01  4.4114388e-01 -8.7999744e-01  5.3270000e+01]
 [-1.4156040e-02  8.9277040e-01  4.5022932e-01  1.7178000e+02]
 [ 9.8427792e-01  9.1098360e-02 -1.4938984e-01 -1.1650700e+03]
 [ 0.0000000e+00  0.0000000e+00  0.0000000e+00  1.0000000e+00]]
[+0107.70, +0105.20, -1090.00]
1020, 1408, 1923
[[-1.7355178e-01  4.4040954e-01 -8.8053730e-01  5.3250000e+01]
 [-1.4429460e-02  8.9316028e-01  4.4944890e-01  1.7167000e+02]
 [ 9.8442790e-01  9.0840300e-02 -1.4862250e-01 -1.1650500e+03]
 [ 0.0000000e+00  0.0000000e+00  0.0000000e+00  1.0000000e+00]]
[+0049.72, -0032.59, -1108.35]
2209, 1195, 1168
[[-1.7630514e-01  4.4069094e-01 -8.7992452e-01  5.3180000e+01]
 [-1.3599620e-02  8.9297310e-01  4.4985996e-01  1.7174000e+02]
 [ 9.8401764e-01  9.1380680e-02 -1.5141780e-01 -1.1650300e+03]
 [ 0.0000000e+00  0.0000000e+00  0.0000000e+00  1.0000000e+00]]
[+0050.00, +0119.34, -1119.17]
1020, 1408, 1923
[[-1.7339940e-01  4.4040656e-01 -8.8072508e-01  5.3270000e+01]
 [-1.5079000e-02  8.9312940e-01  4.4951680e-01  1.7172000e+02]
 [ 9.8458480e-01  9.1295080e-02 -1.4821044e-01 -1.1650800e+03]
 [ 0.0000000e+00  0.0000000e+00  0.0000000e+00  1.0000000e+00]]
[+0049.30, -0032.57, -1108.42]
1112, 1098, 2155
[[-1.7526600e-01  4.3997664e-01 -8.8064548e-01  5.3170000e+01]
 [-1.4248960e-02  8.9334726e-01  4.4912424e-01  1.7161000e+02]
 [ 9.8433372e-01  9.1302640e-02 -1.5029490e-01 -1.1650200e+03]
 [ 0.0000000e+00  0.0000000e+00  0.0000000e+00  1.0000000e+00]]
[+0016.88, -0023.63, -1136.66]
1020, 1408, 1923
[[-1.7325412e-01  4.4112502e-01 -8.8023050e-01  5.3320000e+01]
 [-1.3713980e-02  8.9287358e-01  4.5003910e-01  1.7173000e+02]
 [ 9.8448410e-01  9.0177500e-02 -1.4861154e-01 -1.1650700e+03]
 [ 0.0000000e+00  0.0000000e+00  0.0000000e+00  1.0000000e+00]]
[+0052.08, -0028.04, -1103.42]
1187, 1613, 2128
[[-1.7482306e-01  4.3947226e-01 -8.8094780e-01  5.3130000e+01]
 [-1.4397500e-02  8.9360654e-01  4.4859676e-01  1.7164000e+02]
 [ 9.8437676e-01  9.1161800e-02 -1.4988276e-01 -1.1650600e+03]
 [ 0.0000000e+00  0.0000000e+00  0.0000000e+00  1.0000000e+00]]
[+0052.80, -0029.48, -1115.82]
1020, 1408, 1923
[[-1.7325412e-01  4.4131014e-01 -8.8034302e-01  5.3320000e+01]
 [-1.3601460e-02  8.9281612e-01  4.5019314e-01  1.7175000e+02]
 [ 9.8466922e-01  9.0023460e-02 -1.4866900e-01 -1.1650600e+03]
 [ 0.0000000e+00  0.0000000e+00  0.0000000e+00  1.0000000e+00]]
[+0051.71, -0028.07, -1103.83]
1832, 1552, 2018
[[-1.7586192e-01  4.3977596e-01 -8.8048516e-01  5.3090000e+01]
 [-1.4231960e-02  8.9340440e-01  4.4898592e-01  1.7167000e+02]
 [ 9.8410084e-01  9.1586080e-02 -1.5083368e-01 -1.1650400e+03]
 [ 0.0000000e+00  0.0000000e+00  0.0000000e+00  1.0000000e+00]]
[+0029.53, +0033.30, -1095.20]
1419, 1157, 1730
[[-1.7369706e-01  4.4092148e-01 -8.8025854e-01  5.3320000e+01]
 [-1.4346040e-02  8.9290044e-01  4.4996852e-01  1.7174000e+02]
 [ 9.8440898e-01  9.0916040e-02 -1.4873706e-01 -1.1650600e+03]
 [ 0.0000000e+00  0.0000000e+00  0.0000000e+00  1.0000000e+00]]
[+0022.02, +0022.37, -1086.27]
1832, 1552, 2018
[[-1.7556394e-01  4.3967098e-01 -8.8069426e-01  5.3150000e+01]
 [-1.4482060e-02  8.9346150e-01  4.4888158e-01  1.7165000e+02]
 [ 9.8423738e-01  9.1617860e-02 -1.5047860e-01 -1.1650700e+03]
 [ 0.0000000e+00  0.0000000e+00  0.0000000e+00  1.0000000e+00]]
[+0028.44, +0032.67, -1095.93]
1261, 2054, 2145
[[-1.7393778e-01  4.3887380e-01 -8.8129434e-01  5.3100000e+01]
 [-1.4211000e-02  8.9395320e-01  4.4788900e-01  1.7164000e+02]
 [ 9.8442266e-01  9.0533400e-02 -1.4923002e-01 -1.1650700e+03]
 [ 0.0000000e+00  0.0000000e+00  0.0000000e+00  1.0000000e+00]]
[+0085.04, -0024.36, -1112.96]
1832, 1552, 2018
[[-1.7519346e-01  4.3970248e-01 -8.8071032e-01  5.3160000e+01]
 [-1.4272720e-02  8.9347694e-01  4.4885008e-01  1.7166000e+02]
 [ 9.8426888e-01  9.1278880e-02 -1.5023776e-01 -1.1650600e+03]
 [ 0.0000000e+00  0.0000000e+00  0.0000000e+00  1.0000000e+00]]
[+0030.48, +0037.48, -1094.09]
1930, 1777, 1568
[[-1.7519346e-01  4.3996414e-01 -8.8048884e-01  5.3150000e+01]
 [-1.3938540e-02  8.9336262e-01  4.4907188e-01  1.7170000e+02]
 [ 9.8419244e-01  9.1057080e-02 -1.5035208e-01 -1.1650700e+03]
 [ 0.0000000e+00  0.0000000e+00  0.0000000e+00  1.0000000e+00]]
[+0074.70, +0072.22, -1080.08]
1832, 1552, 2018
[[-1.7511330e-01  4.3990058e-01 -8.8053576e-01  5.3160000e+01]
 [-1.4825820e-02  8.9331630e-01  4.4913544e-01  1.7169000e+02]
 [ 9.8419304e-01  9.1814640e-02 -1.4988276e-01 -1.1650300e+03]
 [ 0.0000000e+00  0.0000000e+00  0.0000000e+00  1.0000000e+00]]
[+0028.43, +0030.88, -1096.00]
1970, 2116, 2204
[[-1.7594244e-01  4.3845840e-01 -8.8124756e-01  5.2960000e+01]
 [-1.4943560e-02  8.9402076e-01  4.4775600e-01  1.7160000e+02]
 [ 9.8418480e-01  9.1994440e-02 -1.5073284e-01 -1.1650700e+03]
 [ 0.0000000e+00  0.0000000e+00  0.0000000e+00  1.0000000e+00]]
[+0065.63, +0021.72, -1093.64]
1975, 2199, 2132
[[-1.7624050e-01  4.3856342e-01 -8.8103844e-01  5.2980000e+01]
 [-1.4693660e-02  8.9396390e-01  4.4786052e-01  1.7165000e+02]
 [ 9.8404812e-01  9.1962360e-02 -1.5108776e-01 -1.1650900e+03]
 [ 0.0000000e+00  0.0000000e+00  0.0000000e+00  1.0000000e+00]]
[+0077.00, +0026.69, -1091.60]
1970, 2116, 2204
[[-1.7608740e-01  4.3882152e-01 -8.8100544e-01  5.3010000e+01]
 [-1.5008640e-02  8.9381894e-01  4.4815078e-01  1.7162000e+02]
 [ 9.8412888e-01  9.2195740e-02 -1.5078970e-01 -1.1650900e+03]
 [ 0.0000000e+00  0.0000000e+00  0.0000000e+00  1.0000000e+00]]
[+0061.75, +0023.48, -1094.19]
2057, 2149, 2248
[[-1.7699012e-01  4.3843902e-01 -8.8098726e-01  5.2940000e+01]
 [-1.4100420e-02  8.9405180e-01  4.4771074e-01  1.7160000e+02]
 [ 9.8395554e-01  9.1733060e-02 -1.5203908e-01 -1.1650400e+03]
 [ 0.0000000e+00  0.0000000e+00  0.0000000e+00  1.0000000e+00]]
[+0063.38, +0026.57, -1095.37]
1970, 2116, 2204
[[-1.7557200e-01  4.3904980e-01 -8.8096980e-01  5.3040000e+01]
 [-1.4101800e-02  8.9380848e-01  4.4819668e-01  1.7159000e+02]
 [ 9.8421220e-01  9.1183320e-02 -1.5071952e-01 -1.1650600e+03]
 [ 0.0000000e+00  0.0000000e+00  0.0000000e+00  1.0000000e+00]]
[+0064.62, +0023.66, -1092.88]
2087, 1989, 2067
[[-1.7608740e-01  4.3934508e-01 -8.8056236e-01  5.3070000e+01]
 [-1.4340040e-02  8.9359110e-01  4.4859438e-01  1.7166000e+02]
 [ 9.8397588e-01  9.1752140e-02 -1.5101754e-01 -1.1650600e+03]
 [ 0.0000000e+00  0.0000000e+00  0.0000000e+00  1.0000000e+00]]
[+0056.54, +0046.44, -1090.92]
1970, 2116, 2204
[[-1.7482306e-01  4.3917438e-01 -8.8102028e-01  5.3070000e+01]
 [-1.4695380e-02  8.9372062e-01  4.4834628e-01  1.7175000e+02]
 [ 9.8430428e-01  9.1412280e-02 -1.4976868e-01 -1.1650400e+03]
 [ 0.0000000e+00  0.0000000e+00  0.0000000e+00  1.0000000e+00]]
[+0065.75, +0020.34, -1093.86]
2086, 1940, 1941
[[-1.7570914e-01  4.3932542e-01 -8.8078246e-01  5.3090000e+01]
 [-1.5328340e-02  8.9354430e-01  4.4867882e-01  1.7167000e+02]
 [ 9.8414918e-01  9.2416540e-02 -1.5025060e-01 -1.1650600e+03]
 [ 0.0000000e+00  0.0000000e+00  0.0000000e+00  1.0000000e+00]]
[+0060.71, +0056.64, -1088.12]
1710, 1690, 1463
[[-1.7451762e-01  4.4080954e-01 -8.8036524e-01  5.3260000e+01]
 [-1.4062140e-02  8.9297310e-01  4.4987132e-01  1.7177000e+02]
 [ 9.8445836e-01  9.0933480e-02 -1.4963028e-01 -1.1650400e+03]
 [ 0.0000000e+00  0.0000000e+00  0.0000000e+00  1.0000000e+00]]
[+0077.97, +0057.06, -1071.63]
2086, 1940, 1941
[[-1.7615994e-01  4.3891040e-01 -8.8082798e-01  5.3010000e+01]
 [-1.5097520e-02  8.9374640e-01  4.4827136e-01  1.7164000e+02]
 [ 9.8400830e-01  9.2373200e-02 -1.5078970e-01 -1.1650700e+03]
 [ 0.0000000e+00  0.0000000e+00  0.0000000e+00  1.0000000e+00]]
[+0061.02, +0052.09, -1087.66]
2170, 1952, 1868
[[-1.7705424e-01  4.3929784e-01 -8.8049824e-01  5.3070000e+01]
 [-1.4419840e-02  8.9357558e-01  4.4864162e-01  1.7172000e+02]
 [ 9.8389624e-01  9.2220620e-02 -1.5185482e-01 -1.1650600e+03]
 [ 0.0000000e+00  0.0000000e+00  0.0000000e+00  1.0000000e+00]]
[+0066.19, +0064.39, -1088.75]
2086, 1940, 1941
[[-1.7541890e-01  4.3956960e-01 -8.8071510e-01  5.3140000e+01]
 [-1.4082720e-02  8.9354944e-01  4.4870880e-01  1.7174000e+02]
 [ 9.8421654e-01  9.1194720e-02 -1.5053570e-01 -1.1650200e+03]
 [ 0.0000000e+00  0.0000000e+00  0.0000000e+00  1.0000000e+00]]
[+0062.59, +0051.00, -1086.95]
2007, 2157, 1889
[[-1.7452520e-01  4.3959264e-01 -8.8078632e-01  5.3120000e+01]
 [-1.4277120e-02  8.9354944e-01  4.4868576e-01  1.7172000e+02]
 [ 9.8428776e-01  9.1000320e-02 -1.4964200e-01 -1.1650600e+03]
 [ 0.0000000e+00  0.0000000e+00  0.0000000e+00  1.0000000e+00]]
[+0089.14, +0042.88, -1086.51]
2086, 1940, 1941
[[-1.7593450e-01  4.3919240e-01 -8.8078710e-01  5.3100000e+01]
 [-1.5138400e-02  8.9361692e-01  4.4853768e-01  1.7164000e+02]
 [ 9.8409690e-01  9.2332320e-02 -1.5054858e-01 -1.1650700e+03]
 [ 0.0000000e+00  0.0000000e+00  0.0000000e+00  1.0000000e+00]]
[+0057.86, +0050.58, -1088.46]
918, 780, 1777
[[-1.7250666e-01  4.4225470e-01 -8.7987664e-01  5.3520000e+01]
 [-1.3230860e-02  8.9238294e-01  4.5103720e-01  1.7178000e+02]
 [ 9.8468120e-01  8.9556640e-02 -1.4806416e-01 -1.1650600e+03]
 [ 0.0000000e+00  0.0000000e+00  0.0000000e+00  1.0000000e+00]]
[+0006.56, -0016.87, -1116.75]
922, 937, 1879
[[-1.7332674e-01  4.4125032e-01 -8.8020178e-01  5.3350000e+01]
 [-1.3839280e-02  8.9280096e-01  4.5018792e-01  1.7173000e+02]
 [ 9.8451282e-01  9.0326320e-02 -1.4861154e-01 -1.1650300e+03]
 [ 0.0000000e+00  0.0000000e+00  0.0000000e+00  1.0000000e+00]]
[+0017.46, -0027.98, -1121.33]
918, 780, 1777
[[-1.7257936e-01  4.4223128e-01 -8.7988416e-01  5.3470000e+01]
 [-1.3504960e-02  8.9236790e-01  4.5106062e-01  1.7178000e+02]
 [ 9.8467368e-01  8.9830740e-02 -1.4800650e-01 -1.1650600e+03]
 [ 0.0000000e+00  0.0000000e+00  0.0000000e+00  1.0000000e+00]]
[+0006.35, -0016.89, -1116.68]
787, 1429, 790
[[-1.7138960e-01  4.4255880e-01 -8.7990480e-01  5.3510000e+01]
 [-1.3468320e-02  8.9225254e-01  4.5128130e-01  1.7187000e+02]
 [ 9.8483976e-01  8.9319180e-02 -1.4693210e-01 -1.1651100e+03]
 [ 0.0000000e+00  0.0000000e+00  0.0000000e+00  1.0000000e+00]]
[+0134.33, +0021.90, -1064.27]
918, 780, 1777
[[-1.7332674e-01  4.4166046e-01 -8.7994400e-01  5.3370000e+01]
 [-1.3356500e-02  8.9262846e-01  4.5053504e-01  1.7173000e+02]
 [ 9.8447296e-01  8.9979200e-02 -1.4878404e-01 -1.1650100e+03]
 [ 0.0000000e+00  0.0000000e+00  0.0000000e+00  1.0000000e+00]]
[+0004.07, -0019.13, -1120.57]
1878, 818, 1675
[[-1.7504068e-01  4.4078166e-01 -8.8016126e-01  5.3260000e+01]
 [-1.3621740e-02  8.9298838e-01  4.4983422e-01  1.7168000e+02]
 [ 9.8426966e-01  9.0817980e-02 -1.5028330e-01 -1.1650300e+03]
 [ 0.0000000e+00  0.0000000e+00  0.0000000e+00  1.0000000e+00]]
[-0004.44, +0072.40, -1129.21]
918, 780, 1777
[[-1.7287690e-01  4.4192618e-01 -8.7993344e-01  5.3440000e+01]
 [-1.3737340e-02  8.9248310e-01  4.5081752e-01  1.7175000e+02]
 [ 9.8457752e-01  9.0146560e-02 -1.4818884e-01 -1.1650400e+03]
 [ 0.0000000e+00  0.0000000e+00  0.0000000e+00  1.0000000e+00]]
[+0004.55, -0018.96, -1119.78]
