950, 950, 950
[[-6.9815700e-02  9.9579378e-01 -5.5829740e-02 -5.0000000e+00]
 [ 3.2683820e-02  5.8416120e-02  9.9757914e-01  1.3727000e+02]
 [ 9.9682194e-01  6.8022940e-02 -3.6440820e-02 -1.1675900e+03]
 [ 0.0000000e+00  0.0000000e+00  0.0000000e+00  1.0000000e+00]]
[-0117.36, +0050.99, -1054.71]
2072, 1251, 1788
[[-7.3726420e-02  9.9530928e-01 -5.8195260e-02 -5.3400000e+00]
 [ 3.3973920e-02  6.1088000e-02  9.9731856e-01  1.3750000e+02]
 [ 9.9643014e-01  7.1819040e-02 -3.8074580e-02 -1.1676100e+03]
 [ 0.0000000e+00  0.0000000e+00  0.0000000e+00  1.0000000e+00]]
[-0107.90, +0114.97, -1110.91]
1802, 1105, 1615
[[-7.2013780e-02  9.9559984e-01 -5.7242220e-02 -5.2000000e+00]
 [ 3.3867040e-02  5.9953880e-02  9.9748656e-01  1.3740000e+02]
 [ 9.9666882e-01  7.0052640e-02 -3.7890900e-02 -1.1676200e+03]
 [ 0.0000000e+00  0.0000000e+00  0.0000000e+00  1.0000000e+00]]
[-0116.31, +0108.04, -1096.32]
2217, 1966, 1400
[[-7.3134280e-02  9.9552008e-01 -5.8814920e-02 -5.2900000e+00]
 [ 3.3979720e-02  6.1490040e-02  9.9747128e-01  1.3758000e+02]
 [ 9.9667688e-01  7.1016520e-02 -3.8264680e-02 -1.1675900e+03]
 [ 0.0000000e+00  0.0000000e+00  0.0000000e+00  1.0000000e+00]]
[-0053.97, +0057.67, -1107.03]
2108, 1366, 1151
[[-7.2013780e-02  9.9559984e-01 -5.7242220e-02 -5.1700000e+00]
 [ 3.3867040e-02  5.9953880e-02  9.9748656e-01  1.3741000e+02]
 [ 9.9666882e-01  7.0052640e-02 -3.7890900e-02 -1.1675800e+03]
 [ 0.0000000e+00  0.0000000e+00  0.0000000e+00  1.0000000e+00]]
[-0052.77, +0092.00, -1107.54]
1877, 1455, 759
[[-7.0914000e-02  9.9562912e-01 -5.6895840e-02 -5.1000000e+00]
 [ 3.2911680e-02  5.9566080e-02  9.9748064e-01  1.3739000e+02]
 [ 9.9671024e-01  6.9090240e-02 -3.6784080e-02 -1.1676000e+03]
 [ 0.0000000e+00  0.0000000e+00  0.0000000e+00  1.0000000e+00]]
[-0028.94, +0062.24, -1111.02]
1711, 1850, 979
[[-7.1600100e-02  9.9560458e-01 -5.7456240e-02 -5.1400000e+00]
 [ 3.3671940e-02  6.0151260e-02  9.9747008e-01  1.3745000e+02]
 [ 9.9669248e-01  6.9655440e-02 -3.7674600e-02 -1.1675800e+03]
 [ 0.0000000e+00  0.0000000e+00  0.0000000e+00  1.0000000e+00]]
[-0046.07, +0024.59, -1101.91]
1637, 1329, 2021
[[-7.2682000e-02  9.9537060e-01 -5.7599800e-02 -5.2500000e+00]
 [ 3.4424760e-02  6.0531900e-02  9.9729282e-01  1.3743000e+02]
 [ 9.9644132e-01  7.0819500e-02 -3.8375860e-02 -1.1675900e+03]
 [ 0.0000000e+00  0.0000000e+00  0.0000000e+00  1.0000000e+00]]
[-0157.51, +0083.80, -1106.34]
2242, 1004, 1594
[[-7.3707300e-02  9.9553772e-01 -5.7598340e-02 -5.3100000e+00]
 [ 3.4205080e-02  6.0320120e-02  9.9752516e-01  1.3745000e+02]
 [ 9.9661574e-01  7.1631560e-02 -3.8428420e-02 -1.1675900e+03]
 [ 0.0000000e+00  0.0000000e+00  0.0000000e+00  1.0000000e+00]]
[-0089.13, +0129.08, -1131.84]
972, 905, 2009
[[-7.1148820e-02  9.9551522e-01 -5.7176700e-02 -5.1500000e+00]
 [ 3.3190220e-02  5.9953880e-02  9.9737730e-01  1.3733000e+02]
 [ 9.9660330e-01  6.9372300e-02 -3.7025940e-02 -1.1676300e+03]
 [ 0.0000000e+00  0.0000000e+00  0.0000000e+00  1.0000000e+00]]
[-0196.84, +0074.50, -1139.23]
1348, 968, 1966
[[-7.1205460e-02  9.9552726e-01 -5.7341180e-02 -5.1900000e+00]
 [ 3.4181820e-02  6.0165100e-02  9.9735354e-01  1.3737000e+02]
 [ 9.9659126e-01  6.9339420e-02 -3.8055400e-02 -1.1675800e+03]
 [ 0.0000000e+00  0.0000000e+00  0.0000000e+00  1.0000000e+00]]
[-0173.56, +0094.89, -1120.06]
1773, 1389, 2133
[[-7.2898500e-02  9.9534790e-01 -5.8002800e-02 -5.3100000e+00]
 [ 3.4204700e-02  6.0912380e-02  9.9729184e-01  1.3747000e+02]
 [ 9.9644960e-01  7.1017840e-02 -3.8211880e-02 -1.1676000e+03]
 [ 0.0000000e+00  0.0000000e+00  0.0000000e+00  1.0000000e+00]]
[-0152.66, +0091.08, -1112.51]
1747, 1278, 1096
[[-7.130896e-02  9.955988e-01 -5.710976e-02 -5.140000e+00]
 [ 3.229376e-02  5.974214e-02  9.974993e-01  1.373700e+02]
 [ 9.967124e-01  6.950374e-02 -3.621306e-02 -1.167620e+03]
 [ 0.000000e+00  0.000000e+00  0.000000e+00  1.000000e+00]]
[-0064.67, +0082.20, -1085.03]
1505, 1897, 778
[[-7.0735300e-02  9.9551990e-01 -5.7390500e-02 -5.0900000e+00]
 [ 3.2995180e-02  6.0151260e-02  9.9736090e-01  1.3744000e+02]
 [ 9.9662674e-01  6.8975180e-02 -3.6809800e-02 -1.1676000e+03]
 [ 0.0000000e+00  0.0000000e+00  0.0000000e+00  1.0000000e+00]]
[-0038.83, +0006.53, -1113.74]
1311, 1761, 1708
[[-7.1600100e-02  9.9549644e-01 -5.7554920e-02 -5.1700000e+00]
 [ 3.3563800e-02  6.0341600e-02  9.9737260e-01  1.3743000e+02]
 [ 9.9659380e-01  6.9752920e-02 -3.7484260e-02 -1.1675800e+03]
 [ 0.0000000e+00  0.0000000e+00  0.0000000e+00  1.0000000e+00]]
[-0139.80, +0019.37, -1090.91]
1232, 2122, 1802
[[-7.2484660e-02  9.9546096e-01 -5.8118320e-02 -5.2200000e+00]
 [ 3.4117920e-02  6.0919500e-02  9.9737256e-01  1.3750000e+02]
 [ 9.9657224e-01  7.0523280e-02 -3.8185600e-02 -1.1676100e+03]
 [ 0.0000000e+00  0.0000000e+00  0.0000000e+00  1.0000000e+00]]
[-0135.88, -0011.69, -1117.49]
1808, 926, 2034
[[-7.2682000e-02  9.9546928e-01 -5.7708040e-02 -5.3000000e+00]
 [ 3.4326080e-02  6.0531900e-02  9.9738796e-01  1.3742000e+02]
 [ 9.9654956e-01  7.0724360e-02 -3.8375860e-02 -1.1675900e+03]
 [ 0.0000000e+00  0.0000000e+00  0.0000000e+00  1.0000000e+00]]
[-0147.64, +0121.57, -1135.03]
2015, 1533, 1435
[[-7.2249120e-02  9.9536816e-01 -5.7828320e-02 -5.2300000e+00]
 [ 3.3830240e-02  6.0722160e-02  9.9728344e-01  1.3747000e+02]
 [ 9.9647248e-01  7.0434160e-02 -3.7752720e-02 -1.1675900e+03]
 [ 0.0000000e+00  0.0000000e+00  0.0000000e+00  1.0000000e+00]]
[-0070.00, +0084.65, -1094.93]
1133, 1336, 1035
[[-7.1308960e-02  9.9562664e-01 -5.6489360e-02 -5.0800000e+00]
 [ 3.2914160e-02  5.9171120e-02  9.9750632e-01  1.3735000e+02]
 [ 9.9668456e-01  6.9496720e-02 -3.6784080e-02 -1.1676000e+03]
 [ 0.0000000e+00  0.0000000e+00  0.0000000e+00  1.0000000e+00]]
[-0097.99, +0027.21, -1065.16]
1472, 957, 1583
[[-7.1167620e-02  9.9563042e-01 -5.7063920e-02 -5.1700000e+00]
 [ 3.3697780e-02  5.9770460e-02  9.9746768e-01  1.3736000e+02]
 [ 9.9669488e-01  6.9263120e-02 -3.7622920e-02 -1.1676000e+03]
 [ 0.0000000e+00  0.0000000e+00  0.0000000e+00  1.0000000e+00]]
[-0138.97, +0105.12, -1092.72]
1647, 1970, 1466
[[-7.2032740e-02  9.9557858e-01 -5.7848560e-02 -5.1800000e+00]
 [ 3.3645940e-02  6.0531900e-02  9.9747248e-01  1.3746000e+02]
 [ 9.9669008e-01  7.0047760e-02 -3.7726600e-02 -1.1675800e+03]
 [ 0.0000000e+00  0.0000000e+00  0.0000000e+00  1.0000000e+00]]
[-0085.28, +0020.11, -1089.32]
1530, 1700, 1509
[[-7.2032740e-02  9.9548940e-01 -5.7533520e-02 -5.1700000e+00]
 [ 3.3951480e-02  6.0341600e-02  9.9737964e-01  1.3742000e+02]
 [ 9.9657240e-01  7.0140600e-02 -3.7916900e-02 -1.1675900e+03]
 [ 0.0000000e+00  0.0000000e+00  0.0000000e+00  1.0000000e+00]]
[-0108.77, +0036.64, -1078.99]
1190, 2236, 1399
[[-7.3076800e-02  9.9542856e-01 -5.8129120e-02 -5.1500000e+00]
 [ 3.3500880e-02  6.0897900e-02  9.9740496e-01  1.3752000e+02]
 [ 9.9656144e-01  7.1140320e-02 -3.7615060e-02 -1.1676200e+03]
 [ 0.0000000e+00  0.0000000e+00  0.0000000e+00  1.0000000e+00]]
[-0099.86, -0025.61, -1122.91]
1427, 1118, 1400
[[-7.1581220e-02  9.9571500e-01 -5.7164880e-02 -5.1400000e+00]
 [ 3.3587400e-02  5.9763500e-02  9.9757700e-01  1.3738000e+02]
 [ 9.9678888e-01  6.9567400e-02 -3.7648720e-02 -1.1675800e+03]
 [ 0.0000000e+00  0.0000000e+00  0.0000000e+00  1.0000000e+00]]
[-0120.67, +0083.10, -1074.78]
1872, 1370, 1144
[[-7.1835400e-02  9.9561784e-01 -5.7224520e-02 -5.1700000e+00]
 [ 3.4472120e-02  5.9967800e-02  9.9746856e-01  1.3744000e+02]
 [ 9.9666504e-01  6.9835320e-02 -3.8488040e-02 -1.1675800e+03]
 [ 0.0000000e+00  0.0000000e+00  0.0000000e+00  1.0000000e+00]]
[-0057.26, +0083.79, -1093.21]
1848, 1559, 779
[[-7.1346240e-02  9.9561272e-01 -5.7081520e-02 -5.1200000e+00]
 [ 3.3092720e-02  5.9756460e-02  9.9748538e-01  1.3742000e+02]
 [ 9.9669848e-01  6.9480380e-02 -3.7025940e-02 -1.1676000e+03]
 [ 0.0000000e+00  0.0000000e+00  0.0000000e+00  1.0000000e+00]]
[-0027.26, +0055.09, -1111.42]
1628, 1265, 1227
[[-7.1562420e-02  9.9550108e-01 -5.7169640e-02 -5.1400000e+00]
 [ 3.3178520e-02  5.9946800e-02  9.9739144e-01  1.3739000e+02]
 [ 9.9658916e-01  6.9771760e-02 -3.7051780e-02 -1.1675800e+03]
 [ 0.0000000e+00  0.0000000e+00  0.0000000e+00  1.0000000e+00]]
[-0085.57, +0077.49, -1076.38]
1601, 1557, 2176
[[-7.2484660e-02  9.9536230e-01 -5.8010080e-02 -5.2700000e+00]
 [ 3.4216580e-02  6.0919500e-02  9.9727744e-01  1.3745000e+02]
 [ 9.9646400e-01  7.0618400e-02 -3.8185600e-02 -1.1675800e+03]
 [ 0.0000000e+00  0.0000000e+00  0.0000000e+00  1.0000000e+00]]
[-0163.74, +0064.37, -1110.34]
2150, 1593, 2185
[[-7.3784260e-02  9.9529256e-01 -5.8979540e-02 -5.4400000e+00]
 [ 3.4344160e-02  6.1870200e-02  9.9728728e-01  1.3756000e+02]
 [ 9.9644686e-01  7.1792480e-02 -3.8534500e-02 -1.1676100e+03]
 [ 0.0000000e+00  0.0000000e+00  0.0000000e+00  1.0000000e+00]]
[-0128.56, +0095.82, -1111.75]
1008, 825, 1610
[[-7.0914000e-02  9.9565708e-01 -5.6275560e-02 -5.0800000e+00]
 [ 3.3531960e-02  5.8994700e-02  9.9748742e-01  1.3729000e+02]
 [ 9.9668228e-01  6.9083460e-02 -3.7355460e-02 -1.1675700e+03]
 [ 0.0000000e+00  0.0000000e+00  0.0000000e+00  1.0000000e+00]]
[-0178.51, +0082.64, -1098.78]
1449, 1533, 1290
[[-7.2173600e-02  9.9559368e-01 -5.6860560e-02 -5.1300000e+00]
 [ 3.3276240e-02  5.9551840e-02  9.9751608e-01  1.3739000e+02]
 [ 9.9666072e-01  7.0277040e-02 -3.7268000e-02 -1.1676100e+03]
 [ 0.0000000e+00  0.0000000e+00  0.0000000e+00  1.0000000e+00]]
[-0094.65, +0042.34, -1073.19]
1671, 2172, 751
[[-7.1835400e-02  9.9547158e-01 -5.8150540e-02 -5.0900000e+00]
 [ 3.3536580e-02  6.0919500e-02  9.9736194e-01  1.3760000e+02]
 [ 9.9660446e-01  6.9941940e-02 -3.7536340e-02 -1.1675900e+03]
 [ 0.0000000e+00  0.0000000e+00  0.0000000e+00  1.0000000e+00]]
[-0034.61, +0005.35, -1136.57]
1653, 1495, 1705
[[-7.2625000e-02  9.9556536e-01 -5.7445520e-02 -5.2000000e+00]
 [ 3.3442800e-02  6.0129900e-02  9.9750930e-01  1.3743000e+02]
 [ 9.9666040e-01  7.0660020e-02 -3.7536340e-02 -1.1676100e+03]
 [ 0.0000000e+00  0.0000000e+00  0.0000000e+00  1.0000000e+00]]
[-0123.75, +0070.00, -1083.65]
1174, 1751, 1483
[[-7.1778640e-02  9.9559624e-01 -5.7267120e-02 -5.1300000e+00]
 [ 3.3273680e-02  5.9946800e-02  9.9749016e-01  1.3742000e+02]
 [ 9.9668664e-01  6.9870480e-02 -3.7268000e-02 -1.1676000e+03]
 [ 0.0000000e+00  0.0000000e+00  0.0000000e+00  1.0000000e+00]]
[-0126.24, +0002.61, -1088.49]
1528, 1068, 1638
[[-7.2032740e-02  9.9550840e-01 -5.7119800e-02 -5.1700000e+00]
 [ 3.4365200e-02  5.9960880e-02  9.9738412e-01  1.3738000e+02]
 [ 9.9655340e-01  7.0136120e-02 -3.8297620e-02 -1.1675900e+03]
 [ 0.0000000e+00  0.0000000e+00  0.0000000e+00  1.0000000e+00]]
[-0136.78, +0099.07, -1090.95]
1318, 1512, 1768
[[-7.2427540e-02  9.9547738e-01 -5.7333740e-02 -5.1700000e+00]
 [ 3.3747140e-02  6.0137100e-02  9.9740342e-01  1.3741000e+02]
 [ 9.9655582e-01  7.0549540e-02 -3.7726600e-02 -1.1676000e+03]
 [ 0.0000000e+00  0.0000000e+00  0.0000000e+00  1.0000000e+00]]
[-0153.34, +0042.24, -1089.79]
1169, 1789, 1532
[[-7.0951440e-02  9.9561508e-01 -5.7488040e-02 -5.1200000e+00]
 [ 3.3090360e-02  6.0151260e-02  9.9745958e-01  1.3742000e+02]
 [ 9.9672428e-01  6.9073860e-02 -3.7025940e-02 -1.1675800e+03]
 [ 0.0000000e+00  0.0000000e+00  0.0000000e+00  1.0000000e+00]]
[-0129.65, +0000.22, -1092.30]
1776, 1724, 982
[[-7.1994900e-02  9.9538582e-01 -5.7247040e-02 -5.1500000e+00]
 [ 3.3458140e-02  6.0137100e-02  9.9730112e-01  1.3744000e+02]
 [ 9.9646912e-01  7.0256960e-02 -3.7293960e-02 -1.1676000e+03]
 [ 0.0000000e+00  0.0000000e+00  0.0000000e+00  1.0000000e+00]]
[-0041.69, +0043.33, -1099.82]
1421, 1929, 1005
[[-7.138384e-02  9.955094e-01 -5.735876e-02 -5.120000e+00]
 [ 3.357676e-02  6.015126e-02  9.973714e-01  1.374400e+02]
 [ 9.965950e-01  6.955676e-02 -3.745834e-02 -1.167580e+03]
 [ 0.000000e+00  0.000000e+00  0.000000e+00  1.000000e+00]]
[-0060.18, +0000.46, -1101.05]
1678, 1015, 1185
[[-7.1111460e-02  9.9561860e-01 -5.6899380e-02 -5.1300000e+00]
 [ 3.2706120e-02  5.9559000e-02  9.9749116e-01  1.3736000e+02]
 [ 9.9670670e-01  6.9295800e-02 -3.6593700e-02 -1.1676100e+03]
 [ 0.0000000e+00  0.0000000e+00  0.0000000e+00  1.0000000e+00]]
[-0083.37, +0105.96, -1086.68]
1964, 1124, 769
[[-7.1525060e-02  9.9571254e-01 -5.6793660e-02 -5.1100000e+00]
 [ 3.2802540e-02  5.9361500e-02  9.9760278e-01  1.3738000e+02]
 [ 9.9679134e-01  6.9597780e-02 -3.6809800e-02 -1.1676200e+03]
 [ 0.0000000e+00  0.0000000e+00  0.0000000e+00  1.0000000e+00]]
[-0029.56, +0097.19, -1121.97]
2087, 893, 1173
[[-7.219236e-02  9.955820e-01 -5.726004e-02 -5.220000e+00]
 [ 3.326196e-02  5.993964e-02  9.975044e-01  1.374000e+02]
 [ 9.966724e-01  7.026996e-02 -3.729396e-02 -1.167620e+03]
 [ 0.000000e+00  0.000000e+00  0.000000e+00  1.000000e+00]]
[-0065.19, +0129.25, -1129.27]
1273, 1565, 943
[[-7.1111460e-02  9.9561860e-01 -5.6899380e-02 -5.1000000e+00]
 [ 3.2706120e-02  5.9559000e-02  9.9749116e-01  1.3739000e+02]
 [ 9.9670670e-01  6.9295800e-02 -3.6593700e-02 -1.1676000e+03]
 [ 0.0000000e+00  0.0000000e+00  0.0000000e+00  1.0000000e+00]]
[-0070.82, +0016.61, -1077.99]
1051, 2007, 1300
[[-7.1581220e-02  9.9559746e-01 -5.7470400e-02 -5.1400000e+00]
 [ 3.3272460e-02  6.0144220e-02  9.9747720e-01  1.3745000e+02]
 [ 9.9669960e-01  6.9667200e-02 -3.7268000e-02 -1.1676100e+03]
 [ 0.0000000e+00  0.0000000e+00  0.0000000e+00  1.0000000e+00]]
[-0106.59, -0026.52, -1112.19]
1098, 1238, 1272
[[-7.0932680e-02  9.9553746e-01 -5.6773740e-02 -5.1200000e+00]
 [ 3.3409860e-02  5.9573080e-02  9.9737838e-01  1.3736000e+02]
 [ 9.9659514e-01  6.9173820e-02 -3.7190600e-02 -1.1675800e+03]
 [ 0.0000000e+00  0.0000000e+00  0.0000000e+00  1.0000000e+00]]
[-0131.17, +0039.62, -1067.46]
2091, 1464, 2222
[[-7.4059680e-02  9.9529168e-01 -5.9338720e-02 -5.5000000e+00]
 [ 3.5322080e-02  6.2271920e-02  9.9726392e-01  1.3754000e+02]
 [ 9.9643312e-01  7.1954480e-02 -3.9591760e-02 -1.1675900e+03]
 [ 0.0000000e+00  0.0000000e+00  0.0000000e+00  1.0000000e+00]]
[-0135.37, +0099.24, -1116.21]
1721, 1963, 1510
[[-7.1402760e-02  9.9548814e-01 -5.7965020e-02 -5.2000000e+00]
 [ 3.3355820e-02  6.0729240e-02  9.9735726e-01  1.3748000e+02]
 [ 9.9661626e-01  6.9551980e-02 -3.7293960e-02 -1.1676200e+03]
 [ 0.0000000e+00  0.0000000e+00  0.0000000e+00  1.0000000e+00]]
[-0088.41, +0022.62, -1089.19]
1639, 1605, 2127
[[-7.2070900e-02  9.9547526e-01 -5.8125580e-02 -5.2700000e+00]
 [ 3.4129820e-02  6.0926540e-02  9.9735826e-01  1.3746000e+02]
 [ 9.9658654e-01  7.0123820e-02 -3.8159400e-02 -1.1676000e+03]
 [ 0.0000000e+00  0.0000000e+00  0.0000000e+00  1.0000000e+00]]
[-0159.10, +0063.17, -1105.96]
1903, 1722, 2158
[[-7.2682000e-02  9.9543104e-01 -5.8535720e-02 -5.3100000e+00]
 [ 3.3498400e-02  6.1292700e-02  9.9737860e-01  1.3750000e+02]
 [ 9.9658780e-01  7.0733720e-02 -3.7615060e-02 -1.1676300e+03]
 [ 0.0000000e+00  0.0000000e+00  0.0000000e+00  1.0000000e+00]]
[-0139.90, +0073.08, -1102.53]
2036, 1966, 1957
[[-7.3153600e-02  9.9542872e-01 -5.8692160e-02 -5.3100000e+00]
 [ 3.4477840e-02  6.1497200e-02  9.9736892e-01  1.3754000e+02]
 [ 9.9656128e-01  7.1099560e-02 -3.8671440e-02 -1.1675800e+03]
 [ 0.0000000e+00  0.0000000e+00  0.0000000e+00  1.0000000e+00]]
[-0104.85, +0057.95, -1093.94]
978, 2032, 1804
[[-7.1365000e-02  9.9569030e-01 -5.7795900e-02 -5.1200000e+00]
 [ 3.2773100e-02  6.0334520e-02  9.9756642e-01  1.3744000e+02]
 [ 9.9682770e-01  6.9380580e-02 -3.6861480e-02 -1.1676400e+03]
 [ 0.0000000e+00  0.0000000e+00  0.0000000e+00  1.0000000e+00]]
[-0148.86, -0017.72, -1130.04]
1026, 2001, 1980
[[-7.2249120e-02  9.9544780e-01 -5.8350280e-02 -5.2300000e+00]
 [ 3.3317800e-02  6.1102560e-02  9.9737380e-01  1.3746000e+02]
 [ 9.9659972e-01  7.0343800e-02 -3.7372320e-02 -1.1676300e+03]
 [ 0.0000000e+00  0.0000000e+00  0.0000000e+00  1.0000000e+00]]
[-0160.34, -0006.12, -1132.20]
1505, 1327, 1556
[[-7.1186500e-02  9.9562816e-01 -5.7256620e-02 -5.1600000e+00]
 [ 3.3890480e-02  5.9967800e-02  9.9745824e-01  1.3740000e+02]
 [ 9.9669714e-01  6.9253680e-02 -3.7839140e-02 -1.1675800e+03]
 [ 0.0000000e+00  0.0000000e+00  0.0000000e+00  1.0000000e+00]]
[-0123.12, +0072.26, -1077.61]
1049, 2035, 1472
[[-7.1383840e-02  9.9559864e-01 -5.7673680e-02 -5.1200000e+00]
 [ 3.3271280e-02  6.0341600e-02  9.9746424e-01  1.3745000e+02]
 [ 9.9671256e-01  6.9463920e-02 -3.7268000e-02 -1.1676200e+03]
 [ 0.0000000e+00  0.0000000e+00  0.0000000e+00  1.0000000e+00]]
[-0119.77, -0024.56, -1115.38]
834, 1686, 1413
[[-7.0463400e-02  9.9574650e-01 -5.6625300e-02 -5.0200000e+00]
 [ 3.2439060e-02  5.9178200e-02  9.9758042e-01  1.3734000e+02]
 [ 9.9682758e-01  6.8614100e-02 -3.6326440e-02 -1.1675900e+03]
 [ 0.0000000e+00  0.0000000e+00  0.0000000e+00  1.0000000e+00]]
[-0143.86, -0016.24, -1104.38]
1687, 1192, 1695
[[-7.2013780e-02  9.9550114e-01 -5.7134060e-02 -5.2000000e+00]
 [ 3.3965740e-02  5.9953880e-02  9.9739138e-01  1.3740000e+02]
 [ 9.9656066e-01  7.0147820e-02 -3.7890900e-02 -1.1675900e+03]
 [ 0.0000000e+00  0.0000000e+00  0.0000000e+00  1.0000000e+00]]
[-0127.20, +0099.06, -1092.41]
1178, 2073, 1854
[[-7.2032740e-02  9.9555958e-01 -5.8262280e-02 -5.2100000e+00]
 [ 3.3232220e-02  6.0912380e-02  9.9746772e-01  1.3747000e+02]
 [ 9.9670908e-01  7.0052520e-02 -3.7346120e-02 -1.1676000e+03]
 [ 0.0000000e+00  0.0000000e+00  0.0000000e+00  1.0000000e+00]]
[-0144.51, -0009.99, -1120.38]
1994, 883, 1831
[[-7.2249120e-02  9.9538720e-01 -5.7414560e-02 -5.2800000e+00]
 [ 3.4244000e-02  6.0341600e-02  9.9728800e-01  1.3741000e+02]
 [ 9.9645344e-01  7.0429600e-02 -3.8133280e-02 -1.1675900e+03]
 [ 0.0000000e+00  0.0000000e+00  0.0000000e+00  1.0000000e+00]]
[-0122.23, +0132.19, -1134.09]
1473, 1383, 1520
[[-7.1581220e-02  9.9560688e-01 -5.7263580e-02 -5.1600000e+00]
 [ 3.3479280e-02  5.9953880e-02  9.9747952e-01  1.3740000e+02]
 [ 9.9669018e-01  6.9664880e-02 -3.7458340e-02 -1.1675900e+03]
 [ 0.0000000e+00  0.0000000e+00  0.0000000e+00  1.0000000e+00]]
[-0122.32, +0060.87, -1075.61]
784, 1410, 1644
[[-7.0716580e-02  9.9573834e-01 -5.7000380e-02 -5.0700000e+00]
 [ 3.3018540e-02  5.9573080e-02  9.9756534e-01  1.3735000e+02]
 [ 9.9682178e-01  6.8789460e-02 -3.6974500e-02 -1.1676000e+03]
 [ 0.0000000e+00  0.0000000e+00  0.0000000e+00  1.0000000e+00]]
[-0176.47, +0008.12, -1109.57]
1006, 950, 1965
[[-7.2013780e-02  9.9560930e-01 -5.7035360e-02 -5.1600000e+00]
 [ 3.4073900e-02  5.9763500e-02  9.9748880e-01  1.3734000e+02]
 [ 9.9665936e-01  7.0050400e-02 -3.8081280e-02 -1.1675900e+03]
 [ 0.0000000e+00  0.0000000e+00  0.0000000e+00  1.0000000e+00]]
[-0193.95, +0073.20, -1130.56]
1346, 771, 1740
[[-7.1525060e-02  9.9561378e-01 -5.6685600e-02 -5.1300000e+00]
 [ 3.2901300e-02  5.9361500e-02  9.9750760e-01  1.3732000e+02]
 [ 9.9668328e-01  6.9692960e-02 -3.6809800e-02 -1.1676200e+03]
 [ 0.0000000e+00  0.0000000e+00  0.0000000e+00  1.0000000e+00]]
[-0162.35, +0112.45, -1114.90]
1805, 1190, 1191
[[-7.2389860e-02  9.9559008e-01 -5.6849860e-02 -5.1500000e+00]
 [ 3.3470160e-02  5.9551840e-02  9.9751968e-01  1.3739000e+02]
 [ 9.9665002e-01  7.0470960e-02 -3.7484260e-02 -1.1676000e+03]
 [ 0.0000000e+00  0.0000000e+00  0.0000000e+00  1.0000000e+00]]
[-0070.98, +0097.00, -1089.95]
1534, 2137, 2163
[[-7.2325920e-02  9.9534920e-01 -5.8805440e-02 -5.2900000e+00]
 [ 3.4393600e-02  6.1701500e-02  9.9724270e-01  1.3753000e+02]
 [ 9.9649144e-01  7.0398100e-02 -3.8428420e-02 -1.1675900e+03]
 [ 0.0000000e+00  0.0000000e+00  0.0000000e+00  1.0000000e+00]]
[-0146.96, +0014.87, -1113.68]
1430, 2089, 1204
[[-7.0970280e-02  9.9561272e-01 -5.7680760e-02 -5.1200000e+00]
 [ 3.3283080e-02  6.0348600e-02  9.9745016e-01  1.3744000e+02]
 [ 9.9672664e-01  6.9064440e-02 -3.7242120e-02 -1.1676100e+03]
 [ 0.0000000e+00  0.0000000e+00  0.0000000e+00  1.0000000e+00]]
[-0074.53, -0004.99, -1104.67]
803, 1764, 892
[[-7.0660900e-02  9.9576374e-01 -5.6008620e-02 -4.9700000e+00]
 [ 3.2853740e-02  5.8599740e-02  9.9759774e-01  1.3731000e+02]
 [ 9.9679638e-01  6.8812740e-02 -3.6707400e-02 -1.1675900e+03]
 [ 0.0000000e+00  0.0000000e+00  0.0000000e+00  1.0000000e+00]]
[-0094.30, -0032.22, -1106.07]
1338, 1278, 951
[[-7.1525060e-02  9.9563238e-01 -5.6271960e-02 -5.0600000e+00]
 [ 3.3314940e-02  5.8980700e-02  9.9751212e-01  1.3733000e+02]
 [ 9.9666468e-01  6.9688440e-02 -3.7190600e-02 -1.1675700e+03]
 [ 0.0000000e+00  0.0000000e+00  0.0000000e+00  1.0000000e+00]]
[-0075.15, +0049.32, -1068.47]
978, 841, 1899
[[-7.1327560e-02  9.9553494e-01 -5.6367180e-02 -5.1200000e+00]
 [ 3.3412380e-02  5.9178200e-02  9.9740406e-01  1.3730000e+02]
 [ 9.9656946e-01  6.9580380e-02 -3.7190600e-02 -1.1675900e+03]
 [ 0.0000000e+00  0.0000000e+00  0.0000000e+00  1.0000000e+00]]
[-0194.65, +0080.14, -1130.55]
1476, 1832, 1093
[[-7.1759880e-02  9.9559856e-01 -5.7074480e-02 -5.1000000e+00]
 [ 3.3081040e-02  5.9749340e-02  9.9749954e-01  1.3741000e+02]
 [ 9.9668432e-01  6.9879860e-02 -3.7051780e-02 -1.1676000e+03]
 [ 0.0000000e+00  0.0000000e+00  0.0000000e+00  1.0000000e+00]]
[-0064.75, +0013.69, -1090.72]
1759, 1909, 1804
[[-7.2249120e-02  9.9545732e-01 -5.8143400e-02 -5.2300000e+00]
 [ 3.3524680e-02  6.0912380e-02  9.9737620e-01  1.3749000e+02]
 [ 9.9659020e-01  7.0341400e-02 -3.7562500e-02 -1.1676100e+03]
 [ 0.0000000e+00  0.0000000e+00  0.0000000e+00  1.0000000e+00]]
[-0112.43, +0041.54, -1088.37]
1826, 1471, 1135
[[-7.1581220e-02  9.9559746e-01 -5.7470400e-02 -5.1500000e+00]
 [ 3.3272460e-02  6.0144220e-02  9.9747720e-01  1.3742000e+02]
 [ 9.9669960e-01  6.9667200e-02 -3.7268000e-02 -1.1676000e+03]
 [ 0.0000000e+00  0.0000000e+00  0.0000000e+00  1.0000000e+00]]
[-0056.38, +0072.80, -1090.69]
1385, 1566, 986
[[-7.1130100e-02  9.9562560e-01 -5.6885300e-02 -5.0900000e+00]
 [ 3.3105600e-02  5.9566080e-02  9.9748416e-01  1.3739000e+02]
 [ 9.9669970e-01  6.9284160e-02 -3.7000180e-02 -1.1676100e+03]
 [ 0.0000000e+00  0.0000000e+00  0.0000000e+00  1.0000000e+00]]
[-0068.18, +0026.14, -1078.36]
1050, 2173, 1870
[[-7.2249120e-02  9.9543828e-01 -5.8557160e-02 -5.2000000e+00]
 [ 3.3110920e-02  6.1292700e-02  9.9737136e-01  1.3751000e+02]
 [ 9.9660924e-01  7.0346240e-02 -3.7182180e-02 -1.1676200e+03]
 [ 0.0000000e+00  0.0000000e+00  0.0000000e+00  1.0000000e+00]]
[-0143.75, -0017.75, -1133.79]
1922, 935, 1189
[[-7.0519200e-02  9.9565016e-01 -5.6888880e-02 -5.1400000e+00]
 [ 3.3322800e-02  5.9580000e-02  9.9745960e-01  1.3737000e+02]
 [ 9.9671720e-01  6.8679120e-02 -3.7164960e-02 -1.1676000e+03]
 [ 0.0000000e+00  0.0000000e+00  0.0000000e+00  1.0000000e+00]]
[-0072.25, +0124.52, -1111.70]
1077, 1259, 1119
[[-7.0697940e-02  9.9574996e-01 -5.6600880e-02 -5.0700000e+00]
 [ 3.3032520e-02  5.9185200e-02  9.9757696e-01  1.3734000e+02]
 [ 9.9681016e-01  6.8796480e-02 -3.6948900e-02 -1.1675800e+03]
 [ 0.0000000e+00  0.0000000e+00  0.0000000e+00  1.0000000e+00]]
[-0114.93, +0031.59, -1064.03]
2028, 1485, 1626
[[-7.2268200e-02  9.9547406e-01 -5.7922220e-02 -5.2600000e+00]
 [ 3.4131020e-02  6.0729240e-02  9.9737134e-01  1.3748000e+02]
 [ 9.9657346e-01  7.0327180e-02 -3.8159400e-02 -1.1675900e+03]
 [ 0.0000000e+00  0.0000000e+00  0.0000000e+00  1.0000000e+00]]
[-0089.79, +0093.57, -1095.31]
1403, 1910, 1499
[[-7.1816400e-02  9.9559160e-01 -5.7652400e-02 -5.1500000e+00]
 [ 3.3658960e-02  6.0341600e-02  9.9747128e-01  1.3745000e+02]
 [ 9.9669128e-01  6.9851600e-02 -3.7700560e-02 -1.1676000e+03]
 [ 0.0000000e+00  0.0000000e+00  0.0000000e+00  1.0000000e+00]]
[-0106.07, +0006.75, -1089.19]
1234, 1439, 1494
[[-7.0951440e-02  9.9563388e-01 -5.7074520e-02 -5.1300000e+00]
 [ 3.3503880e-02  5.9770460e-02  9.9746422e-01  1.3739000e+02]
 [ 9.9670548e-01  6.9069220e-02 -3.7406740e-02 -1.1676000e+03]
 [ 0.0000000e+00  0.0000000e+00  0.0000000e+00  1.0000000e+00]]
[-0135.04, +0036.06, -1076.42]
1917, 1689, 1191
[[-7.1816400e-02  9.9549292e-01 -5.7544240e-02 -5.1800000e+00]
 [ 3.3757640e-02  6.0341600e-02  9.9737612e-01  1.3746000e+02]
 [ 9.9658312e-01  6.9946760e-02 -3.7700560e-02 -1.1675800e+03]
 [ 0.0000000e+00  0.0000000e+00  0.0000000e+00  1.0000000e+00]]
[-0051.16, +0059.99, -1096.60]
1452, 976, 813
[[-7.0463400e-02  9.9576498e-01 -5.6211860e-02 -5.0500000e+00]
 [ 3.2852500e-02  5.8797240e-02  9.9758502e-01  1.3730000e+02]
 [ 9.9680910e-01  6.8609500e-02 -3.6707400e-02 -1.1676200e+03]
 [ 0.0000000e+00  0.0000000e+00  0.0000000e+00  1.0000000e+00]]
[-0062.04, +0086.13, -1075.64]
1759, 1162, 1958
[[-7.2682000e-02  9.9546928e-01 -5.7708040e-02 -5.2600000e+00]
 [ 3.4326080e-02  6.0531900e-02  9.9738796e-01  1.3743000e+02]
 [ 9.9654956e-01  7.0724360e-02 -3.8375860e-02 -1.1676000e+03]
 [ 0.0000000e+00  0.0000000e+00  0.0000000e+00  1.0000000e+00]]
[-0144.68, +0106.50, -1112.11]
889, 2068, 1442
[[-7.1148820e-02  9.9561392e-01 -5.7284780e-02 -5.0600000e+00]
 [ 3.3091520e-02  5.9953880e-02  9.9747248e-01  1.3744000e+02]
 [ 9.9671138e-01  6.9277120e-02 -3.7025940e-02 -1.1676100e+03]
 [ 0.0000000e+00  0.0000000e+00  0.0000000e+00  1.0000000e+00]]
[-0122.99, -0034.24, -1129.95]
1929, 1977, 1225
[[-7.1797480e-02  9.9547634e-01 -5.7765300e-02 -5.1800000e+00]
 [ 3.3151340e-02  6.0524780e-02  9.9738090e-01  1.3747000e+02]
 [ 9.9659970e-01  6.9960900e-02 -3.7103700e-02 -1.1676100e+03]
 [ 0.0000000e+00  0.0000000e+00  0.0000000e+00  1.0000000e+00]]
[-0049.77, +0037.98, -1103.62]
1802, 1986, 1547
[[-7.2032740e-02  9.9547990e-01 -5.7740380e-02 -5.1800000e+00]
 [ 3.3744620e-02  6.0531900e-02  9.9737734e-01  1.3746000e+02]
 [ 9.9658190e-01  7.0142900e-02 -3.7726600e-02 -1.1675900e+03]
 [ 0.0000000e+00  0.0000000e+00  0.0000000e+00  1.0000000e+00]]
[-0085.56, +0031.88, -1089.96]
825, 1082, 1572
[[-6.9636680e-02  9.9578346e-01 -5.6432460e-02 -5.0300000e+00]
 [ 3.2668860e-02  5.9001580e-02  9.9755502e-01  1.3729000e+02]
 [ 9.9684606e-01  6.7812780e-02 -3.6466100e-02 -1.1676000e+03]
 [ 0.0000000e+00  0.0000000e+00  0.0000000e+00  1.0000000e+00]]
[-0182.74, +0038.42, -1096.84]
2127, 1028, 808
[[-7.1346240e-02  9.9563144e-01 -5.6667920e-02 -5.1300000e+00]
 [ 3.3506320e-02  5.9375660e-02  9.9748994e-01  1.3736000e+02]
 [ 9.9667976e-01  6.9475820e-02 -3.7406740e-02 -1.1675800e+03]
 [ 0.0000000e+00  0.0000000e+00  0.0000000e+00  1.0000000e+00]]
[-0033.69, +0108.90, -1137.19]
2223, 847, 1854
[[-7.5894420e-02  9.9514442e-01 -5.8597220e-02 -5.7100000e+00]
 [ 3.5388580e-02  6.1658060e-02  9.9725378e-01  1.3749000e+02]
 [ 9.9623978e-01  7.3858220e-02 -3.9672520e-02 -1.1676000e+03]
 [ 0.0000000e+00  0.0000000e+00  0.0000000e+00  1.0000000e+00]]
[-0112.28, +0133.30, -1142.89]
2199, 1870, 1200
[[-7.1205460e-02  9.9549876e-01 -5.7961520e-02 -5.2400000e+00]
 [ 3.3561480e-02  6.0736240e-02  9.9734664e-01  1.3748000e+02]
 [ 9.9661976e-01  6.9346320e-02 -3.7484260e-02 -1.1676100e+03]
 [ 0.0000000e+00  0.0000000e+00  0.0000000e+00  1.0000000e+00]]
[-0043.00, +0058.15, -1112.67]
843, 1816, 2156
[[-7.0716580e-02  9.9569164e-01 -5.8034080e-02 -5.2000000e+00]
 [ 3.1984840e-02  6.0524780e-02  9.9755324e-01  1.3739000e+02]
 [ 9.9686848e-01  6.8801560e-02 -3.6022800e-02 -1.1676800e+03]
 [ 0.0000000e+00  0.0000000e+00  0.0000000e+00  1.0000000e+00]]
[-0179.18, +0005.19, -1149.84]
1442, 1829, 2205
[[-7.1619060e-02  9.9558328e-01 -5.8062540e-02 -5.2900000e+00]
 [ 3.3450960e-02  6.0729240e-02  9.9745592e-01  1.3743000e+02]
 [ 9.9671378e-01  6.9650640e-02 -3.7510260e-02 -1.1676100e+03]
 [ 0.0000000e+00  0.0000000e+00  0.0000000e+00  1.0000000e+00]]
[-0164.39, +0037.12, -1114.31]
1014, 1261, 2040
[[-7.0068520e-02  9.9565008e-01 -5.6923720e-02 -5.1500000e+00]
 [ 3.2535480e-02  5.9573080e-02  9.9745968e-01  1.3730000e+02]
 [ 9.9674512e-01  6.8302920e-02 -3.6326440e-02 -1.1676400e+03]
 [ 0.0000000e+00  0.0000000e+00  0.0000000e+00  1.0000000e+00]]
[-0189.27, +0048.67, -1125.10]
1728, 841, 2173
[[-7.2879380e-02  9.9556668e-01 -5.7612900e-02 -5.4200000e+00]
 [ 3.4228680e-02  6.0334520e-02  9.9749620e-01  1.3738000e+02]
 [ 9.9664470e-01  7.0832600e-02 -3.8375860e-02 -1.1676200e+03]
 [ 0.0000000e+00  0.0000000e+00  0.0000000e+00  1.0000000e+00]]
[-0158.40, +0117.78, -1147.10]
1081, 1773, 1808
[[-7.0519200e-02  9.9573948e-01 -5.7203640e-02 -5.1600000e+00]
 [ 3.3017400e-02  5.9770460e-02  9.9755252e-01  1.3737000e+02]
 [ 9.9683460e-01  6.8586200e-02 -3.6974500e-02 -1.1676200e+03]
 [ 0.0000000e+00  0.0000000e+00  0.0000000e+00  1.0000000e+00]]
[-0157.72, +0004.54, -1108.78]
1479, 1141, 1722
[[-7.1290440e-02  9.9561044e-01 -5.6710280e-02 -5.1900000e+00]
 [ 3.2307880e-02  5.9354300e-02  9.9751094e-01  1.3734000e+02]
 [ 9.9670076e-01  6.9510620e-02 -3.6187300e-02 -1.1676600e+03]
 [ 0.0000000e+00  0.0000000e+00  0.0000000e+00  1.0000000e+00]]
[-0144.82, +0089.60, -1091.03]
1929, 1459, 867
[[-7.1074420e-02  9.9560484e-01 -5.6927540e-02 -5.1600000e+00]
 [ 3.1907160e-02  5.9544600e-02  9.9750492e-01  1.3738000e+02]
 [ 9.9672046e-01  6.9319080e-02 -3.5780980e-02 -1.1676700e+03]
 [ 0.0000000e+00  0.0000000e+00  0.0000000e+00  1.0000000e+00]]
[-0029.72, +0071.83, -1112.21]
1464, 940, 2166
[[-7.0537960e-02  9.9564788e-01 -5.7081640e-02 -5.2400000e+00]
 [ 3.3515560e-02  5.9777340e-02  9.9745022e-01  1.3732000e+02]
 [ 9.9671948e-01  6.8669740e-02 -3.7381060e-02 -1.1676000e+03]
 [ 0.0000000e+00  0.0000000e+00  0.0000000e+00  1.0000000e+00]]
[-0175.35, +0102.11, -1141.51]
1381, 2125, 1933
[[-7.1383840e-02  9.9559864e-01 -5.7673680e-02 -5.2100000e+00]
 [ 3.3271280e-02  6.0341600e-02  9.9746424e-01  1.3744000e+02]
 [ 9.9671256e-01  6.9463920e-02 -3.7268000e-02 -1.1676000e+03]
 [ 0.0000000e+00  0.0000000e+00  0.0000000e+00  1.0000000e+00]]
[-0136.33, -0000.16, -1111.37]
825, 1996, 951
[[-7.0624180e-02  9.9576822e-01 -5.5623100e-02 -4.9800000e+00]
 [ 3.2468220e-02  5.8204620e-02  9.9761610e-01  1.3729000e+02]
 [ 9.9679190e-01  6.8831100e-02 -3.6275560e-02 -1.1676300e+03]
 [ 0.0000000e+00  0.0000000e+00  0.0000000e+00  1.0000000e+00]]
[-0091.92, -0037.92, -1126.32]
2011, 1129, 1006
[[-7.1308960e-02  9.9563592e-01 -5.6282560e-02 -5.1600000e+00]
 [ 3.3120960e-02  5.8980700e-02  9.9750858e-01  1.3734000e+02]
 [ 9.9667528e-01  6.9494460e-02 -3.6974500e-02 -1.1676200e+03]
 [ 0.0000000e+00  0.0000000e+00  0.0000000e+00  1.0000000e+00]]
[-0046.44, +0106.39, -1114.90]
2196, 1800, 767
[[-7.2371140e-02  9.9552696e-01 -5.8105580e-02 -5.1800000e+00]
 [ 3.1829280e-02  6.0685560e-02  9.9751224e-01  1.3758000e+02]
 [ 9.9671314e-01  7.0497120e-02 -3.5936740e-02 -1.1676700e+03]
 [ 0.0000000e+00  0.0000000e+00  0.0000000e+00  1.0000000e+00]]
[-0023.69, +0056.12, -1135.41]
1477, 1231, 1981
[[-7.0951440e-02  9.9573256e-01 -5.7182600e-02 -5.2100000e+00]
 [ 3.3405200e-02  5.9770460e-02  9.9755944e-01  1.3736000e+02]
 [ 9.9681356e-01  6.8974000e-02 -3.7406740e-02 -1.1676100e+03]
 [ 0.0000000e+00  0.0000000e+00  0.0000000e+00  1.0000000e+00]]
[-0166.15, +0081.92, -1108.35]
1324, 987, 1643
[[-7.0444960e-02  9.9574884e-01 -5.6432520e-02 -5.1300000e+00]
 [ 3.2246280e-02  5.8980700e-02  9.9758964e-01  1.3730000e+02]
 [ 9.9682524e-01  6.8623320e-02 -3.6110500e-02 -1.1676400e+03]
 [ 0.0000000e+00  0.0000000e+00  0.0000000e+00  1.0000000e+00]]
[-0155.37, +0090.20, -1091.22]
1474, 1037, 1108
[[-7.024746e-02  9.956605e-01 -5.632104e-02 -5.110000e+00]
 [ 3.255054e-02  5.898774e-02  9.974840e-01  1.373100e+02]
 [ 9.967208e-01  6.851304e-02 -3.630096e-02 -1.167630e+03]
 [ 0.000000e+00  0.000000e+00  0.000000e+00  1.000000e+00]]
[-0089.87, +0088.01, -1072.62]
1895, 855, 874
[[-7.0642500e-02  9.9564884e-01 -5.6121380e-02 -5.1300000e+00]
 [ 3.2346280e-02  5.8783160e-02  9.9750716e-01  1.3730000e+02]
 [ 9.9670454e-01  6.8921720e-02 -3.6110500e-02 -1.1676500e+03]
 [ 0.0000000e+00  0.0000000e+00  0.0000000e+00  1.0000000e+00]]
[-0048.97, +0121.32, -1118.99]
2024, 1323, 1334
[[-7.1327560e-02  9.9550698e-01 -5.6987580e-02 -5.2200000e+00]
 [ 3.2791980e-02  5.9749340e-02  9.9739722e-01  1.3740000e+02]
 [ 9.9659742e-01  6.9587220e-02 -3.6619460e-02 -1.1676100e+03]
 [ 0.0000000e+00  0.0000000e+00  0.0000000e+00  1.0000000e+00]]
[-0068.24, +0100.28, -1100.89]
2127, 845, 1341
[[-7.1148820e-02  9.9553398e-01 -5.6763140e-02 -5.2500000e+00]
 [ 3.3603780e-02  5.9573080e-02  9.9738186e-01  1.3736000e+02]
 [ 9.9658454e-01  6.9367740e-02 -3.7406740e-02 -1.1676000e+03]
 [ 0.0000000e+00  0.0000000e+00  0.0000000e+00  1.0000000e+00]]
[-0079.22, +0134.52, -1134.44]
838, 1265, 1908
[[-7.0247460e-02  9.9575002e-01 -5.6635700e-02 -5.1000000e+00]
 [ 3.2245100e-02  5.9178200e-02  9.9757690e-01  1.3730000e+02]
 [ 9.9683798e-01  6.8420140e-02 -3.6110500e-02 -1.1676400e+03]
 [ 0.0000000e+00  0.0000000e+00  0.0000000e+00  1.0000000e+00]]
[-0193.81, +0032.11, -1127.90]
1087, 1017, 1916
[[-7.0500520e-02  9.9576046e-01 -5.6597420e-02 -5.1700000e+00]
 [ 3.3238060e-02  5.9192120e-02  9.9756646e-01  1.3731000e+02]
 [ 9.9681362e-01  6.8590940e-02 -3.7139400e-02 -1.1676100e+03]
 [ 0.0000000e+00  0.0000000e+00  0.0000000e+00  1.0000000e+00]]
[-0187.81, +0072.98, -1119.31]
834, 1685, 1200
[[-6.9365860e-02  9.9567688e-01 -5.6169540e-02 -5.0200000e+00]
 [ 3.1581760e-02  5.8790240e-02  9.9747912e-01  1.3731000e+02]
 [ 9.9675978e-01  6.7746240e-02 -3.5221860e-02 -1.1676600e+03]
 [ 0.0000000e+00  0.0000000e+00  0.0000000e+00  1.0000000e+00]]
[-0125.05, -0022.59, -1098.11]
1733, 1845, 1978
[[-7.1421760e-02  9.9560344e-01 -5.7852240e-02 -5.2700000e+00]
 [ 3.3863440e-02  6.0545900e-02  9.9744762e-01  1.3745000e+02]
 [ 9.9670776e-01  6.9442620e-02 -3.7890900e-02 -1.1676000e+03]
 [ 0.0000000e+00  0.0000000e+00  0.0000000e+00  1.0000000e+00]]
[-0132.07, +0050.21, -1093.15]
1120, 1702, 1367
[[-7.0247460e-02  9.9575002e-01 -5.6635700e-02 -5.0900000e+00]
 [ 3.2245100e-02  5.9178200e-02  9.9757690e-01  1.3733000e+02]
 [ 9.9683798e-01  6.8420140e-02 -3.6110500e-02 -1.1676200e+03]
 [ 0.0000000e+00  0.0000000e+00  0.0000000e+00  1.0000000e+00]]
[-0121.32, +0001.94, -1085.40]
2199, 1538, 1360
[[-7.2211200e-02  9.9558912e-01 -5.7245760e-02 -5.2500000e+00]
 [ 3.3661440e-02  5.9946800e-02  9.9749728e-01  1.3742000e+02]
 [ 9.9666528e-01  7.0258240e-02 -3.7700560e-02 -1.1675900e+03]
 [ 0.0000000e+00  0.0000000e+00  0.0000000e+00  1.0000000e+00]]
[-0058.86, +0090.92, -1107.76]
1173, 1141, 781
[[-6.9976720e-02  9.9568912e-01 -5.5339680e-02 -5.0100000e+00]
 [ 3.2191520e-02  5.8014080e-02  9.9751248e-01  1.3725000e+02]
 [ 9.9670608e-01  6.8341920e-02 -3.5818640e-02 -1.1676400e+03]
 [ 0.0000000e+00  0.0000000e+00  0.0000000e+00  1.0000000e+00]]
[-0072.73, +0043.86, -1062.89]
1273, 1816, 1365
[[-7.1111460e-02  9.9561860e-01 -5.6899380e-02 -5.1300000e+00]
 [ 3.2706120e-02  5.9559000e-02  9.9749116e-01  1.3737000e+02]
 [ 9.9670670e-01  6.9295800e-02 -3.6593700e-02 -1.1676200e+03]
 [ 0.0000000e+00  0.0000000e+00  0.0000000e+00  1.0000000e+00]]
[-0105.95, +0003.97, -1085.98]
2093, 1563, 1363
[[-7.1525060e-02  9.9558588e-01 -5.7306060e-02 -5.2400000e+00]
 [ 3.2280840e-02  5.9932400e-02  9.9750052e-01  1.3741000e+02]
 [ 9.9671118e-01  6.9700040e-02 -3.6238900e-02 -1.1676400e+03]
 [ 0.0000000e+00  0.0000000e+00  0.0000000e+00  1.0000000e+00]]
[-0060.95, +0085.62, -1101.35]
1098, 1032, 1046
[[-6.9797380e-02  9.9568812e-01 -5.5735660e-02 -5.0400000e+00]
 [ 3.2383080e-02  5.8409200e-02  9.9749076e-01  1.3725000e+02]
 [ 9.9672094e-01  6.8129640e-02 -3.6034420e-02 -1.1676300e+03]
 [ 0.0000000e+00  0.0000000e+00  0.0000000e+00  1.0000000e+00]]
[-0113.26, +0056.99, -1059.06]
830, 1965, 909
[[-7.0210740e-02  9.9576388e-01 -5.6043400e-02 -4.9900000e+00]
 [ 3.2066200e-02  5.8592700e-02  9.9759760e-01  1.3733000e+02]
 [ 9.9682412e-01  6.8436160e-02 -3.5869200e-02 -1.1676300e+03]
 [ 0.0000000e+00  0.0000000e+00  0.0000000e+00  1.0000000e+00]]
[-0087.90, -0040.76, -1126.54]
916, 1914, 2156
[[-7.1479240e-02  9.9545934e-01 -5.9149260e-02 -5.3500000e+00]
 [ 3.3712860e-02  6.1898680e-02  9.9731418e-01  1.3749000e+02]
 [ 9.9664506e-01  6.9518580e-02 -3.7778920e-02 -1.1676300e+03]
 [ 0.0000000e+00  0.0000000e+00  0.0000000e+00  1.0000000e+00]]
[-0173.51, +0002.14, -1146.05]
753, 1931, 849
[[-6.8952660e-02  9.9591538e-01 -5.5772200e-02 -4.9600000e+00]
 [ 3.2015500e-02  5.8225500e-02  9.9766300e-01  1.3730000e+02]
 [ 9.9696188e-01  6.7149160e-02 -3.5768400e-02 -1.1676300e+03]
 [ 0.0000000e+00  0.0000000e+00  0.0000000e+00  1.0000000e+00]]
[-0088.28, -0041.91, -1127.18]
865, 1309, 1424
[[-7.1056020e-02  9.9574278e-01 -5.6015700e-02 -5.0700000e+00]
 [ 3.2442780e-02  5.8585580e-02  9.9761870e-01  1.3728000e+02]
 [ 9.9678930e-01  6.9223700e-02 -3.6326440e-02 -1.1676400e+03]
 [ 0.0000000e+00  0.0000000e+00  0.0000000e+00  1.0000000e+00]]
[-0159.40, +0017.22, -1085.18]
1435, 2012, 1255
[[-7.1346240e-02  9.9563144e-01 -5.6667920e-02 -5.1200000e+00]
 [ 3.3506320e-02  5.9375660e-02  9.9748994e-01  1.3739000e+02]
 [ 9.9667976e-01  6.9475820e-02 -3.7406740e-02 -1.1675700e+03]
 [ 0.0000000e+00  0.0000000e+00  0.0000000e+00  1.0000000e+00]]
[-0077.79, -0000.84, -1098.21]
1192, 1407, 2237
[[-7.1130100e-02  9.9561626e-01 -5.7092080e-02 -5.2100000e+00]
 [ 3.2898820e-02  5.9756460e-02  9.9748184e-01  1.3735000e+02]
 [ 9.9670904e-01  6.9286480e-02 -3.6809800e-02 -1.1676300e+03]
 [ 0.0000000e+00  0.0000000e+00  0.0000000e+00  1.0000000e+00]]
[-0186.79, +0052.14, -1133.43]
870, 1401, 1282
[[-6.9958600e-02  9.9587092e-01 -5.5775960e-02 -5.0000000e+00]
 [ 3.1387720e-02  5.8197500e-02  9.9770746e-01  1.3725000e+02]
 [ 9.9693764e-01  6.8165060e-02 -3.5221860e-02 -1.1676600e+03]
 [ 0.0000000e+00  0.0000000e+00  0.0000000e+00  1.0000000e+00]]
[-0142.49, +0004.14, -1081.24]
2164, 1821, 888
[[-7.1976100e-02  9.9556684e-01 -5.7684420e-02 -5.1800000e+00]
 [ 3.2654360e-02  6.0320120e-02  9.9749604e-01  1.3750000e+02]
 [ 9.9670182e-01  7.0080840e-02 -3.6697220e-02 -1.1676100e+03]
 [ 0.0000000e+00  0.0000000e+00  0.0000000e+00  1.0000000e+00]]
[-0028.00, +0056.25, -1127.96]
1120, 979, 877
[[-6.9742900e-02  9.9589254e-01 -5.5372880e-02 -5.0000000e+00]
 [ 3.1606980e-02  5.7816460e-02  9.9770856e-01  1.3722000e+02]
 [ 9.9692984e-01  6.7966320e-02 -3.5387200e-02 -1.1676600e+03]
 [ 0.0000000e+00  0.0000000e+00  0.0000000e+00  1.0000000e+00]]
[-0094.26, +0061.54, -1057.20]
1588, 1788, 1914
[[-7.1994900e-02  9.9557384e-01 -5.7670180e-02 -5.2400000e+00]
 [ 3.3053840e-02  6.0327360e-02  9.9748904e-01  1.3742000e+02]
 [ 9.9669482e-01  7.0069040e-02 -3.7103700e-02 -1.1676100e+03]
 [ 0.0000000e+00  0.0000000e+00  0.0000000e+00  1.0000000e+00]]
[-0137.99, +0042.83, -1092.04]
1077, 1451, 1555
[[-7.0660900e-02  9.9574530e-01 -5.6422100e-02 -5.1000000e+00]
 [ 3.2440260e-02  5.8980700e-02  9.9759318e-01  1.3731000e+02]
 [ 9.9681482e-01  6.8817300e-02 -3.6326440e-02 -1.1676400e+03]
 [ 0.0000000e+00  0.0000000e+00  0.0000000e+00  1.0000000e+00]]
[-0150.76, +0023.61, -1084.79]
911, 854, 1764
[[-6.9797380e-02  9.9567898e-01 -5.5942320e-02 -5.0600000e+00]
 [ 3.2176420e-02  5.8599740e-02  9.9748848e-01  1.3723000e+02]
 [ 9.9673008e-01  6.8131920e-02 -3.5843880e-02 -1.1676400e+03]
 [ 0.0000000e+00  0.0000000e+00  0.0000000e+00  1.0000000e+00]]
[-0194.09, +0072.42, -1118.01]
1688, 1059, 1258
[[-7.0050000e-02  9.9576964e-01 -5.6425520e-02 -5.1100000e+00]
 [ 3.2657320e-02  5.8994700e-02  9.9756884e-01  1.3731000e+02]
 [ 9.9683224e-01  6.8212280e-02 -3.6491460e-02 -1.1676100e+03]
 [ 0.0000000e+00  0.0000000e+00  0.0000000e+00  1.0000000e+00]]
[-0088.73, +0103.33, -1085.66]
1896, 859, 1949
[[-7.134624e-02  9.955140e-01 -5.697344e-02 -5.270000e+00]
 [ 3.319144e-02  5.975646e-02  9.973902e-01  1.373400e+02]
 [ 9.965904e-01  6.957556e-02 -3.702594e-02 -1.167600e+03]
 [ 0.000000e+00  0.000000e+00  0.000000e+00  1.000000e+00]]
[-0137.19, +0128.65, -1137.61]
1189, 2165, 1747
[[-7.0735300e-02  9.9561858e-01 -5.7498560e-02 -5.1500000e+00]
 [ 3.2896500e-02  6.0151260e-02  9.9745608e-01  1.3743000e+02]
 [ 9.9673480e-01  6.8880000e-02 -3.6809800e-02 -1.1676400e+03]
 [ 0.0000000e+00  0.0000000e+00  0.0000000e+00  1.0000000e+00]]
[-0130.01, -0017.15, -1121.00]
2126, 1711, 1146
[[-7.1957380e-02  9.9557860e-01 -5.7284940e-02 -5.2100000e+00]
 [ 3.2668600e-02  5.9932400e-02  9.9750780e-01  1.3743000e+02]
 [ 9.9669006e-01  7.0087800e-02 -3.6671220e-02 -1.1676500e+03]
 [ 0.0000000e+00  0.0000000e+00  0.0000000e+00  1.0000000e+00]]
[-0041.84, +0070.04, -1111.33]
1664, 1303, 1527
[[-7.0697940e-02  9.9563264e-01 -5.6906340e-02 -5.1600000e+00]
 [ 3.2717760e-02  5.9566080e-02  9.9747712e-01  1.3734000e+02]
 [ 9.9672074e-01  6.8896320e-02 -3.6568020e-02 -1.1676300e+03]
 [ 0.0000000e+00  0.0000000e+00  0.0000000e+00  1.0000000e+00]]
[-0114.19, +0083.02, -1081.09]
802, 1293, 973
[[-6.8916420e-02  9.9581218e-01 -5.5485100e-02 -4.9500000e+00]
 [ 3.1521820e-02  5.8021080e-02  9.9758350e-01  1.3722000e+02]
 [ 9.9685850e-01  6.7264900e-02 -3.5146500e-02 -1.1676400e+03]
 [ 0.0000000e+00  0.0000000e+00  0.0000000e+00  1.0000000e+00]]
[-0119.38, -0000.17, -1069.66]
1622, 1182, 1603
[[-7.1308960e-02  9.9571612e-01 -5.6804200e-02 -5.1600000e+00]
 [ 3.2608600e-02  5.9361500e-02  9.9759920e-01  1.3733000e+02]
 [ 9.9680188e-01  6.9403840e-02 -3.6593700e-02 -1.1676200e+03]
 [ 0.0000000e+00  0.0000000e+00  0.0000000e+00  1.0000000e+00]]
[-0124.44, +0094.67, -1086.72]
1056, 1028, 1448
[[-6.9815700e-02  9.9589252e-01 -5.5937660e-02 -5.0500000e+00]
 [ 3.2585080e-02  5.8416120e-02  9.9767444e-01  1.3725000e+02]
 [ 9.9692986e-01  6.7927640e-02 -3.6440820e-02 -1.1676200e+03]
 [ 0.0000000e+00  0.0000000e+00  0.0000000e+00  1.0000000e+00]]
[-0157.60, +0062.26, -1077.19]
1233, 2053, 2016
[[-7.0772980e-02  9.9550572e-01 -5.7982680e-02 -5.2200000e+00]
 [ 3.3173880e-02  6.0736240e-02  9.9733968e-01  1.3743000e+02]
 [ 9.9664092e-01  6.8958720e-02 -3.7051780e-02 -1.1676200e+03]
 [ 0.0000000e+00  0.0000000e+00  0.0000000e+00  1.0000000e+00]]
[-0153.69, +0000.72, -1121.85]
1702, 1059, 1750
[[-7.0932680e-02  9.9563616e-01 -5.6881800e-02 -5.1800000e+00]
 [ 3.3311160e-02  5.9573080e-02  9.9747360e-01  1.3734000e+02]
 [ 9.9670320e-01  6.9078600e-02 -3.7190600e-02 -1.1676100e+03]
 [ 0.0000000e+00  0.0000000e+00  0.0000000e+00  1.0000000e+00]]
[-0133.05, +0111.16, -1103.31]
2080, 873, 1449
[[-7.1704080e-02  9.9548824e-01 -5.6802200e-02 -5.2300000e+00]
 [ 3.2188240e-02  5.9537280e-02  9.9742760e-01  1.3735000e+02]
 [ 9.9658780e-01  7.0007600e-02 -3.6022800e-02 -1.1676700e+03]
 [ 0.0000000e+00  0.0000000e+00  0.0000000e+00  1.0000000e+00]]
[-0088.06, +0134.63, -1130.18]
1598, 1076, 1888
[[-7.1543700e-02  9.9560214e-01 -5.7085080e-02 -5.2100000e+00]
 [ 3.2887140e-02  5.9749340e-02  9.9749596e-01  1.3735000e+02]
 [ 9.9669492e-01  6.9685960e-02 -3.6835600e-02 -1.1676200e+03]
 [ 0.0000000e+00  0.0000000e+00  0.0000000e+00  1.0000000e+00]]
[-0153.88, +0100.82, -1108.66]
1280, 1838, 1143
[[-7.0519200e-02  9.9565952e-01 -5.6682160e-02 -5.1100000e+00]
 [ 3.3529520e-02  5.9389500e-02  9.9746186e-01  1.3737000e+02]
 [ 9.9670784e-01  6.8676860e-02 -3.7355460e-02 -1.1676000e+03]
 [ 0.0000000e+00  0.0000000e+00  0.0000000e+00  1.0000000e+00]]
[-0084.00, -0002.62, -1090.20]
1227, 1438, 890
[[-7.0408320e-02  9.9565472e-01 -5.5939040e-02 -5.0500000e+00]
 [ 3.1959520e-02  5.8585580e-02  9.9751274e-01  1.3730000e+02]
 [ 9.9671264e-01  6.8736860e-02 -3.5678740e-02 -1.1676600e+03]
 [ 0.0000000e+00  0.0000000e+00  0.0000000e+00  1.0000000e+00]]
[-0072.07, +0022.28, -1072.83]
1772, 1034, 1227
[[-7.1290440e-02  9.9561968e-01 -5.6503480e-02 -5.1400000e+00]
 [ 3.2514680e-02  5.9163960e-02  9.9751328e-01  1.3731000e+02]
 [ 9.9669152e-01  6.9508280e-02 -3.6377640e-02 -1.1676400e+03]
 [ 0.0000000e+00  0.0000000e+00  0.0000000e+00  1.0000000e+00]]
[-0081.16, +0109.97, -1092.69]
1035, 2237, 1704
[[-7.0754100e-02  9.9549870e-01 -5.7996700e-02 -5.1500000e+00]
 [ 3.2774420e-02  6.0729240e-02  9.9734670e-01  1.3747000e+02]
 [ 9.9664794e-01  6.8970580e-02 -3.6645300e-02 -1.1676300e+03]
 [ 0.0000000e+00  0.0000000e+00  0.0000000e+00  1.0000000e+00]]
[-0130.77, -0024.90, -1133.95]
1138, 1383, 1317
[[-7.0229060e-02  9.9576156e-01 -5.6236200e-02 -5.0700000e+00]
 [ 3.2259000e-02  5.8790240e-02  9.9758844e-01  1.3730000e+02]
 [ 9.9682644e-01  6.8427000e-02 -3.6085060e-02 -1.1676400e+03]
 [ 0.0000000e+00  0.0000000e+00  0.0000000e+00  1.0000000e+00]]
[-0127.14, +0030.56, -1070.98]
2123, 1479, 1074
[[-7.1759880e-02  9.9560792e-01 -5.6867640e-02 -5.1900000e+00]
 [ 3.3287880e-02  5.9559000e-02  9.9750184e-01  1.3740000e+02]
 [ 9.9667496e-01  6.9877560e-02 -3.7242120e-02 -1.1676000e+03]
 [ 0.0000000e+00  0.0000000e+00  0.0000000e+00  1.0000000e+00]]
[-0039.80, +0085.19, -1114.91]
1847, 1870, 925
[[-7.0303140e-02  9.9575228e-01 -5.7007400e-02 -5.1100000e+00]
 [ 3.3030200e-02  5.9580000e-02  9.9755140e-01  1.3740000e+02]
 [ 9.9683572e-01  6.8389960e-02 -3.6948900e-02 -1.1676000e+03]
 [ 0.0000000e+00  0.0000000e+00  0.0000000e+00  1.0000000e+00]]
[-0036.19, +0031.79, -1112.16]
1810, 1124, 1661
[[-7.0876880e-02  9.9552576e-01 -5.6609160e-02 -5.1600000e+00]
 [ 3.2418240e-02  5.9361500e-02  9.9740168e-01  1.3733000e+02]
 [ 9.9660684e-01  6.9206320e-02 -3.6161620e-02 -1.1676500e+03]
 [ 0.0000000e+00  0.0000000e+00  0.0000000e+00  1.0000000e+00]]
[-0120.39, +0107.87, -1098.46]
1361, 791, 1985
[[-7.0265940e-02  9.9575692e-01 -5.6621800e-02 -5.1700000e+00]
 [ 3.2644600e-02  5.9185200e-02  9.9757000e-01  1.3727000e+02]
 [ 9.9683108e-01  6.8408560e-02 -3.6516900e-02 -1.1676300e+03]
 [ 0.0000000e+00  0.0000000e+00  0.0000000e+00  1.0000000e+00]]
[-0174.75, +0108.58, -1136.36]
1919, 820, 1384
[[-7.0444960e-02  9.9574884e-01 -5.6432520e-02 -5.1500000e+00]
 [ 3.2246280e-02  5.8980700e-02  9.9758964e-01  1.3732000e+02]
 [ 9.9682524e-01  6.8623320e-02 -3.6110500e-02 -1.1676300e+03]
 [ 0.0000000e+00  0.0000000e+00  0.0000000e+00  1.0000000e+00]]
[-0091.08, +0133.68, -1119.68]
1153, 1617, 1991
[[-7.0951440e-02  9.9562448e-01 -5.7281280e-02 -5.1900000e+00]
 [ 3.3297120e-02  5.9960880e-02  9.9746192e-01  1.3737000e+02]
 [ 9.9671488e-01  6.9071520e-02 -3.7216320e-02 -1.1676200e+03]
 [ 0.0000000e+00  0.0000000e+00  0.0000000e+00  1.0000000e+00]]
[-0174.54, +0027.55, -1114.47]
1750, 1535, 1815
[[-7.1741200e-02  9.9549280e-01 -5.6980600e-02 -5.1800000e+00]
 [ 3.2780320e-02  5.9742140e-02  9.9741140e-01  1.3737000e+02]
 [ 9.9658324e-01  6.9986680e-02 -3.6645300e-02 -1.1676400e+03]
 [ 0.0000000e+00  0.0000000e+00  0.0000000e+00  1.0000000e+00]]
[-0124.53, +0075.19, -1088.28]
2116, 968, 1026
[[-7.1290440e-02  9.9561968e-01 -5.6503480e-02 -5.1600000e+00]
 [ 3.2514680e-02  5.9163960e-02  9.9751328e-01  1.3733000e+02]
 [ 9.9669152e-01  6.9508280e-02 -3.6377640e-02 -1.1676400e+03]
 [ 0.0000000e+00  0.0000000e+00  0.0000000e+00  1.0000000e+00]]
[-0050.71, +0120.84, -1130.57]
826, 845, 757
[[-6.8827220e-02  9.9603036e-01 -5.4529320e-02 -4.8900000e+00]
 [ 3.0566040e-02  5.6842160e-02  9.9782104e-01  1.3714000e+02]
 [ 9.9705348e-01  6.7116560e-02 -3.4259620e-02 -1.1676500e+03]
 [ 0.0000000e+00  0.0000000e+00  0.0000000e+00  1.0000000e+00]]
[-0109.83, +0045.87, -1048.66]
1717, 1135, 1774
[[-7.1130100e-02  9.9562560e-01 -5.6885300e-02 -5.2000000e+00]
 [ 3.3105600e-02  5.9566080e-02  9.9748416e-01  1.3736000e+02]
 [ 9.9669970e-01  6.9284160e-02 -3.7000180e-02 -1.1676300e+03]
 [ 0.0000000e+00  0.0000000e+00  0.0000000e+00  1.0000000e+00]]
[-0134.11, +0106.03, -1101.16]
1383, 1910, 1280
[[-7.0679380e-02  9.9562572e-01 -5.6920340e-02 -5.1000000e+00]
 [ 3.2318280e-02  5.9559000e-02  9.9748404e-01  1.3737000e+02]
 [ 9.9672766e-01  6.8907960e-02 -3.6161620e-02 -1.1676200e+03]
 [ 0.0000000e+00  0.0000000e+00  0.0000000e+00  1.0000000e+00]]
[-0087.54, +0001.15, -1091.23]
1348, 893, 1380
[[-7.0444960e-02  9.9565928e-01 -5.6117840e-02 -5.1000000e+00]
 [ 3.2551760e-02  5.8790240e-02  9.9749672e-01  1.3727000e+02]
 [ 9.9670808e-01  6.8716240e-02 -3.6300960e-02 -1.1676300e+03]
 [ 0.0000000e+00  0.0000000e+00  0.0000000e+00  1.0000000e+00]]
[-0132.29, +0099.78, -1080.46]
1505, 1808, 1256
[[-7.0463400e-02  9.9573726e-01 -5.6832020e-02 -5.1100000e+00]
 [ 3.2232340e-02  5.9368620e-02  9.9757806e-01  1.3737000e+02]
 [ 9.9683682e-01  6.8616460e-02 -3.6136020e-02 -1.1676300e+03]
 [ 0.0000000e+00  0.0000000e+00  0.0000000e+00  1.0000000e+00]]
[-0078.80, +0020.41, -1084.48]
910, 1434, 1092
[[-6.9365860e-02  9.9580294e-01 -5.5657540e-02 -4.9900000e+00]
 [ 3.2102860e-02  5.8218620e-02  9.9758138e-01  1.3726000e+02]
 [ 9.9684034e-01  6.7643980e-02 -3.5793480e-02 -1.1676300e+03]
 [ 0.0000000e+00  0.0000000e+00  0.0000000e+00  1.0000000e+00]]
[-0118.66, -0000.04, -1075.02]
848, 989, 2066
[[-7.006852e-02  9.956872e-01 -5.609700e-02 -5.090000e+00]
 [ 3.336220e-02  5.881100e-02  9.974688e-01  1.372500e+02]
 [ 9.967080e-01  6.829380e-02 -3.708852e-02 -1.167590e+03]
 [ 0.000000e+00  0.000000e+00  0.000000e+00  1.000000e+00]]
[-0201.13, +0059.62, -1147.84]
1334, 1701, 1167
[[-7.0068520e-02  9.9567792e-01 -5.6303680e-02 -5.0600000e+00]
 [ 3.3155520e-02  5.9001580e-02  9.9746658e-01  1.3733000e+02]
 [ 9.9671728e-01  6.8296020e-02 -3.6897940e-02 -1.1675900e+03]
 [ 0.0000000e+00  0.0000000e+00  0.0000000e+00  1.0000000e+00]]
[-0085.64, +0014.84, -1079.78]
1212, 1508, 1526
[[-7.0247460e-02  9.9575924e-01 -5.6429000e-02 -5.1000000e+00]
 [ 3.2451800e-02  5.8987740e-02  9.9757924e-01  1.3730000e+02]
 [ 9.9682876e-01  6.8417800e-02 -3.6300960e-02 -1.1676100e+03]
 [ 0.0000000e+00  0.0000000e+00  0.0000000e+00  1.0000000e+00]]
[-0137.74, +0029.45, -1079.85]
2022, 1732, 1615
[[-7.1581220e-02  9.9559746e-01 -5.7470400e-02 -5.2300000e+00]
 [ 3.3272460e-02  6.0144220e-02  9.9747720e-01  1.3744000e+02]
 [ 9.9669960e-01  6.9667200e-02 -3.7268000e-02 -1.1676100e+03]
 [ 0.0000000e+00  0.0000000e+00  0.0000000e+00  1.0000000e+00]]
[-0082.40, +0071.87, -1091.78]
1709, 1438, 1830
[[-7.0481920e-02  9.9552816e-01 -5.7015520e-02 -5.1700000e+00]
 [ 3.2415840e-02  5.9756460e-02  9.9737604e-01  1.3736000e+02]
 [ 9.9663248e-01  6.8799960e-02 -3.6161620e-02 -1.1676500e+03]
 [ 0.0000000e+00  0.0000000e+00  0.0000000e+00  1.0000000e+00]]
[-0136.06, +0076.78, -1090.68]
1337, 1634, 1810
[[-7.0914000e-02  9.9561980e-01 -5.7102600e-02 -5.1500000e+00]
 [ 3.2704920e-02  5.9756460e-02  9.9747830e-01  1.3737000e+02]
 [ 9.9671956e-01  6.9092580e-02 -3.6593700e-02 -1.1676500e+03]
 [ 0.0000000e+00  0.0000000e+00  0.0000000e+00  1.0000000e+00]]
[-0149.95, +0033.29, -1092.04]
1349, 2171, 2246
[[-7.2483360e-02  9.9536876e-01 -6.1695640e-02 -5.5200000e+00]
 [ 3.4594360e-02  6.4418300e-02  9.9724408e-01  1.3766000e+02]
 [ 9.9667876e-01  7.0239280e-02 -3.9021700e-02 -1.1676400e+03]
 [ 0.0000000e+00  0.0000000e+00  0.0000000e+00  1.0000000e+00]]
[-0155.09, +0007.81, -1125.90]
1452, 1032, 1199
[[-7.0210740e-02  9.9566510e-01 -5.5935480e-02 -5.0600000e+00]
 [ 3.2164980e-02  5.8592700e-02  9.9750236e-01  1.3724000e+02]
 [ 9.9671620e-01  6.8531400e-02 -3.5869200e-02 -1.1676500e+03]
 [ 0.0000000e+00  0.0000000e+00  0.0000000e+00  1.0000000e+00]]
[-0100.68, +0089.93, -1072.87]
1469, 2171, 2112
[[-7.1027280e-02  9.9548792e-01 -5.8564280e-02 -5.2400000e+00]
 [ 3.3546320e-02  6.1321020e-02  9.9732172e-01  1.3745000e+02]
 [ 9.9664468e-01  6.9135880e-02 -3.7510260e-02 -1.1676300e+03]
 [ 0.0000000e+00  0.0000000e+00  0.0000000e+00  1.0000000e+00]]
[-0145.00, +0008.43, -1116.08]
917, 891, 1264
[[-6.9078160e-02  9.9590552e-01 -5.5210560e-02 -4.9500000e+00]
 [ 3.0831760e-02  5.7618800e-02  9.9770688e-01  1.3715000e+02]
 [ 9.9695808e-01  6.7392960e-02 -3.4524800e-02 -1.1676600e+03]
 [ 0.0000000e+00  0.0000000e+00  0.0000000e+00  1.0000000e+00]]
[-0157.99, +0062.14, -1070.71]
2132, 1023, 1709
[[-7.1543700e-02  9.9549406e-01 -5.7183820e-02 -5.2700000e+00]
 [ 3.2779060e-02  5.9939640e-02  9.9739846e-01  1.3736000e+02]
 [ 9.9659618e-01  6.9783460e-02 -3.6645300e-02 -1.1676200e+03]
 [ 0.0000000e+00  0.0000000e+00  0.0000000e+00  1.0000000e+00]]
[-0103.47, +0127.56, -1125.56]
1333, 1381, 1087
[[-6.9994920e-02  9.9565952e-01 -5.6152520e-02 -5.0600000e+00]
 [ 3.1764280e-02  5.8783160e-02  9.9749648e-01  1.3728000e+02]
 [ 9.9673568e-01  6.8339720e-02 -3.5462920e-02 -1.1676600e+03]
 [ 0.0000000e+00  0.0000000e+00  0.0000000e+00  1.0000000e+00]]
[-0088.01, +0040.85, -1068.39]
1508, 1007, 824
[[-7.0353960e-02  9.9576054e-01 -5.5468620e-02 -5.0200000e+00]
 [ 3.1282380e-02  5.7992600e-02  9.9763514e-01  1.3721000e+02]
 [ 9.9681354e-01  6.8668820e-02 -3.5031400e-02 -1.1676700e+03]
 [ 0.0000000e+00  0.0000000e+00  0.0000000e+00  1.0000000e+00]]
[-0057.61, +0088.30, -1080.03]
948, 1636, 880
[[-7.0372000e-02  9.9574916e-01 -5.5868120e-02 -4.9800000e+00]
 [ 3.1268440e-02  5.8380720e-02  9.9762376e-01  1.3725000e+02]
 [ 9.9682492e-01  6.8662160e-02 -3.5056720e-02 -1.1676600e+03]
 [ 0.0000000e+00  0.0000000e+00  0.0000000e+00  1.0000000e+00]]
[-0086.72, -0015.74, -1087.73]
1297, 1229, 1222
[[-7.0229060e-02  9.9567198e-01 -5.5921560e-02 -5.0600000e+00]
 [ 3.2564460e-02  5.8599740e-02  9.9749548e-01  1.3725000e+02]
 [ 9.9670932e-01  6.8519960e-02 -3.6275560e-02 -1.1676200e+03]
 [ 0.0000000e+00  0.0000000e+00  0.0000000e+00  1.0000000e+00]]
[-0109.41, +0057.38, -1066.09]
1928, 1865, 2002
[[-7.1205460e-02  9.9549876e-01 -5.7961520e-02 -5.2400000e+00]
 [ 3.3561480e-02  6.0736240e-02  9.9734664e-01  1.3742000e+02]
 [ 9.9661976e-01  6.9346320e-02 -3.7484260e-02 -1.1676300e+03]
 [ 0.0000000e+00  0.0000000e+00  0.0000000e+00  1.0000000e+00]]
[-0121.28, +0060.95, -1093.98]
2105, 1416, 2125
[[-7.2268200e-02  9.9547406e-01 -5.7922220e-02 -5.3600000e+00]
 [ 3.4131020e-02  6.0729240e-02  9.9737134e-01  1.3742000e+02]
 [ 9.9657346e-01  7.0327180e-02 -3.8159400e-02 -1.1675900e+03]
 [ 0.0000000e+00  0.0000000e+00  0.0000000e+00  1.0000000e+00]]
[-0128.82, +0103.83, -1115.07]
1483, 2066, 1750
[[-6.9871140e-02  9.9574056e-01 -5.7441560e-02 -5.1400000e+00]
 [ 3.2229040e-02  5.9960880e-02  9.9753972e-01  1.3737000e+02]
 [ 9.9687516e-01  6.8006920e-02 -3.6136020e-02 -1.1676500e+03]
 [ 0.0000000e+00  0.0000000e+00  0.0000000e+00  1.0000000e+00]]
[-0119.70, +0003.83, -1099.46]
1620, 1684, 1913
[[-7.0519200e-02  9.9562208e-01 -5.7509040e-02 -5.1900000e+00]
 [ 3.2702640e-02  6.0151260e-02  9.9745258e-01  1.3735000e+02]
 [ 9.9674528e-01  6.8686140e-02 -3.6593700e-02 -1.1676400e+03]
 [ 0.0000000e+00  0.0000000e+00  0.0000000e+00  1.0000000e+00]]
[-0140.46, +0053.89, -1091.57]
1035, 871, 807
[[-6.9491400e-02  9.9580186e-01 -5.4889580e-02 -4.9300000e+00]
 [ 3.1125980e-02  5.7421100e-02  9.9762766e-01  1.3713000e+02]
 [ 9.9682766e-01  6.7885420e-02 -3.4740340e-02 -1.1676700e+03]
 [ 0.0000000e+00  0.0000000e+00  0.0000000e+00  1.0000000e+00]]
[-0095.83, +0064.72, -1053.90]
917, 1921, 1556
[[-7.0858440e-02  9.9563608e-01 -5.6317680e-02 -5.0400000e+00]
 [ 3.2333520e-02  5.8973580e-02  9.9750842e-01  1.3729000e+02]
 [ 9.9670328e-01  6.9118020e-02 -3.6136020e-02 -1.1676200e+03]
 [ 0.0000000e+00  0.0000000e+00  0.0000000e+00  1.0000000e+00]]
[-0140.36, -0023.32, -1119.54]
1934, 1461, 984
[[-7.1074420e-02  9.9564172e-01 -5.6100420e-02 -5.0900000e+00]
 [ 3.2734280e-02  5.8783160e-02  9.9751428e-01  1.3730000e+02]
 [ 9.9668358e-01  6.9309720e-02 -3.6542420e-02 -1.1676300e+03]
 [ 0.0000000e+00  0.0000000e+00  0.0000000e+00  1.0000000e+00]]
[-0038.52, +0075.79, -1105.47]
1322, 1270, 1870
[[-7.1092900e-02  9.9573822e-01 -5.6401140e-02 -5.1300000e+00]
 [ 3.2828220e-02  5.8980700e-02  9.9760026e-01  1.3727000e+02]
 [ 9.9679386e-01  6.9205260e-02 -3.6758440e-02 -1.1676300e+03]
 [ 0.0000000e+00  0.0000000e+00  0.0000000e+00  1.0000000e+00]]
[-0167.30, +0066.62, -1099.49]
2161, 825, 1657
[[-7.2352500e-02  9.9548650e-01 -5.6563500e-02 -5.2500000e+00]
 [ 3.2976900e-02  5.9347020e-02  9.9744094e-01  1.3730000e+02]
 [ 9.9654670e-01  7.0587060e-02 -3.6861480e-02 -1.1676500e+03]
 [ 0.0000000e+00  0.0000000e+00  0.0000000e+00  1.0000000e+00]]
[-0102.14, +0136.05, -1140.73]
838, 1284, 971
[[-6.9491400e-02  9.9589180e-01 -5.5204000e-02 -4.9400000e+00]
 [ 3.0820480e-02  5.7611640e-02  9.9772060e-01  1.3718000e+02]
 [ 9.9694436e-01  6.7792480e-02 -3.4549800e-02 -1.1676600e+03]
 [ 0.0000000e+00  0.0000000e+00  0.0000000e+00  1.0000000e+00]]
[-0116.35, +0003.47, -1067.76]
818, 1388, 1408
[[-6.9760980e-02  9.9568358e-01 -5.5556680e-02 -5.0000000e+00]
 [ 3.1790780e-02  5.8204620e-02  9.9750668e-01  1.3722000e+02]
 [ 9.9672548e-01  6.8150120e-02 -3.5412360e-02 -1.1676500e+03]
 [ 0.0000000e+00  0.0000000e+00  0.0000000e+00  1.0000000e+00]]
[-0158.40, +0004.65, -1090.68]
1013, 1044, 995
[[-6.9760980e-02  9.9580050e-01 -5.5251220e-02 -4.9800000e+00]
 [ 3.2105300e-02  5.7823500e-02  9.9760650e-01  1.3718000e+02]
 [ 9.9681522e-01  6.8050300e-02 -3.5793480e-02 -1.1676400e+03]
 [ 0.0000000e+00  0.0000000e+00  0.0000000e+00  1.0000000e+00]]
[-0113.51, +0046.53, -1057.17]
1401, 970, 1459
[[-7.0408320e-02  9.9566384e-01 -5.5732320e-02 -5.0700000e+00]
 [ 3.2166240e-02  5.8395120e-02  9.9751504e-01  1.3723000e+02]
 [ 9.9670352e-01  6.8734560e-02 -3.5869200e-02 -1.1676500e+03]
 [ 0.0000000e+00  0.0000000e+00  0.0000000e+00  1.0000000e+00]]
[-0133.04, +0098.15, -1082.85]
2181, 2077, 1414
[[-7.1816400e-02  9.9546448e-01 -5.8164760e-02 -5.2200000e+00]
 [ 3.3137120e-02  6.0912380e-02  9.9736904e-01  1.3750000e+02]
 [ 9.9661156e-01  6.9953840e-02 -3.7129780e-02 -1.1676200e+03]
 [ 0.0000000e+00  0.0000000e+00  0.0000000e+00  1.0000000e+00]]
[-0055.08, +0046.88, -1107.55]
2133, 1861, 1201
[[-7.0481920e-02  9.9574416e-01 -5.6818080e-02 -5.1200000e+00]
 [ 3.2631840e-02  5.9375660e-02  9.9757116e-01  1.3735000e+02]
 [ 9.9682992e-01  6.8604840e-02 -3.6542420e-02 -1.1676300e+03]
 [ 0.0000000e+00  0.0000000e+00  0.0000000e+00  1.0000000e+00]]
[-0044.90, +0057.75, -1109.78]
1488, 1753, 1100
[[-7.0642500e-02  9.9574762e-01 -5.6229340e-02 -5.0700000e+00]
 [ 3.2247500e-02  5.8783160e-02  9.9760238e-01  1.3731000e+02]
 [ 9.9681250e-01  6.8826500e-02 -3.6110500e-02 -1.1676500e+03]
 [ 0.0000000e+00  0.0000000e+00  0.0000000e+00  1.0000000e+00]]
[-0070.38, +0021.10, -1084.99]
2178, 2220, 1337
[[-7.2325920e-02  9.9538972e-01 -6.0155000e-02 -5.2700000e+00]
 [ 3.3053720e-02  6.2841980e-02  9.9732280e-01  1.3776000e+02]
 [ 9.9665780e-01  7.0318000e-02 -3.7287940e-02 -1.1676500e+03]
 [ 0.0000000e+00  0.0000000e+00  0.0000000e+00  1.0000000e+00]]
[-0052.76, +0035.32, -1111.98]
1265, 1397, 1655
[[-7.0444960e-02  9.9574884e-01 -5.6432520e-02 -5.1100000e+00]
 [ 3.2246280e-02  5.8980700e-02  9.9758964e-01  1.3730000e+02]
 [ 9.9682524e-01  6.8623320e-02 -3.6110500e-02 -1.1676500e+03]
 [ 0.0000000e+00  0.0000000e+00  0.0000000e+00  1.0000000e+00]]
[-0150.58, +0047.36, -1083.93]
1291, 1989, 1740
[[-7.0914000e-02  9.9561980e-01 -5.7102600e-02 -5.1600000e+00]
 [ 3.2704920e-02  5.9756460e-02  9.9747830e-01  1.3737000e+02]
 [ 9.9671956e-01  6.9092580e-02 -3.6593700e-02 -1.1676400e+03]
 [ 0.0000000e+00  0.0000000e+00  0.0000000e+00  1.0000000e+00]]
[-0134.00, -0000.80, -1103.53]
1870, 1043, 1664
[[-7.0031560e-02  9.9565480e-01 -5.6538120e-02 -5.1600000e+00]
 [ 3.2149880e-02  5.9178200e-02  9.9747816e-01  1.3730000e+02]
 [ 9.9674040e-01  6.8321400e-02 -3.5894600e-02 -1.1676600e+03]
 [ 0.0000000e+00  0.0000000e+00  0.0000000e+00  1.0000000e+00]]
[-0115.35, +0120.37, -1108.39]
2035, 2116, 1508
[[-7.1186500e-02  9.9560924e-01 -5.7670180e-02 -5.1900000e+00]
 [ 3.3476920e-02  6.0348600e-02  9.9745364e-01  1.3745000e+02]
 [ 9.9671606e-01  6.9258280e-02 -3.7458340e-02 -1.1676000e+03]
 [ 0.0000000e+00  0.0000000e+00  0.0000000e+00  1.0000000e+00]]
[-0065.44, +0036.56, -1101.26]
1029, 1911, 984
[[-7.0210740e-02  9.9589008e-01 -5.5531220e-02 -4.9900000e+00]
 [ 3.2587520e-02  5.8021080e-02  9.9769968e-01  1.3726000e+02]
 [ 9.9690462e-01  6.8334080e-02 -3.6440820e-02 -1.1676200e+03]
 [ 0.0000000e+00  0.0000000e+00  0.0000000e+00  1.0000000e+00]]
[-0084.20, -0023.10, -1106.68]
1452, 1733, 1190
[[-6.9655200e-02  9.9579972e-01 -5.6212040e-02 -5.0600000e+00]
 [ 3.3275000e-02  5.8817760e-02  9.9755028e-01  1.3729000e+02]
 [ 9.9682980e-01  6.7799000e-02 -3.7063200e-02 -1.1675800e+03]
 [ 0.0000000e+00  0.0000000e+00  0.0000000e+00  1.0000000e+00]]
[-0079.26, +0023.04, -1081.49]
1266, 917, 1149
[[-6.9958600e-02  9.9578114e-01 -5.5461420e-02 -5.0100000e+00]
 [ 3.1693220e-02  5.8007000e-02  9.9761454e-01  1.3720000e+02]
 [ 9.9682074e-01  6.8257980e-02 -3.5412360e-02 -1.1676600e+03]
 [ 0.0000000e+00  0.0000000e+00  0.0000000e+00  1.0000000e+00]]
[-0115.02, +0087.75, -1067.26]
1333, 967, 1860
[[-7.0444960e-02  9.9565928e-01 -5.6117840e-02 -5.1200000e+00]
 [ 3.2551760e-02  5.8790240e-02  9.9749672e-01  1.3726000e+02]
 [ 9.9670808e-01  6.8716240e-02 -3.6300960e-02 -1.1676300e+03]
 [ 0.0000000e+00  0.0000000e+00  0.0000000e+00  1.0000000e+00]]
[-0170.24, +0094.26, -1111.65]
1501, 1846, 1839
[[-7.0716580e-02  9.9564898e-01 -5.6685600e-02 -5.1300000e+00]
 [ 3.3323980e-02  5.9382620e-02  9.9747240e-01  1.3734000e+02]
 [ 9.9670440e-01  6.8882400e-02 -3.7164960e-02 -1.1676100e+03]
 [ 0.0000000e+00  0.0000000e+00  0.0000000e+00  1.0000000e+00]]
[-0133.29, +0028.71, -1091.39]
1926, 2193, 1165
[[-7.1797480e-02  9.9558448e-01 -5.7666600e-02 -5.1500000e+00]
 [ 3.3259480e-02  6.0334520e-02  9.9747840e-01  1.3750000e+02]
 [ 9.9669840e-01  6.9863400e-02 -3.7293960e-02 -1.1676100e+03]
 [ 0.0000000e+00  0.0000000e+00  0.0000000e+00  1.0000000e+00]]
[-0048.58, +0019.72, -1115.92]
2160, 1513, 773
[[-7.1308960e-02  9.9562664e-01 -5.6489360e-02 -5.1200000e+00]
 [ 3.2914160e-02  5.9171120e-02  9.9750632e-01  1.3735000e+02]
 [ 9.9668456e-01  6.9496720e-02 -3.6784080e-02 -1.1676500e+03]
 [ 0.0000000e+00  0.0000000e+00  0.0000000e+00  1.0000000e+00]]
[-0023.86, +0074.38, -1134.29]
1776, 1543, 1011
[[-7.0031560e-02  9.9577194e-01 -5.6232700e-02 -5.0700000e+00]
 [ 3.2464500e-02  5.8797240e-02  9.9757806e-01  1.3730000e+02]
 [ 9.9682994e-01  6.8221500e-02 -3.6275560e-02 -1.1676500e+03]
 [ 0.0000000e+00  0.0000000e+00  0.0000000e+00  1.0000000e+00]]
[-0051.61, +0055.51, -1090.90]
1959, 1820, 1753
[[-7.136500e-02  9.956198e-01 -5.706740e-02 -5.200000e+00]
 [ 3.349220e-02  5.976350e-02  9.974783e-01  1.373900e+02]
 [ 9.966914e-01  6.946870e-02 -3.743250e-02 -1.167610e+03]
 [ 0.000000e+00  0.000000e+00  0.000000e+00  1.000000e+00]]
[-0098.55, +0062.09, -1089.29]
1985, 1452, 2064
[[-7.1778640e-02  9.9560564e-01 -5.7060280e-02 -5.2400000e+00]
 [ 3.3480520e-02  5.9756460e-02  9.9749246e-01  1.3736000e+02]
 [ 9.9667724e-01  6.9868180e-02 -3.7458340e-02 -1.1676300e+03]
 [ 0.0000000e+00  0.0000000e+00  0.0000000e+00  1.0000000e+00]]
[-0132.39, +0098.86, -1108.71]
863, 1637, 945
[[-6.9078160e-02  9.9579776e-01 -5.5309400e-02 -4.9100000e+00]
 [ 3.0724000e-02  5.7809340e-02  9.9760924e-01  1.3721000e+02]
 [ 9.9685924e-01  6.7490600e-02 -3.4334260e-02 -1.1676700e+03]
 [ 0.0000000e+00  0.0000000e+00  0.0000000e+00  1.0000000e+00]]
[-0098.24, -0023.12, -1092.05]
1908, 1296, 967
[[-7.0210740e-02  9.9588094e-01 -5.5737920e-02 -5.0700000e+00]
 [ 3.2380820e-02  5.8211660e-02  9.9769744e-01  1.3727000e+02]
 [ 9.9691376e-01  6.8336320e-02 -3.6250240e-02 -1.1676300e+03]
 [ 0.0000000e+00  0.0000000e+00  0.0000000e+00  1.0000000e+00]]
[-0042.81, +0087.24, -1103.42]
811, 1147, 1896
[[-7.0390120e-02  9.9587284e-01 -5.5548640e-02 -5.0300000e+00]
 [ 3.1982560e-02  5.8007000e-02  9.9771692e-01  1.3721000e+02]
 [ 9.9690796e-01  6.8550880e-02 -3.5843880e-02 -1.1676700e+03]
 [ 0.0000000e+00  0.0000000e+00  0.0000000e+00  1.0000000e+00]]
[-0197.27, +0039.71, -1129.04]
1069, 1512, 1993
[[-6.9673800e-02  9.9568952e-01 -5.6503560e-02 -5.1200000e+00]
 [ 3.3359880e-02  5.9205720e-02  9.9744344e-01  1.3729000e+02]
 [ 9.9673336e-01  6.7887240e-02 -3.7088520e-02 -1.1675900e+03]
 [ 0.0000000e+00  0.0000000e+00  0.0000000e+00  1.0000000e+00]]
[-0180.84, +0030.08, -1119.18]
2083, 1903, 1622
[[-7.1741200e-02  9.9558224e-01 -5.7295520e-02 -5.2000000e+00]
 [ 3.2474720e-02  5.9932400e-02  9.9750416e-01  1.3741000e+02]
 [ 9.9670064e-01  6.9893920e-02 -3.6455040e-02 -1.1676600e+03]
 [ 0.0000000e+00  0.0000000e+00  0.0000000e+00  1.0000000e+00]]
[-0074.71, +0060.11, -1095.13]
814, 1998, 1549
[[-6.9958600e-02  9.9575402e-01 -5.6081460e-02 -4.9900000e+00]
 [ 3.1073180e-02  5.8578380e-02  9.9760746e-01  1.3728000e+02]
 [ 9.9684786e-01  6.8265060e-02 -3.4840980e-02 -1.1676800e+03]
 [ 0.0000000e+00  0.0000000e+00  0.0000000e+00  1.0000000e+00]]
[-0139.50, -0030.90, -1132.85]
1742, 1988, 1671
[[-7.0716580e-02  9.9553160e-01 -5.6991040e-02 -5.1500000e+00]
 [ 3.3009200e-02  5.9763500e-02  9.9737260e-01  1.3737000e+02]
 [ 9.9661504e-01  6.8982200e-02 -3.6784080e-02 -1.1676200e+03]
 [ 0.0000000e+00  0.0000000e+00  0.0000000e+00  1.0000000e+00]]
[-0098.68, +0031.88, -1088.71]
1957, 1971, 1019
[[-7.0284500e-02  9.9575460e-01 -5.6814600e-02 -5.1100000e+00]
 [ 3.2837400e-02  5.9382620e-02  9.9756072e-01  1.3738000e+02]
 [ 9.9683340e-01  6.8399280e-02 -3.6732880e-02 -1.1676200e+03]
 [ 0.0000000e+00  0.0000000e+00  0.0000000e+00  1.0000000e+00]]
[-0036.56, +0036.69, -1115.90]
1270, 998, 1277
[[-6.9976720e-02  9.9577884e-01 -5.5654240e-02 -5.0500000e+00]
 [ 3.1886040e-02  5.8204620e-02  9.9760548e-01  1.3721000e+02]
 [ 9.9682304e-01  6.8248920e-02 -3.5628100e-02 -1.1676400e+03]
 [ 0.0000000e+00  0.0000000e+00  0.0000000e+00  1.0000000e+00]]
[-0125.41, +0081.66, -1069.60]
1427, 1728, 1369
[[-6.9834100e-02  9.9577310e-01 -5.6435900e-02 -5.0800000e+00]
 [ 3.2463340e-02  5.8994700e-02  9.9756538e-01  1.3730000e+02]
 [ 9.9684262e-01  6.8018300e-02 -3.6275560e-02 -1.1676200e+03]
 [ 0.0000000e+00  0.0000000e+00  0.0000000e+00  1.0000000e+00]]
[-0098.86, +0024.75, -1078.86]
966, 2088, 1180
[[-7.0408320e-02  9.9563648e-01 -5.6352480e-02 -4.9900000e+00]
 [ 3.1546080e-02  5.8966380e-02  9.9750802e-01  1.3731000e+02]
 [ 9.9673088e-01  6.8741580e-02 -3.5297940e-02 -1.1676900e+03]
 [ 0.0000000e+00  0.0000000e+00  0.0000000e+00  1.0000000e+00]]
[-0098.83, -0035.43, -1126.25]
1310, 2109, 1607
[[-7.0087120e-02  9.9575572e-01 -5.7017840e-02 -5.1100000e+00]
 [ 3.2836280e-02  5.9580000e-02  9.9754796e-01  1.3737000e+02]
 [ 9.9684616e-01  6.8196040e-02 -3.6732880e-02 -1.1676200e+03]
 [ 0.0000000e+00  0.0000000e+00  0.0000000e+00  1.0000000e+00]]
[-0115.14, -0010.15, -1106.59]
1474, 1673, 1755
[[-7.0895400e-02  9.9564072e-01 -5.6496360e-02 -5.1400000e+00]
 [ 3.2925720e-02  5.9178200e-02  9.9749224e-01  1.3733000e+02]
 [ 9.9669864e-01  6.9097240e-02 -3.6758440e-02 -1.1676200e+03]
 [ 0.0000000e+00  0.0000000e+00  0.0000000e+00  1.0000000e+00]]
[-0135.24, +0042.88, -1085.94]
1440, 791, 2196
[[-6.9834100e-02  9.9567438e-01 -5.6327960e-02 -5.1700000e+00]
 [ 3.2562060e-02  5.8994700e-02  9.9747012e-01  1.3723000e+02]
 [ 9.9673468e-01  6.8113560e-02 -3.6275560e-02 -1.1676500e+03]
 [ 0.0000000e+00  0.0000000e+00  0.0000000e+00  1.0000000e+00]]
[-0174.99, +0108.16, -1153.74]
1897, 1297, 2077
[[-7.1111460e-02  9.9562790e-01 -5.6692600e-02 -5.1900000e+00]
 [ 3.2912900e-02  5.9368620e-02  9.9749348e-01  1.3732000e+02]
 [ 9.9669740e-01  6.9293480e-02 -3.6784080e-02 -1.1676100e+03]
 [ 0.0000000e+00  0.0000000e+00  0.0000000e+00  1.0000000e+00]]
[-0139.53, +0104.06, -1113.78]
1960, 1692, 1287
[[-7.0679380e-02  9.9553624e-01 -5.6605600e-02 -5.1300000e+00]
 [ 3.2623760e-02  5.9368620e-02  9.9739120e-01  1.3734000e+02]
 [ 9.9661040e-01  6.9000800e-02 -3.6352000e-02 -1.1676300e+03]
 [ 0.0000000e+00  0.0000000e+00  0.0000000e+00  1.0000000e+00]]
[-0057.11, +0064.27, -1095.24]
1183, 1961, 756
[[-6.9563400e-02  9.9579266e-01 -5.5661020e-02 -4.9800000e+00]
 [ 3.1897420e-02  5.8211660e-02  9.9759166e-01  1.3729000e+02]
 [ 9.9683686e-01  6.7849420e-02 -3.5602900e-02 -1.1676500e+03]
 [ 0.0000000e+00  0.0000000e+00  0.0000000e+00  1.0000000e+00]]
[-0052.63, -0018.87, -1120.41]
939, 902, 1482
[[-6.8737000e-02  9.9583822e-01 -5.5261460e-02 -4.9900000e+00]
 [ 3.2333300e-02  5.7844140e-02  9.9756878e-01  1.3718000e+02]
 [ 9.9684610e-01  6.7045900e-02 -3.5934100e-02 -1.1676300e+03]
 [ 0.0000000e+00  0.0000000e+00  0.0000000e+00  1.0000000e+00]]
[-0174.23, +0066.86, -1086.41]
827, 811, 1291
[[-6.9078160e-02  9.9603112e-01 -5.4698520e-02 -4.9200000e+00]
 [ 3.1352720e-02  5.7046940e-02  9.9780912e-01  1.3712000e+02]
 [ 9.9703908e-01  6.7290720e-02 -3.5096660e-02 -1.1676400e+03]
 [ 0.0000000e+00  0.0000000e+00  0.0000000e+00  1.0000000e+00]]
[-0170.77, +0062.79, -1076.45]
1816, 2044, 1288
[[-7.0500520e-02  9.9575114e-01 -5.6804140e-02 -5.1200000e+00]
 [ 3.3031340e-02  5.9382620e-02  9.9756418e-01  1.3738000e+02]
 [ 9.9682294e-01  6.8593220e-02 -3.6948900e-02 -1.1676000e+03]
 [ 0.0000000e+00  0.0000000e+00  0.0000000e+00  1.0000000e+00]]
[-0058.62, +0023.45, -1101.19]
1038, 1879, 1880
[[-7.0463400e-02  9.9563852e-01 -5.6724040e-02 -5.1000000e+00]
 [ 3.2331080e-02  5.9368620e-02  9.9748286e-01  1.3730000e+02]
 [ 9.9672884e-01  6.8711660e-02 -3.6136020e-02 -1.1676400e+03]
 [ 0.0000000e+00  0.0000000e+00  0.0000000e+00  1.0000000e+00]]
[-0161.80, -0000.91, -1121.53]
2236, 2066, 1478
[[-7.1994900e-02  9.9557384e-01 -5.7670180e-02 -5.2000000e+00]
 [ 3.3053840e-02  6.0327360e-02  9.9748904e-01  1.3748000e+02]
 [ 9.9669482e-01  7.0069040e-02 -3.7103700e-02 -1.1676200e+03]
 [ 0.0000000e+00  0.0000000e+00  0.0000000e+00  1.0000000e+00]]
[-0058.54, +0051.91, -1106.68]
1052, 1495, 921
[[-6.911400e-02  9.957122e-01 -5.517420e-02 -4.970000e+00]
 [ 3.162180e-02  5.782350e-02  9.975007e-01  1.372100e+02]
 [ 9.967382e-01  6.756330e-02 -3.514650e-02 -1.167650e+03]
 [ 0.000000e+00  0.000000e+00  0.000000e+00  1.000000e+00]]
[-0086.87, +0003.55, -1074.84]
1955, 1158, 1042
[[-7.0642500e-02  9.9577516e-01 -5.5609120e-02 -5.0800000e+00]
 [ 3.2867720e-02  5.8211660e-02  9.9760916e-01  1.3726000e+02]
 [ 9.9678496e-01  6.8819720e-02 -3.6682000e-02 -1.1676100e+03]
 [ 0.0000000e+00  0.0000000e+00  0.0000000e+00  1.0000000e+00]]
[-0050.36, +0103.25, -1107.47]
1106, 1423, 877
[[-6.9922600e-02  9.9588460e-01 -5.5183600e-02 -4.9800000e+00]
 [ 3.1208720e-02  5.7611640e-02  9.9772780e-01  1.3722000e+02]
 [ 9.9692396e-01  6.8180720e-02 -3.4981000e-02 -1.1676700e+03]
 [ 0.0000000e+00  0.0000000e+00  0.0000000e+00  1.0000000e+00]]
[-0079.58, +0013.36, -1071.09]
1153, 1620, 1070
[[-7.0408320e-02  9.9587056e-01 -5.5741440e-02 -5.0200000e+00]
 [ 3.2175360e-02  5.8204620e-02  9.9770782e-01  1.3726000e+02]
 [ 9.9691024e-01  6.8541780e-02 -3.6059700e-02 -1.1676400e+03]
 [ 0.0000000e+00  0.0000000e+00  0.0000000e+00  1.0000000e+00]]
[-0091.57, +0004.84, -1078.13]
1663, 988, 1487
[[-7.0247460e-02  9.9578690e-01 -5.5808900e-02 -5.0800000e+00]
 [ 3.3071900e-02  5.8416120e-02  9.9758602e-01  1.3724000e+02]
 [ 9.9680110e-01  6.8411020e-02 -3.6872580e-02 -1.1676100e+03]
 [ 0.0000000e+00  0.0000000e+00  0.0000000e+00  1.0000000e+00]]
[-0115.15, +0113.20, -1093.77]
1821, 1921, 1234
[[-7.0697940e-02  9.9564194e-01 -5.6699600e-02 -5.1100000e+00]
 [ 3.2924500e-02  5.9375660e-02  9.9747944e-01  1.3735000e+02]
 [ 9.9671144e-01  6.8894000e-02 -3.6758440e-02 -1.1676100e+03]
 [ 0.0000000e+00  0.0000000e+00  0.0000000e+00  1.0000000e+00]]
[-0055.19, +0033.30, -1097.69]
850, 1901, 2112
[[-7.0697940e-02  9.9572206e-01 -5.7221100e-02 -5.1100000e+00]
 [ 3.2412300e-02  5.9756460e-02  9.9756994e-01  1.3731000e+02]
 [ 9.9683806e-01  6.8803500e-02 -3.6377640e-02 -1.1676500e+03]
 [ 0.0000000e+00  0.0000000e+00  0.0000000e+00  1.0000000e+00]]
[-0173.72, -0001.11, -1148.06]
1925, 2107, 831
[[-7.193874e-02  9.954636e-01 -5.739796e-02 -5.070000e+00]
 [ 3.216104e-02  6.011526e-02  9.974172e-01  1.375400e+02]
 [ 9.965982e-01  7.019704e-02 -3.607464e-02 -1.167650e+03]
 [ 0.000000e+00  0.000000e+00  0.000000e+00  1.000000e+00]]
[-0031.47, +0023.16, -1130.37]
1644, 2008, 1700
[[-7.0463400e-02  9.9575574e-01 -5.6418580e-02 -5.1100000e+00]
 [ 3.2645780e-02  5.8987740e-02  9.9758274e-01  1.3732000e+02]
 [ 9.9681834e-01  6.8611780e-02 -3.6516900e-02 -1.1676200e+03]
 [ 0.0000000e+00  0.0000000e+00  0.0000000e+00  1.0000000e+00]]
[-0112.37, +0022.30, -1090.93]
852, 1399, 845
[[-6.9473600e-02  9.9582192e-01 -5.4283440e-02 -4.8800000e+00]
 [ 3.1346400e-02  5.6842160e-02  9.9764108e-01  1.3715000e+02]
 [ 9.9680760e-01  6.7889800e-02 -3.4906000e-02 -1.1676500e+03]
 [ 0.0000000e+00  0.0000000e+00  0.0000000e+00  1.0000000e+00]]
[-0097.29, -0007.22, -1073.93]
1857, 2069, 1782
[[-7.136500e-02  9.956104e-01 -5.727420e-02 -5.190000e+00]
 [ 3.328540e-02  5.995388e-02  9.974760e-01  1.374000e+02]
 [ 9.967008e-01  6.947100e-02 -3.724212e-02 -1.167600e+03]
 [ 0.000000e+00  0.000000e+00  0.000000e+00  1.000000e+00]]
[-0099.87, +0033.62, -1092.40]
2194, 1703, 2176
[[-7.3057800e-02  9.9535116e-01 -5.7414480e-02 -5.3500000e+00]
 [ 3.3821040e-02  6.0320120e-02  9.9732404e-01  1.3741000e+02]
 [ 9.9643188e-01  7.1240240e-02 -3.7778920e-02 -1.1676200e+03]
 [ 0.0000000e+00  0.0000000e+00  0.0000000e+00  1.0000000e+00]]
[-0123.50, +0090.85, -1108.48]
2131, 2047, 1294
[[-7.1308960e-02  9.9570684e-01 -5.7011000e-02 -5.1500000e+00]
 [ 3.2401800e-02  5.9551840e-02  9.9759684e-01  1.3741000e+02]
 [ 9.9681116e-01  6.9406200e-02 -3.6403360e-02 -1.1676400e+03]
 [ 0.0000000e+00  0.0000000e+00  0.0000000e+00  1.0000000e+00]]
[-0049.71, +0043.47, -1109.18]
963, 2130, 1043
[[-6.9797380e-02  9.9578688e-01 -5.5843560e-02 -4.9700000e+00]
 [ 3.2284320e-02  5.8409200e-02  9.9758604e-01  1.3731000e+02]
 [ 9.9682884e-01  6.8034360e-02 -3.6034420e-02 -1.1676400e+03]
 [ 0.0000000e+00  0.0000000e+00  0.0000000e+00  1.0000000e+00]]
[-0086.56, -0036.71, -1132.03]
1065, 1677, 1476
[[-7.0444960e-02  9.9567768e-01 -5.5704400e-02 -5.0600000e+00]
 [ 3.2965200e-02  5.8409200e-02  9.9750120e-01  1.3727000e+02]
 [ 9.9668968e-01  6.8711760e-02 -3.6682000e-02 -1.1676000e+03]
 [ 0.0000000e+00  0.0000000e+00  0.0000000e+00  1.0000000e+00]]
[-0136.46, +0004.03, -1089.22]
2091, 1510, 764
[[-7.1451300e-02  9.9562298e-01 -5.5914960e-02 -5.0900000e+00]
 [ 3.2130660e-02  5.8571100e-02  9.9754448e-01  1.3732000e+02]
 [ 9.9667408e-01  6.9729840e-02 -3.5945640e-02 -1.1676500e+03]
 [ 0.0000000e+00  0.0000000e+00  0.0000000e+00  1.0000000e+00]]
[-0022.77, +0070.96, -1130.49]
1307, 1972, 1966
[[-7.1759880e-02  9.9550918e-01 -5.6759540e-02 -5.1600000e+00]
 [ 3.3386620e-02  5.9559000e-02  9.9740666e-01  1.3734000e+02]
 [ 9.9656686e-01  6.9972740e-02 -3.7242120e-02 -1.1676000e+03]
 [ 0.0000000e+00  0.0000000e+00  0.0000000e+00  1.0000000e+00]]
[-0152.27, +0007.87, -1111.76]
961, 796, 850
[[-6.8827220e-02  9.9595794e-01 -5.3801880e-02 -4.8800000e+00]
 [ 3.1284660e-02  5.6270060e-02  9.9773244e-01  1.3708000e+02]
 [ 9.9691932e-01  6.7205160e-02 -3.4831720e-02 -1.1676400e+03]
 [ 0.0000000e+00  0.0000000e+00  0.0000000e+00  1.0000000e+00]]
[-0110.75, +0067.92, -1052.50]
1882, 995, 1030
[[-7.0624180e-02  9.9578650e-01 -5.5209620e-02 -5.0600000e+00]
 [ 3.2881700e-02  5.7823500e-02  9.9762050e-01  1.3723000e+02]
 [ 9.9677362e-01  6.8826700e-02 -3.6656680e-02 -1.1676000e+03]
 [ 0.0000000e+00  0.0000000e+00  0.0000000e+00  1.0000000e+00]]
[-0057.43, +0113.42, -1106.76]
810, 1309, 1000
[[-6.9293700e-02  9.9582100e-01 -5.4679400e-02 -4.9100000e+00]
 [ 3.1537960e-02  5.7237600e-02  9.9761972e-01  1.3716000e+02]
 [ 9.9682228e-01  6.7677800e-02 -3.5121540e-02 -1.1676500e+03]
 [ 0.0000000e+00  0.0000000e+00  0.0000000e+00  1.0000000e+00]]
[-0121.45, -0000.48, -1070.94]
908, 1596, 2004
[[-7.1092900e-02  9.9574748e-01 -5.6194360e-02 -5.1300000e+00]
 [ 3.3035000e-02  5.8790240e-02  9.9760252e-01  1.3728000e+02]
 [ 9.9678460e-01  6.9203000e-02 -3.6948900e-02 -1.1676200e+03]
 [ 0.0000000e+00  0.0000000e+00  0.0000000e+00  1.0000000e+00]]
[-0183.12, +0015.08, -1132.58]
1799, 1333, 1004
[[-7.0192500e-02  9.9578440e-01 -5.5437200e-02 -5.0700000e+00]
 [ 3.2286800e-02  5.8014080e-02  9.9761128e-01  1.3726000e+02]
 [ 9.9680360e-01  6.8440720e-02 -3.6034420e-02 -1.1676300e+03]
 [ 0.0000000e+00  0.0000000e+00  0.0000000e+00  1.0000000e+00]]
[-0049.59, +0080.28, -1093.52]
1903, 1390, 1276
[[-7.0642500e-02  9.9586476e-01 -5.5923820e-02 -5.1100000e+00]
 [ 3.2562200e-02  5.8402200e-02  9.9770220e-01  1.3729000e+02]
 [ 9.9690210e-01  6.8726680e-02 -3.6491460e-02 -1.1676300e+03]
 [ 0.0000000e+00  0.0000000e+00  0.0000000e+00  1.0000000e+00]]
[-0067.11, +0087.03, -1091.85]
2073, 1956, 1123
[[-7.1741200e-02  9.9561020e-01 -5.6675000e-02 -5.1600000e+00]
 [ 3.3095240e-02  5.9361500e-02  9.9751118e-01  1.3741000e+02]
 [ 9.9667268e-01  6.9886900e-02 -3.7025940e-02 -1.1676200e+03]
 [ 0.0000000e+00  0.0000000e+00  0.0000000e+00  1.0000000e+00]]
[-0040.18, +0046.22, -1113.79]
1481, 986, 1645
[[-7.0229060e-02  9.9577992e-01 -5.5822800e-02 -5.1100000e+00]
 [ 3.2672400e-02  5.8409200e-02  9.9759300e-01  1.3724000e+02]
 [ 9.9680808e-01  6.8422440e-02 -3.6466100e-02 -1.1676200e+03]
 [ 0.0000000e+00  0.0000000e+00  0.0000000e+00  1.0000000e+00]]
[-0145.45, +0101.24, -1094.84]
1318, 1531, 2175
[[-7.1148820e-02  9.9575014e-01 -5.6565740e-02 -5.1800000e+00]
 [ 3.3819940e-02  5.9192120e-02  9.9757678e-01  1.3730000e+02]
 [ 9.9678194e-01  6.9172820e-02 -3.7787700e-02 -1.1676000e+03]
 [ 0.0000000e+00  0.0000000e+00  0.0000000e+00  1.0000000e+00]]
[-0178.42, +0049.70, -1120.83]
1614, 895, 984
[[-7.0174340e-02  9.9580476e-01 -5.4831000e-02 -5.0300000e+00]
 [ 3.2507400e-02  5.7435260e-02  9.9762476e-01  1.3719000e+02]
 [ 9.9678324e-01  6.8445400e-02 -3.6199840e-02 -1.1676600e+03]
 [ 0.0000000e+00  0.0000000e+00  0.0000000e+00  1.0000000e+00]]
[-0071.65, +0110.37, -1088.15]
1968, 1654, 1593
[[-7.1327560e-02  9.9573242e-01 -5.6583300e-02 -5.1800000e+00]
 [ 3.3214900e-02  5.9178200e-02  9.9759450e-01  1.3735000e+02]
 [ 9.9678558e-01  6.9389940e-02 -3.7190600e-02 -1.1676000e+03]
 [ 0.0000000e+00  0.0000000e+00  0.0000000e+00  1.0000000e+00]]
[-0085.98, +0073.76, -1089.48]
2099, 1555, 797
[[-7.0840080e-02  9.9574636e-01 -5.6026160e-02 -5.1100000e+00]
 [ 3.2248760e-02  5.8585580e-02  9.9761512e-01  1.3733000e+02]
 [ 9.9679976e-01  6.9029680e-02 -3.6110500e-02 -1.1676600e+03]
 [ 0.0000000e+00  0.0000000e+00  0.0000000e+00  1.0000000e+00]]
[-0023.86, +0069.18, -1129.70]
1524, 1019, 2122
[[-7.0660900e-02  9.9576374e-01 -5.6008620e-02 -5.1500000e+00]
 [ 3.2853740e-02  5.8599740e-02  9.9759774e-01  1.3725000e+02]
 [ 9.9679638e-01  6.8812740e-02 -3.6707400e-02 -1.1676200e+03]
 [ 0.0000000e+00  0.0000000e+00  0.0000000e+00  1.0000000e+00]]
[-0171.31, +0100.42, -1132.10]
1257, 778, 1452
[[-7.0408320e-02  9.9580824e-01 -5.4806640e-02 -5.0300000e+00]
 [ 3.3101040e-02  5.7442220e-02  9.9762128e-01  1.3717000e+02]
 [ 9.9676584e-01  6.8628320e-02 -3.6822100e-02 -1.1676100e+03]
 [ 0.0000000e+00  0.0000000e+00  0.0000000e+00  1.0000000e+00]]
[-0147.94, +0105.53, -1088.98]
899, 1740, 1099
[[-7.019250e-02  9.957935e-01 -5.523050e-02 -4.970000e+00]
 [ 3.249350e-02  5.782350e-02  9.976135e-01  1.372400e+02]
 [ 9.967945e-01  6.843850e-02 -3.622500e-02 -1.167630e+03]
 [ 0.000000e+00  0.000000e+00  0.000000e+00  1.000000e+00]]
[-0108.07, -0024.22, -1097.73]
973, 1738, 1732
[[-7.1056020e-02  9.9564398e-01 -5.5907720e-02 -5.0900000e+00]
 [ 3.2541580e-02  5.8585580e-02  9.9752348e-01  1.3728000e+02]
 [ 9.9668132e-01  6.9318920e-02 -3.6326440e-02 -1.1676300e+03]
 [ 0.0000000e+00  0.0000000e+00  0.0000000e+00  1.0000000e+00]]
[-0159.84, -0001.44, -1112.16]
1822, 1504, 1515
[[-7.0642500e-02  9.9576598e-01 -5.5815860e-02 -5.0900000e+00]
 [ 3.2660980e-02  5.8402200e-02  9.9760694e-01  1.3728000e+02]
 [ 9.9679414e-01  6.8821940e-02 -3.6491460e-02 -1.1676000e+03]
 [ 0.0000000e+00  0.0000000e+00  0.0000000e+00  1.0000000e+00]]
[-0091.85, +0077.45, -1084.21]
884, 1358, 2213
[[-7.0426600e-02  9.9576950e-01 -5.5826300e-02 -5.0700000e+00]
 [ 3.2466940e-02  5.8402200e-02  9.9760342e-01  1.3721000e+02]
 [ 9.9680458e-01  6.8627900e-02 -3.6275560e-02 -1.1676100e+03]
 [ 0.0000000e+00  0.0000000e+00  0.0000000e+00  1.0000000e+00]]
[-0194.79, +0036.81, -1151.41]
959, 1190, 1466
[[-6.9958600e-02  9.9579922e-01 -5.5048060e-02 -5.0100000e+00]
 [ 3.2106580e-02  5.7625880e-02  9.9761906e-01  1.3718000e+02]
 [ 9.9680266e-01  6.8253460e-02 -3.5793480e-02 -1.1676200e+03]
 [ 0.0000000e+00  0.0000000e+00  0.0000000e+00  1.0000000e+00]]
[-0160.04, +0037.04, -1080.19]
1620, 1547, 996
[[-7.0785480e-02  9.9576230e-01 -5.5241180e-02 -5.0200000e+00]
 [ 3.1877300e-02  5.7802140e-02  9.9764470e-01  1.3725000e+02]
 [ 9.9678382e-01  6.9054700e-02 -3.5653380e-02 -1.1676600e+03]
 [ 0.0000000e+00  0.0000000e+00  0.0000000e+00  1.0000000e+00]]
[-0052.71, +0046.49, -1086.51]
984, 1701, 2157
[[-7.044496e-02  9.958568e-01 -5.633376e-02 -5.110000e+00]
 [ 3.235424e-02  5.879024e-02  9.976872e-01  1.372800e+02]
 [ 9.969240e-01  6.852576e-02 -3.630096e-02 -1.167630e+03]
 [ 0.000000e+00  0.000000e+00  0.000000e+00  1.000000e+00]]
[-0182.77, +0017.34, -1139.96]
1880, 1822, 1671
[[-7.1308960e-02  9.9562664e-01 -5.6489360e-02 -5.1400000e+00]
 [ 3.2914160e-02  5.9171120e-02  9.9750632e-01  1.3733000e+02]
 [ 9.9668456e-01  6.9496720e-02 -3.6784080e-02 -1.1676200e+03]
 [ 0.0000000e+00  0.0000000e+00  0.0000000e+00  1.0000000e+00]]
[-0093.16, +0055.37, -1086.97]
2051, 1447, 1367
[[-7.1272000e-02  9.9573920e-01 -5.6005200e-02 -5.1300000e+00]
 [ 3.2636800e-02  5.8585580e-02  9.9762228e-01  1.3731000e+02]
 [ 9.9677880e-01  6.9417720e-02 -3.6542420e-02 -1.1676300e+03]
 [ 0.0000000e+00  0.0000000e+00  0.0000000e+00  1.0000000e+00]]
[-0063.65, +0092.71, -1100.60]
1239, 764, 1624
[[-7.0408320e-02  9.9589792e-01 -5.5121280e-02 -5.0600000e+00]
 [ 3.2795520e-02  5.7632880e-02  9.9771448e-01  1.3717000e+02]
 [ 9.9688288e-01  6.8535120e-02 -3.6631440e-02 -1.1676200e+03]
 [ 0.0000000e+00  0.0000000e+00  0.0000000e+00  1.0000000e+00]]
[-0164.18, +0106.34, -1104.49]
898, 1605, 1197
[[-6.9760980e-02  9.9580956e-01 -5.5044560e-02 -4.9600000e+00]
 [ 3.2311960e-02  5.7632880e-02  9.9760872e-01  1.3721000e+02]
 [ 9.9680616e-01  6.8048080e-02 -3.5984100e-02 -1.1676400e+03]
 [ 0.0000000e+00  0.0000000e+00  0.0000000e+00  1.0000000e+00]]
[-0123.36, -0011.94, -1087.59]
1140, 1936, 1039
[[-7.0605940e-02  9.9577046e-01 -5.5430340e-02 -5.0100000e+00]
 [ 3.2275460e-02  5.8007000e-02  9.9762522e-01  1.3727000e+02]
 [ 9.9678966e-01  6.8840220e-02 -3.6059700e-02 -1.1676200e+03]
 [ 0.0000000e+00  0.0000000e+00  0.0000000e+00  1.0000000e+00]]
[-0080.22, -0019.53, -1104.87]
2045, 1182, 1237
[[-7.1074420e-02  9.9566016e-01 -5.5686860e-02 -5.1300000e+00]
 [ 3.3147840e-02  5.8402200e-02  9.9751872e-01  1.3726000e+02]
 [ 9.9666514e-01  6.9305280e-02 -3.6923380e-02 -1.1676100e+03]
 [ 0.0000000e+00  0.0000000e+00  0.0000000e+00  1.0000000e+00]]
[-0061.90, +0109.76, -1109.47]
1394, 1707, 2198
[[-7.0716580e-02  9.9564898e-01 -5.6685600e-02 -5.1800000e+00]
 [ 3.3323980e-02  5.9382620e-02  9.9747240e-01  1.3732000e+02]
 [ 9.9670440e-01  6.8882400e-02 -3.7164960e-02 -1.1676000e+03]
 [ 0.0000000e+00  0.0000000e+00  0.0000000e+00  1.0000000e+00]]
[-0171.44, +0042.14, -1117.03]
1296, 763, 1706
[[-7.0156260e-02  9.9578888e-01 -5.5051600e-02 -5.0500000e+00]
 [ 3.1901200e-02  5.7618800e-02  9.9762940e-01  1.3717000e+02]
 [ 9.9679912e-01  6.8458840e-02 -3.5602900e-02 -1.1676500e+03]
 [ 0.0000000e+00  0.0000000e+00  0.0000000e+00  1.0000000e+00]]
[-0164.12, +0109.80, -1111.72]
1547, 2079, 912
[[-7.1272000e-02  9.9564040e-01 -5.5897200e-02 -5.0600000e+00]
 [ 3.2735600e-02  5.8585580e-02  9.9752706e-01  1.3733000e+02]
 [ 9.9667080e-01  6.9512940e-02 -3.6542420e-02 -1.1676200e+03]
 [ 0.0000000e+00  0.0000000e+00  0.0000000e+00  1.0000000e+00]]
[-0044.86, -0000.03, -1120.41]
2075, 1996, 983
[[-7.2192360e-02  9.9549266e-01 -5.6945020e-02 -5.1500000e+00]
 [ 3.3567580e-02  5.9749340e-02  9.9741154e-01  1.3744000e+02]
 [ 9.9655486e-01  7.0362820e-02 -3.7484260e-02 -1.1675900e+03]
 [ 0.0000000e+00  0.0000000e+00  0.0000000e+00  1.0000000e+00]]
[-0033.49, +0041.54, -1122.53]
1645, 1122, 2145
[[-7.0895400e-02  9.9565000e-01 -5.6289600e-02 -5.1700000e+00]
 [ 3.3132480e-02  5.8987740e-02  9.9749450e-01  1.3727000e+02]
 [ 9.9668936e-01  6.9094980e-02 -3.6948900e-02 -1.1676100e+03]
 [ 0.0000000e+00  0.0000000e+00  0.0000000e+00  1.0000000e+00]]
[-0165.51, +0099.68, -1127.47]
1280, 2077, 1829
[[-7.0660900e-02  9.9574530e-01 -5.6422100e-02 -5.1000000e+00]
 [ 3.2440260e-02  5.8980700e-02  9.9759318e-01  1.3733000e+02]
 [ 9.9681482e-01  6.8817300e-02 -3.6326440e-02 -1.1676400e+03]
 [ 0.0000000e+00  0.0000000e+00  0.0000000e+00  1.0000000e+00]]
[-0136.23, -0006.02, -1112.10]
1185, 1891, 790
[[-6.9760980e-02  9.9590836e-01 -5.5152420e-02 -4.9600000e+00]
 [ 3.2213160e-02  5.7632880e-02  9.9770404e-01  1.3723000e+02]
 [ 9.9691402e-01  6.7952760e-02 -3.5984100e-02 -1.1676200e+03]
 [ 0.0000000e+00  0.0000000e+00  0.0000000e+00  1.0000000e+00]]
[-0058.55, -0013.09, -1109.19]
976, 1807, 1306
[[-7.0408320e-02  9.9578088e-01 -5.5426800e-02 -5.0200000e+00]
 [ 3.2480880e-02  5.8014080e-02  9.9761480e-01  1.3723000e+02]
 [ 9.9679320e-01  6.8634800e-02 -3.6250240e-02 -1.1675900e+03]
 [ 0.0000000e+00  0.0000000e+00  0.0000000e+00  1.0000000e+00]]
[-0120.62, -0016.40, -1098.74]
1517, 1122, 1431
[[-7.0390120e-02  9.9567520e-01 -5.5332840e-02 -5.0700000e+00]
 [ 3.2180200e-02  5.8007000e-02  9.9752640e-01  1.3722000e+02]
 [ 9.9669216e-01  6.8741400e-02 -3.5843880e-02 -1.1676300e+03]
 [ 0.0000000e+00  0.0000000e+00  0.0000000e+00  1.0000000e+00]]
[-0117.13, +0090.22, -1078.72]
812, 1379, 1896
[[-7.0210740e-02  9.9579130e-01 -5.5423300e-02 -5.0300000e+00]
 [ 3.2686300e-02  5.8021080e-02  9.9760438e-01  1.3721000e+02]
 [ 9.9679670e-01  6.8429380e-02 -3.6440820e-02 -1.1676300e+03]
 [ 0.0000000e+00  0.0000000e+00  0.0000000e+00  1.0000000e+00]]
[-0190.36, +0021.09, -1129.11]
1844, 2211, 1065
[[-7.1759880e-02  9.9558920e-01 -5.7281320e-02 -5.1100000e+00]
 [ 3.2874200e-02  5.9939640e-02  9.9749720e-01  1.3748000e+02]
 [ 9.9669368e-01  6.9882200e-02 -3.6861480e-02 -1.1676200e+03]
 [ 0.0000000e+00  0.0000000e+00  0.0000000e+00  1.0000000e+00]]
[-0045.85, +0013.11, -1120.73]
1571, 1740, 2152
[[-7.1148820e-02  9.9565144e-01 -5.6457660e-02 -5.1700000e+00]
 [ 3.3918640e-02  5.9192120e-02  9.9748152e-01  1.3732000e+02]
 [ 9.9667386e-01  6.9268080e-02 -3.7787700e-02 -1.1675900e+03]
 [ 0.0000000e+00  0.0000000e+00  0.0000000e+00  1.0000000e+00]]
[-0161.48, +0048.92, -1108.14]
2223, 1017, 1329
[[-7.0679380e-02  9.9566276e-01 -5.6093380e-02 -5.1600000e+00]
 [ 3.3145240e-02  5.8797240e-02  9.9749324e-01  1.3730000e+02]
 [ 9.9669062e-01  6.8898760e-02 -3.6923380e-02 -1.1675900e+03]
 [ 0.0000000e+00  0.0000000e+00  0.0000000e+00  1.0000000e+00]]
[-0069.13, +0124.54, -1129.81]
1330, 2158, 2156
[[-7.142176e-02  9.955844e-01 -5.826584e-02 -5.270000e+00]
 [ 3.344984e-02  6.092654e-02  9.974429e-01  1.374300e+02]
 [ 9.967268e-01  6.944734e-02 -3.751026e-02 -1.167640e+03]
 [ 0.000000e+00  0.000000e+00  0.000000e+00  1.000000e+00]]
[-0152.30, +0004.42, -1124.00]
1664, 1299, 1191
[[-7.1019460e-02  9.9585528e-01 -5.5531420e-02 -5.0700000e+00]
 [ 3.2165280e-02  5.7999840e-02  9.9773448e-01  1.3724000e+02]
 [ 9.9688358e-01  6.9144480e-02 -3.6085060e-02 -1.1676300e+03]
 [ 0.0000000e+00  0.0000000e+00  0.0000000e+00  1.0000000e+00]]
[-0077.08, +0078.83, -1079.48]
1663, 1810, 1467
[[-7.1074420e-02  9.9564172e-01 -5.6100420e-02 -5.1000000e+00]
 [ 3.2734280e-02  5.8783160e-02  9.9751428e-01  1.3731000e+02]
 [ 9.9668358e-01  6.9309720e-02 -3.6542420e-02 -1.1676000e+03]
 [ 0.0000000e+00  0.0000000e+00  0.0000000e+00  1.0000000e+00]]
[-0089.83, +0036.35, -1083.01]
1982, 1338, 1193
[[-7.0624180e-02  9.9566028e-01 -5.5721900e-02 -5.1000000e+00]
 [ 3.2360280e-02  5.8395120e-02  9.9751860e-01  1.3727000e+02]
 [ 9.9669310e-01  6.8928600e-02 -3.6085060e-02 -1.1676200e+03]
 [ 0.0000000e+00  0.0000000e+00  0.0000000e+00  1.0000000e+00]]
[-0056.88, +0094.90, -1101.35]
1400, 1436, 1056
[[-6.9976720e-02  9.9578792e-01 -5.5447560e-02 -5.0400000e+00]
 [ 3.2092720e-02  5.8014080e-02  9.9760776e-01  1.3724000e+02]
 [ 9.9681396e-01  6.8246640e-02 -3.5818640e-02 -1.1676400e+03]
 [ 0.0000000e+00  0.0000000e+00  0.0000000e+00  1.0000000e+00]]
[-0077.73, +0040.74, -1072.18]
783, 1329, 1882
[[-6.9186640e-02  9.9582012e-01 -5.5640400e-02 -5.0400000e+00]
 [ 3.2707800e-02  5.8232300e-02  9.9756420e-01  1.3721000e+02]
 [ 9.9683688e-01  6.7427160e-02 -3.6390500e-02 -1.1676300e+03]
 [ 0.0000000e+00  0.0000000e+00  0.0000000e+00  1.0000000e+00]]
[-0192.16, +0023.08, -1129.35]
765, 1706, 1236
[[-6.9742900e-02  9.9579372e-01 -5.5265040e-02 -4.9500000e+00]
 [ 3.1705800e-02  5.7816460e-02  9.9761328e-01  1.3721000e+02]
 [ 9.9682200e-01  6.8061600e-02 -3.5387200e-02 -1.1676500e+03]
 [ 0.0000000e+00  0.0000000e+00  0.0000000e+00  1.0000000e+00]]
[-0131.27, -0028.18, -1106.94]
1784, 2188, 1667
[[-7.1778640e-02  9.9549752e-01 -5.7159000e-02 -5.1800000e+00]
 [ 3.3372400e-02  5.9946800e-02  9.9739500e-01  1.3741000e+02]
 [ 9.9657852e-01  6.9965640e-02 -3.7268000e-02 -1.1676100e+03]
 [ 0.0000000e+00  0.0000000e+00  0.0000000e+00  1.0000000e+00]]
[-0090.72, +0016.85, -1098.01]
1438, 1361, 1671
[[-7.0660900e-02  9.9577296e-01 -5.5801880e-02 -5.0900000e+00]
 [ 3.3060480e-02  5.8409200e-02  9.9759996e-01  1.3725000e+02]
 [ 9.9678716e-01  6.8810520e-02 -3.6897940e-02 -1.1676200e+03]
 [ 0.0000000e+00  0.0000000e+00  0.0000000e+00  1.0000000e+00]]
[-0141.16, +0063.87, -1082.67]
1336, 849, 1792
[[-6.9599880e-02  9.9581554e-01 -5.5426820e-02 -5.0800000e+00]
 [ 3.2903060e-02  5.8034840e-02  9.9758014e-01  1.3720000e+02]
 [ 9.9681398e-01  6.7824460e-02 -3.6606280e-02 -1.1676100e+03]
 [ 0.0000000e+00  0.0000000e+00  0.0000000e+00  1.0000000e+00]]
[-0167.57, +0104.94, -1114.31]
865, 2023, 1407
[[-7.0229060e-02  9.9568116e-01 -5.5714860e-02 -4.9800000e+00]
 [ 3.2771160e-02  5.8409200e-02  9.9749772e-01  1.3727000e+02]
 [ 9.9670014e-01  6.8517720e-02 -3.6466100e-02 -1.1676300e+03]
 [ 0.0000000e+00  0.0000000e+00  0.0000000e+00  1.0000000e+00]]
[-0125.84, -0033.94, -1128.12]
1153, 1741, 849
[[-6.9347700e-02  9.9582334e-01 -5.5051420e-02 -4.9700000e+00]
 [ 3.2323220e-02  5.7639800e-02  9.9759494e-01  1.3722000e+02]
 [ 9.9681994e-01  6.7648580e-02 -3.5959060e-02 -1.1676400e+03]
 [ 0.0000000e+00  0.0000000e+00  0.0000000e+00  1.0000000e+00]]
[-0066.50, -0006.37, -1093.56]
2163, 1048, 1563
[[-7.1938740e-02  9.9561818e-01 -5.6264880e-02 -5.2100000e+00]
 [ 3.3303420e-02  5.8973580e-02  9.9752632e-01  1.3731000e+02]
 [ 9.9665048e-01  7.0087920e-02 -3.7216320e-02 -1.1676300e+03]
 [ 0.0000000e+00  0.0000000e+00  0.0000000e+00  1.0000000e+00]]
[-0089.99, +0126.55, -1123.70]
2058, 1569, 2065
[[-7.1759880e-02  9.9561728e-01 -5.6660800e-02 -5.2200000e+00]
 [ 3.3494720e-02  5.9368620e-02  9.9750410e-01  1.3733000e+02]
 [ 9.9666560e-01  6.9875300e-02 -3.7432500e-02 -1.1676100e+03]
 [ 0.0000000e+00  0.0000000e+00  0.0000000e+00  1.0000000e+00]]
[-0128.52, +0088.74, -1103.95]
2213, 1800, 1677
[[-7.1976100e-02  9.9560436e-01 -5.6856980e-02 -5.2000000e+00]
 [ 3.3481800e-02  5.9559000e-02  9.9750540e-01  1.3738000e+02]
 [ 9.9666430e-01  7.0071480e-02 -3.7458340e-02 -1.1676200e+03]
 [ 0.0000000e+00  0.0000000e+00  0.0000000e+00  1.0000000e+00]]
[-0076.25, +0075.72, -1099.43]
1023, 1438, 2135
[[-7.0444960e-02  9.9575804e-01 -5.6225800e-02 -5.1100000e+00]
 [ 3.2453000e-02  5.8790240e-02  9.9759196e-01  1.3725000e+02]
 [ 9.9681604e-01  6.8621000e-02 -3.6300960e-02 -1.1676400e+03]
 [ 0.0000000e+00  0.0000000e+00  0.0000000e+00  1.0000000e+00]]
[-0189.63, +0037.22, -1135.01]
1978, 1522, 781
[[-7.0013200e-02  9.9578340e-01 -5.5833200e-02 -5.0600000e+00]
 [ 3.2478360e-02  5.8409200e-02  9.9758952e-01  1.3729000e+02]
 [ 9.9681848e-01  6.8228400e-02 -3.6250240e-02 -1.1676500e+03]
 [ 0.0000000e+00  0.0000000e+00  0.0000000e+00  1.0000000e+00]]
[-0023.18, +0066.72, -1122.64]
1786, 1659, 1317
[[-7.0642500e-02  9.9564884e-01 -5.6121380e-02 -5.0900000e+00]
 [ 3.2346280e-02  5.8783160e-02  9.9750716e-01  1.3729000e+02]
 [ 9.9670454e-01  6.8921720e-02 -3.6110500e-02 -1.1676600e+03]
 [ 0.0000000e+00  0.0000000e+00  0.0000000e+00  1.0000000e+00]]
[-0075.52, +0052.67, -1083.95]
2200, 1339, 1054
[[-7.0858440e-02  9.9565448e-01 -5.5904160e-02 -5.1400000e+00]
 [ 3.2747040e-02  5.8592700e-02  9.9751298e-01  1.3730000e+02]
 [ 9.9668488e-01  6.9113460e-02 -3.6516900e-02 -1.1676400e+03]
 [ 0.0000000e+00  0.0000000e+00  0.0000000e+00  1.0000000e+00]]
[-0041.13, +0096.86, -1122.93]
2131, 2097, 1330
[[-7.1130100e-02  9.9562560e-01 -5.6885300e-02 -5.1300000e+00]
 [ 3.3105600e-02  5.9566080e-02  9.9748416e-01  1.3740000e+02]
 [ 9.9669970e-01  6.9284160e-02 -3.7000180e-02 -1.1676200e+03]
 [ 0.0000000e+00  0.0000000e+00  0.0000000e+00  1.0000000e+00]]
[-0052.22, +0039.44, -1109.15]
1887, 2225, 799
[[-7.1092900e-02  9.9562094e-01 -5.6706680e-02 -4.9500000e+00]
 [ 3.2513420e-02  5.9361500e-02  9.9750044e-01  1.3764000e+02]
 [ 9.9670436e-01  6.9305080e-02 -3.6377640e-02 -1.1676300e+03]
 [ 0.0000000e+00  0.0000000e+00  0.0000000e+00  1.0000000e+00]]
[-0032.40, +0014.82, -1135.40]
1386, 1912, 2145
[[-7.0587780e-02  9.9579988e-01 -5.4617360e-02 -5.1200000e+00]
 [ 3.2702920e-02  5.7237600e-02  9.9764084e-01  1.3719000e+02]
 [ 9.9676024e-01  6.8842760e-02 -3.6415620e-02 -1.1676200e+03]
 [ 0.0000000e+00  0.0000000e+00  0.0000000e+00  1.0000000e+00]]
[-0163.31, +0025.03, -1115.64]
797, 1938, 1207
[[-6.9170500e-02  9.9605196e-01 -5.3131280e-02 -4.8600000e+00]
 [ 3.0403080e-02  5.5471500e-02  9.9787644e-01  1.3708000e+02]
 [ 9.9700456e-01  6.7544280e-02 -3.3994960e-02 -1.1676800e+03]
 [ 0.0000000e+00  0.0000000e+00  0.0000000e+00  1.0000000e+00]]
[-0117.74, -0034.97, -1120.72]
1213, 885, 750
[[-6.9532180e-02  9.9607044e-01 -5.1926200e-02 -4.8900000e+00]
 [ 3.0433560e-02  5.4297820e-02  9.9792240e-01  1.3697000e+02]
 [ 9.9695860e-01  6.7963200e-02 -3.3946000e-02 -1.1676600e+03]
 [ 0.0000000e+00  0.0000000e+00  0.0000000e+00  1.0000000e+00]]
[-0073.81, +0078.20, -1062.68]
1267, 2112, 1039
[[-7.0533780e-02  9.9581518e-01 -5.3832340e-02 -5.0000000e+00]
 [ 3.2331380e-02  5.6453720e-02  9.9766994e-01  1.3716000e+02]
 [ 9.9674494e-01  6.8867660e-02 -3.5959060e-02 -1.1676300e+03]
 [ 0.0000000e+00  0.0000000e+00  0.0000000e+00  1.0000000e+00]]
[-0069.51, -0020.21, -1119.04]
886, 889, 1406
[[-6.8972560e-02  9.9608808e-01 -5.2507880e-02 -4.9400000e+00]
 [ 3.1228080e-02  5.4906240e-02  9.9787272e-01  1.3699000e+02]
 [ 9.9698212e-01  6.7332720e-02 -3.4758160e-02 -1.1676600e+03]
 [ 0.0000000e+00  0.0000000e+00  0.0000000e+00  1.0000000e+00]]
[-0172.61, +0062.47, -1081.63]
1051, 1053, 1983
[[-7.0318120e-02  9.9584550e-01 -5.3222580e-02 -5.0700000e+00]
 [ 3.2757300e-02  5.5881500e-02  9.9767250e-01  1.3707000e+02]
 [ 9.9672858e-01  6.8667300e-02 -3.6315620e-02 -1.1676000e+03]
 [ 0.0000000e+00  0.0000000e+00  0.0000000e+00  1.0000000e+00]]
[-0191.86, +0066.75, -1126.49]
1781, 2006, 1972
[[-7.1019460e-02  9.9579284e-01 -5.4596360e-02 -5.1500000e+00]
 [ 3.3091240e-02  5.7237600e-02  9.9764788e-01  1.3721000e+02]
 [ 9.9673924e-01  6.9231080e-02 -3.6847300e-02 -1.1676100e+03]
 [ 0.0000000e+00  0.0000000e+00  0.0000000e+00  1.0000000e+00]]
[-0123.25, +0038.26, -1094.58]
2217, 858, 946
[[-7.0480500e-02  9.9583024e-01 -5.3047320e-02 -5.1200000e+00]
 [ 3.1959840e-02  5.5669440e-02  9.9769864e-01  1.3709000e+02]
 [ 9.9672988e-01  6.8892240e-02 -3.5502900e-02 -1.1676700e+03]
 [ 0.0000000e+00  0.0000000e+00  0.0000000e+00  1.0000000e+00]]
[-0048.62, +0123.66, -1145.40]
1113, 1507, 909
[[-6.9403200e-02  9.9607232e-01 -5.2694160e-02 -4.9900000e+00]
 [ 3.1410240e-02  5.5097100e-02  9.9787772e-01  1.3705000e+02]
 [ 9.9697048e-01  6.7723560e-02 -3.4997940e-02 -1.1676700e+03]
 [ 0.0000000e+00  0.0000000e+00  0.0000000e+00  1.0000000e+00]]
[-0080.42, +0007.08, -1075.48]
1706, 969, 913
[[-7.0480500e-02  9.9595566e-01 -5.2534880e-02 -5.0300000e+00]
 [ 3.2481100e-02  5.5097100e-02  9.9780000e-01  1.3703000e+02]
 [ 9.9681120e-01  6.8790880e-02 -3.6075240e-02 -1.1676400e+03]
 [ 0.0000000e+00  0.0000000e+00  0.0000000e+00  1.0000000e+00]]
[-0056.52, +0106.04, -1094.90]
991, 1726, 2163
[[-6.9724900e-02  9.9584090e-01 -5.4038900e-02 -5.1200000e+00]
 [ 3.2546260e-02  5.6665500e-02  9.9763318e-01  1.3712000e+02]
 [ 9.9677482e-01  6.8059700e-02 -3.6124840e-02 -1.1676200e+03]
 [ 0.0000000e+00  0.0000000e+00  0.0000000e+00  1.0000000e+00]]
[-0182.23, +0016.62, -1140.31]
1761, 1364, 1428
[[-7.0696080e-02  9.9591676e-01 -5.3351480e-02 -5.0800000e+00]
 [ 3.1848440e-02  5.5860140e-02  9.9779554e-01  1.3711000e+02]
 [ 9.9683612e-01  6.8993260e-02 -3.5527780e-02 -1.1676600e+03]
 [ 0.0000000e+00  0.0000000e+00  0.0000000e+00  1.0000000e+00]]
[-0091.06, +0084.04, -1082.80]
1386, 1133, 1117
[[-6.9385800e-02  9.9606570e-01 -5.2707900e-02 -5.0200000e+00]
 [ 3.1010700e-02  5.5089980e-02  9.9788434e-01  1.3702000e+02]
 [ 9.9697710e-01  6.7734340e-02 -3.4591780e-02 -1.1676600e+03]
 [ 0.0000000e+00  0.0000000e+00  0.0000000e+00  1.0000000e+00]]
[-0095.38, +0072.07, -1067.37]
1657, 1676, 1052
[[-6.9886920e-02  9.9585250e-01 -5.3243380e-02 -5.0700000e+00]
 [ 3.2368700e-02  5.5881500e-02  9.9766550e-01  1.3711000e+02]
 [ 9.9674938e-01  6.8278700e-02 -3.5884420e-02 -1.1676200e+03]
 [ 0.0000000e+00  0.0000000e+00  0.0000000e+00  1.0000000e+00]]
[-0053.92, +0040.17, -1089.28]
1094, 1430, 836
[[-6.9385800e-02  9.9608306e-01 -5.2294620e-02 -4.9600000e+00]
 [ 3.1423980e-02  5.4708300e-02  9.9788846e-01  1.3701000e+02]
 [ 9.9695974e-01  6.7730220e-02 -3.4973460e-02 -1.1676400e+03]
 [ 0.0000000e+00  0.0000000e+00  0.0000000e+00  1.0000000e+00]]
[-0076.01, +0010.90, -1072.89]
1125, 1548, 1365
[[-7.0282600e-02  9.9584062e-01 -5.3043740e-02 -5.0500000e+00]
 [ 3.2165020e-02  5.5676600e-02  9.9768826e-01  1.3707000e+02]
 [ 9.9673346e-01  6.8687060e-02 -3.5693640e-02 -1.1676500e+03]
 [ 0.0000000e+00  0.0000000e+00  0.0000000e+00  1.0000000e+00]]
[-0126.16, +0014.85, -1077.77]
870, 1905, 1062
[[-6.8792100e-02  9.9598852e-01 -5.2796260e-02 -4.9400000e+00]
 [ 3.1518520e-02  5.5302000e-02  9.9775636e-01  1.3706000e+02]
 [ 9.9688874e-01  6.7216360e-02 -3.4973460e-02 -1.1676500e+03]
 [ 0.0000000e+00  0.0000000e+00  0.0000000e+00  1.0000000e+00]]
[-0101.10, -0035.45, -1115.62]
1388, 998, 841
[[-6.9136020e-02  9.9608210e-01 -5.2125580e-02 -4.9700000e+00]
 [ 3.0637100e-02  5.4503160e-02  9.9790010e-01  1.3699000e+02]
 [ 9.9697442e-01  6.7555100e-02 -3.4136820e-02 -1.1676700e+03]
 [ 0.0000000e+00  0.0000000e+00  0.0000000e+00  1.0000000e+00]]
[-0067.20, +0081.27, -1071.24]
1085, 1342, 1529
[[-7.0264960e-02  9.9584264e-01 -5.2850960e-02 -5.0400000e+00]
 [ 3.1972240e-02  5.5478700e-02  9.9769708e-01  1.3704000e+02]
 [ 9.9673144e-01  6.8695880e-02 -3.5478100e-02 -1.1676300e+03]
 [ 0.0000000e+00  0.0000000e+00  0.0000000e+00  1.0000000e+00]]
[-0153.40, +0034.69, -1081.52]
2018, 2166, 1556
[[-7.1235360e-02  9.9578020e-01 -5.4792600e-02 -5.1800000e+00]
 [ 3.3078600e-02  5.7428220e-02  9.9764932e-01  1.3727000e+02]
 [ 9.9673780e-01  6.9427320e-02 -3.6872580e-02 -1.1676200e+03]
 [ 0.0000000e+00  0.0000000e+00  0.0000000e+00  1.0000000e+00]]
[-0069.50, +0032.42, -1101.33]
1446, 1180, 1096
[[-7.0229920e-02  9.9594568e-01 -5.2573120e-02 -5.0200000e+00]
 [ 3.1487680e-02  5.5082780e-02  9.9780998e-01  1.3703000e+02]
 [ 9.9683512e-01  6.8618020e-02 -3.5047140e-02 -1.1676600e+03]
 [ 0.0000000e+00  0.0000000e+00  0.0000000e+00  1.0000000e+00]]
[-0086.64, +0070.58, -1069.73]
1659, 2089, 1563
[[-7.0624180e-02  9.9582306e-01 -5.4382660e-02 -5.1400000e+00]
 [ 3.3708660e-02  5.7060780e-02  9.9762882e-01  1.3720000e+02]
 [ 9.9673706e-01  6.8818380e-02 -3.7419400e-02 -1.1676000e+03]
 [ 0.0000000e+00  0.0000000e+00  0.0000000e+00  1.0000000e+00]]
[-0091.30, +0013.23, -1094.88]
1785, 1972, 2200
[[-7.1828580e-02  9.9564962e-01 -5.4695440e-02 -5.2200000e+00]
 [ 3.2561420e-02  5.7406620e-02  9.9758576e-01  1.3720000e+02]
 [ 9.9661904e-01  7.0138640e-02 -3.6300960e-02 -1.1676500e+03]
 [ 0.0000000e+00  0.0000000e+00  0.0000000e+00  1.0000000e+00]]
[-0143.41, +0048.06, -1103.75]
940, 1486, 757
[[-6.8740020e-02  9.9611092e-01 -5.1911880e-02 -4.8800000e+00]
 [ 3.1253880e-02  5.4326460e-02  9.9788192e-01  1.3697000e+02]
 [ 9.9697292e-01  6.7142880e-02 -3.4709520e-02 -1.1676500e+03]
 [ 0.0000000e+00  0.0000000e+00  0.0000000e+00  1.0000000e+00]]
[-0077.91, -0008.20, -1080.36]
984, 1456, 1106
[[-6.902500e-02  9.960094e-01 -5.235920e-02 -4.980000e+00]
 [ 3.252560e-02  5.492700e-02  9.977570e-01  1.370200e+02]
 [ 9.968542e-01  6.739600e-02 -3.597700e-02 -1.167610e+03]
 [ 0.000000e+00  0.000000e+00  0.000000e+00  1.000000e+00]]
[-0113.15, +0005.04, -1073.50]
1100, 2164, 1896
[[-7.1451300e-02  9.9577666e-01 -5.4782020e-02 -5.1900000e+00]
 [ 3.3272740e-02  5.7428220e-02  9.9765286e-01  1.3723000e+02]
 [ 9.9672722e-01  6.9621460e-02 -3.7088520e-02 -1.1676100e+03]
 [ 0.0000000e+00  0.0000000e+00  0.0000000e+00  1.0000000e+00]]
[-0145.15, -0014.62, -1131.56]
1252, 820, 761
[[-6.9153220e-02  9.9589926e-01 -5.1690020e-02 -4.9100000e+00]
 [ 3.1441260e-02  5.4319420e-02  9.9770466e-01  1.3694000e+02]
 [ 9.9674402e-01  6.7733340e-02 -3.4733800e-02 -1.1676500e+03]
 [ 0.0000000e+00  0.0000000e+00  0.0000000e+00  1.0000000e+00]]
[-0073.55, +0088.72, -1065.77]
1122, 1574, 2190
[[-7.1199040e-02  9.9580248e-01 -5.3993600e-02 -5.2000000e+00]
 [ 3.3106800e-02  5.6651500e-02  9.9767160e-01  1.3712000e+02]
 [ 9.9671552e-01  6.9441360e-02 -3.6822100e-02 -1.1676600e+03]
 [ 0.0000000e+00  0.0000000e+00  0.0000000e+00  1.0000000e+00]]
[-0184.74, +0034.03, -1132.63]
964, 1889, 1651
[[-7.0965220e-02  9.9593390e-01 -5.3298960e-02 -5.2400000e+00]
 [ 3.3241300e-02  5.5881500e-02  9.9777840e-01  1.3715000e+02]
 [ 9.9680496e-01  6.9154800e-02 -3.6962720e-02 -1.1677300e+03]
 [ 0.0000000e+00  0.0000000e+00  0.0000000e+00  1.0000000e+00]]
[-0146.30, -0015.62, -1116.23]
1977, 1941, 1384
[[-7.1810500e-02  9.9577774e-01 -5.3990180e-02 -5.2900000e+00]
 [ 3.2890460e-02  5.6637180e-02  9.9769634e-01  1.3722000e+02]
 [ 9.9669778e-01  7.0046140e-02 -3.6656680e-02 -1.1677000e+03]
 [ 0.0000000e+00  0.0000000e+00  0.0000000e+00  1.0000000e+00]]
[-0059.60, +0045.41, -1098.27]
1192, 754, 1626
[[-8.6271220e-02  9.9469462e-01 -5.0343060e-02 -5.5300000e+00]
 [ 5.0759420e-02  5.5151180e-02  9.9692286e-01  1.3736000e+02]
 [ 9.9467346e-01  8.3751540e-02 -5.4976040e-02 -1.1671600e+03]
 [ 0.0000000e+00  0.0000000e+00  0.0000000e+00  1.0000000e+00]]
[-0168.15, +0104.27, -1105.04]
1935, 1659, 1138
[[-8.8001140e-02  9.9458306e-01 -5.1706820e-02 -5.6000000e+00]
 [ 5.0456780e-02  5.6481560e-02  9.9695966e-01  1.3747000e+02]
 [ 9.9464726e-01  8.5316980e-02 -5.4980340e-02 -1.1671700e+03]
 [ 0.0000000e+00  0.0000000e+00  0.0000000e+00  1.0000000e+00]]
[-0047.50, +0062.69, -1099.63]
1404, 2129, 2131
[[-8.7495120e-02  9.9437280e-01 -5.3283080e-02 -5.7300000e+00]
 [ 5.0992000e-02  5.8245660e-02  9.9668280e-01  1.3757000e+02]
 [ 9.9449292e-01  8.4850000e-02 -5.5475220e-02 -1.1671600e+03]
 [ 0.0000000e+00  0.0000000e+00  0.0000000e+00  1.0000000e+00]]
[-0150.83, +0008.87, -1118.62]
1496, 929, 1634
[[-8.6730100e-02  9.9466694e-01 -5.0922820e-02 -5.5800000e+00]
 [ 5.0922820e-02  5.5731000e-02  9.9691874e-01  1.3738000e+02]
 [ 9.9466694e-01  8.4129580e-02 -5.5250260e-02 -1.1671500e+03]
 [ 0.0000000e+00  0.0000000e+00  0.0000000e+00  1.0000000e+00]]
[-0142.11, +0108.85, -1098.25]
1642, 1397, 1901
[[-8.7189380e-02  9.9460680e-01 -5.2127280e-02 -5.6600000e+00]
 [ 5.0461200e-02  5.6883440e-02  9.9691420e-01  1.3745000e+02]
 [ 9.9469272e-01  8.4507800e-02 -5.4952180e-02 -1.1671800e+03]
 [ 0.0000000e+00  0.0000000e+00  0.0000000e+00  1.0000000e+00]]
[-0144.41, +0081.27, -1095.70]
1689, 1234, 1161
[[-8.6927680e-02  9.9464240e-01 -5.1134320e-02 -5.5800000e+00]
 [ 5.0509600e-02  5.5915500e-02  9.9693260e-01  1.3740000e+02]
 [ 9.9467432e-01  8.4334600e-02 -5.4868180e-02 -1.1671600e+03]
 [ 0.0000000e+00  0.0000000e+00  0.0000000e+00  1.0000000e+00]]
[-0075.10, +0085.60, -1081.82]
1911, 1837, 932
[[-8.7189380e-02  9.9451878e-01 -5.1809520e-02 -5.6000000e+00]
 [ 5.0768220e-02  5.6692540e-02  9.9681888e-01  1.3748000e+02]
 [ 9.9457248e-01  8.4603120e-02 -5.5143080e-02 -1.1671300e+03]
 [ 0.0000000e+00  0.0000000e+00  0.0000000e+00  1.0000000e+00]]
[-0032.20, +0041.44, -1115.35]
2134, 1506, 1780
[[-8.8263240e-02  9.9446988e-01 -5.2173480e-02 -5.7200000e+00]
 [ 5.0923320e-02  5.7067580e-02  9.9684602e-01  1.3753000e+02]
 [ 9.9453468e-01  8.5585220e-02 -5.5446820e-02 -1.1671400e+03]
 [ 0.0000000e+00  0.0000000e+00  0.0000000e+00  1.0000000e+00]]
[-0098.45, +0100.22, -1102.62]
1588, 1402, 880
[[-8.5636200e-02  9.9469370e-01 -5.0783700e-02 -5.5300000e+00]
 [ 5.0159340e-02  5.5539900e-02  9.9690262e-01  1.3738000e+02]
 [ 9.9472538e-01  8.3157900e-02 -5.4347460e-02 -1.1671400e+03]
 [ 0.0000000e+00  0.0000000e+00  0.0000000e+00  1.0000000e+00]]
[-0050.41, +0054.30, -1085.30]
895, 843, 1272
[[-8.5594120e-02  9.9480312e-01 -5.0302520e-02 -5.4600000e+00]
 [ 4.9886280e-02  5.4953560e-02  9.9701928e-01  1.3728000e+02]
 [ 9.9482408e-01  8.3083320e-02 -5.4101320e-02 -1.1671400e+03]
 [ 0.0000000e+00  0.0000000e+00  0.0000000e+00  1.0000000e+00]]
[-0161.82, +0066.59, -1072.22]
1102, 1723, 860
[[-8.6031400e-02  9.9477560e-01 -5.0691400e-02 -5.4900000e+00]
 [ 4.9858760e-02  5.5335800e-02  9.9702568e-01  1.3738000e+02]
 [ 9.9481768e-01  8.3472200e-02 -5.4156360e-02 -1.1671500e+03]
 [ 0.0000000e+00  0.0000000e+00  0.0000000e+00  1.0000000e+00]]
[-0070.95, -0011.47, -1093.93]
1347, 1209, 2056
[[-8.7167940e-02  9.9451888e-01 -5.1618500e-02 -5.6400000e+00]
 [ 5.0577200e-02  5.6495000e-02  9.9682960e-01  1.3743000e+02]
 [ 9.9457238e-01  8.4613840e-02 -5.4924100e-02 -1.1671600e+03]
 [ 0.0000000e+00  0.0000000e+00  0.0000000e+00  1.0000000e+00]]
[-0177.11, +0077.23, -1118.00]
847, 1417, 1143
[[-8.5375540e-02  9.9489472e-01 -5.0633560e-02 -5.4400000e+00]
 [ 4.9384960e-02  5.5144700e-02  9.9711152e-01  1.3733000e+02]
 [ 9.9495748e-01  8.2793440e-02 -5.3691600e-02 -1.1671700e+03]
 [ 0.0000000e+00  0.0000000e+00  0.0000000e+00  1.0000000e+00]]
[-0129.84, -0002.21, -1078.28]
1995, 2100, 2073
[[-8.7736260e-02  9.9447894e-01 -5.3361360e-02 -5.7700000e+00]
 [ 5.1486660e-02  5.8252220e-02  9.9677072e-01  1.3760000e+02]
 [ 9.9457776e-01  8.4937520e-02 -5.6104480e-02 -1.1671500e+03]
 [ 0.0000000e+00  0.0000000e+00  0.0000000e+00  1.0000000e+00]]
[-0116.77, +0046.36, -1097.95]
1402, 1520, 2213
[[-8.7013440e-02  9.9462056e-01 -5.2315040e-02 -5.6900000e+00]
 [ 5.0857360e-02  5.7087500e-02  9.9688952e-01  1.3747000e+02]
 [ 9.9469616e-01  8.4291920e-02 -5.5362100e-02 -1.1671400e+03]
 [ 0.0000000e+00  0.0000000e+00  0.0000000e+00  1.0000000e+00]]
[-0176.52, +0057.91, -1120.61]
865, 1711, 1099
[[-8.5552360e-02  9.9487086e-01 -5.0653740e-02 -5.4300000e+00]
 [ 4.8780660e-02  5.5131500e-02  9.9713538e-01  1.3736000e+02]
 [ 9.9496446e-01  8.3008980e-02 -5.3090900e-02 -1.1671700e+03]
 [ 0.0000000e+00  0.0000000e+00  0.0000000e+00  1.0000000e+00]]
[-0112.65, -0024.52, -1097.51]
1436, 2216, 2177
[[-8.7672400e-02  9.9434856e-01 -5.5227480e-02 -5.8800000e+00]
 [ 5.2103280e-02  6.0204700e-02  9.9659364e-01  1.3771000e+02]
 [ 9.9451716e-01  8.4761880e-02 -5.6848660e-02 -1.1671400e+03]
 [ 0.0000000e+00  0.0000000e+00  0.0000000e+00  1.0000000e+00]]
[-0147.16, +0007.55, -1120.70]
2028, 1273, 1345
[[-8.5918740e-02  9.9466896e-01 -5.1759720e-02 -5.6100000e+00]
 [ 5.0510880e-02  5.6514560e-02  9.9687376e-01  1.3748000e+02]
 [ 9.9473316e-01  8.3320480e-02 -5.4840340e-02 -1.1671500e+03]
 [ 0.0000000e+00  0.0000000e+00  0.0000000e+00  1.0000000e+00]]
[-0069.00, +0105.42, -1103.78]
1090, 1711, 826
[[-8.5791780e-02  9.9475806e-01 -5.0930200e-02 -5.4600000e+00]
 [ 4.9056940e-02  5.5520220e-02  9.9703260e-01  1.3739000e+02]
 [ 9.9485220e-01  8.3288600e-02 -5.3337000e-02 -1.1671400e+03]
 [ 0.0000000e+00  0.0000000e+00  0.0000000e+00  1.0000000e+00]]
[-0068.95, -0011.62, -1094.14]
2138, 2047, 2045
[[-8.8196980e-02  9.9448334e-01 -5.3315760e-02 -5.7700000e+00]
 [ 5.2274060e-02  5.8258700e-02  9.9676632e-01  1.3761000e+02]
 [ 9.9453864e-01  8.5314480e-02 -5.6953320e-02 -1.1670900e+03]
 [ 0.0000000e+00  0.0000000e+00  0.0000000e+00  1.0000000e+00]]
[-0106.82, +0058.64, -1097.90]
2131, 1227, 959
[[-8.6906440e-02  9.9473068e-01 -5.1260920e-02 -5.5600000e+00]
 [ 5.0011480e-02  5.5908860e-02  9.9703862e-01  1.3744000e+02]
 [ 9.9479428e-01  8.4249820e-02 -5.4458340e-02 -1.1671500e+03]
 [ 0.0000000e+00  0.0000000e+00  0.0000000e+00  1.0000000e+00]]
[-0037.94, +0100.01, -1125.43]
1282, 914, 1963
[[-8.6335060e-02  9.9466264e-01 -5.1540960e-02 -5.6300000e+00]
 [ 5.0708240e-02  5.6317100e-02  9.9689088e-01  1.3738000e+02]
 [ 9.9470544e-01  8.3719680e-02 -5.5059200e-02 -1.1671200e+03]
 [ 0.0000000e+00  0.0000000e+00  0.0000000e+00  1.0000000e+00]]
[-0179.94, +0095.76, -1126.66]
1656, 1879, 1511
[[-8.6378020e-02  9.9466248e-01 -5.1923200e-02 -5.6100000e+00]
 [ 5.1090480e-02  5.6711980e-02  9.9686940e-01  1.3750000e+02]
 [ 9.9470560e-01  8.3698200e-02 -5.5497040e-02 -1.1671300e+03]
 [ 0.0000000e+00  0.0000000e+00  0.0000000e+00  1.0000000e+00]]
[-0091.62, +0030.17, -1085.38]
2022, 1420, 1016
[[-8.7146580e-02  9.9461778e-01 -5.1536940e-02 -5.5900000e+00]
 [ 5.0287380e-02  5.6297420e-02  9.9693574e-01  1.3747000e+02]
 [ 9.9468174e-01  8.4529060e-02 -5.4705160e-02 -1.1671400e+03]
 [ 0.0000000e+00  0.0000000e+00  0.0000000e+00  1.0000000e+00]]
[-0039.27, +0084.42, -1111.19]
1533, 1432, 1106
[[-8.6313700e-02  9.9478280e-01 -5.1042900e-02 -5.5600000e+00]
 [ 5.0834720e-02  5.5737440e-02  9.9699720e-01  1.3742000e+02]
 [ 9.9479346e-01  8.3634720e-02 -5.5222500e-02 -1.1671300e+03]
 [ 0.0000000e+00  0.0000000e+00  0.0000000e+00  1.0000000e+00]]
[-0074.93, +0051.67, -1075.55]
1975, 1079, 1409
[[-8.7167940e-02  9.9462836e-01 -5.1519720e-02 -5.6600000e+00]
 [ 5.0686680e-02  5.6304060e-02  9.9692516e-01  1.3741000e+02]
 [ 9.9467116e-01  8.4518280e-02 -5.5115040e-02 -1.1671500e+03]
 [ 0.0000000e+00  0.0000000e+00  0.0000000e+00  1.0000000e+00]]
[-0084.87, +0119.42, -1108.06]
2213, 1750, 1139
[[-8.7254180e-02  9.9450762e-01 -5.2590840e-02 -5.6700000e+00]
 [ 5.1133020e-02  5.7475820e-02  9.9678636e-01  1.3754000e+02]
 [ 9.9458364e-01  8.4570840e-02 -5.5609360e-02 -1.1671600e+03]
 [ 0.0000000e+00  0.0000000e+00  0.0000000e+00  1.0000000e+00]]
[-0040.51, +0068.78, -1116.27]
880, 1593, 2173
[[-8.5721320e-02  9.9477072e-01 -5.2074080e-02 -5.5800000e+00]
 [ 5.0409120e-02  5.6711980e-02  9.9695538e-01  1.3741000e+02]
 [ 9.9485648e-01  8.3020020e-02 -5.4840340e-02 -1.1671900e+03]
 [ 0.0000000e+00  0.0000000e+00  0.0000000e+00  1.0000000e+00]]
[-0188.49, +0020.08, -1148.10]
1648, 1927, 1674
[[-8.6991880e-02  9.9462070e-01 -5.2123980e-02 -5.6400000e+00]
 [ 5.0666300e-02  5.6890040e-02  9.9690030e-01  1.3749000e+02]
 [ 9.9469602e-01  8.4302700e-02 -5.5143080e-02 -1.1671600e+03]
 [ 0.0000000e+00  0.0000000e+00  0.0000000e+00  1.0000000e+00]]
[-0105.71, +0029.53, -1087.22]
938, 1526, 2048
[[-8.5678600e-02  9.9466166e-01 -5.1790420e-02 -5.5800000e+00]
 [ 4.9917340e-02  5.6508120e-02  9.9688106e-01  1.3740000e+02]
 [ 9.9475742e-01  8.3137060e-02 -5.4211720e-02 -1.1671900e+03]
 [ 0.0000000e+00  0.0000000e+00  0.0000000e+00  1.0000000e+00]]
[-0187.64, +0023.81, -1133.84]
1407, 1892, 774
[[-8.5833780e-02  9.9497638e-01 -5.1114960e-02 -5.4800000e+00]
 [ 4.9657980e-02  5.5533420e-02  9.9720296e-01  1.3742000e+02]
 [ 9.9505016e-01  8.3076240e-02 -5.4156360e-02 -1.1671700e+03]
 [ 0.0000000e+00  0.0000000e+00  0.0000000e+00  1.0000000e+00]]
[-0041.98, +0001.47, -1112.92]
1152, 2012, 1356
[[-8.6116200e-02  9.9475392e-01 -5.1872360e-02 -5.5500000e+00]
 [ 5.0207080e-02  5.6508120e-02  9.9698304e-01  1.3745000e+02]
 [ 9.9483936e-01  8.3430040e-02 -5.4649320e-02 -1.1671700e+03]
 [ 0.0000000e+00  0.0000000e+00  0.0000000e+00  1.0000000e+00]]
[-0106.41, -0019.85, -1107.21]
1846, 1493, 1728
[[-8.7408400e-02  9.9461424e-01 -5.1905080e-02 -5.6300000e+00]
 [ 5.0863680e-02  5.6692540e-02  9.9691764e-01  1.3745000e+02]
 [ 9.9466804e-01  8.4701880e-02 -5.5362100e-02 -1.1671700e+03]
 [ 0.0000000e+00  0.0000000e+00  0.0000000e+00  1.0000000e+00]]
[-0112.46, +0084.92, -1089.32]
1007, 1103, 1310
[[-8.5770900e-02  9.9488836e-01 -5.0223880e-02 -5.4400000e+00]
 [ 4.9391320e-02  5.4749340e-02  9.9713896e-01  1.3731000e+02]
 [ 9.9493004e-01  8.3203120e-02 -5.3691600e-02 -1.1671700e+03]
 [ 0.0000000e+00  0.0000000e+00  0.0000000e+00  1.0000000e+00]]
[-0146.91, +0047.92, -1070.05]
1172, 846, 2062
[[-8.6906440e-02  9.9474128e-01 -5.1052680e-02 -5.6100000e+00]
 [ 5.0219720e-02  5.5717880e-02  9.9703872e-01  1.3736000e+02]
 [ 9.9478368e-01  8.4249720e-02 -5.4649320e-02 -1.1671700e+03]
 [ 0.0000000e+00  0.0000000e+00  0.0000000e+00  1.0000000e+00]]
[-0188.41, +0093.07, -1142.50]
1400, 1185, 1688
[[-8.6271220e-02  9.9476168e-01 -5.1076980e-02 -5.5700000e+00]
 [ 5.0036080e-02  5.5724480e-02  9.9701832e-01  1.3738000e+02]
 [ 9.9481458e-01  8.3656080e-02 -5.4402740e-02 -1.1671800e+03]
 [ 0.0000000e+00  0.0000000e+00  0.0000000e+00  1.0000000e+00]]
[-0147.55, +0078.99, -1086.83]
2148, 1601, 1341
[[-8.6794420e-02  9.9463460e-01 -5.2120720e-02 -5.6600000e+00]
 [ 5.0871400e-02  5.6896560e-02  9.9688640e-01  1.3752000e+02]
 [ 9.9469928e-01  8.4097600e-02 -5.5334020e-02 -1.1671500e+03]
 [ 0.0000000e+00  0.0000000e+00  0.0000000e+00  1.0000000e+00]]
[-0056.53, +0083.32, -1104.98]
2230, 1112, 1794
[[-8.8920900e-02  9.9455852e-01 -5.2240760e-02 -5.7900000e+00]
 [ 5.1407080e-02  5.7067580e-02  9.9695156e-01  1.3751000e+02]
 [ 9.9460196e-01  8.6072360e-02 -5.6104480e-02 -1.1671600e+03]
 [ 0.0000000e+00  0.0000000e+00  0.0000000e+00  1.0000000e+00]]
[-0103.11, +0124.53, -1126.84]
2032, 1451, 1689
[[-8.6137600e-02  9.9466576e-01 -5.1745920e-02 -5.6200000e+00]
 [ 5.0705120e-02  5.6514560e-02  9.9687696e-01  1.3745000e+02]
 [ 9.9471936e-01  8.3514720e-02 -5.5059200e-02 -1.1671600e+03]
 [ 0.0000000e+00  0.0000000e+00  0.0000000e+00  1.0000000e+00]]
[-0101.29, +0091.65, -1094.95]
1412, 1397, 2029
[[-8.6794420e-02  9.9464538e-01 -5.1912500e-02 -5.6500000e+00]
 [ 5.1079620e-02  5.6705580e-02  9.9688650e-01  1.3743000e+02]
 [ 9.9468850e-01  8.4097500e-02 -5.5525000e-02 -1.1671600e+03]
 [ 0.0000000e+00  0.0000000e+00  0.0000000e+00  1.0000000e+00]]
[-0169.75, +0065.01, -1107.99]
1978, 1505, 1464
[[-8.6772900e-02  9.9464546e-01 -5.1721420e-02 -5.6300000e+00]
 [ 5.0888540e-02  5.6508120e-02  9.9689726e-01  1.3748000e+02]
 [ 9.9468842e-01  8.4108260e-02 -5.5306020e-02 -1.1671700e+03]
 [ 0.0000000e+00  0.0000000e+00  0.0000000e+00  1.0000000e+00]]
[-0076.22, +0084.39, -1092.56]
1125, 1928, 1386
[[-8.6511240e-02  9.9464890e-01 -5.1353100e-02 -5.5400000e+00]
 [ 5.0312100e-02  5.6113080e-02  9.9691538e-01  1.3743000e+02]
 [ 9.9470210e-01  8.3935380e-02 -5.4649320e-02 -1.1671800e+03]
 [ 0.0000000e+00  0.0000000e+00  0.0000000e+00  1.0000000e+00]]
[-0113.45, -0015.42, -1101.07]
2101, 2106, 1980
[[-8.8591620e-02  9.9435630e-01 -5.3212580e-02 -5.7800000e+00]
 [ 5.1962300e-02  5.8245660e-02  9.9669930e-01  1.3762000e+02]
 [ 9.9442242e-01  8.5820300e-02 -5.6571720e-02 -1.1671400e+03]
 [ 0.0000000e+00  0.0000000e+00  0.0000000e+00  1.0000000e+00]]
[-0102.84, +0050.31, -1097.38]
1040, 1528, 1450
[[-8.6010400e-02  9.9486404e-01 -5.0817720e-02 -5.5000000e+00]
 [ 4.9360600e-02  5.5329200e-02  9.9713160e-01  1.3737000e+02]
 [ 9.9493740e-01  8.3387280e-02 -5.3746640e-02 -1.1671900e+03]
 [ 0.0000000e+00  0.0000000e+00  0.0000000e+00  1.0000000e+00]]
[-0141.01, +0011.87, -1083.64]
1171, 1343, 2015
[[-8.7146580e-02  9.9473790e-01 -5.1229880e-02 -5.6100000e+00]
 [ 5.0605100e-02  5.5915500e-02  9.9703140e-01  1.3740000e+02]
 [ 9.9476988e-01  8.4433400e-02 -5.5087080e-02 -1.1671600e+03]
 [ 0.0000000e+00  0.0000000e+00  0.0000000e+00  1.0000000e+00]]
[-0182.95, +0052.43, -1116.91]
1179, 882, 1908
[[-8.6490000e-02  9.9487840e-01 -5.0756200e-02 -5.5600000e+00]
 [ 5.0548000e-02  5.5342320e-02  9.9711724e-01  1.3734000e+02]
 [ 9.9488900e-01  8.3754760e-02 -5.5003680e-02 -1.1671800e+03]
 [ 0.0000000e+00  0.0000000e+00  0.0000000e+00  1.0000000e+00]]
[-0182.79, +0091.33, -1123.24]
1312, 2195, 1312
[[-8.6991880e-02  9.9464222e-01 -5.1707500e-02 -5.5800000e+00]
 [ 5.1082780e-02  5.6508120e-02  9.9690050e-01  1.3751000e+02]
 [ 9.9467450e-01  8.4302500e-02 -5.5525000e-02 -1.1671600e+03]
 [ 0.0000000e+00  0.0000000e+00  0.0000000e+00  1.0000000e+00]]
[-0087.88, -0018.18, -1115.65]
2070, 1900, 1656
[[-8.7451600e-02  9.9451532e-01 -5.2177560e-02 -5.7000000e+00]
 [ 5.1344440e-02  5.7087500e-02  9.9680058e-01  1.3752000e+02]
 [ 9.9455868e-01  8.4775740e-02 -5.5800260e-02 -1.1671500e+03]
 [ 0.0000000e+00  0.0000000e+00  0.0000000e+00  1.0000000e+00]]
[-0081.71, +0064.52, -1094.43]
839, 1162, 1345
[[-8.4917700e-02  9.9492216e-01 -5.0053280e-02 -5.4200000e+00]
 [ 4.9221040e-02  5.4564720e-02  9.9711564e-01  1.3729000e+02]
 [ 9.9496368e-01  8.2414840e-02 -5.3418420e-02 -1.1671700e+03]
 [ 0.0000000e+00  0.0000000e+00  0.0000000e+00  1.0000000e+00]]
[-0161.06, +0027.12, -1079.08]
1262, 2074, 2184
[[-8.7780340e-02  9.9445646e-01 -5.4159920e-02 -5.8300000e+00]
 [ 5.1452020e-02  5.9028300e-02  9.9674824e-01  1.3757000e+02]
 [ 9.9460024e-01  8.4915920e-02 -5.6161600e-02 -1.1671700e+03]
 [ 0.0000000e+00  0.0000000e+00  0.0000000e+00  1.0000000e+00]]
[-0160.23, +0007.90, -1127.82]
1635, 2076, 789
[[-8.5876100e-02  9.9474672e-01 -5.1903060e-02 -5.4900000e+00]
 [ 4.9613520e-02  5.6501600e-02  9.9699024e-01  1.3744000e+02]
 [ 9.9486354e-01  8.3246640e-02 -5.4020740e-02 -1.1671800e+03]
 [ 0.0000000e+00  0.0000000e+00  0.0000000e+00  1.0000000e+00]]
[-0035.72, +0006.48, -1129.34]
2126, 1797, 1228
[[-8.6751460e-02  9.9463484e-01 -5.1738560e-02 -5.5700000e+00]
 [ 5.0489240e-02  5.6501600e-02  9.9690788e-01  1.3751000e+02]
 [ 9.9469904e-01  8.4119080e-02 -5.4896100e-02 -1.1671600e+03]
 [ 0.0000000e+00  0.0000000e+00  0.0000000e+00  1.0000000e+00]]
[-0046.74, +0065.84, -1108.37]
843, 1769, 1556
[[-8.5615120e-02  9.9470428e-01 -5.0384400e-02 -5.4100000e+00]
 [ 5.0176280e-02  5.5151180e-02  9.9691320e-01  1.3739000e+02]
 [ 9.9471480e-01  8.3168400e-02 -5.4319940e-02 -1.1671500e+03]
 [ 0.0000000e+00  0.0000000e+00  0.0000000e+00  1.0000000e+00]]
[-0151.80, -0015.10, -1114.62]
1593, 1317, 1258
[[-8.6229060e-02  9.9487122e-01 -5.0595860e-02 -5.4800000e+00]
 [ 4.9763140e-02  5.5138140e-02  9.9713502e-01  1.3738000e+02]
 [ 9.9491322e-01  8.3581540e-02 -5.4156360e-02 -1.1671700e+03]
 [ 0.0000000e+00  0.0000000e+00  0.0000000e+00  1.0000000e+00]]
[-0087.90, +0073.76, -1075.69]
1173, 1308, 777
[[-8.5333860e-02  9.9491572e-01 -4.9834880e-02 -5.4000000e+00]
 [ 4.9418680e-02  5.4367020e-02  9.9713252e-01  1.3730000e+02]
 [ 9.9493648e-01  8.2814120e-02 -5.3636880e-02 -1.1671700e+03]
 [ 0.0000000e+00  0.0000000e+00  0.0000000e+00  1.0000000e+00]]
[-0068.37, +0027.33, -1069.20]
1159, 1559, 879
[[-8.5594120e-02  9.9480312e-01 -5.0302520e-02 -5.3900000e+00]
 [ 4.9886280e-02  5.4953560e-02  9.9701928e-01  1.3735000e+02]
 [ 9.9482408e-01  8.3083320e-02 -5.4101320e-02 -1.1671500e+03]
 [ 0.0000000e+00  0.0000000e+00  0.0000000e+00  1.0000000e+00]]
[-0073.32, +0005.57, -1080.04]
1699, 2170, 2205
[[-8.6881300e-02  9.9452454e-01 -5.2983680e-02 -5.6400000e+00]
 [ 5.1526140e-02  5.7876940e-02  9.9674736e-01  1.3758000e+02]
 [ 9.9460112e-01  8.4149760e-02 -5.6019400e-02 -1.1671200e+03]
 [ 0.0000000e+00  0.0000000e+00  0.0000000e+00  1.0000000e+00]]
[-0140.96, +0025.12, -1109.64]
1340, 1829, 1377
[[-8.6271220e-02  9.9486048e-01 -5.1186360e-02 -5.5400000e+00]
 [ 4.9937280e-02  5.5724480e-02  9.9711384e-01  1.3740000e+02]
 [ 9.9492396e-01  8.3560560e-02 -5.4402740e-02 -1.1671900e+03]
 [ 0.0000000e+00  0.0000000e+00  0.0000000e+00  1.0000000e+00]]
[-0104.27, +0009.43, -1085.20]
1559, 1195, 816
[[-8.539650e-02  9.948168e-01 -5.029930e-02 -5.470000e+00]
 [ 5.009120e-02  5.496000e-02  9.970056e-01  1.373400e+02]
 [ 9.948273e-01  8.287840e-02 -5.429250e-02 -1.167160e+03]
 [ 0.000000e+00  0.000000e+00  0.000000e+00  1.000000e+00]]
[-0048.07, +0071.04, -1084.35]
1409, 1095, 979
[[-8.5812740e-02  9.9469056e-01 -5.0387640e-02 -5.4900000e+00]
 [ 4.9971360e-02  5.5144700e-02  9.9692692e-01  1.3732000e+02]
 [ 9.9471156e-01  8.3373320e-02 -5.4128800e-02 -1.1671800e+03]
 [ 0.0000000e+00  0.0000000e+00  0.0000000e+00  1.0000000e+00]]
[-0080.73, +0074.64, -1069.08]
993, 913, 1437
[[-8.5791780e-02  9.9479990e-01 -5.0097640e-02 -5.4300000e+00]
 [ 4.9889500e-02  5.4755900e-02  9.9703300e-01  1.3727000e+02]
 [ 9.9481036e-01  8.3288200e-02 -5.4101320e-02 -1.1671700e+03]
 [ 0.0000000e+00  0.0000000e+00  0.0000000e+00  1.0000000e+00]]
[-0166.65, +0069.77, -1081.16]
1216, 1997, 1021
[[-8.7301800e-02  9.9471360e-01 -5.1059400e-02 -5.4600000e+00]
 [ 4.9809720e-02  5.5704440e-02  9.9706640e-01  1.3739000e+02]
 [ 9.9477696e-01  8.4659720e-02 -5.4267400e-02 -1.1671700e+03]
 [ 0.0000000e+00  0.0000000e+00  0.0000000e+00  1.0000000e+00]]
[-0072.64, -0017.83, -1109.44]
1416, 1119, 1945
[[-8.6313700e-02  9.9478280e-01 -5.1042900e-02 -5.6000000e+00]
 [ 5.0834720e-02  5.5737440e-02  9.9699720e-01  1.3744000e+02]
 [ 9.9479346e-01  8.3634720e-02 -5.5222500e-02 -1.1671400e+03]
 [ 0.0000000e+00  0.0000000e+00  0.0000000e+00  1.0000000e+00]]
[-0167.65, +0089.23, -1110.63]
1247, 1660, 2031
[[-8.6159080e-02  9.9467642e-01 -5.1728900e-02 -5.6000000e+00]
 [ 5.1104420e-02  5.6520920e-02  9.9686630e-01  1.3742000e+02]
 [ 9.9470870e-01  8.3503900e-02 -5.5469160e-02 -1.1671400e+03]
 [ 0.0000000e+00  0.0000000e+00  0.0000000e+00  1.0000000e+00]]
[-0172.35, +0032.84, -1112.84]
1443, 1967, 1110
[[-8.6468840e-02  9.9461742e-01 -5.1595500e-02 -5.5400000e+00]
 [ 4.9305300e-02  5.6290700e-02  9.9693610e-01  1.3743000e+02]
 [ 9.9473358e-01  8.3957060e-02 -5.3638900e-02 -1.1672100e+03]
 [ 0.0000000e+00  0.0000000e+00  0.0000000e+00  1.0000000e+00]]
[-0067.06, +0001.74, -1098.97]
854, 789, 2170
[[-8.5876100e-02  9.9479982e-01 -5.0862360e-02 -5.5300000e+00]
 [ 5.0654220e-02  5.5546300e-02  9.9699084e-01  1.3730000e+02]
 [ 9.9481044e-01  8.3246040e-02 -5.4976040e-02 -1.1671600e+03]
 [ 0.0000000e+00  0.0000000e+00  0.0000000e+00  1.0000000e+00]]
[-0200.13, +0075.27, -1167.22]
1492, 2044, 1840
[[-8.6816020e-02  9.9453578e-01 -5.2202280e-02 -5.6200000e+00]
 [ 5.1161180e-02  5.7093980e-02  9.9678012e-01  1.3744000e+02]
 [ 9.9458988e-01  8.4182280e-02 -5.5553040e-02 -1.1671300e+03]
 [ 0.0000000e+00  0.0000000e+00  0.0000000e+00  1.0000000e+00]]
[-0125.78, +0012.30, -1098.39]
1648, 2199, 1159
[[-8.7210900e-02  9.9461742e-01 -5.2110060e-02 -5.5400000e+00]
 [ 5.0860500e-02  5.6890040e-02  9.9690358e-01  1.3751000e+02]
 [ 9.9468210e-01  8.4496900e-02 -5.5362100e-02 -1.1671500e+03]
 [ 0.0000000e+00  0.0000000e+00  0.0000000e+00  1.0000000e+00]]
[-0058.52, +0001.47, -1115.26]
1477, 1875, 1727
[[-8.6335060e-02  9.9465194e-01 -5.1749140e-02 -5.5700000e+00]
 [ 5.0500060e-02  5.6508120e-02  9.9689078e-01  1.3738000e+02]
 [ 9.9471614e-01  8.3719780e-02 -5.4868180e-02 -1.1671600e+03]
 [ 0.0000000e+00  0.0000000e+00  0.0000000e+00  1.0000000e+00]]
[-0128.99, +0023.76, -1090.01]
1071, 1038, 1633
[[-8.5438660e-02  9.9492610e-01 -5.0582980e-02 -5.4600000e+00]
 [ 5.0582980e-02  5.5163900e-02  9.9708014e-01  1.3731000e+02]
 [ 9.9492610e-01  8.2761700e-02 -5.4921000e-02 -1.1671400e+03]
 [ 0.0000000e+00  0.0000000e+00  0.0000000e+00  1.0000000e+00]]
[-0172.29, +0066.12, -1091.85]
1313, 1860, 989
[[-8.6073640e-02  9.9478604e-01 -5.0865560e-02 -5.4900000e+00]
 [ 5.0449240e-02  5.5539900e-02  9.9700462e-01  1.3744000e+02]
 [ 9.9480724e-01  8.3451020e-02 -5.4784900e-02 -1.1671800e+03]
 [ 0.0000000e+00  0.0000000e+00  0.0000000e+00  1.0000000e+00]]
[-0066.02, -0002.64, -1097.22]
1668, 889, 1592
[[-8.7104100e-02  9.9473802e-01 -5.0847760e-02 -5.5900000e+00]
 [ 5.0222980e-02  5.5520220e-02  9.9705264e-01  1.3736000e+02]
 [ 9.9476976e-01  8.4454640e-02 -5.4649320e-02 -1.1672000e+03]
 [ 0.0000000e+00  0.0000000e+00  0.0000000e+00  1.0000000e+00]]
[-0127.11, +0122.89, -1106.84]
2198, 790, 1716
[[-8.8920900e-02  9.9459110e-01 -5.1615500e-02 -5.9100000e+00]
 [ 5.2032340e-02  5.6495000e-02  9.9695162e-01  1.3746000e+02]
 [ 9.9456938e-01  8.6072300e-02 -5.6677060e-02 -1.1671600e+03]
 [ 0.0000000e+00  0.0000000e+00  0.0000000e+00  1.0000000e+00]]
[-0106.15, +0136.50, -1145.04]
784, 1519, 1274
[[-8.5770900e-02  9.9481034e-01 -4.9698320e-02 -5.4500000e+00]
 [ 4.9906460e-02  5.4367020e-02  9.9704344e-01  1.3730000e+02]
 [ 9.9479992e-01  8.3298640e-02 -5.4073920e-02 -1.1671900e+03]
 [ 0.0000000e+00  0.0000000e+00  0.0000000e+00  1.0000000e+00]]
[-0142.54, -0012.11, -1092.94]
2042, 797, 1658
[[-8.7782120e-02  9.9474936e-01 -5.0580360e-02 -5.7200000e+00]
 [ 5.1413640e-02  5.5335800e-02  9.9705192e-01  1.3738000e+02]
 [ 9.9470664e-01  8.5027080e-02 -5.5907080e-02 -1.1671600e+03]
 [ 0.0000000e+00  0.0000000e+00  0.0000000e+00  1.0000000e+00]]
[-0109.65, +0137.70, -1137.94]
1739, 1302, 1601
[[-8.6708820e-02  9.9477636e-01 -5.0632940e-02 -5.6100000e+00]
 [ 5.0841160e-02  5.5342320e-02  9.9702492e-01  1.3737000e+02]
 [ 9.9476574e-01  8.4044680e-02 -5.5222500e-02 -1.1671800e+03]
 [ 0.0000000e+00  0.0000000e+00  0.0000000e+00  1.0000000e+00]]
[-0115.43, +0087.22, -1085.33]
1962, 1526, 2112
[[-8.7451600e-02  9.9453700e-01 -5.1761000e-02 -5.7400000e+00]
 [ 5.1761000e-02  5.6705580e-02  9.9680066e-01  1.3749000e+02]
 [ 9.9453700e-01  8.4775660e-02 -5.6182180e-02 -1.1671500e+03]
 [ 0.0000000e+00  0.0000000e+00  0.0000000e+00  1.0000000e+00]]
[-0136.92, +0092.37, -1107.87]
1950, 1165, 1000
[[-8.6229060e-02  9.9480388e-01 -4.9861980e-02 -5.5500000e+00]
 [ 5.0486520e-02  5.4564720e-02  9.9703948e-01  1.3734000e+02]
 [ 9.9477238e-01  8.3677080e-02 -5.4729780e-02 -1.1671900e+03]
 [ 0.0000000e+00  0.0000000e+00  0.0000000e+00  1.0000000e+00]]
[-0049.16, +0099.91, -1106.18]
1331, 1284, 2235
[[-8.6991880e-02  9.9466374e-01 -5.1291020e-02 -5.6800000e+00]
 [ 5.1499260e-02  5.6126040e-02  9.9690054e-01  1.3740000e+02]
 [ 9.9465298e-01  8.4302460e-02 -5.5907080e-02 -1.1671600e+03]
 [ 0.0000000e+00  0.0000000e+00  0.0000000e+00  1.0000000e+00]]
[-0183.34, +0071.19, -1131.60]
1574, 1979, 1442
[[-8.6073640e-02  9.9477544e-01 -5.1073720e-02 -5.6000000e+00]
 [ 5.0241080e-02  5.5731000e-02  9.9700456e-01  1.3742000e+02]
 [ 9.9481784e-01  8.3451080e-02 -5.4593800e-02 -1.1671900e+03]
 [ 0.0000000e+00  0.0000000e+00  0.0000000e+00  1.0000000e+00]]
[-0087.45, +0014.14, -1090.62]
844, 890, 883
[[-8.4460260e-02  9.9500086e-01 -4.8432820e-02 -5.3700000e+00]
 [ 5.0096980e-02  5.3027640e-02  9.9711934e-01  1.3719000e+02]
 [ 9.9491846e-01  8.2036420e-02 -5.4102660e-02 -1.1671500e+03]
 [ 0.0000000e+00  0.0000000e+00  0.0000000e+00  1.0000000e+00]]
[-0122.30, +0046.56, -1052.64]
1901, 1067, 1384
[[-8.6708820e-02  9.9478698e-01 -5.0424720e-02 -5.6100000e+00]
 [ 5.1049380e-02  5.5151180e-02  9.9702488e-01  1.3738000e+02]
 [ 9.9475512e-01  8.4044720e-02 -5.5413640e-02 -1.1671700e+03]
 [ 0.0000000e+00  0.0000000e+00  0.0000000e+00  1.0000000e+00]]
[-0088.01, +0116.04, -1101.59]
860, 1555, 1530
[[-8.5791780e-02  9.9470106e-01 -4.9988340e-02 -5.4900000e+00]
 [ 4.9988340e-02  5.4755900e-02  9.9693742e-01  1.3732000e+02]
 [ 9.9470106e-01  8.3383780e-02 -5.4101320e-02 -1.1671900e+03]
 [ 0.0000000e+00  0.0000000e+00  0.0000000e+00  1.0000000e+00]]
[-0159.56, -0000.54, -1101.24]
759, 1690, 2078
[[-8.5678600e-02  9.9480296e-01 -5.1067320e-02 -5.5800000e+00]
 [ 5.0651080e-02  5.5743800e-02  9.9697704e-01  1.3737000e+02]
 [ 9.9482424e-01  8.3041080e-02 -5.4976040e-02 -1.1671900e+03]
 [ 0.0000000e+00  0.0000000e+00  0.0000000e+00  1.0000000e+00]]
[-0184.45, +0005.80, -1152.70]
807, 1966, 1489
[[-8.5854900e-02  9.9491978e-01 -5.0364260e-02 -5.5100000e+00]
 [ 5.0780540e-02  5.4966360e-02  9.9709702e-01  1.3739000e+02]
 [ 9.9489862e-01  8.3161060e-02 -5.5139700e-02 -1.1671700e+03]
 [ 0.0000000e+00  0.0000000e+00  0.0000000e+00  1.0000000e+00]]
[-0136.81, -0030.68, -1128.34]
961, 1560, 1445
[[-8.5833780e-02  9.9482094e-01 -5.0063720e-02 -5.5100000e+00]
 [ 5.0688140e-02  5.4768780e-02  9.9701196e-01  1.3734000e+02]
 [ 9.9478932e-01  8.3267240e-02 -5.4921000e-02 -1.1671800e+03]
 [ 0.0000000e+00  0.0000000e+00  0.0000000e+00  1.0000000e+00]]
[-0145.02, +0004.19, -1089.48]
922, 1473, 1883
[[-8.5678600e-02  9.9483488e-01 -5.0442960e-02 -5.5400000e+00]
 [ 5.1275440e-02  5.5170140e-02  9.9697698e-01  1.3733000e+02]
 [ 9.9479232e-01  8.3041140e-02 -5.5549700e-02 -1.1671600e+03]
 [ 0.0000000e+00  0.0000000e+00  0.0000000e+00  1.0000000e+00]]
[-0183.38, +0020.85, -1120.47]
2087, 1493, 1046
[[-8.7125300e-02  9.9464976e-01 -5.0721120e-02 -5.6200000e+00]
 [ 5.0721120e-02  5.5526860e-02  9.9694656e-01  1.3742000e+02]
 [ 9.9464976e-01  8.4539520e-02 -5.5059200e-02 -1.1671900e+03]
 [ 0.0000000e+00  0.0000000e+00  0.0000000e+00  1.0000000e+00]]
[-0038.69, +0080.86, -1113.48]
1720, 1099, 1131
[[-8.5615120e-02  9.9483464e-01 -4.9869360e-02 -5.5300000e+00]
 [ 5.0701840e-02  5.4577520e-02  9.9700872e-01  1.3733000e+02]
 [ 9.9479256e-01  8.3072880e-02 -5.4893600e-02 -1.1671900e+03]
 [ 0.0000000e+00  0.0000000e+00  0.0000000e+00  1.0000000e+00]]
[-0077.33, +0096.07, -1084.76]
1802, 1481, 951
[[-8.5833780e-02  9.9482094e-01 -5.0063720e-02 -5.4600000e+00]
 [ 5.0688140e-02  5.4768780e-02  9.9701196e-01  1.3740000e+02]
 [ 9.9478932e-01  8.3267240e-02 -5.4921000e-02 -1.1671700e+03]
 [ 0.0000000e+00  0.0000000e+00  0.0000000e+00  1.0000000e+00]]
[-0042.00, +0062.74, -1097.34]
1471, 1385, 2246
[[-8.6378020e-02  9.9469482e-01 -5.1298660e-02 -5.6300000e+00]
 [ 5.1715020e-02  5.6138680e-02  9.9686946e-01  1.3737000e+02]
 [ 9.9467326e-01  8.3698140e-02 -5.6070340e-02 -1.1671200e+03]
 [ 0.0000000e+00  0.0000000e+00  0.0000000e+00  1.0000000e+00]]
[-0176.69, +0071.59, -1125.00]
1777, 1595, 1004
[[-8.5678600e-02  9.9483488e-01 -5.0442960e-02 -5.5000000e+00]
 [ 5.1275440e-02  5.5170140e-02  9.9697698e-01  1.3738000e+02]
 [ 9.9479232e-01  8.3041140e-02 -5.5549700e-02 -1.1671300e+03]
 [ 0.0000000e+00  0.0000000e+00  0.0000000e+00  1.0000000e+00]]
[-0045.52, +0054.45, -1095.06]
1685, 1064, 2063
[[-8.6751460e-02  9.9468834e-01 -5.0697460e-02 -5.6600000e+00]
 [ 5.1530340e-02  5.5546300e-02  9.9690798e-01  1.3735000e+02]
 [ 9.9464554e-01  8.4118980e-02 -5.5851400e-02 -1.1671800e+03]
 [ 0.0000000e+00  0.0000000e+00  0.0000000e+00  1.0000000e+00]]
[-0158.00, +0108.13, -1125.45]
1426, 1049, 1008
[[-8.5989480e-02  9.9491638e-01 -4.9585740e-02 -5.5000000e+00]
 [ 5.0210220e-02  5.4175800e-02  9.9714226e-01  1.3728000e+02]
 [ 9.9488506e-01  8.3397540e-02 -5.4483720e-02 -1.1671900e+03]
 [ 0.0000000e+00  0.0000000e+00  0.0000000e+00  1.0000000e+00]]
[-0083.15, +0081.23, -1070.22]
1221, 1247, 1312
[[-8.6052480e-02  9.9491656e-01 -5.0159280e-02 -5.5500000e+00]
 [ 5.0783760e-02  5.4768780e-02  9.9711076e-01  1.3730000e+02]
 [ 9.9488488e-01  8.3366040e-02 -5.5139700e-02 -1.1671700e+03]
 [ 0.0000000e+00  0.0000000e+00  0.0000000e+00  1.0000000e+00]]
[-0125.21, +0050.39, -1068.23]
1415, 1040, 1439
[[-8.6687620e-02  9.9469868e-01 -4.9916000e-02 -5.5600000e+00]
 [ 5.1165320e-02  5.4762380e-02  9.9693980e-01  1.3733000e+02]
 [ 9.9463520e-01  8.4151000e-02 -5.5386000e-02 -1.1671800e+03]
 [ 0.0000000e+00  0.0000000e+00  0.0000000e+00  1.0000000e+00]]
[-0128.57, +0091.74, -1079.39]
1680, 2244, 2010
[[-8.7692500e-02  9.9462160e-01 -5.2255800e-02 -5.7000000e+00]
 [ 5.1839200e-02  5.7093980e-02  9.9688848e-01  1.3754000e+02]
 [ 9.9464340e-01  8.4863520e-02 -5.6429520e-02 -1.1671600e+03]
 [ 0.0000000e+00  0.0000000e+00  0.0000000e+00  1.0000000e+00]]
[-0125.89, +0014.00, -1106.10]
956, 1144, 1996
[[-8.4761800e-02  9.9484728e-01 -5.0115360e-02 -5.3900000e+00]
 [ 5.0115360e-02  5.4775100e-02  9.9698562e-01  1.3728000e+02]
 [ 9.9484728e-01  8.2284660e-02 -5.4237860e-02 -1.1671500e+03]
 [ 0.0000000e+00  0.0000000e+00  0.0000000e+00  1.0000000e+00]]
[-0194.93, +0053.56, -1130.49]
1094, 1852, 2006
[[-8.6356500e-02  9.9469478e-01 -5.1107540e-02 -5.6100000e+00]
 [ 5.1523900e-02  5.5941260e-02  9.9688022e-01  1.3741000e+02]
 [ 9.9467330e-01  8.3708900e-02 -5.5851400e-02 -1.1671400e+03]
 [ 0.0000000e+00  0.0000000e+00  0.0000000e+00  1.0000000e+00]]
[-0168.09, +0006.83, -1124.65]
1087, 1956, 1799
[[-8.6751460e-02  9.9467764e-01 -5.0905680e-02 -5.5700000e+00]
 [ 5.1322120e-02  5.5737440e-02  9.9690804e-01  1.3740000e+02]
 [ 9.9465624e-01  8.4118920e-02 -5.5660260e-02 -1.1671600e+03]
 [ 0.0000000e+00  0.0000000e+00  0.0000000e+00  1.0000000e+00]]
[-0148.87, -0007.41, -1116.53]
1297, 1721, 1786
[[-8.6335060e-02  9.9471614e-01 -5.0500060e-02 -5.5800000e+00]
 [ 5.1749140e-02  5.5361400e-02  9.9689078e-01  1.3738000e+02]
 [ 9.9465194e-01  8.3719780e-02 -5.6014900e-02 -1.1671300e+03]
 [ 0.0000000e+00  0.0000000e+00  0.0000000e+00  1.0000000e+00]]
[-0147.14, +0025.46, -1093.45]
1653, 765, 1004
[[-8.5115400e-02  9.9495006e-01 -4.9224220e-02 -5.3700000e+00]
 [ 4.9848460e-02  5.3793240e-02  9.9712926e-01  1.3725000e+02]
 [ 9.9491898e-01  8.2619660e-02 -5.3992200e-02 -1.1671600e+03]
 [ 0.0000000e+00  0.0000000e+00  0.0000000e+00  1.0000000e+00]]
[-0076.22, +0124.80, -1098.62]
1023, 1556, 2022
[[-8.6313700e-02  9.9480412e-01 -5.0626540e-02 -5.5100000e+00]
 [ 5.1251080e-02  5.5355120e-02  9.9699716e-01  1.3735000e+02]
 [ 9.9477214e-01  8.3634760e-02 -5.5604820e-02 -1.1671600e+03]
 [ 0.0000000e+00  0.0000000e+00  0.0000000e+00  1.0000000e+00]]
[-0183.63, +0025.88, -1125.71]
1013, 920, 1579
[[-8.5157000e-02  9.9485136e-01 -4.9497480e-02 -5.4200000e+00]
 [ 5.0329800e-02  5.4188600e-02  9.9701280e-01  1.3722000e+02]
 [ 9.9480960e-01  8.2694520e-02 -5.4429160e-02 -1.1671500e+03]
 [ 0.0000000e+00  0.0000000e+00  0.0000000e+00  1.0000000e+00]]
[-0174.29, +0074.00, -1091.93]
1304, 1835, 1083
[[-8.5812740e-02  9.9479988e-01 -5.0288820e-02 -5.4500000e+00]
 [ 5.0080680e-02  5.4953560e-02  9.9702252e-01  1.3732000e+02]
 [ 9.9481038e-01  8.3277720e-02 -5.4319940e-02 -1.1671600e+03]
 [ 0.0000000e+00  0.0000000e+00  0.0000000e+00  1.0000000e+00]]
[-0076.63, -0000.41, -1091.20]
1138, 929, 921
[[-8.5094720e-02  9.9495000e-01 -4.9032960e-02 -5.3700000e+00]
 [ 4.9657200e-02  5.3595500e-02  9.9713960e-01  1.3722000e+02]
 [ 9.9491904e-01  8.2630000e-02 -5.3773780e-02 -1.1671500e+03]
 [ 0.0000000e+00  0.0000000e+00  0.0000000e+00  1.0000000e+00]]
[-0099.38, +0070.44, -1058.30]
1297, 1004, 1907
[[-8.6073640e-02  9.9491662e-01 -5.0350460e-02 -5.5100000e+00]
 [ 5.0974940e-02  5.4966360e-02  9.9710018e-01  1.3731000e+02]
 [ 9.9488482e-01  8.3355460e-02 -5.5358440e-02 -1.1671600e+03]
 [ 0.0000000e+00  0.0000000e+00  0.0000000e+00  1.0000000e+00]]
[-0175.46, +0089.13, -1114.69]
772, 877, 757
[[-8.4637480e-02  9.9499738e-01 -4.8036620e-02 -5.2400000e+00]
 [ 4.9908980e-02  5.2632120e-02  9.9714302e-01  1.3715000e+02]
 [ 9.9490522e-01  8.2251580e-02 -5.3884360e-02 -1.1671700e+03]
 [ 0.0000000e+00  0.0000000e+00  0.0000000e+00  1.0000000e+00]]
[-0113.39, +0037.07, -1049.56]
872, 1931, 1167
[[-8.6052480e-02  9.9480720e-01 -5.0258080e-02 -5.4500000e+00]
 [ 5.0674400e-02  5.4960000e-02  9.9701520e-01  1.3737000e+02]
 [ 9.9478608e-01  8.3461600e-02 -5.4948480e-02 -1.1671600e+03]
 [ 0.0000000e+00  0.0000000e+00  0.0000000e+00  1.0000000e+00]]
[-0109.29, -0034.19, -1117.20]
983, 2246, 1690
[[-8.6443060e-02  9.9477178e-01 -5.2397920e-02 -5.5800000e+00]
 [ 5.1773380e-02  5.7112940e-02  9.9693248e-01  1.3752000e+02]
 [ 9.9480448e-01  8.3570080e-02 -5.6345160e-02 -1.1671200e+03]
 [ 0.0000000e+00  0.0000000e+00  0.0000000e+00  1.0000000e+00]]
[-0132.13, -0026.10, -1138.23]
1487, 894, 1399
[[-8.4761800e-02  9.9485776e-01 -4.9907320e-02 -5.4700000e+00]
 [ 5.0323400e-02  5.4583800e-02  9.9698560e-01  1.3728000e+02]
 [ 9.9483680e-01  8.2284680e-02 -5.4429160e-02 -1.1671500e+03]
 [ 0.0000000e+00  0.0000000e+00  0.0000000e+00  1.0000000e+00]]
[-0121.84, +0110.73, -1087.44]
987, 1401, 1077
[[-8.5968640e-02  9.9479664e-01 -4.9701600e-02 -5.4500000e+00]
 [ 4.9701600e-02  5.4360460e-02  9.9705714e-01  1.3730000e+02]
 [ 9.9479664e-01  8.3503500e-02 -5.3882740e-02 -1.1672100e+03]
 [ 0.0000000e+00  0.0000000e+00  0.0000000e+00  1.0000000e+00]]
[-0113.11, +0008.85, -1070.64]
988, 1410, 1992
[[-8.6687620e-02  9.9477634e-01 -5.0441840e-02 -5.5800000e+00]
 [ 5.0650060e-02  5.5144700e-02  9.9703552e-01  1.3734000e+02]
 [ 9.9476576e-01  8.4055280e-02 -5.5003680e-02 -1.1672000e+03]
 [ 0.0000000e+00  0.0000000e+00  0.0000000e+00  1.0000000e+00]]
[-0188.29, +0034.31, -1125.32]
1197, 1102, 2176
[[-8.7146580e-02  9.9476988e-01 -5.0605100e-02 -5.6300000e+00]
 [ 5.1229880e-02  5.5342320e-02  9.9703140e-01  1.3735000e+02]
 [ 9.9473790e-01  8.4433400e-02 -5.5660260e-02 -1.1671800e+03]
 [ 0.0000000e+00  0.0000000e+00  0.0000000e+00  1.0000000e+00]]
[-0189.79, +0074.69, -1138.73]
1740, 2084, 2174
[[-8.8087380e-02  9.9448384e-01 -5.2361060e-02 -5.6700000e+00]
 [ 5.1319360e-02  5.7271800e-02  9.9682112e-01  1.3746000e+02]
 [ 9.9453814e-01  8.5369280e-02 -5.5856820e-02 -1.1671500e+03]
 [ 0.0000000e+00  0.0000000e+00  0.0000000e+00  1.0000000e+00]]
[-0139.24, +0033.00, -1104.97]
1967, 1626, 2059
[[-8.6378020e-02  9.9469482e-01 -5.1298660e-02 -5.6800000e+00]
 [ 5.1715020e-02  5.6138680e-02  9.9686946e-01  1.3748000e+02]
 [ 9.9467326e-01  8.3698140e-02 -5.6070340e-02 -1.1671500e+03]
 [ 0.0000000e+00  0.0000000e+00  0.0000000e+00  1.0000000e+00]]
[-0127.73, +0086.35, -1100.94]
812, 1353, 1136
[[-8.4324840e-02  9.9500454e-01 -4.9211740e-02 -5.4100000e+00]
 [ 5.0667740e-02  5.3818200e-02  9.9707478e-01  1.3725000e+02]
 [ 9.9493146e-01  8.1800380e-02 -5.4757800e-02 -1.1671600e+03]
 [ 0.0000000e+00  0.0000000e+00  0.0000000e+00  1.0000000e+00]]
[-0134.97, +0000.02, -1077.18]
949, 1914, 1719
[[-8.6730100e-02  9.9477638e-01 -5.0824040e-02 -5.5800000e+00]
 [ 5.1032260e-02  5.5539900e-02  9.9701428e-01  1.3742000e+02]
 [ 9.9476572e-01  8.4034040e-02 -5.5441360e-02 -1.1671900e+03]
 [ 0.0000000e+00  0.0000000e+00  0.0000000e+00  1.0000000e+00]]
[-0152.74, -0014.79, -1123.44]
1878, 1605, 1973
[[-8.7649060e-02  9.9475288e-01 -5.1358460e-02 -5.6900000e+00]
 [ 5.1983360e-02  5.6126040e-02  9.9700568e-01  1.3743000e+02]
 [ 9.9472042e-01  8.4789760e-02 -5.6564260e-02 -1.1671600e+03]
 [ 0.0000000e+00  0.0000000e+00  0.0000000e+00  1.0000000e+00]]
[-0129.73, +0082.04, -1096.88]
1308, 2108, 1489
[[-8.5876100e-02  9.9469044e-01 -5.0961120e-02 -5.5400000e+00]
 [ 5.0544840e-02  5.5737440e-02  9.9689524e-01  1.3743000e+02]
 [ 9.9471168e-01  8.3341640e-02 -5.4784900e-02 -1.1671800e+03]
 [ 0.0000000e+00  0.0000000e+00  0.0000000e+00  1.0000000e+00]]
[-0104.33, -0014.25, -1107.22]
1591, 2156, 1631
[[-8.6553960e-02  9.9464870e-01 -5.1735300e-02 -5.6200000e+00]
 [ 5.0694300e-02  5.6508120e-02  9.9689402e-01  1.3748000e+02]
 [ 9.9470230e-01  8.3914020e-02 -5.5087080e-02 -1.1671900e+03]
 [ 0.0000000e+00  0.0000000e+00  0.0000000e+00  1.0000000e+00]]
[-0100.20, +0006.01, -1099.24]
1093, 1290, 1546
[[-8.5177920e-02  9.9485144e-01 -4.9688720e-02 -5.4500000e+00]
 [ 5.0521040e-02  5.4386220e-02  9.9700234e-01  1.3730000e+02]
 [ 9.9480952e-01  8.2684060e-02 -5.4647700e-02 -1.1671800e+03]
 [ 0.0000000e+00  0.0000000e+00  0.0000000e+00  1.0000000e+00]]
[-0156.06, +0041.02, -1081.98]
1814, 2193, 1791
[[-8.6816020e-02  9.9453578e-01 -5.2202280e-02 -5.6400000e+00]
 [ 5.1161180e-02  5.7093980e-02  9.9678012e-01  1.3750000e+02]
 [ 9.9458988e-01  8.4182280e-02 -5.5553040e-02 -1.1671700e+03]
 [ 0.0000000e+00  0.0000000e+00  0.0000000e+00  1.0000000e+00]]
[-0100.54, +0021.11, -1097.71]
962, 1261, 1897
[[-8.5220000e-02  9.9484104e-01 -5.0279280e-02 -5.4500000e+00]
 [ 5.0695440e-02  5.4972640e-02  9.9698136e-01  1.3730000e+02]
 [ 9.9481992e-01  8.2662960e-02 -5.4893600e-02 -1.1671300e+03]
 [ 0.0000000e+00  0.0000000e+00  0.0000000e+00  1.0000000e+00]]
[-0189.20, +0041.92, -1118.27]
2189, 1518, 1081
[[-8.6532560e-02  9.9480096e-01 -5.0612640e-02 -5.5300000e+00]
 [ 5.1445440e-02  5.5355120e-02  9.9700032e-01  1.3746000e+02]
 [ 9.9475824e-01  8.3829120e-02 -5.5823680e-02 -1.1671300e+03]
 [ 0.0000000e+00  0.0000000e+00  0.0000000e+00  1.0000000e+00]]
[-0039.86, +0083.86, -1117.91]
1539, 1188, 2063
[[-8.6271220e-02  9.9478284e-01 -5.0660620e-02 -5.5700000e+00]
 [ 5.0452440e-02  5.5342320e-02  9.9701844e-01  1.3733000e+02]
 [ 9.9479342e-01  8.3655960e-02 -5.4784900e-02 -1.1671700e+03]
 [ 0.0000000e+00  0.0000000e+00  0.0000000e+00  1.0000000e+00]]
[-0167.87, +0089.17, -1116.95]
1995, 812, 1574
[[-8.6687620e-02  9.9468810e-01 -5.0124220e-02 -5.5500000e+00]
 [ 5.0957100e-02  5.4953560e-02  9.9693990e-01  1.3734000e+02]
 [ 9.9464578e-01  8.4150900e-02 -5.5194820e-02 -1.1671400e+03]
 [ 0.0000000e+00  0.0000000e+00  0.0000000e+00  1.0000000e+00]]
[-0104.29, +0137.58, -1131.93]
992, 1821, 1560
[[-8.6271220e-02  9.9480400e-01 -5.0244260e-02 -5.4600000e+00]
 [ 5.0868800e-02  5.4960000e-02  9.9701840e-01  1.3735000e+02]
 [ 9.9477226e-01  8.3656000e-02 -5.5167220e-02 -1.1671500e+03]
 [ 0.0000000e+00  0.0000000e+00  0.0000000e+00  1.0000000e+00]]
[-0141.88, -0012.54, -1106.74]
1595, 2067, 2042
[[-8.6837700e-02  9.9466694e-01 -5.1878220e-02 -5.6400000e+00]
 [ 5.1878220e-02  5.6718300e-02  9.9686494e-01  1.3747000e+02]
 [ 9.9466694e-01  8.4075780e-02 -5.6345160e-02 -1.1671200e+03]
 [ 0.0000000e+00  0.0000000e+00  0.0000000e+00  1.0000000e+00]]
[-0138.87, +0021.91, -1104.00]
1736, 1368, 1221
[[-8.5854900e-02  9.9482100e-01 -5.0254900e-02 -5.4800000e+00]
 [ 5.0879320e-02  5.4966360e-02  9.9700140e-01  1.3734000e+02]
 [ 9.9478926e-01  8.3256680e-02 -5.5139700e-02 -1.1671700e+03]
 [ 0.0000000e+00  0.0000000e+00  0.0000000e+00  1.0000000e+00]]
[-0073.10, +0078.15, -1083.07]
2152, 830, 1739
[[-8.7846560e-02  9.9455208e-01 -5.0934240e-02 -5.7200000e+00]
 [ 5.2184160e-02  5.5928540e-02  9.9682862e-01  1.3743000e+02]
 [ 9.9448728e-01  8.5185940e-02 -5.6564260e-02 -1.1671500e+03]
 [ 0.0000000e+00  0.0000000e+00  0.0000000e+00  1.0000000e+00]]
[-0109.07, +0135.51, -1141.46]
1995, 1715, 1736
[[-8.6532560e-02  9.9468084e-01 -5.0919600e-02 -5.5400000e+00]
 [ 5.1127800e-02  5.5737440e-02  9.9690484e-01  1.3743000e+02]
 [ 9.9467016e-01  8.3924600e-02 -5.5441360e-02 -1.1671600e+03]
 [ 0.0000000e+00  0.0000000e+00  0.0000000e+00  1.0000000e+00]]
[-0101.30, +0067.77, -1089.71]
1625, 1124, 1330
[[-8.5396500e-02  9.9483780e-01 -4.9883100e-02 -5.4700000e+00]
 [ 5.0507400e-02  5.4577520e-02  9.9700556e-01  1.3728000e+02]
 [ 9.9480630e-01  8.2878440e-02 -5.4674980e-02 -1.1671500e+03]
 [ 0.0000000e+00  0.0000000e+00  0.0000000e+00  1.0000000e+00]]
[-0102.12, +0092.91, -1079.87]
1500, 1014, 1015
[[-8.5136160e-02  9.9495012e-01 -4.9415480e-02 -5.4200000e+00]
 [ 5.0039720e-02  5.3990940e-02  9.9711888e-01  1.3724000e+02]
 [ 9.9491892e-01  8.2609280e-02 -5.4210660e-02 -1.1671700e+03]
 [ 0.0000000e+00  0.0000000e+00  0.0000000e+00  1.0000000e+00]]
[-0080.45, +0089.27, -1074.29]
1222, 868, 1561
[[-8.5636200e-02  9.9495462e-01 -4.9753660e-02 -5.5300000e+00]
 [ 5.1210500e-02  5.4392460e-02  9.9709362e-01  1.3726000e+02]
 [ 9.9488070e-01  8.2966900e-02 -5.5494900e-02 -1.1671300e+03]
 [ 0.0000000e+00  0.0000000e+00  0.0000000e+00  1.0000000e+00]]
[-0160.21, +0094.89, -1092.30]
1258, 1257, 1884
[[-8.6313700e-02  9.9469470e-01 -5.0725300e-02 -5.5600000e+00]
 [ 5.1141660e-02  5.5546300e-02  9.9690162e-01  1.3735000e+02]
 [ 9.9467338e-01  8.3730300e-02 -5.5413640e-02 -1.1671700e+03]
 [ 0.0000000e+00  0.0000000e+00  0.0000000e+00  1.0000000e+00]]
[-0172.59, +0063.95, -1102.91]
1007, 1052, 1993
[[-8.6250100e-02  9.9480394e-01 -5.0053120e-02 -5.5000000e+00]
 [ 5.0677660e-02  5.4762380e-02  9.9702896e-01  1.3728000e+02]
 [ 9.9477232e-01  8.3666560e-02 -5.4948480e-02 -1.1671800e+03]
 [ 0.0000000e+00  0.0000000e+00  0.0000000e+00  1.0000000e+00]]
[-0194.54, +0065.11, -1130.31]
2120, 1628, 1492
[[-8.7189380e-02  9.9466050e-01 -5.1085980e-02 -5.5800000e+00]
 [ 5.1502500e-02  5.5928540e-02  9.9691450e-01  1.3747000e+02]
 [ 9.9463902e-01  8.4507500e-02 -5.5907080e-02 -1.1671300e+03]
 [ 0.0000000e+00  0.0000000e+00  0.0000000e+00  1.0000000e+00]]
[-0068.32, +0082.33, -1099.12]
844, 1480, 1746
[[-8.5417540e-02  9.9483786e-01 -5.0074320e-02 -5.4300000e+00]
 [ 5.0698620e-02  5.4775100e-02  9.9699504e-01  1.3729000e+02]
 [ 9.9480624e-01  8.2867920e-02 -5.4893600e-02 -1.1671400e+03]
 [ 0.0000000e+00  0.0000000e+00  0.0000000e+00  1.0000000e+00]]
[-0178.28, +0010.78, -1115.12]
2148, 857, 1180
[[-8.6843200e-02  9.9487184e-01 -4.9964080e-02 -5.5500000e+00]
 [ 5.0172320e-02  5.4551600e-02  9.9716596e-01  1.3731000e+02]
 [ 9.9486136e-01  8.4185720e-02 -5.4566160e-02 -1.1671900e+03]
 [ 0.0000000e+00  0.0000000e+00  0.0000000e+00  1.0000000e+00]]
[-0066.16, +0131.06, -1135.40]
1810, 2055, 879
[[-8.5854900e-02  9.9479984e-01 -5.0671180e-02 -5.4700000e+00]
 [ 5.0463040e-02  5.5348760e-02  9.9700144e-01  1.3740000e+02]
 [ 9.9481042e-01  8.3256640e-02 -5.4757300e-02 -1.1671500e+03]
 [ 0.0000000e+00  0.0000000e+00  0.0000000e+00  1.0000000e+00]]
[-0035.50, +0017.63, -1124.53]
989, 1876, 2067
[[-8.569992e-02  9.948136e-01 -5.105040e-02 -5.510000e+00]
 [ 5.105040e-02  5.575008e-02  9.969664e-01  1.373300e+02]
 [ 9.948136e-01  8.303040e-02 -5.538600e-02 -1.167160e+03]
 [ 0.000000e+00  0.000000e+00  0.000000e+00  1.000000e+00]]
[-0173.06, +0003.69, -1137.06]
792, 1724, 880
[[-8.4896980e-02  9.9497394e-01 -4.8821700e-02 -5.2600000e+00]
 [ 5.0070060e-02  5.3410520e-02  9.9712590e-01  1.3724000e+02]
 [ 9.9491190e-01  8.2425300e-02 -5.4156500e-02 -1.1671500e+03]
 [ 0.0000000e+00  0.0000000e+00  0.0000000e+00  1.0000000e+00]]
[-0095.97, -0030.96, -1103.32]
778, 910, 1798
[[-8.4522420e-02  9.9497008e-01 -4.9630840e-02 -5.4200000e+00]
 [ 5.0046880e-02  5.4194880e-02  9.9708856e-01  1.3715000e+02]
 [ 9.9494924e-01  8.2005040e-02 -5.4183540e-02 -1.1671500e+03]
 [ 0.0000000e+00  0.0000000e+00  0.0000000e+00  1.0000000e+00]]
[-0201.18, +0058.29, -1126.49]
1587, 1611, 1569
[[-8.6116200e-02  9.9470858e-01 -5.0722140e-02 -5.5200000e+00]
 [ 5.1346620e-02  5.5552620e-02  9.9688774e-01  1.3736000e+02]
 [ 9.9467654e-01  8.3525340e-02 -5.5604820e-02 -1.1671300e+03]
 [ 0.0000000e+00  0.0000000e+00  0.0000000e+00  1.0000000e+00]]
[-0110.56, +0052.69, -1078.92]
2237, 1780, 1920
[[-8.7275940e-02  9.9455108e-01 -5.1948820e-02 -5.7000000e+00]
 [ 5.2157080e-02  5.6909360e-02  9.9677572e-01  1.3752000e+02]
 [ 9.9454018e-01  8.4559720e-02 -5.6592340e-02 -1.1671200e+03]
 [ 0.0000000e+00  0.0000000e+00  0.0000000e+00  1.0000000e+00]]
[-0099.19, +0083.62, -1100.72]
1194, 1217, 2124
[[-8.6159080e-02  9.9464228e-01 -5.0370480e-02 -5.5300000e+00]
 [ 5.2452080e-02  5.5373720e-02  9.9677028e-01  1.3735000e+02]
 [ 9.9453468e-01  8.3599920e-02 -5.6616360e-02 -1.1671100e+03]
 [ 0.0000000e+00  0.0000000e+00  0.0000000e+00  1.0000000e+00]]
[-0187.86, +0065.83, -1129.40]
1468, 1971, 1983
[[-8.6356500e-02  9.9468404e-01 -5.1315720e-02 -5.5700000e+00]
 [ 5.1315720e-02  5.6132400e-02  9.9688024e-01  1.3739000e+02]
 [ 9.9468404e-01  8.3708880e-02 -5.5660260e-02 -1.1671600e+03]
 [ 0.0000000e+00  0.0000000e+00  0.0000000e+00  1.0000000e+00]]
[-0142.27, +0020.21, -1102.27]
1552, 2134, 1815
[[-8.6991880e-02  9.9466374e-01 -5.1291020e-02 -5.5400000e+00]
 [ 5.1499260e-02  5.6126040e-02  9.9690054e-01  1.3743000e+02]
 [ 9.9465298e-01  8.4302460e-02 -5.5907080e-02 -1.1671400e+03]
 [ 0.0000000e+00  0.0000000e+00  0.0000000e+00  1.0000000e+00]]
[-0117.51, +0008.60, -1100.39]
1889, 973, 1195
[[-8.5833780e-02  9.9483148e-01 -4.9855580e-02 -5.4800000e+00]
 [ 5.0896280e-02  5.4577520e-02  9.9701188e-01  1.3733000e+02]
 [ 9.9477878e-01  8.3267320e-02 -5.5112260e-02 -1.1671600e+03]
 [ 0.0000000e+00  0.0000000e+00  0.0000000e+00  1.0000000e+00]]
[-0073.34, +0120.84, -1106.80]
1677, 1570, 1567
[[-8.5678600e-02  9.9483488e-01 -5.0442960e-02 -5.4900000e+00]
 [ 5.1275440e-02  5.5170140e-02  9.9697698e-01  1.3734000e+02]
 [ 9.9479232e-01  8.3041140e-02 -5.5549700e-02 -1.1671400e+03]
 [ 0.0000000e+00  0.0000000e+00  0.0000000e+00  1.0000000e+00]]
[-0110.19, +0058.96, -1079.93]
885, 1386, 1986
[[-8.5791780e-02  9.9478944e-01 -5.0305780e-02 -5.4400000e+00]
 [ 4.9681360e-02  5.4947040e-02  9.9703296e-01  1.3729000e+02]
 [ 9.9482082e-01  8.3288240e-02 -5.3910180e-02 -1.1672100e+03]
 [ 0.0000000e+00  0.0000000e+00  0.0000000e+00  1.0000000e+00]]
[-0191.83, +0028.69, -1132.40]
2013, 1532, 2025
[[-8.7275940e-02  9.9466066e-01 -5.1850140e-02 -5.6600000e+00]
 [ 5.2266660e-02  5.6718300e-02  9.9687122e-01  1.3737000e+02]
 [ 9.9463886e-01  8.4464220e-02 -5.6783400e-02 -1.1671300e+03]
 [ 0.0000000e+00  0.0000000e+00  0.0000000e+00  1.0000000e+00]]
[-0125.67, +0094.73, -1104.25]
1288, 1187, 2032
[[-8.5502500e-02  9.9485950e-01 -5.0423000e-02 -5.5100000e+00]
 [ 5.1879700e-02  5.5182380e-02  9.9695236e-01  1.3730000e+02]
 [ 9.9478460e-01  8.2825640e-02 -5.6151120e-02 -1.1671300e+03]
 [ 0.0000000e+00  0.0000000e+00  0.0000000e+00  1.0000000e+00]]
[-0179.80, +0073.88, -1118.08]
1144, 1855, 1389
[[-8.6208100e-02  9.9477244e-01 -5.0295380e-02 -5.4500000e+00]
 [ 4.9670840e-02  5.4940440e-02  9.9704996e-01  1.3733000e+02]
 [ 9.9480382e-01  8.3687560e-02 -5.3937700e-02 -1.1671900e+03]
 [ 0.0000000e+00  0.0000000e+00  0.0000000e+00  1.0000000e+00]]
[-0116.96, -0009.61, -1095.54]
1617, 1144, 1294
[[-8.5594120e-02  9.9492290e-01 -4.9995580e-02 -5.4500000e+00]
 [ 5.0203700e-02  5.4571160e-02  9.9711490e-01  1.3728000e+02]
 [ 9.9491242e-01  8.2987700e-02 -5.4483720e-02 -1.1671700e+03]
 [ 0.0000000e+00  0.0000000e+00  0.0000000e+00  1.0000000e+00]]
[-0095.75, +0092.22, -1079.36]
1734, 2078, 1179
[[-8.7563140e-02  9.9462184e-01 -5.1109800e-02 -5.5300000e+00]
 [ 5.0693200e-02  5.5908860e-02  9.9695316e-01  1.3745000e+02]
 [ 9.9464316e-01  8.4928200e-02 -5.5115040e-02 -1.1671800e+03]
 [ 0.0000000e+00  0.0000000e+00  0.0000000e+00  1.0000000e+00]]
[-0055.32, +0014.30, -1106.75]
1182, 1053, 1803
[[-8.6708820e-02  9.9480822e-01 -5.0008280e-02 -5.5400000e+00]
 [ 5.1465820e-02  5.4768780e-02  9.9702468e-01  1.3730000e+02]
 [ 9.9473388e-01  8.4044920e-02 -5.5796040e-02 -1.1671900e+03]
 [ 0.0000000e+00  0.0000000e+00  0.0000000e+00  1.0000000e+00]]
[-0177.15, +0075.22, -1104.79]
1683, 1919, 1866
[[-8.6816020e-02  9.9467776e-01 -5.1478920e-02 -5.6600000e+00]
 [ 5.1895360e-02  5.6329820e-02  9.9687576e-01  1.3746000e+02]
 [ 9.9465612e-01  8.4086640e-02 -5.6317200e-02 -1.1671600e+03]
 [ 0.0000000e+00  0.0000000e+00  0.0000000e+00  1.0000000e+00]]
[-0123.63, +0036.48, -1090.98]
1317, 980, 1756
[[-8.4366760e-02  9.9487452e-01 -5.0109160e-02 -5.3200000e+00]
 [ 5.0525160e-02  5.4787500e-02  9.9695838e-01  1.3725000e+02]
 [ 9.9485348e-01  8.1874860e-02 -5.4620500e-02 -1.1670600e+03]
 [ 0.0000000e+00  0.0000000e+00  0.0000000e+00  1.0000000e+00]]
[-0164.84, +0092.08, -1101.69]
1871, 1244, 1801
[[-8.5086340e-02  9.9485494e-01 -5.0849960e-02 -5.4100000e+00]
 [ 5.1474140e-02  5.5571100e-02  9.9693572e-01  1.3735000e+02]
 [ 9.9482284e-01  8.2426120e-02 -5.5741000e-02 -1.1670600e+03]
 [ 0.0000000e+00  0.0000000e+00  0.0000000e+00  1.0000000e+00]]
[-0122.92, +0106.88, -1102.18]
1789, 2072, 1515
[[-8.5043700e-02  9.9492168e-01 -5.1200960e-02 -5.3600000e+00]
 [ 5.0368720e-02  5.5750080e-02  9.9705264e-01  1.3739000e+02]
 [ 9.9496416e-01  8.2351840e-02 -5.4729780e-02 -1.1670800e+03]
 [ 0.0000000e+00  0.0000000e+00  0.0000000e+00  1.0000000e+00]]
[-0080.34, +0020.18, -1095.10]
1267, 824, 1779
[[-8.4740880e-02  9.9495652e-01 -4.9825280e-02 -5.3300000e+00]
 [ 5.0033320e-02  5.4386220e-02  9.9709172e-01  1.3723000e+02]
 [ 9.9494608e-01  8.2199480e-02 -5.4210660e-02 -1.1671000e+03]
 [ 0.0000000e+00  0.0000000e+00  0.0000000e+00  1.0000000e+00]]
[-0171.47, +0102.66, -1114.14]
825, 2174, 1684
[[-8.4169300e-02  9.9494470e-01 -5.1047300e-02 -5.2600000e+00]
 [ 4.9799420e-02  5.5558860e-02  9.9704030e-01  1.3738000e+02]
 [ 9.9500794e-01  8.1574420e-02 -5.4046600e-02 -1.1670800e+03]
 [ 0.0000000e+00  0.0000000e+00  0.0000000e+00  1.0000000e+00]]
[-0139.44, -0029.37, -1145.82]
2210, 1498, 866
[[-8.5699920e-02  9.9473624e-01 -5.0524760e-02 -5.3800000e+00]
 [ 5.1565360e-02  5.5367600e-02  9.9687068e-01  1.3738000e+02]
 [ 9.9468284e-01  8.3126120e-02 -5.5768480e-02 -1.1670300e+03]
 [ 0.0000000e+00  0.0000000e+00  0.0000000e+00  1.0000000e+00]]
[-0028.61, +0079.89, -1130.84]
1030, 1215, 1167
[[-8.3867280e-02  9.9498980e-01 -4.9463440e-02 -5.2400000e+00]
 [ 4.9671400e-02  5.4003500e-02  9.9707920e-01  1.3723000e+02]
 [ 9.9497944e-01  8.1421600e-02 -5.3719780e-02 -1.1670900e+03]
 [ 0.0000000e+00  0.0000000e+00  0.0000000e+00  1.0000000e+00]]
[-0125.78, +0033.78, -1064.61]
1466, 1022, 887
[[-8.3888040e-02  9.9500022e-01 -4.9446860e-02 -5.2400000e+00]
 [ 5.0070740e-02  5.4009660e-02  9.9706878e-01  1.3721000e+02]
 [ 9.9496902e-01  8.1411260e-02 -5.4129540e-02 -1.1670700e+03]
 [ 0.0000000e+00  0.0000000e+00  0.0000000e+00  1.0000000e+00]]
[-0066.21, +0085.06, -1075.23]
766, 1855, 1561
[[-8.4127300e-02  9.9506462e-01 -5.0357840e-02 -5.2300000e+00]
 [ 4.9733900e-02  5.4781340e-02  9.9715712e-01  1.3728000e+02]
 [ 9.9509600e-01  8.1499600e-02 -5.3992200e-02 -1.1670800e+03]
 [ 0.0000000e+00  0.0000000e+00  0.0000000e+00  1.0000000e+00]]
[-0151.20, -0026.02, -1128.66]
2031, 1036, 2075
[[-8.7341700e-02  9.9458420e-01 -5.1897100e-02 -5.6800000e+00]
 [ 5.3354920e-02  5.6927960e-02  9.9674260e-01  1.3746000e+02]
 [ 9.9450706e-01  8.4527080e-02 -5.7823300e-02 -1.1670100e+03]
 [ 0.0000000e+00  0.0000000e+00  0.0000000e+00  1.0000000e+00]]
[-0134.95, +0121.21, -1131.95]
1024, 1193, 2202
[[-8.4409000e-02  9.9486400e-01 -5.0699800e-02 -5.3700000e+00]
 [ 5.0699800e-02  5.5373720e-02  9.9693728e-01  1.3728000e+02]
 [ 9.9486400e-01  8.1853720e-02 -5.4866280e-02 -1.1670700e+03]
 [ 0.0000000e+00  0.0000000e+00  0.0000000e+00  1.0000000e+00]]
[-0194.84, +0056.81, -1144.50]
1631, 1506, 2108
[[-8.6094880e-02  9.9479664e-01 -5.0848560e-02 -5.4400000e+00]
 [ 5.0848560e-02  5.5546300e-02  9.9699402e-01  1.3737000e+02]
 [ 9.9479664e-01  8.3440380e-02 -5.5194820e-02 -1.1670800e+03]
 [ 0.0000000e+00  0.0000000e+00  0.0000000e+00  1.0000000e+00]]
[-0154.92, +0072.73, -1104.26]
1934, 829, 1356
[[-8.4761800e-02  9.9496702e-01 -4.9808540e-02 -5.3600000e+00]
 [ 5.0432660e-02  5.4392460e-02  9.9708122e-01  1.3727000e+02]
 [ 9.9493558e-01  8.2189060e-02 -5.4620500e-02 -1.1670700e+03]
 [ 0.0000000e+00  0.0000000e+00  0.0000000e+00  1.0000000e+00]]
[-0089.33, +0135.15, -1121.76]
1768, 1284, 1652
[[-8.5220000e-02  9.9473172e-01 -5.0378040e-02 -5.3700000e+00]
 [ 5.0586120e-02  5.5163900e-02  9.9688576e-01  1.3731000e+02]
 [ 9.9472116e-01  8.2758560e-02 -5.4702340e-02 -1.1670800e+03]
 [ 0.0000000e+00  0.0000000e+00  0.0000000e+00  1.0000000e+00]]
[-0118.58, +0092.49, -1088.93]
1936, 1506, 1709
[[-8.5918740e-02  9.9471176e-01 -5.0927160e-02 -5.4300000e+00]
 [ 5.1343440e-02  5.5750080e-02  9.9687392e-01  1.3738000e+02]
 [ 9.9469036e-01  8.3320320e-02 -5.5604820e-02 -1.1670700e+03]
 [ 0.0000000e+00  0.0000000e+00  0.0000000e+00  1.0000000e+00]]
[-0103.04, +0087.51, -1091.18]
1948, 1215, 1957
[[-8.6073640e-02  9.9478604e-01 -5.0865560e-02 -5.4600000e+00]
 [ 5.0449240e-02  5.5539900e-02  9.9700462e-01  1.3736000e+02]
 [ 9.9480724e-01  8.3451020e-02 -5.4784900e-02 -1.1670900e+03]
 [ 0.0000000e+00  0.0000000e+00  0.0000000e+00  1.0000000e+00]]
[-0130.64, +0113.02, -1114.89]
1164, 1577, 2181
[[-8.5283720e-02  9.9493986e-01 -5.0962380e-02 -5.4300000e+00]
 [ 5.1170460e-02  5.5565020e-02  9.9704514e-01  1.3734000e+02]
 [ 9.9492918e-01  8.2535460e-02 -5.5549700e-02 -1.1670400e+03]
 [ 0.0000000e+00  0.0000000e+00  0.0000000e+00  1.0000000e+00]]
[-0183.57, +0037.05, -1129.36]
937, 1774, 2071
[[-8.5177920e-02  9.9491880e-01 -5.0422240e-02 -5.2900000e+00]
 [ 4.9798000e-02  5.4960000e-02  9.9709800e-01  1.3730000e+02]
 [ 9.9495024e-01  8.2588400e-02 -5.4073920e-02 -1.1671100e+03]
 [ 0.0000000e+00  0.0000000e+00  0.0000000e+00  1.0000000e+00]]
[-0177.27, +0007.08, -1137.58]
1098, 1300, 990
[[-8.4917700e-02  9.9496368e-01 -4.9221040e-02 -5.2300000e+00]
 [ 5.0053280e-02  5.3799600e-02  9.9711564e-01  1.3722000e+02]
 [ 9.9492216e-01  8.2414840e-02 -5.4183540e-02 -1.1670700e+03]
 [ 0.0000000e+00  0.0000000e+00  0.0000000e+00  1.0000000e+00]]
[-0097.59, +0026.77, -1063.86]
1073, 1727, 1791
[[-8.4409000e-02  9.9497330e-01 -5.0601100e-02 -5.3200000e+00]
 [ 5.0809100e-02  5.5182380e-02  9.9703294e-01  1.3731000e+02]
 [ 9.9496270e-01  8.1758060e-02 -5.5057620e-02 -1.1670500e+03]
 [ 0.0000000e+00  0.0000000e+00  0.0000000e+00  1.0000000e+00]]
[-0161.02, +0007.13, -1108.29]
1258, 1530, 1002
[[-8.5157000e-02  9.9484092e-01 -4.9705560e-02 -5.2500000e+00]
 [ 5.0121720e-02  5.4379900e-02  9.9701286e-01  1.3726000e+02]
 [ 9.9482004e-01  8.2694460e-02 -5.4237860e-02 -1.1670800e+03]
 [ 0.0000000e+00  0.0000000e+00  0.0000000e+00  1.0000000e+00]]
[-0079.73, +0019.70, -1074.62]
814, 1580, 1894
[[-8.4543300e-02  9.9493874e-01 -5.0446220e-02 -5.2900000e+00]
 [ 4.9614140e-02  5.4966360e-02  9.9707806e-01  1.3727000e+02]
 [ 9.9498058e-01  8.1994660e-02 -5.3828100e-02 -1.1671100e+03]
 [ 0.0000000e+00  0.0000000e+00  0.0000000e+00  1.0000000e+00]]
[-0182.79, +0006.00, -1132.90]
2137, 1033, 1456
[[-8.5459860e-02  9.9483798e-01 -5.0456760e-02 -5.4100000e+00]
 [ 5.1081060e-02  5.5170140e-02  9.9697388e-01  1.3733000e+02]
 [ 9.9480612e-01  8.2846760e-02 -5.5330960e-02 -1.1670400e+03]
 [ 0.0000000e+00  0.0000000e+00  0.0000000e+00  1.0000000e+00]]
[-0081.66, +0125.94, -1121.99]
2007, 1641, 1149
[[-8.5001380e-02  9.9494292e-01 -5.0402280e-02 -5.3300000e+00]
 [ 5.0402280e-02  5.4972640e-02  9.9707388e-01  1.3733000e+02]
 [ 9.9494292e-01  8.2372920e-02 -5.4674980e-02 -1.1670700e+03]
 [ 0.0000000e+00  0.0000000e+00  0.0000000e+00  1.0000000e+00]]
[-0049.55, +0065.16, -1100.57]
2134, 1015, 1049
[[-8.5220000e-02  9.9474228e-01 -5.0169960e-02 -5.3700000e+00]
 [ 5.0794200e-02  5.4972640e-02  9.9688572e-01  1.3731000e+02]
 [ 9.9471060e-01  8.2758600e-02 -5.4893600e-02 -1.1670700e+03]
 [ 0.0000000e+00  0.0000000e+00  0.0000000e+00  1.0000000e+00]]
[-0050.80, +0118.11, -1128.76]
1447, 1802, 1945
[[-8.5678600e-02  9.9491234e-01 -5.0968580e-02 -5.4100000e+00]
 [ 5.0760460e-02  5.5552620e-02  9.9707266e-01  1.3736000e+02]
 [ 9.9492298e-01  8.2945460e-02 -5.5167220e-02 -1.1670700e+03]
 [ 0.0000000e+00  0.0000000e+00  0.0000000e+00  1.0000000e+00]]
[-0150.17, +0030.69, -1098.54]
796, 1597, 1472
[[-8.3233140e-02  9.9510818e-01 -4.9596360e-02 -5.1900000e+00]
 [ 4.9388460e-02  5.4009660e-02  9.9715532e-01  1.3722000e+02]
 [ 9.9511852e-01  8.0732040e-02 -5.3474640e-02 -1.1670800e+03]
 [ 0.0000000e+00  0.0000000e+00  0.0000000e+00  1.0000000e+00]]
[-0154.77, -0010.34, -1104.93]
1187, 1309, 1264
[[-8.4522420e-02  9.9497008e-01 -4.9630840e-02 -5.2500000e+00]
 [ 5.0046880e-02  5.4194880e-02  9.9708856e-01  1.3723000e+02]
 [ 9.9494924e-01  8.2005040e-02 -5.4183540e-02 -1.1670700e+03]
 [ 0.0000000e+00  0.0000000e+00  0.0000000e+00  1.0000000e+00]]
[-0121.38, +0041.01, -1067.42]
1511, 2117, 1325
[[-8.5678600e-02  9.9480296e-01 -5.1067320e-02 -5.3600000e+00]
 [ 5.0651080e-02  5.5743800e-02  9.9697704e-01  1.3739000e+02]
 [ 9.9482424e-01  8.3041080e-02 -5.4976040e-02 -1.1670900e+03]
 [ 0.0000000e+00  0.0000000e+00  0.0000000e+00  1.0000000e+00]]
[-0077.11, -0001.85, -1103.61]
1962, 2027, 902
[[-8.5043700e-02  9.9482296e-01 -5.1091620e-02 -5.3300000e+00]
 [ 5.0467440e-02  5.5750080e-02  9.9695704e-01  1.3743000e+02]
 [ 9.9485482e-01  8.2447440e-02 -5.4729780e-02 -1.1670700e+03]
 [ 0.0000000e+00  0.0000000e+00  0.0000000e+00  1.0000000e+00]]
[-0032.41, +0031.07, -1124.98]
822, 1750, 1337
[[-8.3888040e-02  9.9497942e-01 -4.9862780e-02 -5.2000000e+00]
 [ 4.9654820e-02  5.4392460e-02  9.9706882e-01  1.3724000e+02]
 [ 9.9498982e-01  8.1411220e-02 -5.3746740e-02 -1.1670800e+03]
 [ 0.0000000e+00  0.0000000e+00  0.0000000e+00  1.0000000e+00]]
[-0136.20, -0021.31, -1106.20]
1381, 805, 1274
[[-8.424196e-02  9.948640e-01 -4.916924e-02 -5.240000e+00]
 [ 4.916924e-02  5.379324e-02  9.970208e-01  1.371900e+02]
 [ 9.948640e-01  8.193724e-02 -5.311876e-02 -1.167110e+03]
 [ 0.000000e+00  0.000000e+00  0.000000e+00  1.000000e+00]]
[-0121.48, +0110.87, -1082.47]
1278, 1250, 1311
[[-8.5375540e-02  9.9493656e-01 -4.9801160e-02 -5.2800000e+00]
 [ 5.0217360e-02  5.4379900e-02  9.9711168e-01  1.3725000e+02]
 [ 9.9491564e-01  8.2793280e-02 -5.4456400e-02 -1.1670800e+03]
 [ 0.0000000e+00  0.0000000e+00  0.0000000e+00  1.0000000e+00]]
[-0120.33, +0054.14, -1068.00]
1714, 887, 796
[[-8.4917700e-02  9.9496368e-01 -4.9221040e-02 -5.2400000e+00]
 [ 5.0053280e-02  5.3799600e-02  9.9711564e-01  1.3722000e+02]
 [ 9.9492216e-01  8.2414840e-02 -5.4183540e-02 -1.1670900e+03]
 [ 0.0000000e+00  0.0000000e+00  0.0000000e+00  1.0000000e+00]]
[-0047.34, +0110.16, -1102.45]
2191, 1031, 1339
[[-8.6137600e-02  9.9481808e-01 -5.0814560e-02 -5.4800000e+00]
 [ 5.1647200e-02  5.5558860e-02  9.9697258e-01  1.3736000e+02]
 [ 9.9477520e-01  8.3419100e-02 -5.6014900e-02 -1.1670500e+03]
 [ 0.0000000e+00  0.0000000e+00  0.0000000e+00  1.0000000e+00]]
[-0070.75, +0123.81, -1126.55]
1185, 1958, 906
[[-8.5177920e-02  9.9492928e-01 -5.0214160e-02 -5.3000000e+00]
 [ 5.0006080e-02  5.4768780e-02  9.9709804e-01  1.3732000e+02]
 [ 9.9493976e-01  8.2588360e-02 -5.4265140e-02 -1.1671100e+03]
 [ 0.0000000e+00  0.0000000e+00  0.0000000e+00  1.0000000e+00]]
[-0065.84, -0018.94, -1111.39]
972, 2079, 927
[[-8.5177920e-02  9.9492928e-01 -5.0214160e-02 -5.3000000e+00]
 [ 5.0006080e-02  5.4768780e-02  9.9709804e-01  1.3733000e+02]
 [ 9.9493976e-01  8.2588360e-02 -5.4265140e-02 -1.1671300e+03]
 [ 0.0000000e+00  0.0000000e+00  0.0000000e+00  1.0000000e+00]]
[-0078.13, -0035.60, -1130.70]
1183, 829, 946
[[-8.4720040e-02  9.9508652e-01 -4.9119080e-02 -5.3100000e+00]
 [ 5.0367320e-02  5.3614460e-02  9.9719762e-01  1.3720000e+02]
 [ 9.9502412e-01  8.2114420e-02 -5.4566340e-02 -1.1671200e+03]
 [ 0.0000000e+00  0.0000000e+00  0.0000000e+00  1.0000000e+00]]
[-0102.85, +0086.75, -1061.55]
995, 1196, 801
[[-8.3430720e-02  9.9512576e-01 -4.8975680e-02 -5.2500000e+00]
 [ 4.9807360e-02  5.3429120e-02  9.9716864e-01  1.3721000e+02]
 [ 9.9508448e-01  8.0936960e-02 -5.3857600e-02 -1.1671100e+03]
 [ 0.0000000e+00  0.0000000e+00  0.0000000e+00  1.0000000e+00]]
[-0087.46, +0021.22, -1061.42]
1287, 1875, 1954
[[-8.6356500e-02  9.9468404e-01 -5.1315720e-02 -5.5000000e+00]
 [ 5.1315720e-02  5.6132400e-02  9.9688024e-01  1.3740000e+02]
 [ 9.9468404e-01  8.3708880e-02 -5.5660260e-02 -1.1671100e+03]
 [ 0.0000000e+00  0.0000000e+00  0.0000000e+00  1.0000000e+00]]
[-0156.63, +0014.80, -1109.01]
1076, 1956, 845
[[-8.5615120e-02  9.9482412e-01 -5.0077480e-02 -5.3400000e+00]
 [ 5.0493720e-02  5.4768780e-02  9.9700878e-01  1.3731000e+02]
 [ 9.9480308e-01  8.3072820e-02 -5.4702340e-02 -1.1671200e+03]
 [ 0.0000000e+00  0.0000000e+00  0.0000000e+00  1.0000000e+00]]
[-0067.30, -0026.22, -1117.38]
2036, 1791, 2189
[[-8.7035080e-02  9.9466378e-01 -5.1673140e-02 -5.6400000e+00]
 [ 5.1881380e-02  5.6520920e-02  9.9687894e-01  1.3748000e+02]
 [ 9.9465294e-01  8.4280860e-02 -5.6345160e-02 -1.1671000e+03]
 [ 0.0000000e+00  0.0000000e+00  0.0000000e+00  1.0000000e+00]]
[-0131.77, +0078.22, -1104.13]
1009, 1786, 2199
[[-8.5241160e-02  9.9480928e-01 -5.1094760e-02 -5.4600000e+00]
 [ 5.0262440e-02  5.5743800e-02  9.9697072e-01  1.3738000e+02]
 [ 9.9485168e-01  8.2652440e-02 -5.4538600e-02 -1.1671400e+03]
 [ 0.0000000e+00  0.0000000e+00  0.0000000e+00  1.0000000e+00]]
[-0180.06, +0015.96, -1140.50]
977, 1380, 1634
[[-8.4938500e-02  9.9494292e-01 -4.9828440e-02 -5.2500000e+00]
 [ 4.9828440e-02  5.4379900e-02  9.9710532e-01  1.3722000e+02]
 [ 9.9494292e-01  8.2404360e-02 -5.4019360e-02 -1.1670900e+03]
 [ 0.0000000e+00  0.0000000e+00  0.0000000e+00  1.0000000e+00]]
[-0166.80, +0025.37, -1093.64]
759, 751, 1511
[[-8.3410120e-02  9.9502686e-01 -4.8675140e-02 -5.1500000e+00]
 [ 4.9714740e-02  5.3231500e-02  9.9708318e-01  1.3713000e+02]
 [ 9.9497546e-01  8.1043020e-02 -5.3639380e-02 -1.1670800e+03]
 [ 0.0000000e+00  0.0000000e+00  0.0000000e+00  1.0000000e+00]]
[-0191.85, +0067.74, -1100.41]
1675, 1771, 2092
[[-8.6751460e-02  9.9475500e-01 -5.1431580e-02 -5.4500000e+00]
 [ 5.0806920e-02  5.6119600e-02  9.9700356e-01  1.3741000e+02]
 [ 9.9478710e-01  8.4023400e-02 -5.5278100e-02 -1.1670900e+03]
 [ 0.0000000e+00  0.0000000e+00  0.0000000e+00  1.0000000e+00]]
[-0147.71, +0055.43, -1100.24]
1686, 2113, 2110
[[-8.6004980e-02  9.9470106e-01 -5.1899940e-02 -5.4900000e+00]
 [ 5.1899940e-02  5.6730700e-02  9.9683082e-01  1.3746000e+02]
 [ 9.9470106e-01  8.3277180e-02 -5.6289320e-02 -1.1670300e+03]
 [ 0.0000000e+00  0.0000000e+00  0.0000000e+00  1.0000000e+00]]
[-0137.02, +0025.96, -1104.53]
2064, 1361, 1640
[[-8.5699920e-02  9.9482428e-01 -5.0842280e-02 -5.4300000e+00]
 [ 5.1258520e-02  5.5558860e-02  9.9696638e-01  1.3738000e+02]
 [ 9.9480292e-01  8.3030420e-02 -5.5577220e-02 -1.1670600e+03]
 [ 0.0000000e+00  0.0000000e+00  0.0000000e+00  1.0000000e+00]]
[-0091.30, +0106.76, -1102.80]
798, 1250, 1645
[[-8.4283240e-02  9.9498354e-01 -4.9245060e-02 -5.2100000e+00]
 [ 4.9869060e-02  5.3805880e-02  9.9709578e-01  1.3721000e+02]
 [ 9.9495246e-01  8.1820980e-02 -5.3938120e-02 -1.1671000e+03]
 [ 0.0000000e+00  0.0000000e+00  0.0000000e+00  1.0000000e+00]]
[-0181.96, +0023.16, -1104.56]
2135, 1311, 1344
[[-8.6052480e-02  9.9479664e-01 -5.0466240e-02 -5.4000000e+00]
 [ 5.0466240e-02  5.5151180e-02  9.9701522e-01  1.3736000e+02]
 [ 9.9479664e-01  8.3461580e-02 -5.4757300e-02 -1.1670700e+03]
 [ 0.0000000e+00  0.0000000e+00  0.0000000e+00  1.0000000e+00]]
[-0064.08, +0105.27, -1109.76]
1575, 833, 1743
[[-8.5220000e-02  9.9496092e-01 -4.9972440e-02 -5.3400000e+00]
 [ 5.1012840e-02  5.4590000e-02  9.9707688e-01  1.3724000e+02]
 [ 9.9490812e-01  8.2567440e-02 -5.5276240e-02 -1.1670700e+03]
 [ 0.0000000e+00  0.0000000e+00  0.0000000e+00  1.0000000e+00]]
[-0148.20, +0119.12, -1115.51]
1881, 1463, 1649
[[-8.5459860e-02  9.9493672e-01 -5.0566120e-02 -5.3900000e+00]
 [ 5.0982320e-02  5.5170140e-02  9.9706952e-01  1.3735000e+02]
 [ 9.9491548e-01  8.2751120e-02 -5.5330960e-02 -1.1670700e+03]
 [ 0.0000000e+00  0.0000000e+00  0.0000000e+00  1.0000000e+00]]
[-0101.14, +0086.71, -1088.65]
2221, 1139, 841
[[-8.5615120e-02  9.9492292e-01 -5.0186800e-02 -5.3500000e+00]
 [ 5.0394920e-02  5.4768780e-02  9.9710440e-01  1.3733000e+02]
 [ 9.9491240e-01  8.2977200e-02 -5.4702340e-02 -1.1670800e+03]
 [ 0.0000000e+00  0.0000000e+00  0.0000000e+00  1.0000000e+00]]
[-0033.63, +0103.46, -1139.45]
1440, 2089, 2189
[[-8.5369800e-02  9.9481964e-01 -5.2034120e-02 -5.4700000e+00]
 [ 5.1617960e-02  5.6736780e-02  9.9690646e-01  1.3743000e+02]
 [ 9.9484132e-01  8.2588060e-02 -5.6042580e-02 -1.1670700e+03]
 [ 0.0000000e+00  0.0000000e+00  0.0000000e+00  1.0000000e+00]]
[-0154.29, +0015.11, -1117.98]
1663, 1758, 900
[[-8.537554e-02  9.949261e-01 -5.000926e-02 -5.300000e+00]
 [ 5.000926e-02  5.457116e-02  9.971117e-01  1.373100e+02]
 [ 9.949261e-01  8.279326e-02 -5.426514e-02 -1.167080e+03]
 [ 0.000000e+00  0.000000e+00  0.000000e+00  1.000000e+00]]
[-0041.38, +0032.47, -1100.93]
1799, 1845, 1142
[[-8.6073640e-02  9.9481784e-01 -5.0241080e-02 -5.3800000e+00]
 [ 5.1073720e-02  5.4966360e-02  9.9700456e-01  1.3742000e+02]
 [ 9.9477544e-01  8.3451080e-02 -5.5358440e-02 -1.1670800e+03]
 [ 0.0000000e+00  0.0000000e+00  0.0000000e+00  1.0000000e+00]]
[-0051.91, +0037.96, -1097.13]
987, 1005, 1072
[[-8.3867280e-02  9.9502088e-01 -4.8839560e-02 -5.2300000e+00]
 [ 5.0295280e-02  5.3429120e-02  9.9707896e-01  1.3717000e+02]
 [ 9.9494836e-01  8.1421840e-02 -5.4294160e-02 -1.1670800e+03]
 [ 0.0000000e+00  0.0000000e+00  0.0000000e+00  1.0000000e+00]]
[-0127.92, +0051.25, -1059.28]
1834, 2090, 1016
[[-8.5876100e-02  9.9478920e-01 -5.1070500e-02 -5.4300000e+00]
 [ 5.0446080e-02  5.5737440e-02  9.9699080e-01  1.3744000e+02]
 [ 9.9482106e-01  8.3246080e-02 -5.4784900e-02 -1.1671000e+03]
 [ 0.0000000e+00  0.0000000e+00  0.0000000e+00  1.0000000e+00]]
[-0041.63, +0019.36, -1118.10]
847, 1355, 2147
[[-8.4366760e-02  9.9485348e-01 -5.0525160e-02 -5.3200000e+00]
 [ 5.0109160e-02  5.5170140e-02  9.9695838e-01  1.3725000e+02]
 [ 9.9487452e-01  8.1874860e-02 -5.4237860e-02 -1.1671100e+03]
 [ 0.0000000e+00  0.0000000e+00  0.0000000e+00  1.0000000e+00]]
[-0195.95, +0034.00, -1149.33]
1980, 1468, 1575
[[-8.6468840e-02  9.9476904e-01 -5.0663880e-02 -5.4400000e+00]
 [ 5.0247480e-02  5.5335800e-02  9.9703224e-01  1.3734000e+02]
 [ 9.9479016e-01  8.3860920e-02 -5.4593800e-02 -1.1671100e+03]
 [ 0.0000000e+00  0.0000000e+00  0.0000000e+00  1.0000000e+00]]
[-0086.80, +0092.13, -1093.41]
819, 841, 833
[[-8.3982820e-02  9.9510576e-01 -4.8186260e-02 -5.1600000e+00]
 [ 4.9226160e-02  5.2632120e-02  9.9722928e-01  1.3711000e+02]
 [ 9.9505486e-01  8.1571920e-02 -5.3229700e-02 -1.1671200e+03]
 [ 0.0000000e+00  0.0000000e+00  0.0000000e+00  1.0000000e+00]]
[-0120.47, +0048.14, -1050.55]
1038, 845, 1506
[[-8.4917700e-02  9.9495330e-01 -4.9429100e-02 -5.3400000e+00]
 [ 4.9845220e-02  5.3990940e-02  9.9711570e-01  1.3720000e+02]
 [ 9.9493254e-01  8.2414780e-02 -5.3992200e-02 -1.1671200e+03]
 [ 0.0000000e+00  0.0000000e+00  0.0000000e+00  1.0000000e+00]]
[-0169.43, +0083.36, -1088.97]
1692, 1900, 1625
[[-8.55025e-02  9.94718e-01 -5.11460e-02 -5.47000e+00]
 [ 5.11460e-02  5.59475e-02  9.96857e-01  1.37420e+02]
 [ 9.94718e-01  8.29210e-02 -5.53860e-02 -1.16707e+03]
 [ 0.00000e+00  0.00000e+00  0.00000e+00  1.00000e+00]]
[-0100.33, +0034.07, -1085.91]
1461, 2240, 2171
[[-8.6486820e-02  9.9464012e-01 -5.3295160e-02 -5.5800000e+00]
 [ 5.1629720e-02  5.8080480e-02  9.9681476e-01  1.3756000e+02]
 [ 9.9472796e-01  8.3644040e-02 -5.6210340e-02 -1.1671100e+03]
 [ 0.0000000e+00  0.0000000e+00  0.0000000e+00  1.0000000e+00]]
[-0145.31, +0007.26, -1119.58]
852, 1392, 2178
[[-8.4803880e-02  9.9495658e-01 -5.0399180e-02 -5.3400000e+00]
 [ 5.0607220e-02  5.4978840e-02  9.9706022e-01  1.3728000e+02]
 [ 9.9494602e-01  8.2167980e-02 -5.4866280e-02 -1.1671000e+03]
 [ 0.0000000e+00  0.0000000e+00  0.0000000e+00  1.0000000e+00]]
[-0194.87, +0032.25, -1151.15]
1592, 1257, 1203
[[-8.5354660e-02  9.9502494e-01 -4.9927280e-02 -5.3400000e+00]
 [ 4.9719180e-02  5.4373500e-02  9.9721776e-01  1.3727000e+02]
 [ 9.9503536e-01  8.2708080e-02 -5.4046600e-02 -1.1671300e+03]
 [ 0.0000000e+00  0.0000000e+00  0.0000000e+00  1.0000000e+00]]
[-0084.52, +0077.93, -1075.94]
1970, 1734, 2080
[[-8.6399620e-02  9.9479354e-01 -5.1599280e-02 -5.5400000e+00]
 [ 5.1807460e-02  5.6336060e-02  9.9695424e-01  1.3745000e+02]
 [ 9.9478272e-01  8.3591760e-02 -5.6289320e-02 -1.1670800e+03]
 [ 0.0000000e+00  0.0000000e+00  0.0000000e+00  1.0000000e+00]]
[-0128.97, +0077.02, -1099.41]
1342, 857, 2100
[[-8.4606420e-02  9.9497024e-01 -5.0396120e-02 -5.4300000e+00]
 [ 5.0812160e-02  5.4984960e-02  9.9704656e-01  1.3728000e+02]
 [ 9.9494908e-01  8.1963040e-02 -5.5057620e-02 -1.1670900e+03]
 [ 0.0000000e+00  0.0000000e+00  0.0000000e+00  1.0000000e+00]]
[-0179.98, +0101.93, -1142.69]
1476, 2205, 859
[[-8.5615120e-02  9.9488084e-01 -5.1019280e-02 -5.3400000e+00]
 [ 4.9562440e-02  5.5533420e-02  9.9710416e-01  1.3741000e+02]
 [ 9.9495448e-01  8.2977440e-02 -5.3937700e-02 -1.1671100e+03]
 [ 0.0000000e+00  0.0000000e+00  0.0000000e+00  1.0000000e+00]]
[-0047.63, -0008.54, -1132.69]
987, 1758, 1603
[[-8.5157000e-02  9.9491886e-01 -5.0230980e-02 -5.3000000e+00]
 [ 4.9606740e-02  5.4762380e-02  9.9710846e-01  1.3728000e+02]
 [ 9.9495018e-01  8.2598860e-02 -5.3855380e-02 -1.1671000e+03]
 [ 0.0000000e+00  0.0000000e+00  0.0000000e+00  1.0000000e+00]]
[-0150.63, -0003.37, -1104.37]
2203, 2209, 2246
[[-8.7538960e-02  9.9461364e-01 -5.3051200e-02 -5.6300000e+00]
 [ 5.2009800e-02  5.7876940e-02  9.9685236e-01  1.3759000e+02]
 [ 9.9466864e-01  8.4636600e-02 -5.6677060e-02 -1.1670900e+03]
 [ 0.0000000e+00  0.0000000e+00  0.0000000e+00  1.0000000e+00]]
[-0116.53, +0051.75, -1104.02]
1479, 1203, 2003
[[-8.5876100e-02  9.9472230e-01 -5.0336700e-02 -5.4000000e+00]
 [ 5.1169260e-02  5.5163900e-02  9.9689518e-01  1.3728000e+02]
 [ 9.9467982e-01  8.3341700e-02 -5.5358440e-02 -1.1670900e+03]
 [ 0.0000000e+00  0.0000000e+00  0.0000000e+00  1.0000000e+00]]
[-0166.52, +0083.71, -1109.98]
1397, 2019, 1808
[[-8.5262400e-02  9.9483048e-01 -5.0869840e-02 -5.4000000e+00]
 [ 5.0869840e-02  5.5558860e-02  9.9696018e-01  1.3737000e+02]
 [ 9.9483048e-01  8.2641740e-02 -5.5139700e-02 -1.1671100e+03]
 [ 0.0000000e+00  0.0000000e+00  0.0000000e+00  1.0000000e+00]]
[-0131.20, +0005.00, -1101.48]
2029, 1979, 2096
[[-8.6618640e-02  9.9477960e-01 -5.1793520e-02 -5.5700000e+00]
 [ 5.1793520e-02  5.6527200e-02  9.9695736e-01  1.3746000e+02]
 [ 9.9477960e-01  8.3786000e-02 -5.6317200e-02 -1.1670900e+03]
 [ 0.0000000e+00  0.0000000e+00  0.0000000e+00  1.0000000e+00]]
[-0120.52, +0061.26, -1098.09]
1909, 1081, 1829
[[-8.5417540e-02  9.9481678e-01 -5.0490520e-02 -5.4200000e+00]
 [ 5.0282420e-02  5.5157580e-02  9.9699508e-01  1.3730000e+02]
 [ 9.9482732e-01  8.2867880e-02 -5.4511120e-02 -1.1671100e+03]
 [ 0.0000000e+00  0.0000000e+00  0.0000000e+00  1.0000000e+00]]
[-0126.62, +0117.81, -1113.95]
2035, 855, 1464
[[-8.5854900e-02  9.9483158e-01 -5.0046760e-02 -5.4400000e+00]
 [ 5.1087460e-02  5.4775100e-02  9.9700132e-01  1.3732000e+02]
 [ 9.9477868e-01  8.3256760e-02 -5.5330960e-02 -1.1671000e+03]
 [ 0.0000000e+00  0.0000000e+00  0.0000000e+00  1.0000000e+00]]
[-0091.30, +0135.57, -1128.93]
1224, 2030, 845
[[-8.4782800e-02  9.9483676e-01 -5.0514680e-02 -5.3200000e+00]
 [ 5.0098600e-02  5.5163900e-02  9.9697510e-01  1.3732000e+02]
 [ 9.9485780e-01  8.2274180e-02 -5.4265140e-02 -1.1671000e+03]
 [ 0.0000000e+00  0.0000000e+00  0.0000000e+00  1.0000000e+00]]
[-0057.68, -0019.72, -1121.75]
1754, 1833, 2190
[[-8.6159080e-02  9.9468718e-01 -5.1520740e-02 -5.5400000e+00]
 [ 5.1312580e-02  5.6329820e-02  9.9686634e-01  1.3744000e+02]
 [ 9.9469794e-01  8.3503860e-02 -5.5660260e-02 -1.1670900e+03]
 [ 0.0000000e+00  0.0000000e+00  0.0000000e+00  1.0000000e+00]]
[-0148.70, +0057.34, -1104.56]
1703, 1815, 947
[[-8.4980340e-02  9.9484414e-01 -5.0101720e-02 -5.3400000e+00]
 [ 5.0309780e-02  5.4775100e-02  9.9698876e-01  1.3732000e+02]
 [ 9.9483364e-01  8.2479080e-02 -5.4456400e-02 -1.1671100e+03]
 [ 0.0000000e+00  0.0000000e+00  0.0000000e+00  1.0000000e+00]]
[-0043.96, +0029.64, -1102.10]
2078, 1542, 943
[[-8.5876100e-02  9.9483168e-01 -5.0237940e-02 -5.4200000e+00]
 [ 5.1278640e-02  5.4972640e-02  9.9699072e-01  1.3737000e+02]
 [ 9.9477858e-01  8.3246160e-02 -5.5549700e-02 -1.1671000e+03]
 [ 0.0000000e+00  0.0000000e+00  0.0000000e+00  1.0000000e+00]]
[-0031.85, +0074.66, -1118.77]
1915, 2123, 1260
[[-8.550250e-02  9.948274e-01 -5.104730e-02 -5.430000e+00]
 [ 5.125540e-02  5.575628e-02  9.969526e-01  1.374200e+02]
 [ 9.948167e-01  8.282540e-02 -5.557722e-02 -1.167070e+03]
 [ 0.000000e+00  0.000000e+00  0.000000e+00  1.000000e+00]]
[-0055.20, +0021.52, -1108.16]
941, 1246, 1417
[[-8.4324840e-02  9.9498366e-01 -4.9627740e-02 -5.2900000e+00]
 [ 5.0251740e-02  5.4201080e-02  9.9707498e-01  1.3722000e+02]
 [ 9.9495234e-01  8.1800180e-02 -5.4374920e-02 -1.1671100e+03]
 [ 0.0000000e+00  0.0000000e+00  0.0000000e+00  1.0000000e+00]]
[-0157.40, +0029.42, -1079.80]
1962, 2124, 1040
[[-8.6399620e-02  9.9478272e-01 -5.1807460e-02 -5.4400000e+00]
 [ 5.1599280e-02  5.6527200e-02  9.9695424e-01  1.3753000e+02]
 [ 9.9479354e-01  8.3591760e-02 -5.6098180e-02 -1.1670500e+03]
 [ 0.0000000e+00  0.0000000e+00  0.0000000e+00  1.0000000e+00]]
[-0040.76, +0025.82, -1119.74]
1694, 968, 1900
[[-8.4782800e-02  9.9483676e-01 -5.0514680e-02 -5.4500000e+00]
 [ 5.0098600e-02  5.5163900e-02  9.9697510e-01  1.3728000e+02]
 [ 9.9485780e-01  8.2274180e-02 -5.4265140e-02 -1.1671300e+03]
 [ 0.0000000e+00  0.0000000e+00  0.0000000e+00  1.0000000e+00]]
[-0149.05, +0114.96, -1119.69]
1903, 1645, 2090
[[-8.6137600e-02  9.9468720e-01 -5.1329600e-02 -5.5200000e+00]
 [ 5.1121440e-02  5.6132400e-02  9.9687708e-01  1.3744000e+02]
 [ 9.9469792e-01  8.3514600e-02 -5.5441360e-02 -1.1671200e+03]
 [ 0.0000000e+00  0.0000000e+00  0.0000000e+00  1.0000000e+00]]
[-0137.55, +0078.09, -1101.27]
1137, 1805, 862
[[-8.4959380e-02  9.9495338e-01 -4.9811660e-02 -5.2800000e+00]
 [ 5.0227780e-02  5.4386220e-02  9.9709486e-01  1.3731000e+02]
 [ 9.9493246e-01  8.2393940e-02 -5.4429160e-02 -1.1671100e+03]
 [ 0.0000000e+00  0.0000000e+00  0.0000000e+00  1.0000000e+00]]
[-0067.34, -0013.92, -1100.07]
1959, 2029, 1125
[[-8.5481140e-02  9.9481672e-01 -5.1064180e-02 -5.4300000e+00]
 [ 5.0856080e-02  5.5750080e-02  9.9696328e-01  1.3745000e+02]
 [ 9.9482738e-01  8.2836080e-02 -5.5167220e-02 -1.1670900e+03]
 [ 0.0000000e+00  0.0000000e+00  0.0000000e+00  1.0000000e+00]]
[-0043.78, +0032.71, -1112.01]
1605, 1769, 2159
[[-8.5305120e-02  9.9484120e-01 -5.1044240e-02 -5.4700000e+00]
 [ 5.1460400e-02  5.5762400e-02  9.9693880e-01  1.3736000e+02]
 [ 9.9481976e-01  8.2620400e-02 -5.5768480e-02 -1.1670700e+03]
 [ 0.0000000e+00  0.0000000e+00  0.0000000e+00  1.0000000e+00]]
[-0159.67, +0049.10, -1107.69]
1954, 1148, 1795
[[-8.5876100e-02  9.9481044e-01 -5.0654220e-02 -5.4300000e+00]
 [ 5.0862360e-02  5.5355120e-02  9.9699084e-01  1.3735000e+02]
 [ 9.9479982e-01  8.3246040e-02 -5.5167220e-02 -1.1671000e+03]
 [ 0.0000000e+00  0.0000000e+00  0.0000000e+00  1.0000000e+00]]
[-0117.58, +0117.20, -1111.01]
1423, 1561, 1679
[[-8.482504e-02  9.949672e-01 -5.038244e-02 -5.370000e+00]
 [ 5.100656e-02  5.498496e-02  9.970496e-01  1.373400e+02]
 [ 9.949354e-01  8.215744e-02 -5.527624e-02 -1.167050e+03]
 [ 0.000000e+00  0.000000e+00  0.000000e+00  1.000000e+00]]
[-0135.58, +0044.95, -1082.39]
2229, 1436, 2148
[[-8.7780340e-02  9.9454494e-01 -5.2493520e-02 -5.7200000e+00]
 [ 5.3118420e-02  5.7501260e-02  9.9674904e-01  1.3756000e+02]
 [ 9.9451176e-01  8.4915120e-02 -5.7688640e-02 -1.1670400e+03]
 [ 0.0000000e+00  0.0000000e+00  0.0000000e+00  1.0000000e+00]]
[-0123.85, +0105.04, -1116.74]
911, 1882, 1265
[[-8.3908880e-02  9.9488064e-01 -4.9944960e-02 -5.2000000e+00]
 [ 4.9944960e-02  5.4590000e-02  9.9696272e-01  1.3727000e+02]
 [ 9.9488064e-01  8.1496480e-02 -5.3965120e-02 -1.1670800e+03]
 [ 0.0000000e+00  0.0000000e+00  0.0000000e+00  1.0000000e+00]]
[-0118.37, -0028.43, -1110.38]
2206, 2195, 1331
[[-8.6508820e-02  9.9461792e-01 -5.3902640e-02 -5.4800000e+00]
 [ 5.1404480e-02  5.8659500e-02  9.9680336e-01  1.3774000e+02]
 [ 9.9475016e-01  8.3633440e-02 -5.6047680e-02 -1.1670500e+03]
 [ 0.0000000e+00  0.0000000e+00  0.0000000e+00  1.0000000e+00]]
[-0052.74, +0038.56, -1111.61]
1085, 2078, 1074
[[-8.4522420e-02  9.9505846e-01 -4.9948080e-02 -5.2200000e+00]
 [ 4.9740060e-02  5.4386220e-02  9.9718424e-01  1.3729000e+02]
 [ 9.9506888e-01  8.1909360e-02 -5.3992200e-02 -1.1671000e+03]
 [ 0.0000000e+00  0.0000000e+00  0.0000000e+00  1.0000000e+00]]
[-0086.62, -0025.06, -1116.27]
2036, 1250, 2127
[[-8.6202280e-02  9.9480748e-01 -5.1596200e-02 -5.5600000e+00]
 [ 5.2012520e-02  5.6342220e-02  9.9694030e-01  1.3742000e+02]
 [ 9.9478580e-01  8.3386700e-02 -5.6480500e-02 -1.1670300e+03]
 [ 0.0000000e+00  0.0000000e+00  0.0000000e+00  1.0000000e+00]]
[-0136.05, +0110.56, -1122.18]
1877, 1450, 1965
[[-8.5481140e-02  9.9493676e-01 -5.0757360e-02 -5.4000000e+00]
 [ 5.1173560e-02  5.5367600e-02  9.9705888e-01  1.3735000e+02]
 [ 9.9491544e-01  8.2740480e-02 -5.5549700e-02 -1.1670800e+03]
 [ 0.0000000e+00  0.0000000e+00  0.0000000e+00  1.0000000e+00]]
[-0133.94, +0087.29, -1098.95]
924, 1633, 1460
[[-8.4064900e-02  9.9486716e-01 -4.9565380e-02 -5.2400000e+00]
 [ 4.9357400e-02  5.4188600e-02  9.9699700e-01  1.3729000e+02]
 [ 9.9487750e-01  8.1722120e-02 -5.3337060e-02 -1.1670900e+03]
 [ 0.0000000e+00  0.0000000e+00  0.0000000e+00  1.0000000e+00]]
[-0144.67, -0006.13, -1096.39]
882, 1974, 1996
[[-8.5438660e-02  9.9478502e-01 -5.1306040e-02 -5.3900000e+00]
 [ 4.9849340e-02  5.5928540e-02  9.9698428e-01  1.3733000e+02]
 [ 9.9485908e-01  8.2857560e-02 -5.4156360e-02 -1.1671100e+03]
 [ 0.0000000e+00  0.0000000e+00  0.0000000e+00  1.0000000e+00]]
[-0166.12, -0008.58, -1143.12]
1966, 900, 1636
[[-8.5417540e-02  9.9473908e-01 -4.9965000e-02 -5.4100000e+00]
 [ 5.0797400e-02  5.4775100e-02  9.9689940e-01  1.3728000e+02]
 [ 9.9469692e-01  8.2963560e-02 -5.4893600e-02 -1.1670900e+03]
 [ 0.0000000e+00  0.0000000e+00  0.0000000e+00  1.0000000e+00]]
[-0108.78, +0133.03, -1124.45]
2104, 1793, 797
[[-8.5657360e-02  9.9481360e-01 -5.0668000e-02 -5.3600000e+00]
 [ 5.0668000e-02  5.5355120e-02  9.9698768e-01  1.3744000e+02]
 [ 9.9481360e-01  8.3051680e-02 -5.4948480e-02 -1.1671000e+03]
 [ 0.0000000e+00  0.0000000e+00  0.0000000e+00  1.0000000e+00]]
[-0024.76, +0053.21, -1131.74]
890, 1082, 1291
[[-8.3826000e-02  9.9498976e-01 -4.9080680e-02 -5.1800000e+00]
 [ 4.9288640e-02  5.3608220e-02  9.9709984e-01  1.3720000e+02]
 [ 9.9497948e-01  8.1442240e-02 -5.3283220e-02 -1.1671100e+03]
 [ 0.0000000e+00  0.0000000e+00  0.0000000e+00  1.0000000e+00]]
[-0154.63, +0037.97, -1071.67]
758, 1864, 2179
[[-8.4297220e-02  9.9485774e-01 -5.3859300e-02 -5.4700000e+00]
 [ 4.9283740e-02  5.8271420e-02  9.9697410e-01  1.3743000e+02]
 [ 9.9509490e-01  8.1512700e-02 -5.3829800e-02 -1.1671300e+03]
 [ 0.0000000e+00  0.0000000e+00  0.0000000e+00  1.0000000e+00]]
[-0177.73, +0000.96, -1156.03]
2182, 805, 1804
[[-8.7189380e-02  9.9470346e-01 -5.0252940e-02 -5.5900000e+00]
 [ 5.2335540e-02  5.5163900e-02  9.9691402e-01  1.3731000e+02]
 [ 9.9459606e-01  8.4507980e-02 -5.6671720e-02 -1.1670400e+03]
 [ 0.0000000e+00  0.0000000e+00  0.0000000e+00  1.0000000e+00]]
[-0111.41, +0135.61, -1143.51]
903, 1701, 1829
[[-8.430400e-02  9.948848e-01 -4.932720e-02 -5.250000e+00]
 [ 5.015920e-02  5.400350e-02  9.969897e-01  1.372500e+02]
 [ 9.948432e-01  8.190630e-02 -5.415650e-02 -1.167100e+03]
 [ 0.000000e+00  0.000000e+00  0.000000e+00  1.000000e+00]]
[-0170.79, +0000.21, -1122.79]
1468, 1577, 1766
[[-8.4959380e-02  9.9486504e-01 -4.9494340e-02 -5.3400000e+00]
 [ 5.0534640e-02  5.4194880e-02  9.9699912e-01  1.3729000e+02]
 [ 9.9481274e-01  8.2489680e-02 -5.4620500e-02 -1.1670900e+03]
 [ 0.0000000e+00  0.0000000e+00  0.0000000e+00  1.0000000e+00]]
[-0137.59, +0050.99, -1085.19]
2213, 2028, 1296
[[-8.6949000e-02  9.9465302e-01 -5.1117140e-02 -5.4300000e+00]
 [ 5.0908900e-02  5.5922060e-02  9.9692198e-01  1.3747000e+02]
 [ 9.9466370e-01  8.4323900e-02 -5.5278100e-02 -1.1671000e+03]
 [ 0.0000000e+00  0.0000000e+00  0.0000000e+00  1.0000000e+00]]
[-0049.28, +0050.48, -1111.31]
963, 1635, 1880
[[-8.386728e-02  9.950886e-01 -4.957260e-02 -5.290000e+00]
 [ 4.957260e-02  5.400350e-02  9.971749e-01  1.372300e+02]
 [ 9.950886e-01  8.132590e-02 -5.371978e-02 -1.167110e+03]
 [ 0.000000e+00  0.000000e+00  0.000000e+00  1.000000e+00]]
[-0175.80, +0011.86, -1119.73]
1797, 2002, 1209
[[-8.5157000e-02  9.9492930e-01 -5.0022900e-02 -5.3200000e+00]
 [ 4.9814820e-02  5.4571160e-02  9.9710850e-01  1.3733000e+02]
 [ 9.9493974e-01  8.2598820e-02 -5.4046600e-02 -1.1671000e+03]
 [ 0.0000000e+00  0.0000000e+00  0.0000000e+00  1.0000000e+00]]
[-0054.79, +0024.91, -1101.72]
1931, 2022, 2037
[[-8.5305120e-02  9.9485192e-01 -5.0836160e-02 -5.4100000e+00]
 [ 5.1668480e-02  5.5571100e-02  9.9693874e-01  1.3738000e+02]
 [ 9.9480904e-01  8.2620460e-02 -5.5959780e-02 -1.1670400e+03]
 [ 0.0000000e+00  0.0000000e+00  0.0000000e+00  1.0000000e+00]]
[-0120.53, +0048.70, -1096.06]
1414, 1127, 1235
[[-8.3867280e-02  9.9502088e-01 -4.8839560e-02 -5.2100000e+00]
 [ 5.0295280e-02  5.3429120e-02  9.9707896e-01  1.3719000e+02]
 [ 9.9494836e-01  8.1421840e-02 -5.4294160e-02 -1.1670600e+03]
 [ 0.0000000e+00  0.0000000e+00  0.0000000e+00  1.0000000e+00]]
[-0105.66, +0077.48, -1069.89]
889, 1437, 2222
[[-8.4740880e-02  9.9505532e-01 -4.9934520e-02 -5.2800000e+00]
 [ 4.9934520e-02  5.4386220e-02  9.9718738e-01  1.3724000e+02]
 [ 9.9505532e-01  8.2103820e-02 -5.4210660e-02 -1.1671000e+03]
 [ 0.0000000e+00  0.0000000e+00  0.0000000e+00  1.0000000e+00]]
[-0193.26, +0033.09, -1151.05]
1067, 1707, 1260
[[-8.472004e-02  9.949877e-01 -4.900986e-02 -5.200000e+00]
 [ 5.046614e-02  5.361446e-02  9.971019e-01  1.372300e+02]
 [ 9.949149e-01  8.221014e-02 -5.456634e-02 -1.167060e+03]
 [ 0.000000e+00  0.000000e+00  0.000000e+00  1.000000e+00]]
[-0114.81, -0004.64, -1086.05]
1108, 823, 1942
[[-8.4896980e-02  9.9496360e-01 -4.9029760e-02 -5.2700000e+00]
 [ 4.9862000e-02  5.3601900e-02  9.9712600e-01  1.3717000e+02]
 [ 9.9492224e-01  8.2425200e-02 -5.3965120e-02 -1.1670900e+03]
 [ 0.0000000e+00  0.0000000e+00  0.0000000e+00  1.0000000e+00]]
[-0188.79, +0091.33, -1132.46]
921, 1733, 1242
[[-8.3628340e-02  9.9490438e-01 -4.8968440e-02 -5.1600000e+00]
 [ 4.9592260e-02  5.3614460e-02  9.9699068e-01  1.3720000e+02]
 [ 9.9487348e-01  8.1333160e-02 -5.3474640e-02 -1.1670900e+03]
 [ 0.0000000e+00  0.0000000e+00  0.0000000e+00  1.0000000e+00]]
[-0122.36, -0018.46, -1096.40]
1003, 1434, 2076
[[-8.4740880e-02  9.9495652e-01 -4.9825280e-02 -5.3100000e+00]
 [ 5.0033320e-02  5.4386220e-02  9.9709172e-01  1.3724000e+02]
 [ 9.9494608e-01  8.2199480e-02 -5.4210660e-02 -1.1670800e+03]
 [ 0.0000000e+00  0.0000000e+00  0.0000000e+00  1.0000000e+00]]
[-0189.13, +0035.28, -1131.53]
2105, 2167, 2095
[[-8.5764360e-02  9.9480280e-01 -5.1832120e-02 -5.4800000e+00]
 [ 5.1415880e-02  5.6533400e-02  9.9693416e-01  1.3747000e+02]
 [ 9.9482440e-01  8.2998200e-02 -5.5851400e-02 -1.1670500e+03]
 [ 0.0000000e+00  0.0000000e+00  0.0000000e+00  1.0000000e+00]]
[-0110.68, +0047.82, -1099.75]
1261, 1081, 761
[[-8.4160360e-02  9.9508212e-01 -4.8206080e-02 -5.1300000e+00]
 [ 4.8622080e-02  5.2619320e-02  9.9725292e-01  1.3713000e+02]
 [ 9.9506188e-01  8.1786720e-02 -5.2628680e-02 -1.1671200e+03]
 [ 0.0000000e+00  0.0000000e+00  0.0000000e+00  1.0000000e+00]]
[-0064.56, +0058.29, -1066.63]
1742, 899, 1053
[[-8.4262560e-02  9.9500412e-01 -4.8637720e-02 -5.2200000e+00]
 [ 5.0093720e-02  5.3225340e-02  9.9710592e-01  1.3717000e+02]
 [ 9.9493188e-01  8.1831520e-02 -5.4102660e-02 -1.1671000e+03]
 [ 0.0000000e+00  0.0000000e+00  0.0000000e+00  1.0000000e+00]]
[-0071.48, +0117.77, -1098.28]
1911, 1080, 1132
[[-8.5333860e-02  9.9505610e-01 -4.9111720e-02 -5.2700000e+00]
 [ 5.0152220e-02  5.3601900e-02  9.9722804e-01  1.3723000e+02]
 [ 9.9500420e-01  8.2718600e-02 -5.4402000e-02 -1.1670500e+03]
 [ 0.0000000e+00  0.0000000e+00  0.0000000e+00  1.0000000e+00]]
[-0062.70, +0109.45, -1103.20]
878, 2032, 935
[[-8.3805480e-02  9.9507836e-01 -4.9206360e-02 -5.1100000e+00]
 [ 4.8790440e-02  5.3601900e-02  9.9720578e-01  1.3724000e+02]
 [ 9.9509884e-01  8.1356820e-02 -5.2873620e-02 -1.1671100e+03]
 [ 0.0000000e+00  0.0000000e+00  0.0000000e+00  1.0000000e+00]]
[-0085.48, -0039.61, -1130.48]
1354, 2019, 1985
[[-8.5459860e-02  9.9482736e-01 -5.0664860e-02 -5.3400000e+00]
 [ 5.0872960e-02  5.5361400e-02  9.9697392e-01  1.3733000e+02]
 [ 9.9481674e-01  8.2846720e-02 -5.5139700e-02 -1.1670600e+03]
 [ 0.0000000e+00  0.0000000e+00  0.0000000e+00  1.0000000e+00]]
[-0149.19, +0009.89, -1110.99]
1791, 2092, 1724
[[-8.5001380e-02  9.9483362e-01 -5.0501040e-02 -5.3200000e+00]
 [ 5.0292980e-02  5.5163900e-02  9.9697824e-01  1.3736000e+02]
 [ 9.9484416e-01  8.2468560e-02 -5.4483720e-02 -1.1670800e+03]
 [ 0.0000000e+00  0.0000000e+00  0.0000000e+00  1.0000000e+00]]
[-0095.84, +0025.62, -1093.35]
795, 1747, 1711
[[-8.3982820e-02  9.9506504e-01 -4.9018180e-02 -5.1400000e+00]
 [ 4.8394240e-02  5.3397720e-02  9.9722936e-01  1.3718000e+02]
 [ 9.9509558e-01  8.1571840e-02 -5.2464100e-02 -1.1671200e+03]
 [ 0.0000000e+00  0.0000000e+00  0.0000000e+00  1.0000000e+00]]
[-0164.99, -0010.79, -1125.88]
1320, 1956, 1090
[[-8.5115400e-02  9.9484084e-01 -4.9323080e-02 -5.2000000e+00]
 [ 4.9739240e-02  5.3984540e-02  9.9703366e-01  1.3726000e+02]
 [ 9.9482012e-01  8.2715260e-02 -5.3800900e-02 -1.1670900e+03]
 [ 0.0000000e+00  0.0000000e+00  0.0000000e+00  1.0000000e+00]]
[-0073.17, -0007.22, -1100.29]
1046, 894, 1186
[[-8.3587300e-02  9.9511220e-01 -4.8595900e-02 -5.1600000e+00]
 [ 4.9219720e-02  5.3027640e-02  9.9720260e-01  1.3713000e+02]
 [ 9.9508154e-01  8.1162280e-02 -5.3229700e-02 -1.1670900e+03]
 [ 0.0000000e+00  0.0000000e+00  0.0000000e+00  1.0000000e+00]]
[-0138.02, +0072.53, -1064.58]
1521, 2137, 1706
[[-8.6031400e-02  9.9478612e-01 -5.0483240e-02 -5.3400000e+00]
 [ 5.0066920e-02  5.5144700e-02  9.9702574e-01  1.3737000e+02]
 [ 9.9480716e-01  8.3472140e-02 -5.4347460e-02 -1.1670900e+03]
 [ 0.0000000e+00  0.0000000e+00  0.0000000e+00  1.0000000e+00]]
[-0111.33, +0003.98, -1100.38]
877, 1771, 1514
[[-8.3826000e-02  9.9509888e-01 -4.8981840e-02 -5.1400000e+00]
 [ 4.9397760e-02  5.3416800e-02  9.9719552e-01  1.3719000e+02]
 [ 9.9507832e-01  8.1346560e-02 -5.3474640e-02 -1.1671000e+03]
 [ 0.0000000e+00  0.0000000e+00  0.0000000e+00  1.0000000e+00]]
[-0146.16, -0014.89, -1109.78]
2074, 1712, 1845
[[-8.5657360e-02  9.9481360e-01 -5.0668000e-02 -5.4000000e+00]
 [ 5.0668000e-02  5.5355120e-02  9.9698768e-01  1.3736000e+02]
 [ 9.9481360e-01  8.3051680e-02 -5.4948480e-02 -1.1670800e+03]
 [ 0.0000000e+00  0.0000000e+00  0.0000000e+00  1.0000000e+00]]
[-0102.33, +0083.20, -1095.68]
1239, 2014, 1810
[[-8.434576e-02  9.948640e-01 -5.012584e-02 -5.280000e+00]
 [ 5.012584e-02  5.478134e-02  9.969689e-01  1.373000e+02]
 [ 9.948640e-01  8.188534e-02 -5.421066e-02 -1.167070e+03]
 [ 0.000000e+00  0.000000e+00  0.000000e+00  1.000000e+00]]
[-0140.53, -0003.99, -1110.62]
2226, 885, 950
[[-8.5968640e-02  9.9503600e-01 -4.9087520e-02 -5.3000000e+00]
 [ 5.0336480e-02  5.3595500e-02  9.9724814e-01  1.3725000e+02]
 [ 9.9497360e-01  8.3312500e-02 -5.4647700e-02 -1.1671100e+03]
 [ 0.0000000e+00  0.0000000e+00  0.0000000e+00  1.0000000e+00]]
[-0047.77, +0122.28, -1144.78]
1745, 1487, 1296
[[-8.4064900e-02  9.9486716e-01 -4.9565380e-02 -5.2600000e+00]
 [ 4.9357400e-02  5.4188600e-02  9.9699700e-01  1.3725000e+02]
 [ 9.9487750e-01  8.1722120e-02 -5.3337060e-02 -1.1670800e+03]
 [ 0.0000000e+00  0.0000000e+00  0.0000000e+00  1.0000000e+00]]
[-0079.39, +0064.20, -1080.77]
919, 1050, 2060
[[-8.3669700e-02  9.9501366e-01 -4.9252420e-02 -5.2300000e+00]
 [ 5.0084180e-02  5.3818200e-02  9.9706566e-01  1.3718000e+02]
 [ 9.9497214e-01  8.1216820e-02 -5.4102660e-02 -1.1670800e+03]
 [ 0.0000000e+00  0.0000000e+00  0.0000000e+00  1.0000000e+00]]
[-0198.88, +0059.46, -1141.60]
1342, 2211, 1188
[[-8.5177920e-02  9.9492928e-01 -5.0214160e-02 -5.2400000e+00]
 [ 5.0006080e-02  5.4768780e-02  9.9709804e-01  1.3735000e+02]
 [ 9.9493976e-01  8.2588360e-02 -5.4265140e-02 -1.1670800e+03]
 [ 0.0000000e+00  0.0000000e+00  0.0000000e+00  1.0000000e+00]]
[-0076.20, -0017.85, -1119.54]
1450, 950, 1007
[[-8.4480900e-02  9.9500102e-01 -4.8624140e-02 -5.1700000e+00]
 [ 5.0288300e-02  5.3225340e-02  9.9710902e-01  1.3716000e+02]
 [ 9.9491830e-01  8.2026100e-02 -5.4321000e-02 -1.1670700e+03]
 [ 0.0000000e+00  0.0000000e+00  0.0000000e+00  1.0000000e+00]]
[-0082.98, +0094.89, -1073.93]
1994, 759, 2161
[[-9.0392980e-02  9.9428764e-01 -5.2326540e-02 -6.1200000e+00]
 [ 5.5037560e-02  5.7686000e-02  9.9660708e-01  1.3741000e+02]
 [ 9.9414126e-01  8.7446520e-02 -5.9722020e-02 -1.1670200e+03]
 [ 0.0000000e+00  0.0000000e+00  0.0000000e+00  1.0000000e+00]]
[-0143.78, +0127.14, -1150.44]
1185, 806, 1422
[[-8.4596680e-02  9.9499702e-01 -4.7654020e-02 -5.2500000e+00]
 [ 4.9526380e-02  5.2236440e-02  9.9716342e-01  1.3700000e+02]
 [ 9.9490558e-01  8.2271980e-02 -5.3447880e-02 -1.1670900e+03]
 [ 0.0000000e+00  0.0000000e+00  0.0000000e+00  1.0000000e+00]]
[-0151.04, +0095.67, -1082.86]
1561, 834, 1278
[[-8.4596680e-02  9.9498686e-01 -4.7862060e-02 -5.2800000e+00]
 [ 4.9318340e-02  5.2427900e-02  9.9716358e-01  1.3703000e+02]
 [ 9.9491574e-01  8.2271820e-02 -5.3256420e-02 -1.1671200e+03]
 [ 0.0000000e+00  0.0000000e+00  0.0000000e+00  1.0000000e+00]]
[-0106.61, +0117.53, -1090.00]
1499, 1617, 1373
[[-8.4658000e-02  9.9487812e-01 -4.8534840e-02 -5.3200000e+00]
 [ 4.9783080e-02  5.3212780e-02  9.9703734e-01  1.3710000e+02]
 [ 9.9481644e-01  8.2336740e-02 -5.3719780e-02 -1.1670800e+03]
 [ 0.0000000e+00  0.0000000e+00  0.0000000e+00  1.0000000e+00]]
[-0098.80, +0038.19, -1076.00]
2013, 1459, 1282
[[-8.5510920e-02  9.9495378e-01 -4.8606340e-02 -5.3600000e+00]
 [ 5.0063180e-02  5.3206380e-02  9.9715626e-01  1.3712000e+02]
 [ 9.9488154e-01  8.3029540e-02 -5.4183540e-02 -1.1670800e+03]
 [ 0.0000000e+00  0.0000000e+00  0.0000000e+00  1.0000000e+00]]
[-0059.76, +0087.74, -1099.27]
1022, 1722, 1027
[[-8.4221440e-02  9.9511296e-01 -4.8156160e-02 -5.2100000e+00]
 [ 4.9820160e-02  5.2638400e-02  9.9722208e-01  1.3706000e+02]
 [ 9.9503104e-01  8.1756480e-02 -5.3857600e-02 -1.1670700e+03]
 [ 0.0000000e+00  0.0000000e+00  0.0000000e+00  1.0000000e+00]]
[-0092.82, -0015.83, -1091.28]
2055, 862, 2022
[[-8.8460820e-02  9.9467320e-01 -4.9994280e-02 -5.7800000e+00]
 [ 5.2911600e-02  5.4960000e-02  9.9695480e-01  1.3722000e+02]
 [ 9.9452228e-01  8.5695600e-02 -5.7356820e-02 -1.1670600e+03]
 [ 0.0000000e+00  0.0000000e+00  0.0000000e+00  1.0000000e+00]]
[-0132.02, +0129.07, -1141.62]
1961, 1145, 1407
[[-8.5074120e-02  9.9498078e-01 -4.8217460e-02 -5.3400000e+00]
 [ 5.0090180e-02  5.2823580e-02  9.9714954e-01  1.3706000e+02]
 [ 9.9488826e-01  8.2640660e-02 -5.4129540e-02 -1.1670900e+03]
 [ 0.0000000e+00  0.0000000e+00  0.0000000e+00  1.0000000e+00]]
[-0084.94, +0108.05, -1098.66]
1485, 1873, 1984
[[-8.5177920e-02  9.9497120e-01 -4.9381840e-02 -5.4100000e+00]
 [ 5.0838400e-02  5.4003500e-02  9.9709780e-01  1.3713000e+02]
 [ 9.9489784e-01  8.2588600e-02 -5.5030420e-02 -1.1670600e+03]
 [ 0.0000000e+00  0.0000000e+00  0.0000000e+00  1.0000000e+00]]
[-0149.27, +0026.34, -1101.30]
1799, 2233, 1763
[[-8.5812740e-02  9.9483138e-01 -4.9664400e-02 -5.4200000e+00]
 [ 5.0705100e-02  5.4379900e-02  9.9702240e-01  1.3723000e+02]
 [ 9.9477888e-01  8.3277840e-02 -5.4893600e-02 -1.1670700e+03]
 [ 0.0000000e+00  0.0000000e+00  0.0000000e+00  1.0000000e+00]]
[-0096.29, +0015.88, -1099.76]
1748, 1118, 918
[[-8.4576400e-02  9.9499684e-01 -4.7462720e-02 -5.2400000e+00]
 [ 4.9335080e-02  5.2038540e-02  9.9717356e-01  1.3699000e+02]
 [ 9.9490576e-01  8.2282120e-02 -5.3229700e-02 -1.1671200e+03]
 [ 0.0000000e+00  0.0000000e+00  0.0000000e+00  1.0000000e+00]]
[-0051.83, +0091.24, -1092.72]
1285, 1166, 1645
[[-8.4637480e-02  9.9499738e-01 -4.8036620e-02 -5.3100000e+00]
 [ 4.9908980e-02  5.2632120e-02  9.9714302e-01  1.3702000e+02]
 [ 9.9490522e-01  8.2251580e-02 -5.3884360e-02 -1.1670700e+03]
 [ 0.0000000e+00  0.0000000e+00  0.0000000e+00  1.0000000e+00]]
[-0154.65, +0069.84, -1085.29]
1473, 1361, 751
[[-8.4180640e-02  9.9502388e-01 -4.7456360e-02 -5.2300000e+00]
 [ 4.9744360e-02  5.2051260e-02  9.9714652e-01  1.3702000e+02]
 [ 9.9491212e-01  8.1872840e-02 -5.3612740e-02 -1.1670900e+03]
 [ 0.0000000e+00  0.0000000e+00  0.0000000e+00  1.0000000e+00]]
[-0043.10, +0046.89, -1085.49]
1743, 761, 1194
[[-8.5012800e-02  9.9499040e-01 -4.7435600e-02 -5.3000000e+00]
 [ 4.9724480e-02  5.2038540e-02  9.9718000e-01  1.3698000e+02]
 [ 9.9487864e-01  8.2671520e-02 -5.3666100e-02 -1.1670800e+03]
 [ 0.0000000e+00  0.0000000e+00  0.0000000e+00  1.0000000e+00]]
[-0088.81, +0131.63, -1107.53]
1125, 1548, 1140
[[-8.3785040e-02  9.9513960e-01 -4.7767200e-02 -5.2500000e+00]
 [ 4.9846800e-02  5.2255280e-02  9.9721552e-01  1.3703000e+02]
 [ 9.9503760e-01  8.1367520e-02 -5.3804320e-02 -1.1670900e+03]
 [ 0.0000000e+00  0.0000000e+00  0.0000000e+00  1.0000000e+00]]
[-0104.34, +0008.61, -1075.03]
1336, 2058, 1143
[[-8.4876340e-02  9.9498412e-01 -4.8422360e-02 -5.2900000e+00]
 [ 5.0086840e-02  5.3021360e-02  9.9713608e-01  1.3711000e+02]
 [ 9.9490172e-01  8.2435760e-02 -5.4129540e-02 -1.1670700e+03]
 [ 0.0000000e+00  0.0000000e+00  0.0000000e+00  1.0000000e+00]]
[-0074.98, -0013.13, -1108.09]
2192, 1271, 2112
[[-8.7911720e-02  9.9469482e-01 -5.0783460e-02 -5.7700000e+00]
 [ 5.3491620e-02  5.5756280e-02  9.9689086e-01  1.3730000e+02]
 [ 9.9455286e-01  8.5058540e-02 -5.7986440e-02 -1.1670300e+03]
 [ 0.0000000e+00  0.0000000e+00  0.0000000e+00  1.0000000e+00]]
[-0125.61, +0112.48, -1121.96]
1770, 2079, 1716
[[-8.5354660e-02  9.9495736e-01 -4.9193720e-02 -5.3600000e+00]
 [ 5.0442320e-02  5.3799600e-02  9.9712196e-01  1.3714000e+02]
 [ 9.9489484e-01  8.2803880e-02 -5.4620500e-02 -1.1671100e+03]
 [ 0.0000000e+00  0.0000000e+00  0.0000000e+00  1.0000000e+00]]
[-0101.80, +0018.90, -1094.07]
1369, 1817, 1638
[[-8.4241960e-02  9.9500398e-01 -4.8446380e-02 -5.3300000e+00]
 [ 4.9902380e-02  5.3027640e-02  9.9711622e-01  1.3708000e+02]
 [ 9.9493202e-01  8.1841820e-02 -5.3884360e-02 -1.1670700e+03]
 [ 0.0000000e+00  0.0000000e+00  0.0000000e+00  1.0000000e+00]]
[-0126.86, +0017.86, -1087.68]
1868, 1523, 1726
[[-8.5750100e-02  9.9484146e-01 -4.8882720e-02 -5.4100000e+00]
 [ 5.0339700e-02  5.3595500e-02  9.9705360e-01  1.3710000e+02]
 [ 9.9476880e-01  8.3309280e-02 -5.4429160e-02 -1.1670800e+03]
 [ 0.0000000e+00  0.0000000e+00  0.0000000e+00  1.0000000e+00]]
[-0109.71, +0083.22, -1088.89]
1089, 767, 1687
[[-8.4358260e-02  9.9510912e-01 -4.7377260e-02 -5.2500000e+00]
 [ 4.9249440e-02  5.1847040e-02  9.9726592e-01  1.3693000e+02]
 [ 9.9501822e-01  8.1991840e-02 -5.3203060e-02 -1.1671200e+03]
 [ 0.0000000e+00  0.0000000e+00  0.0000000e+00  1.0000000e+00]]
[-0178.53, +0094.69, -1108.66]
1413, 1573, 1918
[[-8.5313140e-02  9.9485824e-01 -4.8702020e-02 -5.3700000e+00]
 [ 5.0158720e-02  5.3404160e-02  9.9704704e-01  1.3709000e+02]
 [ 9.9478586e-01  8.2920320e-02 -5.4183540e-02 -1.1671000e+03]
 [ 0.0000000e+00  0.0000000e+00  0.0000000e+00  1.0000000e+00]]
[-0156.04, +0049.50, -1095.70]
1987, 2121, 1413
[[-8.5812740e-02  9.9494070e-01 -4.9565580e-02 -5.4000000e+00]
 [ 5.0814420e-02  5.4188600e-02  9.9711794e-01  1.3721000e+02]
 [ 9.9487770e-01  8.3182300e-02 -5.5084900e-02 -1.1670800e+03]
 [ 0.0000000e+00  0.0000000e+00  0.0000000e+00  1.0000000e+00]]
[-0061.72, +0031.24, -1103.19]
1839, 967, 2048
[[-8.5552360e-02  9.9486560e-01 -4.8671400e-02 -5.4400000e+00]
 [ 5.0752600e-02  5.3410520e-02  9.9703968e-01  1.3706000e+02]
 [ 9.9476160e-01  8.3104680e-02 -5.4811880e-02 -1.1670900e+03]
 [ 0.0000000e+00  0.0000000e+00  0.0000000e+00  1.0000000e+00]]
[-0148.51, +0119.34, -1133.21]
838, 845, 2125
[[-8.4160360e-02  9.9509224e-01 -4.7998080e-02 -5.2700000e+00]
 [ 4.8830080e-02  5.2427900e-02  9.9725286e-01  1.3693000e+02]
 [ 9.9505176e-01  8.1786780e-02 -5.2820100e-02 -1.1671200e+03]
 [ 0.0000000e+00  0.0000000e+00  0.0000000e+00  1.0000000e+00]]
[-0201.54, +0071.09, -1160.12]
1344, 1496, 1323
[[-8.4221440e-02  9.9502432e-01 -4.7839040e-02 -5.2600000e+00]
 [ 5.0127040e-02  5.2446860e-02  9.9712612e-01  1.3703000e+02]
 [ 9.9491168e-01  8.1852440e-02 -5.4049140e-02 -1.1670600e+03]
 [ 0.0000000e+00  0.0000000e+00  0.0000000e+00  1.0000000e+00]]
[-0108.00, +0036.57, -1072.17]
1321, 1540, 1519
[[-8.4419220e-02  9.9500054e-01 -4.8050180e-02 -5.2900000e+00]
 [ 4.9714340e-02  5.2632120e-02  9.9713986e-01  1.3704000e+02]
 [ 9.9491878e-01  8.2056940e-02 -5.3666100e-02 -1.1670900e+03]
 [ 0.0000000e+00  0.0000000e+00  0.0000000e+00  1.0000000e+00]]
[-0130.01, +0033.67, -1078.13]
1556, 1036, 1644
[[-8.5865640e-02  9.9483744e-01 -4.7913160e-02 -5.3700000e+00]
 [ 4.9578440e-02  5.2606200e-02  9.9710832e-01  1.3700000e+02]
 [ 9.9475584e-01  8.3555320e-02 -5.3555400e-02 -1.1671300e+03]
 [ 0.0000000e+00  0.0000000e+00  0.0000000e+00  1.0000000e+00]]
[-0136.71, +0103.76, -1094.15]
1729, 1220, 1045
[[-8.4835300e-02  9.9500424e-01 -4.7623680e-02 -5.2900000e+00]
 [ 5.0120400e-02  5.2242800e-02  9.9715620e-01  1.3702000e+02]
 [ 9.9488160e-01  8.2456680e-02 -5.4075860e-02 -1.1671100e+03]
 [ 0.0000000e+00  0.0000000e+00  0.0000000e+00  1.0000000e+00]]
[-0060.52, +0085.89, -1087.28]
942, 1915, 787
[[-8.3526340e-02  9.9513222e-01 -4.7605760e-02 -5.1400000e+00]
 [ 4.9061340e-02  5.2051260e-02  9.9723288e-01  1.3701000e+02]
 [ 9.9506152e-01  8.1192960e-02 -5.2958440e-02 -1.1671100e+03]
 [ 0.0000000e+00  0.0000000e+00  0.0000000e+00  1.0000000e+00]]
[-0071.25, -0032.89, -1120.20]
1274, 1202, 2183
[[-8.4917700e-02  9.9508328e-01 -4.8914140e-02 -5.4400000e+00]
 [ 5.0370560e-02  5.3416800e-02  9.9721112e-01  1.3704000e+02]
 [ 9.9501062e-01  8.2319360e-02 -5.4566340e-02 -1.1670900e+03]
 [ 0.0000000e+00  0.0000000e+00  0.0000000e+00  1.0000000e+00]]
[-0185.65, +0072.35, -1131.83]
1274, 1505, 1472
[[-8.5053600e-02  9.9508976e-01 -4.7927280e-02 -5.2900000e+00]
 [ 5.0008080e-02  5.2434300e-02  9.9725534e-01  1.3707000e+02]
 [ 9.9498736e-01  8.2555380e-02 -5.4102660e-02 -1.1670900e+03]
 [ 0.0000000e+00  0.0000000e+00  0.0000000e+00  1.0000000e+00]]
[-0127.60, +0033.52, -1075.88]
1421, 1815, 1114
[[-8.5053600e-02  9.9496012e-01 -4.8442360e-02 -5.3300000e+00]
 [ 4.9482760e-02  5.3008560e-02  9.9716008e-01  1.3706000e+02]
 [ 9.9490892e-01  8.2650640e-02 -5.3528400e-02 -1.1671200e+03]
 [ 0.0000000e+00  0.0000000e+00  0.0000000e+00  1.0000000e+00]]
[-0072.02, +0011.32, -1088.25]
1222, 1105, 1835
[[-8.4855780e-02  9.9509312e-01 -4.8132180e-02 -5.3800000e+00]
 [ 5.0004720e-02  5.2632120e-02  9.9724192e-01  1.3701000e+02]
 [ 9.9500078e-01  8.2350480e-02 -5.4102660e-02 -1.1671100e+03]
 [ 0.0000000e+00  0.0000000e+00  0.0000000e+00  1.0000000e+00]]
[-0174.80, +0074.18, -1103.98]
1391, 1861, 1910
[[-8.4917700e-02  9.9497406e-01 -4.9012980e-02 -5.3700000e+00]
 [ 5.0261340e-02  5.3608220e-02  9.9711554e-01  1.3712000e+02]
 [ 9.9491178e-01  8.2414940e-02 -5.4374920e-02 -1.1670800e+03]
 [ 0.0000000e+00  0.0000000e+00  0.0000000e+00  1.0000000e+00]]
[-0147.64, +0021.42, -1100.09]
1408, 1685, 1527
[[-8.463748e-02  9.949769e-01 -4.845270e-02 -5.300000e+00]
 [ 4.949290e-02  5.301500e-02  9.971433e-01  1.370700e+02]
 [ 9.949257e-01  8.225130e-02 -5.350148e-02 -1.167110e+03]
 [ 0.000000e+00  0.000000e+00  0.000000e+00  1.000000e+00]]
[-0116.62, +0030.95, -1079.48]
961, 1437, 1712
[[-8.459668e-02  9.949767e-01 -4.807010e-02 -5.260000e+00]
 [ 4.911030e-02  5.261932e-02  9.971637e-01  1.370100e+02]
 [ 9.949259e-01  8.227170e-02 -5.306500e-02 -1.167140e+03]
 [ 0.000000e+00  0.000000e+00  0.000000e+00  1.000000e+00]]
[-0172.78, +0021.37, -1102.63]
857, 1723, 1051
[[-8.3724200e-02  9.9510876e-01 -4.7816880e-02 -5.1600000e+00]
 [ 4.8648720e-02  5.2236440e-02  9.9724636e-01  1.3700000e+02]
 [ 9.9506844e-01  8.1397520e-02 -5.2575400e-02 -1.1671200e+03]
 [ 0.0000000e+00  0.0000000e+00  0.0000000e+00  1.0000000e+00]]
[-0108.06, -0027.59, -1099.77]
2069, 1028, 926
[[-8.4617040e-02  9.9499720e-01 -4.7845320e-02 -5.3100000e+00]
 [ 4.9717680e-02  5.2434300e-02  9.9715324e-01  1.3702000e+02]
 [ 9.9490540e-01  8.2261800e-02 -5.3666100e-02 -1.1670900e+03]
 [ 0.0000000e+00  0.0000000e+00  0.0000000e+00  1.0000000e+00]]
[-0041.63, +0112.02, -1126.78]
1630, 1236, 877
[[-8.4419220e-02  9.9511988e-01 -4.7743260e-02 -5.2300000e+00]
 [ 5.0031480e-02  5.2249080e-02  9.9723524e-01  1.3700000e+02]
 [ 9.9500746e-01  8.1961560e-02 -5.4049140e-02 -1.1670800e+03]
 [ 0.0000000e+00  0.0000000e+00  0.0000000e+00  1.0000000e+00]]
[-0051.63, +0070.12, -1084.67]
1129, 1123, 844
[[-8.3902020e-02  9.9522438e-01 -4.7113780e-02 -5.1800000e+00]
 [ 4.8777620e-02  5.1457560e-02  9.9736518e-01  1.3694000e+02]
 [ 9.9514422e-01  8.1516820e-02 -5.2740420e-02 -1.1671000e+03]
 [ 0.0000000e+00  0.0000000e+00  0.0000000e+00  1.0000000e+00]]
[-0083.49, +0044.43, -1060.22]
2202, 2144, 1502
[[-8.5854900e-02  9.9481042e-01 -5.0463040e-02 -5.4500000e+00]
 [ 5.0671180e-02  5.5157580e-02  9.9700144e-01  1.3730000e+02]
 [ 9.9479984e-01  8.3256640e-02 -5.4948480e-02 -1.1670700e+03]
 [ 0.0000000e+00  0.0000000e+00  0.0000000e+00  1.0000000e+00]]
[-0061.36, +0044.07, -1106.39]
1977, 2088, 993
[[-8.4480900e-02  9.9498034e-01 -4.9040180e-02 -5.3000000e+00]
 [ 4.9872260e-02  5.3608220e-02  9.9710926e-01  1.3717000e+02]
 [ 9.9493898e-01  8.2025860e-02 -5.3938120e-02 -1.1670700e+03]
 [ 0.0000000e+00  0.0000000e+00  0.0000000e+00  1.0000000e+00]]
[-0036.96, +0027.03, -1122.08]
1539, 972, 1465
[[-8.4439700e-02  9.9512010e-01 -4.7934600e-02 -5.2900000e+00]
 [ 5.0222820e-02  5.2446860e-02  9.9722500e-01  1.3700000e+02]
 [ 9.9500724e-01  8.1951320e-02 -5.4267400e-02 -1.1670800e+03]
 [ 0.0000000e+00  0.0000000e+00  0.0000000e+00  1.0000000e+00]]
[-0125.20, +0104.70, -1086.98]
793, 2028, 1626
[[-8.4439700e-02  9.9507906e-01 -4.8766680e-02 -5.2500000e+00]
 [ 4.9390740e-02  5.3212780e-02  9.9722556e-01  1.3707000e+02]
 [ 9.9504828e-01  8.1950760e-02 -5.3501480e-02 -1.1671200e+03]
 [ 0.0000000e+00  0.0000000e+00  0.0000000e+00  1.0000000e+00]]
[-0145.50, -0029.66, -1139.81]
1209, 1653, 807
[[-8.3546580e-02  9.9514250e-01 -4.7589240e-02 -5.1800000e+00]
 [ 4.9460700e-02  5.2057500e-02  9.9722260e-01  1.3700000e+02]
 [ 9.9505124e-01  8.1183000e-02 -5.3368080e-02 -1.1670800e+03]
 [ 0.0000000e+00  0.0000000e+00  0.0000000e+00  1.0000000e+00]]
[-0060.67, +0003.75, -1088.57]
1309, 915, 1983
[[-8.5053600e-02  9.9507952e-01 -4.8135360e-02 -5.3200000e+00]
 [ 4.9800000e-02  5.2625760e-02  9.9725552e-01  1.3699000e+02]
 [ 9.9499760e-01  8.2555200e-02 -5.3911200e-02 -1.1671000e+03]
 [ 0.0000000e+00  0.0000000e+00  0.0000000e+00  1.0000000e+00]]
[-0178.08, +0097.95, -1127.60]
1652, 1659, 879
[[-8.420100e-02  9.951128e-01 -4.796480e-02 -5.250000e+00]
 [ 4.962880e-02  5.244062e-02  9.972323e-01  1.370500e+02]
 [ 9.950312e-01  8.176670e-02 -5.363938e-02 -1.167080e+03]
 [ 0.000000e+00  0.000000e+00  0.000000e+00  1.000000e+00]]
[-0039.74, +0037.25, -1098.23]
1415, 981, 1408
[[-8.4596680e-02  9.9509596e-01 -4.7763120e-02 -5.2700000e+00]
 [ 4.9427440e-02  5.2236440e-02  9.9725916e-01  1.3698000e+02]
 [ 9.9501468e-01  8.2176240e-02 -5.3447880e-02 -1.1671200e+03]
 [ 0.0000000e+00  0.0000000e+00  0.0000000e+00  1.0000000e+00]]
[-0128.34, +0095.78, -1079.81]
1858, 2240, 995
[[-8.5136160e-02  9.9495012e-01 -4.9415480e-02 -5.3200000e+00]
 [ 5.0039720e-02  5.3990940e-02  9.9711888e-01  1.3731000e+02]
 [ 9.9491892e-01  8.2609280e-02 -5.4210660e-02 -1.1671000e+03]
 [ 0.0000000e+00  0.0000000e+00  0.0000000e+00  1.0000000e+00]]
[-0043.73, +0012.47, -1124.58]
1650, 2096, 900
[[-8.4358260e-02  9.9512932e-01 -4.6961220e-02 -5.2300000e+00]
 [ 4.9665480e-02  5.1463920e-02  9.9726548e-01  1.3699000e+02]
 [ 9.9499802e-01  8.1992280e-02 -5.3586180e-02 -1.1671100e+03]
 [ 0.0000000e+00  0.0000000e+00  0.0000000e+00  1.0000000e+00]]
[-0044.34, +0007.17, -1120.02]
1666, 1771, 2151
[[-8.6084020e-02  9.9494332e-01 -4.7800480e-02 -5.4100000e+00]
 [ 4.9882280e-02  5.2414860e-02  9.9720712e-01  1.3702000e+02]
 [ 9.9484112e-01  8.3654480e-02 -5.3965120e-02 -1.1671300e+03]
 [ 0.0000000e+00  0.0000000e+00  0.0000000e+00  1.0000000e+00]]
[-0155.15, +0054.45, -1105.18]
993, 1157, 917
[[-8.3386900e-02  9.9535882e-01 -4.5859760e-02 -5.1500000e+00]
 [ 4.8147100e-02  5.0090540e-02  9.9749368e-01  1.3682000e+02]
 [ 9.9525080e-01  8.1071600e-02 -5.2008000e-02 -1.1671500e+03]
 [ 0.0000000e+00  0.0000000e+00  0.0000000e+00  1.0000000e+00]]
[-0103.61, +0029.43, -1059.11]
1532, 1248, 1879
[[-8.4576400e-02  9.9511604e-01 -4.7155720e-02 -5.3500000e+00]
 [ 4.9652200e-02  5.1655500e-02  9.9726890e-01  1.3695000e+02]
 [ 9.9499460e-01  8.2186780e-02 -5.3612740e-02 -1.1671100e+03]
 [ 0.0000000e+00  0.0000000e+00  0.0000000e+00  1.0000000e+00]]
[-0153.41, +0085.90, -1098.98]
1076, 851, 971
[[-8.4020640e-02  9.9515072e-01 -4.5410560e-02 -5.1700000e+00]
 [ 4.8738560e-02  4.9892400e-02  9.9732152e-01  1.3682000e+02]
 [ 9.9499328e-01  8.1857840e-02 -5.2443600e-02 -1.1671400e+03]
 [ 0.0000000e+00  0.0000000e+00  0.0000000e+00  1.0000000e+00]]
[-0113.24, +0075.03, -1057.77]
1693, 757, 2041
[[-8.5012800e-02  9.9501072e-01 -4.7019440e-02 -5.4100000e+00]
 [ 5.0140640e-02  5.1655500e-02  9.9717948e-01  1.3693000e+02]
 [ 9.9485832e-01  8.2672040e-02 -5.4049140e-02 -1.1671000e+03]
 [ 0.0000000e+00  0.0000000e+00  0.0000000e+00  1.0000000e+00]]
[-0155.21, +0124.43, -1147.13]
1405, 1180, 2048
[[-8.5408720e-02  9.9508244e-01 -4.7135000e-02 -5.3800000e+00]
 [ 4.9632440e-02  5.1642620e-02  9.9730250e-01  1.3692000e+02]
 [ 9.9496100e-01  8.2985500e-02 -5.3666100e-02 -1.1671300e+03]
 [ 0.0000000e+00  0.0000000e+00  0.0000000e+00  1.0000000e+00]]
[-0173.90, +0082.39, -1117.10]
1042, 1919, 1579
[[-8.4972320e-02  9.9498996e-01 -4.7053080e-02 -5.3000000e+00]
 [ 4.9341960e-02  5.1642620e-02  9.9720024e-01  1.3695000e+02]
 [ 9.9487908e-01  8.2691760e-02 -5.3229700e-02 -1.1671300e+03]
 [ 0.0000000e+00  0.0000000e+00  0.0000000e+00  1.0000000e+00]]
[-0135.87, -0015.73, -1109.86]
1773, 1968, 1406
[[-8.5647300e-02  9.9497028e-01 -4.7411560e-02 -5.3900000e+00]
 [ 4.9909240e-02  5.2032060e-02  9.9720012e-01  1.3704000e+02]
 [ 9.9484812e-01  8.3265560e-02 -5.3911200e-02 -1.1671600e+03]
 [ 0.0000000e+00  0.0000000e+00  0.0000000e+00  1.0000000e+00]]
[-0072.11, +0029.14, -1092.24]
1678, 1157, 1705
[[-8.519050e-02  9.950958e-01 -4.694050e-02 -5.380000e+00]
 [ 4.964580e-02  5.145112e-02  9.972990e-01  1.369400e+02]
 [ 9.949645e-01  8.279100e-02 -5.363938e-02 -1.167130e+03]
 [ 0.000000e+00  0.000000e+00  0.000000e+00  1.000000e+00]]
[-0132.06, +0099.82, -1094.24]
2037, 1086, 949
[[-8.4774340e-02  9.9502372e-01 -4.6633720e-02 -5.3400000e+00]
 [ 4.9962680e-02  5.1265980e-02  9.9718612e-01  1.3694000e+02]
 [ 9.9486212e-01  8.2487720e-02 -5.3804320e-02 -1.1671400e+03]
 [ 0.0000000e+00  0.0000000e+00  0.0000000e+00  1.0000000e+00]]
[-0042.43, +0108.32, -1121.37]
1885, 814, 1796
[[-8.5012800e-02  9.9502088e-01 -4.6811360e-02 -5.3900000e+00]
 [ 5.0348720e-02  5.1463920e-02  9.9717916e-01  1.3690000e+02]
 [ 9.9484816e-01  8.2672360e-02 -5.4240720e-02 -1.1671200e+03]
 [ 0.0000000e+00  0.0000000e+00  0.0000000e+00  1.0000000e+00]]
[-0130.51, +0131.87, -1132.61]
1588, 2040, 1130
[[-8.4774340e-02  9.9499342e-01 -4.7257900e-02 -5.3200000e+00]
 [ 4.9338500e-02  5.1840600e-02  9.9718690e-01  1.3699000e+02]
 [ 9.9489242e-01  8.2486940e-02 -5.3229700e-02 -1.1671300e+03]
 [ 0.0000000e+00  0.0000000e+00  0.0000000e+00  1.0000000e+00]]
[-0061.61, +0003.79, -1105.14]
1503, 1281, 1117
[[-8.5348360e-02  9.9500266e-01 -4.6035980e-02 -5.3500000e+00]
 [ 4.9574020e-02  5.0665400e-02  9.9723634e-01  1.3692000e+02]
 [ 9.9483266e-01  8.3112020e-02 -5.3394600e-02 -1.1672000e+03]
 [ 0.0000000e+00  0.0000000e+00  0.0000000e+00  1.0000000e+00]]
[-0083.79, +0065.11, -1072.13]
2176, 1418, 791
[[-8.6698440e-02  9.9496350e-01 -4.6752220e-02 -5.4800000e+00]
 [ 5.0708780e-02  5.1444600e-02  9.9723654e-01  1.3704000e+02]
 [ 9.9476970e-01  8.4259900e-02 -5.4757800e-02 -1.1671900e+03]
 [ 0.0000000e+00  0.0000000e+00  0.0000000e+00  1.0000000e+00]]
[-0025.94, +0081.16, -1134.21]
984, 1308, 1598
[[-8.4576400e-02  9.9514640e-01 -4.6531600e-02 -5.4000000e+00]
 [ 5.0276320e-02  5.1080640e-02  9.9726800e-01  1.3692000e+02]
 [ 9.9496424e-01  8.2187680e-02 -5.4187600e-02 -1.1671600e+03]
 [ 0.0000000e+00  0.0000000e+00  0.0000000e+00  1.0000000e+00]]
[-0168.28, +0032.05, -1090.99]
2130, 1357, 2077
[[-8.8114000e-02  9.9481584e-01 -4.8138880e-02 -5.7100000e+00]
 [ 5.2306080e-02  5.3008560e-02  9.9710976e-01  1.3712000e+02]
 [ 9.9460544e-01  8.5470720e-02 -5.6588800e-02 -1.1671500e+03]
 [ 0.0000000e+00  0.0000000e+00  0.0000000e+00  1.0000000e+00]]
[-0126.19, +0108.60, -1117.19]
1429, 2150, 1583
[[-8.6302440e-02  9.9484104e-01 -4.7677520e-02 -5.4900000e+00]
 [ 5.0175920e-02  5.2414860e-02  9.9711474e-01  1.3706000e+02]
 [ 9.9471816e-01  8.3944820e-02 -5.4183540e-02 -1.1672100e+03]
 [ 0.0000000e+00  0.0000000e+00  0.0000000e+00  1.0000000e+00]]
[-0105.32, -0007.52, -1105.31]
2050, 1766, 958
[[-8.5667700e-02  9.9499096e-01 -4.7186480e-02 -5.5000000e+00]
 [ 5.0516720e-02  5.1847040e-02  9.9718936e-01  1.3707000e+02]
 [ 9.9482744e-01  8.3255920e-02 -5.4512500e-02 -1.1671900e+03]
 [ 0.0000000e+00  0.0000000e+00  0.0000000e+00  1.0000000e+00]]
[-0032.29, +0056.47, -1118.61]
1417, 2207, 888
[[-8.5865640e-02  9.9496702e-01 -4.7397860e-02 -5.4500000e+00]
 [ 5.0103940e-02  5.2032060e-02  9.9720338e-01  1.3709000e+02]
 [ 9.9483442e-01  8.3460260e-02 -5.4129540e-02 -1.1672200e+03]
 [ 0.0000000e+00  0.0000000e+00  0.0000000e+00  1.0000000e+00]]
[-0052.34, -0012.47, -1131.87]
850, 1594, 1864
[[-8.5606740e-02  9.9487078e-01 -4.6920040e-02 -5.4400000e+00]
 [ 4.9625860e-02  5.1636060e-02  9.9712468e-01  1.3694000e+02]
 [ 9.9473948e-01  8.3381560e-02 -5.3474640e-02 -1.1672100e+03]
 [ 0.0000000e+00  0.0000000e+00  0.0000000e+00  1.0000000e+00]]
[-0180.77, +0007.42, -1127.28]
1871, 1234, 2175
[[-8.6166420e-02  9.9487636e-01 -4.7831300e-02 -5.5600000e+00]
 [ 5.1370360e-02  5.2632120e-02  9.9706940e-01  1.3705000e+02]
 [ 9.9469990e-01  8.3709800e-02 -5.5413300e-02 -1.1671200e+03]
 [ 0.0000000e+00  0.0000000e+00  0.0000000e+00  1.0000000e+00]]
[-0150.28, +0104.84, -1123.57]
999, 1232, 1869
[[-8.4298020e-02  9.9512854e-01 -4.6387200e-02 -5.2800000e+00]
 [ 4.9091460e-02  5.0869980e-02  9.9729560e-01  1.3688000e+02]
 [ 9.9499880e-01  8.2022400e-02 -5.2932000e-02 -1.1671800e+03]
 [ 0.0000000e+00  0.0000000e+00  0.0000000e+00  1.0000000e+00]]
[-0185.24, +0045.88, -1111.62]
1820, 1111, 1637
[[-8.6439460e-02  9.9495596e-01 -4.6592040e-02 -5.4900000e+00]
 [ 4.9923560e-02  5.1239900e-02  9.9725388e-01  1.3696000e+02]
 [ 9.9479436e-01  8.4085080e-02 -5.3911200e-02 -1.1672100e+03]
 [ 0.0000000e+00  0.0000000e+00  0.0000000e+00  1.0000000e+00]]
[-0113.67, +0113.53, -1100.59]
1718, 1180, 1317
[[-8.4952200e-02  9.9510884e-01 -4.6554720e-02 -5.2900000e+00]
 [ 4.9467840e-02  5.1061560e-02  9.9730556e-01  1.3691000e+02]
 [ 9.9496828e-01  8.2606560e-02 -5.3394600e-02 -1.1671300e+03]
 [ 0.0000000e+00  0.0000000e+00  0.0000000e+00  1.0000000e+00]]
[-0091.26, +0093.56, -1082.93]
1131, 1229, 1281
[[-8.4060160e-02  9.9523056e-01 -4.6318240e-02 -5.2100000e+00]
 [ 4.8606240e-02  5.0671920e-02  9.9739812e-01  1.3687000e+02]
 [ 9.9512144e-01  8.1741720e-02 -5.2496080e-02 -1.1671100e+03]
 [ 0.0000000e+00  0.0000000e+00  0.0000000e+00  1.0000000e+00]]
[-0129.01, +0043.33, -1067.30]
1162, 1542, 1716
[[-8.4774340e-02  9.9500352e-01 -4.7049840e-02 -5.2900000e+00]
 [ 4.9546560e-02  5.1649100e-02  9.9718668e-01  1.3694000e+02]
 [ 9.9488232e-01  8.2487160e-02 -5.3421200e-02 -1.1671000e+03]
 [ 0.0000000e+00  0.0000000e+00  0.0000000e+00  1.0000000e+00]]
[-0158.61, +0027.78, -1093.24]
1198, 1204, 1096
[[-8.4100000e-02  9.9515200e-01 -4.6176000e-02 -5.2000000e+00]
 [ 4.9504000e-02  5.0684720e-02  9.9728184e-01  1.3686000e+02]
 [ 9.9499200e-01  8.1818160e-02 -5.3315280e-02 -1.1671000e+03]
 [ 0.0000000e+00  0.0000000e+00  0.0000000e+00  1.0000000e+00]]
[-0105.74, +0047.73, -1062.83]
1299, 807, 1232
[[-8.4476200e-02  9.9512476e-01 -4.5991080e-02 -5.2300000e+00]
 [ 4.8903640e-02  5.0473820e-02  9.9731874e-01  1.3683000e+02]
 [ 9.9498588e-01  8.2237140e-02 -5.2714020e-02 -1.1671300e+03]
 [ 0.0000000e+00  0.0000000e+00  0.0000000e+00  1.0000000e+00]]
[-0124.46, +0103.65, -1076.10]
820, 869, 1409
[[-8.3862100e-02  9.9526382e-01 -4.5899060e-02 -5.1600000e+00]
 [ 4.9226740e-02  5.0295000e-02  9.9738418e-01  1.3681000e+02]
 [ 9.9510478e-01  8.1537740e-02 -5.3071060e-02 -1.1670900e+03]
 [ 0.0000000e+00  0.0000000e+00  0.0000000e+00  1.0000000e+00]]
[-0179.50, +0058.07, -1085.44]
2089, 921, 909
[[-8.4754180e-02  9.9513246e-01 -4.6343440e-02 -5.2800000e+00]
 [ 4.9880460e-02  5.0876380e-02  9.9729168e-01  1.3691000e+02]
 [ 9.9496144e-01  8.2402320e-02 -5.3777800e-02 -1.1670900e+03]
 [ 0.0000000e+00  0.0000000e+00  0.0000000e+00  1.0000000e+00]]
[-0044.47, +0119.28, -1133.46]
1388, 2067, 1041
[[-8.3724200e-02  9.9502998e-01 -4.7291940e-02 -5.2400000e+00]
 [ 4.9163580e-02  5.1853400e-02  9.9715034e-01  1.3698000e+02]
 [ 9.9493926e-01  8.1493540e-02 -5.2958440e-02 -1.1671000e+03]
 [ 0.0000000e+00  0.0000000e+00  0.0000000e+00  1.0000000e+00]]
[-0063.46, -0010.42, -1112.42]
1174, 2087, 1465
[[-8.4814900e-02  9.9500400e-01 -4.7432400e-02 -5.2800000e+00]
 [ 4.9929120e-02  5.2044940e-02  9.9716640e-01  1.3699000e+02]
 [ 9.9488184e-01  8.2466880e-02 -5.3857600e-02 -1.1670800e+03]
 [ 0.0000000e+00  0.0000000e+00  0.0000000e+00  1.0000000e+00]]
[-0113.70, -0021.27, -1112.94]
828, 995, 1240
[[-8.366408e-02  9.951882e-01 -4.557900e-02 -5.120000e+00]
 [ 4.973820e-02  5.010950e-02  9.972745e-01  1.367900e+02]
 [ 9.949890e-01  8.142950e-02 -5.345458e-02 -1.167100e+03]
 [ 0.000000e+00  0.000000e+00  0.000000e+00  1.000000e+00]]
[-0160.08, +0040.57, -1071.09]
810, 1720, 1861
[[-8.5012800e-02  9.9500056e-01 -4.7227520e-02 -5.2600000e+00]
 [ 4.9932560e-02  5.1847040e-02  9.9717976e-01  1.3693000e+02]
 [ 9.9486848e-01  8.2671760e-02 -5.3857600e-02 -1.1670900e+03]
 [ 0.0000000e+00  0.0000000e+00  0.0000000e+00  1.0000000e+00]]
[-0175.54, -0004.18, -1135.13]
1038, 1730, 766
[[-8.4694180e-02  9.9511156e-01 -4.6185660e-02 -5.1500000e+00]
 [ 4.8890440e-02  5.0665400e-02  9.9732228e-01  1.3690000e+02]
 [ 9.9498234e-01  8.2431720e-02 -5.2740420e-02 -1.1671100e+03]
 [ 0.0000000e+00  0.0000000e+00  0.0000000e+00  1.0000000e+00]]
[-0066.30, -0017.46, -1099.79]
1478, 2214, 906
[[-8.4378500e-02  9.9499008e-01 -4.7875560e-02 -5.2600000e+00]
 [ 4.9123680e-02  5.2427900e-02  9.9716036e-01  1.3707000e+02]
 [ 9.9492924e-01  8.2077160e-02 -5.3038240e-02 -1.1671100e+03]
 [ 0.0000000e+00  0.0000000e+00  0.0000000e+00  1.0000000e+00]]
[-0050.60, -0008.95, -1130.91]
2009, 1782, 1903
[[-8.6343560e-02  9.9496110e-01 -4.7752620e-02 -5.4600000e+00]
 [ 5.0875620e-02  5.2427900e-02  9.9718934e-01  1.3705000e+02]
 [ 9.9480630e-01  8.3829100e-02 -5.5003300e-02 -1.1671200e+03]
 [ 0.0000000e+00  0.0000000e+00  0.0000000e+00  1.0000000e+00]]
[-0110.23, +0075.10, -1093.96]
1051, 1818, 892
[[-8.4100000e-02  9.9524100e-01 -4.6493000e-02 -5.2100000e+00]
 [ 4.9197000e-02  5.0876380e-02  9.9737796e-01  1.3690000e+02]
 [ 9.9511100e-01  8.1722040e-02 -5.3123620e-02 -1.1671300e+03]
 [ 0.0000000e+00  0.0000000e+00  0.0000000e+00  1.0000000e+00]]
[-0077.26, -0018.73, -1100.28]
903, 2114, 1407
[[-8.4338100e-02  9.9509888e-01 -4.7393940e-02 -5.2800000e+00]
 [ 4.8850080e-02  5.1840600e-02  9.9727616e-01  1.3700000e+02]
 [ 9.9502846e-01  8.2001760e-02 -5.2793460e-02 -1.1671500e+03]
 [ 0.0000000e+00  0.0000000e+00  0.0000000e+00  1.0000000e+00]]
[-0120.79, -0034.71, -1132.65]
2049, 2082, 1832
[[-8.5510920e-02  9.9507332e-01 -4.8299320e-02 -5.4800000e+00]
 [ 5.0380520e-02  5.2823580e-02  9.9725162e-01  1.3715000e+02]
 [ 9.9497012e-01  8.2934180e-02 -5.4566340e-02 -1.1671300e+03]
 [ 0.0000000e+00  0.0000000e+00  0.0000000e+00  1.0000000e+00]]
[-0094.20, +0046.94, -1095.09]
1217, 2205, 1749
[[-8.4398820e-02  9.9500038e-01 -4.7858860e-02 -5.3300000e+00]
 [ 4.9523020e-02  5.2434300e-02  9.9715006e-01  1.3706000e+02]
 [ 9.9491894e-01  8.2067140e-02 -5.3447880e-02 -1.1671400e+03]
 [ 0.0000000e+00  0.0000000e+00  0.0000000e+00  1.0000000e+00]]
[-0129.02, -0016.61, -1121.84]
1082, 1638, 1742
[[-8.477434e-02  9.951126e-01 -4.695086e-02 -5.310000e+00]
 [ 4.965564e-02  5.145756e-02  9.972822e-01  1.369100e+02]
 [ 9.949813e-01  8.239164e-02 -5.361274e-02 -1.167130e+03]
 [ 0.000000e+00  0.000000e+00  0.000000e+00  1.000000e+00]]
[-0160.21, +0014.98, -1100.78]
1452, 1540, 1271
[[-8.4992520e-02  9.9510940e-01 -4.6937280e-02 -5.3200000e+00]
 [ 4.9850400e-02  5.1457560e-02  9.9728540e-01  1.3695000e+02]
 [ 9.9496772e-01  8.2586400e-02 -5.3830920e-02 -1.1671300e+03]
 [ 0.0000000e+00  0.0000000e+00  0.0000000e+00  1.0000000e+00]]
[-0093.06, +0041.68, -1073.82]
1036, 1573, 1871
[[-8.519050e-02  9.948776e-01 -4.713850e-02 -5.360000e+00]
 [ 4.942760e-02  5.183408e-02  9.971080e-01  1.369400e+02]
 [ 9.947665e-01  8.298200e-02 -5.325642e-02 -1.167140e+03]
 [ 0.000000e+00  0.000000e+00  0.000000e+00  1.000000e+00]]
[-0174.93, +0020.19, -1112.43]
1797, 1723, 1020
[[-8.519050e-02  9.949867e-01 -4.703950e-02 -5.340000e+00]
 [ 4.953670e-02  5.164262e-02  9.972035e-01  1.370000e+02]
 [ 9.948655e-01  8.288650e-02 -5.344788e-02 -1.167120e+03]
 [ 0.000000e+00  0.000000e+00  0.000000e+00  1.000000e+00]]
[-0043.17, +0045.37, -1099.55]
982, 963, 1193
[[-8.4258260e-02  9.9513792e-01 -4.5796500e-02 -5.2400000e+00]
 [ 4.8916800e-02  5.0282200e-02  9.9731520e-01  1.3685000e+02]
 [ 9.9498942e-01  8.2042560e-02 -5.2687700e-02 -1.1671400e+03]
 [ 0.0000000e+00  0.0000000e+00  0.0000000e+00  1.0000000e+00]]
[-0142.97, +0059.01, -1064.35]
1651, 1338, 1309
[[-8.5429000e-02  9.9500402e-01 -4.6800860e-02 -5.3600000e+00]
 [ 5.0338900e-02  5.1457560e-02  9.9719602e-01  1.3695000e+02]
 [ 9.9483130e-01  8.3071700e-02 -5.4267400e-02 -1.1671100e+03]
 [ 0.0000000e+00  0.0000000e+00  0.0000000e+00  1.0000000e+00]]
[-0089.17, +0076.05, -1077.72]
894, 1039, 1492
[[-8.3882020e-02  9.9515516e-01 -4.6189460e-02 -5.2600000e+00]
 [ 4.9309160e-02  5.0684720e-02  9.9727868e-01  1.3686000e+02]
 [ 9.9500546e-01  8.1623320e-02 -5.3097300e-02 -1.1671500e+03]
 [ 0.0000000e+00  0.0000000e+00  0.0000000e+00  1.0000000e+00]]
[-0174.54, +0048.56, -1086.42]
1438, 1041, 1804
[[-8.5606740e-02  9.9508902e-01 -4.6722000e-02 -5.3600000e+00]
 [ 4.9844100e-02  5.1253100e-02  9.9731560e-01  1.3694000e+02]
 [ 9.9493752e-01  8.3190640e-02 -5.3857600e-02 -1.1671400e+03]
 [ 0.0000000e+00  0.0000000e+00  0.0000000e+00  1.0000000e+00]]
[-0158.31, +0097.10, -1103.64]
1075, 773, 1133
[[-8.4872520e-02  9.9522658e-01 -4.5482420e-02 -5.2300000e+00]
 [ 4.9019780e-02  4.9885880e-02  9.9744058e-01  1.3680000e+02]
 [ 9.9505862e-01  8.2551220e-02 -5.2905640e-02 -1.1671500e+03]
 [ 0.0000000e+00  0.0000000e+00  0.0000000e+00  1.0000000e+00]]
[-0134.86, +0088.19, -1066.34]
2089, 1222, 1515
[[-8.6084020e-02  9.9507296e-01 -4.7285140e-02 -5.4700000e+00]
 [ 5.0407840e-02  5.1840600e-02  9.9730208e-01  1.3702000e+02]
 [ 9.9491966e-01  8.3559520e-02 -5.4539380e-02 -1.1671300e+03]
 [ 0.0000000e+00  0.0000000e+00  0.0000000e+00  1.0000000e+00]]
[-0084.46, +0114.20, -1108.76]
1414, 1536, 1001
[[-8.4714100e-02  9.9520088e-01 -4.6694040e-02 -5.3000000e+00]
 [ 4.8774640e-02  5.1055040e-02  9.9740832e-01  1.3693000e+02]
 [ 9.9510108e-01  8.2325760e-02 -5.2766900e-02 -1.1671700e+03]
 [ 0.0000000e+00  0.0000000e+00  0.0000000e+00  1.0000000e+00]]
[-0069.79, +0029.01, -1077.96]
2209, 2211, 1373
[[-8.7322960e-02  9.9473468e-01 -5.0833880e-02 -5.5300000e+00]
 [ 5.0417320e-02  5.5520220e-02  9.9705598e-01  1.3741000e+02]
 [ 9.9475588e-01  8.4648980e-02 -5.4868180e-02 -1.1671500e+03]
 [ 0.0000000e+00  0.0000000e+00  0.0000000e+00  1.0000000e+00]]
[-0055.26, +0037.76, -1110.90]
1899, 1217, 1404
[[-8.4972320e-02  9.9510912e-01 -4.6746000e-02 -5.3500000e+00]
 [ 4.9659120e-02  5.1259580e-02  9.9729550e-01  1.3694000e+02]
 [ 9.9496800e-01  8.2596500e-02 -5.3612740e-02 -1.1671500e+03]
 [ 0.0000000e+00  0.0000000e+00  0.0000000e+00  1.0000000e+00]]
[-0089.57, +0099.94, -1091.83]
1160, 1617, 909
[[-8.4714100e-02  9.9522084e-01 -4.6277920e-02 -5.2500000e+00]
 [ 4.9190760e-02  5.0671920e-02  9.9740784e-01  1.3692000e+02]
 [ 9.9508112e-01  8.2326240e-02 -5.3150020e-02 -1.1671500e+03]
 [ 0.0000000e+00  0.0000000e+00  0.0000000e+00  1.0000000e+00]]
[-0075.22, +0000.81, -1083.04]
860, 1848, 940
[[-8.3644200e-02  9.9512828e-01 -4.6635360e-02 -5.2100000e+00]
 [ 4.8299040e-02  5.1061560e-02  9.9728612e-01  1.3691000e+02]
 [ 9.9504892e-01  8.1437760e-02 -5.2086600e-02 -1.1671700e+03]
 [ 0.0000000e+00  0.0000000e+00  0.0000000e+00  1.0000000e+00]]
[-0093.00, -0034.68, -1111.96]
1637, 1874, 930
[[-8.5012800e-02  9.9501072e-01 -4.7019440e-02 -5.3300000e+00]
 [ 5.0140640e-02  5.1655500e-02  9.9717948e-01  1.3699000e+02]
 [ 9.9485832e-01  8.2672040e-02 -5.4049140e-02 -1.1671200e+03]
 [ 0.0000000e+00  0.0000000e+00  0.0000000e+00  1.0000000e+00]]
[-0043.58, +0019.63, -1105.35]
1918, 909, 1001
[[-8.4714100e-02  9.9511182e-01 -4.6376960e-02 -5.3300000e+00]
 [ 4.9081740e-02  5.0863500e-02  9.9731232e-01  1.3690000e+02]
 [ 9.9498208e-01  8.2421760e-02 -5.2958440e-02 -1.1671500e+03]
 [ 0.0000000e+00  0.0000000e+00  0.0000000e+00  1.0000000e+00]]
[-0057.21, +0121.15, -1115.33]
862, 1509, 1665
[[-8.410000e-02  9.951320e-01 -4.659200e-02 -5.290000e+00]
 [ 4.908800e-02  5.106800e-02  9.972824e-01  1.368800e+02]
 [ 9.950120e-01  8.181760e-02 -5.293200e-02 -1.167150e+03]
 [ 0.000000e+00  0.000000e+00  0.000000e+00  1.000000e+00]]
[-0172.18, +0007.05, -1108.72]
2126, 1712, 2211
[[-8.5968640e-02  9.9485904e-01 -4.8452640e-02 -5.5800000e+00]
 [ 5.0950560e-02  5.3212780e-02  9.9705642e-01  1.3713000e+02]
 [ 9.9473424e-01  8.3504220e-02 -5.5030420e-02 -1.1671100e+03]
 [ 0.0000000e+00  0.0000000e+00  0.0000000e+00  1.0000000e+00]]
[-0129.33, +0086.76, -1107.97]
1085, 1168, 1661
[[-8.4318020e-02  9.9513882e-01 -4.6370520e-02 -5.2700000e+00]
 [ 4.9490820e-02  5.0876380e-02  9.9728532e-01  1.3687000e+02]
 [ 9.9498852e-01  8.2012680e-02 -5.3341640e-02 -1.1671300e+03]
 [ 0.0000000e+00  0.0000000e+00  0.0000000e+00  1.0000000e+00]]
[-0169.34, +0054.29, -1090.25]
1921, 1783, 2070
[[-8.5729380e-02  9.9488268e-01 -4.7858980e-02 -5.4600000e+00]
 [ 5.0981080e-02  5.2632120e-02  9.9706308e-01  1.3708000e+02]
 [ 9.9472758e-01  8.3320520e-02 -5.4976260e-02 -1.1671100e+03]
 [ 0.0000000e+00  0.0000000e+00  0.0000000e+00  1.0000000e+00]]
[-0130.04, +0069.18, -1097.34]
1539, 1345, 1232
[[-8.4734100e-02  9.9511208e-01 -4.6568260e-02 -5.3100000e+00]
 [ 4.9273040e-02  5.1061560e-02  9.9730232e-01  1.3690000e+02]
 [ 9.9498182e-01  8.2411760e-02 -5.3176500e-02 -1.1671700e+03]
 [ 0.0000000e+00  0.0000000e+00  0.0000000e+00  1.0000000e+00]]
[-0090.77, +0063.85, -1073.06]
1794, 1610, 1926
[[-8.6302440e-02  9.9495026e-01 -4.7578540e-02 -5.4400000e+00]
 [ 5.0285140e-02  5.2223480e-02  9.9721018e-01  1.3702000e+02]
 [ 9.9481714e-01  8.3849380e-02 -5.4374920e-02 -1.1671300e+03]
 [ 0.0000000e+00  0.0000000e+00  0.0000000e+00  1.0000000e+00]]
[-0131.07, +0073.10, -1092.58]
1596, 1366, 1665
[[-8.4774340e-02  9.9512270e-01 -4.6742800e-02 -5.2800000e+00]
 [ 4.9863700e-02  5.1265980e-02  9.9728192e-01  1.3696000e+02]
 [ 9.9497120e-01  8.2391920e-02 -5.3804320e-02 -1.1671300e+03]
 [ 0.0000000e+00  0.0000000e+00  0.0000000e+00  1.0000000e+00]]
[-0128.79, +0074.23, -1082.70]
784, 1559, 2177
[[-8.376468e-02  9.951394e-01 -4.757580e-02 -5.350000e+00]
 [ 4.965540e-02  5.205750e-02  9.972257e-01  1.369100e+02]
 [ 9.950378e-01  8.137770e-02 -5.358618e-02 -1.167120e+03]
 [ 0.000000e+00  0.000000e+00  0.000000e+00  1.000000e+00]]
[-0190.33, +0018.18, -1155.46]
1573, 1054, 1015
[[-8.4872520e-02  9.9512748e-01 -4.5373440e-02 -5.2400000e+00]
 [ 4.9118880e-02  4.9885880e-02  9.9734476e-01  1.3693000e+02]
 [ 9.9494964e-01  8.2647040e-02 -5.2905640e-02 -1.1671300e+03]
 [ 0.0000000e+00  0.0000000e+00  0.0000000e+00  1.0000000e+00]]
[-0071.97, +0091.64, -1079.48]
2014, 1603, 1443
[[-8.5449360e-02  9.9498396e-01 -4.7408320e-02 -5.4100000e+00]
 [ 5.0113880e-02  5.2038540e-02  9.9718644e-01  1.3700000e+02]
 [ 9.9485136e-01  8.3060920e-02 -5.4102660e-02 -1.1671200e+03]
 [ 0.0000000e+00  0.0000000e+00  0.0000000e+00  1.0000000e+00]]
[-0071.00, +0079.64, -1094.25]
813, 1305, 857
[[-8.4199220e-02  9.9523614e-01 -4.5331380e-02 -5.1700000e+00]
 [ 4.8243660e-02  4.9687660e-02  9.9744054e-01  1.3679000e+02]
 [ 9.9509922e-01  8.1976260e-02 -5.2034120e-02 -1.1671700e+03]
 [ 0.0000000e+00  0.0000000e+00  0.0000000e+00  1.0000000e+00]]
[-0105.90, -0002.94, -1069.27]
1087, 1042, 1239
[[-8.4456400e-02  9.9512448e-01 -4.5799760e-02 -5.2300000e+00]
 [ 4.8712320e-02  5.0275680e-02  9.9732864e-01  1.3685000e+02]
 [ 9.9498616e-01  8.2247040e-02 -5.2496080e-02 -1.1671500e+03]
 [ 0.0000000e+00  0.0000000e+00  0.0000000e+00  1.0000000e+00]]
[-0134.78, +0060.36, -1065.20]
1290, 988, 1921
[[-8.4338100e-02  9.9512906e-01 -4.6769880e-02 -5.3200000e+00]
 [ 4.9474140e-02  5.1265980e-02  9.9727556e-01  1.3684000e+02]
 [ 9.9499828e-01  8.2002360e-02 -5.3368080e-02 -1.1671200e+03]
 [ 0.0000000e+00  0.0000000e+00  0.0000000e+00  1.0000000e+00]]
[-0176.57, +0091.03, -1117.13]
878, 1991, 818
[[-8.3684040e-02  9.9515860e-01 -4.6394280e-02 -5.1600000e+00]
 [ 4.9305720e-02  5.0882700e-02  9.9726554e-01  1.3687000e+02]
 [ 9.9501860e-01  8.1418500e-02 -5.3097300e-02 -1.1671200e+03]
 [ 0.0000000e+00  0.0000000e+00  0.0000000e+00  1.0000000e+00]]
[-0077.60, -0038.89, -1129.60]
1127, 1593, 1723
[[-8.4576400e-02  9.9513628e-01 -4.6739640e-02 -5.3100000e+00]
 [ 5.0068280e-02  5.1272300e-02  9.9726834e-01  1.3691000e+02]
 [ 9.9497436e-01  8.2187340e-02 -5.3995940e-02 -1.1671100e+03]
 [ 0.0000000e+00  0.0000000e+00  0.0000000e+00  1.0000000e+00]]
[-0158.77, +0021.71, -1096.18]
1785, 2193, 2044
[[-8.5927200e-02  9.9494716e-01 -4.8387720e-02 -5.4900000e+00]
 [ 5.0261160e-02  5.3008560e-02  9.9717304e-01  1.3711000e+02]
 [ 9.9485428e-01  8.3429040e-02 -5.4402000e-02 -1.1671300e+03]
 [ 0.0000000e+00  0.0000000e+00  0.0000000e+00  1.0000000e+00]]
[-0124.46, +0025.03, -1101.96]
2028, 842, 824
[[-8.4892320e-02  9.9511792e-01 -4.5772800e-02 -5.3000000e+00]
 [ 4.9102080e-02  5.0275680e-02  9.9733520e-01  1.3686000e+02]
 [ 9.9495920e-01  8.2636800e-02 -5.2932000e-02 -1.1671600e+03]
 [ 0.0000000e+00  0.0000000e+00  0.0000000e+00  1.0000000e+00]]
[-0041.52, +0121.78, -1136.21]
2022, 1327, 1582
[[-8.5865640e-02  9.9497722e-01 -4.7189700e-02 -5.4300000e+00]
 [ 5.0312100e-02  5.1840600e-02  9.9720310e-01  1.3699000e+02]
 [ 9.9482422e-01  8.3460540e-02 -5.4321000e-02 -1.1671200e+03]
 [ 0.0000000e+00  0.0000000e+00  0.0000000e+00  1.0000000e+00]]
[-0090.78, +0105.65, -1100.74]
2050, 908, 2017
[[-8.7676320e-02  9.9474436e-01 -4.7641080e-02 -5.7100000e+00]
 [ 5.2432440e-02  5.2625760e-02  9.9700676e-01  1.3701000e+02]
 [ 9.9450332e-01  8.5178040e-02 -5.6533920e-02 -1.1670900e+03]
 [ 0.0000000e+00  0.0000000e+00  0.0000000e+00  1.0000000e+00]]
[-0130.67, +0128.16, -1139.22]
2103, 1454, 1955
[[-8.6063620e-02  9.9495330e-01 -4.7401140e-02 -5.5200000e+00]
 [ 4.9899300e-02  5.2025500e-02  9.9721710e-01  1.3700000e+02]
 [ 9.9483114e-01  8.3664900e-02 -5.3938120e-02 -1.1671500e+03]
 [ 0.0000000e+00  0.0000000e+00  0.0000000e+00  1.0000000e+00]]
[-0114.52, +0102.53, -1106.61]
1708, 2157, 1262
[[-8.5606740e-02  9.9495970e-01 -4.7237300e-02 -5.3400000e+00]
 [ 4.9318700e-02  5.1827480e-02  9.9722062e-01  1.3699000e+02]
 [ 9.9485870e-01  8.3285620e-02 -5.3283220e-02 -1.1671500e+03]
 [ 0.0000000e+00  0.0000000e+00  0.0000000e+00  1.0000000e+00]]
[-0065.31, +0004.97, -1108.04]
838, 1227, 1805
[[-8.4496080e-02  9.9512504e-01 -4.6182400e-02 -5.2700000e+00]
 [ 4.9094960e-02  5.0671920e-02  9.9730880e-01  1.3682000e+02]
 [ 9.9498560e-01  8.2227200e-02 -5.2932000e-02 -1.1671500e+03]
 [ 0.0000000e+00  0.0000000e+00  0.0000000e+00  1.0000000e+00]]
[-0191.74, +0033.40, -1118.40]
1885, 920, 1824
[[-8.6002900e-02  9.9508182e-01 -4.6312240e-02 -5.4300000e+00]
 [ 4.9851300e-02  5.0856940e-02  9.9734232e-01  1.3692000e+02]
 [ 9.9491080e-01  8.3600400e-02 -5.3857600e-02 -1.1671400e+03]
 [ 0.0000000e+00  0.0000000e+00  0.0000000e+00  1.0000000e+00]]
[-0129.44, +0129.08, -1127.19]
1871, 1114, 965
[[-8.511034e-02  9.951047e-01 -4.596736e-02 -5.270000e+00]
 [ 4.908886e-02  5.046726e-02  9.973388e-01  1.367900e+02]
 [ 9.949556e-01  8.283136e-02 -5.295844e-02 -1.167160e+03]
 [ 0.000000e+00  0.000000e+00  0.000000e+00  1.000000e+00]]
[-0049.08, +0100.44, -1103.68]
1898, 999, 782
[[-8.4892320e-02  9.9512784e-01 -4.5564720e-02 -5.2700000e+00]
 [ 4.9310160e-02  5.0084060e-02  9.9733486e-01  1.3684000e+02]
 [ 9.9494928e-01  8.2637140e-02 -5.3123620e-02 -1.1671300e+03]
 [ 0.0000000e+00  0.0000000e+00  0.0000000e+00  1.0000000e+00]]
[-0036.39, +0105.83, -1117.62]
2128, 1750, 2142
[[-8.6166420e-02  9.9486598e-01 -4.8039480e-02 -5.5800000e+00]
 [ 5.1162180e-02  5.2823580e-02  9.9706972e-01  1.3709000e+02]
 [ 9.9471028e-01  8.3709480e-02 -5.5221840e-02 -1.1670900e+03]
 [ 0.0000000e+00  0.0000000e+00  0.0000000e+00  1.0000000e+00]]
[-0123.70, +0083.40, -1104.04]
1373, 1526, 1131
[[-8.449608e-02  9.950260e-01 -4.607340e-02 -5.300000e+00]
 [ 4.919400e-02  5.067192e-02  9.972130e-01  1.368900e+02]
 [ 9.948766e-01  8.232300e-02 -5.293200e-02 -1.167150e+03]
 [ 0.000000e+00  0.000000e+00  0.000000e+00  1.000000e+00]]
[-0086.39, +0031.57, -1073.32]
1210, 1015, 1489
[[-8.3922100e-02  9.9518594e-01 -4.5948280e-02 -5.3100000e+00]
 [ 5.0315860e-02  5.0505420e-02  9.9725756e-01  1.3685000e+02]
 [ 9.9497468e-01  8.1604360e-02 -5.4108520e-02 -1.1671000e+03]
 [ 0.0000000e+00  0.0000000e+00  0.0000000e+00  1.0000000e+00]]
[-0150.50, +0078.31, -1079.64]
862, 983, 1762
[[-8.3466100e-02  9.9529066e-01 -4.5892820e-02 -5.2600000e+00]
 [ 4.9635740e-02  5.0307480e-02  9.9735734e-01  1.3679000e+02]
 [ 9.9511102e-01  8.1128740e-02 -5.3454580e-02 -1.1671100e+03]
 [ 0.0000000e+00  0.0000000e+00  0.0000000e+00  1.0000000e+00]]
[-0194.99, +0057.11, -1115.57]
1803, 1497, 1579
[[-8.5784680e-02  9.9507508e-01 -4.6534080e-02 -5.3800000e+00]
 [ 4.9448320e-02  5.1048440e-02  9.9733932e-01  1.3694000e+02]
 [ 9.9493452e-01  8.3405280e-02 -5.3447880e-02 -1.1671600e+03]
 [ 0.0000000e+00  0.0000000e+00  0.0000000e+00  1.0000000e+00]]
[-0099.19, +0077.29, -1084.01]
1553, 1349, 932
[[-8.4892320e-02  9.9511792e-01 -4.5772800e-02 -5.2600000e+00]
 [ 4.9102080e-02  5.0275680e-02  9.9733520e-01  1.3685000e+02]
 [ 9.9495920e-01  8.2636800e-02 -5.2932000e-02 -1.1671700e+03]
 [ 0.0000000e+00  0.0000000e+00  0.0000000e+00  1.0000000e+00]]
[-0058.80, +0056.68, -1079.76]
1512, 2173, 851
[[-8.4972320e-02  9.9510912e-01 -4.6746000e-02 -5.2800000e+00]
 [ 4.9659120e-02  5.1259580e-02  9.9729550e-01  1.3700000e+02]
 [ 9.9496800e-01  8.2596500e-02 -5.3612740e-02 -1.1671300e+03]
 [ 0.0000000e+00  0.0000000e+00  0.0000000e+00  1.0000000e+00]]
[-0046.13, -0006.69, -1131.41]
1045, 1494, 1965
[[-8.5170340e-02  9.9499652e-01 -4.6640160e-02 -5.3600000e+00]
 [ 4.9553560e-02  5.1253100e-02  9.9721332e-01  1.3692000e+02]
 [ 9.9485568e-01  8.2896840e-02 -5.3421200e-02 -1.1671600e+03]
 [ 0.0000000e+00  0.0000000e+00  0.0000000e+00  1.0000000e+00]]
[-0182.56, +0030.52, -1118.77]
2209, 1520, 2189
[[-8.7499540e-02  9.9483678e-01 -4.8354920e-02 -5.6900000e+00]
 [ 5.2312620e-02  5.3212780e-02  9.9707868e-01  1.3712000e+02]
 [ 9.9463652e-01  8.4866280e-02 -5.6561320e-02 -1.1670900e+03]
 [ 0.0000000e+00  0.0000000e+00  0.0000000e+00  1.0000000e+00]]
[-0126.03, +0098.70, -1113.78]
913, 1896, 1179
[[-8.511034e-02  9.951047e-01 -4.596736e-02 -5.300000e+00]
 [ 4.908886e-02  5.046726e-02  9.973388e-01  1.368600e+02]
 [ 9.949556e-01  8.283136e-02 -5.295844e-02 -1.167200e+03]
 [ 0.000000e+00  0.000000e+00  0.000000e+00  1.000000e+00]]
[-0110.62, -0030.66, -1111.02]
1132, 1456, 2067
[[-8.7094600e-02  9.9494594e-01 -4.6550580e-02 -5.6000000e+00]
 [ 5.0507900e-02  5.1239900e-02  9.9726390e-01  1.3694000e+02]
 [ 9.9475290e-01  8.4669420e-02 -5.4566340e-02 -1.1672400e+03]
 [ 0.0000000e+00  0.0000000e+00  0.0000000e+00  1.0000000e+00]]
[-0184.79, +0041.96, -1122.81]
877, 793, 1140
[[-8.5467300e-02  9.9512620e-01 -4.4550900e-02 -5.3700000e+00]
 [ 4.9338120e-02  4.9099440e-02  9.9738380e-01  1.3677000e+02]
 [ 9.9490034e-01  8.3261880e-02 -5.3097300e-02 -1.1672300e+03]
 [ 0.0000000e+00  0.0000000e+00  0.0000000e+00  1.0000000e+00]]
[-0153.70, +0067.12, -1065.28]
2098, 1687, 2056
[[-8.7853300e-02  9.9471936e-01 -4.7661680e-02 -5.7500000e+00]
 [ 5.1828480e-02  5.2612800e-02  9.9703176e-01  1.3710000e+02]
 [ 9.9451096e-01  8.5392720e-02 -5.5932340e-02 -1.1672100e+03]
 [ 0.0000000e+00  0.0000000e+00  0.0000000e+00  1.0000000e+00]]
[-0120.58, +0087.86, -1102.76]
933, 1519, 1802
[[-8.5942900e-02  9.9497174e-01 -4.5837820e-02 -5.4700000e+00]
 [ 4.9168700e-02  5.0453900e-02  9.9727690e-01  1.3689000e+02]
 [ 9.9481270e-01  8.3725820e-02 -5.3011560e-02 -1.1672800e+03]
 [ 0.0000000e+00  0.0000000e+00  0.0000000e+00  1.0000000e+00]]
[-0175.56, +0015.87, -1112.49]
878, 1680, 1180
[[-8.5526580e-02  9.9520680e-01 -4.5649880e-02 -5.4100000e+00]
 [ 4.9396400e-02  5.0077500e-02  9.9745080e-01  1.3690000e+02]
 [ 9.9502788e-01  8.3135600e-02 -5.3368080e-02 -1.1672500e+03]
 [ 0.0000000e+00  0.0000000e+00  0.0000000e+00  1.0000000e+00]]
[-0122.03, -0020.81, -1096.06]
1338, 1054, 1406
[[-8.6815700e-02  9.9495822e-01 -4.5782940e-02 -5.5200000e+00]
 [ 4.9948140e-02  5.0453900e-02  9.9729042e-01  1.3688000e+02]
 [ 9.9475782e-01  8.4505260e-02 -5.3884360e-02 -1.1672700e+03]
 [ 0.0000000e+00  0.0000000e+00  0.0000000e+00  1.0000000e+00]]
[-0131.95, +0082.67, -1075.23]
986, 2200, 1182
[[-8.5845280e-02  9.9499724e-01 -4.6582200e-02 -5.4800000e+00]
 [ 5.0537240e-02  5.1259580e-02  9.9721260e-01  1.3703000e+02]
 [ 9.9480420e-01  8.3471400e-02 -5.4485700e-02 -1.1672300e+03]
 [ 0.0000000e+00  0.0000000e+00  0.0000000e+00  1.0000000e+00]]
[-0096.70, -0035.59, -1134.68]
1762, 852, 1223
[[-8.6023060e-02  9.9501342e-01 -4.5769740e-02 -5.5300000e+00]
 [ 5.0766060e-02  5.0480300e-02  9.9723522e-01  1.3689000e+02]
 [ 9.9477102e-01  8.3687340e-02 -5.4650600e-02 -1.1672100e+03]
 [ 0.0000000e+00  0.0000000e+00  0.0000000e+00  1.0000000e+00]]
[-0086.86, +0125.55, -1103.10]
961, 1025, 1670
[[-8.5962820e-02  9.9499202e-01 -4.5612620e-02 -5.4900000e+00]
 [ 4.9776220e-02  5.0269080e-02  9.9726622e-01  1.3687000e+02]
 [ 9.9479242e-01  8.3716580e-02 -5.3612740e-02 -1.1672600e+03]
 [ 0.0000000e+00  0.0000000e+00  0.0000000e+00  1.0000000e+00]]
[-0183.24, +0057.85, -1099.78]
1526, 1565, 1888
[[-8.6241360e-02  9.9495960e-01 -4.6796920e-02 -5.6300000e+00]
 [ 4.9919920e-02  5.1438000e-02  9.9724044e-01  1.3699000e+02]
 [ 9.9480780e-01  8.3880200e-02 -5.3911200e-02 -1.1672500e+03]
 [ 0.0000000e+00  0.0000000e+00  0.0000000e+00  1.0000000e+00]]
[-0146.95, +0057.41, -1092.07]
1455, 1430, 1661
[[-8.6221160e-02  9.9497946e-01 -4.6189380e-02 -5.5600000e+00]
 [ 5.0145180e-02  5.0856940e-02  9.9724986e-01  1.3695000e+02]
 [ 9.9478794e-01  8.3890980e-02 -5.4075860e-02 -1.1672500e+03]
 [ 0.0000000e+00  0.0000000e+00  0.0000000e+00  1.0000000e+00]]
[-0136.32, +0058.99, -1081.55]
2026, 879, 1050
[[-8.6181000e-02  9.9487960e-01 -4.5698000e-02 -5.5600000e+00]
 [ 4.9862000e-02  5.0460620e-02  9.9717418e-01  1.3692000e+02]
 [ 9.9467960e-01  8.4006820e-02 -5.3639380e-02 -1.1672500e+03]
 [ 0.0000000e+00  0.0000000e+00  0.0000000e+00  1.0000000e+00]]
[-0058.36, +0126.88, -1127.43]
1853, 1268, 1489
[[-8.6835780e-02  9.9494856e-01 -4.6182280e-02 -5.5800000e+00]
 [ 4.9930960e-02  5.0843580e-02  9.9728076e-01  1.3696000e+02]
 [ 9.9476748e-01  8.4494840e-02 -5.3911200e-02 -1.1672600e+03]
 [ 0.0000000e+00  0.0000000e+00  0.0000000e+00  1.0000000e+00]]
[-0098.71, +0095.15, -1088.94]
1344, 1452, 989
[[-8.6379220e-02  9.9496498e-01 -4.5810460e-02 -5.5100000e+00]
 [ 4.9558420e-02  5.0453900e-02  9.9728366e-01  1.3692000e+02]
 [ 9.9478534e-01  8.4115540e-02 -5.3447880e-02 -1.1672600e+03]
 [ 0.0000000e+00  0.0000000e+00  0.0000000e+00  1.0000000e+00]]
[-0075.61, +0032.65, -1072.93]
1036, 1164, 1552
[[-8.5784680e-02  9.9500614e-01 -4.5800500e-02 -5.5200000e+00]
 [ 5.0171860e-02  5.0473820e-02  9.9724250e-01  1.3690000e+02]
 [ 9.9479530e-01  8.3502100e-02 -5.4022500e-02 -1.1672400e+03]
 [ 0.0000000e+00  0.0000000e+00  0.0000000e+00  1.0000000e+00]]
[-0165.65, +0048.78, -1084.75]
1861, 1091, 1743
[[-8.6896500e-02  9.9486078e-01 -4.6438040e-02 -5.6400000e+00]
 [ 5.0811500e-02  5.1246540e-02  9.9715428e-01  1.3697000e+02]
 [ 9.9464700e-01  8.4560600e-02 -5.4757800e-02 -1.1672100e+03]
 [ 0.0000000e+00  0.0000000e+00  0.0000000e+00  1.0000000e+00]]
[-0122.29, +0117.73, -1108.86]
1184, 1577, 1345
[[-8.6221160e-02  9.9498954e-01 -4.5981180e-02 -5.5200000e+00]
 [ 5.0353380e-02  5.0665400e-02  9.9724946e-01  1.3695000e+02]
 [ 9.9477786e-01  8.3891380e-02 -5.4267400e-02 -1.1672200e+03]
 [ 0.0000000e+00  0.0000000e+00  0.0000000e+00  1.0000000e+00]]
[-0120.35, +0014.73, -1078.06]
2171, 1105, 1225
[[-8.727250e-02  9.949317e-01 -4.636290e-02 -5.620000e+00]
 [ 5.011230e-02  5.103500e-02  9.972879e-01  1.369700e+02]
 [ 9.947499e-01  8.488410e-02 -5.415650e-02 -1.167240e+03]
 [ 0.000000e+00  0.000000e+00  0.000000e+00  1.000000e+00]]
[-0060.76, +0117.10, -1123.12]
2001, 858, 1608
[[-8.6241360e-02  9.9498996e-01 -4.6172320e-02 -5.6000000e+00]
 [ 5.0544520e-02  5.0863500e-02  9.9723936e-01  1.3690000e+02]
 [ 9.9477744e-01  8.3881280e-02 -5.4485700e-02 -1.1672200e+03]
 [ 0.0000000e+00  0.0000000e+00  0.0000000e+00  1.0000000e+00]]
[-0109.43, +0131.99, -1126.56]
865, 1259, 781
[[-8.505106e-02  9.952324e-01 -4.487824e-02 -5.360000e+00]
 [ 4.904024e-02  4.929774e-02  9.974632e-01  1.368000e+02]
 [ 9.950360e-01  8.276624e-02 -5.287936e-02 -1.167250e+03]
 [ 0.000000e+00  0.000000e+00  0.000000e+00  1.000000e+00]]
[-0094.49, +0003.26, -1065.95]
1384, 1126, 1504
[[-8.6617480e-02  9.9497202e-01 -4.5779580e-02 -5.5400000e+00]
 [ 5.0152620e-02  5.0460620e-02  9.9727662e-01  1.3690000e+02]
 [ 9.9476118e-01  8.4300780e-02 -5.4075860e-02 -1.1672300e+03]
 [ 0.0000000e+00  0.0000000e+00  0.0000000e+00  1.0000000e+00]]
[-0135.53, +0081.81, -1078.91]
1457, 1203, 1082
[[-8.6201040e-02  9.9499916e-01 -4.5581840e-02 -5.4800000e+00]
 [ 5.0370440e-02  5.0275680e-02  9.9725908e-01  1.3691000e+02]
 [ 9.9476824e-01  8.3901880e-02 -5.4240720e-02 -1.1672100e+03]
 [ 0.0000000e+00  0.0000000e+00  0.0000000e+00  1.0000000e+00]]
[-0084.00, +0070.73, -1070.96]
1388, 2150, 2069
[[-8.7155920e-02  9.9490596e-01 -4.7956880e-02 -5.6700000e+00]
 [ 5.0247960e-02  5.2599520e-02  9.9723444e-01  1.3709000e+02]
 [ 9.9479288e-01  8.4637560e-02 -5.4456400e-02 -1.1672600e+03]
 [ 0.0000000e+00  0.0000000e+00  0.0000000e+00  1.0000000e+00]]
[-0147.78, +0004.86, -1118.20]
1184, 2204, 883
[[-8.5626980e-02  9.9499032e-01 -4.6804080e-02 -5.4900000e+00]
 [ 5.0134320e-02  5.1451120e-02  9.9720972e-01  1.3705000e+02]
 [ 9.9482808e-01  8.3276280e-02 -5.4075860e-02 -1.1672300e+03]
 [ 0.0000000e+00  0.0000000e+00  0.0000000e+00  1.0000000e+00]]
[-0064.08, -0026.08, -1136.31]
1900, 2163, 2038
[[-8.6916900e-02  9.9490912e-01 -4.7779640e-02 -5.7000000e+00]
 [ 4.9862240e-02  5.2401500e-02  9.9724132e-01  1.3709000e+02]
 [ 9.9480692e-01  8.4453160e-02 -5.4019360e-02 -1.1672400e+03]
 [ 0.0000000e+00  0.0000000e+00  0.0000000e+00  1.0000000e+00]]
[-0120.07, +0036.84, -1099.05]
1260, 964, 1425
[[-8.5982820e-02  9.9490336e-01 -4.5486500e-02 -5.4900000e+00]
 [ 5.0274640e-02  5.0275680e-02  9.9716000e-01  1.3688000e+02]
 [ 9.9467290e-01  8.3802800e-02 -5.4022500e-02 -1.1672200e+03]
 [ 0.0000000e+00  0.0000000e+00  0.0000000e+00  1.0000000e+00]]
[-0140.81, +0087.07, -1077.26]
1023, 1025, 1160
[[-8.5724800e-02  9.9511392e-01 -4.5127840e-02 -5.4500000e+00]
 [ 4.9707360e-02  4.9687660e-02  9.9736782e-01  1.3685000e+02]
 [ 9.9489568e-01  8.3436660e-02 -5.3559700e-02 -1.1672300e+03]
 [ 0.0000000e+00  0.0000000e+00  0.0000000e+00  1.0000000e+00]]
[-0133.16, +0052.53, -1062.78]
1779, 1076, 1614
[[-8.6678080e-02  9.9497328e-01 -4.6352880e-02 -5.6000000e+00]
 [ 5.0725920e-02  5.1055040e-02  9.9724632e-01  1.3695000e+02]
 [ 9.9475992e-01  8.4270480e-02 -5.4730880e-02 -1.1672100e+03]
 [ 0.0000000e+00  0.0000000e+00  0.0000000e+00  1.0000000e+00]]
[-0117.07, +0112.99, -1099.44]
1370, 1126, 829
[[-8.550674e-02  9.949983e-01 -4.544874e-02 -5.450000e+00]
 [ 4.919526e-02  5.007086e-02  9.972695e-01  1.368600e+02]
 [ 9.948201e-01  8.333674e-02 -5.295844e-02 -1.167240e+03]
 [ 0.000000e+00  0.000000e+00  0.000000e+00  1.000000e+00]]
[-0065.02, +0062.85, -1070.41]
2046, 1286, 1643
[[-8.6718880e-02  9.9496388e-01 -4.6943320e-02 -5.6600000e+00]
 [ 5.0899880e-02  5.1642620e-02  9.9722632e-01  1.3702000e+02]
 [ 9.9476932e-01  8.4249680e-02 -5.4976260e-02 -1.1672300e+03]
 [ 0.0000000e+00  0.0000000e+00  0.0000000e+00  1.0000000e+00]]
[-0096.42, +0110.46, -1104.81]
1917, 2244, 1875
[[-8.7176520e-02  9.9492682e-01 -4.7731380e-02 -5.6600000e+00]
 [ 5.0855580e-02  5.2414860e-02  9.9722362e-01  1.3711000e+02]
 [ 9.9477202e-01  8.4627780e-02 -5.5057620e-02 -1.1672200e+03]
 [ 0.0000000e+00  0.0000000e+00  0.0000000e+00  1.0000000e+00]]
[-0104.14, +0023.35, -1099.79]
1011, 1030, 1094
[[-8.5903300e-02  9.9508998e-01 -4.5148160e-02 -5.4200000e+00]
 [ 4.9103580e-02  4.9674300e-02  9.9739176e-01  1.3683000e+02]
 [ 9.9490264e-01  8.3650560e-02 -5.2958440e-02 -1.1672500e+03]
 [ 0.0000000e+00  0.0000000e+00  0.0000000e+00  1.0000000e+00]]
[-0126.67, +0051.44, -1060.40]
1107, 2016, 1714
[[-8.669844e-02  9.949533e-01 -4.696046e-02 -5.590000e+00]
 [ 5.050054e-02  5.163606e-02  9.972369e-01  1.370200e+02]
 [ 9.947799e-01  8.425954e-02 -5.456634e-02 -1.167240e+03]
 [ 0.000000e+00  0.000000e+00  0.000000e+00  1.000000e+00]]
[-0141.14, -0013.63, -1117.14]
2241, 1402, 1137
[[-8.7887400e-02  9.9478120e-01 -4.6663400e-02 -5.6100000e+00]
 [ 4.9580440e-02  5.1403800e-02  9.9722408e-01  1.3700000e+02]
 [ 9.9464008e-01  8.5583000e-02 -5.3609640e-02 -1.1672800e+03]
 [ 0.0000000e+00  0.0000000e+00  0.0000000e+00  1.0000000e+00]]
[-0045.71, +0095.54, -1120.85]
1856, 1275, 2115
[[-8.6459700e-02  9.9495628e-01 -4.6783160e-02 -5.6400000e+00]
 [ 5.0114680e-02  5.1438000e-02  9.9724376e-01  1.3697000e+02]
 [ 9.9479404e-01  8.4074960e-02 -5.4129540e-02 -1.1672400e+03]
 [ 0.0000000e+00  0.0000000e+00  0.0000000e+00  1.0000000e+00]]
[-0151.14, +0100.35, -1118.37]
1581, 898, 791
[[-8.6537800e-02  9.9498022e-01 -4.4806940e-02 -5.4500000e+00]
 [ 4.9596460e-02  4.9475960e-02  9.9731602e-01  1.3684000e+02]
 [ 9.9475298e-01  8.4341060e-02 -5.3394600e-02 -1.1672400e+03]
 [ 0.0000000e+00  0.0000000e+00  0.0000000e+00  1.0000000e+00]]
[-0056.62, +0099.66, -1086.98]
1906, 1964, 1453
[[-8.6520900e-02  9.9496750e-01 -4.7148300e-02 -5.6200000e+00]
 [ 5.0896260e-02  5.1840600e-02  9.9721282e-01  1.3707000e+02]
 [ 9.9478282e-01  8.4044700e-02 -5.4976260e-02 -1.1672100e+03]
 [ 0.0000000e+00  0.0000000e+00  0.0000000e+00  1.0000000e+00]]
[-0071.04, +0039.00, -1093.67]
1653, 2102, 771
[[-8.6657800e-02  9.9495262e-01 -4.6578260e-02 -5.4900000e+00]
 [ 5.0118340e-02  5.1239900e-02  9.9725722e-01  1.3703000e+02]
 [ 9.9478058e-01  8.4279860e-02 -5.4129540e-02 -1.1672300e+03]
 [ 0.0000000e+00  0.0000000e+00  0.0000000e+00  1.0000000e+00]]
[-0036.09, +0005.61, -1132.20]
953, 1076, 1046
[[-8.4892320e-02  9.9514768e-01 -4.5148560e-02 -5.3900000e+00]
 [ 4.9726320e-02  4.9700700e-02  9.9733406e-01  1.3685000e+02]
 [ 9.9492944e-01  8.2637940e-02 -5.3506980e-02 -1.1672400e+03]
 [ 0.0000000e+00  0.0000000e+00  0.0000000e+00  1.0000000e+00]]
[-0125.56, +0038.65, -1059.88]
1180, 859, 1574
[[-8.6379220e-02  9.9508406e-01 -4.5503120e-02 -5.4900000e+00]
 [ 4.9875740e-02  5.0070860e-02  9.9737864e-01  1.3686000e+02]
 [ 9.9487448e-01  8.4020560e-02 -5.3830920e-02 -1.1672600e+03]
 [ 0.0000000e+00  0.0000000e+00  0.0000000e+00  1.0000000e+00]]
[-0164.88, +0092.84, -1093.77]
802, 1448, 1191
[[-8.5090500e-02  9.9522330e-01 -4.5468900e-02 -5.3900000e+00]
 [ 4.9214700e-02  4.9885880e-02  9.9744386e-01  1.3689000e+02]
 [ 9.9504510e-01  8.2746140e-02 -5.3123620e-02 -1.1672500e+03]
 [ 0.0000000e+00  0.0000000e+00  0.0000000e+00  1.0000000e+00]]
[-0138.02, -0007.72, -1084.97]
2220, 929, 792
[[-8.6974120e-02  9.9493374e-01 -4.5612500e-02 -5.5400000e+00]
 [ 4.9153260e-02  5.0241880e-02  9.9732450e-01  1.3693000e+02]
 [ 9.9476510e-01  8.4729300e-02 -5.3065000e-02 -1.1672500e+03]
 [ 0.0000000e+00  0.0000000e+00  0.0000000e+00  1.0000000e+00]]
[-0037.19, +0114.15, -1147.95]
1956, 1210, 1619
[[-8.6876180e-02  9.9486036e-01 -4.6246980e-02 -5.5700000e+00]
 [ 5.0620440e-02  5.1048440e-02  9.9716444e-01  1.3695000e+02]
 [ 9.9464742e-01  8.4570760e-02 -5.4539380e-02 -1.1672300e+03]
 [ 0.0000000e+00  0.0000000e+00  0.0000000e+00  1.0000000e+00]]
[-0106.31, +0106.48, -1099.38]
2238, 2005, 1865
[[-8.8447240e-02  9.9466670e-01 -4.7880100e-02 -5.7300000e+00]
 [ 5.1006100e-02  5.2783980e-02  9.9707438e-01  1.3712000e+02]
 [ 9.9451130e-01  8.6006380e-02 -5.5167220e-02 -1.1672500e+03]
 [ 0.0000000e+00  0.0000000e+00  0.0000000e+00  1.0000000e+00]]
[-0089.40, +0063.26, -1099.05]
927, 1524, 790
[[-8.4852800e-02  9.9513696e-01 -4.4974080e-02 -5.3500000e+00]
 [ 4.9135680e-02  4.9496000e-02  9.9735424e-01  1.3684000e+02]
 [ 9.9494016e-01  8.2657280e-02 -5.2879360e-02 -1.1672300e+03]
 [ 0.0000000e+00  0.0000000e+00  0.0000000e+00  1.0000000e+00]]
[-0082.98, -0011.50, -1082.99]
886, 1331, 1340
[[-8.6121360e-02  9.9507672e-01 -4.5342720e-02 -5.4300000e+00]
 [ 4.9090320e-02  4.9865840e-02  9.9739552e-01  1.3686000e+02]
 [ 9.9489888e-01  8.3845120e-02 -5.2984960e-02 -1.1672500e+03]
 [ 0.0000000e+00  0.0000000e+00  0.0000000e+00  1.0000000e+00]]
[-0151.09, +0014.19, -1080.47]
1710, 1157, 1184
[[-8.6597440e-02  9.9507072e-01 -4.5697600e-02 -5.4900000e+00]
 [ 4.9862400e-02  5.0262400e-02  9.9738240e-01  1.3692000e+02]
 [ 9.9487072e-01  8.4215040e-02 -5.3857600e-02 -1.1672300e+03]
 [ 0.0000000e+00  0.0000000e+00  0.0000000e+00  1.0000000e+00]]
[-0077.82, +0094.24, -1084.53]
2241, 1733, 1341
[[-8.7770580e-02  9.9480654e-01 -4.7215480e-02 -5.6500000e+00]
 [ 5.0757260e-02  5.2012140e-02  9.9716916e-01  1.3709000e+02]
 [ 9.9463212e-01  8.5338040e-02 -5.4866280e-02 -1.1672300e+03]
 [ 0.0000000e+00  0.0000000e+00  0.0000000e+00  1.0000000e+00]]
[-0052.62, +0075.95, -1109.73]
1125, 1624, 1454
[[-8.5586580e-02  9.9509878e-01 -4.6322640e-02 -5.5200000e+00]
 [ 4.9861020e-02  5.0863500e-02  9.9732536e-01  1.3692000e+02]
 [ 9.9492776e-01  8.3201040e-02 -5.3830920e-02 -1.1672300e+03]
 [ 0.0000000e+00  0.0000000e+00  0.0000000e+00  1.0000000e+00]]
[-0134.20, +0011.03, -1084.41]
1946, 1822, 866
[[-8.6023060e-02  9.9498312e-01 -4.6394280e-02 -5.3300000e+00]
 [ 5.0141520e-02  5.1055040e-02  9.9723648e-01  1.3698000e+02]
 [ 9.9480132e-01  8.3686080e-02 -5.4075860e-02 -1.1671300e+03]
 [ 0.0000000e+00  0.0000000e+00  0.0000000e+00  1.0000000e+00]]
[-0028.81, +0043.43, -1120.74]
1002, 811, 1318
[[-8.4436680e-02  9.9526266e-01 -4.4885220e-02 -5.2700000e+00]
 [ 4.9254060e-02  4.9310780e-02  9.9743294e-01  1.3684000e+02]
 [ 9.9505602e-01  8.2162460e-02 -5.3044900e-02 -1.1671500e+03]
 [ 0.0000000e+00  0.0000000e+00  0.0000000e+00  1.0000000e+00]]
[-0158.01, +0080.64, -1075.33]
1118, 828, 958
[[-8.5705000e-02  9.9511348e-01 -4.4936640e-02 -5.4000000e+00]
 [ 4.9516160e-02  4.9489400e-02  9.9737772e-01  1.3682000e+02]
 [ 9.9489612e-01  8.3446560e-02 -5.3341640e-02 -1.1672400e+03]
 [ 0.0000000e+00  0.0000000e+00  0.0000000e+00  1.0000000e+00]]
[-0109.45, +0083.14, -1059.68]
1376, 1335, 1931
[[-8.5845280e-02  9.9499724e-01 -4.6582200e-02 -5.5700000e+00]
 [ 5.0537240e-02  5.1259580e-02  9.9721260e-01  1.3697000e+02]
 [ 9.9480420e-01  8.3471400e-02 -5.4485700e-02 -1.1672300e+03]
 [ 0.0000000e+00  0.0000000e+00  0.0000000e+00  1.0000000e+00]]
[-0166.69, +0067.83, -1102.07]
1597, 1452, 1504
[[-8.6043300e-02  9.9498348e-01 -4.6585440e-02 -5.5300000e+00]
 [ 5.0332680e-02  5.1253100e-02  9.9722636e-01  1.3694000e+02]
 [ 9.9480096e-01  8.3675960e-02 -5.4294160e-02 -1.1672300e+03]
 [ 0.0000000e+00  0.0000000e+00  0.0000000e+00  1.0000000e+00]]
[-0109.26, +0065.66, -1077.50]
1311, 1081, 1680
[[-8.519050e-02  9.950372e-01 -4.599900e-02 -5.460000e+00]
 [ 5.057720e-02  5.068472e-02  9.972018e-01  1.368900e+02]
 [ 9.948150e-01  8.288820e-02 -5.440578e-02 -1.167200e+03]
 [ 0.000000e+00  0.000000e+00  0.000000e+00  1.000000e+00]]
[-0159.04, +0081.88, -1091.55]
1034, 2042, 991
[[-8.5982820e-02  9.9497238e-01 -4.6220140e-02 -5.4500000e+00]
 [ 4.9551020e-02  5.0850300e-02  9.9725694e-01  1.3697000e+02]
 [ 9.9481206e-01  8.3705860e-02 -5.3447880e-02 -1.1672500e+03]
 [ 0.0000000e+00  0.0000000e+00  0.0000000e+00  1.0000000e+00]]
[-0081.63, -0031.77, -1122.24]
1692, 1655, 2188
[[-8.7176520e-02  9.9473918e-01 -4.7304500e-02 -5.6800000e+00]
 [ 5.1261820e-02  5.2223480e-02  9.9703190e-01  1.3704000e+02]
 [ 9.9454310e-01  8.4819500e-02 -5.5249000e-02 -1.1672300e+03]
 [ 0.0000000e+00  0.0000000e+00  0.0000000e+00  1.0000000e+00]]
[-0157.13, +0068.07, -1108.34]
1543, 1287, 1717
[[-8.7054120e-02  9.9494518e-01 -4.6168460e-02 -5.5500000e+00]
 [ 5.0125780e-02  5.0843580e-02  9.9728414e-01  1.3693000e+02]
 [ 9.9475366e-01  8.4689660e-02 -5.4129540e-02 -1.1672600e+03]
 [ 0.0000000e+00  0.0000000e+00  0.0000000e+00  1.0000000e+00]]
[-0139.26, +0079.86, -1086.82]
1363, 1707, 1721
[[-8.5626980e-02  9.9491160e-01 -4.6278660e-02 -5.4100000e+00]
 [ 5.0649600e-02  5.1068000e-02  9.9711320e-01  1.3698000e+02]
 [ 9.9469866e-01  8.3372800e-02 -5.4458980e-02 -1.1671400e+03]
 [ 0.0000000e+00  0.0000000e+00  0.0000000e+00  1.0000000e+00]]
[-0139.59, +0027.97, -1087.94]
800, 1631, 1886
[[-8.5744680e-02  9.9496546e-01 -4.6250780e-02 -5.4900000e+00]
 [ 4.8956860e-02  5.0843580e-02  9.9726386e-01  1.3692000e+02]
 [ 9.9483598e-01  8.3520740e-02 -5.2820100e-02 -1.1672600e+03]
 [ 0.0000000e+00  0.0000000e+00  0.0000000e+00  1.0000000e+00]]
[-0181.34, +0002.59, -1134.77]
1583, 1315, 857
[[-8.5764640e-02  9.9510480e-01 -4.5718400e-02 -5.4400000e+00]
 [ 4.9881600e-02  5.0275680e-02  9.9734832e-01  1.3690000e+02]
 [ 9.9490480e-01  8.3416320e-02 -5.3804320e-02 -1.1672400e+03]
 [ 0.0000000e+00  0.0000000e+00  0.0000000e+00  1.0000000e+00]]
[-0048.34, +0063.11, -1085.41]
1286, 808, 936
[[-8.5288720e-02  9.9521964e-01 -4.5264080e-02 -5.4200000e+00]
 [ 4.9218360e-02  4.9687660e-02  9.9745704e-01  1.3682000e+02]
 [ 9.9503192e-01  8.2950960e-02 -5.3123620e-02 -1.1672400e+03]
 [ 0.0000000e+00  0.0000000e+00  0.0000000e+00  1.0000000e+00]]
[-0094.33, +0097.55, -1068.23]
2044, 2097, 1178
[[-8.7333460e-02  9.9467338e-01 -4.7967300e-02 -5.6000000e+00]
 [ 4.9633700e-02  5.2777100e-02  9.9706770e-01  1.3714000e+02]
 [ 9.9459162e-01  8.5043340e-02 -5.3664200e-02 -1.1672700e+03]
 [ 0.0000000e+00  0.0000000e+00  0.0000000e+00  1.0000000e+00]]
[-0045.80, +0033.89, -1114.37]
1248, 1374, 1931
[[-8.6617480e-02  9.9483276e-01 -4.6503400e-02 -5.5800000e+00]
 [ 4.9418760e-02  5.1226380e-02  9.9718230e-01  1.3696000e+02]
 [ 9.9469220e-01  8.4395100e-02 -5.3310100e-02 -1.1672800e+03]
 [ 0.0000000e+00  0.0000000e+00  0.0000000e+00  1.0000000e+00]]
[-0174.44, +0054.03, -1105.60]
2025, 1908, 1113
[[-8.7333460e-02  9.9482352e-01 -4.7035060e-02 -5.5700000e+00]
 [ 5.0576160e-02  5.1820800e-02  9.9716208e-01  1.3707000e+02]
 [ 9.9464978e-01  8.4948960e-02 -5.4620500e-02 -1.1672400e+03]
 [ 0.0000000e+00  0.0000000e+00  0.0000000e+00  1.0000000e+00]]
[-0041.53, +0046.13, -1110.98]
1651, 1109, 1363
[[-8.5348360e-02  9.9511172e-01 -4.5936920e-02 -5.3800000e+00]
 [ 4.9683080e-02  5.0473820e-02  9.9733178e-01  1.3694000e+02]
 [ 9.9493172e-01  8.3016580e-02 -5.3586180e-02 -1.1671600e+03]
 [ 0.0000000e+00  0.0000000e+00  0.0000000e+00  1.0000000e+00]]
[-0103.60, +0096.55, -1082.16]
1388, 1622, 2196
[[-8.6718880e-02  9.9493316e-01 -4.7568040e-02 -5.6300000e+00]
 [ 5.0275160e-02  5.2216880e-02  9.9722728e-01  1.3692000e+02]
 [ 9.9480004e-01  8.4248720e-02 -5.4402000e-02 -1.1672500e+03]
 [ 0.0000000e+00  0.0000000e+00  0.0000000e+00  1.0000000e+00]]
[-0175.16, +0049.18, -1118.73]
1635, 1417, 2146
[[-8.6916900e-02  9.9495000e-01 -4.6946600e-02 -5.6200000e+00]
 [ 5.0695280e-02  5.1636060e-02  9.9724020e-01  1.3701000e+02]
 [ 9.9476604e-01  8.4454280e-02 -5.4784800e-02 -1.1672300e+03]
 [ 0.0000000e+00  0.0000000e+00  0.0000000e+00  1.0000000e+00]]
[-0159.98, +0080.88, -1110.90]
1268, 796, 2158
[[-8.7054120e-02  9.9494518e-01 -4.6168460e-02 -5.5800000e+00]
 [ 5.0125780e-02  5.0843580e-02  9.9728414e-01  1.3690000e+02]
 [ 9.9475366e-01  8.4689660e-02 -5.4129540e-02 -1.1672500e+03]
 [ 0.0000000e+00  0.0000000e+00  0.0000000e+00  1.0000000e+00]]
[-0184.03, +0100.72, -1152.73]
1773, 2125, 804
[[-8.6520900e-02  9.9496750e-01 -4.7148300e-02 -5.5000000e+00]
 [ 5.0896260e-02  5.1840600e-02  9.9721282e-01  1.3712000e+02]
 [ 9.9478282e-01  8.4044700e-02 -5.4976260e-02 -1.1672000e+03]
 [ 0.0000000e+00  0.0000000e+00  0.0000000e+00  1.0000000e+00]]
[-0034.89, +0012.65, -1131.48]
996, 1921, 882
[[-8.5110340e-02  9.9521372e-01 -4.5868280e-02 -5.3800000e+00]
 [ 4.9197880e-02  5.0275680e-02  9.9743428e-01  1.3690000e+02]
 [ 9.9505468e-01  8.2735880e-02 -5.3150020e-02 -1.1672500e+03]
 [ 0.0000000e+00  0.0000000e+00  0.0000000e+00  1.0000000e+00]]
[-0079.76, -0025.29, -1111.00]
1153, 1536, 2036
[[-8.6043300e-02  9.9497334e-01 -4.6793620e-02 -5.5700000e+00]
 [ 5.0124500e-02  5.1444600e-02  9.9722670e-01  1.3696000e+02]
 [ 9.9481110e-01  8.3675620e-02 -5.4102660e-02 -1.1672200e+03]
 [ 0.0000000e+00  0.0000000e+00  0.0000000e+00  1.0000000e+00]]
[-0180.75, +0036.49, -1118.96]
902, 1422, 1966
[[-8.5566500e-02  9.9499938e-01 -4.6022340e-02 -5.4500000e+00]
 [ 4.9768860e-02  5.0665400e-02  9.9723962e-01  1.3689000e+02]
 [ 9.9481902e-01  8.3306860e-02 -5.3612740e-02 -1.1672200e+03]
 [ 0.0000000e+00  0.0000000e+00  0.0000000e+00  1.0000000e+00]]
[-0188.33, +0026.48, -1127.74]
1923, 1558, 1148
[[-8.6657800e-02  9.9486368e-01 -4.6260840e-02 -5.5300000e+00]
 [ 5.0425640e-02  5.1048440e-02  9.9716112e-01  1.3698000e+02]
 [ 9.9466128e-01  8.4375960e-02 -5.4321000e-02 -1.1672300e+03]
 [ 0.0000000e+00  0.0000000e+00  0.0000000e+00  1.0000000e+00]]
[-0050.86, +0070.43, -1097.47]
985, 1164, 1742
[[-8.5566500e-02  9.9500940e-01 -4.5814200e-02 -5.4800000e+00]
 [ 4.9977000e-02  5.0473820e-02  9.9723924e-01  1.3688000e+02]
 [ 9.9480900e-01  8.3307240e-02 -5.3804320e-02 -1.1672300e+03]
 [ 0.0000000e+00  0.0000000e+00  0.0000000e+00  1.0000000e+00]]
[-0183.03, +0048.89, -1103.29]
1205, 1675, 1652
[[-8.6855940e-02  9.9505810e-01 -4.6274280e-02 -5.4900000e+00]
 [ 5.0231220e-02  5.0850300e-02  9.9736604e-01  1.3695000e+02]
 [ 9.9486620e-01  8.4389400e-02 -5.4321000e-02 -1.1672400e+03]
 [ 0.0000000e+00  0.0000000e+00  0.0000000e+00  1.0000000e+00]]
[-0143.92, +0018.48, -1089.82]
1783, 1936, 1974
[[-8.7135400e-02  9.9480672e-01 -4.7656560e-02 -5.6500000e+00]
 [ 5.0155920e-02  5.2401500e-02  9.9714906e-01  1.3706000e+02]
 [ 9.9468384e-01  8.4743460e-02 -5.4237860e-02 -1.1672400e+03]
 [ 0.0000000e+00  0.0000000e+00  0.0000000e+00  1.0000000e+00]]
[-0127.42, +0045.03, -1094.00]
1304, 1185, 764
[[-8.5546500e-02  9.9502896e-01 -4.5206720e-02 -5.3900000e+00]
 [ 5.0202080e-02  4.9892400e-02  9.9724836e-01  1.3684000e+02]
 [ 9.9478944e-01  8.3318120e-02 -5.3969460e-02 -1.1672100e+03]
 [ 0.0000000e+00  0.0000000e+00  0.0000000e+00  1.0000000e+00]]
[-0059.99, +0050.30, -1070.94]
855, 857, 820
[[-8.503146e-02  9.952320e-01 -4.468696e-02 -5.320000e+00]
 [ 4.884896e-02  4.909944e-02  9.974730e-01  1.367700e+02]
 [ 9.950364e-01  8.277604e-02 -5.266146e-02 -1.167240e+03]
 [ 0.000000e+00  0.000000e+00  0.000000e+00  1.000000e+00]]
[-0116.41, +0049.46, -1050.79]
1528, 1942, 1256
[[-8.5606740e-02  9.9499000e-01 -4.6612880e-02 -5.5100000e+00]
 [ 4.9943120e-02  5.1253100e-02  9.9721984e-01  1.3701000e+02]
 [ 9.9482840e-01  8.3286400e-02 -5.3857600e-02 -1.1672500e+03]
 [ 0.0000000e+00  0.0000000e+00  0.0000000e+00  1.0000000e+00]]
[-0074.78, +0010.89, -1092.93]
1295, 831, 2163
[[-8.6043300e-02  9.9499362e-01 -4.6377260e-02 -5.5800000e+00]
 [ 5.0540860e-02  5.1061560e-02  9.9722598e-01  1.3689000e+02]
 [ 9.9479082e-01  8.3676340e-02 -5.4485700e-02 -1.1672100e+03]
 [ 0.0000000e+00  0.0000000e+00  0.0000000e+00  1.0000000e+00]]
[-0183.45, +0100.18, -1150.89]
1723, 1636, 1465
[[-8.6657800e-02  9.9495262e-01 -4.6578260e-02 -5.5300000e+00]
 [ 5.0118340e-02  5.1239900e-02  9.9725722e-01  1.3699000e+02]
 [ 9.9478058e-01  8.4279860e-02 -5.4129540e-02 -1.1672400e+03]
 [ 0.0000000e+00  0.0000000e+00  0.0000000e+00  1.0000000e+00]]
[-0091.16, +0056.59, -1080.90]
1674, 2110, 1413
[[-8.7094600e-02  9.9493578e-01 -4.6758860e-02 -5.5200000e+00]
 [ 5.0299620e-02  5.1431320e-02  9.9726426e-01  1.3701000e+02]
 [ 9.9476306e-01  8.4669060e-02 -5.4374920e-02 -1.1672300e+03]
 [ 0.0000000e+00  0.0000000e+00  0.0000000e+00  1.0000000e+00]]
[-0077.39, +0008.51, -1099.99]
1923, 2051, 1898
[[-8.6125060e-02  9.9497462e-01 -4.7558260e-02 -5.6300000e+00]
 [ 5.0889140e-02  5.2236440e-02  9.9718582e-01  1.3706000e+02]
 [ 9.9480982e-01  8.3634740e-02 -5.4976260e-02 -1.1672000e+03]
 [ 0.0000000e+00  0.0000000e+00  0.0000000e+00  1.0000000e+00]]
[-0108.31, +0043.94, -1093.50]
1983, 1741, 1522
[[-8.7094600e-02  9.9482656e-01 -4.6857920e-02 -5.5800000e+00]
 [ 5.0190400e-02  5.1622700e-02  9.9716890e-01  1.3700000e+02]
 [ 9.9466400e-01  8.4764420e-02 -5.4183540e-02 -1.1672700e+03]
 [ 0.0000000e+00  0.0000000e+00  0.0000000e+00  1.0000000e+00]]
[-0076.54, +0069.31, -1092.06]
2123, 2165, 1538
[[-8.7415860e-02  9.9491346e-01 -4.8116780e-02 -5.6400000e+00]
 [ 5.1032980e-02  5.2804140e-02  9.9721686e-01  1.3715000e+02]
 [ 9.9476814e-01  8.4811780e-02 -5.5303560e-02 -1.1672300e+03]
 [ 0.0000000e+00  0.0000000e+00  0.0000000e+00  1.0000000e+00]]
[-0065.68, +0038.79, -1104.57]
1495, 767, 981
[[-8.5724800e-02  9.9501480e-01 -4.5018800e-02 -5.4200000e+00]
 [ 4.9806480e-02  4.9687660e-02  9.9727200e-01  1.3681000e+02]
 [ 9.9478664e-01  8.3532480e-02 -5.3559700e-02 -1.1672300e+03]
 [ 0.0000000e+00  0.0000000e+00  0.0000000e+00  1.0000000e+00]]
[-0085.17, +0114.47, -1084.09]
1311, 1461, 1459
[[-8.5804800e-02  9.9499648e-01 -4.6199840e-02 -5.5100000e+00]
 [ 5.0154880e-02  5.0863500e-02  9.9723284e-01  1.3693000e+02]
 [ 9.9480496e-01  8.3491640e-02 -5.4049140e-02 -1.1672400e+03]
 [ 0.0000000e+00  0.0000000e+00  0.0000000e+00  1.0000000e+00]]
[-0127.19, +0040.38, -1074.88]
962, 2031, 857
[[-8.4674340e-02  9.9501222e-01 -4.5885380e-02 -5.3700000e+00]
 [ 4.8798220e-02  5.0467260e-02  9.9723642e-01  1.3693000e+02]
 [ 9.9487362e-01  8.2537420e-02 -5.2522440e-02 -1.1672400e+03]
 [ 0.0000000e+00  0.0000000e+00  0.0000000e+00  1.0000000e+00]]
[-0074.62, -0035.34, -1129.19]
1324, 1122, 2068
[[-8.6480020e-02  9.9487794e-01 -4.6448640e-02 -5.5800000e+00]
 [ 5.0821260e-02  5.1253100e-02  9.9713712e-01  1.3694000e+02]
 [ 9.9466416e-01  8.4161280e-02 -5.4730880e-02 -1.1672100e+03]
 [ 0.0000000e+00  0.0000000e+00  0.0000000e+00  1.0000000e+00]]
[-0180.39, +0082.75, -1123.88]
1675, 815, 1492
[[-8.6201040e-02  9.9498912e-01 -4.5790040e-02 -5.5100000e+00]
 [ 5.0162240e-02  5.0467260e-02  9.9725952e-01  1.3690000e+02]
 [ 9.9477828e-01  8.3901440e-02 -5.4049140e-02 -1.1672200e+03]
 [ 0.0000000e+00  0.0000000e+00  0.0000000e+00  1.0000000e+00]]
[-0118.17, +0128.33, -1107.45]
936, 1945, 1552
[[-8.5170340e-02  9.9499652e-01 -4.6640160e-02 -5.3500000e+00]
 [ 4.9553560e-02  5.1253100e-02  9.9721332e-01  1.3689000e+02]
 [ 9.9485568e-01  8.2896840e-02 -5.3421200e-02 -1.1672100e+03]
 [ 0.0000000e+00  0.0000000e+00  0.0000000e+00  1.0000000e+00]]
[-0139.12, -0022.81, -1118.98]
1972, 845, 866
[[-8.5348360e-02  9.9502266e-01 -4.5619740e-02 -5.3800000e+00]
 [ 4.9990260e-02  5.0282200e-02  9.9723558e-01  1.3682000e+02]
 [ 9.9481266e-01  8.3112780e-02 -5.3777800e-02 -1.1671700e+03]
 [ 0.0000000e+00  0.0000000e+00  0.0000000e+00  1.0000000e+00]]
[-0046.26, +0122.77, -1128.51]
1851, 1629, 1232
[[-8.6459700e-02  9.9508574e-01 -4.6267680e-02 -5.4900000e+00]
 [ 5.0640300e-02  5.0863500e-02  9.9733840e-01  1.3697000e+02]
 [ 9.9487280e-01  8.3980320e-02 -5.4704040e-02 -1.1672100e+03]
 [ 0.0000000e+00  0.0000000e+00  0.0000000e+00  1.0000000e+00]]
[-0063.03, +0058.58, -1089.49]
1432, 1213, 1582
[[-8.618100e-02  9.949687e-01 -4.601530e-02 -5.500000e+00]
 [ 4.955470e-02  5.065212e-02  9.972703e-01  1.369200e+02]
 [ 9.947987e-01  8.391070e-02 -5.344788e-02 -1.167250e+03]
 [ 0.000000e+00  0.000000e+00  0.000000e+00  1.000000e+00]]
[-0138.04, +0076.78, -1081.06]
1481, 1817, 838
[[-8.5982820e-02  9.9498240e-01 -4.6011960e-02 -5.4400000e+00]
 [ 4.9759200e-02  5.0658800e-02  9.9725660e-01  1.3696000e+02]
 [ 9.9480204e-01  8.3706200e-02 -5.3639380e-02 -1.1672200e+03]
 [ 0.0000000e+00  0.0000000e+00  0.0000000e+00  1.0000000e+00]]
[-0044.19, +0011.84, -1103.92]
1166, 2148, 2035
[[-8.5688180e-02  9.9484104e-01 -4.8309180e-02 -5.6100000e+00]
 [ 4.9766160e-02  5.3002040e-02  9.9708456e-01  1.3709000e+02]
 [ 9.9476922e-01  8.3340240e-02 -5.3773780e-02 -1.1672500e+03]
 [ 0.0000000e+00  0.0000000e+00  0.0000000e+00  1.0000000e+00]]
[-0153.36, -0005.69, -1130.96]
1611, 1134, 1674
[[-8.6876180e-02  9.9495942e-01 -4.6356180e-02 -5.5300000e+00]
 [ 5.0521380e-02  5.1048440e-02  9.9726018e-01  1.3695000e+02]
 [ 9.9475662e-01  8.4475020e-02 -5.4539380e-02 -1.1672400e+03]
 [ 0.0000000e+00  0.0000000e+00  0.0000000e+00  1.0000000e+00]]
[-0131.52, +0099.33, -1091.79]
1209, 1468, 1802
[[-8.584528e-02  9.951064e-01 -4.648320e-02 -5.520000e+00]
 [ 5.064640e-02  5.106800e-02  9.973080e-01  1.369500e+02]
 [ 9.949032e-01  8.337600e-02 -5.467728e-02 -1.167210e+03]
 [ 0.000000e+00  0.000000e+00  0.000000e+00  1.000000e+00]]
[-0164.65, +0040.68, -1095.97]
1310, 1813, 1206
[[-8.5606740e-02  9.9501020e-01 -4.6196600e-02 -5.4700000e+00]
 [ 5.0359400e-02  5.0869980e-02  9.9721912e-01  1.3696000e+02]
 [ 9.9480820e-01  8.3287120e-02 -5.4240720e-02 -1.1672100e+03]
 [ 0.0000000e+00  0.0000000e+00  0.0000000e+00  1.0000000e+00]]
[-0089.00, +0003.99, -1086.57]
1741, 1740, 1252
[[-8.6261640e-02  9.9498022e-01 -4.6571660e-02 -5.5300000e+00]
 [ 5.0527460e-02  5.1253100e-02  9.9722962e-01  1.3699000e+02]
 [ 9.9478718e-01  8.3870740e-02 -5.4512500e-02 -1.1672200e+03]
 [ 0.0000000e+00  0.0000000e+00  0.0000000e+00  1.0000000e+00]]
[-0066.55, +0045.18, -1087.51]
1607, 1551, 1605
[[-8.6023060e-02  9.9497302e-01 -4.6602460e-02 -5.5200000e+00]
 [ 4.9933340e-02  5.1246540e-02  9.9723682e-01  1.3695000e+02]
 [ 9.9481142e-01  8.3685740e-02 -5.3884360e-02 -1.1672100e+03]
 [ 0.0000000e+00  0.0000000e+00  0.0000000e+00  1.0000000e+00]]
[-0117.97, +0058.34, -1080.04]
1718, 873, 949
[[-8.6359300e-02  9.9498450e-01 -4.5202900e-02 -5.4500000e+00]
 [ 4.9783740e-02  4.9872600e-02  9.9729282e-01  1.3687000e+02]
 [ 9.9476582e-01  8.4126300e-02 -5.3612740e-02 -1.1672300e+03]
 [ 0.0000000e+00  0.0000000e+00  0.0000000e+00  1.0000000e+00]]
[-0063.15, +0115.90, -1098.93]
850, 1388, 1095
[[-8.509050e-02  9.950152e-01 -4.545900e-02 -5.370000e+00]
 [ 4.920480e-02  5.007750e-02  9.972526e-01  1.368600e+02]
 [ 9.948370e-01  8.293740e-02 -5.293200e-02 -1.167250e+03]
 [ 0.000000e+00  0.000000e+00  0.000000e+00  1.000000e+00]]
[-0126.13, -0000.98, -1075.46]
1804, 2161, 1075
[[-8.6302440e-02  9.9486152e-01 -4.7261120e-02 -5.5200000e+00]
 [ 5.0592320e-02  5.2032060e-02  9.9711418e-01  1.3708000e+02]
 [ 9.9469768e-01  8.3945380e-02 -5.4566340e-02 -1.1672100e+03]
 [ 0.0000000e+00  0.0000000e+00  0.0000000e+00  1.0000000e+00]]
[-0047.53, +0013.54, -1117.96]
1521, 1987, 1827
[[-8.6063620e-02  9.9487466e-01 -4.6875600e-02 -5.5300000e+00]
 [ 5.0414660e-02  5.1642620e-02  9.9712080e-01  1.3698000e+02]
 [ 9.9470160e-01  8.3761200e-02 -5.4321000e-02 -1.1672200e+03]
 [ 0.0000000e+00  0.0000000e+00  0.0000000e+00  1.0000000e+00]]
[-0132.89, +0019.88, -1096.22]
1475, 2004, 2243
[[-8.6145700e-02  9.9486568e-01 -4.7848340e-02 -5.6400000e+00]
 [ 5.0971040e-02  5.2625760e-02  9.9708008e-01  1.3705000e+02]
 [ 9.9471058e-01  8.3719840e-02 -5.5003300e-02 -1.1672300e+03]
 [ 0.0000000e+00  0.0000000e+00  0.0000000e+00  1.0000000e+00]]
[-0161.72, +0025.31, -1118.89]
1368, 1058, 1006
[[-8.4694180e-02  9.9525038e-01 -4.5462420e-02 -5.4100000e+00]
 [ 4.9623620e-02  4.9898840e-02  9.9741678e-01  1.3686000e+02]
 [ 9.9505158e-01  8.2337220e-02 -5.3506980e-02 -1.1672100e+03]
 [ 0.0000000e+00  0.0000000e+00  0.0000000e+00  1.0000000e+00]]
[-0087.11, +0075.58, -1067.34]
1036, 2096, 1097
[[-8.5388520e-02  9.9509228e-01 -4.6735640e-02 -5.4300000e+00]
 [ 4.9649320e-02  5.1253100e-02  9.9731234e-01  1.3698000e+02]
 [ 9.9495116e-01  8.2995860e-02 -5.3639380e-02 -1.1672300e+03]
 [ 0.0000000e+00  0.0000000e+00  0.0000000e+00  1.0000000e+00]]
[-0089.30, -0032.70, -1124.61]
980, 1611, 1419
[[-8.5982820e-02  9.9498240e-01 -4.6011960e-02 -5.4500000e+00]
 [ 4.9759200e-02  5.0658800e-02  9.9725660e-01  1.3692000e+02]
 [ 9.9480204e-01  8.3706200e-02 -5.3639380e-02 -1.1672300e+03]
 [ 0.0000000e+00  0.0000000e+00  0.0000000e+00  1.0000000e+00]]
[-0141.53, +0001.06, -1089.81]
772, 2136, 2052
[[-8.5022500e-02  9.9486886e-01 -5.2049980e-02 -5.6500000e+00]
 [ 4.9137140e-02  5.6508120e-02  9.9706234e-01  1.3721000e+02]
 [ 9.9501698e-01  8.2363340e-02 -5.3555620e-02 -1.1672800e+03]
 [ 0.0000000e+00  0.0000000e+00  0.0000000e+00  1.0000000e+00]]
[-0160.52, -0015.74, -1153.23]
1936, 2103, 1318
[[-8.5942900e-02  9.9503110e-01 -4.6779600e-02 -5.3600000e+00]
 [ 4.8236860e-02  5.1219500e-02  9.9737352e-01  1.3693000e+02]
 [ 9.9496152e-01  8.3629200e-02 -5.2245960e-02 -1.1672600e+03]
 [ 0.0000000e+00  0.0000000e+00  0.0000000e+00  1.0000000e+00]]
[-0057.46, +0029.22, -1104.62]
2135, 1396, 899
[[-8.6577480e-02  9.9495126e-01 -4.5813860e-02 -5.4200000e+00]
 [ 4.9353940e-02  5.0447100e-02  9.9729738e-01  1.3688000e+02]
 [ 9.9478194e-01  8.4320020e-02 -5.3256420e-02 -1.1672500e+03]
 [ 0.0000000e+00  0.0000000e+00  0.0000000e+00  1.0000000e+00]]
[-0031.44, +0086.37, -1125.69]
1316, 1482, 2158
[[-8.6023060e-02  9.9508216e-01 -4.6503420e-02 -5.4800000e+00]
 [ 5.0042480e-02  5.1055040e-02  9.9733224e-01  1.3687000e+02]
 [ 9.9491046e-01  8.3590320e-02 -5.4075860e-02 -1.1672200e+03]
 [ 0.0000000e+00  0.0000000e+00  0.0000000e+00  1.0000000e+00]]
[-0179.38, +0053.65, -1120.21]
1479, 1489, 1225
[[-8.5526580e-02  9.9509776e-01 -4.5748980e-02 -5.3600000e+00]
 [ 4.9287360e-02  5.0269080e-02  9.9735536e-01  1.3683000e+02]
 [ 9.9492878e-01  8.3231040e-02 -5.3176500e-02 -1.1672400e+03]
 [ 0.0000000e+00  0.0000000e+00  0.0000000e+00  1.0000000e+00]]
[-0088.48, +0047.72, -1073.60]
901, 1936, 1867
[[-8.5348360e-02  9.9509172e-01 -4.6353160e-02 -5.3700000e+00]
 [ 4.9266840e-02  5.0856940e-02  9.9733242e-01  1.3686000e+02]
 [ 9.9495172e-01  8.3015940e-02 -5.3203060e-02 -1.1672300e+03]
 [ 0.0000000e+00  0.0000000e+00  0.0000000e+00  1.0000000e+00]]
[-0163.26, -0012.11, -1135.38]
1915, 1030, 1519
[[-8.5962820e-02  9.9509112e-01 -4.5721700e-02 -5.4400000e+00]
 [ 4.9677120e-02  5.0269080e-02  9.9736200e-01  1.3681000e+02]
 [ 9.9490150e-01  8.3620800e-02 -5.3612740e-02 -1.1672200e+03]
 [ 0.0000000e+00  0.0000000e+00  0.0000000e+00  1.0000000e+00]]
[-0098.61, +0122.40, -1108.02]
1730, 991, 1772
[[-8.5923060e-02  9.9507056e-01 -4.5755700e-02 -5.4000000e+00]
 [ 4.8878400e-02  5.0255640e-02  9.9738256e-01  1.3680000e+02]
 [ 9.9492206e-01  8.3640000e-02 -5.2793460e-02 -1.1672600e+03]
 [ 0.0000000e+00  0.0000000e+00  0.0000000e+00  1.0000000e+00]]
[-0136.81, +0116.33, -1111.10]
1837, 1310, 1549
[[-8.5982820e-02  9.9499242e-01 -4.5803780e-02 -5.4300000e+00]
 [ 4.9967380e-02  5.0467260e-02  9.9725622e-01  1.3685000e+02]
 [ 9.9479202e-01  8.3706580e-02 -5.3830920e-02 -1.1672000e+03]
 [ 0.0000000e+00  0.0000000e+00  0.0000000e+00  1.0000000e+00]]
[-0100.61, +0095.21, -1089.10]
1972, 1212, 1414
[[-8.6379220e-02  9.9497496e-01 -4.5602240e-02 -5.4300000e+00]
 [ 4.9766640e-02  5.0262400e-02  9.9728328e-01  1.3686000e+02]
 [ 9.9477536e-01  8.4115920e-02 -5.3639380e-02 -1.1672100e+03]
 [ 0.0000000e+00  0.0000000e+00  0.0000000e+00  1.0000000e+00]]
[-0079.65, +0109.61, -1101.89]
2082, 1660, 1537
[[-8.6657800e-02  9.9495262e-01 -4.6578260e-02 -5.5100000e+00]
 [ 5.0118340e-02  5.1239900e-02  9.9725722e-01  1.3696000e+02]
 [ 9.9478058e-01  8.4279860e-02 -5.4129540e-02 -1.1672400e+03]
 [ 0.0000000e+00  0.0000000e+00  0.0000000e+00  1.0000000e+00]]
[-0074.77, +0080.40, -1096.18]
1748, 1417, 1568
[[-8.6419300e-02  9.9494558e-01 -4.6609140e-02 -5.6300000e+00]
 [ 4.9524220e-02  5.1233180e-02  9.9726426e-01  1.3689000e+02]
 [ 9.9480474e-01  8.4094860e-02 -5.3501480e-02 -1.1672100e+03]
 [ 0.0000000e+00  0.0000000e+00  0.0000000e+00  1.0000000e+00]]
[-0108.86, +0077.95, -1082.78]
1050, 1983, 1851
[[-8.5982820e-02  9.9495234e-01 -4.6636500e-02 -5.4500000e+00]
 [ 4.9134660e-02  5.1233180e-02  9.9725750e-01  1.3688000e+02]
 [ 9.9483210e-01  8.3705300e-02 -5.3065000e-02 -1.1672600e+03]
 [ 0.0000000e+00  0.0000000e+00  0.0000000e+00  1.0000000e+00]]
[-0155.29, -0009.22, -1124.60]
1342, 810, 1433
[[-8.4634900e-02  9.9524918e-01 -4.4888460e-02 -5.2600000e+00]
 [ 4.9049660e-02  4.9304300e-02  9.9744642e-01  1.3673000e+02]
 [ 9.9505278e-01  8.2366860e-02 -5.2853160e-02 -1.1671500e+03]
 [ 0.0000000e+00  0.0000000e+00  0.0000000e+00  1.0000000e+00]]
[-0139.07, +0109.48, -1089.04]
2089, 1231, 1673
[[-8.5804800e-02  9.9497632e-01 -4.6616160e-02 -5.4500000e+00]
 [ 4.9738560e-02  5.1246540e-02  9.9723352e-01  1.3691000e+02]
 [ 9.9482512e-01  8.3490960e-02 -5.3666100e-02 -1.1671600e+03]
 [ 0.0000000e+00  0.0000000e+00  0.0000000e+00  1.0000000e+00]]
[-0097.86, +0115.63, -1110.22]
1324, 1096, 1679
[[-8.4714100e-02  9.9514176e-01 -4.5752780e-02 -5.3400000e+00]
 [ 4.9705920e-02  5.0288640e-02  9.9731136e-01  1.3681000e+02]
 [ 9.9495214e-01  8.2422720e-02 -5.3533300e-02 -1.1671600e+03]
 [ 0.0000000e+00  0.0000000e+00  0.0000000e+00  1.0000000e+00]]
[-0156.88, +0081.27, -1090.28]
1317, 1839, 777
[[-8.4852800e-02  9.9511728e-01 -4.5390240e-02 -5.2200000e+00]
 [ 4.8719520e-02  4.9879280e-02  9.9735496e-01  1.3685000e+02]
 [ 9.9495984e-01  8.2656560e-02 -5.2496080e-02 -1.1671900e+03]
 [ 0.0000000e+00  0.0000000e+00  0.0000000e+00  1.0000000e+00]]
[-0048.79, -0002.59, -1106.68]
1199, 1984, 1190
[[-8.3842260e-02  9.9524370e-01 -4.6123620e-02 -5.1500000e+00]
 [ 4.8619380e-02  5.0480300e-02  9.9739466e-01  1.3682000e+02]
 [ 9.9512490e-01  8.1547100e-02 -5.2469800e-02 -1.1671300e+03]
 [ 0.0000000e+00  0.0000000e+00  0.0000000e+00  1.0000000e+00]]
[-0089.09, -0017.30, -1103.83]
907, 1574, 1024
[[-8.3526600e-02  9.9525550e-01 -4.4971900e-02 -5.0800000e+00]
 [ 4.7675380e-02  4.9297740e-02  9.9744010e-01  1.3671000e+02]
 [ 9.9512966e-01  8.1401380e-02 -5.1354900e-02 -1.1671600e+03]
 [ 0.0000000e+00  0.0000000e+00  0.0000000e+00  1.0000000e+00]]
[-0107.34, -0012.06, -1083.53]
1732, 1095, 927
[[-8.4615300e-02  9.9522922e-01 -4.5113260e-02 -5.2000000e+00]
 [ 4.8442220e-02  4.9489400e-02  9.9745694e-01  1.3671000e+02]
 [ 9.9507274e-01  8.2375940e-02 -5.2251940e-02 -1.1671400e+03]
 [ 0.0000000e+00  0.0000000e+00  0.0000000e+00  1.0000000e+00]]
[-0051.96, +0094.49, -1093.39]
1420, 2241, 761
[[-8.5150260e-02  9.9498622e-01 -4.6657020e-02 -5.1800000e+00]
 [ 4.9154220e-02  5.1246540e-02  9.9722362e-01  1.3696000e+02]
 [ 9.9486598e-01  8.2906620e-02 -5.3011560e-02 -1.1671300e+03]
 [ 0.0000000e+00  0.0000000e+00  0.0000000e+00  1.0000000e+00]]
[-0045.73, -0011.89, -1141.61]
979, 1246, 1882
[[-8.3604680e-02  9.9526638e-01 -4.5529620e-02 -5.2200000e+00]
 [ 4.8649020e-02  4.9898840e-02  9.9740078e-01  1.3675000e+02]
 [ 9.9511878e-01  8.1362620e-02 -5.2417480e-02 -1.1671300e+03]
 [ 0.0000000e+00  0.0000000e+00  0.0000000e+00  1.0000000e+00]]
[-0188.22, +0044.38, -1115.36]
2067, 1588, 2051
[[-8.6043300e-02  9.9507236e-01 -4.6902780e-02 -5.4400000e+00]
 [ 5.0025480e-02  5.1444600e-02  9.9732244e-01  1.3694000e+02]
 [ 9.9492026e-01  8.3579880e-02 -5.4102660e-02 -1.1671400e+03]
 [ 0.0000000e+00  0.0000000e+00  0.0000000e+00  1.0000000e+00]]
[-0123.49, +0093.20, -1104.61]
909, 2035, 1681
[[-8.384226e-02  9.952536e-01 -4.591564e-02 -5.140000e+00]
 [ 4.882736e-02  5.028864e-02  9.973944e-01  1.367800e+02]
 [ 9.951150e-01  8.154736e-02 -5.266146e-02 -1.167150e+03]
 [ 0.000000e+00  0.000000e+00  0.000000e+00  1.000000e+00]]
[-0143.97, -0024.17, -1131.04]
1396, 1401, 1999
[[-8.4516040e-02  9.9514532e-01 -4.5957640e-02 -5.2900000e+00]
 [ 4.9702360e-02  5.0486700e-02  9.9729818e-01  1.3681000e+02]
 [ 9.9496532e-01  8.2217860e-02 -5.3533300e-02 -1.1671100e+03]
 [ 0.0000000e+00  0.0000000e+00  0.0000000e+00  1.0000000e+00]]
[-0167.96, +0065.67, -1105.44]
1908, 1381, 1328
[[-8.4872520e-02  9.9520682e-01 -4.5898580e-02 -5.2600000e+00]
 [ 4.8603620e-02  5.0269080e-02  9.9744118e-01  1.3681000e+02]
 [ 9.9507838e-01  8.2550620e-02 -5.2522440e-02 -1.1671500e+03]
 [ 0.0000000e+00  0.0000000e+00  0.0000000e+00  1.0000000e+00]]
[-0071.96, +0089.55, -1091.56]
1244, 1632, 1691
[[-8.4496080e-02  9.9504592e-01 -4.5657320e-02 -5.2400000e+00]
 [ 4.9610080e-02  5.0288640e-02  9.9721232e-01  1.3682000e+02]
 [ 9.9485668e-01  8.2323680e-02 -5.3315280e-02 -1.1671200e+03]
 [ 0.0000000e+00  0.0000000e+00  0.0000000e+00  1.0000000e+00]]
[-0147.31, +0025.31, -1089.36]
793, 2214, 1692
[[-8.3724200e-02  9.9513900e-01 -4.7193000e-02 -5.1900000e+00]
 [ 4.9272600e-02  5.1661820e-02  9.9724594e-01  1.3693000e+02]
 [ 9.9503820e-01  8.1397940e-02 -5.3150020e-02 -1.1671500e+03]
 [ 0.0000000e+00  0.0000000e+00  0.0000000e+00  1.0000000e+00]]
[-0139.35, -0029.65, -1149.04]
2088, 1665, 1576
[[-8.5388520e-02  9.9490432e-01 -4.6309320e-02 -5.3300000e+00]
 [ 5.0055480e-02  5.1061560e-02  9.9712048e-01  1.3688000e+02]
 [ 9.9472288e-01  8.3187720e-02 -5.3830920e-02 -1.1671100e+03]
 [ 0.0000000e+00  0.0000000e+00  0.0000000e+00  1.0000000e+00]]
[-0077.52, +0082.36, -1096.00]
2102, 1861, 1774
[[-8.5825000e-02  9.9497662e-01 -4.6807340e-02 -5.3900000e+00]
 [ 4.9929740e-02  5.1444600e-02  9.9722342e-01  1.3694000e+02]
 [ 9.9482482e-01  8.3480860e-02 -5.3884360e-02 -1.1671400e+03]
 [ 0.0000000e+00  0.0000000e+00  0.0000000e+00  1.0000000e+00]]
[-0090.05, +0068.91, -1094.51]
1168, 1002, 1633
[[-8.3802820e-02  9.9527268e-01 -4.5116880e-02 -5.2000000e+00]
 [ 4.8860520e-02  4.9508960e-02  9.9741348e-01  1.3672000e+02]
 [ 9.9509592e-01  8.1567720e-02 -5.2609220e-02 -1.1671400e+03]
 [ 0.0000000e+00  0.0000000e+00  0.0000000e+00  1.0000000e+00]]
[-0166.10, +0078.22, -1090.86]
1644, 1257, 1139
[[-8.4436680e-02  9.9514388e-01 -4.5192360e-02 -5.2000000e+00]
 [ 4.8937080e-02  4.9694220e-02  9.9733786e-01  1.3676000e+02]
 [ 9.9496676e-01  8.2257540e-02 -5.2661460e-02 -1.1671400e+03]
 [ 0.0000000e+00  0.0000000e+00  0.0000000e+00  1.0000000e+00]]
[-0074.43, +0079.29, -1079.47]
1600, 2095, 1396
[[-8.410000e-02  9.950330e-01 -4.648300e-02 -5.260000e+00]
 [ 4.918700e-02  5.106800e-02  9.971866e-01  1.368600e+02]
 [ 9.949030e-01  8.191340e-02 -5.293200e-02 -1.167140e+03]
 [ 0.000000e+00  0.000000e+00  0.000000e+00  1.000000e+00]]
[-0080.95, +0004.33, -1099.39]
1916, 1465, 1016
[[-8.4892320e-02  9.9512784e-01 -4.5564720e-02 -5.2400000e+00]
 [ 4.9310160e-02  5.0084060e-02  9.9733486e-01  1.3681000e+02]
 [ 9.9494928e-01  8.2637140e-02 -5.3123620e-02 -1.1671400e+03]
 [ 0.0000000e+00  0.0000000e+00  0.0000000e+00  1.0000000e+00]]
[-0042.16, +0075.25, -1102.64]
844, 2075, 821
[[-8.2931940e-02  9.9528548e-01 -4.5170080e-02 -5.0500000e+00]
 [ 4.8080680e-02  4.9508960e-02  9.9740068e-01  1.3678000e+02]
 [ 9.9514912e-01  8.0787880e-02 -5.1738340e-02 -1.1671400e+03]
 [ 0.0000000e+00  0.0000000e+00  0.0000000e+00  1.0000000e+00]]
[-0077.46, -0041.16, -1140.01]
1804, 1014, 2149
[[-8.6043300e-02  9.9499362e-01 -4.6377260e-02 -5.4300000e+00]
 [ 5.0540860e-02  5.1061560e-02  9.9722598e-01  1.3685000e+02]
 [ 9.9479082e-01  8.3676340e-02 -5.4485700e-02 -1.1671100e+03]
 [ 0.0000000e+00  0.0000000e+00  0.0000000e+00  1.0000000e+00]]
[-0153.31, +0114.31, -1134.59]
754, 1461, 1808
[[-8.3406580e-02  9.9528958e-01 -4.5318500e-02 -5.1300000e+00]
 [ 4.9061420e-02  4.9713420e-02  9.9738710e-01  1.3672000e+02]
 [ 9.9511210e-01  8.1158500e-02 -5.2801000e-02 -1.1671200e+03]
 [ 0.0000000e+00  0.0000000e+00  0.0000000e+00  1.0000000e+00]]
[-0184.40, +0009.43, -1126.04]
1307, 944, 1701
[[-8.4238500e-02  9.9516720e-01 -4.4981100e-02 -5.2300000e+00]
 [ 4.9349520e-02  4.9508960e-02  9.9732400e-01  1.3673000e+02]
 [ 9.9496014e-01  8.2053520e-02 -5.3044900e-02 -1.1671300e+03]
 [ 0.0000000e+00  0.0000000e+00  0.0000000e+00  1.0000000e+00]]
[-0160.71, +0096.04, -1099.03]
1162, 2021, 1458
[[-8.406016e-02  9.952504e-01 -4.590224e-02 -5.200000e+00]
 [ 4.902224e-02  5.028864e-02  9.973976e-01  1.368200e+02]
 [ 9.951016e-01  8.174224e-02 -5.287936e-02 -1.167130e+03]
 [ 0.000000e+00  0.000000e+00  0.000000e+00  1.000000e+00]]
[-0114.26, -0018.37, -1107.59]
1522, 1013, 1073
[[-8.4199220e-02  9.9514680e-01 -4.5014460e-02 -5.1800000e+00]
 [ 4.8550800e-02  4.9496000e-02  9.9734440e-01  1.3669000e+02]
 [ 9.9498054e-01  8.2072400e-02 -5.2225780e-02 -1.1671500e+03]
 [ 0.0000000e+00  0.0000000e+00  0.0000000e+00  1.0000000e+00]]
[-0083.14, +0094.34, -1076.70]
1736, 935, 1131
[[-8.4654580e-02  9.9515048e-01 -4.4970820e-02 -5.2300000e+00]
 [ 4.9340080e-02  4.9502520e-02  9.9734072e-01  1.3673000e+02]
 [ 9.9494342e-01  8.2452880e-02 -5.3071060e-02 -1.1671400e+03]
 [ 0.0000000e+00  0.0000000e+00  0.0000000e+00  1.0000000e+00]]
[-0077.49, +0116.04, -1095.94]
776, 1606, 868
[[-8.3488040e-02  9.9536376e-01 -4.4489880e-02 -5.0500000e+00]
 [ 4.7401320e-02  4.8709400e-02  9.9755496e-01  1.3672000e+02]
 [ 9.9522936e-01  8.1325080e-02 -5.1111400e-02 -1.1671600e+03]
 [ 0.0000000e+00  0.0000000e+00  0.0000000e+00  1.0000000e+00]]
[-0098.84, -0027.97, -1094.12]
1935, 1651, 1442
[[-8.4734100e-02  9.9502308e-01 -4.6251160e-02 -5.3200000e+00]
 [ 4.9580120e-02  5.0869980e-02  9.9720624e-01  1.3686000e+02]
 [ 9.9486276e-01  8.2507840e-02 -5.3368080e-02 -1.1671200e+03]
 [ 0.0000000e+00  0.0000000e+00  0.0000000e+00  1.0000000e+00]]
[-0074.13, +0069.63, -1089.90]
1238, 1256, 1576
[[-8.4258260e-02  9.9525678e-01 -4.5489420e-02 -5.2400000e+00]
 [ 4.9233780e-02  4.9898840e-02  9.9741038e-01  1.3676000e+02]
 [ 9.9507858e-01  8.1947380e-02 -5.3071060e-02 -1.1671200e+03]
 [ 0.0000000e+00  0.0000000e+00  0.0000000e+00  1.0000000e+00]]
[-0149.82, +0057.99, -1080.24]
984, 2002, 1488
[[-8.3644200e-02  9.9516796e-01 -4.5803520e-02 -5.1800000e+00]
 [ 4.9130880e-02  5.0295000e-02  9.9728516e-01  1.3681000e+02]
 [ 9.9500924e-01  8.1438720e-02 -5.2853160e-02 -1.1671500e+03]
 [ 0.0000000e+00  0.0000000e+00  0.0000000e+00  1.0000000e+00]]
[-0127.91, -0025.59, -1118.05]
2225, 820, 1518
[[-8.6201040e-02  9.9499916e-01 -4.5581840e-02 -5.4300000e+00]
 [ 5.0370440e-02  5.0275680e-02  9.9725908e-01  1.3682000e+02]
 [ 9.9476824e-01  8.3901880e-02 -5.4240720e-02 -1.1671400e+03]
 [ 0.0000000e+00  0.0000000e+00  0.0000000e+00  1.0000000e+00]]
[-0090.04, +0135.62, -1142.12]
2247, 1100, 1874
[[-8.6760000e-02  9.9487600e-01 -4.7008000e-02 -5.6000000e+00]
 [ 5.1589280e-02  5.1847040e-02  9.9710960e-01  1.3696000e+02]
 [ 9.9464896e-01  8.4325280e-02 -5.5604800e-02 -1.1670900e+03]
 [ 0.0000000e+00  0.0000000e+00  0.0000000e+00  1.0000000e+00]]
[-0114.42, +0116.89, -1186.38]
1259, 1397, 854
[[-8.4417040e-02  9.9526224e-01 -4.4693880e-02 -5.2000000e+00]
 [ 4.9062720e-02  4.9112560e-02  9.9744276e-01  1.3675000e+02]
 [ 9.9505644e-01  8.2172280e-02 -5.2827040e-02 -1.1671500e+03]
 [ 0.0000000e+00  0.0000000e+00  0.0000000e+00  1.0000000e+00]]
[-0067.68, +0028.31, -1072.79]
1593, 842, 1304
[[-8.4417040e-02  9.9526224e-01 -4.4693880e-02 -5.2600000e+00]
 [ 4.9062720e-02  4.9112560e-02  9.9744276e-01  1.3671000e+02]
 [ 9.9505644e-01  8.2172280e-02 -5.2827040e-02 -1.1671300e+03]
 [ 0.0000000e+00  0.0000000e+00  0.0000000e+00  1.0000000e+00]]
[-0107.07, +0119.93, -1092.81]
841, 1807, 1277
[[-8.3565480e-02  9.9526578e-01 -4.5146780e-02 -5.1500000e+00]
 [ 4.8266180e-02  4.9502520e-02  9.9742038e-01  1.3675000e+02]
 [ 9.9511938e-01  8.1382220e-02 -5.1981960e-02 -1.1671700e+03]
 [ 0.0000000e+00  0.0000000e+00  0.0000000e+00  1.0000000e+00]]
[-0127.07, -0027.74, -1108.79]
2184, 1042, 1807
[[-8.562698e-02  9.950106e-01 -4.638780e-02 -5.470000e+00]
 [ 5.055060e-02  5.106800e-02  9.972090e-01  1.368700e+02]
 [ 9.948078e-01  8.327700e-02 -5.445898e-02 -1.167120e+03]
 [ 0.000000e+00  0.000000e+00  0.000000e+00  1.000000e+00]]
[-0107.46, +0126.95, -1128.56]
2083, 782, 1206
[[-8.4199220e-02  9.9526548e-01 -4.4707320e-02 -5.2600000e+00]
 [ 4.8867720e-02  4.9112560e-02  9.9743952e-01  1.3670000e+02]
 [ 9.9506988e-01  8.1977280e-02 -5.2609220e-02 -1.1671600e+03]
 [ 0.0000000e+00  0.0000000e+00  0.0000000e+00  1.0000000e+00]]
[-0074.27, +0132.62, -1132.07]
1452, 864, 788
[[-8.457634e-02  9.951585e-01 -4.399756e-02 -5.180000e+00]
 [ 4.878294e-02  4.851766e-02  9.973794e-01  1.366800e+02]
 [ 9.949354e-01  8.249244e-02 -5.239144e-02 -1.167130e+03]
 [ 0.000000e+00  0.000000e+00  0.000000e+00  1.000000e+00]]
[-0063.16, +0096.06, -1078.39]
915, 1678, 983
[[-8.3367300e-02  9.9518978e-01 -4.4826760e-02 -5.1600000e+00]
 [ 4.8777620e-02  4.9317180e-02  9.9731084e-01  1.3674000e+02]
 [ 9.9500396e-01  8.1274040e-02 -5.2365480e-02 -1.1671200e+03]
 [ 0.0000000e+00  0.0000000e+00  0.0000000e+00  1.0000000e+00]]
[-0098.98, -0021.67, -1092.80]
1783, 1007, 1380
[[-8.467434e-02  9.951608e-01 -4.495406e-02 -5.300000e+00]
 [ 4.973944e-02  4.950896e-02  9.973304e-01  1.367500e+02]
 [ 9.949331e-01  8.244344e-02 -5.348074e-02 -1.167120e+03]
 [ 0.000000e+00  0.000000e+00  0.000000e+00  1.000000e+00]]
[-0096.79, +0115.87, -1096.65]
1229, 1991, 2197
[[-8.5033160e-02  9.9512016e-01 -4.7111760e-02 -5.4200000e+00]
 [ 5.0441040e-02  5.1661820e-02  9.9726478e-01  1.3690000e+02]
 [ 9.9495696e-01  8.2566380e-02 -5.4458980e-02 -1.1671300e+03]
 [ 0.0000000e+00  0.0000000e+00  0.0000000e+00  1.0000000e+00]]
[-0166.66, +0012.58, -1128.50]
1416, 1968, 1079
[[-8.4674340e-02  9.9514100e-01 -4.5370180e-02 -5.2500000e+00]
 [ 4.9323320e-02  4.9892400e-02  9.9733124e-01  1.3681000e+02]
 [ 9.9495290e-01  8.2442600e-02 -5.3097300e-02 -1.1671400e+03]
 [ 0.0000000e+00  0.0000000e+00  0.0000000e+00  1.0000000e+00]]
[-0067.27, +0000.03, -1100.55]
1817, 1849, 1692
[[-8.5566500e-02  9.9509844e-01 -4.6131420e-02 -5.3600000e+00]
 [ 4.9669800e-02  5.0665400e-02  9.9733540e-01  1.3686000e+02]
 [ 9.9492810e-01  8.3211080e-02 -5.3612740e-02 -1.1671300e+03]
 [ 0.0000000e+00  0.0000000e+00  0.0000000e+00  1.0000000e+00]]
[-0101.84, +0052.17, -1087.12]
1091, 1131, 1529
[[-8.4218820e-02  9.9526588e-01 -4.4898680e-02 -5.2200000e+00]
 [ 4.9059080e-02  4.9310780e-02  9.9742972e-01  1.3672000e+02]
 [ 9.9506948e-01  8.1967480e-02 -5.2827040e-02 -1.1671400e+03]
 [ 0.0000000e+00  0.0000000e+00  0.0000000e+00  1.0000000e+00]]
[-0159.51, +0056.56, -1080.88]
1538, 858, 1811
[[-8.4654580e-02  9.9524958e-01 -4.5079780e-02 -5.2900000e+00]
 [ 4.9240980e-02  4.9502520e-02  9.9743658e-01  1.3673000e+02]
 [ 9.9505238e-01  8.2357020e-02 -5.3071060e-02 -1.1671500e+03]
 [ 0.0000000e+00  0.0000000e+00  0.0000000e+00  1.0000000e+00]]
[-0153.57, +0117.60, -1118.76]
1542, 1764, 2099
[[-8.5764640e-02  9.9507480e-01 -4.6342880e-02 -5.3800000e+00]
 [ 4.9257120e-02  5.0850300e-02  9.9734934e-01  1.3686000e+02]
 [ 9.9493480e-01  8.3415300e-02 -5.3229700e-02 -1.1671700e+03]
 [ 0.0000000e+00  0.0000000e+00  0.0000000e+00  1.0000000e+00]]
[-0157.53, +0046.10, -1104.59]
1067, 902, 945
[[-8.4121620e-02  9.9525426e-01 -4.4149900e-02 -5.1200000e+00]
 [ 4.7894260e-02  4.8511020e-02  9.9747870e-01  1.3663000e+02]
 [ 9.9508110e-01  8.2015700e-02 -5.1546600e-02 -1.1671500e+03]
 [ 0.0000000e+00  0.0000000e+00  0.0000000e+00  1.0000000e+00]]
[-0108.99, +0067.86, -1056.66]
1382, 1831, 1635
[[-8.4278100e-02  9.9503918e-01 -4.5878860e-02 -5.3000000e+00]
 [ 4.9207180e-02  5.0480300e-02  9.9720946e-01  1.3683000e+02]
 [ 9.9488014e-01  8.2128460e-02 -5.2905640e-02 -1.1671300e+03]
 [ 0.0000000e+00  0.0000000e+00  0.0000000e+00  1.0000000e+00]]
[-0125.34, +0017.30, -1088.01]
1038, 1001, 1666
[[-8.4634900e-02  9.9515006e-01 -4.4779520e-02 -5.2300000e+00]
 [ 4.9148780e-02  4.9304300e-02  9.9735056e-01  1.3673000e+02]
 [ 9.9494384e-01  8.2462720e-02 -5.2853160e-02 -1.1671500e+03]
 [ 0.0000000e+00  0.0000000e+00  0.0000000e+00  1.0000000e+00]]
[-0178.70, +0068.54, -1097.45]
1678, 1665, 1522
[[-8.5110340e-02  9.9512458e-01 -4.5551160e-02 -5.3100000e+00]
 [ 4.9505060e-02  5.0084060e-02  9.9733812e-01  1.3682000e+02]
 [ 9.9493572e-01  8.2832040e-02 -5.3341640e-02 -1.1671200e+03]
 [ 0.0000000e+00  0.0000000e+00  0.0000000e+00  1.0000000e+00]]
[-0098.26, +0052.78, -1080.31]
1256, 967, 1211
[[-8.4160260e-02  9.9525498e-01 -4.4532620e-02 -5.2000000e+00]
 [ 4.8276980e-02  4.8907740e-02  9.9745938e-01  1.3669000e+02]
 [ 9.9508038e-01  8.1996380e-02 -5.1981960e-02 -1.1671500e+03]
 [ 0.0000000e+00  0.0000000e+00  0.0000000e+00  1.0000000e+00]]
[-0121.03, +0082.55, -1067.79]
1811, 1756, 1854
[[-8.5586580e-02  9.9509878e-01 -4.6322640e-02 -5.3900000e+00]
 [ 4.9861020e-02  5.0863500e-02  9.9732536e-01  1.3688000e+02]
 [ 9.9492776e-01  8.3201040e-02 -5.3830920e-02 -1.1671500e+03]
 [ 0.0000000e+00  0.0000000e+00  0.0000000e+00  1.0000000e+00]]
[-0119.21, +0060.01, -1088.65]
1860, 2020, 2243
[[-8.5647300e-02  9.9499064e-01 -4.6995280e-02 -5.4500000e+00]
 [ 5.0325520e-02  5.1649100e-02  9.9719956e-01  1.3694000e+02]
 [ 9.9482776e-01  8.3266120e-02 -5.4294160e-02 -1.1671300e+03]
 [ 0.0000000e+00  0.0000000e+00  0.0000000e+00  1.0000000e+00]]
[-0140.39, +0046.93, -1104.73]
1187, 1595, 958
[[-8.4397480e-02  9.9525206e-01 -4.4710580e-02 -5.1900000e+00]
 [ 4.8663340e-02  4.9106040e-02  9.9745294e-01  1.3674000e+02]
 [ 9.9506662e-01  8.2181660e-02 -5.2417480e-02 -1.1671500e+03]
 [ 0.0000000e+00  0.0000000e+00  0.0000000e+00  1.0000000e+00]]
[-0079.09, +0007.57, -1079.24]
2093, 1246, 984
[[-8.5526580e-02  9.9512758e-01 -4.5124560e-02 -5.3100000e+00]
 [ 4.9911780e-02  4.9694220e-02  9.9735416e-01  1.3681000e+02]
 [ 9.9489896e-01  8.3232240e-02 -5.3751360e-02 -1.1671200e+03]
 [ 0.0000000e+00  0.0000000e+00  0.0000000e+00  1.0000000e+00]]
[-0039.95, +0098.17, -1119.69]
1307, 802, 1083
[[-8.4160260e-02  9.9526468e-01 -4.4324600e-02 -5.2100000e+00]
 [ 4.8485000e-02  4.8716000e-02  9.9745900e-01  1.3667000e+02]
 [ 9.9507068e-01  8.1996760e-02 -5.2173700e-02 -1.1671500e+03]
 [ 0.0000000e+00  0.0000000e+00  0.0000000e+00  1.0000000e+00]]
[-0108.25, +0102.31, -1071.71]
2111, 1665, 2168
[[-8.6520900e-02  9.9497776e-01 -4.6940080e-02 -5.5400000e+00]
 [ 5.1104480e-02  5.1649100e-02  9.9721244e-01  1.3696000e+02]
 [ 9.9477256e-01  8.4045080e-02 -5.5167760e-02 -1.1671000e+03]
 [ 0.0000000e+00  0.0000000e+00  0.0000000e+00  1.0000000e+00]]
[-0128.51, +0089.35, -1107.72]
1194, 1903, 1381
[[-8.4674340e-02  9.9524008e-01 -4.5479160e-02 -5.2500000e+00]
 [ 4.9224240e-02  4.9892400e-02  9.9742708e-01  1.3680000e+02]
 [ 9.9506188e-01  8.2346760e-02 -5.3097300e-02 -1.1671300e+03]
 [ 0.0000000e+00  0.0000000e+00  0.0000000e+00  1.0000000e+00]]
[-0110.60, -0009.30, -1095.79]
1333, 1351, 1557
[[-8.4694180e-02  9.9514138e-01 -4.5561480e-02 -5.2700000e+00]
 [ 4.9514620e-02  5.0090540e-02  9.9732132e-01  1.3675000e+02]
 [ 9.9495252e-01  8.2432680e-02 -5.3315280e-02 -1.1671300e+03]
 [ 0.0000000e+00  0.0000000e+00  0.0000000e+00  1.0000000e+00]]
[-0137.80, +0055.49, -1077.55]
1511, 2205, 1839
[[-8.5170340e-02  9.9508548e-01 -4.6957340e-02 -5.3900000e+00]
 [ 4.9246440e-02  5.1444600e-02  9.9730932e-01  1.3695000e+02]
 [ 9.9497482e-01  8.2800840e-02 -5.3229700e-02 -1.1671500e+03]
 [ 0.0000000e+00  0.0000000e+00  0.0000000e+00  1.0000000e+00]]
[-0121.85, +0002.02, -1106.89]
1945, 1724, 1572
[[-8.4556200e-02  9.9515612e-01 -4.6132240e-02 -5.3500000e+00]
 [ 5.0293040e-02  5.0691000e-02  9.9727772e-01  1.3683000e+02]
 [ 9.9495452e-01  8.2198160e-02 -5.4161160e-02 -1.1671000e+03]
 [ 0.0000000e+00  0.0000000e+00  0.0000000e+00  1.0000000e+00]]
[-0083.99, +0069.14, -1089.26]
783, 1672, 2247
[[-8.2634500e-02  9.9516468e-01 -4.7051740e-02 -5.3200000e+00]
 [ 4.8506760e-02  5.1470200e-02  9.9723012e-01  1.3680000e+02]
 [ 9.9509482e-01  8.0424360e-02 -5.2251940e-02 -1.1671600e+03]
 [ 0.0000000e+00  0.0000000e+00  0.0000000e+00  1.0000000e+00]]
[-0187.57, +0016.02, -1157.23]
786, 1984, 1238
[[-8.3169160e-02  9.9529238e-01 -4.5140380e-02 -5.1300000e+00]
 [ 4.8675020e-02  4.9515320e-02  9.9739378e-01  1.3675000e+02]
 [ 9.9512578e-01  8.0973380e-02 -5.2365480e-02 -1.1671200e+03]
 [ 0.0000000e+00  0.0000000e+00  0.0000000e+00  1.0000000e+00]]
[-0118.93, -0038.41, -1127.36]
791, 1005, 1251
[[-8.2893140e-02  9.9541302e-01 -4.4272200e-02 -5.0800000e+00]
 [ 4.8222300e-02  4.8537100e-02  9.9751500e-01  1.3661000e+02]
 [ 9.9522948e-01  8.0712360e-02 -5.1878600e-02 -1.1671300e+03]
 [ 0.0000000e+00  0.0000000e+00  0.0000000e+00  1.0000000e+00]]
[-0161.12, +0037.32, -1071.99]
1944, 1197, 1751
[[-8.5744680e-02  9.9498538e-01 -4.5834460e-02 -5.3800000e+00]
 [ 4.9373180e-02  5.0460620e-02  9.9726326e-01  1.3681000e+02]
 [ 9.9481606e-01  8.3521340e-02 -5.3203060e-02 -1.1671300e+03]
 [ 0.0000000e+00  0.0000000e+00  0.0000000e+00  1.0000000e+00]]
[-0114.75, +0113.57, -1106.21]
2035, 814, 1425
[[-8.5090500e-02  9.9513410e-01 -4.5151800e-02 -5.3300000e+00]
 [ 4.9521900e-02  4.9694220e-02  9.9734764e-01  1.3675000e+02]
 [ 9.9492620e-01  8.2842360e-02 -5.3315280e-02 -1.1671500e+03]
 [ 0.0000000e+00  0.0000000e+00  0.0000000e+00  1.0000000e+00]]
[-0089.68, +0137.11, -1131.12]
843, 802, 1788
[[-8.3783220e-02  9.9519278e-01 -4.4400640e-02 -5.1700000e+00]
 [ 4.9184180e-02  4.8927180e-02  9.9732656e-01  1.3663000e+02]
 [ 9.9496784e-01  8.1674240e-02 -5.2775040e-02 -1.1671300e+03]
 [ 0.0000000e+00  0.0000000e+00  0.0000000e+00  1.0000000e+00]]
[-0198.99, +0073.87, -1125.79]
1677, 969, 1864
[[-8.4932160e-02  9.9514856e-01 -4.5531120e-02 -5.3400000e+00]
 [ 5.0108880e-02  5.0096940e-02  9.9731414e-01  1.3678000e+02]
 [ 9.9492856e-01  8.2618020e-02 -5.3943060e-02 -1.1671300e+03]
 [ 0.0000000e+00  0.0000000e+00  0.0000000e+00  1.0000000e+00]]
[-0146.31, +0116.80, -1117.64]
1057, 1405, 1890
[[-8.4298020e-02  9.9516846e-01 -4.5555120e-02 -5.2900000e+00]
 [ 4.9923540e-02  5.0103260e-02  9.9729424e-01  1.3676000e+02]
 [ 9.9495888e-01  8.2023760e-02 -5.3698720e-02 -1.1671300e+03]
 [ 0.0000000e+00  0.0000000e+00  0.0000000e+00  1.0000000e+00]]
[-0180.25, +0036.89, -1110.41]
1416, 2226, 2085
[[-8.5708740e-02  9.9498130e-01 -4.7777020e-02 -5.4600000e+00]
 [ 5.0690980e-02  5.2434300e-02  9.9716914e-01  1.3699000e+02]
 [ 9.9483710e-01  8.3235100e-02 -5.4757800e-02 -1.1671100e+03]
 [ 0.0000000e+00  0.0000000e+00  0.0000000e+00  1.0000000e+00]]
[-0143.61, +0003.66, -1119.59]
1901, 1254, 2247
[[-8.6302440e-02  9.9499122e-01 -4.6745740e-02 -5.5400000e+00]
 [ 5.1117940e-02  5.1457560e-02  9.9720882e-01  1.3690000e+02]
 [ 9.9477618e-01  8.3850740e-02 -5.5140840e-02 -1.1671100e+03]
 [ 0.0000000e+00  0.0000000e+00  0.0000000e+00  1.0000000e+00]]
[-0151.59, +0102.85, -1125.74]
1256, 1174, 1364
[[-8.4417040e-02  9.9515332e-01 -4.4793000e-02 -5.2300000e+00]
 [ 4.8953800e-02  4.9304300e-02  9.9734730e-01  1.3671000e+02]
 [ 9.9495732e-01  8.2267740e-02 -5.2635300e-02 -1.1671500e+03]
 [ 0.0000000e+00  0.0000000e+00  0.0000000e+00  1.0000000e+00]]
[-0129.93, +0061.94, -1070.07]
1984, 1305, 1056
[[-8.5506740e-02  9.9511722e-01 -4.5141480e-02 -5.2900000e+00]
 [ 4.9512420e-02  4.9687660e-02  9.9736452e-01  1.3679000e+02]
 [ 9.9490932e-01  8.3241720e-02 -5.3341640e-02 -1.1671300e+03]
 [ 0.0000000e+00  0.0000000e+00  0.0000000e+00  1.0000000e+00]]
[-0046.34, +0092.53, -1106.70]
1303, 2051, 774
[[-8.4654580e-02  9.9513076e-01 -4.5386940e-02 -5.1900000e+00]
 [ 4.8923960e-02  4.9885880e-02  9.9734148e-01  1.3680000e+02]
 [ 9.9496314e-01  8.2452120e-02 -5.2687700e-02 -1.1671600e+03]
 [ 0.0000000e+00  0.0000000e+00  0.0000000e+00  1.0000000e+00]]
[-0048.58, -0014.67, -1127.24]
1956, 826, 1467
[[-8.4892320e-02  9.9525668e-01 -4.5049480e-02 -5.3300000e+00]
 [ 4.9835320e-02  4.9508960e-02  9.9742948e-01  1.3674000e+02]
 [ 9.9502852e-01  8.2542520e-02 -5.3698720e-02 -1.1671200e+03]
 [ 0.0000000e+00  0.0000000e+00  0.0000000e+00  1.0000000e+00]]
[-0098.09, +0136.18, -1125.23]
1182, 1258, 1048
[[-8.4634900e-02  9.9525900e-01 -4.4680400e-02 -5.2000000e+00]
 [ 4.9257720e-02  4.9112560e-02  9.9744600e-01  1.3671000e+02]
 [ 9.9504296e-01  8.2367280e-02 -5.3044900e-02 -1.1671200e+03]
 [ 0.0000000e+00  0.0000000e+00  0.0000000e+00  1.0000000e+00]]
[-0099.16, +0039.29, -1063.53]
1242, 921, 1196
[[-8.5011940e-02  9.9522186e-01 -4.4703780e-02 -5.2300000e+00]
 [ 4.8449580e-02  4.9092760e-02  9.9748314e-01  1.3669000e+02]
 [ 9.9504654e-01  8.2785420e-02 -5.2251940e-02 -1.1671700e+03]
 [ 0.0000000e+00  0.0000000e+00  0.0000000e+00  1.0000000e+00]]
[-0122.68, +0086.17, -1067.95]
2171, 1261, 1862
[[-8.626164e-02  9.950894e-01 -4.647264e-02 -5.480000e+00]
 [ 5.063664e-02  5.106156e-02  9.973250e-01  1.368900e+02]
 [ 9.948862e-01  8.377536e-02 -5.470404e-02 -1.167120e+03]
 [ 0.000000e+00  0.000000e+00  0.000000e+00  1.000000e+00]]
[-0108.95, +0116.58, -1117.34]
1966, 1469, 2089
[[-8.4754180e-02  9.9503346e-01 -4.6234380e-02 -5.4300000e+00]
 [ 4.9979460e-02  5.0876380e-02  9.9719586e-01  1.3685000e+02]
 [ 9.9485238e-01  8.2498140e-02 -5.3777800e-02 -1.1671400e+03]
 [ 0.0000000e+00  0.0000000e+00  0.0000000e+00  1.0000000e+00]]
[-0139.89, +0092.35, -1108.72]
1006, 1838, 1395
[[-8.3783220e-02  9.9525276e-01 -4.5341440e-02 -5.2000000e+00]
 [ 4.8253160e-02  4.9694220e-02  9.9742392e-01  1.3677000e+02]
 [ 9.9511584e-01  8.1576880e-02 -5.2008000e-02 -1.1671600e+03]
 [ 0.0000000e+00  0.0000000e+00  0.0000000e+00  1.0000000e+00]]
[-0126.74, -0016.50, -1101.48]
1676, 1691, 950
[[-8.4892320e-02  9.9503868e-01 -4.5247640e-02 -5.2600000e+00]
 [ 4.9617320e-02  4.9892400e-02  9.9723864e-01  1.3679000e+02]
 [ 9.9483036e-01  8.2733360e-02 -5.3315280e-02 -1.1671400e+03]
 [ 0.0000000e+00  0.0000000e+00  0.0000000e+00  1.0000000e+00]]
[-0045.41, +0039.34, -1095.52]
990, 1648, 1293
[[-8.4218820e-02  9.9514714e-01 -4.5205800e-02 -5.2100000e+00]
 [ 4.8742140e-02  4.9694220e-02  9.9733460e-01  1.3673000e+02]
 [ 9.9498020e-01  8.2062600e-02 -5.2443600e-02 -1.1671400e+03]
 [ 0.0000000e+00  0.0000000e+00  0.0000000e+00  1.0000000e+00]]
[-0125.93, -0005.20, -1087.44]
1951, 1958, 1161
[[-8.5348360e-02  9.9500266e-01 -4.6035980e-02 -5.3200000e+00]
 [ 4.9574020e-02  5.0665400e-02  9.9723634e-01  1.3688000e+02]
 [ 9.9483266e-01  8.3112020e-02 -5.3394600e-02 -1.1671300e+03]
 [ 0.0000000e+00  0.0000000e+00  0.0000000e+00  1.0000000e+00]]
[-0045.94, +0038.19, -1106.96]
1403, 1028, 1815
[[-8.5288720e-02  9.9512052e-01 -4.5155080e-02 -5.2900000e+00]
 [ 4.9317480e-02  4.9687660e-02  9.9736122e-01  1.3674000e+02]
 [ 9.9492292e-01  8.3046780e-02 -5.3123620e-02 -1.1671700e+03]
 [ 0.0000000e+00  0.0000000e+00  0.0000000e+00  1.0000000e+00]]
[-0162.78, +0094.21, -1104.71]
1668, 1994, 2067
[[-8.7135400e-02  9.9494670e-01 -4.6932700e-02 -5.6700000e+00]
 [ 5.0890020e-02  5.1636060e-02  9.9724350e-01  1.3683000e+02]
 [ 9.9475214e-01  8.4649020e-02 -5.5003300e-02 -1.1672300e+03]
 [ 0.0000000e+00  0.0000000e+00  0.0000000e+00  1.0000000e+00]]
[-0140.11, +0033.89, -1100.84]
2093, 1734, 1187
[[-8.6597440e-02  9.9506072e-01 -4.5905840e-02 -5.5300000e+00]
 [ 4.9654160e-02  5.0453900e-02  9.9738278e-01  1.3689000e+02]
 [ 9.9488072e-01  8.4214660e-02 -5.3666100e-02 -1.1672600e+03]
 [ 0.0000000e+00  0.0000000e+00  0.0000000e+00  1.0000000e+00]]
[-0045.69, +0067.38, -1108.16]
1590, 1725, 2078
[[-8.5388520e-02  9.9513260e-01 -4.5903160e-02 -5.4500000e+00]
 [ 5.0481800e-02  5.0486700e-02  9.9731090e-01  1.3685000e+02]
 [ 9.9491084e-01  8.2997300e-02 -5.4405780e-02 -1.1671500e+03]
 [ 0.0000000e+00  0.0000000e+00  0.0000000e+00  1.0000000e+00]]
[-0157.05, +0050.91, -1103.27]
1469, 876, 1329
[[-8.4813600e-02  9.9515568e-01 -4.4175360e-02 -5.3000000e+00]
 [ 4.9169280e-02  4.8716000e-02  9.9737296e-01  1.3673000e+02]
 [ 9.9492144e-01  8.2677760e-02 -5.2827040e-02 -1.1671900e+03]
 [ 0.0000000e+00  0.0000000e+00  0.0000000e+00  1.0000000e+00]]
[-0119.13, +0108.93, -1084.51]
1924, 2120, 889
[[-8.6241360e-02  9.9497984e-01 -4.6380520e-02 -5.3700000e+00]
 [ 5.0336320e-02  5.1055040e-02  9.9723976e-01  1.3704000e+02]
 [ 9.9478756e-01  8.3880880e-02 -5.4294160e-02 -1.1672000e+03]
 [ 0.0000000e+00  0.0000000e+00  0.0000000e+00  1.0000000e+00]]
[-0035.20, +0022.43, -1127.30]
888, 1854, 2131
[[-8.3862100e-02  9.9515486e-01 -4.5998080e-02 -5.3700000e+00]
 [ 4.9117780e-02  5.0486700e-02  9.9728864e-01  1.3681000e+02]
 [ 9.9500576e-01  8.1633280e-02 -5.2879360e-02 -1.1672200e+03]
 [ 0.0000000e+00  0.0000000e+00  0.0000000e+00  1.0000000e+00]]
[-0178.08, +0005.23, -1146.28]
1266, 2148, 1821
[[-8.5764640e-02  9.9521388e-01 -4.5619320e-02 -5.3700000e+00]
 [ 4.9990680e-02  5.0084060e-02  9.9744372e-01  1.3689000e+02]
 [ 9.9500388e-01  8.3320920e-02 -5.3995940e-02 -1.1671700e+03]
 [ 0.0000000e+00  0.0000000e+00  0.0000000e+00  1.0000000e+00]]
[-0132.96, -0009.47, -1116.32]
1149, 2167, 1623
[[-8.4912200e-02  9.9512820e-01 -4.5756000e-02 -5.2800000e+00]
 [ 4.9501440e-02  5.0282200e-02  9.9732492e-01  1.3681000e+02]
 [ 9.9494892e-01  8.2627200e-02 -5.3341640e-02 -1.1671700e+03]
 [ 0.0000000e+00  0.0000000e+00  0.0000000e+00  1.0000000e+00]]
[-0122.29, -0021.67, -1121.03]
1213, 1437, 840
[[-8.4774720e-02  9.9524424e-01 -4.4109760e-02 -5.1500000e+00]
 [ 4.8479440e-02  4.8511020e-02  9.9748872e-01  1.3668000e+02]
 [ 9.9504096e-01  8.2600880e-02 -5.2199700e-02 -1.1671800e+03]
 [ 0.0000000e+00  0.0000000e+00  0.0000000e+00  1.0000000e+00]]
[-0067.98, +0021.51, -1074.31]
1618, 1283, 2046
[[-8.5130260e-02  9.9513494e-01 -4.5534320e-02 -5.2900000e+00]
 [ 4.9904420e-02  5.0090540e-02  9.9732776e-01  1.3676000e+02]
 [ 9.9492536e-01  8.2822480e-02 -5.3751360e-02 -1.1670800e+03]
 [ 0.0000000e+00  0.0000000e+00  0.0000000e+00  1.0000000e+00]]
[-0159.07, +0090.20, -1110.97]
1785, 2037, 1462
[[-8.6577480e-02  9.9507032e-01 -4.5506480e-02 -5.4500000e+00]
 [ 4.9671280e-02  5.0064140e-02  9.9739238e-01  1.3691000e+02]
 [ 9.9487112e-01  8.4225020e-02 -5.3639380e-02 -1.1672300e+03]
 [ 0.0000000e+00  0.0000000e+00  0.0000000e+00  1.0000000e+00]]
[-0075.32, +0024.76, -1094.59]
1339, 962, 2142
[[-8.6141160e-02  9.9519606e-01 -4.5226540e-02 -5.5000000e+00]
 [ 4.9598740e-02  4.9681020e-02  9.9748062e-01  1.3673000e+02]
 [ 9.9498774e-01  8.3740220e-02 -5.3586180e-02 -1.1672200e+03]
 [ 0.0000000e+00  0.0000000e+00  0.0000000e+00  1.0000000e+00]]
[-0181.88, +0095.24, -1139.75]
1182, 1763, 1467
[[-8.5705000e-02  9.9511348e-01 -4.4936640e-02 -5.3900000e+00]
 [ 4.9516160e-02  4.9489400e-02  9.9737772e-01  1.3677000e+02]
 [ 9.9489612e-01  8.3446560e-02 -5.3341640e-02 -1.1672100e+03]
 [ 0.0000000e+00  0.0000000e+00  0.0000000e+00  1.0000000e+00]]
[-0123.80, +0002.08, -1088.48]
1153, 1530, 752
[[-8.4973140e-02  9.9524046e-01 -4.3905020e-02 -5.3000000e+00]
 [ 4.8483220e-02  4.8312600e-02  9.9750174e-01  1.3672000e+02]
 [ 9.9502794e-01  8.2805620e-02 -5.2199700e-02 -1.1672400e+03]
 [ 0.0000000e+00  0.0000000e+00  0.0000000e+00  1.0000000e+00]]
[-0062.06, +0006.66, -1082.94]
1028, 845, 1478
[[-8.5229800e-02  9.9524778e-01 -4.4065940e-02 -5.3500000e+00]
 [ 4.9268940e-02  4.8517660e-02  9.9748518e-01  1.3667000e+02]
 [ 9.9500378e-01  8.2981740e-02 -5.3044900e-02 -1.1672200e+03]
 [ 0.0000000e+00  0.0000000e+00  0.0000000e+00  1.0000000e+00]]
[-0168.92, +0081.60, -1086.89]
2100, 1938, 1586
[[-8.7074320e-02  9.9495568e-01 -4.6151240e-02 -5.5800000e+00]
 [ 5.0525120e-02  5.0850300e-02  9.9727364e-01  1.3696000e+02]
 [ 9.9474316e-01  8.4679960e-02 -5.4539380e-02 -1.1672100e+03]
 [ 0.0000000e+00  0.0000000e+00  0.0000000e+00  1.0000000e+00]]
[-0072.27, +0057.12, -1096.94]
1899, 1992, 1972
[[-8.6241360e-02  9.9500008e-01 -4.5964120e-02 -5.5300000e+00]
 [ 5.0752720e-02  5.0671920e-02  9.9723892e-01  1.3688000e+02]
 [ 9.9476732e-01  8.3881720e-02 -5.4677280e-02 -1.1672200e+03]
 [ 0.0000000e+00  0.0000000e+00  0.0000000e+00  1.0000000e+00]]
[-0121.55, +0042.65, -1094.81]
1768, 1192, 1599
[[-8.5486980e-02  9.9512666e-01 -4.4742120e-02 -5.4300000e+00]
 [ 4.9529340e-02  4.9297740e-02  9.9737396e-01  1.3676000e+02]
 [ 9.9489988e-01  8.3252040e-02 -5.3315280e-02 -1.1672200e+03]
 [ 0.0000000e+00  0.0000000e+00  0.0000000e+00  1.0000000e+00]]
[-0115.79, +0098.07, -1090.09]
2138, 933, 1779
[[-8.7252340e-02  9.9496152e-01 -4.5546960e-02 -5.6200000e+00]
 [ 5.0546160e-02  5.0262400e-02  9.9729672e-01  1.3684000e+02]
 [ 9.9472008e-01  8.4895440e-02 -5.4512500e-02 -1.1672200e+03]
 [ 0.0000000e+00  0.0000000e+00  0.0000000e+00  1.0000000e+00]]
[-0109.74, +0131.61, -1134.11]
1460, 2180, 1465
[[-8.6201040e-02  9.9509824e-01 -4.5690960e-02 -5.4500000e+00]
 [ 5.0271360e-02  5.0275680e-02  9.9735488e-01  1.3688000e+02]
 [ 9.9487736e-01  8.3806080e-02 -5.4240720e-02 -1.1672100e+03]
 [ 0.0000000e+00  0.0000000e+00  0.0000000e+00  1.0000000e+00]]
[-0092.93, -0008.72, -1107.41]
