950, 950, 950
[[-1.7292036e-01  4.5291876e-01 -8.7444948e-01  5.4100000e+01]
 [-1.4428680e-02  8.8671470e-01  4.6206034e-01  1.7178000e+02]
 [ 9.8467716e-01  9.2588020e-02 -1.4677810e-01 -1.1649000e+03]
 [ 0.0000000e+00  0.0000000e+00  0.0000000e+00  1.0000000e+00]]
[+0060.60, +0036.82, -1046.92]
2019, 1895, 1527
[[-1.7633842e-01  4.5005894e-01 -8.7513796e-01  5.3700000e+01]
 [-1.4967740e-02  8.8798470e-01  4.5957908e-01  1.7167000e+02]
 [ 9.8396924e-01  9.4254520e-02 -1.4982088e-01 -1.1649000e+03]
 [ 0.0000000e+00  0.0000000e+00  0.0000000e+00  1.0000000e+00]]
[+0083.56, +0076.09, -1084.31]
2103, 775, 1587
[[-1.7604138e-01  4.5068628e-01 -8.7488258e-01  5.3770000e+01]
 [-1.5414520e-02  8.8762812e-01  4.6025388e-01  1.7159000e+02]
 [ 9.8402238e-01  9.4620920e-02 -1.4928426e-01 -1.1648900e+03]
 [ 0.0000000e+00  0.0000000e+00  0.0000000e+00  1.0000000e+00]]
[+0002.48, +0090.94, -1141.69]
2019, 1895, 1527
[[-1.7507442e-01  4.5062266e-01 -8.7513176e-01  5.3770000e+01]
 [-1.5526460e-02  8.8770270e-01  4.6011032e-01  1.7169000e+02]
 [ 9.8421304e-01  9.4243280e-02 -1.4839188e-01 -1.1649100e+03]
 [ 0.0000000e+00  0.0000000e+00  0.0000000e+00  1.0000000e+00]]
[+0086.71, +0074.48, -1084.00]
1357, 1845, 1528
[[-1.7388448e-01  4.5133544e-01 -8.7502200e-01  5.3870000e+01]
 [-1.4036560e-02  8.8753118e-01  4.6049250e-01  1.7175000e+02]
 [ 9.8446440e-01  9.2448300e-02 -1.4796930e-01 -1.1649100e+03]
 [ 0.0000000e+00  0.0000000e+00  0.0000000e+00  1.0000000e+00]]
[+0100.22, +0016.95, -1075.15]
2019, 1895, 1527
[[-1.7611530e-01  4.5034066e-01 -8.7509532e-01  5.3720000e+01]
 [-1.5010380e-02  8.8785174e-01  4.5984484e-01  1.7168000e+02]
 [ 9.8405956e-01  9.4211880e-02 -1.4958180e-01 -1.1649100e+03]
 [ 0.0000000e+00  0.0000000e+00  0.0000000e+00  1.0000000e+00]]
[+0085.39, +0077.58, -1084.68]
2018, 1923, 2055
[[-1.7648724e-01  4.4968948e-01 -8.7535856e-01  5.3650000e+01]
 [-1.4837440e-02  8.8819196e-01  4.5919372e-01  1.7162000e+02]
 [ 9.8399852e-01  9.4119040e-02 -1.5006004e-01 -1.1648600e+03]
 [ 0.0000000e+00  0.0000000e+00  0.0000000e+00  1.0000000e+00]]
[+0052.72, +0038.02, -1090.18]
2019, 1895, 1527
[[-1.7552026e-01  4.5035662e-01 -8.7514288e-01  5.3750000e+01]
 [-1.5143380e-02  8.8785174e-01  4.5982888e-01  1.7168000e+02]
 [ 9.8410712e-01  9.4078880e-02 -1.4898676e-01 -1.1649200e+03]
 [ 0.0000000e+00  0.0000000e+00  0.0000000e+00  1.0000000e+00]]
[+0085.33, +0078.35, -1085.24]
898, 1129, 1884
[[-1.7329074e-01  4.5171084e-01 -8.7501204e-01  5.3950000e+01]
 [-1.4885640e-02  8.8729208e-01  4.6093832e-01  1.7168000e+02]
 [ 9.8461524e-01  9.2967920e-02 -1.4701882e-01 -1.1649200e+03]
 [ 0.0000000e+00  0.0000000e+00  0.0000000e+00  1.0000000e+00]]
[+0030.55, -0035.66, -1117.97]
1094, 893, 1896
[[-1.7373610e-01  4.5129622e-01 -8.7506116e-01  5.3910000e+01]
 [-1.4650660e-02  8.8749990e-01  4.6053172e-01  1.7163000e+02]
 [ 9.8447228e-01  9.2929160e-02 -1.4755444e-01 -1.1648800e+03]
 [ 0.0000000e+00  0.0000000e+00  0.0000000e+00  1.0000000e+00]]
[+0002.46, -0011.56, -1122.53]
898, 1129, 1884
[[-1.7329074e-01  4.5211930e-01 -8.7475162e-01  5.3990000e+01]
 [-1.4402620e-02  8.8711550e-01  4.6128434e-01  1.7173000e+02]
 [ 9.8457850e-01  9.2621900e-02 -1.4719540e-01 -1.1649200e+03]
 [ 0.0000000e+00  0.0000000e+00  0.0000000e+00  1.0000000e+00]]
[+0031.93, -0035.35, -1117.25]
921, 1105, 1053
[[-1.7284570e-01  4.5264506e-01 -8.7451632e-01  5.4040000e+01]
 [-1.4452060e-02  8.8684838e-01  4.6178664e-01  1.7174000e+02]
 [ 9.8461032e-01  9.2564640e-02 -1.4671908e-01 -1.1649400e+03]
 [ 0.0000000e+00  0.0000000e+00  0.0000000e+00  1.0000000e+00]]
[+0073.54, +0019.90, -1050.96]
898, 1129, 1884
[[-1.7410786e-01  4.5141346e-01 -8.7500826e-01  5.3930000e+01]
 [-1.4709140e-02  8.8742540e-01  4.6068822e-01  1.7167000e+02]
 [ 9.8447814e-01  9.3144420e-02 -1.4785170e-01 -1.1648900e+03]
 [ 0.0000000e+00  0.0000000e+00  0.0000000e+00  1.0000000e+00]]
[+0030.09, -0035.45, -1118.13]
1955, 2007, 1888
[[-1.7544580e-01  4.4982262e-01 -8.7543254e-01  5.3680000e+01]
 [-1.5501820e-02  8.8810158e-01  4.5933434e-01  1.7162000e+02]
 [ 9.8411494e-01  9.4275940e-02 -1.4881138e-01 -1.1649300e+03]
 [ 0.0000000e+00  0.0000000e+00  0.0000000e+00  1.0000000e+00]]
[+0072.97, +0044.12, -1084.04]
898, 1129, 1884
[[-1.7269650e-01  4.5228348e-01 -8.7476114e-01  5.4040000e+01]
 [-1.4387560e-02  8.8705656e-01  4.6139388e-01  1.7173000e+02]
 [ 9.8466258e-01  9.2363240e-02 -1.4666010e-01 -1.1649100e+03]
 [ 0.0000000e+00  0.0000000e+00  0.0000000e+00  1.0000000e+00]]
[+0031.22, -0034.07, -1116.59]
1490, 1487, 1283
[[-1.7410786e-01  4.5152484e-01 -8.7482236e-01  5.3920000e+01]
 [-1.4523240e-02  8.8736662e-01  4.6078392e-01  1.7175000e+02]
 [ 9.8436676e-01  9.3048720e-02 -1.4791048e-01 -1.1649000e+03]
 [ 0.0000000e+00  0.0000000e+00  0.0000000e+00  1.0000000e+00]]
[+0076.33, +0057.29, -1064.51]
1582, 1817, 1830
[[-1.7537184e-01  4.5046592e-01 -8.7514536e-01  5.3780000e+01]
 [-1.5608640e-02  8.8776120e-01  4.5999332e-01  1.7167000e+02]
 [ 9.8415208e-01  9.4434840e-02 -1.4863080e-01 -1.1649000e+03]
 [ 0.0000000e+00  0.0000000e+00  0.0000000e+00  1.0000000e+00]]
[+0069.59, +0019.07, -1079.18]
1490, 1487, 1283
[[-1.7366164e-01  4.5157974e-01 -8.7483026e-01  5.3910000e+01]
 [-1.4042460e-02  8.8739790e-01  4.6072902e-01  1.7172000e+02]
 [ 9.8440594e-01  9.2434620e-02 -1.4773090e-01 -1.1649000e+03]
 [ 0.0000000e+00  0.0000000e+00  0.0000000e+00  1.0000000e+00]]
[+0076.90, +0055.65, -1064.29]
992, 1391, 1425
[[-1.7284456e-01  4.5202536e-01 -8.7479672e-01  5.3980000e+01]
 [-1.4070480e-02  8.8720560e-01  4.6110456e-01  1.7176000e+02]
 [ 9.8458024e-01  9.2132880e-02 -1.4695720e-01 -1.1648900e+03]
 [ 0.0000000e+00  0.0000000e+00  0.0000000e+00  1.0000000e+00]]
[+0073.35, -0008.43, -1070.53]
1490, 1487, 1283
[[-1.7447912e-01  4.5158004e-01 -8.7475176e-01  5.3890000e+01]
 [-1.3568760e-02  8.8741342e-01  4.6072872e-01  1.7172000e+02]
 [ 9.8434296e-01  9.2360880e-02 -1.4868170e-01 -1.1648900e+03]
 [ 0.0000000e+00  0.0000000e+00  0.0000000e+00  1.0000000e+00]]
[+0077.44, +0057.23, -1064.63]
1338, 1921, 1046
[[-1.7306724e-01  4.5159530e-01 -8.7487722e-01  5.3910000e+01]
 [-1.4175780e-02  8.8739790e-01  4.6071346e-01  1.7178000e+02]
 [ 9.8445290e-01  9.2301300e-02 -1.4713650e-01 -1.1649300e+03]
 [ 0.0000000e+00  0.0000000e+00  0.0000000e+00  1.0000000e+00]]
[+0137.72, +0048.51, -1084.25]
1490, 1487, 1283
[[-1.7403336e-01  4.5154840e-01 -8.7481452e-01  5.3880000e+01]
 [-1.4249520e-02  8.8738230e-01  4.6076036e-01  1.7173000e+02]
 [ 9.8437460e-01  9.2775000e-02 -1.4796930e-01 -1.1649000e+03]
 [ 0.0000000e+00  0.0000000e+00  0.0000000e+00  1.0000000e+00]]
[+0075.35, +0056.01, -1064.46]
795, 1347, 2109
[[-1.7388448e-01  4.5107536e-01 -8.7524504e-01  5.3900000e+01]
 [-1.4371040e-02  8.8764878e-01  4.6027168e-01  1.7167000e+02]
 [ 9.8453864e-01  9.2669120e-02 -1.4785170e-01 -1.1648600e+03]
 [ 0.0000000e+00  0.0000000e+00  0.0000000e+00  1.0000000e+00]]
[+0048.87, -0047.25, -1142.81]
1227, 1243, 2003
[[-1.7455354e-01  4.5125904e-01 -8.7483396e-01  5.3860000e+01]
 [-1.4139840e-02  8.8751558e-01  4.6050228e-01  1.7165000e+02]
 [ 9.8426076e-01  9.2884680e-02 -1.4850512e-01 -1.1648900e+03]
 [ 0.0000000e+00  0.0000000e+00  0.0000000e+00  1.0000000e+00]]
[+0023.51, -0012.13, -1108.22]
795, 1347, 2109
[[-1.7321562e-01  4.5126304e-01 -8.7524702e-01  5.3920000e+01]
 [-1.4081840e-02  8.8760556e-01  4.6035776e-01  1.7167000e+02]
 [ 9.8463058e-01  9.2137040e-02 -1.4737482e-01 -1.1648900e+03]
 [ 0.0000000e+00  0.0000000e+00  0.0000000e+00  1.0000000e+00]]
[+0047.90, -0047.03, -1142.85]
776, 1406, 1972
[[-1.7277108e-01  4.5211158e-01 -8.7480626e-01  5.4010000e+01]
 [-1.4809820e-02  8.8709982e-01  4.6129206e-01  1.7177000e+02]
 [ 9.8461746e-01  9.2762140e-02 -1.4654226e-01 -1.1649300e+03]
 [ 0.0000000e+00  0.0000000e+00  0.0000000e+00  1.0000000e+00]]
[+0058.82, -0045.38, -1126.58]
795, 1347, 2109
[[-1.7366164e-01  4.5076246e-01 -8.7535082e-01  5.3860000e+01]
 [-1.5008620e-02  8.8775046e-01  4.6003706e-01  1.7161000e+02]
 [ 9.8447986e-01  9.3126580e-02 -1.4737834e-01 -1.1649000e+03]
 [ 0.0000000e+00  0.0000000e+00  0.0000000e+00  1.0000000e+00]]
[+0049.18, -0047.56, -1143.49]
890, 1633, 2221
[[-1.7403344e-01  4.4960292e-01 -8.7570828e-01  5.3730000e+01]
 [-1.4267880e-02  8.8838776e-01  4.5879912e-01  1.7156000e+02]
 [ 9.8427852e-01  9.2506320e-02 -1.4815304e-01 -1.1648800e+03]
 [ 0.0000000e+00  0.0000000e+00  0.0000000e+00  1.0000000e+00]]
[+0062.19, -0043.40, -1140.45]
795, 1347, 2109
[[-1.7262196e-01  4.5186122e-01 -8.7486514e-01  5.4020000e+01]
 [-1.4559460e-02  8.8724894e-01  4.6099498e-01  1.7175000e+02]
 [ 9.8455858e-01  9.2465060e-02 -1.4654226e-01 -1.1649200e+03]
 [ 0.0000000e+00  0.0000000e+00  0.0000000e+00  1.0000000e+00]]
[+0049.50, -0044.02, -1138.44]
1126, 1816, 845
[[-1.7373610e-01  4.5215070e-01 -8.7468910e-01  5.3960000e+01]
 [-1.3721700e-02  8.8714662e-01  4.6125294e-01  1.7180000e+02]
 [ 9.8454710e-01  9.2207940e-02 -1.4790772e-01 -1.1649300e+03]
 [ 0.0000000e+00  0.0000000e+00  0.0000000e+00  1.0000000e+00]]
[+0148.49, +0045.90, -1085.21]
821, 833, 983
[[-1.7292036e-01  4.5321584e-01 -8.7437480e-01  5.4110000e+01]
 [-1.4131600e-02  8.8659654e-01  4.6231066e-01  1.7180000e+02]
 [ 9.8475184e-01  9.2337700e-02 -1.4689626e-01 -1.1649000e+03]
 [ 0.0000000e+00  0.0000000e+00  0.0000000e+00  1.0000000e+00]]
[+0046.74, +0016.54, -1049.62]
1126, 1816, 845
[[-1.7366164e-01  4.5202560e-01 -8.7471860e-01  5.3950000e+01]
 [-1.3596600e-02  8.8722108e-01  4.6110432e-01  1.7179000e+02]
 [ 9.8451760e-01  9.2059320e-02 -1.4790772e-01 -1.1649000e+03]
 [ 0.0000000e+00  0.0000000e+00  0.0000000e+00  1.0000000e+00]]
[+0148.62, +0045.72, -1085.37]
1427, 1777, 1233
[[-1.7462800e-01  4.5142132e-01 -8.7495324e-01  5.3870000e+01]
 [-1.4302120e-02  8.8744112e-01  4.6068036e-01  1.7174000e+02]
 [ 9.8443884e-01  9.3003960e-02 -1.4850512e-01 -1.1649000e+03]
 [ 0.0000000e+00  0.0000000e+00  0.0000000e+00  1.0000000e+00]]
[+0108.18, +0048.29, -1070.57]
1126, 1816, 845
[[-1.7351338e-01  4.5228356e-01 -8.7468310e-01  5.3960000e+01]
 [-1.3913560e-02  8.8707212e-01  4.6139380e-01  1.7182000e+02]
 [ 9.8460010e-01  9.2289800e-02 -1.4761050e-01 -1.1649100e+03]
 [ 0.0000000e+00  0.0000000e+00  0.0000000e+00  1.0000000e+00]]
[+0148.55, +0045.03, -1085.35]
998, 1870, 949
[[-1.7306724e-01  4.5192968e-01 -8.7495136e-01  5.3940000e+01]
 [-1.3915840e-02  8.8728006e-01  4.6099322e-01  1.7181000e+02]
 [ 9.8467592e-01  9.2021540e-02 -1.4725434e-01 -1.1649000e+03]
 [ 0.0000000e+00  0.0000000e+00  0.0000000e+00  1.0000000e+00]]
[+0149.80, +0024.39, -1089.80]
1126, 1816, 845
[[-1.7418240e-01  4.5220720e-01 -8.7449520e-01  5.3960000e+01]
 [-1.4016480e-02  8.8705656e-01  4.6140340e-01  1.7181000e+02]
 [ 9.8439664e-01  9.2726520e-02 -1.4814600e-01 -1.1648800e+03]
 [ 0.0000000e+00  0.0000000e+00  0.0000000e+00  1.0000000e+00]]
[+0146.24, +0046.74, -1083.87]
1960, 1280, 2110
[[-1.7611530e-01  4.4974554e-01 -8.7524428e-01  5.3660000e+01]
 [-1.5605500e-02  8.8808550e-01  4.5934500e-01  1.7154000e+02]
 [ 9.8391060e-01  9.4711720e-02 -1.4934804e-01 -1.1648800e+03]
 [ 0.0000000e+00  0.0000000e+00  0.0000000e+00  1.0000000e+00]]
[+0008.04, +0041.45, -1116.82]
1869, 822, 1029
[[-1.7410900e-01  4.5244162e-01 -8.7446766e-01  5.4010000e+01]
 [-1.4607100e-02  8.8689164e-01  4.6171638e-01  1.7173000e+02]
 [ 9.8447130e-01  9.3230700e-02 -1.4778980e-01 -1.1648700e+03]
 [ 0.0000000e+00  0.0000000e+00  0.0000000e+00  1.0000000e+00]]
[+0028.35, +0115.91, -1113.18]
1960, 1280, 2110
[[-1.7767810e-01  4.4979284e-01 -8.7494662e-01  5.3660000e+01]
 [-1.5361000e-02  8.8801100e-01  4.5950500e-01  1.7153000e+02]
 [ 9.8367130e-01  9.5221880e-02 -1.5083634e-01 -1.1648400e+03]
 [ 0.0000000e+00  0.0000000e+00  0.0000000e+00  1.0000000e+00]]
[+0007.82, +0041.59, -1116.97]
2212, 1317, 2072
[[-1.7872068e-01  4.4931076e-01 -8.7515140e-01  5.3590000e+01]
 [-1.6193240e-02  8.8815318e-01  4.5923230e-01  1.7151000e+02]
 [ 9.8361980e-01  9.6313900e-02 -1.5143850e-01 -1.1648400e+03]
 [ 0.0000000e+00  0.0000000e+00  0.0000000e+00  1.0000000e+00]]
[+0013.64, +0061.18, -1118.02]
1960, 1280, 2110
[[-1.7596680e-01  4.5033836e-01 -8.7528392e-01  5.3780000e+01]
 [-1.5661640e-02  8.8781966e-01  4.5991364e-01  1.7158000e+02]
 [ 9.8421608e-01  9.4663640e-02 -1.4916730e-01 -1.1648700e+03]
 [ 0.0000000e+00  0.0000000e+00  0.0000000e+00  1.0000000e+00]]
[+0008.11, +0039.13, -1117.65]
1840, 1849, 1878
[[-1.7522280e-01  4.5066204e-01 -8.7509212e-01  5.3810000e+01]
 [-1.4912440e-02  8.8773462e-01  4.6007094e-01  1.7170000e+02]
 [ 9.8420532e-01  9.3762340e-02 -1.4880642e-01 -1.1648900e+03]
 [ 0.0000000e+00  0.0000000e+00  0.0000000e+00  1.0000000e+00]]
[+0066.76, +0031.79, -1081.46]
1960, 1280, 2110
[[-1.7611530e-01  4.5008034e-01 -8.7531858e-01  5.3710000e+01]
 [-1.5345180e-02  8.8796870e-01  4.5962414e-01  1.7156000e+02]
 [ 9.8413386e-01  9.4432580e-02 -1.4946484e-01 -1.1648700e+03]
 [ 0.0000000e+00  0.0000000e+00  0.0000000e+00  1.0000000e+00]]
[+0007.27, +0039.18, -1117.99]
1657, 2119, 1806
[[-1.7425620e-01  4.5074666e-01 -8.7530378e-01  5.3810000e+01]
 [-1.4875540e-02  8.8775046e-01  4.6005286e-01  1.7172000e+02]
 [ 9.8443282e-01  9.3259660e-02 -1.4797290e-01 -1.1649300e+03]
 [ 0.0000000e+00  0.0000000e+00  0.0000000e+00  1.0000000e+00]]
[+0101.54, +0017.51, -1086.33]
1329, 1881, 1954
[[-1.7477650e-01  4.5060580e-01 -8.7528590e-01  5.3800000e+01]
 [-1.4617400e-02  8.8782488e-01  4.5991996e-01  1.7165000e+02]
 [ 9.8435630e-01  9.3244040e-02 -1.4856762e-01 -1.1648800e+03]
 [ 0.0000000e+00  0.0000000e+00  0.0000000e+00  1.0000000e+00]]
[+0074.16, -0014.62, -1095.37]
1657, 2119, 1806
[[-1.7485092e-01  4.5043346e-01 -8.7533102e-01  5.3750000e+01]
 [-1.5039860e-02  8.8786766e-01  4.5981854e-01  1.7170000e+02]
 [ 9.8431118e-01  9.3642860e-02 -1.4845042e-01 -1.1649400e+03]
 [ 0.0000000e+00  0.0000000e+00  0.0000000e+00  1.0000000e+00]]
[+0098.94, +0023.07, -1084.92]
2236, 1507, 2105
[[-1.7812474e-01  4.4926646e-01 -8.7518018e-01  5.3570000e+01]
 [-1.5313580e-02  8.8827660e-01  4.5900286e-01  1.7149000e+02]
 [ 9.8363926e-01  9.5277380e-02 -1.5131530e-01 -1.1648400e+03]
 [ 0.0000000e+00  0.0000000e+00  0.0000000e+00  1.0000000e+00]]
[+0021.80, +0057.19, -1110.89]
1657, 2119, 1806
[[-1.7470212e-01  4.5077814e-01 -8.7524086e-01  5.3810000e+01]
 [-1.4194940e-02  8.8778190e-01  4.6002138e-01  1.7172000e+02]
 [ 9.8440134e-01  9.2845220e-02 -1.4868498e-01 -1.1648700e+03]
 [ 0.0000000e+00  0.0000000e+00  0.0000000e+00  1.0000000e+00]]
[+0101.70, +0017.65, -1086.22]
1648, 2038, 1658
[[-1.7440474e-01  4.5089746e-01 -8.7507862e-01  5.3840000e+01]
 [-1.4075620e-02  8.8772316e-01  4.6010926e-01  1.7173000e+02]
 [ 9.8431346e-01  9.2682980e-02 -1.4844634e-01 -1.1648600e+03]
 [ 0.0000000e+00  0.0000000e+00  0.0000000e+00  1.0000000e+00]]
[+0100.83, +0028.85, -1080.62]
1657, 2119, 1806
[[-1.7477650e-01  4.5056860e-01 -8.7513720e-01  5.3770000e+01]
 [-1.4580200e-02  8.8782488e-01  4.5989064e-01  1.7171000e+02]
 [ 9.8420760e-01  9.3273360e-02 -1.4856762e-01 -1.1649100e+03]
 [ 0.0000000e+00  0.0000000e+00  0.0000000e+00  1.0000000e+00]]
[+0099.62, +0015.24, -1086.56]
2103, 1312, 2136
[[-1.7782692e-01  4.4916286e-01 -8.7539038e-01  5.3570000e+01]
 [-1.5566060e-02  8.8833486e-01  4.5889906e-01  1.7148000e+02]
 [ 9.8377502e-01  9.5306740e-02 -1.5095922e-01 -1.1648400e+03]
 [ 0.0000000e+00  0.0000000e+00  0.0000000e+00  1.0000000e+00]]
[+0010.83, +0049.18, -1118.06]
2191, 1303, 1518
[[-1.7678500e-01  4.5067274e-01 -8.7464618e-01  5.3770000e+01]
 [-1.4630140e-02  8.8766012e-01  4.6020086e-01  1.7166000e+02]
 [ 9.8381798e-01  9.4302460e-02 -1.5029412e-01 -1.1648500e+03]
 [ 0.0000000e+00  0.0000000e+00  0.0000000e+00  1.0000000e+00]]
[+0036.85, +0099.31, -1108.74]
2103, 1312, 2136
[[-1.7708266e-01  4.4932542e-01 -8.7559018e-01  5.3610000e+01]
 [-1.6201020e-02  8.8824412e-01  4.5907662e-01  1.7150000e+02]
 [ 9.8401678e-01  9.5501220e-02 -1.5000778e-01 -1.1648400e+03]
 [ 0.0000000e+00  0.0000000e+00  0.0000000e+00  1.0000000e+00]]
[+0009.81, +0048.95, -1119.49]
1932, 1589, 2107
[[-1.7447912e-01  4.5061368e-01 -8.7530952e-01  5.3790000e+01]
 [-1.4683920e-02  8.8782488e-01  4.5991208e-01  1.7163000e+02]
 [ 9.8437992e-01  9.3177520e-02 -1.4827024e-01 -1.1648800e+03]
 [ 0.0000000e+00  0.0000000e+00  0.0000000e+00  1.0000000e+00]]
[+0030.48, +0030.83, -1098.45]
2103, 1312, 2136
[[-1.7752914e-01  4.4913374e-01 -8.7526552e-01  5.3570000e+01]
 [-1.5595180e-02  8.8833486e-01  4.5886184e-01  1.7147000e+02]
 [ 9.8365016e-01  9.5269520e-02 -1.5066144e-01 -1.1648700e+03]
 [ 0.0000000e+00  0.0000000e+00  0.0000000e+00  1.0000000e+00]]
[+0009.89, +0048.13, -1119.09]
1770, 1103, 2091
[[-1.7574388e-01  4.5088036e-01 -8.7501780e-01  5.3830000e+01]
 [-1.5369640e-02  8.8756958e-01  4.6040010e-01  1.7161000e+02]
 [ 9.8423220e-01  9.4400100e-02 -1.4904530e-01 -1.1648800e+03]
 [ 0.0000000e+00  0.0000000e+00  0.0000000e+00  1.0000000e+00]]
[+0001.56, +0030.37, -1122.43]
2103, 1312, 2136
[[-1.7827370e-01  4.4925552e-01 -8.7534534e-01  5.3580000e+01]
 [-1.5898320e-02  8.8824412e-01  4.5908016e-01  1.7148000e+02]
 [ 9.8377194e-01  9.5795760e-02 -1.5119882e-01 -1.1648300e+03]
 [ 0.0000000e+00  0.0000000e+00  0.0000000e+00  1.0000000e+00]]
[+0011.04, +0049.27, -1118.13]
1254, 1357, 838
[[-1.7277108e-01  4.5251990e-01 -8.7454582e-01  5.4020000e+01]
 [-1.4326900e-02  8.8692300e-01  4.6163810e-01  1.7180000e+02]
 [ 9.8458082e-01  9.2416100e-02 -1.4671908e-01 -1.1649200e+03]
 [ 0.0000000e+00  0.0000000e+00  0.0000000e+00  1.0000000e+00]]
[+0105.11, +0069.57, -1060.04]
1303, 1822, 1017
[[-1.7381060e-01  4.5153270e-01 -8.7484590e-01  5.3910000e+01]
 [-1.4589900e-02  8.8736662e-01  4.6077606e-01  1.7176000e+02]
 [ 9.8439030e-01  9.2982060e-02 -1.4761322e-01 -1.1649000e+03]
 [ 0.0000000e+00  0.0000000e+00  0.0000000e+00  1.0000000e+00]]
[+0131.98, +0048.23, -1078.08]
1254, 1357, 838
[[-1.7336532e-01  4.5250430e-01 -8.7449898e-01  5.4020000e+01]
 [-1.4193300e-02  8.8692300e-01  4.6165370e-01  1.7178000e+02]
 [ 9.8453398e-01  9.2549700e-02 -1.4731332e-01 -1.1649000e+03]
 [ 0.0000000e+00  0.0000000e+00  0.0000000e+00  1.0000000e+00]]
[+0104.32, +0070.21, -1060.04]
816, 1340, 1001
[[-1.7239944e-01  4.5255104e-01 -8.7456140e-01  5.4080000e+01]
 [-1.4120000e-02  8.8693856e-01  4.6160696e-01  1.7180000e+02]
 [ 9.8461196e-01  9.2075600e-02 -1.4648104e-01 -1.1649300e+03]
 [ 0.0000000e+00  0.0000000e+00  0.0000000e+00  1.0000000e+00]]
[+0106.78, +0004.70, -1060.02]
1254, 1357, 838
[[-1.7299360e-01  4.5268408e-01 -8.7447736e-01  5.4060000e+01]
 [-1.3837840e-02  8.8687950e-01  4.6174762e-01  1.7182000e+02]
 [ 9.8460248e-01  9.2084060e-02 -1.4713426e-01 -1.1648600e+03]
 [ 0.0000000e+00  0.0000000e+00  0.0000000e+00  1.0000000e+00]]
[+0105.23, +0070.33, -1060.21]
1609, 966, 1751
[[-1.7529730e-01  4.5104724e-01 -8.7483958e-01  5.3830000e+01]
 [-1.4702760e-02  8.8754284e-01  4.6044036e-01  1.7162000e+02]
 [ 9.8416042e-01  9.3690360e-02 -1.4892370e-01 -1.1648700e+03]
 [ 0.0000000e+00  0.0000000e+00  0.0000000e+00  1.0000000e+00]]
[-0002.00, +0043.00, -1108.92]
1254, 1357, 838
[[-1.7358792e-01  4.5252000e-01 -8.7446772e-01  5.4010000e+01]
 [-1.3852800e-02  8.8693856e-01  4.6163800e-01  1.7178000e+02]
 [ 9.8451828e-01  9.2342800e-02 -1.4766952e-01 -1.1648700e+03]
 [ 0.0000000e+00  0.0000000e+00  0.0000000e+00  1.0000000e+00]]
[+0105.23, +0069.42, -1060.00]
1439, 1648, 1357
[[-1.7462800e-01  4.5123540e-01 -8.7484180e-01  5.3870000e+01]
 [-1.4413560e-02  8.8749990e-01  4.6052592e-01  1.7171000e+02]
 [ 9.8425292e-01  9.3158400e-02 -1.4844634e-01 -1.1648700e+03]
 [ 0.0000000e+00  0.0000000e+00  0.0000000e+00  1.0000000e+00]]
[+0088.65, +0041.06, -1066.46]
1706, 900, 1274
[[-1.7433160e-01  4.5216004e-01 -8.7451088e-01  5.3960000e+01]
 [-1.4563880e-02  8.8702520e-01  4.6145056e-01  1.7176000e+02]
 [ 9.8438096e-01  9.3273920e-02 -1.4802816e-01 -1.1648800e+03]
 [ 0.0000000e+00  0.0000000e+00  0.0000000e+00  1.0000000e+00]]
[+0017.38, +0089.22, -1095.13]
1439, 1648, 1357
[[-1.7403336e-01  4.5128836e-01 -8.7503764e-01  5.3910000e+01]
 [-1.4584040e-02  8.8749990e-01  4.6053958e-01  1.7171000e+02]
 [ 9.8444876e-01  9.2995780e-02 -1.4785170e-01 -1.1649000e+03]
 [ 0.0000000e+00  0.0000000e+00  0.0000000e+00  1.0000000e+00]]
[+0088.75, +0039.44, -1066.29]
2157, 1831, 2033
[[-1.7671050e-01  4.4946902e-01 -8.7541986e-01  5.3650000e+01]
 [-1.5807540e-02  8.8820214e-01  4.5914042e-01  1.7161000e+02]
 [ 9.8393722e-01  9.5065260e-02 -1.4982660e-01 -1.1648800e+03]
 [ 0.0000000e+00  0.0000000e+00  0.0000000e+00  1.0000000e+00]]
[+0044.81, +0051.60, -1094.19]
1439, 1648, 1357
[[-1.7418178e-01  4.5143912e-01 -8.7481258e-01  5.3890000e+01]
 [-1.3784080e-02  8.8747232e-01  4.6059592e-01  1.7173000e+02]
 [ 9.8432938e-01  9.2419280e-02 -1.4832546e-01 -1.1648600e+03]
 [ 0.0000000e+00  0.0000000e+00  0.0000000e+00  1.0000000e+00]]
[+0088.11, +0039.76, -1066.27]
1200, 1531, 1641
[[-1.7410786e-01  4.5137620e-01 -8.7485962e-01  5.3890000e+01]
 [-1.4671880e-02  8.8742540e-01  4.6065884e-01  1.7171000e+02]
 [ 9.8432950e-01  9.3173800e-02 -1.4785170e-01 -1.1648800e+03]
 [ 0.0000000e+00  0.0000000e+00  0.0000000e+00  1.0000000e+00]]
[+0065.69, -0003.41, -1076.89]
1439, 1648, 1357
[[-1.7433066e-01  4.5124326e-01 -8.7486542e-01  5.3890000e+01]
 [-1.4480180e-02  8.8749990e-01  4.6051806e-01  1.7173000e+02]
 [ 9.8427654e-01  9.3091780e-02 -1.4814900e-01 -1.1649000e+03]
 [ 0.0000000e+00  0.0000000e+00  0.0000000e+00  1.0000000e+00]]
[+0088.64, +0042.11, -1066.31]
2182, 981, 1021
[[-1.7619066e-01  4.5149390e-01 -8.7452594e-01  5.3860000e+01]
 [-1.5032060e-02  8.8724444e-01  4.6102190e-01  1.7167000e+02]
 [ 9.8408150e-01  9.4447940e-02 -1.4951866e-01 -1.1649100e+03]
 [ 0.0000000e+00  0.0000000e+00  0.0000000e+00  1.0000000e+00]]
[+0044.35, +0126.64, -1132.13]
1257, 1027, 916
[[-1.7329074e-01  4.5267634e-01 -8.7445392e-01  5.4030000e+01]
 [-1.3771020e-02  8.8687950e-01  4.6175536e-01  1.7178000e+02]
 [ 9.8457904e-01  9.2150880e-02 -1.4743140e-01 -1.1648900e+03]
 [ 0.0000000e+00  0.0000000e+00  0.0000000e+00  1.0000000e+00]]
[+0064.58, +0072.80, -1055.43]
2182, 981, 1021
[[-1.7581850e-01  4.5107946e-01 -8.7465372e-01  5.3830000e+01]
 [-1.5271260e-02  8.8743638e-01  4.6061524e-01  1.7166000e+02]
 [ 9.8400132e-01  9.4482440e-02 -1.4910388e-01 -1.1648800e+03]
 [ 0.0000000e+00  0.0000000e+00  0.0000000e+00  1.0000000e+00]]
[+0044.57, +0126.08, -1131.39]
2215, 1597, 1003
[[-1.7671050e-01  4.5073392e-01 -8.7478706e-01  5.3760000e+01]
 [-1.4393680e-02  8.8767600e-01  4.6020624e-01  1.7170000e+02]
 [ 9.8397474e-01  9.3999440e-02 -1.5035274e-01 -1.1648900e+03]
 [ 0.0000000e+00  0.0000000e+00  0.0000000e+00  1.0000000e+00]]
[+0088.54, +0117.98, -1115.43]
2182, 981, 1021
[[-1.7514900e-01  4.5186270e-01 -8.7450670e-01  5.3920000e+01]
 [-1.4387300e-02  8.8715868e-01  4.6120050e-01  1.7172000e+02]
 [ 9.8424330e-01  9.3450500e-02 -1.4886132e-01 -1.1648700e+03]
 [ 0.0000000e+00  0.0000000e+00  0.0000000e+00  1.0000000e+00]]
[+0044.44, +0125.15, -1131.76]
2089, 1009, 1847
[[-1.7537184e-01  4.5061464e-01 -8.7510808e-01  5.3780000e+01]
 [-1.5459920e-02  8.8770270e-01  4.6011834e-01  1.7159000e+02]
 [ 9.8418936e-01  9.4309820e-02 -1.4868930e-01 -1.1648600e+03]
 [ 0.0000000e+00  0.0000000e+00  0.0000000e+00  1.0000000e+00]]
[+0002.75, +0069.91, -1129.50]
2182, 981, 1021
[[-1.7500090e-01  4.5171192e-01 -8.7473224e-01  5.3900000e+01]
 [-1.5187440e-02  8.8718574e-01  4.6114428e-01  1.7170000e+02]
 [ 9.8436248e-01  9.4026840e-02 -1.4838760e-01 -1.1648900e+03]
 [ 0.0000000e+00  0.0000000e+00  0.0000000e+00  1.0000000e+00]]
[+0044.63, +0125.54, -1131.25]
754, 1451, 1242
[[-1.7247402e-01  4.5241648e-01 -8.7475500e-01  5.4040000e+01]
 [-1.4579520e-02  8.8698198e-01  4.6153460e-01  1.7180000e+02]
 [ 9.8471540e-01  9.2445000e-02 -1.4636304e-01 -1.1649200e+03]
 [ 0.0000000e+00  0.0000000e+00  0.0000000e+00  1.0000000e+00]]
[+0102.45, -0019.92, -1075.93]
891, 1542, 787
[[-1.7343994e-01  4.5248084e-01 -8.7450680e-01  5.4030000e+01]
 [-1.4467000e-02  8.8690736e-01  4.6167716e-01  1.7180000e+02]
 [ 9.8452616e-01  9.2823400e-02 -1.4725434e-01 -1.1649000e+03]
 [ 0.0000000e+00  0.0000000e+00  0.0000000e+00  1.0000000e+00]]
[+0140.91, +0031.33, -1071.26]
754, 1451, 1242
[[-1.7299360e-01  4.5242424e-01 -8.7470048e-01  5.4030000e+01]
 [-1.4172240e-02  8.8699758e-01  4.6152684e-01  1.7178000e+02]
 [ 9.8467648e-01  9.2304840e-02 -1.4701618e-01 -1.1649000e+03]
 [ 0.0000000e+00  0.0000000e+00  0.0000000e+00  1.0000000e+00]]
[+0102.46, -0019.29, -1075.94]
1046, 803, 1200
[[-1.7314280e-01  4.5263724e-01 -8.7449292e-01  5.4060000e+01]
 [-1.4385240e-02  8.8684838e-01  4.6179446e-01  1.7174000e+02]
 [ 9.8458692e-01  9.2631460e-02 -1.4701618e-01 -1.1649100e+03]
 [ 0.0000000e+00  0.0000000e+00  0.0000000e+00  1.0000000e+00]]
[+0021.02, +0030.20, -1065.18]
754, 1451, 1242
[[-1.7299360e-01  4.5242424e-01 -8.7470048e-01  5.4020000e+01]
 [-1.4172240e-02  8.8699758e-01  4.6152684e-01  1.7177000e+02]
 [ 9.8467648e-01  9.2304840e-02 -1.4701618e-01 -1.1648900e+03]
 [ 0.0000000e+00  0.0000000e+00  0.0000000e+00  1.0000000e+00]]
[+0103.24, -0019.70, -1076.05]
1340, 1701, 1469
[[-1.7425620e-01  4.5130408e-01 -8.7500624e-01  5.3890000e+01]
 [-1.4243680e-02  8.8751558e-01  4.6052386e-01  1.7172000e+02]
 [ 9.8443304e-01  9.2788660e-02 -1.4820778e-01 -1.1648900e+03]
 [ 0.0000000e+00  0.0000000e+00  0.0000000e+00  1.0000000e+00]]
[+0088.90, +0021.16, -1069.60]
754, 1451, 1242
[[-1.7254864e-01  4.5250436e-01 -8.7457700e-01  5.4080000e+01]
 [-1.4667400e-02  8.8690736e-01  4.6165364e-01  1.7181000e+02]
 [ 9.8459636e-01  9.2623000e-02 -1.4636304e-01 -1.1649200e+03]
 [ 0.0000000e+00  0.0000000e+00  0.0000000e+00  1.0000000e+00]]
[+0102.15, -0018.51, -1075.57]
1763, 2124, 1567
[[-1.7566888e-01  4.4998712e-01 -8.7536360e-01  5.3720000e+01]
 [-1.5012880e-02  8.8805912e-01  4.5944360e-01  1.7169000e+02]
 [ 9.8413640e-01  9.3943600e-02 -1.4922576e-01 -1.1649000e+03]
 [ 0.0000000e+00  0.0000000e+00  0.0000000e+00  1.0000000e+00]]
[+0108.12, +0046.30, -1083.90]
1972, 1831, 1591
[[-1.7626434e-01  4.5044180e-01 -8.7507408e-01  5.3760000e+01]
 [-1.5409080e-02  8.8776120e-01  4.6001744e-01  1.7167000e+02]
 [ 9.8408080e-01  9.4634400e-02 -1.4952330e-01 -1.1649000e+03]
 [ 0.0000000e+00  0.0000000e+00  0.0000000e+00  1.0000000e+00]]
[+0071.27, +0070.73, -1082.20]
1763, 2124, 1567
[[-1.7477650e-01  4.5075450e-01 -8.7524870e-01  5.3800000e+01]
 [-1.4468700e-02  8.8776622e-01  4.6004502e-01  1.7173000e+02]
 [ 9.8439350e-01  9.3118980e-02 -1.4862628e-01 -1.1648900e+03]
 [ 0.0000000e+00  0.0000000e+00  0.0000000e+00  1.0000000e+00]]
[+0110.80, +0045.04, -1084.39]
1039, 1571, 1138
[[-1.7329074e-01  4.5226788e-01 -8.7471434e-01  5.4000000e+01]
 [-1.4254040e-02  8.8705656e-01  4.6140948e-01  1.7177000e+02]
 [ 9.8461578e-01  9.2496760e-02 -1.4725434e-01 -1.1648900e+03]
 [ 0.0000000e+00  0.0000000e+00  0.0000000e+00  1.0000000e+00]]
[+0109.31, +0016.99, -1065.06]
1763, 2124, 1567
[[-1.7566888e-01  4.5028464e-01 -8.7528920e-01  5.3730000e+01]
 [-1.4715360e-02  8.8794208e-01  4.5969360e-01  1.7169000e+02]
 [ 9.8421080e-01  9.3693600e-02 -1.4934280e-01 -1.1649000e+03]
 [ 0.0000000e+00  0.0000000e+00  0.0000000e+00  1.0000000e+00]]
[+0108.28, +0046.56, -1083.96]
1478, 1976, 2238
[[-1.7552016e-01  4.4947676e-01 -8.7564516e-01  5.3700000e+01]
 [-1.5097560e-02  8.8832472e-01  4.5892528e-01  1.7158000e+02]
 [ 9.8415236e-01  9.3866880e-02 -1.4910888e-01 -1.1648600e+03]
 [ 0.0000000e+00  0.0000000e+00  0.0000000e+00  1.0000000e+00]]
[+0063.85, -0015.83, -1107.61]
1763, 2124, 1567
[[-1.7529730e-01  4.5048962e-01 -8.7513734e-01  5.3760000e+01]
 [-1.5334900e-02  8.8777724e-01  4.5996962e-01  1.7172000e+02]
 [ 9.8416010e-01  9.4161100e-02 -1.4868930e-01 -1.1649400e+03]
 [ 0.0000000e+00  0.0000000e+00  0.0000000e+00  1.0000000e+00]]
[+0110.35, +0049.16, -1084.39]
855, 1466, 1744
[[-1.7329074e-01  4.5156226e-01 -8.7504932e-01  5.3980000e+01]
 [-1.5034220e-02  8.8735086e-01  4.6081316e-01  1.7172000e+02]
 [ 9.8457796e-01  9.3093080e-02 -1.4696004e-01 -1.1649100e+03]
 [ 0.0000000e+00  0.0000000e+00  0.0000000e+00  1.0000000e+00]]
[+0067.80, -0038.84, -1103.68]
1259, 806, 1771
[[-1.7388514e-01  4.5191776e-01 -8.7459332e-01  5.3960000e+01]
 [-1.4380480e-02  8.8717440e-01  4.6114544e-01  1.7166000e+02]
 [ 9.8434564e-01  9.2909920e-02 -1.4773090e-01 -1.1648600e+03]
 [ 0.0000000e+00  0.0000000e+00  0.0000000e+00  1.0000000e+00]]
[-0006.68, +0013.07, -1114.76]
855, 1466, 1744
[[-1.7343888e-01  4.5200984e-01 -8.7474984e-01  5.4000000e+01]
 [-1.3937040e-02  8.8720560e-01  4.6112008e-01  1.7176000e+02]
 [ 9.8453336e-01  9.2266320e-02 -1.4755152e-01 -1.1648900e+03]
 [ 0.0000000e+00  0.0000000e+00  0.0000000e+00  1.0000000e+00]]
[+0069.60, -0037.65, -1102.72]
1393, 1801, 1869
[[-1.7485092e-01  4.5058216e-01 -8.7529380e-01  5.3780000e+01]
 [-1.4891160e-02  8.8780908e-01  4.5994360e-01  1.7166000e+02]
 [ 9.8434840e-01  9.3517800e-02 -1.4850900e-01 -1.1648900e+03]
 [ 0.0000000e+00  0.0000000e+00  0.0000000e+00  1.0000000e+00]]
[+0070.59, -0002.82, -1086.01]
855, 1466, 1744
[[-1.7247300e-01  4.5220502e-01 -8.7477514e-01  5.4030000e+01]
 [-1.3714940e-02  8.8716206e-01  4.6119862e-01  1.7178000e+02]
 [ 9.8464858e-01  9.1667260e-02 -1.4677810e-01 -1.1648900e+03]
 [ 0.0000000e+00  0.0000000e+00  0.0000000e+00  1.0000000e+00]]
[+0069.83, -0036.45, -1101.92]
985, 1517, 1049
[[-1.7329074e-01  4.5226788e-01 -8.7471434e-01  5.3990000e+01]
 [-1.4254040e-02  8.8705656e-01  4.6140948e-01  1.7177000e+02]
 [ 9.8461578e-01  9.2496760e-02 -1.4725434e-01 -1.1649200e+03]
 [ 0.0000000e+00  0.0000000e+00  0.0000000e+00  1.0000000e+00]]
[+0114.00, +0020.23, -1063.21]
855, 1466, 1744
[[-1.7343888e-01  4.5160128e-01 -8.7501016e-01  5.3950000e+01]
 [-1.4420080e-02  8.8738230e-01  4.6077414e-01  1.7170000e+02]
 [ 9.8457024e-01  9.2612260e-02 -1.4737482e-01 -1.1648900e+03]
 [ 0.0000000e+00  0.0000000e+00  0.0000000e+00  1.0000000e+00]]
[+0068.55, -0039.21, -1104.29]
750, 896, 799
[[-1.7180544e-01  4.5371712e-01 -8.7416128e-01  5.4190000e+01]
 [-1.3028480e-02  8.8646496e-01  4.6256352e-01  1.7185000e+02]
 [ 9.8480832e-01  9.0969920e-02 -1.4636064e-01 -1.1648200e+03]
 [ 0.0000000e+00  0.0000000e+00  0.0000000e+00  1.0000000e+00]]
[+0074.88, +0025.68, -1041.43]
1150, 1276, 796
[[-1.7343994e-01  4.5274068e-01 -8.7428358e-01  5.4050000e+01]
 [-1.4132520e-02  8.8678936e-01  4.6189788e-01  1.7182000e+02]
 [ 9.8445222e-01  9.2602680e-02 -1.4737234e-01 -1.1648800e+03]
 [ 0.0000000e+00  0.0000000e+00  0.0000000e+00  1.0000000e+00]]
[+0104.60, +0064.72, -1055.79]
750, 896, 799
[[-1.7217700e-01  4.5368620e-01 -8.7414560e-01  5.4180000e+01]
 [-1.3235200e-02  8.8644972e-01  4.6259444e-01  1.7183000e+02]
 [ 9.8477740e-01  9.1310560e-02 -1.4659828e-01 -1.1648700e+03]
 [ 0.0000000e+00  0.0000000e+00  0.0000000e+00  1.0000000e+00]]
[+0074.24, +0026.11, -1041.40]
865, 774, 797
[[-1.7225162e-01  4.5366288e-01 -8.7415326e-01  5.4160000e+01]
 [-1.3508880e-02  8.8643440e-01  4.6261776e-01  1.7181000e+02]
 [ 9.8476974e-01  9.1584240e-02 -1.4653898e-01 -1.1648700e+03]
 [ 0.0000000e+00  0.0000000e+00  0.0000000e+00  1.0000000e+00]]
[+0053.51, +0046.10, -1042.92]
750, 896, 799
[[-1.7277274e-01  4.5354774e-01 -8.7400462e-01  5.4140000e+01]
 [-1.4225580e-02  8.8638796e-01  4.6266594e-01  1.7183000e+02]
 [ 9.8457466e-01  9.2501820e-02 -1.4665834e-01 -1.1648800e+03]
 [ 0.0000000e+00  0.0000000e+00  0.0000000e+00  1.0000000e+00]]
[+0077.33, +0025.49, -1041.58]
765, 890, 2185
[[-1.7395890e-01  4.5090320e-01 -8.7529010e-01  5.3880000e+01]
 [-1.4793440e-02  8.8769180e-01  4.6017008e-01  1.7158000e+02]
 [ 9.8449358e-01  9.3068000e-02 -1.4773426e-01 -1.1648500e+03]
 [ 0.0000000e+00  0.0000000e+00  0.0000000e+00  1.0000000e+00]]
[+0021.52, -0036.72, -1162.93]
750, 896, 799
[[-1.7262330e-01  4.5363184e-01 -8.7413762e-01  5.4160000e+01]
 [-1.3715600e-02  8.8641900e-01  4.6264880e-01  1.7182000e+02]
 [ 9.8473870e-01  9.1924880e-02 -1.4677674e-01 -1.1648800e+03]
 [ 0.0000000e+00  0.0000000e+00  0.0000000e+00  1.0000000e+00]]
[+0075.10, +0025.71, -1041.44]
1888, 759, 1305
[[-1.7544772e-01  4.5161920e-01 -8.7457592e-01  5.3910000e+01]
 [-1.5630800e-02  8.8715366e-01  4.6117030e-01  1.7166000e+02]
 [ 9.8417408e-01  9.4670300e-02 -1.4856762e-01 -1.1648800e+03]
 [ 0.0000000e+00  0.0000000e+00  0.0000000e+00  1.0000000e+00]]
[+0006.76, +0100.51, -1123.19]
1821, 1183, 1291
[[-1.7529730e-01  4.5164212e-01 -8.7469054e-01  5.3910000e+01]
 [-1.4107880e-02  8.8730780e-01  4.6094036e-01  1.7174000e+02]
 [ 9.8430946e-01  9.3190360e-02 -1.4915874e-01 -1.1648600e+03]
 [ 0.0000000e+00  0.0000000e+00  0.0000000e+00  1.0000000e+00]]
[+0040.23, +0089.56, -1086.27]
1888, 759, 1305
[[-1.7529828e-01  4.5181530e-01 -8.7452254e-01  5.3920000e+01]
 [-1.4934700e-02  8.8712700e-01  4.6124790e-01  1.7167000e+02]
 [ 9.8422746e-01  9.3997900e-02 -1.4874372e-01 -1.1648600e+03]
 [ 0.0000000e+00  0.0000000e+00  0.0000000e+00  1.0000000e+00]]
[+0007.00, +0100.30, -1122.89]
1924, 790, 2094
[[-1.7939114e-01  4.4837622e-01 -8.7533520e-01  5.3480000e+01]
 [-1.7228100e-02  8.8848470e-01  4.5852440e-01  1.7131000e+02]
 [ 9.8333928e-01  9.7468960e-02 -1.5162820e-01 -1.1647300e+03]
 [ 0.0000000e+00  0.0000000e+00  0.0000000e+00  1.0000000e+00]]
[-0008.07, +0048.46, -1148.86]
1888, 759, 1305
[[-1.7470356e-01  4.5212854e-01 -8.7449518e-01  5.3960000e+01]
 [-1.4770820e-02  8.8700940e-01  4.6148206e-01  1.7169000e+02]
 [ 9.8434946e-01  9.3614380e-02 -1.4826660e-01 -1.1648700e+03]
 [ 0.0000000e+00  0.0000000e+00  0.0000000e+00  1.0000000e+00]]
[+0008.89, +0099.25, -1121.33]
2178, 803, 1289
[[-1.7574388e-01  4.5114054e-01 -8.7479446e-01  5.3850000e+01]
 [-1.5034860e-02  8.8745238e-01  4.6062078e-01  1.7164000e+02]
 [ 9.8415806e-01  9.4179420e-02 -1.4916250e-01 -1.1648600e+03]
 [ 0.0000000e+00  0.0000000e+00  0.0000000e+00  1.0000000e+00]]
[+0018.96, +0111.05, -1139.32]
1888, 759, 1305
[[-1.7492624e-01  4.5199560e-01 -8.7450096e-01  5.3940000e+01]
 [-1.4579040e-02  8.8708406e-01  4.6134130e-01  1.7164000e+02]
 [ 9.8429640e-01  9.3532460e-02 -1.4856394e-01 -1.1648700e+03]
 [ 0.0000000e+00  0.0000000e+00  0.0000000e+00  1.0000000e+00]]
[+0010.43, +0096.66, -1116.99]
2065, 1022, 1619
[[-1.7641288e-01  4.5044424e-01 -8.7488544e-01  5.3750000e+01]
 [-1.4757840e-02  8.8779320e-01  4.5994848e-01  1.7158000e+02]
 [ 9.8392416e-01  9.4182720e-02 -1.4993792e-01 -1.1648400e+03]
 [ 0.0000000e+00  0.0000000e+00  0.0000000e+00  1.0000000e+00]]
[+0010.91, +0086.88, -1120.01]
1949, 881, 1791
[[-1.7500090e-01  4.5137722e-01 -8.7465824e-01  5.3910000e+01]
 [-1.5447460e-02  8.8730310e-01  4.6086488e-01  1.7167000e+02]
 [ 9.8413912e-01  9.4306240e-02 -1.4827024e-01 -1.1648700e+03]
 [ 0.0000000e+00  0.0000000e+00  0.0000000e+00  1.0000000e+00]]
[-0003.32, +0067.95, -1130.43]
2065, 1022, 1619
[[-1.7700874e-01  4.5104738e-01 -8.7455828e-01  5.3860000e+01]
 [-1.5004780e-02  8.8743638e-01  4.6064732e-01  1.7168000e+02]
 [ 9.8390588e-01  9.4748920e-02 -1.5029412e-01 -1.1648200e+03]
 [ 0.0000000e+00  0.0000000e+00  0.0000000e+00  1.0000000e+00]]
[+0011.99, +0088.79, -1120.14]
2013, 852, 1446
[[-1.7455428e-01  4.5172980e-01 -8.7459132e-01  5.3940000e+01]
 [-1.4669400e-02  8.8721750e-01  4.6105970e-01  1.7169000e+02]
 [ 9.8425332e-01  9.3442100e-02 -1.4820778e-01 -1.1648700e+03]
 [ 0.0000000e+00  0.0000000e+00  0.0000000e+00  1.0000000e+00]]
[+0009.91, +0097.33, -1126.70]
2065, 1022, 1619
[[-1.7641354e-01  4.5080318e-01 -8.7482950e-01  5.3800000e+01]
 [-1.5472900e-02  8.8755350e-01  4.6041070e-01  1.7162000e+02]
 [ 9.8402782e-01  9.4836260e-02 -1.4958180e-01 -1.1648600e+03]
 [ 0.0000000e+00  0.0000000e+00  0.0000000e+00  1.0000000e+00]]
[+0010.70, +0086.70, -1120.25]
1021, 1582, 1378
[[-1.7343888e-01  4.5215844e-01 -8.7471260e-01  5.3980000e+01]
 [-1.3788440e-02  8.8714662e-01  4.6124520e-01  1.7177000e+02]
 [ 9.8457060e-01  9.2141200e-02 -1.4761050e-01 -1.1648800e+03]
 [ 0.0000000e+00  0.0000000e+00  0.0000000e+00  1.0000000e+00]]
[+0095.52, -0002.41, -1071.57]
2065, 1022, 1619
[[-1.7604138e-01  4.5042606e-01 -8.7510594e-01  5.3740000e+01]
 [-1.5749340e-02  8.8774508e-01  4.6003318e-01  1.7157000e+02]
 [ 9.8409654e-01  9.4841620e-02 -1.4916730e-01 -1.1648800e+03]
 [ 0.0000000e+00  0.0000000e+00  0.0000000e+00  1.0000000e+00]]
[+0010.21, +0087.34, -1120.73]
1071, 1864, 933
[[-1.7381060e-01  4.5238716e-01 -8.7447372e-01  5.3990000e+01]
 [-1.3660920e-02  8.8701310e-01  4.6149714e-01  1.7181000e+02]
 [ 9.8446524e-01  9.2260980e-02 -1.4796674e-01 -1.1648800e+03]
 [ 0.0000000e+00  0.0000000e+00  0.0000000e+00  1.0000000e+00]]
[+0149.14, +0032.78, -1087.79]
880, 1747, 2061
[[-1.7381010e-01  4.5080160e-01 -8.7531160e-01  5.3890000e+01]
 [-1.4394560e-02  8.8778190e-01  4.5999792e-01  1.7167000e+02]
 [ 9.8447208e-01  9.2645600e-02 -1.4779296e-01 -1.1648800e+03]
 [ 0.0000000e+00  0.0000000e+00  0.0000000e+00  1.0000000e+00]]
[+0075.60, -0043.87, -1130.47]
1071, 1864, 933
[[-1.7329074e-01  4.5197072e-01 -8.7478890e-01  5.3980000e+01]
 [-1.4551200e-02  8.8717440e-01  4.6115920e-01  1.7175000e+02]
 [ 9.8454122e-01  9.2747040e-02 -1.4713650e-01 -1.1649400e+03]
 [ 0.0000000e+00  0.0000000e+00  0.0000000e+00  1.0000000e+00]]
[+0148.63, +0032.87, -1087.48]
1102, 969, 846
[[-1.7299360e-01  4.5298120e-01 -8.7440280e-01  5.4050000e+01]
 [-1.3540720e-02  8.8676126e-01  4.6199790e-01  1.7178000e+02]
 [ 9.8467704e-01  9.1833780e-02 -1.4725250e-01 -1.1648700e+03]
 [ 0.0000000e+00  0.0000000e+00  0.0000000e+00  1.0000000e+00]]
[+0066.35, +0064.40, -1049.07]
1071, 1864, 933
[[-1.7336442e-01  4.5188472e-01 -8.7477932e-01  5.3980000e+01]
 [-1.3811920e-02  8.8728006e-01  4.6097148e-01  1.7178000e+02]
 [ 9.8450388e-01  9.2117720e-02 -1.4755152e-01 -1.1648800e+03]
 [ 0.0000000e+00  0.0000000e+00  0.0000000e+00  1.0000000e+00]]
[+0148.21, +0032.42, -1087.43]
1567, 1873, 1018
[[-1.7507392e-01  4.5126712e-01 -8.7477880e-01  5.3870000e+01]
 [-1.3732880e-02  8.8753118e-01  4.6049420e-01  1.7173000e+02]
 [ 9.8422120e-01  9.2744200e-02 -1.4915874e-01 -1.1648600e+03]
 [ 0.0000000e+00  0.0000000e+00  0.0000000e+00  1.0000000e+00]]
[+0127.82, +0072.00, -1084.82]
1071, 1864, 933
[[-1.7321620e-01  4.5184558e-01 -8.7481834e-01  5.3990000e+01]
 [-1.4426060e-02  8.8724894e-01  4.6101062e-01  1.7177000e+02]
 [ 9.8451178e-01  9.2598460e-02 -1.4713650e-01 -1.1649200e+03]
 [ 0.0000000e+00  0.0000000e+00  0.0000000e+00  1.0000000e+00]]
[+0148.88, +0032.56, -1088.16]
1786, 1413, 1681
[[-1.7537184e-01  4.5102352e-01 -8.7484752e-01  5.3810000e+01]
 [-1.4976480e-02  8.8752696e-01  4.6046408e-01  1.7172000e+02]
 [ 9.8415248e-01  9.3964080e-02 -1.4886504e-01 -1.1648600e+03]
 [ 0.0000000e+00  0.0000000e+00  0.0000000e+00  1.0000000e+00]]
[+0034.40, +0056.07, -1083.93]
2193, 813, 1719
[[-1.7857210e-01  4.4968020e-01 -8.7493110e-01  5.3640000e+01]
 [-1.6323000e-02  8.8794572e-01  4.5961764e-01  1.7145000e+02]
 [ 9.8359050e-01  9.6449640e-02 -1.5119882e-01 -1.1648100e+03]
 [ 0.0000000e+00  0.0000000e+00  0.0000000e+00  1.0000000e+00]]
[+0002.98, +0085.30, -1144.40]
1786, 1413, 1681
[[-1.7440516e-01  4.5110826e-01 -8.7505922e-01  5.3840000e+01]
 [-1.4939820e-02  8.8754284e-01  4.6044594e-01  1.7165000e+02]
 [ 9.8438006e-01  9.3461220e-02 -1.4803156e-01 -1.1648700e+03]
 [ 0.0000000e+00  0.0000000e+00  0.0000000e+00  1.0000000e+00]]
[+0038.91, +0052.12, -1081.58]
1633, 1334, 2067
[[-1.7499988e-01  4.5068358e-01 -8.7527246e-01  5.3780000e+01]
 [-1.5289980e-02  8.8771870e-01  4.6011594e-01  1.7160000e+02]
 [ 9.8436974e-01  9.3940260e-02 -1.4845042e-01 -1.1648600e+03]
 [ 0.0000000e+00  0.0000000e+00  0.0000000e+00  1.0000000e+00]]
[+0015.87, +0012.18, -1107.50]
1786, 1413, 1681
[[-1.7492538e-01  4.5096738e-01 -8.7504132e-01  5.3830000e+01]
 [-1.4681580e-02  8.8761734e-01  4.6031308e-01  1.7167000e+02]
 [ 9.8430348e-01  9.3445720e-02 -1.4862628e-01 -1.1648900e+03]
 [ 0.0000000e+00  0.0000000e+00  0.0000000e+00  1.0000000e+00]]
[+0038.00, +0054.86, -1082.13]
1269, 1043, 1401
[[-1.7403434e-01  4.5231654e-01 -8.7449712e-01  5.3970000e+01]
 [-1.4482020e-02  8.8696630e-01  4.6156776e-01  1.7174000e+02]
 [ 9.8444184e-01  9.3082080e-02 -1.4778980e-01 -1.1648800e+03]
 [ 0.0000000e+00  0.0000000e+00  0.0000000e+00  1.0000000e+00]]
[+0030.10, +0032.72, -1069.52]
1786, 1413, 1681
[[-1.7499988e-01  4.5060906e-01 -8.7497506e-01  5.3780000e+01]
 [-1.5215460e-02  8.8771870e-01  4.6005738e-01  1.7161000e+02]
 [ 9.8407234e-01  9.3998820e-02 -1.4845042e-01 -1.1648800e+03]
 [ 0.0000000e+00  0.0000000e+00  0.0000000e+00  1.0000000e+00]]
[+0035.17, +0054.26, -1083.37]
1910, 1567, 1151
[[-1.7544642e-01  4.5129724e-01 -8.7478090e-01  5.3850000e+01]
 [-1.4952760e-02  8.8739372e-01  4.6073780e-01  1.7179000e+02]
 [ 9.8421910e-01  9.3987800e-02 -1.4892370e-01 -1.1648500e+03]
 [ 0.0000000e+00  0.0000000e+00  0.0000000e+00  1.0000000e+00]]
[+0083.73, +0100.29, -1087.48]
1435, 1606, 1023
[[-1.7395890e-01  4.5172060e-01 -8.7476950e-01  5.3920000e+01]
 [-1.3827160e-02  8.8733900e-01  4.6086188e-01  1.7174000e+02]
 [ 9.8441962e-01  9.2376200e-02 -1.4808706e-01 -1.1648800e+03]
 [ 0.0000000e+00  0.0000000e+00  0.0000000e+00  1.0000000e+00]]
[+0109.40, +0066.22, -1068.67]
1910, 1567, 1151
[[-1.7566930e-01  4.5116430e-01 -8.7478650e-01  5.3860000e+01]
 [-1.4761140e-02  8.8746830e-01  4.6059702e-01  1.7174000e+02]
 [ 9.8416602e-01  9.3905700e-02 -1.4922116e-01 -1.1648900e+03]
 [ 0.0000000e+00  0.0000000e+00  0.0000000e+00  1.0000000e+00]]
[+0082.86, +0100.03, -1087.48]
1805, 1640, 1563
[[-1.7499988e-01  4.5079502e-01 -8.7508650e-01  5.3800000e+01]
 [-1.5104020e-02  8.8766012e-01  4.6021170e-01  1.7169000e+02]
 [ 9.8425830e-01  9.3844500e-02 -1.4850900e-01 -1.1648700e+03]
 [ 0.0000000e+00  0.0000000e+00  0.0000000e+00  1.0000000e+00]]
[+0064.29, +0059.05, -1075.75]
1910, 1567, 1151
[[-1.7507442e-01  4.5103148e-01 -8.7487122e-01  5.3860000e+01]
 [-1.5043080e-02  8.8752696e-01  4.6045612e-01  1.7170000e+02]
 [ 9.8417618e-01  9.3897480e-02 -1.4856762e-01 -1.1649000e+03]
 [ 0.0000000e+00  0.0000000e+00  0.0000000e+00  1.0000000e+00]]
[+0083.07, +0100.18, -1087.64]
1942, 1831, 1112
[[-1.7618980e-01  4.5087470e-01 -8.7480550e-01  5.3810000e+01]
 [-1.4651740e-02  8.8760150e-01  4.6033918e-01  1.7173000e+02]
 [ 9.8405182e-01  9.4015100e-02 -1.4975754e-01 -1.1648700e+03]
 [ 0.0000000e+00  0.0000000e+00  0.0000000e+00  1.0000000e+00]]
[+0107.12, +0096.35, -1094.26]
1910, 1567, 1151
[[-1.7492538e-01  4.5122754e-01 -8.7481814e-01  5.3880000e+01]
 [-1.4346940e-02  8.8749990e-01  4.6053378e-01  1.7172000e+02]
 [ 9.8422926e-01  9.3225020e-02 -1.4874372e-01 -1.1648700e+03]
 [ 0.0000000e+00  0.0000000e+00  0.0000000e+00  1.0000000e+00]]
[+0081.31, +0100.93, -1088.76]
919, 1390, 1776
[[-1.7321620e-01  4.5184558e-01 -8.7481834e-01  5.3980000e+01]
 [-1.4426060e-02  8.8724894e-01  4.6101062e-01  1.7173000e+02]
 [ 9.8451178e-01  9.2598460e-02 -1.4713650e-01 -1.1648900e+03]
 [ 0.0000000e+00  0.0000000e+00  0.0000000e+00  1.0000000e+00]]
[+0057.32, -0034.05, -1100.61]
912, 1334, 1574
[[-1.7299360e-01  4.5227568e-01 -8.7473776e-01  5.4030000e+01]
 [-1.4320800e-02  8.8705656e-01  4.6140168e-01  1.7177000e+02]
 [ 9.8463920e-01  9.2430000e-02 -1.4695720e-01 -1.1648900e+03]
 [ 0.0000000e+00  0.0000000e+00  0.0000000e+00  1.0000000e+00]]
[+0064.28, -0022.80, -1082.23]
919, 1390, 1776
[[-1.7343888e-01  4.5186124e-01 -8.7478708e-01  5.3950000e+01]
 [-1.4085640e-02  8.8726454e-01  4.6099496e-01  1.7173000e+02]
 [ 9.8449612e-01  9.2391440e-02 -1.4749258e-01 -1.1649000e+03]
 [ 0.0000000e+00  0.0000000e+00  0.0000000e+00  1.0000000e+00]]
[+0057.65, -0035.30, -1101.87]
1550, 834, 1909
[[-1.7544642e-01  4.5085108e-01 -8.7489280e-01  5.3840000e+01]
 [-1.5398920e-02  8.8756958e-01  4.6036280e-01  1.7159000e+02]
 [ 9.8410720e-01  9.4362800e-02 -1.4874784e-01 -1.1648600e+03]
 [ 0.0000000e+00  0.0000000e+00  0.0000000e+00  1.0000000e+00]]
[-0011.47, +0031.67, -1130.52]
919, 1390, 1776
[[-1.7277010e-01  4.5223454e-01 -8.7490032e-01  5.4010000e+01]
 [-1.3685420e-02  8.8716206e-01  4.6123584e-01  1.7174000e+02]
 [ 9.8477376e-01  9.1704480e-02 -1.4707520e-01 -1.1648700e+03]
 [ 0.0000000e+00  0.0000000e+00  0.0000000e+00  1.0000000e+00]]
[+0058.87, -0031.80, -1098.85]
1680, 2197, 1528
[[-1.7544580e-01  4.5012010e-01 -8.7535810e-01  5.3720000e+01]
 [-1.5204340e-02  8.8798470e-01  4.5958438e-01  1.7172000e+02]
 [ 9.8418938e-01  9.4025900e-02 -1.4892826e-01 -1.1649500e+03]
 [ 0.0000000e+00  0.0000000e+00  0.0000000e+00  1.0000000e+00]]
[+0120.72, +0042.40, -1088.93]
919, 1390, 1776
[[-1.7284456e-01  4.5187680e-01 -8.7483396e-01  5.3980000e+01]
 [-1.4219040e-02  8.8726454e-01  4.6097940e-01  1.7175000e+02]
 [ 9.8454300e-01  9.2258040e-02 -1.4689826e-01 -1.1649000e+03]
 [ 0.0000000e+00  0.0000000e+00  0.0000000e+00  1.0000000e+00]]
[+0056.82, -0034.50, -1101.23]
1975, 1209, 1594
[[-1.7656192e-01  4.5110320e-01 -8.7456624e-01  5.3820000e+01]
 [-1.4524000e-02  8.8746830e-01  4.6059150e-01  1.7166000e+02]
 [ 9.8394576e-01  9.4134900e-02 -1.5011378e-01 -1.1648800e+03]
 [ 0.0000000e+00  0.0000000e+00  0.0000000e+00  1.0000000e+00]]
[+0023.39, +0083.62, -1101.08]
1173, 1474, 1102
[[-1.7358792e-01  4.5207420e-01 -8.7457956e-01  5.3970000e+01]
 [-1.4298600e-02  8.8711550e-01  4.6126270e-01  1.7177000e+02]
 [ 9.8440644e-01  9.2718100e-02 -1.4749258e-01 -1.1649000e+03]
 [ 0.0000000e+00  0.0000000e+00  0.0000000e+00  1.0000000e+00]]
[+0099.10, +0035.40, -1059.14]
1975, 1209, 1594
[[-1.7574388e-01  4.5084306e-01 -8.7486906e-01  5.3810000e+01]
 [-1.5332340e-02  8.8756958e-01  4.6037082e-01  1.7165000e+02]
 [ 9.8408346e-01  9.4429380e-02 -1.4904530e-01 -1.1649100e+03]
 [ 0.0000000e+00  0.0000000e+00  0.0000000e+00  1.0000000e+00]]
[+0021.66, +0081.30, -1101.22]
1943, 1045, 1556
[[-1.7514900e-01  4.5145390e-01 -8.7476730e-01  5.3890000e+01]
 [-1.4870700e-02  8.8733502e-01  4.6085486e-01  1.7169000e+02]
 [ 9.8428010e-01  9.3796140e-02 -1.4868498e-01 -1.1648700e+03]
 [ 0.0000000e+00  0.0000000e+00  0.0000000e+00  1.0000000e+00]]
[+0013.82, +0086.35, -1110.09]
1975, 1209, 1594
[[-1.7648738e-01  4.5086676e-01 -8.7478164e-01  5.3790000e+01]
 [-1.4585160e-02  8.8760150e-01  4.6034712e-01  1.7166000e+02]
 [ 9.8402796e-01  9.4081680e-02 -1.5005512e-01 -1.1648600e+03]
 [ 0.0000000e+00  0.0000000e+00  0.0000000e+00  1.0000000e+00]]
[+0022.95, +0081.42, -1100.49]
2106, 1230, 1391
[[-1.7626536e-01  4.5102380e-01 -8.7464604e-01  5.3800000e+01]
 [-1.5752040e-02  8.8740414e-01  4.6067090e-01  1.7167000e+02]
 [ 9.8396140e-01  9.5096460e-02 -1.4928426e-01 -1.1648900e+03]
 [ 0.0000000e+00  0.0000000e+00  0.0000000e+00  1.0000000e+00]]
[+0038.75, +0104.85, -1107.70]
1975, 1209, 1594
[[-1.7559476e-01  4.5118806e-01 -8.7477858e-01  5.3830000e+01]
 [-1.4487420e-02  8.8748414e-01  4.6057326e-01  1.7166000e+02]
 [ 9.8417394e-01  9.3631980e-02 -1.4927986e-01 -1.1648600e+03]
 [ 0.0000000e+00  0.0000000e+00  0.0000000e+00  1.0000000e+00]]
[+0022.99, +0077.51, -1099.43]
1244, 802, 2208
[[-1.7440516e-01  4.5055088e-01 -8.7535692e-01  5.3830000e+01]
 [-1.5571720e-02  8.8777724e-01  4.5997488e-01  1.7154000e+02]
 [ 9.8437968e-01  9.3932280e-02 -1.4779716e-01 -1.1648800e+03]
 [ 0.0000000e+00  0.0000000e+00  0.0000000e+00  1.0000000e+00]]
[-0003.14, -0003.06, -1155.35]
1691, 867, 2231
[[-1.7805042e-01  4.4909074e-01 -8.7541486e-01  5.3590000e+01]
 [-1.6387340e-02  8.8828590e-01  4.5897118e-01  1.7141000e+02]
 [ 9.8375054e-01  9.6128020e-02 -1.5078468e-01 -1.1648200e+03]
 [ 0.0000000e+00  0.0000000e+00  0.0000000e+00  1.0000000e+00]]
[-0005.96, +0024.07, -1147.39]
1244, 802, 2208
[[-1.7351338e-01  4.5168916e-01 -8.7483214e-01  5.3940000e+01]
 [-1.4507960e-02  8.8730780e-01  4.6089332e-01  1.7163000e+02]
 [ 9.8445106e-01  9.2790280e-02 -1.4737482e-01 -1.1648900e+03]
 [ 0.0000000e+00  0.0000000e+00  0.0000000e+00  1.0000000e+00]]
[-0002.64, -0002.10, -1152.85]
1280, 848, 1376
[[-1.7366250e-01  4.5219930e-01 -8.7455010e-01  5.3960000e+01]
 [-1.4423700e-02  8.8704092e-01  4.6141130e-01  1.7168000e+02]
 [ 9.8443590e-01  9.2866700e-02 -1.4749258e-01 -1.1649000e+03]
 [ 0.0000000e+00  0.0000000e+00  0.0000000e+00  1.0000000e+00]]
[+0011.07, +0041.40, -1079.25]
1244, 802, 2208
[[-1.7477704e-01  4.5081664e-01 -8.7526680e-01  5.3850000e+01]
 [-1.5481600e-02  8.8764416e-01  4.6025664e-01  1.7159000e+02]
 [ 9.8442264e-01  9.4022400e-02 -1.4815304e-01 -1.1648500e+03]
 [ 0.0000000e+00  0.0000000e+00  0.0000000e+00  1.0000000e+00]]
[-0003.15, -0002.86, -1155.45]
1127, 1589, 2247
[[-1.7433040e-01  4.5025200e-01 -8.7555400e-01  5.3770000e+01]
 [-1.4619600e-02  8.8803222e-01  4.5951894e-01  1.7163000e+02]
 [ 9.8443280e-01  9.2975940e-02 -1.4821162e-01 -1.1648700e+03]
 [ 0.0000000e+00  0.0000000e+00  0.0000000e+00  1.0000000e+00]]
[+0048.08, -0033.52, -1128.53]
1244, 802, 2208
[[-1.7403336e-01  4.5139976e-01 -8.7485176e-01  5.3880000e+01]
 [-1.4398160e-02  8.8744112e-01  4.6063528e-01  1.7162000e+02]
 [ 9.8433736e-01  9.2900080e-02 -1.4791048e-01 -1.1648400e+03]
 [ 0.0000000e+00  0.0000000e+00  0.0000000e+00  1.0000000e+00]]
[-0002.43, -0002.70, -1153.12]
1365, 2101, 1137
[[-1.7470212e-01  4.5103836e-01 -8.7501780e-01  5.3840000e+01]
 [-1.3860360e-02  8.8766438e-01  4.6024210e-01  1.7175000e+02]
 [ 9.8432700e-01  9.2624500e-02 -1.4880250e-01 -1.1648900e+03]
 [ 0.0000000e+00  0.0000000e+00  0.0000000e+00  1.0000000e+00]]
[+0144.16, +0041.22, -1094.91]
1211, 1355, 1339
[[-1.7351338e-01  4.5168916e-01 -8.7483214e-01  5.3930000e+01]
 [-1.4507960e-02  8.8730780e-01  4.6089332e-01  1.7171000e+02]
 [ 9.8445106e-01  9.2790280e-02 -1.4737482e-01 -1.1648900e+03]
 [ 0.0000000e+00  0.0000000e+00  0.0000000e+00  1.0000000e+00]]
[+0067.55, +0023.85, -1061.22]
1365, 2101, 1137
[[-1.7492520e-01  4.5075684e-01 -8.7506068e-01  5.3810000e+01]
 [-1.3817480e-02  8.8779750e-01  4.5997614e-01  1.7169000e+02]
 [ 9.8423676e-01  9.2667380e-02 -1.4904114e-01 -1.1648900e+03]
 [ 0.0000000e+00  0.0000000e+00  0.0000000e+00  1.0000000e+00]]
[+0144.23, +0041.73, -1095.03]
1696, 1935, 778
[[-1.7552026e-01  4.5180678e-01 -8.7462174e-01  5.3880000e+01]
 [-1.3618740e-02  8.8726454e-01  4.6104942e-01  1.7178000e+02]
 [ 9.8433078e-01  9.2858340e-02 -1.4957396e-01 -1.1648800e+03]
 [ 0.0000000e+00  0.0000000e+00  0.0000000e+00  1.0000000e+00]]
[+0137.95, +0092.11, -1107.42]
1365, 2101, 1137
[[-1.7388448e-01  4.5118680e-01 -8.7505920e-01  5.3850000e+01]
 [-1.4185200e-02  8.8759000e-01  4.6036740e-01  1.7177000e+02]
 [ 9.8442720e-01  9.2573400e-02 -1.4791048e-01 -1.1649000e+03]
 [ 0.0000000e+00  0.0000000e+00  0.0000000e+00  1.0000000e+00]]
[+0143.82, +0040.71, -1094.97]
978, 2085, 786
[[-1.7314170e-01  4.5242610e-01 -8.7451300e-01  5.4020000e+01]
 [-1.3520780e-02  8.8702854e-01  4.6145820e-01  1.7187000e+02]
 [ 9.8451996e-01  9.1853720e-02 -1.4743140e-01 -1.1648700e+03]
 [ 0.0000000e+00  0.0000000e+00  0.0000000e+00  1.0000000e+00]]
[+0167.56, +0033.61, -1117.19]
1365, 2101, 1137
[[-1.7499954e-01  4.5099340e-01 -8.7484540e-01  5.3820000e+01]
 [-1.3756600e-02  8.8766438e-01  4.6022048e-01  1.7177000e+02]
 [ 9.8415460e-01  9.2720480e-02 -1.4909992e-01 -1.1648700e+03]
 [ 0.0000000e+00  0.0000000e+00  0.0000000e+00  1.0000000e+00]]
[+0143.77, +0041.89, -1094.92]
1411, 1242, 1469
[[-1.7425698e-01  4.5177500e-01 -8.7476356e-01  5.3890000e+01]
 [-1.4773400e-02  8.8721750e-01  4.6108120e-01  1.7173000e+02]
 [ 9.8442556e-01  9.3346000e-02 -1.4791048e-01 -1.1649100e+03]
 [ 0.0000000e+00  0.0000000e+00  0.0000000e+00  1.0000000e+00]]
[+0040.63, +0037.88, -1069.64]
1308, 1605, 2193
[[-1.7447912e-01  4.5020484e-01 -8.7556980e-01  5.3750000e+01]
 [-1.5167160e-02  8.8800062e-01  4.5956610e-01  1.7160000e+02]
 [ 9.8441700e-01  9.3523500e-02 -1.4809450e-01 -1.1648900e+03]
 [ 0.0000000e+00  0.0000000e+00  0.0000000e+00  1.0000000e+00]]
[+0042.32, -0022.76, -1115.47]
1411, 1242, 1469
[[-1.7455354e-01  4.5200244e-01 -8.7464786e-01  5.3930000e+01]
 [-1.3396440e-02  8.8722108e-01  4.6112748e-01  1.7173000e+02]
 [ 9.8444686e-01  9.2259480e-02 -1.4879962e-01 -1.1648600e+03]
 [ 0.0000000e+00  0.0000000e+00  0.0000000e+00  1.0000000e+00]]
[+0041.65, +0039.52, -1069.01]
1264, 762, 1689
[[-1.7358792e-01  4.5192560e-01 -8.7461684e-01  5.3930000e+01]
 [-1.4447200e-02  8.8717440e-01  4.6113760e-01  1.7172000e+02]
 [ 9.8436916e-01  9.2843200e-02 -1.4743368e-01 -1.1648500e+03]
 [ 0.0000000e+00  0.0000000e+00  0.0000000e+00  1.0000000e+00]]
[-0008.05, +0019.18, -1110.79]
1411, 1242, 1469
[[-1.7395972e-01  4.5204284e-01 -8.7456388e-01  5.3920000e+01]
 [-1.4505560e-02  8.8709982e-01  4.6129406e-01  1.7180000e+02]
 [ 9.8437508e-01  9.3058540e-02 -1.4773090e-01 -1.1648700e+03]
 [ 0.0000000e+00  0.0000000e+00  0.0000000e+00  1.0000000e+00]]
[+0043.00, +0038.68, -1068.69]
2111, 1104, 1636
[[-1.7626434e-01  4.5070208e-01 -8.7485074e-01  5.3750000e+01]
 [-1.5074240e-02  8.8764416e-01  4.6023808e-01  1.7169000e+02]
 [ 9.8400658e-01  9.4413760e-02 -1.4964034e-01 -1.1648400e+03]
 [ 0.0000000e+00  0.0000000e+00  0.0000000e+00  1.0000000e+00]]
[+0015.01, +0087.82, -1117.45]
1411, 1242, 1469
[[-1.7440516e-01  4.5181430e-01 -8.7472426e-01  5.3930000e+01]
 [-1.4159260e-02  8.8724894e-01  4.6104190e-01  1.7175000e+02]
 [ 9.8441770e-01  9.2865260e-02 -1.4832546e-01 -1.1648600e+03]
 [ 0.0000000e+00  0.0000000e+00  0.0000000e+00  1.0000000e+00]]
[+0043.27, +0037.48, -1068.60]
2153, 2039, 1512
[[-1.7604098e-01  4.4959632e-01 -8.7540372e-01  5.3660000e+01]
 [-1.4505120e-02  8.8828214e-01  4.5901312e-01  1.7169000e+02]
 [ 9.8400108e-01  9.3630080e-02 -1.4982088e-01 -1.1649000e+03]
 [ 0.0000000e+00  0.0000000e+00  0.0000000e+00  1.0000000e+00]]
[+0094.01, +0080.58, -1091.87]
1750, 1555, 831
[[-1.7388514e-01  4.5191776e-01 -8.7459332e-01  5.3950000e+01]
 [-1.4380480e-02  8.8717440e-01  4.6114544e-01  1.7177000e+02]
 [ 9.8434564e-01  9.2909920e-02 -1.4773090e-01 -1.1648900e+03]
 [ 0.0000000e+00  0.0000000e+00  0.0000000e+00  1.0000000e+00]]
[+0106.29, +0104.13, -1091.06]
2153, 2039, 1512
[[-1.7656162e-01  4.4981442e-01 -8.7532934e-01  5.3660000e+01]
 [-1.4962380e-02  8.8811758e-01  4.5934254e-01  1.7169000e+02]
 [ 9.8402774e-01  9.4267860e-02 -1.5006004e-01 -1.1648900e+03]
 [ 0.0000000e+00  0.0000000e+00  0.0000000e+00  1.0000000e+00]]
[+0093.49, +0079.44, -1091.47]
2049, 1825, 1725
[[-1.7581776e-01  4.5019988e-01 -8.7515636e-01  5.3740000e+01]
 [-1.5225640e-02  8.8791024e-01  4.5971188e-01  1.7165000e+02]
 [ 9.8404612e-01  9.4270360e-02 -1.4922576e-01 -1.1648600e+03]
 [ 0.0000000e+00  0.0000000e+00  0.0000000e+00  1.0000000e+00]]
[+0060.66, +0061.86, -1084.84]
2153, 2039, 1512
[[-1.7648724e-01  4.4980112e-01 -8.7517256e-01  5.3680000e+01]
 [-1.4651440e-02  8.8813350e-01  4.5928942e-01  1.7170000e+02]
 [ 9.8388688e-01  9.4023340e-02 -1.5011850e-01 -1.1648900e+03]
 [ 0.0000000e+00  0.0000000e+00  0.0000000e+00  1.0000000e+00]]
[+0094.18, +0080.22, -1091.62]
1847, 2231, 1556
[[-1.7499954e-01  4.5017544e-01 -8.7536592e-01  5.3750000e+01]
 [-1.4723280e-02  8.8801646e-01  4.5952904e-01  1.7176000e+02]
 [ 9.8422896e-01  9.3411920e-02 -1.4874784e-01 -1.1648900e+03]
 [ 0.0000000e+00  0.0000000e+00  0.0000000e+00  1.0000000e+00]]
[+0116.16, +0045.74, -1089.88]
2153, 2039, 1512
[[-1.7611528e-01  4.5013052e-01 -8.7511420e-01  5.3770000e+01]
 [-1.4146520e-02  8.8803222e-01  4.5950750e-01  1.7172000e+02]
 [ 9.8399300e-01  9.3433300e-02 -1.4999650e-01 -1.1648700e+03]
 [ 0.0000000e+00  0.0000000e+00  0.0000000e+00  1.0000000e+00]]
[+0091.27, +0082.27, -1092.44]
965, 1750, 1913
[[-1.7329000e-01  4.5105380e-01 -8.7514340e-01  5.3890000e+01]
 [-1.4467000e-02  8.8764878e-01  4.6022666e-01  1.7168000e+02]
 [ 9.8443700e-01  9.2565340e-02 -1.4725722e-01 -1.1649000e+03]
 [ 0.0000000e+00  0.0000000e+00  0.0000000e+00  1.0000000e+00]]
[+0078.70, -0037.78, -1113.56]
831, 1853, 2168
[[-1.7217586e-01  4.4922706e-01 -8.7658374e-01  5.3750000e+01]
 [-1.5134740e-02  8.8863740e-01  4.5834498e-01  1.7163000e+02]
 [ 9.8487306e-01  9.2218380e-02 -1.4619410e-01 -1.1649300e+03]
 [ 0.0000000e+00  0.0000000e+00  0.0000000e+00  1.0000000e+00]]
[+0080.58, -0043.26, -1138.07]
965, 1750, 1913
[[-1.7351284e-01  4.5162678e-01 -8.7481478e-01  5.3930000e+01]
 [-1.3495020e-02  8.8742886e-01  4.6068198e-01  1.7175000e+02]
 [ 9.8442142e-01  9.1887180e-02 -1.4784874e-01 -1.1648800e+03]
 [ 0.0000000e+00  0.0000000e+00  0.0000000e+00  1.0000000e+00]]
[+0080.49, -0032.07, -1108.25]
1702, 2100, 2156
[[-1.7559450e-01  4.4919268e-01 -8.7587626e-01  5.3640000e+01]
 [-1.5706040e-02  8.8842540e-01  4.5872812e-01  1.7160000e+02]
 [ 9.8421878e-01  9.4361560e-02 -1.4893386e-01 -1.1649000e+03]
 [ 0.0000000e+00  0.0000000e+00  0.0000000e+00  1.0000000e+00]]
[+0072.77, +0004.01, -1095.44]
965, 1750, 1913
[[-1.7284456e-01  4.5176548e-01 -8.7501976e-01  5.3970000e+01]
 [-1.4404840e-02  8.8732344e-01  4.6088368e-01  1.7177000e+02]
 [ 9.8465432e-01  9.2353760e-02 -1.4683936e-01 -1.1648800e+03]
 [ 0.0000000e+00  0.0000000e+00  0.0000000e+00  1.0000000e+00]]
[+0080.06, -0033.53, -1109.73]
922, 1895, 1831
[[-1.7351338e-01  4.5168916e-01 -8.7483214e-01  5.3960000e+01]
 [-1.4507960e-02  8.8730780e-01  4.6089332e-01  1.7182000e+02]
 [ 9.8445106e-01  9.2790280e-02 -1.4737482e-01 -1.1648900e+03]
 [ 0.0000000e+00  0.0000000e+00  0.0000000e+00  1.0000000e+00]]
[+0100.58, -0033.01, -1113.15]
965, 1750, 1913
[[-1.7343850e-01  4.5113014e-01 -8.7525298e-01  5.3870000e+01]
 [-1.3890100e-02  8.8767990e-01  4.6021690e-01  1.7169000e+02]
 [ 9.8457770e-01  9.2055020e-02 -1.4767204e-01 -1.1648700e+03]
 [ 0.0000000e+00  0.0000000e+00  0.0000000e+00  1.0000000e+00]]
[+0080.24, -0034.79, -1110.87]
896, 1472, 1813
[[-1.7232490e-01  4.5201756e-01 -8.7485122e-01  5.4010000e+01]
 [-1.4477640e-02  8.8719004e-01  4.6111236e-01  1.7176000e+02]
 [ 9.8461918e-01  9.2273160e-02 -1.4630410e-01 -1.1649200e+03]
 [ 0.0000000e+00  0.0000000e+00  0.0000000e+00  1.0000000e+00]]
[+0065.62, -0034.41, -1102.99]
1861, 1446, 1584
[[-1.7522280e-01  4.5107096e-01 -8.7483168e-01  5.3810000e+01]
 [-1.4429040e-02  8.8755864e-01  4.6041664e-01  1.7170000e+02]
 [ 9.8416832e-01  9.3416640e-02 -1.4898240e-01 -1.1648700e+03]
 [ 0.0000000e+00  0.0000000e+00  0.0000000e+00  1.0000000e+00]]
[+0044.77, +0071.71, -1082.77]
896, 1472, 1813
[[-1.7254746e-01  4.5177328e-01 -8.7504312e-01  5.3970000e+01]
 [-1.4471520e-02  8.8732344e-01  4.6087588e-01  1.7174000e+02]
 [ 9.8467768e-01  9.2287080e-02 -1.4654226e-01 -1.1648800e+03]
 [ 0.0000000e+00  0.0000000e+00  0.0000000e+00  1.0000000e+00]]
[+0065.04, -0038.13, -1105.98]
880, 1097, 1790
[[-1.7262196e-01  4.5219556e-01 -8.7493916e-01  5.4030000e+01]
 [-1.4299640e-02  8.8713110e-01  4.6127482e-01  1.7175000e+02]
 [ 9.8478164e-01  9.2185220e-02 -1.4666010e-01 -1.1649000e+03]
 [ 0.0000000e+00  0.0000000e+00  0.0000000e+00  1.0000000e+00]]
[+0032.17, -0032.06, -1107.86]
896, 1472, 1813
[[-1.7343888e-01  4.5174988e-01 -8.7497292e-01  5.3930000e+01]
 [-1.4271480e-02  8.8732344e-01  4.6089928e-01  1.7172000e+02]
 [ 9.8460748e-01  9.2487120e-02 -1.4743368e-01 -1.1648900e+03]
 [ 0.0000000e+00  0.0000000e+00  0.0000000e+00  1.0000000e+00]]
[+0065.28, -0039.52, -1107.81]
796, 1501, 1387
[[-1.7284456e-01  4.5232248e-01 -8.7472224e-01  5.4020000e+01]
 [-1.3773360e-02  8.8708760e-01  4.6135488e-01  1.7181000e+02]
 [ 9.8465472e-01  9.1882560e-02 -1.4707520e-01 -1.1648800e+03]
 [ 0.0000000e+00  0.0000000e+00  0.0000000e+00  1.0000000e+00]]
[+0098.26, -0024.42, -1083.09]
896, 1472, 1813
[[-1.7314170e-01  4.5146052e-01 -8.7507084e-01  5.3910000e+01]
 [-1.4635320e-02  8.8744112e-01  4.6064116e-01  1.7171000e+02]
 [ 9.8455644e-01  9.2670760e-02 -1.4701882e-01 -1.1648800e+03]
 [ 0.0000000e+00  0.0000000e+00  0.0000000e+00  1.0000000e+00]]
[+0063.32, -0037.03, -1105.80]
2152, 1116, 1772
[[-1.7700874e-01  4.5019178e-01 -8.7493102e-01  5.3720000e+01]
 [-1.5935020e-02  8.8778726e-01  4.5992722e-01  1.7158000e+02]
 [ 9.8383078e-01  9.5469020e-02 -1.4994324e-01 -1.1648800e+03]
 [ 0.0000000e+00  0.0000000e+00  0.0000000e+00  1.0000000e+00]]
[+0011.01, +0080.19, -1121.78]
1982, 918, 1685
[[-1.7410786e-01  4.5167348e-01 -8.7478510e-01  5.3920000e+01]
 [-1.4374600e-02  8.8730780e-01  4.6090900e-01  1.7168000e+02]
 [ 9.8440402e-01  9.2923640e-02 -1.4796930e-01 -1.1648600e+03]
 [ 0.0000000e+00  0.0000000e+00  0.0000000e+00  1.0000000e+00]]
[+0003.45, +0077.08, -1124.05]
2152, 1116, 1772
[[-1.7656192e-01  4.5013616e-01 -8.7512480e-01  5.3690000e+01]
 [-1.5640160e-02  8.8787808e-01  4.5977560e-01  1.7157000e+02]
 [ 9.8398240e-01  9.4950800e-02 -1.4970400e-01 -1.1648600e+03]
 [ 0.0000000e+00  0.0000000e+00  0.0000000e+00  1.0000000e+00]]
[+0012.03, +0079.50, -1120.06]
1292, 2064, 1285
[[-1.7395890e-01  4.5116326e-01 -8.7506702e-01  5.3890000e+01]
 [-1.4458940e-02  8.8757436e-01  4.6039094e-01  1.7180000e+02]
 [ 9.8441938e-01  9.2847140e-02 -1.4785170e-01 -1.1649000e+03]
 [ 0.0000000e+00  0.0000000e+00  0.0000000e+00  1.0000000e+00]]
[+0137.02, +0025.03, -1090.75]
2152, 1116, 1772
[[-1.7700816e-01  4.4998180e-01 -8.7494932e-01  5.3670000e+01]
 [-1.5071320e-02  8.8796870e-01  4.5958976e-01  1.7156000e+02]
 [ 9.8376460e-01  9.4690400e-02 -1.5035770e-01 -1.1648500e+03]
 [ 0.0000000e+00  0.0000000e+00  0.0000000e+00  1.0000000e+00]]
[+0010.55, +0079.68, -1122.15]
1974, 1124, 2101
[[-1.7633842e-01  4.4964976e-01 -8.7539842e-01  5.3680000e+01]
 [-1.5451360e-02  8.8815996e-01  4.5923344e-01  1.7153000e+02]
 [ 9.8400638e-01  9.4600160e-02 -1.4964562e-01 -1.1648100e+03]
 [ 0.0000000e+00  0.0000000e+00  0.0000000e+00  1.0000000e+00]]
[+0000.84, +0044.64, -1128.47]
2152, 1116, 1772
[[-1.7566930e-01  4.5060662e-01 -8.7508436e-01  5.3770000e+01]
 [-1.5393380e-02  8.8770270e-01  4.6012636e-01  1.7163000e+02]
 [ 9.8416564e-01  9.4376360e-02 -1.4898676e-01 -1.1648700e+03]
 [ 0.0000000e+00  0.0000000e+00  0.0000000e+00  1.0000000e+00]]
[+0012.36, +0082.00, -1121.31]
1729, 2152, 1462
[[-1.7514834e-01  4.5057424e-01 -8.7527014e-01  5.3790000e+01]
 [-1.4824640e-02  8.8780908e-01  4.5995152e-01  1.7172000e+02]
 [ 9.8432474e-01  9.3584320e-02 -1.4880642e-01 -1.1648900e+03]
 [ 0.0000000e+00  0.0000000e+00  0.0000000e+00  1.0000000e+00]]
[+0121.07, +0045.76, -1087.83]
1080, 1166, 1299
[[-1.7277108e-01  4.5240866e-01 -8.7473166e-01  5.4010000e+01]
 [-1.4512740e-02  8.8698198e-01  4.6154242e-01  1.7177000e+02]
 [ 9.8469206e-01  9.2511780e-02 -1.4666010e-01 -1.1649000e+03]
 [ 0.0000000e+00  0.0000000e+00  0.0000000e+00  1.0000000e+00]]
[+0055.84, +0016.01, -1060.29]
1729, 2152, 1462
[[-1.7604084e-01  4.5010414e-01 -8.7531058e-01  5.3710000e+01]
 [-1.5071420e-02  8.8798470e-01  4.5960034e-01  1.7172000e+02]
 [ 9.8414186e-01  9.4158820e-02 -1.4952330e-01 -1.1649100e+03]
 [ 0.0000000e+00  0.0000000e+00  0.0000000e+00  1.0000000e+00]]
[+0118.95, +0049.86, -1087.18]
1920, 1999, 1619
[[-1.7522280e-01  4.5040184e-01 -8.7531532e-01  5.3750000e+01]
 [-1.5247120e-02  8.8785174e-01  4.5985016e-01  1.7168000e+02]
 [ 9.8427956e-01  9.3983120e-02 -1.4868930e-01 -1.1649400e+03]
 [ 0.0000000e+00  0.0000000e+00  0.0000000e+00  1.0000000e+00]]
[+0085.95, +0058.99, -1081.59]
1729, 2152, 1462
[[-1.7514834e-01  4.5053702e-01 -8.7512142e-01  5.3780000e+01]
 [-1.4787420e-02  8.8780908e-01  4.5992222e-01  1.7175000e+02]
 [ 9.8417602e-01  9.3613620e-02 -1.4880642e-01 -1.1648800e+03]
 [ 0.0000000e+00  0.0000000e+00  0.0000000e+00  1.0000000e+00]]
[+0120.14, +0049.97, -1087.69]
1847, 2105, 1272
[[-1.7522280e-01  4.5051332e-01 -8.7512936e-01  5.3770000e+01]
 [-1.5061160e-02  8.8779320e-01  4.5994592e-01  1.7173000e+02]
 [ 9.8416808e-01  9.3887360e-02 -1.4874784e-01 -1.1649200e+03]
 [ 0.0000000e+00  0.0000000e+00  0.0000000e+00  1.0000000e+00]]
[+0120.03, +0072.63, -1091.95]
1729, 2152, 1462
[[-1.7455354e-01  4.5044140e-01 -8.7535464e-01  5.3780000e+01]
 [-1.5106360e-02  8.8786766e-01  4.5981060e-01  1.7173000e+02]
 [ 9.8433480e-01  9.3576360e-02 -1.4815304e-01 -1.1649100e+03]
 [ 0.0000000e+00  0.0000000e+00  0.0000000e+00  1.0000000e+00]]
[+0119.60, +0047.43, -1087.52]
1823, 1952, 1859
[[-1.7552026e-01  4.5009638e-01 -8.7536610e-01  5.3710000e+01]
 [-1.5478100e-02  8.8796870e-01  4.5960810e-01  1.7165000e+02]
 [ 9.8418138e-01  9.4299660e-02 -1.4886980e-01 -1.1648900e+03]
 [ 0.0000000e+00  0.0000000e+00  0.0000000e+00  1.0000000e+00]]
[+0067.64, +0034.34, -1082.32]
2209, 2008, 1377
[[-1.7671056e-01  4.4985428e-01 -8.7528956e-01  5.3670000e+01]
 [-1.4348440e-02  8.8814934e-01  4.5930268e-01  1.7170000e+02]
 [ 9.8401972e-01  9.3786760e-02 -1.5047466e-01 -1.1648900e+03]
 [ 0.0000000e+00  0.0000000e+00  0.0000000e+00  1.0000000e+00]]
[+0095.97, +0089.62, -1097.32]
1823, 1952, 1859
[[-1.7485092e-01  4.5069364e-01 -8.7510788e-01  5.3800000e+01]
 [-1.4705240e-02  8.8775046e-01  4.6003934e-01  1.7168000e+02]
 [ 9.8423692e-01  9.3422060e-02 -1.4856762e-01 -1.1649000e+03]
 [ 0.0000000e+00  0.0000000e+00  0.0000000e+00  1.0000000e+00]]
[+0071.41, +0028.53, -1082.24]
2104, 1772, 2063
[[-1.7618962e-01  4.4973462e-01 -8.7553122e-01  5.3670000e+01]
 [-1.4941020e-02  8.8819196e-01  4.5921498e-01  1.7158000e+02]
 [ 9.8417118e-01  9.4023420e-02 -1.4976242e-01 -1.1648600e+03]
 [ 0.0000000e+00  0.0000000e+00  0.0000000e+00  1.0000000e+00]]
[+0036.89, +0047.15, -1096.75]
1823, 1952, 1859
[[-1.7507392e-01  4.5059792e-01 -8.7526224e-01  5.3780000e+01]
 [-1.4550880e-02  8.8782488e-01  4.5992784e-01  1.7174000e+02]
 [ 9.8433264e-01  9.3310560e-02 -1.4886504e-01 -1.1648900e+03]
 [ 0.0000000e+00  0.0000000e+00  0.0000000e+00  1.0000000e+00]]
[+0076.81, +0030.84, -1081.51]
1604, 1325, 1609
[[-1.7388448e-01  4.5148408e-01 -8.7498480e-01  5.3890000e+01]
 [-1.3887920e-02  8.8747232e-01  4.6061760e-01  1.7172000e+02]
 [ 9.8450160e-01  9.2323200e-02 -1.4802816e-01 -1.1648500e+03]
 [ 0.0000000e+00  0.0000000e+00  0.0000000e+00  1.0000000e+00]]
[+0037.44, +0043.22, -1076.77]
1823, 1952, 1859
[[-1.7574330e-01  4.4981460e-01 -8.7540880e-01  5.3720000e+01]
 [-1.5435400e-02  8.8810158e-01  4.5934236e-01  1.7165000e+02]
 [ 9.8409120e-01  9.4342360e-02 -1.4910888e-01 -1.1648600e+03]
 [ 0.0000000e+00  0.0000000e+00  0.0000000e+00  1.0000000e+00]]
[+0072.47, +0033.71, -1081.63]
2132, 1077, 1890
[[-1.7708266e-01  4.4954858e-01 -8.7521798e-01  5.3680000e+01]
 [-1.5828820e-02  8.8812764e-01  4.5926822e-01  1.7152000e+02]
 [ 9.8379362e-01  9.5309620e-02 -1.5012426e-01 -1.1648300e+03]
 [ 0.0000000e+00  0.0000000e+00  0.0000000e+00  1.0000000e+00]]
[+0005.54, +0070.84, -1126.65]
1952, 934, 1824
[[-1.7477704e-01  4.5144820e-01 -8.7463436e-01  5.3910000e+01]
 [-1.4626360e-02  8.8735086e-01  4.6079390e-01  1.7169000e+02]
 [ 9.8416300e-01  9.3485140e-02 -1.4844634e-01 -1.1648400e+03]
 [ 0.0000000e+00  0.0000000e+00  0.0000000e+00  1.0000000e+00]]
[-0000.67, +0064.67, -1126.97]
2132, 1077, 1890
[[-1.7738036e-01  4.4968932e-01 -8.7515676e-01  5.3660000e+01]
 [-1.5613560e-02  8.8806934e-01  4.5940122e-01  1.7154000e+02]
 [ 9.8380692e-01  9.5251140e-02 -1.5048026e-01 -1.1648500e+03]
 [ 0.0000000e+00  0.0000000e+00  0.0000000e+00  1.0000000e+00]]
[+0006.27, +0070.61, -1125.47]
2024, 1612, 1015
[[-1.7447970e-01  4.5134472e-01 -8.7484394e-01  5.3880000e+01]
 [-1.4878960e-02  8.8740960e-01  4.6069032e-01  1.7174000e+02]
 [ 9.8429802e-01  9.3514160e-02 -1.4809026e-01 -1.1648900e+03]
 [ 0.0000000e+00  0.0000000e+00  0.0000000e+00  1.0000000e+00]]
[+0092.81, +0110.15, -1101.44]
2132, 1077, 1890
[[-1.7738036e-01  4.4957772e-01 -8.7534288e-01  5.3650000e+01]
 [-1.5799680e-02  8.8812764e-01  4.5930548e-01  1.7152000e+02]
 [ 9.8391852e-01  9.5346880e-02 -1.5042196e-01 -1.1648400e+03]
 [ 0.0000000e+00  0.0000000e+00  0.0000000e+00  1.0000000e+00]]
[+0005.34, +0070.68, -1126.90]
1755, 1431, 2153
[[-1.7552026e-01  4.5009638e-01 -8.7536610e-01  5.3750000e+01]
 [-1.5478100e-02  8.8796870e-01  4.5960810e-01  1.7158000e+02]
 [ 9.8418138e-01  9.4299660e-02 -1.4886980e-01 -1.1648300e+03]
 [ 0.0000000e+00  0.0000000e+00  0.0000000e+00  1.0000000e+00]]
[+0018.40, +0015.25, -1109.31]
2132, 1077, 1890
[[-1.7633892e-01  4.5012042e-01 -8.7515674e-01  5.3730000e+01]
 [-1.5980380e-02  8.8786188e-01  4.5979134e-01  1.7157000e+02]
 [ 9.8399814e-01  9.5158060e-02 -1.4934804e-01 -1.1648900e+03]
 [ 0.0000000e+00  0.0000000e+00  0.0000000e+00  1.0000000e+00]]
[+0006.22, +0073.10, -1126.56]
1001, 1022, 1068
[[-1.7321746e-01  4.5276238e-01 -8.7446342e-01  5.4080000e+01]
 [-1.4510380e-02  8.8677372e-01  4.6194302e-01  1.7177000e+02]
 [ 9.8461642e-01  9.2780020e-02 -1.4701618e-01 -1.1648800e+03]
 [ 0.0000000e+00  0.0000000e+00  0.0000000e+00  1.0000000e+00]]
[+0058.87, +0030.05, -1051.18]
958, 1206, 1086
[[-1.7336532e-01  4.5235572e-01 -8.7453628e-01  5.4040000e+01]
 [-1.4341880e-02  8.8698198e-01  4.6152858e-01  1.7176000e+02]
 [ 9.8449668e-01  9.2674820e-02 -1.4725434e-01 -1.1649100e+03]
 [ 0.0000000e+00  0.0000000e+00  0.0000000e+00  1.0000000e+00]]
[+0082.30, +0018.24, -1053.48]
1001, 1022, 1068
[[-1.7358792e-01  4.5252000e-01 -8.7446772e-01  5.4040000e+01]
 [-1.3852800e-02  8.8693856e-01  4.6163800e-01  1.7174000e+02]
 [ 9.8451828e-01  9.2342800e-02 -1.4766952e-01 -1.1648700e+03]
 [ 0.0000000e+00  0.0000000e+00  0.0000000e+00  1.0000000e+00]]
[+0058.57, +0030.19, -1051.14]
1819, 1146, 1690
[[-1.7566930e-01  4.5075536e-01 -8.7504708e-01  5.3800000e+01]
 [-1.5244640e-02  8.8764416e-01  4.6025136e-01  1.7163000e+02]
 [ 9.8420292e-01  9.4251360e-02 -1.4904530e-01 -1.1648800e+03]
 [ 0.0000000e+00  0.0000000e+00  0.0000000e+00  1.0000000e+00]]
[+0012.26, +0062.10, -1099.81]
1001, 1022, 1068
[[-1.7299506e-01  4.5274684e-01 -8.7449468e-01  5.4090000e+01]
 [-1.4850920e-02  8.8675800e-01  4.6195856e-01  1.7180000e+02]
 [ 9.8463196e-01  9.2986880e-02 -1.4666010e-01 -1.1648500e+03]
 [ 0.0000000e+00  0.0000000e+00  0.0000000e+00  1.0000000e+00]]
[+0059.30, +0029.92, -1051.06]
1116, 1064, 907
[[-1.7336532e-01  4.5265288e-01 -8.7446168e-01  5.4030000e+01]
 [-1.4044720e-02  8.8686398e-01  4.6177882e-01  1.7178000e+02]
 [ 9.8457128e-01  9.2424580e-02 -1.4737234e-01 -1.1648700e+03]
 [ 0.0000000e+00  0.0000000e+00  0.0000000e+00  1.0000000e+00]]
[+0073.89, +0057.97, -1049.95]
1001, 1022, 1068
[[-1.7336532e-01  4.5250430e-01 -8.7449898e-01  5.4040000e+01]
 [-1.4193300e-02  8.8692300e-01  4.6165370e-01  1.7176000e+02]
 [ 9.8453398e-01  9.2549700e-02 -1.4731332e-01 -1.1648800e+03]
 [ 0.0000000e+00  0.0000000e+00  0.0000000e+00  1.0000000e+00]]
[+0057.65, +0028.08, -1051.49]
2017, 2220, 1631
[[-1.7626434e-01  4.4935178e-01 -8.7559504e-01  5.3630000e+01]
 [-1.4499740e-02  8.8841486e-01  4.5877648e-01  1.7169000e+02]
 [ 9.8405968e-01  9.3643360e-02 -1.5006004e-01 -1.1649000e+03]
 [ 0.0000000e+00  0.0000000e+00  0.0000000e+00  1.0000000e+00]]
[+0103.83, +0058.57, -1089.47]
1035, 1592, 2145
[[-1.7351284e-01  4.5069798e-01 -8.7552090e-01  5.3830000e+01]
 [-1.4646900e-02  8.8784060e-01  4.5989430e-01  1.7162000e+02]
 [ 9.8460702e-01  9.2674860e-02 -1.4743700e-01 -1.1648800e+03]
 [ 0.0000000e+00  0.0000000e+00  0.0000000e+00  1.0000000e+00]]
[+0053.86, -0038.11, -1127.23]
2017, 2220, 1631
[[-1.7566914e-01  4.4966514e-01 -8.7556844e-01  5.3650000e+01]
 [-1.4334860e-02  8.8829790e-01  4.5901068e-01  1.7172000e+02]
 [ 9.8418156e-01  9.3260680e-02 -1.4958180e-01 -1.1649100e+03]
 [ 0.0000000e+00  0.0000000e+00  0.0000000e+00  1.0000000e+00]]
[+0105.70, +0060.90, -1090.18]
2097, 2199, 1758
[[-1.7626400e-01  4.4956200e-01 -8.7557640e-01  5.3630000e+01]
 [-1.5363600e-02  8.8823438e-01  4.5911382e-01  1.7166000e+02]
 [ 9.8412600e-01  9.4422180e-02 -1.4964562e-01 -1.1649200e+03]
 [ 0.0000000e+00  0.0000000e+00  0.0000000e+00  1.0000000e+00]]
[+0091.86, +0058.24, -1088.99]
2017, 2220, 1631
[[-1.7596642e-01  4.4997916e-01 -8.7533982e-01  5.3690000e+01]
 [-1.4946440e-02  8.8805912e-01  4.5945156e-01  1.7173000e+02]
 [ 9.8411262e-01  9.4010040e-02 -1.4952330e-01 -1.1649300e+03]
 [ 0.0000000e+00  0.0000000e+00  0.0000000e+00  1.0000000e+00]]
[+0106.50, +0060.39, -1090.28]
2241, 1682, 1403
[[-1.7626400e-01  4.5064080e-01 -8.7483240e-01  5.3750000e+01]
 [-1.4061600e-02  8.8776622e-01  4.6002564e-01  1.7169000e+02]
 [ 9.8397720e-01  9.3510360e-02 -1.5011378e-01 -1.1648900e+03]
 [ 0.0000000e+00  0.0000000e+00  0.0000000e+00  1.0000000e+00]]
[+0068.39, +0101.81, -1101.69]
2017, 2220, 1631
[[-1.7514834e-01  4.5072296e-01 -8.7523292e-01  5.3840000e+01]
 [-1.4675920e-02  8.8775046e-01  4.6007656e-01  1.7169000e+02]
 [ 9.8436196e-01  9.3459280e-02 -1.4886504e-01 -1.1648900e+03]
 [ 0.0000000e+00  0.0000000e+00  0.0000000e+00  1.0000000e+00]]
[+0106.53, +0055.32, -1089.93]
2029, 1561, 2048
[[-1.7507442e-01  4.5106876e-01 -8.7501992e-01  5.3860000e+01]
 [-1.5080360e-02  8.8752696e-01  4.6048544e-01  1.7157000e+02]
 [ 9.8432488e-01  9.3868160e-02 -1.4856762e-01 -1.1648500e+03]
 [ 0.0000000e+00  0.0000000e+00  0.0000000e+00  1.0000000e+00]]
[+0024.80, +0040.91, -1101.75]
1685, 1791, 2047
[[-1.7425620e-01  4.5130408e-01 -8.7500624e-01  5.3900000e+01]
 [-1.4243680e-02  8.8751558e-01  4.6052386e-01  1.7162000e+02]
 [ 9.8443304e-01  9.2788660e-02 -1.4820778e-01 -1.1648600e+03]
 [ 0.0000000e+00  0.0000000e+00  0.0000000e+00  1.0000000e+00]]
[+0052.52, +0006.64, -1091.56]
2029, 1561, 2048
[[-1.7566930e-01  4.5086682e-01 -8.7486106e-01  5.3830000e+01]
 [-1.5058620e-02  8.8758558e-01  4.6034706e-01  1.7156000e+02]
 [ 9.8409146e-01  9.4155660e-02 -1.4910388e-01 -1.1648300e+03]
 [ 0.0000000e+00  0.0000000e+00  0.0000000e+00  1.0000000e+00]]
[+0023.81, +0046.45, -1102.25]
1513, 793, 2040
[[-1.7343994e-01  4.5236958e-01 -8.7469270e-01  5.4040000e+01]
 [-1.4652900e-02  8.8696630e-01  4.6158150e-01  1.7160000e+02]
 [ 9.8463742e-01  9.2919060e-02 -1.4719540e-01 -1.1648700e+03]
 [ 0.0000000e+00  0.0000000e+00  0.0000000e+00  1.0000000e+00]]
[-0010.05, +0022.69, -1140.54]
2029, 1561, 2048
[[-1.7589226e-01  4.5077114e-01 -8.7501534e-01  5.3800000e+01]
 [-1.4904340e-02  8.8766012e-01  4.6023558e-01  1.7155000e+02]
 [ 9.8418714e-01  9.4044180e-02 -1.4940138e-01 -1.1648400e+03]
 [ 0.0000000e+00  0.0000000e+00  0.0000000e+00  1.0000000e+00]]
[+0026.66, +0047.02, -1100.65]
2033, 1566, 1207
[[-1.7492624e-01  4.5154956e-01 -8.7461292e-01  5.3930000e+01]
 [-1.5025080e-02  8.8726040e-01  4.6096624e-01  1.7165000e+02]
 [ 9.8418444e-01  9.3907520e-02 -1.4838760e-01 -1.1649100e+03]
 [ 0.0000000e+00  0.0000000e+00  0.0000000e+00  1.0000000e+00]]
[+0078.47, +0104.61, -1094.82]
2029, 1561, 2048
[[-1.7566930e-01  4.5056934e-01 -8.7493562e-01  5.3830000e+01]
 [-1.5356100e-02  8.8770270e-01  4.6009710e-01  1.7153000e+02]
 [ 9.8401690e-01  9.4405620e-02 -1.4898676e-01 -1.1648500e+03]
 [ 0.0000000e+00  0.0000000e+00  0.0000000e+00  1.0000000e+00]]
[+0025.61, +0046.57, -1101.30]
1483, 1384, 1032
[[-1.7344168e-01  4.5265472e-01 -8.7433856e-01  5.4090000e+01]
 [-1.5294080e-02  8.8672632e-01  4.6198384e-01  1.7172000e+02]
 [ 9.8444416e-01  9.3630560e-02 -1.4683936e-01 -1.1648900e+03]
 [ 0.0000000e+00  0.0000000e+00  0.0000000e+00  1.0000000e+00]]
[+0085.16, +0074.66, -1064.26]
1854, 1193, 963
[[-1.7433160e-01  4.5253132e-01 -8.7410164e-01  5.4060000e+01]
 [-1.4043320e-02  8.8684838e-01  4.6176674e-01  1.7171000e+02]
 [ 9.8419564e-01  9.2957740e-02 -1.4820498e-01 -1.1648700e+03]
 [ 0.0000000e+00  0.0000000e+00  0.0000000e+00  1.0000000e+00]]
[+0064.89, +0116.65, -1095.70]
1483, 1384, 1032
[[-1.7336532e-01  4.5250430e-01 -8.7449898e-01  5.4050000e+01]
 [-1.4193300e-02  8.8692300e-01  4.6165370e-01  1.7168000e+02]
 [ 9.8453398e-01  9.2549700e-02 -1.4731332e-01 -1.1648500e+03]
 [ 0.0000000e+00  0.0000000e+00  0.0000000e+00  1.0000000e+00]]
[+0085.00, +0075.59, -1064.74]
1404, 1156, 1236
[[-1.7292036e-01  4.5273288e-01 -8.7433828e-01  5.4050000e+01]
 [-1.4539880e-02  8.8677372e-01  4.6190568e-01  1.7169000e+02]
 [ 9.8449128e-01  9.2742680e-02 -1.4671908e-01 -1.1648800e+03]
 [ 0.0000000e+00  0.0000000e+00  0.0000000e+00  1.0000000e+00]]
[+0048.23, +0057.06, -1063.59]
1483, 1384, 1032
[[-1.7366404e-01  4.5255904e-01 -8.7449312e-01  5.4050000e+01]
 [-1.5139520e-02  8.8680110e-01  4.6187266e-01  1.7169000e+02]
 [ 9.8453984e-01  9.3519380e-02 -1.4713650e-01 -1.1648800e+03]
 [ 0.0000000e+00  0.0000000e+00  0.0000000e+00  1.0000000e+00]]
[+0084.66, +0077.03, -1064.99]
1886, 1907, 1768
[[-1.7552104e-01  4.5097608e-01 -8.7486352e-01  5.3850000e+01]
 [-1.5523920e-02  8.8749496e-01  4.6051152e-01  1.7163000e+02]
 [ 9.8413648e-01  9.4511520e-02 -1.4874784e-01 -1.1648900e+03]
 [ 0.0000000e+00  0.0000000e+00  0.0000000e+00  1.0000000e+00]]
[+0072.96, +0046.46, -1080.20]
1483, 1384, 1032
[[-1.7358930e-01  4.5269372e-01 -8.7429926e-01  5.4070000e+01]
 [-1.4679880e-02  8.8675800e-01  4.6194484e-01  1.7173000e+02]
 [ 9.8443654e-01  9.3150040e-02 -1.4725434e-01 -1.1648700e+03]
 [ 0.0000000e+00  0.0000000e+00  0.0000000e+00  1.0000000e+00]]
[+0084.60, +0076.21, -1064.86]
2180, 1541, 767
[[-1.7611600e-01  4.5196400e-01 -8.7440600e-01  5.3900000e+01]
 [-1.4312080e-02  8.8708406e-01  4.6137290e-01  1.7167000e+02]
 [ 9.8420144e-01  9.3799420e-02 -1.4975370e-01 -1.1648900e+03]
 [ 0.0000000e+00  0.0000000e+00  0.0000000e+00  1.0000000e+00]]
[+0098.31, +0124.79, -1125.79]
2038, 2123, 1292
[[-1.7507392e-01  4.5085816e-01 -8.7503912e-01  5.3840000e+01]
 [-1.4216240e-02  8.8770752e-01  4.6014856e-01  1.7172000e+02]
 [ 9.8425832e-01  9.3089840e-02 -1.4898240e-01 -1.1648800e+03]
 [ 0.0000000e+00  0.0000000e+00  0.0000000e+00  1.0000000e+00]]
[+0116.16, +0079.27, -1097.15]
2180, 1541, 767
[[-1.7544642e-01  4.5241240e-01 -8.7418506e-01  5.4010000e+01]
 [-1.3688400e-02  8.8692300e-01  4.6167880e-01  1.7172000e+02]
 [ 9.8422006e-01  9.3046800e-02 -1.4939442e-01 -1.1648500e+03]
 [ 0.0000000e+00  0.0000000e+00  0.0000000e+00  1.0000000e+00]]
[+0097.14, +0125.25, -1126.29]
2241, 1252, 1103
[[-1.7626536e-01  4.5187900e-01 -8.7427312e-01  5.3930000e+01]
 [-1.4822120e-02  8.8705230e-01  4.6139116e-01  1.7166000e+02]
 [ 9.8403680e-01  9.4376200e-02 -1.4963610e-01 -1.1648500e+03]
 [ 0.0000000e+00  0.0000000e+00  0.0000000e+00  1.0000000e+00]]
[+0058.22, +0121.56, -1121.46]
2180, 1541, 767
[[-1.7492624e-01  4.5251568e-01 -8.7405432e-01  5.4000000e+01]
 [-1.3909680e-02  8.8684838e-01  4.6178238e-01  1.7175000e+02]
 [ 9.8414832e-01  9.3091380e-02 -1.4879962e-01 -1.1648600e+03]
 [ 0.0000000e+00  0.0000000e+00  0.0000000e+00  1.0000000e+00]]
[+0097.40, +0124.81, -1126.89]
1993, 1498, 764
[[-1.7381364e-01  4.5306902e-01 -8.7421082e-01  5.4120000e+01]
 [-1.5055180e-02  8.8653366e-01  4.6239058e-01  1.7177000e+02]
 [ 9.8452498e-01  9.3595780e-02 -1.4725434e-01 -1.1648800e+03]
 [ 0.0000000e+00  0.0000000e+00  0.0000000e+00  1.0000000e+00]]
[+0099.73, +0119.31, -1111.79]
2180, 1541, 767
[[-1.7641354e-01  4.5191878e-01 -8.7423338e-01  5.3920000e+01]
 [-1.4208020e-02  8.8708406e-01  4.6135138e-01  1.7173000e+02]
 [ 9.8402882e-01  9.3895580e-02 -1.5005124e-01 -1.1648700e+03]
 [ 0.0000000e+00  0.0000000e+00  0.0000000e+00  1.0000000e+00]]
[+0099.26, +0124.68, -1126.68]
1625, 1422, 1787
[[-1.7433160e-01  4.5186276e-01 -8.7458552e-01  5.3960000e+01]
 [-1.4861160e-02  8.8714288e-01  4.6120044e-01  1.7165000e+02]
 [ 9.8430632e-01  9.3524040e-02 -1.4791048e-01 -1.1648600e+03]
 [ 0.0000000e+00  0.0000000e+00  0.0000000e+00  1.0000000e+00]]
[+0034.65, +0028.17, -1083.61]
1099, 1706, 1625
[[-1.7314280e-01  4.5234012e-01 -8.7456756e-01  5.4050000e+01]
 [-1.4682360e-02  8.8696630e-01  4.6154418e-01  1.7171000e+02]
 [ 9.8451228e-01  9.2881740e-02 -1.4689826e-01 -1.1649000e+03]
 [ 0.0000000e+00  0.0000000e+00  0.0000000e+00  1.0000000e+00]]
[+0089.56, -0011.80, -1082.62]
1625, 1422, 1787
[[-1.7425698e-01  4.5177500e-01 -8.7476356e-01  5.3950000e+01]
 [-1.4773400e-02  8.8721750e-01  4.6108120e-01  1.7163000e+02]
 [ 9.8442556e-01  9.3346000e-02 -1.4791048e-01 -1.1648600e+03]
 [ 0.0000000e+00  0.0000000e+00  0.0000000e+00  1.0000000e+00]]
[+0032.14, +0032.57, -1084.39]
1397, 1183, 2107
[[-1.7403336e-01  4.5154840e-01 -8.7481452e-01  5.3910000e+01]
 [-1.4249520e-02  8.8738230e-01  4.6076036e-01  1.7155000e+02]
 [ 9.8437460e-01  9.2775000e-02 -1.4796930e-01 -1.1648200e+03]
 [ 0.0000000e+00  0.0000000e+00  0.0000000e+00  1.0000000e+00]]
[+0010.17, -0002.96, -1120.64]
1625, 1422, 1787
[[-1.7433160e-01  4.5201140e-01 -8.7454820e-01  5.3980000e+01]
 [-1.4712520e-02  8.8708406e-01  4.6132550e-01  1.7165000e+02]
 [ 9.8434364e-01  9.3398980e-02 -1.4796930e-01 -1.1648800e+03]
 [ 0.0000000e+00  0.0000000e+00  0.0000000e+00  1.0000000e+00]]
[+0035.29, +0034.84, -1082.46]
1585, 1267, 1644
[[-1.7358792e-01  4.5237140e-01 -8.7450500e-01  5.4010000e+01]
 [-1.4001400e-02  8.8699758e-01  4.6151290e-01  1.7167000e+02]
 [ 9.8448100e-01  9.2467900e-02 -1.4761050e-01 -1.1648500e+03]
 [ 0.0000000e+00  0.0000000e+00  0.0000000e+00  1.0000000e+00]]
[+0029.96, +0043.21, -1080.24]
1625, 1422, 1787
[[-1.7403336e-01  4.5184568e-01 -8.7474004e-01  5.3940000e+01]
 [-1.3952240e-02  8.8726454e-01  4.6101052e-01  1.7161000e+02]
 [ 9.8444908e-01  9.2524840e-02 -1.4808706e-01 -1.1648700e+03]
 [ 0.0000000e+00  0.0000000e+00  0.0000000e+00  1.0000000e+00]]
[+0033.36, +0031.86, -1083.85]
1171, 909, 1402
[[-1.7292036e-01  4.5321584e-01 -8.7437480e-01  5.4140000e+01]
 [-1.4131600e-02  8.8659654e-01  4.6231066e-01  1.7171000e+02]
 [ 9.8475184e-01  9.2337700e-02 -1.4689626e-01 -1.1648600e+03]
 [ 0.0000000e+00  0.0000000e+00  0.0000000e+00  1.0000000e+00]]
[+0018.11, +0024.74, -1074.68]
2243, 941, 1088
[[-1.7596786e-01  4.5184962e-01 -8.7414820e-01  5.3950000e+01]
 [-1.4851500e-02  8.8705230e-01  4.6135380e-01  1.7160000e+02]
 [ 9.8391188e-01  9.4338840e-02 -1.4933860e-01 -1.1648400e+03]
 [ 0.0000000e+00  0.0000000e+00  0.0000000e+00  1.0000000e+00]]
[+0038.77, +0122.94, -1136.53]
1171, 909, 1402
[[-1.7314458e-01  4.5310830e-01 -8.7424978e-01  5.4110000e+01]
 [-1.4915300e-02  8.8654950e-01  4.6235130e-01  1.7174000e+02]
 [ 9.8457978e-01  9.3188300e-02 -1.4671908e-01 -1.1648600e+03]
 [ 0.0000000e+00  0.0000000e+00  0.0000000e+00  1.0000000e+00]]
[+0018.43, +0024.05, -1074.35]
1274, 1963, 1864
[[-1.7395890e-01  4.5127468e-01 -8.7488116e-01  5.3890000e+01]
 [-1.4273080e-02  8.8751558e-01  4.6048664e-01  1.7167000e+02]
 [ 9.8430796e-01  9.2751440e-02 -1.4791048e-01 -1.1648700e+03]
 [ 0.0000000e+00  0.0000000e+00  0.0000000e+00  1.0000000e+00]]
[+0090.69, -0015.15, -1095.64]
1171, 909, 1402
[[-1.7329216e-01  4.5299872e-01 -8.7424800e-01  5.4150000e+01]
 [-1.4449600e-02  8.8664000e-01  4.6218720e-01  1.7166000e+02]
 [ 9.8453472e-01  9.2832960e-02 -1.4707520e-01 -1.1648600e+03]
 [ 0.0000000e+00  0.0000000e+00  0.0000000e+00  1.0000000e+00]]
[+0017.91, +0024.72, -1074.84]
1005, 1161, 861
[[-1.725505e-01  4.538292e-01 -8.739610e-01  5.421000e+01]
 [-1.426920e-02  8.862540e-01  4.629318e-01  1.717700e+02]
 [ 9.846650e-01  9.245820e-02 -1.464205e-01 -1.164870e+03]
 [ 0.000000e+00  0.000000e+00  0.000000e+00  1.000000e+00]]
[+0092.60, +0045.53, -1049.04]
1171, 909, 1402
[[-1.7277274e-01  4.5284252e-01 -8.7434004e-01  5.4090000e+01]
 [-1.5005560e-02  8.8668326e-01  4.6206972e-01  1.7168000e+02]
 [ 9.8453628e-01  9.3098040e-02 -1.4636304e-01 -1.1648900e+03]
 [ 0.0000000e+00  0.0000000e+00  0.0000000e+00  1.0000000e+00]]
[+0017.61, +0024.77, -1074.73]
911, 779, 1225
[[-1.7143764e-01  4.5413406e-01 -8.7398702e-01  5.4270000e+01]
 [-1.4514020e-02  8.8611996e-01  4.6317426e-01  1.7180000e+02]
 [ 9.8482506e-01  9.2213380e-02 -1.4529204e-01 -1.1648600e+03]
 [ 0.0000000e+00  0.0000000e+00  0.0000000e+00  1.0000000e+00]]
[+0022.83, +0011.49, -1066.29]
851, 859, 1381
[[-1.7165770e-01  4.5327018e-01 -8.7446024e-01  5.4200000e+01]
 [-1.4125500e-02  8.8661206e-01  4.6225632e-01  1.7168000e+02]
 [ 9.8485280e-01  9.1796400e-02 -1.4576740e-01 -1.1648800e+03]
 [ 0.0000000e+00  0.0000000e+00  0.0000000e+00  1.0000000e+00]]
[+0026.94, -0009.95, -1076.22]
911, 779, 1225
[[-1.7136080e-01  4.5383436e-01 -8.7418572e-01  5.4200000e+01]
 [-1.3561320e-02  8.8637510e-01  4.6271996e-01  1.7170000e+02]
 [ 9.8487684e-01  9.1258120e-02 -1.4570746e-01 -1.1648700e+03]
 [ 0.0000000e+00  0.0000000e+00  0.0000000e+00  1.0000000e+00]]
[+0021.97, +0013.71, -1066.37]
754, 916, 1094
[[-1.7210400e-01  4.5388360e-01 -8.7396880e-01  5.4230000e+01]
 [-1.3788880e-02  8.8628504e-01  4.6287740e-01  1.7175000e+02]
 [ 9.8470384e-01  9.1843880e-02 -1.4624200e-01 -1.1648400e+03]
 [ 0.0000000e+00  0.0000000e+00  0.0000000e+00  1.0000000e+00]]
[+0055.79, -0000.72, -1055.16]
911, 779, 1225
[[-1.7188002e-01  4.5339688e-01 -8.7424350e-01  5.4200000e+01]
 [-1.3599120e-02  8.8656828e-01  4.6233640e-01  1.7168000e+02]
 [ 9.8472610e-01  9.1494000e-02 -1.4618274e-01 -1.1648500e+03]
 [ 0.0000000e+00  0.0000000e+00  0.0000000e+00  1.0000000e+00]]
[+0020.41, +0012.49, -1066.89]
1574, 1448, 1130
[[-1.7373712e-01  4.5247300e-01 -8.7448332e-01  5.4030000e+01]
 [-1.4400200e-02  8.8690736e-01  4.6168500e-01  1.7170000e+02]
 [ 9.8450268e-01  9.2890200e-02 -1.4755152e-01 -1.1648800e+03]
 [ 0.0000000e+00  0.0000000e+00  0.0000000e+00  1.0000000e+00]]
[+0081.27, +0076.62, -1067.90]
911, 779, 1225
[[-1.7188180e-01  4.5360852e-01 -8.7422304e-01  5.4220000e+01]
 [-1.4463840e-02  8.8638796e-01  4.6267212e-01  1.7171000e+02]
 [ 9.8479308e-01  9.2271360e-02 -1.4576740e-01 -1.1648800e+03]
 [ 0.0000000e+00  0.0000000e+00  0.0000000e+00  1.0000000e+00]]
[+0021.34, +0010.79, -1066.66]
1698, 1289, 811
[[-1.7396122e-01  4.5295952e-01 -8.7420890e-01  5.4080000e+01]
 [-1.4589520e-02  8.8662428e-01  4.6222640e-01  1.7172000e+02]
 [ 9.8447990e-01  9.3240400e-02 -1.4761050e-01 -1.1648800e+03]
 [ 0.0000000e+00  0.0000000e+00  0.0000000e+00  1.0000000e+00]]
[+0088.13, +0113.89, -1087.59]
839, 2086, 1038
[[-1.7254746e-01  4.5262728e-01 -8.7467114e-01  5.4090000e+01]
 [-1.3543040e-02  8.8696944e-01  4.6159752e-01  1.7179000e+02]
 [ 9.8475258e-01  9.1565440e-02 -1.4689626e-01 -1.1648800e+03]
 [ 0.0000000e+00  0.0000000e+00  0.0000000e+00  1.0000000e+00]]
[+0160.40, +0007.28, -1117.26]
1698, 1289, 811
[[-1.7381178e-01  4.5300656e-01 -8.7419322e-01  5.4080000e+01]
 [-1.4042160e-02  8.8665564e-01  4.6217936e-01  1.7173000e+02]
 [ 9.8449558e-01  9.2693040e-02 -1.4772858e-01 -1.1648700e+03]
 [ 0.0000000e+00  0.0000000e+00  0.0000000e+00  1.0000000e+00]]
[+0087.22, +0114.03, -1087.68]
2026, 1406, 1634
[[-1.7499988e-01  4.5150126e-01 -8.7475150e-01  5.3870000e+01]
 [-1.4323260e-02  8.8736662e-01  4.6080750e-01  1.7160000e+02]
 [ 9.8429590e-01  9.3248700e-02 -1.4880250e-01 -1.1648400e+03]
 [ 0.0000000e+00  0.0000000e+00  0.0000000e+00  1.0000000e+00]]
[+0034.10, +0079.26, -1095.00]
1698, 1289, 811
[[-1.7344168e-01  4.5306300e-01 -8.7407780e-01  5.4120000e+01]
 [-1.4811000e-02  8.8654950e-01  4.6232970e-01  1.7173000e+02]
 [ 9.8440780e-01  9.3284700e-02 -1.4701618e-01 -1.1648700e+03]
 [ 0.0000000e+00  0.0000000e+00  0.0000000e+00  1.0000000e+00]]
[+0087.37, +0109.87, -1085.72]
1424, 949, 968
[[-1.7329216e-01  4.5299872e-01 -8.7424800e-01  5.4110000e+01]
 [-1.4449600e-02  8.8664000e-01  4.6218720e-01  1.7170000e+02]
 [ 9.8453472e-01  9.2832960e-02 -1.4707520e-01 -1.1648600e+03]
 [ 0.0000000e+00  0.0000000e+00  0.0000000e+00  1.0000000e+00]]
[+0044.39, +0085.52, -1067.80]
1698, 1289, 811
[[-1.7425698e-01  4.5303816e-01 -8.7413058e-01  5.4070000e+01]
 [-1.3361040e-02  8.8668668e-01  4.6214776e-01  1.7173000e+02]
 [ 9.8446398e-01  9.2279440e-02 -1.4844130e-01 -1.1648500e+03]
 [ 0.0000000e+00  0.0000000e+00  0.0000000e+00  1.0000000e+00]]
[+0087.78, +0113.78, -1087.71]
1251, 1623, 1055
[[-1.7336532e-01  4.5254160e-01 -8.7464756e-01  5.4060000e+01]
 [-1.4230600e-02  8.8692300e-01  4.6168320e-01  1.7172000e+02]
 [ 9.8468256e-01  9.2520200e-02 -1.4731332e-01 -1.1648500e+03]
 [ 0.0000000e+00  0.0000000e+00  0.0000000e+00  1.0000000e+00]]
[+0112.89, +0044.69, -1065.39]
1729, 2133, 975
[[-1.7470250e-01  4.5147186e-01 -8.7462648e-01  5.3900000e+01]
 [-1.4352660e-02  8.8736662e-01  4.6077024e-01  1.7174000e+02]
 [ 9.8417088e-01  9.3211440e-02 -1.4850512e-01 -1.1648800e+03]
 [ 0.0000000e+00  0.0000000e+00  0.0000000e+00  1.0000000e+00]]
[+0140.32, +0076.22, -1106.00]
1251, 1623, 1055
[[-1.7299360e-01  4.5242424e-01 -8.7470048e-01  5.4080000e+01]
 [-1.4172240e-02  8.8699758e-01  4.6152684e-01  1.7169000e+02]
 [ 9.8467648e-01  9.2304840e-02 -1.4701618e-01 -1.1648700e+03]
 [ 0.0000000e+00  0.0000000e+00  0.0000000e+00  1.0000000e+00]]
[+0111.76, +0044.58, -1065.15]
1578, 1336, 1194
[[-1.7351338e-01  4.5269210e-01 -8.7442272e-01  5.4030000e+01]
 [-1.3430500e-02  8.8689494e-01  4.6173960e-01  1.7172000e+02]
 [ 9.8456328e-01  9.1944000e-02 -1.4778768e-01 -1.1648500e+03]
 [ 0.0000000e+00  0.0000000e+00  0.0000000e+00  1.0000000e+00]]
[+0064.40, +0074.39, -1067.83]
1251, 1623, 1055
[[-1.7321746e-01  4.5261382e-01 -8.7450076e-01  5.4030000e+01]
 [-1.4658940e-02  8.8683270e-01  4.6181788e-01  1.7170000e+02]
 [ 9.8457908e-01  9.2905160e-02 -1.4695720e-01 -1.1648900e+03]
 [ 0.0000000e+00  0.0000000e+00  0.0000000e+00  1.0000000e+00]]
[+0114.14, +0045.13, -1065.80]
1190, 1738, 1435
[[-1.7336532e-01  4.5239302e-01 -8.7468486e-01  5.4130000e+01]
 [-1.4379180e-02  8.8698198e-01  4.6155806e-01  1.7173000e+02]
 [ 9.8464526e-01  9.2645340e-02 -1.4725434e-01 -1.1647000e+03]
 [ 0.0000000e+00  0.0000000e+00  0.0000000e+00  1.0000000e+00]]
[+0100.72, +0007.73, -1073.32]
1251, 1623, 1055
[[-1.7254864e-01  4.5254168e-01 -8.7472552e-01  5.4120000e+01]
 [-1.4704720e-02  8.8690736e-01  4.6168312e-01  1.7172000e+02]
 [ 9.8474488e-01  9.2593520e-02 -1.4636304e-01 -1.1647000e+03]
 [ 0.0000000e+00  0.0000000e+00  0.0000000e+00  1.0000000e+00]]
[+0112.20, +0046.23, -1065.01]
1263, 1099, 1100
[[-1.7306980e-01  4.5298316e-01 -8.7427928e-01  5.4070000e+01]
 [-1.4790160e-02  8.8662428e-01  4.6220276e-01  1.7176000e+02]
 [ 9.8455028e-01  9.3039760e-02 -1.4671908e-01 -1.1649100e+03]
 [ 0.0000000e+00  0.0000000e+00  0.0000000e+00  1.0000000e+00]]
[+0055.58, +0054.30, -1056.68]
1405, 756, 1086
[[-1.7366404e-01  4.5322718e-01 -8.7400906e-01  5.4100000e+01]
 [-1.4321860e-02  8.8650620e-01  4.6243918e-01  1.7167000e+02]
 [ 9.8442958e-01  9.2952860e-02 -1.4743140e-01 -1.1649000e+03]
 [ 0.0000000e+00  0.0000000e+00  0.0000000e+00  1.0000000e+00]]
[+0016.14, +0080.20, -1079.92]
1263, 1099, 1100
[[-1.7254864e-01  4.5306112e-01 -8.7427920e-01  5.4090000e+01]
 [-1.4036000e-02  8.8667120e-01  4.6212480e-01  1.7170000e+02]
 [ 9.8459712e-01  9.2151840e-02 -1.4659920e-01 -1.1649200e+03]
 [ 0.0000000e+00  0.0000000e+00  0.0000000e+00  1.0000000e+00]]
[+0058.65, +0055.14, -1056.32]
1296, 1081, 1887
[[-1.7373712e-01  4.5176732e-01 -8.7481852e-01  5.3930000e+01]
 [-1.5180520e-02  8.8720166e-01  4.6108888e-01  1.7155000e+02]
 [ 9.8446468e-01  9.3486320e-02 -1.4725722e-01 -1.1649000e+03]
 [ 0.0000000e+00  0.0000000e+00  0.0000000e+00  1.0000000e+00]]
[+0010.27, +0000.68, -1106.15]
1263, 1099, 1100
[[-1.7329216e-01  4.5299872e-01 -8.7424800e-01  5.4070000e+01]
 [-1.4449600e-02  8.8664000e-01  4.6218720e-01  1.7170000e+02]
 [ 9.8453472e-01  9.2832960e-02 -1.4707520e-01 -1.1648800e+03]
 [ 0.0000000e+00  0.0000000e+00  0.0000000e+00  1.0000000e+00]]
[+0055.51, +0055.46, -1056.87]
828, 917, 1114
[[-1.7217874e-01  4.5386030e-01 -8.7397654e-01  5.4210000e+01]
 [-1.4062540e-02  8.8626956e-01  4.6290070e-01  1.7176000e+02]
 [ 9.8469610e-01  9.2117540e-02 -1.4618274e-01 -1.1648700e+03]
 [ 0.0000000e+00  0.0000000e+00  0.0000000e+00  1.0000000e+00]]
[+0050.26, +0007.74, -1054.33]
1263, 1099, 1100
[[-1.7343994e-01  4.5292658e-01 -8.7439484e-01  5.4080000e+01]
 [-1.4021260e-02  8.8673030e-01  4.6205252e-01  1.7168000e+02]
 [ 9.8463812e-01  9.2448040e-02 -1.4743140e-01 -1.1648800e+03]
 [ 0.0000000e+00  0.0000000e+00  0.0000000e+00  1.0000000e+00]]
[+0057.40, +0055.50, -1056.54]
1329, 2033, 1219
[[-1.7388514e-01  4.5180642e-01 -8.7477922e-01  5.3950000e+01]
 [-1.4566380e-02  8.8723326e-01  4.6104978e-01  1.7172000e+02]
 [ 9.8445698e-01  9.3005580e-02 -1.4767204e-01 -1.1648700e+03]
 [ 0.0000000e+00  0.0000000e+00  0.0000000e+00  1.0000000e+00]]
[+0136.81, +0034.20, -1088.27]
1554, 1889, 1221
[[-1.7403336e-01  4.5180844e-01 -8.7459140e-01  5.3960000e+01]
 [-1.3915000e-02  8.8726454e-01  4.6098106e-01  1.7166000e+02]
 [ 9.8430044e-01  9.2554300e-02 -1.4808706e-01 -1.1648800e+03]
 [ 0.0000000e+00  0.0000000e+00  0.0000000e+00  1.0000000e+00]]
[+0113.18, +0058.63, -1076.97]
1329, 2033, 1219
[[-1.7358792e-01  4.5196288e-01 -8.7476544e-01  5.4000000e+01]
 [-1.4484480e-02  8.8717440e-01  4.6116704e-01  1.7170000e+02]
 [ 9.8451776e-01  9.2813760e-02 -1.4743368e-01 -1.1648800e+03]
 [ 0.0000000e+00  0.0000000e+00  0.0000000e+00  1.0000000e+00]]
[+0137.20, +0033.74, -1088.50]
1281, 1968, 1729
[[-1.7447970e-01  4.5149338e-01 -8.7480666e-01  5.3930000e+01]
 [-1.4730300e-02  8.8735086e-01  4.6081538e-01  1.7165000e+02]
 [ 9.8433530e-01  9.3389100e-02 -1.4814900e-01 -1.1648700e+03]
 [ 0.0000000e+00  0.0000000e+00  0.0000000e+00  1.0000000e+00]]
[+0097.46, -0007.57, -1089.51]
1329, 2033, 1219
[[-1.7343994e-01  4.5233226e-01 -8.7454412e-01  5.4010000e+01]
 [-1.4615580e-02  8.8696630e-01  4.6155204e-01  1.7180000e+02]
 [ 9.8448884e-01  9.2948520e-02 -1.4719540e-01 -1.1649000e+03]
 [ 0.0000000e+00  0.0000000e+00  0.0000000e+00  1.0000000e+00]]
[+0136.91, +0033.32, -1088.35]
1082, 1643, 1146
[[-1.7306818e-01  4.5295778e-01 -8.7441052e-01  5.4080000e+01]
 [-1.3814420e-02  8.8674582e-01  4.6202132e-01  1.7175000e+02]
 [ 9.8466932e-01  9.2107480e-02 -1.4719336e-01 -1.1648700e+03]
 [ 0.0000000e+00  0.0000000e+00  0.0000000e+00  1.0000000e+00]]
[+0114.53, +0020.01, -1067.72]
1329, 2033, 1219
[[-1.7373610e-01  4.5185346e-01 -8.7476358e-01  5.3940000e+01]
 [-1.4018940e-02  8.8726454e-01  4.6100274e-01  1.7171000e+02]
 [ 9.8447262e-01  9.2458140e-02 -1.4778980e-01 -1.1649000e+03]
 [ 0.0000000e+00  0.0000000e+00  0.0000000e+00  1.0000000e+00]]
[+0136.79, +0034.58, -1088.27]
1242, 1114, 1172
[[-1.7321746e-01  4.5305950e-01 -8.7438874e-01  5.4100000e+01]
 [-1.4213260e-02  8.8665564e-01  4.6219330e-01  1.7171000e+02]
 [ 9.8469110e-01  9.2529740e-02 -1.4713426e-01 -1.1648900e+03]
 [ 0.0000000e+00  0.0000000e+00  0.0000000e+00  1.0000000e+00]]
[+0052.96, +0046.65, -1057.63]
990, 854, 1327
[[-1.7202930e-01  4.5335032e-01 -8.7425894e-01  5.4150000e+01]
 [-1.4146480e-02  8.8653740e-01  4.6238296e-01  1.7170000e+02]
 [ 9.8471066e-01  9.2041360e-02 -1.4606434e-01 -1.1648800e+03]
 [ 0.0000000e+00  0.0000000e+00  0.0000000e+00  1.0000000e+00]]
[+0021.79, +0010.50, -1070.60]
1242, 1114, 1172
[[-1.7247402e-01  4.5297326e-01 -8.7445728e-01  5.4080000e+01]
 [-1.3948140e-02  8.8674582e-01  4.6200584e-01  1.7169000e+02]
 [ 9.8471608e-01  9.1973760e-02 -1.4659920e-01 -1.1648800e+03]
 [ 0.0000000e+00  0.0000000e+00  0.0000000e+00  1.0000000e+00]]
[+0055.51, +0046.26, -1057.19]
1233, 1196, 1296
[[-1.7329216e-01  4.5273896e-01 -8.7447128e-01  5.4060000e+01]
 [-1.4784080e-02  8.8675800e-01  4.6196644e-01  1.7169000e+02]
 [ 9.8460856e-01  9.3053720e-02 -1.4695720e-01 -1.1649000e+03]
 [ 0.0000000e+00  0.0000000e+00  0.0000000e+00  1.0000000e+00]]
[+0054.81, +0033.49, -1060.21]
1242, 1114, 1172
[[-1.7306980e-01  4.5302054e-01 -8.7442782e-01  5.4110000e+01]
 [-1.4827540e-02  8.8662428e-01  4.6223226e-01  1.7171000e+02]
 [ 9.8469882e-01  9.3010260e-02 -1.4671908e-01 -1.1649200e+03]
 [ 0.0000000e+00  0.0000000e+00  0.0000000e+00  1.0000000e+00]]
[+0052.88, +0046.75, -1057.51]
1002, 1273, 1049
[[-1.7254864e-01  4.5306112e-01 -8.7427920e-01  5.4140000e+01]
 [-1.4036000e-02  8.8667120e-01  4.6212480e-01  1.7172000e+02]
 [ 9.8459712e-01  9.2151840e-02 -1.4659920e-01 -1.1649200e+03]
 [ 0.0000000e+00  0.0000000e+00  0.0000000e+00  1.0000000e+00]]
[+0089.83, +0025.35, -1053.63]
1242, 1114, 1172
[[-1.7321746e-01  4.5291094e-01 -8.7442608e-01  5.4080000e+01]
 [-1.4361820e-02  8.8671470e-01  4.6206816e-01  1.7169000e+02]
 [ 9.8465376e-01  9.2654880e-02 -1.4707520e-01 -1.1649000e+03]
 [ 0.0000000e+00  0.0000000e+00  0.0000000e+00  1.0000000e+00]]
[+0052.59, +0046.24, -1057.56]
1110, 2183, 971
[[-1.7366250e-01  4.5223660e-01 -8.7469870e-01  5.3980000e+01]
 [-1.4461000e-02  8.8704092e-01  4.6144076e-01  1.7178000e+02]
 [ 9.8458450e-01  9.2837240e-02 -1.4749258e-01 -1.1649000e+03]
 [ 0.0000000e+00  0.0000000e+00  0.0000000e+00  1.0000000e+00]]
[+0160.75, +0030.96, -1113.86]
787, 1892, 1739
[[-1.7239944e-01  4.5214276e-01 -8.7482176e-01  5.4040000e+01]
 [-1.4602840e-02  8.8711550e-01  4.6126088e-01  1.7169000e+02]
 [ 9.8464864e-01  9.2421680e-02 -1.4630410e-01 -1.1649200e+03]
 [ 0.0000000e+00  0.0000000e+00  0.0000000e+00  1.0000000e+00]]
[+0105.72, -0039.22, -1120.93]
1110, 2183, 971
[[-1.7358722e-01  4.5204912e-01 -8.7471090e-01  5.3950000e+01]
 [-1.3322880e-02  8.8723648e-01  4.6108080e-01  1.7176000e+02]
 [ 9.8452530e-01  9.1785600e-02 -1.4796674e-01 -1.1648900e+03]
 [ 0.0000000e+00  0.0000000e+00  0.0000000e+00  1.0000000e+00]]
[+0160.57, +0030.78, -1114.37]
817, 2070, 805
[[-1.7158308e-01  4.5370148e-01 -8.7419216e-01  5.4220000e+01]
 [-1.3369120e-02  8.8644972e-01  4.6257916e-01  1.7184000e+02]
 [ 9.8482396e-01  9.1176640e-02 -1.4600436e-01 -1.1649200e+03]
 [ 0.0000000e+00  0.0000000e+00  0.0000000e+00  1.0000000e+00]]
[+0165.18, +0019.86, -1118.04]
1110, 2183, 971
[[-1.7410786e-01  4.5152484e-01 -8.7482236e-01  5.3930000e+01]
 [-1.4523240e-02  8.8736662e-01  4.6078392e-01  1.7175000e+02]
 [ 9.8436676e-01  9.3048720e-02 -1.4791048e-01 -1.1648900e+03]
 [ 0.0000000e+00  0.0000000e+00  0.0000000e+00  1.0000000e+00]]
[+0160.00, +0030.92, -1114.40]
1709, 945, 754
[[-1.7396122e-01  4.5351654e-01 -8.7391078e-01  5.4120000e+01]
 [-1.3957740e-02  8.8638796e-01  4.6269714e-01  1.7171000e+02]
 [ 9.8448082e-01  9.2769660e-02 -1.4784682e-01 -1.1648800e+03]
 [ 0.0000000e+00  0.0000000e+00  0.0000000e+00  1.0000000e+00]]
[+0059.40, +0126.36, -1097.82]
1110, 2183, 971
[[-1.7403336e-01  4.5169704e-01 -8.7477728e-01  5.3960000e+01]
 [-1.4100880e-02  8.8732344e-01  4.6088544e-01  1.7176000e+02]
 [ 9.8441184e-01  9.2649920e-02 -1.4802816e-01 -1.1648800e+03]
 [ 0.0000000e+00  0.0000000e+00  0.0000000e+00  1.0000000e+00]]
[+0160.12, +0031.04, -1113.83]
2194, 1499, 1218
[[-1.7656290e-01  4.5131326e-01 -8.7454748e-01  5.3880000e+01]
 [-1.5387860e-02  8.8728702e-01  4.6092884e-01  1.7165000e+02]
 [ 9.8401228e-01  9.4913240e-02 -1.4969892e-01 -1.1648600e+03]
 [ 0.0000000e+00  0.0000000e+00  0.0000000e+00  1.0000000e+00]]
[+0068.15, +0112.54, -1107.36]
1981, 914, 1214
[[-1.7381178e-01  4.5285796e-01 -8.7423056e-01  5.4060000e+01]
 [-1.4190760e-02  8.8671470e-01  4.6205428e-01  1.7169000e+02]
 [ 9.8445824e-01  9.2818120e-02 -1.4766952e-01 -1.1648700e+03]
 [ 0.0000000e+00  0.0000000e+00  0.0000000e+00  1.0000000e+00]]
[+0025.48, +0106.29, -1113.98]
2194, 1499, 1218
[[-1.7648820e-01  4.5133712e-01 -8.7453944e-01  5.3860000e+01]
 [-1.5114160e-02  8.8730310e-01  4.6090498e-01  1.7165000e+02]
 [ 9.8402032e-01  9.4639540e-02 -1.4975754e-01 -1.1648800e+03]
 [ 0.0000000e+00  0.0000000e+00  0.0000000e+00  1.0000000e+00]]
[+0069.40, +0112.46, -1107.13]
2181, 1498, 1944
[[-1.7700874e-01  4.5074974e-01 -8.7463292e-01  5.3750000e+01]
 [-1.5302420e-02  8.8755350e-01  4.6039756e-01  1.7153000e+02]
 [ 9.8383124e-01  9.4998680e-02 -1.5017700e-01 -1.1648200e+03]
 [ 0.0000000e+00  0.0000000e+00  0.0000000e+00  1.0000000e+00]]
[+0024.55, +0066.29, -1106.34]
2194, 1499, 1218
[[-1.7648820e-01  4.5144856e-01 -8.7435332e-01  5.3880000e+01]
 [-1.4928040e-02  8.8724444e-01  4.6100056e-01  1.7163000e+02]
 [ 9.8390888e-01  9.4543960e-02 -1.4981620e-01 -1.1648700e+03]
 [ 0.0000000e+00  0.0000000e+00  0.0000000e+00  1.0000000e+00]]
[+0069.05, +0112.33, -1107.27]
1308, 1821, 1203
[[-1.7329074e-01  4.5252776e-01 -8.7449120e-01  5.4010000e+01]
 [-1.3919600e-02  8.8693856e-01  4.6163024e-01  1.7173000e+02]
 [ 9.8454176e-01  9.2276000e-02 -1.4737234e-01 -1.1648900e+03]
 [ 0.0000000e+00  0.0000000e+00  0.0000000e+00  1.0000000e+00]]
[+0120.88, +0036.21, -1074.10]
2194, 1499, 1218
[[-1.7641354e-01  4.5150976e-01 -8.7449412e-01  5.3860000e+01]
 [-1.4691680e-02  8.8726040e-01  4.6100604e-01  1.7163000e+02]
 [ 9.8406564e-01  9.4240920e-02 -1.4987490e-01 -1.1648600e+03]
 [ 0.0000000e+00  0.0000000e+00  0.0000000e+00  1.0000000e+00]]
[+0068.45, +0112.44, -1107.25]
1062, 2168, 1084
[[-1.7381060e-01  4.5212718e-01 -8.7469686e-01  5.4040000e+01]
 [-1.3995420e-02  8.8713110e-01  4.6127646e-01  1.7181000e+02]
 [ 9.8453934e-01  9.2481660e-02 -1.4784874e-01 -1.1648300e+03]
 [ 0.0000000e+00  0.0000000e+00  0.0000000e+00  1.0000000e+00]]
[+0156.76, +0020.32, -1111.44]
921, 2046, 1083
[[-1.7225040e-01  4.5304328e-01 -8.7443424e-01  5.4140000e+01]
 [-1.3127040e-02  8.8679190e-01  4.6193582e-01  1.7179000e+02]
 [ 9.8473912e-01  9.1152660e-02 -1.4677674e-01 -1.1648600e+03]
 [ 0.0000000e+00  0.0000000e+00  0.0000000e+00  1.0000000e+00]]
[+0149.95, +0009.55, -1104.02]
1062, 2168, 1084
[[-1.7343888e-01  4.5171264e-01 -8.7482432e-01  5.3950000e+01]
 [-1.4234240e-02  8.8732344e-01  4.6086984e-01  1.7176000e+02]
 [ 9.8445888e-01  9.2516560e-02 -1.4743368e-01 -1.1648900e+03]
 [ 0.0000000e+00  0.0000000e+00  0.0000000e+00  1.0000000e+00]]
[+0156.53, +0020.50, -1111.64]
1226, 1977, 1229
[[-1.7336532e-01  4.5224444e-01 -8.7472216e-01  5.4000000e+01]
 [-1.4527760e-02  8.8704092e-01  4.6143292e-01  1.7171000e+02]
 [ 9.8460796e-01  9.2770480e-02 -1.4719540e-01 -1.1648900e+03]
 [ 0.0000000e+00  0.0000000e+00  0.0000000e+00  1.0000000e+00]]
[+0129.36, +0025.86, -1083.64]
1062, 2168, 1084
[[-1.7321620e-01  4.5229132e-01 -8.7470656e-01  5.3970000e+01]
 [-1.3980320e-02  8.8707212e-01  4.6138604e-01  1.7179000e+02]
 [ 9.8462356e-01  9.2223040e-02 -1.4731332e-01 -1.1649000e+03]
 [ 0.0000000e+00  0.0000000e+00  0.0000000e+00  1.0000000e+00]]
[+0156.99, +0020.03, -1112.10]
1171, 2040, 793
[[-1.7292036e-01  4.5277022e-01 -8.7448682e-01  5.4060000e+01]
 [-1.4577220e-02  8.8677372e-01  4.6193518e-01  1.7178000e+02]
 [ 9.8463982e-01  9.2713180e-02 -1.4671908e-01 -1.1649100e+03]
 [ 0.0000000e+00  0.0000000e+00  0.0000000e+00  1.0000000e+00]]
[+0157.72, +0048.76, -1104.80]
1062, 2168, 1084
[[-1.7343888e-01  4.5186124e-01 -8.7478708e-01  5.3970000e+01]
 [-1.4085640e-02  8.8726454e-01  4.6099496e-01  1.7175000e+02]
 [ 9.8449612e-01  9.2391440e-02 -1.4749258e-01 -1.1648900e+03]
 [ 0.0000000e+00  0.0000000e+00  0.0000000e+00  1.0000000e+00]]
[+0156.72, +0020.32, -1112.00]
1210, 1307, 1250
[[-1.7292036e-01  4.5277022e-01 -8.7448682e-01  5.4060000e+01]
 [-1.4577220e-02  8.8677372e-01  4.6193518e-01  1.7170000e+02]
 [ 9.8463982e-01  9.2713180e-02 -1.4671908e-01 -1.1649000e+03]
 [ 0.0000000e+00  0.0000000e+00  0.0000000e+00  1.0000000e+00]]
[+0069.12, +0031.68, -1058.28]
889, 929, 1215
[[-1.7202930e-01  4.5379576e-01 -8.7414692e-01  5.4210000e+01]
 [-1.3701040e-02  8.8635974e-01  4.6275856e-01  1.7176000e+02]
 [ 9.8482268e-01  9.1665760e-02 -1.4624200e-01 -1.1648700e+03]
 [ 0.0000000e+00  0.0000000e+00  0.0000000e+00  1.0000000e+00]]
[+0040.76, +0006.00, -1060.72]
1210, 1307, 1250
[[-1.7329216e-01  4.5259040e-01 -8.7450864e-01  5.4050000e+01]
 [-1.4932640e-02  8.8681694e-01  4.6184130e-01  1.7171000e+02]
 [ 9.8457120e-01  9.3178860e-02 -1.4689826e-01 -1.1648800e+03]
 [ 0.0000000e+00  0.0000000e+00  0.0000000e+00  1.0000000e+00]]
[+0069.73, +0031.66, -1058.31]
974, 1473, 1612
[[-1.7336532e-01  4.5250430e-01 -8.7449898e-01  5.4040000e+01]
 [-1.4193300e-02  8.8692300e-01  4.6165370e-01  1.7169000e+02]
 [ 9.8453398e-01  9.2549700e-02 -1.4731332e-01 -1.1648800e+03]
 [ 0.0000000e+00  0.0000000e+00  0.0000000e+00  1.0000000e+00]]
[+0071.45, -0023.08, -1084.87]
1210, 1307, 1250
[[-1.7262330e-01  4.5318628e-01 -8.7424964e-01  5.4080000e+01]
 [-1.4161160e-02  8.8659654e-01  4.6227332e-01  1.7178000e+02]
 [ 9.8462668e-01  9.2300360e-02 -1.4659920e-01 -1.1648600e+03]
 [ 0.0000000e+00  0.0000000e+00  0.0000000e+00  1.0000000e+00]]
[+0069.06, +0032.10, -1058.21]
774, 1720, 777
[[-1.7240098e-01  4.5372738e-01 -8.7398284e-01  5.4200000e+01]
 [-1.3870380e-02  8.8634430e-01  4.6275996e-01  1.7184000e+02]
 [ 9.8464316e-01  9.2036040e-02 -1.4647972e-01 -1.1648600e+03]
 [ 0.0000000e+00  0.0000000e+00  0.0000000e+00  1.0000000e+00]]
[+0157.21, +0018.63, -1089.85]
1210, 1307, 1250
[[-1.7321746e-01  4.5276238e-01 -8.7446342e-01  5.4060000e+01]
 [-1.4510380e-02  8.8677372e-01  4.6194302e-01  1.7169000e+02]
 [ 9.8461642e-01  9.2780020e-02 -1.4701618e-01 -1.1648900e+03]
 [ 0.0000000e+00  0.0000000e+00  0.0000000e+00  1.0000000e+00]]
[+0068.24, +0032.26, -1058.16]
1127, 2118, 1429
[[-1.7351338e-01  4.5157782e-01 -8.7501800e-01  5.3950000e+01]
 [-1.4693820e-02  8.8736662e-01  4.6079760e-01  1.7171000e+02]
 [ 9.8456240e-01  9.2886000e-02 -1.4731600e-01 -1.1648900e+03]
 [ 0.0000000e+00  0.0000000e+00  0.0000000e+00  1.0000000e+00]]
[+0135.71, +0001.02, -1101.16]
1177, 1858, 1843
[[-1.7373610e-01  4.5155622e-01 -8.7483806e-01  5.3900000e+01]
 [-1.4316180e-02  8.8738230e-01  4.6075254e-01  1.7161000e+02]
 [ 9.8439814e-01  9.2708340e-02 -1.4767204e-01 -1.1648700e+03]
 [ 0.0000000e+00  0.0000000e+00  0.0000000e+00  1.0000000e+00]]
[+0084.07, -0021.54, -1097.26]
1127, 2118, 1429
[[-1.7351338e-01  4.5198636e-01 -8.7475762e-01  5.3990000e+01]
 [-1.4210760e-02  8.8719004e-01  4.6114356e-01  1.7174000e+02]
 [ 9.8452558e-01  9.2540040e-02 -1.4749258e-01 -1.1649200e+03]
 [ 0.0000000e+00  0.0000000e+00  0.0000000e+00  1.0000000e+00]]
[+0136.07, +0001.81, -1101.03]
1267, 2173, 1446
[[-1.7343888e-01  4.5160128e-01 -8.7501016e-01  5.3920000e+01]
 [-1.4420080e-02  8.8738230e-01  4.6077414e-01  1.7172000e+02]
 [ 9.8457024e-01  9.2612260e-02 -1.4737482e-01 -1.1649000e+03]
 [ 0.0000000e+00  0.0000000e+00  0.0000000e+00  1.0000000e+00]]
[+0134.65, +0012.63, -1098.06]
1127, 2118, 1429
[[-1.7343994e-01  4.5222100e-01 -8.7473002e-01  5.4010000e+01]
 [-1.4801480e-02  8.8702520e-01  4.6145636e-01  1.7173000e+02]
 [ 9.8460010e-01  9.3044200e-02 -1.4713650e-01 -1.1649200e+03]
 [ 0.0000000e+00  0.0000000e+00  0.0000000e+00  1.0000000e+00]]
[+0132.76, +0002.50, -1098.68]
1309, 1739, 1169
[[-1.7403434e-01  4.5242784e-01 -8.7431118e-01  5.4020000e+01]
 [-1.4296080e-02  8.8690736e-01  4.6166336e-01  1.7172000e+02]
 [ 9.8433054e-01  9.2986480e-02 -1.4784874e-01 -1.1648600e+03]
 [ 0.0000000e+00  0.0000000e+00  0.0000000e+00  1.0000000e+00]]
[+0112.35, +0042.02, -1069.24]
1127, 2118, 1429
[[-1.7314170e-01  4.5186902e-01 -8.7481054e-01  5.3960000e+01]
 [-1.4152340e-02  8.8726454e-01  4.6098718e-01  1.7174000e+02]
 [ 9.8451958e-01  9.2324740e-02 -1.4719540e-01 -1.1648600e+03]
 [ 0.0000000e+00  0.0000000e+00  0.0000000e+00  1.0000000e+00]]
[+0135.64, +0000.82, -1101.15]
1058, 1293, 815
[[-1.7217874e-01  4.5374920e-01 -8.7416240e-01  5.4190000e+01]
 [-1.4248400e-02  8.8632878e-01  4.6280512e-01  1.7179000e+02]
 [ 9.8480720e-01  9.2213120e-02 -1.4612352e-01 -1.1649000e+03]
 [ 0.0000000e+00  0.0000000e+00  0.0000000e+00  1.0000000e+00]]
[+0108.37, +0051.90, -1054.26]
970, 1557, 885
[[-1.7247402e-01  4.5312178e-01 -8.7441998e-01  5.4130000e+01]
 [-1.3799620e-02  8.8668668e-01  4.6213102e-01  1.7176000e+02]
 [ 9.8475338e-01  9.1848580e-02 -1.4665834e-01 -1.1648900e+03]
 [ 0.0000000e+00  0.0000000e+00  0.0000000e+00  1.0000000e+00]]
[+0130.33, +0029.85, -1067.39]
1058, 1293, 815
[[-1.7292036e-01  4.5343824e-01 -8.7400304e-01  5.4140000e+01]
 [-1.3759840e-02  8.8647822e-01  4.6250178e-01  1.7175000e+02]
 [ 9.8452944e-01  9.2146580e-02 -1.4701458e-01 -1.1648600e+03]
 [ 0.0000000e+00  0.0000000e+00  0.0000000e+00  1.0000000e+00]]
[+0107.56, +0052.45, -1054.00]
986, 1223, 986
[[-1.7314280e-01  4.5334272e-01 -8.7415776e-01  5.4140000e+01]
 [-1.3605120e-02  8.8655288e-01  4.6239056e-01  1.7175000e+02]
 [ 9.8462496e-01  9.2035360e-02 -1.4731168e-01 -1.1648600e+03]
 [ 0.0000000e+00  0.0000000e+00  0.0000000e+00  1.0000000e+00]]
[+0088.81, +0028.35, -1051.45]
1058, 1293, 815
[[-1.7314280e-01  4.5345396e-01 -8.7397188e-01  5.4140000e+01]
 [-1.3419240e-02  8.8649366e-01  4.6248606e-01  1.7175000e+02]
 [ 9.8451372e-01  9.1939860e-02 -1.4737090e-01 -1.1648600e+03]
 [ 0.0000000e+00  0.0000000e+00  0.0000000e+00  1.0000000e+00]]
[+0108.20, +0053.31, -1054.30]
2232, 1526, 1400
[[-1.7544642e-01  4.5129724e-01 -8.7478090e-01  5.3830000e+01]
 [-1.4952760e-02  8.8739372e-01  4.6073780e-01  1.7162000e+02]
 [ 9.8421910e-01  9.3987800e-02 -1.4892370e-01 -1.1648700e+03]
 [ 0.0000000e+00  0.0000000e+00  0.0000000e+00  1.0000000e+00]]
[+0060.04, +0103.12, -1103.24]
1058, 1293, 815
[[-1.7232628e-01  4.5378806e-01 -8.7412362e-01  5.4190000e+01]
 [-1.3634060e-02  8.8635974e-01  4.6276626e-01  1.7178000e+02]
 [ 9.8479938e-01  9.1732740e-02 -1.4653898e-01 -1.1648900e+03]
 [ 0.0000000e+00  0.0000000e+00  0.0000000e+00  1.0000000e+00]]
[+0107.76, +0052.03, -1053.99]
1780, 1978, 2125
[[-1.7537184e-01  4.5035448e-01 -8.7533136e-01  5.3770000e+01]
 [-1.5794640e-02  8.8781966e-01  4.5989752e-01  1.7156000e+02]
 [ 9.8426352e-01  9.4530640e-02 -1.4857234e-01 -1.1648700e+03]
 [ 0.0000000e+00  0.0000000e+00  0.0000000e+00  1.0000000e+00]]
[+0060.65, +0012.14, -1092.22]
1459, 2132, 1462
[[-1.7343888e-01  4.5171264e-01 -8.7482432e-01  5.3950000e+01]
 [-1.4234240e-02  8.8732344e-01  4.6086984e-01  1.7171000e+02]
 [ 9.8445888e-01  9.2516560e-02 -1.4743368e-01 -1.1649000e+03]
 [ 0.0000000e+00  0.0000000e+00  0.0000000e+00  1.0000000e+00]]
[+0127.33, +0026.77, -1089.03]
1780, 1978, 2125
[[-1.7544642e-01  4.5059094e-01 -8.7511612e-01  5.3800000e+01]
 [-1.5733660e-02  8.8768662e-01  4.6014204e-01  1.7160000e+02]
 [ 9.8418132e-01  9.4583560e-02 -1.4863080e-01 -1.1648800e+03]
 [ 0.0000000e+00  0.0000000e+00  0.0000000e+00  1.0000000e+00]]
[+0057.97, +0012.79, -1092.90]
1672, 2128, 2211
[[-1.7462800e-01  4.5012044e-01 -8.7543708e-01  5.3770000e+01]
 [-1.5677480e-02  8.8796870e-01  4.5958404e-01  1.7156000e+02]
 [ 9.8425236e-01  9.4100280e-02 -1.4797754e-01 -1.1648800e+03]
 [ 0.0000000e+00  0.0000000e+00  0.0000000e+00  1.0000000e+00]]
[+0073.55, -0003.13, -1100.08]
1780, 1978, 2125
[[-1.7477704e-01  4.5089076e-01 -8.7493216e-01  5.3840000e+01]
 [-1.5258360e-02  8.8758558e-01  4.6032312e-01  1.7159000e+02]
 [ 9.8416256e-01  9.3955920e-02 -1.4821162e-01 -1.1649100e+03]
 [ 0.0000000e+00  0.0000000e+00  0.0000000e+00  1.0000000e+00]]
[+0059.89, +0016.75, -1091.09]
1585, 1807, 2179
[[-1.7499988e-01  4.5090646e-01 -8.7490054e-01  5.3860000e+01]
 [-1.4918060e-02  8.8760150e-01  4.6030742e-01  1.7158000e+02]
 [ 9.8414686e-01  9.3748780e-02 -1.4856762e-01 -1.1648600e+03]
 [ 0.0000000e+00  0.0000000e+00  0.0000000e+00  1.0000000e+00]]
[+0047.91, -0003.97, -1100.92]
1780, 1978, 2125
[[-1.7507442e-01  4.5062266e-01 -8.7513176e-01  5.3820000e+01]
 [-1.5526460e-02  8.8770270e-01  4.6011032e-01  1.7159000e+02]
 [ 9.8421304e-01  9.4243280e-02 -1.4839188e-01 -1.1648900e+03]
 [ 0.0000000e+00  0.0000000e+00  0.0000000e+00  1.0000000e+00]]
[+0061.85, +0014.04, -1091.53]
807, 1905, 1082
[[-1.7217700e-01  4.5338920e-01 -8.7422020e-01  5.4170000e+01]
 [-1.3532200e-02  8.8656828e-01  4.6234408e-01  1.7180000e+02]
 [ 9.8470280e-01  9.1560920e-02 -1.4647972e-01 -1.1648700e+03]
 [ 0.0000000e+00  0.0000000e+00  0.0000000e+00  1.0000000e+00]]
[+0145.73, -0001.00, -1099.27]
989, 2157, 1635
[[-1.7366164e-01  4.5105970e-01 -8.7527638e-01  5.3880000e+01]
 [-1.4711380e-02  8.8763310e-01  4.6028734e-01  1.7166000e+02]
 [ 9.8455430e-01  9.2876300e-02 -1.4749570e-01 -1.1648900e+03]
 [ 0.0000000e+00  0.0000000e+00  0.0000000e+00  1.0000000e+00]]
[+0127.72, -0017.92, -1115.82]
807, 1905, 1082
[[-1.7232490e-01  4.5327972e-01 -8.7421884e-01  5.4160000e+01]
 [-1.3066440e-02  8.8665814e-01  4.6217988e-01  1.7179000e+02]
 [ 9.8465748e-01  9.1205640e-02 -1.4683600e-01 -1.1648700e+03]
 [ 0.0000000e+00  0.0000000e+00  0.0000000e+00  1.0000000e+00]]
[+0144.54, -0000.87, -1098.39]
1066, 1826, 1032
[[-1.7284570e-01  4.5294214e-01 -8.7444168e-01  5.4060000e+01]
 [-1.4154980e-02  8.8673030e-01  4.6203696e-01  1.7177000e+02]
 [ 9.8468496e-01  9.2314320e-02 -1.4683716e-01 -1.1648800e+03]
 [ 0.0000000e+00  0.0000000e+00  0.0000000e+00  1.0000000e+00]]
[+0135.44, +0026.50, -1079.64]
807, 1905, 1082
[[-1.7284570e-01  4.5309068e-01 -8.7440436e-01  5.4130000e+01]
 [-1.4006440e-02  8.8667120e-01  4.6216212e-01  1.7181000e+02]
 [ 9.8472228e-01  9.2189160e-02 -1.4689626e-01 -1.1648900e+03]
 [ 0.0000000e+00  0.0000000e+00  0.0000000e+00  1.0000000e+00]]
[+0148.32, -0001.05, -1100.30]
848, 2111, 973
[[-1.7254746e-01  4.5247874e-01 -8.7470838e-01  5.4020000e+01]
 [-1.3691580e-02  8.8702854e-01  4.6147234e-01  1.7178000e+02]
 [ 9.8471534e-01  9.1690620e-02 -1.4683716e-01 -1.1649100e+03]
 [ 0.0000000e+00  0.0000000e+00  0.0000000e+00  1.0000000e+00]]
[+0163.16, +0009.86, -1121.10]
807, 1905, 1082
[[-1.7239944e-01  4.5310784e-01 -8.7426376e-01  5.4130000e+01]
 [-1.3488640e-02  8.8670208e-01  4.6207808e-01  1.7178000e+02]
 [ 9.8461256e-01  9.1604480e-02 -1.4671752e-01 -1.1648800e+03]
 [ 0.0000000e+00  0.0000000e+00  0.0000000e+00  1.0000000e+00]]
[+0144.91, -0000.86, -1098.75]
1960, 2082, 1459
[[-1.7559476e-01  4.5089058e-01 -8.7485310e-01  5.3820000e+01]
 [-1.4784900e-02  8.8760150e-01  4.6032330e-01  1.7165000e+02]
 [ 9.8409942e-01  9.3881940e-02 -1.4916250e-01 -1.1649100e+03]
 [ 0.0000000e+00  0.0000000e+00  0.0000000e+00  1.0000000e+00]]
[+0105.67, +0069.63, -1087.66]
2069, 1912, 1324
[[-1.7641354e-01  4.5121220e-01 -8.7456876e-01  5.3840000e+01]
 [-1.4989240e-02  8.8737776e-01  4.6075620e-01  1.7166000e+02]
 [ 9.8399100e-01  9.4490760e-02 -1.4975754e-01 -1.1648800e+03]
 [ 0.0000000e+00  0.0000000e+00  0.0000000e+00  1.0000000e+00]]
[+0094.19, +0091.69, -1093.32]
1960, 2082, 1459
[[-1.7499988e-01  4.5135256e-01 -8.7478876e-01  5.3870000e+01]
 [-1.4471960e-02  8.8742540e-01  4.6068248e-01  1.7169000e+02]
 [ 9.8425864e-01  9.3373720e-02 -1.4874372e-01 -1.1648700e+03]
 [ 0.0000000e+00  0.0000000e+00  0.0000000e+00  1.0000000e+00]]
[+0107.17, +0067.17, -1087.60]
1845, 1669, 1886
[[-1.7470250e-01  4.5139770e-01 -8.7496110e-01  5.3890000e+01]
 [-1.4575860e-02  8.8742540e-01  4.6070398e-01  1.7161000e+02]
 [ 9.8443098e-01  9.3277700e-02 -1.4844634e-01 -1.1648400e+03]
 [ 0.0000000e+00  0.0000000e+00  0.0000000e+00  1.0000000e+00]]
[+0044.01, +0036.01, -1085.71]
1960, 2082, 1459
[[-1.7477704e-01  4.5118812e-01 -8.7485760e-01  5.3850000e+01]
 [-1.4961000e-02  8.8746830e-01  4.6057320e-01  1.7168000e+02]
 [ 9.8423712e-01  9.3705840e-02 -1.4832890e-01 -1.1649200e+03]
 [ 0.0000000e+00  0.0000000e+00  0.0000000e+00  1.0000000e+00]]
[+0108.76, +0069.38, -1088.51]
1378, 1939, 1166
[[-1.7336532e-01  4.5235572e-01 -8.7453628e-01  5.4010000e+01]
 [-1.4341880e-02  8.8698198e-01  4.6152858e-01  1.7173000e+02]
 [ 9.8449668e-01  9.2674820e-02 -1.4725434e-01 -1.1649000e+03]
 [ 0.0000000e+00  0.0000000e+00  0.0000000e+00  1.0000000e+00]]
[+0126.83, +0043.25, -1080.50]
1960, 2082, 1459
[[-1.7596680e-01  4.5089612e-01 -8.7498604e-01  5.3800000e+01]
 [-1.5029320e-02  8.8758558e-01  4.6038434e-01  1.7165000e+02]
 [ 9.8421644e-01  9.4192940e-02 -1.4940138e-01 -1.1648900e+03]
 [ 0.0000000e+00  0.0000000e+00  0.0000000e+00  1.0000000e+00]]
[+0106.16, +0069.19, -1087.85]
984, 1815, 2206
[[-1.7217594e-01  4.5083918e-01 -8.7561624e-01  5.3910000e+01]
 [-1.5378540e-02  8.8775046e-01  4.6002688e-01  1.7160000e+02]
 [ 9.8474528e-01  9.2764560e-02 -1.4589264e-01 -1.1649200e+03]
 [ 0.0000000e+00  0.0000000e+00  0.0000000e+00  1.0000000e+00]]
[+0070.75, -0039.53, -1131.67]
1326, 2025, 2241
[[-1.7499954e-01  4.4935748e-01 -8.7588644e-01  5.3700000e+01]
 [-1.5689960e-02  8.8836710e-01  4.5883712e-01  1.7150000e+02]
 [ 9.8430332e-01  9.4103840e-02 -1.4839720e-01 -1.1648700e+03]
 [ 0.0000000e+00  0.0000000e+00  0.0000000e+00  1.0000000e+00]]
[+0074.48, -0023.34, -1114.47]
984, 1815, 2206
[[-1.7254746e-01  4.5192182e-01 -8.7500588e-01  5.4040000e+01]
 [-1.4322980e-02  8.8726454e-01  4.6100108e-01  1.7169000e+02]
 [ 9.8471492e-01  9.2161880e-02 -1.4660116e-01 -1.1649000e+03]
 [ 0.0000000e+00  0.0000000e+00  0.0000000e+00  1.0000000e+00]]
[+0070.76, -0039.54, -1131.46]
1170, 1654, 1371
[[-1.7284570e-01  4.5264506e-01 -8.7451632e-01  5.4060000e+01]
 [-1.4452060e-02  8.8684838e-01  4.6178664e-01  1.7173000e+02]
 [ 9.8461032e-01  9.2564640e-02 -1.4671908e-01 -1.1649100e+03]
 [ 0.0000000e+00  0.0000000e+00  0.0000000e+00  1.0000000e+00]]
[+0095.59, +0012.89, -1068.78]
984, 1815, 2206
[[-1.7262130e-01  4.5072150e-01 -8.7559110e-01  5.3900000e+01]
 [-1.4846460e-02  8.8784060e-01  4.5987078e-01  1.7160000e+02]
 [ 9.8467722e-01  9.2475300e-02 -1.4654546e-01 -1.1649100e+03]
 [ 0.0000000e+00  0.0000000e+00  0.0000000e+00  1.0000000e+00]]
[+0071.11, -0039.49, -1131.48]
896, 1964, 2157
[[-1.7091360e-01  4.5124912e-01 -8.7570464e-01  5.4020000e+01]
 [-1.2936160e-02  8.8783040e-01  4.5995728e-01  1.7175000e+02]
 [ 9.8504672e-01  9.0012640e-02 -1.4588704e-01 -1.1649400e+03]
 [ 0.0000000e+00  0.0000000e+00  0.0000000e+00  1.0000000e+00]]
[+0086.11, -0039.61, -1132.78]
984, 1815, 2206
[[-1.7351284e-01  4.5054936e-01 -8.7555808e-01  5.3850000e+01]
 [-1.4795520e-02  8.8789926e-01  4.5976914e-01  1.7153000e+02]
 [ 9.8456984e-01  9.2800020e-02 -1.4737834e-01 -1.1648700e+03]
 [ 0.0000000e+00  0.0000000e+00  0.0000000e+00  1.0000000e+00]]
[+0070.49, -0039.56, -1132.01]
1342, 1980, 965
[[-1.7358792e-01  4.5252000e-01 -8.7446772e-01  5.4000000e+01]
 [-1.3852800e-02  8.8693856e-01  4.6163800e-01  1.7177000e+02]
 [ 9.8451828e-01  9.2342800e-02 -1.4766952e-01 -1.1649000e+03]
 [ 0.0000000e+00  0.0000000e+00  0.0000000e+00  1.0000000e+00]]
[+0145.81, +0054.12, -1092.06]
1498, 1608, 1008
[[-1.7366250e-01  4.5234790e-01 -8.7451280e-01  5.4020000e+01]
 [-1.4275100e-02  8.8698198e-01  4.6153640e-01  1.7172000e+02]
 [ 9.8447320e-01  9.2741600e-02 -1.4755152e-01 -1.1649000e+03]
 [ 0.0000000e+00  0.0000000e+00  0.0000000e+00  1.0000000e+00]]
[+0106.08, +0075.65, -1071.24]
1342, 1980, 965
[[-1.7351338e-01  4.5254350e-01 -8.7445998e-01  5.4030000e+01]
 [-1.3579100e-02  8.8695404e-01  4.6161450e-01  1.7175000e+02]
 [ 9.8452602e-01  9.2069100e-02 -1.4772858e-01 -1.1648600e+03]
 [ 0.0000000e+00  0.0000000e+00  0.0000000e+00  1.0000000e+00]]
[+0146.11, +0053.50, -1092.36]
1432, 2063, 1350
[[-1.7351338e-01  4.5168916e-01 -8.7483214e-01  5.3930000e+01]
 [-1.4507960e-02  8.8730780e-01  4.6089332e-01  1.7170000e+02]
 [ 9.8445106e-01  9.2790280e-02 -1.4737482e-01 -1.1649000e+03]
 [ 0.0000000e+00  0.0000000e+00  0.0000000e+00  1.0000000e+00]]
[+0128.06, +0033.60, -1085.98]
1342, 1980, 965
[[-1.7321746e-01  4.5276238e-01 -8.7446342e-01  5.4030000e+01]
 [-1.4510380e-02  8.8677372e-01  4.6194302e-01  1.7175000e+02]
 [ 9.8461642e-01  9.2780020e-02 -1.4701618e-01 -1.1648800e+03]
 [ 0.0000000e+00  0.0000000e+00  0.0000000e+00  1.0000000e+00]]
[+0143.56, +0053.19, -1090.96]
1535, 2054, 903
[[-1.7395972e-01  4.5208014e-01 -8.7471250e-01  5.3940000e+01]
 [-1.4542860e-02  8.8709982e-01  4.6132350e-01  1.7174000e+02]
 [ 9.8452370e-01  9.3029100e-02 -1.4773090e-01 -1.1648900e+03]
 [ 0.0000000e+00  0.0000000e+00  0.0000000e+00  1.0000000e+00]]
[+0146.71, +0071.29, -1103.27]
1342, 1980, 965
[[-1.7329074e-01  4.5241646e-01 -8.7467706e-01  5.4030000e+01]
 [-1.4105460e-02  8.8699758e-01  4.6153462e-01  1.7176000e+02]
 [ 9.8465306e-01  9.2371620e-02 -1.4731332e-01 -1.1648900e+03]
 [ 0.0000000e+00  0.0000000e+00  0.0000000e+00  1.0000000e+00]]
[+0141.64, +0052.26, -1090.14]
1322, 2029, 1550
[[-1.7284456e-01  4.5176548e-01 -8.7501976e-01  5.3940000e+01]
 [-1.4404840e-02  8.8732344e-01  4.6088368e-01  1.7169000e+02]
 [ 9.8465432e-01  9.2353760e-02 -1.4683936e-01 -1.1649000e+03]
 [ 0.0000000e+00  0.0000000e+00  0.0000000e+00  1.0000000e+00]]
[+0114.72, +0008.13, -1086.46]
1221, 1989, 1358
[[-1.7351338e-01  4.5228356e-01 -8.7468310e-01  5.4040000e+01]
 [-1.3913560e-02  8.8707212e-01  4.6139380e-01  1.7174000e+02]
 [ 9.8460010e-01  9.2289800e-02 -1.4761050e-01 -1.1648700e+03]
 [ 0.0000000e+00  0.0000000e+00  0.0000000e+00  1.0000000e+00]]
[+0125.23, +0014.49, -1085.22]
1322, 2029, 1550
[[-1.7388514e-01  4.5169508e-01 -8.7496512e-01  5.3920000e+01]
 [-1.4752280e-02  8.8729208e-01  4.6095408e-01  1.7166000e+02]
 [ 9.8456832e-01  9.3101280e-02 -1.4761322e-01 -1.1649000e+03]
 [ 0.0000000e+00  0.0000000e+00  0.0000000e+00  1.0000000e+00]]
[+0113.89, +0009.84, -1085.81]
1059, 1668, 1762
[[-1.7321620e-01  4.5229132e-01 -8.7470656e-01  5.4020000e+01]
 [-1.3980320e-02  8.8707212e-01  4.6138604e-01  1.7167000e+02]
 [ 9.8462356e-01  9.2223040e-02 -1.4731332e-01 -1.1648700e+03]
 [ 0.0000000e+00  0.0000000e+00  0.0000000e+00  1.0000000e+00]]
[+0075.96, -0024.73, -1093.33]
1322, 2029, 1550
[[-1.7403336e-01  4.5184568e-01 -8.7474004e-01  5.3930000e+01]
 [-1.3952240e-02  8.8726454e-01  4.6101052e-01  1.7171000e+02]
 [ 9.8444908e-01  9.2524840e-02 -1.4808706e-01 -1.1648700e+03]
 [ 0.0000000e+00  0.0000000e+00  0.0000000e+00  1.0000000e+00]]
[+0117.23, +0012.46, -1085.83]
2036, 1366, 1311
[[-1.7529828e-01  4.5181530e-01 -8.7452254e-01  5.3950000e+01]
 [-1.4934700e-02  8.8712700e-01  4.6124790e-01  1.7168000e+02]
 [ 9.8422746e-01  9.3997900e-02 -1.4874372e-01 -1.1648300e+03]
 [ 0.0000000e+00  0.0000000e+00  0.0000000e+00  1.0000000e+00]]
[+0052.20, +0104.37, -1097.86]
1322, 2029, 1550
[[-1.7336442e-01  4.5173612e-01 -8.7481654e-01  5.3950000e+01]
 [-1.3960520e-02  8.8733900e-01  4.6084636e-01  1.7171000e+02]
 [ 9.8446666e-01  9.2242840e-02 -1.4749258e-01 -1.1648500e+03]
 [ 0.0000000e+00  0.0000000e+00  0.0000000e+00  1.0000000e+00]]
[+0116.48, +0007.93, -1086.91]
1176, 1442, 1364
[[-1.7321746e-01  4.5261382e-01 -8.7450076e-01  5.4060000e+01]
 [-1.4658940e-02  8.8683270e-01  4.6181788e-01  1.7173000e+02]
 [ 9.8457908e-01  9.2905160e-02 -1.4695720e-01 -1.1648900e+03]
 [ 0.0000000e+00  0.0000000e+00  0.0000000e+00  1.0000000e+00]]
[+0076.34, +0015.49, -1063.52]
874, 899, 1516
[[-1.7195464e-01  4.5322512e-01 -8.7428852e-01  5.4150000e+01]
 [-1.4021280e-02  8.8661206e-01  4.6223448e-01  1.7171000e+02]
 [ 9.8468108e-01  9.1892880e-02 -1.4606434e-01 -1.1648900e+03]
 [ 0.0000000e+00  0.0000000e+00  0.0000000e+00  1.0000000e+00]]
[+0022.31, -0016.11, -1087.28]
1176, 1442, 1364
[[-1.7314280e-01  4.5263724e-01 -8.7449292e-01  5.4040000e+01]
 [-1.4385240e-02  8.8684838e-01  4.6179446e-01  1.7170000e+02]
 [ 9.8458692e-01  9.2631460e-02 -1.4701618e-01 -1.1648700e+03]
 [ 0.0000000e+00  0.0000000e+00  0.0000000e+00  1.0000000e+00]]
[+0077.25, +0016.30, -1063.41]
1014, 1514, 1304
[[-1.7284570e-01  4.5294214e-01 -8.7444168e-01  5.4080000e+01]
 [-1.4154980e-02  8.8673030e-01  4.6203696e-01  1.7175000e+02]
 [ 9.8468496e-01  9.2314320e-02 -1.4683716e-01 -1.1648900e+03]
 [ 0.0000000e+00  0.0000000e+00  0.0000000e+00  1.0000000e+00]]
[+0095.20, +0002.66, -1067.44]
1176, 1442, 1364
[[-1.7358792e-01  4.5237140e-01 -8.7450500e-01  5.4010000e+01]
 [-1.4001400e-02  8.8699758e-01  4.6151290e-01  1.7168000e+02]
 [ 9.8448100e-01  9.2467900e-02 -1.4761050e-01 -1.1648700e+03]
 [ 0.0000000e+00  0.0000000e+00  0.0000000e+00  1.0000000e+00]]
[+0076.03, +0016.34, -1063.33]
1128, 1536, 1607
[[-1.7373712e-01  4.5206452e-01 -8.7474388e-01  5.3980000e+01]
 [-1.4883320e-02  8.8708406e-01  4.6133912e-01  1.7167000e+02]
 [ 9.8453932e-01  9.3236080e-02 -1.4737482e-01 -1.1648700e+03]
 [ 0.0000000e+00  0.0000000e+00  0.0000000e+00  1.0000000e+00]]
[+0072.93, -0008.52, -1077.79]
1176, 1442, 1364
[[-1.7262330e-01  4.5262954e-01 -8.7454752e-01  5.4040000e+01]
 [-1.4792580e-02  8.8683270e-01  4.6180216e-01  1.7171000e+02]
 [ 9.8462584e-01  9.2771520e-02 -1.4636304e-01 -1.1649000e+03]
 [ 0.0000000e+00  0.0000000e+00  0.0000000e+00  1.0000000e+00]]
[+0077.22, +0016.58, -1063.21]
2204, 2182, 1493
[[-1.7700826e-01  4.4954866e-01 -8.7533994e-01  5.3630000e+01]
 [-1.4579740e-02  8.8826630e-01  4.5906078e-01  1.7167000e+02]
 [ 9.8392146e-01  9.4102980e-02 -1.5065540e-01 -1.1649100e+03]
 [ 0.0000000e+00  0.0000000e+00  0.0000000e+00  1.0000000e+00]]
[+0101.32, +0076.67, -1095.08]
1821, 939, 1039
[[-1.7336690e-01  4.5312384e-01 -8.7421848e-01  5.4100000e+01]
 [-1.4574720e-02  8.8656526e-01  4.6233576e-01  1.7172000e+02]
 [ 9.8456424e-01  9.2981520e-02 -1.4707520e-01 -1.1648700e+03]
 [ 0.0000000e+00  0.0000000e+00  0.0000000e+00  1.0000000e+00]]
[+0037.25, +0109.41, -1099.06]
2204, 2182, 1493
[[-1.7708260e-01  4.4967356e-01 -8.7531072e-01  5.3660000e+01]
 [-1.4704640e-02  8.8819196e-01  4.5920964e-01  1.7170000e+02]
 [ 9.8395068e-01  9.4251840e-02 -1.5065540e-01 -1.1649100e+03]
 [ 0.0000000e+00  0.0000000e+00  0.0000000e+00  1.0000000e+00]]
[+0101.82, +0076.78, -1095.33]
1813, 2209, 1745
[[-1.7455354e-01  4.5085022e-01 -8.7509430e-01  5.3800000e+01]
 [-1.4623100e-02  8.8769180e-01  4.6015650e-01  1.7166000e+02]
 [ 9.8429778e-01  9.3230460e-02 -1.4832890e-01 -1.1648600e+03]
 [ 0.0000000e+00  0.0000000e+00  0.0000000e+00  1.0000000e+00]]
[+0104.26, +0029.64, -1087.73]
2204, 2182, 1493
[[-1.7693370e-01  4.5004298e-01 -8.7509016e-01  5.3690000e+01]
 [-1.4834820e-02  8.8798470e-01  4.5959504e-01  1.7169000e+02]
 [ 9.8392144e-01  9.4387440e-02 -1.5041616e-01 -1.1649000e+03]
 [ 0.0000000e+00  0.0000000e+00  0.0000000e+00  1.0000000e+00]]
[+0101.41, +0077.77, -1095.34]
1810, 1323, 965
[[-1.7373712e-01  4.5288148e-01 -8.7422276e-01  5.4060000e+01]
 [-1.3917080e-02  8.8673030e-01  4.6203076e-01  1.7173000e+02]
 [ 9.8446604e-01  9.2544440e-02 -1.4772858e-01 -1.1648600e+03]
 [ 0.0000000e+00  0.0000000e+00  0.0000000e+00  1.0000000e+00]]
[+0076.83, +0106.25, -1086.96]
1749, 1900, 1326
[[-1.7373610e-01  4.5185346e-01 -8.7476358e-01  5.3930000e+01]
 [-1.4018940e-02  8.8726454e-01  4.6100274e-01  1.7169000e+02]
 [ 9.8447262e-01  9.2458140e-02 -1.4778980e-01 -1.1648800e+03]
 [ 0.0000000e+00  0.0000000e+00  0.0000000e+00  1.0000000e+00]]
[+0106.21, +0062.22, -1078.80]
1810, 1323, 965
[[-1.7418240e-01  4.5265312e-01 -8.7438336e-01  5.4020000e+01]
 [-1.3570560e-02  8.8687950e-01  4.6177858e-01  1.7170000e+02]
 [ 9.8450848e-01  9.2351340e-02 -1.4832306e-01 -1.1648400e+03]
 [ 0.0000000e+00  0.0000000e+00  0.0000000e+00  1.0000000e+00]]
[+0076.56, +0107.92, -1087.69]
1733, 959, 1532
[[-1.7447970e-01  4.5234806e-01 -8.7443432e-01  5.3980000e+01]
 [-1.3801060e-02  8.8699758e-01  4.6153624e-01  1.7162000e+02]
 [ 9.8441032e-01  9.2668240e-02 -1.4850228e-01 -1.1648200e+03]
 [ 0.0000000e+00  0.0000000e+00  0.0000000e+00  1.0000000e+00]]
[+0008.30, +0067.40, -1100.09]
1810, 1323, 965
[[-1.7440626e-01  4.5254504e-01 -8.7425812e-01  5.4000000e+01]
 [-1.4354320e-02  8.8683270e-01  4.6181984e-01  1.7169000e+02]
 [ 9.8433644e-01  9.3201920e-02 -1.4814600e-01 -1.1648800e+03]
 [ 0.0000000e+00  0.0000000e+00  0.0000000e+00  1.0000000e+00]]
[+0077.48, +0108.88, -1088.07]
1606, 1319, 935
[[-1.7373712e-01  4.5291880e-01 -8.7437136e-01  5.4060000e+01]
 [-1.3954400e-02  8.8673030e-01  4.6206030e-01  1.7173000e+02]
 [ 9.8461464e-01  9.2514900e-02 -1.4772858e-01 -1.1648500e+03]
 [ 0.0000000e+00  0.0000000e+00  0.0000000e+00  1.0000000e+00]]
[+0084.41, +0093.72, -1072.97]
1810, 1323, 965
[[-1.7455428e-01  4.5232444e-01 -8.7444212e-01  5.3980000e+01]
 [-1.4074760e-02  8.8698198e-01  4.6155986e-01  1.7169000e+02]
 [ 9.8440252e-01  9.2941940e-02 -1.4844330e-01 -1.1648600e+03]
 [ 0.0000000e+00  0.0000000e+00  0.0000000e+00  1.0000000e+00]]
[+0076.64, +0109.38, -1088.33]
1676, 1839, 776
[[-1.7314280e-01  4.5274848e-01 -8.7430704e-01  5.4030000e+01]
 [-1.4199360e-02  8.8678936e-01  4.6189008e-01  1.7178000e+02]
 [ 9.8447568e-01  9.2535840e-02 -1.4707520e-01 -1.1648500e+03]
 [ 0.0000000e+00  0.0000000e+00  0.0000000e+00  1.0000000e+00]]
[+0134.55, +0093.81, -1102.45]
2007, 1765, 994
[[-1.751490e-01  4.517140e-01 -8.745440e-01  5.391000e+01]
 [-1.453600e-02  8.872175e-01  4.610755e-01  1.716900e+02]
 [ 9.842060e-01  9.357550e-02 -1.488025e-01 -1.164890e+03]
 [ 0.000000e+00  0.000000e+00  0.000000e+00  1.000000e+00]]
[+0105.08, +0107.38, -1103.77]
1676, 1839, 776
[[-1.7381178e-01  4.5270936e-01 -8.7426790e-01  5.4040000e+01]
 [-1.4339360e-02  8.8677372e-01  4.6192920e-01  1.7179000e+02]
 [ 9.8442090e-01  9.2943200e-02 -1.4761050e-01 -1.1648700e+03]
 [ 0.0000000e+00  0.0000000e+00  0.0000000e+00  1.0000000e+00]]
[+0134.49, +0092.56, -1101.85]
1726, 2118, 793
[[-1.7514834e-01  4.5120618e-01 -8.7463788e-01  5.3860000e+01]
 [-1.3969380e-02  8.8751558e-01  4.6048852e-01  1.7179000e+02]
 [ 9.8406468e-01  9.3047320e-02 -1.4909992e-01 -1.1649000e+03]
 [ 0.0000000e+00  0.0000000e+00  0.0000000e+00  1.0000000e+00]]
[+0146.49, +0084.66, -1118.55]
1676, 1839, 776
[[-1.7314280e-01  4.5263724e-01 -8.7449292e-01  5.4050000e+01]
 [-1.4385240e-02  8.8684838e-01  4.6179446e-01  1.7176000e+02]
 [ 9.8458692e-01  9.2631460e-02 -1.4701618e-01 -1.1649100e+03]
 [ 0.0000000e+00  0.0000000e+00  0.0000000e+00  1.0000000e+00]]
[+0131.54, +0091.47, -1099.85]
870, 1908, 2025
[[-1.7321562e-01  4.5122586e-01 -8.7509842e-01  5.3940000e+01]
 [-1.4044660e-02  8.8760556e-01  4.6032834e-01  1.7165000e+02]
 [ 9.8448198e-01  9.2166460e-02 -1.4737482e-01 -1.1648700e+03]
 [ 0.0000000e+00  0.0000000e+00  0.0000000e+00  1.0000000e+00]]
[+0089.57, -0041.30, -1130.03]
1676, 1839, 776
[[-1.7418240e-01  4.5246720e-01 -8.7427200e-01  5.4000000e+01]
 [-1.3681920e-02  8.8693856e-01  4.6162400e-01  1.7173000e+02]
 [ 9.8432256e-01  9.2505920e-02 -1.4826400e-01 -1.1648900e+03]
 [ 0.0000000e+00  0.0000000e+00  0.0000000e+00  1.0000000e+00]]
[+0133.32, +0095.39, -1102.71]
1618, 1876, 1903
[[-1.7462800e-01  4.5108672e-01 -8.7487904e-01  5.3860000e+01]
 [-1.4562240e-02  8.8755864e-01  4.6040088e-01  1.7160000e+02]
 [ 9.8421568e-01  9.3283440e-02 -1.4838760e-01 -1.1648700e+03]
 [ 0.0000000e+00  0.0000000e+00  0.0000000e+00  1.0000000e+00]]
[+0066.77, +0013.62, -1083.70]
1708, 1643, 1920
[[-1.7522280e-01  4.5121968e-01 -8.7479444e-01  5.3870000e+01]
 [-1.4280320e-02  8.8749990e-01  4.6054164e-01  1.7159000e+02]
 [ 9.8420556e-01  9.3291640e-02 -1.4904114e-01 -1.1648600e+03]
 [ 0.0000000e+00  0.0000000e+00  0.0000000e+00  1.0000000e+00]]
[+0041.34, +0025.62, -1086.56]
1618, 1876, 1903
[[-1.7440516e-01  4.5151698e-01 -8.7479878e-01  5.3900000e+01]
 [-1.4456580e-02  8.8736662e-01  4.6079178e-01  1.7164000e+02]
 [ 9.8434318e-01  9.3115380e-02 -1.4820778e-01 -1.1648800e+03]
 [ 0.0000000e+00  0.0000000e+00  0.0000000e+00  1.0000000e+00]]
[+0069.42, +0013.69, -1083.10]
1531, 1818, 1570
[[-1.7403434e-01  4.5205662e-01 -8.7472038e-01  5.3980000e+01]
 [-1.4816580e-02  8.8708406e-01  4.6134702e-01  1.7170000e+02]
 [ 9.8451582e-01  9.3302820e-02 -1.4767204e-01 -1.1648600e+03]
 [ 0.0000000e+00  0.0000000e+00  0.0000000e+00  1.0000000e+00]]
[+0086.52, +0031.33, -1072.67]
1618, 1876, 1903
[[-1.7440516e-01  4.5125692e-01 -8.7502196e-01  5.3860000e+01]
 [-1.4791160e-02  8.8748414e-01  4.6057102e-01  1.7162000e+02]
 [ 9.8441732e-01  9.3336140e-02 -1.4809026e-01 -1.1648700e+03]
 [ 0.0000000e+00  0.0000000e+00  0.0000000e+00  1.0000000e+00]]
[+0068.17, +0013.04, -1083.63]
2130, 2062, 1736
[[-1.7685954e-01  4.5072336e-01 -8.7495180e-01  5.3770000e+01]
 [-1.4978400e-02  8.8764416e-01  4.6028336e-01  1.7165000e+02]
 [ 9.8410764e-01  9.4517600e-02 -1.5023554e-01 -1.1648900e+03]
 [ 0.0000000e+00  0.0000000e+00  0.0000000e+00  1.0000000e+00]]
[+0084.47, +0066.97, -1087.66]
1618, 1876, 1903
[[-1.7395890e-01  4.5157196e-01 -8.7480672e-01  5.3890000e+01]
 [-1.3975800e-02  8.8739790e-01  4.6073680e-01  1.7162000e+02]
 [ 9.8438240e-01  9.2501280e-02 -1.4802816e-01 -1.1648500e+03]
 [ 0.0000000e+00  0.0000000e+00  0.0000000e+00  1.0000000e+00]]
[+0067.40, +0008.96, -1084.92]
2125, 2036, 888
[[-1.7797588e-01  4.5105034e-01 -8.7428942e-01  5.3670000e+01]
 [-1.3879940e-02  8.8748414e-01  4.6057774e-01  1.7184000e+02]
 [ 9.8368478e-01  9.4223660e-02 -1.5166098e-01 -1.1649500e+03]
 [ 0.0000000e+00  0.0000000e+00  0.0000000e+00  1.0000000e+00]]
[+0122.06, +0101.64, -1115.12]
2161, 1865, 850
[[-1.7708340e-01  4.5228814e-01 -8.7393262e-01  5.3820000e+01]
 [-1.3864420e-02  8.8689164e-01  4.6173626e-01  1.7178000e+02]
 [ 9.8393626e-01  9.3957620e-02 -1.5076420e-01 -1.1649300e+03]
 [ 0.0000000e+00  0.0000000e+00  0.0000000e+00  1.0000000e+00]]
[+0112.95, +0111.89, -1118.75]
2125, 2036, 888
[[-1.7805032e-01  4.5018408e-01 -8.7494892e-01  5.3610000e+01]
 [-1.4146320e-02  8.8794208e-01  4.5972768e-01  1.7192000e+02]
 [ 9.8387052e-01  9.4254720e-02 -1.5172424e-01 -1.1649700e+03]
 [ 0.0000000e+00  0.0000000e+00  0.0000000e+00  1.0000000e+00]]
[+0120.80, +0104.18, -1118.13]
1923, 1968, 996
[[-1.7381618e-01  4.5476448e-01 -8.7318462e-01  5.4150000e+01]
 [-1.4135520e-02  8.8570172e-01  4.6398432e-01  1.7166000e+02]
 [ 9.8440962e-01  9.3115680e-02 -1.4748946e-01 -1.1648300e+03]
 [ 0.0000000e+00  0.0000000e+00  0.0000000e+00  1.0000000e+00]]
[+0120.70, +0091.42, -1101.80]
2125, 2036, 888
[[-1.7768010e-01  4.5296496e-01 -8.7326942e-01  5.3830000e+01]
 [-1.3886960e-02  8.8647468e-01  4.6250064e-01  1.7175000e+02]
 [ 9.8365842e-01  9.4458640e-02 -1.5117978e-01 -1.1648800e+03]
 [ 0.0000000e+00  0.0000000e+00  0.0000000e+00  1.0000000e+00]]
[+0122.29, +0101.29, -1115.28]
1725, 1990, 2117
[[-1.7366626e-01  4.5388398e-01 -8.7387692e-01  5.4030000e+01]
 [-1.4740620e-02  8.8614774e-01  4.6315068e-01  1.7153000e+02]
 [ 9.8460868e-01  9.3355080e-02 -1.4719336e-01 -1.1648500e+03]
 [ 0.0000000e+00  0.0000000e+00  0.0000000e+00  1.0000000e+00]]
[+0062.95, +0002.97, -1094.55]
1623, 1907, 1872
[[-1.7433850e-01  4.5427778e-01 -8.7344604e-01  5.4090000e+01]
 [-1.5372460e-02  8.8583174e-01  4.6371732e-01  1.7154000e+02]
 [ 9.8439828e-01  9.4349160e-02 -1.4743140e-01 -1.1648400e+03]
 [ 0.0000000e+00  0.0000000e+00  0.0000000e+00  1.0000000e+00]]
[+0073.59, +0014.11, -1082.34]
1725, 1990, 2117
[[-1.744105e-01  4.536350e-01 -8.737347e-01  5.399000e+01]
 [-1.526500e-02  8.861750e-01  4.630590e-01  1.715600e+02]
 [ 9.843597e-01  9.419100e-02 -1.476105e-01 -1.164820e+03]
 [ 0.000000e+00  0.000000e+00  0.000000e+00  1.000000e+00]]
[+0063.92, +0004.40, -1093.86]
2149, 1936, 1957
[[-1.7597202e-01  4.5353372e-01 -8.7347572e-01  5.3980000e+01]
 [-1.5166120e-02  8.8615896e-01  4.6309328e-01  1.7151000e+02]
 [ 9.8408468e-01  9.4829120e-02 -1.4903802e-01 -1.1648000e+03]
 [ 0.0000000e+00  0.0000000e+00  0.0000000e+00  1.0000000e+00]]
[+0057.44, +0058.34, -1090.19]
1725, 1990, 2117
[[-1.7470772e-01  4.5362700e-01 -8.7371112e-01  5.4030000e+01]
 [-1.5198000e-02  8.8617500e-01  4.6306700e-01  1.7152000e+02]
 [ 9.8433612e-01  9.4258000e-02 -1.4790772e-01 -1.1648500e+03]
 [ 0.0000000e+00  0.0000000e+00  0.0000000e+00  1.0000000e+00]]
[+0064.84, +0002.76, -1094.27]
1724, 1794, 2182
[[-1.7418834e-01  4.5391664e-01 -8.7369122e-01  5.4030000e+01]
 [-1.5308480e-02  8.8604096e-01  4.6332464e-01  1.7148000e+02]
 [ 9.8445026e-01  9.4147520e-02 -1.4737234e-01 -1.1648500e+03]
 [ 0.0000000e+00  0.0000000e+00  0.0000000e+00  1.0000000e+00]]
[+0042.67, +0003.62, -1099.99]
1725, 1990, 2117
[[-1.7381618e-01  4.5409668e-01 -8.7366924e-01  5.4070000e+01]
 [-1.4953320e-02  8.8599782e-01  4.6341824e-01  1.7156000e+02]
 [ 9.8451924e-01  9.3681760e-02 -1.4719336e-01 -1.1648300e+03]
 [ 0.0000000e+00  0.0000000e+00  0.0000000e+00  1.0000000e+00]]
[+0067.63, +0005.28, -1092.47]
1879, 2219, 1369
[[-1.7530228e-01  4.5372216e-01 -8.7347768e-01  5.4010000e+01]
 [-1.4877840e-02  8.8611598e-01  4.6317846e-01  1.7162000e+02]
 [ 9.8417768e-01  9.4296540e-02 -1.4856130e-01 -1.1648400e+03]
 [ 0.0000000e+00  0.0000000e+00  0.0000000e+00  1.0000000e+00]]
[+0123.87, +0061.90, -1094.74]
1718, 2237, 1373
[[-1.7448552e-01  4.5416832e-01 -8.7344404e-01  5.4060000e+01]
 [-1.4906720e-02  8.8592280e-01  4.6355316e-01  1.7162000e+02]
 [ 9.8435316e-01  9.3994040e-02 -1.4778768e-01 -1.1648400e+03]
 [ 0.0000000e+00  0.0000000e+00  0.0000000e+00  1.0000000e+00]]
[+0129.84, +0048.32, -1094.59]
1879, 2219, 1369
[[-1.7537730e-01  4.5414444e-01 -8.7337312e-01  5.4020000e+01]
 [-1.4705480e-02  8.8592280e-01  4.6357704e-01  1.7162000e+02]
 [ 9.8428224e-01  9.4195280e-02 -1.4867946e-01 -1.1648300e+03]
 [ 0.0000000e+00  0.0000000e+00  0.0000000e+00  1.0000000e+00]]
[+0122.51, +0062.72, -1094.08]
1763, 1263, 1213
[[-1.7381940e-01  4.5523498e-01 -8.7294094e-01  5.4220000e+01]
 [-1.4665340e-02  8.8540140e-01  4.6454098e-01  1.7160000e+02]
 [ 9.8440322e-01  9.3672340e-02 -1.4719236e-01 -1.1648300e+03]
 [ 0.0000000e+00  0.0000000e+00  0.0000000e+00  1.0000000e+00]]
[+0054.88, +0087.14, -1078.46]
1879, 2219, 1369
[[-1.7485506e-01  4.5348018e-01 -8.7356040e-01  5.3990000e+01]
 [-1.4694900e-02  8.8626590e-01  4.6287320e-01  1.7162000e+02]
 [ 9.8414232e-01  9.3932240e-02 -1.4826400e-01 -1.1648300e+03]
 [ 0.0000000e+00  0.0000000e+00  0.0000000e+00  1.0000000e+00]]
[+0123.66, +0063.00, -1094.90]
1880, 2191, 1535
[[-1.7559962e-01  4.5386286e-01 -8.7341646e-01  5.4020000e+01]
 [-1.4662140e-02  8.8605692e-01  4.6331138e-01  1.7157000e+02]
 [ 9.8419146e-01  9.4238620e-02 -1.4891770e-01 -1.1648300e+03]
 [ 0.0000000e+00  0.0000000e+00  0.0000000e+00  1.0000000e+00]]
[+0108.95, +0053.89, -1087.31]
1879, 2219, 1369
[[-1.7500498e-01  4.5373014e-01 -8.7350136e-01  5.4000000e+01]
 [-1.4944860e-02  8.8611598e-01  4.6317048e-01  1.7162000e+02]
 [ 9.8420136e-01  9.4229520e-02 -1.4826400e-01 -1.1648400e+03]
 [ 0.0000000e+00  0.0000000e+00  0.0000000e+00  1.0000000e+00]]
[+0123.20, +0063.19, -1094.81]
922, 2186, 1797
[[-1.7210626e-01  4.5424366e-01 -8.7391096e-01  5.4150000e+01]
 [-1.4505140e-02  8.8604510e-01  4.6333832e-01  1.7159000e+02]
 [ 9.8480824e-01  9.2495920e-02 -1.4588580e-01 -1.1648700e+03]
 [ 0.0000000e+00  0.0000000e+00  0.0000000e+00  1.0000000e+00]]
[+0118.74, -0027.03, -1124.51]
787, 1917, 2071
[[-1.7143546e-01  4.5370006e-01 -8.7437918e-01  5.4190000e+01]
 [-1.4020780e-02  8.8641900e-01  4.6264754e-01  1.7147000e+02]
 [ 9.8498026e-01  9.1627420e-02 -1.4558890e-01 -1.1648000e+03]
 [ 0.0000000e+00  0.0000000e+00  0.0000000e+00  1.0000000e+00]]
[+0090.05, -0043.75, -1137.76]
922, 2186, 1797
[[-1.7284752e-01  4.5356176e-01 -8.7416096e-01  5.4120000e+01]
 [-1.4536640e-02  8.8637232e-01  4.6271888e-01  1.7159000e+02]
 [ 9.8471536e-01  9.2745920e-02 -1.4659920e-01 -1.1648500e+03]
 [ 0.0000000e+00  0.0000000e+00  0.0000000e+00  1.0000000e+00]]
[+0121.06, -0025.77, -1125.13]
1286, 1940, 1735
[[-1.7218116e-01  4.5488778e-01 -8.7343458e-01  5.4240000e+01]
 [-1.3961580e-02  8.8573292e-01  4.6392818e-01  1.7159000e+02]
 [ 9.8469078e-01  9.2202980e-02 -1.4612308e-01 -1.1648400e+03]
 [ 0.0000000e+00  0.0000000e+00  0.0000000e+00  1.0000000e+00]]
[+0093.48, -0001.02, -1085.62]
922, 2186, 1797
[[-1.7277274e-01  4.5369626e-01 -8.7396724e-01  5.4150000e+01]
 [-1.4077060e-02  8.8632878e-01  4.6279108e-01  1.7158000e+02]
 [ 9.8461204e-01  9.2376680e-02 -1.4671752e-01 -1.1648200e+03]
 [ 0.0000000e+00  0.0000000e+00  0.0000000e+00  1.0000000e+00]]
[+0120.68, -0026.42, -1125.30]
769, 2019, 1559
[[-1.7181234e-01  4.5572416e-01 -8.7327944e-01  5.4380000e+01]
 [-1.4026240e-02  8.8532960e-01  4.6473352e-01  1.7167000e+02]
 [ 9.8493896e-01  9.2138320e-02 -1.4570770e-01 -1.1648300e+03]
 [ 0.0000000e+00  0.0000000e+00  0.0000000e+00  1.0000000e+00]]
[+0125.66, -0027.57, -1119.36]
922, 2186, 1797
[[-1.7321940e-01  4.5308490e-01 -8.7425770e-01  5.4030000e+01]
 [-1.5188980e-02  8.8653366e-01  4.6237470e-01  1.7151000e+02]
 [ 9.8457186e-01  9.3461980e-02 -1.4666010e-01 -1.1648300e+03]
 [ 0.0000000e+00  0.0000000e+00  0.0000000e+00  1.0000000e+00]]
[+0119.96, -0026.58, -1125.85]
1088, 1944, 994
[[-1.7203418e-01  4.5559122e-01 -8.7328596e-01  5.4320000e+01]
 [-1.3833780e-02  8.8540462e-01  4.6459284e-01  1.7163000e+02]
 [ 9.8488596e-01  9.2057160e-02 -1.4600456e-01 -1.1648200e+03]
 [ 0.0000000e+00  0.0000000e+00  0.0000000e+00  1.0000000e+00]]
[+0144.39, +0029.71, -1089.17]
1324, 968, 1124
[[-1.7240610e-01  4.5593052e-01 -8.7286096e-01  5.4360000e+01]
 [-1.3519720e-02  8.8521048e-01  4.6493976e-01  1.7157000e+02]
 [ 9.8467056e-01  9.2082160e-02 -1.4642058e-01 -1.1647800e+03]
 [ 0.0000000e+00  0.0000000e+00  0.0000000e+00  1.0000000e+00]]
[+0036.97, +0063.86, -1063.86]
1088, 1944, 994
[[-1.7270304e-01  4.5551488e-01 -8.7309864e-01  5.4310000e+01]
 [-1.3935360e-02  8.8538910e-01  4.6460192e-01  1.7164000e+02]
 [ 9.8468312e-01  9.2495040e-02 -1.4653890e-01 -1.1648300e+03]
 [ 0.0000000e+00  0.0000000e+00  0.0000000e+00  1.0000000e+00]]
[+0149.54, +0028.18, -1092.16]
1074, 1971, 1223
[[-1.7210920e-01  4.5508512e-01 -8.7325784e-01  5.4280000e+01]
 [-1.4515200e-02  8.8556736e-01  4.6421088e-01  1.7161000e+02]
 [ 9.8461720e-01  9.2736000e-02 -1.4576680e-01 -1.1648500e+03]
 [ 0.0000000e+00  0.0000000e+00  0.0000000e+00  1.0000000e+00]]
[+0139.07, +0010.34, -1091.65]
1088, 1944, 994
[[-1.7285320e-01  4.5546816e-01 -8.7311428e-01  5.4320000e+01]
 [-1.4482560e-02  8.8535782e-01  4.6464864e-01  1.7163000e+02]
 [ 9.8466748e-01  9.3042240e-02 -1.4642002e-01 -1.1648200e+03]
 [ 0.0000000e+00  0.0000000e+00  0.0000000e+00  1.0000000e+00]]
[+0148.52, +0026.76, -1091.74]
1782, 2115, 1014
[[-1.7418568e-01  4.5415148e-01 -8.7359856e-01  5.4150000e+01]
 [-1.3998280e-02  8.8604510e-01  4.6336344e-01  1.7164000e+02]
 [ 9.8449584e-01  9.2994960e-02 -1.4796522e-01 -1.1647900e+03]
 [ 0.0000000e+00  0.0000000e+00  0.0000000e+00  1.0000000e+00]]
[+0137.00, +0078.86, -1105.46]
1088, 1944, 994
[[-1.7181600e-01  4.5600920e-01 -8.7292440e-01  5.4410000e+01]
 [-1.4667600e-02  8.8508862e-01  4.6513466e-01  1.7175000e+02]
 [ 9.8474680e-01  9.2849340e-02 -1.4535138e-01 -1.1648500e+03]
 [ 0.0000000e+00  0.0000000e+00  0.0000000e+00  1.0000000e+00]]
[+0145.08, +0028.71, -1090.12]
1636, 1527, 2063
[[-1.7463568e-01  4.5397256e-01 -8.7349760e-01  5.4120000e+01]
 [-1.5602560e-02  8.8594982e-01  4.6347530e-01  1.7148000e+02]
 [ 9.8429960e-01  9.4666300e-02 -1.4761050e-01 -1.1647800e+03]
 [ 0.0000000e+00  0.0000000e+00  0.0000000e+00  1.0000000e+00]]
[+0027.34, +0012.43, -1098.98]
997, 1925, 1735
[[-1.7218426e-01  4.5509938e-01 -8.7341414e-01  5.4280000e+01]
 [-1.4826340e-02  8.8555164e-01  4.6426382e-01  1.7160000e+02]
 [ 9.8475778e-01  9.2979940e-02 -1.4570746e-01 -1.1648700e+03]
 [ 0.0000000e+00  0.0000000e+00  0.0000000e+00  1.0000000e+00]]
[+0106.24, -0025.49, -1104.54]
1636, 1527, 2063
[[-1.7448552e-01  4.5401972e-01 -8.7348156e-01  5.4100000e+01]
 [-1.5055320e-02  8.8598190e-01  4.6342814e-01  1.7146000e+02]
 [ 9.8431564e-01  9.4119060e-02 -1.4772858e-01 -1.1648100e+03]
 [ 0.0000000e+00  0.0000000e+00  0.0000000e+00  1.0000000e+00]]
[+0027.57, +0013.12, -1098.70]
1842, 1943, 2167
[[-1.7508000e-01  4.5314944e-01 -8.7380808e-01  5.4020000e+01]
 [-1.5850560e-02  8.8633566e-01  4.6272364e-01  1.7145000e+02]
 [ 9.8419192e-01  9.4973640e-02 -1.4796930e-01 -1.1647900e+03]
 [ 0.0000000e+00  0.0000000e+00  0.0000000e+00  1.0000000e+00]]
[+0053.25, +0016.81, -1093.88]
1636, 1527, 2063
[[-1.7374426e-01  4.5459090e-01 -8.7341792e-01  5.4200000e+01]
 [-1.5209580e-02  8.8571350e-01  4.6395144e-01  1.7151000e+02]
 [ 9.8452040e-01  9.3964800e-02 -1.4695540e-01 -1.1647800e+03]
 [ 0.0000000e+00  0.0000000e+00  0.0000000e+00  1.0000000e+00]]
[+0030.45, +0013.97, -1096.25]
1886, 1526, 1572
[[-1.7418834e-01  4.5458450e-01 -8.7320646e-01  5.4190000e+01]
 [-1.4490540e-02  8.8574526e-01  4.6389070e-01  1.7156000e+02]
 [ 9.8434070e-01  9.3581460e-02 -1.4766804e-01 -1.1648200e+03]
 [ 0.0000000e+00  0.0000000e+00  0.0000000e+00  1.0000000e+00]]
[+0051.16, +0072.68, -1081.76]
1636, 1527, 2063
[[-1.7426340e-01  4.5441236e-01 -8.7325192e-01  5.4150000e+01]
 [-1.4912720e-02  8.8578860e-01  4.6378924e-01  1.7148000e+02]
 [ 9.8429524e-01  9.3980080e-02 -1.4754964e-01 -1.1647900e+03]
 [ 0.0000000e+00  0.0000000e+00  0.0000000e+00  1.0000000e+00]]
[+0029.16, +0009.36, -1098.95]
1015, 891, 1157
[[-1.7166970e-01  4.5652658e-01 -8.7266446e-01  5.4440000e+01]
 [-1.4650940e-02  8.8481910e-01  4.6564418e-01  1.7159000e+02]
 [ 9.8475638e-01  9.2858140e-02 -1.4517364e-01 -1.1648700e+03]
 [ 0.0000000e+00  0.0000000e+00  0.0000000e+00  1.0000000e+00]]
[+0035.62, +0028.04, -1058.12]
968, 1138, 1530
[[-1.7151922e-01  4.5590628e-01 -8.7313358e-01  5.4340000e+01]
 [-1.4920920e-02  8.8514808e-01  4.6503132e-01  1.7160000e+02]
 [ 9.8488078e-01  9.2877480e-02 -1.4499514e-01 -1.1648300e+03]
 [ 0.0000000e+00  0.0000000e+00  0.0000000e+00  1.0000000e+00]]
[+0043.74, -0013.44, -1078.39]
1015, 891, 1157
[[-1.7159444e-01  4.5643902e-01 -8.7284262e-01  5.4420000e+01]
 [-1.4563380e-02  8.8489436e-01  4.6552558e-01  1.7158000e+02]
 [ 9.8487498e-01  9.2679980e-02 -1.4517364e-01 -1.1648100e+03]
 [ 0.0000000e+00  0.0000000e+00  0.0000000e+00  1.0000000e+00]]
[+0036.18, +0026.03, -1057.82]
773, 1094, 992
[[-1.7151922e-01  4.5672136e-01 -8.7261122e-01  5.4470000e+01]
 [-1.3955440e-02  8.8479072e-01  4.6572296e-01  1.7165000e+02]
 [ 9.8480962e-01  9.2185840e-02 -1.4535250e-01 -1.1648100e+03]
 [ 0.0000000e+00  0.0000000e+00  0.0000000e+00  1.0000000e+00]]
[+0084.62, +0006.39, -1051.82]
1015, 891, 1157
[[-1.7196250e-01  4.5619628e-01 -8.7284796e-01  5.4390000e+01]
 [-1.3904680e-02  8.8506032e-01  4.6522116e-01  1.7157000e+02]
 [ 9.8477676e-01  9.2244360e-02 -1.4582682e-01 -1.1648100e+03]
 [ 0.0000000e+00  0.0000000e+00  0.0000000e+00  1.0000000e+00]]
[+0034.25, +0028.18, -1058.34]
1293, 1124, 1036
[[-1.7218804e-01  4.5597808e-01 -8.7290904e-01  5.4350000e+01]
 [-1.4873840e-02  8.8507286e-01  4.6516578e-01  1.7159000e+02]
 [ 9.8471568e-01  9.3190260e-02 -1.4558874e-01 -1.1648300e+03]
 [ 0.0000000e+00  0.0000000e+00  0.0000000e+00  1.0000000e+00]]
[+0064.23, +0063.29, -1056.58]
1015, 891, 1157
[[-1.7270658e-01  4.5639340e-01 -8.7259330e-01  5.4400000e+01]
 [-1.3982600e-02  8.8491000e-01  4.6550380e-01  1.7158000e+02]
 [ 9.8464130e-01  9.2705800e-02 -1.4642058e-01 -1.1647600e+03]
 [ 0.0000000e+00  0.0000000e+00  0.0000000e+00  1.0000000e+00]]
[+0034.32, +0026.61, -1058.42]
1850, 1795, 1087
[[-1.7426340e-01  4.5470952e-01 -8.7317684e-01  5.4170000e+01]
 [-1.4615560e-02  8.8567020e-01  4.6403928e-01  1.7157000e+02]
 [ 9.8437032e-01  9.3730040e-02 -1.4766804e-01 -1.1648000e+03]
 [ 0.0000000e+00  0.0000000e+00  0.0000000e+00  1.0000000e+00]]
[+0108.56, +0093.19, -1090.15]
771, 1030, 927
[[-1.7174082e-01  4.5688524e-01 -8.7254268e-01  5.4500000e+01]
 [-1.3466040e-02  8.8474646e-01  4.6583264e-01  1.7167000e+02]
 [ 9.8483172e-01  9.1854560e-02 -1.4576872e-01 -1.1648200e+03]
 [ 0.0000000e+00  0.0000000e+00  0.0000000e+00  1.0000000e+00]]
[+0079.60, +0013.83, -1047.63]
1850, 1795, 1087
[[-1.7448552e-01  4.5457660e-01 -8.7318288e-01  5.4160000e+01]
 [-1.4423400e-02  8.8574526e-01  4.6389860e-01  1.7156000e+02]
 [ 9.8431712e-01  9.3648600e-02 -1.4796522e-01 -1.1648100e+03]
 [ 0.0000000e+00  0.0000000e+00  0.0000000e+00  1.0000000e+00]]
[+0108.90, +0093.67, -1090.62]
1975, 1654, 913
[[-1.7478600e-01  4.5518760e-01 -8.7287820e-01  5.4220000e+01]
 [-1.4737200e-02  8.8538552e-01  4.6458836e-01  1.7159000e+02]
 [ 9.8432460e-01  9.4147640e-02 -1.4802448e-01 -1.1648100e+03]
 [ 0.0000000e+00  0.0000000e+00  0.0000000e+00  1.0000000e+00]]
[+0102.23, +0113.77, -1105.44]
1850, 1795, 1087
[[-1.7351908e-01  4.5492086e-01 -8.7317062e-01  5.4240000e+01]
 [-1.4054140e-02  8.8564238e-01  4.6410154e-01  1.7160000e+02]
 [ 9.8447062e-01  9.2923460e-02 -1.4725170e-01 -1.1648100e+03]
 [ 0.0000000e+00  0.0000000e+00  0.0000000e+00  1.0000000e+00]]
[+0108.34, +0089.58, -1088.48]
2116, 1294, 1686
[[-1.7538048e-01  4.5405776e-01 -8.7342896e-01  5.4200000e+01]
 [-1.5867040e-02  8.8585848e-01  4.6366372e-01  1.7147000e+02]
 [ 9.8427376e-01  9.5222680e-02 -1.4814600e-01 -1.1645900e+03]
 [ 0.0000000e+00  0.0000000e+00  0.0000000e+00  1.0000000e+00]]
[+0023.34, +0082.81, -1107.45]
1850, 1795, 1087
[[-1.7225610e-01  4.5516140e-01 -8.7336740e-01  5.4370000e+01]
 [-1.3938280e-02  8.8559856e-01  4.6420180e-01  1.7163000e+02]
 [ 9.8475796e-01  9.2226280e-02 -1.4618250e-01 -1.1646500e+03]
 [ 0.0000000e+00  0.0000000e+00  0.0000000e+00  1.0000000e+00]]
[+0109.11, +0087.49, -1088.00]
1464, 1489, 1086
[[-1.7225936e-01  4.5548388e-01 -8.7316092e-01  5.4440000e+01]
 [-1.4617080e-02  8.8535782e-01  4.6463292e-01  1.7162000e+02]
 [ 9.8471412e-01  9.2907720e-02 -1.4582618e-01 -1.1646400e+03]
 [ 0.0000000e+00  0.0000000e+00  0.0000000e+00  1.0000000e+00]]
[+0090.84, +0065.60, -1064.05]
848, 2176, 1991
[[-1.6883584e-01  4.5403584e-01 -8.7458336e-01  5.4450000e+01]
 [-1.1448960e-02  8.8658400e-01  4.6237872e-01  1.7189000e+02]
 [ 9.8534944e-01  8.8185120e-02 -1.4446240e-01 -1.1648200e+03]
 [ 0.0000000e+00  0.0000000e+00  0.0000000e+00  1.0000000e+00]]
[+0110.04, -0033.07, -1130.99]
1464, 1489, 1086
[[-1.7203764e-01  4.5672912e-01 -8.7255700e-01  5.4440000e+01]
 [-1.3547000e-02  8.8480620e-01  4.6571520e-01  1.7170000e+02]
 [ 9.8477088e-01  9.2047160e-02 -1.4600580e-01 -1.1647400e+03]
 [ 0.0000000e+00  0.0000000e+00  0.0000000e+00  1.0000000e+00]]
[+0090.27, +0070.32, -1065.24]
1541, 1641, 1023
[[-1.7211282e-01  4.5644660e-01 -8.7278836e-01  5.4390000e+01]
 [-1.4155000e-02  8.8491000e-01  4.6551800e-01  1.7169000e+02]
 [ 9.8483636e-01  9.2541200e-02 -1.4582682e-01 -1.1647900e+03]
 [ 0.0000000e+00  0.0000000e+00  0.0000000e+00  1.0000000e+00]]
[+0107.99, +0078.24, -1074.14]
1464, 1489, 1086
[[-1.7144404e-01  4.5678214e-01 -8.7275186e-01  5.4470000e+01]
 [-1.3719460e-02  8.8480620e-01  4.6572962e-01  1.7170000e+02]
 [ 9.8496574e-01  9.1882420e-02 -1.4541220e-01 -1.1647400e+03]
 [ 0.0000000e+00  0.0000000e+00  0.0000000e+00  1.0000000e+00]]
[+0091.33, +0067.57, -1064.77]
1767, 1436, 1332
[[-1.7307874e-01  4.5591676e-01 -8.7269060e-01  5.4300000e+01]
 [-1.4634200e-02  8.8507286e-01  4.6515976e-01  1.7163000e+02]
 [ 9.8449724e-01  9.3422000e-02 -1.4647944e-01 -1.1648300e+03]
 [ 0.0000000e+00  0.0000000e+00  0.0000000e+00  1.0000000e+00]]
[+0060.89, +0080.03, -1076.41]
1464, 1489, 1086
[[-1.7278180e-01  4.5666696e-01 -8.7252588e-01  5.4380000e+01]
 [-1.3959240e-02  8.8477516e-01  4.6577736e-01  1.7169000e+02]
 [ 9.8470872e-01  9.2729160e-02 -1.4648020e-01 -1.1648100e+03]
 [ 0.0000000e+00  0.0000000e+00  0.0000000e+00  1.0000000e+00]]
[+0092.21, +0065.66, -1064.50]
1763, 776, 1640
[[-1.7404506e-01  4.5616662e-01 -8.7255286e-01  5.4310000e+01]
 [-1.4408660e-02  8.8493814e-01  4.6545702e-01  1.7155000e+02]
 [ 9.8449422e-01  9.3647540e-02 -1.4742996e-01 -1.1647700e+03]
 [ 0.0000000e+00  0.0000000e+00  0.0000000e+00  1.0000000e+00]]
[-0008.30, +0068.52, -1125.66]
1595, 1802, 1873
[[-1.7330050e-01  4.5541350e-01 -8.7310670e-01  5.4240000e+01]
 [-1.4962500e-02  8.8532622e-01  4.6470330e-01  1.7160000e+02]
 [ 9.8462830e-01  9.3656700e-02 -1.4659828e-01 -1.1648200e+03]
 [ 0.0000000e+00  0.0000000e+00  0.0000000e+00  1.0000000e+00]]
[+0065.38, +0011.50, -1082.56]
1763, 776, 1640
[[-1.7360162e-01  4.5669186e-01 -8.7231648e-01  5.4360000e+01]
 [-1.4458860e-02  8.8466846e-01  4.6595856e-01  1.7159000e+02]
 [ 9.8452752e-01  9.3589440e-02 -1.4695492e-01 -1.1648100e+03]
 [ 0.0000000e+00  0.0000000e+00  0.0000000e+00  1.0000000e+00]]
[-0006.42, +0069.38, -1123.82]
1915, 813, 1583
[[-1.7397402e-01  4.5651194e-01 -8.7233862e-01  5.4330000e+01]
 [-1.4813460e-02  8.8471212e-01  4.6586494e-01  1.7162000e+02]
 [ 9.8445842e-01  9.4055460e-02 -1.4713290e-01 -1.1647900e+03]
 [ 0.0000000e+00  0.0000000e+00  0.0000000e+00  1.0000000e+00]]
[+0000.66, +0083.10, -1125.07]
1763, 776, 1640
[[-1.7286160e-01  4.5681732e-01 -8.7236484e-01  5.4380000e+01]
 [-1.5059880e-02  8.8457720e-01  4.6610664e-01  1.7157000e+02]
 [ 9.8461956e-01  9.3809040e-02 -1.4600456e-01 -1.1648000e+03]
 [ 0.0000000e+00  0.0000000e+00  0.0000000e+00  1.0000000e+00]]
[-0006.29, +0065.92, -1122.47]
1605, 837, 1256
[[-1.7196648e-01  4.5737148e-01 -8.7226700e-01  5.4430000e+01]
 [-1.3655480e-02  8.8446102e-01  4.6637310e-01  1.7165000e+02]
 [ 9.8481060e-01  9.2204500e-02 -1.4582850e-01 -1.1647900e+03]
 [ 0.0000000e+00  0.0000000e+00  0.0000000e+00  1.0000000e+00]]
[+0014.78, +0081.66, -1091.36]
1763, 776, 1640
[[-1.7419570e-01  4.5626812e-01 -8.7253106e-01  5.4310000e+01]
 [-1.4807240e-02  8.8484696e-01  4.6562908e-01  1.7155000e+02]
 [ 9.8451602e-01  9.4069640e-02 -1.4737050e-01 -1.1648000e+03]
 [ 0.0000000e+00  0.0000000e+00  0.0000000e+00  1.0000000e+00]]
[-0008.25, +0068.41, -1125.61]
2160, 1360, 1679
[[-1.7523370e-01  4.5498370e-01 -8.7290820e-01  5.4140000e+01]
 [-1.5365740e-02  8.8541270e-01  4.6451868e-01  1.7154000e+02]
 [ 9.8424732e-01  9.4887000e-02 -1.4814404e-01 -1.1648000e+03]
 [ 0.0000000e+00  0.0000000e+00  0.0000000e+00  1.0000000e+00]]
[+0029.13, +0084.53, -1105.27]
1561, 1495, 2239
[[-1.7352234e-01  4.5483492e-01 -8.7322568e-01  5.4170000e+01]
 [-1.5215720e-02  8.8557918e-01  4.6418748e-01  1.7149000e+02]
 [ 9.8446248e-01  9.3950680e-02 -1.4671752e-01 -1.1648100e+03]
 [ 0.0000000e+00  0.0000000e+00  0.0000000e+00  1.0000000e+00]]
[+0025.58, -0004.11, -1113.66]
2160, 1360, 1679
[[-1.7463568e-01  4.5564308e-01 -8.7260108e-01  5.4200000e+01]
 [-1.3706680e-02  8.8523894e-01  4.6488632e-01  1.7157000e+02]
 [ 9.8430452e-01  9.3255280e-02 -1.4832138e-01 -1.1647900e+03]
 [ 0.0000000e+00  0.0000000e+00  0.0000000e+00  1.0000000e+00]]
[+0030.71, +0087.11, -1105.29]
1850, 1777, 1247
[[-1.7270658e-01  4.5628254e-01 -8.7277936e-01  5.4310000e+01]
 [-1.4168660e-02  8.8496958e-01  4.6540848e-01  1.7168000e+02]
 [ 9.8475216e-01  9.2801120e-02 -1.4636100e-01 -1.1648400e+03]
 [ 0.0000000e+00  0.0000000e+00  0.0000000e+00  1.0000000e+00]]
[+0098.79, +0077.72, -1080.82]
2160, 1360, 1679
[[-1.7486122e-01  4.5501538e-01 -8.7292380e-01  5.4160000e+01]
 [-1.5159380e-02  8.8542878e-01  4.6448700e-01  1.7153000e+02]
 [ 9.8427900e-01  9.4546200e-02 -1.4790600e-01 -1.1648200e+03]
 [ 0.0000000e+00  0.0000000e+00  0.0000000e+00  1.0000000e+00]]
[+0027.99, +0084.65, -1105.99]
2062, 1216, 1609
[[-1.7374800e-01  4.5617452e-01 -8.7257636e-01  5.4310000e+01]
 [-1.4476040e-02  8.8493814e-01  4.6544912e-01  1.7161000e+02]
 [ 9.8451772e-01  9.3580160e-02 -1.4713290e-01 -1.1648000e+03]
 [ 0.0000000e+00  0.0000000e+00  0.0000000e+00  1.0000000e+00]]
[+0024.29, +0084.83, -1105.28]
2160, 1360, 1679
[[-1.7508322e-01  4.5503102e-01 -8.7289216e-01  5.4170000e+01]
 [-1.4818580e-02  8.8544478e-01  4.6447136e-01  1.7154000e+02]
 [ 9.8426336e-01  9.4339840e-02 -1.4826244e-01 -1.1647700e+03]
 [ 0.0000000e+00  0.0000000e+00  0.0000000e+00  1.0000000e+00]]
[+0028.89, +0084.04, -1105.23]
1671, 857, 2229
[[-1.7545570e-01  4.5399648e-01 -8.7328846e-01  5.4100000e+01]
 [-1.6103040e-02  8.8584220e-01  4.6365792e-01  1.7132000e+02]
 [ 9.8411698e-01  9.5525760e-02 -1.4808706e-01 -1.1647200e+03]
 [ 0.0000000e+00  0.0000000e+00  0.0000000e+00  1.0000000e+00]]
[-0007.29, +0022.98, -1149.02]
1466, 812, 2163
[[-1.7300770e-01  4.5644842e-01 -8.7258714e-01  5.4370000e+01]
 [-1.4928380e-02  8.8478750e-01  4.6572234e-01  1.7155000e+02]
 [ 9.8464746e-01  9.3674940e-02 -1.4624196e-01 -1.1648100e+03]
 [ 0.0000000e+00  0.0000000e+00  0.0000000e+00  1.0000000e+00]]
[-0007.56, +0014.59, -1147.47]
1671, 857, 2229
[[-1.7508712e-01  4.5409060e-01 -8.7332272e-01  5.4060000e+01]
 [-1.6909400e-02  8.8573406e-01  4.6383740e-01  1.7136000e+02]
 [ 9.8417728e-01  9.6087400e-02 -1.4737482e-01 -1.1647700e+03]
 [ 0.0000000e+00  0.0000000e+00  0.0000000e+00  1.0000000e+00]]
[-0006.39, +0023.71, -1147.58]
1440, 2183, 2054
[[-1.7240610e-01  4.5541172e-01 -8.7330796e-01  5.4270000e+01]
 [-1.4188600e-02  8.8544856e-01  4.6449872e-01  1.7168000e+02]
 [ 9.8481740e-01  9.2523200e-02 -1.4618250e-01 -1.1647400e+03]
 [ 0.0000000e+00  0.0000000e+00  0.0000000e+00  1.0000000e+00]]
[+0096.29, -0009.55, -1102.09]
1671, 857, 2229
[[-1.7545570e-01  4.5429376e-01 -8.7321322e-01  5.4130000e+01]
 [-1.5805760e-02  8.8572428e-01  4.6390784e-01  1.7136000e+02]
 [ 9.8419222e-01  9.5275840e-02 -1.4820498e-01 -1.1647000e+03]
 [ 0.0000000e+00  0.0000000e+00  0.0000000e+00  1.0000000e+00]]
[-0006.79, +0023.60, -1148.29]
1950, 795, 1393
[[-1.7248932e-01  4.5673786e-01 -8.7256634e-01  5.4460000e+01]
 [-1.5039940e-02  8.8465262e-01  4.6598002e-01  1.7160000e+02]
 [ 9.8476154e-01  9.3563380e-02 -1.4570770e-01 -1.1647700e+03]
 [ 0.0000000e+00  0.0000000e+00  0.0000000e+00  1.0000000e+00]]
[+0006.79, +0097.34, -1125.40]
1671, 857, 2229
[[-1.7456404e-01  4.5416954e-01 -8.7332170e-01  5.4200000e+01]
 [-1.6155700e-02  8.8578326e-01  4.6375846e-01  1.7138000e+02]
 [ 9.8422546e-01  9.5199500e-02 -1.4725434e-01 -1.1647000e+03]
 [ 0.0000000e+00  0.0000000e+00  0.0000000e+00  1.0000000e+00]]
[-0006.64, +0023.51, -1147.83]
2130, 1288, 1732
[[-1.7426690e-01  4.5562566e-01 -8.7282048e-01  5.4310000e+01]
 [-1.4699580e-02  8.8519166e-01  4.6497104e-01  1.7159000e+02]
 [ 9.8447664e-01  9.3911680e-02 -1.4754880e-01 -1.1647800e+03]
 [ 0.0000000e+00  0.0000000e+00  0.0000000e+00  1.0000000e+00]]
[+0023.74, +0082.88, -1108.60]
1963, 1184, 1781
[[-1.7337572e-01  4.5620586e-01 -8.7259194e-01  5.4390000e+01]
 [-1.4269860e-02  8.8495390e-01  4.6541778e-01  1.7160000e+02]
 [ 9.8454906e-01  9.3239220e-02 -1.4689538e-01 -1.1647700e+03]
 [ 0.0000000e+00  0.0000000e+00  0.0000000e+00  1.0000000e+00]]
[+0013.68, +0064.11, -1105.90]
2130, 1288, 1732
[[-1.7426690e-01  4.5558804e-01 -8.7267192e-01  5.4310000e+01]
 [-1.4661960e-02  8.8519166e-01  4.6494136e-01  1.7159000e+02]
 [ 9.8432808e-01  9.3941360e-02 -1.4754880e-01 -1.1647700e+03]
 [ 0.0000000e+00  0.0000000e+00  0.0000000e+00  1.0000000e+00]]
[+0023.18, +0082.01, -1108.49]
2249, 1153, 1849
[[-1.7612560e-01  4.5462452e-01 -8.7276364e-01  5.4160000e+01]
 [-1.5423800e-02  8.8553094e-01  4.6426352e-01  1.7145000e+02]
 [ 9.8395220e-01  9.5368000e-02 -1.4891770e-01 -1.1647300e+03]
 [ 0.0000000e+00  0.0000000e+00  0.0000000e+00  1.0000000e+00]]
[+0012.37, +0078.95, -1125.19]
2130, 1288, 1732
[[-1.7382330e-01  4.5615104e-01 -8.7258428e-01  5.4370000e+01]
 [-1.4749600e-02  8.8492230e-01  4.6547260e-01  1.7163000e+02]
 [ 9.8450980e-01  9.3853720e-02 -1.4707344e-01 -1.1647800e+03]
 [ 0.0000000e+00  0.0000000e+00  0.0000000e+00  1.0000000e+00]]
[+0025.11, +0077.63, -1105.62]
2213, 913, 1219
[[-1.7427108e-01  4.5635544e-01 -8.7235280e-01  5.4420000e+01]
 [-1.4894560e-02  8.8477158e-01  4.6574790e-01  1.7161000e+02]
 [ 9.8439720e-01  9.4247900e-02 -1.4737050e-01 -1.1647700e+03]
 [ 0.0000000e+00  0.0000000e+00  0.0000000e+00  1.0000000e+00]]
[+0029.19, +0116.04, -1134.70]
2130, 1288, 1732
[[-1.7367274e-01  4.5560392e-01 -8.7271896e-01  5.4340000e+01]
 [-1.4796560e-02  8.8519166e-01  4.6492548e-01  1.7158000e+02]
 [ 9.8437512e-01  9.3806760e-02 -1.4695464e-01 -1.1647800e+03]
 [ 0.0000000e+00  0.0000000e+00  0.0000000e+00  1.0000000e+00]]
[+0022.63, +0077.24, -1108.03]
1258, 1177, 1460
[[-1.7211282e-01  4.5711350e-01 -8.7230352e-01  5.4510000e+01]
 [-1.3337700e-02  8.8461150e-01  4.6608400e-01  1.7168000e+02]
 [ 9.8472752e-01  9.1975200e-02 -1.4612532e-01 -1.1647800e+03]
 [ 0.0000000e+00  0.0000000e+00  0.0000000e+00  1.0000000e+00]]
[+0040.69, +0024.40, -1068.02]
1452, 1099, 1243
[[-1.7204178e-01  4.5690302e-01 -8.7238774e-01  5.4520000e+01]
 [-1.4374220e-02  8.8462460e-01  4.6602094e-01  1.7168000e+02]
 [ 9.8468986e-01  9.2853460e-02 -1.4558962e-01 -1.1648100e+03]
 [ 0.0000000e+00  0.0000000e+00  0.0000000e+00  1.0000000e+00]]
[+0040.83, +0064.27, -1067.72]
1258, 1177, 1460
[[-1.7240968e-01  4.5680892e-01 -8.7235540e-01  5.4500000e+01]
 [-1.3567080e-02  8.8473102e-01  4.6584150e-01  1.7166000e+02]
 [ 9.8462900e-01  9.2292900e-02 -1.4630266e-01 -1.1647500e+03]
 [ 0.0000000e+00  0.0000000e+00  0.0000000e+00  1.0000000e+00]]
[+0040.38, +0022.94, -1068.49]
1291, 1029, 1543
[[-1.7218804e-01  4.5668256e-01 -8.7257252e-01  5.4480000e+01]
 [-1.4094120e-02  8.8477516e-01  4.6576176e-01  1.7163000e+02]
 [ 9.8475536e-01  9.2594280e-02 -1.4588644e-01 -1.1647900e+03]
 [ 0.0000000e+00  0.0000000e+00  0.0000000e+00  1.0000000e+00]]
[+0018.59, +0024.24, -1080.33]
1258, 1177, 1460
[[-1.7218804e-01  4.5709020e-01 -8.7231124e-01  5.4490000e+01]
 [-1.3611240e-02  8.8459606e-01  4.6610730e-01  1.7167000e+02]
 [ 9.8471980e-01  9.2248740e-02 -1.4606554e-01 -1.1647800e+03]
 [ 0.0000000e+00  0.0000000e+00  0.0000000e+00  1.0000000e+00]]
[+0041.28, +0023.56, -1067.84]
1978, 1615, 1948
[[-1.7500804e-01  4.5505468e-01 -8.7288420e-01  5.4240000e+01]
 [-1.4545000e-02  8.8546070e-01  4.6444770e-01  1.7155000e+02]
 [ 9.8427132e-01  9.4066260e-02 -1.4832170e-01 -1.1647500e+03]
 [ 0.0000000e+00  0.0000000e+00  0.0000000e+00  1.0000000e+00]]
[+0033.94, +0048.82, -1092.93]
1258, 1177, 1460
[[-1.7233860e-01  4.5693284e-01 -8.7251288e-01  5.4500000e+01]
 [-1.4344400e-02  8.8462460e-01  4.6605860e-01  1.7167000e+02]
 [ 9.8481500e-01  9.2891120e-02 -1.4588644e-01 -1.1648100e+03]
 [ 0.0000000e+00  0.0000000e+00  0.0000000e+00  1.0000000e+00]]
[+0040.52, +0024.75, -1067.93]
1267, 823, 1831
[[-1.7241394e-01  4.5661272e-01 -8.7259610e-01  5.4470000e+01]
 [-1.4914800e-02  8.8472800e-01  4.6583160e-01  1.7159000e+02]
 [ 9.8473178e-01  9.3414960e-02 -1.4570770e-01 -1.1647900e+03]
 [ 0.0000000e+00  0.0000000e+00  0.0000000e+00  1.0000000e+00]]
[-0006.96, +0009.41, -1119.91]
1065, 913, 1862
[[-1.7226330e-01  4.5636244e-01 -8.7265562e-01  5.4460000e+01]
 [-1.4664520e-02  8.8487864e-01  4.6553476e-01  1.7158000e+02]
 [ 9.8467226e-01  9.3118120e-02 -1.4570770e-01 -1.1647800e+03]
 [ 0.0000000e+00  0.0000000e+00  0.0000000e+00  1.0000000e+00]]
[+0006.54, -0014.79, -1117.65]
1267, 823, 1831
[[-1.7204178e-01  4.5705142e-01 -8.7235008e-01  5.4500000e+01]
 [-1.4225820e-02  8.8456494e-01  4.6614608e-01  1.7162000e+02]
 [ 9.8472752e-01  9.2728320e-02 -1.4564928e-01 -1.1647700e+03]
 [ 0.0000000e+00  0.0000000e+00  0.0000000e+00  1.0000000e+00]]
[-0005.94, +0011.25, -1117.54]
1314, 816, 2153
[[-1.7322930e-01  4.5575914e-01 -8.7289262e-01  5.4370000e+01]
 [-1.5367460e-02  8.8510044e-01  4.6511114e-01  1.7152000e+02]
 [ 9.8459218e-01  9.4064540e-02 -1.4630130e-01 -1.1647700e+03]
 [ 0.0000000e+00  0.0000000e+00  0.0000000e+00  1.0000000e+00]]
[-0006.02, +0002.46, -1150.00]
1267, 823, 1831
[[-1.7182034e-01  4.5688764e-01 -8.7241884e-01  5.4500000e+01]
 [-1.4715240e-02  8.8460888e-01  4.6603632e-01  1.7161000e+02]
 [ 9.8470524e-01  9.3059520e-02 -1.4523322e-01 -1.1647900e+03]
 [ 0.0000000e+00  0.0000000e+00  0.0000000e+00  1.0000000e+00]]
[-0004.31, +0012.95, -1115.69]
1748, 1911, 1782
[[-1.7396626e-01  4.5531168e-01 -8.7305022e-01  5.4290000e+01]
 [-1.4088480e-02  8.8543292e-01  4.6453152e-01  1.7162000e+02]
 [ 9.8454402e-01  9.3162720e-02 -1.4760818e-01 -1.1647900e+03]
 [ 0.0000000e+00  0.0000000e+00  0.0000000e+00  1.0000000e+00]]
[+0077.70, +0036.65, -1078.67]
1267, 823, 1831
[[-1.7189122e-01  4.5683876e-01 -8.7255816e-01  5.4480000e+01]
 [-1.4013160e-02  8.8471550e-01  4.6587912e-01  1.7160000e+02]
 [ 9.8481624e-01  9.2401680e-02 -1.4564928e-01 -1.1647800e+03]
 [ 0.0000000e+00  0.0000000e+00  0.0000000e+00  1.0000000e+00]]
[-0006.08, +0011.32, -1117.98]
2095, 1137, 1562
[[-1.7508322e-01  4.5588514e-01 -8.7251794e-01  5.4320000e+01]
 [-1.3889260e-02  8.8508862e-01  4.6519138e-01  1.7159000e+02]
 [ 9.8434034e-01  9.3619820e-02 -1.4861860e-01 -1.1647500e+03]
 [ 0.0000000e+00  0.0000000e+00  0.0000000e+00  1.0000000e+00]]
[+0022.73, +0093.79, -1111.99]
2164, 1326, 1349
[[-1.7501178e-01  4.5582208e-01 -8.7256536e-01  5.4320000e+01]
 [-1.4777280e-02  8.8504110e-01  4.6525444e-01  1.7161000e+02]
 [ 9.8434024e-01  9.4373160e-02 -1.4814312e-01 -1.1647800e+03]
 [ 0.0000000e+00  0.0000000e+00  0.0000000e+00  1.0000000e+00]]
[+0048.25, +0107.46, -1107.10]
2095, 1137, 1562
[[-1.7449280e-01  4.5611160e-01 -8.7254520e-01  5.4380000e+01]
 [-1.4888400e-02  8.8490638e-01  4.6551204e-01  1.7161000e+02]
 [ 9.8445480e-01  9.4262040e-02 -1.4760818e-01 -1.1647700e+03]
 [ 0.0000000e+00  0.0000000e+00  0.0000000e+00  1.0000000e+00]]
[+0020.49, +0090.40, -1112.69]
2179, 956, 1428
[[-1.7501178e-01  4.5623022e-01 -8.7230378e-01  5.4370000e+01]
 [-1.4293820e-02  8.8486284e-01  4.6559958e-01  1.7161000e+02]
 [ 9.8430462e-01  9.4028020e-02 -1.4832138e-01 -1.1647400e+03]
 [ 0.0000000e+00  0.0000000e+00  0.0000000e+00  1.0000000e+00]]
[+0019.71, +0105.32, -1129.87]
2095, 1137, 1562
[[-1.7412036e-01  4.5599456e-01 -8.7259844e-01  5.4370000e+01]
 [-1.4830760e-02  8.8498172e-01  4.6535552e-01  1.7159000e+02]
 [ 9.8444864e-01  9.4046120e-02 -1.4731108e-01 -1.1647800e+03]
 [ 0.0000000e+00  0.0000000e+00  0.0000000e+00  1.0000000e+00]]
[+0021.76, +0088.87, -1110.98]
1730, 1087, 1399
[[-1.7248490e-01  4.5697164e-01 -8.7247398e-01  5.4480000e+01]
 [-1.3729800e-02  8.8465580e-01  4.6601980e-01  1.7168000e+02]
 [ 9.8480730e-01  9.2411480e-02 -1.4630266e-01 -1.1647800e+03]
 [ 0.0000000e+00  0.0000000e+00  0.0000000e+00  1.0000000e+00]]
[+0027.43, +0075.14, -1085.48]
2095, 1137, 1562
[[-1.7493648e-01  4.5584572e-01 -8.7255740e-01  5.4310000e+01]
 [-1.4503720e-02  8.8505702e-01  4.6523080e-01  1.7158000e+02]
 [ 9.8434820e-01  9.4099600e-02 -1.4820250e-01 -1.1647500e+03]
 [ 0.0000000e+00  0.0000000e+00  0.0000000e+00  1.0000000e+00]]
[+0020.24, +0091.90, -1113.10]
1229, 2008, 1776
[[-1.7196250e-01  4.5578858e-01 -8.7310906e-01  5.4400000e+01]
 [-1.4387500e-02  8.8523894e-01  4.6487542e-01  1.7166000e+02]
 [ 9.8481250e-01  9.2590100e-02 -1.4564820e-01 -1.1648200e+03]
 [ 0.0000000e+00  0.0000000e+00  0.0000000e+00  1.0000000e+00]]
[+0103.79, -0013.36, -1096.05]
1844, 918, 1581
[[-1.7367274e-01  4.5645742e-01 -8.7234472e-01  5.4430000e+01]
 [-1.3867820e-02  8.8483478e-01  4.6564592e-01  1.7163000e+02]
 [ 9.8445232e-01  9.3086320e-02 -1.4731152e-01 -1.1647700e+03]
 [ 0.0000000e+00  0.0000000e+00  0.0000000e+00  1.0000000e+00]]
[+0003.52, +0078.37, -1113.82]
1229, 2008, 1776
[[-1.7263140e-01  4.5571204e-01 -8.7292188e-01  5.4380000e+01]
 [-1.4488920e-02  8.8522326e-01  4.6488466e-01  1.7164000e+02]
 [ 9.8460964e-01  9.3028020e-02 -1.4618250e-01 -1.1648000e+03]
 [ 0.0000000e+00  0.0000000e+00  0.0000000e+00  1.0000000e+00]]
[+0103.70, -0013.49, -1096.08]
1242, 2048, 1593
[[-1.7203764e-01  4.5602460e-01 -8.7289332e-01  5.4420000e+01]
 [-1.4326680e-02  8.8510430e-01  4.6511926e-01  1.7172000e+02]
 [ 9.8473140e-01  9.2643100e-02 -1.4570770e-01 -1.1648200e+03]
 [ 0.0000000e+00  0.0000000e+00  0.0000000e+00  1.0000000e+00]]
[+0119.49, -0000.56, -1092.28]
1229, 2008, 1776
[[-1.7203764e-01  4.5602460e-01 -8.7289332e-01  5.4410000e+01]
 [-1.4326680e-02  8.8510430e-01  4.6511926e-01  1.7168000e+02]
 [ 9.8473140e-01  9.2643100e-02 -1.4570770e-01 -1.1648200e+03]
 [ 0.0000000e+00  0.0000000e+00  0.0000000e+00  1.0000000e+00]]
[+0101.62, -0013.08, -1095.36]
1508, 2156, 1829
[[-1.7389120e-01  4.5518664e-01 -8.7307992e-01  5.4270000e+01]
 [-1.3963440e-02  8.8550798e-01  4.6438296e-01  1.7164000e+02]
 [ 9.8451432e-01  9.3014160e-02 -1.4760818e-01 -1.1647900e+03]
 [ 0.0000000e+00  0.0000000e+00  0.0000000e+00  1.0000000e+00]]
[+0103.10, +0006.49, -1091.07]
1229, 2008, 1776
[[-1.7233450e-01  4.5616522e-01 -8.7283246e-01  5.4420000e+01]
 [-1.4110900e-02  8.8504476e-01  4.6525222e-01  1.7166000e+02]
 [ 9.8474570e-01  9.2585300e-02 -1.4606410e-01 -1.1648100e+03]
 [ 0.0000000e+00  0.0000000e+00  0.0000000e+00  1.0000000e+00]]
[+0099.82, -0012.05, -1094.90]
1047, 1677, 1405
[[-1.7211282e-01  4.5685426e-01 -8.7252714e-01  5.4510000e+01]
 [-1.3672140e-02  8.8473102e-01  4.6586362e-01  1.7170000e+02]
 [ 9.8480074e-01  9.2195580e-02 -1.4600580e-01 -1.1647900e+03]
 [ 0.0000000e+00  0.0000000e+00  0.0000000e+00  1.0000000e+00]]
[+0099.54, -0002.68, -1074.98]
1183, 1515, 1275
[[-1.7189122e-01  4.5683876e-01 -8.7255816e-01  5.4490000e+01]
 [-1.4013160e-02  8.8471550e-01  4.6587912e-01  1.7170000e+02]
 [ 9.8481624e-01  9.2401680e-02 -1.4564928e-01 -1.1647800e+03]
 [ 0.0000000e+00  0.0000000e+00  0.0000000e+00  1.0000000e+00]]
[+0089.03, +0022.20, -1062.33]
1047, 1677, 1405
[[-1.7292834e-01  4.5640900e-01 -8.7256214e-01  5.4470000e+01]
 [-1.3641640e-02  8.8492556e-01  4.6548820e-01  1.7170000e+02]
 [ 9.8462570e-01  9.2499640e-02 -1.4677714e-01 -1.1647800e+03]
 [ 0.0000000e+00  0.0000000e+00  0.0000000e+00  1.0000000e+00]]
[+0102.14, -0004.22, -1076.02]
1076, 1441, 1728
[[-1.7240968e-01  4.5640120e-01 -8.7261664e-01  5.4450000e+01]
 [-1.4050000e-02  8.8491000e-01  4.6549600e-01  1.7166000e+02]
 [ 9.8466464e-01  9.2638400e-02 -1.4612368e-01 -1.1647800e+03]
 [ 0.0000000e+00  0.0000000e+00  0.0000000e+00  1.0000000e+00]]
[+0056.66, -0019.17, -1087.72]
1047, 1677, 1405
[[-1.7196250e-01  4.5660398e-01 -8.7258686e-01  5.4500000e+01]
 [-1.3421860e-02  8.8488134e-01  4.6556678e-01  1.7169000e+02]
 [ 9.8474102e-01  9.1898740e-02 -1.4600580e-01 -1.1647700e+03]
 [ 0.0000000e+00  0.0000000e+00  0.0000000e+00  1.0000000e+00]]
[+0102.50, -0003.40, -1075.87]
1778, 2101, 1646
[[-1.7448882e-01  4.5493600e-01 -8.7312558e-01  5.4290000e+01]
 [-1.5139200e-02  8.8550400e-01  4.6436000e-01  1.7165000e+02]
 [ 9.8442158e-01  9.4300800e-02 -1.4760882e-01 -1.1647700e+03]
 [ 0.0000000e+00  0.0000000e+00  0.0000000e+00  1.0000000e+00]]
[+0101.84, +0042.11, -1082.67]
1047, 1677, 1405
[[-1.7189122e-01  4.5683876e-01 -8.7255816e-01  5.4510000e+01]
 [-1.4013160e-02  8.8471550e-01  4.6587912e-01  1.7172000e+02]
 [ 9.8481624e-01  9.2401680e-02 -1.4564928e-01 -1.1647600e+03]
 [ 0.0000000e+00  0.0000000e+00  0.0000000e+00  1.0000000e+00]]
[+0099.56, -0002.83, -1075.13]
1512, 829, 1173
[[-1.7211712e-01  4.5717656e-01 -8.7232024e-01  5.4540000e+01]
 [-1.4350960e-02  8.8448960e-01  4.6629448e-01  1.7167000e+02]
 [ 9.8475736e-01  9.2876720e-02 -1.4564928e-01 -1.1647900e+03]
 [ 0.0000000e+00  0.0000000e+00  0.0000000e+00  1.0000000e+00]]
[+0017.76, +0082.72, -1084.38]
1490, 864, 925
[[-1.7174500e-01  4.5776348e-01 -8.7203664e-01  5.4580000e+01]
 [-1.3513760e-02  8.8426604e-01  4.6673412e-01  1.7170000e+02]
 [ 9.8479068e-01  9.2064960e-02 -1.4565140e-01 -1.1647500e+03]
 [ 0.0000000e+00  0.0000000e+00  0.0000000e+00  1.0000000e+00]]
[+0042.65, +0097.93, -1075.07]
1512, 829, 1173
[[-1.7256016e-01  4.5705912e-01 -8.7229568e-01  5.4520000e+01]
 [-1.3817280e-02  8.8458054e-01  4.6613838e-01  1.7165000e+02]
 [ 9.8468872e-01  9.2589780e-02 -1.4630266e-01 -1.1647400e+03]
 [ 0.0000000e+00  0.0000000e+00  0.0000000e+00  1.0000000e+00]]
[+0017.86, +0081.94, -1083.94]
847, 1327, 1302
[[-1.7107626e-01  4.5709802e-01 -8.7241188e-01  5.4580000e+01]
 [-1.4154780e-02  8.8458054e-01  4.6609948e-01  1.7172000e+02]
 [ 9.8480492e-01  9.2252280e-02 -1.4481876e-01 -1.1648000e+03]
 [ 0.0000000e+00  0.0000000e+00  0.0000000e+00  1.0000000e+00]]
[+0081.60, -0013.87, -1068.78]
1512, 829, 1173
[[-1.7353090e-01  4.5733416e-01 -8.7202662e-01  5.4530000e+01]
 [-1.4566800e-02  8.8432300e-01  4.6661640e-01  1.7166000e+02]
 [ 9.8456730e-01  9.3747120e-02 -1.4677714e-01 -1.1647500e+03]
 [ 0.0000000e+00  0.0000000e+00  0.0000000e+00  1.0000000e+00]]
[+0017.82, +0082.79, -1084.38]
2087, 1580, 1232
[[-1.7463930e-01  4.5555650e-01 -8.7265630e-01  5.4300000e+01]
 [-1.4868220e-02  8.8517574e-01  4.6497290e-01  1.7163000e+02]
 [ 9.8429654e-01  9.4282220e-02 -1.4778660e-01 -1.1647500e+03]
 [ 0.0000000e+00  0.0000000e+00  0.0000000e+00  1.0000000e+00]]
[+0076.01, +0106.47, -1098.11]
1512, 829, 1173
[[-1.7144826e-01  4.5751214e-01 -8.7228354e-01  5.4580000e+01]
 [-1.3915740e-02  8.8438572e-01  4.6650598e-01  1.7168000e+02]
 [ 9.8488694e-01  9.2217780e-02 -1.4523498e-01 -1.1647600e+03]
 [ 0.0000000e+00  0.0000000e+00  0.0000000e+00  1.0000000e+00]]
[+0018.60, +0080.21, -1082.86]
1309, 816, 1710
[[-1.7182034e-01  4.5662856e-01 -8.7264258e-01  5.4470000e+01]
 [-1.5049680e-02  8.8472800e-01  4.6581576e-01  1.7160000e+02]
 [ 9.8477826e-01  9.3280080e-02 -1.4511410e-01 -1.1647600e+03]
 [ 0.0000000e+00  0.0000000e+00  0.0000000e+00  1.0000000e+00]]
[-0005.75, +0020.87, -1108.65]
2003, 1316, 1532
[[-1.7448882e-01  4.5604944e-01 -8.7252762e-01  5.4350000e+01]
 [-1.3875360e-02  8.8502912e-01  4.6530064e-01  1.7162000e+02]
 [ 9.8442522e-01  9.3360160e-02 -1.4808370e-01 -1.1647400e+03]
 [ 0.0000000e+00  0.0000000e+00  0.0000000e+00  1.0000000e+00]]
[+0036.05, +0088.51, -1096.04]
1309, 816, 1710
[[-1.7233860e-01  4.5674676e-01 -8.7240212e-01  5.4500000e+01]
 [-1.4455160e-02  8.8468422e-01  4.6590366e-01  1.7161000e+02]
 [ 9.8462892e-01  9.3046060e-02 -1.4582682e-01 -1.1647300e+03]
 [ 0.0000000e+00  0.0000000e+00  0.0000000e+00  1.0000000e+00]]
[-0006.14, +0021.27, -1109.15]
1071, 892, 994
[[-1.7152360e-01  4.5789636e-01 -8.7202992e-01  5.4620000e+01]
 [-1.3706520e-02  8.8419070e-01  4.6687476e-01  1.7172000e+02]
 [ 9.8484384e-01  9.2145720e-02 -1.4535466e-01 -1.1647500e+03]
 [ 0.0000000e+00  0.0000000e+00  0.0000000e+00  1.0000000e+00]]
[+0046.05, +0048.04, -1051.95]
1309, 816, 1710
[[-1.7166970e-01  4.5667496e-01 -8.7262682e-01  5.4480000e+01]
 [-1.4502560e-02  8.8475952e-01  4.6576936e-01  1.7160000e+02]
 [ 9.8479402e-01  9.2732960e-02 -1.4523322e-01 -1.1647600e+03]
 [ 0.0000000e+00  0.0000000e+00  0.0000000e+00  1.0000000e+00]]
[-0006.13, +0021.36, -1108.94]
1180, 1017, 1774
[[-1.7218804e-01  4.5668256e-01 -8.7257252e-01  5.4490000e+01]
 [-1.4094120e-02  8.8477516e-01  4.6576176e-01  1.7163000e+02]
 [ 9.8475536e-01  9.2594280e-02 -1.4588644e-01 -1.1647400e+03]
 [ 0.0000000e+00  0.0000000e+00  0.0000000e+00  1.0000000e+00]]
[+0012.98, -0002.76, -1099.32]
1309, 816, 1710
[[-1.7233860e-01  4.5719202e-01 -8.7228914e-01  5.4550000e+01]
 [-1.4009900e-02  8.8450524e-01  4.6627902e-01  1.7166000e+02]
 [ 9.8474190e-01  9.2670700e-02 -1.4600580e-01 -1.1647400e+03]
 [ 0.0000000e+00  0.0000000e+00  0.0000000e+00  1.0000000e+00]]
[-0005.01, +0023.25, -1107.69]
1556, 1078, 1084
[[-1.7315400e-01  4.5719204e-01 -8.7221128e-01  5.4490000e+01]
 [-1.3533800e-02  8.8452080e-01  4.6627900e-01  1.7167000e+02]
 [ 9.8467960e-01  9.2599720e-02 -1.4695624e-01 -1.1647700e+03]
 [ 0.0000000e+00  0.0000000e+00  0.0000000e+00  1.0000000e+00]]
[+0048.94, +0087.53, -1072.32]
2155, 781, 908
[[-1.7382788e-01  4.5702924e-01 -8.7207864e-01  5.4490000e+01]
 [-1.4796240e-02  8.8444220e-01  4.6637428e-01  1.7162000e+02]
 [ 9.8446836e-01  9.4064720e-02 -1.4695492e-01 -1.1647700e+03]
 [ 0.0000000e+00  0.0000000e+00  0.0000000e+00  1.0000000e+00]]
[+0038.54, +0130.03, -1143.69]
1556, 1078, 1084
[[-1.7256016e-01  4.5694832e-01 -8.7248176e-01  5.4510000e+01]
 [-1.4003360e-02  8.8464024e-01  4.6604312e-01  1.7167000e+02]
 [ 9.8479952e-01  9.2685040e-02 -1.4624296e-01 -1.1647700e+03]
 [ 0.0000000e+00  0.0000000e+00  0.0000000e+00  1.0000000e+00]]
[+0049.92, +0084.30, -1070.66]
1608, 1269, 940
[[-1.7233860e-01  4.5693284e-01 -8.7251288e-01  5.4480000e+01]
 [-1.4344400e-02  8.8462460e-01  4.6605860e-01  1.7169000e+02]
 [ 9.8481500e-01  9.2891120e-02 -1.4588644e-01 -1.1648000e+03]
 [ 0.0000000e+00  0.0000000e+00  0.0000000e+00  1.0000000e+00]]
[+0078.38, +0097.93, -1074.53]
1556, 1078, 1084
[[-1.7204178e-01  4.5705142e-01 -8.7235008e-01  5.4510000e+01]
 [-1.4225820e-02  8.8456494e-01  4.6614608e-01  1.7168000e+02]
 [ 9.8472752e-01  9.2728320e-02 -1.4564928e-01 -1.1647700e+03]
 [ 0.0000000e+00  0.0000000e+00  0.0000000e+00  1.0000000e+00]]
[+0048.40, +0084.44, -1071.00]
1867, 1393, 1616
[[-1.7389458e-01  4.5591658e-01 -8.7261234e-01  5.4350000e+01]
 [-1.4158620e-02  8.8508862e-01  4.6515994e-01  1.7161000e+02]
 [ 9.8443474e-01  9.3350460e-02 -1.4742996e-01 -1.1647500e+03]
 [ 0.0000000e+00  0.0000000e+00  0.0000000e+00  1.0000000e+00]]
[+0036.23, +0066.81, -1085.67]
1556, 1078, 1084
[[-1.7189122e-01  4.5724634e-01 -8.7229690e-01  5.4530000e+01]
 [-1.3530340e-02  8.8453628e-01  4.6622470e-01  1.7169000e+02]
 [ 9.8478070e-01  9.2056100e-02 -1.4582850e-01 -1.1647600e+03]
 [ 0.0000000e+00  0.0000000e+00  0.0000000e+00  1.0000000e+00]]
[+0049.04, +0084.93, -1071.25]
1344, 1398, 1739
[[-1.7300352e-01  4.5608864e-01 -8.7264512e-01  5.4410000e+01]
 [-1.4212160e-02  8.8502912e-01  4.6526144e-01  1.7161000e+02]
 [ 9.8454272e-01  9.3023360e-02 -1.4659840e-01 -1.1647400e+03]
 [ 0.0000000e+00  0.0000000e+00  0.0000000e+00  1.0000000e+00]]
[+0042.46, +0005.75, -1081.01]
1450, 1666, 1658
[[-1.7292834e-01  4.5614962e-01 -8.7278578e-01  5.4400000e+01]
 [-1.3976180e-02  8.8504476e-01  4.6526782e-01  1.7165000e+02]
 [ 9.8469902e-01  9.2720020e-02 -1.4665794e-01 -1.1647800e+03]
 [ 0.0000000e+00  0.0000000e+00  0.0000000e+00  1.0000000e+00]]
[+0069.99, +0020.28, -1073.05]
1344, 1398, 1739
[[-1.7270658e-01  4.5639340e-01 -8.7259330e-01  5.4430000e+01]
 [-1.3982600e-02  8.8491000e-01  4.6550380e-01  1.7163000e+02]
 [ 9.8464130e-01  9.2705800e-02 -1.4642058e-01 -1.1647500e+03]
 [ 0.0000000e+00  0.0000000e+00  0.0000000e+00  1.0000000e+00]]
[+0041.78, +0006.63, -1081.00]
1595, 1287, 1704
[[-1.7315400e-01  4.5633880e-01 -8.7258560e-01  5.4410000e+01]
 [-1.4462320e-02  8.8487864e-01  4.6555840e-01  1.7162000e+02]
 [ 9.8460224e-01  9.3320320e-02 -1.4659840e-01 -1.1647700e+03]
 [ 0.0000000e+00  0.0000000e+00  0.0000000e+00  1.0000000e+00]]
[+0027.45, +0039.26, -1083.15]
1344, 1398, 1739
[[-1.7285320e-01  4.5632148e-01 -8.7274044e-01  5.4400000e+01]
 [-1.3554120e-02  8.8500070e-01  4.6536954e-01  1.7161000e+02]
 [ 9.8474436e-01  9.2321340e-02 -1.4677714e-01 -1.1647600e+03]
 [ 0.0000000e+00  0.0000000e+00  0.0000000e+00  1.0000000e+00]]
[+0042.62, +0006.46, -1080.78]
1139, 1209, 843
[[-1.7152360e-01  4.5778568e-01 -8.7221596e-01  5.4600000e+01]
 [-1.3892560e-02  8.8425056e-01  4.6677952e-01  1.7175000e+02]
 [ 9.8495452e-01  9.2240960e-02 -1.4529480e-01 -1.1647800e+03]
 [ 0.0000000e+00  0.0000000e+00  0.0000000e+00  1.0000000e+00]]
[+0093.44, +0060.50, -1052.47]
1344, 1398, 1739
[[-1.7270658e-01  4.5624494e-01 -8.7263090e-01  5.4420000e+01]
 [-1.4131060e-02  8.8496958e-01  4.6537870e-01  1.7165000e+02]
 [ 9.8460370e-01  9.2830900e-02 -1.4636100e-01 -1.1647600e+03]
 [ 0.0000000e+00  0.0000000e+00  0.0000000e+00  1.0000000e+00]]
[+0040.85, +0008.10, -1080.91]
982, 1991, 1792
[[-1.7188740e-01  4.5610866e-01 -8.7302618e-01  5.4440000e+01]
 [-1.3817060e-02  8.8513542e-01  4.6510254e-01  1.7168000e+02]
 [ 9.8489538e-01  9.2066140e-02 -1.4582682e-01 -1.1647800e+03]
 [ 0.0000000e+00  0.0000000e+00  0.0000000e+00  1.0000000e+00]]
[+0107.70, -0030.47, -1113.32]
966, 2014, 1492
[[-1.7211282e-01  4.5670584e-01 -8.7256474e-01  5.4470000e+01]
 [-1.3820560e-02  8.8479072e-01  4.6573848e-01  1.7173000e+02]
 [ 9.8476314e-01  9.2320720e-02 -1.4594610e-01 -1.1647800e+03]
 [ 0.0000000e+00  0.0000000e+00  0.0000000e+00  1.0000000e+00]]
[+0128.70, -0014.85, -1104.40]
982, 1991, 1792
[[-1.7285320e-01  4.5576512e-01 -8.7303916e-01  5.4370000e+01]
 [-1.4185600e-02  8.8523894e-01  4.6489888e-01  1.7163000e+02]
 [ 9.8474260e-01  9.2792000e-02 -1.4653890e-01 -1.1647800e+03]
 [ 0.0000000e+00  0.0000000e+00  0.0000000e+00  1.0000000e+00]]
[+0106.61, -0031.91, -1114.90]
877, 1710, 1774
[[-1.7166568e-01  4.5661168e-01 -8.7261012e-01  5.4500000e+01]
 [-1.3489280e-02  8.8488134e-01  4.6555908e-01  1.7169000e+02]
 [ 9.8476428e-01  9.1831320e-02 -1.4570898e-01 -1.1647800e+03]
 [ 0.0000000e+00  0.0000000e+00  0.0000000e+00  1.0000000e+00]]
[+0085.81, -0039.29, -1110.61]
982, 1991, 1792
[[-1.7218426e-01  4.5550716e-01 -8.7315308e-01  5.4380000e+01]
 [-1.4343480e-02  8.8537350e-01  4.6460964e-01  1.7165000e+02]
 [ 9.8472196e-01  9.2634120e-02 -1.4588560e-01 -1.1647800e+03]
 [ 0.0000000e+00  0.0000000e+00  0.0000000e+00  1.0000000e+00]]
[+0106.79, -0030.54, -1113.67]
1465, 1813, 1753
[[-1.7330050e-01  4.5582140e-01 -8.7284540e-01  5.4380000e+01]
 [-1.4479400e-02  8.8514808e-01  4.6504888e-01  1.7164000e+02]
 [ 9.8459260e-01  9.3311120e-02 -1.4677642e-01 -1.1647800e+03]
 [ 0.0000000e+00  0.0000000e+00  0.0000000e+00  1.0000000e+00]]
[+0073.37, +0013.10, -1078.44]
982, 1991, 1792
[[-1.7188740e-01  4.5607112e-01 -8.7287776e-01  5.4440000e+01]
 [-1.3779520e-02  8.8513542e-01  4.6507274e-01  1.7169000e+02]
 [ 9.8474696e-01  9.2095940e-02 -1.4582682e-01 -1.1647800e+03]
 [ 0.0000000e+00  0.0000000e+00  0.0000000e+00  1.0000000e+00]]
[+0107.69, -0030.48, -1113.38]
1161, 1009, 1048
[[-1.7159898e-01  4.5757644e-01 -8.7211308e-01  5.4590000e+01]
 [-1.4276760e-02  8.8429478e-01  4.6664764e-01  1.7168000e+02]
 [ 9.8476068e-01  9.2669560e-02 -1.4517520e-01 -1.1647600e+03]
 [ 0.0000000e+00  0.0000000e+00  0.0000000e+00  1.0000000e+00]]
[+0053.36, +0050.75, -1053.62]
1149, 1010, 1740
[[-1.7189122e-01  4.5643118e-01 -8.7281942e-01  5.4450000e+01]
 [-1.4495980e-02  8.8489436e-01  4.6553342e-01  1.7160000e+02]
 [ 9.8485178e-01  9.2747380e-02 -1.4547042e-01 -1.1647800e+03]
 [ 0.0000000e+00  0.0000000e+00  0.0000000e+00  1.0000000e+00]]
[+0012.59, -0002.42, -1097.96]
1161, 1009, 1048
[[-1.7204178e-01  4.5734822e-01 -8.7227476e-01  5.4550000e+01]
 [-1.3929020e-02  8.8444550e-01  4.6639636e-01  1.7168000e+02]
 [ 9.8480284e-01  9.2478040e-02 -1.4576872e-01 -1.1647400e+03]
 [ 0.0000000e+00  0.0000000e+00  0.0000000e+00  1.0000000e+00]]
[+0053.72, +0050.19, -1053.52]
948, 1442, 1043
[[-1.7159444e-01  4.5755082e-01 -8.7224490e-01  5.4570000e+01]
 [-1.3301100e-02  8.8441660e-01  4.6646730e-01  1.7174000e+02]
 [ 9.8487918e-01  9.1738260e-02 -1.4565140e-01 -1.1647500e+03]
 [ 0.0000000e+00  0.0000000e+00  0.0000000e+00  1.0000000e+00]]
[+0109.47, +0016.37, -1060.91]
1161, 1009, 1048
[[-1.7152360e-01  4.5734060e-01 -8.7232900e-01  5.4560000e+01]
 [-1.4337640e-02  8.8442990e-01  4.6640398e-01  1.7170000e+02]
 [ 9.8484148e-01  9.2616500e-02 -1.4511546e-01 -1.1647600e+03]
 [ 0.0000000e+00  0.0000000e+00  0.0000000e+00  1.0000000e+00]]
[+0053.00, +0050.81, -1053.63]
983, 921, 1045
[[-1.7070434e-01  4.5787050e-01 -8.7223914e-01  5.4630000e+01]
 [-1.3207140e-02  8.8429676e-01  4.6669470e-01  1.7173000e+02]
 [ 9.8502390e-01  9.1285140e-02 -1.4488114e-01 -1.1647700e+03]
 [ 0.0000000e+00  0.0000000e+00  0.0000000e+00  1.0000000e+00]]
[+0048.34, +0031.61, -1051.31]
1161, 1009, 1048
[[-1.7189572e-01  4.5727186e-01 -8.7216526e-01  5.4550000e+01]
 [-1.4505940e-02  8.8441422e-01  4.6640518e-01  1.7169000e+02]
 [ 9.8466206e-01  9.2987420e-02 -1.4535250e-01 -1.1647500e+03]
 [ 0.0000000e+00  0.0000000e+00  0.0000000e+00  1.0000000e+00]]
[+0055.75, +0050.43, -1053.22]
2226, 2049, 2071
[[-1.7597202e-01  4.5423970e-01 -8.7313942e-01  5.4110000e+01]
 [-1.4385100e-02  8.8586366e-01  4.6368830e-01  1.7154000e+02]
 [ 9.8412358e-01  9.4234100e-02 -1.4933332e-01 -1.1647100e+03]
 [ 0.0000000e+00  0.0000000e+00  0.0000000e+00  1.0000000e+00]]
[+0060.73, +0048.32, -1092.38]
1969, 2172, 2229
[[-1.7389120e-01  4.5422176e-01 -8.7363968e-01  5.4200000e+01]
 [-1.5078400e-02  8.8592280e-01  4.6356680e-01  1.7157000e+02]
 [ 9.8454880e-01  9.3830320e-02 -1.4719336e-01 -1.1647600e+03]
 [ 0.0000000e+00  0.0000000e+00  0.0000000e+00  1.0000000e+00]]
[+0069.85, +0014.75, -1095.87]
2226, 2049, 2071
[[-1.7508000e-01  4.5500672e-01 -8.7302304e-01  5.4210000e+01]
 [-1.3843200e-02  8.8556736e-01  4.6428928e-01  1.7159000e+02]
 [ 9.8438240e-01  9.3408000e-02 -1.4873760e-01 -1.1647200e+03]
 [ 0.0000000e+00  0.0000000e+00  0.0000000e+00  1.0000000e+00]]
[+0059.63, +0054.08, -1093.13]
2114, 1845, 2047
[[-1.7448882e-01  4.5545512e-01 -8.7267802e-01  5.4320000e+01]
 [-1.4469680e-02  8.8526688e-01  4.6480072e-01  1.7160000e+02]
 [ 9.8427482e-01  9.3860080e-02 -1.4784594e-01 -1.1647400e+03]
 [ 0.0000000e+00  0.0000000e+00  0.0000000e+00  1.0000000e+00]]
[+0045.50, +0050.28, -1093.42]
2226, 2049, 2071
[[-1.7567464e-01  4.5454500e-01 -8.7308816e-01  5.4170000e+01]
 [-1.4154840e-02  8.8574526e-01  4.6393020e-01  1.7159000e+02]
 [ 9.8422240e-01  9.3917160e-02 -1.4915434e-01 -1.1647500e+03]
 [ 0.0000000e+00  0.0000000e+00  0.0000000e+00  1.0000000e+00]]
[+0062.38, +0052.18, -1092.49]
2035, 2203, 1640
[[-1.7352234e-01  4.5513196e-01 -8.7315052e-01  5.4270000e+01]
 [-1.4918680e-02  8.8546070e-01  4.6443764e-01  1.7168000e+02]
 [ 9.8453764e-01  9.3700520e-02 -1.4683600e-01 -1.1647900e+03]
 [ 0.0000000e+00  0.0000000e+00  0.0000000e+00  1.0000000e+00]]
[+0106.83, +0059.08, -1089.98]
2226, 2049, 2071
[[-1.7523370e-01  4.5442686e-01 -8.7320738e-01  5.4170000e+01]
 [-1.5997860e-02  8.8564902e-01  4.6404834e-01  1.7154000e+02]
 [ 9.8424538e-01  9.5357340e-02 -1.4790772e-01 -1.1647800e+03]
 [ 0.0000000e+00  0.0000000e+00  0.0000000e+00  1.0000000e+00]]
[+0056.21, +0050.09, -1093.82]
1803, 1132, 1193
[[-1.7256016e-01  4.5694832e-01 -8.7248176e-01  5.4500000e+01]
 [-1.4003360e-02  8.8464024e-01  4.6604312e-01  1.7168000e+02]
 [ 9.8479952e-01  9.2685040e-02 -1.4624296e-01 -1.1647600e+03]
 [ 0.0000000e+00  0.0000000e+00  0.0000000e+00  1.0000000e+00]]
[+0043.53, +0095.15, -1086.89]
1543, 1502, 1350
[[-1.7300352e-01  4.5638560e-01 -8.7256992e-01  5.4420000e+01]
 [-1.3915200e-02  8.8491000e-01  4.6551160e-01  1.7166000e+02]
 [ 9.8461792e-01  9.2773200e-02 -1.4671752e-01 -1.1647600e+03]
 [ 0.0000000e+00  0.0000000e+00  0.0000000e+00  1.0000000e+00]]
[+0074.07, +0051.32, -1066.03]
1803, 1132, 1193
[[-1.7300770e-01  4.5655920e-01 -8.7240100e-01  5.4460000e+01]
 [-1.4742240e-02  8.8472800e-01  4.6581768e-01  1.7167000e+02]
 [ 9.8453668e-01  9.3579600e-02 -1.4630146e-01 -1.1647800e+03]
 [ 0.0000000e+00  0.0000000e+00  0.0000000e+00  1.0000000e+00]]
[+0042.75, +0098.37, -1088.24]
1832, 1309, 823
[[-1.736770e-01  4.569654e-01 -8.722490e-01  5.445000e+01]
 [-1.443540e-02  8.845335e-01  4.662321e-01  1.717000e+02]
 [ 9.845950e-01  9.361290e-02 -1.470145e-01 -1.164770e+03]
 [ 0.000000e+00  0.000000e+00  0.000000e+00  1.000000e+00]]
[+0085.83, +0120.33, -1098.36]
1803, 1132, 1193
[[-1.7322930e-01  4.5676084e-01 -8.7248052e-01  5.4460000e+01]
 [-1.4290440e-02  8.8468422e-01  4.6595704e-01  1.7166000e+02]
 [ 9.8470732e-01  9.3218640e-02 -1.4671752e-01 -1.1647400e+03]
 [ 0.0000000e+00  0.0000000e+00  0.0000000e+00  1.0000000e+00]]
[+0042.96, +0098.02, -1088.17]
1459, 942, 1074
[[-1.7174500e-01  4.5746672e-01 -8.7211196e-01  5.4560000e+01]
 [-1.3810520e-02  8.8438572e-01  4.6648384e-01  1.7167000e+02]
 [ 9.8471536e-01  9.2315240e-02 -1.4553172e-01 -1.1647700e+03]
 [ 0.0000000e+00  0.0000000e+00  0.0000000e+00  1.0000000e+00]]
[+0037.15, +0081.45, -1070.80]
1803, 1132, 1193
[[-1.7352628e-01  4.5641832e-01 -8.7238392e-01  5.4420000e+01]
 [-1.4482320e-02  8.8480334e-01  4.6568502e-01  1.7165000e+02]
 [ 9.8446008e-01  9.3565980e-02 -1.4689538e-01 -1.1647600e+03]
 [ 0.0000000e+00  0.0000000e+00  0.0000000e+00  1.0000000e+00]]
[+0044.23, +0098.67, -1087.81]
1283, 1873, 1343
[[-1.7203764e-01  4.5632144e-01 -8.7281816e-01  5.4420000e+01]
 [-1.4029840e-02  8.8498518e-01  4.6536958e-01  1.7168000e+02]
 [ 9.8480656e-01  9.2392780e-02 -1.4582682e-01 -1.1647900e+03]
 [ 0.0000000e+00  0.0000000e+00  0.0000000e+00  1.0000000e+00]]
[+0116.93, +0021.06, -1076.82]
1553, 2131, 1244
[[-1.7344720e-01  4.5556340e-01 -8.7288140e-01  5.4310000e+01]
 [-1.4161960e-02  8.8529840e-01  4.6475972e-01  1.7168000e+02]
 [ 9.8450972e-01  9.3081400e-02 -1.4707344e-01 -1.1648200e+03]
 [ 0.0000000e+00  0.0000000e+00  0.0000000e+00  1.0000000e+00]]
[+0134.96, +0049.69, -1092.05]
1283, 1873, 1343
[[-1.7263140e-01  4.5626830e-01 -8.7262310e-01  5.4420000e+01]
 [-1.3857500e-02  8.8498518e-01  4.6535534e-01  1.7168000e+02]
 [ 9.8461150e-01  9.2557340e-02 -1.4642058e-01 -1.1647900e+03]
 [ 0.0000000e+00  0.0000000e+00  0.0000000e+00  1.0000000e+00]]
[+0112.88, +0021.83, -1075.65]
1220, 2025, 1570
[[-1.7248116e-01  4.5594472e-01 -8.7301716e-01  5.4390000e+01]
 [-1.3830840e-02  8.8519500e-01  4.6499288e-01  1.7169000e+02]
 [ 9.8481128e-01  9.2325960e-02 -1.4636100e-01 -1.1647800e+03]
 [ 0.0000000e+00  0.0000000e+00  0.0000000e+00  1.0000000e+00]]
[+0117.20, -0002.41, -1091.41]
1283, 1873, 1343
[[-1.7240968e-01  4.5640120e-01 -8.7261664e-01  5.4440000e+01]
 [-1.4050000e-02  8.8491000e-01  4.6549600e-01  1.7170000e+02]
 [ 9.8466464e-01  9.2638400e-02 -1.4612368e-01 -1.1647700e+03]
 [ 0.0000000e+00  0.0000000e+00  0.0000000e+00  1.0000000e+00]]
[+0113.44, +0022.13, -1075.69]
832, 2211, 993
[[-1.7077546e-01  4.5652400e-01 -8.7286556e-01  5.4470000e+01]
 [-1.3877440e-02  8.8494104e-01  4.6544060e-01  1.7184000e+02]
 [ 9.8494460e-01  9.1724440e-02 -1.4475906e-01 -1.1648300e+03]
 [ 0.0000000e+00  0.0000000e+00  0.0000000e+00  1.0000000e+00]]
[+0163.26, +0010.68, -1128.60]
1283, 1873, 1343
[[-1.7225936e-01  4.5633696e-01 -8.7278712e-01  5.4410000e+01]
 [-1.3688880e-02  8.8500070e-01  4.6535406e-01  1.7169000e+02]
 [ 9.8479104e-01  9.2186580e-02 -1.4618330e-01 -1.1647800e+03]
 [ 0.0000000e+00  0.0000000e+00  0.0000000e+00  1.0000000e+00]]
[+0112.74, +0023.03, -1075.47]
1089, 1684, 979
[[-1.7248490e-01  4.5737934e-01 -8.7221268e-01  5.4530000e+01]
 [-1.3246860e-02  8.8447646e-01  4.6636524e-01  1.7175000e+02]
 [ 9.8477172e-01  9.2066040e-02 -1.4648200e-01 -1.1647800e+03]
 [ 0.0000000e+00  0.0000000e+00  0.0000000e+00  1.0000000e+00]]
[+0128.69, +0033.13, -1071.01]
1906, 1609, 825
[[-1.7374800e-01  4.5658244e-01 -8.7231492e-01  5.4420000e+01]
 [-1.3992840e-02  8.8475952e-01  4.6579444e-01  1.7170000e+02]
 [ 9.8448212e-01  9.3234840e-02 -1.4731152e-01 -1.1648000e+03]
 [ 0.0000000e+00  0.0000000e+00  0.0000000e+00  1.0000000e+00]]
[+0108.10, +0115.32, -1106.17]
1089, 1684, 979
[[-1.7159444e-01  4.5703254e-01 -8.7269214e-01  5.4510000e+01]
 [-1.3969860e-02  8.8465580e-01  4.6602638e-01  1.7174000e+02]
 [ 9.8502546e-01  9.2179180e-02 -1.4541220e-01 -1.1648000e+03]
 [ 0.0000000e+00  0.0000000e+00  0.0000000e+00  1.0000000e+00]]
[+0129.32, +0032.04, -1071.53]
1127, 1222, 1407
[[-1.7189122e-01  4.5669036e-01 -8.7259578e-01  5.4480000e+01]
 [-1.4161560e-02  8.8477516e-01  4.6575396e-01  1.7167000e+02]
 [ 9.8477862e-01  9.2526840e-02 -1.4558962e-01 -1.1647800e+03]
 [ 0.0000000e+00  0.0000000e+00  0.0000000e+00  1.0000000e+00]]
[+0052.54, +0011.41, -1065.11]
1089, 1684, 979
[[-1.7166970e-01  4.5697172e-01 -8.7255154e-01  5.4530000e+01]
 [-1.4205800e-02  8.8464024e-01  4.6601972e-01  1.7173000e+02]
 [ 9.8486930e-01  9.2482600e-02 -1.4535250e-01 -1.1647900e+03]
 [ 0.0000000e+00  0.0000000e+00  0.0000000e+00  1.0000000e+00]]
[+0130.88, +0032.80, -1071.95]
1186, 2021, 1333
[[-1.7263140e-01  4.5586050e-01 -8.7288430e-01  5.4380000e+01]
 [-1.4340460e-02  8.8516380e-01  4.6500978e-01  1.7168000e+02]
 [ 9.8464722e-01  9.2902900e-02 -1.4624196e-01 -1.1647900e+03]
 [ 0.0000000e+00  0.0000000e+00  0.0000000e+00  1.0000000e+00]]
[+0133.44, +0011.65, -1090.88]
1089, 1684, 979
[[-1.7189122e-01  4.5713556e-01 -8.7248292e-01  5.4530000e+01]
 [-1.3716360e-02  8.8459606e-01  4.6612944e-01  1.7175000e+02]
 [ 9.8489148e-01  9.2151360e-02 -1.4576872e-01 -1.1647900e+03]
 [ 0.0000000e+00  0.0000000e+00  0.0000000e+00  1.0000000e+00]]
[+0128.93, +0033.07, -1071.12]
1567, 2048, 1481
[[-1.7352234e-01  4.5553994e-01 -8.7288926e-01  5.4310000e+01]
 [-1.4435540e-02  8.8528268e-01  4.6478318e-01  1.7166000e+02]
 [ 9.8450186e-01  9.3354980e-02 -1.4701402e-01 -1.1648000e+03]
 [ 0.0000000e+00  0.0000000e+00  0.0000000e+00  1.0000000e+00]]
[+0113.69, +0035.93, -1081.63]
1398, 1916, 1781
[[-1.7270658e-01  4.5583716e-01 -8.7289216e-01  5.4390000e+01]
 [-1.4614040e-02  8.8514808e-01  4.6503312e-01  1.7166000e+02]
 [ 9.8463936e-01  9.3176480e-02 -1.4618250e-01 -1.1648000e+03]
 [ 0.0000000e+00  0.0000000e+00  0.0000000e+00  1.0000000e+00]]
[+0084.73, +0001.81, -1083.74]
1567, 2048, 1481
[[-1.7352234e-01  4.5568846e-01 -8.7285168e-01  5.4350000e+01]
 [-1.4287020e-02  8.8522326e-01  4.6490824e-01  1.7168000e+02]
 [ 9.8453944e-01  9.3229920e-02 -1.4707344e-01 -1.1648100e+03]
 [ 0.0000000e+00  0.0000000e+00  0.0000000e+00  1.0000000e+00]]
[+0115.75, +0038.50, -1081.94]
1932, 2053, 1688
[[-1.7433850e-01  4.5513170e-01 -8.7307210e-01  5.4260000e+01]
 [-1.4443420e-02  8.8547654e-01  4.6443790e-01  1.7163000e+02]
 [ 9.8447506e-01  9.3628580e-02 -1.4778660e-01 -1.1647800e+03]
 [ 0.0000000e+00  0.0000000e+00  0.0000000e+00  1.0000000e+00]]
[+0089.44, +0053.16, -1082.63]
1567, 2048, 1481
[[-1.7218804e-01  4.5597808e-01 -8.7290904e-01  5.4410000e+01]
 [-1.4873840e-02  8.8507286e-01  4.6516578e-01  1.7172000e+02]
 [ 9.8471568e-01  9.3190260e-02 -1.4558874e-01 -1.1648300e+03]
 [ 0.0000000e+00  0.0000000e+00  0.0000000e+00  1.0000000e+00]]
[+0117.08, +0033.98, -1082.64]
1598, 1891, 1429
[[-1.7256016e-01  4.5594688e-01 -8.7289368e-01  5.4390000e+01]
 [-1.5080080e-02  8.8505702e-01  4.6519698e-01  1.7167000e+02]
 [ 9.8468448e-01  9.3531180e-02 -1.4582618e-01 -1.1648000e+03]
 [ 0.0000000e+00  0.0000000e+00  0.0000000e+00  1.0000000e+00]]
[+0100.11, +0044.72, -1074.46]
1567, 2048, 1481
[[-1.7248116e-01  4.5575872e-01 -8.7290624e-01  5.4350000e+01]
 [-1.3941760e-02  8.8525454e-01  4.6483798e-01  1.7167000e+02]
 [ 9.8462528e-01  9.2480860e-02 -1.4630146e-01 -1.1647900e+03]
 [ 0.0000000e+00  0.0000000e+00  0.0000000e+00  1.0000000e+00]]
[+0115.44, +0032.20, -1082.33]
1174, 1326, 1379
[[-1.7203764e-01  4.5717438e-01 -8.7244426e-01  5.4510000e+01]
 [-1.3101740e-02  8.8462686e-01  4.6609062e-01  1.7171000e+02]
 [ 9.8488362e-01  9.1671740e-02 -1.4618514e-01 -1.1647400e+03]
 [ 0.0000000e+00  0.0000000e+00  0.0000000e+00  1.0000000e+00]]
[+0064.08, +0015.91, -1062.94]
1176, 1315, 1023
[[-1.7182034e-01  4.5718440e-01 -8.7234348e-01  5.4540000e+01]
 [-1.4418480e-02  8.8448960e-01  4.6628664e-01  1.7173000e+02]
 [ 9.8478060e-01  9.2809200e-02 -1.4535250e-01 -1.1648100e+03]
 [ 0.0000000e+00  0.0000000e+00  0.0000000e+00  1.0000000e+00]]
[+0089.98, +0045.19, -1054.75]
1174, 1326, 1379
[[-1.7203764e-01  4.5672912e-01 -8.7255700e-01  5.4460000e+01]
 [-1.3547000e-02  8.8480620e-01  4.6571520e-01  1.7166000e+02]
 [ 9.8477088e-01  9.2047160e-02 -1.4600580e-01 -1.1647600e+03]
 [ 0.0000000e+00  0.0000000e+00  0.0000000e+00  1.0000000e+00]]
[+0063.76, +0015.28, -1063.23]
1852, 1428, 1380
[[-1.7360162e-01  4.5598704e-01 -8.7265338e-01  5.4350000e+01]
 [-1.5239040e-02  8.8496576e-01  4.6536304e-01  1.7166000e+02]
 [ 9.8448762e-01  9.4184960e-02 -1.4665762e-01 -1.1647400e+03]
 [ 0.0000000e+00  0.0000000e+00  0.0000000e+00  1.0000000e+00]]
[+0055.72, +0083.31, -1080.90]
1174, 1326, 1379
[[-1.7271080e-01  4.5656712e-01 -8.7242436e-01  5.4380000e+01]
 [-1.4809680e-02  8.8472800e-01  4.6580976e-01  1.7166000e+02]
 [ 9.8456004e-01  9.3512160e-02 -1.4600456e-01 -1.1648800e+03]
 [ 0.0000000e+00  0.0000000e+00  0.0000000e+00  1.0000000e+00]]
[+0063.71, +0015.22, -1063.39]
1203, 1132, 1384
[[-1.7374800e-01  4.5673096e-01 -8.7227728e-01  5.4350000e+01]
 [-1.3844320e-02  8.8469990e-01  4.6591946e-01  1.7164000e+02]
 [ 9.8451976e-01  9.3109820e-02 -1.4737114e-01 -1.1648500e+03]
 [ 0.0000000e+00  0.0000000e+00  0.0000000e+00  1.0000000e+00]]
[+0040.78, +0024.46, -1065.50]
1174, 1326, 1379
[[-1.7189122e-01  4.5654196e-01 -8.7263340e-01  5.4370000e+01]
 [-1.4309960e-02  8.8483478e-01  4.6562880e-01  1.7166000e+02]
 [ 9.8474100e-01  9.2652000e-02 -1.4553000e-01 -1.1648800e+03]
 [ 0.0000000e+00  0.0000000e+00  0.0000000e+00  1.0000000e+00]]
[+0063.75, +0014.90, -1063.48]
1102, 1022, 814
[[-1.7122690e-01  4.5794178e-01 -8.7220144e-01  5.4530000e+01]
 [-1.3811820e-02  8.8419070e-01  4.6689696e-01  1.7172000e+02]
 [ 9.8501536e-01  9.2048160e-02 -1.4505796e-01 -1.1649000e+03]
 [ 0.0000000e+00  0.0000000e+00  0.0000000e+00  1.0000000e+00]]
[+0076.31, +0064.50, -1048.97]
2193, 1160, 1791
[[-1.7634772e-01  4.5482658e-01 -8.7284282e-01  5.4090000e+01]
 [-1.4971980e-02  8.8548796e-01  4.6440222e-01  1.7147000e+02]
 [ 9.8412278e-01  9.5007180e-02 -1.4933332e-01 -1.1648200e+03]
 [ 0.0000000e+00  0.0000000e+00  0.0000000e+00  1.0000000e+00]]
[+0013.61, +0079.85, -1120.44]
1102, 1022, 814
[[-1.7167440e-01  4.5814668e-01 -8.7197004e-01  5.4600000e+01]
 [-1.3956840e-02  8.8403990e-01  4.6717148e-01  1.7179000e+02]
 [ 9.8490372e-01  9.2442440e-02 -1.4535466e-01 -1.1647500e+03]
 [ 0.0000000e+00  0.0000000e+00  0.0000000e+00  1.0000000e+00]]
[+0076.36, +0065.15, -1048.97]
1095, 1441, 761
[[-1.7219250e-01  4.5759850e-01 -8.7221500e-01  5.4510000e+01]
 [-1.4179300e-02  8.8429478e-01  4.6669316e-01  1.7175000e+02]
 [ 9.8486260e-01  9.2774840e-02 -1.4576872e-01 -1.1648500e+03]
 [ 0.0000000e+00  0.0000000e+00  0.0000000e+00  1.0000000e+00]]
[+0125.21, +0057.24, -1063.10]
1102, 1022, 814
[[-1.7211712e-01  4.5758408e-01 -8.7205880e-01  5.4510000e+01]
 [-1.3868080e-02  8.8431038e-01  4.6664000e-01  1.7172000e+02]
 [ 9.8472200e-01  9.2531200e-02 -1.4582850e-01 -1.1648200e+03]
 [ 0.0000000e+00  0.0000000e+00  0.0000000e+00  1.0000000e+00]]
[+0074.73, +0062.59, -1048.59]
826, 1055, 1117
[[-1.7144826e-01  4.5777120e-01 -8.7205986e-01  5.4520000e+01]
 [-1.3581360e-02  8.8426604e-01  4.6672640e-01  1.7174000e+02]
 [ 9.8481390e-01  9.1997360e-02 -1.4535466e-01 -1.1648200e+03]
 [ 0.0000000e+00  0.0000000e+00  0.0000000e+00  1.0000000e+00]]
[+0066.73, +0000.37, -1055.64]
1102, 1022, 814
[[-1.7137296e-01  4.5768368e-01 -8.7223816e-01  5.4510000e+01]
 [-1.3493840e-02  8.8434134e-01  4.6660798e-01  1.7166000e+02]
 [ 9.8493232e-01  9.1819060e-02 -1.4535466e-01 -1.1648000e+03]
 [ 0.0000000e+00  0.0000000e+00  0.0000000e+00  1.0000000e+00]]
[+0075.74, +0065.42, -1048.99]
1991, 1855, 1582
[[-1.7448882e-01  4.5519556e-01 -8.7290180e-01  5.4180000e+01]
 [-1.4804440e-02  8.8538552e-01  4.6458040e-01  1.7158000e+02]
 [ 9.8434820e-01  9.4080400e-02 -1.4772730e-01 -1.1648400e+03]
 [ 0.0000000e+00  0.0000000e+00  0.0000000e+00  1.0000000e+00]]
[+0077.63, +0070.19, -1082.33]
2002, 1073, 1342
[[-1.7382330e-01  4.5641042e-01 -8.7236044e-01  5.4320000e+01]
 [-1.4414900e-02  8.8480334e-01  4.6569292e-01  1.7161000e+02]
 [ 9.8443660e-01  9.3633400e-02 -1.4719240e-01 -1.1648300e+03]
 [ 0.0000000e+00  0.0000000e+00  0.0000000e+00  1.0000000e+00]]
[+0028.60, +0103.75, -1108.65]
1991, 1855, 1582
[[-1.7471082e-01  4.5521122e-01 -8.7287026e-01  5.4190000e+01]
 [-1.4463620e-02  8.8540140e-01  4.6456474e-01  1.7159000e+02]
 [ 9.8433254e-01  9.3874060e-02 -1.4808378e-01 -1.1648100e+03]
 [ 0.0000000e+00  0.0000000e+00  0.0000000e+00  1.0000000e+00]]
[+0077.60, +0070.45, -1082.75]
1611, 1678, 2140
[[-1.7433850e-01  4.5524272e-01 -8.7288596e-01  5.4220000e+01]
 [-1.4257280e-02  8.8541720e-01  4.6453324e-01  1.7155000e+02]
 [ 9.8436404e-01  9.3533240e-02 -1.4784594e-01 -1.1647900e+03]
 [ 0.0000000e+00  0.0000000e+00  0.0000000e+00  1.0000000e+00]]
[+0037.95, -0000.70, -1101.34]
1991, 1855, 1582
[[-1.7441364e-01  4.5547872e-01 -8.7267012e-01  5.4250000e+01]
 [-1.4196120e-02  8.8528268e-01  4.6477712e-01  1.7161000e+02]
 [ 9.8428272e-01  9.3586520e-02 -1.4790532e-01 -1.1647100e+03]
 [ 0.0000000e+00  0.0000000e+00  0.0000000e+00  1.0000000e+00]]
[+0079.66, +0072.66, -1082.55]
1323, 1973, 1166
[[-1.7189122e-01  4.5643118e-01 -8.7281942e-01  5.4420000e+01]
 [-1.4495980e-02  8.8489436e-01  4.6553342e-01  1.7172000e+02]
 [ 9.8485178e-01  9.2747380e-02 -1.4547042e-01 -1.1647800e+03]
 [ 0.0000000e+00  0.0000000e+00  0.0000000e+00  1.0000000e+00]]
[+0135.31, +0036.76, -1084.87]
1991, 1855, 1582
[[-1.7367274e-01  4.5534450e-01 -8.7294272e-01  5.4280000e+01]
 [-1.5131220e-02  8.8531030e-01  4.6470504e-01  1.7160000e+02]
 [ 9.8444840e-01  9.4027200e-02 -1.4683600e-01 -1.1647600e+03]
 [ 0.0000000e+00  0.0000000e+00  0.0000000e+00  1.0000000e+00]]
[+0074.04, +0070.99, -1082.88]
1642, 1991, 1047
[[-1.7211282e-01  4.5644660e-01 -8.7278836e-01  5.4410000e+01]
 [-1.4155000e-02  8.8491000e-01  4.6551800e-01  1.7170000e+02]
 [ 9.8483636e-01  9.2541200e-02 -1.4582682e-01 -1.1647400e+03]
 [ 0.0000000e+00  0.0000000e+00  0.0000000e+00  1.0000000e+00]]
[+0133.08, +0069.84, -1092.20]
1860, 1371, 1277
[[-1.7389864e-01  4.5623840e-01 -8.7240604e-01  5.4360000e+01]
 [-1.4836960e-02  8.8484696e-01  4.6559140e-01  1.7165000e+02]
 [ 9.8439100e-01  9.4031960e-02 -1.4707344e-01 -1.1647900e+03]
 [ 0.0000000e+00  0.0000000e+00  0.0000000e+00  1.0000000e+00]]
[+0057.07, +0091.54, -1083.45]
1642, 1991, 1047
[[-1.7285320e-01  4.5613544e-01 -8.7262952e-01  5.4390000e+01]
 [-1.3665040e-02  8.8506032e-01  4.6521464e-01  1.7172000e+02]
 [ 9.8455832e-01  9.2476240e-02 -1.4671752e-01 -1.1647700e+03]
 [ 0.0000000e+00  0.0000000e+00  0.0000000e+00  1.0000000e+00]]
[+0133.26, +0070.17, -1092.44]
1673, 2189, 1550
[[-1.7389120e-01  4.5518664e-01 -8.7307992e-01  5.4230000e+01]
 [-1.3963440e-02  8.8550798e-01  4.6438296e-01  1.7165000e+02]
 [ 9.8451432e-01  9.3014160e-02 -1.4760818e-01 -1.1647800e+03]
 [ 0.0000000e+00  0.0000000e+00  0.0000000e+00  1.0000000e+00]]
[+0118.19, +0034.48, -1088.35]
1642, 1991, 1047
[[-1.7248490e-01  4.5678558e-01 -8.7236316e-01  5.4390000e+01]
 [-1.3840620e-02  8.8471550e-01  4.6586484e-01  1.7173000e+02]
 [ 9.8462124e-01  9.2566440e-02 -1.4624296e-01 -1.1647900e+03]
 [ 0.0000000e+00  0.0000000e+00  0.0000000e+00  1.0000000e+00]]
[+0129.09, +0069.53, -1090.15]
1426, 1929, 1084
[[-1.7270658e-01  4.5639340e-01 -8.7259330e-01  5.4410000e+01]
 [-1.3982600e-02  8.8491000e-01  4.6550380e-01  1.7170000e+02]
 [ 9.8464130e-01  9.2705800e-02 -1.4642058e-01 -1.1647900e+03]
 [ 0.0000000e+00  0.0000000e+00  0.0000000e+00  1.0000000e+00]]
[+0128.33, +0052.69, -1081.87]
1642, 1991, 1047
[[-1.7352628e-01  4.5615898e-01 -8.7260774e-01  5.4350000e+01]
 [-1.4816980e-02  8.8492230e-01  4.6546466e-01  1.7172000e+02]
 [ 9.8453326e-01  9.3786340e-02 -1.4677642e-01 -1.1648300e+03]
 [ 0.0000000e+00  0.0000000e+00  0.0000000e+00  1.0000000e+00]]
[+0131.50, +0072.39, -1091.86]
2097, 1015, 805
[[-1.7427108e-01  4.5706044e-01 -8.7201576e-01  5.4410000e+01]
 [-1.4114160e-02  8.8447388e-01  4.6634308e-01  1.7163000e+02]
 [ 9.8443716e-01  9.3652720e-02 -1.4766820e-01 -1.1647900e+03]
 [ 0.0000000e+00  0.0000000e+00  0.0000000e+00  1.0000000e+00]]
[+0061.00, +0134.74, -1130.70]
1704, 759, 825
[[-1.7197114e-01  4.5784214e-01 -8.7202226e-01  5.4580000e+01]
 [-1.4185940e-02  8.8415958e-01  4.6692898e-01  1.7170000e+02]
 [ 9.8480506e-01  9.2760380e-02 -1.4553172e-01 -1.1647700e+03]
 [ 0.0000000e+00  0.0000000e+00  0.0000000e+00  1.0000000e+00]]
[+0038.86, +0120.53, -1101.14]
2097, 1015, 805
[[-1.7404944e-01  4.5689628e-01 -8.7208492e-01  5.4430000e+01]
 [-1.4603720e-02  8.8451766e-01  4.6623372e-01  1.7164000e+02]
 [ 9.8441508e-01  9.3983720e-02 -1.4725194e-01 -1.1647900e+03]
 [ 0.0000000e+00  0.0000000e+00  0.0000000e+00  1.0000000e+00]]
[+0062.39, +0134.50, -1130.00]
2120, 1032, 1466
[[-1.7471460e-01  4.5612722e-01 -8.7251366e-01  5.4250000e+01]
 [-1.4547460e-02  8.8492230e-01  4.6549642e-01  1.7163000e+02]
 [ 9.8443918e-01  9.4055860e-02 -1.4796474e-01 -1.1647400e+03]
 [ 0.0000000e+00  0.0000000e+00  0.0000000e+00  1.0000000e+00]]
[+0020.49, +0100.39, -1120.69]
2097, 1015, 805
[[-1.7338002e-01  4.5723256e-01 -8.7204856e-01  5.4460000e+01]
 [-1.4168240e-02  8.8441422e-01  4.6644448e-01  1.7168000e+02]
 [ 9.8454536e-01  9.3325120e-02 -1.4683680e-01 -1.1647700e+03]
 [ 0.0000000e+00  0.0000000e+00  0.0000000e+00  1.0000000e+00]]
[+0062.22, +0134.34, -1132.40]
2226, 816, 805
[[-1.7471906e-01  4.5711618e-01 -8.7182172e-01  5.4410000e+01]
 [-1.4407380e-02  8.8438262e-01  4.6649332e-01  1.7163000e+02]
 [ 9.8428692e-01  9.4172120e-02 -1.4790568e-01 -1.1647700e+03]
 [ 0.0000000e+00  0.0000000e+00  0.0000000e+00  1.0000000e+00]]
[+0048.54, +0133.37, -1148.83]
2097, 1015, 805
[[-1.7286160e-01  4.5748408e-01 -8.7187936e-01  5.4480000e+01]
 [-1.4242240e-02  8.8427910e-01  4.6667242e-01  1.7169000e+02]
 [ 9.8451128e-01  9.3243260e-02 -1.4630266e-01 -1.1647600e+03]
 [ 0.0000000e+00  0.0000000e+00  0.0000000e+00  1.0000000e+00]]
[+0061.87, +0130.46, -1127.24]
769, 1456, 929
[[-1.7048298e-01  4.5755848e-01 -8.7234516e-01  5.4560000e+01]
 [-1.3844880e-02  8.8440120e-01  4.6645964e-01  1.7175000e+02]
 [ 9.8496404e-01  9.1741560e-02 -1.4440482e-01 -1.1648400e+03]
 [ 0.0000000e+00  0.0000000e+00  0.0000000e+00  1.0000000e+00]]
[+0125.10, +0006.53, -1066.70]
767, 1042, 1050
[[-1.7070434e-01  4.5772218e-01 -8.7227676e-01  5.4610000e+01]
 [-1.3355460e-02  8.8435670e-01  4.6656948e-01  1.7173000e+02]
 [ 9.8498628e-01  9.1410360e-02 -1.4482120e-01 -1.1647800e+03]
 [ 0.0000000e+00  0.0000000e+00  0.0000000e+00  1.0000000e+00]]
[+0069.94, +0000.19, -1053.54]
769, 1456, 929
[[-1.7166970e-01  4.5767598e-01 -8.7221496e-01  5.4560000e+01]
 [-1.3426260e-02  8.8434134e-01  4.6661568e-01  1.7175000e+02]
 [ 9.8490912e-01  9.1886640e-02 -1.4565140e-01 -1.1648200e+03]
 [ 0.0000000e+00  0.0000000e+00  0.0000000e+00  1.0000000e+00]]
[+0125.64, +0006.34, -1066.98]
1452, 1749, 1937
[[-1.7374800e-01  4.5532104e-01 -8.7295072e-01  5.4260000e+01]
 [-1.5404800e-02  8.8529430e-01  4.6472850e-01  1.7158000e+02]
 [ 9.8444040e-01  9.4300780e-02 -1.4677674e-01 -1.1647900e+03]
 [ 0.0000000e+00  0.0000000e+00  0.0000000e+00  1.0000000e+00]]
[+0059.05, -0000.96, -1088.24]
769, 1456, 929
[[-1.7100562e-01  4.5792642e-01 -8.7223232e-01  5.4590000e+01]
 [-1.4152980e-02  8.8417518e-01  4.6691232e-01  1.7176000e+02]
 [ 9.8503072e-01  9.2254080e-02 -1.4470144e-01 -1.1648100e+03]
 [ 0.0000000e+00  0.0000000e+00  0.0000000e+00  1.0000000e+00]]
[+0124.48, +0007.38, -1066.31]
955, 1421, 812
[[-1.7174500e-01  4.5761510e-01 -8.7207430e-01  5.4530000e+01]
 [-1.3662140e-02  8.8432590e-01  4.6660898e-01  1.7174000e+02]
 [ 9.8475302e-01  9.2190100e-02 -1.4559154e-01 -1.1648000e+03]
 [ 0.0000000e+00  0.0000000e+00  0.0000000e+00  1.0000000e+00]]
[+0123.67, +0040.06, -1060.28]
769, 1456, 929
[[-1.7107626e-01  4.5769138e-01 -8.7226132e-01  5.4590000e+01]
 [-1.3561420e-02  8.8434134e-01  4.6660028e-01  1.7179000e+02]
 [ 9.8495548e-01  9.1751480e-02 -1.4505796e-01 -1.1647800e+03]
 [ 0.0000000e+00  0.0000000e+00  0.0000000e+00  1.0000000e+00]]
[+0123.67, +0005.88, -1066.38]
899, 2134, 1459
[[-1.7248116e-01  4.5564780e-01 -8.7309224e-01  5.4300000e+01]
 [-1.4127760e-02  8.8531404e-01  4.6474260e-01  1.7167000e+02]
 [ 9.8473620e-01  9.2576240e-02 -1.4624196e-01 -1.1648200e+03]
 [ 0.0000000e+00  0.0000000e+00  0.0000000e+00  1.0000000e+00]]
[+0137.52, -0015.33, -1117.50]
1051, 2247, 1485
[[-1.7270304e-01  4.5495848e-01 -8.7339720e-01  5.4230000e+01]
 [-1.4566800e-02  8.8562670e-01  4.6413110e-01  1.7166000e+02]
 [ 9.8468152e-01  9.2965860e-02 -1.4630130e-01 -1.1648300e+03]
 [ 0.0000000e+00  0.0000000e+00  0.0000000e+00  1.0000000e+00]]
[+0137.95, -0004.85, -1114.42]
899, 2134, 1459
[[-1.7099706e-01  4.5679860e-01 -8.7261130e-01  5.4470000e+01]
 [-1.3202200e-02  8.8483692e-01  4.6564572e-01  1.7174000e+02]
 [ 9.8485590e-01  9.1297720e-02 -1.4523498e-01 -1.1648000e+03]
 [ 0.0000000e+00  0.0000000e+00  0.0000000e+00  1.0000000e+00]]
[+0133.93, -0014.32, -1113.87]
1192, 1758, 1380
[[-1.7226330e-01  4.5651086e-01 -8.7261798e-01  5.4420000e+01]
 [-1.4516100e-02  8.8481910e-01  4.6565990e-01  1.7169000e+02]
 [ 9.8470990e-01  9.2992980e-02 -1.4576724e-01 -1.1648300e+03]
 [ 0.0000000e+00  0.0000000e+00  0.0000000e+00  1.0000000e+00]]
[+0103.28, +0013.26, -1072.21]
899, 2134, 1459
[[-1.7181234e-01  4.5628032e-01 -8.7298094e-01  5.4390000e+01]
 [-1.3395040e-02  8.8509120e-01  4.6520448e-01  1.7172000e+02]
 [ 9.8494062e-01  9.1667360e-02 -1.4594610e-01 -1.1648200e+03]
 [ 0.0000000e+00  0.0000000e+00  0.0000000e+00  1.0000000e+00]]
[+0138.29, -0015.27, -1117.71]
891, 2003, 2057
[[-1.7203140e-01  4.5422950e-01 -8.7375470e-01  5.4290000e+01]
 [-1.4194060e-02  8.8606070e-01  4.6328542e-01  1.7153000e+02]
 [ 9.8466758e-01  9.2251900e-02 -1.4594506e-01 -1.1646800e+03]
 [ 0.0000000e+00  0.0000000e+00  0.0000000e+00  1.0000000e+00]]
[+0094.19, -0039.31, -1131.98]
899, 2134, 1459
[[-1.7188740e-01  4.5636796e-01 -8.7280268e-01  5.4400000e+01]
 [-1.3482680e-02  8.8501614e-01  4.6532306e-01  1.7174000e+02]
 [ 9.8482204e-01  9.1845620e-02 -1.4594610e-01 -1.1647900e+03]
 [ 0.0000000e+00  0.0000000e+00  0.0000000e+00  1.0000000e+00]]
[+0138.02, -0014.61, -1117.27]
1384, 1695, 1563
[[-1.7270304e-01  4.5621976e-01 -8.7276256e-01  5.4380000e+01]
 [-1.3155440e-02  8.8509120e-01  4.6519768e-01  1.7165000e+02]
 [ 9.8472224e-01  9.1899280e-02 -1.4683680e-01 -1.1647900e+03]
 [ 0.0000000e+00  0.0000000e+00  0.0000000e+00  1.0000000e+00]]
[+0077.55, +0020.45, -1071.04]
1255, 1727, 2032
[[-1.7307508e-01  4.5548370e-01 -8.7308306e-01  5.4320000e+01]
 [-1.4141700e-02  8.8537350e-01  4.6463310e-01  1.7162000e+02]
 [ 9.8465194e-01  9.2835900e-02 -1.4677642e-01 -1.1647500e+03]
 [ 0.0000000e+00  0.0000000e+00  0.0000000e+00  1.0000000e+00]]
[+0059.92, -0023.98, -1104.34]
1384, 1695, 1563
[[-1.7181600e-01  4.5630600e-01 -8.7284920e-01  5.4400000e+01]
 [-1.4370800e-02  8.8496958e-01  4.6538502e-01  1.7167000e+02]
 [ 9.8482200e-01  9.2598980e-02 -1.4547042e-01 -1.1648300e+03]
 [ 0.0000000e+00  0.0000000e+00  0.0000000e+00  1.0000000e+00]]
[+0080.19, +0021.28, -1070.76]
1365, 2148, 1526
[[-1.7344720e-01  4.5556340e-01 -8.7288140e-01  5.4320000e+01]
 [-1.4161960e-02  8.8529840e-01  4.6475972e-01  1.7166000e+02]
 [ 9.8450972e-01  9.3081400e-02 -1.4707344e-01 -1.1648200e+03]
 [ 0.0000000e+00  0.0000000e+00  0.0000000e+00  1.0000000e+00]]
[+0125.86, +0017.44, -1091.69]
1384, 1695, 1563
[[-1.7330050e-01  4.5608080e-01 -8.7262170e-01  5.4350000e+01]
 [-1.4144800e-02  8.8502912e-01  4.6526928e-01  1.7165000e+02]
 [ 9.8451930e-01  9.3090720e-02 -1.4689538e-01 -1.1648000e+03]
 [ 0.0000000e+00  0.0000000e+00  0.0000000e+00  1.0000000e+00]]
[+0078.39, +0020.60, -1070.94]
925, 1666, 1439
[[-1.7196648e-01  4.5751988e-01 -8.7222936e-01  5.4420000e+01]
 [-1.3507080e-02  8.8440120e-01  4.6649824e-01  1.7177000e+02]
 [ 9.8484824e-01  9.2079360e-02 -1.4588832e-01 -1.1647900e+03]
 [ 0.0000000e+00  0.0000000e+00  0.0000000e+00  1.0000000e+00]]
[+0101.85, -0015.90, -1082.99]
1384, 1695, 1563
[[-1.7270658e-01  4.5613408e-01 -8.7281696e-01  5.4350000e+01]
 [-1.4317120e-02  8.8502912e-01  4.6528336e-01  1.7164000e+02]
 [ 9.8471456e-01  9.2926240e-02 -1.4630146e-01 -1.1648000e+03]
 [ 0.0000000e+00  0.0000000e+00  0.0000000e+00  1.0000000e+00]]
[+0079.14, +0019.64, -1071.22]
948, 1820, 1117
[[-1.7144404e-01  4.5704132e-01 -8.7252832e-01  5.4470000e+01]
 [-1.3385120e-02  8.8468668e-01  4.6595012e-01  1.7172000e+02]
 [ 9.8489252e-01  9.1661920e-02 -1.4553172e-01 -1.1648100e+03]
 [ 0.0000000e+00  0.0000000e+00  0.0000000e+00  1.0000000e+00]]
[+0137.24, +0007.24, -1085.32]
1138, 1812, 1502
[[-1.7218426e-01  4.5606338e-01 -8.7285448e-01  5.4360000e+01]
 [-1.3712180e-02  8.8513542e-01  4.6508048e-01  1.7164000e+02]
 [ 9.8472368e-01  9.2163280e-02 -1.4612368e-01 -1.1648000e+03]
 [ 0.0000000e+00  0.0000000e+00  0.0000000e+00  1.0000000e+00]]
[+0103.66, -0002.62, -1080.66]
948, 1820, 1117
[[-1.7174082e-01  4.5699606e-01 -8.7235670e-01  5.4470000e+01]
 [-1.3280060e-02  8.8468668e-01  4.6592790e-01  1.7172000e+02]
 [ 9.8472090e-01  9.1759300e-02 -1.4582850e-01 -1.1648100e+03]
 [ 0.0000000e+00  0.0000000e+00  0.0000000e+00  1.0000000e+00]]
[+0136.90, +0007.36, -1085.17]
962, 989, 1092
[[-1.7115156e-01  4.5781658e-01 -8.7223138e-01  5.4550000e+01]
 [-1.3686620e-02  8.8426604e-01  4.6674862e-01  1.7171000e+02]
 [ 9.8498542e-01  9.1899820e-02 -1.4505796e-01 -1.1648100e+03]
 [ 0.0000000e+00  0.0000000e+00  0.0000000e+00  1.0000000e+00]]
[+0054.11, +0022.62, -1052.26]
948, 1820, 1117
[[-1.7174082e-01  4.5673684e-01 -8.7258026e-01  5.4440000e+01]
 [-1.3614440e-02  8.8480620e-01  4.6570748e-01  1.7173000e+02]
 [ 9.8479414e-01  9.1979720e-02 -1.4570898e-01 -1.1648100e+03]
 [ 0.0000000e+00  0.0000000e+00  0.0000000e+00  1.0000000e+00]]
[+0137.86, +0008.31, -1085.43]
1514, 1838, 836
[[-1.7330050e-01  4.5652630e-01 -8.7250890e-01  5.4380000e+01]
 [-1.3699300e-02  8.8485038e-01  4.6564446e-01  1.7171000e+02]
 [ 9.8463210e-01  9.2715540e-02 -1.4707412e-01 -1.1648000e+03]
 [ 0.0000000e+00  0.0000000e+00  0.0000000e+00  1.0000000e+00]]
[+0137.57, +0081.25, -1093.05]
948, 1820, 1117
[[-1.7218804e-01  4.5694178e-01 -8.7234886e-01  5.4460000e+01]
 [-1.3759660e-02  8.8465580e-01  4.6598218e-01  1.7174000e+02]
 [ 9.8468218e-01  9.2373860e-02 -1.4600580e-01 -1.1647800e+03]
 [ 0.0000000e+00  0.0000000e+00  0.0000000e+00  1.0000000e+00]]
[+0136.05, +0007.51, -1085.27]
1136, 1200, 1741
[[-1.7300352e-01  4.5623712e-01 -8.7260752e-01  5.4370000e+01]
 [-1.4063680e-02  8.8496958e-01  4.6538652e-01  1.7159000e+02]
 [ 9.8458032e-01  9.2898280e-02 -1.4665794e-01 -1.1647700e+03]
 [ 0.0000000e+00  0.0000000e+00  0.0000000e+00  1.0000000e+00]]
[+0031.23, -0010.01, -1090.10]
1309, 1426, 2018
[[-1.7374426e-01  4.5570410e-01 -8.7282036e-01  5.4300000e+01]
 [-1.3946140e-02  8.8523894e-01  4.6489260e-01  1.7157000e+02]
 [ 9.8452380e-01  9.3023640e-02 -1.4742996e-01 -1.1647800e+03]
 [ 0.0000000e+00  0.0000000e+00  0.0000000e+00  1.0000000e+00]]
[+0032.66, -0012.91, -1104.13]
1136, 1200, 1741
[[-1.7189122e-01  4.5683876e-01 -8.7255816e-01  5.4460000e+01]
 [-1.4013160e-02  8.8471550e-01  4.6587912e-01  1.7163000e+02]
 [ 9.8481624e-01  9.2401680e-02 -1.4564928e-01 -1.1647900e+03]
 [ 0.0000000e+00  0.0000000e+00  0.0000000e+00  1.0000000e+00]]
[+0033.06, -0007.33, -1087.76]
1060, 933, 2005
[[-1.718160e-01  4.564544e-01 -8.728116e-01  5.442000e+01]
 [-1.422240e-02  8.849100e-01  4.655102e-01  1.715900e+02]
 [ 9.848596e-01  9.247380e-02 -1.455300e-01 -1.164780e+03]
 [ 0.000000e+00  0.000000e+00  0.000000e+00  1.000000e+00]]
[+0005.78, -0019.37, -1133.44]
1136, 1200, 1741
[[-1.7203764e-01  4.5672912e-01 -8.7255700e-01  5.4420000e+01]
 [-1.3547000e-02  8.8480620e-01  4.6571520e-01  1.7163000e+02]
 [ 9.8477088e-01  9.2047160e-02 -1.4600580e-01 -1.1647700e+03]
 [ 0.0000000e+00  0.0000000e+00  0.0000000e+00  1.0000000e+00]]
[+0034.32, -0007.99, -1087.64]
906, 1314, 1790
[[-1.7122248e-01  4.5691508e-01 -8.7274516e-01  5.4480000e+01]
 [-1.3912120e-02  8.8473102e-01  4.6587026e-01  1.7166000e+02]
 [ 9.8501876e-01  9.1963340e-02 -1.4511546e-01 -1.1648300e+03]
 [ 0.0000000e+00  0.0000000e+00  0.0000000e+00  1.0000000e+00]]
[+0050.63, -0034.44, -1103.04]
1136, 1200, 1741
[[-1.7189122e-01  4.5669036e-01 -8.7259578e-01  5.4440000e+01]
 [-1.4161560e-02  8.8477516e-01  4.6575396e-01  1.7164000e+02]
 [ 9.8477862e-01  9.2526840e-02 -1.4558962e-01 -1.1648000e+03]
 [ 0.0000000e+00  0.0000000e+00  0.0000000e+00  1.0000000e+00]]
[+0032.06, -0007.06, -1088.33]
761, 1213, 1271
[[-1.7107626e-01  4.5769138e-01 -8.7226132e-01  5.4560000e+01]
 [-1.3561420e-02  8.8434134e-01  4.6660028e-01  1.7173000e+02]
 [ 9.8495548e-01  9.1751480e-02 -1.4505796e-01 -1.1648100e+03]
 [ 0.0000000e+00  0.0000000e+00  0.0000000e+00  1.0000000e+00]]
[+0076.01, -0018.49, -1068.89]
1231, 1573, 1861
[[-1.7256016e-01  4.5579844e-01 -8.7293132e-01  5.4320000e+01]
 [-1.5228520e-02  8.8511640e-01  4.6507184e-01  1.7158000e+02]
 [ 9.8464684e-01  9.3656320e-02 -1.4576680e-01 -1.1648300e+03]
 [ 0.0000000e+00  0.0000000e+00  0.0000000e+00  1.0000000e+00]]
[+0055.51, -0014.39, -1090.98]
761, 1213, 1271
[[-1.7152360e-01  4.5759964e-01 -8.7210528e-01  5.4570000e+01]
 [-1.4003240e-02  8.8431038e-01  4.6662444e-01  1.7172000e+02]
 [ 9.8476848e-01  9.2396040e-02 -1.4523498e-01 -1.1648100e+03]
 [ 0.0000000e+00  0.0000000e+00  0.0000000e+00  1.0000000e+00]]
[+0075.85, -0018.74, -1069.04]
1031, 1396, 943
[[-1.7122248e-01  4.5717420e-01 -8.7252160e-01  5.4490000e+01]
 [-1.3577800e-02  8.8461150e-01  4.6609080e-01  1.7169000e+02]
 [ 9.8494560e-01  9.1742800e-02 -1.4523498e-01 -1.1648100e+03]
 [ 0.0000000e+00  0.0000000e+00  0.0000000e+00  1.0000000e+00]]
[+0108.62, +0036.87, -1056.84]
761, 1213, 1271
[[-1.7100100e-01  4.5745546e-01 -8.7247722e-01  5.4540000e+01]
 [-1.3622180e-02  8.8447646e-01  4.6635666e-01  1.7167000e+02]
 [ 9.8503626e-01  9.1698420e-02 -1.4499810e-01 -1.1648000e+03]
 [ 0.0000000e+00  0.0000000e+00  0.0000000e+00  1.0000000e+00]]
[+0075.10, -0019.74, -1069.19]
928, 980, 1279
[[-1.7196648e-01  4.5737148e-01 -8.7226700e-01  5.4490000e+01]
 [-1.3655480e-02  8.8446102e-01  4.6637310e-01  1.7167000e+02]
 [ 9.8481060e-01  9.2204500e-02 -1.4582850e-01 -1.1647900e+03]
 [ 0.0000000e+00  0.0000000e+00  0.0000000e+00  1.0000000e+00]]
[+0039.66, +0004.64, -1063.54]
761, 1213, 1271
[[-1.7144826e-01  4.5736378e-01 -8.7232120e-01  5.4540000e+01]
 [-1.4064100e-02  8.8444550e-01  4.6638080e-01  1.7171000e+02]
 [ 9.8484928e-01  9.2342960e-02 -1.4517520e-01 -1.1647900e+03]
 [ 0.0000000e+00  0.0000000e+00  0.0000000e+00  1.0000000e+00]]
[+0076.34, -0020.08, -1069.70]
1811, 2091, 2236
[[-1.7470772e-01  4.5418398e-01 -8.7341250e-01  5.4070000e+01]
 [-1.4566020e-02  8.8593868e-01  4.6353750e-01  1.7153000e+02]
 [ 9.8433750e-01  9.3787500e-02 -1.4814404e-01 -1.1647800e+03]
 [ 0.0000000e+00  0.0000000e+00  0.0000000e+00  1.0000000e+00]]
[+0064.84, +0008.52, -1096.91]
2025, 902, 1568
[[-1.7412036e-01  4.5640252e-01 -8.7233692e-01  5.4350000e+01]
 [-1.4347480e-02  8.8480334e-01  4.6570082e-01  1.7161000e+02]
 [ 9.8441308e-01  9.3700820e-02 -1.4748946e-01 -1.1647800e+03]
 [ 0.0000000e+00  0.0000000e+00  0.0000000e+00  1.0000000e+00]]
[+0006.62, +0090.95, -1126.61]
1811, 2091, 2236
[[-1.7411332e-01  4.5434840e-01 -8.7342216e-01  5.4140000e+01]
 [-1.4551600e-02  8.8587950e-01  4.6364670e-01  1.7152000e+02]
 [ 9.8442216e-01  9.3528300e-02 -1.4760882e-01 -1.1648100e+03]
 [ 0.0000000e+00  0.0000000e+00  0.0000000e+00  1.0000000e+00]]
[+0066.62, +0004.26, -1097.85]
1915, 2234, 2014
[[-1.7463274e-01  4.5506184e-01 -8.7303110e-01  5.4180000e+01]
 [-1.3363200e-02  8.8559856e-01  4.6423416e-01  1.7166000e+02]
 [ 9.8442166e-01  9.2793600e-02 -1.4855914e-01 -1.1647600e+03]
 [ 0.0000000e+00  0.0000000e+00  0.0000000e+00  1.0000000e+00]]
[+0088.65, +0027.95, -1089.80]
1811, 2091, 2236
[[-1.7352234e-01  4.5483492e-01 -8.7322568e-01  5.4210000e+01]
 [-1.5215720e-02  8.8557918e-01  4.6418748e-01  1.7154000e+02]
 [ 9.8446248e-01  9.3950680e-02 -1.4671752e-01 -1.1648100e+03]
 [ 0.0000000e+00  0.0000000e+00  0.0000000e+00  1.0000000e+00]]
[+0061.80, +0005.55, -1098.28]
1350, 2119, 2036
[[-1.7248116e-01  4.5590718e-01 -8.7286870e-01  5.4330000e+01]
 [-1.3793300e-02  8.8519500e-01  4.6496310e-01  1.7167000e+02]
 [ 9.8466282e-01  9.2355740e-02 -1.4636100e-01 -1.1648100e+03]
 [ 0.0000000e+00  0.0000000e+00  0.0000000e+00  1.0000000e+00]]
[+0093.19, -0015.13, -1104.15]
1811, 2091, 2236
[[-1.7493290e-01  4.5437280e-01 -8.7321270e-01  5.4140000e+01]
 [-1.5052080e-02  8.8577264e-01  4.6382880e-01  1.7151000e+02]
 [ 9.8424006e-01  9.4387920e-02 -1.4808490e-01 -1.1648000e+03]
 [ 0.0000000e+00  0.0000000e+00  0.0000000e+00  1.0000000e+00]]
[+0061.40, +0008.69, -1097.54]
1351, 1148, 1577
[[-1.7240968e-01  4.5699496e-01 -8.7246624e-01  5.4440000e+01]
 [-1.3456240e-02  8.8467128e-01  4.6599648e-01  1.7165000e+02]
 [ 9.8481504e-01  9.2137920e-02 -1.4636240e-01 -1.1647700e+03]
 [ 0.0000000e+00  0.0000000e+00  0.0000000e+00  1.0000000e+00]]
[+0028.49, +0026.97, -1076.45]
971, 1244, 2158
[[-1.7233450e-01  4.5586834e-01 -8.7290762e-01  5.4360000e+01]
 [-1.4407780e-02  8.8516380e-01  4.6500194e-01  1.7157000e+02]
 [ 9.8467054e-01  9.2835580e-02 -1.4594506e-01 -1.1648100e+03]
 [ 0.0000000e+00  0.0000000e+00  0.0000000e+00  1.0000000e+00]]
[+0031.55, -0036.26, -1137.47]
1351, 1148, 1577
[[-1.7233860e-01  4.5674676e-01 -8.7240212e-01  5.4450000e+01]
 [-1.4455160e-02  8.8468422e-01  4.6590366e-01  1.7167000e+02]
 [ 9.8462892e-01  9.3046060e-02 -1.4582682e-01 -1.1648200e+03]
 [ 0.0000000e+00  0.0000000e+00  0.0000000e+00  1.0000000e+00]]
[+0028.62, +0027.81, -1076.14]
1567, 1170, 1714
[[-1.7307874e-01  4.5625134e-01 -8.7276384e-01  5.4350000e+01]
 [-1.4374860e-02  8.8495390e-01  4.6543968e-01  1.7160000e+02]
 [ 9.8472096e-01  9.3142080e-02 -1.4659840e-01 -1.1648100e+03]
 [ 0.0000000e+00  0.0000000e+00  0.0000000e+00  1.0000000e+00]]
[+0016.09, +0038.00, -1089.89]
1351, 1148, 1577
[[-1.7189122e-01  4.5698716e-01 -8.7252054e-01  5.4450000e+01]
 [-1.3864760e-02  8.8465580e-01  4.6600428e-01  1.7165000e+02]
 [ 9.8485386e-01  9.2276520e-02 -1.4570898e-01 -1.1647900e+03]
 [ 0.0000000e+00  0.0000000e+00  0.0000000e+00  1.0000000e+00]]
[+0028.27, +0026.06, -1076.64]
1351, 2193, 1404
[[-1.7203764e-01  4.5576534e-01 -8.7311690e-01  5.4310000e+01]
 [-1.4661100e-02  8.8522326e-01  4.6489866e-01  1.7169000e+02]
 [ 9.8480466e-01  9.2863700e-02 -1.4558874e-01 -1.1648600e+03]
 [ 0.0000000e+00  0.0000000e+00  0.0000000e+00  1.0000000e+00]]
[+0135.80, +0020.62, -1096.80]
1351, 1148, 1577
[[-1.7196648e-01  4.5670476e-01 -8.7275200e-01  5.4420000e+01]
 [-1.4472760e-02  8.8475952e-01  4.6580700e-01  1.7163000e+02]
 [ 9.8491920e-01  9.2770600e-02 -1.4553000e-01 -1.1648100e+03]
 [ 0.0000000e+00  0.0000000e+00  0.0000000e+00  1.0000000e+00]]
[+0027.16, +0024.30, -1077.68]
1791, 774, 1461
[[-1.7345544e-01  4.5694988e-01 -8.7228036e-01  5.4430000e+01]
 [-1.4776440e-02  8.8451766e-01  4.6624762e-01  1.7162000e+02]
 [ 9.8461052e-01  9.3818940e-02 -1.4665794e-01 -1.1647900e+03]
 [ 0.0000000e+00  0.0000000e+00  0.0000000e+00  1.0000000e+00]]
[-0000.19, +0083.98, -1117.49]
1556, 1243, 1505
[[-1.7248490e-01  4.5637788e-01 -8.7262446e-01  5.4400000e+01]
 [-1.4323560e-02  8.8489436e-01  4.6551932e-01  1.7164000e+02]
 [ 9.8465682e-01  9.2911960e-02 -1.4606410e-01 -1.1648200e+03]
 [ 0.0000000e+00  0.0000000e+00  0.0000000e+00  1.0000000e+00]]
[+0036.79, +0047.71, -1074.24]
1791, 774, 1461
[[-1.7300770e-01  4.5685612e-01 -8.7232564e-01  5.4440000e+01]
 [-1.4445320e-02  8.8460888e-01  4.6606784e-01  1.7162000e+02]
 [ 9.8461204e-01  9.3329440e-02 -1.4642058e-01 -1.1647800e+03]
 [ 0.0000000e+00  0.0000000e+00  0.0000000e+00  1.0000000e+00]]
[-0000.59, +0084.31, -1118.67]
2009, 885, 1430
[[-1.7456818e-01  4.5645832e-01 -8.7214298e-01  5.4350000e+01]
 [-1.4640880e-02  8.8471212e-01  4.6585112e-01  1.7160000e+02]
 [ 9.8426278e-01  9.4220080e-02 -1.4772706e-01 -1.1647800e+03]
 [ 0.0000000e+00  0.0000000e+00  0.0000000e+00  1.0000000e+00]]
[+0012.23, +0099.00, -1123.12]
1791, 774, 1461
[[-1.7308308e-01  4.5698120e-01 -8.7229584e-01  5.4440000e+01]
 [-1.4570400e-02  8.8453350e-01  4.6621630e-01  1.7161000e+02]
 [ 9.8464184e-01  9.3477900e-02 -1.4642058e-01 -1.1647900e+03]
 [ 0.0000000e+00  0.0000000e+00  0.0000000e+00  1.0000000e+00]]
[+0001.00, +0080.21, -1115.84]
1896, 759, 2171
[[-1.788925e-01  4.543743e-01 -8.725421e-01  5.398000e+01]
 [-1.839030e-02  8.852550e-01  4.647201e-01  1.710400e+02]
 [ 9.835891e-01  9.923190e-02 -1.499965e-01 -1.164600e+03]
 [ 0.000000e+00  0.000000e+00  0.000000e+00  1.000000e+00]]
[-0009.11, +0043.33, -1152.87]
1791, 774, 1461
[[-1.7332114e-01  4.5881532e-01 -8.7126936e-01  5.4550000e+01]
 [-1.5336360e-02  8.8346296e-01  4.6821408e-01  1.7160000e+02]
 [ 9.8457432e-01  9.4594560e-02 -1.4606554e-01 -1.1647300e+03]
 [ 0.0000000e+00  0.0000000e+00  0.0000000e+00  1.0000000e+00]]
[+0002.68, +0080.49, -1113.73]
911, 1997, 1305
[[-1.7219764e-01  4.5914288e-01 -8.7122296e-01  5.4540000e+01]
 [-1.3409360e-02  8.8351350e-01  4.6815998e-01  1.7174000e+02]
 [ 9.8471408e-01  9.2419660e-02 -1.4595130e-01 -1.1647400e+03]
 [ 0.0000000e+00  0.0000000e+00  0.0000000e+00  1.0000000e+00]]
[+0139.37, -0008.46, -1103.97]
859, 1848, 1158
[[-1.7190676e-01  4.5951050e-01 -8.7118718e-01  5.4600000e+01]
 [-1.4193820e-02  8.8327100e-01  4.6861274e-01  1.7174000e+02]
 [ 9.8484290e-01  9.3002500e-02 -1.4529780e-01 -1.1647400e+03]
 [ 0.0000000e+00  0.0000000e+00  0.0000000e+00  1.0000000e+00]]
[+0135.51, -0002.72, -1091.31]
911, 1997, 1305
[[-1.7323930e-01  4.5851688e-01 -8.7146816e-01  5.4470000e+01]
 [-1.4384400e-02  8.8372206e-01  4.6775988e-01  1.7170000e+02]
 [ 9.8462560e-01  9.3640200e-02 -1.4648200e-01 -1.1647100e+03]
 [ 0.0000000e+00  0.0000000e+00  0.0000000e+00  1.0000000e+00]]
[+0139.48, -0008.37, -1104.40]
1146, 1533, 1692
[[-1.7301810e-01  4.5850142e-01 -8.7149946e-01  5.4440000e+01]
 [-1.4725620e-02  8.8370622e-01  4.6777534e-01  1.7163000e+02]
 [ 9.8464106e-01  9.3845940e-02 -1.4612532e-01 -1.1647600e+03]
 [ 0.0000000e+00  0.0000000e+00  0.0000000e+00  1.0000000e+00]]
[+0063.31, -0011.38, -1082.06]
911, 1997, 1305
[[-1.7197648e-01  4.5897900e-01 -8.7129180e-01  5.4530000e+01]
 [-1.3899000e-02  8.8355800e-01  4.6805040e-01  1.7171000e+02]
 [ 9.8469180e-01  9.2750400e-02 -1.4553448e-01 -1.1647500e+03]
 [ 0.0000000e+00  0.0000000e+00  0.0000000e+00  1.0000000e+00]]
[+0139.52, -0008.69, -1104.57]
1916, 2113, 832
[[-1.7584272e-01  4.5871468e-01 -8.7074412e-01  5.4280000e+01]
 [-1.4103480e-02  8.8349496e-01  4.6817912e-01  1.7189000e+02]
 [ 9.8408108e-01  9.4717680e-02 -1.4885832e-01 -1.1648200e+03]
 [ 0.0000000e+00  0.0000000e+00  0.0000000e+00  1.0000000e+00]]
[+0136.46, +0090.46, -1115.98]
911, 1997, 1305
[[-1.7228586e-01  4.6031890e-01 -8.7051614e-01  5.4560000e+01]
 [-1.4408860e-02  8.8277174e-01  4.6951450e-01  1.7174000e+02]
 [ 9.8462390e-01  9.3584140e-02 -1.4541796e-01 -1.1647900e+03]
 [ 0.0000000e+00  0.0000000e+00  0.0000000e+00  1.0000000e+00]]
[+0133.41, -0007.25, -1100.64]
808, 1395, 1762
[[-1.7294850e-01  4.6010650e-01 -8.7064680e-01  5.4540000e+01]
 [-1.3719300e-02  8.8293918e-01  4.6924808e-01  1.7167000e+02]
 [ 9.8465000e-01  9.3187920e-02 -1.4636832e-01 -1.1647400e+03]
 [ 0.0000000e+00  0.0000000e+00  0.0000000e+00  1.0000000e+00]]
[+0061.31, -0043.27, -1109.64]
1031, 861, 1595
[[-1.7220996e-01  4.6078720e-01 -8.7039444e-01  5.4580000e+01]
 [-1.3690440e-02  8.8260684e-01  4.6986640e-01  1.7166000e+02]
 [ 9.8474560e-01  9.2935560e-02 -1.4565876e-01 -1.1647600e+03]
 [ 0.0000000e+00  0.0000000e+00  0.0000000e+00  1.0000000e+00]]
[+0008.79, +0000.99, -1092.10]
808, 1395, 1762
[[-1.7243080e-01  4.6039556e-01 -8.7062548e-01  5.4560000e+01]
 [-1.3831960e-02  8.8280318e-01  4.6950586e-01  1.7169000e+02]
 [ 9.8476468e-01  9.3075260e-02 -1.4583498e-01 -1.1647500e+03]
 [ 0.0000000e+00  0.0000000e+00  0.0000000e+00  1.0000000e+00]]
[+0063.01, -0042.86, -1108.71]
752, 1448, 1516
[[-1.7295524e-01  4.6072488e-01 -8.7036348e-01  5.4610000e+01]
 [-1.4101080e-02  8.8257548e-01  4.6992872e-01  1.7173000e+02]
 [ 9.8468328e-01  9.3618520e-02 -1.4613172e-01 -1.1647500e+03]
 [ 0.0000000e+00  0.0000000e+00  0.0000000e+00  1.0000000e+00]]
[+0084.68, -0035.38, -1092.50]
808, 1395, 1762
[[-1.7228586e-01  4.6006018e-01 -8.7074040e-01  5.4520000e+01]
 [-1.4743500e-02  8.8289190e-01  4.6929440e-01  1.7166000e+02]
 [ 9.8469632e-01  9.3804240e-02 -1.4529780e-01 -1.1647900e+03]
 [ 0.0000000e+00  0.0000000e+00  0.0000000e+00  1.0000000e+00]]
[+0061.54, -0041.24, -1107.81]
1760, 1832, 1641
[[-1.7443300e-01  4.5917640e-01 -8.7075680e-01  5.4360000e+01]
 [-1.4270400e-02  8.8329942e-01  4.6853766e-01  1.7167000e+02]
 [ 9.8430520e-01  9.4277340e-02 -1.4749258e-01 -1.1647700e+03]
 [ 0.0000000e+00  0.0000000e+00  0.0000000e+00  1.0000000e+00]]
[+0077.78, +0049.69, -1075.89]
808, 1395, 1762
[[-1.7250666e-01  4.6037226e-01 -8.7063332e-01  5.4560000e+01]
 [-1.4105380e-02  8.8278750e-01  4.6952916e-01  1.7169000e+02]
 [ 9.8475684e-01  9.3348680e-02 -1.4577480e-01 -1.1647500e+03]
 [ 0.0000000e+00  0.0000000e+00  0.0000000e+00  1.0000000e+00]]
[+0061.98, -0043.14, -1109.56]
1425, 2207, 1272
[[-1.7428148e-01  4.5896442e-01 -8.7096522e-01  5.4350000e+01]
 [-1.4058420e-02  8.8345094e-01  4.6827062e-01  1.7171000e+02]
 [ 9.8439378e-01  9.3950380e-02 -1.4749258e-01 -1.1647700e+03]
 [ 0.0000000e+00  0.0000000e+00  0.0000000e+00  1.0000000e+00]]
[+0139.91, +0035.97, -1097.95]
1594, 2021, 1352
[[-1.7502708e-01  4.5930906e-01 -8.7067166e-01  5.4380000e+01]
 [-1.3986140e-02  8.8323948e-01  4.6867842e-01  1.7168000e+02]
 [ 9.8429586e-01  9.4288180e-02 -1.4814660e-01 -1.1647700e+03]
 [ 0.0000000e+00  0.0000000e+00  0.0000000e+00  1.0000000e+00]]
[+0113.61, +0049.64, -1080.91]
1425, 2207, 1272
[[-1.7309380e-01  4.5929286e-01 -8.7098342e-01  5.4400000e+01]
 [-1.4032860e-02  8.8333102e-01  4.6848906e-01  1.7173000e+02]
 [ 9.8456342e-01  9.3429060e-02 -1.4642482e-01 -1.1647800e+03]
 [ 0.0000000e+00  0.0000000e+00  0.0000000e+00  1.0000000e+00]]
[+0140.60, +0035.00, -1098.48]
1231, 2155, 1559
[[-1.7317608e-01  4.5933232e-01 -8.7100864e-01  5.4440000e+01]
 [-1.5319520e-02  8.8319160e-01  4.6872304e-01  1.7167000e+02]
 [ 9.8458496e-01  9.4603360e-02 -1.4588832e-01 -1.1647900e+03]
 [ 0.0000000e+00  0.0000000e+00  0.0000000e+00  1.0000000e+00]]
[+0122.83, -0000.15, -1097.58]
1425, 2207, 1272
[[-1.7398450e-01  4.5901018e-01 -8.7113724e-01  5.4370000e+01]
 [-1.4164100e-02  8.8345094e-01  4.6829268e-01  1.7169000e+02]
 [ 9.8456580e-01  9.3852600e-02 -1.4719560e-01 -1.1648000e+03]
 [ 0.0000000e+00  0.0000000e+00  0.0000000e+00  1.0000000e+00]]
[+0140.32, +0035.56, -1098.34]
1027, 1685, 910
[[-1.7243778e-01  4.6101404e-01 -8.7034202e-01  5.4600000e+01]
 [-1.4213960e-02  8.8243928e-01  4.7018636e-01  1.7175000e+02]
 [ 9.8479802e-01  9.3505640e-02 -1.4559850e-01 -1.1647600e+03]
 [ 0.0000000e+00  0.0000000e+00  0.0000000e+00  1.0000000e+00]]
[+0134.10, +0032.40, -1073.08]
1425, 2207, 1272
[[-1.7420578e-01  4.5883948e-01 -8.7099518e-01  5.4340000e+01]
 [-1.3933480e-02  8.8352664e-01  4.6812212e-01  1.7170000e+02]
 [ 9.8436382e-01  9.3801880e-02 -1.4749258e-01 -1.1647700e+03]
 [ 0.0000000e+00  0.0000000e+00  0.0000000e+00  1.0000000e+00]]
[+0140.12, +0035.92, -1098.31]
2080, 2013, 1703
[[-1.7532418e-01  4.5829912e-01 -8.7106184e-01  5.4260000e+01]
 [-1.4996080e-02  8.8365822e-01  4.6784216e-01  1.7157000e+02]
 [ 9.8415544e-01  9.5200240e-02 -1.4802496e-01 -1.1647700e+03]
 [ 0.0000000e+00  0.0000000e+00  0.0000000e+00  1.0000000e+00]]
[+0076.59, +0065.42, -1086.35]
2102, 1891, 812
[[-1.7540000e-01  4.5957456e-01 -8.7058008e-01  5.4400000e+01]
 [-1.3894560e-02  8.8310368e-01  4.6895976e-01  1.7178000e+02]
 [ 9.8434008e-01  9.4379760e-02 -1.4850368e-01 -1.1648200e+03]
 [ 0.0000000e+00  0.0000000e+00  0.0000000e+00  1.0000000e+00]]
[+0117.73, +0109.75, -1119.60]
2080, 2013, 1703
[[-1.7532418e-01  4.5829912e-01 -8.7106184e-01  5.4270000e+01]
 [-1.4996080e-02  8.8365822e-01  4.6784216e-01  1.7160000e+02]
 [ 9.8415544e-01  9.5200240e-02 -1.4802496e-01 -1.1647600e+03]
 [ 0.0000000e+00  0.0000000e+00  0.0000000e+00  1.0000000e+00]]
[+0079.83, +0063.26, -1085.82]
1525, 1293, 1786
[[-1.7347290e-01  4.5969362e-01 -8.7057454e-01  5.4460000e+01]
 [-1.4730460e-02  8.8301190e-01  4.6904618e-01  1.7163000e+02]
 [ 9.8437862e-01  9.4356140e-02 -1.4636484e-01 -1.1647600e+03]
 [ 0.0000000e+00  0.0000000e+00  0.0000000e+00  1.0000000e+00]]
[+0024.70, +0022.36, -1087.49]
2080, 2013, 1703
[[-1.7532418e-01  4.5859624e-01 -8.7098604e-01  5.4280000e+01]
 [-1.4698960e-02  8.8353878e-01  4.6809192e-01  1.7166000e+02]
 [ 9.8423124e-01  9.4950480e-02 -1.4814440e-01 -1.1647700e+03]
 [ 0.0000000e+00  0.0000000e+00  0.0000000e+00  1.0000000e+00]]
[+0083.25, +0066.03, -1085.89]
1944, 2115, 1685
[[-1.7435722e-01  4.5908936e-01 -8.7093526e-01  5.4350000e+01]
 [-1.4183360e-02  8.8337520e-01  4.6841912e-01  1.7166000e+02]
 [ 9.8442374e-01  9.4098880e-02 -1.4749258e-01 -1.1647700e+03]
 [ 0.0000000e+00  0.0000000e+00  0.0000000e+00  1.0000000e+00]]
[+0098.41, +0051.33, -1084.78]
2080, 2013, 1703
[[-1.7554554e-01  4.5846336e-01 -8.7099222e-01  5.4280000e+01]
 [-1.4506320e-02  8.8361456e-01  4.6795136e-01  1.7160000e+02]
 [ 9.8417766e-01  9.4869680e-02 -1.4844154e-01 -1.1647600e+03]
 [ 0.0000000e+00  0.0000000e+00  0.0000000e+00  1.0000000e+00]]
[+0079.42, +0066.45, -1086.20]
1791, 1563, 1319
[[-1.7347290e-01  4.5984204e-01 -8.7053658e-01  5.4500000e+01]
 [-1.4582040e-02  8.8295192e-01  4.6917116e-01  1.7169000e+02]
 [ 9.8441658e-01  9.4231160e-02 -1.4642482e-01 -1.1647600e+03]
 [ 0.0000000e+00  0.0000000e+00  0.0000000e+00  1.0000000e+00]]
[+0072.66, +0075.57, -1075.09]
1071, 2092, 1417
[[-1.7257594e-01  4.5969252e-01 -8.7077600e-01  5.4480000e+01]
 [-1.3959000e-02  8.8313520e-01  4.6884180e-01  1.7172000e+02]
 [ 9.8456752e-01  9.3221640e-02 -1.4595130e-01 -1.1647700e+03]
 [ 0.0000000e+00  0.0000000e+00  0.0000000e+00  1.0000000e+00]]
[+0135.24, -0003.17, -1102.61]
1791, 1563, 1319
[[-1.7406666e-01  4.5971562e-01 -8.7067604e-01  5.4450000e+01]
 [-1.4632540e-02  8.8301190e-01  4.6909212e-01  1.7168000e+02]
 [ 9.8448012e-01  9.4462040e-02 -1.4695860e-01 -1.1647600e+03]
 [ 0.0000000e+00  0.0000000e+00  0.0000000e+00  1.0000000e+00]]
[+0072.73, +0080.02, -1076.09]
1327, 973, 1096
[[-1.7258986e-01  4.6078110e-01 -8.7024756e-01  5.4620000e+01]
 [-1.4871060e-02  8.8246774e-01  4.7007780e-01  1.7168000e+02]
 [ 9.8459580e-01  9.4207560e-02 -1.4541796e-01 -1.1647500e+03]
 [ 0.0000000e+00  0.0000000e+00  0.0000000e+00  1.0000000e+00]]
[+0040.20, +0066.33, -1062.85]
1791, 1563, 1319
[[-1.7473652e-01  4.5952758e-01 -8.7067494e-01  5.4430000e+01]
 [-1.4918580e-02  8.8305580e-01  4.6900674e-01  1.7165000e+02]
 [ 9.8438706e-01  9.4996260e-02 -1.4743268e-01 -1.1647600e+03]
 [ 0.0000000e+00  0.0000000e+00  0.0000000e+00  1.0000000e+00]]
[+0073.51, +0078.80, -1075.73]
1841, 1737, 750
[[-1.7384570e-01  4.5995904e-01 -8.7048312e-01  5.4490000e+01]
 [-1.4639040e-02  8.8287598e-01  4.6932756e-01  1.7173000e+02]
 [ 9.8442312e-01  9.4447560e-02 -1.4672168e-01 -1.1648000e+03]
 [ 0.0000000e+00  0.0000000e+00  0.0000000e+00  1.0000000e+00]]
[+0123.30, +0108.88, -1109.73]
1791, 1563, 1319
[[-1.7347290e-01  4.5969362e-01 -8.7057454e-01  5.4470000e+01]
 [-1.4730460e-02  8.8301190e-01  4.6904618e-01  1.7167000e+02]
 [ 9.8437862e-01  9.4356140e-02 -1.4636484e-01 -1.1647700e+03]
 [ 0.0000000e+00  0.0000000e+00  0.0000000e+00  1.0000000e+00]]
[+0071.40, +0078.04, -1075.91]
1286, 1769, 945
[[-1.7228586e-01  4.6050520e-01 -8.7062652e-01  5.4560000e+01]
 [-1.4298480e-02  8.8271160e-01  4.6966964e-01  1.7172000e+02]
 [ 9.8481020e-01  9.3429000e-02 -1.4547810e-01 -1.1647900e+03]
 [ 0.0000000e+00  0.0000000e+00  0.0000000e+00  1.0000000e+00]]
[+0132.79, +0053.63, -1077.40]
1525, 1731, 1669
[[-1.7399076e-01  4.5948014e-01 -8.7089242e-01  5.4420000e+01]
 [-1.4693980e-02  8.8314774e-01  4.6884866e-01  1.7166000e+02]
 [ 9.8456066e-01  9.4408580e-02 -1.4689866e-01 -1.1647600e+03]
 [ 0.0000000e+00  0.0000000e+00  0.0000000e+00  1.0000000e+00]]
[+0071.06, +0024.54, -1074.31]
1286, 1769, 945
[[-1.7265850e-01  4.6032566e-01 -8.7064912e-01  5.4550000e+01]
 [-1.4652220e-02  8.8275590e-01  4.6957576e-01  1.7171000e+02]
 [ 9.8474104e-01  9.3895520e-02 -1.4565456e-01 -1.1647900e+03]
 [ 0.0000000e+00  0.0000000e+00  0.0000000e+00  1.0000000e+00]]
[+0132.37, +0053.99, -1077.31]
1100, 1404, 987
[[-1.7169258e-01  4.6077960e-01 -8.7044874e-01  5.4620000e+01]
 [-1.4100000e-02  8.8259120e-01  4.6987400e-01  1.7174000e+02]
 [ 9.8478426e-01  9.3072800e-02 -1.4500522e-01 -1.1648000e+03]
 [ 0.0000000e+00  0.0000000e+00  0.0000000e+00  1.0000000e+00]]
[+0102.71, +0038.74, -1056.97]
1286, 1769, 945
[[-1.7258256e-01  4.6020060e-01 -8.7067916e-01  5.4530000e+01]
 [-1.4527160e-02  8.8283184e-01  4.6942740e-01  1.7172000e+02]
 [ 9.8471100e-01  9.3747160e-02 -1.4565456e-01 -1.1647800e+03]
 [ 0.0000000e+00  0.0000000e+00  0.0000000e+00  1.0000000e+00]]
[+0133.53, +0053.59, -1077.73]
1739, 1519, 782
[[-1.7369386e-01  4.6056182e-01 -8.7016704e-01  5.4540000e+01]
 [-1.3460540e-02  8.8266710e-01  4.6975032e-01  1.7173000e+02]
 [ 9.8444232e-01  9.3431040e-02 -1.4708240e-01 -1.1647400e+03]
 [ 0.0000000e+00  0.0000000e+00  0.0000000e+00  1.0000000e+00]]
[+0108.06, +0111.23, -1095.48]
1286, 1769, 945
[[-1.7206514e-01  4.6019322e-01 -8.7073362e-01  5.4550000e+01]
 [-1.4936580e-02  8.8281596e-01  4.6943478e-01  1.7173000e+02]
 [ 9.8474958e-01  9.3884580e-02 -1.4500114e-01 -1.1648000e+03]
 [ 0.0000000e+00  0.0000000e+00  0.0000000e+00  1.0000000e+00]]
[+0132.47, +0052.68, -1077.50]
954, 1367, 1832
[[-1.7220996e-01  4.5993510e-01 -8.7077042e-01  5.4520000e+01]
 [-1.4618420e-02  8.8296780e-01  4.6914606e-01  1.7162000e+02]
 [ 9.8466630e-01  9.3655900e-02 -1.4529780e-01 -1.1647700e+03]
 [ 0.0000000e+00  0.0000000e+00  0.0000000e+00  1.0000000e+00]]
[+0049.25, -0034.15, -1105.17]
962, 1214, 1161
[[-1.7221714e-01  4.6096066e-01 -8.7022486e-01  5.4640000e+01]
 [-1.4517460e-02  8.8242348e-01  4.7017162e-01  1.7170000e+02]
 [ 9.8466506e-01  9.3741020e-02 -1.4524162e-01 -1.1647600e+03]
 [ 0.0000000e+00  0.0000000e+00  0.0000000e+00  1.0000000e+00]]
[+0075.60, +0011.58, -1056.24]
954, 1367, 1832
[[-1.7310018e-01  4.5965248e-01 -8.7092474e-01  5.4500000e+01]
 [-1.4749280e-02  8.8308780e-01  4.6894976e-01  1.7163000e+02]
 [ 9.8466886e-01  9.4079840e-02 -1.4606802e-01 -1.1647400e+03]
 [ 0.0000000e+00  0.0000000e+00  0.0000000e+00  1.0000000e+00]]
[+0049.32, -0034.06, -1105.19]
1064, 1655, 1767
[[-1.7265172e-01  4.5970708e-01 -8.7093224e-01  5.4490000e+01]
 [-1.4270320e-02  8.8311948e-01  4.6889516e-01  1.7166000e+02]
 [ 9.8470804e-01  9.3465040e-02 -1.4589124e-01 -1.1647500e+03]
 [ 0.0000000e+00  0.0000000e+00  0.0000000e+00  1.0000000e+00]]
[+0075.15, -0023.15, -1092.33]
954, 1367, 1832
[[-1.7250666e-01  4.6033432e-01 -8.7048496e-01  5.4560000e+01]
 [-1.4067440e-02  8.8278750e-01  4.6949908e-01  1.7166000e+02]
 [ 9.8460848e-01  9.3378760e-02 -1.4577480e-01 -1.1647500e+03]
 [ 0.0000000e+00  0.0000000e+00  0.0000000e+00  1.0000000e+00]]
[+0049.62, -0033.50, -1104.29]
754, 1439, 1813
[[-1.7161668e-01  4.6069244e-01 -8.7062716e-01  5.4630000e+01]
 [-1.4012840e-02  8.8266710e-01  4.6975582e-01  1.7170000e+02]
 [ 9.8490244e-01  9.2894380e-02 -1.4500522e-01 -1.1647600e+03]
 [ 0.0000000e+00  0.0000000e+00  0.0000000e+00  1.0000000e+00]]
[+0066.34, -0046.82, -1117.53]
954, 1367, 1832
[[-1.7258256e-01  4.5964512e-01 -8.7097936e-01  5.4500000e+01]
 [-1.5158560e-02  8.8307184e-01  4.6895712e-01  1.7160000e+02]
 [ 9.8470752e-01  9.4217440e-02 -1.4541456e-01 -1.1647900e+03]
 [ 0.0000000e+00  0.0000000e+00  0.0000000e+00  1.0000000e+00]]
[+0048.65, -0032.96, -1104.52]
1787, 1768, 989
[[-1.7473002e-01  4.5976254e-01 -8.7058160e-01  5.4430000e+01]
 [-1.3608460e-02  8.8305942e-01  4.6904520e-01  1.7169000e+02]
 [ 9.8443320e-01  9.3845600e-02 -1.4802960e-01 -1.1647500e+03]
 [ 0.0000000e+00  0.0000000e+00  0.0000000e+00  1.0000000e+00]]
[+0114.08, +0094.88, -1091.29]
1982, 1975, 1035
[[-1.7509696e-01  4.5896440e-01 -8.7088648e-01  5.4340000e+01]
 [-1.3581520e-02  8.8346670e-01  4.6827064e-01  1.7170000e+02]
 [ 9.8433080e-01  9.3880400e-02 -1.4844370e-01 -1.1647500e+03]
 [ 0.0000000e+00  0.0000000e+00  0.0000000e+00  1.0000000e+00]]
[+0118.76, +0094.58, -1103.65]
1787, 1768, 989
[[-1.7354884e-01  4.6026386e-01 -8.7043062e-01  5.4520000e+01]
 [-1.4410180e-02  8.8275590e-01  4.6956954e-01  1.7174000e+02]
 [ 9.8452254e-01  9.4129620e-02 -1.4654490e-01 -1.1647600e+03]
 [ 0.0000000e+00  0.0000000e+00  0.0000000e+00  1.0000000e+00]]
[+0110.95, +0090.66, -1089.07]
1654, 1694, 1882
[[-1.7399076e-01  4.5918322e-01 -8.7096830e-01  5.4410000e+01]
 [-1.4990900e-02  8.8326750e-01  4.6859870e-01  1.7160000e+02]
 [ 9.8448478e-01  9.4658540e-02 -1.4677890e-01 -1.1647400e+03]
 [ 0.0000000e+00  0.0000000e+00  0.0000000e+00  1.0000000e+00]]
[+0051.26, +0017.55, -1083.77]
1787, 1768, 989
[[-1.7436360e-01  4.5966968e-01 -8.7050404e-01  5.4450000e+01]
 [-1.4526640e-02  8.8301190e-01  4.6907012e-01  1.7167000e+02]
 [ 9.8430812e-01  9.4559960e-02 -1.4725554e-01 -1.1647700e+03]
 [ 0.0000000e+00  0.0000000e+00  0.0000000e+00  1.0000000e+00]]
[+0113.50, +0091.65, -1089.82]
1993, 1570, 1003
[[-1.7466058e-01  4.5966170e-01 -8.7048046e-01  5.4440000e+01]
 [-1.4458700e-02  8.8301190e-01  4.6907810e-01  1.7167000e+02]
 [ 9.8428454e-01  9.4627900e-02 -1.4755252e-01 -1.1647600e+03]
 [ 0.0000000e+00  0.0000000e+00  0.0000000e+00  1.0000000e+00]]
[+0091.40, +0113.51, -1101.70]
1787, 1768, 989
[[-1.7310018e-01  4.6005974e-01 -8.7066252e-01  5.4500000e+01]
 [-1.4266140e-02  8.8290774e-01  4.6929484e-01  1.7173000e+02]
 [ 9.8463428e-01  9.3734760e-02 -1.4624808e-01 -1.1647800e+03]
 [ 0.0000000e+00  0.0000000e+00  0.0000000e+00  1.0000000e+00]]
[+0113.69, +0091.36, -1090.18]
1849, 1703, 1892
[[-1.7421184e-01  4.5875328e-01 -8.7105056e-01  5.4350000e+01]
 [-1.5095040e-02  8.8346296e-01  4.6820832e-01  1.7156000e+02]
 [ 9.8435552e-01  9.4827840e-02 -1.4695624e-01 -1.1647600e+03]
 [ 0.0000000e+00  0.0000000e+00  0.0000000e+00  1.0000000e+00]]
[+0045.28, +0037.24, -1085.50]
1657, 1971, 1305
[[-1.7287272e-01  4.5968468e-01 -8.7075264e-01  5.4470000e+01]
 [-1.3891080e-02  8.8313520e-01  4.6884964e-01  1.7172000e+02]
 [ 9.8454416e-01  9.3289560e-02 -1.4624808e-01 -1.1647800e+03]
 [ 0.0000000e+00  0.0000000e+00  0.0000000e+00  1.0000000e+00]]
[+0115.92, +0053.68, -1080.91]
1849, 1703, 1892
[[-1.7480584e-01  4.5888572e-01 -8.7096552e-01  5.4360000e+01]
 [-1.4810920e-02  8.8340318e-01  4.6834932e-01  1.7157000e+02]
 [ 9.8434632e-01  9.4838520e-02 -1.4761002e-01 -1.1647500e+03]
 [ 0.0000000e+00  0.0000000e+00  0.0000000e+00  1.0000000e+00]]
[+0044.59, +0037.58, -1085.72]
2026, 1216, 1611
[[-1.7488170e-01  4.5926974e-01 -8.7071122e-01  5.4440000e+01]
 [-1.4600860e-02  8.8320764e-01  4.6871774e-01  1.7155000e+02]
 [ 9.8430358e-01  9.4767140e-02 -1.4772970e-01 -1.1647400e+03]
 [ 0.0000000e+00  0.0000000e+00  0.0000000e+00  1.0000000e+00]]
[+0023.56, +0085.71, -1104.13]
1849, 1703, 1892
[[-1.7413602e-01  4.5888738e-01 -8.7085616e-01  5.4380000e+01]
 [-1.4635220e-02  8.8341918e-01  4.6827984e-01  1.7162000e+02]
 [ 9.8425296e-01  9.4459360e-02 -1.4707584e-01 -1.1647300e+03]
 [ 0.0000000e+00  0.0000000e+00  0.0000000e+00  1.0000000e+00]]
[+0047.46, +0035.36, -1084.84]
811, 1250, 2022
[[-1.7198920e-01  4.5991980e-01 -8.7080160e-01  5.4580000e+01]
 [-1.4959800e-02  8.8295192e-01  4.6916136e-01  1.7163000e+02]
 [ 9.8468160e-01  9.3861360e-02 -1.4494112e-01 -1.1648000e+03]
 [ 0.0000000e+00  0.0000000e+00  0.0000000e+00  1.0000000e+00]]
[+0040.79, -0045.72, -1135.99]
1849, 1703, 1892
[[-1.7443300e-01  4.5932490e-01 -8.7071890e-01  5.4380000e+01]
 [-1.4121900e-02  8.8323948e-01  4.6866258e-01  1.7168000e+02]
 [ 9.8434310e-01  9.4152420e-02 -1.4755252e-01 -1.1647700e+03]
 [ 0.0000000e+00  0.0000000e+00  0.0000000e+00  1.0000000e+00]]
[+0047.69, +0042.32, -1084.38]
941, 1369, 856
[[-1.7080296e-01  4.6139608e-01 -8.7036632e-01  5.4710000e+01]
 [-1.3711280e-02  8.8234992e-01  4.7035112e-01  1.7177000e+02]
 [ 9.8500552e-01  9.2367920e-02 -1.4435688e-01 -1.1647600e+03]
 [ 0.0000000e+00  0.0000000e+00  0.0000000e+00  1.0000000e+00]]
[+0115.53, +0033.28, -1056.89]
857, 786, 1515
[[-1.7072706e-01  4.6101238e-01 -8.7062064e-01  5.4680000e+01]
 [-1.3920540e-02  8.8254654e-01  4.6998272e-01  1.7161000e+02]
 [ 9.8504768e-01  9.2439840e-02 -1.4423616e-01 -1.1647800e+03]
 [ 0.0000000e+00  0.0000000e+00  0.0000000e+00  1.0000000e+00]]
[+0010.42, -0013.81, -1093.48]
941, 1369, 856
[[-1.7154792e-01  4.6129624e-01 -8.7018740e-01  5.4670000e+01]
 [-1.4083760e-02  8.8231872e-01  4.7038280e-01  1.7182000e+02]
 [ 9.8479540e-01  9.3081200e-02 -1.4482920e-01 -1.1647400e+03]
 [ 0.0000000e+00  0.0000000e+00  0.0000000e+00  1.0000000e+00]]
[+0115.97, +0033.77, -1056.90]
1633, 1504, 1063
[[-1.7347290e-01  4.5999046e-01 -8.7049862e-01  5.4470000e+01]
 [-1.4433620e-02  8.8289190e-01  4.6929614e-01  1.7169000e+02]
 [ 9.8445454e-01  9.4106180e-02 -1.4648484e-01 -1.1647600e+03]
 [ 0.0000000e+00  0.0000000e+00  0.0000000e+00  1.0000000e+00]]
[+0090.97, +0084.69, -1073.23]
941, 1369, 856
[[-1.7125138e-01  4.6115582e-01 -8.7024856e-01  5.4690000e+01]
 [-1.4300180e-02  8.8237902e-01  4.7024984e-01  1.7175000e+02]
 [ 9.8478056e-01  9.3138160e-02 -1.4447236e-01 -1.1647800e+03]
 [ 0.0000000e+00  0.0000000e+00  0.0000000e+00  1.0000000e+00]]
[+0115.40, +0032.99, -1056.94]
851, 1570, 1023
[[-1.7132010e-01  4.6070026e-01 -8.7065032e-01  5.4620000e+01]
 [-1.4080900e-02  8.8266710e-01  4.6974800e-01  1.7174000e+02]
 [ 9.8492560e-01  9.2826320e-02 -1.4470864e-01 -1.1647700e+03]
 [ 0.0000000e+00  0.0000000e+00  0.0000000e+00  1.0000000e+00]]
[+0125.46, +0004.54, -1072.35]
941, 1369, 856
[[-1.7206514e-01  4.6100718e-01 -8.7020910e-01  5.4650000e+01]
 [-1.3970700e-02  8.8245500e-01  4.7012510e-01  1.7170000e+02]
 [ 9.8468082e-01  9.3194260e-02 -1.4536210e-01 -1.1647500e+03]
 [ 0.0000000e+00  0.0000000e+00  0.0000000e+00  1.0000000e+00]]
[+0115.18, +0034.28, -1056.72]
2033, 1782, 1012
[[-1.7502708e-01  4.5930906e-01 -8.7067166e-01  5.4360000e+01]
 [-1.3986140e-02  8.8323948e-01  4.6867842e-01  1.7168000e+02]
 [ 9.8429586e-01  9.4288180e-02 -1.4814660e-01 -1.1647900e+03]
 [ 0.0000000e+00  0.0000000e+00  0.0000000e+00  1.0000000e+00]]
[+0105.86, +0106.04, -1104.47]
2088, 2102, 1013
[[-1.7635620e-01  4.5725060e-01 -8.7134620e-01  5.4150000e+01]
 [-1.4243800e-02  8.8423158e-01  4.6677074e-01  1.7180000e+02]
 [ 9.8393060e-01  9.4866740e-02 -1.4939178e-01 -1.1648200e+03]
 [ 0.0000000e+00  0.0000000e+00  0.0000000e+00  1.0000000e+00]]
[+0123.07, +0093.97, -1110.97]
2033, 1782, 1012
[[-1.7383908e-01  4.5948920e-01 -8.7072808e-01  5.4440000e+01]
 [-1.4109200e-02  8.8317950e-01  4.6877170e-01  1.7172000e+02]
 [ 9.8442808e-01  9.3891700e-02 -1.4701858e-01 -1.1647400e+03]
 [ 0.0000000e+00  0.0000000e+00  0.0000000e+00  1.0000000e+00]]
[+0102.47, +0106.12, -1104.25]
2148, 1757, 1812
[[-1.7554554e-01  4.5835266e-01 -8.7117868e-01  5.4290000e+01]
 [-1.4692780e-02  8.8367430e-01  4.6785636e-01  1.7156000e+02]
 [ 9.8428836e-01  9.4964680e-02 -1.4838180e-01 -1.1647200e+03]
 [ 0.0000000e+00  0.0000000e+00  0.0000000e+00  1.0000000e+00]]
[+0049.06, +0068.81, -1091.38]
2033, 1782, 1012
[[-1.7369386e-01  4.5985756e-01 -8.7050518e-01  5.4430000e+01]
 [-1.4240680e-02  8.8296780e-01  4.6915564e-01  1.7172000e+02]
 [ 9.8440106e-01  9.4025720e-02 -1.4678170e-01 -1.1647700e+03]
 [ 0.0000000e+00  0.0000000e+00  0.0000000e+00  1.0000000e+00]]
[+0104.90, +0106.12, -1104.73]
1127, 1938, 1148
[[-1.7235498e-01  4.5986332e-01 -8.7091764e-01  5.4510000e+01]
 [-1.4189880e-02  8.8305942e-01  4.6901236e-01  1.7171000e+02]
 [ 9.8476924e-01  9.3272040e-02 -1.4565456e-01 -1.1648100e+03]
 [ 0.0000000e+00  0.0000000e+00  0.0000000e+00  1.0000000e+00]]
[+0137.89, +0019.78, -1086.88]
2033, 1782, 1012
[[-1.7487556e-01  4.5935638e-01 -8.7065590e-01  5.4380000e+01]
 [-1.3439300e-02  8.8327100e-01  4.6863110e-01  1.7163000e+02]
 [ 9.8431162e-01  9.3741340e-02 -1.4826660e-01 -1.1647500e+03]
 [ 0.0000000e+00  0.0000000e+00  0.0000000e+00  1.0000000e+00]]
[+0104.02, +0106.92, -1104.04]
1854, 1999, 1450
[[-1.7376330e-01  4.5910520e-01 -8.7098230e-01  5.4410000e+01]
 [-1.4319040e-02  8.8337520e-01  4.6840328e-01  1.7168000e+02]
 [ 9.8447078e-01  9.3963200e-02 -1.4689866e-01 -1.1647400e+03]
 [ 0.0000000e+00  0.0000000e+00  0.0000000e+00  1.0000000e+00]]
[+0102.64, +0060.45, -1082.14]
1983, 1461, 2115
[[-1.7584890e-01  4.5821990e-01 -8.7106250e-01  5.4270000e+01]
 [-1.5748660e-02  8.8360950e-01  4.6792138e-01  1.7150000e+02]
 [ 9.8410738e-01  9.6088300e-02 -1.4814324e-01 -1.1647400e+03]
 [ 0.0000000e+00  0.0000000e+00  0.0000000e+00  1.0000000e+00]]
[+0015.69, +0040.18, -1108.93]
1854, 1999, 1450
[[-1.7309380e-01  4.5929286e-01 -8.7098342e-01  5.4420000e+01]
 [-1.4032860e-02  8.8333102e-01  4.6848906e-01  1.7167000e+02]
 [ 9.8456342e-01  9.3429060e-02 -1.4642482e-01 -1.1647500e+03]
 [ 0.0000000e+00  0.0000000e+00  0.0000000e+00  1.0000000e+00]]
[+0104.82, +0062.73, -1082.84]
2137, 1329, 854
[[-1.7510952e-01  4.6001400e-01 -8.7021036e-01  5.4490000e+01]
 [-1.4454000e-02  8.8280000e-01  4.6947800e-01  1.7166000e+02]
 [ 9.8421036e-01  9.4898000e-02 -1.4790952e-01 -1.1647600e+03]
 [ 0.0000000e+00  0.0000000e+00  0.0000000e+00  1.0000000e+00]]
[+0079.15, +0128.52, -1122.13]
1854, 1999, 1450
[[-1.7361186e-01  4.5874462e-01 -8.7122852e-01  5.4400000e+01]
 [-1.4255380e-02  8.8358654e-01  4.6801132e-01  1.7158000e+02]
 [ 9.8452148e-01  9.3761320e-02 -1.4683876e-01 -1.1647500e+03]
 [ 0.0000000e+00  0.0000000e+00  0.0000000e+00  1.0000000e+00]]
[+0104.43, +0057.15, -1082.12]
1444, 1856, 1414
[[-1.7332114e-01  4.5963000e-01 -8.7074500e-01  5.4470000e+01]
 [-1.4370000e-02  8.8310368e-01  4.6890432e-01  1.7169000e+02]
 [ 9.8450500e-01  9.3904320e-02 -1.4642482e-01 -1.1647700e+03]
 [ 0.0000000e+00  0.0000000e+00  0.0000000e+00  1.0000000e+00]]
[+0102.17, +0031.90, -1073.31]
1854, 1999, 1450
[[-1.7487556e-01  4.5865154e-01 -8.7099374e-01  5.4350000e+01]
 [-1.4219860e-02  8.8357070e-01  4.6803662e-01  1.7158000e+02]
 [ 9.8427086e-01  9.4335820e-02 -1.4796690e-01 -1.1647600e+03]
 [ 0.0000000e+00  0.0000000e+00  0.0000000e+00  1.0000000e+00]]
[+0102.14, +0064.36, -1082.50]
1009, 1973, 1348
[[-1.7154082e-01  4.6045694e-01 -8.7084350e-01  5.4570000e+01]
 [-1.4073940e-02  8.8280318e-01  4.6951250e-01  1.7176000e+02]
 [ 9.8498270e-01  9.2841100e-02 -1.4494500e-01 -1.1647900e+03]
 [ 0.0000000e+00  0.0000000e+00  0.0000000e+00  1.0000000e+00]]
[+0130.79, -0003.20, -1095.03]
854, 1621, 1376
[[-1.7198920e-01  4.6047512e-01 -8.7050144e-01  5.4620000e+01]
 [-1.4328560e-02  8.8271160e-01  4.6963168e-01  1.7171000e+02]
 [ 9.8468512e-01  9.3391040e-02 -1.4518144e-01 -1.1647700e+03]
 [ 0.0000000e+00  0.0000000e+00  0.0000000e+00  1.0000000e+00]]
[+0103.49, -0018.76, -1082.49]
1009, 1973, 1348
[[-1.7310018e-01  4.5961454e-01 -8.7077634e-01  5.4520000e+01]
 [-1.4711340e-02  8.8308780e-01  4.6891978e-01  1.7166000e+02]
 [ 9.8452046e-01  9.4109820e-02 -1.4606802e-01 -1.1647900e+03]
 [ 0.0000000e+00  0.0000000e+00  0.0000000e+00  1.0000000e+00]]
[+0132.17, -0003.91, -1095.63]
780, 2027, 782
[[-1.7124424e-01  4.6083376e-01 -8.7045632e-01  5.4630000e+01]
 [-1.3621280e-02  8.8262240e-01  4.6981984e-01  1.7179000e+02]
 [ 9.8482304e-01  9.2457920e-02 -1.4482920e-01 -1.1648000e+03]
 [ 0.0000000e+00  0.0000000e+00  0.0000000e+00  1.0000000e+00]]
[+0169.59, +0017.69, -1121.36]
1009, 1973, 1348
[[-1.7243080e-01  4.5954332e-01 -8.7100136e-01  5.4510000e+01]
 [-1.4760040e-02  8.8316366e-01  4.6878548e-01  1.7164000e+02]
 [ 9.8468552e-01  9.3795640e-02 -1.4547450e-01 -1.1647800e+03]
 [ 0.0000000e+00  0.0000000e+00  0.0000000e+00  1.0000000e+00]]
[+0131.27, -0003.92, -1096.09]
1517, 1731, 1119
[[-1.7280340e-01  4.6002970e-01 -8.7053750e-01  5.4530000e+01]
 [-1.4296180e-02  8.8290774e-01  4.6925690e-01  1.7173000e+02]
 [ 9.8450926e-01  9.3696820e-02 -1.4595130e-01 -1.1646800e+03]
 [ 0.0000000e+00  0.0000000e+00  0.0000000e+00  1.0000000e+00]]
[+0107.54, +0065.42, -1072.51]
1009, 1973, 1348
[[-1.7294850e-01  4.5980970e-01 -8.7072260e-01  5.4480000e+01]
 [-1.4016100e-02  8.8305942e-01  4.6899804e-01  1.7171000e+02]
 [ 9.8457420e-01  9.3437960e-02 -1.4624808e-01 -1.1647600e+03]
 [ 0.0000000e+00  0.0000000e+00  0.0000000e+00  1.0000000e+00]]
[+0131.83, -0003.77, -1095.08]
1169, 1823, 1673
[[-1.7309380e-01  4.5944128e-01 -8.7094556e-01  5.4450000e+01]
 [-1.3884440e-02  8.8327100e-01  4.6861408e-01  1.7166000e+02]
 [ 9.8460128e-01  9.3304040e-02 -1.4648484e-01 -1.1647400e+03]
 [ 0.0000000e+00  0.0000000e+00  0.0000000e+00  1.0000000e+00]]
[+0089.29, -0011.44, -1086.29]
962, 1963, 1508
[[-1.7191330e-01  4.6027760e-01 -8.7086610e-01  5.4560000e+01]
 [-1.4427680e-02  8.8284764e-01  4.6941840e-01  1.7175000e+02]
 [ 9.8491374e-01  9.3307680e-02 -1.4512130e-01 -1.1648000e+03]
 [ 0.0000000e+00  0.0000000e+00  0.0000000e+00  1.0000000e+00]]
[+0122.83, -0016.95, -1100.97]
1169, 1823, 1673
[[-1.7287272e-01  4.5942576e-01 -8.7097680e-01  5.4420000e+01]
 [-1.4225760e-02  8.8325528e-01  4.6862960e-01  1.7163000e+02]
 [ 9.8461680e-01  9.3509600e-02 -1.4612800e-01 -1.1647700e+03]
 [ 0.0000000e+00  0.0000000e+00  0.0000000e+00  1.0000000e+00]]
[+0089.50, -0011.26, -1086.25]
995, 1295, 1440
[[-1.7199658e-01  4.6079706e-01 -8.7029408e-01  5.4640000e+01]
 [-1.5007260e-02  8.8246774e-01  4.7006184e-01  1.7180000e+02]
 [ 9.8464232e-01  9.4071360e-02 -1.4482468e-01 -1.1647500e+03]
 [ 0.0000000e+00  0.0000000e+00  0.0000000e+00  1.0000000e+00]]
[+0063.10, -0006.89, -1069.85]
1169, 1823, 1673
[[-1.7243080e-01  4.5928452e-01 -8.7122556e-01  5.4440000e+01]
 [-1.5094680e-02  8.8328350e-01  4.6856526e-01  1.7164000e+02]
 [ 9.8475804e-01  9.4015860e-02 -1.4535466e-01 -1.1647800e+03]
 [ 0.0000000e+00  0.0000000e+00  0.0000000e+00  1.0000000e+00]]
[+0092.37, -0012.54, -1087.13]
816, 1765, 2065
[[-1.7161010e-01  4.5907338e-01 -8.7132396e-01  5.4450000e+01]
 [-1.4706660e-02  8.8345094e-01  4.6822948e-01  1.7159000e+02]
 [ 9.8475252e-01  9.3310040e-02 -1.4482120e-01 -1.1648100e+03]
 [ 0.0000000e+00  0.0000000e+00  0.0000000e+00  1.0000000e+00]]
[+0078.34, -0046.13, -1136.15]
1169, 1823, 1673
[[-1.7287272e-01  4.5972256e-01 -8.7090104e-01  5.4470000e+01]
 [-1.3928960e-02  8.8313520e-01  4.6887968e-01  1.7166000e+02]
 [ 9.8469256e-01  9.3259520e-02 -1.4624808e-01 -1.1647900e+03]
 [ 0.0000000e+00  0.0000000e+00  0.0000000e+00  1.0000000e+00]]
[+0093.40, -0008.61, -1085.09]
815, 1240, 1392
[[-1.7080296e-01  4.6109960e-01 -8.7044224e-01  5.4680000e+01]
 [-1.4007760e-02  8.8247064e-01  4.7010080e-01  1.7175000e+02]
 [ 9.8492960e-01  9.2618240e-02 -1.4423616e-01 -1.1648000e+03]
 [ 0.0000000e+00  0.0000000e+00  0.0000000e+00  1.0000000e+00]]
[+0068.02, -0021.65, -1074.87]
775, 1359, 1583
[[-1.7191330e-01  4.6023966e-01 -8.7071778e-01  5.4630000e+01]
 [-1.4389740e-02  8.8284764e-01  4.6938834e-01  1.7162000e+02]
 [ 9.8476542e-01  9.3337740e-02 -1.4512130e-01 -1.1647700e+03]
 [ 0.0000000e+00  0.0000000e+00  0.0000000e+00  1.0000000e+00]]
[+0069.45, -0037.51, -1094.39]
815, 1240, 1392
[[-1.7220996e-01  4.6093554e-01 -8.7035650e-01  5.4620000e+01]
 [-1.3542100e-02  8.8254654e-01  4.6999146e-01  1.7170000e+02]
 [ 9.8478354e-01  9.2810500e-02 -1.4571906e-01 -1.1647400e+03]
 [ 0.0000000e+00  0.0000000e+00  0.0000000e+00  1.0000000e+00]]
[+0067.32, -0020.06, -1073.96]
1317, 1674, 1224
[[-1.7258256e-01  4.6005224e-01 -8.7071712e-01  5.4530000e+01]
 [-1.4675520e-02  8.8289190e-01  4.6930234e-01  1.7170000e+02]
 [ 9.8467304e-01  9.3872220e-02 -1.4559450e-01 -1.1647800e+03]
 [ 0.0000000e+00  0.0000000e+00  0.0000000e+00  1.0000000e+00]]
[+0104.20, +0038.64, -1066.77]
815, 1240, 1392
[[-1.7184450e-01  4.6058490e-01 -8.7050250e-01  5.4630000e+01]
 [-1.4795100e-02  8.8261982e-01  4.6979530e-01  1.7170000e+02]
 [ 9.8473050e-01  9.3744700e-02 -1.4482468e-01 -1.1647700e+03]
 [ 0.0000000e+00  0.0000000e+00  0.0000000e+00  1.0000000e+00]]
[+0066.98, -0022.75, -1075.00]
942, 1129, 1486
[[-1.7198250e-01  4.6044990e-01 -8.7063320e-01  5.4580000e+01]
 [-1.3353140e-02  8.8283430e-01  4.6945152e-01  1.7165000e+02]
 [ 9.8480352e-01  9.2460400e-02 -1.4565876e-01 -1.1647600e+03]
 [ 0.0000000e+00  0.0000000e+00  0.0000000e+00  1.0000000e+00]]
[+0043.11, -0011.31, -1075.84]
815, 1240, 1392
[[-1.7176852e-01  4.6075640e-01 -8.7045660e-01  5.4650000e+01]
 [-1.4373400e-02  8.8257548e-01  4.6989720e-01  1.7172000e+02]
 [ 9.8477640e-01  9.3346200e-02 -1.4494500e-01 -1.1647800e+03]
 [ 0.0000000e+00  0.0000000e+00  0.0000000e+00  1.0000000e+00]]
[+0069.16, -0022.45, -1075.20]
2234, 1551, 839
[[-1.7592484e-01  4.5916028e-01 -8.7050768e-01  5.4350000e+01]
 [-1.4906080e-02  8.8317548e-01  4.6875932e-01  1.7168000e+02]
 [ 9.8406788e-01  9.5547520e-02 -1.4850132e-01 -1.1647700e+03]
 [ 0.0000000e+00  0.0000000e+00  0.0000000e+00  1.0000000e+00]]
[+0093.64, +0123.04, -1124.73]
1978, 1523, 754
[[-1.7310724e-01  4.6097492e-01 -8.7030328e-01  5.4580000e+01]
 [-1.4351120e-02  8.8242348e-01  4.7022548e-01  1.7175000e+02]
 [ 9.8474348e-01  9.3915280e-02 -1.4613172e-01 -1.1647700e+03]
 [ 0.0000000e+00  0.0000000e+00  0.0000000e+00  1.0000000e+00]]
[+0102.14, +0117.89, -1111.55]
2234, 1551, 839
[[-1.7532418e-01  4.5885546e-01 -8.7076168e-01  5.4260000e+01]
 [-1.4363940e-02  8.8341918e-01  4.6831176e-01  1.7167000e+02]
 [ 9.8415848e-01  9.4730640e-02 -1.4826400e-01 -1.1647300e+03]
 [ 0.0000000e+00  0.0000000e+00  0.0000000e+00  1.0000000e+00]]
[+0095.11, +0122.83, -1125.55]
2211, 1188, 1025
[[-1.7555176e-01  4.5963776e-01 -8.7040948e-01  5.4410000e+01]
 [-1.4254880e-02  8.8301190e-01  4.6910204e-01  1.7163000e+02]
 [ 9.8421356e-01  9.4831720e-02 -1.4844370e-01 -1.1647300e+03]
 [ 0.0000000e+00  0.0000000e+00  0.0000000e+00  1.0000000e+00]]
[+0058.96, +0124.17, -1124.03]
2234, 1551, 839
[[-1.7525466e-01  4.5949720e-01 -8.7047114e-01  5.4390000e+01]
 [-1.4471360e-02  8.8307184e-01  4.6896920e-01  1.7169000e+02]
 [ 9.8419930e-01  9.4888640e-02 -1.4808666e-01 -1.1648000e+03]
 [ 0.0000000e+00  0.0000000e+00  0.0000000e+00  1.0000000e+00]]
[+0094.07, +0123.06, -1125.43]
2057, 1796, 1293
[[-1.7383908e-01  4.5908172e-01 -8.7099024e-01  5.4460000e+01]
 [-1.4592480e-02  8.8335932e-01  4.6842676e-01  1.7161000e+02]
 [ 9.8446284e-01  9.4236640e-02 -1.4683876e-01 -1.1647200e+03]
 [ 0.0000000e+00  0.0000000e+00  0.0000000e+00  1.0000000e+00]]
[+0091.11, +0088.83, -1090.54]
2234, 1551, 839
[[-1.7592484e-01  4.5945744e-01 -8.7043172e-01  5.4380000e+01]
 [-1.4608920e-02  8.8305580e-01  4.6900896e-01  1.7165000e+02]
 [ 9.8414384e-01  9.5297880e-02 -1.4862100e-01 -1.1647800e+03]
 [ 0.0000000e+00  0.0000000e+00  0.0000000e+00  1.0000000e+00]]
[+0092.70, +0123.77, -1125.63]
1840, 1846, 892
[[-1.7429460e-01  4.5990402e-01 -8.7047566e-01  5.4460000e+01]
 [-1.5117860e-02  8.8284390e-01  4.6938258e-01  1.7173000e+02]
 [ 9.8438358e-01  9.5062340e-02 -1.4689866e-01 -1.1647600e+03]
 [ 0.0000000e+00  0.0000000e+00  0.0000000e+00  1.0000000e+00]]
[+0122.93, +0094.37, -1100.74]
1388, 1967, 1199
[[-1.7339066e-01  4.5958188e-01 -8.7088428e-01  5.4460000e+01]
 [-1.3668120e-02  8.8321094e-01  4.6874692e-01  1.7169000e+02]
 [ 9.8461572e-01  9.3246920e-02 -1.4684176e-01 -1.1647600e+03]
 [ 0.0000000e+00  0.0000000e+00  0.0000000e+00  1.0000000e+00]]
[+0129.74, +0039.71, -1082.80]
1840, 1846, 892
[[-1.7466058e-01  4.5981020e-01 -8.7044250e-01  5.4450000e+01]
 [-1.4310200e-02  8.8295192e-01  4.6920300e-01  1.7172000e+02]
 [ 9.8432250e-01  9.4503000e-02 -1.4761250e-01 -1.1647700e+03]
 [ 0.0000000e+00  0.0000000e+00  0.0000000e+00  1.0000000e+00]]
[+0122.13, +0099.42, -1102.62]
2127, 1855, 1309
[[-1.7562132e-01  4.5888538e-01 -8.7088654e-01  5.4310000e+01]
 [-1.4334020e-02  8.8341918e-01  4.6834966e-01  1.7163000e+02]
 [ 9.8428334e-01  9.4768540e-02 -1.4856114e-01 -1.1647700e+03]
 [ 0.0000000e+00  0.0000000e+00  0.0000000e+00  1.0000000e+00]]
[+0090.65, +0095.58, -1096.17]
1840, 1846, 892
[[-1.7287930e-01  4.6034106e-01 -8.7061788e-01  5.4500000e+01]
 [-1.4310780e-02  8.8277174e-01  4.6956036e-01  1.7173000e+02]
 [ 9.8472564e-01  9.3690120e-02 -1.4601140e-01 -1.1647900e+03]
 [ 0.0000000e+00  0.0000000e+00  0.0000000e+00  1.0000000e+00]]
[+0122.97, +0094.69, -1101.16]
1767, 1427, 951
[[-1.7317608e-01  4.6044360e-01 -8.7040816e-01  5.4510000e+01]
 [-1.4056400e-02  8.8271160e-01  4.6966320e-01  1.7169000e+02]
 [ 9.8459184e-01  9.3663200e-02 -1.4636832e-01 -1.1647600e+03]
 [ 0.0000000e+00  0.0000000e+00  0.0000000e+00  1.0000000e+00]]
[+0086.83, +0099.83, -1083.22]
1840, 1846, 892
[[-1.7421184e-01  4.5986528e-01 -8.7045024e-01  5.4430000e+01]
 [-1.3831360e-02  8.8298360e-01  4.6914792e-01  1.7171000e+02]
 [ 9.8436192e-01  9.3888240e-02 -1.4743560e-01 -1.1647600e+03]
 [ 0.0000000e+00  0.0000000e+00  0.0000000e+00  1.0000000e+00]]
[+0123.61, +0097.84, -1102.47]
1393, 1937, 1415
[[-1.7324532e-01  4.5954290e-01 -8.7092342e-01  5.4440000e+01]
 [-1.4282900e-02  8.8317950e-01  4.6878590e-01  1.7167000e+02]
 [ 9.8462342e-01  9.3725900e-02 -1.4642482e-01 -1.1647700e+03]
 [ 0.0000000e+00  0.0000000e+00  0.0000000e+00  1.0000000e+00]]
[+0112.93, +0024.56, -1078.24]
1006, 1675, 803
[[-1.7214112e-01  4.6128056e-01 -8.7014096e-01  5.4650000e+01]
 [-1.3947440e-02  8.8231872e-01  4.7039848e-01  1.7179000e+02]
 [ 9.8474896e-01  9.3217520e-02 -1.4542240e-01 -1.1647600e+03]
 [ 0.0000000e+00  0.0000000e+00  0.0000000e+00  1.0000000e+00]]
[+0141.76, +0039.39, -1076.28]
1393, 1937, 1415
[[-1.7323930e-01  4.5948032e-01 -8.7090654e-01  5.4430000e+01]
 [-1.3269680e-02  8.8330220e-01  4.6857504e-01  1.7168000e+02]
 [ 9.8459346e-01  9.2825040e-02 -1.4690186e-01 -1.1647400e+03]
 [ 0.0000000e+00  0.0000000e+00  0.0000000e+00  1.0000000e+00]]
[+0112.52, +0025.80, -1077.89]
1665, 1648, 1366
[[-1.7347290e-01  4.5973158e-01 -8.7072296e-01  5.4440000e+01]
 [-1.4768420e-02  8.8301190e-01  4.6907616e-01  1.7168000e+02]
 [ 9.8452704e-01  9.4326160e-02 -1.4636484e-01 -1.1647800e+03]
 [ 0.0000000e+00  0.0000000e+00  0.0000000e+00  1.0000000e+00]]
[+0079.63, +0063.91, -1070.96]
1393, 1937, 1415
[[-1.7272754e-01  4.5938700e-01 -8.7101598e-01  5.4450000e+01]
 [-1.4840520e-02  8.8322360e-01  4.6866836e-01  1.7169000e+02]
 [ 9.8462430e-01  9.3988600e-02 -1.4571130e-01 -1.1647900e+03]
 [ 0.0000000e+00  0.0000000e+00  0.0000000e+00  1.0000000e+00]]
[+0113.20, +0025.10, -1078.17]
951, 1437, 1907
[[-1.7280340e-01  4.5980882e-01 -8.7091014e-01  5.4500000e+01]
 [-1.4668820e-02  8.8302782e-01  4.6906686e-01  1.7164000e+02]
 [ 9.8473014e-01  9.3886860e-02 -1.4583122e-01 -1.1647400e+03]
 [ 0.0000000e+00  0.0000000e+00  0.0000000e+00  1.0000000e+00]]
[+0052.41, -0038.05, -1112.48]
1393, 1937, 1415
[[-1.7339066e-01  4.5928500e-01 -8.7096000e-01  5.4460000e+01]
 [-1.3965000e-02  8.8333102e-01  4.6849692e-01  1.7163000e+02]
 [ 9.8454000e-01  9.3496920e-02 -1.4672168e-01 -1.1647700e+03]
 [ 0.0000000e+00  0.0000000e+00  0.0000000e+00  1.0000000e+00]]
[+0113.89, +0028.24, -1077.80]
1511, 843, 1095
[[-1.7340402e-01  4.6092898e-01 -8.7013150e-01  5.4580000e+01]
 [-1.4244980e-02  8.8242348e-01  4.7020330e-01  1.7168000e+02]
 [ 9.8457170e-01  9.4013500e-02 -1.4642850e-01 -1.1647400e+03]
 [ 0.0000000e+00  0.0000000e+00  0.0000000e+00  1.0000000e+00]]
[+0024.28, +0088.54, -1081.53]
1505, 855, 1515
[[-1.7332114e-01  4.6018576e-01 -8.7044490e-01  5.4510000e+01]
 [-1.3738400e-02  8.8286336e-01  4.6937424e-01  1.7161000e+02]
 [ 9.8450826e-01  9.3434400e-02 -1.4666514e-01 -1.1647300e+03]
 [ 0.0000000e+00  0.0000000e+00  0.0000000e+00  1.0000000e+00]]
[-0000.20, +0054.59, -1098.14]
1511, 843, 1095
[[-1.7214112e-01  4.6083560e-01 -8.7025496e-01  5.4590000e+01]
 [-1.4392400e-02  8.8249950e-01  4.7002330e-01  1.7170000e+02]
 [ 9.8463496e-01  9.3592700e-02 -1.4524162e-01 -1.1647600e+03]
 [ 0.0000000e+00  0.0000000e+00  0.0000000e+00  1.0000000e+00]]
[+0024.94, +0088.21, -1081.12]
1696, 1433, 1080
[[-1.7377690e-01  4.6004512e-01 -8.7049266e-01  5.4490000e+01]
 [-1.5378800e-02  8.8276784e-01  4.6951488e-01  1.7168000e+02]
 [ 9.8446050e-01  9.5074800e-02 -1.4630490e-01 -1.1647900e+03]
 [ 0.0000000e+00  0.0000000e+00  0.0000000e+00  1.0000000e+00]]
[+0080.32, +0090.72, -1075.40]
1511, 843, 1095
[[-1.7265850e-01  4.6073276e-01 -8.7038682e-01  5.4600000e+01]
 [-1.4169160e-02  8.8257548e-01  4.6992084e-01  1.7168000e+02]
 [ 9.8470662e-01  9.3550440e-02 -1.4583498e-01 -1.1647500e+03]
 [ 0.0000000e+00  0.0000000e+00  0.0000000e+00  1.0000000e+00]]
[+0025.09, +0087.03, -1080.52]
1358, 890, 1091
[[-1.7236180e-01  4.6074064e-01 -8.7041012e-01  5.4600000e+01]
 [-1.4237240e-02  8.8257548e-01  4.6991296e-01  1.7165000e+02]
 [ 9.8472992e-01  9.3482360e-02 -1.4553828e-01 -1.1647500e+03]
 [ 0.0000000e+00  0.0000000e+00  0.0000000e+00  1.0000000e+00]]
[+0032.98, +0071.15, -1066.81]
1511, 843, 1095
[[-1.7310018e-01  4.6057746e-01 -8.7021396e-01  5.4560000e+01]
 [-1.3596660e-02  8.8266710e-01  4.6973468e-01  1.7167000e+02]
 [ 9.8448924e-01  9.3294920e-02 -1.4648872e-01 -1.1647400e+03]
 [ 0.0000000e+00  0.0000000e+00  0.0000000e+00  1.0000000e+00]]
[+0024.73, +0088.93, -1081.30]
1778, 1104, 1862
[[-1.7488852e-01  4.5903492e-01 -8.7080516e-01  5.4370000e+01]
 [-1.5910920e-02  8.8320270e-01  4.6867914e-01  1.7155000e+02]
 [ 9.8425684e-01  9.5917860e-02 -1.4713378e-01 -1.1647500e+03]
 [ 0.0000000e+00  0.0000000e+00  0.0000000e+00  1.0000000e+00]]
[+0003.03, +0046.91, -1109.70]
1518, 925, 780
[[-1.7258986e-01  4.6152280e-01 -8.7005736e-01  5.4650000e+01]
 [-1.4129360e-02  8.8216664e-01  4.7070300e-01  1.7171000e+02]
 [ 9.8478600e-01  9.3582360e-02 -1.4571906e-01 -1.1647400e+03]
 [ 0.0000000e+00  0.0000000e+00  0.0000000e+00  1.0000000e+00]]
[+0057.64, +0109.83, -1078.25]
1778, 1104, 1862
[[-1.7533060e-01  4.5917644e-01 -8.7055512e-01  5.4370000e+01]
 [-1.5041840e-02  8.8317548e-01  4.6874316e-01  1.7155000e+02]
 [ 9.8411532e-01  9.5411760e-02 -1.4790708e-01 -1.1647100e+03]
 [ 0.0000000e+00  0.0000000e+00  0.0000000e+00  1.0000000e+00]]
[+0002.45, +0046.52, -1110.25]
788, 990, 2117
[[-1.7191330e-01  4.5983264e-01 -8.7097992e-01  5.4550000e+01]
 [-1.4872640e-02  8.8302782e-01  4.6904304e-01  1.7158000e+02]
 [ 9.8479992e-01  9.3683040e-02 -1.4494112e-01 -1.1647500e+03]
 [ 0.0000000e+00  0.0000000e+00  0.0000000e+00  1.0000000e+00]]
[+0021.81, -0039.12, -1153.20]
1778, 1104, 1862
[[-1.7458468e-01  4.5957474e-01 -8.7065894e-01  5.4430000e+01]
 [-1.4371740e-02  8.8308780e-01  4.6895958e-01  1.7161000e+02]
 [ 9.8440306e-01  9.4449420e-02 -1.4755252e-01 -1.1647200e+03]
 [ 0.0000000e+00  0.0000000e+00  0.0000000e+00  1.0000000e+00]]
[+0004.68, +0049.36, -1108.59]
1636, 2061, 1738
[[-1.7346640e-01  4.5929944e-01 -8.7111632e-01  5.4410000e+01]
 [-1.4276320e-02  8.8331526e-01  4.6855034e-01  1.7168000e+02]
 [ 9.8468056e-01  9.3740380e-02 -1.4666170e-01 -1.1647700e+03]
 [ 0.0000000e+00  0.0000000e+00  0.0000000e+00  1.0000000e+00]]
[+0098.47, +0023.37, -1082.63]
1778, 1104, 1862
[[-1.7466058e-01  4.5910566e-01 -8.7078080e-01  5.4370000e+01]
 [-1.5090660e-02  8.8325142e-01  4.6860840e-01  1.7155000e+02]
 [ 9.8428120e-01  9.5097600e-02 -1.4731300e-01 -1.1647300e+03]
 [ 0.0000000e+00  0.0000000e+00  0.0000000e+00  1.0000000e+00]]
[+0002.24, +0047.53, -1110.46]
1781, 1176, 845
[[-1.7340402e-01  4.6063218e-01 -8.7020754e-01  5.4580000e+01]
 [-1.4541780e-02  8.8254380e-01  4.6995334e-01  1.7173000e+02]
 [ 9.8449566e-01  9.4263460e-02 -1.4630818e-01 -1.1647700e+03]
 [ 0.0000000e+00  0.0000000e+00  0.0000000e+00  1.0000000e+00]]
[+0074.24, +0119.07, -1094.06]
1008, 1501, 1264
[[-1.7228586e-01  4.6024648e-01 -8.7085078e-01  5.4570000e+01]
 [-1.4633120e-02  8.8283184e-01  4.6944952e-01  1.7170000e+02]
 [ 9.8488262e-01  9.3649120e-02 -1.4535786e-01 -1.1647700e+03]
 [ 0.0000000e+00  0.0000000e+00  0.0000000e+00  1.0000000e+00]]
[+0094.74, +0004.11, -1065.82]
1781, 1176, 845
[[-1.7354884e-01  4.6067114e-01 -8.7016826e-01  5.4570000e+01]
 [-1.3926940e-02  8.8257548e-01  4.6991438e-01  1.7170000e+02]
 [ 9.8448806e-01  9.3784780e-02 -1.4672532e-01 -1.1647300e+03]
 [ 0.0000000e+00  0.0000000e+00  0.0000000e+00  1.0000000e+00]]
[+0073.43, +0119.77, -1094.47]
1674, 898, 864
[[-1.7318330e-01  4.6106190e-01 -8.7012480e-01  5.4620000e+01]
 [-1.4438100e-02  8.8234742e-01  4.7034376e-01  1.7169000e+02]
 [ 9.8462520e-01  9.4093760e-02 -1.4613172e-01 -1.1647400e+03]
 [ 0.0000000e+00  0.0000000e+00  0.0000000e+00  1.0000000e+00]]
[+0048.15, +0115.40, -1090.93]
1781, 1176, 845
[[-1.7265850e-01  4.6054642e-01 -8.7027644e-01  5.4540000e+01]
 [-1.4279540e-02  8.8263566e-01  4.6976572e-01  1.7169000e+02]
 [ 9.8452028e-01  9.3705560e-02 -1.4577480e-01 -1.1647500e+03]
 [ 0.0000000e+00  0.0000000e+00  0.0000000e+00  1.0000000e+00]]
[+0074.35, +0119.63, -1094.41]
2001, 1123, 1292
[[-1.7451552e-01  4.5980904e-01 -8.7063056e-01  5.4440000e+01]
 [-1.4962960e-02  8.8291992e-01  4.6927212e-01  1.7162000e+02]
 [ 9.8447856e-01  9.4951880e-02 -1.4719560e-01 -1.1647500e+03]
 [ 0.0000000e+00  0.0000000e+00  0.0000000e+00  1.0000000e+00]]
[+0035.02, +0105.51, -1104.98]
1781, 1176, 845
[[-1.7295524e-01  4.6083528e-01 -8.7017712e-01  5.4590000e+01]
 [-1.3914720e-02  8.8251526e-01  4.7002362e-01  1.7171000e+02]
 [ 9.8457288e-01  9.3523620e-02 -1.4619194e-01 -1.1647300e+03]
 [ 0.0000000e+00  0.0000000e+00  0.0000000e+00  1.0000000e+00]]
[+0073.35, +0115.72, -1092.06]
2101, 1151, 1715
[[-1.7584890e-01  4.5847910e-01 -8.7083800e-01  5.4310000e+01]
 [-1.5413540e-02  8.8349030e-01  4.6814128e-01  1.7151000e+02]
 [ 9.8403472e-01  9.5868400e-02 -1.4826244e-01 -1.1647200e+03]
 [ 0.0000000e+00  0.0000000e+00  0.0000000e+00  1.0000000e+00]]
[+0013.10, +0080.88, -1115.51]
2237, 1113, 1574
[[-1.7584890e-01  4.5937058e-01 -8.7061024e-01  5.4360000e+01]
 [-1.4522060e-02  8.8313174e-01  4.6889032e-01  1.7156000e+02]
 [ 9.8426248e-01  9.5119360e-02 -1.4862100e-01 -1.1647200e+03]
 [ 0.0000000e+00  0.0000000e+00  0.0000000e+00  1.0000000e+00]]
[+0022.03, +0098.12, -1123.32]
2101, 1151, 1715
[[-1.7473652e-01  4.5923058e-01 -8.7075090e-01  5.4410000e+01]
 [-1.5215580e-02  8.8317548e-01  4.6875690e-01  1.7158000e+02]
 [ 9.8431110e-01  9.5246100e-02 -1.4731300e-01 -1.1647000e+03]
 [ 0.0000000e+00  0.0000000e+00  0.0000000e+00  1.0000000e+00]]
[+0014.79, +0078.29, -1114.57]
2098, 888, 1782
[[-1.7436360e-01  4.5926220e-01 -8.7076640e-01  5.4440000e+01]
 [-1.5010040e-02  8.8319160e-01  4.6872528e-01  1.7155000e+02]
 [ 9.8434272e-01  9.4904800e-02 -1.4707584e-01 -1.1646800e+03]
 [ 0.0000000e+00  0.0000000e+00  0.0000000e+00  1.0000000e+00]]
[+0000.70, +0077.31, -1138.07]
2101, 1151, 1715
[[-1.7428770e-01  4.5958270e-01 -8.7068250e-01  5.4440000e+01]
 [-1.4439660e-02  8.8308780e-01  4.6895162e-01  1.7161000e+02]
 [ 9.8442662e-01  9.4381500e-02 -1.4725554e-01 -1.1647000e+03]
 [ 0.0000000e+00  0.0000000e+00  0.0000000e+00  1.0000000e+00]]
[+0016.24, +0078.90, -1113.18]
1536, 1024, 1199
[[-1.7325202e-01  4.6042020e-01 -8.7041606e-01  5.4570000e+01]
 [-1.4329800e-02  8.8269580e-01  4.6968660e-01  1.7166000e+02]
 [ 9.8458394e-01  9.3936600e-02 -1.4630818e-01 -1.1647400e+03]
 [ 0.0000000e+00  0.0000000e+00  0.0000000e+00  1.0000000e+00]]
[+0035.30, +0075.31, -1073.41]
2101, 1151, 1715
[[-1.7555176e-01  4.5863580e-01 -8.7082376e-01  5.4300000e+01]
 [-1.5332760e-02  8.8343064e-01  4.6825800e-01  1.7153000e+02]
 [ 9.8409640e-01  9.5675760e-02 -1.4802496e-01 -1.1647500e+03]
 [ 0.0000000e+00  0.0000000e+00  0.0000000e+00  1.0000000e+00]]
[+0013.29, +0080.80, -1115.24]
1912, 1975, 2210
[[-1.7435722e-01  4.5808774e-01 -8.7134892e-01  5.4270000e+01]
 [-1.5260740e-02  8.8379366e-01  4.6757436e-01  1.7153000e+02]
 [ 9.8430708e-01  9.4943640e-02 -1.4707412e-01 -1.1647400e+03]
 [ 0.0000000e+00  0.0000000e+00  0.0000000e+00  1.0000000e+00]]
[+0053.78, +0015.01, -1095.84]
1735, 2168, 2154
[[-1.7390880e-01  4.5858824e-01 -8.7124288e-01  5.4330000e+01]
 [-1.4336080e-02  8.8364640e-01  4.6789424e-01  1.7162000e+02]
 [ 9.8446016e-01  9.3954080e-02 -1.4707584e-01 -1.1647500e+03]
 [ 0.0000000e+00  0.0000000e+00  0.0000000e+00  1.0000000e+00]]
[+0080.53, +0003.33, -1095.96]
1912, 1975, 2210
[[-1.7502708e-01  4.5815864e-01 -8.7112340e-01  5.4290000e+01]
 [-1.5212360e-02  8.8371788e-01  4.6770920e-01  1.7155000e+02]
 [ 9.8414120e-01  9.5257400e-02 -1.4766820e-01 -1.1647300e+03]
 [ 0.0000000e+00  0.0000000e+00  0.0000000e+00  1.0000000e+00]]
[+0049.81, +0015.91, -1096.78]
2241, 2056, 1437
[[-1.7509170e-01  4.5790054e-01 -8.7128232e-01  5.4160000e+01]
 [-1.3646340e-02  8.8400862e-01  4.6721464e-01  1.7155000e+02]
 [ 9.8418472e-01  9.3823440e-02 -1.4850132e-01 -1.1647300e+03]
 [ 0.0000000e+00  0.0000000e+00  0.0000000e+00  1.0000000e+00]]
[+0094.95, +0086.01, -1097.18]
1912, 1975, 2210
[[-1.7406024e-01  4.5839276e-01 -8.7129668e-01  5.4340000e+01]
 [-1.5031480e-02  8.8367430e-01  4.6781626e-01  1.7159000e+02]
 [ 9.8440636e-01  9.4625980e-02 -1.4689650e-01 -1.1647200e+03]
 [ 0.0000000e+00  0.0000000e+00  0.0000000e+00  1.0000000e+00]]
[+0051.03, +0013.52, -1097.23]
1593, 1635, 2038
[[-1.7302432e-01  4.5926856e-01 -8.7117896e-01  5.4440000e+01]
 [-1.4958960e-02  8.8328350e-01  4.6858122e-01  1.7161000e+02]
 [ 9.8471144e-01  9.4151580e-02 -1.4594818e-01 -1.1647700e+03]
 [ 0.0000000e+00  0.0000000e+00  0.0000000e+00  1.0000000e+00]]
[+0041.47, +0006.80, -1092.65]
1912, 1975, 2210
[[-1.7509696e-01  4.5781376e-01 -8.7133776e-01  5.4240000e+01]
 [-1.4807840e-02  8.8394510e-01  4.6730142e-01  1.7155000e+02]
 [ 9.8417664e-01  9.4849620e-02 -1.4796530e-01 -1.1647500e+03]
 [ 0.0000000e+00  0.0000000e+00  0.0000000e+00  1.0000000e+00]]
[+0052.53, +0017.27, -1095.56]
1829, 1410, 1618
[[-1.7361800e-01  4.6002948e-01 -8.7045936e-01  5.4520000e+01]
 [-1.3818840e-02  8.8292350e-01  4.6925712e-01  1.7174000e+02]
 [ 9.8444688e-01  9.3627360e-02 -1.4690186e-01 -1.1647200e+03]
 [ 0.0000000e+00  0.0000000e+00  0.0000000e+00  1.0000000e+00]]
[+0039.02, +0064.17, -1082.99]
1396, 778, 1088
[[-1.7281050e-01  4.6109318e-01 -8.7014024e-01  5.4660000e+01]
 [-1.4232860e-02  8.8236326e-01  4.7031248e-01  1.7167000e+02]
 [ 9.8465648e-01  9.3752240e-02 -1.4589520e-01 -1.1647400e+03]
 [ 0.0000000e+00  0.0000000e+00  0.0000000e+00  1.0000000e+00]]
[+0019.75, +0079.21, -1077.38]
1829, 1410, 1618
[[-1.7399076e-01  4.5933168e-01 -8.7093036e-01  5.4480000e+01]
 [-1.4842440e-02  8.8320764e-01  4.6872368e-01  1.7162000e+02]
 [ 9.8452272e-01  9.4533560e-02 -1.4683876e-01 -1.1646300e+03]
 [ 0.0000000e+00  0.0000000e+00  0.0000000e+00  1.0000000e+00]]
[+0038.47, +0063.25, -1083.13]
1727, 1662, 1399
[[-1.7287930e-01  4.5978550e-01 -8.7091810e-01  5.4580000e+01]
 [-1.4942260e-02  8.8301190e-01  4.6909018e-01  1.7171000e+02]
 [ 9.8472218e-01  9.4160300e-02 -1.4577124e-01 -1.1646500e+03]
 [ 0.0000000e+00  0.0000000e+00  0.0000000e+00  1.0000000e+00]]
[+0081.08, +0062.89, -1072.11]
1829, 1410, 1618
[[-1.7316954e-01  4.5941788e-01 -8.7095342e-01  5.4520000e+01]
 [-1.4157880e-02  8.8325528e-01  4.6863748e-01  1.7165000e+02]
 [ 9.8459342e-01  9.3577480e-02 -1.4642482e-01 -1.1646300e+03]
 [ 0.0000000e+00  0.0000000e+00  0.0000000e+00  1.0000000e+00]]
[+0036.93, +0063.27, -1083.75]
2201, 1354, 1380
[[-1.7466058e-01  4.5925416e-01 -8.7074284e-01  5.4490000e+01]
 [-1.4942160e-02  8.8319160e-01  4.6873332e-01  1.7164000e+02]
 [ 9.8431916e-01  9.4972680e-02 -1.4737282e-01 -1.1646400e+03]
 [ 0.0000000e+00  0.0000000e+00  0.0000000e+00  1.0000000e+00]]
[+0048.03, +0106.58, -1107.92]
1829, 1410, 1618
[[-1.7265172e-01  4.5941032e-01 -8.7100804e-01  5.4540000e+01]
 [-1.4567080e-02  8.8323948e-01  4.6864504e-01  1.7163000e+02]
 [ 9.8463224e-01  9.3715160e-02 -1.4577124e-01 -1.1646200e+03]
 [ 0.0000000e+00  0.0000000e+00  0.0000000e+00  1.0000000e+00]]
[+0039.55, +0058.35, -1081.94]
1496, 1946, 1263
[[-1.7205828e-01  4.5987118e-01 -8.7094090e-01  5.4580000e+01]
 [-1.4257820e-02  8.8305942e-01  4.6900450e-01  1.7171000e+02]
 [ 9.8479250e-01  9.3204100e-02 -1.4535786e-01 -1.1646000e+03]
 [ 0.0000000e+00  0.0000000e+00  0.0000000e+00  1.0000000e+00]]
[+0121.83, +0044.60, -1079.67]
1551, 1735, 1196
[[-1.7272754e-01  4.5994260e-01 -8.7071592e-01  5.4580000e+01]
 [-1.4209080e-02  8.8298360e-01  4.6913856e-01  1.7169000e+02]
 [ 9.8462760e-01  9.3518400e-02 -1.4595130e-01 -1.1646100e+03]
 [ 0.0000000e+00  0.0000000e+00  0.0000000e+00  1.0000000e+00]]
[+0103.04, +0059.89, -1071.30]
1496, 1946, 1263
[[-1.7198250e-01  4.5963562e-01 -8.7115716e-01  5.4570000e+01]
 [-1.4318940e-02  8.8319526e-01  4.6876108e-01  1.7170000e+02]
 [ 9.8487292e-01  9.3150840e-02 -1.4529780e-01 -1.1646200e+03]
 [ 0.0000000e+00  0.0000000e+00  0.0000000e+00  1.0000000e+00]]
[+0121.89, +0044.34, -1079.67]
1821, 2044, 1224
[[-1.7309380e-01  4.5899602e-01 -8.7105914e-01  5.4410000e+01]
 [-1.4329700e-02  8.8345094e-01  4.6823902e-01  1.7166000e+02]
 [ 9.8448770e-01  9.3679100e-02 -1.4630490e-01 -1.1646300e+03]
 [ 0.0000000e+00  0.0000000e+00  0.0000000e+00  1.0000000e+00]]
[+0121.31, +0073.25, -1090.85]
1496, 1946, 1263
[[-1.7265172e-01  4.5985546e-01 -8.7089434e-01  5.4570000e+01]
 [-1.4121940e-02  8.8305942e-01  4.6902022e-01  1.7171000e+02]
 [ 9.8474594e-01  9.3339980e-02 -1.4595130e-01 -1.1646000e+03]
 [ 0.0000000e+00  0.0000000e+00  0.0000000e+00  1.0000000e+00]]
[+0118.50, +0044.46, -1078.87]
1451, 2005, 1037
[[-1.7220346e-01  4.6005824e-01 -8.7086414e-01  5.4510000e+01]
 [-1.3494640e-02  8.8303052e-01  4.6909088e-01  1.7174000e+02]
 [ 9.8482274e-01  9.2600080e-02 -1.4583498e-01 -1.1646600e+03]
 [ 0.0000000e+00  0.0000000e+00  0.0000000e+00  1.0000000e+00]]
[+0138.97, +0055.77, -1090.79]
