950, 950, 950
[[-2.2283586e-01  6.4079732e-01 -7.3431972e-01  1.0143000e+02]
 [-6.0289200e-03  7.5258552e-01  6.5839048e-01  1.3781000e+02]
 [ 9.7458212e-01  1.5130488e-01 -1.6377738e-01 -1.1790400e+03]
 [ 0.0000000e+00  0.0000000e+00  0.0000000e+00  1.0000000e+00]]
[+0070.37, +0001.38, -1066.30]
1848, 1950, 1995
[[-2.2740610e-01  6.3774488e-01 -7.3564984e-01  1.0098000e+02]
 [-5.4332000e-03  7.5479166e-01  6.5588312e-01  1.3777000e+02]
 [ 9.7358600e-01  1.5327640e-01 -1.6813120e-01 -1.1790500e+03]
 [ 0.0000000e+00  0.0000000e+00  0.0000000e+00  1.0000000e+00]]
[+0071.42, -0007.41, -1105.62]
2149, 2072, 1776
[[-2.2707520e-01  6.3798176e-01 -7.3555872e-01  1.0097000e+02]
 [-4.4969600e-03  7.5477728e-01  6.5590944e-01  1.3782000e+02]
 [ 9.7367712e-01  1.5237024e-01 -1.6847648e-01 -1.1790600e+03]
 [ 0.0000000e+00  0.0000000e+00  0.0000000e+00  1.0000000e+00]]
[+0100.62, +0026.20, -1105.39]
1848, 1950, 1995
[[-2.2528194e-01  6.3836776e-01 -7.3569252e-01  1.0106000e+02]
 [-6.1600800e-03  7.5439830e-01  6.5631304e-01  1.3777000e+02]
 [ 9.7402204e-01  1.5254952e-01 -1.6595880e-01 -1.1790700e+03]
 [ 0.0000000e+00  0.0000000e+00  0.0000000e+00  1.0000000e+00]]
[+0069.91, -0012.51, -1107.28]
1639, 1426, 1413
[[-2.2458568e-01  6.3948268e-01 -7.3500544e-01  1.0122000e+02]
 [-4.8117200e-03  7.5373022e-01  6.5710664e-01  1.3779000e+02]
 [ 9.7424224e-01  1.5124216e-01 -1.6615146e-01 -1.1790200e+03]
 [ 0.0000000e+00  0.0000000e+00  0.0000000e+00  1.0000000e+00]]
[+0074.67, +0025.37, -1088.40]
1848, 1950, 1995
[[-2.2659898e-01  6.3788414e-01 -7.3583248e-01  1.0097000e+02]
 [-5.1585400e-03  7.5483974e-01  6.5584216e-01  1.3777000e+02]
 [ 9.7381672e-01  1.5251024e-01 -1.6771728e-01 -1.1790800e+03]
 [ 0.0000000e+00  0.0000000e+00  0.0000000e+00  1.0000000e+00]]
[+0072.37, -0008.88, -1105.80]
2080, 1672, 2161
[[-2.2846920e-01  6.3728672e-01 -7.3568264e-01  1.0086000e+02]
 [-5.2169600e-03  7.5507440e-01  6.5555168e-01  1.3766000e+02]
 [ 9.7331192e-01  1.5375584e-01 -1.6913224e-01 -1.1790300e+03]
 [ 0.0000000e+00  0.0000000e+00  0.0000000e+00  1.0000000e+00]]
[+0041.77, +0015.68, -1123.73]
1848, 1950, 1995
[[-2.2557492e-01  6.3883126e-01 -7.3514886e-01  1.0114000e+02]
 [-5.3652600e-03  7.5405270e-01  6.5670542e-01  1.3778000e+02]
 [ 9.7392014e-01  1.5226758e-01 -1.6659738e-01 -1.1790400e+03]
 [ 0.0000000e+00  0.0000000e+00  0.0000000e+00  1.0000000e+00]]
[+0077.67, -0009.73, -1104.40]
1614, 1602, 1242
[[-2.2451370e-01  6.3996562e-01 -7.3469156e-01  1.0127000e+02]
 [-4.7956600e-03  7.5333590e-01  6.5757772e-01  1.3779000e+02]
 [ 9.7432268e-01  1.5124636e-01 -1.6603204e-01 -1.1790300e+03]
 [ 0.0000000e+00  0.0000000e+00  0.0000000e+00  1.0000000e+00]]
[+0102.43, +0023.48, -1086.11]
1510, 1828, 1361
[[-2.2422088e-01  6.3930072e-01 -7.3514384e-01  1.0122000e+02]
 [-5.6815200e-03  7.5376920e-01  6.5702544e-01  1.3778000e+02]
 [ 9.7422256e-01  1.5168816e-01 -1.6530592e-01 -1.1790600e+03]
 [ 0.0000000e+00  0.0000000e+00  0.0000000e+00  1.0000000e+00]]
[+0114.71, -0003.58, -1089.49]
1614, 1602, 1242
[[-2.2440324e-01  6.3990412e-01 -7.3488136e-01  1.0125000e+02]
 [-4.7341600e-03  7.5344636e-01  6.5747468e-01  1.3777000e+02]
 [ 9.7442572e-01  1.5105656e-01 -1.6603204e-01 -1.1790400e+03]
 [ 0.0000000e+00  0.0000000e+00  0.0000000e+00  1.0000000e+00]]
[+0102.91, +0025.88, -1086.28]
1977, 1361, 2012
[[-2.2733364e-01  6.3817290e-01 -7.3518998e-01  1.0100000e+02]
 [-5.3609800e-03  7.5439830e-01  6.5631114e-01  1.3767000e+02]
 [ 9.7351950e-01  1.5332450e-01 -1.6801050e-01 -1.1790400e+03]
 [ 0.0000000e+00  0.0000000e+00  0.0000000e+00  1.0000000e+00]]
[+0030.20, +0025.95, -1129.13]
1614, 1602, 1242
[[-2.2433138e-01  6.3974616e-01 -7.3464198e-01  1.0125000e+02]
 [-5.2485600e-03  7.5339884e-01  6.5743544e-01  1.3780000e+02]
 [ 9.7413882e-01  1.5157096e-01 -1.6556578e-01 -1.1790500e+03]
 [ 0.0000000e+00  0.0000000e+00  0.0000000e+00  1.0000000e+00]]
[+0104.72, +0023.14, -1086.17]
2065, 1874, 1114
[[-2.2670928e-01  6.3871488e-01 -7.3501856e-01  1.0109000e+02]
 [-4.2300800e-03  7.5421080e-01  6.5655864e-01  1.3783000e+02]
 [ 9.7375104e-01  1.5208696e-01 -1.6823592e-01 -1.1790500e+03]
 [ 0.0000000e+00  0.0000000e+00  0.0000000e+00  1.0000000e+00]]
[+0130.99, +0054.99, -1115.71]
1614, 1602, 1242
[[-2.2433138e-01  6.3980142e-01 -7.3478838e-01  1.0123000e+02]
 [-5.3038200e-03  7.5339884e-01  6.5747878e-01  1.3778000e+02]
 [ 9.7428522e-01  1.5152762e-01 -1.6556578e-01 -1.1790400e+03]
 [ 0.0000000e+00  0.0000000e+00  0.0000000e+00  1.0000000e+00]]
[+0102.11, +0023.51, -1086.10]
1234, 1570, 1698
[[-2.2433138e-01  6.3941748e-01 -7.3510056e-01  1.0120000e+02]
 [-5.7982800e-03  7.5365870e-01  6.5717184e-01  1.3776000e+02]
 [ 9.7426584e-01  1.5183456e-01 -1.6530592e-01 -1.1790700e+03]
 [ 0.0000000e+00  0.0000000e+00  0.0000000e+00  1.0000000e+00]]
[+0065.82, -0038.26, -1100.37]
1295, 1333, 1712
[[-2.2502760e-01  6.3945496e-01 -7.3485148e-01  1.0119000e+02]
 [-5.6626400e-03  7.5354816e-01  6.5729896e-01  1.3778000e+02]
 [ 9.7410332e-01  1.5222136e-01 -1.6589160e-01 -1.1790200e+03]
 [ 0.0000000e+00  0.0000000e+00  0.0000000e+00  1.0000000e+00]]
[+0043.35, -0023.31, -1102.76]
1234, 1570, 1698
[[-2.2403860e-01  6.3966696e-01 -7.3487328e-01  1.0122000e+02]
 [-5.5488000e-03  7.5348550e-01  6.5735010e-01  1.3776000e+02]
 [ 9.7425960e-01  1.5154578e-01 -1.6518634e-01 -1.1790400e+03]
 [ 0.0000000e+00  0.0000000e+00  0.0000000e+00  1.0000000e+00]]
[+0065.88, -0039.34, -1101.18]
1264, 1601, 2084
[[-2.2517152e-01  6.3907472e-01 -7.3525800e-01  1.0110000e+02]
 [-5.1092800e-03  7.5399008e-01  6.5682360e-01  1.3773000e+02]
 [ 9.7416360e-01  1.5174600e-01 -1.6647744e-01 -1.1790300e+03]
 [ 0.0000000e+00  0.0000000e+00  0.0000000e+00  1.0000000e+00]]
[+0046.79, -0052.45, -1131.92]
1234, 1570, 1698
[[-2.2451370e-01  6.3958160e-01 -7.3500370e-01  1.0125000e+02]
 [-5.2901600e-03  7.5359600e-01  6.5727088e-01  1.3774000e+02]
 [ 9.7430338e-01  1.5155320e-01 -1.6577194e-01 -1.1790500e+03]
 [ 0.0000000e+00  0.0000000e+00  0.0000000e+00  1.0000000e+00]]
[+0068.75, -0037.14, -1098.68]
913, 1488, 1730
[[-2.2385640e-01  6.3988676e-01 -7.3465792e-01  1.0130000e+02]
 [-5.5625200e-03  7.5328830e-01  6.5755796e-01  1.3778000e+02]
 [ 9.7424144e-01  1.5152012e-01 -1.6498026e-01 -1.1790300e+03]
 [ 0.0000000e+00  0.0000000e+00  0.0000000e+00  1.0000000e+00]]
[+0064.85, -0066.89, -1119.40]
1234, 1570, 1698
[[-2.2385640e-01  6.3979568e-01 -7.3485956e-01  1.0125000e+02]
 [-5.7641600e-03  7.5337496e-01  6.5748452e-01  1.3778000e+02]
 [ 9.7433252e-01  1.5159356e-01 -1.6489360e-01 -1.1790600e+03]
 [ 0.0000000e+00  0.0000000e+00  0.0000000e+00  1.0000000e+00]]
[+0068.72, -0037.09, -1099.06]
1322, 784, 1464
[[-2.2440970e-01  6.4065252e-01 -7.3403774e-01  1.0135000e+02]
 [-5.7428400e-03  7.5256156e-01  6.5843652e-01  1.3774000e+02]
 [ 9.7427618e-01  1.5210516e-01 -1.6515370e-01 -1.1790400e+03]
 [ 0.0000000e+00  0.0000000e+00  0.0000000e+00  1.0000000e+00]]
[+0015.80, +0021.89, -1111.68]
938, 1194, 1210
[[-2.2331028e-01  6.4065660e-01 -7.3430420e-01  1.0140000e+02]
 [-5.7146000e-03  7.5269622e-01  6.5826810e-01  1.3782000e+02]
 [ 9.7447980e-01  1.5135610e-01 -1.6436250e-01 -1.1790400e+03]
 [ 0.0000000e+00  0.0000000e+00  0.0000000e+00  1.0000000e+00]]
[+0075.27, -0030.45, -1078.12]
1322, 784, 1464
[[-2.2331028e-01  6.4012674e-01 -7.3467186e-01  1.0139000e+02]
 [-6.3551400e-03  7.5304310e-01  6.5784422e-01  1.3776000e+02]
 [ 9.7440474e-01  1.5177998e-01 -1.6401562e-01 -1.1788700e+03]
 [ 0.0000000e+00  0.0000000e+00  0.0000000e+00  1.0000000e+00]]
[+0013.90, +0020.54, -1113.28]
1805, 1313, 1590
[[-2.2520996e-01  6.3947274e-01 -7.3480974e-01  1.0125000e+02]
 [-5.3009400e-03  7.5357212e-01  6.5728118e-01  1.3781000e+02]
 [ 9.7408554e-01  1.5205678e-01 -1.6627108e-01 -1.1788800e+03]
 [ 0.0000000e+00  0.0000000e+00  0.0000000e+00  1.0000000e+00]]
[+0051.04, +0037.68, -1104.34]
1322, 784, 1464
[[-2.2349224e-01  6.4072952e-01 -7.3440908e-01  1.0143000e+02]
 [-5.4080800e-03  7.5272006e-01  6.5829392e-01  1.3774000e+02]
 [ 9.7460852e-01  1.5114832e-01 -1.6474194e-01 -1.1789300e+03]
 [ 0.0000000e+00  0.0000000e+00  0.0000000e+00  1.0000000e+00]]
[+0015.65, +0021.64, -1112.02]
1167, 845, 1795
[[-2.2488448e-01  6.4003696e-01 -7.3453600e-01  1.0130000e+02]
 [-6.1249600e-03  7.5301902e-01  6.5793400e-01  1.3774000e+02]
 [ 9.7424480e-01  1.5253640e-01 -1.6539250e-01 -1.1790400e+03]
 [ 0.0000000e+00  0.0000000e+00  0.0000000e+00  1.0000000e+00]]
[+0004.50, -0016.70, -1137.72]
1322, 784, 1464
[[-2.2429896e-01  6.4068216e-01 -7.3402576e-01  1.0136000e+02]
 [-5.4797600e-03  7.5258552e-01  6.5840688e-01  1.3775000e+02]
 [ 9.7428816e-01  1.5184208e-01 -1.6524048e-01 -1.1790300e+03]
 [ 0.0000000e+00  0.0000000e+00  0.0000000e+00  1.0000000e+00]]
[+0015.61, +0022.23, -1111.97]
991, 1542, 907
[[-2.2312840e-01  6.4078536e-01 -7.3429028e-01  1.0141000e+02]
 [-5.9301600e-03  7.5258552e-01  6.5840244e-01  1.3782000e+02]
 [ 9.7455268e-01  1.5140364e-01 -1.6406992e-01 -1.1790700e+03]
 [ 0.0000000e+00  0.0000000e+00  0.0000000e+00  1.0000000e+00]]
[+0134.97, -0018.81, -1081.98]
864, 1333, 973
[[-2.2283586e-01  6.4065106e-01 -7.3437508e-01  1.0141000e+02]
 [-6.1751800e-03  7.5267230e-01  6.5827364e-01  1.3779000e+02]
 [ 9.7452676e-01  1.5142172e-01 -1.6369060e-01 -1.1790500e+03]
 [ 0.0000000e+00  0.0000000e+00  0.0000000e+00  1.0000000e+00]]
[+0108.53, -0031.10, -1074.90]
991, 1542, 907
[[-2.2261450e-01  6.4070990e-01 -7.3435120e-01  1.0137000e+02]
 [-5.6489800e-03  7.5272006e-01  6.5821480e-01  1.3780000e+02]
 [ 9.7455064e-01  1.5089552e-01 -1.6386420e-01 -1.1790700e+03]
 [ 0.0000000e+00  0.0000000e+00  0.0000000e+00  1.0000000e+00]]
[+0133.40, -0016.78, -1081.18]
1471, 1232, 848
[[-2.2371360e-01  6.4070608e-01 -7.3408496e-01  1.0136000e+02]
 [-5.6772800e-03  7.5258552e-01  6.5838296e-01  1.3782000e+02]
 [ 9.7434736e-01  1.5164456e-01 -1.6465512e-01 -1.1790200e+03]
 [ 0.0000000e+00  0.0000000e+00  0.0000000e+00  1.0000000e+00]]
[+0107.94, +0054.00, -1084.59]
991, 1542, 907
[[-2.2279642e-01  6.4063648e-01 -7.3451146e-01  1.0139000e+02]
 [-5.4887200e-03  7.5283068e-01  6.5812384e-01  1.3784000e+02]
 [ 9.7462406e-01  1.5080456e-01 -1.6415674e-01 -1.1790300e+03]
 [ 0.0000000e+00  0.0000000e+00  0.0000000e+00  1.0000000e+00]]
[+0134.04, -0019.04, -1082.08]
1116, 1636, 1437
[[-2.2414914e-01  6.3998538e-01 -7.3492106e-01  1.0123000e+02]
 [-5.5744600e-03  7.5328830e-01  6.5765658e-01  1.3778000e+02]
 [ 9.7450458e-01  1.5153206e-01 -1.6527300e-01 -1.1790200e+03]
 [ 0.0000000e+00  0.0000000e+00  0.0000000e+00  1.0000000e+00]]
[+0095.87, -0040.08, -1091.56]
991, 1542, 907
[[-2.2301770e-01  6.4066854e-01 -7.3433368e-01  1.0140000e+02]
 [-5.8133400e-03  7.5269622e-01  6.5825616e-01  1.3782000e+02]
 [ 9.7450928e-01  1.5125736e-01 -1.6406992e-01 -1.1790400e+03]
 [ 0.0000000e+00  0.0000000e+00  0.0000000e+00  1.0000000e+00]]
[+0134.37, -0018.93, -1082.24]
764, 1460, 1182
[[-2.2353172e-01  6.4045130e-01 -7.3438354e-01  1.0139000e+02]
 [-6.3871000e-03  7.5273500e-01  6.5821030e-01  1.3781000e+02]
 [ 9.7440046e-01  1.5199910e-01 -1.6410228e-01 -1.1790300e+03]
 [ 0.0000000e+00  0.0000000e+00  0.0000000e+00  1.0000000e+00]]
[+0103.93, -0058.21, -1092.45]
864, 1430, 979
[[-2.2283586e-01  6.4065106e-01 -7.3437508e-01  1.0138000e+02]
 [-6.1751800e-03  7.5267230e-01  6.5827364e-01  1.3780000e+02]
 [ 9.7452676e-01  1.5142172e-01 -1.6369060e-01 -1.1790600e+03]
 [ 0.0000000e+00  0.0000000e+00  0.0000000e+00  1.0000000e+00]]
[+0118.59, -0032.27, -1079.16]
764, 1460, 1182
[[-2.2319962e-01  6.4044882e-01 -7.3454922e-01  1.0137000e+02]
 [-5.7994200e-03  7.5289366e-01  6.5804838e-01  1.3782000e+02]
 [ 9.7452738e-01  1.5128322e-01 -1.6427572e-01 -1.1790300e+03]
 [ 0.0000000e+00  0.0000000e+00  0.0000000e+00  1.0000000e+00]]
[+0105.41, -0058.88, -1092.91]
1391, 1033, 1555
[[-2.2495594e-01  6.3993792e-01 -7.3453758e-01  1.0124000e+02]
 [-5.6464800e-03  7.5315376e-01  6.5776992e-01  1.3774000e+02]
 [ 9.7418382e-01  1.5222552e-01 -1.6577194e-01 -1.1790000e+03]
 [ 0.0000000e+00  0.0000000e+00  0.0000000e+00  1.0000000e+00]]
[+0027.92, +0010.81, -1104.09]
764, 1460, 1182
[[-2.2279642e-01  6.4072746e-01 -7.3430988e-01  1.0140000e+02]
 [-5.2871400e-03  7.5274382e-01  6.5819724e-01  1.3783000e+02]
 [ 9.7453308e-01  1.5073116e-01 -1.6424360e-01 -1.1790200e+03]
 [ 0.0000000e+00  0.0000000e+00  0.0000000e+00  1.0000000e+00]]
[+0106.12, -0057.61, -1092.18]
942, 1761, 1226
[[-2.2367428e-01  6.3977810e-01 -7.3490110e-01  1.0126000e+02]
 [-6.1259000e-03  7.5335100e-01  6.5750210e-01  1.3781000e+02]
 [ 9.7435010e-01  1.5175810e-01 -1.6451428e-01 -1.1790400e+03]
 [ 0.0000000e+00  0.0000000e+00  0.0000000e+00  1.0000000e+00]]
[+0127.57, -0048.03, -1099.32]
764, 1460, 1182
[[-2.2272516e-01  6.4082674e-01 -7.3430778e-01  1.0143000e+02]
 [-5.7658200e-03  7.5260940e-01  6.5836106e-01  1.3782000e+02]
 [ 9.7459406e-01  1.5104178e-01 -1.6386420e-01 -1.1790300e+03]
 [ 0.0000000e+00  0.0000000e+00  0.0000000e+00  1.0000000e+00]]
[+0104.74, -0057.09, -1091.82]
2057, 935, 1934
[[-2.2883842e-01  6.3812536e-01 -7.3490372e-01  1.0092000e+02]
 [-5.5549600e-03  7.5423936e-01  6.5652344e-01  1.3761000e+02]
 [ 9.7327108e-01  1.5443416e-01 -1.6901122e-01 -1.1790000e+03]
 [ 0.0000000e+00  0.0000000e+00  0.0000000e+00  1.0000000e+00]]
[+0020.49, +0045.99, -1156.31]
1906, 1071, 1817
[[-2.2491706e-01  6.3948470e-01 -7.3483950e-01  1.0120000e+02]
 [-5.3995000e-03  7.5357212e-01  6.5726922e-01  1.3771000e+02]
 [ 9.7411530e-01  1.5195822e-01 -1.6597818e-01 -1.1790000e+03]
 [ 0.0000000e+00  0.0000000e+00  0.0000000e+00  1.0000000e+00]]
[+0027.71, +0039.11, -1131.73]
2057, 935, 1934
[[-2.2814116e-01  6.3808846e-01 -7.3515394e-01  1.0092000e+02]
 [-5.6905400e-03  7.5434990e-01  6.5639558e-01  1.3759000e+02]
 [ 9.7343506e-01  1.5404758e-01 -1.6842450e-01 -1.1790200e+03]
 [ 0.0000000e+00  0.0000000e+00  0.0000000e+00  1.0000000e+00]]
[+0020.88, +0046.37, -1156.92]
1766, 775, 2121
[[-2.2707874e-01  6.3733810e-01 -7.3591126e-01  1.0095000e+02]
 [-7.3372600e-03  7.5484206e-01  6.5576350e-01  1.3749000e+02]
 [ 9.7350470e-01  1.5453074e-01 -1.6664884e-01 -1.1789700e+03]
 [ 0.0000000e+00  0.0000000e+00  0.0000000e+00  1.0000000e+00]]
[+0007.23, +0021.68, -1172.59]
2057, 935, 1934
[[-2.2733364e-01  6.3846614e-01 -7.3507954e-01  1.0104000e+02]
 [-5.0677400e-03  7.5422558e-01  6.5654422e-01  1.3762000e+02]
 [ 9.7362994e-01  1.5309142e-01 -1.6818322e-01 -1.1789900e+03]
 [ 0.0000000e+00  0.0000000e+00  0.0000000e+00  1.0000000e+00]]
[+0022.27, +0046.98, -1155.08]
2070, 1058, 2061
[[-2.2902130e-01  6.3708026e-01 -7.3559682e-01  1.0085000e+02]
 [-6.4777000e-03  7.5495260e-01  6.5565990e-01  1.3754000e+02]
 [ 9.7310430e-01  1.5511482e-01 -1.6870194e-01 -1.1790100e+03]
 [ 0.0000000e+00  0.0000000e+00  0.0000000e+00  1.0000000e+00]]
[+0022.06, +0035.71, -1150.60]
2057, 935, 1934
[[-2.2715088e-01  6.3830152e-01 -7.3517688e-01  1.0113000e+02]
 [-5.5759200e-03  7.5428784e-01  6.5644568e-01  1.3764000e+02]
 [ 9.7359272e-01  1.5337272e-01 -1.6771728e-01 -1.1788700e+03]
 [ 0.0000000e+00  0.0000000e+00  0.0000000e+00  1.0000000e+00]]
[+0022.02, +0047.85, -1156.36]
1398, 1543, 1275
[[-2.2341448e-01  6.3973168e-01 -7.3521516e-01  1.0137000e+02]
 [-5.1147200e-03  7.5364352e-01  6.5721936e-01  1.3780000e+02]
 [ 9.7456236e-01  1.5068784e-01 -1.6506696e-01 -1.1788100e+03]
 [ 0.0000000e+00  0.0000000e+00  0.0000000e+00  1.0000000e+00]]
[+0097.64, +0004.58, -1080.93]
1584, 1488, 1300
[[-2.2381764e-01  6.3948866e-01 -7.3510630e-01  1.0131000e+02]
 [-5.3705000e-03  7.5370646e-01  6.5710066e-01  1.3779000e+02]
 [ 9.7431934e-01  1.5120970e-01 -1.6518634e-01 -1.1788800e+03]
 [ 0.0000000e+00  0.0000000e+00  0.0000000e+00  1.0000000e+00]]
[+0088.24, +0025.92, -1085.04]
1398, 1543, 1275
[[-2.2363536e-01  6.3947100e-01 -7.3514780e-01  1.0134000e+02]
 [-5.7322000e-03  7.5368262e-01  6.5711832e-01  1.3780000e+02]
 [ 9.7433700e-01  1.5137432e-01 -1.6480698e-01 -1.1788900e+03]
 [ 0.0000000e+00  0.0000000e+00  0.0000000e+00  1.0000000e+00]]
[+0099.83, +0003.55, -1081.25]
1345, 1527, 1627
[[-2.2403860e-01  6.3895446e-01 -7.3564398e-01  1.0123000e+02]
 [-6.5928600e-03  7.5400462e-01  6.5677914e-01  1.3769000e+02]
 [ 9.7436718e-01  1.5211674e-01 -1.6466722e-01 -1.1790800e+03]
 [ 0.0000000e+00  0.0000000e+00  0.0000000e+00  1.0000000e+00]]
[+0069.81, -0022.84, -1093.00]
1398, 1543, 1275
[[-2.2429282e-01  6.3978738e-01 -7.3492474e-01  1.0126000e+02]
 [-4.6174200e-03  7.5355678e-01  6.5732826e-01  1.3778000e+02]
 [ 9.7438234e-01  1.5091014e-01 -1.6603204e-01 -1.1790200e+03]
 [ 0.0000000e+00  0.0000000e+00  0.0000000e+00  1.0000000e+00]]
[+0098.88, +0004.16, -1081.41]
1572, 2172, 1329
[[-2.2586794e-01  6.3849016e-01 -7.3557770e-01  1.0112000e+02]
 [-5.8168000e-03  7.5431196e-01  6.5645384e-01  1.3780000e+02]
 [ 9.7401766e-01  1.5262960e-01 -1.6663114e-01 -1.1790700e+03]
 [ 0.0000000e+00  0.0000000e+00  0.0000000e+00  1.0000000e+00]]
[+0143.41, -0004.87, -1107.21]
1398, 1543, 1275
[[-2.2444192e-01  6.3953424e-01 -7.3505728e-01  1.0128000e+02]
 [-5.9150400e-03  7.5354816e-01  6.5731824e-01  1.3776000e+02]
 [ 9.7430912e-01  1.5198096e-01 -1.6530592e-01 -1.1790300e+03]
 [ 0.0000000e+00  0.0000000e+00  0.0000000e+00  1.0000000e+00]]
[+0096.81, +0004.85, -1081.24]
1634, 856, 1051
[[-2.2470244e-01  6.4011038e-01 -7.3437598e-01  1.0132000e+02]
 [-6.2849800e-03  7.5290828e-01  6.5802502e-01  1.3773000e+02]
 [ 9.7417138e-01  1.5262742e-01 -1.6509972e-01 -1.1790500e+03]
 [ 0.0000000e+00  0.0000000e+00  0.0000000e+00  1.0000000e+00]]
[+0055.97, +0073.61, -1107.87]
2069, 829, 1078
[[-2.2601700e-01  6.3948030e-01 -7.3457230e-01  1.0122000e+02]
 [-5.4283000e-03  7.5343758e-01  6.5743818e-01  1.3771000e+02]
 [ 9.7391070e-01  1.5270682e-01 -1.6677042e-01 -1.1789900e+03]
 [ 0.0000000e+00  0.0000000e+00  0.0000000e+00  1.0000000e+00]]
[+0064.34, +0094.92, -1149.45]
1634, 856, 1051
[[-2.2407760e-01  6.4021132e-01 -7.3436956e-01  1.0134000e+02]
 [-5.5943600e-03  7.5298040e-01  6.5792408e-01  1.3772000e+02]
 [ 9.7423708e-01  1.5173944e-01 -1.6506696e-01 -1.1790000e+03]
 [ 0.0000000e+00  0.0000000e+00  0.0000000e+00  1.0000000e+00]]
[+0058.38, +0069.13, -1104.36]
1619, 764, 1187
[[-2.2470244e-01  6.4016576e-01 -7.3452236e-01  1.0134000e+02]
 [-6.3403600e-03  7.5290828e-01  6.5806832e-01  1.3772000e+02]
 [ 9.7431776e-01  1.5258412e-01 -1.6509972e-01 -1.1790000e+03]
 [ 0.0000000e+00  0.0000000e+00  0.0000000e+00  1.0000000e+00]]
[+0037.38, +0064.97, -1115.43]
1634, 856, 1051
[[-2.2411700e-01  6.4018992e-01 -7.3458156e-01  1.0134000e+02]
 [-6.5377200e-03  7.5290828e-01  6.5804416e-01  1.3775000e+02]
 [ 9.7437696e-01  1.5238676e-01 -1.6451428e-01 -1.1790400e+03]
 [ 0.0000000e+00  0.0000000e+00  0.0000000e+00  1.0000000e+00]]
[+0057.26, +0068.53, -1104.08]
1638, 1075, 1197
[[-2.2524880e-01  6.3968836e-01 -7.3476492e-01  1.0126000e+02]
 [-5.8960400e-03  7.5332696e-01  6.5759184e-01  1.3772000e+02]
 [ 9.7418988e-01  1.5251424e-01 -1.6589160e-01 -1.1790400e+03]
 [ 0.0000000e+00  0.0000000e+00  0.0000000e+00  1.0000000e+00]]
[+0062.88, +0052.20, -1094.74]
1634, 856, 1051
[[-2.2429896e-01  6.4029844e-01 -7.3433820e-01  1.0133000e+02]
 [-5.9742000e-03  7.5284574e-01  6.5810006e-01  1.3774000e+02]
 [ 9.7426844e-01  1.5214890e-01 -1.6498026e-01 -1.1790100e+03]
 [ 0.0000000e+00  0.0000000e+00  0.0000000e+00  1.0000000e+00]]
[+0055.76, +0070.40, -1106.06]
1269, 1068, 1491
[[-2.2418826e-01  6.3956058e-01 -7.3495096e-01  1.0129000e+02]
 [-6.6999400e-03  7.5338934e-01  6.5745648e-01  1.3773000e+02]
 [ 9.7424112e-01  1.5249976e-01 -1.6454736e-01 -1.1790700e+03]
 [ 0.0000000e+00  0.0000000e+00  0.0000000e+00  1.0000000e+00]]
[+0036.31, -0001.58, -1095.15]
1443, 1077, 1472
[[-2.2451370e-01  6.3981920e-01 -7.3474680e-01  1.0126000e+02]
 [-4.9420800e-03  7.5342264e-01  6.5746100e-01  1.3775000e+02]
 [ 9.7426744e-01  1.5136308e-01 -1.6594530e-01 -1.1789900e+03]
 [ 0.0000000e+00  0.0000000e+00  0.0000000e+00  1.0000000e+00]]
[+0039.81, +0020.24, -1096.15]
1269, 1068, 1491
[[-2.2462420e-01  6.3955192e-01 -7.3501564e-01  1.0125000e+02]
 [-5.5533200e-03  7.5357212e-01  6.5730056e-01  1.3768000e+02]
 [ 9.7429144e-01  1.5181636e-01 -1.6568532e-01 -1.1790100e+03]
 [ 0.0000000e+00  0.0000000e+00  0.0000000e+00  1.0000000e+00]]
[+0037.27, -0002.52, -1094.64]
1257, 1228, 1464
[[-2.2385640e-01  6.3964932e-01 -7.3491484e-01  1.0125000e+02]
 [-5.9105200e-03  7.5346158e-01  6.5736774e-01  1.3772000e+02]
 [ 9.7427724e-01  1.5171034e-01 -1.6480698e-01 -1.1790200e+03]
 [ 0.0000000e+00  0.0000000e+00  0.0000000e+00  1.0000000e+00]]
[+0054.61, -0008.04, -1087.19]
1269, 1068, 1491
[[-2.2466312e-01  6.3956604e-01 -7.3487964e-01  1.0128000e+02]
 [-6.2396400e-03  7.5341350e-01  6.5745102e-01  1.3774000e+02]
 [ 9.7419396e-01  1.5243378e-01 -1.6521938e-01 -1.1789900e+03]
 [ 0.0000000e+00  0.0000000e+00  0.0000000e+00  1.0000000e+00]]
[+0035.56, -0002.10, -1095.44]
1229, 999, 1088
[[-2.2403860e-01  6.4043472e-01 -7.3424896e-01  1.0136000e+02]
 [-4.5600000e-03  7.5296494e-01  6.5796378e-01  1.3776000e+02]
 [ 9.7429840e-01  1.5093210e-01 -1.6570690e-01 -1.1789800e+03]
 [ 0.0000000e+00  0.0000000e+00  0.0000000e+00  1.0000000e+00]]
[+0061.34, +0023.61, -1076.37]
1269, 1068, 1491
[[-2.2414914e-01  6.3978372e-01 -7.3482996e-01  1.0126000e+02]
 [-5.6655600e-03  7.5337496e-01  6.5749648e-01  1.3775000e+02]
 [ 9.7430292e-01  1.5169216e-01 -1.6518634e-01 -1.1790100e+03]
 [ 0.0000000e+00  0.0000000e+00  0.0000000e+00  1.0000000e+00]]
[+0035.71, -0002.29, -1095.30]
1094, 2050, 1717
[[-2.2476820e-01  6.3864090e-01 -7.3578950e-01  1.0115000e+02]
 [-5.6407800e-03  7.5435996e-01  6.5640150e-01  1.3776000e+02]
 [ 9.7427746e-01  1.5176478e-01 -1.6592500e-01 -1.1790100e+03]
 [ 0.0000000e+00  0.0000000e+00  0.0000000e+00  1.0000000e+00]]
[+0112.33, -0063.97, -1124.11]
945, 1448, 1452
[[-2.2367428e-01  6.4021712e-01 -7.3473520e-01  1.0135000e+02]
 [-5.6868800e-03  7.5309102e-01  6.5785250e-01  1.3778000e+02]
 [ 9.7451600e-01  1.5140770e-01 -1.6477426e-01 -1.1790000e+03]
 [ 0.0000000e+00  0.0000000e+00  0.0000000e+00  1.0000000e+00]]
[+0079.14, -0051.19, -1094.99]
1094, 2050, 1717
[[-2.2476820e-01  6.3849444e-01 -7.3584468e-01  1.0110000e+02]
 [-5.7872400e-03  7.5444638e-01  6.5628474e-01  1.3776000e+02]
 [ 9.7422228e-01  1.5188154e-01 -1.6583858e-01 -1.1790100e+03]
 [ 0.0000000e+00  0.0000000e+00  0.0000000e+00  1.0000000e+00]]
[+0111.99, -0063.87, -1124.16]
1031, 1891, 2113
[[-2.2443730e-01  6.3843708e-01 -7.3586404e-01  1.0112000e+02]
 [-5.1440400e-03  7.5460440e-01  6.5607888e-01  1.3771000e+02]
 [ 9.7420292e-01  1.5120864e-01 -1.6601146e-01 -1.1790100e+03]
 [ 0.0000000e+00  0.0000000e+00  0.0000000e+00  1.0000000e+00]]
[+0074.18, -0071.98, -1145.59]
1094, 2050, 1717
[[-2.2429282e-01  6.3911048e-01 -7.3534716e-01  1.0122000e+02]
 [-5.4047200e-03  7.5399008e-01  6.5678784e-01  1.3780000e+02]
 [ 9.7425276e-01  1.5145056e-01 -1.6559874e-01 -1.1790200e+03]
 [ 0.0000000e+00  0.0000000e+00  0.0000000e+00  1.0000000e+00]]
[+0113.97, -0060.97, -1122.37]
2217, 1747, 1773
[[-2.2612296e-01  6.3806100e-01 -7.3550092e-01  1.0104000e+02]
 [-5.2149200e-03  7.5464310e-01  6.5599506e-01  1.3771000e+02]
 [ 9.7368180e-01  1.5242990e-01 -1.6721730e-01 -1.1790400e+03]
 [ 0.0000000e+00  0.0000000e+00  0.0000000e+00  1.0000000e+00]]
[+0072.22, +0044.17, -1112.42]
1094, 2050, 1717
[[-2.2440324e-01  6.3922724e-01 -7.3530388e-01  1.0122000e+02]
 [-5.5214800e-03  7.5387966e-01  6.5693426e-01  1.3783000e+02]
 [ 9.7429604e-01  1.5159698e-01 -1.6559874e-01 -1.1790300e+03]
 [ 0.0000000e+00  0.0000000e+00  0.0000000e+00  1.0000000e+00]]
[+0113.30, -0062.64, -1123.38]
1826, 1617, 1527
[[-2.2627146e-01  6.3901522e-01 -7.3484408e-01  1.0113000e+02]
 [-5.0831800e-03  7.5385574e-01  6.5694928e-01  1.3778000e+02]
 [ 9.7381232e-01  1.5253768e-01 -1.6726996e-01 -1.1789900e+03]
 [ 0.0000000e+00  0.0000000e+00  0.0000000e+00  1.0000000e+00]]
[+0081.10, +0034.86, -1095.51]
1623, 1611, 1526
[[-2.2392810e-01  6.3945906e-01 -7.3511822e-01  1.0119000e+02]
 [-5.6336600e-03  7.5368262e-01  6.5713026e-01  1.3778000e+02]
 [ 9.7430742e-01  1.5147286e-01 -1.6509972e-01 -1.1790300e+03]
 [ 0.0000000e+00  0.0000000e+00  0.0000000e+00  1.0000000e+00]]
[+0081.17, +0009.63, -1088.84]
1826, 1617, 1527
[[-2.2594020e-01  6.3910504e-01 -7.3480832e-01  1.0112000e+02]
 [-4.2937600e-03  7.5392726e-01  6.5685946e-01  1.3777000e+02]
 [ 9.7384808e-01  1.5174826e-01 -1.6752970e-01 -1.1789900e+03]
 [ 0.0000000e+00  0.0000000e+00  0.0000000e+00  1.0000000e+00]]
[+0081.00, +0034.03, -1095.37]
1838, 1116, 1527
[[-2.2590642e-01  6.3921718e-01 -7.3467086e-01  1.0116000e+02]
 [-5.4581800e-03  7.5363470e-01  6.5717506e-01  1.3774000e+02]
 [ 9.7381214e-01  1.5267694e-01 -1.6668388e-01 -1.1790000e+03]
 [ 0.0000000e+00  0.0000000e+00  0.0000000e+00  1.0000000e+00]]
[+0043.11, +0053.65, -1115.35]
1826, 1617, 1527
[[-2.2579588e-01  6.3921108e-01 -7.3500712e-01  1.0113000e+02]
 [-5.4520800e-03  7.5374524e-01  6.5711508e-01  1.3777000e+02]
 [ 9.7406188e-01  1.5244392e-01 -1.6668388e-01 -1.1790200e+03]
 [ 0.0000000e+00  0.0000000e+00  0.0000000e+00  1.0000000e+00]]
[+0081.81, +0033.12, -1095.03]
1824, 1617, 1987
[[-2.2605058e-01  6.3845280e-01 -7.3538928e-01  1.0104000e+02]
 [-5.4000000e-03  7.5433600e-01  6.5639280e-01  1.3771000e+02]
 [ 9.7385328e-01  1.5250800e-01 -1.6701058e-01 -1.1790000e+03]
 [ 0.0000000e+00  0.0000000e+00  0.0000000e+00  1.0000000e+00]]
[+0045.16, +0005.57, -1112.61]
1826, 1617, 1527
[[-2.2568538e-01  6.3903918e-01 -7.3490388e-01  1.0115000e+02]
 [-5.2801800e-03  7.5385574e-01  6.5692532e-01  1.3777000e+02]
 [ 9.7387212e-01  1.5234068e-01 -1.6668388e-01 -1.1790000e+03]
 [ 0.0000000e+00  0.0000000e+00  0.0000000e+00  1.0000000e+00]]
[+0082.31, +0033.49, -1094.99]
1510, 2242, 1238
[[-2.2454756e-01  6.3879162e-01 -7.3556406e-01  1.0110000e+02]
 [-4.9127400e-03  7.5432110e-01  6.5641558e-01  1.3787000e+02]
 [ 9.7420998e-01  1.5116486e-01 -1.6618450e-01 -1.1790200e+03]
 [ 0.0000000e+00  0.0000000e+00  0.0000000e+00  1.0000000e+00]]
[+0153.83, -0008.70, -1115.97]
1662, 1072, 1459
[[-2.2444192e-01  6.3977176e-01 -7.3480032e-01  1.0121000e+02]
 [-5.5669600e-03  7.5337496e-01  6.5750844e-01  1.3775000e+02]
 [ 9.7427328e-01  1.5179076e-01 -1.6547912e-01 -1.1790400e+03]
 [ 0.0000000e+00  0.0000000e+00  0.0000000e+00  1.0000000e+00]]
[+0040.96, +0041.27, -1105.50]
1510, 2242, 1238
[[-2.2487858e-01  6.3870246e-01 -7.3559982e-01  1.0110000e+02]
 [-5.7023400e-03  7.5424958e-01  6.5650474e-01  1.3786000e+02]
 [ 9.7417422e-01  1.5195446e-01 -1.6592500e-01 -1.1790600e+03]
 [ 0.0000000e+00  0.0000000e+00  0.0000000e+00  1.0000000e+00]]
[+0153.77, -0009.32, -1115.77]
1618, 2235, 1129
[[-2.2535412e-01  6.3879962e-01 -7.3532666e-01  1.0110000e+02]
 [-5.0406200e-03  7.5418700e-01  6.5657234e-01  1.3787000e+02]
 [ 9.7403534e-01  1.5181466e-01 -1.6668388e-01 -1.1790400e+03]
 [ 0.0000000e+00  0.0000000e+00  0.0000000e+00  1.0000000e+00]]
[+0158.38, +0004.72, -1118.71]
1510, 2242, 1238
[[-2.2454756e-01  6.3893808e-01 -7.3550892e-01  1.0110000e+02]
 [-4.7662800e-03  7.5423452e-01  6.5653232e-01  1.3786000e+02]
 [ 9.7426512e-01  1.5104812e-01 -1.6627108e-01 -1.1790300e+03]
 [ 0.0000000e+00  0.0000000e+00  0.0000000e+00  1.0000000e+00]]
[+0153.32, -0009.62, -1115.96]
1115, 2117, 850
[[-2.2374586e-01  6.4050180e-01 -7.3442496e-01  1.0134000e+02]
 [-4.7139600e-03  7.5296494e-01  6.5799540e-01  1.3785000e+02]
 [ 9.7447440e-01  1.5078996e-01 -1.6541416e-01 -1.1790000e+03]
 [ 0.0000000e+00  0.0000000e+00  0.0000000e+00  1.0000000e+00]]
[+0169.69, -0016.51, -1124.02]
1510, 2242, 1238
[[-2.2495080e-01  6.3865868e-01 -7.3574784e-01  1.0107000e+02]
 [-5.2791600e-03  7.5438384e-01  6.5638372e-01  1.3786000e+02]
 [ 9.7425968e-01  1.5159996e-01 -1.6630440e-01 -1.1790800e+03]
 [ 0.0000000e+00  0.0000000e+00  0.0000000e+00  1.0000000e+00]]
[+0153.31, -0007.83, -1115.72]
1513, 2105, 1863
[[-2.2586794e-01  6.3858146e-01 -7.3537596e-01  1.0106000e+02]
 [-5.6150600e-03  7.5422558e-01  6.5652732e-01  1.3776000e+02]
 [ 9.7392636e-01  1.5255612e-01 -1.6671752e-01 -1.1790000e+03]
 [ 0.0000000e+00  0.0000000e+00  0.0000000e+00  1.0000000e+00]]
[+0094.04, -0034.00, -1107.77]
1066, 1233, 1898
[[-2.2385640e-01  6.3955824e-01 -7.3511648e-01  1.0119000e+02]
 [-6.1121600e-03  7.5354816e-01  6.5729424e-01  1.3772000e+02]
 [ 9.7436832e-01  1.5178384e-01 -1.6472040e-01 -1.1790300e+03]
 [ 0.0000000e+00  0.0000000e+00  0.0000000e+00  1.0000000e+00]]
[+0030.86, -0049.76, -1130.32]
1513, 2105, 1863
[[-2.2605058e-01  6.3845280e-01 -7.3538928e-01  1.0106000e+02]
 [-5.4000000e-03  7.5433600e-01  6.5639280e-01  1.3779000e+02]
 [ 9.7385328e-01  1.5250800e-01 -1.6701058e-01 -1.1790300e+03]
 [ 0.0000000e+00  0.0000000e+00  0.0000000e+00  1.0000000e+00]]
[+0101.10, -0035.70, -1108.29]
1520, 2081, 1375
[[-2.2586794e-01  6.3920362e-01 -7.3480682e-01  1.0114000e+02]
 [-4.7720200e-03  7.5379308e-01  6.5702402e-01  1.3782000e+02]
 [ 9.7390942e-01  1.5205942e-01 -1.6715002e-01 -1.1790100e+03]
 [ 0.0000000e+00  0.0000000e+00  0.0000000e+00  1.0000000e+00]]
[+0135.05, -0008.13, -1101.37]
1513, 2105, 1863
[[-2.2579588e-01  6.3824084e-01 -7.3554044e-01  1.0103000e+02]
 [-6.5328400e-03  7.5434990e-01  6.5634158e-01  1.3778000e+02]
 [ 9.7382156e-01  1.5321742e-01 -1.6607922e-01 -1.1790400e+03]
 [ 0.0000000e+00  0.0000000e+00  0.0000000e+00  1.0000000e+00]]
[+0099.32, -0035.99, -1108.43]
1904, 1905, 1878
[[-2.2681962e-01  6.3830022e-01 -7.3534260e-01  1.0100000e+02]
 [-4.9882200e-03  7.5444638e-01  6.5628220e-01  1.3773000e+02]
 [ 9.7372020e-01  1.5265660e-01 -1.6789000e-01 -1.1790300e+03]
 [ 0.0000000e+00  0.0000000e+00  0.0000000e+00  1.0000000e+00]]
[+0073.05, +0007.73, -1102.87]
1513, 2105, 1863
[[-2.2465786e-01  6.3876190e-01 -7.3557594e-01  1.0110000e+02]
 [-5.1759400e-03  7.5429734e-01  6.5644530e-01  1.3780000e+02]
 [ 9.7419810e-01  1.5142806e-01 -1.6609796e-01 -1.1790200e+03]
 [ 0.0000000e+00  0.0000000e+00  0.0000000e+00  1.0000000e+00]]
[+0099.85, -0039.10, -1109.69]
2027, 1738, 1904
[[-2.2704042e-01  6.3824018e-01 -7.3536664e-01  1.0098000e+02]
 [-5.5145800e-03  7.5439830e-01  6.5634224e-01  1.3771000e+02]
 [ 9.7369616e-01  1.5318296e-01 -1.6771728e-01 -1.1790200e+03]
 [ 0.0000000e+00  0.0000000e+00  0.0000000e+00  1.0000000e+00]]
[+0059.38, +0024.42, -1109.25]
938, 1924, 1099
[[-2.2264692e-01  6.4044992e-01 -7.3454524e-01  1.0134000e+02]
 [-4.6301200e-03  7.5309900e-01  6.5778416e-01  1.3786000e+02]
 [ 9.7453136e-01  1.5008444e-01 -1.6462308e-01 -1.1790000e+03]
 [ 0.0000000e+00  0.0000000e+00  0.0000000e+00  1.0000000e+00]]
[+0148.95, -0044.12, -1110.65]
2027, 1738, 1904
[[-2.2700250e-01  6.3817168e-01 -7.3535576e-01  1.0095000e+02]
 [-4.7732800e-03  7.5455672e-01  6.5614756e-01  1.3770000e+02]
 [ 9.7364696e-01  1.5260836e-01 -1.6818322e-01 -1.1790000e+03]
 [ 0.0000000e+00  0.0000000e+00  0.0000000e+00  1.0000000e+00]]
[+0059.88, +0024.13, -1109.01]
1914, 2125, 2146
[[-2.2630580e-01  6.3774954e-01 -7.3591758e-01  1.0094000e+02]
 [-5.4034200e-03  7.5492604e-01  6.5571354e-01  1.3773000e+02]
 [ 9.7379154e-01  1.5252858e-01 -1.6733780e-01 -1.1790100e+03]
 [ 0.0000000e+00  0.0000000e+00  0.0000000e+00  1.0000000e+00]]
[+0077.29, -0017.05, -1111.88]
2027, 1738, 1904
[[-2.2623330e-01  6.3870868e-01 -7.3509046e-01  1.0106000e+02]
 [-4.6901200e-03  7.5418700e-01  6.5656484e-01  1.3776000e+02]
 [ 9.7379914e-01  1.5215324e-01 -1.6756306e-01 -1.1790100e+03]
 [ 0.0000000e+00  0.0000000e+00  0.0000000e+00  1.0000000e+00]]
[+0062.79, +0027.65, -1108.64]
1739, 1452, 2226
[[-2.2586794e-01  6.3828842e-01 -7.3548640e-01  1.0101000e+02]
 [-5.9081000e-03  7.5439830e-01  6.5629400e-01  1.3767000e+02]
 [ 9.7381592e-01  1.5278944e-01 -1.6654480e-01 -1.1790100e+03]
 [ 0.0000000e+00  0.0000000e+00  0.0000000e+00  1.0000000e+00]]
[+0025.56, -0010.25, -1136.08]
2027, 1738, 1904
[[-2.2674724e-01  6.3863676e-01 -7.3508440e-01  1.0104000e+02]
 [-5.1180000e-03  7.5413916e-01  6.5663676e-01  1.3775000e+02]
 [ 9.7374524e-01  1.5277800e-01 -1.6768324e-01 -1.1790200e+03]
 [ 0.0000000e+00  0.0000000e+00  0.0000000e+00  1.0000000e+00]]
[+0065.72, +0026.35, -1107.17]
1556, 1444, 1712
[[-2.2444192e-01  6.3953424e-01 -7.3505728e-01  1.0119000e+02]
 [-5.9150400e-03  7.5354816e-01  6.5731824e-01  1.3775000e+02]
 [ 9.7430912e-01  1.5198096e-01 -1.6530592e-01 -1.1790300e+03]
 [ 0.0000000e+00  0.0000000e+00  0.0000000e+00  1.0000000e+00]]
[+0053.43, -0001.78, -1097.66]
1866, 1542, 765
[[-2.2520996e-01  6.3994806e-01 -7.3429578e-01  1.0124000e+02]
 [-4.6045800e-03  7.5322540e-01  6.5766114e-01  1.3782000e+02]
 [ 9.7401366e-01  1.5167682e-01 -1.6661780e-01 -1.1789900e+03]
 [ 0.0000000e+00  0.0000000e+00  0.0000000e+00  1.0000000e+00]]
[+0138.79, +0071.35, -1120.09]
1556, 1444, 1712
[[-2.2484532e-01  6.3934614e-01 -7.3509494e-01  1.0120000e+02]
 [-6.2260600e-03  7.5361062e-01  6.5724318e-01  1.3778000e+02]
 [ 9.7421214e-01  1.5245942e-01 -1.6542570e-01 -1.1790500e+03]
 [ 0.0000000e+00  0.0000000e+00  0.0000000e+00  1.0000000e+00]]
[+0052.02, -0002.25, -1098.56]
1392, 1515, 1665
[[-2.2385640e-01  6.3964932e-01 -7.3491484e-01  1.0121000e+02]
 [-5.9105200e-03  7.5346158e-01  6.5736774e-01  1.3777000e+02]
 [ 9.7427724e-01  1.5171034e-01 -1.6480698e-01 -1.1790400e+03]
 [ 0.0000000e+00  0.0000000e+00  0.0000000e+00  1.0000000e+00]]
[+0063.76, -0017.01, -1094.00]
1556, 1444, 1712
[[-2.2444192e-01  6.3938784e-01 -7.3511256e-01  1.0117000e+02]
 [-6.0614400e-03  7.5363470e-01  6.5720148e-01  1.3775000e+02]
 [ 9.7425384e-01  1.5209772e-01 -1.6521938e-01 -1.1790400e+03]
 [ 0.0000000e+00  0.0000000e+00  0.0000000e+00  1.0000000e+00]]
[+0051.38, +0000.78, -1098.56]
1733, 1922, 1820
[[-2.2571956e-01  6.3883558e-01 -7.3524318e-01  1.0106000e+02]
 [-4.3173800e-03  7.5423452e-01  6.5653638e-01  1.3778000e+02]
 [ 9.7399938e-01  1.5148518e-01 -1.6744308e-01 -1.1789800e+03]
 [ 0.0000000e+00  0.0000000e+00  0.0000000e+00  1.0000000e+00]]
[+0083.86, -0006.83, -1098.92]
1556, 1444, 1712
[[-2.2392810e-01  6.3960544e-01 -7.3506298e-01  1.0119000e+02]
 [-5.4872800e-03  7.5359600e-01  6.5724704e-01  1.3777000e+02]
 [ 9.7436266e-01  1.5135608e-01 -1.6518634e-01 -1.1790400e+03]
 [ 0.0000000e+00  0.0000000e+00  0.0000000e+00  1.0000000e+00]]
[+0052.98, +0000.14, -1097.72]
1929, 1305, 1218
[[-2.2616100e-01  6.3972264e-01 -7.3440948e-01  1.0118000e+02]
 [-4.0321200e-03  7.5344636e-01  6.5745896e-01  1.3777000e+02]
 [ 9.7395384e-01  1.5173492e-01 -1.6778980e-01 -1.1789800e+03]
 [ 0.0000000e+00  0.0000000e+00  0.0000000e+00  1.0000000e+00]]
[+0082.26, +0069.86, -1109.23]
1547, 1101, 1138
[[-2.2367428e-01  6.4010652e-01 -7.3444252e-01  1.0129000e+02]
 [-5.5762800e-03  7.5309102e-01  6.5776578e-01  1.3775000e+02]
 [ 9.7422332e-01  1.5149442e-01 -1.6477426e-01 -1.1790100e+03]
 [ 0.0000000e+00  0.0000000e+00  0.0000000e+00  1.0000000e+00]]
[+0068.52, +0047.34, -1088.34]
1929, 1305, 1218
[[-2.2590642e-01  6.3921718e-01 -7.3467086e-01  1.0115000e+02]
 [-5.4581800e-03  7.5363470e-01  6.5717506e-01  1.3775000e+02]
 [ 9.7381214e-01  1.5267694e-01 -1.6668388e-01 -1.1790100e+03]
 [ 0.0000000e+00  0.0000000e+00  0.0000000e+00  1.0000000e+00]]
[+0083.45, +0069.25, -1108.61]
1840, 1393, 1416
[[-2.2532050e-01  6.3929650e-01 -7.3487700e-01  1.0115000e+02]
 [-5.7105400e-03  7.5363470e-01  6.5719428e-01  1.3775000e+02]
 [ 9.7401828e-01  1.5243660e-01 -1.6609796e-01 -1.1790300e+03]
 [ 0.0000000e+00  0.0000000e+00  0.0000000e+00  1.0000000e+00]]
[+0070.89, +0044.69, -1098.10]
1929, 1305, 1218
[[-2.2583464e-01  6.3946248e-01 -7.3461420e-01  1.0118000e+02]
 [-5.7900000e-03  7.5341350e-01  6.5745600e-01  1.3777000e+02]
 [ 9.7392852e-01  1.5287136e-01 -1.6639090e-01 -1.1790400e+03]
 [ 0.0000000e+00  0.0000000e+00  0.0000000e+00  1.0000000e+00]]
[+0082.39, +0069.13, -1108.67]
1821, 1571, 1051
[[-2.2502760e-01  6.3969256e-01 -7.3459448e-01  1.0122000e+02]
 [-5.3144800e-03  7.5337496e-01  6.5748904e-01  1.3781000e+02]
 [ 9.7406744e-01  1.5203128e-01 -1.6606480e-01 -1.1790000e+03]
 [ 0.0000000e+00  0.0000000e+00  0.0000000e+00  1.0000000e+00]]
[+0117.37, +0053.71, -1099.80]
1929, 1305, 1218
[[-2.2572402e-01  6.3934584e-01 -7.3465746e-01  1.0116000e+02]
 [-5.6733600e-03  7.5352412e-01  6.5730952e-01  1.3776000e+02]
 [ 9.7388526e-01  1.5272488e-01 -1.6639090e-01 -1.1790300e+03]
 [ 0.0000000e+00  0.0000000e+00  0.0000000e+00  1.0000000e+00]]
[+0082.29, +0069.40, -1109.01]
2023, 1455, 1692
[[-2.2685770e-01  6.3875334e-01 -7.3504118e-01  1.0106000e+02]
 [-5.2345800e-03  7.5402870e-01  6.5678334e-01  1.3773000e+02]
 [ 9.7378846e-01  1.5292458e-01 -1.6768324e-01 -1.1790100e+03]
 [ 0.0000000e+00  0.0000000e+00  0.0000000e+00  1.0000000e+00]]
[+0056.03, +0045.48, -1112.42]
2037, 1409, 1515
[[-2.2656456e-01  6.3900324e-01 -7.3481412e-01  1.0109000e+02]
 [-4.9846800e-03  7.5385574e-01  6.5696126e-01  1.3775000e+02]
 [ 9.7378236e-01  1.5263618e-01 -1.6756306e-01 -1.1790100e+03]
 [ 0.0000000e+00  0.0000000e+00  0.0000000e+00  1.0000000e+00]]
[+0069.17, +0060.09, -1112.32]
2023, 1455, 1692
[[-2.2645410e-01  6.3879532e-01 -7.3505916e-01  1.0108000e+02]
 [-5.0698800e-03  7.5405270e-01  6.5674136e-01  1.3771000e+02]
 [ 9.7383044e-01  1.5256296e-01 -1.6747656e-01 -1.1789800e+03]
 [ 0.0000000e+00  0.0000000e+00  0.0000000e+00  1.0000000e+00]]
[+0056.30, +0046.87, -1113.33]
2184, 1968, 1572
[[-2.2744410e-01  6.3814282e-01 -7.3520206e-01  1.0104000e+02]
 [-5.6241400e-03  7.5437414e-01  6.5634122e-01  1.3781000e+02]
 [ 9.7350742e-01  1.5358766e-01 -1.6792420e-01 -1.1790300e+03]
 [ 0.0000000e+00  0.0000000e+00  0.0000000e+00  1.0000000e+00]]
[+0106.38, +0041.66, -1107.79]
2023, 1455, 1692
[[-2.2561344e-01  6.3937568e-01 -7.3464544e-01  1.0116000e+02]
 [-5.4102400e-03  7.5354816e-01  6.5727968e-01  1.3784000e+02]
 [ 9.7389728e-01  1.5246176e-01 -1.6647744e-01 -1.1790100e+03]
 [ 0.0000000e+00  0.0000000e+00  0.0000000e+00  1.0000000e+00]]
[+0055.08, +0041.61, -1112.11]
2215, 1401, 1722
[[-2.2733364e-01  6.3841092e-01 -7.3493292e-01  1.0101000e+02]
 [-5.0125200e-03  7.5422558e-01  6.5650102e-01  1.3767000e+02]
 [ 9.7348332e-01  1.5313462e-01 -1.6818322e-01 -1.1790100e+03]
 [ 0.0000000e+00  0.0000000e+00  0.0000000e+00  1.0000000e+00]]
[+0053.32, +0056.41, -1126.01]
2023, 1455, 1692
[[-2.2520996e-01  6.3932628e-01 -7.3486500e-01  1.0117000e+02]
 [-5.4474000e-03  7.5365870e-01  6.5716450e-01  1.3777000e+02]
 [ 9.7403028e-01  1.5217346e-01 -1.6618450e-01 -1.1790000e+03]
 [ 0.0000000e+00  0.0000000e+00  0.0000000e+00  1.0000000e+00]]
[+0058.27, +0039.68, -1109.67]
1703, 826, 1531
[[-2.2455250e-01  6.4012600e-01 -7.3450000e-01  1.0130000e+02]
 [-5.3356000e-03  7.5309102e-01  6.5784496e-01  1.3774000e+02]
 [ 9.7428080e-01  1.5174704e-01 -1.6565248e-01 -1.1789900e+03]
 [ 0.0000000e+00  0.0000000e+00  0.0000000e+00  1.0000000e+00]]
[+0022.73, +0048.58, -1128.63]
1627, 1075, 2154
[[-2.2568538e-01  6.3861890e-01 -7.3556434e-01  1.0106000e+02]
 [-6.0319000e-03  7.5420150e-01  6.5658830e-01  1.3764000e+02]
 [ 9.7409066e-01  1.5267770e-01 -1.6633812e-01 -1.1790000e+03]
 [ 0.0000000e+00  0.0000000e+00  0.0000000e+00  1.0000000e+00]]
[+0011.08, -0002.21, -1151.44]
1703, 826, 1531
[[-2.2543108e-01  6.4003488e-01 -7.3426432e-01  1.0126000e+02]
 [-4.9843200e-03  7.5309102e-01  6.5783742e-01  1.3772000e+02]
 [ 9.7404512e-01  1.5208638e-01 -1.6653106e-01 -1.1789700e+03]
 [ 0.0000000e+00  0.0000000e+00  0.0000000e+00  1.0000000e+00]]
[+0022.39, +0050.43, -1129.71]
1666, 1886, 1103
[[-2.2469610e-01  6.3945296e-01 -7.3501732e-01  1.0118000e+02]
 [-5.0748800e-03  7.5370646e-01  6.5713636e-01  1.3778000e+02]
 [ 9.7423036e-01  1.5150532e-01 -1.6606480e-01 -1.1790100e+03]
 [ 0.0000000e+00  0.0000000e+00  0.0000000e+00  1.0000000e+00]]
[+0139.44, +0023.62, -1099.40]
1703, 826, 1531
[[-2.2554170e-01  6.3991392e-01 -7.3447806e-01  1.0122000e+02]
 [-5.4492000e-03  7.5315376e-01  6.5779392e-01  1.3772000e+02]
 [ 9.7412430e-01  1.5242280e-01 -1.6635770e-01 -1.1789900e+03]
 [ 0.0000000e+00  0.0000000e+00  0.0000000e+00  1.0000000e+00]]
[+0020.72, +0049.60, -1131.17]
996, 775, 1466
[[-2.2294660e-01  6.4091416e-01 -7.3427632e-01  1.0141000e+02]
 [-6.1457600e-03  7.5247478e-01  6.5853674e-01  1.3774000e+02]
 [ 9.7462552e-01  1.5145114e-01 -1.6377738e-01 -1.1790200e+03]
 [ 0.0000000e+00  0.0000000e+00  0.0000000e+00  1.0000000e+00]]
[+0013.81, -0014.28, -1108.37]
1703, 826, 1531
[[-2.2535946e-01  6.3984082e-01 -7.3437342e-01  1.0121000e+02]
 [-5.7556200e-03  7.5312972e-01  6.5776838e-01  1.3774000e+02]
 [ 9.7399562e-01  1.5263058e-01 -1.6597818e-01 -1.1790200e+03]
 [ 0.0000000e+00  0.0000000e+00  0.0000000e+00  1.0000000e+00]]
[+0021.11, +0050.17, -1130.94]
1859, 857, 1216
[[-2.2605600e-01  6.3993336e-01 -7.3427048e-01  1.0124000e+02]
 [-5.6749600e-03  7.5301902e-01  6.5793894e-01  1.3772000e+02]
 [ 9.7397928e-01  1.5297434e-01 -1.6656402e-01 -1.1790000e+03]
 [ 0.0000000e+00  0.0000000e+00  0.0000000e+00  1.0000000e+00]]
[+0049.21, +0079.10, -1128.37]
1780, 750, 1393
[[-2.2477378e-01  6.4015770e-01 -7.3432222e-01  1.0126000e+02]
 [-5.6601000e-03  7.5295644e-01  6.5797770e-01  1.3772000e+02]
 [ 9.7416578e-01  1.5219990e-01 -1.6556578e-01 -1.1789800e+03]
 [ 0.0000000e+00  0.0000000e+00  0.0000000e+00  1.0000000e+00]]
[+0027.31, +0065.64, -1136.90]
1859, 857, 1216
[[-2.2576306e-01  6.3994542e-01 -7.3430032e-01  1.0124000e+02]
 [-5.7736200e-03  7.5301902e-01  6.5792688e-01  1.3772000e+02]
 [ 9.7400912e-01  1.5287568e-01 -1.6627108e-01 -1.1790100e+03]
 [ 0.0000000e+00  0.0000000e+00  0.0000000e+00  1.0000000e+00]]
[+0049.13, +0078.72, -1127.96]
1732, 779, 1113
[[-2.2517730e-01  6.4035344e-01 -7.3404738e-01  1.0135000e+02]
 [-5.4763200e-03  7.5275904e-01  6.5820944e-01  1.3774000e+02]
 [ 9.7408834e-01  1.5237168e-01 -1.6594530e-01 -1.1790000e+03]
 [ 0.0000000e+00  0.0000000e+00  0.0000000e+00  1.0000000e+00]]
[+0047.09, +0076.27, -1121.24]
1859, 857, 1216
[[-2.2528804e-01  6.3964696e-01 -7.3448272e-01  1.0121000e+02]
 [-6.5268800e-03  7.5316790e-01  6.5769914e-01  1.3771000e+02]
 [ 9.7394584e-01  1.5317482e-01 -1.6542570e-01 -1.1790200e+03]
 [ 0.0000000e+00  0.0000000e+00  0.0000000e+00  1.0000000e+00]]
[+0048.93, +0079.15, -1128.51]
1187, 1690, 1417
[[-2.2425972e-01  6.3960772e-01 -7.3489724e-01  1.0125000e+02]
 [-6.0750800e-03  7.5343758e-01  6.5740934e-01  1.3777000e+02]
 [ 9.7423564e-01  1.5207206e-01 -1.6501314e-01 -1.1790300e+03]
 [ 0.0000000e+00  0.0000000e+00  0.0000000e+00  1.0000000e+00]]
[+0100.87, -0032.84, -1089.84]
1859, 857, 1216
[[-2.2524880e-01  6.4001704e-01 -7.3430608e-01  1.0128000e+02]
 [-5.3460800e-03  7.5306710e-01  6.5785526e-01  1.3776000e+02]
 [ 9.7406296e-01  1.5225082e-01 -1.6615146e-01 -1.1790100e+03]
 [ 0.0000000e+00  0.0000000e+00  0.0000000e+00  1.0000000e+00]]
[+0048.36, +0079.91, -1129.37]
1270, 2123, 1851
[[-2.2517152e-01  6.3839752e-01 -7.3568048e-01  1.0107000e+02]
 [-5.8968800e-03  7.5442238e-01  6.5628328e-01  1.3777000e+02]
 [ 9.7403408e-01  1.5228632e-01 -1.6604514e-01 -1.1790400e+03]
 [ 0.0000000e+00  0.0000000e+00  0.0000000e+00  1.0000000e+00]]
[+0105.57, -0056.64, -1121.41]
1499, 1804, 2155
[[-2.2623330e-01  6.3847074e-01 -7.3534738e-01  1.0103000e+02]
 [-5.0384200e-03  7.5435996e-01  6.5637486e-01  1.3773000e+02]
 [ 9.7383534e-01  1.5234322e-01 -1.6739010e-01 -1.1790300e+03]
 [ 0.0000000e+00  0.0000000e+00  0.0000000e+00  1.0000000e+00]]
[+0052.47, -0038.13, -1123.46]
1270, 2123, 1851
[[-2.2462420e-01  6.3887508e-01 -7.3543836e-01  1.0114000e+02]
 [-6.3406800e-03  7.5400462e-01  6.5676006e-01  1.3778000e+02]
 [ 9.7416156e-01  1.5235686e-01 -1.6525282e-01 -1.1790700e+03]
 [ 0.0000000e+00  0.0000000e+00  0.0000000e+00  1.0000000e+00]]
[+0108.78, -0054.53, -1120.13]
799, 1871, 1941
[[-2.2305000e-01  6.3964120e-01 -7.3515160e-01  1.0126000e+02]
 [-5.7829600e-03  7.5359600e-01  6.5721128e-01  1.3780000e+02]
 [ 9.7445128e-01  1.5106040e-01 -1.6430824e-01 -1.1790300e+03]
 [ 0.0000000e+00  0.0000000e+00  0.0000000e+00  1.0000000e+00]]
[+0089.17, -0081.32, -1150.97]
1270, 2123, 1851
[[-2.2388962e-01  6.3915202e-01 -7.3536490e-01  1.0116000e+02]
 [-5.2400200e-03  7.5401388e-01  6.5674630e-01  1.3785000e+02]
 [ 9.7429430e-01  1.5108890e-01 -1.6539250e-01 -1.1790600e+03]
 [ 0.0000000e+00  0.0000000e+00  0.0000000e+00  1.0000000e+00]]
[+0108.21, -0053.40, -1119.93]
1465, 1452, 1001
[[-2.2425972e-01  6.4022902e-01 -7.3432798e-01  1.0128000e+02]
 [-5.2325800e-03  7.5300428e-01  6.5790638e-01  1.3781000e+02]
 [ 9.7421938e-01  1.5157502e-01 -1.6544644e-01 -1.1790200e+03]
 [ 0.0000000e+00  0.0000000e+00  0.0000000e+00  1.0000000e+00]]
[+0112.94, +0034.76, -1082.87]
1270, 2123, 1851
[[-2.2506114e-01  6.3848246e-01 -7.3581496e-01  1.0105000e+02]
 [-5.6888600e-03  7.5444638e-01  6.5629672e-01  1.3777000e+02]
 [ 9.7419256e-01  1.5197992e-01 -1.6613152e-01 -1.1790400e+03]
 [ 0.0000000e+00  0.0000000e+00  0.0000000e+00  1.0000000e+00]]
[+0105.32, -0056.99, -1121.72]
861, 1175, 1475
[[-2.2268584e-01  6.4066592e-01 -7.3449960e-01  1.0139000e+02]
 [-5.2256000e-03  7.5285440e-01  6.5809440e-01  1.3780000e+02]
 [ 9.7463592e-01  1.5054144e-01 -1.6424360e-01 -1.1790400e+03]
 [ 0.0000000e+00  0.0000000e+00  0.0000000e+00  1.0000000e+00]]
[+0053.53, -0051.93, -1099.55]
911, 923, 1499
[[-2.2312840e-01  6.4040188e-01 -7.3460264e-01  1.0137000e+02]
 [-6.4243600e-03  7.5284574e-01  6.5809532e-01  1.3775000e+02]
 [ 9.7453288e-01  1.5171076e-01 -1.6380970e-01 -1.1790300e+03]
 [ 0.0000000e+00  0.0000000e+00  0.0000000e+00  1.0000000e+00]]
[+0025.07, -0033.50, -1105.55]
861, 1175, 1475
[[-2.2342098e-01  6.4038986e-01 -7.3457318e-01  1.0139000e+02]
 [-6.3256600e-03  7.5284574e-01  6.5810734e-01  1.3778000e+02]
 [ 9.7450342e-01  1.5180946e-01 -1.6410228e-01 -1.1790300e+03]
 [ 0.0000000e+00  0.0000000e+00  0.0000000e+00  1.0000000e+00]]
[+0054.88, -0051.99, -1098.72]
971, 1148, 977
[[-2.2349224e-01  6.4082052e-01 -7.3420744e-01  1.0138000e+02]
 [-5.2064400e-03  7.5263320e-01  6.5836728e-01  1.3779000e+02]
 [ 9.7451752e-01  1.5107496e-01 -1.6482880e-01 -1.1789900e+03]
 [ 0.0000000e+00  0.0000000e+00  0.0000000e+00  1.0000000e+00]]
[+0090.28, -0008.77, -1067.96]
861, 1175, 1475
[[-2.2290704e-01  6.4046076e-01 -7.3457868e-01  1.0135000e+02]
 [-5.8981200e-03  7.5289366e-01  6.5803644e-01  1.3780000e+02]
 [ 9.7455684e-01  1.5118452e-01 -1.6398314e-01 -1.1790300e+03]
 [ 0.0000000e+00  0.0000000e+00  0.0000000e+00  1.0000000e+00]]
[+0052.65, -0052.61, -1099.97]
1591, 1338, 1629
[[-2.2491706e-01  6.3933826e-01 -7.3489476e-01  1.0119000e+02]
 [-5.5459400e-03  7.5365870e-01  6.5715252e-01  1.3774000e+02]
 [ 9.7406004e-01  1.5207492e-01 -1.6589160e-01 -1.1790400e+03]
 [ 0.0000000e+00  0.0000000e+00  0.0000000e+00  1.0000000e+00]]
[+0048.43, +0014.11, -1098.09]
861, 1175, 1475
[[-2.2272516e-01  6.4073582e-01 -7.3450938e-01  1.0143000e+02]
 [-5.9674200e-03  7.5269622e-01  6.5828762e-01  1.3779000e+02]
 [ 9.7468498e-01  1.5111522e-01 -1.6377738e-01 -1.1790200e+03]
 [ 0.0000000e+00  0.0000000e+00  0.0000000e+00  1.0000000e+00]]
[+0053.64, -0051.07, -1098.70]
1807, 828, 899
[[-2.2448100e-01  6.4040712e-01 -7.3409484e-01  1.0136000e+02]
 [-5.4106800e-03  7.5278300e-01  6.5815576e-01  1.3777000e+02]
 [ 9.7415976e-01  1.5191116e-01 -1.6544644e-01 -1.1790100e+03]
 [ 0.0000000e+00  0.0000000e+00  0.0000000e+00  1.0000000e+00]]
[+0070.96, +0093.95, -1126.79]
1549, 1595, 1123
[[-2.2444192e-01  6.3962536e-01 -7.3485560e-01  1.0125000e+02]
 [-5.7133600e-03  7.5346158e-01  6.5739170e-01  1.3779000e+02]
 [ 9.7421800e-01  1.5190750e-01 -1.6539250e-01 -1.1790100e+03]
 [ 0.0000000e+00  0.0000000e+00  0.0000000e+00  1.0000000e+00]]
[+0113.68, +0024.83, -1085.43]
1807, 828, 899
[[-2.2565236e-01  6.4045040e-01 -7.3377400e-01  1.0134000e+02]
 [-4.8140000e-03  7.5269622e-01  6.5827682e-01  1.3775000e+02]
 [ 9.7394960e-01  1.5223282e-01 -1.6670458e-01 -1.1789800e+03]
 [ 0.0000000e+00  0.0000000e+00  0.0000000e+00  1.0000000e+00]]
[+0070.61, +0093.45, -1126.23]
1674, 764, 963
[[-2.2437034e-01  6.4058318e-01 -7.3402758e-01  1.0137000e+02]
 [-5.0012200e-03  7.5272006e-01  6.5824278e-01  1.3777000e+02]
 [ 9.7422702e-01  1.5153138e-01 -1.6562004e-01 -1.1789800e+03]
 [ 0.0000000e+00  0.0000000e+00  0.0000000e+00  1.0000000e+00]]
[+0056.75, +0081.05, -1115.30]
1807, 828, 899
[[-2.2455250e-01  6.4045460e-01 -7.3404130e-01  1.0131000e+02]
 [-4.7858000e-03  7.5283068e-01  6.5810828e-01  1.3776000e+02]
 [ 9.7415390e-01  1.5148372e-01 -1.6591282e-01 -1.1790100e+03]
 [ 0.0000000e+00  0.0000000e+00  0.0000000e+00  1.0000000e+00]]
[+0072.32, +0092.98, -1125.53]
1991, 790, 1239
[[-2.2634898e-01  6.3962830e-01 -7.3435132e-01  1.0121000e+02]
 [-5.8693000e-03  7.5319214e-01  6.5771780e-01  1.3770000e+02]
 [ 9.7383868e-01  1.5330620e-01 -1.6668388e-01 -1.1790100e+03]
 [ 0.0000000e+00  0.0000000e+00  0.0000000e+00  1.0000000e+00]]
[+0047.37, +0086.40, -1147.00]
1807, 828, 899
[[-2.2389556e-01  6.4072372e-01 -7.3404344e-01  1.0138000e+02]
 [-5.3154400e-03  7.5260940e-01  6.5836532e-01  1.3777000e+02]
 [ 9.7432972e-01  1.5148024e-01 -1.6503460e-01 -1.1789900e+03]
 [ 0.0000000e+00  0.0000000e+00  0.0000000e+00  1.0000000e+00]]
[+0070.81, +0089.25, -1123.99]
828, 2146, 1733
[[-2.2297320e-01  6.3899068e-01 -7.3599304e-01  1.0120000e+02]
 [-5.2518800e-03  7.5434478e-01  6.5641336e-01  1.3783000e+02]
 [ 9.7466264e-01  1.5032296e-01 -1.6480698e-01 -1.1790300e+03]
 [ 0.0000000e+00  0.0000000e+00  0.0000000e+00  1.0000000e+00]]
[+0120.60, -0074.17, -1147.05]
1342, 2227, 978
[[-2.2476820e-01  6.3926284e-01 -7.3522068e-01  1.0117000e+02]
 [-4.7981200e-03  7.5392726e-01  6.5689866e-01  1.3790000e+02]
 [ 9.7426044e-01  1.5126762e-01 -1.6635770e-01 -1.1790600e+03]
 [ 0.0000000e+00  0.0000000e+00  0.0000000e+00  1.0000000e+00]]
[+0168.52, -0008.41, -1126.52]
828, 2146, 1733
[[-2.2319376e-01  6.3935168e-01 -7.3535704e-01  1.0125000e+02]
 [-5.0274400e-03  7.5395094e-01  6.5680982e-01  1.3779000e+02]
 [ 9.7442048e-01  1.5051194e-01 -1.6498026e-01 -1.1790300e+03]
 [ 0.0000000e+00  0.0000000e+00  0.0000000e+00  1.0000000e+00]]
[+0118.64, -0074.25, -1146.37]
752, 1989, 1664
[[-2.2268584e-01  6.4037336e-01 -7.3461016e-01  1.0141000e+02]
 [-5.5181600e-03  7.5302808e-01  6.5786072e-01  1.3783000e+02]
 [ 9.7452536e-01  1.5077512e-01 -1.6406992e-01 -1.1790500e+03]
 [ 0.0000000e+00  0.0000000e+00  0.0000000e+00  1.0000000e+00]]
[+0112.72, -0078.30, -1142.56]
828, 2146, 1733
[[-2.2403418e-01  6.3838728e-01 -7.3608340e-01  1.0111000e+02]
 [-5.1807200e-03  7.5471462e-01  6.5596380e-01  1.3781000e+02]
 [ 9.7433580e-01  1.5092060e-01 -1.6571856e-01 -1.1790300e+03]
 [ 0.0000000e+00  0.0000000e+00  0.0000000e+00  1.0000000e+00]]
[+0120.59, -0074.30, -1148.44]
1565, 1594, 2176
[[-2.2605058e-01  6.3830626e-01 -7.3544448e-01  1.0105000e+02]
 [-5.5465400e-03  7.5442238e-01  6.5627616e-01  1.3770000e+02]
 [ 9.7379808e-01  1.5262464e-01 -1.6692420e-01 -1.1790600e+03]
 [ 0.0000000e+00  0.0000000e+00  0.0000000e+00  1.0000000e+00]]
[+0035.57, -0025.04, -1128.07]
828, 2146, 1733
[[-2.2224392e-01  6.3977904e-01 -7.3533300e-01  1.0134000e+02]
 [-5.5089600e-03  7.5364352e-01  6.5717200e-01  1.3790000e+02]
 [ 9.7468020e-01  1.5029360e-01 -1.6389640e-01 -1.1790700e+03]
 [ 0.0000000e+00  0.0000000e+00  0.0000000e+00  1.0000000e+00]]
[+0121.52, -0073.85, -1147.05]
1052, 986, 1324
[[-2.2319962e-01  6.4059512e-01 -7.3449390e-01  1.0138000e+02]
 [-5.6531200e-03  7.5280688e-01  6.5816520e-01  1.3779000e+02]
 [ 9.7458270e-01  1.5116640e-01 -1.6436250e-01 -1.1790300e+03]
 [ 0.0000000e+00  0.0000000e+00  0.0000000e+00  1.0000000e+00]]
[+0040.99, -0012.02, -1086.39]
1230, 948, 1333
[[-2.2389556e-01  6.4039538e-01 -7.3450214e-01  1.0137000e+02]
 [-5.8651400e-03  7.5286974e-01  6.5810182e-01  1.3776000e+02]
 [ 9.7445638e-01  1.5174374e-01 -1.6477426e-01 -1.1790300e+03]
 [ 0.0000000e+00  0.0000000e+00  0.0000000e+00  1.0000000e+00]]
[+0036.71, +0011.89, -1089.79]
1052, 986, 1324
[[-2.2360290e-01  6.4055368e-01 -7.3447634e-01  1.0138000e+02]
 [-5.8175200e-03  7.5278300e-01  6.5820664e-01  1.3779000e+02]
 [ 9.7454126e-01  1.5152824e-01 -1.6456834e-01 -1.1790300e+03]
 [ 0.0000000e+00  0.0000000e+00  0.0000000e+00  1.0000000e+00]]
[+0043.42, -0013.15, -1085.59]
1210, 1842, 1755
[[-2.2440324e-01  6.3908082e-01 -7.3535910e-01  1.0116000e+02]
 [-5.6679000e-03  7.5396620e-01  6.5681750e-01  1.3776000e+02]
 [ 9.7424082e-01  1.5171374e-01 -1.6551220e-01 -1.1790400e+03]
 [ 0.0000000e+00  0.0000000e+00  0.0000000e+00  1.0000000e+00]]
[+0088.27, -0052.51, -1109.49]
1052, 986, 1324
[[-2.2308900e-01  6.4062460e-01 -7.3448200e-01  1.0140000e+02]
 [-5.3900000e-03  7.5283068e-01  6.5813572e-01  1.3778000e+02]
 [ 9.7459460e-01  1.5090328e-01 -1.6444932e-01 -1.1790300e+03]
 [ 0.0000000e+00  0.0000000e+00  0.0000000e+00  1.0000000e+00]]
[+0040.78, -0011.88, -1086.56]
1135, 1242, 784
[[-2.2378490e-01  6.4095498e-01 -7.3412256e-01  1.0141000e+02]
 [-4.9613400e-03  7.5254630e-01  6.5849592e-01  1.3781000e+02]
 [ 9.7454328e-01  1.5105696e-01 -1.6520836e-01 -1.1790100e+03]
 [ 0.0000000e+00  0.0000000e+00  0.0000000e+00  1.0000000e+00]]
[+0118.51, +0019.78, -1070.97]
1052, 986, 1324
[[-2.2371360e-01  6.4032248e-01 -7.3439736e-01  1.0136000e+02]
 [-6.1716000e-03  7.5284574e-01  6.5807602e-01  1.3776000e+02]
 [ 9.7432760e-01  1.5195150e-01 -1.6439490e-01 -1.1790100e+03]
 [ 0.0000000e+00  0.0000000e+00  0.0000000e+00  1.0000000e+00]]
[+0040.04, -0012.34, -1086.72]
1241, 1431, 1382
[[-2.2484532e-01  6.3973010e-01 -7.3478262e-01  1.0127000e+02]
 [-5.7315000e-03  7.5335100e-01  6.5755010e-01  1.3777000e+02]
 [ 9.7423162e-01  1.5215250e-01 -1.6568532e-01 -1.1790100e+03]
 [ 0.0000000e+00  0.0000000e+00  0.0000000e+00  1.0000000e+00]]
[+0078.18, -0014.66, -1082.48]
1316, 1386, 1245
[[-2.2425972e-01  6.4028432e-01 -7.3447436e-01  1.0132000e+02]
 [-5.2878800e-03  7.5300428e-01  6.5794976e-01  1.3780000e+02]
 [ 9.7436576e-01  1.5153164e-01 -1.6544644e-01 -1.1790200e+03]
 [ 0.0000000e+00  0.0000000e+00  0.0000000e+00  1.0000000e+00]]
[+0085.18, +0005.07, -1078.24]
1241, 1431, 1382
[[-2.2367428e-01  6.3992444e-01 -7.3484580e-01  1.0129000e+02]
 [-5.9795600e-03  7.5326438e-01  6.5761890e-01  1.3779000e+02]
 [ 9.7440540e-01  1.5164130e-01 -1.6460090e-01 -1.1790400e+03]
 [ 0.0000000e+00  0.0000000e+00  0.0000000e+00  1.0000000e+00]]
[+0077.75, -0015.31, -1082.67]
2092, 1520, 1827
[[-2.2685770e-01  6.3822226e-01 -7.3540872e-01  1.0103000e+02]
 [-5.8761400e-03  7.5437414e-01  6.5636016e-01  1.3770000e+02]
 [ 9.7371408e-01  1.5334776e-01 -1.6733780e-01 -1.1790500e+03]
 [ 0.0000000e+00  0.0000000e+00  0.0000000e+00  1.0000000e+00]]
[+0054.18, +0041.08, -1115.27]
1241, 1431, 1382
[[-2.2381764e-01  6.3978142e-01 -7.3499586e-01  1.0131000e+02]
 [-5.0777400e-03  7.5353310e-01  6.5733422e-01  1.3774000e+02]
 [ 9.7442978e-01  1.5097614e-01 -1.6535970e-01 -1.1790400e+03]
 [ 0.0000000e+00  0.0000000e+00  0.0000000e+00  1.0000000e+00]]
[+0079.17, -0014.77, -1082.40]
1268, 1963, 1223
[[-2.2400000e-01  6.3979920e-01 -7.3495440e-01  1.0126000e+02]
 [-4.7160000e-03  7.5355678e-01  6.5731644e-01  1.3784000e+02]
 [ 9.7441200e-01  1.5081156e-01 -1.6573922e-01 -1.1790400e+03]
 [ 0.0000000e+00  0.0000000e+00  0.0000000e+00  1.0000000e+00]]
[+0141.13, -0022.66, -1100.71]
1241, 1431, 1382
[[-2.2506660e-01  6.3946894e-01 -7.3471562e-01  1.0124000e+02]
 [-6.3488600e-03  7.5338934e-01  6.5744954e-01  1.3774000e+02]
 [ 9.7400578e-01  1.5283874e-01 -1.6542570e-01 -1.1790500e+03]
 [ 0.0000000e+00  0.0000000e+00  0.0000000e+00  1.0000000e+00]]
[+0078.15, -0015.38, -1082.63]
1807, 1582, 950
[[-2.2568538e-01  6.3956994e-01 -7.3453642e-01  1.0123000e+02]
 [-4.6389400e-03  7.5350934e-01  6.5734854e-01  1.3780000e+02]
 [ 9.7394658e-01  1.5191746e-01 -1.6703028e-01 -1.1790300e+03]
 [ 0.0000000e+00  0.0000000e+00  0.0000000e+00  1.0000000e+00]]
[+0128.24, +0060.52, -1105.72]
1596, 1665, 888
[[-2.2425972e-01  6.4013794e-01 -7.3452966e-01  1.0131000e+02]
 [-5.4342600e-03  7.5309102e-01  6.5783302e-01  1.3780000e+02]
 [ 9.7431046e-01  1.5164838e-01 -1.6535970e-01 -1.1790200e+03]
 [ 0.0000000e+00  0.0000000e+00  0.0000000e+00  1.0000000e+00]]
[+0140.36, +0038.45, -1097.70]
1807, 1582, 950
[[-2.2550290e-01  6.3946078e-01 -7.3477994e-01  1.0122000e+02]
 [-5.2023800e-03  7.5357212e-01  6.5729314e-01  1.3779000e+02]
 [ 9.7405574e-01  1.5215534e-01 -1.6656402e-01 -1.1790300e+03]
 [ 0.0000000e+00  0.0000000e+00  0.0000000e+00  1.0000000e+00]]
[+0126.03, +0059.40, -1104.73]
1469, 789, 1026
[[-2.2470244e-01  6.4034776e-01 -7.3411884e-01  1.0136000e+02]
 [-5.9368400e-03  7.5273500e-01  6.5821512e-01  1.3776000e+02]
 [ 9.7413576e-01  1.5243732e-01 -1.6527300e-01 -1.1790100e+03]
 [ 0.0000000e+00  0.0000000e+00  0.0000000e+00  1.0000000e+00]]
[+0048.42, +0062.20, -1098.73]
1807, 1582, 950
[[-2.2528194e-01  6.3961168e-01 -7.3455440e-01  1.0122000e+02]
 [-4.4744000e-03  7.5353310e-01  6.5730680e-01  1.3779000e+02]
 [ 9.7398832e-01  1.5155576e-01 -1.6682400e-01 -1.1790200e+03]
 [ 0.0000000e+00  0.0000000e+00  0.0000000e+00  1.0000000e+00]]
[+0127.84, +0059.57, -1105.04]
1848, 1545, 757
[[-2.2550290e-01  6.4008266e-01 -7.3421068e-01  1.0128000e+02]
 [-4.3594600e-03  7.5313862e-01  6.5778964e-01  1.3783000e+02]
 [ 9.7403908e-01  1.5165884e-01 -1.6699752e-01 -1.1790300e+03]
 [ 0.0000000e+00  0.0000000e+00  0.0000000e+00  1.0000000e+00]]
[+0139.91, +0070.44, -1119.65]
1807, 1582, 950
[[-2.2469610e-01  6.3969062e-01 -7.3476044e-01  1.0124000e+02]
 [-4.7267800e-03  7.5353310e-01  6.5732644e-01  1.3781000e+02]
 [ 9.7419436e-01  1.5131524e-01 -1.6623816e-01 -1.1790200e+03]
 [ 0.0000000e+00  0.0000000e+00  0.0000000e+00  1.0000000e+00]]
[+0125.89, +0058.58, -1104.64]
1427, 1971, 1025
[[-2.2440324e-01  6.3946486e-01 -7.3504702e-01  1.0124000e+02]
 [-5.1734200e-03  7.5370646e-01  6.5712446e-01  1.3781000e+02]
 [ 9.7426006e-01  1.5140678e-01 -1.6577194e-01 -1.1790800e+03]
 [ 0.0000000e+00  0.0000000e+00  0.0000000e+00  1.0000000e+00]]
[+0153.46, +0003.94, -1104.41]
1420, 2201, 1000
[[-2.2458568e-01  6.3895212e-01 -7.3537268e-01  1.0119000e+02]
 [-5.4526800e-03  7.5407662e-01  6.5668302e-01  1.3787000e+02]
 [ 9.7416788e-01  1.5166578e-01 -1.6580506e-01 -1.1790800e+03]
 [ 0.0000000e+00  0.0000000e+00  0.0000000e+00  1.0000000e+00]]
[+0165.69, -0002.00, -1122.64]
1427, 1971, 1025
[[-2.2392810e-01  6.3975182e-01 -7.3500774e-01  1.0127000e+02]
 [-5.3409000e-03  7.5350934e-01  6.5736382e-01  1.3783000e+02]
 [ 9.7441790e-01  1.5123930e-01 -1.6527300e-01 -1.1790600e+03]
 [ 0.0000000e+00  0.0000000e+00  0.0000000e+00  1.0000000e+00]]
[+0149.10, +0004.40, -1102.67]
1936, 2017, 1334
[[-2.2663682e-01  6.3866676e-01 -7.3507242e-01  1.0110000e+02]
 [-4.8548400e-03  7.5416312e-01  6.5660676e-01  1.3784000e+02]
 [ 9.7375722e-01  1.5251484e-01 -1.6776970e-01 -1.1790600e+03]
 [ 0.0000000e+00  0.0000000e+00  0.0000000e+00  1.0000000e+00]]
[+0128.06, +0032.17, -1104.83]
1427, 1971, 1025
[[-2.2396698e-01  6.4005882e-01 -7.3476094e-01  1.0129000e+02]
 [-5.7345800e-03  7.5317772e-01  6.5774766e-01  1.3784000e+02]
 [ 9.7443114e-01  1.5162314e-01 -1.6498026e-01 -1.1790800e+03]
 [ 0.0000000e+00  0.0000000e+00  0.0000000e+00  1.0000000e+00]]
[+0150.82, +0005.48, -1103.41]
1152, 2009, 1469
[[-2.2422088e-01  6.3959352e-01 -7.3503336e-01  1.0125000e+02]
 [-5.3887200e-03  7.5359600e-01  6.5725896e-01  1.3781000e+02]
 [ 9.7433304e-01  1.5145464e-01 -1.6547912e-01 -1.1790500e+03]
 [ 0.0000000e+00  0.0000000e+00  0.0000000e+00  1.0000000e+00]]
[+0123.45, -0046.74, -1108.82]
1427, 1971, 1025
[[-2.2455250e-01  6.3959570e-01 -7.3486760e-01  1.0124000e+02]
 [-5.9765000e-03  7.5343758e-01  6.5742136e-01  1.3783000e+02]
 [ 9.7420600e-01  1.5217064e-01 -1.6530592e-01 -1.1790800e+03]
 [ 0.0000000e+00  0.0000000e+00  0.0000000e+00  1.0000000e+00]]
[+0151.33, +0006.15, -1103.50]
1581, 1309, 995
[[-2.2385640e-01  6.4017948e-01 -7.3454736e-01  1.0131000e+02]
 [-5.2698000e-03  7.5311486e-01  6.5779148e-01  1.3780000e+02]
 [ 9.7435200e-01  1.5128660e-01 -1.6515370e-01 -1.1790200e+03]
 [ 0.0000000e+00  0.0000000e+00  0.0000000e+00  1.0000000e+00]]
[+0100.34, +0051.52, -1087.38]
1661, 1100, 1439
[[-2.2561344e-01  6.3966864e-01 -7.3453488e-01  1.0123000e+02]
 [-5.1172800e-03  7.5337496e-01  6.5751296e-01  1.3773000e+02]
 [ 9.7400784e-01  1.5222848e-01 -1.6665064e-01 -1.1789900e+03]
 [ 0.0000000e+00  0.0000000e+00  0.0000000e+00  1.0000000e+00]]
[+0044.60, +0042.19, -1102.97]
1581, 1309, 995
[[-2.2349224e-01  6.4019956e-01 -7.3477668e-01  1.0133000e+02]
 [-6.0486800e-03  7.5306710e-01  6.5787006e-01  1.3780000e+02]
 [ 9.7453356e-01  1.5157218e-01 -1.6439490e-01 -1.1790700e+03]
 [ 0.0000000e+00  0.0000000e+00  0.0000000e+00  1.0000000e+00]]
[+0100.72, +0049.17, -1086.80]
2006, 1514, 1014
[[-2.2616100e-01  6.3933824e-01 -7.3472168e-01  1.0117000e+02]
 [-4.5269600e-03  7.5370646e-01  6.5715254e-01  1.3780000e+02]
 [ 9.7393472e-01  1.5204134e-01 -1.6752970e-01 -1.1790400e+03]
 [ 0.0000000e+00  0.0000000e+00  0.0000000e+00  1.0000000e+00]]
[+0118.08, +0073.89, -1117.71]
1581, 1309, 995
[[-2.2385640e-01  6.4003312e-01 -7.3460264e-01  1.0131000e+02]
 [-5.4161600e-03  7.5320160e-01  6.5767472e-01  1.3777000e+02]
 [ 9.7429672e-01  1.5140336e-01 -1.6506696e-01 -1.1790200e+03]
 [ 0.0000000e+00  0.0000000e+00  0.0000000e+00  1.0000000e+00]]
[+0099.54, +0048.90, -1086.51]
1171, 2116, 1447
[[-2.2451370e-01  6.3890474e-01 -7.3542632e-01  1.0117000e+02]
 [-6.0775000e-03  7.5402870e-01  6.5673040e-01  1.3781000e+02]
 [ 9.7417360e-01  1.5209368e-01 -1.6533924e-01 -1.1790500e+03]
 [ 0.0000000e+00  0.0000000e+00  0.0000000e+00  1.0000000e+00]]
[+0135.85, -0047.44, -1116.64]
1581, 1309, 995
[[-2.2425972e-01  6.4028432e-01 -7.3447436e-01  1.0130000e+02]
 [-5.2878800e-03  7.5300428e-01  6.5794976e-01  1.3777000e+02]
 [ 9.7436576e-01  1.5153164e-01 -1.6544644e-01 -1.1790300e+03]
 [ 0.0000000e+00  0.0000000e+00  0.0000000e+00  1.0000000e+00]]
[+0100.22, +0051.80, -1087.41]
1647, 1110, 792
[[-2.2452048e-01  6.4062288e-01 -7.3404976e-01  1.0136000e+02]
 [-6.0059200e-03  7.5253752e-01  6.5846616e-01  1.3779000e+02]
 [ 9.7426416e-01  1.5236824e-01 -1.6506696e-01 -1.1790400e+03]
 [ 0.0000000e+00  0.0000000e+00  0.0000000e+00  1.0000000e+00]]
[+0103.45, +0077.36, -1101.14]
1517, 995, 811
[[-2.2378490e-01  6.4046064e-01 -7.3414218e-01  1.0138000e+02]
 [-5.3450400e-03  7.5280688e-01  6.5810224e-01  1.3780000e+02]
 [ 9.7423098e-01  1.5145064e-01 -1.6494778e-01 -1.1790200e+03]
 [ 0.0000000e+00  0.0000000e+00  0.0000000e+00  1.0000000e+00]]
[+0091.15, +0070.90, -1091.88]
1647, 1110, 792
[[-2.2459170e-01  6.4037744e-01 -7.3410682e-01  1.0133000e+02]
 [-5.6737600e-03  7.5275904e-01  6.5818544e-01  1.3778000e+02]
 [ 9.7414778e-01  1.5217424e-01 -1.6535970e-01 -1.1790400e+03]
 [ 0.0000000e+00  0.0000000e+00  0.0000000e+00  1.0000000e+00]]
[+0104.31, +0076.73, -1101.06]
1961, 798, 1068
[[-2.2623828e-01  6.3980470e-01 -7.3428390e-01  1.0124000e+02]
 [-5.4597000e-03  7.5312972e-01  6.5780450e-01  1.3772000e+02]
 [ 9.7390610e-01  1.5292650e-01 -1.6685700e-01 -1.1790300e+03]
 [ 0.0000000e+00  0.0000000e+00  0.0000000e+00  1.0000000e+00]]
[+0059.04, +0093.22, -1143.11]
1647, 1110, 792
[[-2.2407760e-01  6.4059508e-01 -7.3405724e-01  1.0135000e+02]
 [-5.0999600e-03  7.5272006e-01  6.5823088e-01  1.3781000e+02]
 [ 9.7425668e-01  1.5143264e-01 -1.6532730e-01 -1.1790300e+03]
 [ 0.0000000e+00  0.0000000e+00  0.0000000e+00  1.0000000e+00]]
[+0103.49, +0073.94, -1099.55]
1446, 1439, 1391
[[-2.2484532e-01  6.3958368e-01 -7.3483792e-01  1.0123000e+02]
 [-5.8779200e-03  7.5343758e-01  6.5743338e-01  1.3779000e+02]
 [ 9.7417632e-01  1.5226922e-01 -1.6559874e-01 -1.1790300e+03]
 [ 0.0000000e+00  0.0000000e+00  0.0000000e+00  1.0000000e+00]]
[+0076.86, +0007.22, -1083.73]
1647, 1110, 792
[[-2.2459170e-01  6.4052382e-01 -7.3405146e-01  1.0135000e+02]
 [-5.5273800e-03  7.5267230e-01  6.5830214e-01  1.3778000e+02]
 [ 9.7420314e-01  1.5205754e-01 -1.6544644e-01 -1.1790300e+03]
 [ 0.0000000e+00  0.0000000e+00  0.0000000e+00  1.0000000e+00]]
[+0103.07, +0077.34, -1101.18]
750, 835, 1014
[[-2.2243266e-01  6.4107580e-01 -7.3408026e-01  1.0148000e+02]
 [-5.5167600e-03  7.5243564e-01  6.5853940e-01  1.3778000e+02]
 [ 9.7458790e-01  1.5075276e-01 -1.6374546e-01 -1.1790400e+03]
 [ 0.0000000e+00  0.0000000e+00  0.0000000e+00  1.0000000e+00]]
[+0049.87, -0025.24, -1073.38]
898, 757, 1106
[[-2.2331028e-01  6.4094920e-01 -7.3419352e-01  1.0139000e+02]
 [-5.4220000e-03  7.5252254e-01  6.5850170e-01  1.3777000e+02]
 [ 9.7459048e-01  1.5112250e-01 -1.6453618e-01 -1.1790100e+03]
 [ 0.0000000e+00  0.0000000e+00  0.0000000e+00  1.0000000e+00]]
[+0032.72, -0006.67, -1080.81]
750, 835, 1014
[[-2.2301770e-01  6.4128926e-01 -7.3376442e-01  1.0148000e+02]
 [-4.9712600e-03  7.5226172e-01  6.5875326e-01  1.3779000e+02]
 [ 9.7449342e-01  1.5076026e-01 -1.6450442e-01 -1.1789900e+03]
 [ 0.0000000e+00  0.0000000e+00  0.0000000e+00  1.0000000e+00]]
[+0053.41, -0024.66, -1072.21]
969, 942, 751
[[-2.2316820e-01  6.4123868e-01 -7.3398784e-01  1.0144000e+02]
 [-6.1777600e-03  7.5216636e-01  6.5890268e-01  1.3780000e+02]
 [ 9.7462148e-01  1.5167024e-01 -1.6386420e-01 -1.1790200e+03]
 [ 0.0000000e+00  0.0000000e+00  0.0000000e+00  1.0000000e+00]]
[+0091.49, +0019.85, -1062.04]
750, 835, 1014
[[-2.2254336e-01  6.4124800e-01 -7.3418304e-01  1.0146000e+02]
 [-5.6889600e-03  7.5232494e-01  6.5872910e-01  1.3779000e+02]
 [ 9.7477760e-01  1.5085554e-01 -1.6374546e-01 -1.1790400e+03]
 [ 0.0000000e+00  0.0000000e+00  0.0000000e+00  1.0000000e+00]]
[+0049.83, -0025.20, -1073.36]
906, 1727, 1510
[[-2.2444192e-01  6.3924144e-01 -7.3516784e-01  1.0122000e+02]
 [-6.2078400e-03  7.5372120e-01  6.5708472e-01  1.3775000e+02]
 [ 9.7419856e-01  1.5221448e-01 -1.6513288e-01 -1.1790600e+03]
 [ 0.0000000e+00  0.0000000e+00  0.0000000e+00  1.0000000e+00]]
[+0101.92, -0065.56, -1111.12]
750, 835, 1014
[[-2.2236164e-01  6.4146762e-01 -7.3396734e-01  1.0150000e+02]
 [-5.7030600e-03  7.5212726e-01  6.5893682e-01  1.3778000e+02]
 [ 9.7475958e-01  1.5082954e-01 -1.6353994e-01 -1.1790400e+03]
 [ 0.0000000e+00  0.0000000e+00  0.0000000e+00  1.0000000e+00]]
[+0052.98, -0023.14, -1072.02]
1841, 1001, 1643
[[-2.2619944e-01  6.3896740e-01 -7.3489804e-01  1.0112000e+02]
 [-5.7079600e-03  7.5380766e-01  6.5699710e-01  1.3769000e+02]
 [ 9.7381820e-01  1.5296546e-01 -1.6680394e-01 -1.1790400e+03]
 [ 0.0000000e+00  0.0000000e+00  0.0000000e+00  1.0000000e+00]]
[+0027.63, +0049.04, -1128.86]
1349, 1730, 1292
[[-2.2374586e-01  6.3973416e-01 -7.3504924e-01  1.0125000e+02]
 [-5.7026400e-03  7.5348550e-01  6.5738148e-01  1.3778000e+02]
 [ 9.7443556e-01  1.5140388e-01 -1.6489360e-01 -1.1790700e+03]
 [ 0.0000000e+00  0.0000000e+00  0.0000000e+00  1.0000000e+00]]
[+0113.82, -0009.85, -1085.92]
1841, 1001, 1643
[[-2.2638196e-01  6.3913182e-01 -7.3480082e-01  1.0112000e+02]
 [-5.1997800e-03  7.5374524e-01  6.5709582e-01  1.3770000e+02]
 [ 9.7385558e-01  1.5268422e-01 -1.6726996e-01 -1.1790200e+03]
 [ 0.0000000e+00  0.0000000e+00  0.0000000e+00  1.0000000e+00]]
[+0026.87, +0049.68, -1130.00]
1894, 1165, 1910
[[-2.2696820e-01  6.3843018e-01 -7.3516374e-01  1.0101000e+02]
 [-5.7909000e-03  7.5417734e-01  6.5658018e-01  1.3768000e+02]
 [ 9.7366590e-01  1.5342090e-01 -1.6742410e-01 -1.1790400e+03]
 [ 0.0000000e+00  0.0000000e+00  0.0000000e+00  1.0000000e+00]]
[+0023.20, +0031.46, -1133.59]
1841, 1001, 1643
[[-2.2576306e-01  6.3965250e-01 -7.3441104e-01  1.0122000e+02]
 [-6.0665400e-03  7.5319214e-01  6.5769360e-01  1.3778000e+02]
 [ 9.7389840e-01  1.5310896e-01 -1.6609796e-01 -1.1790000e+03]
 [ 0.0000000e+00  0.0000000e+00  0.0000000e+00  1.0000000e+00]]
[+0029.78, +0050.02, -1127.64]
2094, 1114, 1522
[[-2.2678560e-01  6.3903456e-01 -7.3463632e-01  1.0112000e+02]
 [-5.3091200e-03  7.5372120e-01  6.5709456e-01  1.3774000e+02]
 [ 9.7366704e-01  1.5308912e-01 -1.6747656e-01 -1.1790500e+03]
 [ 0.0000000e+00  0.0000000e+00  0.0000000e+00  1.0000000e+00]]
[+0050.76, +0070.47, -1131.91]
1841, 1001, 1643
[[-2.2532050e-01  6.3968060e-01 -7.3456470e-01  1.0119000e+02]
 [-5.2158800e-03  7.5337496e-01  6.5750100e-01  1.3770000e+02]
 [ 9.7403766e-01  1.5212988e-01 -1.6635770e-01 -1.1790100e+03]
 [ 0.0000000e+00  0.0000000e+00  0.0000000e+00  1.0000000e+00]]
[+0028.20, +0044.66, -1127.05]
1861, 1891, 1183
[[-2.2608890e-01  6.3914382e-01 -7.3483074e-01  1.0114000e+02]
 [-5.2983000e-03  7.5374524e-01  6.5708382e-01  1.3780000e+02]
 [ 9.7388550e-01  1.5258570e-01 -1.6697690e-01 -1.1790400e+03]
 [ 0.0000000e+00  0.0000000e+00  0.0000000e+00  1.0000000e+00]]
[+0131.79, +0035.50, -1102.92]
1789, 1858, 1509
[[-2.2462420e-01  6.3925908e-01 -7.3512616e-01  1.0116000e+02]
 [-5.8461600e-03  7.5374524e-01  6.5706708e-01  1.3777000e+02]
 [ 9.7418092e-01  1.5204984e-01 -1.6551220e-01 -1.1790500e+03]
 [ 0.0000000e+00  0.0000000e+00  0.0000000e+00  1.0000000e+00]]
[+0102.55, +0012.30, -1093.49]
1861, 1891, 1183
[[-2.2557492e-01  6.3912426e-01 -7.3503842e-01  1.0115000e+02]
 [-5.0722600e-03  7.5387966e-01  6.5693874e-01  1.3781000e+02]
 [ 9.7403058e-01  1.5203426e-01 -1.6677042e-01 -1.1790200e+03]
 [ 0.0000000e+00  0.0000000e+00  0.0000000e+00  1.0000000e+00]]
[+0132.03, +0035.25, -1102.97]
2063, 1586, 1196
[[-2.2638196e-01  6.3913182e-01 -7.3480082e-01  1.0114000e+02]
 [-5.1997800e-03  7.5374524e-01  6.5709582e-01  1.3777000e+02]
 [ 9.7385558e-01  1.5268422e-01 -1.6726996e-01 -1.1790500e+03]
 [ 0.0000000e+00  0.0000000e+00  0.0000000e+00  1.0000000e+00]]
[+0106.62, +0068.22, -1113.81]
1861, 1891, 1183
[[-2.2520996e-01  6.3947274e-01 -7.3480974e-01  1.0119000e+02]
 [-5.3009400e-03  7.5357212e-01  6.5728118e-01  1.3783000e+02]
 [ 9.7408554e-01  1.5205678e-01 -1.6627108e-01 -1.1790200e+03]
 [ 0.0000000e+00  0.0000000e+00  0.0000000e+00  1.0000000e+00]]
[+0131.74, +0035.24, -1102.98]
1400, 1579, 1050
[[-2.2455250e-01  6.3997960e-01 -7.3455530e-01  1.0126000e+02]
 [-5.4820000e-03  7.5317772e-01  6.5772824e-01  1.3780000e+02]
 [ 9.7422550e-01  1.5186376e-01 -1.6556578e-01 -1.1790100e+03]
 [ 0.0000000e+00  0.0000000e+00  0.0000000e+00  1.0000000e+00]]
[+0119.73, +0017.41, -1082.67]
1861, 1891, 1183
[[-2.2564714e-01  6.3893422e-01 -7.3524164e-01  1.0112000e+02]
 [-4.7956600e-03  7.5410046e-01  6.5670092e-01  1.3776000e+02]
 [ 9.7406068e-01  1.5179644e-01 -1.6706344e-01 -1.1790500e+03]
 [ 0.0000000e+00  0.0000000e+00  0.0000000e+00  1.0000000e+00]]
[+0132.02, +0039.19, -1103.81]
1799, 1916, 1634
[[-2.2546450e-01  6.3891630e-01 -7.3528340e-01  1.0108000e+02]
 [-5.1573000e-03  7.5407662e-01  6.5671884e-01  1.3777000e+02]
 [ 9.7407860e-01  1.5196116e-01 -1.6668388e-01 -1.1790200e+03]
 [ 0.0000000e+00  0.0000000e+00  0.0000000e+00  1.0000000e+00]]
[+0096.40, +0008.91, -1095.32]
839, 825, 1532
[[-2.2308900e-01  6.4100820e-01 -7.3416980e-01  1.0144000e+02]
 [-4.8958000e-03  7.5256998e-01  6.5844270e-01  1.3775000e+02]
 [ 9.7461420e-01  1.5059630e-01 -1.6471002e-01 -1.1790100e+03]
 [ 0.0000000e+00  0.0000000e+00  0.0000000e+00  1.0000000e+00]]
[+0017.33, -0037.44, -1114.87]
1799, 1916, 1634
[[-2.2546450e-01  6.3867850e-01 -7.3554030e-01  1.0106000e+02]
 [-5.5055000e-03  7.5424958e-01  6.5652870e-01  1.3775000e+02]
 [ 9.7411470e-01  1.5215130e-01 -1.6651092e-01 -1.1790400e+03]
 [ 0.0000000e+00  0.0000000e+00  0.0000000e+00  1.0000000e+00]]
[+0098.97, +0009.63, -1095.27]
1994, 1754, 1527
[[-2.2678560e-01  6.3879672e-01 -7.3489344e-01  1.0110000e+02]
 [-5.6575200e-03  7.5389408e-01  6.5690464e-01  1.3775000e+02]
 [ 9.7370304e-01  1.5327904e-01 -1.6730368e-01 -1.1790300e+03]
 [ 0.0000000e+00  0.0000000e+00  0.0000000e+00  1.0000000e+00]]
[+0091.89, +0043.53, -1101.66]
1799, 1916, 1634
[[-2.2487858e-01  6.3903144e-01 -7.3514130e-01  1.0112000e+02]
 [-5.1525600e-03  7.5399008e-01  6.5676840e-01  1.3779000e+02]
 [ 9.7404690e-01  1.5169080e-01 -1.6618450e-01 -1.1790400e+03]
 [ 0.0000000e+00  0.0000000e+00  0.0000000e+00  1.0000000e+00]]
[+0097.57, +0007.40, -1095.24]
1588, 2174, 856
[[-2.2400000e-01  6.3941520e-01 -7.3526640e-01  1.0119000e+02]
 [-5.2104000e-03  7.5381688e-01  6.5700948e-01  1.3788000e+02]
 [ 9.7439280e-01  1.5111852e-01 -1.6547912e-01 -1.1790400e+03]
 [ 0.0000000e+00  0.0000000e+00  0.0000000e+00  1.0000000e+00]]
[+0169.86, +0016.17, -1128.72]
1799, 1916, 1634
[[-2.2608890e-01  6.3875952e-01 -7.3514304e-01  1.0109000e+02]
 [-5.7931200e-03  7.5400462e-01  6.5677716e-01  1.3776000e+02]
 [ 9.7386624e-01  1.5289236e-01 -1.6671752e-01 -1.1790300e+03]
 [ 0.0000000e+00  0.0000000e+00  0.0000000e+00  1.0000000e+00]]
[+0093.73, +0008.90, -1095.67]
1280, 1457, 1346
[[-2.2396698e-01  6.4014988e-01 -7.3455928e-01  1.0127000e+02]
 [-5.5329200e-03  7.5309102e-01  6.5782108e-01  1.3779000e+02]
 [ 9.7434008e-01  1.5154972e-01 -1.6506696e-01 -1.1790200e+03]
 [ 0.0000000e+00  0.0000000e+00  0.0000000e+00  1.0000000e+00]]
[+0083.45, -0009.37, -1081.19]
1593, 1238, 1414
[[-2.2473474e-01  6.3970452e-01 -7.3462422e-01  1.0121000e+02]
 [-5.4130800e-03  7.5337496e-01  6.5747708e-01  1.3775000e+02]
 [ 9.7409718e-01  1.5193268e-01 -1.6577194e-01 -1.1790300e+03]
 [ 0.0000000e+00  0.0000000e+00  0.0000000e+00  1.0000000e+00]]
[+0056.34, +0031.31, -1092.95]
1280, 1457, 1346
[[-2.2396698e-01  6.4005882e-01 -7.3476094e-01  1.0127000e+02]
 [-5.7345800e-03  7.5317772e-01  6.5774766e-01  1.3777000e+02]
 [ 9.7443114e-01  1.5162314e-01 -1.6498026e-01 -1.1790500e+03]
 [ 0.0000000e+00  0.0000000e+00  0.0000000e+00  1.0000000e+00]]
[+0083.63, -0009.60, -1081.16]
1146, 1269, 1359
[[-2.2396698e-01  6.3985716e-01 -7.3466988e-01  1.0127000e+02]
 [-5.8256400e-03  7.5326438e-01  6.5758756e-01  1.3773000e+02]
 [ 9.7422948e-01  1.5178324e-01 -1.6489360e-01 -1.1790300e+03]
 [ 0.0000000e+00  0.0000000e+00  0.0000000e+00  1.0000000e+00]]
[+0065.10, -0017.07, -1082.43]
1280, 1457, 1346
[[-2.2411042e-01  6.4000714e-01 -7.3470940e-01  1.0123000e+02]
 [-4.6311400e-03  7.5335958e-01  6.5753620e-01  1.3776000e+02]
 [ 9.7436420e-01  1.5088460e-01 -1.6582600e-01 -1.1790100e+03]
 [ 0.0000000e+00  0.0000000e+00  0.0000000e+00  1.0000000e+00]]
[+0082.89, -0010.19, -1081.60]
1212, 1547, 1945
[[-2.2484532e-01  6.3881576e-01 -7.3546256e-01  1.0112000e+02]
 [-6.8670400e-03  7.5395622e-01  6.5681938e-01  1.3771000e+02]
 [ 9.7413736e-01  1.5288322e-01 -1.6508010e-01 -1.1790500e+03]
 [ 0.0000000e+00  0.0000000e+00  0.0000000e+00  1.0000000e+00]]
[+0049.85, -0050.19, -1121.07]
1280, 1457, 1346
[[-2.2385640e-01  6.3994204e-01 -7.3480428e-01  1.0126000e+02]
 [-5.6178000e-03  7.5328830e-01  6.5760130e-01  1.3778000e+02]
 [ 9.7438780e-01  1.5147678e-01 -1.6498026e-01 -1.1790300e+03]
 [ 0.0000000e+00  0.0000000e+00  0.0000000e+00  1.0000000e+00]]
[+0083.85, -0008.94, -1081.04]
866, 919, 1185
[[-2.2312840e-01  6.4093164e-01 -7.3423492e-01  1.0142000e+02]
 [-5.7838800e-03  7.5249870e-01  6.5851926e-01  1.3778000e+02]
 [ 9.7460804e-01  1.5128682e-01 -1.6415674e-01 -1.1790400e+03]
 [ 0.0000000e+00  0.0000000e+00  0.0000000e+00  1.0000000e+00]]
[+0046.37, -0024.05, -1080.62]
1040, 778, 1283
[[-2.2407760e-01  6.4030236e-01 -7.3416788e-01  1.0132000e+02]
 [-5.3926800e-03  7.5289366e-01  6.5799744e-01  1.3772000e+02]
 [ 9.7414604e-01  1.5166608e-01 -1.6515370e-01 -1.1790000e+03]
 [ 0.0000000e+00  0.0000000e+00  0.0000000e+00  1.0000000e+00]]
[+0022.71, +0000.69, -1093.58]
866, 919, 1185
[[-2.2243266e-01  6.4074776e-01 -7.3453876e-01  1.0141000e+02]
 [-6.0661600e-03  7.5269622e-01  6.5827568e-01  1.3777000e+02]
 [ 9.7471436e-01  1.5101648e-01 -1.6348488e-01 -1.1790400e+03]
 [ 0.0000000e+00  0.0000000e+00  0.0000000e+00  1.0000000e+00]]
[+0049.38, -0025.65, -1080.00]
911, 1300, 1646
[[-2.2385640e-01  6.3964932e-01 -7.3491484e-01  1.0121000e+02]
 [-5.9105200e-03  7.5346158e-01  6.5736774e-01  1.3775000e+02]
 [ 9.7427724e-01  1.5171034e-01 -1.6480698e-01 -1.1790100e+03]
 [ 0.0000000e+00  0.0000000e+00  0.0000000e+00  1.0000000e+00]]
[+0051.95, -0058.24, -1112.01]
866, 919, 1185
[[-2.2294660e-01  6.4076790e-01 -7.3433170e-01  1.0141000e+02]
 [-6.2920200e-03  7.5256156e-01  6.5841990e-01  1.3773000e+02]
 [ 9.7457014e-01  1.5156798e-01 -1.6369060e-01 -1.1790500e+03]
 [ 0.0000000e+00  0.0000000e+00  0.0000000e+00  1.0000000e+00]]
[+0046.41, -0023.94, -1080.49]
1018, 1032, 1076
[[-2.2342098e-01  6.4062710e-01 -7.3431616e-01  1.0134000e+02]
 [-5.9777000e-03  7.5267230e-01  6.5829760e-01  1.3777000e+02]
 [ 9.7446784e-01  1.5161920e-01 -1.6427572e-01 -1.1790300e+03]
 [ 0.0000000e+00  0.0000000e+00  0.0000000e+00  1.0000000e+00]]
[+0069.35, -0002.73, -1070.84]
866, 919, 1185
[[-2.2319962e-01  6.4083240e-01 -7.3423696e-01  1.0138000e+02]
 [-5.3052000e-03  7.5263320e-01  6.5835540e-01  1.3775000e+02]
 [ 9.7454704e-01  1.5097620e-01 -1.6453618e-01 -1.1790000e+03]
 [ 0.0000000e+00  0.0000000e+00  0.0000000e+00  1.0000000e+00]]
[+0045.39, -0024.74, -1080.68]
810, 1453, 1277
[[-2.2257530e-01  6.4031178e-01 -7.3479984e-01  1.0132000e+02]
 [-5.4565800e-03  7.5313862e-01  6.5775784e-01  1.3778000e+02]
 [ 9.7462824e-01  1.5058544e-01 -1.6406992e-01 -1.1790300e+03]
 [ 0.0000000e+00  0.0000000e+00  0.0000000e+00  1.0000000e+00]]
[+0095.22, -0059.02, -1093.87]
1152, 1960, 1153
[[-2.2513818e-01  6.3957166e-01 -7.3480820e-01  1.0122000e+02]
 [-5.7793400e-03  7.5343758e-01  6.5744540e-01  1.3780000e+02]
 [ 9.7414660e-01  1.5236780e-01 -1.6589160e-01 -1.1790400e+03]
 [ 0.0000000e+00  0.0000000e+00  0.0000000e+00  1.0000000e+00]]
[+0147.33, -0028.42, -1104.59]
810, 1453, 1277
[[-2.2338162e-01  6.4046640e-01 -7.3450780e-01  1.0134000e+02]
 [-5.4376000e-03  7.5291750e-01  6.5803080e-01  1.3779000e+02]
 [ 9.7450980e-01  1.5111880e-01 -1.6465512e-01 -1.1790000e+03]
 [ 0.0000000e+00  0.0000000e+00  0.0000000e+00  1.0000000e+00]]
[+0095.00, -0058.57, -1093.86]
1591, 1082, 1920
[[-2.2597840e-01  6.3888068e-01 -7.3492924e-01  1.0109000e+02]
 [-5.3282000e-03  7.5394224e-01  6.5682068e-01  1.3768000e+02]
 [ 9.7378700e-01  1.5255580e-01 -1.6689040e-01 -1.1790200e+03]
 [ 0.0000000e+00  0.0000000e+00  0.0000000e+00  1.0000000e+00]]
[+0013.90, +0008.46, -1133.19]
810, 1453, 1277
[[-2.2279642e-01  6.4049020e-01 -7.3456676e-01  1.0138000e+02]
 [-5.6350000e-03  7.5291750e-01  6.5800700e-01  1.3780000e+02]
 [ 9.7456876e-01  1.5092140e-01 -1.6406992e-01 -1.1790400e+03]
 [ 0.0000000e+00  0.0000000e+00  0.0000000e+00  1.0000000e+00]]
[+0095.52, -0057.44, -1093.26]
1052, 1179, 824
[[-2.2342098e-01  6.4086434e-01 -7.3405914e-01  1.0140000e+02]
 [-5.6297400e-03  7.5249870e-01  6.5848778e-01  1.3779000e+02]
 [ 9.7443226e-01  1.5142902e-01 -1.6444932e-01 -1.1790200e+03]
 [ 0.0000000e+00  0.0000000e+00  0.0000000e+00  1.0000000e+00]]
[+0107.62, +0010.78, -1067.14]
810, 1453, 1277
[[-2.2279642e-01  6.4039922e-01 -7.3476834e-01  1.0134000e+02]
 [-5.8365800e-03  7.5300428e-01  6.5793354e-01  1.3780000e+02]
 [ 9.7465974e-01  1.5099486e-01 -1.6398314e-01 -1.1790500e+03]
 [ 0.0000000e+00  0.0000000e+00  0.0000000e+00  1.0000000e+00]]
[+0095.48, -0058.73, -1093.70]
1436, 1044, 940
[[-2.2418826e-01  6.4047442e-01 -7.3427086e-01  1.0133000e+02]
 [-5.5647400e-03  7.5278300e-01  6.5818718e-01  1.3777000e+02]
 [ 9.7433578e-01  1.5176906e-01 -1.6515370e-01 -1.1790100e+03]
 [ 0.0000000e+00  0.0000000e+00  0.0000000e+00  1.0000000e+00]]
[+0081.60, +0054.28, -1083.28]
1132, 930, 971
[[-2.2312840e-01  6.4078536e-01 -7.3429028e-01  1.0137000e+02]
 [-5.9301600e-03  7.5258552e-01  6.5840244e-01  1.3776000e+02]
 [ 9.7455268e-01  1.5140364e-01 -1.6406992e-01 -1.1790300e+03]
 [ 0.0000000e+00  0.0000000e+00  0.0000000e+00  1.0000000e+00]]
[+0063.73, +0023.48, -1071.77]
1436, 1044, 940
[[-2.2407760e-01  6.4050404e-01 -7.3425892e-01  1.0132000e+02]
 [-5.3016400e-03  7.5280688e-01  6.5815756e-01  1.3775000e+02]
 [ 9.7434772e-01  1.5150596e-01 -1.6524048e-01 -1.1790100e+03]
 [ 0.0000000e+00  0.0000000e+00  0.0000000e+00  1.0000000e+00]]
[+0082.56, +0053.87, -1083.13]
1507, 914, 1163
[[-2.2437034e-01  6.4019936e-01 -7.3433992e-01  1.0128000e+02]
 [-5.4956800e-03  7.5298040e-01  6.5793604e-01  1.3774000e+02]
 [ 9.7420744e-01  1.5183812e-01 -1.6535970e-01 -1.1790200e+03]
 [ 0.0000000e+00  0.0000000e+00  0.0000000e+00  1.0000000e+00]]
[+0048.47, +0053.95, -1097.10]
1436, 1044, 940
[[-2.2429896e-01  6.4059116e-01 -7.3422748e-01  1.0132000e+02]
 [-5.6814800e-03  7.5267230e-01  6.5833354e-01  1.3777000e+02]
 [ 9.7437916e-01  1.5191542e-01 -1.6515370e-01 -1.1790100e+03]
 [ 0.0000000e+00  0.0000000e+00  0.0000000e+00  1.0000000e+00]]
[+0082.61, +0052.39, -1082.53]
1520, 768, 752
[[-2.2404594e-01  6.4109184e-01 -7.3360670e-01  1.0142000e+02]
 [-5.7704000e-03  7.5216636e-01  6.5885184e-01  1.3777000e+02]
 [ 9.7424034e-01  1.5205360e-01 -1.6474194e-01 -1.1790100e+03]
 [ 0.0000000e+00  0.0000000e+00  0.0000000e+00  1.0000000e+00]]
[+0074.65, +0086.62, -1104.69]
1436, 1044, 940
[[-2.2407760e-01  6.4026664e-01 -7.3451592e-01  1.0129000e+02]
 [-5.6496800e-03  7.5298040e-01  6.5796744e-01  1.3778000e+02]
 [ 9.7438344e-01  1.5169608e-01 -1.6506696e-01 -1.1790200e+03]
 [ 0.0000000e+00  0.0000000e+00  0.0000000e+00  1.0000000e+00]]
[+0081.13, +0051.47, -1082.58]
1165, 1899, 843
[[-2.2407760e-01  6.4021132e-01 -7.3436956e-01  1.0131000e+02]
 [-5.5943600e-03  7.5298040e-01  6.5792408e-01  1.3782000e+02]
 [ 9.7423708e-01  1.5173944e-01 -1.6506696e-01 -1.1790100e+03]
 [ 0.0000000e+00  0.0000000e+00  0.0000000e+00  1.0000000e+00]]
[+0164.28, -0008.23, -1106.78]
1153, 1535, 1311
[[-2.2356370e-01  6.4010032e-01 -7.3477856e-01  1.0126000e+02]
 [-5.5700800e-03  7.5320160e-01  6.5770616e-01  1.3779000e+02]
 [ 9.7447264e-01  1.5126136e-01 -1.6477426e-01 -1.1790300e+03]
 [ 0.0000000e+00  0.0000000e+00  0.0000000e+00  1.0000000e+00]]
[+0094.48, -0024.80, -1082.74]
1165, 1899, 843
[[-2.2367428e-01  6.4016182e-01 -7.3458886e-01  1.0132000e+02]
 [-5.6315800e-03  7.5309102e-01  6.5780914e-01  1.3784000e+02]
 [ 9.7436966e-01  1.5145106e-01 -1.6477426e-01 -1.1790200e+03]
 [ 0.0000000e+00  0.0000000e+00  0.0000000e+00  1.0000000e+00]]
[+0164.78, -0008.68, -1107.06]
1267, 2046, 959
[[-2.2451370e-01  6.3943518e-01 -7.3505894e-01  1.0122000e+02]
 [-5.4365800e-03  7.5368262e-01  6.5715414e-01  1.3782000e+02]
 [ 9.7424814e-01  1.5166994e-01 -1.6568532e-01 -1.1790200e+03]
 [ 0.0000000e+00  0.0000000e+00  0.0000000e+00  1.0000000e+00]]
[+0164.56, -0009.54, -1114.19]
1165, 1899, 843
[[-2.2396698e-01  6.4044260e-01 -7.3444868e-01  1.0132000e+02]
 [-5.2402000e-03  7.5291750e-01  6.5805460e-01  1.3783000e+02]
 [ 9.7445068e-01  1.5131620e-01 -1.6524048e-01 -1.1790100e+03]
 [ 0.0000000e+00  0.0000000e+00  0.0000000e+00  1.0000000e+00]]
[+0161.57, -0007.27, -1105.46]
981, 1980, 901
[[-2.2392810e-01  6.3998934e-01 -7.3475088e-01  1.0131000e+02]
 [-4.9929000e-03  7.5333590e-01  6.5755400e-01  1.3784000e+02]
 [ 9.7438200e-01  1.5104912e-01 -1.6544644e-01 -1.1790000e+03]
 [ 0.0000000e+00  0.0000000e+00  0.0000000e+00  1.0000000e+00]]
[+0166.05, -0029.51, -1117.48]
1165, 1899, 843
[[-2.2360290e-01  6.4026104e-01 -7.3458702e-01  1.0131000e+02]
 [-6.1101600e-03  7.5295644e-01  6.5797304e-01  1.3783000e+02]
 [ 9.7443058e-01  1.5176184e-01 -1.6439490e-01 -1.1790200e+03]
 [ 0.0000000e+00  0.0000000e+00  0.0000000e+00  1.0000000e+00]]
[+0161.49, -0006.32, -1105.35]
1151, 2150, 768
[[-2.2433138e-01  6.3965502e-01 -7.3484364e-01  1.0123000e+02]
 [-5.4502200e-03  7.5348550e-01  6.5736204e-01  1.3787000e+02]
 [ 9.7422996e-01  1.5164436e-01 -1.6547912e-01 -1.1790300e+03]
 [ 0.0000000e+00  0.0000000e+00  0.0000000e+00  1.0000000e+00]]
[+0178.80, -0010.31, -1134.46]
1665, 1825, 1042
[[-2.2469610e-01  6.3959940e-01 -7.3496210e-01  1.0119000e+02]
 [-4.9284400e-03  7.5361980e-01  6.5725308e-01  1.3780000e+02]
 [ 9.7428558e-01  1.5138860e-01 -1.6615146e-01 -1.1790300e+03]
 [ 0.0000000e+00  0.0000000e+00  0.0000000e+00  1.0000000e+00]]
[+0136.24, +0033.72, -1099.19]
1151, 2150, 768
[[-2.2392810e-01  6.3984296e-01 -7.3480612e-01  1.0128000e+02]
 [-5.1392800e-03  7.5342264e-01  6.5743724e-01  1.3789000e+02]
 [ 9.7432676e-01  1.5116588e-01 -1.6535970e-01 -1.1790100e+03]
 [ 0.0000000e+00  0.0000000e+00  0.0000000e+00  1.0000000e+00]]
[+0179.03, -0011.29, -1135.05]
1063, 2191, 980
[[-2.2381764e-01  6.3910474e-01 -7.3541834e-01  1.0120000e+02]
 [-5.8648600e-03  7.5396620e-01  6.5679358e-01  1.3788000e+02]
 [ 9.7430006e-01  1.5151678e-01 -1.6492660e-01 -1.1790500e+03]
 [ 0.0000000e+00  0.0000000e+00  0.0000000e+00  1.0000000e+00]]
[+0168.97, -0029.12, -1132.01]
1151, 2150, 768
[[-2.2403860e-01  6.3995972e-01 -7.3476276e-01  1.0128000e+02]
 [-5.2560400e-03  7.5331214e-01  6.5758362e-01  1.3788000e+02]
 [ 9.7437012e-01  1.5131226e-01 -1.6535970e-01 -1.1790000e+03]
 [ 0.0000000e+00  0.0000000e+00  0.0000000e+00  1.0000000e+00]]
[+0177.89, -0011.36, -1134.03]
957, 1829, 750
[[-2.2297842e-01  6.4074510e-01 -7.3426856e-01  1.0142000e+02]
 [-4.9253000e-03  7.5276750e-01  6.5817960e-01  1.3783000e+02]
 [ 9.7451544e-01  1.5056680e-01 -1.6462308e-01 -1.1789900e+03]
 [ 0.0000000e+00  0.0000000e+00  0.0000000e+00  1.0000000e+00]]
[+0165.51, -0018.88, -1106.99]
1151, 2150, 768
[[-2.2400000e-01  6.3956160e-01 -7.3521120e-01  1.0120000e+02]
 [-5.0640000e-03  7.5373022e-01  6.5712626e-01  1.3789000e+02]
 [ 9.7444800e-01  1.5100174e-01 -1.6556578e-01 -1.1790200e+03]
 [ 0.0000000e+00  0.0000000e+00  0.0000000e+00  1.0000000e+00]]
[+0179.90, -0010.46, -1136.53]
1596, 1304, 1881
[[-2.2568538e-01  6.3909442e-01 -7.3505038e-01  1.0108000e+02]
 [-5.3354200e-03  7.5385574e-01  6.5696858e-01  1.3771000e+02]
 [ 9.7401862e-01  1.5229742e-01 -1.6668388e-01 -1.1790200e+03]
 [ 0.0000000e+00  0.0000000e+00  0.0000000e+00  1.0000000e+00]]
[+0028.87, +0001.40, -1116.45]
1817, 1821, 1801
[[-2.2634368e-01  6.3867872e-01 -7.3510240e-01  1.0105000e+02]
 [-4.9532800e-03  7.5416312e-01  6.5659480e-01  1.3777000e+02]
 [ 9.7378720e-01  1.5241640e-01 -1.6747656e-01 -1.1789300e+03]
 [ 0.0000000e+00  0.0000000e+00  0.0000000e+00  1.0000000e+00]]
[+0077.68, +0007.66, -1098.14]
1596, 1304, 1881
[[-2.2392810e-01  6.3922154e-01 -7.3537508e-01  1.0122000e+02]
 [-5.9816600e-03  7.5385574e-01  6.5693996e-01  1.3774000e+02]
 [ 9.7434332e-01  1.5166316e-01 -1.6492660e-01 -1.1788700e+03]
 [ 0.0000000e+00  0.0000000e+00  0.0000000e+00  1.0000000e+00]]
[+0029.79, -0000.88, -1115.85]
1753, 1158, 1376
[[-2.2392810e-01  6.3984296e-01 -7.3480612e-01  1.0131000e+02]
 [-5.1392800e-03  7.5342264e-01  6.5743724e-01  1.3777000e+02]
 [ 9.7432676e-01  1.5116588e-01 -1.6535970e-01 -1.1788700e+03]
 [ 0.0000000e+00  0.0000000e+00  0.0000000e+00  1.0000000e+00]]
[+0057.49, +0053.07, -1102.47]
1596, 1304, 1881
[[-2.2388962e-01  6.3935360e-01 -7.3545612e-01  1.0122000e+02]
 [-5.1488000e-03  7.5392726e-01  6.5690640e-01  1.3773000e+02]
 [ 9.7449588e-01  1.5092880e-01 -1.6547912e-01 -1.1788200e+03]
 [ 0.0000000e+00  0.0000000e+00  0.0000000e+00  1.0000000e+00]]
[+0029.93, -0001.83, -1115.85]
1007, 1517, 1635
[[-2.2253650e-01  6.4029720e-01 -7.3493650e-01  1.0138000e+02]
 [-4.7700000e-03  7.5329632e-01  6.5760792e-01  1.3780000e+02]
 [ 9.7472530e-01  1.4996808e-01 -1.6453618e-01 -1.1787800e+03]
 [ 0.0000000e+00  0.0000000e+00  0.0000000e+00  1.0000000e+00]]
[+0072.26, -0053.60, -1103.35]
1596, 1304, 1881
[[-2.2476820e-01  6.3926284e-01 -7.3522068e-01  1.0120000e+02]
 [-4.7981200e-03  7.5392726e-01  6.5689866e-01  1.3772000e+02]
 [ 9.7426044e-01  1.5126762e-01 -1.6635770e-01 -1.1788000e+03]
 [ 0.0000000e+00  0.0000000e+00  0.0000000e+00  1.0000000e+00]]
[+0029.07, +0001.83, -1116.10]
1628, 1623, 852
[[-2.2444192e-01  6.4015568e-01 -7.3448808e-01  1.0128000e+02]
 [-5.0724800e-03  7.5311486e-01  6.5781528e-01  1.3780000e+02]
 [ 9.7429272e-01  1.5148392e-01 -1.6573922e-01 -1.1789700e+03]
 [ 0.0000000e+00  0.0000000e+00  0.0000000e+00  1.0000000e+00]]
[+0139.59, +0048.05, -1100.19]
2193, 963, 1112
[[-2.2685770e-01  6.3908260e-01 -7.3458230e-01  1.0115000e+02]
 [-4.6843600e-03  7.5376920e-01  6.5704652e-01  1.3765000e+02]
 [ 9.7366102e-01  1.5266140e-01 -1.6794274e-01 -1.1789600e+03]
 [ 0.0000000e+00  0.0000000e+00  0.0000000e+00  1.0000000e+00]]
[+0072.54, +0092.65, -1148.22]
1628, 1623, 852
[[-2.2414914e-01  6.4002120e-01 -7.3457302e-01  1.0130000e+02]
 [-5.3175200e-03  7.5320160e-01  6.5768664e-01  1.3780000e+02]
 [ 9.7426710e-01  1.5150200e-01 -1.6535970e-01 -1.1789700e+03]
 [ 0.0000000e+00  0.0000000e+00  0.0000000e+00  1.0000000e+00]]
[+0138.45, +0043.76, -1098.52]
1122, 1360, 1284
[[-2.2389556e-01  6.4001170e-01 -7.3481450e-01  1.0130000e+02]
 [-6.3595000e-03  7.5312972e-01  6.5779478e-01  1.3779000e+02]
 [ 9.7443670e-01  1.5205078e-01 -1.6451428e-01 -1.1789900e+03]
 [ 0.0000000e+00  0.0000000e+00  0.0000000e+00  1.0000000e+00]]
[+0080.51, -0019.78, -1079.34]
1628, 1623, 852
[[-2.2433138e-01  6.3974616e-01 -7.3464198e-01  1.0126000e+02]
 [-5.2485600e-03  7.5339884e-01  6.5743544e-01  1.3781000e+02]
 [ 9.7413882e-01  1.5157096e-01 -1.6556578e-01 -1.1789800e+03]
 [ 0.0000000e+00  0.0000000e+00  0.0000000e+00  1.0000000e+00]]
[+0139.94, +0048.80, -1100.66]
1980, 2234, 1635
[[-2.2740610e-01  6.3789152e-01 -7.3559466e-01  1.0095000e+02]
 [-5.2865600e-03  7.5470540e-01  6.5599968e-01  1.3783000e+02]
 [ 9.7364118e-01  1.5315984e-01 -1.6821746e-01 -1.1790000e+03]
 [ 0.0000000e+00  0.0000000e+00  0.0000000e+00  1.0000000e+00]]
[+0120.32, +0010.20, -1106.08]
1628, 1623, 852
[[-2.2437034e-01  6.4025468e-01 -7.3448630e-01  1.0130000e+02]
 [-5.5510000e-03  7.5298040e-01  6.5797940e-01  1.3780000e+02]
 [ 9.7435382e-01  1.5179476e-01 -1.6535970e-01 -1.1789600e+03]
 [ 0.0000000e+00  0.0000000e+00  0.0000000e+00  1.0000000e+00]]
[+0137.34, +0044.38, -1098.87]
2054, 1928, 955
[[-2.2605058e-01  6.3845280e-01 -7.3538928e-01  1.0105000e+02]
 [-5.4000000e-03  7.5433600e-01  6.5639280e-01  1.3784000e+02]
 [ 9.7385328e-01  1.5250800e-01 -1.6701058e-01 -1.1790600e+03]
 [ 0.0000000e+00  0.0000000e+00  0.0000000e+00  1.0000000e+00]]
[+0143.43, +0055.27, -1125.05]
1943, 1860, 802
[[-2.2396698e-01  6.4000352e-01 -7.3461458e-01  1.0129000e+02]
 [-5.6792800e-03  7.5317772e-01  6.5770432e-01  1.3784000e+02]
 [ 9.7428478e-01  1.5166648e-01 -1.6498026e-01 -1.1790100e+03]
 [ 0.0000000e+00  0.0000000e+00  0.0000000e+00  1.0000000e+00]]
[+0150.26, +0057.74, -1128.71]
2054, 1928, 955
[[-2.2641610e-01  6.3863534e-01 -7.3525032e-01  1.0106000e+02]
 [-4.5302600e-03  7.5429734e-01  6.5647344e-01  1.3786000e+02]
 [ 9.7387248e-01  1.5206184e-01 -1.6785620e-01 -1.1790200e+03]
 [ 0.0000000e+00  0.0000000e+00  0.0000000e+00  1.0000000e+00]]
[+0143.02, +0054.89, -1124.60]
1797, 1629, 1271
[[-2.2451370e-01  6.3958160e-01 -7.3500370e-01  1.0120000e+02]
 [-5.2901600e-03  7.5359600e-01  6.5727088e-01  1.3778000e+02]
 [ 9.7430338e-01  1.5155320e-01 -1.6577194e-01 -1.1789700e+03]
 [ 0.0000000e+00  0.0000000e+00  0.0000000e+00  1.0000000e+00]]
[+0101.54, +0036.99, -1092.98]
2054, 1928, 955
[[-2.2627146e-01  6.3863084e-01 -7.3515634e-01  1.0110000e+02]
 [-5.5780400e-03  7.5411512e-01  6.5664268e-01  1.3785000e+02]
 [ 9.7379314e-01  1.5284428e-01 -1.6701058e-01 -1.1790400e+03]
 [ 0.0000000e+00  0.0000000e+00  0.0000000e+00  1.0000000e+00]]
[+0143.47, +0055.05, -1124.46]
2187, 1780, 923
[[-2.2681962e-01  6.3892286e-01 -7.3477350e-01  1.0110000e+02]
 [-4.1448600e-03  7.5401388e-01  6.5677850e-01  1.3782000e+02]
 [ 9.7370290e-01  1.5216030e-01 -1.6832250e-01 -1.1790000e+03]
 [ 0.0000000e+00  0.0000000e+00  0.0000000e+00  1.0000000e+00]]
[+0133.30, +0069.14, -1130.97]
2054, 1928, 955
[[-2.2553680e-01  6.3896408e-01 -7.3522976e-01  1.0113000e+02]
 [-4.5324800e-03  7.5412422e-01  6.5667106e-01  1.3785000e+02]
 [ 9.7407256e-01  1.5153326e-01 -1.6715002e-01 -1.1789600e+03]
 [ 0.0000000e+00  0.0000000e+00  0.0000000e+00  1.0000000e+00]]
[+0143.64, +0054.96, -1125.39]
1954, 1977, 1587
[[-2.2491706e-01  6.3900946e-01 -7.3535342e-01  1.0113000e+02]
 [-6.0957800e-03  7.5391820e-01  6.5688886e-01  1.3782000e+02]
 [ 9.7418714e-01  1.5233858e-01 -1.6563210e-01 -1.1790300e+03]
 [ 0.0000000e+00  0.0000000e+00  0.0000000e+00  1.0000000e+00]]
[+0104.75, +0016.79, -1099.29]
2066, 2167, 2044
[[-2.2670928e-01  6.3770756e-01 -7.3589964e-01  1.0091000e+02]
 [-5.5683600e-03  7.5490200e-01  6.5575552e-01  1.3777000e+02]
 [ 9.7374956e-01  1.5289008e-01 -1.6754472e-01 -1.1790100e+03]
 [ 0.0000000e+00  0.0000000e+00  0.0000000e+00  1.0000000e+00]]
[+0086.52, -0004.07, -1108.80]
1954, 1977, 1587
[[-2.2433138e-01  6.3917994e-01 -7.3535748e-01  1.0118000e+02]
 [-6.1463400e-03  7.5383174e-01  6.5698156e-01  1.3777000e+02]
 [ 9.7430172e-01  1.5202484e-01 -1.6513288e-01 -1.1790200e+03]
 [ 0.0000000e+00  0.0000000e+00  0.0000000e+00  1.0000000e+00]]
[+0105.19, +0020.17, -1099.20]
1706, 1207, 1967
[[-2.2509946e-01  6.3902716e-01 -7.3531168e-01  1.0109000e+02]
 [-5.7341200e-03  7.5394224e-01  6.5687116e-01  1.3769000e+02]
 [ 9.7416944e-01  1.5217388e-01 -1.6601146e-01 -1.1789900e+03]
 [ 0.0000000e+00  0.0000000e+00  0.0000000e+00  1.0000000e+00]]
[+0020.81, +0006.22, -1129.43]
1954, 1977, 1587
[[-2.2645410e-01  6.3864876e-01 -7.3511438e-01  1.0108000e+02]
 [-5.2164400e-03  7.5413916e-01  6.5662476e-01  1.3780000e+02]
 [ 9.7377522e-01  1.5267956e-01 -1.6739010e-01 -1.1790200e+03]
 [ 0.0000000e+00  0.0000000e+00  0.0000000e+00  1.0000000e+00]]
[+0109.16, +0023.19, -1099.53]
1276, 2226, 1649
[[-2.2443730e-01  6.3858354e-01 -7.3580892e-01  1.0109000e+02]
 [-4.9975800e-03  7.5451790e-01  6.5619564e-01  1.3782000e+02]
 [ 9.7425804e-01  1.5109188e-01 -1.6609796e-01 -1.1789900e+03]
 [ 0.0000000e+00  0.0000000e+00  0.0000000e+00  1.0000000e+00]]
[+0127.56, -0047.85, -1120.13]
1954, 1977, 1587
[[-2.2616100e-01  6.3880730e-01 -7.3508910e-01  1.0109000e+02]
 [-5.1683400e-03  7.5405270e-01  6.5672938e-01  1.3778000e+02]
 [ 9.7386038e-01  1.5246450e-01 -1.6718346e-01 -1.1790100e+03]
 [ 0.0000000e+00  0.0000000e+00  0.0000000e+00  1.0000000e+00]]
[+0103.80, +0026.63, -1100.13]
1166, 1411, 1101
[[-2.2374586e-01  6.4044654e-01 -7.3427860e-01  1.0131000e+02]
 [-4.6587000e-03  7.5296494e-01  6.5795196e-01  1.3780000e+02]
 [ 9.7432804e-01  1.5083340e-01 -1.6541416e-01 -1.1789600e+03]
 [ 0.0000000e+00  0.0000000e+00  0.0000000e+00  1.0000000e+00]]
[+0102.47, -0005.50, -1075.08]
905, 1182, 1138
[[-2.2257530e-01  6.4069536e-01 -7.3448778e-01  1.0139000e+02]
 [-4.9624800e-03  7.5287804e-01  6.5806496e-01  1.3780000e+02]
 [ 9.7464774e-01  1.5027832e-01 -1.6433050e-01 -1.1789800e+03]
 [ 0.0000000e+00  0.0000000e+00  0.0000000e+00  1.0000000e+00]]
[+0079.14, -0029.60, -1075.21]
1166, 1411, 1101
[[-2.2356370e-01  6.4019138e-01 -7.3457694e-01  1.0131000e+02]
 [-5.3684600e-03  7.5311486e-01  6.5777958e-01  1.3779000e+02]
 [ 9.7438158e-01  1.5118794e-01 -1.6486100e-01 -1.1789900e+03]
 [ 0.0000000e+00  0.0000000e+00  0.0000000e+00  1.0000000e+00]]
[+0103.00, -0005.08, -1075.20]
1295, 1267, 1128
[[-2.2308900e-01  6.4024100e-01 -7.3479420e-01  1.0130000e+02]
 [-5.8842000e-03  7.5309102e-01  6.5782862e-01  1.3777000e+02]
 [ 9.7457500e-01  1.5121038e-01 -1.6418898e-01 -1.1790300e+03]
 [ 0.0000000e+00  0.0000000e+00  0.0000000e+00  1.0000000e+00]]
[+0083.83, +0014.76, -1075.42]
1166, 1411, 1101
[[-2.2367428e-01  6.4030816e-01 -7.3453356e-01  1.0131000e+02]
 [-5.4852400e-03  7.5300428e-01  6.5792592e-01  1.3780000e+02]
 [ 9.7442496e-01  1.5133428e-01 -1.6486100e-01 -1.1790000e+03]
 [ 0.0000000e+00  0.0000000e+00  0.0000000e+00  1.0000000e+00]]
[+0102.77, -0005.93, -1075.04]
1168, 1366, 850
[[-2.2338162e-01  6.4070374e-01 -7.3425088e-01  1.0138000e+02]
 [-5.0896600e-03  7.5274382e-01  6.5822096e-01  1.3782000e+02]
 [ 9.7447408e-01  1.5092864e-01 -1.6482880e-01 -1.1789700e+03]
 [ 0.0000000e+00  0.0000000e+00  0.0000000e+00  1.0000000e+00]]
[+0122.31, +0012.17, -1074.26]
1166, 1411, 1101
[[-2.2338162e-01  6.4008274e-01 -7.3482002e-01  1.0130000e+02]
 [-5.9318600e-03  7.5317772e-01  6.5772374e-01  1.3778000e+02]
 [ 9.7449022e-01  1.5142586e-01 -1.6439490e-01 -1.1790200e+03]
 [ 0.0000000e+00  0.0000000e+00  0.0000000e+00  1.0000000e+00]]
[+0102.44, -0006.62, -1075.27]
2149, 893, 2028
[[-2.3298564e-01  6.3429982e-01 -7.3678130e-01  1.0041000e+02]
 [-7.1125000e-03  7.5676460e-01  6.5356810e-01  1.3738000e+02]
 [ 9.7217918e-01  1.5768826e-01 -1.7173780e-01 -1.1789200e+03]
 [ 0.0000000e+00  0.0000000e+00  0.0000000e+00  1.0000000e+00]]
[+0020.56, +0044.91, -1161.50]
1901, 852, 988
[[-2.2480656e-01  6.3956968e-01 -7.3497400e-01  1.0118000e+02]
 [-5.1916000e-03  7.5359600e-01  6.5728280e-01  1.3781000e+02]
 [ 9.7427368e-01  1.5165176e-01 -1.6606480e-01 -1.1789800e+03]
 [ 0.0000000e+00  0.0000000e+00  0.0000000e+00  1.0000000e+00]]
[+0067.52, +0087.65, -1128.71]
2149, 893, 2028
[[-2.3316936e-01  6.3363808e-01 -7.3716084e-01  1.0032000e+02]
 [-7.5417600e-03  7.5721590e-01  6.5301128e-01  1.3746000e+02]
 [ 9.7203212e-01  1.5806136e-01 -1.7169090e-01 -1.1789500e+03]
 [ 0.0000000e+00  0.0000000e+00  0.0000000e+00  1.0000000e+00]]
[+0021.19, +0044.72, -1160.90]
2083, 758, 2048
[[-2.3500834e-01  6.3221368e-01 -7.3811422e-01  1.0016000e+02]
 [-8.1704800e-03  7.5820128e-01  6.5192968e-01  1.3739000e+02]
 [ 9.7182302e-01  1.5932648e-01 -1.7298562e-01 -1.1788800e+03]
 [ 0.0000000e+00  0.0000000e+00  0.0000000e+00  1.0000000e+00]]
[+0017.38, +0044.58, -1170.51]
2149, 893, 2028
[[-2.3309640e-01  6.3331996e-01 -7.3753872e-01  1.0028000e+02]
 [-6.4650000e-03  7.5770670e-01  6.5247160e-01  1.3751000e+02]
 [ 9.7211920e-01  1.5705672e-01 -1.7244954e-01 -1.1789500e+03]
 [ 0.0000000e+00  0.0000000e+00  0.0000000e+00  1.0000000e+00]]
[+0020.83, +0043.87, -1161.70]
1509, 1228, 2167
[[-2.2538890e-01  6.3724058e-01 -7.3651004e-01  1.0095000e+02]
 [-5.6531800e-03  7.5542918e-01  6.5510276e-01  1.3779000e+02]
 [ 9.7390484e-01  1.5203956e-01 -1.6657908e-01 -1.1790300e+03]
 [ 0.0000000e+00  0.0000000e+00  0.0000000e+00  1.0000000e+00]]
[+0017.36, -0018.91, -1143.56]
2149, 893, 2028
[[-2.3309602e-01  6.3533480e-01 -7.3605820e-01  1.0046000e+02]
 [-6.0892000e-03  7.5605600e-01  6.5444320e-01  1.3754000e+02]
 [ 9.7231420e-01  1.5710720e-01 -1.7233602e-01 -1.1789600e+03]
 [ 0.0000000e+00  0.0000000e+00  0.0000000e+00  1.0000000e+00]]
[+0019.57, +0043.82, -1161.91]
774, 923, 1185
[[-2.2327104e-01  6.4002120e-01 -7.3500968e-01  1.0128000e+02]
 [-5.8703200e-03  7.5328830e-01  6.5762076e-01  1.3786000e+02]
 [ 9.7459320e-01  1.5123620e-01 -1.6439490e-01 -1.1790300e+03]
 [ 0.0000000e+00  0.0000000e+00  0.0000000e+00  1.0000000e+00]]
[+0048.91, -0035.02, -1082.31]
1251, 919, 1170
[[-2.2429282e-01  6.3954974e-01 -7.3518156e-01  1.0117000e+02]
 [-4.9654600e-03  7.5373022e-01  6.5713812e-01  1.3782000e+02]
 [ 9.7441836e-01  1.5110028e-01 -1.6585860e-01 -1.1790000e+03]
 [ 0.0000000e+00  0.0000000e+00  0.0000000e+00  1.0000000e+00]]
[+0047.59, +0025.02, -1082.90]
774, 923, 1185
[[-2.2385640e-01  6.3964932e-01 -7.3491484e-01  1.0127000e+02]
 [-5.9105200e-03  7.5346158e-01  6.5736774e-01  1.3786000e+02]
 [ 9.7427724e-01  1.5171034e-01 -1.6480698e-01 -1.1790200e+03]
 [ 0.0000000e+00  0.0000000e+00  0.0000000e+00  1.0000000e+00]]
[+0050.32, -0034.34, -1080.82]
783, 1823, 1279
[[-2.2436496e-01  6.3868252e-01 -7.3580724e-01  1.0110000e+02]
 [-5.4759600e-03  7.5438384e-01  6.5635988e-01  1.3788000e+02]
 [ 9.7431908e-01  1.5140316e-01 -1.6571856e-01 -1.1790300e+03]
 [ 0.0000000e+00  0.0000000e+00  0.0000000e+00  1.0000000e+00]]
[+0130.42, -0067.02, -1117.81]
774, 923, 1185
[[-2.2396698e-01  6.3991246e-01 -7.3481624e-01  1.0127000e+02]
 [-5.8809400e-03  7.5326438e-01  6.5763088e-01  1.3785000e+02]
 [ 9.7437584e-01  1.5173992e-01 -1.6489360e-01 -1.1790200e+03]
 [ 0.0000000e+00  0.0000000e+00  0.0000000e+00  1.0000000e+00]]
[+0048.16, -0035.63, -1082.69]
769, 939, 1028
[[-2.2345316e-01  6.3998352e-01 -7.3482192e-01  1.0129000e+02]
 [-5.4532800e-03  7.5331214e-01  6.5755982e-01  1.3786000e+02]
 [ 9.7442928e-01  1.5111502e-01 -1.6477426e-01 -1.1790100e+03]
 [ 0.0000000e+00  0.0000000e+00  0.0000000e+00  1.0000000e+00]]
[+0062.26, -0026.30, -1071.28]
774, 923, 1185
[[-2.2352490e-01  6.3964692e-01 -7.3508066e-01  1.0124000e+02]
 [-5.3226800e-03  7.5361980e-01  6.5720556e-01  1.3785000e+02]
 [ 9.7440414e-01  1.5099436e-01 -1.6498026e-01 -1.1790200e+03]
 [ 0.0000000e+00  0.0000000e+00  0.0000000e+00  1.0000000e+00]]
[+0047.32, -0037.11, -1083.02]
1101, 1428, 775
[[-2.2345316e-01  6.3945342e-01 -7.3518930e-01  1.0121000e+02]
 [-6.0939000e-03  7.5365870e-01  6.5713590e-01  1.3789000e+02]
 [ 9.7435458e-01  1.5153894e-01 -1.6442770e-01 -1.1790400e+03]
 [ 0.0000000e+00  0.0000000e+00  0.0000000e+00  1.0000000e+00]]
[+0136.01, +0008.17, -1077.49]
828, 1531, 1471
[[-2.2429282e-01  6.3901926e-01 -7.3554878e-01  1.0114000e+02]
 [-5.6063400e-03  7.5407662e-01  6.5671434e-01  1.3788000e+02]
 [ 9.7434398e-01  1.5152406e-01 -1.6551220e-01 -1.1790200e+03]
 [ 0.0000000e+00  0.0000000e+00  0.0000000e+00  1.0000000e+00]]
[+0088.01, -0067.73, -1107.15]
1101, 1428, 775
[[-2.2422088e-01  6.3959352e-01 -7.3503336e-01  1.0122000e+02]
 [-5.3887200e-03  7.5359600e-01  6.5725896e-01  1.3789000e+02]
 [ 9.7433304e-01  1.5145464e-01 -1.6547912e-01 -1.1790200e+03]
 [ 0.0000000e+00  0.0000000e+00  0.0000000e+00  1.0000000e+00]]
[+0135.85, +0008.36, -1077.70]
1211, 1769, 767
[[-2.2458568e-01  6.3924500e-01 -7.3526228e-01  1.0115000e+02]
 [-5.1598000e-03  7.5390350e-01  6.5691650e-01  1.3789000e+02]
 [ 9.7427828e-01  1.5143230e-01 -1.6597818e-01 -1.1790400e+03]
 [ 0.0000000e+00  0.0000000e+00  0.0000000e+00  1.0000000e+00]]
[+0162.22, +0006.66, -1100.35]
1101, 1428, 775
[[-2.2400000e-01  6.3956160e-01 -7.3521120e-01  1.0119000e+02]
 [-5.0640000e-03  7.5373022e-01  6.5712626e-01  1.3788000e+02]
 [ 9.7444800e-01  1.5100174e-01 -1.6556578e-01 -1.1790300e+03]
 [ 0.0000000e+00  0.0000000e+00  0.0000000e+00  1.0000000e+00]]
[+0135.97, +0008.21, -1077.67]
1947, 1162, 1145
[[-2.2670928e-01  6.3838540e-01 -7.3547724e-01  1.0101000e+02]
 [-4.7802000e-03  7.5447030e-01  6.5629540e-01  1.3785000e+02]
 [ 9.7387876e-01  1.5235020e-01 -1.6797642e-01 -1.1790200e+03]
 [ 0.0000000e+00  0.0000000e+00  0.0000000e+00  1.0000000e+00]]
[+0078.19, +0078.77, -1116.72]
1101, 1428, 775
[[-2.2433138e-01  6.3941748e-01 -7.3510056e-01  1.0122000e+02]
 [-5.7982800e-03  7.5365870e-01  6.5717184e-01  1.3790000e+02]
 [ 9.7426584e-01  1.5183456e-01 -1.6530592e-01 -1.1790400e+03]
 [ 0.0000000e+00  0.0000000e+00  0.0000000e+00  1.0000000e+00]]
[+0136.41, +0007.59, -1077.80]
2244, 1378, 762
[[-2.2678194e-01  6.3817668e-01 -7.3518530e-01  1.0100000e+02]
 [-4.1918000e-03  7.5460440e-01  6.5604420e-01  1.3787000e+02]
 [ 9.7352418e-01  1.5212524e-01 -1.6835610e-01 -1.1790500e+03]
 [ 0.0000000e+00  0.0000000e+00  0.0000000e+00  1.0000000e+00]]
[+0121.87, +0088.32, -1146.73]
2240, 1419, 1821
[[-2.2865236e-01  6.3677310e-01 -7.3600762e-01  1.0078000e+02]
 [-5.4976200e-03  7.5544300e-01  6.5511066e-01  1.3771000e+02]
 [ 9.7321990e-01  1.5401370e-01 -1.6916740e-01 -1.1790100e+03]
 [ 0.0000000e+00  0.0000000e+00  0.0000000e+00  1.0000000e+00]]
[+0048.70, +0051.51, -1128.90]
2244, 1378, 762
[[-2.2663682e-01  6.3866676e-01 -7.3507242e-01  1.0105000e+02]
 [-4.8548400e-03  7.5416312e-01  6.5660676e-01  1.3791000e+02]
 [ 9.7375722e-01  1.5251484e-01 -1.6776970e-01 -1.1790800e+03]
 [ 0.0000000e+00  0.0000000e+00  0.0000000e+00  1.0000000e+00]]
[+0120.93, +0088.37, -1147.50]
1994, 1344, 762
[[-2.2348650e-01  6.3963262e-01 -7.3521716e-01  1.0125000e+02]
 [-4.6361800e-03  7.5377750e-01  6.5705524e-01  1.3793000e+02]
 [ 9.7450124e-01  1.5037684e-01 -1.6544644e-01 -1.1789700e+03]
 [ 0.0000000e+00  0.0000000e+00  0.0000000e+00  1.0000000e+00]]
[+0121.14, +0081.70, -1126.88]
2244, 1378, 762
[[-2.2594020e-01  6.3818962e-01 -7.3548766e-01  1.0111000e+02]
 [-5.4299000e-03  7.5453276e-01  6.5612962e-01  1.3791000e+02]
 [ 9.7375490e-01  1.5247810e-01 -1.6692420e-01 -1.1789000e+03]
 [ 0.0000000e+00  0.0000000e+00  0.0000000e+00  1.0000000e+00]]
[+0122.31, +0088.50, -1147.30]
2215, 1588, 753
[[-2.2597514e-01  6.3822402e-01 -7.3556994e-01  1.0113000e+02]
 [-4.1189400e-03  7.5473830e-01  6.5593038e-01  1.3799000e+02]
 [ 9.7384602e-01  1.5143226e-01 -1.6785620e-01 -1.1788800e+03]
 [ 0.0000000e+00  0.0000000e+00  0.0000000e+00  1.0000000e+00]]
[+0132.69, +0080.96, -1144.92]
2244, 1378, 762
[[-2.2623330e-01  6.3847074e-01 -7.3534738e-01  1.0112000e+02]
 [-5.0384200e-03  7.5435996e-01  6.5637486e-01  1.3792000e+02]
 [ 9.7383534e-01  1.5234322e-01 -1.6739010e-01 -1.1788800e+03]
 [ 0.0000000e+00  0.0000000e+00  0.0000000e+00  1.0000000e+00]]
[+0121.71, +0088.71, -1147.90]
2106, 2230, 1419
[[-2.2553482e-01  6.3715306e-01 -7.3680588e-01  1.0101000e+02]
 [-4.8069400e-03  7.5569702e-01  6.5486004e-01  1.3804000e+02]
 [ 9.7407588e-01  1.5132996e-01 -1.6733780e-01 -1.1789000e+03]
 [ 0.0000000e+00  0.0000000e+00  0.0000000e+00  1.0000000e+00]]
[+0132.76, +0026.45, -1112.14]
1712, 1246, 941
[[-2.2411042e-01  6.3980552e-01 -7.3461822e-01  1.0136000e+02]
 [-4.7223200e-03  7.5344636e-01  6.5737608e-01  1.3789000e+02]
 [ 9.7416258e-01  1.5104472e-01 -1.6573922e-01 -1.1788800e+03]
 [ 0.0000000e+00  0.0000000e+00  0.0000000e+00  1.0000000e+00]]
[+0100.12, +0064.95, -1096.84]
2106, 2230, 1419
[[-2.2648786e-01  6.3705574e-01 -7.3636916e-01  1.0093000e+02]
 [-3.7778600e-03  7.5574430e-01  6.5476108e-01  1.3799000e+02]
 [ 9.7368644e-01  1.5128228e-01 -1.6868340e-01 -1.1789400e+03]
 [ 0.0000000e+00  0.0000000e+00  0.0000000e+00  1.0000000e+00]]
[+0130.41, +0026.97, -1111.73]
2230, 2129, 1523
[[-2.2615818e-01  6.3785746e-01 -7.3583994e-01  1.0102000e+02]
 [-4.2522600e-03  7.5502140e-01  6.5560562e-01  1.3790000e+02]
 [ 9.7380926e-01  1.5157398e-01 -1.6797642e-01 -1.1790000e+03]
 [ 0.0000000e+00  0.0000000e+00  0.0000000e+00  1.0000000e+00]]
[+0115.80, +0038.16, -1111.16]
2106, 2230, 1419
[[-2.258280e-01  6.375260e-01 -7.364644e-01  1.010100e+02]
 [-4.214000e-03  7.554380e-01  6.551788e-01  1.379800e+02]
 [ 9.740644e-01  1.511212e-01 -1.678900e-01 -1.178980e+03]
 [ 0.000000e+00  0.000000e+00  0.000000e+00  1.000000e+00]]
[+0131.98, +0027.04, -1112.16]
1517, 2159, 2048
[[-2.2392400e-01  6.3812404e-01 -7.3618172e-01  1.0117000e+02]
 [-5.2103600e-03  7.5491126e-01  6.5570056e-01  1.3777000e+02]
 [ 9.7423748e-01  1.5089096e-01 -1.6563210e-01 -1.1789800e+03]
 [ 0.0000000e+00  0.0000000e+00  0.0000000e+00  1.0000000e+00]]
[+0087.65, -0045.64, -1118.41]
2106, 2230, 1419
[[-2.2641448e-01  6.3739240e-01 -7.3611120e-01  1.0102000e+02]
 [-3.9076000e-03  7.5543800e-01  6.5511600e-01  1.3792000e+02]
 [ 9.7371120e-01  1.5140400e-01 -1.6847648e-01 -1.1790000e+03]
 [ 0.0000000e+00  0.0000000e+00  0.0000000e+00  1.0000000e+00]]
[+0130.81, +0026.95, -1111.69]
1396, 1869, 760
[[-2.2293954e-01  6.4034706e-01 -7.3471728e-01  1.0144000e+02]
 [-4.7329800e-03  7.5318590e-01  6.5772256e-01  1.3792000e+02]
 [ 9.7459296e-01  1.5025648e-01 -1.6482880e-01 -1.1789600e+03]
 [ 0.0000000e+00  0.0000000e+00  0.0000000e+00  1.0000000e+00]]
[+0161.61, +0020.74, -1108.12]
1414, 2085, 1137
[[-2.2385154e-01  6.3919294e-01 -7.3564776e-01  1.0129000e+02]
 [-4.6086600e-03  7.5417150e-01  6.5663912e-01  1.3791000e+02]
 [ 9.7453784e-01  1.5042792e-01 -1.6585860e-01 -1.1789600e+03]
 [ 0.0000000e+00  0.0000000e+00  0.0000000e+00  1.0000000e+00]]
[+0153.86, -0008.17, -1108.95]
1396, 1869, 760
[[-2.2271874e-01  6.4031492e-01 -7.3489530e-01  1.0143000e+02]
 [-4.4082000e-03  7.5331980e-01  6.5759020e-01  1.3791000e+02]
 [ 9.7470758e-01  1.4980356e-01 -1.6491570e-01 -1.1789500e+03]
 [ 0.0000000e+00  0.0000000e+00  0.0000000e+00  1.0000000e+00]]
[+0162.01, +0020.93, -1108.36]
814, 1874, 785
[[-2.2096362e-01  6.4082384e-01 -7.3490592e-01  1.0155000e+02]
 [-4.5614400e-03  7.5305886e-01  6.5787076e-01  1.3794000e+02]
 [ 9.7504928e-01  1.4886084e-01 -1.6342152e-01 -1.1789900e+03]
 [ 0.0000000e+00  0.0000000e+00  0.0000000e+00  1.0000000e+00]]
[+0167.46, -0034.67, -1115.98]
1396, 1869, 760
[[-2.2282912e-01  6.4013912e-01 -7.3496224e-01  1.0140000e+02]
 [-4.8176800e-03  7.5338318e-01  6.5750284e-01  1.3791000e+02]
 [ 9.7464064e-01  1.5018356e-01 -1.6474194e-01 -1.1789400e+03]
 [ 0.0000000e+00  0.0000000e+00  0.0000000e+00  1.0000000e+00]]
[+0164.38, +0020.30, -1109.63]
1411, 854, 1340
[[-2.2392810e-01  6.4004458e-01 -7.3489726e-01  1.0140000e+02]
 [-5.0481400e-03  7.5333590e-01  6.5759738e-01  1.3781000e+02]
 [ 9.7452838e-01  1.5100574e-01 -1.6544644e-01 -1.1789400e+03]
 [ 0.0000000e+00  0.0000000e+00  0.0000000e+00  1.0000000e+00]]
[+0028.51, +0035.13, -1102.86]
1396, 1869, 760
[[-2.2308346e-01  6.4005788e-01 -7.3492318e-01  1.0139000e+02]
 [-3.9773200e-03  7.5354044e-01  6.5732092e-01  1.3791000e+02]
 [ 9.7456162e-01  1.4970812e-01 -1.6550106e-01 -1.1789400e+03]
 [ 0.0000000e+00  0.0000000e+00  0.0000000e+00  1.0000000e+00]]
[+0166.48, +0021.24, -1111.22]
1100, 1136, 1206
[[-2.2271874e-01  6.4031492e-01 -7.3489530e-01  1.0144000e+02]
 [-4.4082000e-03  7.5331980e-01  6.5759020e-01  1.3785000e+02]
 [ 9.7470758e-01  1.4980356e-01 -1.6491570e-01 -1.1789200e+03]
 [ 0.0000000e+00  0.0000000e+00  0.0000000e+00  1.0000000e+00]]
[+0065.53, -0007.11, -1076.03]
1185, 1024, 1278
[[-2.2352490e-01  6.3988442e-01 -7.3482386e-01  1.0138000e+02]
 [-4.9747400e-03  7.5344636e-01  6.5739578e-01  1.3780000e+02]
 [ 9.7436822e-01  1.5080414e-01 -1.6515370e-01 -1.1789200e+03]
 [ 0.0000000e+00  0.0000000e+00  0.0000000e+00  1.0000000e+00]]
[+0047.13, +0003.45, -1082.96]
1100, 1136, 1206
[[-2.2286788e-01  6.4015362e-01 -7.3482566e-01  1.0143000e+02]
 [-5.5042200e-03  7.5322540e-01  6.5765286e-01  1.3784000e+02]
 [ 9.7454354e-01  1.5080094e-01 -1.6427572e-01 -1.1789700e+03]
 [ 0.0000000e+00  0.0000000e+00  0.0000000e+00  1.0000000e+00]]
[+0067.87, -0007.65, -1075.56]
918, 1365, 1774
[[-2.2249810e-01  6.3960624e-01 -7.3549542e-01  1.0133000e+02]
 [-4.8700800e-03  7.5388780e-01  6.5691696e-01  1.3779000e+02]
 [ 9.7469274e-01  1.4989152e-01 -1.6456834e-01 -1.1789400e+03]
 [ 0.0000000e+00  0.0000000e+00  0.0000000e+00  1.0000000e+00]]
[+0051.06, -0065.30, -1124.27]
1100, 1136, 1206
[[-2.2282912e-01  6.4023024e-01 -7.3476072e-01  1.0143000e+02]
 [-4.6161600e-03  7.5329632e-01  6.5757624e-01  1.3782000e+02]
 [ 9.7454952e-01  1.5011016e-01 -1.6482880e-01 -1.1789500e+03]
 [ 0.0000000e+00  0.0000000e+00  0.0000000e+00  1.0000000e+00]]
[+0066.27, -0007.56, -1075.91]
1332, 1315, 1207
[[-2.2282912e-01  6.4013912e-01 -7.3496224e-01  1.0139000e+02]
 [-4.8176800e-03  7.5338318e-01  6.5750284e-01  1.3783000e+02]
 [ 9.7464064e-01  1.5018356e-01 -1.6474194e-01 -1.1789600e+03]
 [ 0.0000000e+00  0.0000000e+00  0.0000000e+00  1.0000000e+00]]
[+0082.13, +0012.33, -1077.42]
1100, 1136, 1206
[[-2.2286788e-01  6.4029992e-01 -7.3477040e-01  1.0144000e+02]
 [-5.3579200e-03  7.5313862e-01  6.5776970e-01  1.3783000e+02]
 [ 9.7459880e-01  1.5068410e-01 -1.6436250e-01 -1.1789600e+03]
 [ 0.0000000e+00  0.0000000e+00  0.0000000e+00  1.0000000e+00]]
[+0065.90, -0006.82, -1075.90]
1730, 2079, 2076
[[-2.2560930e-01  6.3741890e-01 -7.3627730e-01  1.0105000e+02]
 [-5.8315000e-03  7.5520878e-01  6.5535274e-01  1.3777000e+02]
 [ 9.7384450e-01  1.5237574e-01 -1.6657908e-01 -1.1789900e+03]
 [ 0.0000000e+00  0.0000000e+00  0.0000000e+00  1.0000000e+00]]
[+0079.05, -0026.12, -1110.89]
1699, 2196, 1933
[[-2.2439970e-01  6.3842300e-01 -7.3600040e-01  1.0115000e+02]
 [-4.4575600e-03  7.5476190e-01  6.5592808e-01  1.3785000e+02]
 [ 9.7430008e-01  1.5059080e-01 -1.6647744e-01 -1.1789500e+03]
 [ 0.0000000e+00  0.0000000e+00  0.0000000e+00  1.0000000e+00]]
[+0102.78, -0024.49, -1107.58]
1730, 2079, 2076
[[-2.2487560e-01  6.3813620e-01 -7.3603920e-01  1.0110000e+02]
 [-4.2906800e-03  7.5495854e-01  6.5568840e-01  1.3776000e+02]
 [ 9.7414224e-01  1.5075768e-01 -1.6697690e-01 -1.1789700e+03]
 [ 0.0000000e+00  0.0000000e+00  0.0000000e+00  1.0000000e+00]]
[+0075.50, -0024.54, -1111.38]
1811, 2202, 2160
[[-2.2557186e-01  6.3740502e-01 -7.3641318e-01  1.0100000e+02]
 [-5.1451800e-03  7.5536684e-01  6.5520158e-01  1.3779000e+02]
 [ 9.7394202e-01  1.5175778e-01 -1.6704466e-01 -1.1789900e+03]
 [ 0.0000000e+00  0.0000000e+00  0.0000000e+00  1.0000000e+00]]
[+0083.82, -0025.70, -1114.08]
1730, 2079, 2076
[[-2.2443730e-01  6.3843708e-01 -7.3586404e-01  1.0117000e+02]
 [-5.1440400e-03  7.5460440e-01  6.5607888e-01  1.3780000e+02]
 [ 9.7420292e-01  1.5120864e-01 -1.6601146e-01 -1.1789200e+03]
 [ 0.0000000e+00  0.0000000e+00  0.0000000e+00  1.0000000e+00]]
[+0077.76, -0022.17, -1109.72]
1984, 1995, 1951
[[-2.2531624e-01  6.3834632e-01 -7.3562824e-01  1.0115000e+02]
 [-4.7938400e-03  7.5460440e-01  6.5607128e-01  1.3780000e+02]
 [ 9.7396712e-01  1.5154696e-01 -1.6689040e-01 -1.1789800e+03]
 [ 0.0000000e+00  0.0000000e+00  0.0000000e+00  1.0000000e+00]]
[+0078.52, +0011.80, -1104.78]
1730, 2079, 2076
[[-2.2432708e-01  6.3822896e-01 -7.3610884e-01  1.0115000e+02]
 [-5.2288400e-03  7.5480108e-01  6.5585888e-01  1.3779000e+02]
 [ 9.7425104e-01  1.5113572e-01 -1.6592500e-01 -1.1789500e+03]
 [ 0.0000000e+00  0.0000000e+00  0.0000000e+00  1.0000000e+00]]
[+0079.10, -0028.25, -1111.42]
1857, 1749, 1674
[[-2.2524378e-01  6.3882944e-01 -7.3531476e-01  1.0122000e+02]
 [-4.7774400e-03  7.5421080e-01  6.5654252e-01  1.3779000e+02]
 [ 9.7404724e-01  1.5155148e-01 -1.6677042e-01 -1.1789500e+03]
 [ 0.0000000e+00  0.0000000e+00  0.0000000e+00  1.0000000e+00]]
[+0079.94, +0021.64, -1096.65]
1899, 1884, 1335
[[-2.2473024e-01  6.3895600e-01 -7.3546736e-01  1.0121000e+02]
 [-4.4046400e-03  7.5425816e-01  6.5651440e-01  1.3784000e+02]
 [ 9.7424720e-01  1.5088336e-01 -1.6665064e-01 -1.1789700e+03]
 [ 0.0000000e+00  0.0000000e+00  0.0000000e+00  1.0000000e+00]]
[+0119.28, +0035.66, -1099.76]
1857, 1749, 1674
[[-2.2484050e-01  6.3877976e-01 -7.3553432e-01  1.0120000e+02]
 [-4.8143200e-03  7.5432110e-01  6.5642744e-01  1.3780000e+02]
 [ 9.7418024e-01  1.5126328e-01 -1.6647744e-01 -1.1789600e+03]
 [ 0.0000000e+00  0.0000000e+00  0.0000000e+00  1.0000000e+00]]
[+0077.17, +0019.37, -1097.23]
2003, 1820, 1720
[[-2.2531624e-01  6.3810840e-01 -7.3588500e-01  1.0112000e+02]
 [-5.1420000e-03  7.5477728e-01  6.5588112e-01  1.3778000e+02]
 [ 9.7400340e-01  1.5173712e-01 -1.6671752e-01 -1.1789900e+03]
 [ 0.0000000e+00  0.0000000e+00  0.0000000e+00  1.0000000e+00]]
[+0080.57, +0028.77, -1101.78]
1857, 1749, 1674
[[-2.2447530e-01  6.3903700e-01 -7.3550720e-01  1.0124000e+02]
 [-5.2446800e-03  7.5410046e-01  6.5669660e-01  1.3781000e+02]
 [ 9.7432624e-01  1.5135932e-01 -1.6589160e-01 -1.1789500e+03]
 [ 0.0000000e+00  0.0000000e+00  0.0000000e+00  1.0000000e+00]]
[+0078.95, +0019.60, -1096.69]
2205, 1159, 1482
[[-2.2553680e-01  6.3896408e-01 -7.3522976e-01  1.0122000e+02]
 [-4.5324800e-03  7.5412422e-01  6.5667106e-01  1.3776000e+02]
 [ 9.7407256e-01  1.5153326e-01 -1.6715002e-01 -1.1789600e+03]
 [ 0.0000000e+00  0.0000000e+00  0.0000000e+00  1.0000000e+00]]
[+0058.74, +0074.97, -1135.10]
1857, 1749, 1674
[[-2.2495080e-01  6.3860352e-01 -7.3560136e-01  1.0122000e+02]
 [-5.2240000e-03  7.5438384e-01  6.5634048e-01  1.3782000e+02]
 [ 9.7411320e-01  1.5164320e-01 -1.6630440e-01 -1.1789600e+03]
 [ 0.0000000e+00  0.0000000e+00  0.0000000e+00  1.0000000e+00]]
[+0080.47, +0012.64, -1096.43]
933, 890, 1924
[[-2.2279076e-01  6.3953934e-01 -7.3531962e-01  1.0137000e+02]
 [-4.7164200e-03  7.5388780e-01  6.5688534e-01  1.3774000e+02]
 [ 9.7451694e-01  1.5003342e-01 -1.6486100e-01 -1.1789400e+03]
 [ 0.0000000e+00  0.0000000e+00  0.0000000e+00  1.0000000e+00]]
[+0009.72, -0044.47, -1154.25]
755, 1046, 1583
[[-2.2118442e-01  6.4071014e-01 -7.3478312e-01  1.0152000e+02]
 [-5.0325400e-03  7.5301206e-01  6.5788576e-01  1.3783000e+02]
 [ 9.7487968e-01  1.4943064e-01 -1.6324752e-01 -1.1789900e+03]
 [ 0.0000000e+00  0.0000000e+00  0.0000000e+00  1.0000000e+00]]
[+0040.36, -0061.16, -1115.86]
933, 890, 1924
[[-2.2396180e-01  6.3940102e-01 -7.3540286e-01  1.0130000e+02]
 [-4.5239000e-03  7.5397454e-01  6.5685898e-01  1.3771000e+02]
 [ 9.7448990e-01  1.5050090e-01 -1.6594530e-01 -1.1789000e+03]
 [ 0.0000000e+00  0.0000000e+00  0.0000000e+00  1.0000000e+00]]
[+0009.75, -0044.47, -1154.47]
2123, 1139, 1418
[[-2.2546450e-01  6.3891630e-01 -7.3528340e-01  1.0122000e+02]
 [-5.1573000e-03  7.5407662e-01  6.5671884e-01  1.3777000e+02]
 [ 9.7407860e-01  1.5196116e-01 -1.6668388e-01 -1.1789600e+03]
 [ 0.0000000e+00  0.0000000e+00  0.0000000e+00  1.0000000e+00]]
[+0060.58, +0076.38, -1131.45]
933, 890, 1924
[[-2.2312178e-01  6.3959718e-01 -7.3529988e-01  1.0136000e+02]
 [-5.3596200e-03  7.5373022e-01  6.5709068e-01  1.3772000e+02]
 [ 9.7453668e-01  1.5070612e-01 -1.6468756e-01 -1.1789400e+03]
 [ 0.0000000e+00  0.0000000e+00  0.0000000e+00  1.0000000e+00]]
[+0009.62, -0044.56, -1154.66]
931, 1054, 2000
[[-2.2348650e-01  6.3933986e-01 -7.3532748e-01  1.0134000e+02]
 [-4.9289400e-03  7.5395094e-01  6.5682164e-01  1.3773000e+02]
 [ 9.7439092e-01  1.5061044e-01 -1.6527300e-01 -1.1789500e+03]
 [ 0.0000000e+00  0.0000000e+00  0.0000000e+00  1.0000000e+00]]
[+0019.89, -0054.74, -1155.35]
933, 890, 1924
[[-2.2187976e-01  6.4027384e-01 -7.3504824e-01  1.0146000e+02]
 [-5.5922400e-03  7.5324912e-01  6.5763128e-01  1.3777000e+02]
 [ 9.7478984e-01  1.5019848e-01 -1.6348488e-01 -1.1789600e+03]
 [ 0.0000000e+00  0.0000000e+00  0.0000000e+00  1.0000000e+00]]
[+0010.91, -0043.20, -1152.07]
1068, 849, 1690
[[-2.2316050e-01  6.4014174e-01 -7.3479618e-01  1.0143000e+02]
 [-5.4055800e-03  7.5322540e-01  6.5766474e-01  1.3778000e+02]
 [ 9.7451406e-01  1.5089958e-01 -1.6456834e-01 -1.1789600e+03]
 [ 0.0000000e+00  0.0000000e+00  0.0000000e+00  1.0000000e+00]]
[+0011.06, -0020.02, -1123.47]
1104, 1394, 2159
[[-2.2443730e-01  6.3829062e-01 -7.3591916e-01  1.0118000e+02]
 [-5.2905000e-03  7.5469086e-01  6.5596212e-01  1.3771000e+02]
 [ 9.7414780e-01  1.5132540e-01 -1.6592500e-01 -1.1789500e+03]
 [ 0.0000000e+00  0.0000000e+00  0.0000000e+00  1.0000000e+00]]
[+0034.94, -0056.74, -1149.88]
1068, 849, 1690
[[-2.2235434e-01  6.4027956e-01 -7.3497770e-01  1.0145000e+02]
 [-5.1318000e-03  7.5327276e-01  6.5762556e-01  1.3778000e+02]
 [ 9.7474294e-01  1.5013260e-01 -1.6415674e-01 -1.1789600e+03]
 [ 0.0000000e+00  0.0000000e+00  0.0000000e+00  1.0000000e+00]]
[+0011.18, -0020.41, -1123.52]
1346, 1523, 884
[[-2.2330410e-01  6.4008994e-01 -7.3474508e-01  1.0141000e+02]
 [-4.3021000e-03  7.5340670e-01  6.5745340e-01  1.3785000e+02]
 [ 9.7444700e-01  1.5016108e-01 -1.6541416e-01 -1.1789200e+03]
 [ 0.0000000e+00  0.0000000e+00  0.0000000e+00  1.0000000e+00]]
[+0133.05, +0024.11, -1084.04]
1068, 849, 1690
[[-2.2323220e-01  6.3980514e-01 -7.3505498e-01  1.0137000e+02]
 [-5.2749000e-03  7.5353310e-01  6.5731050e-01  1.3775000e+02]
 [ 9.7448890e-01  1.5077898e-01 -1.6477426e-01 -1.1789300e+03]
 [ 0.0000000e+00  0.0000000e+00  0.0000000e+00  1.0000000e+00]]
[+0008.21, -0022.76, -1127.49]
1214, 817, 1714
[[-2.2330410e-01  6.3970604e-01 -7.3505698e-01  1.0133000e+02]
 [-4.7963600e-03  7.5366716e-01  6.5714644e-01  1.3773000e+02]
 [ 9.7442782e-01  1.5046804e-01 -1.6515370e-01 -1.1789300e+03]
 [ 0.0000000e+00  0.0000000e+00  0.0000000e+00  1.0000000e+00]]
[+0004.16, -0006.41, -1132.22]
1068, 849, 1690
[[-2.2341448e-01  6.4006036e-01 -7.3475684e-01  1.0141000e+02]
 [-4.5652400e-03  7.5338318e-01  6.5748298e-01  1.3778000e+02]
 [ 9.7443524e-01  1.5042422e-01 -1.6532730e-01 -1.1789300e+03]
 [ 0.0000000e+00  0.0000000e+00  0.0000000e+00  1.0000000e+00]]
[+0010.68, -0022.82, -1124.88]
2110, 998, 1694
[[-2.2641610e-01  6.3848876e-01 -7.3530548e-01  1.0114000e+02]
 [-4.6768400e-03  7.5438384e-01  6.5635684e-01  1.3771000e+02]
 [ 9.7381732e-01  1.5217844e-01 -1.6776970e-01 -1.1789500e+03]
 [ 0.0000000e+00  0.0000000e+00  0.0000000e+00  1.0000000e+00]]
[+0034.88, +0062.99, -1145.57]
1849, 1322, 1651
[[-2.2447530e-01  6.3912826e-01 -7.3530558e-01  1.0128000e+02]
 [-5.0430600e-03  7.5401388e-01  6.5677006e-01  1.3777000e+02]
 [ 9.7423498e-01  1.5128586e-01 -1.6597818e-01 -1.1789400e+03]
 [ 0.0000000e+00  0.0000000e+00  0.0000000e+00  1.0000000e+00]]
[+0050.09, +0033.32, -1106.27]
2110, 998, 1694
[[-2.2641610e-01  6.3819560e-01 -7.3541580e-01  1.0111000e+02]
 [-4.9700000e-03  7.5455672e-01  6.5612364e-01  1.3769000e+02]
 [ 9.7370700e-01  1.5241164e-01 -1.6759682e-01 -1.1789300e+03]
 [ 0.0000000e+00  0.0000000e+00  0.0000000e+00  1.0000000e+00]]
[+0033.65, +0062.67, -1147.04]
1814, 832, 2235
[[-2.2821156e-01  6.3439982e-01 -7.3823458e-01  1.0067000e+02]
 [-7.8200200e-03  7.5725532e-01  6.5300162e-01  1.3740000e+02]
 [ 9.7334078e-01  1.5494882e-01 -1.6779588e-01 -1.1788400e+03]
 [ 0.0000000e+00  0.0000000e+00  0.0000000e+00  1.0000000e+00]]
[+0008.81, +0017.71, -1171.02]
2110, 998, 1694
[[-2.2549908e-01  6.3750384e-01 -7.3641184e-01  1.0113000e+02]
 [-5.6233600e-03  7.5523278e-01  6.5536602e-01  1.3775000e+02]
 [ 9.7400304e-01  1.5206938e-01 -1.6666530e-01 -1.1789600e+03]
 [ 0.0000000e+00  0.0000000e+00  0.0000000e+00  1.0000000e+00]]
[+0036.16, +0063.57, -1144.86]
2003, 901, 1606
[[-2.2432708e-01  6.3832032e-01 -7.3590728e-01  1.0123000e+02]
 [-5.0272800e-03  7.5471462e-01  6.5593242e-01  1.3779000e+02]
 [ 9.7415968e-01  1.5106218e-01 -1.6601146e-01 -1.1789100e+03]
 [ 0.0000000e+00  0.0000000e+00  0.0000000e+00  1.0000000e+00]]
[+0032.58, +0063.52, -1143.64]
2110, 998, 1694
[[-2.2645140e-01  6.3698446e-01 -7.3663522e-01  1.0100000e+02]
 [-5.3455000e-03  7.5562550e-01  6.5493050e-01  1.3771000e+02]
 [ 9.7383370e-01  1.5235922e-01 -1.6766554e-01 -1.1789600e+03]
 [ 0.0000000e+00  0.0000000e+00  0.0000000e+00  1.0000000e+00]]
[+0034.75, +0062.50, -1145.40]
1514, 1083, 1914
[[-2.2513348e-01  6.3752346e-01 -7.3664194e-01  1.0116000e+02]
 [-6.4014600e-03  7.5518470e-01  6.5544462e-01  1.3772000e+02]
 [ 9.7418506e-01  1.5235638e-01 -1.6590682e-01 -1.1790400e+03]
 [ 0.0000000e+00  0.0000000e+00  0.0000000e+00  1.0000000e+00]]
[+0015.39, -0002.05, -1130.47]
1464, 1202, 2233
[[-2.2509584e-01  6.3697824e-01 -7.3714464e-01  1.0102000e+02]
 [-6.3561600e-03  7.5568760e-01  6.5486968e-01  1.3770000e+02]
 [ 9.7420896e-01  1.5216248e-01 -1.6602760e-01 -1.1790600e+03]
 [ 0.0000000e+00  0.0000000e+00  0.0000000e+00  1.0000000e+00]]
[+0016.10, -0021.84, -1151.12]
1514, 1083, 1914
[[-2.2462002e-01  6.3827218e-01 -7.3622562e-01  1.0119000e+02]
 [-5.1856200e-03  7.5480108e-01  6.5591398e-01  1.3777000e+02]
 [ 9.7436782e-01  1.5119082e-01 -1.6621794e-01 -1.1790600e+03]
 [ 0.0000000e+00  0.0000000e+00  0.0000000e+00  1.0000000e+00]]
[+0018.36, +0001.60, -1126.90]
1238, 939, 1924
[[-2.2403418e-01  6.3800306e-01 -7.3639514e-01  1.0118000e+02]
 [-5.6751400e-03  7.5497388e-01  6.5565658e-01  1.3775000e+02]
 [ 9.7431694e-01  1.5122782e-01 -1.6545930e-01 -1.1790500e+03]
 [ 0.0000000e+00  0.0000000e+00  0.0000000e+00  1.0000000e+00]]
[+0009.44, -0018.11, -1139.93]
1514, 1083, 1914
[[-2.2484050e-01  6.3786468e-01 -7.3621326e-01  1.0113000e+02]
 [-5.9499600e-03  7.5492604e-01  6.5569668e-01  1.3774000e+02]
 [ 9.7408722e-01  1.5199404e-01 -1.6587250e-01 -1.1790800e+03]
 [ 0.0000000e+00  0.0000000e+00  0.0000000e+00  1.0000000e+00]]
[+0016.77, +0002.34, -1129.45]
1446, 1208, 1856
[[-2.2421690e-01  6.3816726e-01 -7.3629852e-01  1.0118000e+02]
 [-5.1671400e-03  7.5491126e-01  6.5575564e-01  1.3779000e+02]
 [ 9.7435428e-01  1.5094604e-01 -1.6592500e-01 -1.1790300e+03]
 [ 0.0000000e+00  0.0000000e+00  0.0000000e+00  1.0000000e+00]]
[+0028.35, -0007.82, -1115.23]
1514, 1083, 1914
[[-2.2491300e-01  6.3782080e-01 -7.3636120e-01  1.0111000e+02]
 [-5.5268000e-03  7.5506022e-01  6.5557558e-01  1.3775000e+02]
 [ 9.7417280e-01  1.5163942e-01 -1.6625178e-01 -1.1790600e+03]
 [ 0.0000000e+00  0.0000000e+00  0.0000000e+00  1.0000000e+00]]
[+0015.41, +0002.52, -1130.25]
1939, 944, 1786
[[-2.2549908e-01  6.3788836e-01 -7.3610000e-01  1.0111000e+02]
 [-5.1286400e-03  7.5497388e-01  6.5567300e-01  1.3774000e+02]
 [ 9.7402180e-01  1.5176240e-01 -1.6692420e-01 -1.1790700e+03]
 [ 0.0000000e+00  0.0000000e+00  0.0000000e+00  1.0000000e+00]]
[+0022.60, +0050.50, -1146.04]
1555, 859, 1363
[[-2.2465786e-01  6.3876190e-01 -7.3557594e-01  1.0125000e+02]
 [-5.1759400e-03  7.5429734e-01  6.5644530e-01  1.3776000e+02]
 [ 9.7419810e-01  1.5142806e-01 -1.6609796e-01 -1.1790200e+03]
 [ 0.0000000e+00  0.0000000e+00  0.0000000e+00  1.0000000e+00]]
[+0030.68, +0045.43, -1110.18]
1939, 944, 1786
[[-2.2626832e-01  6.3720464e-01 -7.3642040e-01  1.0103000e+02]
 [-5.3586400e-03  7.5542918e-01  6.5513870e-01  1.3773000e+02]
 [ 9.7381520e-01  1.5233410e-01 -1.6745850e-01 -1.1790600e+03]
 [ 0.0000000e+00  0.0000000e+00  0.0000000e+00  1.0000000e+00]]
[+0020.53, +0048.48, -1147.25]
2051, 1045, 1663
[[-2.2630580e-01  6.3751152e-01 -7.3617444e-01  1.0108000e+02]
 [-5.7517200e-03  7.5509852e-01  6.5552336e-01  1.3776000e+02]
 [ 9.7382784e-01  1.5271876e-01 -1.6716532e-01 -1.1790800e+03]
 [ 0.0000000e+00  0.0000000e+00  0.0000000e+00  1.0000000e+00]]
[+0037.17, +0061.90, -1137.61]
1939, 944, 1786
[[-2.2484050e-01  6.3821278e-01 -7.3624946e-01  1.0115000e+02]
 [-5.7121400e-03  7.5475340e-01  6.5597338e-01  1.3775000e+02]
 [ 9.7434398e-01  1.5171734e-01 -1.6604514e-01 -1.1790700e+03]
 [ 0.0000000e+00  0.0000000e+00  0.0000000e+00  1.0000000e+00]]
[+0022.15, +0049.46, -1146.21]
1791, 1206, 1867
[[-2.2502322e-01  6.3779106e-01 -7.3637316e-01  1.0109000e+02]
 [-5.7900600e-03  7.5503630e-01  6.5560532e-01  1.3776000e+02]
 [ 9.7416084e-01  1.5190268e-01 -1.6616548e-01 -1.1790600e+03]
 [ 0.0000000e+00  0.0000000e+00  0.0000000e+00  1.0000000e+00]]
[+0026.53, +0019.03, -1123.63]
1939, 944, 1786
[[-2.2531624e-01  6.3796188e-01 -7.3594012e-01  1.0111000e+02]
 [-5.2885200e-03  7.5486366e-01  6.5576442e-01  1.3775000e+02]
 [ 9.7394828e-01  1.5185382e-01 -1.6663114e-01 -1.1790800e+03]
 [ 0.0000000e+00  0.0000000e+00  0.0000000e+00  1.0000000e+00]]
[+0021.44, +0048.42, -1146.23]
1629, 1503, 1763
[[-2.2414440e-01  6.3802856e-01 -7.3655352e-01  1.0113000e+02]
 [-5.9935200e-03  7.5495000e-01  6.5572936e-01  1.3781000e+02]
 [ 9.7445144e-01  1.5144792e-01 -1.6537296e-01 -1.1791100e+03]
 [ 0.0000000e+00  0.0000000e+00  0.0000000e+00  1.0000000e+00]]
[+0054.92, -0000.55, -1099.44]
1649, 1488, 1962
[[-2.2473024e-01  6.3756520e-01 -7.3665960e-01  1.0106000e+02]
 [-6.2364000e-03  7.5520878e-01  6.5540288e-01  1.3779000e+02]
 [ 9.7422680e-01  1.5199488e-01 -1.6570002e-01 -1.1791000e+03]
 [ 0.0000000e+00  0.0000000e+00  0.0000000e+00  1.0000000e+00]]
[+0040.07, -0009.36, -1113.71]
1629, 1503, 1763
[[-2.2443730e-01  6.3781502e-01 -7.3643256e-01  1.0113000e+02]
 [-5.9865800e-03  7.5503630e-01  6.5558136e-01  1.3780000e+02]
 [ 9.7422024e-01  1.5170616e-01 -1.6557956e-01 -1.1790700e+03]
 [ 0.0000000e+00  0.0000000e+00  0.0000000e+00  1.0000000e+00]]
[+0055.36, -0000.96, -1099.08]
1687, 805, 1706
[[-2.2495080e-01  6.3851220e-01 -7.3580300e-01  1.0120000e+02]
 [-5.4256400e-03  7.5447030e-01  6.5626698e-01  1.3777000e+02]
 [ 9.7420452e-01  1.5171670e-01 -1.6621794e-01 -1.1790500e+03]
 [ 0.0000000e+00  0.0000000e+00  0.0000000e+00  1.0000000e+00]]
[+0013.12, +0037.83, -1141.05]
1629, 1503, 1763
[[-2.2439970e-01  6.3780072e-01 -7.3656866e-01  1.0110000e+02]
 [-5.3000800e-03  7.5519420e-01  6.5543064e-01  1.3781000e+02]
 [ 9.7431774e-01  1.5108824e-01 -1.6604514e-01 -1.1790500e+03]
 [ 0.0000000e+00  0.0000000e+00  0.0000000e+00  1.0000000e+00]]
[+0055.21, -0002.25, -1099.89]
2126, 1548, 1714
[[-2.2667172e-01  6.3716268e-01 -7.3640244e-01  1.0100000e+02]
 [-5.5237200e-03  7.5540518e-01  6.5518066e-01  1.3781000e+02]
 [ 9.7377324e-01  1.5269554e-01 -1.6766554e-01 -1.1790700e+03]
 [ 0.0000000e+00  0.0000000e+00  0.0000000e+00  1.0000000e+00]]
[+0066.29, +0048.29, -1112.58]
1629, 1503, 1763
[[-2.2480282e-01  6.3770404e-01 -7.3640436e-01  1.0115000e+02]
 [-5.4100400e-03  7.5517040e-01  6.5542908e-01  1.3780000e+02]
 [ 9.7412964e-01  1.5149292e-01 -1.6625178e-01 -1.1789800e+03]
 [ 0.0000000e+00  0.0000000e+00  0.0000000e+00  1.0000000e+00]]
[+0053.83, -0002.01, -1100.35]
1820, 907, 777
[[-2.2377928e-01  6.3918164e-01 -7.3535304e-01  1.0136000e+02]
 [-4.9768400e-03  7.5403760e-01  6.5671668e-01  1.3778000e+02]
 [ 9.7430616e-01  1.5082572e-01 -1.6547912e-01 -1.1789400e+03]
 [ 0.0000000e+00  0.0000000e+00  0.0000000e+00  1.0000000e+00]]
[+0088.36, +0096.03, -1125.08]
1525, 1337, 797
[[-2.2326594e-01  6.3892374e-01 -7.3581716e-01  1.0130000e+02]
 [-5.0983400e-03  7.5434478e-01  6.5638188e-01  1.3789000e+02]
 [ 9.7448676e-01  1.5046468e-01 -1.6509972e-01 -1.1789600e+03]
 [ 0.0000000e+00  0.0000000e+00  0.0000000e+00  1.0000000e+00]]
[+0123.77, +0054.31, -1090.37]
1820, 907, 777
[[-2.2429282e-01  6.3911048e-01 -7.3534716e-01  1.0133000e+02]
 [-5.4047200e-03  7.5399008e-01  6.5678784e-01  1.3782000e+02]
 [ 9.7425276e-01  1.5145056e-01 -1.6559874e-01 -1.1789500e+03]
 [ 0.0000000e+00  0.0000000e+00  0.0000000e+00  1.0000000e+00]]
[+0088.18, +0096.72, -1126.21]
2041, 1059, 758
[[-2.2553680e-01  6.3872620e-01 -7.3548660e-01  1.0127000e+02]
 [-4.8806800e-03  7.5429734e-01  6.5648100e-01  1.3785000e+02]
 [ 9.7410876e-01  1.5172332e-01 -1.6697690e-01 -1.1789300e+03]
 [ 0.0000000e+00  0.0000000e+00  0.0000000e+00  1.0000000e+00]]
[+0105.01, +0098.34, -1141.56]
1820, 907, 777
[[-2.2366898e-01  6.3921126e-01 -7.3534122e-01  1.0137000e+02]
 [-4.7136600e-03  7.5406124e-01  6.5668706e-01  1.3785000e+02]
 [ 9.7431798e-01  1.5056254e-01 -1.6556578e-01 -1.1789200e+03]
 [ 0.0000000e+00  0.0000000e+00  0.0000000e+00  1.0000000e+00]]
[+0089.22, +0092.57, -1122.43]
1832, 907, 930
[[-2.2454756e-01  6.3879162e-01 -7.3556406e-01  1.0128000e+02]
 [-4.9127400e-03  7.5432110e-01  6.5641558e-01  1.3781000e+02]
 [ 9.7420998e-01  1.5116486e-01 -1.6618450e-01 -1.1789200e+03]
 [ 0.0000000e+00  0.0000000e+00  0.0000000e+00  1.0000000e+00]]
[+0073.61, +0086.24, -1120.16]
1820, 907, 777
[[-2.2348650e-01  6.3939502e-01 -7.3547386e-01  1.0136000e+02]
 [-4.9841000e-03  7.5395094e-01  6.5686498e-01  1.3783000e+02]
 [ 9.7453730e-01  1.5056710e-01 -1.6527300e-01 -1.1789300e+03]
 [ 0.0000000e+00  0.0000000e+00  0.0000000e+00  1.0000000e+00]]
[+0087.90, +0093.34, -1123.86]
1649, 1269, 1503
[[-2.2421690e-01  6.3816726e-01 -7.3629852e-01  1.0119000e+02]
 [-5.1671400e-03  7.5491126e-01  6.5575564e-01  1.3784000e+02]
 [ 9.7435428e-01  1.5094604e-01 -1.6592500e-01 -1.1788800e+03]
 [ 0.0000000e+00  0.0000000e+00  0.0000000e+00  1.0000000e+00]]
[+0053.92, +0026.54, -1095.75]
2141, 884, 1510
[[-2.2590240e-01  6.3755344e-01 -7.3619232e-01  1.0110000e+02]
 [-5.5867200e-03  7.5512256e-01  6.5548144e-01  1.3772000e+02]
 [ 9.7386976e-01  1.5235728e-01 -1.6695840e-01 -1.1789700e+03]
 [ 0.0000000e+00  0.0000000e+00  0.0000000e+00  1.0000000e+00]]
[+0040.47, +0075.23, -1152.73]
1649, 1269, 1503
[[-2.2392400e-01  6.3817912e-01 -7.3632816e-01  1.0119000e+02]
 [-5.2654400e-03  7.5491126e-01  6.5574378e-01  1.3780000e+02]
 [ 9.7438392e-01  1.5084774e-01 -1.6563210e-01 -1.1789400e+03]
 [ 0.0000000e+00  0.0000000e+00  0.0000000e+00  1.0000000e+00]]
[+0053.41, +0025.76, -1095.74]
2193, 1965, 1535
[[-2.2564484e-01  6.3683004e-01 -7.3692780e-01  1.0102000e+02]
 [-5.3634000e-03  7.5584566e-01  6.5465646e-01  1.3786000e+02]
 [ 9.7395396e-01  1.5182670e-01 -1.6707914e-01 -1.1789900e+03]
 [ 0.0000000e+00  0.0000000e+00  0.0000000e+00  1.0000000e+00]]
[+0108.28, +0043.00, -1108.43]
1649, 1269, 1503
[[-2.2385154e-01  6.3827824e-01 -7.3632644e-01  1.0120000e+02]
 [-5.7438400e-03  7.5477728e-01  6.5590792e-01  1.3784000e+02]
 [ 9.7444484e-01  1.5115912e-01 -1.6525282e-01 -1.1789700e+03]
 [ 0.0000000e+00  0.0000000e+00  0.0000000e+00  1.0000000e+00]]
[+0053.00, +0027.64, -1096.12]
1640, 1263, 1767
[[-2.2502322e-01  6.3802894e-01 -7.3611642e-01  1.0114000e+02]
 [-5.4419400e-03  7.5486366e-01  6.5579566e-01  1.3782000e+02]
 [ 9.7412458e-01  1.5171234e-01 -1.6633812e-01 -1.1789600e+03]
 [ 0.0000000e+00  0.0000000e+00  0.0000000e+00  1.0000000e+00]]
[+0033.16, +0011.30, -1110.98]
1649, 1269, 1503
[[-2.2392400e-01  6.3841692e-01 -7.3607156e-01  1.0119000e+02]
 [-4.9174800e-03  7.5473830e-01  6.5593416e-01  1.3783000e+02]
 [ 9.7434764e-01  1.5065736e-01 -1.6580506e-01 -1.1789500e+03]
 [ 0.0000000e+00  0.0000000e+00  0.0000000e+00  1.0000000e+00]]
[+0055.37, +0027.16, -1094.85]
1826, 1127, 1434
[[-2.2462002e-01  6.3845494e-01 -7.3582246e-01  1.0118000e+02]
 [-4.7824600e-03  7.5462812e-01  6.5606102e-01  1.3784000e+02]
 [ 9.7418506e-01  1.5104378e-01 -1.6639090e-01 -1.1789300e+03]
 [ 0.0000000e+00  0.0000000e+00  0.0000000e+00  1.0000000e+00]]
[+0050.82, +0056.70, -1110.78]
1905, 1096, 1956
[[-2.2604808e-01  6.3702636e-01 -7.3665320e-01  1.0098000e+02]
 [-5.1803600e-03  7.5564942e-01  6.5488860e-01  1.3774000e+02]
 [ 9.7387560e-01  1.5199780e-01 -1.6745850e-01 -1.1789800e+03]
 [ 0.0000000e+00  0.0000000e+00  0.0000000e+00  1.0000000e+00]]
[+0018.93, +0031.64, -1141.99]
1826, 1127, 1434
[[-2.2480282e-01  6.3832638e-01 -7.3583596e-01  1.0117000e+02]
 [-4.5673800e-03  7.5473830e-01  6.5592636e-01  1.3783000e+02]
 [ 9.7411204e-01  1.5099564e-01 -1.6668388e-01 -1.1789600e+03]
 [ 0.0000000e+00  0.0000000e+00  0.0000000e+00  1.0000000e+00]]
[+0051.73, +0055.56, -1109.72]
1691, 1033, 1448
[[-2.2473024e-01  6.3848032e-01 -7.3598080e-01  1.0118000e+02]
 [-5.1008000e-03  7.5460440e-01  6.5613400e-01  1.3782000e+02]
 [ 9.7431968e-01  1.5126376e-01 -1.6630440e-01 -1.1789600e+03]
 [ 0.0000000e+00  0.0000000e+00  0.0000000e+00  1.0000000e+00]]
[+0039.35, +0043.82, -1108.34]
1826, 1127, 1434
[[-2.2524378e-01  6.3820726e-01 -7.3588356e-01  1.0113000e+02]
 [-5.6202600e-03  7.5464310e-01  6.5604548e-01  1.3786000e+02]
 [ 9.7406444e-01  1.5204852e-01 -1.6633812e-01 -1.1789900e+03]
 [ 0.0000000e+00  0.0000000e+00  0.0000000e+00  1.0000000e+00]]
[+0049.01, +0054.61, -1110.97]
1928, 975, 1409
[[-2.2524378e-01  6.3820726e-01 -7.3588356e-01  1.0117000e+02]
 [-5.6202600e-03  7.5464310e-01  6.5604548e-01  1.3782000e+02]
 [ 9.7406444e-01  1.5204852e-01 -1.6633812e-01 -1.1789800e+03]
 [ 0.0000000e+00  0.0000000e+00  0.0000000e+00  1.0000000e+00]]
[+0044.84, +0071.48, -1129.20]
1826, 1127, 1434
[[-2.2491300e-01  6.3815010e-01 -7.3590290e-01  1.0115000e+02]
 [-4.9771000e-03  7.5480108e-01  6.5583942e-01  1.3781000e+02]
 [ 9.7404510e-01  1.5137558e-01 -1.6651092e-01 -1.1789600e+03]
 [ 0.0000000e+00  0.0000000e+00  0.0000000e+00  1.0000000e+00]]
[+0050.42, +0053.89, -1109.91]
1595, 1886, 1732
[[-2.2410676e-01  6.3766614e-01 -7.3665338e-01  1.0109000e+02]
 [-5.5447800e-03  7.5528054e-01  6.5530194e-01  1.3787000e+02]
 [ 9.7429234e-01  1.5110682e-01 -1.6566586e-01 -1.1789900e+03]
 [ 0.0000000e+00  0.0000000e+00  0.0000000e+00  1.0000000e+00]]
[+0089.35, -0019.75, -1097.12]
1741, 2007, 2128
[[-2.2535170e-01  6.3660388e-01 -7.3721424e-01  1.0095000e+02]
 [-5.8096400e-03  7.5601790e-01  6.5445408e-01  1.3781000e+02]
 [ 9.7402032e-01  1.5191904e-01 -1.6661376e-01 -1.1790300e+03]
 [ 0.0000000e+00  0.0000000e+00  0.0000000e+00  1.0000000e+00]]
[+0070.86, -0028.13, -1113.52]
1595, 1886, 1732
[[-2.2432708e-01  6.3784468e-01 -7.3642060e-01  1.0114000e+02]
 [-5.7233200e-03  7.5506022e-01  6.5555170e-01  1.3787000e+02]
 [ 9.7423220e-01  1.5144290e-01 -1.6566586e-01 -1.1789900e+03]
 [ 0.0000000e+00  0.0000000e+00  0.0000000e+00  1.0000000e+00]]
[+0089.04, -0015.97, -1096.20]
1958, 1500, 1716
[[-2.2513348e-01  6.3755968e-01 -7.3629380e-01  1.0108000e+02]
 [-6.1446800e-03  7.5509852e-01  6.5547520e-01  1.3784000e+02]
 [ 9.7394720e-01  1.5232580e-01 -1.6599300e-01 -1.1790200e+03]
 [ 0.0000000e+00  0.0000000e+00  0.0000000e+00  1.0000000e+00]]
[+0057.84, +0038.79, -1107.73]
1595, 1886, 1732
[[-2.2447252e-01  6.3750026e-01 -7.3647882e-01  1.0108000e+02]
 [-4.9132600e-03  7.5541436e-01  6.5510634e-01  1.3785000e+02]
 [ 9.7405518e-01  1.5093666e-01 -1.6633812e-01 -1.1789700e+03]
 [ 0.0000000e+00  0.0000000e+00  0.0000000e+00  1.0000000e+00]]
[+0091.35, -0018.00, -1096.26]
1714, 2001, 1652
[[-2.2498570e-01  6.3757538e-01 -7.3641776e-01  1.0108000e+02]
 [-5.1950600e-03  7.5528054e-01  6.5529448e-01  1.3788000e+02]
 [ 9.7405672e-01  1.5144464e-01 -1.6654480e-01 -1.1789700e+03]
 [ 0.0000000e+00  0.0000000e+00  0.0000000e+00  1.0000000e+00]]
[+0108.35, -0004.06, -1096.51]
1595, 1886, 1732
[[-2.2450984e-01  6.3771596e-01 -7.3643408e-01  1.0110000e+02]
 [-5.5082800e-03  7.5517040e-01  6.5541716e-01  1.3785000e+02]
 [ 9.7415936e-01  1.5139468e-01 -1.6595880e-01 -1.1789600e+03]
 [ 0.0000000e+00  0.0000000e+00  0.0000000e+00  1.0000000e+00]]
[+0086.26, -0017.51, -1096.81]
1478, 1499, 1582
[[-2.2439970e-01  6.3818510e-01 -7.3625700e-01  1.0117000e+02]
 [-4.8055800e-03  7.5493494e-01  6.5573780e-01  1.3785000e+02]
 [ 9.7433644e-01  1.5078108e-01 -1.6630440e-01 -1.1789500e+03]
 [ 0.0000000e+00  0.0000000e+00  0.0000000e+00  1.0000000e+00]]
[+0067.76, -0004.02, -1089.77]
1602, 1375, 1007
[[-2.2392400e-01  6.3865472e-01 -7.3581496e-01  1.0122000e+02]
 [-4.5695200e-03  7.5456518e-01  6.5612446e-01  1.3786000e+02]
 [ 9.7431136e-01  1.5046706e-01 -1.6597818e-01 -1.1789600e+03]
 [ 0.0000000e+00  0.0000000e+00  0.0000000e+00  1.0000000e+00]]
[+0105.46, +0049.41, -1087.92]
1478, 1499, 1582
[[-2.2462002e-01  6.3783274e-01 -7.3639092e-01  1.0117000e+02]
 [-5.6250600e-03  7.5506022e-01  6.5556364e-01  1.3786000e+02]
 [ 9.7420252e-01  1.5154116e-01 -1.6595880e-01 -1.1789700e+03]
 [ 0.0000000e+00  0.0000000e+00  0.0000000e+00  1.0000000e+00]]
[+0067.58, -0005.79, -1090.35]
1693, 2171, 1484
[[-2.2483860e-01  6.3735310e-01 -7.3679870e-01  1.0105000e+02]
 [-4.5933800e-03  7.5563436e-01  6.5492330e-01  1.3790000e+02]
 [ 9.7420234e-01  1.5075362e-01 -1.6692420e-01 -1.1789900e+03]
 [ 0.0000000e+00  0.0000000e+00  0.0000000e+00  1.0000000e+00]]
[+0133.93, -0002.87, -1104.56]
1478, 1499, 1582
[[-2.2421690e-01  6.3816726e-01 -7.3629852e-01  1.0115000e+02]
 [-5.1671400e-03  7.5491126e-01  6.5575564e-01  1.3783000e+02]
 [ 9.7435428e-01  1.5094604e-01 -1.6592500e-01 -1.1789500e+03]
 [ 0.0000000e+00  0.0000000e+00  0.0000000e+00  1.0000000e+00]]
[+0065.98, -0004.83, -1090.57]
842, 1676, 1406
[[-2.2176468e-01  6.3911422e-01 -7.3604602e-01  1.0134000e+02]
 [-4.7574200e-03  7.5441534e-01  6.5628982e-01  1.3791000e+02]
 [ 9.7478618e-01  1.4923798e-01 -1.6418898e-01 -1.1789900e+03]
 [ 0.0000000e+00  0.0000000e+00  0.0000000e+00  1.0000000e+00]]
[+0107.01, -0064.64, -1107.18]
1478, 1499, 1582
[[-2.2498570e-01  6.3810640e-01 -7.3605100e-01  1.0115000e+02]
 [-4.5539200e-03  7.5493494e-01  6.5571820e-01  1.3785000e+02]
 [ 9.7413044e-01  1.5102092e-01 -1.6689040e-01 -1.1789400e+03]
 [ 0.0000000e+00  0.0000000e+00  0.0000000e+00  1.0000000e+00]]
[+0066.20, -0001.89, -1090.40]
1369, 2208, 1463
[[-2.2447252e-01  6.3770178e-01 -7.3657030e-01  1.0111000e+02]
 [-4.8217800e-03  7.5532798e-01  6.5526630e-01  1.3793000e+02]
 [ 9.7425670e-01  1.5077670e-01 -1.6642450e-01 -1.1789700e+03]
 [ 0.0000000e+00  0.0000000e+00  0.0000000e+00  1.0000000e+00]]
[+0139.36, -0030.19, -1112.57]
982, 2120, 1805
[[-2.2319082e-01  6.3774220e-01 -7.3702490e-01  1.0115000e+02]
 [-5.2078000e-03  7.5543800e-01  6.5515900e-01  1.3785000e+02]
 [ 9.7462490e-01  1.5015100e-01 -1.6525282e-01 -1.1789700e+03]
 [ 0.0000000e+00  0.0000000e+00  0.0000000e+00  1.0000000e+00]]
[+0110.80, -0070.91, -1138.07]
1369, 2208, 1463
[[-2.2443560e-01  6.3754116e-01 -7.3676172e-01  1.0110000e+02]
 [-4.2817200e-03  7.5557150e-01  6.5499854e-01  1.3793000e+02]
 [ 9.7429884e-01  1.5027538e-01 -1.6680394e-01 -1.1789600e+03]
 [ 0.0000000e+00  0.0000000e+00  0.0000000e+00  1.0000000e+00]]
[+0139.38, -0029.46, -1112.80]
1605, 1473, 1543
[[-2.2447252e-01  6.3832424e-01 -7.3600220e-01  1.0115000e+02]
 [-3.9792400e-03  7.5489548e-01  6.5576360e-01  1.3785000e+02]
 [ 9.7423880e-01  1.5027940e-01 -1.6685700e-01 -1.1789600e+03]
 [ 0.0000000e+00  0.0000000e+00  0.0000000e+00  1.0000000e+00]]
[+0066.82, +0015.46, -1090.92]
1369, 2208, 1463
[[-2.2366660e-01  6.3778470e-01 -7.3660610e-01  1.0113000e+02]
 [-4.4916600e-03  7.5537510e-01  6.5518338e-01  1.3794000e+02]
 [ 9.7433962e-01  1.5005370e-01 -1.6601146e-01 -1.1789900e+03]
 [ 0.0000000e+00  0.0000000e+00  0.0000000e+00  1.0000000e+00]]
[+0139.93, -0030.88, -1113.19]
1187, 2124, 1236
[[-2.2341090e-01  6.3863436e-01 -7.3602258e-01  1.0125000e+02]
 [-4.3429200e-03  7.5469880e-01  6.5597996e-01  1.3792000e+02]
 [ 9.7445586e-01  1.4991572e-01 -1.6577194e-01 -1.1789700e+03]
 [ 0.0000000e+00  0.0000000e+00  0.0000000e+00  1.0000000e+00]]
[+0147.37, -0031.04, -1112.60]
1369, 2208, 1463
[[-2.2447252e-01  6.3722582e-01 -7.3708338e-01  1.0105000e+02]
 [-5.5178200e-03  7.5567326e-01  6.5488542e-01  1.3792000e+02]
 [ 9.7432962e-01  1.5115758e-01 -1.6607922e-01 -1.1790200e+03]
 [ 0.0000000e+00  0.0000000e+00  0.0000000e+00  1.0000000e+00]]
[+0138.40, -0030.47, -1112.85]
2118, 1600, 1613
[[-2.2557186e-01  6.3731352e-01 -7.3661480e-01  1.0102000e+02]
 [-5.3468000e-03  7.5545310e-01  6.5512800e-01  1.3780000e+02]
 [ 9.7403352e-01  1.5183136e-01 -1.6695840e-01 -1.1790100e+03]
 [ 0.0000000e+00  0.0000000e+00  0.0000000e+00  1.0000000e+00]]
[+0072.77, +0052.30, -1111.14]
1855, 1769, 1999
[[-2.2527876e-01  6.3717892e-01 -7.3669968e-01  1.0104000e+02]
 [-5.5915200e-03  7.5553932e-01  6.5499932e-01  1.3783000e+02]
 [ 9.7400828e-01  1.5184992e-01 -1.6657908e-01 -1.1789900e+03]
 [ 0.0000000e+00  0.0000000e+00  0.0000000e+00  1.0000000e+00]]
[+0057.66, -0004.57, -1108.76]
2118, 1600, 1613
[[-2.2597514e-01  6.3745470e-01 -7.3619358e-01  1.0104000e+02]
 [-5.1085800e-03  7.5525670e-01  6.5531694e-01  1.3783000e+02]
 [ 9.7380870e-01  1.5204570e-01 -1.6733780e-01 -1.1790000e+03]
 [ 0.0000000e+00  0.0000000e+00  0.0000000e+00  1.0000000e+00]]
[+0075.42, +0053.96, -1110.97]
952, 910, 1123
[[-2.2242612e-01  6.3979662e-01 -7.3529178e-01  1.0140000e+02]
 [-5.1472200e-03  7.5366716e-01  6.5715442e-01  1.3786000e+02]
 [ 9.7466262e-01  1.5012898e-01 -1.6427572e-01 -1.1789800e+03]
 [ 0.0000000e+00  0.0000000e+00  0.0000000e+00  1.0000000e+00]]
[+0050.13, -0007.44, -1075.56]
2118, 1600, 1613
[[-2.2652450e-01  6.3727074e-01 -7.3632468e-01  1.0099000e+02]
 [-4.3725000e-03  7.5550070e-01  6.5507260e-01  1.3784000e+02]
 [ 9.7379100e-01  1.5174068e-01 -1.6830376e-01 -1.1789600e+03]
 [ 0.0000000e+00  0.0000000e+00  0.0000000e+00  1.0000000e+00]]
[+0074.35, +0051.23, -1110.19]
2028, 1882, 1428
[[-2.2487560e-01  6.3775168e-01 -7.3635084e-01  1.0111000e+02]
 [-4.7852800e-03  7.5521792e-01  6.5538144e-01  1.3789000e+02]
 [ 9.7412364e-01  1.5106464e-01 -1.6671752e-01 -1.1789800e+03]
 [ 0.0000000e+00  0.0000000e+00  0.0000000e+00  1.0000000e+00]]
[+0112.67, +0041.49, -1103.61]
2118, 1600, 1613
[[-2.2527876e-01  6.3741694e-01 -7.3644302e-01  1.0103000e+02]
 [-5.2433800e-03  7.5536684e-01  6.5518966e-01  1.3783000e+02]
 [ 9.7397186e-01  1.5165958e-01 -1.6675156e-01 -1.1790000e+03]
 [ 0.0000000e+00  0.0000000e+00  0.0000000e+00  1.0000000e+00]]
[+0072.63, +0052.02, -1111.14]
1807, 1098, 1870
[[-2.2458258e-01  6.3781856e-01 -7.3652710e-01  1.0109000e+02]
 [-4.9385600e-03  7.5521792e-01  6.5541280e-01  1.3779000e+02]
 [ 9.7429990e-01  1.5092320e-01 -1.6642450e-01 -1.1789400e+03]
 [ 0.0000000e+00  0.0000000e+00  0.0000000e+00  1.0000000e+00]]
[+0020.65, +0025.04, -1132.28]
1370, 760, 2168
[[-2.2473024e-01  6.3741872e-01 -7.3671472e-01  1.0106000e+02]
 [-6.3828800e-03  7.5529496e-01  6.5528608e-01  1.3769000e+02]
 [ 9.7417168e-01  1.5211168e-01 -1.6561384e-01 -1.1789900e+03]
 [ 0.0000000e+00  0.0000000e+00  0.0000000e+00  1.0000000e+00]]
[+0002.80, -0006.68, -1177.66]
1807, 1098, 1870
[[-2.2531624e-01  6.3796188e-01 -7.3594012e-01  1.0112000e+02]
 [-5.2885200e-03  7.5486366e-01  6.5576442e-01  1.3780000e+02]
 [ 9.7394828e-01  1.5185382e-01 -1.6663114e-01 -1.1789800e+03]
 [ 0.0000000e+00  0.0000000e+00  0.0000000e+00  1.0000000e+00]]
[+0024.15, +0030.84, -1129.69]
1643, 1065, 1595
[[-2.2425466e-01  6.3841930e-01 -7.3590562e-01  1.0121000e+02]
 [-5.5056200e-03  7.5458060e-01  6.5609666e-01  1.3783000e+02]
 [ 9.7422070e-01  1.5137350e-01 -1.6563210e-01 -1.1789600e+03]
 [ 0.0000000e+00  0.0000000e+00  0.0000000e+00  1.0000000e+00]]
[+0033.46, +0031.46, -1109.81]
1807, 1098, 1870
[[-2.2582986e-01  6.3726784e-01 -7.3650312e-01  1.0104000e+02]
 [-6.5596800e-03  7.5524664e-01  6.5533876e-01  1.3776000e+02]
 [ 9.7391176e-01  1.5297588e-01 -1.6632066e-01 -1.1789900e+03]
 [ 0.0000000e+00  0.0000000e+00  0.0000000e+00  1.0000000e+00]]
[+0020.03, +0029.20, -1133.27]
1633, 1383, 1939
[[-2.2520602e-01  6.3766234e-01 -7.3638654e-01  1.0108000e+02]
 [-5.5750600e-03  7.5514652e-01  6.5547078e-01  1.3779000e+02]
 [ 9.7408794e-01  1.5185442e-01 -1.6645850e-01 -1.1789600e+03]
 [ 0.0000000e+00  0.0000000e+00  0.0000000e+00  1.0000000e+00]]
[+0033.19, -0003.92, -1116.09]
1807, 1098, 1870
[[-2.2469268e-01  6.3797172e-01 -7.3613584e-01  1.0111000e+02]
 [-4.7987200e-03  7.5502140e-01  6.5558964e-01  1.3779000e+02]
 [ 9.7410516e-01  1.5103936e-01 -1.6651092e-01 -1.1789900e+03]
 [ 0.0000000e+00  0.0000000e+00  0.0000000e+00  1.0000000e+00]]
[+0020.95, +0030.32, -1132.89]
1872, 1896, 1498
[[-2.2546176e-01  6.3758144e-01 -7.3634624e-01  1.0107000e+02]
 [-4.7353600e-03  7.5530430e-01  6.5528842e-01  1.3786000e+02]
 [ 9.7400896e-01  1.5137782e-01 -1.6721730e-01 -1.1789800e+03]
 [ 0.0000000e+00  0.0000000e+00  0.0000000e+00  1.0000000e+00]]
[+0109.14, +0025.15, -1096.28]
779, 1838, 1115
[[-2.2205730e-01  6.3963274e-01 -7.3565008e-01  1.0139000e+02]
 [-4.0186600e-03  7.5406814e-01  6.5672576e-01  1.3792000e+02]
 [ 9.7483072e-01  1.4891216e-01 -1.6482880e-01 -1.1789600e+03]
 [ 0.0000000e+00  0.0000000e+00  0.0000000e+00  1.0000000e+00]]
[+0142.80, -0057.07, -1113.94]
1872, 1896, 1498
[[-2.2531624e-01  6.3733952e-01 -7.3650876e-01  1.0104000e+02]
 [-6.1313600e-03  7.5529496e-01  6.5526708e-01  1.3786000e+02]
 [ 9.7396572e-01  1.5235116e-01 -1.6619984e-01 -1.1790000e+03]
 [ 0.0000000e+00  0.0000000e+00  0.0000000e+00  1.0000000e+00]]
[+0106.27, +0025.50, -1096.34]
1746, 1705, 1885
[[-2.2439970e-01  6.3750776e-01 -7.3667878e-01  1.0106000e+02]
 [-5.5930400e-03  7.5536684e-01  6.5519704e-01  1.3781000e+02]
 [ 9.7420762e-01  1.5132184e-01 -1.6587250e-01 -1.1789900e+03]
 [ 0.0000000e+00  0.0000000e+00  0.0000000e+00  1.0000000e+00]]
[+0058.52, -0001.40, -1103.58]
1872, 1896, 1498
[[-2.2520602e-01  6.3766234e-01 -7.3638654e-01  1.0107000e+02]
 [-5.5750600e-03  7.5514652e-01  6.5547078e-01  1.3787000e+02]
 [ 9.7408794e-01  1.5185442e-01 -1.6645850e-01 -1.1790200e+03]
 [ 0.0000000e+00  0.0000000e+00  0.0000000e+00  1.0000000e+00]]
[+0108.74, +0025.99, -1096.37]
1985, 1331, 1257
[[-2.2491300e-01  6.3815010e-01 -7.3590290e-01  1.0114000e+02]
 [-4.9771000e-03  7.5480108e-01  6.5583942e-01  1.3783000e+02]
 [ 9.7404510e-01  1.5137558e-01 -1.6651092e-01 -1.1789800e+03]
 [ 0.0000000e+00  0.0000000e+00  0.0000000e+00  1.0000000e+00]]
[+0081.49, +0071.83, -1112.83]
1872, 1896, 1498
[[-2.2487560e-01  6.3751368e-01 -7.3660744e-01  1.0107000e+02]
 [-5.1333600e-03  7.5539064e-01  6.5519112e-01  1.3786000e+02]
 [ 9.7416008e-01  1.5125496e-01 -1.6654480e-01 -1.1789700e+03]
 [ 0.0000000e+00  0.0000000e+00  0.0000000e+00  1.0000000e+00]]
[+0107.82, +0021.40, -1096.04]
2167, 1973, 1540
[[-2.2641448e-01  6.3691584e-01 -7.3662448e-01  1.0096000e+02]
 [-4.6041600e-03  7.5578328e-01  6.5473584e-01  1.3786000e+02]
 [ 9.7378448e-01  1.5178416e-01 -1.6813120e-01 -1.1789900e+03]
 [ 0.0000000e+00  0.0000000e+00  0.0000000e+00  1.0000000e+00]]
[+0108.36, +0041.25, -1107.46]
1987, 1850, 1819
[[-2.2487560e-01  6.3760516e-01 -7.3640588e-01  1.0107000e+02]
 [-4.9318000e-03  7.5530430e-01  6.5526470e-01  1.3783000e+02]
 [ 9.7406860e-01  1.5118138e-01 -1.6663114e-01 -1.1789800e+03]
 [ 0.0000000e+00  0.0000000e+00  0.0000000e+00  1.0000000e+00]]
[+0074.74, +0017.77, -1102.81]
2167, 1973, 1540
[[-2.2634130e-01  6.3686780e-01 -7.3667830e-01  1.0100000e+02]
 [-5.2288400e-03  7.5573560e-01  6.5478388e-01  1.3788000e+02]
 [ 9.7379062e-01  1.5221260e-01 -1.6766554e-01 -1.1790200e+03]
 [ 0.0000000e+00  0.0000000e+00  0.0000000e+00  1.0000000e+00]]
[+0108.99, +0042.24, -1107.84]
2132, 1749, 1419
[[-2.2469268e-01  6.3811822e-01 -7.3608078e-01  1.0113000e+02]
 [-4.6522200e-03  7.5493494e-01  6.5570638e-01  1.3787000e+02]
 [ 9.7416022e-01  1.5092262e-01 -1.6659738e-01 -1.1789600e+03]
 [ 0.0000000e+00  0.0000000e+00  0.0000000e+00  1.0000000e+00]]
[+0099.92, +0057.91, -1111.39]
2167, 1973, 1540
[[-2.2586500e-01  6.3686184e-01 -7.3675012e-01  1.0100000e+02]
 [-5.6883600e-03  7.5571164e-01  6.5478984e-01  1.3786000e+02]
 [ 9.7383848e-01  1.5227964e-01 -1.6699300e-01 -1.1790200e+03]
 [ 0.0000000e+00  0.0000000e+00  0.0000000e+00  1.0000000e+00]]
[+0108.13, +0041.15, -1107.60]
1789, 2124, 1364
[[-2.2417954e-01  6.3786008e-01 -7.3654498e-01  1.0111000e+02]
 [-4.7735200e-03  7.5524156e-01  6.5537128e-01  1.3791000e+02]
 [ 9.7434142e-01  1.5056168e-01 -1.6621794e-01 -1.1789500e+03]
 [ 0.0000000e+00  0.0000000e+00  0.0000000e+00  1.0000000e+00]]
[+0137.06, +0008.54, -1104.86]
2167, 1973, 1540
[[-2.2586500e-01  6.3700842e-01 -7.3669506e-01  1.0099000e+02]
 [-5.5417800e-03  7.5562550e-01  6.5490654e-01  1.3784000e+02]
 [ 9.7389354e-01  1.5216294e-01 -1.6707914e-01 -1.1790200e+03]
 [ 0.0000000e+00  0.0000000e+00  0.0000000e+00  1.0000000e+00]]
[+0106.20, +0042.30, -1108.00]
1425, 1401, 994
[[-2.2363114e-01  6.3895934e-01 -7.3573444e-01  1.0126000e+02]
 [-4.3750600e-03  7.5439190e-01  6.5634628e-01  1.3787000e+02]
 [ 9.7445116e-01  1.5013508e-01 -1.6585860e-01 -1.1789400e+03]
 [ 0.0000000e+00  0.0000000e+00  0.0000000e+00  1.0000000e+00]]
[+0109.05, +0032.06, -1080.41]
1526, 1408, 1495
[[-2.2421690e-01  6.3840510e-01 -7.3604190e-01  1.0116000e+02]
 [-4.8191400e-03  7.5473830e-01  6.5594598e-01  1.3784000e+02]
 [ 9.7431798e-01  1.5075570e-01 -1.6609796e-01 -1.1789600e+03]
 [ 0.0000000e+00  0.0000000e+00  0.0000000e+00  1.0000000e+00]]
[+0065.09, +0012.38, -1088.74]
1425, 1401, 994
[[-2.2403418e-01  6.3877150e-01 -7.3577166e-01  1.0125000e+02]
 [-4.6863000e-03  7.5445500e-01  6.5627090e-01  1.3787000e+02]
 [ 9.7435466e-01  1.5061350e-01 -1.6597818e-01 -1.1789100e+03]
 [ 0.0000000e+00  0.0000000e+00  0.0000000e+00  1.0000000e+00]]
[+0110.12, +0031.30, -1080.40]
921, 1612, 1092
[[-2.2249810e-01  6.3913124e-01 -7.3600862e-01  1.0131000e+02]
 [-5.5656400e-03  7.5423452e-01  6.5653604e-01  1.3791000e+02]
 [ 9.7476482e-01  1.5027244e-01 -1.6422162e-01 -1.1789900e+03]
 [ 0.0000000e+00  0.0000000e+00  0.0000000e+00  1.0000000e+00]]
[+0125.60, -0039.70, -1088.88]
1425, 1401, 994
[[-2.2275280e-01  6.3899456e-01 -7.3582312e-01  1.0131000e+02]
 [-4.6703200e-03  7.5439190e-01  6.5631106e-01  1.3788000e+02]
 [ 9.7453984e-01  1.4983982e-01 -1.6498026e-01 -1.1788600e+03]
 [ 0.0000000e+00  0.0000000e+00  0.0000000e+00  1.0000000e+00]]
[+0109.47, +0032.00, -1080.12]
1225, 905, 1041
[[-2.2344850e-01  6.3932560e-01 -7.3546410e-01  1.0133000e+02]
 [-4.2424000e-03  7.5410828e-01  6.5667120e-01  1.3787000e+02]
 [ 9.7448790e-01  1.4999280e-01 -1.6573922e-01 -1.1789100e+03]
 [ 0.0000000e+00  0.0000000e+00  0.0000000e+00  1.0000000e+00]]
[+0056.10, +0031.97, -1077.89]
1425, 1401, 994
[[-2.2374132e-01  6.3892972e-01 -7.3574620e-01  1.0126000e+02]
 [-4.6382800e-03  7.5436838e-01  6.5637590e-01  1.3788000e+02]
 [ 9.7443940e-01  1.5039830e-01 -1.6577194e-01 -1.1789300e+03]
 [ 0.0000000e+00  0.0000000e+00  0.0000000e+00  1.0000000e+00]]
[+0110.05, +0031.96, -1080.21]
1376, 1985, 1566
[[-2.2388660e-01  6.3787188e-01 -7.3657464e-01  1.0112000e+02]
 [-4.8717600e-03  7.5524156e-01  6.5535948e-01  1.3786000e+02]
 [ 9.7437108e-01  1.5046344e-01 -1.6592500e-01 -1.1789300e+03]
 [ 0.0000000e+00  0.0000000e+00  0.0000000e+00  1.0000000e+00]]
[+0113.91, -0031.40, -1099.69]
1670, 1725, 1130
[[-2.2487560e-01  6.3828272e-01 -7.3598416e-01  1.0118000e+02]
 [-4.1441600e-03  7.5487200e-01  6.5580512e-01  1.3788000e+02]
 [ 9.7419728e-01  1.5064096e-01 -1.6706344e-01 -1.1789600e+03]
 [ 0.0000000e+00  0.0000000e+00  0.0000000e+00  1.0000000e+00]]
[+0122.11, +0034.76, -1092.99]
1376, 1985, 1566
[[-2.2399666e-01  6.3784224e-01 -7.3658646e-01  1.0114000e+02]
 [-5.1350400e-03  7.5521792e-01  6.5538912e-01  1.3787000e+02]
 [ 9.7435926e-01  1.5072672e-01 -1.6583858e-01 -1.1789500e+03]
 [ 0.0000000e+00  0.0000000e+00  0.0000000e+00  1.0000000e+00]]
[+0113.87, -0032.26, -1100.00]
1527, 1984, 1668
[[-2.2428960e-01  6.3753744e-01 -7.3666688e-01  1.0108000e+02]
 [-5.3297600e-03  7.5539064e-01  6.5516736e-01  1.3786000e+02]
 [ 9.7421952e-01  1.5105856e-01 -1.6595880e-01 -1.1789800e+03]
 [ 0.0000000e+00  0.0000000e+00  0.0000000e+00  1.0000000e+00]]
[+0103.57, -0022.45, -1097.98]
1376, 1985, 1566
[[-2.2410676e-01  6.3805046e-01 -7.3634174e-01  1.0118000e+02]
 [-5.0503400e-03  7.5502140e-01  6.5560918e-01  1.3788000e+02]
 [ 9.7431106e-01  1.5079958e-01 -1.6592500e-01 -1.1789600e+03]
 [ 0.0000000e+00  0.0000000e+00  0.0000000e+00  1.0000000e+00]]
[+0115.77, -0030.53, -1099.49]
1164, 1220, 1878
[[-2.2370376e-01  6.3823836e-01 -7.3630452e-01  1.0116000e+02]
 [-4.7389200e-03  7.5495854e-01  6.5568454e-01  1.3781000e+02]
 [ 9.7440756e-01  1.5032122e-01 -1.6580506e-01 -1.1789300e+03]
 [ 0.0000000e+00  0.0000000e+00  0.0000000e+00  1.0000000e+00]]
[+0028.43, -0039.63, -1124.71]
1376, 1985, 1566
[[-2.2399666e-01  6.3793366e-01 -7.3638496e-01  1.0114000e+02]
 [-4.9335400e-03  7.5513150e-01  6.5546272e-01  1.3787000e+02]
 [ 9.7426784e-01  1.5065312e-01 -1.6592500e-01 -1.1789700e+03]
 [ 0.0000000e+00  0.0000000e+00  0.0000000e+00  1.0000000e+00]]
[+0115.88, -0028.72, -1099.03]
1589, 1869, 1439
[[-2.2388660e-01  6.3825624e-01 -7.3626312e-01  1.0115000e+02]
 [-4.3773600e-03  7.5498206e-01  6.5566666e-01  1.3788000e+02]
 [ 9.7438968e-01  1.5015626e-01 -1.6618450e-01 -1.1789700e+03]
 [ 0.0000000e+00  0.0000000e+00  0.0000000e+00  1.0000000e+00]]
[+0110.80, +0004.83, -1090.88]
1218, 1990, 1249
[[-2.2304554e-01  6.3836108e-01 -7.3636176e-01  1.0123000e+02]
 [-5.4139600e-03  7.5482480e-01  6.5582508e-01  1.3791000e+02]
 [ 9.7452768e-01  1.5043596e-01 -1.6484010e-01 -1.1790100e+03]
 [ 0.0000000e+00  0.0000000e+00  0.0000000e+00  1.0000000e+00]]
[+0141.60, -0028.70, -1103.43]
1589, 1869, 1439
[[-2.2498570e-01  6.3801494e-01 -7.3625258e-01  1.0113000e+02]
 [-4.7555000e-03  7.5502140e-01  6.5564470e-01  1.3785000e+02]
 [ 9.7422190e-01  1.5109442e-01 -1.6680394e-01 -1.1789500e+03]
 [ 0.0000000e+00  0.0000000e+00  0.0000000e+00  1.0000000e+00]]
[+0109.06, +0003.52, -1090.88]
1436, 1490, 1494
[[-2.2421690e-01  6.3825864e-01 -7.3609698e-01  1.0118000e+02]
 [-4.9656000e-03  7.5482480e-01  6.5582920e-01  1.3785000e+02]
 [ 9.7426290e-01  1.5087248e-01 -1.6601146e-01 -1.1789500e+03]
 [ 0.0000000e+00  0.0000000e+00  0.0000000e+00  1.0000000e+00]]
[+0073.09, -0002.30, -1086.61]
1589, 1869, 1439
[[-2.2462002e-01  6.3797922e-01 -7.3633582e-01  1.0114000e+02]
 [-5.4785800e-03  7.5497388e-01  6.5568042e-01  1.3788000e+02]
 [ 9.7425762e-01  1.5142438e-01 -1.6604514e-01 -1.1789800e+03]
 [ 0.0000000e+00  0.0000000e+00  0.0000000e+00  1.0000000e+00]]
[+0112.41, +0003.12, -1090.92]
1825, 1690, 862
[[-2.2462002e-01  6.3854632e-01 -7.3562088e-01  1.0121000e+02]
 [-4.5808800e-03  7.5454158e-01  6.5613448e-01  1.3789000e+02]
 [ 9.7409368e-01  1.5097032e-01 -1.6647744e-01 -1.1789800e+03]
 [ 0.0000000e+00  0.0000000e+00  0.0000000e+00  1.0000000e+00]]
[+0140.29, +0059.62, -1113.04]
1589, 1869, 1439
[[-2.2417954e-01  6.3809802e-01 -7.3628846e-01  1.0114000e+02]
 [-4.4255400e-03  7.5506860e-01  6.5556162e-01  1.3788000e+02]
 [ 9.7430498e-01  1.5037134e-01 -1.6639090e-01 -1.1789300e+03]
 [ 0.0000000e+00  0.0000000e+00  0.0000000e+00  1.0000000e+00]]
[+0111.80, -0000.96, -1091.07]
1668, 790, 2063
[[-2.2579218e-01  6.3749186e-01 -7.3638200e-01  1.0102000e+02]
 [-5.5251400e-03  7.5523278e-01  6.5537800e-01  1.3769000e+02]
 [ 9.7397320e-01  1.5216760e-01 -1.6695840e-01 -1.1789700e+03]
 [ 0.0000000e+00  0.0000000e+00  0.0000000e+00  1.0000000e+00]]
[+0004.96, +0017.34, -1167.99]
1267, 957, 2200
[[-2.2439970e-01  6.3756282e-01 -7.3682526e-01  1.0106000e+02]
 [-5.6481000e-03  7.5536684e-01  6.5524018e-01  1.3771000e+02]
 [ 9.7435410e-01  1.5127870e-01 -1.6587250e-01 -1.1789600e+03]
 [ 0.0000000e+00  0.0000000e+00  0.0000000e+00  1.0000000e+00]]
[+0009.19, -0025.83, -1165.58]
1668, 790, 2063
[[-2.2491300e-01  6.3829660e-01 -7.3584780e-01  1.0115000e+02]
 [-4.8306000e-03  7.5471462e-01  6.5595614e-01  1.3776000e+02]
 [ 9.7410020e-01  1.5125886e-01 -1.6659738e-01 -1.1789500e+03]
 [ 0.0000000e+00  0.0000000e+00  0.0000000e+00  1.0000000e+00]]
[+0006.11, +0019.06, -1166.05]
1601, 751, 1916
[[-2.2414440e-01  6.3888828e-01 -7.3572836e-01  1.0124000e+02]
 [-4.8030800e-03  7.5434478e-01  6.5641734e-01  1.3780000e+02]
 [ 9.7439796e-01  1.5075994e-01 -1.6597818e-01 -1.1789300e+03]
 [ 0.0000000e+00  0.0000000e+00  0.0000000e+00  1.0000000e+00]]
[+0005.81, +0022.14, -1156.18]
1668, 790, 2063
[[-2.2549908e-01  6.3735730e-01 -7.3646694e-01  1.0102000e+02]
 [-5.7699000e-03  7.5531900e-01  6.5524930e-01  1.3770000e+02]
 [ 9.7394794e-01  1.5218610e-01 -1.6657908e-01 -1.1789700e+03]
 [ 0.0000000e+00  0.0000000e+00  0.0000000e+00  1.0000000e+00]]
[+0005.47, +0017.22, -1166.81]
1811, 1295, 1865
[[-2.2498570e-01  6.3795988e-01 -7.3610606e-01  1.0111000e+02]
 [-4.7004400e-03  7.5502140e-01  6.5560148e-01  1.3780000e+02]
 [ 9.7407538e-01  1.5113764e-01 -1.6680394e-01 -1.1789600e+03]
 [ 0.0000000e+00  0.0000000e+00  0.0000000e+00  1.0000000e+00]]
[+0035.32, +0024.95, -1116.84]
1668, 790, 2063
[[-2.2553680e-01  6.3757300e-01 -7.3642260e-01  1.0108000e+02]
 [-6.3648400e-03  7.5507440e-01  6.5556012e-01  1.3771000e+02]
 [ 9.7405188e-01  1.5264420e-01 -1.6619984e-01 -1.1789700e+03]
 [ 0.0000000e+00  0.0000000e+00  0.0000000e+00  1.0000000e+00]]
[+0005.16, +0018.11, -1168.09]
1046, 1611, 750
[[-2.2169242e-01  6.3968848e-01 -7.3553078e-01  1.0140000e+02]
 [-4.5407200e-03  7.5393468e-01  6.5683472e-01  1.3792000e+02]
 [ 9.7477498e-01  1.4916808e-01 -1.6415674e-01 -1.1789700e+03]
 [ 0.0000000e+00  0.0000000e+00  0.0000000e+00  1.0000000e+00]]
[+0154.20, -0004.30, -1089.50]
876, 1636, 908
[[-2.2227762e-01  6.3928126e-01 -7.3578360e-01  1.0135000e+02]
 [-4.8377400e-03  7.5419502e-01  6.5655080e-01  1.3791000e+02]
 [ 9.7469720e-01  1.4967240e-01 -1.6448160e-01 -1.1789600e+03]
 [ 0.0000000e+00  0.0000000e+00  0.0000000e+00  1.0000000e+00]]
[+0143.41, -0034.97, -1092.41]
1046, 1611, 750
[[-2.2297320e-01  6.3931952e-01 -7.3553496e-01  1.0134000e+02]
 [-4.7025600e-03  7.5408480e-01  6.5667728e-01  1.3790000e+02]
 [ 9.7453528e-01  1.5005904e-01 -1.6506696e-01 -1.1789700e+03]
 [ 0.0000000e+00  0.0000000e+00  0.0000000e+00  1.0000000e+00]]
[+0152.87, -0003.05, -1088.58]
1734, 2135, 1400
[[-2.2483860e-01  6.3729812e-01 -7.3665216e-01  1.0105000e+02]
 [-4.5384000e-03  7.5563436e-01  6.5488012e-01  1.3789000e+02]
 [ 9.7405580e-01  1.5079680e-01 -1.6692420e-01 -1.1789900e+03]
 [ 0.0000000e+00  0.0000000e+00  0.0000000e+00  1.0000000e+00]]
[+0135.43, +0006.79, -1103.85]
1046, 1611, 750
[[-2.2169242e-01  6.3988986e-01 -7.3562196e-01  1.0141000e+02]
 [-4.4495400e-03  7.5384782e-01  6.5699508e-01  1.3793000e+02]
 [ 9.7497636e-01  1.4900772e-01 -1.6424360e-01 -1.1789800e+03]
 [ 0.0000000e+00  0.0000000e+00  0.0000000e+00  1.0000000e+00]]
[+0152.21, -0002.94, -1088.39]
1099, 1433, 836
[[-2.2319376e-01  6.3916928e-01 -7.3576008e-01  1.0129000e+02]
 [-5.4304800e-03  7.5412422e-01  6.5666278e-01  1.3788000e+02]
 [ 9.7460288e-01  1.5065898e-01 -1.6480698e-01 -1.1789800e+03]
 [ 0.0000000e+00  0.0000000e+00  0.0000000e+00  1.0000000e+00]]
[+0129.20, +0003.59, -1076.19]
1046, 1611, 750
[[-2.2227762e-01  6.3966512e-01 -7.3547198e-01  1.0136000e+02]
 [-4.3436800e-03  7.5393468e-01  6.5685808e-01  1.3794000e+02]
 [ 9.7471618e-01  1.4936512e-01 -1.6474194e-01 -1.1789600e+03]
 [ 0.0000000e+00  0.0000000e+00  0.0000000e+00  1.0000000e+00]]
[+0154.46, -0003.82, -1089.60]
1387, 903, 780
[[-2.2366898e-01  6.3941280e-01 -7.3543248e-01  1.0134000e+02]
 [-4.6224000e-03  7.5397454e-01  6.5684720e-01  1.3786000e+02]
 [ 9.7451952e-01  1.5040240e-01 -1.6565248e-01 -1.1789300e+03]
 [ 0.0000000e+00  0.0000000e+00  0.0000000e+00  1.0000000e+00]]
[+0082.56, +0066.40, -1085.19]
1364, 775, 951
[[-2.2337620e-01  6.3936944e-01 -7.3531568e-01  1.0132000e+02]
 [-4.6657600e-03  7.5397454e-01  6.5679206e-01  1.3784000e+02]
 [ 9.7440272e-01  1.5034726e-01 -1.6535970e-01 -1.1789300e+03]
 [ 0.0000000e+00  0.0000000e+00  0.0000000e+00  1.0000000e+00]]
[+0051.34, +0057.13, -1090.04]
1387, 903, 780
[[-2.2330410e-01  6.3961486e-01 -7.3525852e-01  1.0136000e+02]
 [-4.9979000e-03  7.5375390e-01  6.5707300e-01  1.3788000e+02]
 [ 9.7451900e-01  1.5054148e-01 -1.6506696e-01 -1.1789500e+03]
 [ 0.0000000e+00  0.0000000e+00  0.0000000e+00  1.0000000e+00]]
[+0086.23, +0064.87, -1083.97]
1135, 1888, 1478
[[-2.2421690e-01  6.3802080e-01 -7.3635360e-01  1.0118000e+02]
 [-5.3136000e-03  7.5499768e-01  6.5563884e-01  1.3786000e+02]
 [ 9.7429920e-01  1.5106284e-01 -1.6583858e-01 -1.1789800e+03]
 [ 0.0000000e+00  0.0000000e+00  0.0000000e+00  1.0000000e+00]]
[+0115.39, -0047.79, -1103.29]
1387, 903, 780
[[-2.2330410e-01  6.3985240e-01 -7.3500180e-01  1.0138000e+02]
 [-4.6500000e-03  7.5358038e-01  6.5726324e-01  1.3786000e+02]
 [ 9.7448300e-01  1.5035124e-01 -1.6524048e-01 -1.1789300e+03]
 [ 0.0000000e+00  0.0000000e+00  0.0000000e+00  1.0000000e+00]]
[+0083.58, +0066.70, -1085.01]
1608, 926, 826
[[-2.2414440e-01  6.3912604e-01 -7.3547168e-01  1.0128000e+02]
 [-4.4550800e-03  7.5417150e-01  6.5660756e-01  1.3785000e+02]
 [ 9.7436176e-01  1.5056972e-01 -1.6615146e-01 -1.1789300e+03]
 [ 0.0000000e+00  0.0000000e+00  0.0000000e+00  1.0000000e+00]]
[+0085.20, +0080.99, -1102.19]
1387, 903, 780
[[-2.2330410e-01  6.3976122e-01 -7.3520334e-01  1.0138000e+02]
 [-4.8515400e-03  7.5366716e-01  6.5718982e-01  1.3786000e+02]
 [ 9.7457418e-01  1.5042466e-01 -1.6515370e-01 -1.1789200e+03]
 [ 0.0000000e+00  0.0000000e+00  0.0000000e+00  1.0000000e+00]]
[+0083.73, +0066.33, -1085.34]
1981, 1779, 1737
[[-2.2568200e-01  6.3699056e-01 -7.3673692e-01  1.0099000e+02]
 [-5.9032000e-03  7.5560150e-01  6.5492440e-01  1.3781000e+02]
 [ 9.7391140e-01  1.5232808e-01 -1.6669986e-01 -1.1789900e+03]
 [ 0.0000000e+00  0.0000000e+00  0.0000000e+00  1.0000000e+00]]
[+0077.43, +0025.28, -1101.04]
1896, 1833, 1483
[[-2.2388660e-01  6.3801834e-01 -7.3651962e-01  1.0113000e+02]
 [-4.7253000e-03  7.5515510e-01  6.5547630e-01  1.3787000e+02]
 [ 9.7442610e-01  1.5034662e-01 -1.6601146e-01 -1.1789500e+03]
 [ 0.0000000e+00  0.0000000e+00  0.0000000e+00  1.0000000e+00]]
[+0106.10, +0030.34, -1096.77]
1981, 1779, 1737
[[-2.2586500e-01  6.3724652e-01 -7.3643836e-01  1.0100000e+02]
 [-5.1935600e-03  7.5545310e-01  6.5509682e-01  1.3780000e+02]
 [ 9.7385708e-01  1.5197266e-01 -1.6725154e-01 -1.1789800e+03]
 [ 0.0000000e+00  0.0000000e+00  0.0000000e+00  1.0000000e+00]]
[+0074.88, +0026.50, -1101.90]
847, 946, 1936
[[-2.2304554e-01  6.3859876e-01 -7.3610522e-01  1.0125000e+02]
 [-5.0661200e-03  7.5465176e-01  6.5601556e-01  1.3779000e+02]
 [ 9.7449146e-01  1.5024548e-01 -1.6501314e-01 -1.1789500e+03]
 [ 0.0000000e+00  0.0000000e+00  0.0000000e+00  1.0000000e+00]]
[+0015.90, -0055.15, -1156.83]
1981, 1779, 1737
[[-2.2619554e-01  6.3730340e-01 -7.3641924e-01  1.0103000e+02]
 [-5.8367600e-03  7.5529496e-01  6.5530320e-01  1.3783000e+02]
 [ 9.7387620e-01  1.5264576e-01 -1.6707914e-01 -1.1789900e+03]
 [ 0.0000000e+00  0.0000000e+00  0.0000000e+00  1.0000000e+00]]
[+0080.43, +0028.67, -1101.04]
1795, 2061, 1858
[[-2.2447252e-01  6.3717080e-01 -7.3693688e-01  1.0103000e+02]
 [-5.4628000e-03  7.5567326e-01  6.5484230e-01  1.3783000e+02]
 [ 9.7418312e-01  1.5120070e-01 -1.6607922e-01 -1.1789900e+03]
 [ 0.0000000e+00  0.0000000e+00  0.0000000e+00  1.0000000e+00]]
[+0094.47, -0012.13, -1101.88]
1981, 1779, 1737
[[-2.2637850e-01  6.3746790e-01 -7.3632220e-01  1.0105000e+02]
 [-5.3287000e-03  7.5523278e-01  6.5540196e-01  1.3782000e+02]
 [ 9.7391340e-01  1.5236404e-01 -1.6754472e-01 -1.1789800e+03]
 [ 0.0000000e+00  0.0000000e+00  0.0000000e+00  1.0000000e+00]]
[+0076.62, +0029.91, -1102.10]
1295, 2127, 990
[[-2.2363114e-01  6.3833740e-01 -7.3630268e-01  1.0119000e+02]
 [-5.2173200e-03  7.5482480e-01  6.5584876e-01  1.3792000e+02]
 [ 9.7446860e-01  1.5063260e-01 -1.6542570e-01 -1.1789800e+03]
 [ 0.0000000e+00  0.0000000e+00  0.0000000e+00  1.0000000e+00]]
[+0166.69, -0010.31, -1119.39]
933, 1427, 1994
[[-2.2326594e-01  6.3806444e-01 -7.3664214e-01  1.0118000e+02]
 [-6.2883600e-03  7.5495000e-01  6.5569348e-01  1.3780000e+02]
 [ 9.7454006e-01  1.5115308e-01 -1.6449450e-01 -1.1789800e+03]
 [ 0.0000000e+00  0.0000000e+00  0.0000000e+00  1.0000000e+00]]
[+0046.36, -0069.12, -1144.10]
1295, 2127, 990
[[-2.2399666e-01  6.3822658e-01 -7.3627488e-01  1.0116000e+02]
 [-4.6406200e-03  7.5495854e-01  6.5569632e-01  1.3792000e+02]
 [ 9.7437792e-01  1.5041952e-01 -1.6609796e-01 -1.1789500e+03]
 [ 0.0000000e+00  0.0000000e+00  0.0000000e+00  1.0000000e+00]]
[+0166.33, -0010.67, -1119.09]
1506, 2225, 1134
[[-2.2472866e-01  6.3723634e-01 -7.3684188e-01  1.0106000e+02]
 [-4.4766200e-03  7.5574430e-01  6.5477676e-01  1.3794000e+02]
 [ 9.7415916e-01  1.5060708e-01 -1.6692420e-01 -1.1789800e+03]
 [ 0.0000000e+00  0.0000000e+00  0.0000000e+00  1.0000000e+00]]
[+0158.30, -0002.43, -1117.76]
1295, 2127, 990
[[-2.2352100e-01  6.3875118e-01 -7.3597926e-01  1.0125000e+02]
 [-4.4597400e-03  7.5458870e-01  6.5612638e-01  1.3791000e+02]
 [ 9.7449918e-01  1.5006214e-01 -1.6577194e-01 -1.1789400e+03]
 [ 0.0000000e+00  0.0000000e+00  0.0000000e+00  1.0000000e+00]]
[+0161.83, -0009.00, -1115.95]
1489, 1869, 880
[[-2.2513348e-01  6.3847490e-01 -7.3561482e-01  1.0122000e+02]
 [-5.0089000e-03  7.5449414e-01  6.5620590e-01  1.3791000e+02]
 [ 9.7404018e-01  1.5159510e-01 -1.6659738e-01 -1.1789700e+03]
 [ 0.0000000e+00  0.0000000e+00  0.0000000e+00  1.0000000e+00]]
[+0153.75, +0024.43, -1103.90]
1295, 2127, 990
[[-2.2348368e-01  6.3815116e-01 -7.3633604e-01  1.0118000e+02]
 [-4.3588400e-03  7.5509208e-01  6.5550848e-01  1.3794000e+02]
 [ 9.7437604e-01  1.4991152e-01 -1.6589160e-01 -1.1789500e+03]
 [ 0.0000000e+00  0.0000000e+00  0.0000000e+00  1.0000000e+00]]
[+0166.28, -0010.14, -1119.78]
1660, 1032, 799
[[-2.2418244e-01  6.3928656e-01 -7.3528008e-01  1.0131000e+02]
 [-4.9951200e-03  7.5392726e-01  6.5687494e-01  1.3787000e+02]
 [ 9.7431984e-01  1.5107062e-01 -1.6577194e-01 -1.1789300e+03]
 [ 0.0000000e+00  0.0000000e+00  0.0000000e+00  1.0000000e+00]]
[+0095.76, +0081.31, -1103.63]
1672, 800, 998
[[-2.2366898e-01  6.3897360e-01 -7.3559790e-01  1.0127000e+02]
 [-5.0616000e-03  7.5423452e-01  6.5649680e-01  1.3783000e+02]
 [ 9.7435410e-01  1.5075280e-01 -1.6539250e-01 -1.1789400e+03]
 [ 0.0000000e+00  0.0000000e+00  0.0000000e+00  1.0000000e+00]]
[+0055.77, +0081.03, -1114.98]
1660, 1032, 799
[[-2.2348650e-01  6.3933986e-01 -7.3532748e-01  1.0131000e+02]
 [-4.9289400e-03  7.5395094e-01  6.5682164e-01  1.3788000e+02]
 [ 9.7439092e-01  1.5061044e-01 -1.6527300e-01 -1.1789400e+03]
 [ 0.0000000e+00  0.0000000e+00  0.0000000e+00  1.0000000e+00]]
[+0097.57, +0081.45, -1104.32]
1724, 1582, 1434
[[-2.2502322e-01  6.3802894e-01 -7.3611642e-01  1.0113000e+02]
 [-5.4419400e-03  7.5486366e-01  6.5579566e-01  1.3785000e+02]
 [ 9.7412458e-01  1.5171234e-01 -1.6633812e-01 -1.1789300e+03]
 [ 0.0000000e+00  0.0000000e+00  0.0000000e+00  1.0000000e+00]]
[+0085.16, +0027.54, -1090.22]
1660, 1032, 799
[[-2.2429282e-01  6.3949454e-01 -7.3503514e-01  1.0134000e+02]
 [-4.9102600e-03  7.5373022e-01  6.5709478e-01  1.3786000e+02]
 [ 9.7427194e-01  1.5114362e-01 -1.6585860e-01 -1.1789200e+03]
 [ 0.0000000e+00  0.0000000e+00  0.0000000e+00  1.0000000e+00]]
[+0095.23, +0079.60, -1103.30]
878, 1046, 866
[[-2.2290106e-01  6.3950984e-01 -7.3533140e-01  1.0140000e+02]
 [-4.9796000e-03  7.5386424e-01  6.5691484e-01  1.3788000e+02]
 [ 9.7450516e-01  1.5029660e-01 -1.6477426e-01 -1.1789500e+03]
 [ 0.0000000e+00  0.0000000e+00  0.0000000e+00  1.0000000e+00]]
[+0092.73, -0009.27, -1063.85]
1660, 1032, 799
[[-2.2348650e-01  6.3933986e-01 -7.3532748e-01  1.0132000e+02]
 [-4.9289400e-03  7.5395094e-01  6.5682164e-01  1.3787000e+02]
 [ 9.7439092e-01  1.5061044e-01 -1.6527300e-01 -1.1789500e+03]
 [ 0.0000000e+00  0.0000000e+00  0.0000000e+00  1.0000000e+00]]
[+0095.97, +0081.48, -1103.72]
847, 2219, 760
[[-2.2183714e-01  6.3907002e-01 -7.3619466e-01  1.0131000e+02]
 [-4.3338600e-03  7.5454876e-01  6.5616918e-01  1.3803000e+02]
 [ 9.7487142e-01  1.4888346e-01 -1.6456834e-01 -1.1789800e+03]
 [ 0.0000000e+00  0.0000000e+00  0.0000000e+00  1.0000000e+00]]
[+0179.73, -0031.31, -1149.70]
900, 2246, 1684
[[-2.2476580e-01  6.3635402e-01 -7.3760246e-01  1.0091000e+02]
 [-4.3010600e-03  7.5655230e-01  6.5384662e-01  1.3790000e+02]
 [ 9.7415878e-01  1.5029126e-01 -1.6725154e-01 -1.1789200e+03]
 [ 0.0000000e+00  0.0000000e+00  0.0000000e+00  1.0000000e+00]]
[+0128.60, -0068.88, -1145.96]
847, 2219, 760
[[-2.2275280e-01  6.3958000e-01 -7.3560280e-01  1.0138000e+02]
 [-4.0848800e-03  7.5404486e-01  6.5677850e-01  1.3798000e+02]
 [ 9.7476016e-01  1.4937238e-01 -1.6532730e-01 -1.1789600e+03]
 [ 0.0000000e+00  0.0000000e+00  0.0000000e+00  1.0000000e+00]]
[+0177.75, -0031.94, -1147.34]
854, 1674, 776
[[-2.2319376e-01  6.3955320e-01 -7.3544824e-01  1.0135000e+02]
 [-4.9362400e-03  7.5386424e-01  6.5697000e-01  1.3792000e+02]
 [ 9.7462200e-01  1.5035176e-01 -1.6506696e-01 -1.1789500e+03]
 [ 0.0000000e+00  0.0000000e+00  0.0000000e+00  1.0000000e+00]]
[+0156.22, -0027.05, -1096.25]
847, 2219, 760
[[-2.2212980e-01  6.3838170e-01 -7.3658670e-01  1.0124000e+02]
 [-5.0221800e-03  7.5498206e-01  6.5563950e-01  1.3801000e+02]
 [ 9.7471326e-01  1.4952318e-01 -1.6442770e-01 -1.1790000e+03]
 [ 0.0000000e+00  0.0000000e+00  0.0000000e+00  1.0000000e+00]]
[+0179.32, -0032.24, -1150.19]
1000, 2220, 751
[[-2.2330084e-01  6.3833474e-01 -7.3646878e-01  1.0118000e+02]
 [-4.6289800e-03  7.5498206e-01  6.5568646e-01  1.3800000e+02]
 [ 9.7459534e-01  1.4991638e-01 -1.6559874e-01 -1.1789900e+03]
 [ 0.0000000e+00  0.0000000e+00  0.0000000e+00  1.0000000e+00]]
[+0180.11, -0021.94, -1144.60]
847, 2219, 760
[[-2.2271524e-01  6.3859596e-01 -7.3627140e-01  1.0129000e+02]
 [-4.4778000e-03  7.5480886e-01  6.5585346e-01  1.3804000e+02]
 [ 9.7461804e-01  1.4952930e-01 -1.6518634e-01 -1.1789800e+03]
 [ 0.0000000e+00  0.0000000e+00  0.0000000e+00  1.0000000e+00]]
[+0180.06, -0030.66, -1150.44]
1636, 2024, 1076
[[-2.2458258e-01  6.3814798e-01 -7.3606898e-01  1.0114000e+02]
 [-4.3889800e-03  7.5495854e-01  6.5567662e-01  1.3790000e+02]
 [ 9.7417202e-01  1.5065938e-01 -1.6668388e-01 -1.1789700e+03]
 [ 0.0000000e+00  0.0000000e+00  0.0000000e+00  1.0000000e+00]]
[+0147.16, +0019.92, -1106.16]
1398, 2195, 919
[[-2.2359370e-01  6.3803012e-01 -7.3654924e-01  1.0116000e+02]
 [-4.8235600e-03  7.5515510e-01  6.5546452e-01  1.3796000e+02]
 [ 9.7445572e-01  1.5024836e-01 -1.6571856e-01 -1.1789800e+03]
 [ 0.0000000e+00  0.0000000e+00  0.0000000e+00  1.0000000e+00]]
[+0170.92, +0000.34, -1127.08]
1636, 2024, 1076
[[-2.2385154e-01  6.3884498e-01 -7.3561158e-01  1.0138000e+02]
 [-4.8463800e-03  7.5434478e-01  6.5636222e-01  1.3816000e+02]
 [ 9.7428118e-01  1.5070482e-01 -1.6568532e-01 -1.1788600e+03]
 [ 0.0000000e+00  0.0000000e+00  0.0000000e+00  1.0000000e+00]]
[+0147.15, +0020.05, -1105.93]
1693, 2177, 1156
[[-2.2568200e-01  6.3737516e-01 -7.3642512e-01  1.0104000e+02]
 [-5.4084400e-03  7.5534296e-01  6.5523144e-01  1.3806000e+02]
 [ 9.7393008e-01  1.5202104e-01 -1.6695840e-01 -1.1791300e+03]
 [ 0.0000000e+00  0.0000000e+00  0.0000000e+00  1.0000000e+00]]
[+0153.43, +0012.22, -1114.53]
1636, 2024, 1076
[[-2.2439970e-01  6.3827652e-01 -7.3605546e-01  1.0111000e+02]
 [-4.6040400e-03  7.5484844e-01  6.5581132e-01  1.3788000e+02]
 [ 9.7424502e-01  1.5070756e-01 -1.6639090e-01 -1.1790900e+03]
 [ 0.0000000e+00  0.0000000e+00  0.0000000e+00  1.0000000e+00]]
[+0147.02, +0018.24, -1105.77]
891, 1825, 1992
[[-2.2282530e-01  6.3794464e-01 -7.3685108e-01  1.0116000e+02]
 [-5.5830400e-03  7.5521792e-01  6.5538496e-01  1.3782000e+02]
 [ 9.7462388e-01  1.5029056e-01 -1.6466722e-01 -1.1789800e+03]
 [ 0.0000000e+00  0.0000000e+00  0.0000000e+00  1.0000000e+00]]
[+0078.92, -0078.10, -1146.99]
1636, 2024, 1076
[[-2.2491300e-01  6.3782080e-01 -7.3636120e-01  1.0108000e+02]
 [-5.5268000e-03  7.5506022e-01  6.5557558e-01  1.3793000e+02]
 [ 9.7417280e-01  1.5163942e-01 -1.6625178e-01 -1.1790900e+03]
 [ 0.0000000e+00  0.0000000e+00  0.0000000e+00  1.0000000e+00]]
[+0151.46, +0019.07, -1107.57]
1286, 1786, 1601
[[-2.2439970e-01  6.3789214e-01 -7.3636712e-01  1.0111000e+02]
 [-5.0985400e-03  7.5510782e-01  6.5550424e-01  1.3784000e+02]
 [ 9.7422632e-01  1.5101464e-01 -1.6613152e-01 -1.1790000e+03]
 [ 0.0000000e+00  0.0000000e+00  0.0000000e+00  1.0000000e+00]]
[+0091.53, -0035.59, -1096.16]
1121, 1111, 1404
[[-2.2436496e-01  6.3892024e-01 -7.3555048e-01  1.0122000e+02]
 [-5.1279200e-03  7.5421080e-01  6.5655016e-01  1.3784000e+02]
 [ 9.7428296e-01  1.5121288e-01 -1.6589160e-01 -1.1790300e+03]
 [ 0.0000000e+00  0.0000000e+00  0.0000000e+00  1.0000000e+00]]
[+0048.27, -0014.53, -1086.87]
1286, 1786, 1601
[[-2.2450984e-01  6.3786244e-01 -7.3637900e-01  1.0106000e+02]
 [-5.3618000e-03  7.5508406e-01  6.5553394e-01  1.3784000e+02]
 [ 9.7421444e-01  1.5127790e-01 -1.6604514e-01 -1.1790700e+03]
 [ 0.0000000e+00  0.0000000e+00  0.0000000e+00  1.0000000e+00]]
[+0093.74, -0035.57, -1096.19]
1518, 1724, 1619
[[-2.2480282e-01  6.3785054e-01 -7.3634928e-01  1.0106000e+02]
 [-5.2635400e-03  7.5508406e-01  6.5554584e-01  1.3782000e+02]
 [ 9.7418472e-01  1.5137616e-01 -1.6633812e-01 -1.1790700e+03]
 [ 0.0000000e+00  0.0000000e+00  0.0000000e+00  1.0000000e+00]]
[+0082.14, -0008.51, -1091.53]
1286, 1786, 1601
[[-2.2439970e-01  6.3833158e-01 -7.3620194e-01  1.0111000e+02]
 [-4.6591000e-03  7.5484844e-01  6.5585458e-01  1.3790000e+02]
 [ 9.7439150e-01  1.5066430e-01 -1.6639090e-01 -1.1790400e+03]
 [ 0.0000000e+00  0.0000000e+00  0.0000000e+00  1.0000000e+00]]
[+0094.85, -0035.57, -1095.88]
1410, 2001, 758
[[-2.2443730e-01  6.3834574e-01 -7.3606562e-01  1.0116000e+02]
 [-5.3456200e-03  7.5469086e-01  6.5600534e-01  1.3787000e+02]
 [ 9.7429426e-01  1.5128218e-01 -1.6592500e-01 -1.1790900e+03]
 [ 0.0000000e+00  0.0000000e+00  0.0000000e+00  1.0000000e+00]]
[+0173.45, +0015.67, -1122.00]
1286, 1786, 1601
[[-2.2480282e-01  6.3799704e-01 -7.3629420e-01  1.0110000e+02]
 [-5.1170400e-03  7.5499768e-01  6.5566260e-01  1.3782000e+02]
 [ 9.7423980e-01  1.5125940e-01 -1.6642450e-01 -1.1790100e+03]
 [ 0.0000000e+00  0.0000000e+00  0.0000000e+00  1.0000000e+00]]
[+0090.73, -0035.44, -1096.19]
1158, 2234, 1195
[[-2.2428960e-01  6.3759248e-01 -7.3681336e-01  1.0106000e+02]
 [-5.3848000e-03  7.5539064e-01  6.5521052e-01  1.3795000e+02]
 [ 9.7436600e-01  1.5101540e-01 -1.6595880e-01 -1.1790800e+03]
 [ 0.0000000e+00  0.0000000e+00  0.0000000e+00  1.0000000e+00]]
[+0158.68, -0033.87, -1126.09]
1616, 2016, 1193
[[-2.2520602e-01  6.3795538e-01 -7.3627634e-01  1.0109000e+02]
 [-5.2820200e-03  7.5497388e-01  6.5570426e-01  1.3789000e+02]
 [ 9.7419814e-01  1.5162094e-01 -1.6663114e-01 -1.1790800e+03]
 [ 0.0000000e+00  0.0000000e+00  0.0000000e+00  1.0000000e+00]]
[+0139.22, +0013.42, -1101.25]
1158, 2234, 1195
[[-2.2359370e-01  6.3779226e-01 -7.3680572e-01  1.0109000e+02]
 [-5.1714600e-03  7.5532798e-01  6.5527404e-01  1.3795000e+02]
 [ 9.7449212e-01  1.5043884e-01 -1.6554568e-01 -1.1790900e+03]
 [ 0.0000000e+00  0.0000000e+00  0.0000000e+00  1.0000000e+00]]
[+0158.96, -0033.23, -1126.30]
776, 1427, 1194
[[-2.2249810e-01  6.3936874e-01 -7.3575202e-01  1.0126000e+02]
 [-5.2178600e-03  7.5406124e-01  6.5672654e-01  1.3787000e+02]
 [ 9.7472878e-01  1.5008194e-01 -1.6439490e-01 -1.1790700e+03]
 [ 0.0000000e+00  0.0000000e+00  0.0000000e+00  1.0000000e+00]]
[+0101.15, -0055.07, -1089.79]
1158, 2234, 1195
[[-2.2513170e-01  6.3748786e-01 -7.3671392e-01  1.0100000e+02]
 [-4.3486600e-03  7.5554798e-01  6.5505184e-01  1.3792000e+02]
 [ 9.7422752e-01  1.5073504e-01 -1.6730368e-01 -1.1790600e+03]
 [ 0.0000000e+00  0.0000000e+00  0.0000000e+00  1.0000000e+00]]
[+0158.35, -0033.15, -1125.83]
1159, 2232, 1789
[[-2.2502176e-01  6.3654672e-01 -7.3723344e-01  1.0089000e+02]
 [-5.1662400e-03  7.5617560e-01  6.5424792e-01  1.3788000e+02]
 [ 9.7400112e-01  1.5124584e-01 -1.6678600e-01 -1.1790600e+03]
 [ 0.0000000e+00  0.0000000e+00  0.0000000e+00  1.0000000e+00]]
[+0118.83, -0060.08, -1131.32]
1158, 2234, 1195
[[-2.2366660e-01  6.3769322e-01 -7.3680754e-01  1.0118000e+02]
 [-4.6931000e-03  7.5546156e-01  6.5510978e-01  1.3794000e+02]
 [ 9.7443110e-01  1.5012730e-01 -1.6592500e-01 -1.1789100e+03]
 [ 0.0000000e+00  0.0000000e+00  0.0000000e+00  1.0000000e+00]]
[+0157.93, -0033.00, -1125.70]
2243, 1992, 2118
[[-2.2758792e-01  6.3642816e-01 -7.3666916e-01  1.0080000e+02]
 [-4.6518400e-03  7.5604182e-01  6.5443368e-01  1.3784000e+02]
 [ 9.7349916e-01  1.5252632e-01 -1.6904610e-01 -1.1790300e+03]
 [ 0.0000000e+00  0.0000000e+00  0.0000000e+00  1.0000000e+00]]
[+0065.97, +0017.77, -1114.79]
2080, 2248, 2239
[[-2.2571802e-01  6.3610826e-01 -7.3749720e-01  1.0083000e+02]
 [-5.7282600e-03  7.5640998e-01  6.5399440e-01  1.3782000e+02]
 [ 9.7391120e-01  1.5201240e-01 -1.6702800e-01 -1.1790900e+03]
 [ 0.0000000e+00  0.0000000e+00  0.0000000e+00  1.0000000e+00]]
[+0081.42, -0011.58, -1114.87]
2243, 1992, 2118
[[-2.2681780e-01  6.3672726e-01 -7.3666138e-01  1.0088000e+02]
 [-4.9159800e-03  7.5584566e-01  6.5466114e-01  1.3777000e+02]
 [ 9.7368754e-01  1.5226218e-01 -1.6825210e-01 -1.1790600e+03]
 [ 0.0000000e+00  0.0000000e+00  0.0000000e+00  1.0000000e+00]]
[+0068.87, +0020.94, -1114.12]
1473, 1843, 1405
[[-2.2311808e-01  6.3840832e-01 -7.3630864e-01  1.0125000e+02]
 [-4.7891200e-03  7.5487200e-01  6.5577784e-01  1.3784000e+02]
 [ 9.7452176e-01  1.5000776e-01 -1.6530592e-01 -1.1788900e+03]
 [ 0.0000000e+00  0.0000000e+00  0.0000000e+00  1.0000000e+00]]
[+0111.72, -0008.20, -1089.97]
2243, 1992, 2118
[[-2.2788138e-01  6.3617774e-01 -7.3689572e-01  1.0072000e+02]
 [-4.9022600e-03  7.5621398e-01  6.5425556e-01  1.3774000e+02]
 [ 9.7350572e-01  1.5281444e-01 -1.6916740e-01 -1.1791400e+03]
 [ 0.0000000e+00  0.0000000e+00  0.0000000e+00  1.0000000e+00]]
[+0068.21, +0016.12, -1113.96]
2148, 1872, 2244
[[-2.2714810e-01  6.3649048e-01 -7.3675246e-01  1.0083000e+02]
 [-5.8524800e-03  7.5585968e-01  6.5463464e-01  1.3768000e+02]
 [ 9.7359646e-01  1.5316864e-01 -1.6790778e-01 -1.1791000e+03]
 [ 0.0000000e+00  0.0000000e+00  0.0000000e+00  1.0000000e+00]]
[+0050.66, +0008.78, -1121.66]
2243, 1992, 2118
[[-2.2612122e-01  6.3678110e-01 -7.3670946e-01  1.0091000e+02]
 [-4.8489000e-03  7.5586950e-01  6.5460730e-01  1.3774000e+02]
 [ 9.7375946e-01  1.5180270e-01 -1.6775172e-01 -1.1791500e+03]
 [ 0.0000000e+00  0.0000000e+00  0.0000000e+00  1.0000000e+00]]
[+0072.11, +0019.73, -1113.07]
2176, 1521, 2101
[[-2.2678194e-01  6.3722420e-01 -7.3621274e-01  1.0088000e+02]
 [-5.5852400e-03  7.5529496e-01  6.5528420e-01  1.3778000e+02]
 [ 9.7366970e-01  1.5288524e-01 -1.6766554e-01 -1.1791000e+03]
 [ 0.0000000e+00  0.0000000e+00  0.0000000e+00  1.0000000e+00]]
[+0039.37, +0030.86, -1129.77]
1792, 1735, 2089
[[-2.2542650e-01  6.3769416e-01 -7.3620888e-01  1.0098000e+02]
 [-5.8999200e-03  7.5501230e-01  6.5560396e-01  1.3779000e+02]
 [ 9.7397256e-01  1.5230732e-01 -1.6637224e-01 -1.1791200e+03]
 [ 0.0000000e+00  0.0000000e+00  0.0000000e+00  1.0000000e+00]]
[+0053.86, -0012.66, -1112.51]
2176, 1521, 2101
[[-2.2733130e-01  6.3689346e-01 -7.3639848e-01  1.0079000e+02]
 [-4.9960200e-03  7.5562550e-01  6.5492336e-01  1.3771000e+02]
 [ 9.7359696e-01  1.5269672e-01 -1.6854544e-01 -1.1791000e+03]
 [ 0.0000000e+00  0.0000000e+00  0.0000000e+00  1.0000000e+00]]
[+0040.24, +0029.95, -1128.95]
1760, 785, 2244
[[-2.2927570e-01  6.3456420e-01 -7.3769780e-01  1.0058000e+02]
 [-6.7618800e-03  7.5710904e-01  6.5316840e-01  1.3750000e+02]
 [ 9.7304884e-01  1.5492888e-01 -1.6922650e-01 -1.1790100e+03]
 [ 0.0000000e+00  0.0000000e+00  0.0000000e+00  1.0000000e+00]]
[+0007.25, +0015.04, -1175.20]
2176, 1521, 2101
[[-2.2747794e-01  6.3631160e-01 -7.3671222e-01  1.0083000e+02]
 [-4.5352800e-03  7.5615180e-01  6.5428696e-01  1.3779000e+02]
 [ 9.7345610e-01  1.5237960e-01 -1.6904610e-01 -1.1791100e+03]
 [ 0.0000000e+00  0.0000000e+00  0.0000000e+00  1.0000000e+00]]
[+0042.28, +0031.72, -1127.71]
2157, 1471, 1795
[[-2.2652450e-01  6.3688584e-01 -7.3663638e-01  1.0090000e+02]
 [-4.8674400e-03  7.5575948e-01  6.5476584e-01  1.3785000e+02]
 [ 9.7377258e-01  1.5204744e-01 -1.6804498e-01 -1.1791500e+03]
 [ 0.0000000e+00  0.0000000e+00  0.0000000e+00  1.0000000e+00]]
[+0057.13, +0050.77, -1119.88]
2176, 1521, 2101
[[-2.2762468e-01  6.3601976e-01 -7.3719388e-01  1.0079000e+02]
 [-6.0899600e-03  7.5622764e-01  6.5424824e-01  1.3775000e+02]
 [ 9.7362152e-01  1.5348196e-01 -1.6823668e-01 -1.1791200e+03]
 [ 0.0000000e+00  0.0000000e+00  0.0000000e+00  1.0000000e+00]]
[+0039.55, +0030.01, -1129.53]
1279, 1440, 1176
[[-2.2436496e-01  6.3868252e-01 -7.3580724e-01  1.0113000e+02]
 [-5.4759600e-03  7.5438384e-01  6.5635988e-01  1.3791000e+02]
 [ 9.7431908e-01  1.5140316e-01 -1.6571856e-01 -1.1791100e+03]
 [ 0.0000000e+00  0.0000000e+00  0.0000000e+00  1.0000000e+00]]
[+0097.93, +0000.99, -1077.44]
2208, 1020, 794
[[-2.2645410e-01  6.3879532e-01 -7.3505916e-01  1.0116000e+02]
 [-5.0698800e-03  7.5405270e-01  6.5674136e-01  1.3788000e+02]
 [ 9.7383044e-01  1.5256296e-01 -1.6747656e-01 -1.1790600e+03]
 [ 0.0000000e+00  0.0000000e+00  0.0000000e+00  1.0000000e+00]]
[+0098.71, +0099.17, -1153.41]
1279, 1440, 1176
[[-2.2458568e-01  6.3847676e-01 -7.3588636e-01  1.0115000e+02]
 [-6.1488400e-03  7.5442238e-01  6.5630242e-01  1.3792000e+02]
 [ 9.7423996e-01  1.5204638e-01 -1.6545930e-01 -1.1791100e+03]
 [ 0.0000000e+00  0.0000000e+00  0.0000000e+00  1.0000000e+00]]
[+0097.42, +0001.23, -1077.21]
1350, 983, 1854
[[-2.2465786e-01  6.3823122e-01 -7.3594304e-01  1.0106000e+02]
 [-5.8169400e-03  7.5464310e-01  6.5602152e-01  1.3786000e+02]
 [ 9.7412392e-01  1.5185184e-01 -1.6575220e-01 -1.1790600e+03]
 [ 0.0000000e+00  0.0000000e+00  0.0000000e+00  1.0000000e+00]]
[+0010.06, -0007.43, -1132.80]
1279, 1440, 1176
[[-2.2436496e-01  6.3882896e-01 -7.3575208e-01  1.0116000e+02]
 [-5.3295200e-03  7.5429734e-01  6.5647666e-01  1.3794000e+02]
 [ 9.7437424e-01  1.5128638e-01 -1.6580506e-01 -1.1790600e+03]
 [ 0.0000000e+00  0.0000000e+00  0.0000000e+00  1.0000000e+00]]
[+0097.01, +0001.09, -1077.22]
964, 988, 905
[[-2.2341448e-01  6.3996920e-01 -7.3495840e-01  1.0133000e+02]
 [-4.7668000e-03  7.5347000e-01  6.5740960e-01  1.3793000e+02]
 [ 9.7452640e-01  1.5049760e-01 -1.6524048e-01 -1.1790500e+03]
 [ 0.0000000e+00  0.0000000e+00  0.0000000e+00  1.0000000e+00]]
[+0079.07, +0004.26, -1064.97]
1279, 1440, 1176
[[-2.2374132e-01  6.3863688e-01 -7.3585640e-01  1.0114000e+02]
 [-4.9311200e-03  7.5454158e-01  6.5614230e-01  1.3794000e+02]
 [ 9.7432920e-01  1.5063190e-01 -1.6559874e-01 -1.1790500e+03]
 [ 0.0000000e+00  0.0000000e+00  0.0000000e+00  1.0000000e+00]]
[+0097.40, +0002.24, -1077.13]
790, 817, 1179
[[-2.2260840e-01  6.3972312e-01 -7.3545204e-01  1.0131000e+02]
 [-4.9869600e-03  7.5377750e-01  6.5706328e-01  1.3788000e+02]
 [ 9.7473612e-01  1.5003784e-01 -1.6456834e-01 -1.1790500e+03]
 [ 0.0000000e+00  0.0000000e+00  0.0000000e+00  1.0000000e+00]]
[+0036.85, -0027.66, -1084.03]
836, 752, 1381
[[-2.2312178e-01  6.3930450e-01 -7.3541028e-01  1.0131000e+02]
 [-5.6523000e-03  7.5390350e-01  6.5685700e-01  1.3788000e+02]
 [ 9.7442628e-01  1.5093980e-01 -1.6451428e-01 -1.1790000e+03]
 [ 0.0000000e+00  0.0000000e+00  0.0000000e+00  1.0000000e+00]]
[+0016.41, -0028.27, -1105.03]
790, 817, 1179
[[-2.2271874e-01  6.3978482e-01 -7.3526234e-01  1.0132000e+02]
 [-5.0486600e-03  7.5366716e-01  6.5716622e-01  1.3789000e+02]
 [ 9.7463318e-01  1.5022754e-01 -1.6456834e-01 -1.1790400e+03]
 [ 0.0000000e+00  0.0000000e+00  0.0000000e+00  1.0000000e+00]]
[+0039.22, -0028.46, -1083.60]
1116, 798, 1098
[[-2.2392810e-01  6.3936792e-01 -7.3531984e-01  1.0125000e+02]
 [-5.8352800e-03  7.5376920e-01  6.5705676e-01  1.3786000e+02]
 [ 9.7439856e-01  1.5154636e-01 -1.6501314e-01 -1.1790300e+03]
 [ 0.0000000e+00  0.0000000e+00  0.0000000e+00  1.0000000e+00]]
[+0040.23, +0020.78, -1081.34]
790, 817, 1179
[[-2.2260840e-01  6.3981428e-01 -7.3525056e-01  1.0128000e+02]
 [-4.7854800e-03  7.5369072e-01  6.5713676e-01  1.3789000e+02]
 [ 9.7464496e-01  1.4996436e-01 -1.6465512e-01 -1.1790300e+03]
 [ 0.0000000e+00  0.0000000e+00  0.0000000e+00  1.0000000e+00]]
[+0035.32, -0027.27, -1084.53]
848, 1272, 1311
[[-2.2268050e-01  6.3885616e-01 -7.3607762e-01  1.0131000e+02]
 [-5.4966400e-03  7.5443136e-01  6.5628464e-01  1.3793000e+02]
 [ 9.7463698e-01  1.5034144e-01 -1.6442770e-01 -1.1788700e+03]
 [ 0.0000000e+00  0.0000000e+00  0.0000000e+00  1.0000000e+00]]
[+0074.96, -0048.56, -1087.58]
790, 817, 1179
[[-2.2143816e-01  6.4006272e-01 -7.3545916e-01  1.0146000e+02]
 [-5.0886400e-03  7.5360390e-01  6.5725008e-01  1.3794000e+02]
 [ 9.7496388e-01  1.4940976e-01 -1.6357170e-01 -1.1788500e+03]
 [ 0.0000000e+00  0.0000000e+00  0.0000000e+00  1.0000000e+00]]
[+0037.19, -0027.27, -1084.01]
1908, 1853, 1384
[[-2.243625e-01  6.375850e-01 -7.366135e-01  1.010800e+02]
 [-4.705000e-03  7.554380e-01  6.551198e-01  1.379400e+02]
 [ 9.742135e-01  1.506302e-01 -1.664245e-01 -1.178850e+03]
 [ 0.000000e+00  0.000000e+00  0.000000e+00  1.000000e+00]]
[+0113.87, +0035.55, -1098.42]
1685, 1896, 2170
[[-2.2487560e-01  6.3698264e-01 -7.3697412e-01  1.0091000e+02]
 [-5.7744800e-03  7.5573560e-01  6.5476716e-01  1.3788000e+02]
 [ 9.7408644e-01  1.5167892e-01 -1.6619984e-01 -1.1790700e+03]
 [ 0.0000000e+00  0.0000000e+00  0.0000000e+00  1.0000000e+00]]
[+0058.82, -0029.23, -1117.80]
1908, 1853, 1384
[[-2.2538890e-01  6.3762512e-01 -7.3619826e-01  1.0103000e+02]
 [-5.1584800e-03  7.5517040e-01  6.5540976e-01  1.3794000e+02]
 [ 9.7392354e-01  1.5173256e-01 -1.6683786e-01 -1.1790600e+03]
 [ 0.0000000e+00  0.0000000e+00  0.0000000e+00  1.0000000e+00]]
[+0113.23, +0036.22, -1098.65]
2056, 1808, 1428
[[-2.2656154e-01  6.3728420e-01 -7.3618874e-01  1.0096000e+02]
 [-5.0587600e-03  7.5534296e-01  6.5522420e-01  1.3791000e+02]
 [ 9.7369370e-01  1.5235876e-01 -1.6783794e-01 -1.1790600e+03]
 [ 0.0000000e+00  0.0000000e+00  0.0000000e+00  1.0000000e+00]]
[+0103.26, +0049.04, -1105.08]
1908, 1853, 1384
[[-2.2502322e-01  6.3788244e-01 -7.3617154e-01  1.0107000e+02]
 [-5.5884400e-03  7.5495000e-01  6.5567892e-01  1.3796000e+02]
 [ 9.7406946e-01  1.5182908e-01 -1.6625178e-01 -1.1790300e+03]
 [ 0.0000000e+00  0.0000000e+00  0.0000000e+00  1.0000000e+00]]
[+0114.60, +0035.02, -1099.13]
1760, 1348, 1370
[[-2.2425466e-01  6.3847444e-01 -7.3605206e-01  1.0112000e+02]
 [-5.5607600e-03  7.5458060e-01  6.5613988e-01  1.3793000e+02]
 [ 9.7436714e-01  1.5133028e-01 -1.6563210e-01 -1.1790400e+03]
 [ 0.0000000e+00  0.0000000e+00  0.0000000e+00  1.0000000e+00]]
[+0070.49, +0040.70, -1094.60]
1908, 1853, 1384
[[-2.2608532e-01  6.3742478e-01 -7.3620554e-01  1.0098000e+02]
 [-5.3718200e-03  7.5523278e-01  6.5534686e-01  1.3792000e+02]
 [ 9.7379674e-01  1.5230894e-01 -1.6725154e-01 -1.1790500e+03]
 [ 0.0000000e+00  0.0000000e+00  0.0000000e+00  1.0000000e+00]]
[+0114.44, +0034.18, -1098.55]
1804, 2043, 1341
[[-2.2436250e-01  6.3782300e-01 -7.3635700e-01  1.0103000e+02]
 [-4.3570000e-03  7.5526512e-01  6.5531012e-01  1.3795000e+02]
 [ 9.7417700e-01  1.5043988e-01 -1.6659738e-01 -1.1790100e+03]
 [ 0.0000000e+00  0.0000000e+00  0.0000000e+00  1.0000000e+00]]
[+0133.78, +0017.16, -1102.21]
1927, 2128, 1326
[[-2.2443560e-01  6.3739464e-01 -7.3681668e-01  1.0105000e+02]
 [-4.4282400e-03  7.5565792e-01  6.5488176e-01  1.3801000e+02]
 [ 9.7424388e-01  1.5039216e-01 -1.6671752e-01 -1.1788800e+03]
 [ 0.0000000e+00  0.0000000e+00  0.0000000e+00  1.0000000e+00]]
[+0136.81, +0025.12, -1108.41]
1804, 2043, 1341
[[-2.2462002e-01  6.3792412e-01 -7.3618934e-01  1.0110000e+02]
 [-5.4234800e-03  7.5497388e-01  6.5563724e-01  1.3801000e+02]
 [ 9.7411114e-01  1.5146756e-01 -1.6604514e-01 -1.1789300e+03]
 [ 0.0000000e+00  0.0000000e+00  0.0000000e+00  1.0000000e+00]]
[+0128.71, +0018.40, -1101.15]
1707, 2222, 1579
[[-2.2465552e-01  6.3742668e-01 -7.3663876e-01  1.0106000e+02]
 [-4.7533200e-03  7.5552438e-01  6.5501484e-01  1.3809000e+02]
 [ 9.7412876e-01  1.5084516e-01 -1.6663114e-01 -1.1789500e+03]
 [ 0.0000000e+00  0.0000000e+00  0.0000000e+00  1.0000000e+00]]
[+0127.85, -0011.86, -1106.04]
1804, 2043, 1341
[[-2.2406952e-01  6.3818272e-01 -7.3642320e-01  1.0116000e+02]
 [-4.2172800e-03  7.5509208e-01  6.5557520e-01  1.3796000e+02]
 [ 9.7446320e-01  1.5006480e-01 -1.6647744e-01 -1.1788600e+03]
 [ 0.0000000e+00  0.0000000e+00  0.0000000e+00  1.0000000e+00]]
[+0128.84, +0019.42, -1101.03]
1937, 1882, 1515
[[-2.2483860e-01  6.3782930e-01 -7.3628570e-01  1.0111000e+02]
 [-3.8972600e-03  7.5528860e-01  6.5530382e-01  1.3793000e+02]
 [ 9.7412918e-01  1.5037310e-01 -1.6726996e-01 -1.1788500e+03]
 [ 0.0000000e+00  0.0000000e+00  0.0000000e+00  1.0000000e+00]]
[+0100.73, +0030.94, -1098.45]
1804, 2043, 1341
[[-2.2447252e-01  6.3799478e-01 -7.3646026e-01  1.0111000e+02]
 [-4.5287800e-03  7.5515510e-01  6.5549986e-01  1.3801000e+02]
 [ 9.7436674e-01  1.5054314e-01 -1.6659738e-01 -1.1788200e+03]
 [ 0.0000000e+00  0.0000000e+00  0.0000000e+00  1.0000000e+00]]
[+0133.18, +0016.76, -1101.83]
1388, 1541, 1423
[[-2.2381386e-01  6.3844656e-01 -7.3605976e-01  1.0118000e+02]
 [-4.6542400e-03  7.5476190e-01  6.5590452e-01  1.3797000e+02]
 [ 9.7435944e-01  1.5039412e-01 -1.6589160e-01 -1.1788300e+03]
 [ 0.0000000e+00  0.0000000e+00  0.0000000e+00  1.0000000e+00]]
[+0083.57, -0004.81, -1084.09]
1215, 866, 1463
[[-2.2385154e-01  6.3884498e-01 -7.3561158e-01  1.0125000e+02]
 [-4.8463800e-03  7.5434478e-01  6.5636222e-01  1.3793000e+02]
 [ 9.7428118e-01  1.5070482e-01 -1.6568532e-01 -1.1787900e+03]
 [ 0.0000000e+00  0.0000000e+00  0.0000000e+00  1.0000000e+00]]
[+0020.00, +0005.40, -1103.99]
1388, 1541, 1423
[[-2.2363114e-01  6.3857516e-01 -7.3604610e-01  1.0120000e+02]
 [-4.8694000e-03  7.5465176e-01  6.5603916e-01  1.3797000e+02]
 [ 9.7443234e-01  1.5044220e-01 -1.6559874e-01 -1.1788400e+03]
 [ 0.0000000e+00  0.0000000e+00  0.0000000e+00  1.0000000e+00]]
[+0084.14, -0004.09, -1083.64]
1051, 1628, 1443
[[-2.2264266e-01  6.3884146e-01 -7.3621424e-01  1.0124000e+02]
 [-4.8099400e-03  7.5458870e-01  6.5613448e-01  1.3799000e+02]
 [ 9.7473416e-01  1.4972368e-01 -1.6489360e-01 -1.1788400e+03]
 [ 0.0000000e+00  0.0000000e+00  0.0000000e+00  1.0000000e+00]]
[+0096.44, -0046.53, -1094.19]
1388, 1541, 1423
[[-2.2304554e-01  6.3859876e-01 -7.3610522e-01  1.0121000e+02]
 [-5.0661200e-03  7.5465176e-01  6.5601556e-01  1.3798000e+02]
 [ 9.7449146e-01  1.5024548e-01 -1.6501314e-01 -1.1788600e+03]
 [ 0.0000000e+00  0.0000000e+00  0.0000000e+00  1.0000000e+00]]
[+0085.13, -0002.95, -1083.42]
1447, 1575, 2240
[[-2.2535170e-01  6.3698854e-01 -7.3690262e-01  1.0096000e+02]
 [-5.3149400e-03  7.5575948e-01  6.5476126e-01  1.3788000e+02]
 [ 9.7403882e-01  1.5161186e-01 -1.6687218e-01 -1.1788500e+03]
 [ 0.0000000e+00  0.0000000e+00  0.0000000e+00  1.0000000e+00]]
[+0037.48, -0037.41, -1134.96]
1388, 1541, 1423
[[-2.2381386e-01  6.3859300e-01 -7.3600470e-01  1.0121000e+02]
 [-4.5078000e-03  7.5467532e-01  6.5602132e-01  1.3797000e+02]
 [ 9.7441450e-01  1.5027732e-01 -1.6597818e-01 -1.1788400e+03]
 [ 0.0000000e+00  0.0000000e+00  0.0000000e+00  1.0000000e+00]]
[+0085.68, -0003.69, -1083.58]
1678, 1146, 2190
[[-2.2564484e-01  6.3721476e-01 -7.3661616e-01  1.0097000e+02]
 [-4.8686400e-03  7.5558700e-01  6.5496348e-01  1.3783000e+02]
 [ 9.7397244e-01  1.5151968e-01 -1.6733780e-01 -1.1788600e+03]
 [ 0.0000000e+00  0.0000000e+00  0.0000000e+00  1.0000000e+00]]
[+0013.50, -0000.40, -1149.01]
1750, 1033, 927
[[-2.2396180e-01  6.3919946e-01 -7.3531158e-01  1.0126000e+02]
 [-4.6151800e-03  7.5406124e-01  6.5669886e-01  1.3795000e+02]
 [ 9.7428834e-01  1.5066102e-01 -1.6585860e-01 -1.1788400e+03]
 [ 0.0000000e+00  0.0000000e+00  0.0000000e+00  1.0000000e+00]]
[+0084.82, +0081.48, -1108.26]
1678, 1146, 2190
[[-2.2538890e-01  6.3729566e-01 -7.3665658e-01  1.0100000e+02]
 [-5.7082600e-03  7.5542918e-01  6.5514586e-01  1.3784000e+02]
 [ 9.7405138e-01  1.5199646e-01 -1.6657908e-01 -1.1788500e+03]
 [ 0.0000000e+00  0.0000000e+00  0.0000000e+00  1.0000000e+00]]
[+0013.88, -0001.15, -1148.74]
2076, 1468, 2184
[[-2.2747794e-01  6.3631160e-01 -7.3671222e-01  1.0085000e+02]
 [-4.5352800e-03  7.5615180e-01  6.5428696e-01  1.3781000e+02]
 [ 9.7345610e-01  1.5237960e-01 -1.6904610e-01 -1.1788400e+03]
 [ 0.0000000e+00  0.0000000e+00  0.0000000e+00  1.0000000e+00]]
[+0032.78, +0019.50, -1132.93]
1678, 1146, 2190
[[-2.2428960e-01  6.3762888e-01 -7.3646536e-01  1.0107000e+02]
 [-5.1282400e-03  7.5530430e-01  6.5524098e-01  1.3786000e+02]
 [ 9.7412808e-01  1.5098494e-01 -1.6604514e-01 -1.1788300e+03]
 [ 0.0000000e+00  0.0000000e+00  0.0000000e+00  1.0000000e+00]]
[+0013.90, -0001.83, -1149.40]
1400, 1489, 2143
[[-2.2381386e-01  6.3811736e-01 -7.3651782e-01  1.0113000e+02]
 [-5.2036800e-03  7.5502140e-01  6.5564056e-01  1.3792000e+02]
 [ 9.7448714e-01  1.5065808e-01 -1.6563210e-01 -1.1788600e+03]
 [ 0.0000000e+00  0.0000000e+00  0.0000000e+00  1.0000000e+00]]
[+0037.10, -0034.83, -1128.41]
1678, 1146, 2190
[[-2.2538890e-01  6.3744220e-01 -7.3660150e-01  1.0100000e+02]
 [-5.5617200e-03  7.5534296e-01  6.5526260e-01  1.3784000e+02]
 [ 9.7410646e-01  1.5187972e-01 -1.6666530e-01 -1.1788700e+03]
 [ 0.0000000e+00  0.0000000e+00  0.0000000e+00  1.0000000e+00]]
[+0013.56, +0000.38, -1149.47]
1527, 770, 1102
[[-2.2337620e-01  6.3942458e-01 -7.3546206e-01  1.0132000e+02]
 [-4.7209000e-03  7.5397454e-01  6.5683542e-01  1.3792000e+02]
 [ 9.7454910e-01  1.5030390e-01 -1.6535970e-01 -1.1788300e+03]
 [ 0.0000000e+00  0.0000000e+00  0.0000000e+00  1.0000000e+00]]
[+0042.81, +0063.08, -1105.56]
1042, 1058, 975
[[-2.2173066e-01  6.3990472e-01 -7.3548502e-01  1.0139000e+02]
 [-5.1363200e-03  7.5369072e-01  6.5714488e-01  1.3797000e+02]
 [ 9.7487942e-01  1.4962528e-01 -1.6377738e-01 -1.1788700e+03]
 [ 0.0000000e+00  0.0000000e+00  0.0000000e+00  1.0000000e+00]]
[+0080.64, +0005.86, -1067.51]
1527, 770, 1102
[[-2.2348650e-01  6.3901104e-01 -7.3578572e-01  1.0129000e+02]
 [-5.4784000e-03  7.5421080e-01  6.5655780e-01  1.3792000e+02]
 [ 9.7451820e-01  1.5087428e-01 -1.6501314e-01 -1.1788500e+03]
 [ 0.0000000e+00  0.0000000e+00  0.0000000e+00  1.0000000e+00]]
[+0042.12, +0065.17, -1106.42]
1887, 1413, 1184
[[-2.2535170e-01  6.3814252e-01 -7.3596776e-01  1.0112000e+02]
 [-3.8308400e-03  7.5498206e-01  6.5568208e-01  1.3795000e+02]
 [ 9.7409432e-01  1.5069104e-01 -1.6764960e-01 -1.1787900e+03]
 [ 0.0000000e+00  0.0000000e+00  0.0000000e+00  1.0000000e+00]]
[+0095.49, +0062.95, -1102.52]
1527, 770, 1102
[[-2.2418244e-01  6.3928656e-01 -7.3528008e-01  1.0132000e+02]
 [-4.9951200e-03  7.5392726e-01  6.5687494e-01  1.3794000e+02]
 [ 9.7431984e-01  1.5107062e-01 -1.6577194e-01 -1.1788100e+03]
 [ 0.0000000e+00  0.0000000e+00  0.0000000e+00  1.0000000e+00]]
[+0042.65, +0063.05, -1105.44]
1239, 785, 2240
[[-2.2399666e-01  6.3731144e-01 -7.3695308e-01  1.0110000e+02]
 [-5.7759200e-03  7.5556320e-01  6.5496496e-01  1.3773000e+02]
 [ 9.7428556e-01  1.5115088e-01 -1.6549330e-01 -1.1788400e+03]
 [ 0.0000000e+00  0.0000000e+00  0.0000000e+00  1.0000000e+00]]
[+0005.36, -0017.97, -1182.45]
1527, 770, 1102
[[-2.2290106e-01  6.3927232e-01 -7.3558806e-01  1.0138000e+02]
 [-5.3274400e-03  7.5403760e-01  6.5672448e-01  1.3788000e+02]
 [ 9.7454118e-01  1.5048696e-01 -1.6460090e-01 -1.1788400e+03]
 [ 0.0000000e+00  0.0000000e+00  0.0000000e+00  1.0000000e+00]]
[+0043.21, +0064.85, -1106.18]
983, 922, 1756
[[-2.2257028e-01  6.3903194e-01 -7.3601070e-01  1.0132000e+02]
 [-5.0870600e-03  7.5436838e-01  6.5637210e-01  1.3787000e+02]
 [ 9.7470390e-01  1.4996130e-01 -1.6460090e-01 -1.1788200e+03]
 [ 0.0000000e+00  0.0000000e+00  0.0000000e+00  1.0000000e+00]]
[+0013.93, -0039.04, -1131.89]
1356, 1063, 1532
[[-2.2246010e-01  6.3891504e-01 -7.3605402e-01  1.0131000e+02]
 [-4.9701600e-03  7.5447856e-01  6.5622576e-01  1.3789000e+02]
 [ 9.7466058e-01  1.4981496e-01 -1.6460090e-01 -1.1788300e+03]
 [ 0.0000000e+00  0.0000000e+00  0.0000000e+00  1.0000000e+00]]
[+0035.14, +0007.82, -1097.73]
983, 922, 1756
[[-2.2249810e-01  6.3898492e-01 -7.3606376e-01  1.0133000e+02]
 [-5.7119600e-03  7.5432110e-01  6.5641912e-01  1.3786000e+02]
 [ 9.7470968e-01  1.5038936e-01 -1.6413504e-01 -1.1788400e+03]
 [ 0.0000000e+00  0.0000000e+00  0.0000000e+00  1.0000000e+00]]
[+0013.12, -0038.44, -1132.42]
932, 1233, 1869
[[-2.2286298e-01  6.3854492e-01 -7.3649436e-01  1.0128000e+02]
 [-5.6842800e-03  7.5471462e-01  6.5600284e-01  1.3787000e+02]
 [ 9.7474676e-01  1.5044076e-01 -1.6454736e-01 -1.1788200e+03]
 [ 0.0000000e+00  0.0000000e+00  0.0000000e+00  1.0000000e+00]]
[+0036.26, -0061.00, -1134.09]
983, 922, 1756
[[-2.2257028e-01  6.3926952e-01 -7.3575416e-01  1.0135000e+02]
 [-4.7392800e-03  7.5419502e-01  6.5656254e-01  1.3788000e+02]
 [ 9.7466776e-01  1.4977086e-01 -1.6477426e-01 -1.1788200e+03]
 [ 0.0000000e+00  0.0000000e+00  0.0000000e+00  1.0000000e+00]]
[+0015.13, -0035.80, -1129.16]
1324, 797, 2247
[[-2.2406952e-01  6.3721236e-01 -7.3695468e-01  1.0106000e+02]
 [-5.2976400e-03  7.5569702e-01  6.5480074e-01  1.3772000e+02]
 [ 9.7422468e-01  1.5083926e-01 -1.6587250e-01 -1.1788300e+03]
 [ 0.0000000e+00  0.0000000e+00  0.0000000e+00  1.0000000e+00]]
[+0005.50, -0014.44, -1179.51]
983, 922, 1756
[[-2.2180264e-01  6.3942168e-01 -7.3579900e-01  1.0139000e+02]
 [-5.1516000e-03  7.5408480e-01  6.5667360e-01  1.3789000e+02]
 [ 9.7479932e-01  1.4962176e-01 -1.6389640e-01 -1.1788300e+03]
 [ 0.0000000e+00  0.0000000e+00  0.0000000e+00  1.0000000e+00]]
[+0017.13, -0036.09, -1126.76]
1881, 1263, 1389
[[-2.2462002e-01  6.3821708e-01 -7.3607914e-01  1.0121000e+02]
 [-5.1305200e-03  7.5480108e-01  6.5587076e-01  1.3791000e+02]
 [ 9.7422134e-01  1.5123404e-01 -1.6621794e-01 -1.1788300e+03]
 [ 0.0000000e+00  0.0000000e+00  0.0000000e+00  1.0000000e+00]]
[+0065.63, +0059.02, -1106.28]
1539, 1381, 1532
[[-2.2311808e-01  6.3840832e-01 -7.3630864e-01  1.0123000e+02]
 [-4.7891200e-03  7.5487200e-01  6.5577784e-01  1.3790000e+02]
 [ 9.7452176e-01  1.5000776e-01 -1.6530592e-01 -1.1788200e+03]
 [ 0.0000000e+00  0.0000000e+00  0.0000000e+00  1.0000000e+00]]
[+0060.89, +0008.80, -1090.42]
1881, 1263, 1389
[[-2.2439970e-01  6.3836794e-01 -7.3585392e-01  1.0121000e+02]
 [-4.4025000e-03  7.5476190e-01  6.5588480e-01  1.3790000e+02]
 [ 9.7415360e-01  1.5063408e-01 -1.6647744e-01 -1.1788100e+03]
 [ 0.0000000e+00  0.0000000e+00  0.0000000e+00  1.0000000e+00]]
[+0064.91, +0059.63, -1106.82]
1760, 1474, 927
[[-2.2246010e-01  6.3885996e-01 -7.3590768e-01  1.0132000e+02]
 [-4.9150800e-03  7.5447856e-01  6.5618244e-01  1.3795000e+02]
 [ 9.7451424e-01  1.4985828e-01 -1.6460090e-01 -1.1788300e+03]
 [ 0.0000000e+00  0.0000000e+00  0.0000000e+00  1.0000000e+00]]
[+0121.25, +0059.08, -1100.21]
1881, 1263, 1389
[[-2.2520602e-01  6.3804680e-01 -7.3607472e-01  1.0119000e+02]
 [-5.0804000e-03  7.5488750e-01  6.5577780e-01  1.3789000e+02]
 [ 9.7410672e-01  1.5154740e-01 -1.6671752e-01 -1.1787900e+03]
 [ 0.0000000e+00  0.0000000e+00  0.0000000e+00  1.0000000e+00]]
[+0063.79, +0057.25, -1106.05]
1954, 1413, 1438
[[-2.2487560e-01  6.3784316e-01 -7.3614928e-01  1.0116000e+02]
 [-4.5837200e-03  7.5513150e-01  6.5545496e-01  1.3790000e+02]
 [ 9.7403216e-01  1.5099112e-01 -1.6680394e-01 -1.1788000e+03]
 [ 0.0000000e+00  0.0000000e+00  0.0000000e+00  1.0000000e+00]]
[+0073.08, +0055.18, -1105.14]
1881, 1263, 1389
[[-2.2333832e-01  6.3849564e-01 -7.3627716e-01  1.0127000e+02]
 [-5.1692400e-03  7.5473830e-01  6.5595378e-01  1.3792000e+02]
 [ 9.7455324e-01  1.5041742e-01 -1.6521938e-01 -1.1788300e+03]
 [ 0.0000000e+00  0.0000000e+00  0.0000000e+00  1.0000000e+00]]
[+0064.77, +0056.87, -1105.56]
2155, 1314, 1909
[[-2.2626832e-01  6.3676484e-01 -7.3658564e-01  1.0099000e+02]
 [-5.7984400e-03  7.5568760e-01  6.5478872e-01  1.3779000e+02]
 [ 9.7364996e-01  1.5268408e-01 -1.6720008e-01 -1.1788600e+03]
 [ 0.0000000e+00  0.0000000e+00  0.0000000e+00  1.0000000e+00]]
[+0037.78, +0045.26, -1132.71]
2046, 1345, 1597
[[-2.2439970e-01  6.3833158e-01 -7.3620194e-01  1.0122000e+02]
 [-4.6591000e-03  7.5484844e-01  6.5585458e-01  1.3791000e+02]
 [ 9.7439150e-01  1.5066430e-01 -1.6639090e-01 -1.1787900e+03]
 [ 0.0000000e+00  0.0000000e+00  0.0000000e+00  1.0000000e+00]]
[+0059.57, +0055.02, -1115.06]
2155, 1314, 1909
[[-2.2652450e-01  6.3688584e-01 -7.3663638e-01  1.0099000e+02]
 [-4.8674400e-03  7.5575948e-01  6.5476584e-01  1.3780000e+02]
 [ 9.7377258e-01  1.5204744e-01 -1.6804498e-01 -1.1788200e+03]
 [ 0.0000000e+00  0.0000000e+00  0.0000000e+00  1.0000000e+00]]
[+0037.95, +0045.19, -1132.39]
1565, 1470, 2130
[[-2.2447252e-01  6.3740878e-01 -7.3668034e-01  1.0111000e+02]
 [-5.1147800e-03  7.5550070e-01  6.5503274e-01  1.3784000e+02]
 [ 9.7414666e-01  1.5101026e-01 -1.6625178e-01 -1.1788000e+03]
 [ 0.0000000e+00  0.0000000e+00  0.0000000e+00  1.0000000e+00]]
[+0031.24, -0023.65, -1128.72]
2155, 1314, 1909
[[-2.2568200e-01  6.3752172e-01 -7.3637004e-01  1.0109000e+02]
 [-5.2618800e-03  7.5525670e-01  6.5534814e-01  1.3785000e+02]
 [ 9.7398516e-01  1.5190434e-01 -1.6704466e-01 -1.1788600e+03]
 [ 0.0000000e+00  0.0000000e+00  0.0000000e+00  1.0000000e+00]]
[+0039.64, +0046.93, -1132.14]
2055, 942, 1906
[[-2.2410676e-01  6.3828832e-01 -7.3608516e-01  1.0117000e+02]
 [-4.7023600e-03  7.5484844e-01  6.5579952e-01  1.3782000e+02]
 [ 9.7427472e-01  1.5060924e-01 -1.6609796e-01 -1.1787900e+03]
 [ 0.0000000e+00  0.0000000e+00  0.0000000e+00  1.0000000e+00]]
[+0022.68, +0049.37, -1155.81]
2155, 1314, 1909
[[-2.2590240e-01  6.3731544e-01 -7.3644912e-01  1.0105000e+02]
 [-5.9349600e-03  7.5529496e-01  6.5529116e-01  1.3784000e+02]
 [ 9.7390608e-01  1.5254756e-01 -1.6678600e-01 -1.1788400e+03]
 [ 0.0000000e+00  0.0000000e+00  0.0000000e+00  1.0000000e+00]]
[+0039.27, +0046.42, -1132.06]
1478, 1285, 2126
[[-2.2439970e-01  6.3765424e-01 -7.3662372e-01  1.0112000e+02]
 [-5.4465600e-03  7.5528054e-01  6.5531384e-01  1.3783000e+02]
 [ 9.7426268e-01  1.5120504e-01 -1.6595880e-01 -1.1788000e+03]
 [ 0.0000000e+00  0.0000000e+00  0.0000000e+00  1.0000000e+00]]
[+0020.62, -0021.23, -1137.72]
1701, 1849, 1669
[[-2.2337370e-01  6.3799786e-01 -7.3672718e-01  1.0116000e+02]
 [-4.4984200e-03  7.5528860e-01  6.5533174e-01  1.3791000e+02]
 [ 9.7457066e-01  1.4979538e-01 -1.6580506e-01 -1.1788300e+03]
 [ 0.0000000e+00  0.0000000e+00  0.0000000e+00  1.0000000e+00]]
[+0093.43, +0001.42, -1093.26]
1478, 1285, 2126
[[-2.2410676e-01  6.3766614e-01 -7.3665338e-01  1.0114000e+02]
 [-5.5447800e-03  7.5528054e-01  6.5530194e-01  1.3783000e+02]
 [ 9.7429234e-01  1.5110682e-01 -1.6566586e-01 -1.1788100e+03]
 [ 0.0000000e+00  0.0000000e+00  0.0000000e+00  1.0000000e+00]]
[+0020.21, -0022.16, -1138.63]
1899, 1096, 2099
[[-2.2586500e-01  6.3730158e-01 -7.3658494e-01  1.0105000e+02]
 [-5.2486200e-03  7.5545310e-01  6.5513994e-01  1.3780000e+02]
 [ 9.7400366e-01  1.5192954e-01 -1.6725154e-01 -1.1788500e+03]
 [ 0.0000000e+00  0.0000000e+00  0.0000000e+00  1.0000000e+00]]
[+0016.82, +0023.14, -1147.95]
1478, 1285, 2126
[[-2.2428960e-01  6.3792184e-01 -7.3635528e-01  1.0114000e+02]
 [-4.8352800e-03  7.5513150e-01  6.5547454e-01  1.3784000e+02]
 [ 9.7423816e-01  1.5075138e-01 -1.6621794e-01 -1.1788000e+03]
 [ 0.0000000e+00  0.0000000e+00  0.0000000e+00  1.0000000e+00]]
[+0022.08, -0021.91, -1136.71]
1392, 1126, 1888
[[-2.2286298e-01  6.3858108e-01 -7.3614654e-01  1.0128000e+02]
 [-5.4277200e-03  7.5462812e-01  6.5603324e-01  1.3788000e+02]
 [ 9.7450914e-01  1.5041036e-01 -1.6463386e-01 -1.1788200e+03]
 [ 0.0000000e+00  0.0000000e+00  0.0000000e+00  1.0000000e+00]]
[+0021.68, -0009.29, -1121.76]
1478, 1285, 2126
[[-2.2498570e-01  6.3763044e-01 -7.3656428e-01  1.0110000e+02]
 [-5.2501200e-03  7.5528054e-01  6.5533764e-01  1.3783000e+02]
 [ 9.7420324e-01  1.5140148e-01 -1.6654480e-01 -1.1788300e+03]
 [ 0.0000000e+00  0.0000000e+00  0.0000000e+00  1.0000000e+00]]
[+0020.81, -0021.12, -1137.52]
1271, 1957, 1807
[[-2.2330084e-01  6.3818832e-01 -7.3652380e-01  1.0122000e+02]
 [-4.7754000e-03  7.5506860e-01  6.5556960e-01  1.3794000e+02]
 [ 9.7454032e-01  1.5003324e-01 -1.6551220e-01 -1.1788300e+03]
 [ 0.0000000e+00  0.0000000e+00  0.0000000e+00  1.0000000e+00]]
[+0098.12, -0050.28, -1110.54]
879, 2115, 1692
[[-2.2139730e-01  6.3871214e-01 -7.3666082e-01  1.0134000e+02]
 [-3.9759800e-03  7.5498860e-01  6.5567066e-01  1.3803000e+02]
 [ 9.7499054e-01  1.4821142e-01 -1.6456834e-01 -1.1788600e+03]
 [ 0.0000000e+00  0.0000000e+00  0.0000000e+00  1.0000000e+00]]
[+0122.82, -0071.51, -1140.11]
1271, 1957, 1807
[[-2.2319082e-01  6.3821788e-01 -7.3651206e-01  1.0121000e+02]
 [-4.5121200e-03  7.5509208e-01  6.5554004e-01  1.3793000e+02]
 [ 9.7455206e-01  1.4976996e-01 -1.6559874e-01 -1.1788500e+03]
 [ 0.0000000e+00  0.0000000e+00  0.0000000e+00  1.0000000e+00]]
[+0091.86, -0048.26, -1110.42]
1462, 1943, 1135
[[-2.2465552e-01  6.3804928e-01 -7.3607072e-01  1.0111000e+02]
 [-3.9107200e-03  7.5509208e-01  6.5551208e-01  1.3785000e+02]
 [ 9.7411072e-01  1.5034792e-01 -1.6706344e-01 -1.1789900e+03]
 [ 0.0000000e+00  0.0000000e+00  0.0000000e+00  1.0000000e+00]]
[+0140.94, +0004.98, -1098.00]
1271, 1957, 1807
[[-2.2348368e-01  6.3796828e-01 -7.3673892e-01  1.0113000e+02]
 [-4.7617200e-03  7.5526512e-01  6.5536132e-01  1.3784000e+02]
 [ 9.7455892e-01  1.5005868e-01 -1.6571856e-01 -1.1789200e+03]
 [ 0.0000000e+00  0.0000000e+00  0.0000000e+00  1.0000000e+00]]
[+0092.00, -0050.37, -1111.15]
1367, 2211, 1829
[[-2.2428930e-01  6.3702560e-01 -7.3725280e-01  1.0104000e+02]
 [-3.9728000e-03  7.5609728e-01  6.5439376e-01  1.3794000e+02]
 [ 9.7433440e-01  1.4981776e-01 -1.6701058e-01 -1.1788400e+03]
 [ 0.0000000e+00  0.0000000e+00  0.0000000e+00  1.0000000e+00]]
[+0112.44, -0049.05, -1119.07]
1271, 1957, 1807
[[-2.2271524e-01  6.3841324e-01 -7.3667420e-01  1.0122000e+02]
 [-4.8806000e-03  7.5498206e-01  6.5570626e-01  1.3793000e+02]
 [ 9.7480076e-01  1.4967650e-01 -1.6501314e-01 -1.1788700e+03]
 [ 0.0000000e+00  0.0000000e+00  0.0000000e+00  1.0000000e+00]]
[+0090.60, -0050.47, -1111.69]
1436, 1774, 1808
[[-2.2406952e-01  6.3812772e-01 -7.3627672e-01  1.0117000e+02]
 [-4.1622800e-03  7.5509208e-01  6.5553192e-01  1.3793000e+02]
 [ 9.7431672e-01  1.5010808e-01 -1.6647744e-01 -1.1788200e+03]
 [ 0.0000000e+00  0.0000000e+00  0.0000000e+00  1.0000000e+00]]
[+0072.21, -0027.96, -1101.05]
1145, 1993, 1738
[[-2.2370376e-01  6.3814696e-01 -7.3650600e-01  1.0120000e+02]
 [-4.9404000e-03  7.5504504e-01  6.5561096e-01  1.3798000e+02]
 [ 9.7449896e-01  1.5039480e-01 -1.6571856e-01 -1.1788500e+03]
 [ 0.0000000e+00  0.0000000e+00  0.0000000e+00  1.0000000e+00]]
[+0106.52, -0059.17, -1117.57]
1436, 1774, 1808
[[-2.2480282e-01  6.3775912e-01 -7.3655086e-01  1.0109000e+02]
 [-5.4651200e-03  7.5517040e-01  6.5547224e-01  1.3792000e+02]
 [ 9.7427614e-01  1.5144976e-01 -1.6625178e-01 -1.1789500e+03]
 [ 0.0000000e+00  0.0000000e+00  0.0000000e+00  1.0000000e+00]]
[+0072.11, -0027.49, -1101.02]
1540, 1736, 1257
[[-2.2498570e-01  6.3825292e-01 -7.3599594e-01  1.0114000e+02]
 [-4.4074000e-03  7.5484844e-01  6.5583492e-01  1.3797000e+02]
 [ 9.7418550e-01  1.5090420e-01 -1.6697690e-01 -1.1789200e+03]
 [ 0.0000000e+00  0.0000000e+00  0.0000000e+00  1.0000000e+00]]
[+0114.45, +0014.53, -1087.29]
1436, 1774, 1808
[[-2.2480282e-01  6.3770404e-01 -7.3640436e-01  1.0109000e+02]
 [-5.4100400e-03  7.5517040e-01  6.5542908e-01  1.3794000e+02]
 [ 9.7412964e-01  1.5149292e-01 -1.6625178e-01 -1.1789200e+03]
 [ 0.0000000e+00  0.0000000e+00  0.0000000e+00  1.0000000e+00]]
[+0073.93, -0030.45, -1101.39]
929, 1086, 1758
[[-2.2268050e-01  6.3900250e-01 -7.3602250e-01  1.0127000e+02]
 [-5.3503000e-03  7.5434478e-01  6.5640154e-01  1.3794000e+02]
 [ 9.7469210e-01  1.5022454e-01 -1.6451428e-01 -1.1789600e+03]
 [ 0.0000000e+00  0.0000000e+00  0.0000000e+00  1.0000000e+00]]
[+0029.17, -0049.97, -1124.92]
1436, 1774, 1808
[[-2.2428960e-01  6.3768392e-01 -7.3661184e-01  1.0105000e+02]
 [-5.1832800e-03  7.5530430e-01  6.5528416e-01  1.3792000e+02]
 [ 9.7427456e-01  1.5094176e-01 -1.6604514e-01 -1.1789300e+03]
 [ 0.0000000e+00  0.0000000e+00  0.0000000e+00  1.0000000e+00]]
[+0074.72, -0029.19, -1100.91]
1704, 1878, 1107
[[-2.2447252e-01  6.3793976e-01 -7.3631376e-01  1.0109000e+02]
 [-4.4737600e-03  7.5515510e-01  6.5545662e-01  1.3797000e+02]
 [ 9.7422024e-01  1.5058638e-01 -1.6659738e-01 -1.1789500e+03]
 [ 0.0000000e+00  0.0000000e+00  0.0000000e+00  1.0000000e+00]]
[+0138.06, +0030.69, -1100.16]
1848, 2072, 1392
[[-2.2535170e-01  6.3713510e-01 -7.3684760e-01  1.0099000e+02]
 [-5.1683800e-03  7.5567326e-01  6.5487800e-01  1.3798000e+02]
 [ 9.7409384e-01  1.5149512e-01 -1.6695840e-01 -1.1789700e+03]
 [ 0.0000000e+00  0.0000000e+00  0.0000000e+00  1.0000000e+00]]
[+0130.08, +0019.01, -1102.50]
1704, 1878, 1107
[[-2.2388660e-01  6.3834768e-01 -7.3606164e-01  1.0115000e+02]
 [-4.1758800e-03  7.5489548e-01  6.5574016e-01  1.3800000e+02]
 [ 9.7429824e-01  1.5008276e-01 -1.6627108e-01 -1.1789300e+03]
 [ 0.0000000e+00  0.0000000e+00  0.0000000e+00  1.0000000e+00]]
[+0134.27, +0029.69, -1099.10]
1686, 1251, 1542
[[-2.249130e-01  6.380036e-01 -7.359580e-01  1.011000e+02]
 [-5.123600e-03  7.548875e-01  6.557227e-01  1.379200e+02]
 [ 9.739900e-01  1.514923e-01 -1.664245e-01 -1.178930e+03]
 [ 0.000000e+00  0.000000e+00  0.000000e+00  1.000000e+00]]
[+0048.61, +0031.63, -1100.65]
1704, 1878, 1107
[[-2.2476554e-01  6.3768996e-01 -7.3654056e-01  1.0110000e+02]
 [-4.7235600e-03  7.5532798e-01  6.5527812e-01  1.3786000e+02]
 [ 9.7422696e-01  1.5087492e-01 -1.6671752e-01 -1.1790100e+03]
 [ 0.0000000e+00  0.0000000e+00  0.0000000e+00  1.0000000e+00]]
[+0138.02, +0027.85, -1099.72]
1904, 1826, 1040
[[-2.2527876e-01  6.3785656e-01 -7.3627784e-01  1.0103000e+02]
 [-4.8037600e-03  7.5510782e-01  6.5553982e-01  1.3794000e+02]
 [ 9.7413704e-01  1.5130942e-01 -1.6701058e-01 -1.1790600e+03]
 [ 0.0000000e+00  0.0000000e+00  0.0000000e+00  1.0000000e+00]]
[+0135.65, +0052.10, -1110.43]
1704, 1878, 1107
[[-2.2458258e-01  6.3814798e-01 -7.3606898e-01  1.0107000e+02]
 [-4.3889800e-03  7.5495854e-01  6.5567662e-01  1.3798000e+02]
 [ 9.7417202e-01  1.5065938e-01 -1.6668388e-01 -1.1790200e+03]
 [ 0.0000000e+00  0.0000000e+00  0.0000000e+00  1.0000000e+00]]
[+0137.43, +0027.00, -1099.82]
970, 1322, 1855
[[-2.2414440e-01  6.3821120e-01 -7.3615040e-01  1.0110000e+02]
 [-5.5904000e-03  7.5477728e-01  6.5587664e-01  1.3789000e+02]
 [ 9.7426880e-01  1.5130064e-01 -1.6554568e-01 -1.1790200e+03]
 [ 0.0000000e+00  0.0000000e+00  0.0000000e+00  1.0000000e+00]]
[+0041.93, -0060.62, -1129.27]
782, 970, 1689
[[-2.2359684e-01  6.3945666e-01 -7.3528414e-01  1.0126000e+02]
 [-5.0457400e-03  7.5384060e-01  6.5696802e-01  1.3795000e+02]
 [ 9.7443426e-01  1.5075682e-01 -1.6527300e-01 -1.1790400e+03]
 [ 0.0000000e+00  0.0000000e+00  0.0000000e+00  1.0000000e+00]]
[+0026.58, -0056.12, -1127.77]
970, 1322, 1855
[[-2.2403418e-01  6.3805816e-01 -7.3654158e-01  1.0105000e+02]
 [-5.7302400e-03  7.5497388e-01  6.5569976e-01  1.3786000e+02]
 [ 9.7446338e-01  1.5118464e-01 -1.6545930e-01 -1.1790500e+03]
 [ 0.0000000e+00  0.0000000e+00  0.0000000e+00  1.0000000e+00]]
[+0041.85, -0059.95, -1129.01]
1645, 1048, 1668
[[-2.2436496e-01  6.3853608e-01 -7.3586240e-01  1.0112000e+02]
 [-5.6224000e-03  7.5447030e-01  6.5624310e-01  1.3793000e+02]
 [ 9.7426392e-01  1.5151994e-01 -1.6563210e-01 -1.1790600e+03]
 [ 0.0000000e+00  0.0000000e+00  0.0000000e+00  1.0000000e+00]]
[+0027.02, +0031.06, -1116.63]
970, 1322, 1855
[[-2.2348650e-01  6.3862706e-01 -7.3609758e-01  1.0119000e+02]
 [-5.9727000e-03  7.5447030e-01  6.5625050e-01  1.3808000e+02]
 [ 9.7449910e-01  1.5118158e-01 -1.6475364e-01 -1.1788900e+03]
 [ 0.0000000e+00  0.0000000e+00  0.0000000e+00  1.0000000e+00]]
[+0042.85, -0061.04, -1128.86]
951, 1458, 1586
[[-2.2337620e-01  6.3894934e-01 -7.3597538e-01  1.0117000e+02]
 [-5.4167000e-03  7.5432110e-01  6.5645470e-01  1.3796000e+02]
 [ 9.7462130e-01  1.5068462e-01 -1.6501314e-01 -1.1790500e+03]
 [ 0.0000000e+00  0.0000000e+00  0.0000000e+00  1.0000000e+00]]
[+0073.87, -0056.71, -1103.02]
970, 1322, 1855
[[-2.2432708e-01  6.3822896e-01 -7.3610884e-01  1.0108000e+02]
 [-5.2288400e-03  7.5480108e-01  6.5585888e-01  1.3787000e+02]
 [ 9.7425104e-01  1.5113572e-01 -1.6592500e-01 -1.1790300e+03]
 [ 0.0000000e+00  0.0000000e+00  0.0000000e+00  1.0000000e+00]]
[+0042.21, -0061.97, -1130.48]
1321, 1787, 2227
[[-2.2487560e-01  6.3683612e-01 -7.3702916e-01  1.0088000e+02]
 [-5.9210000e-03  7.5582174e-01  6.5465038e-01  1.3786000e+02]
 [ 9.7403140e-01  1.5179570e-01 -1.6611370e-01 -1.1790400e+03]
 [ 0.0000000e+00  0.0000000e+00  0.0000000e+00  1.0000000e+00]]
[+0055.99, -0054.02, -1135.70]
1412, 1969, 2200
[[-2.2527876e-01  6.3694090e-01 -7.3695634e-01  1.0095000e+02]
 [-5.9396600e-03  7.5571164e-01  6.5480890e-01  1.3791000e+02]
 [ 9.7404470e-01  1.5204034e-01 -1.6640676e-01 -1.1790900e+03]
 [ 0.0000000e+00  0.0000000e+00  0.0000000e+00  1.0000000e+00]]
[+0070.01, -0050.55, -1127.32]
1321, 1787, 2227
[[-2.2509584e-01  6.3697824e-01 -7.3714464e-01  1.0089000e+02]
 [-6.3561600e-03  7.5568760e-01  6.5486968e-01  1.3785000e+02]
 [ 9.7420896e-01  1.5216248e-01 -1.6602760e-01 -1.1790600e+03]
 [ 0.0000000e+00  0.0000000e+00  0.0000000e+00  1.0000000e+00]]
[+0054.14, -0053.71, -1136.51]
1245, 1801, 2060
[[-2.2399666e-01  6.3784224e-01 -7.3658646e-01  1.0104000e+02]
 [-5.1350400e-03  7.5521792e-01  6.5538912e-01  1.3786000e+02]
 [ 9.7435926e-01  1.5072672e-01 -1.6583858e-01 -1.1790600e+03]
 [ 0.0000000e+00  0.0000000e+00  0.0000000e+00  1.0000000e+00]]
[+0067.03, -0054.90, -1124.66]
1321, 1787, 2227
[[-2.2498570e-01  6.3695290e-01 -7.3698610e-01  1.0088000e+02]
 [-6.0377800e-03  7.5571164e-01  6.5479690e-01  1.3785000e+02]
 [ 9.7407446e-01  1.5194222e-01 -1.6611370e-01 -1.1790900e+03]
 [ 0.0000000e+00  0.0000000e+00  0.0000000e+00  1.0000000e+00]]
[+0055.72, -0054.34, -1136.39]
1680, 1580, 2046
[[-2.2502322e-01  6.3764456e-01 -7.3642828e-01  1.0098000e+02]
 [-5.9365600e-03  7.5512256e-01  6.5548856e-01  1.3787000e+02]
 [ 9.7410572e-01  1.5201944e-01 -1.6607922e-01 -1.1791100e+03]
 [ 0.0000000e+00  0.0000000e+00  0.0000000e+00  1.0000000e+00]]
[+0043.28, -0005.51, -1114.09]
1321, 1787, 2227
[[-2.2527876e-01  6.3699596e-01 -7.3710288e-01  1.0091000e+02]
 [-5.9947200e-03  7.5571164e-01  6.5485196e-01  1.3788000e+02]
 [ 9.7419124e-01  1.5199728e-01 -1.6640676e-01 -1.1790800e+03]
 [ 0.0000000e+00  0.0000000e+00  0.0000000e+00  1.0000000e+00]]
[+0055.19, -0054.89, -1136.77]
1833, 1448, 1069
[[-2.2473024e-01  6.3818736e-01 -7.3609104e-01  1.0108000e+02]
 [-5.3937600e-03  7.5477728e-01  6.5590048e-01  1.3794000e+02]
 [ 9.7420944e-01  1.5149728e-01 -1.6613152e-01 -1.1790800e+03]
 [ 0.0000000e+00  0.0000000e+00  0.0000000e+00  1.0000000e+00]]
[+0105.98, +0064.24, -1101.83]
1715, 1387, 1430
[[-2.2560930e-01  6.3809648e-01 -7.3585516e-01  1.0105000e+02]
 [-5.0436800e-03  7.5477728e-01  6.5589304e-01  1.3792000e+02]
 [ 9.7397356e-01  1.5183544e-01 -1.6701058e-01 -1.1790500e+03]
 [ 0.0000000e+00  0.0000000e+00  0.0000000e+00  1.0000000e+00]]
[+0068.71, +0034.61, -1093.12]
1833, 1448, 1069
[[-2.2542650e-01  6.3816996e-01 -7.3569528e-01  1.0107000e+02]
 [-5.2035600e-03  7.5466702e-01  6.5598444e-01  1.3793000e+02]
 [ 9.7390008e-01  1.5192684e-01 -1.6671752e-01 -1.1790600e+03]
 [ 0.0000000e+00  0.0000000e+00  0.0000000e+00  1.0000000e+00]]
[+0106.64, +0063.90, -1101.67]
1162, 1111, 794
[[-2.2301140e-01  6.3957150e-01 -7.3514170e-01  1.0127000e+02]
 [-5.0412600e-03  7.5375390e-01  6.5701782e-01  1.3796000e+02]
 [ 9.7440218e-01  1.5048630e-01 -1.6477426e-01 -1.1790500e+03]
 [ 0.0000000e+00  0.0000000e+00  0.0000000e+00  1.0000000e+00]]
[+0103.19, +0029.47, -1069.15]
1833, 1448, 1069
[[-2.2509584e-01  6.3807660e-01 -7.3606284e-01  1.0105000e+02]
 [-4.8171600e-03  7.5491126e-01  6.5574800e-01  1.3796000e+02]
 [ 9.7411860e-01  1.5128416e-01 -1.6680394e-01 -1.1790300e+03]
 [ 0.0000000e+00  0.0000000e+00  0.0000000e+00  1.0000000e+00]]
[+0105.68, +0063.04, -1101.28]
1915, 1283, 1068
[[-2.2560930e-01  6.3838956e-01 -7.3574492e-01  1.0104000e+02]
 [-4.7506000e-03  7.5460440e-01  6.5612640e-01  1.3797000e+02]
 [ 9.7408380e-01  1.5160208e-01 -1.6718346e-01 -1.1790300e+03]
 [ 0.0000000e+00  0.0000000e+00  0.0000000e+00  1.0000000e+00]]
[+0092.76, +0075.85, -1111.19]
1833, 1448, 1069
[[-2.2531624e-01  6.3810840e-01 -7.3588500e-01  1.0107000e+02]
 [-5.1420000e-03  7.5477728e-01  6.5588112e-01  1.3789000e+02]
 [ 9.7400340e-01  1.5173712e-01 -1.6671752e-01 -1.1790300e+03]
 [ 0.0000000e+00  0.0000000e+00  0.0000000e+00  1.0000000e+00]]
[+0106.15, +0060.28, -1100.07]
2140, 819, 916
[[-2.2645410e-01  6.3864876e-01 -7.3511438e-01  1.0109000e+02]
 [-5.2164400e-03  7.5413916e-01  6.5662476e-01  1.3789000e+02]
 [ 9.7377522e-01  1.5267956e-01 -1.6739010e-01 -1.1790400e+03]
 [ 0.0000000e+00  0.0000000e+00  0.0000000e+00  1.0000000e+00]]
[+0076.92, +0100.33, -1157.01]
1985, 778, 904
[[-2.2528194e-01  6.3913620e-01 -7.3506824e-01  1.0123000e+02]
 [-5.1707600e-03  7.5387966e-01  6.5692680e-01  1.3791000e+02]
 [ 9.7406040e-01  1.5193576e-01 -1.6647744e-01 -1.1789400e+03]
 [ 0.0000000e+00  0.0000000e+00  0.0000000e+00  1.0000000e+00]]
[+0071.51, +0096.10, -1143.43]
2140, 819, 916
[[-2.2663682e-01  6.3842880e-01 -7.3532940e-01  1.0108000e+02]
 [-5.2032000e-03  7.5433600e-01  6.5641680e-01  1.3796000e+02]
 [ 9.7379340e-01  1.5270480e-01 -1.6759682e-01 -1.1790400e+03]
 [ 0.0000000e+00  0.0000000e+00  0.0000000e+00  1.0000000e+00]]
[+0078.83, +0100.28, -1156.05]
2144, 761, 1057
[[-2.2652644e-01  6.3816562e-01 -7.3542778e-01  1.0103000e+02]
 [-5.2331800e-03  7.5453276e-01  6.5615362e-01  1.3786000e+02]
 [ 9.7369502e-01  1.5267482e-01 -1.6751044e-01 -1.1790300e+03]
 [ 0.0000000e+00  0.0000000e+00  0.0000000e+00  1.0000000e+00]]
[+0064.56, +0096.19, -1159.45]
2140, 819, 916
[[-2.2634368e-01  6.3829424e-01 -7.3541456e-01  1.0108000e+02]
 [-5.4481600e-03  7.5442238e-01  6.5628818e-01  1.3786000e+02]
 [ 9.7376816e-01  1.5272302e-01 -1.6721730e-01 -1.1790400e+03]
 [ 0.0000000e+00  0.0000000e+00  0.0000000e+00  1.0000000e+00]]
[+0077.50, +0099.59, -1156.59]
1833, 1853, 1346
[[-2.2469268e-01  6.3782522e-01 -7.3619090e-01  1.0103000e+02]
 [-4.9452200e-03  7.5510782e-01  6.5547290e-01  1.3793000e+02]
 [ 9.7405010e-01  1.5115610e-01 -1.6642450e-01 -1.1790400e+03]
 [ 0.0000000e+00  0.0000000e+00  0.0000000e+00  1.0000000e+00]]
[+0117.16, +0025.24, -1096.06]
2140, 819, 916
[[-2.2638196e-01  6.3860092e-01 -7.3516840e-01  1.0110000e+02]
 [-5.8412000e-03  7.5409100e-01  6.5667260e-01  1.3789000e+02]
 [ 9.7378108e-01  1.5310744e-01 -1.6692420e-01 -1.1790600e+03]
 [ 0.0000000e+00  0.0000000e+00  0.0000000e+00  1.0000000e+00]]
[+0076.84, +0100.28, -1156.99]
1648, 1617, 2138
[[-2.2549908e-01  6.3697278e-01 -7.3677878e-01  1.0092000e+02]
 [-6.2646200e-03  7.5557742e-01  6.5494218e-01  1.3784000e+02]
 [ 9.7392918e-01  1.5249322e-01 -1.6632066e-01 -1.1790500e+03]
 [ 0.0000000e+00  0.0000000e+00  0.0000000e+00  1.0000000e+00]]
[+0039.06, -0022.60, -1123.47]
2203, 1593, 1272
[[-2.2667172e-01  6.3769406e-01 -7.3603542e-01  1.0096000e+02]
 [-4.8821400e-03  7.5506022e-01  6.5560406e-01  1.3793000e+02]
 [ 9.7384702e-01  1.5227214e-01 -1.6801050e-01 -1.1790600e+03]
 [ 0.0000000e+00  0.0000000e+00  0.0000000e+00  1.0000000e+00]]
[+0100.94, +0070.40, -1119.49]
1648, 1617, 2138
[[-2.2505860e-01  6.3714700e-01 -7.3687740e-01  1.0095000e+02]
 [-5.2665200e-03  7.5567326e-01  6.5486610e-01  1.3788000e+02]
 [ 9.7412364e-01  1.5139698e-01 -1.6666530e-01 -1.1788900e+03]
 [ 0.0000000e+00  0.0000000e+00  0.0000000e+00  1.0000000e+00]]
[+0040.05, -0023.55, -1123.17]
1201, 1804, 1846
[[-2.2450984e-01  6.3824680e-01 -7.3606728e-01  1.0113000e+02]
 [-4.8672800e-03  7.5482480e-01  6.5584104e-01  1.3797000e+02]
 [ 9.7423320e-01  1.5097080e-01 -1.6630440e-01 -1.1789000e+03]
 [ 0.0000000e+00  0.0000000e+00  0.0000000e+00  1.0000000e+00]]
[+0083.00, -0052.51, -1111.25]
1648, 1617, 2138
[[-2.2546176e-01  6.3705024e-01 -7.3671296e-01  1.0095000e+02]
 [-5.3766400e-03  7.5564942e-01  6.5486472e-01  1.3788000e+02]
 [ 9.7393536e-01  1.5180152e-01 -1.6687218e-01 -1.1789300e+03]
 [ 0.0000000e+00  0.0000000e+00  0.0000000e+00  1.0000000e+00]]
[+0037.75, -0017.85, -1123.08]
1566, 1352, 2092
[[-2.2487560e-01  6.3760516e-01 -7.3640588e-01  1.0103000e+02]
 [-4.9318000e-03  7.5530430e-01  6.5526470e-01  1.3785000e+02]
 [ 9.7406860e-01  1.5118138e-01 -1.6663114e-01 -1.1789000e+03]
 [ 0.0000000e+00  0.0000000e+00  0.0000000e+00  1.0000000e+00]]
[+0025.78, -0012.85, -1128.49]
1648, 1617, 2138
[[-2.2535170e-01  6.3698854e-01 -7.3690262e-01  1.0099000e+02]
 [-5.3149400e-03  7.5575948e-01  6.5476126e-01  1.3788000e+02]
 [ 9.7403882e-01  1.5161186e-01 -1.6687218e-01 -1.1789700e+03]
 [ 0.0000000e+00  0.0000000e+00  0.0000000e+00  1.0000000e+00]]
[+0039.17, -0019.29, -1122.50]
1935, 939, 2229
[[-2.3155240e-01  6.3430692e-01 -7.3721544e-01  1.0046000e+02]
 [-6.4938000e-03  7.5705976e-01  6.5323008e-01  1.3759000e+02]
 [ 9.7251720e-01  1.5622560e-01 -1.7111200e-01 -1.1789000e+03]
 [ 0.0000000e+00  0.0000000e+00  0.0000000e+00  1.0000000e+00]]
[+0012.66, +0020.20, -1162.92]
1861, 813, 2185
[[-2.2912914e-01  6.3538510e-01 -7.3712836e-01  1.0063000e+02]
 [-6.8731400e-03  7.5641166e-01  6.5399500e-01  1.3768000e+02]
 [ 9.7315220e-01  1.5505636e-01 -1.6889604e-01 -1.1789300e+03]
 [ 0.0000000e+00  0.0000000e+00  0.0000000e+00  1.0000000e+00]]
[+0009.69, +0023.06, -1171.31]
1935, 939, 2229
[[-2.3015680e-01  6.3414176e-01 -7.3791872e-01  1.0047000e+02]
 [-6.9641600e-03  7.5736542e-01  6.5289856e-01  1.3765000e+02]
 [ 9.7293952e-01  1.5552896e-01 -1.6985122e-01 -1.1788800e+03]
 [ 0.0000000e+00  0.0000000e+00  0.0000000e+00  1.0000000e+00]]
[+0013.29, +0019.95, -1161.91]
1032, 1559, 1959
[[-2.2505860e-01  6.3776966e-01 -7.3630922e-01  1.0103000e+02]
 [-4.4237800e-03  7.5524156e-01  6.5536346e-01  1.3797000e+02]
 [ 9.7410566e-01  1.5089962e-01 -1.6709700e-01 -1.1790200e+03]
 [ 0.0000000e+00  0.0000000e+00  0.0000000e+00  1.0000000e+00]]
[+0059.27, -0061.96, -1127.99]
1935, 939, 2229
[[-2.3126032e-01  6.3313048e-01 -7.3824864e-01  1.0033000e+02]
 [-6.0284800e-03  7.5819590e-01  6.5190054e-01  1.3761000e+02]
 [ 9.7253736e-01  1.5542346e-01 -1.7144378e-01 -1.1790000e+03]
 [ 0.0000000e+00  0.0000000e+00  0.0000000e+00  1.0000000e+00]]
[+0012.65, +0020.30, -1162.89]
2102, 992, 1793
[[-2.2740452e-01  6.3617160e-01 -7.3696800e-01  1.0074000e+02]
 [-5.3616000e-03  7.5618998e-01  6.5426170e-01  1.3790000e+02]
 [ 9.7355400e-01  1.5288170e-01 -1.6849450e-01 -1.1790500e+03]
 [ 0.0000000e+00  0.0000000e+00  0.0000000e+00  1.0000000e+00]]
[+0031.20, +0057.20, -1146.67]
1935, 939, 2229
[[-2.3037850e-01  6.3259732e-01 -7.3905574e-01  1.0037000e+02]
 [-7.2206800e-03  7.5862200e-01  6.5140924e-01  1.3762000e+02]
 [ 9.7279526e-01  1.5558524e-01 -1.7013586e-01 -1.1790200e+03]
 [ 0.0000000e+00  0.0000000e+00  0.0000000e+00  1.0000000e+00]]
[+0012.75, +0021.68, -1163.15]
767, 1274, 1390
[[-2.2300802e-01  6.3834648e-01 -7.3649832e-01  1.0112000e+02]
 [-4.7272800e-03  7.5498206e-01  6.5567472e-01  1.3804000e+02]
 [ 9.7462488e-01  1.4981808e-01 -1.6530592e-01 -1.1790500e+03]
 [ 0.0000000e+00  0.0000000e+00  0.0000000e+00  1.0000000e+00]]
[+0071.85, -0060.74, -1098.04]
1201, 1381, 1916
[[-2.2549818e-01  6.3660778e-01 -7.3730850e-01  1.0085000e+02]
 [-4.7617800e-03  7.5619932e-01  6.5428490e-01  1.3796000e+02]
 [ 9.7409990e-01  1.5113550e-01 -1.6745850e-01 -1.1790300e+03]
 [ 0.0000000e+00  0.0000000e+00  0.0000000e+00  1.0000000e+00]]
[+0037.97, -0043.13, -1121.84]
767, 1274, 1390
[[-2.2300802e-01  6.3805368e-01 -7.3660836e-01  1.0113000e+02]
 [-5.0200800e-03  7.5515510e-01  6.5544096e-01  1.3804000e+02]
 [ 9.7451484e-01  1.5005184e-01 -1.6513288e-01 -1.1790600e+03]
 [ 0.0000000e+00  0.0000000e+00  0.0000000e+00  1.0000000e+00]]
[+0070.95, -0060.52, -1098.15]
901, 1694, 1192
[[-2.2366660e-01  6.3745528e-01 -7.3706396e-01  1.0099000e+02]
 [-5.0410000e-03  7.5563436e-01  6.5491928e-01  1.3799000e+02]
 [ 9.7446760e-01  1.5031780e-01 -1.6575220e-01 -1.1790800e+03]
 [ 0.0000000e+00  0.0000000e+00  0.0000000e+00  1.0000000e+00]]
[+0124.97, -0048.01, -1096.37]
767, 1274, 1390
[[-2.2300802e-01  6.3766950e-01 -7.3691982e-01  1.0107000e+02]
 [-5.5143000e-03  7.5541436e-01  6.5513350e-01  1.3800000e+02]
 [ 9.7449618e-01  1.5035930e-01 -1.6487362e-01 -1.1790800e+03]
 [ 0.0000000e+00  0.0000000e+00  0.0000000e+00  1.0000000e+00]]
[+0070.49, -0062.52, -1099.02]
1180, 1007, 1103
[[-2.2363114e-01  6.3795322e-01 -7.3661434e-01  1.0107000e+02]
 [-5.7116600e-03  7.5508406e-01  6.5554142e-01  1.3800000e+02]
 [ 9.7444978e-01  1.5093994e-01 -1.6516644e-01 -1.1790700e+03]
 [ 0.0000000e+00  0.0000000e+00  0.0000000e+00  1.0000000e+00]]
[+0061.75, +0015.76, -1074.97]
767, 1274, 1390
[[-2.2370376e-01  6.3761624e-01 -7.3687260e-01  1.0105000e+02]
 [-5.5812000e-03  7.5539064e-01  6.5518676e-01  1.3797000e+02]
 [ 9.7442524e-01  1.5081900e-01 -1.6537296e-01 -1.1790800e+03]
 [ 0.0000000e+00  0.0000000e+00  0.0000000e+00  1.0000000e+00]]
[+0071.60, -0062.68, -1098.95]
1928, 858, 1874
[[-2.2846842e-01  6.3576844e-01 -7.3714706e-01  1.0072000e+02]
 [-5.2015600e-03  7.5647192e-01  6.5397292e-01  1.3786000e+02]
 [ 9.7342706e-01  1.5331708e-01 -1.6949650e-01 -1.1790400e+03]
 [ 0.0000000e+00  0.0000000e+00  0.0000000e+00  1.0000000e+00]]
[+0015.27, +0044.03, -1157.15]
2186, 1419, 1440
[[-2.2696468e-01  6.3620024e-01 -7.3712188e-01  1.0081000e+02]
 [-4.5100400e-03  7.5637164e-01  6.5406776e-01  1.3797000e+02]
 [ 9.7369352e-01  1.5190204e-01 -1.6875268e-01 -1.1790700e+03]
 [ 0.0000000e+00  0.0000000e+00  0.0000000e+00  1.0000000e+00]]
[+0078.82, +0069.60, -1120.43]
1928, 858, 1874
[[-2.2494858e-01  6.3655408e-01 -7.3743360e-01  1.0090000e+02]
 [-5.8459200e-03  7.5612792e-01  6.5433860e-01  1.3795000e+02]
 [ 9.7415360e-01  1.5163140e-01 -1.6632066e-01 -1.1789600e+03]
 [ 0.0000000e+00  0.0000000e+00  0.0000000e+00  1.0000000e+00]]
[+0016.00, +0042.61, -1157.29]
1587, 1052, 1923
[[-2.2472866e-01  6.3661356e-01 -7.3740976e-01  1.0092000e+02]
 [-5.3192400e-03  7.5617560e-01  6.5427912e-01  1.3801000e+02]
 [ 9.7417744e-01  1.5110472e-01 -1.6649290e-01 -1.1789700e+03]
 [ 0.0000000e+00  0.0000000e+00  0.0000000e+00  1.0000000e+00]]
[+0014.56, +0004.95, -1133.33]
1928, 858, 1874
[[-2.2641448e-01  6.3653092e-01 -7.3693612e-01  1.0087000e+02]
 [-5.0990800e-03  7.5604182e-01  6.5442898e-01  1.3795000e+02]
 [ 9.7376612e-01  1.5209102e-01 -1.6787266e-01 -1.1789600e+03]
 [ 0.0000000e+00  0.0000000e+00  0.0000000e+00  1.0000000e+00]]
[+0015.88, +0044.81, -1156.63]
2012, 959, 2056
[[-2.2931316e-01  6.3459962e-01 -7.3777802e-01  1.0058000e+02]
 [-5.4513800e-03  7.5731654e-01  6.5296742e-01  1.3784000e+02]
 [ 9.7314098e-01  1.5388142e-01 -1.7015626e-01 -1.1789600e+03]
 [ 0.0000000e+00  0.0000000e+00  0.0000000e+00  1.0000000e+00]]
[+0017.72, +0034.89, -1156.57]
1928, 858, 1874
[[-2.2564484e-01  6.3715974e-01 -7.3646958e-01  1.0095000e+02]
 [-4.8136200e-03  7.5558700e-01  6.5492034e-01  1.3801000e+02]
 [ 9.7382586e-01  1.5156282e-01 -1.6733780e-01 -1.1789400e+03]
 [ 0.0000000e+00  0.0000000e+00  0.0000000e+00  1.0000000e+00]]
[+0017.33, +0043.99, -1154.95]
1932, 2065, 1722
[[-2.2568154e-01  6.3618598e-01 -7.3743156e-01  1.0082000e+02]
 [-4.8402600e-03  7.5648150e-01  6.5391668e-01  1.3806000e+02]
 [ 9.7391708e-01  1.5132036e-01 -1.6757940e-01 -1.1790000e+03]
 [ 0.0000000e+00  0.0000000e+00  0.0000000e+00  1.0000000e+00]]
[+0107.01, +0009.12, -1100.19]
1557, 1701, 973
[[-2.2436250e-01  6.3778650e-01 -7.3670500e-01  1.0099000e+02]
 [-4.6135000e-03  7.5535158e-01  6.5527980e-01  1.3809000e+02]
 [ 9.7441500e-01  1.5047020e-01 -1.6651092e-01 -1.1789500e+03]
 [ 0.0000000e+00  0.0000000e+00  0.0000000e+00  1.0000000e+00]]
[+0133.27, +0029.38, -1092.34]
1932, 2065, 1722
[[-2.2667130e-01  6.3564354e-01 -7.3786668e-01  1.0075000e+02]
 [-5.5062600e-03  7.5680174e-01  6.5360156e-01  1.3804000e+02]
 [ 9.7388892e-01  1.5225836e-01 -1.6802920e-01 -1.1790200e+03]
 [ 0.0000000e+00  0.0000000e+00  0.0000000e+00  1.0000000e+00]]
[+0102.99, +0009.64, -1100.28]
1795, 2101, 1772
[[-2.2469218e-01  6.3606802e-01 -7.3791216e-01  1.0080000e+02]
 [-5.2737800e-03  7.5667742e-01  6.5370384e-01  1.3806000e+02]
 [ 9.7420176e-01  1.5091056e-01 -1.6661376e-01 -1.1790000e+03]
 [ 0.0000000e+00  0.0000000e+00  0.0000000e+00  1.0000000e+00]]
[+0103.91, -0010.37, -1101.14]
1932, 2065, 1722
[[-2.2586498e-01  6.3611232e-01 -7.3759134e-01  1.0079000e+02]
 [-4.6804800e-03  7.5659132e-01  6.5382496e-01  1.3806000e+02]
 [ 9.7399074e-01  1.5122864e-01 -1.6787266e-01 -1.1790000e+03]
 [ 0.0000000e+00  0.0000000e+00  0.0000000e+00  1.0000000e+00]]
[+0103.68, +0011.59, -1100.19]
1888, 1510, 2013
[[-2.2601124e-01  6.3624290e-01 -7.3741234e-01  1.0080000e+02]
 [-5.4836600e-03  7.5632396e-01  6.5412310e-01  1.3799000e+02]
 [ 9.7393630e-01  1.5199366e-01 -1.6740724e-01 -1.1789800e+03]
 [ 0.0000000e+00  0.0000000e+00  0.0000000e+00  1.0000000e+00]]
[+0036.53, +0013.26, -1119.85]
1932, 2065, 1722
[[-2.2586498e-01  6.3620406e-01 -7.3738980e-01  1.0082000e+02]
 [-4.4789400e-03  7.5650518e-01  6.5389860e-01  1.3808000e+02]
 [ 9.7389900e-01  1.5115500e-01 -1.6795880e-01 -1.1790100e+03]
 [ 0.0000000e+00  0.0000000e+00  0.0000000e+00  1.0000000e+00]]
[+0106.87, +0011.54, -1100.33]
1496, 1402, 1759
[[-2.2454554e-01  6.3703530e-01 -7.3728644e-01  1.0094000e+02]
 [-5.2410600e-03  7.5589326e-01  6.5464740e-01  1.3802000e+02]
 [ 9.7436020e-01  1.5091956e-01 -1.6637224e-01 -1.1789700e+03]
 [ 0.0000000e+00  0.0000000e+00  0.0000000e+00  1.0000000e+00]]
[+0045.66, -0008.45, -1102.31]
1582, 1596, 1929
[[-2.2483860e-01  6.3652884e-01 -7.3727512e-01  1.0084000e+02]
 [-5.5276000e-03  7.5615180e-01  6.5426580e-01  1.3802000e+02]
 [ 9.7401900e-01  1.5141112e-01 -1.6640676e-01 -1.1789300e+03]
 [ 0.0000000e+00  0.0000000e+00  0.0000000e+00  1.0000000e+00]]
[+0050.52, -0016.55, -1107.75]
1496, 1402, 1759
[[-2.2414258e-01  6.3716836e-01 -7.3710282e-01  1.0097000e+02]
 [-4.8743600e-03  7.5583064e-01  6.5467956e-01  1.3806000e+02]
 [ 9.7431018e-01  1.5048444e-01 -1.6625178e-01 -1.1789400e+03]
 [ 0.0000000e+00  0.0000000e+00  0.0000000e+00  1.0000000e+00]]
[+0046.63, -0006.79, -1101.19]
1541, 1178, 1991
[[-2.2531490e-01  6.3662646e-01 -7.3700208e-01  1.0089000e+02]
 [-4.8666600e-03  7.5608942e-01  6.5433344e-01  1.3800000e+02]
 [ 9.7387968e-01  1.5127024e-01 -1.6716532e-01 -1.1789700e+03]
 [ 0.0000000e+00  0.0000000e+00  0.0000000e+00  1.0000000e+00]]
[+0017.47, -0005.51, -1131.85]
1496, 1402, 1759
[[-2.2450890e-01  6.3705774e-01 -7.3707478e-01  1.0094000e+02]
 [-4.2980200e-03  7.5596406e-01  6.5452686e-01  1.3796000e+02]
 [ 9.7421934e-01  1.5027082e-01 -1.6692420e-01 -1.1789800e+03]
 [ 0.0000000e+00  0.0000000e+00  0.0000000e+00  1.0000000e+00]]
[+0048.64, -0007.61, -1100.33]
834, 1499, 1983
[[-2.2337370e-01  6.3693630e-01 -7.3745990e-01  1.0098000e+02]
 [-5.7799000e-03  7.5597948e-01  6.5448306e-01  1.3801000e+02]
 [ 9.7442370e-01  1.5064406e-01 -1.6511418e-01 -1.1790000e+03]
 [ 0.0000000e+00  0.0000000e+00  0.0000000e+00  1.0000000e+00]]
[+0057.73, -0077.32, -1149.27]
1496, 1402, 1759
[[-2.2472866e-01  6.3699822e-01 -7.3709834e-01  1.0094000e+02]
 [-4.8246600e-03  7.5591694e-01  6.5458638e-01  1.3798000e+02]
 [ 9.7419578e-01  1.5079746e-01 -1.6675156e-01 -1.1789300e+03]
 [ 0.0000000e+00  0.0000000e+00  0.0000000e+00  1.0000000e+00]]
[+0047.54, -0003.75, -1100.58]
1522, 1136, 1918
[[-2.2476554e-01  6.3662784e-01 -7.3727376e-01  1.0090000e+02]
 [-6.0057600e-03  7.5601790e-01  6.5443012e-01  1.3798000e+02]
 [ 9.7407984e-01  1.5172292e-01 -1.6602760e-01 -1.1790000e+03]
 [ 0.0000000e+00  0.0000000e+00  0.0000000e+00  1.0000000e+00]]
[+0017.14, +0000.84, -1128.18]
1631, 1311, 1951
[[-2.2553482e-01  6.3647516e-01 -7.3722746e-01  1.0085000e+02]
 [-5.5948400e-03  7.5612792e-01  6.5431948e-01  1.3800000e+02]
 [ 9.7394746e-01  1.5187052e-01 -1.6690690e-01 -1.1789700e+03]
 [ 0.0000000e+00  0.0000000e+00  0.0000000e+00  1.0000000e+00]]
[+0026.66, +0001.32, -1121.36]
1522, 1136, 1918
[[-2.2524168e-01  6.3716492e-01 -7.3683572e-01  1.0096000e+02]
 [-4.9050800e-03  7.5569702e-01  6.5484818e-01  1.3801000e+02]
 [ 9.7410572e-01  1.5123182e-01 -1.6704466e-01 -1.1789500e+03]
 [ 0.0000000e+00  0.0000000e+00  0.0000000e+00  1.0000000e+00]]
[+0018.73, +0000.18, -1126.31]
1868, 950, 1754
[[-2.2564484e-01  6.3692160e-01 -7.3672620e-01  1.0094000e+02]
 [-5.1618000e-03  7.5575948e-01  6.5473008e-01  1.3800000e+02]
 [ 9.7386240e-01  1.5175308e-01 -1.6716532e-01 -1.1789600e+03]
 [ 0.0000000e+00  0.0000000e+00  0.0000000e+00  1.0000000e+00]]
[+0021.65, +0047.93, -1140.56]
1522, 1136, 1918
[[-2.2483860e-01  6.3682192e-01 -7.3716516e-01  1.0092000e+02]
 [-5.2345200e-03  7.5597948e-01  6.5449936e-01  1.3800000e+02]
 [ 9.7412896e-01  1.5117756e-01 -1.6657908e-01 -1.1789600e+03]
 [ 0.0000000e+00  0.0000000e+00  0.0000000e+00  1.0000000e+00]]
[+0019.14, -0003.38, -1126.27]
1287, 1446, 1067
[[-2.2341090e-01  6.3771950e-01 -7.3670070e-01  1.0105000e+02]
 [-5.4779400e-03  7.5530430e-01  6.5524858e-01  1.3805000e+02]
 [ 9.7436342e-01  1.5064710e-01 -1.6516644e-01 -1.1790000e+03]
 [ 0.0000000e+00  0.0000000e+00  0.0000000e+00  1.0000000e+00]]
[+0107.91, +0010.56, -1076.64]
1522, 1136, 1918
[[-2.2524168e-01  6.3648712e-01 -7.3725728e-01  1.0088000e+02]
 [-5.6928800e-03  7.5612792e-01  6.5430752e-01  1.3797000e+02]
 [ 9.7397728e-01  1.5177248e-01 -1.6661376e-01 -1.1789700e+03]
 [ 0.0000000e+00  0.0000000e+00  0.0000000e+00  1.0000000e+00]]
[+0016.94, +0000.22, -1128.36]
2042, 1097, 1635
[[-2.2604808e-01  6.3658656e-01 -7.3681832e-01  1.0090000e+02]
 [-5.6201600e-03  7.5590784e-01  6.5453856e-01  1.3802000e+02]
 [ 9.7371048e-01  1.5234784e-01 -1.6720008e-01 -1.1789700e+03]
 [ 0.0000000e+00  0.0000000e+00  0.0000000e+00  1.0000000e+00]]
[+0040.76, +0062.78, -1133.20]
1610, 942, 1700
[[-2.2476554e-01  6.3730542e-01 -7.3685214e-01  1.0100000e+02]
 [-5.2181400e-03  7.5558700e-01  6.5497098e-01  1.3801000e+02]
 [ 9.7420842e-01  1.5118206e-01 -1.6645850e-01 -1.1789600e+03]
 [ 0.0000000e+00  0.0000000e+00  0.0000000e+00  1.0000000e+00]]
[+0017.23, +0025.50, -1125.88]
2042, 1097, 1635
[[-2.2557186e-01  6.3663578e-01 -7.3703666e-01  1.0089000e+02]
 [-6.1346600e-03  7.5588380e-01  6.5458742e-01  1.3800000e+02]
 [ 9.7390478e-01  1.5237194e-01 -1.6652770e-01 -1.1789900e+03]
 [ 0.0000000e+00  0.0000000e+00  0.0000000e+00  1.0000000e+00]]
[+0041.49, +0061.98, -1131.88]
2072, 1163, 1989
[[-2.2725810e-01  6.3565642e-01 -7.3745826e-01  1.0070000e+02]
 [-5.0538600e-03  7.5671580e-01  6.5365622e-01  1.3792000e+02]
 [ 9.7359038e-01  1.5242346e-01 -1.6870194e-01 -1.1789600e+03]
 [ 0.0000000e+00  0.0000000e+00  0.0000000e+00  1.0000000e+00]]
[+0026.83, +0038.65, -1141.29]
2042, 1097, 1635
[[-2.2505860e-01  6.3700046e-01 -7.3693242e-01  1.0097000e+02]
 [-5.4130600e-03  7.5575948e-01  6.5474934e-01  1.3801000e+02]
 [ 9.7406862e-01  1.5151374e-01 -1.6657908e-01 -1.1789800e+03]
 [ 0.0000000e+00  0.0000000e+00  0.0000000e+00  1.0000000e+00]]
[+0041.48, +0062.75, -1133.34]
1738, 1892, 1512
[[-2.2443560e-01  6.3686352e-01 -7.3718304e-01  1.0093000e+02]
 [-5.0692800e-03  7.5600320e-01  6.5445776e-01  1.3806000e+02]
 [ 9.7417056e-01  1.5081616e-01 -1.6637224e-01 -1.1789600e+03]
 [ 0.0000000e+00  0.0000000e+00  0.0000000e+00  1.0000000e+00]]
[+0108.48, +0007.22, -1093.15]
2042, 1097, 1635
[[-2.2670778e-01  6.3637232e-01 -7.3696112e-01  1.0083000e+02]
 [-5.1476800e-03  7.5612792e-01  6.5432428e-01  1.3798000e+02]
 [ 9.7368112e-01  1.5230572e-01 -1.6807986e-01 -1.1789600e+03]
 [ 0.0000000e+00  0.0000000e+00  0.0000000e+00  1.0000000e+00]]
[+0038.99, +0061.79, -1133.90]
943, 1732, 1082
[[-2.2249524e-01  6.3803302e-01 -7.3681574e-01  1.0112000e+02]
 [-4.7931400e-03  7.5528860e-01  6.5529658e-01  1.3810000e+02]
 [ 9.7465922e-01  1.4950066e-01 -1.6492660e-01 -1.1789900e+03]
 [ 0.0000000e+00  0.0000000e+00  0.0000000e+00  1.0000000e+00]]
[+0136.97, -0039.29, -1095.63]
965, 2131, 1344
[[-2.2352002e-01  6.3679296e-01 -7.3760982e-01  1.0092000e+02]
 [-4.8782400e-03  7.5624652e-01  6.5419776e-01  1.3810000e+02]
 [ 9.7444842e-01  1.4997744e-01 -1.6587250e-01 -1.1790200e+03]
 [ 0.0000000e+00  0.0000000e+00  0.0000000e+00  1.0000000e+00]]
[+0145.81, -0056.32, -1129.41]
943, 1732, 1082
[[-2.2242250e-01  6.3813226e-01 -7.3681368e-01  1.0112000e+02]
 [-5.2716200e-03  7.5515510e-01  6.5546064e-01  1.3809000e+02]
 [ 9.7472016e-01  1.4981208e-01 -1.6454736e-01 -1.1790100e+03]
 [ 0.0000000e+00  0.0000000e+00  0.0000000e+00  1.0000000e+00]]
[+0132.85, -0037.82, -1093.85]
1054, 1788, 986
[[-2.2377658e-01  6.3775506e-01 -7.3661786e-01  1.0106000e+02]
 [-4.7549400e-03  7.5535158e-01  6.5521302e-01  1.3810000e+02]
 [ 9.7432786e-01  1.5031698e-01 -1.6592500e-01 -1.1790000e+03]
 [ 0.0000000e+00  0.0000000e+00  0.0000000e+00  1.0000000e+00]]
[+0147.11, -0022.15, -1095.16]
943, 1732, 1082
[[-2.2267808e-01  6.3752016e-01 -7.3714080e-01  1.0108000e+02]
 [-5.0721600e-03  7.5565792e-01  6.5485440e-01  1.3801000e+02]
 [ 9.7456800e-01  1.4976000e-01 -1.6496000e-01 -1.1789900e+03]
 [ 0.0000000e+00  0.0000000e+00  0.0000000e+00  1.0000000e+00]]
[+0133.14, -0038.55, -1094.50]
1549, 1371, 1579
[[-2.2502176e-01  6.3737112e-01 -7.3675712e-01  1.0094000e+02]
 [-4.2319200e-03  7.5565792e-01  6.5490528e-01  1.3804000e+02]
 [ 9.7418432e-01  1.5058848e-01 -1.6730368e-01 -1.1789400e+03]
 [ 0.0000000e+00  0.0000000e+00  0.0000000e+00  1.0000000e+00]]
[+0054.66, +0011.92, -1093.77]
943, 1732, 1082
[[-2.2319082e-01  6.3798004e-01 -7.3676848e-01  1.0110000e+02]
 [-4.8599600e-03  7.5526512e-01  6.5534956e-01  1.3811000e+02]
 [ 9.7458848e-01  1.4996044e-01 -1.6542570e-01 -1.1789700e+03]
 [ 0.0000000e+00  0.0000000e+00  0.0000000e+00  1.0000000e+00]]
[+0136.76, -0039.47, -1095.55]
1862, 2086, 1763
[[-2.2626810e-01  6.3577720e-01 -7.3768310e-01  1.0077000e+02]
 [-5.1392000e-03  7.5673968e-01  6.5363336e-01  1.3806000e+02]
 [ 9.7383910e-01  1.5182336e-01 -1.6790778e-01 -1.1789900e+03]
 [ 0.0000000e+00  0.0000000e+00  0.0000000e+00  1.0000000e+00]]
[+0102.16, +0001.05, -1100.38]
1778, 2198, 1914
[[-2.2546194e-01  6.3567732e-01 -7.3812218e-01  1.0076000e+02]
 [-5.2113200e-03  7.5695928e-01  6.5340228e-01  1.3806000e+02]
 [ 9.7410618e-01  1.5124828e-01 -1.6732122e-01 -1.1789900e+03]
 [ 0.0000000e+00  0.0000000e+00  0.0000000e+00  1.0000000e+00]]
[+0100.67, -0019.42, -1106.48]
1862, 2086, 1763
[[-2.2568154e-01  6.3633260e-01 -7.3737664e-01  1.0082000e+02]
 [-4.6936400e-03  7.5639536e-01  6.5403340e-01  1.3806000e+02]
 [ 9.7397200e-01  1.5120364e-01 -1.6766554e-01 -1.1790000e+03]
 [ 0.0000000e+00  0.0000000e+00  0.0000000e+00  1.0000000e+00]]
[+0102.07, +0004.89, -1100.18]
1470, 2192, 1467
[[-2.2439908e-01  6.3675768e-01 -7.3752084e-01  1.0090000e+02]
 [-4.5841200e-03  7.5624652e-01  6.5423304e-01  1.3812000e+02]
 [ 9.7435944e-01  1.5027156e-01 -1.6675156e-01 -1.1789700e+03]
 [ 0.0000000e+00  0.0000000e+00  0.0000000e+00  1.0000000e+00]]
[+0138.27, -0022.15, -1109.21]
1862, 2086, 1763
[[-2.2579140e-01  6.3606440e-01 -7.3764500e-01  1.0080000e+02]
 [-5.3051600e-03  7.5654380e-01  6.5387288e-01  1.3805000e+02]
 [ 9.7399688e-01  1.5165740e-01 -1.6740724e-01 -1.1790100e+03]
 [ 0.0000000e+00  0.0000000e+00  0.0000000e+00  1.0000000e+00]]
[+0100.59, +0004.27, -1100.39]
1521, 1508, 2005
[[-2.2465552e-01  6.3656604e-01 -7.3746332e-01  1.0087000e+02]
 [-5.9439600e-03  7.5612792e-01  6.5432664e-01  1.3800000e+02]
 [ 9.7418332e-01  1.5153336e-01 -1.6602760e-01 -1.1789700e+03]
 [ 0.0000000e+00  0.0000000e+00  0.0000000e+00  1.0000000e+00]]
[+0038.86, -0023.22, -1117.71]
1862, 2086, 1763
[[-2.2549818e-01  6.3616798e-01 -7.3747332e-01  1.0081000e+02]
 [-5.2015800e-03  7.5645774e-01  6.5393468e-01  1.3810000e+02]
 [ 9.7393508e-01  1.5148572e-01 -1.6720008e-01 -1.1790200e+03]
 [ 0.0000000e+00  0.0000000e+00  0.0000000e+00  1.0000000e+00]]
[+0105.76, +0003.27, -1100.20]
2010, 2154, 1776
[[-2.2652548e-01  6.3569678e-01 -7.3764238e-01  1.0075000e+02]
 [-4.2999800e-03  7.5689694e-01  6.5345042e-01  1.3808000e+02]
 [ 9.7375982e-01  1.5134578e-01 -1.6866658e-01 -1.1790000e+03]
 [ 0.0000000e+00  0.0000000e+00  0.0000000e+00  1.0000000e+00]]
[+0107.02, +0011.69, -1103.61]
1862, 2125, 2096
[[-2.2538832e-01  6.3586788e-01 -7.3791940e-01  1.0080000e+02]
 [-5.4878800e-03  7.5673968e-01  6.5364060e-01  1.3803000e+02]
 [ 9.7407540e-01  1.5148660e-01 -1.6702800e-01 -1.1789900e+03]
 [ 0.0000000e+00  0.0000000e+00  0.0000000e+00  1.0000000e+00]]
[+0079.10, -0018.49, -1110.47]
2010, 2154, 1776
[[-2.2645162e-01  6.3579528e-01 -7.3764122e-01  1.0078000e+02]
 [-4.7779200e-03  7.5676348e-01  6.5361528e-01  1.3809000e+02]
 [ 9.7382102e-01  1.5165792e-01 -1.6828714e-01 -1.1790100e+03]
 [ 0.0000000e+00  0.0000000e+00  0.0000000e+00  1.0000000e+00]]
[+0108.26, +0012.80, -1103.55]
2150, 1765, 1805
[[-2.2648786e-01  6.3580898e-01 -7.3750540e-01  1.0075000e+02]
 [-5.4643000e-03  7.5660590e-01  6.5376700e-01  1.3791000e+02]
 [ 9.7372348e-01  1.5227636e-01 -1.6782180e-01 -1.1790100e+03]
 [ 0.0000000e+00  0.0000000e+00  0.0000000e+00  1.0000000e+00]]
[+0070.66, +0038.75, -1110.02]
2010, 2154, 1776
[[-2.2538832e-01  6.3610616e-01 -7.3766296e-01  1.0082000e+02]
 [-5.1397600e-03  7.5656760e-01  6.5383112e-01  1.3808000e+02]
 [ 9.7403864e-01  1.5129608e-01 -1.6720008e-01 -1.1790100e+03]
 [ 0.0000000e+00  0.0000000e+00  0.0000000e+00  1.0000000e+00]]
[+0107.40, +0010.75, -1103.30]
1826, 2080, 1685
[[-2.2483860e-01  6.3682192e-01 -7.3716516e-01  1.0090000e+02]
 [-5.2345200e-03  7.5597948e-01  6.5449936e-01  1.3807000e+02]
 [ 9.7412896e-01  1.5117756e-01 -1.6657908e-01 -1.1789900e+03]
 [ 0.0000000e+00  0.0000000e+00  0.0000000e+00  1.0000000e+00]]
[+0108.14, -0000.58, -1099.20]
2010, 2154, 1776
[[-2.2586498e-01  6.3581904e-01 -7.3770114e-01  1.0076000e+02]
 [-4.9737600e-03  7.5676348e-01  6.5359152e-01  1.3807000e+02]
 [ 9.7388094e-01  1.5146208e-01 -1.6770050e-01 -1.1789900e+03]
 [ 0.0000000e+00  0.0000000e+00  0.0000000e+00  1.0000000e+00]]
[+0105.01, +0009.90, -1103.22]
1940, 1849, 756
[[-2.2388660e-01  6.3792690e-01 -7.3672110e-01  1.0103000e+02]
 [-4.9267800e-03  7.5524156e-01  6.5540270e-01  1.3815000e+02]
 [ 9.7451754e-01  1.5042022e-01 -1.6592500e-01 -1.1789700e+03]
 [ 0.0000000e+00  0.0000000e+00  0.0000000e+00  1.0000000e+00]]
[+0152.50, +0058.38, -1129.87]
1310, 1996, 1491
[[-2.2384960e-01  6.3703368e-01 -7.3718744e-01  1.0093000e+02]
 [-5.1189600e-03  7.5591694e-01  6.5455092e-01  1.3809000e+02]
 [ 9.7428488e-01  1.5050316e-01 -1.6587250e-01 -1.1789900e+03]
 [ 0.0000000e+00  0.0000000e+00  0.0000000e+00  1.0000000e+00]]
[+0121.78, -0034.01, -1101.52]
1940, 1849, 756
[[-2.2502176e-01  6.3731616e-01 -7.3661056e-01  1.0095000e+02]
 [-4.1769600e-03  7.5565792e-01  6.5486208e-01  1.3814000e+02]
 [ 9.7403776e-01  1.5063168e-01 -1.6730368e-01 -1.1790000e+03]
 [ 0.0000000e+00  0.0000000e+00  0.0000000e+00  1.0000000e+00]]
[+0152.75, +0058.57, -1129.64]
2073, 2044, 831
[[-2.2766400e-01  6.3543480e-01 -7.3756600e-01  1.0066000e+02]
 [-3.3140000e-03  7.5713982e-01  6.5318568e-01  1.3829000e+02]
 [ 9.7353480e-01  1.5127832e-01 -1.7022018e-01 -1.1791000e+03]
 [ 0.0000000e+00  0.0000000e+00  0.0000000e+00  1.0000000e+00]]
[+0154.03, +0051.02, -1131.88]
1940, 1849, 756
[[-2.2388660e-01  6.3825624e-01 -7.3626312e-01  1.0105000e+02]
 [-4.3773600e-03  7.5498206e-01  6.5566666e-01  1.3814000e+02]
 [ 9.7438968e-01  1.5015626e-01 -1.6618450e-01 -1.1789600e+03]
 [ 0.0000000e+00  0.0000000e+00  0.0000000e+00  1.0000000e+00]]
[+0152.69, +0057.60, -1129.85]
2043, 1735, 867
[[-2.2564484e-01  6.3730632e-01 -7.3641456e-01  1.0092000e+02]
 [-4.6670400e-03  7.5550070e-01  6.5503702e-01  1.3810000e+02]
 [ 9.7388088e-01  1.5144614e-01 -1.6742410e-01 -1.1789900e+03]
 [ 0.0000000e+00  0.0000000e+00  0.0000000e+00  1.0000000e+00]]
[+0137.30, +0067.26, -1126.45]
1940, 1849, 756
[[-2.2439970e-01  6.3818510e-01 -7.3625700e-01  1.0104000e+02]
 [-4.8055800e-03  7.5493494e-01  6.5573780e-01  1.3815000e+02]
 [ 9.7433644e-01  1.5078108e-01 -1.6630440e-01 -1.1789500e+03]
 [ 0.0000000e+00  0.0000000e+00  0.0000000e+00  1.0000000e+00]]
[+0152.93, +0058.20, -1130.09]
1831, 1515, 1517
[[-2.2513170e-01  6.3772600e-01 -7.3645740e-01  1.0096000e+02]
 [-4.0005600e-03  7.5537510e-01  6.5524208e-01  1.3805000e+02]
 [ 9.7419092e-01  1.5054480e-01 -1.6747656e-01 -1.1788800e+03]
 [ 0.0000000e+00  0.0000000e+00  0.0000000e+00  1.0000000e+00]]
[+0072.13, +0031.35, -1095.80]
1670, 1433, 1602
[[-2.2487560e-01  6.3751368e-01 -7.3660744e-01  1.0097000e+02]
 [-5.1333600e-03  7.5539064e-01  6.5519112e-01  1.3803000e+02]
 [ 9.7416008e-01  1.5125496e-01 -1.6654480e-01 -1.1789500e+03]
 [ 0.0000000e+00  0.0000000e+00  0.0000000e+00  1.0000000e+00]]
[+0058.45, +0014.53, -1095.15]
1831, 1515, 1517
[[-2.2509584e-01  6.3745416e-01 -7.3663128e-01  1.0095000e+02]
 [-5.6599200e-03  7.5534296e-01  6.5525064e-01  1.3805000e+02]
 [ 9.7413624e-01  1.5178152e-01 -1.6637224e-01 -1.1789700e+03]
 [ 0.0000000e+00  0.0000000e+00  0.0000000e+00  1.0000000e+00]]
[+0075.19, +0035.78, -1095.75]
1261, 1940, 850
[[-2.2341090e-01  6.3854298e-01 -7.3622404e-01  1.0110000e+02]
 [-4.5443800e-03  7.5478542e-01  6.5590644e-01  1.3814000e+02]
 [ 9.7454724e-01  1.4998924e-01 -1.6568532e-01 -1.1789500e+03]
 [ 0.0000000e+00  0.0000000e+00  0.0000000e+00  1.0000000e+00]]
[+0165.42, +0000.25, -1109.04]
1831, 1515, 1517
[[-2.2498570e-01  6.3739246e-01 -7.3682092e-01  1.0094000e+02]
 [-5.5982200e-03  7.5545310e-01  6.5514724e-01  1.3804000e+02]
 [ 9.7423964e-01  1.5159188e-01 -1.6637224e-01 -1.1789700e+03]
 [ 0.0000000e+00  0.0000000e+00  0.0000000e+00  1.0000000e+00]]
[+0071.48, +0035.88, -1096.91]
1756, 2170, 1999
[[-2.2516872e-01  6.3655076e-01 -7.3732804e-01  1.0082000e+02]
 [-4.1183600e-03  7.5635630e-01  6.5407858e-01  1.3804000e+02]
 [ 9.7408036e-01  1.5046222e-01 -1.6763098e-01 -1.1789400e+03]
 [ 0.0000000e+00  0.0000000e+00  0.0000000e+00  1.0000000e+00]]
[+0090.88, -0025.20, -1108.71]
1831, 1515, 1517
[[-2.2505860e-01  6.3747658e-01 -7.3641926e-01  1.0098000e+02]
 [-4.7168600e-03  7.5541436e-01  6.5513002e-01  1.3800000e+02]
 [ 9.7399562e-01  1.5113306e-01 -1.6692420e-01 -1.1789500e+03]
 [ 0.0000000e+00  0.0000000e+00  0.0000000e+00  1.0000000e+00]]
[+0073.87, +0037.18, -1096.47]
1002, 1381, 1423
[[-2.2282530e-01  6.3832874e-01 -7.3653958e-01  1.0109000e+02]
 [-5.0888600e-03  7.5495854e-01  6.5569246e-01  1.3787000e+02]
 [ 9.7464262e-01  1.4998306e-01 -1.6492660e-01 -1.1790100e+03]
 [ 0.0000000e+00  0.0000000e+00  0.0000000e+00  1.0000000e+00]]
[+0073.92, -0041.30, -1089.32]
888, 1623, 1428
[[-2.2333832e-01  6.3834924e-01 -7.3633224e-01  1.0115000e+02]
 [-5.3156400e-03  7.5482480e-01  6.5583692e-01  1.3809000e+02]
 [ 9.7449816e-01  1.5053428e-01 -1.6513288e-01 -1.1789900e+03]
 [ 0.0000000e+00  0.0000000e+00  0.0000000e+00  1.0000000e+00]]
[+0100.17, -0060.51, -1102.39]
1002, 1381, 1423
[[-2.2286298e-01  6.3834346e-01 -7.3640310e-01  1.0107000e+02]
 [-5.7755400e-03  7.5480108e-01  6.5584270e-01  1.3804000e+02]
 [ 9.7454530e-01  1.5060090e-01 -1.6446090e-01 -1.1790100e+03]
 [ 0.0000000e+00  0.0000000e+00  0.0000000e+00  1.0000000e+00]]
[+0073.54, -0041.12, -1089.32]
1436, 1595, 953
[[-2.2388660e-01  6.3840270e-01 -7.3620810e-01  1.0107000e+02]
 [-4.2309000e-03  7.5489548e-01  6.5578346e-01  1.3808000e+02]
 [ 9.7444470e-01  1.5003946e-01 -1.6627108e-01 -1.1789500e+03]
 [ 0.0000000e+00  0.0000000e+00  0.0000000e+00  1.0000000e+00]]
[+0130.79, +0027.26, -1086.73]
1002, 1381, 1423
[[-2.2304554e-01  6.3797702e-01 -7.3667338e-01  1.0113000e+02]
 [-5.9081800e-03  7.5508406e-01  6.5551762e-01  1.3800000e+02]
 [ 9.7450882e-01  1.5074342e-01 -1.6458084e-01 -1.1789800e+03]
 [ 0.0000000e+00  0.0000000e+00  0.0000000e+00  1.0000000e+00]]
[+0073.13, -0041.65, -1089.59]
1422, 1567, 1897
[[-2.2538890e-01  6.3744220e-01 -7.3660150e-01  1.0094000e+02]
 [-5.5617200e-03  7.5534296e-01  6.5526260e-01  1.3810000e+02]
 [ 9.7410646e-01  1.5187972e-01 -1.6666530e-01 -1.1789800e+03]
 [ 0.0000000e+00  0.0000000e+00  0.0000000e+00  1.0000000e+00]]
[+0051.07, -0027.66, -1108.56]
1002, 1381, 1423
[[-2.2242250e-01  6.3875402e-01 -7.3624586e-01  1.0114000e+02]
 [-4.4297800e-03  7.5472220e-01  6.5595866e-01  1.3805000e+02]
 [ 9.7470254e-01  1.4931406e-01 -1.6498026e-01 -1.1789700e+03]
 [ 0.0000000e+00  0.0000000e+00  0.0000000e+00  1.0000000e+00]]
[+0073.79, -0040.41, -1088.99]
1754, 1713, 1868
[[-2.2560808e-01  6.3696276e-01 -7.3700888e-01  1.0086000e+02]
 [-4.5303600e-03  7.5591694e-01  6.5462184e-01  1.3803000e+02]
 [ 9.7410632e-01  1.5109176e-01 -1.6763098e-01 -1.1789800e+03]
 [ 0.0000000e+00  0.0000000e+00  0.0000000e+00  1.0000000e+00]]
[+0061.72, +0000.81, -1102.10]
2248, 1748, 1525
[[-2.2619456e-01  6.3673752e-01 -7.3685736e-01  1.0084000e+02]
 [-4.4258400e-03  7.5600320e-01  6.5448568e-01  1.3802000e+02]
 [ 9.7384488e-01  1.5144776e-01 -1.6813120e-01 -1.1789800e+03]
 [ 0.0000000e+00  0.0000000e+00  0.0000000e+00  1.0000000e+00]]
[+0094.53, +0056.86, -1113.37]
1754, 1713, 1868
[[-2.2505860e-01  6.3714700e-01 -7.3687740e-01  1.0091000e+02]
 [-5.2665200e-03  7.5567326e-01  6.5486610e-01  1.3800000e+02]
 [ 9.7412364e-01  1.5139698e-01 -1.6666530e-01 -1.1789300e+03]
 [ 0.0000000e+00  0.0000000e+00  0.0000000e+00  1.0000000e+00]]
[+0061.55, -0005.43, -1102.71]
1742, 1512, 1830
[[-2.2476554e-01  6.3748842e-01 -7.3644906e-01  1.0096000e+02]
 [-4.8150600e-03  7.5541436e-01  6.5511818e-01  1.3803000e+02]
 [ 9.7402542e-01  1.5103486e-01 -1.6663114e-01 -1.1789500e+03]
 [ 0.0000000e+00  0.0000000e+00  0.0000000e+00  1.0000000e+00]]
[+0050.29, +0006.00, -1104.24]
1754, 1713, 1868
[[-2.2472866e-01  6.3699822e-01 -7.3709834e-01  1.0091000e+02]
 [-4.8246600e-03  7.5591694e-01  6.5458638e-01  1.3800000e+02]
 [ 9.7419578e-01  1.5079746e-01 -1.6675156e-01 -1.1789600e+03]
 [ 0.0000000e+00  0.0000000e+00  0.0000000e+00  1.0000000e+00]]
[+0063.21, -0006.40, -1102.30]
1270, 1866, 1186
[[-2.2366660e-01  6.3802264e-01 -7.3634968e-01  1.0105000e+02]
 [-4.1437600e-03  7.5520206e-01  6.5537374e-01  1.3808000e+02]
 [ 9.7430312e-01  1.4986334e-01 -1.6618450e-01 -1.1789900e+03]
 [ 0.0000000e+00  0.0000000e+00  0.0000000e+00  1.0000000e+00]]
[+0135.21, -0016.87, -1093.68]
1754, 1713, 1868
[[-2.2542484e-01  6.3688976e-01 -7.3690400e-01  1.0087000e+02]
 [-4.8368000e-03  7.5589326e-01  6.5459674e-01  1.3800000e+02]
 [ 9.7397776e-01  1.5130010e-01 -1.6725154e-01 -1.1789800e+03]
 [ 0.0000000e+00  0.0000000e+00  0.0000000e+00  1.0000000e+00]]
[+0059.14, +0002.34, -1103.03]
1722, 1794, 1532
[[-2.2524168e-01  6.3740304e-01 -7.3657916e-01  1.0094000e+02]
 [-4.5569600e-03  7.5552438e-01  6.5503848e-01  1.3803000e+02]
 [ 9.7406916e-01  1.5104152e-01 -1.6721730e-01 -1.1789400e+03]
 [ 0.0000000e+00  0.0000000e+00  0.0000000e+00  1.0000000e+00]]
[+0097.14, +0013.87, -1091.28]
1479, 1030, 1729
[[-2.2399666e-01  6.3798870e-01 -7.3653142e-01  1.0099000e+02]
 [-4.9885800e-03  7.5513150e-01  6.5550594e-01  1.3799000e+02]
 [ 9.7441430e-01  1.5060990e-01 -1.6592500e-01 -1.1789500e+03]
 [ 0.0000000e+00  0.0000000e+00  0.0000000e+00  1.0000000e+00]]
[+0018.88, +0007.43, -1118.73]
1722, 1794, 1532
[[-2.2502176e-01  6.3760928e-01 -7.3650064e-01  1.0094000e+02]
 [-3.8838400e-03  7.5548504e-01  6.5509552e-01  1.3807000e+02]
 [ 9.7414768e-01  1.5039824e-01 -1.6747656e-01 -1.1789600e+03]
 [ 0.0000000e+00  0.0000000e+00  0.0000000e+00  1.0000000e+00]]
[+0097.93, +0014.11, -1091.36]
786, 2068, 1445
[[-2.2190980e-01  6.3844050e-01 -7.3656330e-01  1.0114000e+02]
 [-4.4956200e-03  7.5502886e-01  6.5558070e-01  1.3812000e+02]
 [ 9.7473666e-01  1.4899662e-01 -1.6460090e-01 -1.1790200e+03]
 [ 0.0000000e+00  0.0000000e+00  0.0000000e+00  1.0000000e+00]]
[+0135.81, -0070.59, -1138.94]
1722, 1794, 1532
[[-2.2564484e-01  6.3712320e-01 -7.3681776e-01  1.0092000e+02]
 [-5.0702400e-03  7.5567326e-01  6.5488990e-01  1.3803000e+02]
 [ 9.7406400e-01  1.5159326e-01 -1.6725154e-01 -1.1789900e+03]
 [ 0.0000000e+00  0.0000000e+00  0.0000000e+00  1.0000000e+00]]
[+0093.37, +0015.49, -1091.79]
1719, 1844, 1723
[[-2.2524168e-01  6.3696336e-01 -7.3674416e-01  1.0091000e+02]
 [-4.9966400e-03  7.5578328e-01  6.5468832e-01  1.3803000e+02]
 [ 9.7390416e-01  1.5139168e-01 -1.6695840e-01 -1.1789700e+03]
 [ 0.0000000e+00  0.0000000e+00  0.0000000e+00  1.0000000e+00]]
[+0083.47, +0001.12, -1095.68]
1722, 1794, 1532
[[-2.2425252e-01  6.3761472e-01 -7.3660172e-01  1.0096000e+02]
 [-4.4417200e-03  7.5546156e-01  6.5509008e-01  1.3805000e+02]
 [ 9.7422528e-01  1.5036692e-01 -1.6651092e-01 -1.1789800e+03]
 [ 0.0000000e+00  0.0000000e+00  0.0000000e+00  1.0000000e+00]]
[+0096.19, +0016.48, -1091.65]
2168, 1538, 1030
[[-2.2634130e-01  6.3725262e-01 -7.3636656e-01  1.0090000e+02]
 [-4.7339400e-03  7.5547694e-01  6.5509072e-01  1.3804000e+02]
 [ 9.7380912e-01  1.5190576e-01 -1.6792420e-01 -1.1789800e+03]
 [ 0.0000000e+00  0.0000000e+00  0.0000000e+00  1.0000000e+00]]
[+0113.35, +0078.31, -1126.46]
1906, 1799, 750
[[-2.2352100e-01  6.3831192e-01 -7.3614444e-01  1.0108000e+02]
 [-4.8990000e-03  7.5484844e-01  6.5577592e-01  1.3810000e+02]
 [ 9.7433400e-01  1.5041260e-01 -1.6551220e-01 -1.1789700e+03]
 [ 0.0000000e+00  0.0000000e+00  0.0000000e+00  1.0000000e+00]]
[+0151.95, +0058.18, -1127.41]
2168, 1538, 1030
[[-2.2612122e-01  6.3722096e-01 -7.3654446e-01  1.0090000e+02]
 [-4.4090400e-03  7.5561072e-01  6.5495728e-01  1.3803000e+02]
 [ 9.7392446e-01  1.5145272e-01 -1.6801050e-01 -1.1789700e+03]
 [ 0.0000000e+00  0.0000000e+00  0.0000000e+00  1.0000000e+00]]
[+0113.37, +0077.85, -1126.72]
1914, 2144, 1834
[[-2.2535170e-01  6.3660388e-01 -7.3721424e-01  1.0083000e+02]
 [-5.8096400e-03  7.5601790e-01  6.5445408e-01  1.3805000e+02]
 [ 9.7402032e-01  1.5191904e-01 -1.6661376e-01 -1.1789900e+03]
 [ 0.0000000e+00  0.0000000e+00  0.0000000e+00  1.0000000e+00]]
[+0099.83, -0006.00, -1103.33]
2168, 1538, 1030
[[-2.2652450e-01  6.3721572e-01 -7.3617804e-01  1.0090000e+02]
 [-4.3174800e-03  7.5550070e-01  6.5502944e-01  1.3805000e+02]
 [ 9.7364436e-01  1.5178384e-01 -1.6830376e-01 -1.1789600e+03]
 [ 0.0000000e+00  0.0000000e+00  0.0000000e+00  1.0000000e+00]]
[+0114.02, +0078.20, -1126.89]
1406, 974, 1214
[[-2.2370376e-01  6.3847620e-01 -7.3604800e-01  1.0109000e+02]
 [-4.3910000e-03  7.5478542e-01  6.5587488e-01  1.3803000e+02]
 [ 9.7437120e-01  1.5013088e-01 -1.6597818e-01 -1.1789400e+03]
 [ 0.0000000e+00  0.0000000e+00  0.0000000e+00  1.0000000e+00]]
[+0048.58, +0036.71, -1089.19]
2168, 1538, 1030
[[-2.2645140e-01  6.3707602e-01 -7.3643354e-01  1.0091000e+02]
 [-5.1438200e-03  7.5553932e-01  6.5500406e-01  1.3806000e+02]
 [ 9.7374214e-01  1.5228566e-01 -1.6775172e-01 -1.1790000e+03]
 [ 0.0000000e+00  0.0000000e+00  0.0000000e+00  1.0000000e+00]]
[+0115.34, +0077.12, -1126.32]
1129, 1476, 1898
[[-2.2469268e-01  6.3749584e-01 -7.3664908e-01  1.0095000e+02]
 [-5.4948400e-03  7.5536684e-01  6.5520896e-01  1.3800000e+02]
 [ 9.7417792e-01  1.5142004e-01 -1.6616548e-01 -1.1789300e+03]
 [ 0.0000000e+00  0.0000000e+00  0.0000000e+00  1.0000000e+00]]
[+0048.58, -0053.30, -1121.81]
1874, 1451, 2125
[[-2.2630450e-01  6.3641426e-01 -7.3697918e-01  1.0077000e+02]
 [-4.9824200e-03  7.5615180e-01  6.5428234e-01  1.3794000e+02]
 [ 9.7372306e-01  1.5194438e-01 -1.6787266e-01 -1.1789600e+03]
 [ 0.0000000e+00  0.0000000e+00  0.0000000e+00  1.0000000e+00]]
[+0028.98, +0008.26, -1128.88]
1129, 1476, 1898
[[-2.2341090e-01  6.3795730e-01 -7.3644420e-01  1.0105000e+02]
 [-5.1300600e-03  7.5513150e-01  6.5543908e-01  1.3804000e+02]
 [ 9.7432708e-01  1.5045660e-01 -1.6533924e-01 -1.1789800e+03]
 [ 0.0000000e+00  0.0000000e+00  0.0000000e+00  1.0000000e+00]]
[+0052.27, -0050.27, -1118.02]
1241, 2057, 1595
[[-2.2344676e-01  6.3775246e-01 -7.3678410e-01  1.0099000e+02]
 [-4.1665000e-03  7.5550844e-01  6.5505054e-01  1.3806000e+02]
 [ 9.7445454e-01  1.4960070e-01 -1.6609796e-01 -1.1789700e+03]
 [ 0.0000000e+00  0.0000000e+00  0.0000000e+00  1.0000000e+00]]
[+0122.18, -0044.48, -1109.80]
1129, 1476, 1898
[[-2.2395954e-01  6.3768146e-01 -7.3677790e-01  1.0096000e+02]
 [-4.5949000e-03  7.5546156e-01  6.5512154e-01  1.3798000e+02]
 [ 9.7440146e-01  1.5022550e-01 -1.6621794e-01 -1.1789500e+03]
 [ 0.0000000e+00  0.0000000e+00  0.0000000e+00  1.0000000e+00]]
[+0048.09, -0052.77, -1121.58]
1200, 1332, 1648
[[-2.2450984e-01  6.3795384e-01 -7.3617744e-01  1.0104000e+02]
 [-5.1602400e-03  7.5499768e-01  6.5560752e-01  1.3801000e+02]
 [ 9.7412304e-01  1.5120432e-01 -1.6613152e-01 -1.1789800e+03]
 [ 0.0000000e+00  0.0000000e+00  0.0000000e+00  1.0000000e+00]]
[+0051.04, -0029.16, -1097.80]
1129, 1476, 1898
[[-2.2417954e-01  6.3732918e-01 -7.3691154e-01  1.0095000e+02]
 [-5.4144600e-03  7.5558700e-01  6.5494722e-01  1.3798000e+02]
 [ 9.7426782e-01  1.5098574e-01 -1.6587250e-01 -1.1789500e+03]
 [ 0.0000000e+00  0.0000000e+00  0.0000000e+00  1.0000000e+00]]
[+0049.03, -0053.49, -1121.62]
1733, 863, 1986
[[-2.2586500e-01  6.3691690e-01 -7.3689670e-01  1.0087000e+02]
 [-5.7434200e-03  7.5571164e-01  6.5483290e-01  1.3791000e+02]
 [ 9.7398506e-01  1.5223658e-01 -1.6699300e-01 -1.1790100e+03]
 [ 0.0000000e+00  0.0000000e+00  0.0000000e+00  1.0000000e+00]]
[+0007.52, +0024.86, -1158.49]
1665, 987, 2242
[[-2.2623124e-01  6.3603648e-01 -7.3749136e-01  1.0075000e+02]
 [-6.1569600e-03  7.5636190e-01  6.5406618e-01  1.3786000e+02]
 [ 9.7385728e-01  1.5263706e-01 -1.6714930e-01 -1.1789700e+03]
 [ 0.0000000e+00  0.0000000e+00  0.0000000e+00  1.0000000e+00]]
[+0010.07, +0002.28, -1161.37]
1733, 863, 1986
[[-2.2487560e-01  6.3766020e-01 -7.3655240e-01  1.0096000e+02]
 [-4.9868400e-03  7.5530430e-01  6.5530788e-01  1.3794000e+02]
 [ 9.7421512e-01  1.5113820e-01 -1.6663114e-01 -1.1789900e+03]
 [ 0.0000000e+00  0.0000000e+00  0.0000000e+00  1.0000000e+00]]
[+0009.70, +0025.70, -1155.50]
1649, 1324, 1739
[[-2.2406952e-01  6.3774328e-01 -7.3658820e-01  1.0100000e+02]
 [-4.6567200e-03  7.5535158e-01  6.5522480e-01  1.3800000e+02]
 [ 9.7429820e-01  1.5041520e-01 -1.6621794e-01 -1.1789700e+03]
 [ 0.0000000e+00  0.0000000e+00  0.0000000e+00  1.0000000e+00]]
[+0043.40, +0012.58, -1103.69]
1733, 863, 1986
[[-2.2527876e-01  6.3708744e-01 -7.3690128e-01  1.0088000e+02]
 [-5.7931200e-03  7.5562550e-01  6.5492566e-01  1.3789000e+02]
 [ 9.7409976e-01  1.5192358e-01 -1.6649290e-01 -1.1790000e+03]
 [ 0.0000000e+00  0.0000000e+00  0.0000000e+00  1.0000000e+00]]
[+0007.27, +0024.20, -1158.84]
1428, 785, 1943
[[-2.2432708e-01  6.3808250e-01 -7.3616394e-01  1.0106000e+02]
 [-5.3753000e-03  7.5488750e-01  6.5574210e-01  1.3797000e+02]
 [ 9.7419594e-01  1.5125250e-01 -1.6583858e-01 -1.1789700e+03]
 [ 0.0000000e+00  0.0000000e+00  0.0000000e+00  1.0000000e+00]]
[+0002.76, +0006.51, -1153.92]
1733, 863, 1986
[[-2.2568200e-01  6.3704564e-01 -7.3688348e-01  1.0087000e+02]
 [-5.9582800e-03  7.5560150e-01  6.5496746e-01  1.3791000e+02]
 [ 9.7405796e-01  1.5228502e-01 -1.6669986e-01 -1.1790000e+03]
 [ 0.0000000e+00  0.0000000e+00  0.0000000e+00  1.0000000e+00]]
[+0007.92, +0024.37, -1157.62]
1979, 1660, 2044
[[-2.2641448e-01  6.3629264e-01 -7.3719276e-01  1.0077000e+02]
 [-5.4473600e-03  7.5621398e-01  6.5423868e-01  1.3795000e+02]
 [ 9.7380276e-01  1.5228132e-01 -1.6770050e-01 -1.1789800e+03]
 [ 0.0000000e+00  0.0000000e+00  0.0000000e+00  1.0000000e+00]]
[+0047.38, +0013.96, -1115.41]
1974, 1574, 1906
[[-2.2542484e-01  6.3712794e-01 -7.3664746e-01  1.0087000e+02]
 [-4.4886600e-03  7.5572070e-01  6.5478702e-01  1.3798000e+02]
 [ 9.7394114e-01  1.5110982e-01 -1.6742410e-01 -1.1789900e+03]
 [ 0.0000000e+00  0.0000000e+00  0.0000000e+00  1.0000000e+00]]
[+0051.59, +0028.33, -1111.80]
1979, 1660, 2044
[[-2.2608466e-01  6.3623588e-01 -7.3721194e-01  1.0079000e+02]
 [-4.8040400e-03  7.5637164e-01  6.5403212e-01  1.3796000e+02]
 [ 9.7378358e-01  1.5160804e-01 -1.6787266e-01 -1.1789900e+03]
 [ 0.0000000e+00  0.0000000e+00  0.0000000e+00  1.0000000e+00]]
[+0047.23, +0014.55, -1115.63]
1618, 1685, 2039
[[-2.2454554e-01  6.3721838e-01 -7.3688344e-01  1.0092000e+02]
 [-4.8380600e-03  7.5572070e-01  6.5479472e-01  1.3799000e+02]
 [ 9.7417712e-01  1.5077224e-01 -1.6654480e-01 -1.1789700e+03]
 [ 0.0000000e+00  0.0000000e+00  0.0000000e+00  1.0000000e+00]]
[+0052.63, -0023.20, -1112.18]
1979, 1660, 2044
[[-2.2612122e-01  6.3630462e-01 -7.3722270e-01  1.0080000e+02]
 [-5.5453800e-03  7.5621398e-01  6.5422670e-01  1.3796000e+02]
 [ 9.7383270e-01  1.5218330e-01 -1.6740724e-01 -1.1790200e+03]
 [ 0.0000000e+00  0.0000000e+00  0.0000000e+00  1.0000000e+00]]
[+0046.07, +0014.42, -1116.12]
1962, 1445, 2178
[[-2.2652450e-01  6.3626268e-01 -7.3720476e-01  1.0077000e+02]
 [-5.7106800e-03  7.5618998e-01  6.5426864e-01  1.3791000e+02]
 [ 9.7379076e-01  1.5254464e-01 -1.6761448e-01 -1.1789900e+03]
 [ 0.0000000e+00  0.0000000e+00  0.0000000e+00  1.0000000e+00]]
[+0029.74, +0013.90, -1132.37]
1979, 1660, 2044
[[-2.2612122e-01  6.3668948e-01 -7.3691108e-01  1.0084000e+02]
 [-5.0505200e-03  7.5595568e-01  6.5453372e-01  1.3799000e+02]
 [ 9.7385108e-01  1.5187628e-01 -1.6766554e-01 -1.1789800e+03]
 [ 0.0000000e+00  0.0000000e+00  0.0000000e+00  1.0000000e+00]]
[+0051.24, +0016.30, -1113.40]
1376, 1730, 1596
[[-2.2348368e-01  6.3791328e-01 -7.3659248e-01  1.0102000e+02]
 [-4.7067200e-03  7.5526512e-01  6.5531808e-01  1.3804000e+02]
 [ 9.7441248e-01  1.5010192e-01 -1.6571856e-01 -1.1789800e+03]
 [ 0.0000000e+00  0.0000000e+00  0.0000000e+00  1.0000000e+00]]
[+0090.35, -0023.06, -1091.40]
1444, 1041, 1565
[[-2.2450984e-01  6.3824680e-01 -7.3606728e-01  1.0106000e+02]
 [-4.8672800e-03  7.5482480e-01  6.5584104e-01  1.3802000e+02]
 [ 9.7423320e-01  1.5097080e-01 -1.6630440e-01 -1.1789700e+03]
 [ 0.0000000e+00  0.0000000e+00  0.0000000e+00  1.0000000e+00]]
[+0030.51, +0016.26, -1103.82]
1376, 1730, 1596
[[-2.2465552e-01  6.3757320e-01 -7.3658376e-01  1.0098000e+02]
 [-4.6068000e-03  7.5543800e-01  6.5513160e-01  1.3801000e+02]
 [ 9.7418376e-01  1.5072840e-01 -1.6671752e-01 -1.1789700e+03]
 [ 0.0000000e+00  0.0000000e+00  0.0000000e+00  1.0000000e+00]]
[+0088.28, -0023.49, -1091.78]
1006, 1687, 1721
[[-2.2406952e-01  6.3779828e-01 -7.3673468e-01  1.0101000e+02]
 [-4.7117200e-03  7.5535158e-01  6.5526802e-01  1.3801000e+02]
 [ 9.7444468e-01  1.5037198e-01 -1.6621794e-01 -1.1789700e+03]
 [ 0.0000000e+00  0.0000000e+00  0.0000000e+00  1.0000000e+00]]
[+0079.81, -0062.80, -1114.44]
1376, 1730, 1596
[[-2.2454554e-01  6.3774948e-01 -7.3651700e-01  1.0099000e+02]
 [-4.1970000e-03  7.5537510e-01  6.5521860e-01  1.3804000e+02]
 [ 9.7425052e-01  1.5034836e-01 -1.6689040e-01 -1.1789700e+03]
 [ 0.0000000e+00  0.0000000e+00  0.0000000e+00  1.0000000e+00]]
[+0089.22, -0021.23, -1091.07]
1598, 1723, 2249
[[-2.2542484e-01  6.3612024e-01 -7.3752704e-01  1.0080000e+02]
 [-5.8262400e-03  7.5640998e-01  6.5398242e-01  1.3793000e+02]
 [ 9.7394104e-01  1.5191442e-01 -1.6673482e-01 -1.1790000e+03]
 [ 0.0000000e+00  0.0000000e+00  0.0000000e+00  1.0000000e+00]]
[+0044.40, -0029.94, -1127.17]
1376, 1730, 1596
[[-2.2395954e-01  6.3777296e-01 -7.3657644e-01  1.0100000e+02]
 [-4.3934400e-03  7.5537510e-01  6.5519512e-01  1.3802000e+02]
 [ 9.7430996e-01  1.5015192e-01 -1.6630440e-01 -1.1789500e+03]
 [ 0.0000000e+00  0.0000000e+00  0.0000000e+00  1.0000000e+00]]
[+0089.74, -0022.22, -1091.22]
2024, 1495, 862
[[-2.2549908e-01  6.3774182e-01 -7.3615510e-01  1.0098000e+02]
 [-5.2751800e-03  7.5506022e-01  6.5555630e-01  1.3805000e+02]
 [ 9.7396670e-01  1.5187910e-01 -1.6683786e-01 -1.1789900e+03]
 [ 0.0000000e+00  0.0000000e+00  0.0000000e+00  1.0000000e+00]]
[+0124.87, +0079.58, -1125.45]
2060, 1016, 1233
[[-2.2626832e-01  6.3744276e-01 -7.3616364e-01  1.0094000e+02]
 [-5.0103600e-03  7.5525670e-01  6.5532888e-01  1.3798000e+02]
 [ 9.7377876e-01  1.5214392e-01 -1.6763098e-01 -1.1789600e+03]
 [ 0.0000000e+00  0.0000000e+00  0.0000000e+00  1.0000000e+00]]
[+0063.67, +0085.18, -1134.77]
2024, 1495, 862
[[-2.2417954e-01  6.3833596e-01 -7.3603194e-01  1.0105000e+02]
 [-4.0775600e-03  7.5489548e-01  6.5575188e-01  1.3807000e+02]
 [ 9.7426854e-01  1.5018108e-01 -1.6656402e-01 -1.1789500e+03]
 [ 0.0000000e+00  0.0000000e+00  0.0000000e+00  1.0000000e+00]]
[+0125.31, +0079.31, -1126.60]
964, 1833, 1401
[[-2.2282530e-01  6.3818236e-01 -7.3659462e-01  1.0108000e+02]
 [-5.2352400e-03  7.5504504e-01  6.5557556e-01  1.3807000e+02]
 [ 9.7458758e-01  1.5009996e-01 -1.6484010e-01 -1.1789900e+03]
 [ 0.0000000e+00  0.0000000e+00  0.0000000e+00  1.0000000e+00]]
[+0119.05, -0057.40, -1107.67]
2024, 1495, 862
[[-2.2568200e-01  6.3781484e-01 -7.3625988e-01  1.0097000e+02]
 [-4.9687600e-03  7.5508406e-01  6.5558154e-01  1.3805000e+02]
 [ 9.7409532e-01  1.5167094e-01 -1.6721730e-01 -1.1789700e+03]
 [ 0.0000000e+00  0.0000000e+00  0.0000000e+00  1.0000000e+00]]
[+0124.98, +0079.78, -1125.87]
2220, 1706, 1114
[[-2.2648786e-01  6.3696404e-01 -7.3657078e-01  1.0085000e+02]
 [-3.9794800e-03  7.5583064e-01  6.5468764e-01  1.3807000e+02]
 [ 9.7377814e-01  1.5135572e-01 -1.6859706e-01 -1.1789700e+03]
 [ 0.0000000e+00  0.0000000e+00  0.0000000e+00  1.0000000e+00]]
[+0117.80, +0069.41, -1123.68]
2024, 1495, 862
[[-2.2414440e-01  6.3844896e-01 -7.3589372e-01  1.0109000e+02]
 [-5.2424000e-03  7.5460440e-01  6.5606700e-01  1.3809000e+02]
 [ 9.7423260e-01  1.5111028e-01 -1.6571856e-01 -1.1789800e+03]
 [ 0.0000000e+00  0.0000000e+00  0.0000000e+00  1.0000000e+00]]
[+0123.25, +0075.32, -1123.63]
1555, 1737, 2053
[[-2.2487560e-01  6.3674464e-01 -7.3723072e-01  1.0087000e+02]
 [-6.1225600e-03  7.5590784e-01  6.5457664e-01  1.3796000e+02]
 [ 9.7412288e-01  1.5186944e-01 -1.6602760e-01 -1.1789800e+03]
 [ 0.0000000e+00  0.0000000e+00  0.0000000e+00  1.0000000e+00]]
[+0054.22, -0032.47, -1115.66]
1616, 2005, 795
[[-2.2399666e-01  6.3793366e-01 -7.3638496e-01  1.0104000e+02]
 [-4.9335400e-03  7.5513150e-01  6.5546272e-01  1.3811000e+02]
 [ 9.7426784e-01  1.5065312e-01 -1.6592500e-01 -1.1789900e+03]
 [ 0.0000000e+00  0.0000000e+00  0.0000000e+00  1.0000000e+00]]
[+0167.27, +0028.40, -1122.30]
1555, 1737, 2053
[[-2.2524168e-01  6.3707336e-01 -7.3703728e-01  1.0087000e+02]
 [-5.1066400e-03  7.5578328e-01  6.5477456e-01  1.3798000e+02]
 [ 9.7419728e-01  1.5130544e-01 -1.6695840e-01 -1.1789600e+03]
 [ 0.0000000e+00  0.0000000e+00  0.0000000e+00  1.0000000e+00]]
[+0051.79, -0031.07, -1116.30]
1333, 1925, 2082
[[-2.2443560e-01  6.3677196e-01 -7.3738452e-01  1.0087000e+02]
 [-5.2707600e-03  7.5608942e-01  6.5438406e-01  1.3803000e+02]
 [ 9.7426212e-01  1.5088986e-01 -1.6628602e-01 -1.1789600e+03]
 [ 0.0000000e+00  0.0000000e+00  0.0000000e+00  1.0000000e+00]]
[+0072.09, -0055.37, -1125.37]
1555, 1737, 2053
[[-2.2513170e-01  6.3695660e-01 -7.3708040e-01  1.0089000e+02]
 [-4.9898800e-03  7.5589326e-01  6.5462800e-01  1.3795000e+02]
 [ 9.7415416e-01  1.5115888e-01 -1.6695840e-01 -1.1790000e+03]
 [ 0.0000000e+00  0.0000000e+00  0.0000000e+00  1.0000000e+00]]
[+0053.44, -0026.09, -1113.28]
1438, 1605, 2019
[[-2.243625e-01  6.376400e-01 -7.367600e-01  1.009600e+02]
 [-4.760000e-03  7.554380e-01  6.551630e-01  1.380500e+02]
 [ 9.743600e-01  1.505870e-01 -1.664245e-01 -1.178960e+03]
 [ 0.000000e+00  0.000000e+00  0.000000e+00  1.000000e+00]]
[+0047.16, -0031.35, -1115.62]
1555, 1737, 2053
[[-2.2505860e-01  6.3676240e-01 -7.3718900e-01  1.0089000e+02]
 [-5.7611600e-03  7.5593180e-01  6.5455888e-01  1.3799000e+02]
 [ 9.7410512e-01  1.5170420e-01 -1.6640676e-01 -1.1790200e+03]
 [ 0.0000000e+00  0.0000000e+00  0.0000000e+00  1.0000000e+00]]
[+0053.93, -0028.01, -1114.21]
814, 2101, 766
[[-2.214345e-01  6.391110e-01 -7.362124e-01  1.012300e+02]
 [-4.169000e-03  7.545720e-01  6.561282e-01  1.381700e+02]
 [ 9.749124e-01  1.485218e-01 -1.643625e-01 -1.179020e+03]
 [ 0.000000e+00  0.000000e+00  0.000000e+00  1.000000e+00]]
[+0179.09, -0036.12, -1142.43]
775, 2247, 863
[[-2.2168996e-01  6.3787748e-01 -7.3710744e-01  1.0111000e+02]
 [-4.8106400e-03  7.5550844e-01  6.5502372e-01  1.3825000e+02]
 [ 9.7477788e-01  1.4896824e-01 -1.6434116e-01 -1.1790500e+03]
 [ 0.0000000e+00  0.0000000e+00  0.0000000e+00  1.0000000e+00]]
[+0175.25, -0039.11, -1152.01]
814, 2101, 766
[[-2.2234996e-01  6.3909082e-01 -7.3598722e-01  1.0120000e+02]
 [-4.5605800e-03  7.5441534e-01  6.5631322e-01  1.3814000e+02]
 [ 9.7472738e-01  1.4943482e-01 -1.6477426e-01 -1.1789900e+03]
 [ 0.0000000e+00  0.0000000e+00  0.0000000e+00  1.0000000e+00]]
[+0173.04, -0034.63, -1135.54]
1147, 1404, 1947
[[-2.2417954e-01  6.3747566e-01 -7.3685652e-01  1.0097000e+02]
 [-5.2679800e-03  7.5550070e-01  6.5506404e-01  1.3801000e+02]
 [ 9.7432284e-01  1.5086892e-01 -1.6595880e-01 -1.1789600e+03]
 [ 0.0000000e+00  0.0000000e+00  0.0000000e+00  1.0000000e+00]]
[+0039.74, -0049.98, -1126.82]
814, 2101, 766
[[-2.2136200e-01  6.3906400e-01 -7.3626500e-01  1.0123000e+02]
 [-4.7939200e-03  7.5452544e-01  6.5617520e-01  1.3821000e+02]
 [ 9.7491844e-01  1.4894992e-01 -1.6389640e-01 -1.1790100e+03]
 [ 0.0000000e+00  0.0000000e+00  0.0000000e+00  1.0000000e+00]]
[+0179.23, -0035.87, -1142.43]
959, 2148, 752
[[-2.2319082e-01  6.3812646e-01 -7.3671348e-01  1.0107000e+02]
 [-4.7135400e-03  7.5517862e-01  6.5546644e-01  1.3817000e+02]
 [ 9.7464348e-01  1.4984356e-01 -1.6551220e-01 -1.1790100e+03]
 [ 0.0000000e+00  0.0000000e+00  0.0000000e+00  1.0000000e+00]]
[+0180.15, -0024.00, -1140.34]
814, 2101, 766
[[-2.2330178e-01  6.0406518e-01 -7.6466694e-01  9.2860000e+01]
 [-3.6796200e-03  7.8421022e-01  6.2040954e-01  1.4110000e+02]
 [ 9.7447254e-01  1.4151606e-01 -1.7283556e-01 -1.1809500e+03]
 [ 0.0000000e+00  0.0000000e+00  0.0000000e+00  1.0000000e+00]]
[+0177.04, -0027.20, -1140.84]
1011, 914, 943
[[-2.2554880e-01  6.0271232e-01 -7.6516384e-01  9.2600000e+01]
 [-3.3689600e-03  7.8510990e-01  6.1929212e-01  1.4105000e+02]
 [ 9.7402592e-01  1.4237956e-01 -1.7500786e-01 -1.1809000e+03]
 [ 0.0000000e+00  0.0000000e+00  0.0000000e+00  1.0000000e+00]]
[+0061.30, +0012.42, -1068.26]
960, 980, 773
[[-2.2526682e-01  6.0318354e-01 -7.6490316e-01  9.2670000e+01]
 [-3.7067400e-03  7.8471950e-01  6.1979068e-01  1.4112000e+02]
 [ 9.7411164e-01  1.4256172e-01 -1.7449768e-01 -1.1809500e+03]
 [ 0.0000000e+00  0.0000000e+00  0.0000000e+00  1.0000000e+00]]
[+0092.74, +0015.84, -1062.56]
1011, 914, 943
[[-2.2554880e-01  6.0256448e-01 -7.6521536e-01  9.2570000e+01]
 [-3.5168000e-03  7.8519096e-01  6.1917448e-01  1.4100000e+02]
 [ 9.7397440e-01  1.4249720e-01 -1.7492680e-01 -1.1809500e+03]
 [ 0.0000000e+00  0.0000000e+00  0.0000000e+00  1.0000000e+00]]
[+0060.94, +0012.45, -1068.54]
1183, 1306, 1045
[[-2.2634640e-01  6.0208984e-01 -7.6547952e-01  9.2510000e+01]
 [-4.3588800e-03  7.8538950e-01  6.1894466e-01  1.4110000e+02]
 [ 9.7388504e-01  1.4352462e-01 -1.7511354e-01 -1.1809900e+03]
 [ 0.0000000e+00  0.0000000e+00  0.0000000e+00  1.0000000e+00]]
[+0093.91, +0008.12, -1072.80]
1011, 914, 943
[[-2.2476500e-01  6.0315852e-01 -7.6511064e-01  9.2650000e+01]
 [-3.4672800e-03  7.8484460e-01  6.1964236e-01  1.4104000e+02]
 [ 9.7425996e-01  1.4201576e-01 -1.7428324e-01 -1.1809700e+03]
 [ 0.0000000e+00  0.0000000e+00  0.0000000e+00  1.0000000e+00]]
[+0063.12, +0015.70, -1068.31]
1450, 769, 756
[[-2.2664218e-01  6.0281142e-01 -7.6469618e-01  9.2610000e+01]
 [-3.2248200e-03  7.8490374e-01  6.1953978e-01  1.4097000e+02]
 [ 9.7372042e-01  1.4303262e-01 -1.7589508e-01 -1.1809500e+03]
 [ 0.0000000e+00  0.0000000e+00  0.0000000e+00  1.0000000e+00]]
[+0067.22, +0083.43, -1098.73]
1011, 914, 943
[[-2.2526682e-01  6.0274014e-01 -7.6505790e-01  9.2650000e+01]
 [-4.1501400e-03  7.8496268e-01  6.1943770e-01  1.4114000e+02]
 [ 9.7395690e-01  1.4291470e-01 -1.7425450e-01 -1.1809300e+03]
 [ 0.0000000e+00  0.0000000e+00  0.0000000e+00  1.0000000e+00]]
[+0063.31, +0013.50, -1068.21]
1042, 1063, 1697
[[-2.2624330e-01  6.0182434e-01 -7.6557148e-01  9.2460000e+01]
 [-4.3891400e-03  7.8557342e-01  6.1867916e-01  1.4105000e+02]
 [ 9.7379308e-01  1.4349436e-01 -1.7503272e-01 -1.1809500e+03]
 [ 0.0000000e+00  0.0000000e+00  0.0000000e+00  1.0000000e+00]]
[+0025.36, -0036.74, -1116.34]
1162, 1208, 1590
[[-2.2662882e-01  6.0201066e-01 -7.6543718e-01  9.2490000e+01]
 [-3.5263400e-03  7.8553692e-01  6.1875834e-01  1.4106000e+02]
 [ 9.7380618e-01  1.4302966e-01 -1.7586690e-01 -1.1809600e+03]
 [ 0.0000000e+00  0.0000000e+00  0.0000000e+00  1.0000000e+00]]
[+0043.66, -0023.56, -1097.22]
1042, 1063, 1697
[[-2.2642290e-01  6.0167904e-01 -7.6571748e-01  9.2470000e+01]
 [-3.4905600e-03  7.8582374e-01  6.1838536e-01  1.4100000e+02]
 [ 9.7382172e-01  1.4281096e-01 -1.7578600e-01 -1.1809400e+03]
 [ 0.0000000e+00  0.0000000e+00  0.0000000e+00  1.0000000e+00]]
[+0024.85, -0036.38, -1116.43]
1205, 1080, 1904
[[-2.2710484e-01  6.0101838e-01 -7.6600946e-01  9.2360000e+01]
 [-3.4751400e-03  7.8627196e-01  6.1781022e-01  1.4094000e+02]
 [ 9.7364342e-01  1.4310294e-01 -1.7643124e-01 -1.1809400e+03]
 [ 0.0000000e+00  0.0000000e+00  0.0000000e+00  1.0000000e+00]]
[+0015.44, -0029.30, -1133.05]
1042, 1063, 1697
[[-2.2593424e-01  6.0221088e-01 -7.6543528e-01  9.2520000e+01]
 [-3.2968800e-03  7.8547798e-01  6.1882362e-01  1.4103000e+02]
 [ 9.7392928e-01  1.4246262e-01 -1.7543722e-01 -1.1809700e+03]
 [ 0.0000000e+00  0.0000000e+00  0.0000000e+00  1.0000000e+00]]
[+0027.14, -0034.64, -1114.18]
1239, 803, 1564
[[-2.2614024e-01  6.0244612e-01 -7.6535428e-01  9.2530000e+01]
 [-3.5321200e-03  7.8527198e-01  6.1911938e-01  1.4103000e+02]
 [ 9.7401028e-01  1.4275838e-01 -1.7543722e-01 -1.1809900e+03]
 [ 0.0000000e+00  0.0000000e+00  0.0000000e+00  1.0000000e+00]]
[+0009.13, +0006.24, -1116.82]
1042, 1063, 1697
[[-2.2642290e-01  6.0197488e-01 -7.6561456e-01  9.2420000e+01]
 [-3.1947200e-03  7.8566190e-01  6.1862056e-01  1.4109000e+02]
 [ 9.7392464e-01  1.4257576e-01 -1.7594784e-01 -1.1809300e+03]
 [ 0.0000000e+00  0.0000000e+00  0.0000000e+00  1.0000000e+00]]
[+0026.32, -0037.03, -1115.59]
1121, 1400, 1788
[[-2.2621714e-01  6.0173968e-01 -7.6569552e-01  9.2400000e+01]
 [-2.9595200e-03  7.8586766e-01  6.1832472e-01  1.4108000e+02]
 [ 9.7384368e-01  1.4227992e-01 -1.7594784e-01 -1.1809500e+03]
 [ 0.0000000e+00  0.0000000e+00  0.0000000e+00  1.0000000e+00]]
[+0047.87, -0046.13, -1113.14]
793, 1981, 1918
[[-2.2470160e-01  6.0002632e-01 -7.6751424e-01  9.2280000e+01]
 [-3.4784000e-03  7.8735734e-01  6.1643082e-01  1.4101000e+02]
 [ 9.7421640e-01  1.4130630e-01 -1.7479050e-01 -1.1810700e+03]
 [ 0.0000000e+00  0.0000000e+00  0.0000000e+00  1.0000000e+00]]
[+0100.59, -0076.84, -1151.33]
1121, 1400, 1788
[[-2.2472576e-01  6.0128880e-01 -7.6648416e-01  9.2340000e+01]
 [-3.4238400e-03  7.8633784e-01  6.1772340e-01  1.4104000e+02]
 [ 9.7418400e-01  1.4158284e-01 -1.7460296e-01 -1.1810300e+03]
 [ 0.0000000e+00  0.0000000e+00  0.0000000e+00  1.0000000e+00]]
[+0050.09, -0042.48, -1109.91]
884, 1274, 1752
[[-2.2452040e-01  6.0159336e-01 -7.6621192e-01  9.2410000e+01]
 [-2.5456800e-03  7.8621936e-01  6.1785816e-01  1.4100000e+02]
 [ 9.7416056e-01  1.4085672e-01 -1.7492680e-01 -1.1810300e+03]
 [ 0.0000000e+00  0.0000000e+00  0.0000000e+00  1.0000000e+00]]
[+0047.99, -0059.12, -1120.78]
1121, 1400, 1788
[[-2.2530500e-01  6.0105090e-01 -7.6646370e-01  9.2280000e+01]
 [-2.6475000e-03  7.8656492e-01  6.1743014e-01  1.4102000e+02]
 [ 9.7402350e-01  1.4129686e-01 -1.7557108e-01 -1.1810300e+03]
 [ 0.0000000e+00  0.0000000e+00  0.0000000e+00  1.0000000e+00]]
[+0048.99, -0043.98, -1111.45]
1138, 1568, 1075
[[-2.2502146e-01  6.0157360e-01 -7.6635132e-01  9.2370000e+01]
 [-3.0363200e-03  7.8617600e-01  6.1796976e-01  1.4109000e+02]
 [ 9.7425660e-01  1.4143920e-01 -1.7506050e-01 -1.1810200e+03]
 [ 0.0000000e+00  0.0000000e+00  0.0000000e+00  1.0000000e+00]]
[+0119.23, -0007.87, -1080.66]
1121, 1400, 1788
[[-2.2630740e-01  6.0066352e-01 -7.6669756e-01  9.2250000e+01]
 [-3.8735600e-03  7.8663900e-01  6.1737808e-01  1.4102000e+02]
 [ 9.7396448e-01  1.4273764e-01 -1.7567796e-01 -1.1810200e+03]
 [ 0.0000000e+00  0.0000000e+00  0.0000000e+00  1.0000000e+00]]
[+0046.81, -0044.03, -1112.54]
1996, 836, 770
[[-2.2749124e-01  6.0144998e-01 -7.6562438e-01  9.2290000e+01]
 [-2.2650200e-03  7.8607326e-01  6.1808338e-01  1.4103000e+02]
 [ 9.7361062e-01  1.4244338e-01 -1.7742754e-01 -1.1810400e+03]
 [ 0.0000000e+00  0.0000000e+00  0.0000000e+00  1.0000000e+00]]
[+0079.12, +0106.86, -1149.89]
1675, 1978, 913
[[-2.2638594e-01  6.0049728e-01 -7.6668478e-01  9.2170000e+01]
 [-2.6580800e-03  7.8691008e-01  6.1701312e-01  1.4115000e+02]
 [ 9.7385598e-01  1.4182832e-01 -1.7651202e-01 -1.1810700e+03]
 [ 0.0000000e+00  0.0000000e+00  0.0000000e+00  1.0000000e+00]]
[+0153.37, +0034.88, -1114.76]
1996, 836, 770
[[-2.2641018e-01  6.0161116e-01 -7.6570566e-01  9.2270000e+01]
 [-2.7500400e-03  7.8597048e-01  6.1818772e-01  1.4112000e+02]
 [ 9.7377286e-01  1.4222388e-01 -1.7624370e-01 -1.1810500e+03]
 [ 0.0000000e+00  0.0000000e+00  0.0000000e+00  1.0000000e+00]]
[+0078.65, +0106.49, -1149.34]
2181, 863, 967
[[-2.2826500e-01  6.0015070e-01 -7.6626790e-01  9.2100000e+01]
 [-2.4191000e-03  7.8696902e-01  6.1691078e-01  1.4112000e+02]
 [ 9.7331470e-01  1.4284222e-01 -1.7812698e-01 -1.1809800e+03]
 [ 0.0000000e+00  0.0000000e+00  0.0000000e+00  1.0000000e+00]]
[+0071.11, +0099.78, -1156.28]
1996, 836, 770
[[-2.2611432e-01  6.0177000e-01 -7.6568460e-01  9.2280000e+01]
 [-2.6940000e-03  7.8588950e-01  6.1829440e-01  1.4117000e+02]
 [ 9.7385460e-01  1.4201440e-01 -1.7602882e-01 -1.1810300e+03]
 [ 0.0000000e+00  0.0000000e+00  0.0000000e+00  1.0000000e+00]]
[+0078.19, +0101.47, -1144.53]
1837, 771, 927
[[-2.2630740e-01  6.0100458e-01 -7.6624754e-01  9.2220000e+01]
 [-3.3269800e-03  7.8639678e-01  6.1765026e-01  1.4109000e+02]
 [ 9.7382274e-01  1.4246546e-01 -1.7592018e-01 -1.1810500e+03]
 [ 0.0000000e+00  0.0000000e+00  0.0000000e+00  1.0000000e+00]]
[+0057.94, +0091.32, -1130.03]
1996, 836, 770
[[-2.2809576e-01  6.0105132e-01 -7.6572960e-01  9.2190000e+01]
 [-3.2658000e-03  7.8616910e-01  6.1795100e-01  1.4113000e+02]
 [ 9.7344432e-01  1.4356676e-01 -1.7731930e-01 -1.1810400e+03]
 [ 0.0000000e+00  0.0000000e+00  0.0000000e+00  1.0000000e+00]]
[+0079.20, +0105.56, -1148.08]
1249, 1552, 2052
[[-2.2668192e-01  5.9955296e-01 -7.6730936e-01  9.2000000e+01]
 [-3.7049600e-03  7.8747470e-01  6.1628132e-01  1.4106000e+02]
 [ 9.7376264e-01  1.4266268e-01 -1.7624338e-01 -1.1810600e+03]
 [ 0.0000000e+00  0.0000000e+00  0.0000000e+00  1.0000000e+00]]
[+0045.07, -0049.71, -1129.44]
1344, 910, 1809
[[-2.2659114e-01  6.0053322e-01 -7.6650732e-01  9.2160000e+01]
 [-2.9899800e-03  7.8678566e-01  6.1715108e-01  1.4106000e+02]
 [ 9.7373748e-01  1.4228228e-01 -1.7643124e-01 -1.1810200e+03]
 [ 0.0000000e+00  0.0000000e+00  0.0000000e+00  1.0000000e+00]]
[+0008.05, -0001.35, -1131.09]
1249, 1552, 2052
[[-2.2687540e-01  5.9942432e-01 -7.6731924e-01  9.1970000e+01]
 [-3.4958000e-03  7.8757724e-01  6.1614432e-01  1.4101000e+02]
 [ 9.7369200e-01  1.4260620e-01 -1.7653940e-01 -1.1810700e+03]
 [ 0.0000000e+00  0.0000000e+00  0.0000000e+00  1.0000000e+00]]
[+0044.50, -0049.42, -1129.72]
1338, 1636, 1863
[[-2.2678450e-01  5.9976730e-01 -7.6706980e-01  9.2090000e+01]
 [-3.6233000e-03  7.8729158e-01  6.1650668e-01  1.4109000e+02]
 [ 9.7370620e-01  1.4273332e-01 -1.7632392e-01 -1.1810800e+03]
 [ 0.0000000e+00  0.0000000e+00  0.0000000e+00  1.0000000e+00]]
[+0062.60, -0033.50, -1105.92]
1249, 1552, 2052
[[-2.2657938e-01  5.9958332e-01 -7.6729836e-01  9.2040000e+01]
 [-3.4393200e-03  7.8749670e-01  6.1625096e-01  1.4107000e+02]
 [ 9.7377364e-01  1.4239704e-01 -1.7632392e-01 -1.1810700e+03]
 [ 0.0000000e+00  0.0000000e+00  0.0000000e+00  1.0000000e+00]]
[+0044.46, -0049.04, -1129.67]
1525, 1544, 2180
[[-2.2737658e-01  5.9905636e-01 -7.6741350e-01  9.1920000e+01]
 [-4.2316400e-03  7.8769388e-01  6.1598100e-01  1.4101000e+02]
 [ 9.7353690e-01  1.4346420e-01 -1.7651370e-01 -1.1810800e+03]
 [ 0.0000000e+00  0.0000000e+00  0.0000000e+00  1.0000000e+00]]
[+0033.08, -0027.00, -1130.32]
1249, 1552, 2052
[[-2.2648852e-01  6.0017096e-01 -7.6679828e-01  9.2110000e+01]
 [-3.2196400e-03  7.8704972e-01  6.1680824e-01  1.4109000e+02]
 [ 9.7374248e-01  1.4232916e-01 -1.7626980e-01 -1.1810700e+03]
 [ 0.0000000e+00  0.0000000e+00  0.0000000e+00  1.0000000e+00]]
[+0047.09, -0046.02, -1125.79]
2111, 1123, 1636
[[-2.2876650e-01  5.9968538e-01 -7.6656134e-01  9.2000000e+01]
 [-3.3542600e-03  7.8716684e-01  6.1667102e-01  1.4108000e+02]
 [ 9.7325618e-01  1.4377706e-01 -1.7802010e-01 -1.1810300e+03]
 [ 0.0000000e+00  0.0000000e+00  0.0000000e+00  1.0000000e+00]]
[+0039.05, +0066.60, -1136.40]
1258, 1671, 2081
[[-2.2687540e-01  5.9917954e-01 -7.6756978e-01  9.1970000e+01]
 [-3.8431000e-03  7.8773820e-01  6.1594930e-01  1.4106000e+02]
 [ 9.7373750e-01  1.4280122e-01 -1.7637844e-01 -1.1810700e+03]
 [ 0.0000000e+00  0.0000000e+00  0.0000000e+00  1.0000000e+00]]
[+0053.58, -0052.76, -1129.38]
2111, 1123, 1636
[[-2.2896010e-01  5.9970500e-01 -7.6651960e-01  9.2000000e+01]
 [-2.9970800e-03  7.8718896e-01  6.1665140e-01  1.4108000e+02]
 [ 9.7323656e-01  1.4360308e-01 -1.7839690e-01 -1.1810500e+03]
 [ 0.0000000e+00  0.0000000e+00  0.0000000e+00  1.0000000e+00]]
[+0038.89, +0066.45, -1136.48]
2023, 1148, 1437
[[-2.2678450e-01  6.0025670e-01 -7.6656860e-01  9.2120000e+01]
 [-2.9287000e-03  7.8696902e-01  6.1689644e-01  1.4107000e+02]
 [ 9.7361540e-01  1.4234356e-01 -1.7664648e-01 -1.1810500e+03]
 [ 0.0000000e+00  0.0000000e+00  0.0000000e+00  1.0000000e+00]]
[+0051.32, +0070.75, -1124.68]
2111, 1123, 1636
[[-2.2896010e-01  5.9946004e-01 -7.6677038e-01  9.1960000e+01]
 [-3.3446800e-03  7.8735000e-01  6.1645676e-01  1.4105000e+02]
 [ 9.7328206e-01  1.4379772e-01 -1.7823586e-01 -1.1810500e+03]
 [ 0.0000000e+00  0.0000000e+00  0.0000000e+00  1.0000000e+00]]
[+0037.51, +0065.52, -1137.13]
2237, 1341, 1608
[[-2.2835610e-01  5.9916994e-01 -7.6706988e-01  9.1970000e+01]
 [-3.1350600e-03  7.8765774e-01  6.1604156e-01  1.4103000e+02]
 [ 9.7334012e-01  1.4322156e-01 -1.7793960e-01 -1.1810800e+03]
 [ 0.0000000e+00  0.0000000e+00  0.0000000e+00  1.0000000e+00]]
[+0055.76, +0068.09, -1129.39]
2111, 1123, 1636
[[-2.2737658e-01  5.9999004e-01 -7.6675832e-01  9.2060000e+01]
 [-3.0927600e-03  7.8713038e-01  6.1672356e-01  1.4104000e+02]
 [ 9.7359992e-01  1.4272164e-01 -1.7707720e-01 -1.1810400e+03]
 [ 0.0000000e+00  0.0000000e+00  0.0000000e+00  1.0000000e+00]]
[+0037.47, +0062.17, -1136.08]
1528, 1508, 1320
[[-2.2628340e-01  6.0037966e-01 -7.6672518e-01  9.2100000e+01]
 [-2.5404600e-03  7.8701262e-01  6.1686514e-01  1.4111000e+02]
 [ 9.7381558e-01  1.4168034e-01 -1.7651202e-01 -1.1810800e+03]
 [ 0.0000000e+00  0.0000000e+00  0.0000000e+00  1.0000000e+00]]
[+0086.43, +0019.15, -1083.98]
1526, 1399, 1054
[[-2.2660330e-01  6.0045314e-01 -7.6657068e-01  9.2150000e+01]
 [-3.8784200e-03  7.8671966e-01  6.1723116e-01  1.4111000e+02]
 [ 9.7373484e-01  1.4298732e-01 -1.7589320e-01 -1.1811000e+03]
 [ 0.0000000e+00  0.0000000e+00  0.0000000e+00  1.0000000e+00]]
[+0098.37, +0041.24, -1083.75]
1528, 1508, 1320
[[-2.2717146e-01  6.0019904e-01 -7.6668518e-01  9.2110000e+01]
 [-2.4135200e-03  7.8709340e-01  6.1678016e-01  1.4114000e+02]
 [ 9.7367306e-01  1.4207288e-01 -1.7731930e-01 -1.1810500e+03]
 [ 0.0000000e+00  0.0000000e+00  0.0000000e+00  1.0000000e+00]]
[+0086.46, +0019.29, -1084.03]
1744, 1485, 1328
[[-2.2648852e-01  5.9987500e-01 -7.6690088e-01  9.2050000e+01]
 [-3.5156000e-03  7.8721100e-01  6.1657300e-01  1.4113000e+02]
 [ 9.7363988e-01  1.4256440e-01 -1.7610852e-01 -1.1810900e+03]
 [ 0.0000000e+00  0.0000000e+00  0.0000000e+00  1.0000000e+00]]
[+0082.31, +0043.77, -1092.50]
1528, 1508, 1320
[[-2.2678450e-01  6.0021130e-01 -7.6691590e-01  9.2080000e+01]
 [-3.1793000e-03  7.8704972e-01  6.1685954e-01  1.4112000e+02]
 [ 9.7386010e-01  1.4238046e-01 -1.7656578e-01 -1.1810800e+03]
 [ 0.0000000e+00  0.0000000e+00  0.0000000e+00  1.0000000e+00]]
[+0085.12, +0018.85, -1084.05]
1581, 1956, 1136
[[-2.2667044e-01  5.9963314e-01 -7.6724610e-01  9.2060000e+01]
 [-2.8165000e-03  7.8754046e-01  6.1620114e-01  1.4110000e+02]
 [ 9.7376514e-01  1.4195730e-01 -1.7678114e-01 -1.1810600e+03]
 [ 0.0000000e+00  0.0000000e+00  0.0000000e+00  1.0000000e+00]]
[+0140.51, +0018.81, -1100.44]
1528, 1508, 1320
[[-2.2648852e-01  6.0031894e-01 -7.6674698e-01  9.2120000e+01]
 [-3.0716600e-03  7.8696902e-01  6.1692586e-01  1.4119000e+02]
 [ 9.7379378e-01  1.4221154e-01 -1.7635050e-01 -1.1810800e+03]
 [ 0.0000000e+00  0.0000000e+00  0.0000000e+00  1.0000000e+00]]
[+0084.64, +0020.36, -1084.18]
1680, 1529, 1439
[[-2.2697794e-01  5.9973542e-01 -7.6688038e-01  9.2040000e+01]
 [-3.2148200e-03  7.8731358e-01  6.1644698e-01  1.4112000e+02]
 [ 9.7353878e-01  1.4259958e-01 -1.7670052e-01 -1.1810800e+03]
 [ 0.0000000e+00  0.0000000e+00  0.0000000e+00  1.0000000e+00]]
[+0076.95, +0029.11, -1090.13]
1440, 2029, 1072
[[-2.2647688e-01  5.9990968e-01 -7.6718492e-01  9.2110000e+01]
 [-2.8776800e-03  7.8735734e-01  6.1645588e-01  1.4113000e+02]
 [ 9.7388708e-01  1.4189612e-01 -1.7656578e-01 -1.1810900e+03]
 [ 0.0000000e+00  0.0000000e+00  0.0000000e+00  1.0000000e+00]]
[+0152.82, +0007.74, -1107.43]
1680, 1529, 1439
[[-2.2777530e-01  5.9965242e-01 -7.6684146e-01  9.2030000e+01]
 [-3.5628600e-03  7.8726950e-01  6.1652998e-01  1.4109000e+02]
 [ 9.7345578e-01  1.4331394e-01 -1.7713156e-01 -1.1810700e+03]
 [ 0.0000000e+00  0.0000000e+00  0.0000000e+00  1.0000000e+00]]
[+0075.76, +0029.48, -1090.32]
2091, 1846, 1602
[[-2.2865236e-01  5.9901078e-01 -7.6709050e-01  9.1910000e+01]
 [-3.1917000e-03  7.8773820e-01  6.1593510e-01  1.4116000e+02]
 [ 9.7325822e-01  1.4343054e-01 -1.7815540e-01 -1.1810500e+03]
 [ 0.0000000e+00  0.0000000e+00  0.0000000e+00  1.0000000e+00]]
[+0090.00, +0043.31, -1104.34]
1680, 1529, 1439
[[-2.2678450e-01  6.0001200e-01 -7.6681920e-01  9.2090000e+01]
 [-3.2760000e-03  7.8713038e-01  6.1670160e-01  1.4112000e+02]
 [ 9.7366080e-01  1.4253840e-01 -1.7648512e-01 -1.1810700e+03]
 [ 0.0000000e+00  0.0000000e+00  0.0000000e+00  1.0000000e+00]]
[+0077.41, +0026.10, -1089.41]
1486, 1638, 1714
[[-2.2628340e-01  5.9949758e-01 -7.6752794e-01  9.2020000e+01]
 [-3.7301000e-03  7.8757724e-01  6.1616258e-01  1.4108000e+02]
 [ 9.7390070e-01  1.4238290e-01 -1.7594740e-01 -1.1810900e+03]
 [ 0.0000000e+00  0.0000000e+00  0.0000000e+00  1.0000000e+00]]
[+0067.82, -0014.96, -1095.94]
1680, 1529, 1439
[[-2.2638594e-01  6.0025260e-01 -7.6693532e-01  9.2070000e+01]
 [-3.0053200e-03  7.8707160e-01  6.1681824e-01  1.4111000e+02]
 [ 9.7390140e-01  1.4202320e-01 -1.7635050e-01 -1.1810700e+03]
 [ 0.0000000e+00  0.0000000e+00  0.0000000e+00  1.0000000e+00]]
[+0077.73, +0030.47, -1090.05]
1872, 1269, 1040
[[-2.2758186e-01  6.0041856e-01 -7.6627892e-01  9.2090000e+01]
 [-2.9291200e-03  7.8676374e-01  6.1717404e-01  1.4112000e+02]
 [ 9.7348716e-01  1.4286332e-01 -1.7723856e-01 -1.1810600e+03]
 [ 0.0000000e+00  0.0000000e+00  0.0000000e+00  1.0000000e+00]]
[+0088.15, +0078.94, -1109.96]
1892, 1156, 1188
[[-2.2728580e-01  5.9994014e-01 -7.6681082e-01  9.2060000e+01]
 [-3.7155800e-03  7.8708630e-01  6.1677346e-01  1.4109000e+02]
 [ 9.7360834e-01  1.4316122e-01 -1.7661994e-01 -1.1810700e+03]
 [ 0.0000000e+00  0.0000000e+00  0.0000000e+00  1.0000000e+00]]
[+0067.53, +0076.16, -1112.98]
1872, 1269, 1040
[[-2.2659114e-01  6.0053322e-01 -7.6650732e-01  9.2130000e+01]
 [-2.9899800e-03  7.8678566e-01  6.1715108e-01  1.4116000e+02]
 [ 9.7373748e-01  1.4228228e-01 -1.7643124e-01 -1.1810300e+03]
 [ 0.0000000e+00  0.0000000e+00  0.0000000e+00  1.0000000e+00]]
[+0089.78, +0078.77, -1110.50]
2112, 1158, 923
[[-2.2817410e-01  6.0019718e-01 -7.6612106e-01  9.2050000e+01]
 [-2.8424600e-03  7.8684444e-01  6.1703818e-01  1.4113000e+02]
 [ 9.7322662e-01  1.4320454e-01 -1.7775010e-01 -1.1810300e+03]
 [ 0.0000000e+00  0.0000000e+00  0.0000000e+00  1.0000000e+00]]
[+0091.27, +0097.20, -1139.23]
1872, 1269, 1040
[[-2.2619258e-01  6.0032988e-01 -7.6677732e-01  9.2110000e+01]
 [-3.1633200e-03  7.8696902e-01  6.1691492e-01  1.4110000e+02]
 [ 9.7382412e-01  1.4211988e-01 -1.7605456e-01 -1.1811000e+03]
 [ 0.0000000e+00  0.0000000e+00  0.0000000e+00  1.0000000e+00]]
[+0088.48, +0073.15, -1106.95]
2196, 1685, 1312
[[-2.2905120e-01  5.9882088e-01 -7.6712216e-01  9.1910000e+01]
 [-3.5140000e-03  7.8779646e-01  6.1585938e-01  1.4110000e+02]
 [ 9.7316520e-01  1.4390510e-01 -1.7829090e-01 -1.1811100e+03]
 [ 0.0000000e+00  0.0000000e+00  0.0000000e+00  1.0000000e+00]]
[+0098.98, +0068.60, -1117.09]
1872, 1269, 1040
[[-2.2668192e-01  6.0058312e-01 -7.6645512e-01  9.2150000e+01]
 [-2.3671200e-03  7.8682926e-01  6.1710118e-01  1.4113000e+02]
 [ 9.7372888e-01  1.4184282e-01 -1.7688882e-01 -1.1810400e+03]
 [ 0.0000000e+00  0.0000000e+00  0.0000000e+00  1.0000000e+00]]
[+0087.81, +0073.82, -1107.37]
2181, 2096, 2082
[[-2.292340e-01  5.978898e-01 -7.678708e-01  9.175000e+01]
 [-3.607800e-03  7.885275e-01  6.149394e-01  1.410700e+02]
 [ 9.731828e-01  1.438446e-01 -1.785625e-01 -1.181090e+03]
 [ 0.000000e+00  0.000000e+00  0.000000e+00  1.000000e+00]]
[+0075.37, +0012.40, -1110.75]
1989, 1663, 2200
[[-2.2766120e-01  5.9843652e-01 -7.6772364e-01  9.1870000e+01]
 [-4.0434000e-03  7.8816214e-01  6.1536402e-01  1.4101000e+02]
 [ 9.7340100e-01  1.4339790e-01 -1.7694530e-01 -1.1810700e+03]
 [ 0.0000000e+00  0.0000000e+00  0.0000000e+00  1.0000000e+00]]
[+0035.74, +0007.16, -1126.12]
2181, 2096, 2082
[[-2.2873290e-01  5.9825862e-01 -7.6777706e-01  9.1860000e+01]
 [-2.8713800e-03  7.8841110e-01  6.1510194e-01  1.4105000e+02]
 [ 9.7333794e-01  1.4298694e-01 -1.7858724e-01 -1.1811000e+03]
 [ 0.0000000e+00  0.0000000e+00  0.0000000e+00  1.0000000e+00]]
[+0078.44, +0015.84, -1110.27]
2237, 2030, 1935
[[-2.2874370e-01  5.9881604e-01 -7.6728842e-01  9.1900000e+01]
 [-2.9165200e-03  7.8794316e-01  6.1569004e-01  1.4109000e+02]
 [ 9.7329526e-01  1.4318548e-01 -1.7845170e-01 -1.1811100e+03]
 [ 0.0000000e+00  0.0000000e+00  0.0000000e+00  1.0000000e+00]]
[+0081.92, +0031.88, -1109.97]
2181, 2096, 2082
[[-2.2844740e-01  5.9848506e-01 -7.6776902e-01  9.1890000e+01]
 [-3.5548200e-03  7.8818430e-01  6.1540686e-01  1.4099000e+02]
 [ 9.7346854e-01  1.4336622e-01 -1.7791426e-01 -1.1810800e+03]
 [ 0.0000000e+00  0.0000000e+00  0.0000000e+00  1.0000000e+00]]
[+0076.00, +0013.49, -1111.12]
1822, 2203, 1896
[[-2.2656802e-01  5.9981156e-01 -7.6718402e-01  9.2040000e+01]
 [-2.4028400e-03  7.8748152e-01  6.1628836e-01  1.4127000e+02]
 [ 9.7382722e-01  1.4157404e-01 -1.7694250e-01 -1.1810700e+03]
 [ 0.0000000e+00  0.0000000e+00  0.0000000e+00  1.0000000e+00]]
[+0105.47, -0012.60, -1106.21]
2181, 2096, 2082
[[-2.2873290e-01  5.9796226e-01 -7.6787938e-01  9.1840000e+01]
 [-3.1677400e-03  7.8857174e-01  6.1486694e-01  1.4090000e+02]
 [ 9.7323562e-01  1.4322194e-01 -1.7842660e-01 -1.1811000e+03]
 [ 0.0000000e+00  0.0000000e+00  0.0000000e+00  1.0000000e+00]]
[+0071.56, +0015.17, -1111.98]
944, 1108, 1143
[[-2.2491876e-01  6.0170026e-01 -7.6614126e-01  9.2330000e+01]
 [-2.5715400e-03  7.8611670e-01  6.1801682e-01  1.4114000e+02]
 [ 9.7417094e-01  1.4109642e-01 -1.7522250e-01 -1.1810900e+03]
 [ 0.0000000e+00  0.0000000e+00  0.0000000e+00  1.0000000e+00]]
[+0069.02, -0016.77, -1074.12]
1231, 1510, 1184
[[-2.2549824e-01  6.0082576e-01 -7.6667312e-01  9.2180000e+01]
 [-2.6372800e-03  7.8674840e-01  6.1721584e-01  1.4115000e+02]
 [ 9.7404944e-01  1.4131792e-01 -1.7578600e-01 -1.1810900e+03]
 [ 0.0000000e+00  0.0000000e+00  0.0000000e+00  1.0000000e+00]]
[+0101.20, -0001.24, -1078.50]
944, 1108, 1143
[[-2.2452040e-01  6.0159336e-01 -7.6621192e-01  9.2300000e+01]
 [-2.5456800e-03  7.8621936e-01  6.1785816e-01  1.4113000e+02]
 [ 9.7416056e-01  1.4085672e-01 -1.7492680e-01 -1.1810700e+03]
 [ 0.0000000e+00  0.0000000e+00  0.0000000e+00  1.0000000e+00]]
[+0068.48, -0016.91, -1074.25]
1149, 964, 1105
[[-2.2581850e-01  6.0129210e-01 -7.6621630e-01  9.2260000e+01]
 [-3.4803000e-03  7.8621318e-01  6.1789386e-01  1.4113000e+02]
 [ 9.7397510e-01  1.4231214e-01 -1.7540932e-01 -1.1810600e+03]
 [ 0.0000000e+00  0.0000000e+00  0.0000000e+00  1.0000000e+00]]
[+0052.91, +0018.21, -1076.50]
944, 1108, 1143
[[-2.2561298e-01  6.0135258e-01 -7.6619442e-01  9.2280000e+01]
 [-2.9491800e-03  7.8625694e-01  6.1783338e-01  1.4115000e+02]
 [ 9.7399698e-01  1.4178102e-01 -1.7557108e-01 -1.1810600e+03]
 [ 0.0000000e+00  0.0000000e+00  0.0000000e+00  1.0000000e+00]]
[+0070.40, -0018.24, -1074.17]
980, 1030, 1642
[[-2.2540762e-01  6.0062830e-01 -7.6677642e-01  9.2170000e+01]
 [-3.4081000e-03  7.8678566e-01  6.1714770e-01  1.4106000e+02]
 [ 9.7400658e-01  1.4187510e-01 -1.7524772e-01 -1.1810800e+03]
 [ 0.0000000e+00  0.0000000e+00  0.0000000e+00  1.0000000e+00]]
[+0026.41, -0038.51, -1113.40]
944, 1108, 1143
[[-2.2482850e-01  6.0140654e-01 -7.6644372e-01  9.2290000e+01]
 [-3.5415800e-03  7.8623510e-01  6.1787124e-01  1.4113000e+02]
 [ 9.7422444e-01  1.4173068e-01 -1.7460296e-01 -1.1811100e+03]
 [ 0.0000000e+00  0.0000000e+00  0.0000000e+00  1.0000000e+00]]
[+0069.36, -0016.99, -1074.03]
1707, 2223, 2169
[[-2.2824260e-01  5.9785674e-01 -7.6815102e-01  9.1800000e+01]
 [-3.8153400e-03  7.8862988e-01  6.1479806e-01  1.4109000e+02]
 [ 9.7338282e-01  1.4338246e-01 -1.7767348e-01 -1.1811100e+03]
 [ 0.0000000e+00  0.0000000e+00  0.0000000e+00  1.0000000e+00]]
[+0085.55, -0031.05, -1117.35]
1879, 2244, 2164
[[-2.2883524e-01  5.9778340e-01 -7.6794160e-01  9.1810000e+01]
 [-3.5816000e-03  7.8862988e-01  6.1478012e-01  1.4109000e+02]
 [ 9.7317340e-01  1.4360512e-01 -1.7826612e-01 -1.1811100e+03]
 [ 0.0000000e+00  0.0000000e+00  0.0000000e+00  1.0000000e+00]]
[+0084.63, -0017.97, -1113.69]
1707, 2223, 2169
[[-2.2755874e-01  5.9851824e-01 -7.6786064e-01  9.1890000e+01]
 [-3.8289600e-03  7.8818430e-01  6.1537368e-01  1.4110000e+02]
 [ 9.7356016e-01  1.4309208e-01 -1.7702560e-01 -1.1811100e+03]
 [ 0.0000000e+00  0.0000000e+00  0.0000000e+00  1.0000000e+00]]
[+0084.07, -0032.04, -1117.63]
1768, 1713, 2156
[[-2.2766120e-01  5.9937060e-01 -7.6706880e-01  9.1980000e+01]
 [-2.9043600e-03  7.8759920e-01  6.1610652e-01  1.4110000e+02]
 [ 9.7346352e-01  1.4265540e-01 -1.7750824e-01 -1.1810600e+03]
 [ 0.0000000e+00  0.0000000e+00  0.0000000e+00  1.0000000e+00]]
[+0042.62, -0008.80, -1118.63]
1707, 2223, 2169
[[-2.2774170e-01  5.9812816e-01 -7.6825648e-01  9.1860000e+01]
 [-3.2782400e-03  7.8859374e-01  6.1488364e-01  1.4105000e+02]
 [ 9.7363472e-01  1.4260204e-01 -1.7761800e-01 -1.1810900e+03]
 [ 0.0000000e+00  0.0000000e+00  0.0000000e+00  1.0000000e+00]]
[+0085.90, -0031.84, -1117.54]
1682, 2243, 1249
[[-2.2646564e-01  5.9930106e-01 -7.6752594e-01  9.2030000e+01]
 [-2.7804600e-03  7.8782588e-01  6.1582778e-01  1.4121000e+02]
 [ 9.7378134e-01  1.4173858e-01 -1.7670052e-01 -1.1811100e+03]
 [ 0.0000000e+00  0.0000000e+00  0.0000000e+00  1.0000000e+00]]
[+0147.85, +0011.70, -1114.33]
1707, 2223, 2169
[[-2.2754778e-01  5.9845064e-01 -7.6784830e-01  9.1870000e+01]
 [-3.0886400e-03  7.8833072e-01  6.1517560e-01  1.4106000e+02]
 [ 9.7351150e-01  1.4250400e-01 -1.7748250e-01 -1.1810700e+03]
 [ 0.0000000e+00  0.0000000e+00  0.0000000e+00  1.0000000e+00]]
[+0082.60, -0032.91, -1118.24]
1240, 2186, 1938
[[-2.2588496e-01  6.0022740e-01 -7.6714308e-01  9.2130000e+01]
 [-2.7649200e-03  7.8719590e-01  6.1666944e-01  1.4117000e+02]
 [ 9.7405020e-01  1.4147760e-01 -1.7613530e-01 -1.1811100e+03]
 [ 0.0000000e+00  0.0000000e+00  0.0000000e+00  1.0000000e+00]]
[+0105.03, -0054.65, -1127.04]
1983, 2045, 1872
[[-2.2786624e-01  5.9930952e-01 -7.6709080e-01  9.1970000e+01]
 [-3.4356000e-03  7.8755520e-01  6.1616760e-01  1.4113000e+02]
 [ 9.7344152e-01  1.4318664e-01 -1.7734720e-01 -1.1810700e+03]
 [ 0.0000000e+00  0.0000000e+00  0.0000000e+00  1.0000000e+00]]
[+0085.03, +0017.49, -1103.67]
1240, 2186, 1938
[[-2.2556674e-01  5.9922000e-01 -7.6795236e-01  9.2000000e+01]
 [-2.5646400e-03  7.8805216e-01  6.1556040e-01  1.4116000e+02]
 [ 9.7406820e-01  1.4091336e-01 -1.7618914e-01 -1.1811000e+03]
 [ 0.0000000e+00  0.0000000e+00  0.0000000e+00  1.0000000e+00]]
[+0107.24, -0055.32, -1128.44]
987, 850, 1934
[[-2.2491876e-01  6.0130802e-01 -7.6644314e-01  9.2260000e+01]
 [-3.0664600e-03  7.8635964e-01  6.1770418e-01  1.4111000e+02]
 [ 9.7416478e-01  1.4140906e-01 -1.7497956e-01 -1.1810600e+03]
 [ 0.0000000e+00  0.0000000e+00  0.0000000e+00  1.0000000e+00]]
[+0008.31, -0037.75, -1152.13]
1240, 2186, 1938
[[-2.2695546e-01  5.9886558e-01 -7.6760772e-01  9.1950000e+01]
 [-2.7760200e-03  7.8808934e-01  6.1546628e-01  1.4113000e+02]
 [ 9.7357788e-01  1.4200868e-01 -1.7713156e-01 -1.1810900e+03]
 [ 0.0000000e+00  0.0000000e+00  0.0000000e+00  1.0000000e+00]]
[+0107.25, -0054.88, -1128.56]
1150, 2205, 877
[[-2.2538418e-01  6.0024754e-01 -7.6700376e-01  9.2150000e+01]
 [-2.2740600e-03  7.8723918e-01  6.1655768e-01  1.4124000e+02]
 [ 9.7395416e-01  1.4089512e-01 -1.7600100e-01 -1.1811000e+03]
 [ 0.0000000e+00  0.0000000e+00  0.0000000e+00  1.0000000e+00]]
[+0172.98, -0009.69, -1133.53]
1240, 2186, 1938
[[-2.2686408e-01  5.9886684e-01 -7.6780808e-01  9.1950000e+01]
 [-3.4499600e-03  7.8804558e-01  6.1555644e-01  1.4109000e+02]
 [ 9.7373448e-01  1.4240836e-01 -1.7667450e-01 -1.1810900e+03]
 [ 0.0000000e+00  0.0000000e+00  0.0000000e+00  1.0000000e+00]]
[+0104.19, -0055.56, -1128.48]
1074, 1404, 1133
[[-2.2490664e-01  6.0123980e-01 -7.6643180e-01  9.2260000e+01]
 [-2.3258000e-03  7.8650558e-01  6.1750682e-01  1.4119000e+02]
 [ 9.7411580e-01  1.4082182e-01 -1.7543722e-01 -1.1810600e+03]
 [ 0.0000000e+00  0.0000000e+00  0.0000000e+00  1.0000000e+00]]
[+0097.78, -0012.75, -1076.07]
823, 1818, 1119
[[-2.2401954e-01  6.0117560e-01 -7.6672126e-01  9.2290000e+01]
 [-2.8002400e-03  7.8658656e-01  6.1739720e-01  1.4120000e+02]
 [ 9.7430270e-01  1.4062376e-01 -1.7446914e-01 -1.1810900e+03]
 [ 0.0000000e+00  0.0000000e+00  0.0000000e+00  1.0000000e+00]]
[+0142.14, -0048.70, -1109.66]
1074, 1404, 1133
[[-2.2620466e-01  6.0103490e-01 -7.6623658e-01  9.2220000e+01]
 [-3.0614200e-03  7.8641870e-01  6.1761994e-01  1.4115000e+02]
 [ 9.7383370e-01  1.4219990e-01 -1.7600100e-01 -1.1810500e+03]
 [ 0.0000000e+00  0.0000000e+00  0.0000000e+00  1.0000000e+00]]
[+0098.72, -0011.70, -1075.67]
992, 1366, 1493
[[-2.2491876e-01  6.0091578e-01 -7.6674502e-01  9.2200000e+01]
 [-3.5613800e-03  7.8660222e-01  6.1739142e-01  1.4114000e+02]
 [ 9.7415862e-01  1.4172182e-01 -1.7473698e-01 -1.1810800e+03]
 [ 0.0000000e+00  0.0000000e+00  0.0000000e+00  1.0000000e+00]]
[+0067.39, -0044.34, -1095.00]
1074, 1404, 1133
[[-2.2590880e-01  6.0109720e-01 -7.6641480e-01  9.2220000e+01]
 [-3.2045600e-03  7.8641870e-01  6.1764942e-01  1.4116000e+02]
 [ 9.7401192e-01  1.4206770e-01 -1.7570514e-01 -1.1810700e+03]
 [ 0.0000000e+00  0.0000000e+00  0.0000000e+00  1.0000000e+00]]
[+0098.32, -0012.83, -1075.99]
1325, 1558, 1206
[[-2.2579410e-01  6.0057032e-01 -7.6689336e-01  9.2170000e+01]
 [-2.8927200e-03  7.8691008e-01  6.1703176e-01  1.4116000e+02]
 [ 9.7406456e-01  1.4160456e-01 -1.7592018e-01 -1.1810700e+03]
 [ 0.0000000e+00  0.0000000e+00  0.0000000e+00  1.0000000e+00]]
[+0103.31, +0005.66, -1080.53]
1074, 1404, 1133
[[-2.2590880e-01  6.0109720e-01 -7.6641480e-01  9.2250000e+01]
 [-3.2045600e-03  7.8641870e-01  6.1764942e-01  1.4116000e+02]
 [ 9.7401192e-01  1.4206770e-01 -1.7570514e-01 -1.1810700e+03]
 [ 0.0000000e+00  0.0000000e+00  0.0000000e+00  1.0000000e+00]]
[+0097.84, -0013.05, -1076.02]
1321, 2211, 1038
[[-2.2656802e-01  5.9966354e-01 -7.6723522e-01  9.2070000e+01]
 [-2.5508600e-03  7.8756222e-01  6.1617074e-01  1.4122000e+02]
 [ 9.7377602e-01  1.4169166e-01 -1.7686180e-01 -1.1811000e+03]
 [ 0.0000000e+00  0.0000000e+00  0.0000000e+00  1.0000000e+00]]
[+0163.59, -0005.27, -1123.13]
1913, 2146, 1527
[[-2.2825360e-01  5.9905244e-01 -7.6711012e-01  9.1950000e+01]
 [-3.0175600e-03  7.8776024e-01  6.1589344e-01  1.4115000e+02]
 [ 9.7329988e-01  1.4307344e-01 -1.7793960e-01 -1.1810900e+03]
 [ 0.0000000e+00  0.0000000e+00  0.0000000e+00  1.0000000e+00]]
[+0117.86, +0022.03, -1103.76]
1321, 2211, 1038
[[-2.2548660e-01  5.9997262e-01 -7.6726494e-01  9.2100000e+01]
 [-2.8867800e-03  7.8737910e-01  6.1639294e-01  1.4124000e+02]
 [ 9.7398886e-01  1.4135574e-01 -1.7575866e-01 -1.1811100e+03]
 [ 0.0000000e+00  0.0000000e+00  0.0000000e+00  1.0000000e+00]]
[+0163.89, -0005.22, -1123.53]
1033, 2079, 1369
[[-2.2549824e-01  6.0043328e-01 -7.6697488e-01  9.2180000e+01]
 [-3.1323200e-03  7.8699086e-01  6.1690318e-01  1.4118000e+02]
 [ 9.7404352e-01  1.4163058e-01 -1.7554354e-01 -1.1810800e+03]
 [ 0.0000000e+00  0.0000000e+00  0.0000000e+00  1.0000000e+00]]
[+0134.52, -0044.10, -1116.40]
1321, 2211, 1038
[[-2.2627200e-01  5.9982240e-01 -7.6721440e-01  9.2060000e+01]
 [-2.4944000e-03  7.8748152e-01  6.1627752e-01  1.4123000e+02]
 [ 9.7385760e-01  1.4148248e-01 -1.7664648e-01 -1.1811100e+03]
 [ 0.0000000e+00  0.0000000e+00  0.0000000e+00  1.0000000e+00]]
[+0163.54, -0005.33, -1123.34]
1419, 1442, 818
[[-2.2620466e-01  6.0118284e-01 -7.6618522e-01  9.2220000e+01]
 [-2.9134800e-03  7.8633784e-01  6.1773756e-01  1.4119000e+02]
 [ 9.7388506e-01  1.4208228e-01 -1.7608186e-01 -1.1810900e+03]
 [ 0.0000000e+00  0.0000000e+00  0.0000000e+00  1.0000000e+00]]
[+0125.43, +0046.74, -1086.98]
1321, 2211, 1038
[[-2.2616962e-01  5.9960794e-01 -7.6745394e-01  9.2030000e+01]
 [-2.5759400e-03  7.8766460e-01  6.1605222e-01  1.4123000e+02]
 [ 9.7391406e-01  1.4141178e-01 -1.7656578e-01 -1.1811000e+03]
 [ 0.0000000e+00  0.0000000e+00  0.0000000e+00  1.0000000e+00]]
[+0163.16, -0005.06, -1123.39]
1745, 2097, 967
[[-2.2755874e-01  5.9994224e-01 -7.6670490e-01  9.2070000e+01]
 [-1.9952000e-03  7.8729836e-01  6.1650576e-01  1.4120000e+02]
 [ 9.7353126e-01  1.4196000e-01 -1.7791154e-01 -1.1810900e+03]
 [ 0.0000000e+00  0.0000000e+00  0.0000000e+00  1.0000000e+00]]
[+0152.78, +0035.36, -1118.66]
1904, 2051, 1057
[[-2.2805988e-01  5.9942590e-01 -7.6684986e-01  9.2020000e+01]
 [-2.8791000e-03  7.8749670e-01  6.1622530e-01  1.4118000e+02]
 [ 9.7332514e-01  1.4293530e-01 -1.7780442e-01 -1.1811100e+03]
 [ 0.0000000e+00  0.0000000e+00  0.0000000e+00  1.0000000e+00]]
[+0141.02, +0044.90, -1116.26]
1745, 2097, 967
[[-2.2618090e-01  6.0016530e-01 -7.6696480e-01  9.2110000e+01]
 [-2.6220600e-03  7.8719590e-01  6.1663992e-01  1.4117000e+02]
 [ 9.7387192e-01  1.4160960e-01 -1.7643124e-01 -1.1810600e+03]
 [ 0.0000000e+00  0.0000000e+00  0.0000000e+00  1.0000000e+00]]
[+0154.60, +0034.36, -1120.12]
1372, 838, 992
[[-2.2552272e-01  6.0105872e-01 -7.6649720e-01  9.2260000e+01]
 [-3.9192800e-03  7.8637478e-01  6.1768790e-01  1.4111000e+02]
 [ 9.7405040e-01  1.4241530e-01 -1.7495194e-01 -1.1810600e+03]
 [ 0.0000000e+00  0.0000000e+00  0.0000000e+00  1.0000000e+00]]
[+0049.87, +0056.56, -1089.45]
1745, 2097, 967
[[-2.2746756e-01  5.9949912e-01 -7.6705904e-01  9.2040000e+01]
 [-3.1134400e-03  7.8749670e-01  6.1624362e-01  1.4123000e+02]
 [ 9.7353432e-01  1.4271194e-01 -1.7721210e-01 -1.1811300e+03]
 [ 0.0000000e+00  0.0000000e+00  0.0000000e+00  1.0000000e+00]]
[+0155.30, +0034.03, -1120.09]
1515, 2173, 1409
[[-2.2677290e-01  5.9960274e-01 -7.6725702e-01  9.2040000e+01]
 [-3.0821400e-03  7.8751862e-01  6.1623154e-01  1.4119000e+02]
 [ 9.7375422e-01  1.4222294e-01 -1.7670052e-01 -1.1810900e+03]
 [ 0.0000000e+00  0.0000000e+00  0.0000000e+00  1.0000000e+00]]
[+0136.34, -0009.78, -1106.73]
1745, 2097, 967
[[-2.2687540e-01  5.9966910e-01 -7.6706870e-01  9.2050000e+01]
 [-3.1485000e-03  7.8741612e-01  6.1633926e-01  1.4123000e+02]
 [ 9.7364650e-01  1.4241126e-01 -1.7670052e-01 -1.1811500e+03]
 [ 0.0000000e+00  0.0000000e+00  0.0000000e+00  1.0000000e+00]]
[+0154.73, +0034.64, -1119.66]
1407, 1573, 790
[[-2.258185e-01  6.011442e-01 -7.662677e-01  9.223000e+01]
 [-3.628200e-03  7.862940e-01  6.177762e-01  1.411900e+02]
 [ 9.739237e-01  1.424298e-01 -1.753285e-01 -1.181110e+03]
 [ 0.000000e+00  0.000000e+00  0.000000e+00  1.000000e+00]]
[+0137.32, +0040.09, -1091.86]
1535, 1656, 824
[[-2.2629520e-01  6.0059548e-01 -7.6668564e-01  9.2150000e+01]
 [-3.1330000e-03  7.8678566e-01  6.1718052e-01  1.4121000e+02]
 [ 9.7391580e-01  1.4215020e-01 -1.7613530e-01 -1.1811100e+03]
 [ 0.0000000e+00  0.0000000e+00  0.0000000e+00  1.0000000e+00]]
[+0140.29, +0046.17, -1099.18]
1407, 1573, 790
[[-2.2590880e-01  6.0109720e-01 -7.6641480e-01  9.2220000e+01]
 [-3.2045600e-03  7.8641870e-01  6.1764942e-01  1.4120000e+02]
 [ 9.7401192e-01  1.4206770e-01 -1.7570514e-01 -1.1810700e+03]
 [ 0.0000000e+00  0.0000000e+00  0.0000000e+00  1.0000000e+00]]
[+0137.36, +0040.03, -1091.83]
1064, 2117, 753
[[-2.2538418e-01  6.0108398e-01 -7.6654862e-01  9.2220000e+01]
 [-1.3352200e-03  7.8675342e-01  6.1722322e-01  1.4125000e+02]
 [ 9.7411342e-01  1.4022958e-01 -1.7648676e-01 -1.1810600e+03]
 [ 0.0000000e+00  0.0000000e+00  0.0000000e+00  1.0000000e+00]]
[+0178.52, -0008.07, -1134.57]
1407, 1573, 790
[[-2.2579410e-01  6.0096286e-01 -7.6659158e-01  9.2190000e+01]
 [-2.3976200e-03  7.8666750e-01  6.1734434e-01  1.4121000e+02]
 [ 9.7407046e-01  1.4129198e-01 -1.7616276e-01 -1.1810800e+03]
 [ 0.0000000e+00  0.0000000e+00  0.0000000e+00  1.0000000e+00]]
[+0137.70, +0040.18, -1092.00]
1171, 1495, 1845
[[-2.2609000e-01  5.9981964e-01 -7.6711948e-01  9.2080000e+01]
 [-3.5408400e-03  7.8731358e-01  6.1645434e-01  1.4110000e+02]
 [ 9.7377788e-01  1.4228454e-01 -1.7581258e-01 -1.1810900e+03]
 [ 0.0000000e+00  0.0000000e+00  0.0000000e+00  1.0000000e+00]]
[+0052.49, -0047.70, -1115.22]
1407, 1573, 790
[[-2.2580610e-01  6.0112746e-01 -7.6640388e-01  9.2210000e+01]
 [-2.9389800e-03  7.8644054e-01  6.1761916e-01  1.4120000e+02]
 [ 9.7402284e-01  1.4180212e-01 -1.7578600e-01 -1.1810900e+03]
 [ 0.0000000e+00  0.0000000e+00  0.0000000e+00  1.0000000e+00]]
[+0139.60, +0040.21, -1092.40]
2057, 2215, 1690
[[-2.2873290e-01  5.9796226e-01 -7.6787938e-01  9.1810000e+01]
 [-3.1677400e-03  7.8857174e-01  6.1486694e-01  1.4114000e+02]
 [ 9.7323562e-01  1.4322194e-01 -1.7842660e-01 -1.1811200e+03]
 [ 0.0000000e+00  0.0000000e+00  0.0000000e+00  1.0000000e+00]]
[+0110.96, +0019.15, -1106.51]
2156, 2086, 1584
[[-2.2854986e-01  5.9889330e-01 -7.6713072e-01  9.1910000e+01]
 [-3.0742200e-03  7.8784070e-01  6.1578696e-01  1.4115000e+02]
 [ 9.7321800e-01  1.4328240e-01 -1.7815540e-01 -1.1810700e+03]
 [ 0.0000000e+00  0.0000000e+00  0.0000000e+00  1.0000000e+00]]
[+0106.83, +0040.07, -1108.53]
2057, 2215, 1690
[[-2.2716018e-01  5.9880466e-01 -7.6762960e-01  9.1910000e+01]
 [-3.3073400e-03  7.8804558e-01  6.1552720e-01  1.4116000e+02]
 [ 9.7355600e-01  1.4254000e-01 -1.7697060e-01 -1.1811000e+03]
 [ 0.0000000e+00  0.0000000e+00  0.0000000e+00  1.0000000e+00]]
[+0112.23, +0019.75, -1107.05]
2249, 2064, 2054
[[-2.2953042e-01  5.9827216e-01 -7.6753824e-01  9.1820000e+01]
 [-3.0206400e-03  7.8828672e-01  6.1526272e-01  1.4106000e+02]
 [ 9.7315744e-01  1.4362368e-01 -1.7909970e-01 -1.1811100e+03]
 [ 0.0000000e+00  0.0000000e+00  0.0000000e+00  1.0000000e+00]]
[+0070.77, +0021.47, -1112.95]
2057, 2215, 1690
[[-2.2736506e-01  5.9943280e-01 -7.6724738e-01  9.1980000e+01]
 [-3.0471200e-03  7.8759920e-01  6.1613584e-01  1.4122000e+02]
 [ 9.7364210e-01  1.4252360e-01 -1.7721210e-01 -1.1811100e+03]
 [ 0.0000000e+00  0.0000000e+00  0.0000000e+00  1.0000000e+00]]
[+0115.91, +0020.33, -1107.32]
992, 1259, 1856
[[-2.2539570e-01  6.0046350e-01 -7.6696400e-01  9.2150000e+01]
 [-2.8667000e-03  7.8701262e-01  6.1687296e-01  1.4110000e+02]
 [ 9.7405440e-01  1.4136496e-01 -1.7562432e-01 -1.1810600e+03]
 [ 0.0000000e+00  0.0000000e+00  0.0000000e+00  1.0000000e+00]]
[+0037.23, -0054.85, -1128.15]
2057, 2215, 1690
[[-2.2853890e-01  5.9858108e-01 -7.6736886e-01  9.1870000e+01]
 [-2.6815600e-03  7.8814796e-01  6.1539372e-01  1.4119000e+02]
 [ 9.7321482e-01  1.4288916e-01 -1.7845170e-01 -1.1811100e+03]
 [ 0.0000000e+00  0.0000000e+00  0.0000000e+00  1.0000000e+00]]
[+0113.25, +0021.24, -1106.59]
1507, 837, 1629
[[-2.2650056e-01  6.0077940e-01 -7.6645692e-01  9.2160000e+01]
 [-3.3169200e-03  7.8658030e-01  6.1743606e-01  1.4111000e+02]
 [ 9.7384860e-01  1.4248650e-01 -1.7613530e-01 -1.1810500e+03]
 [ 0.0000000e+00  0.0000000e+00  0.0000000e+00  1.0000000e+00]]
[+0010.41, +0026.65, -1126.62]
1288, 1012, 1638
[[-2.2719522e-01  6.0057902e-01 -7.6645854e-01  9.2160000e+01]
 [-3.5470200e-03  7.8663900e-01  6.1737086e-01  1.4112000e+02]
 [ 9.7372546e-01  1.4305314e-01 -1.7656578e-01 -1.1810700e+03]
 [ 0.0000000e+00  0.0000000e+00  0.0000000e+00  1.0000000e+00]]
[+0024.61, -0002.99, -1106.25]
1507, 837, 1629
[[-2.2650056e-01  6.0063144e-01 -7.6650828e-01  9.2150000e+01]
 [-3.4648800e-03  7.8666104e-01  6.1731844e-01  1.4110000e+02]
 [ 9.7379724e-01  1.4260412e-01 -1.7605456e-01 -1.1810700e+03]
 [ 0.0000000e+00  0.0000000e+00  0.0000000e+00  1.0000000e+00]]
[+0009.51, +0028.53, -1127.57]
1894, 1364, 766
[[-2.2668192e-01  6.0067984e-01 -7.6625584e-01  9.2160000e+01]
 [-2.1678400e-03  7.8674840e-01  6.1717832e-01  1.4118000e+02]
 [ 9.7363216e-01  1.4176568e-01 -1.7696968e-01 -1.1810500e+03]
 [ 0.0000000e+00  0.0000000e+00  0.0000000e+00  1.0000000e+00]]
[+0119.00, +0086.84, -1122.22]
1507, 837, 1629
[[-2.2610196e-01  6.0028026e-01 -7.6682958e-01  9.2120000e+01]
 [-3.7861800e-03  7.8692510e-01  6.1696454e-01  1.4108000e+02]
 [ 9.7383246e-01  1.4255942e-01 -1.7559730e-01 -1.1810700e+03]
 [ 0.0000000e+00  0.0000000e+00  0.0000000e+00  1.0000000e+00]]
[+0008.64, +0025.54, -1128.12]
1944, 1355, 2143
[[-2.2874370e-01  5.9851972e-01 -7.6739086e-01  9.1840000e+01]
 [-3.2128400e-03  7.8810396e-01  6.1545508e-01  1.4103000e+02]
 [ 9.7319282e-01  1.4342044e-01 -1.7829090e-01 -1.1810700e+03]
 [ 0.0000000e+00  0.0000000e+00  0.0000000e+00  1.0000000e+00]]
[+0022.67, +0015.47, -1136.14]
1507, 837, 1629
[[-2.2639786e-01  6.0066178e-01 -7.6649730e-01  9.2130000e+01]
 [-3.1993000e-03  7.8668300e-01  6.1728810e-01  1.4109000e+02]
 [ 9.7380822e-01  1.4233854e-01 -1.7613530e-01 -1.1810700e+03]
 [ 0.0000000e+00  0.0000000e+00  0.0000000e+00  1.0000000e+00]]
[+0011.02, +0027.05, -1125.61]
1434, 1253, 1006
[[-2.2590880e-01  6.0055688e-01 -7.6676816e-01  9.2170000e+01]
 [-3.8476000e-03  7.8674174e-01  6.1721912e-01  1.4119000e+02]
 [ 9.7395440e-01  1.4249800e-01 -1.7538210e-01 -1.1810900e+03]
 [ 0.0000000e+00  0.0000000e+00  0.0000000e+00  1.0000000e+00]]
[+0091.11, +0041.99, -1080.21]
1192, 1287, 960
[[-2.2629520e-01  6.0113600e-01 -7.6633240e-01  9.2190000e+01]
 [-2.4898400e-03  7.8646230e-01  6.1761062e-01  1.4116000e+02]
 [ 9.7397312e-01  1.4172010e-01 -1.7645866e-01 -1.1810600e+03]
 [ 0.0000000e+00  0.0000000e+00  0.0000000e+00  1.0000000e+00]]
[+0101.47, +0018.17, -1072.47]
1434, 1253, 1006
[[-2.2648852e-01  6.0066028e-01 -7.6629712e-01  9.2140000e+01]
 [-2.5251200e-03  7.8672668e-01  6.1719788e-01  1.4116000e+02]
 [ 9.7365172e-01  1.4193952e-01 -1.7659284e-01 -1.1810700e+03]
 [ 0.0000000e+00  0.0000000e+00  0.0000000e+00  1.0000000e+00]]
[+0089.53, +0043.56, -1080.55]
1363, 958, 1158
[[-2.2490664e-01  6.0099532e-01 -7.6668224e-01  9.2150000e+01]
 [-2.6728400e-03  7.8666750e-01  6.1731188e-01  1.4115000e+02]
 [ 9.7416112e-01  1.4101676e-01 -1.7527530e-01 -1.1810700e+03]
 [ 0.0000000e+00  0.0000000e+00  0.0000000e+00  1.0000000e+00]]
[+0046.81, +0038.73, -1087.09]
1434, 1253, 1006
[[-2.2609000e-01  6.0045688e-01 -7.6656716e-01  9.2150000e+01]
 [-2.6984800e-03  7.8691008e-01  6.1696184e-01  1.4115000e+02]
 [ 9.7373836e-01  1.4177704e-01 -1.7621608e-01 -1.1810800e+03]
 [ 0.0000000e+00  0.0000000e+00  0.0000000e+00  1.0000000e+00]]
[+0091.20, +0042.61, -1080.24]
1330, 1771, 1960
[[-2.2578250e-01  5.9927318e-01 -7.6763874e-01  9.1960000e+01]
 [-3.5862200e-03  7.8778220e-01  6.1585566e-01  1.4111000e+02]
 [ 9.7385046e-01  1.4199546e-01 -1.7565146e-01 -1.1811100e+03]
 [ 0.0000000e+00  0.0000000e+00  0.0000000e+00  1.0000000e+00]]
[+0066.01, -0045.78, -1115.56]
1434, 1253, 1006
[[-2.2589668e-01  6.0088128e-01 -7.6645448e-01  9.2180000e+01]
 [-2.6119200e-03  7.8664582e-01  6.1733418e-01  1.4117000e+02]
 [ 9.7391168e-01  1.4159802e-01 -1.7608186e-01 -1.1810600e+03]
 [ 0.0000000e+00  0.0000000e+00  0.0000000e+00  1.0000000e+00]]
[+0089.66, +0043.99, -1080.54]
1426, 1143, 2003
[[-2.2618090e-01  5.9947664e-01 -7.6736898e-01  9.1990000e+01]
 [-3.4132000e-03  7.8759920e-01  6.1609200e-01  1.4109000e+02]
 [ 9.7376370e-01  1.4215752e-01 -1.7602794e-01 -1.1810900e+03]
 [ 0.0000000e+00  0.0000000e+00  0.0000000e+00  1.0000000e+00]]
[+0013.73, -0014.16, -1135.93]
1149, 890, 1876
[[-2.2560082e-01  6.0064760e-01 -7.6673528e-01  9.2160000e+01]
 [-3.0508000e-03  7.8680750e-01  6.1712840e-01  1.4111000e+02]
 [ 9.7398728e-01  1.4170120e-01 -1.7562432e-01 -1.1810600e+03]
 [ 0.0000000e+00  0.0000000e+00  0.0000000e+00  1.0000000e+00]]
[+0007.34, -0022.30, -1139.75]
1426, 1143, 2003
[[-2.2767268e-01  5.9934136e-01 -7.6728044e-01  9.1970000e+01]
 [-3.8440400e-03  7.8753308e-01  6.1622728e-01  1.4108000e+02]
 [ 9.7360904e-01  1.4332052e-01 -1.7697060e-01 -1.1810700e+03]
 [ 0.0000000e+00  0.0000000e+00  0.0000000e+00  1.0000000e+00]]
[+0014.55, -0014.87, -1135.01]
1142, 1820, 1274
[[-2.2588496e-01  6.0032412e-01 -7.6694388e-01  9.2130000e+01]
 [-2.5657200e-03  7.8711512e-01  6.1674672e-01  1.4119000e+02]
 [ 9.7395348e-01  1.4140032e-01 -1.7621608e-01 -1.1810900e+03]
 [ 0.0000000e+00  0.0000000e+00  0.0000000e+00  1.0000000e+00]]
[+0125.22, -0028.02, -1094.52]
1426, 1143, 2003
[[-2.2647688e-01  5.9971044e-01 -7.6708816e-01  9.1990000e+01]
 [-2.9744400e-03  7.8743800e-01  6.1629792e-01  1.4109000e+02]
 [ 9.7368784e-01  1.4205408e-01 -1.7648512e-01 -1.1810600e+03]
 [ 0.0000000e+00  0.0000000e+00  0.0000000e+00  1.0000000e+00]]
[+0013.52, -0014.28, -1136.06]
1898, 853, 1549
[[-2.2728580e-01  5.9994014e-01 -7.6681082e-01  9.2060000e+01]
 [-3.7155800e-03  7.8708630e-01  6.1677346e-01  1.4110000e+02]
 [ 9.7360834e-01  1.4316122e-01 -1.7661994e-01 -1.1810800e+03]
 [ 0.0000000e+00  0.0000000e+00  0.0000000e+00  1.0000000e+00]]
[+0023.19, +0064.78, -1142.63]
1426, 1143, 2003
[[-2.2727400e-01  5.9953092e-01 -7.6724856e-01  9.2010000e+01]
 [-3.5218800e-03  7.8747470e-01  6.1630336e-01  1.4109000e+02]
 [ 9.7370184e-01  1.4284576e-01 -1.7683546e-01 -1.1810600e+03]
 [ 0.0000000e+00  0.0000000e+00  0.0000000e+00  1.0000000e+00]]
[+0014.75, -0015.54, -1135.16]
1532, 990, 1205
[[-2.2560082e-01  6.0074422e-01 -7.6653606e-01  9.2150000e+01]
 [-2.8515800e-03  7.8672668e-01  6.1720566e-01  1.4114000e+02]
 [ 9.7389066e-01  1.4162394e-01 -1.7570514e-01 -1.1810800e+03]
 [ 0.0000000e+00  0.0000000e+00  0.0000000e+00  1.0000000e+00]]
[+0047.58, +0051.30, -1095.72]
1677, 969, 1126
[[-2.2659114e-01  6.0062988e-01 -7.6630802e-01  9.2150000e+01]
 [-2.7906800e-03  7.8670488e-01  6.1722828e-01  1.4116000e+02]
 [ 9.7364082e-01  1.4220508e-01 -1.7651202e-01 -1.1810700e+03]
 [ 0.0000000e+00  0.0000000e+00  0.0000000e+00  1.0000000e+00]]
[+0053.82, +0070.60, -1106.21]
1532, 990, 1205
[[-2.2648852e-01  6.0031894e-01 -7.6674698e-01  9.2120000e+01]
 [-3.0716600e-03  7.8696902e-01  6.1692586e-01  1.4113000e+02]
 [ 9.7379378e-01  1.4221154e-01 -1.7635050e-01 -1.1810600e+03]
 [ 0.0000000e+00  0.0000000e+00  0.0000000e+00  1.0000000e+00]]
[+0048.62, +0048.49, -1094.22]
1798, 1105, 1669
[[-2.2727400e-01  5.9977572e-01 -7.6699796e-01  9.2000000e+01]
 [-3.1745200e-03  7.8731358e-01  6.1649826e-01  1.4109000e+02]
 [ 9.7365636e-01  1.4265086e-01 -1.7699658e-01 -1.1810700e+03]
 [ 0.0000000e+00  0.0000000e+00  0.0000000e+00  1.0000000e+00]]
[+0026.40, +0040.64, -1121.33]
1532, 990, 1205
[[-2.2589668e-01  6.0078464e-01 -7.6665372e-01  9.2160000e+01]
 [-2.8111600e-03  7.8672668e-01  6.1725696e-01  1.4114000e+02]
 [ 9.7400832e-01  1.4167524e-01 -1.7600100e-01 -1.1810700e+03]
 [ 0.0000000e+00  0.0000000e+00  0.0000000e+00  1.0000000e+00]]
[+0047.35, +0050.09, -1095.50]
1539, 2005, 948
[[-2.2687540e-01  5.9981712e-01 -7.6701744e-01  9.2070000e+01]
 [-3.0004800e-03  7.8733550e-01  6.1645686e-01  1.4120000e+02]
 [ 9.7369776e-01  1.4229366e-01 -1.7678114e-01 -1.1810900e+03]
 [ 0.0000000e+00  0.0000000e+00  0.0000000e+00  1.0000000e+00]]
[+0157.59, +0023.21, -1112.04]
1532, 990, 1205
[[-2.2639786e-01  6.0036586e-01 -7.6659998e-01  9.2120000e+01]
 [-3.4952200e-03  7.8684444e-01  6.1705286e-01  1.4113000e+02]
 [ 9.7370554e-01  1.4257378e-01 -1.7597386e-01 -1.1810500e+03]
 [ 0.0000000e+00  0.0000000e+00  0.0000000e+00  1.0000000e+00]]
[+0047.08, +0050.14, -1095.51]
1101, 1526, 1736
[[-2.2508832e-01  6.0001368e-01 -7.6728432e-01  9.2060000e+01]
 [-2.7127200e-03  7.8740078e-01  6.1635188e-01  1.4113000e+02]
 [ 9.7402992e-01  1.4099852e-01 -1.7554354e-01 -1.1810800e+03]
 [ 0.0000000e+00  0.0000000e+00  0.0000000e+00  1.0000000e+00]]
[+0062.10, -0049.29, -1108.70]
1448, 1604, 2056
[[-2.2677290e-01  5.9901066e-01 -7.6746198e-01  9.1920000e+01]
 [-3.6742200e-03  7.8784070e-01  6.1576106e-01  1.4110000e+02]
 [ 9.7354926e-01  1.4269342e-01 -1.7637844e-01 -1.1811000e+03]
 [ 0.0000000e+00  0.0000000e+00  0.0000000e+00  1.0000000e+00]]
[+0044.06, -0032.56, -1120.29]
1101, 1526, 1736
[[-2.2579410e-01  6.0037110e-01 -7.6679670e-01  9.2120000e+01]
 [-2.9893800e-03  7.8699086e-01  6.1687370e-01  1.4116000e+02]
 [ 9.7386534e-01  1.4176262e-01 -1.7583940e-01 -1.1810700e+03]
 [ 0.0000000e+00  0.0000000e+00  0.0000000e+00  1.0000000e+00]]
[+0064.66, -0046.82, -1106.57]
1421, 862, 1551
[[-2.2639786e-01  6.0066178e-01 -7.6649730e-01  9.2130000e+01]
 [-3.1993000e-03  7.8668300e-01  6.1728810e-01  1.4113000e+02]
 [ 9.7380822e-01  1.4233854e-01 -1.7613530e-01 -1.1810500e+03]
 [ 0.0000000e+00  0.0000000e+00  0.0000000e+00  1.0000000e+00]]
[+0014.32, +0024.40, -1116.13]
1101, 1526, 1736
[[-2.2578250e-01  5.9996176e-01 -7.6723468e-01  9.2080000e+01]
 [-2.7952000e-03  7.8737910e-01  6.1640380e-01  1.4117000e+02]
 [ 9.7395860e-01  1.4144732e-01 -1.7605456e-01 -1.1810900e+03]
 [ 0.0000000e+00  0.0000000e+00  0.0000000e+00  1.0000000e+00]]
[+0062.76, -0049.05, -1108.38]
1707, 2037, 951
[[-2.2686408e-01  5.9965268e-01 -7.6720480e-01  9.2010000e+01]
 [-2.4593200e-03  7.8756222e-01  6.1618160e-01  1.4122000e+02]
 [ 9.7374560e-01  1.4178320e-01 -1.7715786e-01 -1.1811300e+03]
 [ 0.0000000e+00  0.0000000e+00  0.0000000e+00  1.0000000e+00]]
[+0154.57, +0035.20, -1116.78]
1101, 1526, 1736
[[-2.2628340e-01  5.9983900e-01 -7.6707820e-01  9.2060000e+01]
 [-3.1836400e-03  7.8733550e-01  6.1643498e-01  1.4115000e+02]
 [ 9.7375852e-01  1.4211050e-01 -1.7618914e-01 -1.1811000e+03]
 [ 0.0000000e+00  0.0000000e+00  0.0000000e+00  1.0000000e+00]]
[+0062.96, -0049.75, -1108.86]
1033, 1150, 2040
[[-2.2607844e-01  5.9980292e-01 -7.6725560e-01  9.2060000e+01]
 [-2.8516000e-03  7.8745980e-01  6.1629700e-01  1.4108000e+02]
 [ 9.7387708e-01  1.4165656e-01 -1.7626980e-01 -1.1810400e+03]
 [ 0.0000000e+00  0.0000000e+00  0.0000000e+00  1.0000000e+00]]
[+0022.48, -0051.51, -1150.81]
1129, 996, 2090
[[-2.2687540e-01  5.9952108e-01 -7.6711996e-01  9.1990000e+01]
 [-3.2965200e-03  7.8749670e-01  6.1622166e-01  1.4104000e+02]
 [ 9.7359524e-01  1.4252886e-01 -1.7661994e-01 -1.1810600e+03]
 [ 0.0000000e+00  0.0000000e+00  0.0000000e+00  1.0000000e+00]]
[+0010.25, -0037.35, -1160.61]
1033, 1150, 2040
[[-2.2638594e-01  6.0025260e-01 -7.6693532e-01  9.2110000e+01]
 [-3.0053200e-03  7.8707160e-01  6.1681824e-01  1.4112000e+02]
 [ 9.7390140e-01  1.4202320e-01 -1.7635050e-01 -1.1810800e+03]
 [ 0.0000000e+00  0.0000000e+00  0.0000000e+00  1.0000000e+00]]
[+0024.68, -0050.84, -1147.30]
1187, 991, 1256
[[-2.2560082e-01  6.0079552e-01 -7.6668398e-01  9.2170000e+01]
 [-2.9028800e-03  7.8672668e-01  6.1724608e-01  1.4113000e+02]
 [ 9.7403858e-01  1.4158352e-01 -1.7570514e-01 -1.1810700e+03]
 [ 0.0000000e+00  0.0000000e+00  0.0000000e+00  1.0000000e+00]]
[+0043.07, +0008.63, -1083.42]
1033, 1150, 2040
[[-2.2628340e-01  5.9969102e-01 -7.6712946e-01  9.2020000e+01]
 [-3.3316200e-03  7.8741612e-01  6.1631734e-01  1.4109000e+02]
 [ 9.7370726e-01  1.4222814e-01 -1.7610852e-01 -1.1810700e+03]
 [ 0.0000000e+00  0.0000000e+00  0.0000000e+00  1.0000000e+00]]
[+0022.94, -0051.90, -1150.76]
1771, 1631, 2088
[[-2.2757010e-01  5.9868282e-01 -7.6767384e-01  9.1870000e+01]
 [-4.3699800e-03  7.8795710e-01  6.1564904e-01  1.4108000e+02]
 [ 9.7351176e-01  1.4360264e-01 -1.7664916e-01 -1.1811300e+03]
 [ 0.0000000e+00  0.0000000e+00  0.0000000e+00  1.0000000e+00]]
[+0039.12, -0004.64, -1118.52]
1033, 1150, 2040
[[-2.2598746e-01  6.0053848e-01 -7.6670426e-01  9.2100000e+01]
 [-2.4841600e-03  7.8693180e-01  6.1697192e-01  1.4113000e+02]
 [ 9.7389718e-01  1.4147104e-01 -1.7629690e-01 -1.1810900e+03]
 [ 0.0000000e+00  0.0000000e+00  0.0000000e+00  1.0000000e+00]]
[+0024.27, -0049.49, -1146.47]
767, 1982, 822
[[-2.2421266e-01  6.0149056e-01 -7.6657790e-01  9.2280000e+01]
 [-2.1472000e-03  7.8644604e-01  6.1761344e-01  1.4126000e+02]
 [ 9.7438594e-01  1.4021440e-01 -1.7500786e-01 -1.1811000e+03]
 [ 0.0000000e+00  0.0000000e+00  0.0000000e+00  1.0000000e+00]]
[+0172.30, -0035.29, -1130.27]
865, 1549, 791
[[-2.2481610e-01  6.0148602e-01 -7.6638096e-01  9.2250000e+01]
 [-2.6530200e-03  7.8630038e-01  6.1779176e-01  1.4120000e+02]
 [ 9.7422696e-01  1.4102576e-01 -1.7514148e-01 -1.1810800e+03]
 [ 0.0000000e+00  0.0000000e+00  0.0000000e+00  1.0000000e+00]]
[+0143.73, -0015.92, -1085.71]
767, 1982, 822
[[-2.2500922e-01  6.0081728e-01 -7.6674438e-01  9.2220000e+01]
 [-3.0863200e-03  7.8672668e-01  6.1722432e-01  1.4126000e+02]
 [ 9.7409898e-01  1.4140008e-01 -1.7511354e-01 -1.1811500e+03]
 [ 0.0000000e+00  0.0000000e+00  0.0000000e+00  1.0000000e+00]]
[+0173.01, -0034.25, -1130.88]
1098, 2058, 808
[[-2.2558906e-01  6.0048290e-01 -7.6692292e-01  9.2090000e+01]
 [-2.5094200e-03  7.8703430e-01  6.1685356e-01  1.4128000e+02]
 [ 9.7403500e-01  1.4119100e-01 -1.7600100e-01 -1.1811800e+03]
 [ 0.0000000e+00  0.0000000e+00  0.0000000e+00  1.0000000e+00]]
[+0173.98, -0008.42, -1125.62]
767, 1982, 822
[[-2.2401954e-01  6.0132342e-01 -7.6666998e-01  9.2320000e+01]
 [-2.6524200e-03  7.8650558e-01  6.1751498e-01  1.4126000e+02]
 [ 9.7435398e-01  1.4050598e-01 -1.7455012e-01 -1.1810900e+03]
 [ 0.0000000e+00  0.0000000e+00  0.0000000e+00  1.0000000e+00]]
[+0170.55, -0032.93, -1128.42]
810, 1934, 1629
[[-2.2578250e-01  5.9971706e-01 -7.6748508e-01  9.2050000e+01]
 [-3.1423400e-03  7.8754046e-01  6.1620876e-01  1.4114000e+02]
 [ 9.7400412e-01  1.4164236e-01 -1.7589320e-01 -1.1810800e+03]
 [ 0.0000000e+00  0.0000000e+00  0.0000000e+00  1.0000000e+00]]
[+0112.98, -0071.75, -1134.78]
767, 1982, 822
[[-2.2422474e-01  6.0116684e-01 -7.6689076e-01  9.2290000e+01]
 [-3.3827600e-03  7.8654320e-01  6.1749772e-01  1.4124000e+02]
 [ 9.7442884e-01  1.4111452e-01 -1.7430730e-01 -1.1810900e+03]
 [ 0.0000000e+00  0.0000000e+00  0.0000000e+00  1.0000000e+00]]
[+0170.39, -0034.39, -1128.68]
935, 1694, 779
[[-2.2530500e-01  6.0119880e-01 -7.6641240e-01  9.2220000e+01]
 [-2.4996000e-03  7.8648398e-01  6.1754782e-01  1.4117000e+02]
 [ 9.7407480e-01  1.4117918e-01 -1.7565202e-01 -1.1810800e+03]
 [ 0.0000000e+00  0.0000000e+00  0.0000000e+00  1.0000000e+00]]
[+0154.10, -0011.61, -1094.76]
1081, 930, 1791
[[-2.2619258e-01  6.0008526e-01 -7.6702788e-01  9.2080000e+01]
 [-3.5105400e-03  7.8713038e-01  6.1671996e-01  1.4109000e+02]
 [ 9.7386948e-01  1.4231484e-01 -1.7589320e-01 -1.1810700e+03]
 [ 0.0000000e+00  0.0000000e+00  0.0000000e+00  1.0000000e+00]]
[+0009.86, -0030.14, -1133.31]
935, 1694, 779
[[-2.2530500e-01  6.0144330e-01 -7.6616190e-01  9.2250000e+01]
 [-2.1525000e-03  7.8632198e-01  6.1774266e-01  1.4124000e+02]
 [ 9.7402950e-01  1.4098434e-01 -1.7581402e-01 -1.1810500e+03]
 [ 0.0000000e+00  0.0000000e+00  0.0000000e+00  1.0000000e+00]]
[+0157.91, -0013.76, -1097.29]
817, 2052, 1066
[[-2.2470160e-01  6.0041872e-01 -7.6721264e-01  9.2150000e+01]
 [-2.9835200e-03  7.8711512e-01  6.1674376e-01  1.4127000e+02]
 [ 9.7422224e-01  1.4099336e-01 -1.7503272e-01 -1.1811200e+03]
 [ 0.0000000e+00  0.0000000e+00  0.0000000e+00  1.0000000e+00]]
[+0160.77, -0045.70, -1131.35]
935, 1694, 779
[[-2.2521450e-01  6.0129714e-01 -7.6641298e-01  9.2240000e+01]
 [-2.9746600e-03  7.8635964e-01  6.1771506e-01  1.4122000e+02]
 [ 9.7413462e-01  1.4150086e-01 -1.7527530e-01 -1.1811000e+03]
 [ 0.0000000e+00  0.0000000e+00  0.0000000e+00  1.0000000e+00]]
[+0154.32, -0011.67, -1094.96]
1496, 1849, 815
[[-2.2657938e-01  6.0012406e-01 -7.6694532e-01  9.2090000e+01]
 [-2.7960600e-03  7.8717414e-01  6.1668116e-01  1.4125000e+02]
 [ 9.7383068e-01  1.4196684e-01 -1.7664648e-01 -1.1810900e+03]
 [ 0.0000000e+00  0.0000000e+00  0.0000000e+00  1.0000000e+00]]
[+0156.84, +0035.28, -1109.42]
935, 1694, 779
[[-2.2392912e-01  6.0151848e-01 -7.6647120e-01  9.2310000e+01]
 [-2.9284800e-03  7.8630038e-01  6.1775930e-01  1.4125000e+02]
 [ 9.7431720e-01  1.4075030e-01 -1.7425450e-01 -1.1810500e+03]
 [ 0.0000000e+00  0.0000000e+00  0.0000000e+00  1.0000000e+00]]
[+0154.56, -0012.27, -1095.49]
819, 1508, 1811
[[-2.2538418e-01  5.9985492e-01 -7.6730530e-01  9.2120000e+01]
 [-2.7690800e-03  7.8748152e-01  6.1624500e-01  1.4102000e+02]
 [ 9.7394850e-01  1.4120780e-01 -1.7575866e-01 -1.1810800e+03]
 [ 0.0000000e+00  0.0000000e+00  0.0000000e+00  1.0000000e+00]]
[+0066.76, -0075.54, -1135.49]
963, 1954, 1716
[[-2.2557770e-01  5.9987436e-01 -7.6726422e-01  9.2060000e+01]
 [-2.4118800e-03  7.8750316e-01  6.1622556e-01  1.4116000e+02]
 [ 9.7392906e-01  1.4103372e-01 -1.7613530e-01 -1.1810800e+03]
 [ 0.0000000e+00  0.0000000e+00  0.0000000e+00  1.0000000e+00]]
[+0107.90, -0065.50, -1127.20]
819, 1508, 1811
[[-2.2459914e-01  6.0015308e-01 -7.6730426e-01  9.2130000e+01]
 [-3.0136400e-03  7.8729836e-01  6.1647812e-01  1.4112000e+02]
 [ 9.7413062e-01  1.4096324e-01 -1.7495194e-01 -1.1810500e+03]
 [ 0.0000000e+00  0.0000000e+00  0.0000000e+00  1.0000000e+00]]
[+0065.64, -0075.18, -1135.47]
1319, 1318, 1679
[[-2.2678450e-01  6.0016000e-01 -7.6676790e-01  9.2100000e+01]
 [-3.1280000e-03  7.8704972e-01  6.1681920e-01  1.4116000e+02]
 [ 9.7371210e-01  1.4242080e-01 -1.7656578e-01 -1.1810500e+03]
 [ 0.0000000e+00  0.0000000e+00  0.0000000e+00  1.0000000e+00]]
[+0044.26, -0014.13, -1099.00]
819, 1508, 1811
[[-2.2499738e-01  6.0025998e-01 -7.6723374e-01  9.2110000e+01]
 [-3.0397800e-03  7.8719590e-01  6.1663686e-01  1.4117000e+02]
 [ 9.7414086e-01  1.4120274e-01 -1.7524772e-01 -1.1810700e+03]
 [ 0.0000000e+00  0.0000000e+00  0.0000000e+00  1.0000000e+00]]
[+0067.12, -0075.91, -1135.84]
933, 1550, 2185
[[-2.2636330e-01  5.9854564e-01 -7.6811808e-01  9.1910000e+01]
 [-3.5052400e-03  7.8833072e-01  6.1517196e-01  1.4106000e+02]
 [ 9.7378128e-01  1.4209836e-01 -1.7629802e-01 -1.1810800e+03]
 [ 0.0000000e+00  0.0000000e+00  0.0000000e+00  1.0000000e+00]]
[+0053.96, -0069.96, -1158.00]
819, 1508, 1811
[[-2.2441778e-01  6.0089034e-01 -7.6695246e-01  9.2210000e+01]
 [-3.3210600e-03  7.8672668e-01  6.1724298e-01  1.4118000e+02]
 [ 9.7430706e-01  1.4117622e-01 -1.7452210e-01 -1.1811100e+03]
 [ 0.0000000e+00  0.0000000e+00  0.0000000e+00  1.0000000e+00]]
[+0069.18, -0071.68, -1131.03]
804, 1358, 1940
[[-2.2509988e-01  6.0008192e-01 -7.6729588e-01  9.2120000e+01]
 [-3.4533200e-03  7.8725484e-01  6.1654928e-01  1.4114000e+02]
 [ 9.7407872e-01  1.4158612e-01 -1.7508628e-01 -1.1810700e+03]
 [ 0.0000000e+00  0.0000000e+00  0.0000000e+00  1.0000000e+00]]
[+0050.30, -0073.20, -1146.40]
1195, 2149, 1876
[[-2.2636330e-01  5.9923458e-01 -7.6771426e-01  9.1960000e+01]
 [-2.7139800e-03  7.8792822e-01  6.1572006e-01  1.4117000e+02]
 [ 9.7388906e-01  1.4155026e-01 -1.7670052e-01 -1.1811100e+03]
 [ 0.0000000e+00  0.0000000e+00  0.0000000e+00  1.0000000e+00]]
[+0109.20, -0055.80, -1127.57]
804, 1358, 1940
[[-2.2509988e-01  6.0032646e-01 -7.6704546e-01  9.2130000e+01]
 [-3.1062600e-03  7.8709340e-01  6.1674438e-01  1.4113000e+02]
 [ 9.7403334e-01  1.4139102e-01 -1.7524772e-01 -1.1810800e+03]
 [ 0.0000000e+00  0.0000000e+00  0.0000000e+00  1.0000000e+00]]
[+0049.86, -0072.75, -1145.89]
902, 1333, 2241
[[-2.2667044e-01  5.9855142e-01 -7.6795190e-01  9.1910000e+01]
 [-4.1031000e-03  7.8818430e-01  6.1534050e-01  1.4102000e+02]
 [ 9.7365142e-01  1.4281794e-01 -1.7613730e-01 -1.1811000e+03]
 [ 0.0000000e+00  0.0000000e+00  0.0000000e+00  1.0000000e+00]]
[+0039.94, -0065.15, -1167.49]
804, 1358, 1940
[[-2.2430340e-01  6.0090322e-01 -7.6707826e-01  9.2200000e+01]
 [-2.3659400e-03  7.8689406e-01  6.1705618e-01  1.4116000e+02]
 [ 9.7441682e-01  1.4028274e-01 -1.7506050e-01 -1.1810900e+03]
 [ 0.0000000e+00  0.0000000e+00  0.0000000e+00  1.0000000e+00]]
[+0053.08, -0070.72, -1142.35]
1318, 1088, 1749
[[-2.2609000e-01  6.0050816e-01 -7.6671512e-01  9.2100000e+01]
 [-2.7497600e-03  7.8691008e-01  6.1700224e-01  1.4113000e+02]
 [ 9.7388632e-01  1.4173664e-01 -1.7621608e-01 -1.1810700e+03]
 [ 0.0000000e+00  0.0000000e+00  0.0000000e+00  1.0000000e+00]]
[+0022.74, -0007.95, -1113.03]
804, 1358, 1940
[[-2.2509988e-01  5.9998528e-01 -7.6749504e-01  9.2100000e+01]
 [-3.6524800e-03  7.8733550e-01  6.1647186e-01  1.4110000e+02]
 [ 9.7417536e-01  1.4166354e-01 -1.7500562e-01 -1.1810700e+03]
 [ 0.0000000e+00  0.0000000e+00  0.0000000e+00  1.0000000e+00]]
[+0050.00, -0074.19, -1147.71]
999, 1519, 763
[[-2.2500922e-01  6.0135750e-01 -7.6639130e-01  9.2240000e+01]
 [-2.4435000e-03  7.8640300e-01  6.1765470e-01  1.4122000e+02]
 [ 9.7415630e-01  1.4096970e-01 -1.7543722e-01 -1.1810900e+03]
 [ 0.0000000e+00  0.0000000e+00  0.0000000e+00  1.0000000e+00]]
[+0142.98, +0000.64, -1082.73]
1005, 2100, 848
[[-2.2587364e-01  5.9986356e-01 -7.6723392e-01  9.2080000e+01]
 [-2.3203200e-03  7.8750316e-01  6.1623636e-01  1.4122000e+02]
 [ 9.7389876e-01  1.4112528e-01 -1.7643124e-01 -1.1811100e+03]
 [ 0.0000000e+00  0.0000000e+00  0.0000000e+00  1.0000000e+00]]
[+0173.82, -0018.21, -1130.77]
999, 1519, 763
[[-2.2480410e-01  6.0126998e-01 -7.6642104e-01  9.2220000e+01]
 [-2.0602200e-03  7.8652710e-01  6.1747664e-01  1.4120000e+02]
 [ 9.7412656e-01  1.4055624e-01 -1.7551824e-01 -1.1810500e+03]
 [ 0.0000000e+00  0.0000000e+00  0.0000000e+00  1.0000000e+00]]
[+0142.54, +0001.13, -1082.50]
1453, 1477, 1008
[[-2.2638594e-01  6.0020132e-01 -7.6678734e-01  9.2100000e+01]
 [-2.9540400e-03  7.8707160e-01  6.1677788e-01  1.4116000e+02]
 [ 9.7375342e-01  1.4206356e-01 -1.7635050e-01 -1.1810900e+03]
 [ 0.0000000e+00  0.0000000e+00  0.0000000e+00  1.0000000e+00]]
[+0109.81, +0035.59, -1083.03]
999, 1519, 763
[[-2.2491876e-01  6.0125668e-01 -7.6629528e-01  9.2250000e+01]
 [-3.0151200e-03  7.8635964e-01  6.1766372e-01  1.4127000e+02]
 [ 9.7401692e-01  1.4144952e-01 -1.7497956e-01 -1.1810800e+03]
 [ 0.0000000e+00  0.0000000e+00  0.0000000e+00  1.0000000e+00]]
[+0144.41, -0000.20, -1083.58]
856, 1482, 1020
[[-2.2450836e-01  6.0074054e-01 -7.6680410e-01  9.2210000e+01]
 [-2.7947000e-03  7.8685094e-01  6.1703546e-01  1.4117000e+02]
 [ 9.7409954e-01  1.4089490e-01 -1.7489866e-01 -1.1811100e+03]
 [ 0.0000000e+00  0.0000000e+00  0.0000000e+00  1.0000000e+00]]
[+0117.68, -0033.85, -1082.90]
999, 1519, 763
[[-2.2472576e-01  6.0119232e-01 -7.6668336e-01  9.2230000e+01]
 [-3.6230400e-03  7.8641870e-01  6.1764608e-01  1.4121000e+02]
 [ 9.7428048e-01  1.4166016e-01 -1.7452210e-01 -1.1811200e+03]
 [ 0.0000000e+00  0.0000000e+00  0.0000000e+00  1.0000000e+00]]
[+0144.01, +0000.05, -1083.25]
1222, 2129, 1829
[[-2.2695546e-01  5.9876868e-01 -7.6780694e-01  9.1890000e+01]
 [-2.9752400e-03  7.8816984e-01  6.1538892e-01  1.4115000e+02]
 [ 9.7367478e-01  1.4208604e-01 -1.7705106e-01 -1.1810800e+03]
 [ 0.0000000e+00  0.0000000e+00  0.0000000e+00  1.0000000e+00]]
[+0108.61, -0053.94, -1123.37]
1929, 1994, 1879
[[-2.2864128e-01  5.9845344e-01 -7.6757920e-01  9.1830000e+01]
 [-3.1465600e-03  7.8820638e-01  6.1534710e-01  1.4112000e+02]
 [ 9.7330080e-01  1.4323210e-01 -1.7829090e-01 -1.1810500e+03]
 [ 0.0000000e+00  0.0000000e+00  0.0000000e+00  1.0000000e+00]]
[+0077.33, +0009.85, -1103.32]
1222, 2129, 1829
[[-2.2606728e-01  5.9949028e-01 -7.6749428e-01  9.2020000e+01]
 [-2.4582800e-03  7.8776694e-01  6.1590422e-01  1.4121000e+02]
 [ 9.7387372e-01  1.4126378e-01 -1.7656578e-01 -1.1811000e+03]
 [ 0.0000000e+00  0.0000000e+00  0.0000000e+00  1.0000000e+00]]
[+0109.62, -0053.95, -1122.94]
1020, 920, 1433
[[-2.2481610e-01  6.0109376e-01 -7.6668278e-01  9.2220000e+01]
 [-3.1479200e-03  7.8654320e-01  6.1747904e-01  1.4117000e+02]
 [ 9.7422086e-01  1.4133848e-01 -1.7489866e-01 -1.1810500e+03]
 [ 0.0000000e+00  0.0000000e+00  0.0000000e+00  1.0000000e+00]]
[+0025.95, -0017.78, -1098.45]
1222, 2129, 1829
[[-2.2615874e-01  5.9821338e-01 -7.6839762e-01  9.1890000e+01]
 [-3.4690200e-03  7.8861566e-01  6.1479842e-01  1.4101000e+02]
 [ 9.7379778e-01  1.4187982e-01 -1.7621764e-01 -1.1811700e+03]
 [ 0.0000000e+00  0.0000000e+00  0.0000000e+00  1.0000000e+00]]
[+0108.54, -0054.34, -1123.50]
1180, 2030, 2151
[[-2.2625040e-01  5.9816620e-01 -7.6854460e-01  9.1850000e+01]
 [-3.0454000e-03  7.8873968e-01  6.1467116e-01  1.4108000e+02]
 [ 9.7388620e-01  1.4151716e-01 -1.7659408e-01 -1.1811000e+03]
 [ 0.0000000e+00  0.0000000e+00  0.0000000e+00  1.0000000e+00]]
[+0080.66, -0061.89, -1138.07]
1222, 2129, 1829
[[-2.2597602e-01  5.9944050e-01 -7.6754632e-01  9.2000000e+01]
 [-3.0811000e-03  7.8772350e-01  6.1595400e-01  1.4120000e+02]
 [ 9.7388232e-01  1.4170360e-01 -1.7610852e-01 -1.1811200e+03]
 [ 0.0000000e+00  0.0000000e+00  0.0000000e+00  1.0000000e+00]]
[+0110.75, -0051.00, -1121.65]
1577, 1405, 1305
[[-2.2637442e-01  6.0028160e-01 -7.6672438e-01  9.2080000e+01]
 [-2.0656000e-03  7.8713676e-01  6.1669760e-01  1.4117000e+02]
 [ 9.7375562e-01  1.4135840e-01 -1.7688882e-01 -1.1810900e+03]
 [ 0.0000000e+00  0.0000000e+00  0.0000000e+00  1.0000000e+00]]
[+0076.99, +0033.90, -1086.34]
2053, 1893, 1899
[[-2.2814026e-01  5.9813244e-01 -7.6788950e-01  9.1800000e+01]
 [-3.2022000e-03  7.8849144e-01  6.1496244e-01  1.4110000e+02]
 [ 9.7334806e-01  1.4292180e-01 -1.7791426e-01 -1.1811000e+03]
 [ 0.0000000e+00  0.0000000e+00  0.0000000e+00  1.0000000e+00]]
[+0071.22, +0022.71, -1105.91]
1577, 1405, 1305
[[-2.2657938e-01  6.0022080e-01 -7.6674606e-01  9.2090000e+01]
 [-2.5968000e-03  7.8709340e-01  6.1675840e-01  1.4116000e+02]
 [ 9.7373394e-01  1.4188960e-01 -1.7672722e-01 -1.1810600e+03]
 [ 0.0000000e+00  0.0000000e+00  0.0000000e+00  1.0000000e+00]]
[+0076.83, +0028.96, -1085.57]
2000, 952, 1337
[[-2.2807144e-01  5.9964136e-01 -7.6681092e-01  9.2000000e+01]
 [-3.4712800e-03  7.8726950e-01  6.1654104e-01  1.4112000e+02]
 [ 9.7342524e-01  1.4340552e-01 -1.7742770e-01 -1.1810700e+03]
 [ 0.0000000e+00  0.0000000e+00  0.0000000e+00  1.0000000e+00]]
[+0043.65, +0080.98, -1137.49]
1577, 1405, 1305
[[-2.2629520e-01  6.0020292e-01 -7.6698756e-01  9.2080000e+01]
 [-3.6282000e-03  7.8702776e-01  6.1686792e-01  1.4117000e+02]
 [ 9.7390980e-01  1.4246280e-01 -1.7589320e-01 -1.1811300e+03]
 [ 0.0000000e+00  0.0000000e+00  0.0000000e+00  1.0000000e+00]]
[+0079.02, +0028.36, -1085.28]
1123, 1029, 1977
[[-2.2659114e-01  5.9950334e-01 -7.6736182e-01  9.2030000e+01]
 [-4.3277800e-03  7.8743046e-01  6.1633094e-01  1.4107000e+02]
 [ 9.7377086e-01  1.4310242e-01 -1.7578644e-01 -1.1811200e+03]
 [ 0.0000000e+00  0.0000000e+00  0.0000000e+00  1.0000000e+00]]
[+0012.84, -0037.25, -1145.89]
1577, 1405, 1305
[[-2.2708052e-01  6.0000102e-01 -7.6678878e-01  9.2060000e+01]
 [-3.1843800e-03  7.8713038e-01  6.1671258e-01  1.4113000e+02]
 [ 9.7363038e-01  1.4263002e-01 -1.7678114e-01 -1.1811100e+03]
 [ 0.0000000e+00  0.0000000e+00  0.0000000e+00  1.0000000e+00]]
[+0077.42, +0032.60, -1086.08]
1535, 1557, 1923
[[-2.2657938e-01  5.9943532e-01 -7.6734962e-01  9.1940000e+01]
 [-3.5873200e-03  7.8757724e-01  6.1613332e-01  1.4117000e+02]
 [ 9.7372238e-01  1.4251468e-01 -1.7624338e-01 -1.1810900e+03]
 [ 0.0000000e+00  0.0000000e+00  0.0000000e+00  1.0000000e+00]]
[+0045.69, -0016.44, -1109.37]
1829, 1884, 1473
[[-2.2786624e-01  5.9930952e-01 -7.6709080e-01  9.1940000e+01]
 [-3.4356000e-03  7.8755520e-01  6.1616760e-01  1.4122000e+02]
 [ 9.7344152e-01  1.4318664e-01 -1.7734720e-01 -1.1811200e+03]
 [ 0.0000000e+00  0.0000000e+00  0.0000000e+00  1.0000000e+00]]
[+0106.86, +0029.60, -1096.21]
1535, 1557, 1923
[[-2.2647688e-01  5.9907292e-01 -7.6764036e-01  9.1940000e+01]
 [-3.8169200e-03  7.8784070e-01  6.1579026e-01  1.4106000e+02]
 [ 9.7372764e-01  1.4256174e-01 -1.7608242e-01 -1.1811100e+03]
 [ 0.0000000e+00  0.0000000e+00  0.0000000e+00  1.0000000e+00]]
[+0045.28, -0018.27, -1109.96]
1701, 1153, 1738
[[-2.2657938e-01  5.9997606e-01 -7.6699658e-01  9.2050000e+01]
 [-2.9440600e-03  7.8725484e-01  6.1656354e-01  1.4112000e+02]
 [ 9.7377942e-01  1.4208446e-01 -1.7656578e-01 -1.1810900e+03]
 [ 0.0000000e+00  0.0000000e+00  0.0000000e+00  1.0000000e+00]]
[+0026.65, +0026.86, -1116.44]
1535, 1557, 1923
[[-2.2687540e-01  5.9927630e-01 -7.6737050e-01  9.1960000e+01]
 [-3.6438200e-03  7.8765774e-01  6.1602670e-01  1.4114000e+02]
 [ 9.7364074e-01  1.4272382e-01 -1.7645890e-01 -1.1811000e+03]
 [ 0.0000000e+00  0.0000000e+00  0.0000000e+00  1.0000000e+00]]
[+0046.22, -0018.85, -1109.76]
1916, 1588, 2195
[[-2.2844740e-01  5.9813756e-01 -7.6772332e-01  9.1790000e+01]
 [-3.7998800e-03  7.8834486e-01  6.1513166e-01  1.4106000e+02]
 [ 9.7321796e-01  1.4364142e-01 -1.7775370e-01 -1.1811300e+03]
 [ 0.0000000e+00  0.0000000e+00  0.0000000e+00  1.0000000e+00]]
[+0032.92, +0004.17, -1126.85]
1535, 1557, 1923
[[-2.2618090e-01  5.9962462e-01 -7.6731774e-01  9.1990000e+01]
 [-3.2652200e-03  7.8751862e-01  6.1620966e-01  1.4112000e+02]
 [ 9.7381494e-01  1.4203986e-01 -1.7610852e-01 -1.1810900e+03]
 [ 0.0000000e+00  0.0000000e+00  0.0000000e+00  1.0000000e+00]]
[+0049.23, -0016.39, -1107.06]
810, 1631, 2073
[[-2.2478130e-01  5.9976280e-01 -7.6770130e-01  9.2040000e+01]
 [-2.4618400e-03  7.8770780e-01  6.1598888e-01  1.4116000e+02]
 [ 9.7420462e-01  1.4047400e-01 -1.7554354e-01 -1.1810500e+03]
 [ 0.0000000e+00  0.0000000e+00  0.0000000e+00  1.0000000e+00]]
[+0067.06, -0077.76, -1157.19]
1066, 1559, 2056
[[-2.2628340e-01  5.9974228e-01 -7.6727744e-01  9.2060000e+01]
 [-3.3828800e-03  7.8741612e-01  6.1635764e-01  1.4114000e+02]
 [ 9.7385524e-01  1.4218784e-01 -1.7610852e-01 -1.1810800e+03]
 [ 0.0000000e+00  0.0000000e+00  0.0000000e+00  1.0000000e+00]]
[+0052.22, -0060.93, -1136.62]
810, 1631, 2073
[[-2.2498594e-01  5.9970248e-01 -7.6772290e-01  9.2060000e+01]
 [-2.9932000e-03  7.8766460e-01  6.1604920e-01  1.4112000e+02]
 [ 9.7418302e-01  1.4100536e-01 -1.7538210e-01 -1.1811000e+03]
 [ 0.0000000e+00  0.0000000e+00  0.0000000e+00  1.0000000e+00]]
[+0067.29, -0077.84, -1157.38]
882, 1864, 2183
[[-2.2584208e-01  5.9715920e-01 -7.6955256e-01  9.1790000e+01]
 [-3.5188000e-03  7.8954950e-01  6.1365090e-01  1.4095000e+02]
 [ 9.7406256e-01  1.4135310e-01 -1.7619258e-01 -1.1811200e+03]
 [ 0.0000000e+00  0.0000000e+00  0.0000000e+00  1.0000000e+00]]
[+0077.46, -0074.22, -1157.09]
810, 1631, 2073
[[-2.2400770e-01  6.0061828e-01 -7.6721076e-01  9.2240000e+01]
 [-2.7533200e-03  7.8705590e-01  6.1680984e-01  1.4113000e+02]
 [ 9.7434444e-01  1.4042664e-01 -1.7460296e-01 -1.1810800e+03]
 [ 0.0000000e+00  0.0000000e+00  0.0000000e+00  1.0000000e+00]]
[+0066.07, -0075.20, -1154.97]
827, 1761, 1784
[[-2.2430340e-01  6.0060750e-01 -7.6718070e-01  9.2240000e+01]
 [-2.6616600e-03  7.8705590e-01  6.1682062e-01  1.4121000e+02]
 [ 9.7431438e-01  1.4051830e-01 -1.7489866e-01 -1.1810800e+03]
 [ 0.0000000e+00  0.0000000e+00  0.0000000e+00  1.0000000e+00]]
[+0092.00, -0073.66, -1133.32]
810, 1631, 2073
[[-2.2488360e-01  5.9988056e-01 -7.6766092e-01  9.2100000e+01]
 [-2.5796000e-03  7.8760550e-01  6.1613680e-01  1.4112000e+02]
 [ 9.7424500e-01  1.4062192e-01 -1.7554354e-01 -1.1810600e+03]
 [ 0.0000000e+00  0.0000000e+00  0.0000000e+00  1.0000000e+00]]
[+0067.04, -0077.53, -1156.98]
1969, 1324, 869
[[-2.2746756e-01  6.0028496e-01 -7.6645536e-01  9.2100000e+01]
 [-2.1225600e-03  7.8701262e-01  6.1686818e-01  1.4113000e+02]
 [ 9.7354576e-01  1.4208738e-01 -1.7769618e-01 -1.1810800e+03]
 [ 0.0000000e+00  0.0000000e+00  0.0000000e+00  1.0000000e+00]]
[+0106.91, +0090.11, -1124.74]
2162, 1561, 859
[[-2.2816242e-01  5.9924720e-01 -7.6691214e-01  9.1980000e+01]
 [-3.2928000e-03  7.8755520e-01  6.1613840e-01  1.4120000e+02]
 [ 9.7326286e-01  1.4331840e-01 -1.7764338e-01 -1.1811400e+03]
 [ 0.0000000e+00  0.0000000e+00  0.0000000e+00  1.0000000e+00]]
[+0120.65, +0084.52, -1135.10]
1969, 1324, 869
[[-2.2588496e-01  6.0056880e-01 -7.6669344e-01  9.2130000e+01]
 [-2.2185600e-03  7.8695344e-01  6.1694160e-01  1.4113000e+02]
 [ 9.7390800e-01  1.4120544e-01 -1.7637776e-01 -1.1810600e+03]
 [ 0.0000000e+00  0.0000000e+00  0.0000000e+00  1.0000000e+00]]
[+0104.78, +0083.14, -1120.35]
1945, 1391, 2054
[[-2.2726260e-01  5.9852930e-01 -7.6789110e-01  9.1910000e+01]
 [-3.9203400e-03  7.8818430e-01  6.1536262e-01  1.4092000e+02]
 [ 9.7359062e-01  1.4300070e-01 -1.7672946e-01 -1.1811000e+03]
 [ 0.0000000e+00  0.0000000e+00  0.0000000e+00  1.0000000e+00]]
[+0025.57, +0017.45, -1130.94]
1969, 1324, 869
[[-2.2639786e-01  6.0066178e-01 -7.6649730e-01  9.2140000e+01]
 [-3.1993000e-03  7.8668300e-01  6.1728810e-01  1.4118000e+02]
 [ 9.7380822e-01  1.4233854e-01 -1.7613530e-01 -1.1811100e+03]
 [ 0.0000000e+00  0.0000000e+00  0.0000000e+00  1.0000000e+00]]
[+0105.60, +0083.61, -1120.15]
1318, 1852, 826
[[-2.2569156e-01  6.0074852e-01 -7.6683124e-01  9.2160000e+01]
 [-2.4791600e-03  7.8685094e-01  6.1711918e-01  1.4119000e+02]
 [ 9.7412668e-01  1.4122126e-01 -1.7608186e-01 -1.1811000e+03]
 [ 0.0000000e+00  0.0000000e+00  0.0000000e+00  1.0000000e+00]]
[+0158.80, +0016.73, -1104.61]
1969, 1324, 869
[[-2.2657938e-01  6.0012406e-01 -7.6694532e-01  9.2100000e+01]
 [-2.7960600e-03  7.8717414e-01  6.1668116e-01  1.4114000e+02]
 [ 9.7383068e-01  1.4196684e-01 -1.7664648e-01 -1.1810900e+03]
 [ 0.0000000e+00  0.0000000e+00  0.0000000e+00  1.0000000e+00]]
[+0107.04, +0089.19, -1124.60]
1111, 2213, 1157
[[-2.2516858e-01  5.9945474e-01 -7.6757370e-01  9.2000000e+01]
 [-1.9922600e-03  7.8791228e-01  6.1567410e-01  1.4124000e+02]
 [ 9.7391550e-01  1.4040150e-01 -1.7613530e-01 -1.1811000e+03]
 [ 0.0000000e+00  0.0000000e+00  0.0000000e+00  1.0000000e+00]]
[+0159.32, -0027.59, -1126.58]
1171, 2053, 1965
[[-2.2667044e-01  5.9909228e-01 -7.6759900e-01  9.1940000e+01]
 [-3.4598000e-03  7.8786270e-01  6.1577090e-01  1.4111000e+02]
 [ 9.7370828e-01  1.4238754e-01 -1.7645890e-01 -1.1811400e+03]
 [ 0.0000000e+00  0.0000000e+00  0.0000000e+00  1.0000000e+00]]
[+0091.57, -0061.24, -1130.72]
1111, 2213, 1157
[[-2.2547536e-01  6.0005260e-01 -7.6720228e-01  9.2090000e+01]
 [-1.9982800e-03  7.8744390e-01  6.1631296e-01  1.4127000e+02]
 [ 9.7399100e-01  1.4065040e-01 -1.7629690e-01 -1.1811300e+03]
 [ 0.0000000e+00  0.0000000e+00  0.0000000e+00  1.0000000e+00]]
[+0159.61, -0028.23, -1127.11]
988, 946, 916
[[-2.2443010e-01  6.0183964e-01 -7.6616098e-01  9.2300000e+01]
 [-2.8730000e-03  7.8601400e-01  6.1814300e-01  1.4117000e+02]
 [ 9.7427170e-01  1.4106052e-01 -1.7463114e-01 -1.1810700e+03]
 [ 0.0000000e+00  0.0000000e+00  0.0000000e+00  1.0000000e+00]]
[+0070.21, +0011.40, -1066.00]
1111, 2213, 1157
[[-2.2606728e-01  5.9934228e-01 -7.6754544e-01  9.2000000e+01]
 [-2.6062800e-03  7.8784760e-01  6.1578656e-01  1.4123000e+02]
 [ 9.7382256e-01  1.4138144e-01 -1.7648512e-01 -1.1811100e+03]
 [ 0.0000000e+00  0.0000000e+00  0.0000000e+00  1.0000000e+00]]
[+0158.89, -0027.90, -1126.73]
1631, 2171, 1109
[[-2.2716018e-01  5.9964182e-01 -7.6717434e-01  9.2020000e+01]
 [-2.3677800e-03  7.8756222e-01  6.1619246e-01  1.4125000e+02]
 [ 9.7371514e-01  1.4187474e-01 -1.7745396e-01 -1.1811100e+03]
 [ 0.0000000e+00  0.0000000e+00  0.0000000e+00  1.0000000e+00]]
[+0153.09, +0017.32, -1115.19]
1111, 2213, 1157
[[-2.2577130e-01  5.9974590e-01 -7.6727430e-01  9.2090000e+01]
 [-2.2026600e-03  7.8760550e-01  6.1608838e-01  1.4122000e+02]
 [ 9.7385838e-01  1.4097730e-01 -1.7643124e-01 -1.1811100e+03]
 [ 0.0000000e+00  0.0000000e+00  0.0000000e+00  1.0000000e+00]]
[+0159.44, -0027.63, -1126.84]
1855, 1360, 1487
[[-2.2726260e-01  5.9970818e-01 -7.6698594e-01  9.2020000e+01]
 [-2.4341400e-03  7.8745980e-01  6.1630018e-01  1.4107000e+02]
 [ 9.7360742e-01  1.4206314e-01 -1.7745396e-01 -1.1810600e+03]
 [ 0.0000000e+00  0.0000000e+00  0.0000000e+00  1.0000000e+00]]
[+0058.12, +0048.95, -1103.42]
1550, 1238, 1520
[[-2.2648852e-01  6.0017096e-01 -7.6679828e-01  9.2110000e+01]
 [-3.2196400e-03  7.8704972e-01  6.1680824e-01  1.4112000e+02]
 [ 9.7374248e-01  1.4232916e-01 -1.7626980e-01 -1.1810900e+03]
 [ 0.0000000e+00  0.0000000e+00  0.0000000e+00  1.0000000e+00]]
[+0045.04, +0018.75, -1095.74]
1855, 1360, 1487
[[-2.2718314e-01  6.0011860e-01 -7.6674846e-01  9.2070000e+01]
 [-3.3019600e-03  7.8702776e-01  6.1686060e-01  1.4117000e+02]
 [ 9.7367070e-01  1.4277804e-01 -1.7678114e-01 -1.1810900e+03]
 [ 0.0000000e+00  0.0000000e+00  0.0000000e+00  1.0000000e+00]]
[+0059.83, +0050.30, -1103.25]
1797, 1382, 1044
[[-2.2638594e-01  6.0059398e-01 -7.6648552e-01  9.2140000e+01]
 [-2.4588200e-03  7.8682926e-01  6.1709032e-01  1.4117000e+02]
 [ 9.7375928e-01  1.4175112e-01 -1.7659284e-01 -1.1810600e+03]
 [ 0.0000000e+00  0.0000000e+00  0.0000000e+00  1.0000000e+00]]
[+0098.27, +0068.20, -1101.74]
1855, 1360, 1487
[[-2.2687540e-01  5.9996514e-01 -7.6696618e-01  9.2050000e+01]
 [-2.8524600e-03  7.8725484e-01  6.1657446e-01  1.4111000e+02]
 [ 9.7374902e-01  1.4217606e-01 -1.7686180e-01 -1.1810800e+03]
 [ 0.0000000e+00  0.0000000e+00  0.0000000e+00  1.0000000e+00]]
[+0058.00, +0048.82, -1103.37]
1697, 1766, 1528
[[-2.2598746e-01  6.0004916e-01 -7.6720522e-01  9.2060000e+01]
 [-3.1785200e-03  7.8725484e-01  6.1658204e-01  1.4116000e+02]
 [ 9.7398806e-01  1.4186092e-01 -1.7597386e-01 -1.1811000e+03]
 [ 0.0000000e+00  0.0000000e+00  0.0000000e+00  1.0000000e+00]]
[+0091.54, +0012.33, -1091.30]
1855, 1360, 1487
[[-2.2727400e-01  5.9996924e-01 -7.6659932e-01  9.2090000e+01]
 [-2.7758800e-03  7.8715230e-01  6.1665274e-01  1.4112000e+02]
 [ 9.7346284e-01  1.4249638e-01 -1.7715786e-01 -1.1810900e+03]
 [ 0.0000000e+00  0.0000000e+00  0.0000000e+00  1.0000000e+00]]
[+0059.29, +0049.68, -1103.14]
935, 2041, 1107
[[-2.2529320e-01  6.0073832e-01 -7.6670276e-01  9.2220000e+01]
 [-2.2540000e-03  7.8687254e-01  6.1703768e-01  1.4120000e+02]
 [ 9.7401980e-01  1.4090440e-01 -1.7586690e-01 -1.1811100e+03]
 [ 0.0000000e+00  0.0000000e+00  0.0000000e+00  1.0000000e+00]]
[+0157.05, -0038.46, -1121.81]
760, 1947, 1074
[[-2.2452040e-01  6.0134900e-01 -7.6646240e-01  9.2330000e+01]
 [-2.8926800e-03  7.8638136e-01  6.1766320e-01  1.4120000e+02]
 [ 9.7420576e-01  1.4105168e-01 -1.7476480e-01 -1.1811400e+03]
 [ 0.0000000e+00  0.0000000e+00  0.0000000e+00  1.0000000e+00]]
[+0151.08, -0049.21, -1121.78]
935, 2041, 1107
[[-2.2547536e-01  6.0044532e-01 -7.6690084e-01  9.2130000e+01]
 [-1.5032400e-03  7.8720120e-01  6.1662552e-01  1.4123000e+02]
 [ 9.7399652e-01  1.4033784e-01 -1.7653960e-01 -1.1810800e+03]
 [ 0.0000000e+00  0.0000000e+00  0.0000000e+00  1.0000000e+00]]
[+0156.80, -0038.04, -1121.83]
1033, 1934, 881
[[-2.2540762e-01  6.0111726e-01 -7.6627534e-01  9.2270000e+01]
 [-2.7138600e-03  7.8646230e-01  6.1753758e-01  1.4127000e+02]
 [ 9.7391606e-01  1.4148522e-01 -1.7557108e-01 -1.1811100e+03]
 [ 0.0000000e+00  0.0000000e+00  0.0000000e+00  1.0000000e+00]]
[+0161.38, -0013.77, -1109.87]
935, 2041, 1107
[[-2.2529320e-01  6.0049372e-01 -7.6695316e-01  9.2170000e+01]
 [-2.6010800e-03  7.8703430e-01  6.1684274e-01  1.4122000e+02]
 [ 9.7406524e-01  1.4109934e-01 -1.7570514e-01 -1.1811300e+03]
 [ 0.0000000e+00  0.0000000e+00  0.0000000e+00  1.0000000e+00]]
[+0156.78, -0039.05, -1122.27]
1091, 1666, 1351
[[-2.2599930e-01  6.0040716e-01 -7.6661932e-01  9.2120000e+01]
 [-3.3213200e-03  7.8686640e-01  6.1701156e-01  1.4119000e+02]
 [ 9.7374684e-01  1.4221652e-01 -1.7575866e-01 -1.1811100e+03]
 [ 0.0000000e+00  0.0000000e+00  0.0000000e+00  1.0000000e+00]]
[+0102.33, -0032.49, -1089.54]
935, 2041, 1107
[[-2.2499738e-01  6.0065244e-01 -7.6693212e-01  9.2200000e+01]
 [-2.5448400e-03  7.8695344e-01  6.1694964e-01  1.4122000e+02]
 [ 9.7414668e-01  1.4088996e-01 -1.7549018e-01 -1.1810900e+03]
 [ 0.0000000e+00  0.0000000e+00  0.0000000e+00  1.0000000e+00]]
[+0156.98, -0038.80, -1122.15]
1327, 1766, 1364
[[-2.2609000e-01  6.0021224e-01 -7.6681768e-01  9.2090000e+01]
 [-3.0456800e-03  7.8707160e-01  6.1676696e-01  1.4118000e+02]
 [ 9.7378376e-01  1.4197192e-01 -1.7605456e-01 -1.1811100e+03]
 [ 0.0000000e+00  0.0000000e+00  0.0000000e+00  1.0000000e+00]]
[+0107.44, -0010.77, -1087.74]
1868, 1605, 1606
[[-2.2755874e-01  5.9969730e-01 -7.6695542e-01  9.1980000e+01]
 [-2.3425800e-03  7.8745980e-01  6.1631106e-01  1.4116000e+02]
 [ 9.7357690e-01  1.4215470e-01 -1.7775010e-01 -1.1810500e+03]
 [ 0.0000000e+00  0.0000000e+00  0.0000000e+00  1.0000000e+00]]
[+0067.09, +0035.36, -1099.47]
1327, 1766, 1364
[[-2.2570344e-01  6.0052076e-01 -7.6694544e-01  9.2160000e+01]
 [-3.5156400e-03  7.8686640e-01  6.1708132e-01  1.4120000e+02]
 [ 9.7407296e-01  1.4204412e-01 -1.7546280e-01 -1.1811200e+03]
 [ 0.0000000e+00  0.0000000e+00  0.0000000e+00  1.0000000e+00]]
[+0109.39, -0012.72, -1088.17]
829, 1246, 2130
[[-2.2469012e-01  5.9995794e-01 -7.6750278e-01  9.2150000e+01]
 [-2.7377400e-03  7.8750316e-01  6.1623354e-01  1.4097000e+02]
 [ 9.7416762e-01  1.4071866e-01 -1.7524772e-01 -1.1810700e+03]
 [ 0.0000000e+00  0.0000000e+00  0.0000000e+00  1.0000000e+00]]
[+0036.79, -0067.99, -1166.13]
1327, 1766, 1364
[[-2.2638594e-01  6.0034930e-01 -7.6673606e-01  9.2170000e+01]
 [-2.8060600e-03  7.8699086e-01  6.1689550e-01  1.4119000e+02]
 [ 9.7380470e-01  1.4194594e-01 -1.7643124e-01 -1.1811000e+03]
 [ 0.0000000e+00  0.0000000e+00  0.0000000e+00  1.0000000e+00]]
[+0109.28, -0010.35, -1087.70]
1330, 900, 780
[[-2.2493128e-01  6.0186500e-01 -7.6595340e-01  9.2380000e+01]
 [-3.1130000e-03  7.8588950e-01  6.1829130e-01  1.4111000e+02]
 [ 9.7412340e-01  1.4160630e-01 -1.7484578e-01 -1.1811000e+03]
 [ 0.0000000e+00  0.0000000e+00  0.0000000e+00  1.0000000e+00]]
[+0077.41, +0064.44, -1081.77]
1327, 1766, 1364
[[-2.2549824e-01  6.0043328e-01 -7.6697488e-01  9.2160000e+01]
 [-3.1323200e-03  7.8699086e-01  6.1690318e-01  1.4117000e+02]
 [ 9.7404352e-01  1.4163058e-01 -1.7554354e-01 -1.1811200e+03]
 [ 0.0000000e+00  0.0000000e+00  0.0000000e+00  1.0000000e+00]]
[+0109.42, -0012.02, -1088.15]
1157, 1324, 1901
[[-2.2589668e-01  6.0009624e-01 -7.6705816e-01  9.2150000e+01]
 [-3.6021600e-03  7.8713038e-01  6.1670898e-01  1.4111000e+02]
 [ 9.7389976e-01  1.4222322e-01 -1.7559730e-01 -1.1810700e+03]
 [ 0.0000000e+00  0.0000000e+00  0.0000000e+00  1.0000000e+00]]
[+0034.70, -0043.94, -1123.97]
984, 944, 1703
[[-2.2461090e-01  6.0125058e-01 -7.6646196e-01  9.2310000e+01]
 [-2.4175800e-03  7.8650558e-01  6.1749604e-01  1.4109000e+02]
 [ 9.7414596e-01  1.4073004e-01 -1.7514148e-01 -1.1810400e+03]
 [ 0.0000000e+00  0.0000000e+00  0.0000000e+00  1.0000000e+00]]
[+0018.43, -0035.40, -1121.81]
1157, 1324, 1901
[[-2.2548660e-01  5.9997262e-01 -7.6726494e-01  9.2110000e+01]
 [-2.8867800e-03  7.8737910e-01  6.1639294e-01  1.4105000e+02]
 [ 9.7398886e-01  1.4135574e-01 -1.7575866e-01 -1.1810900e+03]
 [ 0.0000000e+00  0.0000000e+00  0.0000000e+00  1.0000000e+00]]
[+0035.77, -0044.41, -1123.72]
1328, 1720, 987
[[-2.2569156e-01  6.0079394e-01 -7.6648410e-01  9.2210000e+01]
 [-2.2287000e-03  7.8677004e-01  6.1715594e-01  1.4117000e+02]
 [ 9.7388206e-01  1.4118450e-01 -1.7616276e-01 -1.1810800e+03]
 [ 0.0000000e+00  0.0000000e+00  0.0000000e+00  1.0000000e+00]]
[+0136.57, +0014.18, -1089.32]
1157, 1324, 1901
[[-2.2570344e-01  6.0022492e-01 -7.6704808e-01  9.2140000e+01]
 [-3.8114800e-03  7.8702776e-01  6.1684592e-01  1.4108000e+02]
 [ 9.7397032e-01  1.4227952e-01 -1.7530144e-01 -1.1810900e+03]
 [ 0.0000000e+00  0.0000000e+00  0.0000000e+00  1.0000000e+00]]
[+0034.97, -0044.12, -1123.90]
2032, 930, 1895
[[-2.2896010e-01  5.9936322e-01 -7.6696984e-01  9.2000000e+01]
 [-3.5441400e-03  7.8743046e-01  6.1637952e-01  1.4100000e+02]
 [ 9.7337888e-01  1.4387496e-01 -1.7815540e-01 -1.1810600e+03]
 [ 0.0000000e+00  0.0000000e+00  0.0000000e+00  1.0000000e+00]]
[+0016.56, +0047.80, -1155.60]
1157, 1324, 1901
[[-2.2628340e-01  5.9998698e-01 -7.6702694e-01  9.2160000e+01]
 [-3.0356600e-03  7.8725484e-01  6.1655262e-01  1.4108000e+02]
 [ 9.7380978e-01  1.4199286e-01 -1.7626980e-01 -1.1810700e+03]
 [ 0.0000000e+00  0.0000000e+00  0.0000000e+00  1.0000000e+00]]
[+0036.89, -0043.23, -1122.17]
1595, 1600, 980
[[-2.2579410e-01  6.0066698e-01 -7.6669414e-01  9.2200000e+01]
 [-2.6935000e-03  7.8682926e-01  6.1710902e-01  1.4112000e+02]
 [ 9.7396790e-01  1.4152730e-01 -1.7600100e-01 -1.1811000e+03]
 [ 0.0000000e+00  0.0000000e+00  0.0000000e+00  1.0000000e+00]]
[+0122.85, +0045.78, -1092.16]
1598, 1955, 1286
[[-2.2587364e-01  5.9986356e-01 -7.6723392e-01  9.2110000e+01]
 [-2.3203200e-03  7.8750316e-01  6.1623636e-01  1.4109000e+02]
 [ 9.7389876e-01  1.4112528e-01 -1.7643124e-01 -1.1811200e+03]
 [ 0.0000000e+00  0.0000000e+00  0.0000000e+00  1.0000000e+00]]
[+0129.14, +0013.15, -1096.39]
1595, 1600, 980
[[-2.253050e-01  6.006585e-01 -7.667655e-01  9.220000e+01]
 [-3.142500e-03  7.868075e-01  6.171175e-01  1.411200e+02]
 [ 9.740175e-01  1.416095e-01 -1.753285e-01 -1.181120e+03]
 [ 0.000000e+00  0.000000e+00  0.000000e+00  1.000000e+00]]
[+0121.53, +0046.70, -1092.29]
1382, 1648, 926
[[-2.2530500e-01  6.0105090e-01 -7.6646370e-01  9.2300000e+01]
 [-2.6475000e-03  7.8656492e-01  6.1743014e-01  1.4121000e+02]
 [ 9.7402350e-01  1.4129686e-01 -1.7557108e-01 -1.1810900e+03]
 [ 0.0000000e+00  0.0000000e+00  0.0000000e+00  1.0000000e+00]]
[+0134.40, +0025.55, -1088.77]
1595, 1600, 980
[[-2.2598746e-01  6.0053848e-01 -7.6670426e-01  9.2190000e+01]
 [-2.4841600e-03  7.8693180e-01  6.1697192e-01  1.4115000e+02]
 [ 9.7389718e-01  1.4147104e-01 -1.7629690e-01 -1.1811000e+03]
 [ 0.0000000e+00  0.0000000e+00  0.0000000e+00  1.0000000e+00]]
[+0120.61, +0046.19, -1092.14]
1380, 1189, 1459
[[-2.2560082e-01  6.0035176e-01 -7.6683788e-01  9.2180000e+01]
 [-3.3466400e-03  7.8696902e-01  6.1689304e-01  1.4105000e+02]
 [ 9.7388468e-01  1.4193656e-01 -1.7546280e-01 -1.1810800e+03]
 [ 0.0000000e+00  0.0000000e+00  0.0000000e+00  1.0000000e+00]]
[+0046.20, +0008.24, -1090.54]
1595, 1600, 980
[[-2.2609000e-01  6.0065612e-01 -7.6666384e-01  9.2230000e+01]
 [-2.6018000e-03  7.8682926e-01  6.1711988e-01  1.4121000e+02]
 [ 9.7393760e-01  1.4161900e-01 -1.7629690e-01 -1.1810900e+03]
 [ 0.0000000e+00  0.0000000e+00  0.0000000e+00  1.0000000e+00]]
[+0123.17, +0045.96, -1092.40]
1913, 2166, 2148
[[-2.2794634e-01  5.9801594e-01 -7.6813040e-01  9.1840000e+01]
 [-3.7585000e-03  7.8854966e-01  6.1490456e-01  1.4110000e+02]
 [ 9.7346456e-01  1.4317360e-01 -1.7745744e-01 -1.1811400e+03]
 [ 0.0000000e+00  0.0000000e+00  0.0000000e+00  1.0000000e+00]]
[+0079.25, -0013.48, -1112.01]
2096, 2065, 1993
[[-2.2815114e-01  5.9868992e-01 -7.6740092e-01  9.1930000e+01]
 [-3.2475200e-03  7.8802358e-01  6.1555052e-01  1.4103000e+02]
 [ 9.7330532e-01  1.4312012e-01 -1.7777872e-01 -1.1811200e+03]
 [ 0.0000000e+00  0.0000000e+00  0.0000000e+00  1.0000000e+00]]
[+0080.00, +0017.17, -1107.32]
1913, 2166, 2148
[[-2.2676170e-01  5.9845312e-01 -7.6795066e-01  9.1930000e+01]
 [-3.6284000e-03  7.8830876e-01  6.1517312e-01  1.4106000e+02]
 [ 9.7359190e-01  1.4249560e-01 -1.7651370e-01 -1.1811200e+03]
 [ 0.0000000e+00  0.0000000e+00  0.0000000e+00  1.0000000e+00]]
[+0079.76, -0016.83, -1112.57]
1822, 1986, 2157
[[-2.2696650e-01  5.9878522e-01 -7.6767104e-01  9.2000000e+01]
 [-3.6644200e-03  7.8802358e-01  6.1554664e-01  1.4101000e+02]
 [ 9.7357544e-01  1.4271424e-01 -1.7659408e-01 -1.1811000e+03]
 [ 0.0000000e+00  0.0000000e+00  0.0000000e+00  1.0000000e+00]]
[+0061.32, -0018.66, -1115.14]
1913, 2166, 2148
[[-2.2795738e-01  5.9842542e-01 -7.6769312e-01  9.1910000e+01]
 [-3.9520200e-03  7.8816214e-01  6.1537512e-01  1.4109000e+02]
 [ 9.7337048e-01  1.4348928e-01 -1.7724148e-01 -1.1811100e+03]
 [ 0.0000000e+00  0.0000000e+00  0.0000000e+00  1.0000000e+00]]
[+0077.05, -0015.63, -1112.69]
1795, 2216, 1975
[[-2.2626100e-01  5.9902004e-01 -7.6795372e-01  9.1990000e+01]
 [-2.7954800e-03  7.8811110e-01  6.1549466e-01  1.4110000e+02]
 [ 9.7394564e-01  1.4147962e-01 -1.7661994e-01 -1.1811100e+03]
 [ 0.0000000e+00  0.0000000e+00  0.0000000e+00  1.0000000e+00]]
[+0100.89, -0018.15, -1108.30]
1913, 2166, 2148
[[-2.2805988e-01  5.9844614e-01 -7.6785234e-01  9.1950000e+01]
 [-4.2689400e-03  7.8813990e-01  6.1544578e-01  1.4102000e+02]
 [ 9.7350746e-01  1.4371482e-01 -1.7716122e-01 -1.1811100e+03]
 [ 0.0000000e+00  0.0000000e+00  0.0000000e+00  1.0000000e+00]]
[+0076.11, -0014.56, -1112.63]
1368, 1213, 1023
[[-2.2500922e-01  6.0106174e-01 -7.6649390e-01  9.2280000e+01]
 [-2.7392600e-03  7.8656492e-01  6.1741930e-01  1.4112000e+02]
 [ 9.7405370e-01  1.4120510e-01 -1.7527530e-01 -1.1811000e+03]
 [ 0.0000000e+00  0.0000000e+00  0.0000000e+00  1.0000000e+00]]
[+0086.06, +0036.75, -1077.72]
1525, 1176, 808
[[-2.2599930e-01  6.0085098e-01 -7.6646536e-01  9.2220000e+01]
 [-2.8775000e-03  7.8662406e-01  6.1736448e-01  1.4115000e+02]
 [ 9.7390080e-01  1.4186360e-01 -1.7600100e-01 -1.1810900e+03]
 [ 0.0000000e+00  0.0000000e+00  0.0000000e+00  1.0000000e+00]]
[+0101.84, +0068.25, -1090.92]
1368, 1213, 1023
[[-2.2648852e-01  6.0046692e-01 -7.6669568e-01  9.2150000e+01]
 [-2.9236800e-03  7.8688828e-01  6.1704348e-01  1.4112000e+02]
 [ 9.7384508e-01  1.4209392e-01 -1.7643124e-01 -1.1810800e+03]
 [ 0.0000000e+00  0.0000000e+00  0.0000000e+00  1.0000000e+00]]
[+0085.21, +0035.28, -1077.60]
1888, 1587, 1340
[[-2.2736506e-01  5.9952962e-01 -7.6704808e-01  9.1970000e+01]
 [-2.8478200e-03  7.8751862e-01  6.1621312e-01  1.4114000e+02]
 [ 9.7354528e-01  1.4244632e-01 -1.7729268e-01 -1.1810800e+03]
 [ 0.0000000e+00  0.0000000e+00  0.0000000e+00  1.0000000e+00]]
[+0090.50, +0052.53, -1098.92]
1368, 1213, 1023
[[-2.2570344e-01  6.0061736e-01 -7.6674620e-01  9.2190000e+01]
 [-3.3164000e-03  7.8678566e-01  6.1715864e-01  1.4115000e+02]
 [ 9.7397636e-01  1.4196680e-01 -1.7554354e-01 -1.1810800e+03]
 [ 0.0000000e+00  0.0000000e+00  0.0000000e+00  1.0000000e+00]]
[+0086.24, +0037.12, -1077.63]
1524, 845, 1200
[[-2.2560082e-01  6.0064760e-01 -7.6673528e-01  9.2170000e+01]
 [-3.0508000e-03  7.8680750e-01  6.1712840e-01  1.4111000e+02]
 [ 9.7398728e-01  1.4170120e-01 -1.7562432e-01 -1.1810900e+03]
 [ 0.0000000e+00  0.0000000e+00  0.0000000e+00  1.0000000e+00]]
[+0034.73, +0056.96, -1105.27]
1368, 1213, 1023
[[-2.2599930e-01  6.0070304e-01 -7.6651668e-01  9.2190000e+01]
 [-3.0254400e-03  7.8670488e-01  6.1724684e-01  1.4119000e+02]
 [ 9.7384948e-01  1.4198124e-01 -1.7592018e-01 -1.1811000e+03]
 [ 0.0000000e+00  0.0000000e+00  0.0000000e+00  1.0000000e+00]]
[+0087.42, +0036.60, -1077.61]
1815, 1301, 837
[[-2.2609000e-01  6.0075280e-01 -7.6646460e-01  9.2140000e+01]
 [-2.4025600e-03  7.8674840e-01  6.1719708e-01  1.4125000e+02]
 [ 9.7384092e-01  1.4154180e-01 -1.7637776e-01 -1.1810600e+03]
 [ 0.0000000e+00  0.0000000e+00  0.0000000e+00  1.0000000e+00]]
[+0109.39, +0082.61, -1111.97]
879, 1629, 879
[[-2.2430340e-01  6.0114772e-01 -7.6682796e-01  9.2270000e+01]
 [-2.0190000e-03  7.8673206e-01  6.1725122e-01  1.4121000e+02]
 [ 9.7437140e-01  1.4008770e-01 -1.7522250e-01 -1.1810800e+03]
 [ 0.0000000e+00  0.0000000e+00  0.0000000e+00  1.0000000e+00]]
[+0144.92, -0024.83, -1091.56]
1815, 1301, 837
[[-2.2648852e-01  6.0031894e-01 -7.6674698e-01  9.2100000e+01]
 [-3.0716600e-03  7.8696902e-01  6.1692586e-01  1.4110000e+02]
 [ 9.7379378e-01  1.4221154e-01 -1.7635050e-01 -1.1811000e+03]
 [ 0.0000000e+00  0.0000000e+00  0.0000000e+00  1.0000000e+00]]
[+0108.60, +0083.28, -1112.68]
1726, 1025, 1013
[[-2.2599930e-01  6.0075436e-01 -7.6666462e-01  9.2140000e+01]
 [-3.0767600e-03  7.8670488e-01  6.1728724e-01  1.4116000e+02]
 [ 9.7399742e-01  1.4194084e-01 -1.7592018e-01 -1.1810800e+03]
 [ 0.0000000e+00  0.0000000e+00  0.0000000e+00  1.0000000e+00]]
[+0068.55, +0076.82, -1106.54]
1815, 1301, 837
[[-2.2609000e-01  6.0060484e-01 -7.6651588e-01  9.2110000e+01]
 [-2.5505200e-03  7.8682926e-01  6.1707946e-01  1.4117000e+02]
 [ 9.7378964e-01  1.4165942e-01 -1.7629690e-01 -1.1811100e+03]
 [ 0.0000000e+00  0.0000000e+00  0.0000000e+00  1.0000000e+00]]
[+0109.49, +0082.55, -1112.11]
2016, 1768, 1666
[[-2.2785492e-01  5.9875216e-01 -7.6757960e-01  9.1880000e+01]
 [-3.3901600e-03  7.8802358e-01  6.1557970e-01  1.4111000e+02]
 [ 9.7348400e-01  1.4298850e-01 -1.7748250e-01 -1.1811200e+03]
 [ 0.0000000e+00  0.0000000e+00  0.0000000e+00  1.0000000e+00]]
[+0078.10, +0036.97, -1102.65]
1815, 1301, 837
[[-2.2579410e-01  6.0081492e-01 -7.6664286e-01  9.2150000e+01]
 [-2.5455600e-03  7.8674840e-01  6.1722668e-01  1.4115000e+02]
 [ 9.7401918e-01  1.4140964e-01 -1.7608186e-01 -1.1810900e+03]
 [ 0.0000000e+00  0.0000000e+00  0.0000000e+00  1.0000000e+00]]
[+0107.83, +0079.04, -1110.08]
835, 2024, 1715
[[-2.2517946e-01  5.9967068e-01 -7.6753396e-01  9.2070000e+01]
 [-2.5848400e-03  7.8768624e-01  6.1598948e-01  1.4117000e+02]
 [ 9.7401572e-01  1.4087156e-01 -1.7575866e-01 -1.1811000e+03]
 [ 0.0000000e+00  0.0000000e+00  0.0000000e+00  1.0000000e+00]]
[+0115.41, -0072.36, -1140.78]
1306, 874, 1659
[[-2.2599930e-01  6.0040716e-01 -7.6661932e-01  9.2130000e+01]
 [-3.3213200e-03  7.8686640e-01  6.1701156e-01  1.4110000e+02]
 [ 9.7374684e-01  1.4221652e-01 -1.7575866e-01 -1.1810900e+03]
 [ 0.0000000e+00  0.0000000e+00  0.0000000e+00  1.0000000e+00]]
[+0008.76, +0003.86, -1122.31]
835, 2024, 1715
[[-2.2508832e-01  5.9967232e-01 -7.6773376e-01  9.2070000e+01]
 [-3.2588800e-03  7.8764288e-01  6.1607936e-01  1.4116000e+02]
 [ 9.7417216e-01  1.4127104e-01 -1.7530144e-01 -1.1811300e+03]
 [ 0.0000000e+00  0.0000000e+00  0.0000000e+00  1.0000000e+00]]
[+0115.70, -0072.29, -1140.85]
774, 2013, 1420
[[-2.2470160e-01  6.0071448e-01 -7.6711016e-01  9.2210000e+01]
 [-2.6877600e-03  7.8695344e-01  6.1697928e-01  1.4120000e+02]
 [ 9.7432472e-01  1.4075784e-01 -1.7519440e-01 -1.1811000e+03]
 [ 0.0000000e+00  0.0000000e+00  0.0000000e+00  1.0000000e+00]]
[+0134.49, -0064.93, -1133.90]
835, 2024, 1715
[[-2.2566900e-01  5.9899062e-01 -7.6786634e-01  9.1970000e+01]
 [-2.9271800e-03  7.8811110e-01  6.1543266e-01  1.4113000e+02]
 [ 9.7385826e-01  1.4133706e-01 -1.7602794e-01 -1.1811200e+03]
 [ 0.0000000e+00  0.0000000e+00  0.0000000e+00  1.0000000e+00]]
[+0115.75, -0072.73, -1142.09]
1228, 2189, 1627
[[-2.2665936e-01  5.9917256e-01 -7.6753584e-01  9.1960000e+01]
 [-2.5713600e-03  7.8792822e-01  6.1569062e-01  1.4120000e+02]
 [ 9.7371064e-01  1.4168202e-01 -1.7699658e-01 -1.1811400e+03]
 [ 0.0000000e+00  0.0000000e+00  0.0000000e+00  1.0000000e+00]]
[+0127.59, -0042.88, -1119.00]
835, 2024, 1715
[[-2.2508832e-01  5.9991696e-01 -7.6748344e-01  9.2100000e+01]
 [-2.9118400e-03  7.8748152e-01  6.1627452e-01  1.4117000e+02]
 [ 9.7412664e-01  1.4107588e-01 -1.7546280e-01 -1.1810900e+03]
 [ 0.0000000e+00  0.0000000e+00  0.0000000e+00  1.0000000e+00]]
[+0113.35, -0071.32, -1139.84]
1951, 2207, 2217
[[-2.2891674e-01  5.9717896e-01 -7.6857640e-01  9.1700000e+01]
 [-3.1132000e-03  7.8922136e-01  6.1406396e-01  1.4108000e+02]
 [ 9.7330504e-01  1.4304380e-01 -1.7877874e-01 -1.1811300e+03]
 [ 0.0000000e+00  0.0000000e+00  0.0000000e+00  1.0000000e+00]]
[+0078.47, -0013.96, -1114.49]
2000, 1694, 2091
[[-2.2834498e-01  5.9861260e-01 -7.6755864e-01  9.1850000e+01]
 [-3.0898000e-03  7.8812600e-01  6.1545360e-01  1.4107000e+02]
 [ 9.7338264e-01  1.4302320e-01 -1.7807498e-01 -1.1811100e+03]
 [ 0.0000000e+00  0.0000000e+00  0.0000000e+00  1.0000000e+00]]
[+0044.12, +0017.40, -1117.87]
1951, 2207, 2217
[[-2.2823200e-01  5.9754416e-01 -7.6838888e-01  9.1760000e+01]
 [-3.4225600e-03  7.8893678e-01  6.1440476e-01  1.4110000e+02]
 [ 9.7338008e-01  1.4298916e-01 -1.7796978e-01 -1.1811400e+03]
 [ 0.0000000e+00  0.0000000e+00  0.0000000e+00  1.0000000e+00]]
[+0078.56, -0013.57, -1114.37]
1927, 2240, 2068
[[-2.2745632e-01  5.9825256e-01 -7.6795200e-01  9.1880000e+01]
 [-3.8594400e-03  7.8836702e-01  6.1510800e-01  1.4116000e+02]
 [ 9.7346880e-01  1.4306160e-01 -1.7694530e-01 -1.1811600e+03]
 [ 0.0000000e+00  0.0000000e+00  0.0000000e+00  1.0000000e+00]]
[+0093.06, -0008.07, -1109.30]
1951, 2207, 2217
[[-2.2833426e-01  5.9790690e-01 -7.6809834e-01  9.1770000e+01]
 [-3.1926600e-03  7.8867404e-01  6.1474790e-01  1.4107000e+02]
 [ 9.7337430e-01  1.4294234e-01 -1.7813026e-01 -1.1811200e+03]
 [ 0.0000000e+00  0.0000000e+00  0.0000000e+00  1.0000000e+00]]
[+0075.26, -0014.34, -1115.00]
2210, 2240, 2183
[[-2.2922340e-01  5.9757746e-01 -7.6810858e-01  9.1730000e+01]
 [-3.2152600e-03  7.8883452e-01  6.1454594e-01  1.4115000e+02]
 [ 9.7317998e-01  1.4345114e-01 -1.7885892e-01 -1.1811400e+03]
 [ 0.0000000e+00  0.0000000e+00  0.0000000e+00  1.0000000e+00]]
[+0081.95, +0006.95, -1113.07]
1951, 2207, 2217
[[-2.2675090e-01  5.9819150e-01 -7.6833690e-01  9.1850000e+01]
 [-3.2864200e-03  7.8861566e-01  6.1482030e-01  1.4109000e+02]
 [ 9.7373706e-01  1.4206242e-01 -1.7680980e-01 -1.1811300e+03]
 [ 0.0000000e+00  0.0000000e+00  0.0000000e+00  1.0000000e+00]]
[+0076.05, -0017.28, -1115.53]
2202, 836, 1091
[[-2.2805988e-01  5.9957400e-01 -7.6679860e-01  9.1940000e+01]
 [-2.7310000e-03  7.8741612e-01  6.1634280e-01  1.4112000e+02]
 [ 9.7337640e-01  1.4281780e-01 -1.7788500e-01 -1.1811000e+03]
 [ 0.0000000e+00  0.0000000e+00  0.0000000e+00  1.0000000e+00]]
[+0059.74, +0096.40, -1158.60]
1375, 940, 2158
[[-2.2716018e-01  5.9841168e-01 -7.6793126e-01  9.1840000e+01]
 [-3.8027200e-03  7.8828672e-01  6.1521456e-01  1.4108000e+02]
 [ 9.7355046e-01  1.4285264e-01 -1.7672946e-01 -1.1811100e+03]
 [ 0.0000000e+00  0.0000000e+00  0.0000000e+00  1.0000000e+00]]
[+0005.09, -0015.79, -1163.29]
2202, 836, 1091
[[-2.2835610e-01  5.9931806e-01 -7.6701862e-01  9.1890000e+01]
 [-2.9869400e-03  7.8757724e-01  6.1615906e-01  1.4116000e+02]
 [ 9.7339138e-01  1.4310406e-01 -1.7802010e-01 -1.1810900e+03]
 [ 0.0000000e+00  0.0000000e+00  0.0000000e+00  1.0000000e+00]]
[+0059.67, +0096.34, -1158.89]
2062, 771, 989
[[-2.2599930e-01  6.0016260e-01 -7.6686990e-01  9.2060000e+01]
 [-3.6685200e-03  7.8702776e-01  6.1681660e-01  1.4119000e+02]
 [ 9.7379214e-01  1.4241148e-01 -1.7559730e-01 -1.1811300e+03]
 [ 0.0000000e+00  0.0000000e+00  0.0000000e+00  1.0000000e+00]]
[+0059.79, +0096.55, -1152.27]
2202, 836, 1091
[[-2.2933642e-01  5.9889102e-01 -7.6702756e-01  9.1860000e+01]
 [-2.5342200e-03  7.8786270e-01  6.1578924e-01  1.4117000e+02]
 [ 9.7313684e-01  1.4329116e-01 -1.7912488e-01 -1.1811100e+03]
 [ 0.0000000e+00  0.0000000e+00  0.0000000e+00  1.0000000e+00]]
[+0060.93, +0096.26, -1157.87]
1937, 1903, 781
[[-2.2766120e-01  5.9976360e-01 -7.6676700e-01  9.1930000e+01]
 [-2.4088800e-03  7.8735734e-01  6.1641880e-01  1.4128000e+02]
 [ 9.7346916e-01  1.4234312e-01 -1.7775010e-01 -1.1812600e+03]
 [ 0.0000000e+00  0.0000000e+00  0.0000000e+00  1.0000000e+00]]
[+0149.54, +0060.13, -1130.87]
2202, 836, 1091
[[-2.2945012e-01  5.9917228e-01 -7.6680048e-01  9.1820000e+01]
 [-3.1923200e-03  7.8753308e-01  6.1621332e-01  1.4115000e+02]
 [ 9.7312908e-01  1.4395008e-01 -1.7874804e-01 -1.1812800e+03]
 [ 0.0000000e+00  0.0000000e+00  0.0000000e+00  1.0000000e+00]]
[+0060.37, +0096.42, -1158.77]
1958, 1664, 1463
[[-2.2795738e-01  5.9881848e-01 -7.6739130e-01  9.1800000e+01]
 [-3.4564800e-03  7.8792112e-01  6.1568760e-01  1.4116000e+02]
 [ 9.7337610e-01  1.4317680e-01 -1.7748250e-01 -1.1812900e+03]
 [ 0.0000000e+00  0.0000000e+00  0.0000000e+00  1.0000000e+00]]
[+0087.01, +0042.16, -1099.52]
1810, 1988, 1441
[[-2.2815114e-01  5.9883804e-01 -7.6734970e-01  9.1820000e+01]
 [-3.0994000e-03  7.8794316e-01  6.1566804e-01  1.4120000e+02]
 [ 9.7335654e-01  1.4300260e-01 -1.7785914e-01 -1.1812900e+03]
 [ 0.0000000e+00  0.0000000e+00  0.0000000e+00  1.0000000e+00]]
[+0119.22, +0017.26, -1098.48]
1958, 1664, 1463
[[-2.2905120e-01  5.9872400e-01 -7.6732160e-01  9.1790000e+01]
 [-3.7134400e-03  7.8787680e-01  6.1578208e-01  1.4118000e+02]
 [ 9.7326208e-01  1.4398240e-01 -1.7821056e-01 -1.1812900e+03]
 [ 0.0000000e+00  0.0000000e+00  0.0000000e+00  1.0000000e+00]]
[+0083.46, +0045.45, -1100.58]
1676, 1535, 1464
[[-2.2757010e-01  5.9907572e-01 -7.6737194e-01  9.1820000e+01]
 [-3.8745200e-03  7.8771608e-01  6.1596164e-01  1.4116000e+02]
 [ 9.7351754e-01  1.4329004e-01 -1.7689018e-01 -1.1813200e+03]
 [ 0.0000000e+00  0.0000000e+00  0.0000000e+00  1.0000000e+00]]
[+0074.21, +0022.87, -1090.14]
1958, 1664, 1463
[[-2.2854986e-01  5.9869950e-01 -7.6752948e-01  9.1750000e+01]
 [-3.4729800e-03  7.8800150e-01  6.1563236e-01  1.4119000e+02]
 [ 9.7341180e-01  1.4343700e-01 -1.7799460e-01 -1.1813000e+03]
 [ 0.0000000e+00  0.0000000e+00  0.0000000e+00  1.0000000e+00]]
[+0086.03, +0047.85, -1100.79]
1952, 1680, 1751
[[-2.2854986e-01  5.9810694e-01 -7.6773444e-01  9.1720000e+01]
 [-4.0655400e-03  7.8832262e-01  6.1516228e-01  1.4117000e+02]
 [ 9.7320684e-01  1.4390708e-01 -1.7767348e-01 -1.1813000e+03]
 [ 0.0000000e+00  0.0000000e+00  0.0000000e+00  1.0000000e+00]]
[+0063.88, +0029.03, -1103.73]
1958, 1664, 1463
[[-2.2854986e-01  5.9884764e-01 -7.6747824e-01  9.1790000e+01]
 [-3.3248400e-03  7.8792112e-01  6.1574988e-01  1.4121000e+02]
 [ 9.7346304e-01  1.4331948e-01 -1.7807498e-01 -1.1812900e+03]
 [ 0.0000000e+00  0.0000000e+00  0.0000000e+00  1.0000000e+00]]
[+0089.08, +0048.29, -1100.70]
1994, 1192, 750
[[-2.2827680e-01  5.9967696e-01 -7.6663368e-01  9.1920000e+01]
 [-3.8030400e-03  7.8714464e-01  6.1667944e-01  1.4119000e+02]
 [ 9.7330632e-01  1.4385944e-01 -1.7734720e-01 -1.1812800e+03]
 [ 0.0000000e+00  0.0000000e+00  0.0000000e+00  1.0000000e+00]]
[+0107.00, +0098.08, -1136.20]
