950, 950, 950
[[-1.7190532e-01  4.4359816e-01 -8.7931544e-01  5.3630000e+01]
 [-1.2962960e-02  8.9174510e-01  4.5230398e-01  1.7189000e+02]
 [ 9.8478776e-01  8.9261420e-02 -1.4751858e-01 -1.1649300e+03]
 [ 0.0000000e+00  0.0000000e+00  0.0000000e+00  1.0000000e+00]]
[+0061.83, +0037.43, -1046.46]
1584, 1122, 1457
[[-1.7355178e-01  4.4167650e-01 -8.7991292e-01  5.3410000e+01]
 [-1.3017300e-02  8.9264350e-01  4.5051900e-01  1.7178000e+02]
 [ 9.8445692e-01  8.9770200e-02 -1.4913928e-01 -1.1649100e+03]
 [ 0.0000000e+00  0.0000000e+00  0.0000000e+00  1.0000000e+00]]
[+0028.08, +0058.82, -1078.34]
1531, 981, 839
[[-1.7406096e-01  4.4292696e-01 -8.7930432e-01  5.3320000e+01]
 [-1.3374720e-02  8.9196134e-01  4.5187894e-01  1.7178000e+02]
 [ 9.8447016e-01  9.0494020e-02 -1.4931226e-01 -1.1651800e+03]
 [ 0.0000000e+00  0.0000000e+00  0.0000000e+00  1.0000000e+00]]
[+0058.21, +0105.19, -1075.37]
1584, 1122, 1457
[[-1.7347210e-01  4.4235748e-01 -8.7977736e-01  5.3340000e+01]
 [-1.3160600e-02  8.9231024e-01  4.5120852e-01  1.7200000e+02]
 [ 9.8463960e-01  8.9901000e-02 -1.4895690e-01 -1.1649100e+03]
 [ 0.0000000e+00  0.0000000e+00  0.0000000e+00  1.0000000e+00]]
[+0027.49, +0058.54, -1078.50]
1715, 1222, 1423
[[-1.7310178e-01  4.4164450e-01 -8.7997508e-01  5.3430000e+01]
 [-1.3695700e-02  8.9261334e-01  4.5055100e-01  1.7180000e+02]
 [ 9.8448892e-01  9.0188200e-02 -1.4842888e-01 -1.1648800e+03]
 [ 0.0000000e+00  0.0000000e+00  0.0000000e+00  1.0000000e+00]]
[+0038.53, +0073.65, -1079.13]
1584, 1122, 1457
[[-1.7347920e-01  4.4184892e-01 -8.7986916e-01  5.3440000e+01]
 [-1.2594360e-02  8.9260080e-01  4.5062068e-01  1.7178000e+02]
 [ 9.8450068e-01  8.9370840e-02 -1.4925456e-01 -1.1648400e+03]
 [ 0.0000000e+00  0.0000000e+00  0.0000000e+00  1.0000000e+00]]
[+0027.27, +0056.67, -1078.49]
1086, 1743, 1357
[[-1.7169384e-01  4.4207856e-01 -8.8012236e-01  5.3480000e+01]
 [-1.2872640e-02  8.9254310e-01  4.5073028e-01  1.7185000e+02]
 [ 9.8482644e-01  8.8825880e-02 -1.4752690e-01 -1.1649000e+03]
 [ 0.0000000e+00  0.0000000e+00  0.0000000e+00  1.0000000e+00]]
[+0112.67, +0004.47, -1075.42]
1584, 1122, 1457
[[-1.7302912e-01  4.4170432e-01 -8.8011632e-01  5.3430000e+01]
 [-1.3457920e-02  8.9262846e-01  4.5055628e-01  1.7178000e+02]
 [ 9.8464528e-01  8.9885320e-02 -1.4848642e-01 -1.1648900e+03]
 [ 0.0000000e+00  0.0000000e+00  0.0000000e+00  1.0000000e+00]]
[+0026.53, +0059.44, -1079.20]
2028, 1171, 1724
[[-1.7474282e-01  4.4049144e-01 -8.8025760e-01  5.3280000e+01]
 [-1.3984560e-02  8.9310302e-01  4.4957620e-01  1.7169000e+02]
 [ 9.8422080e-01  9.1003400e-02 -1.4987080e-01 -1.1649000e+03]
 [ 0.0000000e+00  0.0000000e+00  0.0000000e+00  1.0000000e+00]]
[+0013.79, +0076.41, -1110.52]
2169, 1304, 1495
[[-1.7533858e-01  4.4107196e-01 -8.8006488e-01  5.3310000e+01]
 [-1.3258840e-02  8.9287358e-01  4.5009216e-01  1.7174000e+02]
 [ 9.8431848e-01  9.0632640e-02 -1.5069600e-01 -1.1648700e+03]
 [ 0.0000000e+00  0.0000000e+00  0.0000000e+00  1.0000000e+00]]
[+0037.72, +0099.89, -1107.00]
2028, 1171, 1724
[[-1.7444500e-01  4.4109470e-01 -8.8013610e-01  5.3360000e+01]
 [-1.3453900e-02  8.9287358e-01  4.5006942e-01  1.7172000e+02]
 [ 9.8438970e-01  9.0437580e-02 -1.4980242e-01 -1.1648700e+03]
 [ 0.0000000e+00  0.0000000e+00  0.0000000e+00  1.0000000e+00]]
[+0014.61, +0072.12, -1108.70]
1932, 1778, 2020
[[-1.7429988e-01  4.4028492e-01 -8.8048748e-01  5.3280000e+01]
 [-1.3835320e-02  8.9324814e-01  4.4929938e-01  1.7172000e+02]
 [ 9.8433612e-01  9.0612020e-02 -1.4957298e-01 -1.1648800e+03]
 [ 0.0000000e+00  0.0000000e+00  0.0000000e+00  1.0000000e+00]]
[+0048.07, +0030.35, -1089.28]
2028, 1171, 1724
[[-1.7437242e-01  4.4126728e-01 -8.8009226e-01  5.3370000e+01]
 [-1.3030880e-02  8.9283120e-01  4.5017096e-01  1.7174000e+02]
 [ 9.8443354e-01  9.0038240e-02 -1.4991738e-01 -1.1648500e+03]
 [ 0.0000000e+00  0.0000000e+00  0.0000000e+00  1.0000000e+00]]
[+0016.40, +0075.27, -1108.34]
887, 1300, 1093
[[-1.7198440e-01  4.4295360e-01 -8.7960040e-01  5.3600000e+01]
 [-1.2855360e-02  8.9207920e-01  4.5164352e-01  1.7188000e+02]
 [ 9.8475352e-01  8.9102400e-02 -1.4770024e-01 -1.1648900e+03]
 [ 0.0000000e+00  0.0000000e+00  0.0000000e+00  1.0000000e+00]]
[+0093.91, +0009.20, -1056.57]
2028, 1171, 1724
[[-1.7481544e-01  4.4061664e-01 -8.8022896e-01  5.3280000e+01]
 [-1.4109760e-02  8.9303040e-01  4.4972512e-01  1.7168000e+02]
 [ 9.8424944e-01  9.1152320e-02 -1.4987080e-01 -1.1648800e+03]
 [ 0.0000000e+00  0.0000000e+00  0.0000000e+00  1.0000000e+00]]
[+0013.63, +0076.39, -1110.66]
1589, 2151, 1440
[[-1.7333416e-01  4.4092668e-01 -8.8040572e-01  5.3340000e+01]
 [-1.3160520e-02  8.9303374e-01  4.4975418e-01  1.7184000e+02]
 [ 9.8455948e-01  8.9641980e-02 -1.4896666e-01 -1.1649100e+03]
 [ 0.0000000e+00  0.0000000e+00  0.0000000e+00  1.0000000e+00]]
[+0127.44, +0037.90, -1088.24]
873, 2032, 1807
[[-1.7259400e-01  4.4128620e-01 -8.8036540e-01  5.3430000e+01]
 [-1.2444600e-02  8.9294838e-01  4.4994294e-01  1.7180000e+02]
 [ 9.8469380e-01  8.8713060e-02 -1.4860162e-01 -1.1648500e+03]
 [ 0.0000000e+00  0.0000000e+00  0.0000000e+00  1.0000000e+00]]
[+0112.34, -0033.58, -1122.97]
1589, 2151, 1440
[[-1.7392960e-01  4.4065016e-01 -8.8057992e-01  5.3300000e+01]
 [-1.3364560e-02  8.9314862e-01  4.4954736e-01  1.7183000e+02]
 [ 9.8458872e-01  8.9993760e-02 -1.4944722e-01 -1.1649000e+03]
 [ 0.0000000e+00  0.0000000e+00  0.0000000e+00  1.0000000e+00]]
[+0125.68, +0041.95, -1087.56]
1639, 1667, 1383
[[-1.7325412e-01  4.4142266e-01 -8.8015790e-01  5.3390000e+01]
 [-1.3416340e-02  8.9275862e-01  4.5028970e-01  1.7181000e+02]
 [ 9.8455670e-01  8.9926900e-02 -1.4872650e-01 -1.1649000e+03]
 [ 0.0000000e+00  0.0000000e+00  0.0000000e+00  1.0000000e+00]]
[+0082.17, +0062.06, -1069.84]
1589, 2151, 1440
[[-1.7303650e-01  4.4078536e-01 -8.8046548e-01  5.3320000e+01]
 [-1.3374320e-02  8.9309120e-01  4.4962136e-01  1.7181000e+02]
 [ 9.8454676e-01  8.9702320e-02 -1.4861154e-01 -1.1649000e+03]
 [ 0.0000000e+00  0.0000000e+00  0.0000000e+00  1.0000000e+00]]
[+0125.54, +0041.84, -1087.44]
1919, 2112, 2070
[[-1.7497608e-01  4.3977376e-01 -8.8068740e-01  5.3170000e+01]
 [-1.3450240e-02  8.9352278e-01  4.4877880e-01  1.7170000e+02]
 [ 9.8429180e-01  9.0456400e-02 -1.5040930e-01 -1.1649000e+03]
 [ 0.0000000e+00  0.0000000e+00  0.0000000e+00  1.0000000e+00]]
[+0071.78, +0026.39, -1088.87]
1589, 2151, 1440
[[-1.7355940e-01  4.4094276e-01 -8.8037468e-01  5.3350000e+01]
 [-1.2821400e-02  8.9304870e-01  4.4973810e-01  1.7184000e+02]
 [ 9.8454340e-01  8.9432820e-02 -1.4932186e-01 -1.1648800e+03]
 [ 0.0000000e+00  0.0000000e+00  0.0000000e+00  1.0000000e+00]]
[+0126.66, +0039.46, -1088.00]
1464, 1250, 1100
[[-1.7236138e-01  4.4245030e-01 -8.7982542e-01  5.3500000e+01]
 [-1.2533900e-02  8.9235500e-01  4.5111570e-01  1.7184000e+02]
 [ 9.8473242e-01  8.8883100e-02 -1.4823738e-01 -1.1648800e+03]
 [ 0.0000000e+00  0.0000000e+00  0.0000000e+00  1.0000000e+00]]
[+0067.69, +0072.60, -1062.53]
1778, 1489, 864
[[-1.7399476e-01  4.4177062e-01 -8.7986806e-01  5.3430000e+01]
 [-1.3351540e-02  8.9255580e-01  4.5069898e-01  1.7185000e+02]
 [ 9.8445458e-01  9.0258260e-02 -1.4937940e-01 -1.1648900e+03]
 [ 0.0000000e+00  0.0000000e+00  0.0000000e+00  1.0000000e+00]]
[+0099.85, +0111.48, -1092.14]
1464, 1250, 1100
[[-1.7250666e-01  4.4199352e-01 -8.8009808e-01  5.3490000e+01]
 [-1.3564720e-02  8.9249822e-01  4.5081532e-01  1.7182000e+02]
 [ 9.8475728e-01  8.9778520e-02 -1.4794888e-01 -1.1648900e+03]
 [ 0.0000000e+00  0.0000000e+00  0.0000000e+00  1.0000000e+00]]
[+0066.23, +0072.02, -1062.58]
2127, 1413, 2152
[[-1.7705424e-01  4.3914876e-01 -8.8053452e-01  5.3090000e+01]
 [-1.4568920e-02  8.9363256e-01  4.4851656e-01  1.7157000e+02]
 [ 9.8385996e-01  9.2345680e-02 -1.5179784e-01 -1.1648200e+03]
 [ 0.0000000e+00  0.0000000e+00  0.0000000e+00  1.0000000e+00]]
[+0016.15, +0048.73, -1113.67]
1464, 1250, 1100
[[-1.7310178e-01  4.4220336e-01 -8.7968092e-01  5.3490000e+01]
 [-1.3064160e-02  8.9238294e-01  4.5102336e-01  1.7183000e+02]
 [ 9.8448548e-01  8.9715840e-02 -1.4865928e-01 -1.1648600e+03]
 [ 0.0000000e+00  0.0000000e+00  0.0000000e+00  1.0000000e+00]]
[+0067.82, +0072.36, -1062.39]
940, 2125, 1293
[[-1.7296404e-01  4.4155296e-01 -8.8027688e-01  5.3430000e+01]
 [-1.2356080e-02  8.9281830e-01  4.5022446e-01  1.7188000e+02]
 [ 9.8473536e-01  8.8801580e-02 -1.4895690e-01 -1.1648900e+03]
 [ 0.0000000e+00  0.0000000e+00  0.0000000e+00  1.0000000e+00]]
[+0148.67, -0000.79, -1111.33]
1464, 1250, 1100
[[-1.7310178e-01  4.4220336e-01 -8.7968092e-01  5.3490000e+01]
 [-1.3064160e-02  8.9238294e-01  4.5102336e-01  1.7184000e+02]
 [ 9.8448548e-01  8.9715840e-02 -1.4865928e-01 -1.1648700e+03]
 [ 0.0000000e+00  0.0000000e+00  0.0000000e+00  1.0000000e+00]]
[+0066.86, +0074.88, -1063.28]
1474, 1746, 1545
[[-1.7288392e-01  4.4115608e-01 -8.8024644e-01  5.3380000e+01]
 [-1.3504880e-02  8.9288870e-01  4.5000804e-01  1.7180000e+02]
 [ 9.8451516e-01  8.9838360e-02 -1.4837138e-01 -1.1649100e+03]
 [ 0.0000000e+00  0.0000000e+00  0.0000000e+00  1.0000000e+00]]
[+0084.66, +0028.87, -1070.71]
1304, 1995, 1333
[[-1.7281138e-01  4.4151342e-01 -8.8031520e-01  5.3420000e+01]
 [-1.2969420e-02  8.9278862e-01  4.5026400e-01  1.7185000e+02]
 [ 9.8474400e-01  8.9284800e-02 -1.4854400e-01 -1.1648800e+03]
 [ 0.0000000e+00  0.0000000e+00  0.0000000e+00  1.0000000e+00]]
[+0129.05, +0024.59, -1083.43]
1474, 1746, 1545
[[-1.7392210e-01  4.4108626e-01 -8.8019098e-01  5.3390000e+01]
 [-1.3858060e-02  8.9285838e-01  4.5007786e-01  1.7180000e+02]
 [ 9.8442938e-01  9.0581660e-02 -1.4914948e-01 -1.1649000e+03]
 [ 0.0000000e+00  0.0000000e+00  0.0000000e+00  1.0000000e+00]]
[+0082.38, +0030.03, -1070.44]
1543, 1582, 1295
[[-1.7310900e-01  4.4161852e-01 -8.8010664e-01  5.3420000e+01]
 [-1.2719280e-02  8.9273100e-01  4.5036796e-01  1.7183000e+02]
 [ 9.8460796e-01  8.9253360e-02 -1.4889924e-01 -1.1648900e+03]
 [ 0.0000000e+00  0.0000000e+00  0.0000000e+00  1.0000000e+00]]
[+0082.52, +0060.37, -1066.35]
1474, 1746, 1545
[[-1.7318154e-01  4.4129736e-01 -8.8018666e-01  5.3390000e+01]
 [-1.3291040e-02  8.9283120e-01  4.5014088e-01  1.7180000e+02]
 [ 9.8452794e-01  8.9778080e-02 -1.4872650e-01 -1.1648800e+03]
 [ 0.0000000e+00  0.0000000e+00  0.0000000e+00  1.0000000e+00]]
[+0084.67, +0028.41, -1070.67]
1957, 2030, 1492
[[-1.7475060e-01  4.4035338e-01 -8.8057386e-01  5.3260000e+01]
 [-1.3193460e-02  8.9327846e-01  4.4929582e-01  1.7180000e+02]
 [ 9.8445282e-01  9.0164860e-02 -1.5028330e-01 -1.1648900e+03]
 [ 0.0000000e+00  0.0000000e+00  0.0000000e+00  1.0000000e+00]]
[+0101.70, +0071.60, -1085.25]
1474, 1746, 1545
[[-1.7332674e-01  4.4113782e-01 -8.8038692e-01  5.3380000e+01]
 [-1.4024420e-02  8.9285838e-01  4.5009132e-01  1.7180000e+02]
 [ 9.8462532e-01  9.0422920e-02 -1.4855412e-01 -1.1649000e+03]
 [ 0.0000000e+00  0.0000000e+00  0.0000000e+00  1.0000000e+00]]
[+0083.45, +0026.82, -1070.74]
1444, 1730, 1513
[[-1.7332674e-01  4.4154796e-01 -8.8012914e-01  5.3410000e+01]
 [-1.3541640e-02  8.9268600e-01  4.5043852e-01  1.7181000e+02]
 [ 9.8458546e-01  9.0075720e-02 -1.4872650e-01 -1.1648900e+03]
 [ 0.0000000e+00  0.0000000e+00  0.0000000e+00  1.0000000e+00]]
[+0087.30, +0027.28, -1069.89]
901, 2032, 1804
[[-1.7266642e-01  4.4085256e-01 -8.8063026e-01  5.3390000e+01]
 [-1.3201360e-02  8.9310620e-01  4.4961912e-01  1.7180000e+02]
 [ 9.8472654e-01  8.9334480e-02 -1.4837138e-01 -1.1649000e+03]
 [ 0.0000000e+00  0.0000000e+00  0.0000000e+00  1.0000000e+00]]
[+0113.32, -0032.34, -1120.61]
1444, 1730, 1513
[[-1.7340666e-01  4.4131340e-01 -8.8015562e-01  5.3400000e+01]
 [-1.2951880e-02  8.9284620e-01  4.5012484e-01  1.7181000e+02]
 [ 9.8451190e-01  8.9569000e-02 -1.4908170e-01 -1.1648800e+03]
 [ 0.0000000e+00  0.0000000e+00  0.0000000e+00  1.0000000e+00]]
[+0085.79, +0031.62, -1069.45]
754, 865, 1128
[[-1.7175972e-01  4.4353252e-01 -8.7948568e-01  5.3670000e+01]
 [-1.2599920e-02  8.9183276e-01  4.5216092e-01  1.7188000e+02]
 [ 9.8491492e-01  8.8809680e-02 -1.4757652e-01 -1.1648900e+03]
 [ 0.0000000e+00  0.0000000e+00  0.0000000e+00  1.0000000e+00]]
[+0046.76, -0000.87, -1057.26]
1444, 1730, 1513
[[-1.7318154e-01  4.4118482e-01 -8.8037176e-01  5.3360000e+01]
 [-1.3476140e-02  8.9288870e-01  4.5004432e-01  1.7179000e+02]
 [ 9.8464048e-01  8.9874640e-02 -1.4866900e-01 -1.1649100e+03]
 [ 0.0000000e+00  0.0000000e+00  0.0000000e+00  1.0000000e+00]]
[+0086.02, +0030.41, -1069.64]
1368, 1959, 1133
[[-1.7266642e-01  4.4156034e-01 -8.8030036e-01  5.3410000e+01]
 [-1.2421140e-02  8.9281830e-01  4.5021708e-01  1.7185000e+02]
 [ 9.8475884e-01  8.8736520e-02 -1.4865928e-01 -1.1648800e+03]
 [ 0.0000000e+00  0.0000000e+00  0.0000000e+00  1.0000000e+00]]
[+0135.60, +0045.48, -1083.48]
1444, 1730, 1513
[[-1.7392210e-01  4.4123512e-01 -8.8015466e-01  5.3380000e+01]
 [-1.3709200e-02  8.9280096e-01  4.5020312e-01  1.7180000e+02]
 [ 9.8446570e-01  9.0456400e-02 -1.4920690e-01 -1.1648900e+03]
 [ 0.0000000e+00  0.0000000e+00  0.0000000e+00  1.0000000e+00]]
[+0083.87, +0030.30, -1069.51]
1066, 1039, 2219
[[-1.7295650e-01  4.4072250e-01 -8.8051170e-01  5.3360000e+01]
 [-1.4261700e-02  8.9304572e-01  4.4968422e-01  1.7166000e+02]
 [ 9.8454750e-01  9.0459780e-02 -1.4814178e-01 -1.1648700e+03]
 [ 0.0000000e+00  0.0000000e+00  0.0000000e+00  1.0000000e+00]]
[+0016.30, -0025.07, -1145.46]
1032, 779, 2229
[[-1.7281138e-01  4.4106702e-01 -8.8042398e-01  5.3400000e+01]
 [-1.3415820e-02  8.9296124e-01  4.4988798e-01  1.7166000e+02]
 [ 9.8463522e-01  8.9660820e-02 -1.4837138e-01 -1.1648300e+03]
 [ 0.0000000e+00  0.0000000e+00  0.0000000e+00  1.0000000e+00]]
[+0005.12, -0016.81, -1161.22]
1066, 1039, 2219
[[-1.7310900e-01  4.4079812e-01 -8.8062184e-01  5.3370000e+01]
 [-1.3684720e-02  8.9307612e-01  4.4967356e-01  1.7167000e+02]
 [ 9.8468804e-01  8.9947760e-02 -1.4855412e-01 -1.1648600e+03]
 [ 0.0000000e+00  0.0000000e+00  0.0000000e+00  1.0000000e+00]]
[+0016.96, -0024.52, -1144.09]
1136, 1017, 1918
[[-1.7265892e-01  4.4203286e-01 -8.8005966e-01  5.3480000e+01]
 [-1.2951340e-02  8.9252822e-01  4.5077598e-01  1.7178000e+02]
 [ 9.8474886e-01  8.9295420e-02 -1.4836170e-01 -1.1648800e+03]
 [ 0.0000000e+00  0.0000000e+00  0.0000000e+00  1.0000000e+00]]
[+0014.57, -0010.29, -1110.37]
1066, 1039, 2219
[[-1.7288392e-01  4.4074596e-01 -8.8050408e-01  5.3370000e+01]
 [-1.3987560e-02  8.9306096e-01  4.4966076e-01  1.7167000e+02]
 [ 9.8455512e-01  9.0185640e-02 -1.4819912e-01 -1.1648600e+03]
 [ 0.0000000e+00  0.0000000e+00  0.0000000e+00  1.0000000e+00]]
[+0016.42, -0025.13, -1145.47]
782, 1072, 2149
[[-1.7176642e-01  4.4250140e-01 -8.8002090e-01  5.3570000e+01]
 [-1.2700600e-02  8.9235500e-01  4.5112980e-01  1.7182000e+02]
 [ 9.8492790e-01  8.8723800e-02 -1.4764242e-01 -1.1648900e+03]
 [ 0.0000000e+00  0.0000000e+00  0.0000000e+00  1.0000000e+00]]
[+0031.95, -0039.85, -1147.53]
1066, 1039, 2219
[[-1.7333416e-01  4.4036756e-01 -8.8069952e-01  5.3370000e+01]
 [-1.3792120e-02  8.9326334e-01  4.4928164e-01  1.7159000e+02]
 [ 9.8456336e-01  9.0114520e-02 -1.4873706e-01 -1.1648600e+03]
 [ 0.0000000e+00  0.0000000e+00  0.0000000e+00  1.0000000e+00]]
[+0016.04, -0024.60, -1145.17]
1479, 1146, 2087
[[-1.7339940e-01  4.4111432e-01 -8.8039456e-01  5.3380000e+01]
 [-1.4298560e-02  8.9284310e-01  4.5011482e-01  1.7174000e+02]
 [ 9.8461768e-01  9.0697060e-02 -1.4849674e-01 -1.1648900e+03]
 [ 0.0000000e+00  0.0000000e+00  0.0000000e+00  1.0000000e+00]]
[+0008.92, +0009.93, -1115.38]
1336, 913, 1673
[[-1.7183904e-01  4.4214432e-01 -8.7995224e-01  5.3500000e+01]
 [-1.3235840e-02  8.9245560e-01  4.5087348e-01  1.7178000e+02]
 [ 9.8469912e-01  8.9277560e-02 -1.4746920e-01 -1.1648900e+03]
 [ 0.0000000e+00  0.0000000e+00  0.0000000e+00  1.0000000e+00]]
[+0005.55, +0025.09, -1095.06]
1479, 1146, 2087
[[-1.7496810e-01  4.4054382e-01 -8.8037516e-01  5.3290000e+01]
 [-1.3681780e-02  8.9311830e-01  4.4958876e-01  1.7165000e+02]
 [ 9.8435364e-01  9.0765560e-02 -1.5022596e-01 -1.1649000e+03]
 [ 0.0000000e+00  0.0000000e+00  0.0000000e+00  1.0000000e+00]]
[+0006.81, +0006.61, -1119.37]
1250, 1192, 2139
[[-1.7318154e-01  4.4088718e-01 -8.8044432e-01  5.3370000e+01]
 [-1.3773780e-02  8.9300358e-01  4.4979368e-01  1.7168000e+02]
 [ 9.8456792e-01  9.0125280e-02 -1.4855412e-01 -1.1648700e+03]
 [ 0.0000000e+00  0.0000000e+00  0.0000000e+00  1.0000000e+00]]
[+0017.73, -0016.54, -1125.65]
1479, 1146, 2087
[[-1.7429250e-01  4.4120388e-01 -8.8013866e-01  5.3370000e+01]
 [-1.3918280e-02  8.9278572e-01  4.5023436e-01  1.7172000e+02]
 [ 9.8443446e-01  9.0795560e-02 -1.4944722e-01 -1.1648800e+03]
 [ 0.0000000e+00  0.0000000e+00  0.0000000e+00  1.0000000e+00]]
[+0007.90, +0008.65, -1117.03]
1527, 1852, 1672
[[-1.7377690e-01  4.4087202e-01 -8.8039724e-01  5.3340000e+01]
 [-1.3643820e-02  8.9300358e-01  4.4980884e-01  1.7179000e+02]
 [ 9.8452084e-01  9.0255240e-02 -1.4914948e-01 -1.1649300e+03]
 [ 0.0000000e+00  0.0000000e+00  0.0000000e+00  1.0000000e+00]]
[+0087.54, +0025.48, -1074.93]
1479, 1146, 2087
[[-1.7422738e-01  4.4090418e-01 -8.8033492e-01  5.3350000e+01]
 [-1.2965580e-02  8.9303374e-01  4.4977668e-01  1.7169000e+02]
 [ 9.8448868e-01  8.9836920e-02 -1.4985988e-01 -1.1648500e+03]
 [ 0.0000000e+00  0.0000000e+00  0.0000000e+00  1.0000000e+00]]
[+0006.73, +0006.04, -1119.77]
1579, 2087, 901
[[-1.7370436e-01  4.4115706e-01 -8.8016830e-01  5.3350000e+01]
 [-1.3035700e-02  8.9290374e-01  4.5000706e-01  1.7188000e+02]
 [ 9.8445206e-01  8.9759300e-02 -1.4932186e-01 -1.1649300e+03]
 [ 0.0000000e+00  0.0000000e+00  0.0000000e+00  1.0000000e+00]]
[+0147.51, +0073.88, -1105.74]
1505, 2171, 1352
[[-1.7392960e-01  4.4061392e-01 -8.8043104e-01  5.3320000e+01]
 [-1.3328320e-02  8.9314862e-01  4.4951866e-01  1.7185000e+02]
 [ 9.8443984e-01  9.0022460e-02 -1.4944722e-01 -1.1649000e+03]
 [ 0.0000000e+00  0.0000000e+00  0.0000000e+00  1.0000000e+00]]
[+0134.31, +0037.86, -1091.73]
1579, 2087, 901
[[-1.7302912e-01  4.4125792e-01 -8.8022528e-01  5.3370000e+01]
 [-1.3904320e-02  8.9280096e-01  4.5018032e-01  1.7188000e+02]
 [ 9.8453632e-01  9.0261280e-02 -1.4831392e-01 -1.1649900e+03]
 [ 0.0000000e+00  0.0000000e+00  0.0000000e+00  1.0000000e+00]]
[+0145.92, +0074.11, -1104.66]
1398, 1864, 913
[[-1.7243400e-01  4.4186816e-01 -8.8012688e-01  5.3470000e+01]
 [-1.3439360e-02  8.9257088e-01  4.5066656e-01  1.7187000e+02]
 [ 9.8472848e-01  8.9629760e-02 -1.4794888e-01 -1.1649100e+03]
 [ 0.0000000e+00  0.0000000e+00  0.0000000e+00  1.0000000e+00]]
[+0135.88, +0065.91, -1084.46]
1579, 2087, 901
[[-1.7451762e-01  4.4148140e-01 -8.7988584e-01  5.3310000e+01]
 [-1.3245000e-02  8.9268600e-01  4.5044000e-01  1.7194000e+02]
 [ 9.8434216e-01  9.0364800e-02 -1.4991738e-01 -1.1650000e+03]
 [ 0.0000000e+00  0.0000000e+00  0.0000000e+00  1.0000000e+00]]
[+0147.48, +0073.90, -1105.95]
2208, 1589, 1096
[[-1.7586192e-01  4.4074640e-01 -8.7993320e-01  5.3230000e+01]
 [-1.3116400e-02  8.9300358e-01  4.4980450e-01  1.7177000e+02]
 [ 9.8405680e-01  9.0767500e-02 -1.5123450e-01 -1.1649800e+03]
 [ 0.0000000e+00  0.0000000e+00  0.0000000e+00  1.0000000e+00]]
[+0081.15, +0116.06, -1110.94]
1579, 2087, 901
[[-1.7377690e-01  4.4143118e-01 -8.8010326e-01  5.3330000e+01]
 [-1.3012100e-02  8.9277366e-01  4.5028118e-01  1.7187000e+02]
 [ 9.8451710e-01  8.9782900e-02 -1.4937940e-01 -1.1650000e+03]
 [ 0.0000000e+00  0.0000000e+00  0.0000000e+00  1.0000000e+00]]
[+0148.32, +0072.13, -1106.14]
1367, 831, 1235
[[-1.7421298e-01  4.4225880e-01 -8.7959646e-01  5.3460000e+01]
 [-1.3542000e-02  8.9228000e-01  4.5124200e-01  1.7180000e+02]
 [ 9.8442846e-01  9.0608400e-02 -1.4943698e-01 -1.1649700e+03]
 [ 0.0000000e+00  0.0000000e+00  0.0000000e+00  1.0000000e+00]]
[+0015.77, +0060.86, -1076.36]
1952, 1161, 1259
[[-1.7511330e-01  4.4146628e-01 -8.7983836e-01  5.3310000e+01]
 [-1.3114840e-02  8.9268600e-01  4.5045512e-01  1.7179000e+02]
 [ 9.8429468e-01  9.0494960e-02 -1.5051306e-01 -1.1649600e+03]
 [ 0.0000000e+00  0.0000000e+00  0.0000000e+00  1.0000000e+00]]
[+0041.12, +0103.76, -1098.09]
1367, 831, 1235
[[-1.7376976e-01  4.4261128e-01 -8.7953224e-01  5.3470000e+01]
 [-1.2761360e-02  8.9219480e-01  4.5143768e-01  1.7180000e+02]
 [ 9.8453992e-01  8.9744560e-02 -1.4937000e-01 -1.1649600e+03]
 [ 0.0000000e+00  0.0000000e+00  0.0000000e+00  1.0000000e+00]]
[+0016.08, +0061.84, -1076.62]
805, 1835, 1112
[[-1.7243400e-01  4.4257564e-01 -8.7979652e-01  5.3480000e+01]
 [-1.2659240e-02  8.9228238e-01  4.5126446e-01  1.7192000e+02]
 [ 9.8476132e-01  8.9031860e-02 -1.4823738e-01 -1.1649800e+03]
 [ 0.0000000e+00  0.0000000e+00  0.0000000e+00  1.0000000e+00]]
[+0144.49, -0003.77, -1094.99]
1367, 831, 1235
[[-1.7294964e-01  4.4231268e-01 -8.7968312e-01  5.3440000e+01]
 [-1.3528720e-02  8.9229516e-01  4.5118812e-01  1.7183000e+02]
 [ 9.8453028e-01  9.0073520e-02 -1.4830404e-01 -1.1649900e+03]
 [ 0.0000000e+00  0.0000000e+00  0.0000000e+00  1.0000000e+00]]
[+0015.14, +0062.47, -1077.05]
1295, 895, 2088
[[-1.7429250e-01  4.4105500e-01 -8.8017500e-01  5.3310000e+01]
 [-1.4067160e-02  8.9284310e-01  4.5010912e-01  1.7169000e+02]
 [ 9.8439812e-01  9.0920800e-02 -1.4938984e-01 -1.1649500e+03]
 [ 0.0000000e+00  0.0000000e+00  0.0000000e+00  1.0000000e+00]]
[-0001.93, -0000.79, -1138.41]
1367, 831, 1235
[[-1.7294964e-01  4.4246146e-01 -8.7964674e-01  5.3470000e+01]
 [-1.3379940e-02  8.9223750e-01  4.5131342e-01  1.7179000e+02]
 [ 9.8456666e-01  8.9948220e-02 -1.4836170e-01 -1.1649800e+03]
 [ 0.0000000e+00  0.0000000e+00  0.0000000e+00  1.0000000e+00]]
[+0016.15, +0062.85, -1076.75]
1057, 849, 1837
[[-1.7347210e-01  4.4161338e-01 -8.7995916e-01  5.3380000e+01]
 [-1.3904700e-02  8.9259814e-01  4.5058212e-01  1.7172000e+02]
 [ 9.8445780e-01  9.0527400e-02 -1.4866900e-01 -1.1649700e+03]
 [ 0.0000000e+00  0.0000000e+00  0.0000000e+00  1.0000000e+00]]
[+0001.89, -0011.20, -1120.61]
889, 1321, 1727
[[-1.7273154e-01  4.4227066e-01 -8.7984572e-01  5.3450000e+01]
 [-1.2891580e-02  8.9239790e-01  4.5102124e-01  1.7184000e+02]
 [ 9.8466524e-01  8.9347720e-02 -1.4841940e-01 -1.1650000e+03]
 [ 0.0000000e+00  0.0000000e+00  0.0000000e+00  1.0000000e+00]]
[+0057.78, -0031.47, -1096.08]
1057, 849, 1837
[[-1.7421298e-01  4.4214634e-01 -8.7978172e-01  5.3410000e+01]
 [-1.3727260e-02  8.9233758e-01  4.5114556e-01  1.7176000e+02]
 [ 9.8454092e-01  9.0704840e-02 -1.4937940e-01 -1.1649800e+03]
 [ 0.0000000e+00  0.0000000e+00  0.0000000e+00  1.0000000e+00]]
[+0003.38, -0010.27, -1117.26]
1759, 1003, 1426
[[-1.7459028e-01  4.4171916e-01 -8.7967184e-01  5.3340000e+01]
 [-1.3184960e-02  8.9255580e-01  4.5068532e-01  1.7177000e+02]
 [ 9.8425836e-01  9.0417280e-02 -1.4997492e-01 -1.1649900e+03]
 [ 0.0000000e+00  0.0000000e+00  0.0000000e+00  1.0000000e+00]]
[+0018.46, +0081.86, -1094.81]
1057, 849, 1837
[[-1.7384250e-01  4.4158218e-01 -8.7994324e-01  5.3370000e+01]
 [-1.4113700e-02  8.9258286e-01  4.5061332e-01  1.7171000e+02]
 [ 9.8442660e-01  9.0866600e-02 -1.4890920e-01 -1.1649900e+03]
 [ 0.0000000e+00  0.0000000e+00  0.0000000e+00  1.0000000e+00]]
[+0002.85, -0011.78, -1119.63]
1126, 906, 1978
[[-1.7436520e-01  4.4132912e-01 -8.8010996e-01  5.3330000e+01]
 [-1.4043520e-02  8.9271302e-01  4.5038324e-01  1.7172000e+02]
 [ 9.8446316e-01  9.0944440e-02 -1.4944722e-01 -1.1649900e+03]
 [ 0.0000000e+00  0.0000000e+00  0.0000000e+00  1.0000000e+00]]
[+0003.93, -0012.25, -1128.68]
1057, 849, 1837
[[-1.7294964e-01  4.4234906e-01 -8.7983190e-01  5.3450000e+01]
 [-1.3565100e-02  8.9229516e-01  4.5121694e-01  1.7179000e+02]
 [ 9.8467906e-01  9.0044700e-02 -1.4830404e-01 -1.1650100e+03]
 [ 0.0000000e+00  0.0000000e+00  0.0000000e+00  1.0000000e+00]]
[+0005.05, -0009.53, -1115.91]
1245, 1147, 2087
[[-1.7421984e-01  4.4078088e-01 -8.8024000e-01  5.3260000e+01]
 [-1.4090800e-02  8.9297310e-01  4.4983500e-01  1.7170000e+02]
 [ 9.8433312e-01  9.0897160e-02 -1.4933250e-01 -1.1650100e+03]
 [ 0.0000000e+00  0.0000000e+00  0.0000000e+00  1.0000000e+00]]
[+0014.95, -0013.93, -1123.06]
1835, 1153, 2059
[[-1.7592724e-01  4.4067106e-01 -8.8014446e-01  5.3200000e+01]
 [-1.4588260e-02  8.9292678e-01  4.4994482e-01  1.7168000e+02]
 [ 9.8419126e-01  9.2044420e-02 -1.5065002e-01 -1.1650100e+03]
 [ 0.0000000e+00  0.0000000e+00  0.0000000e+00  1.0000000e+00]]
[+0003.18, +0039.05, -1118.89]
1245, 1147, 2087
[[-1.7414722e-01  4.4095340e-01 -8.8019606e-01  5.3290000e+01]
 [-1.3667800e-02  8.9293100e-01  4.4993660e-01  1.7168000e+02]
 [ 9.8437706e-01  9.0497800e-02 -1.4944722e-01 -1.1650000e+03]
 [ 0.0000000e+00  0.0000000e+00  0.0000000e+00  1.0000000e+00]]
[+0016.26, -0014.23, -1121.94]
1213, 1026, 1377
[[-1.7361762e-01  4.4216158e-01 -8.7982888e-01  5.3420000e+01]
 [-1.3857620e-02  8.9233758e-01  4.5113032e-01  1.7177000e+02]
 [ 9.8458808e-01  9.0574480e-02 -1.4878404e-01 -1.1650300e+03]
 [ 0.0000000e+00  0.0000000e+00  0.0000000e+00  1.0000000e+00]]
[+0031.92, +0028.69, -1067.85]
1245, 1147, 2087
[[-1.7406746e-01  4.4074134e-01 -8.8027902e-01  5.3240000e+01]
 [-1.4704020e-02  8.9294230e-01  4.4987454e-01  1.7168000e+02]
 [ 9.8434134e-01  9.1380420e-02 -1.4892020e-01 -1.1650100e+03]
 [ 0.0000000e+00  0.0000000e+00  0.0000000e+00  1.0000000e+00]]
[+0014.44, -0014.04, -1123.80]
1236, 1605, 2009
[[-1.7399476e-01  4.4065242e-01 -8.8045650e-01  5.3260000e+01]
 [-1.4615100e-02  8.9301500e-01  4.4975430e-01  1.7173000e+02]
 [ 9.8446158e-01  9.1202940e-02 -1.4892020e-01 -1.1650500e+03]
 [ 0.0000000e+00  0.0000000e+00  0.0000000e+00  1.0000000e+00]]
[+0054.28, -0018.34, -1099.47]
1245, 1147, 2087
[[-1.7466298e-01  4.4102366e-01 -8.8015902e-01  5.3270000e+01]
 [-1.4276260e-02  8.9282774e-01  4.5014046e-01  1.7169000e+02]
 [ 9.8436678e-01  9.1259940e-02 -1.4963028e-01 -1.1649900e+03]
 [ 0.0000000e+00  0.0000000e+00  0.0000000e+00  1.0000000e+00]]
[+0014.53, -0013.92, -1123.61]
1474, 852, 1626
[[-1.7384250e-01  4.4202870e-01 -8.7983410e-01  5.3390000e+01]
 [-1.3667180e-02  8.9241036e-01  4.5098910e-01  1.7177000e+02]
 [ 9.8453574e-01  9.0490820e-02 -1.4908170e-01 -1.1650100e+03]
 [ 0.0000000e+00  0.0000000e+00  0.0000000e+00  1.0000000e+00]]
[-0000.71, +0044.95, -1100.94]
1653, 1901, 1481
[[-1.7504068e-01  4.4093060e-01 -8.8012496e-01  5.3230000e+01]
 [-1.3472800e-02  8.9293100e-01  4.4995940e-01  1.7179000e+02]
 [ 9.8430596e-01  9.0692800e-02 -1.5034068e-01 -1.1650200e+03]
 [ 0.0000000e+00  0.0000000e+00  0.0000000e+00  1.0000000e+00]]
[+0100.39, +0050.08, -1075.07]
1474, 852, 1626
[[-1.7428580e-01  4.4182500e-01 -8.7986220e-01  5.3390000e+01]
 [-1.4299080e-02  8.9243726e-01  4.5091870e-01  1.7175000e+02]
 [ 9.8446044e-01  9.1229420e-02 -1.4920690e-01 -1.1650100e+03]
 [ 0.0000000e+00  0.0000000e+00  0.0000000e+00  1.0000000e+00]]
[-0001.79, +0040.50, -1102.72]
1337, 781, 949
[[-1.7302242e-01  4.4288432e-01 -8.7954510e-01  5.3500000e+01]
 [-1.3207680e-02  8.9204928e-01  4.5171280e-01  1.7182000e+02]
 [ 9.8466830e-01  8.9846400e-02 -1.4847714e-01 -1.1649900e+03]
 [ 0.0000000e+00  0.0000000e+00  0.0000000e+00  1.0000000e+00]]
[+0031.50, +0084.64, -1069.03]
1474, 852, 1626
[[-1.7436520e-01  4.4173940e-01 -8.7985200e-01  5.3340000e+01]
 [-1.3560520e-02  8.9254064e-01  4.5073020e-01  1.7176000e+02]
 [ 9.8442336e-01  9.0597480e-02 -1.4961960e-01 -1.1649900e+03]
 [ 0.0000000e+00  0.0000000e+00  0.0000000e+00  1.0000000e+00]]
[-0002.11, +0041.97, -1102.79]
1654, 816, 1593
[[-1.7406746e-01  4.4200836e-01 -8.7965406e-01  5.3370000e+01]
 [-1.3291560e-02  8.9242552e-01  4.5094428e-01  1.7177000e+02]
 [ 9.8437086e-01  9.0310680e-02 -1.4943698e-01 -1.1649800e+03]
 [ 0.0000000e+00  0.0000000e+00  0.0000000e+00  1.0000000e+00]]
[-0003.79, +0062.68, -1111.56]
1474, 852, 1626
[[-1.7429250e-01  4.4191194e-01 -8.7980808e-01  5.3360000e+01]
 [-1.3137540e-02  8.9249822e-01  4.5083176e-01  1.7176000e+02]
 [ 9.8446728e-01  9.0198160e-02 -1.4973472e-01 -1.1649800e+03]
 [ 0.0000000e+00  0.0000000e+00  0.0000000e+00  1.0000000e+00]]
[-0000.64, +0040.06, -1101.55]
1867, 1572, 1967
[[-1.7571688e-01  4.4023444e-01 -8.8021208e-01  5.3150000e+01]
 [-1.3200440e-02  8.9326334e-01  4.4928496e-01  1.7169000e+02]
 [ 9.8407592e-01  9.0691040e-02 -1.5111978e-01 -1.1649900e+03]
 [ 0.0000000e+00  0.0000000e+00  0.0000000e+00  1.0000000e+00]]
[+0033.90, +0037.69, -1091.57]
2248, 1363, 1970
[[-1.7772322e-01  4.3952012e-01 -8.8023620e-01  5.3040000e+01]
 [-1.4229880e-02  8.9344598e-01  4.4890280e-01  1.7161000e+02]
 [ 9.8376380e-01  9.2402800e-02 -1.5250824e-01 -1.1649600e+03]
 [ 0.0000000e+00  0.0000000e+00  0.0000000e+00  1.0000000e+00]]
[+0018.60, +0068.81, -1115.16]
1867, 1572, 1967
[[-1.7459770e-01  4.4057514e-01 -8.8039128e-01  5.3210000e+01]
 [-1.3472580e-02  8.9313350e-01  4.4955744e-01  1.7170000e+02]
 [ 9.8438496e-01  9.0426480e-02 -1.4998544e-01 -1.1650100e+03]
 [ 0.0000000e+00  0.0000000e+00  0.0000000e+00  1.0000000e+00]]
[+0037.04, +0032.50, -1090.44]
1781, 1404, 1339
[[-1.7392210e-01  4.4164538e-01 -8.7989684e-01  5.3310000e+01]
 [-1.3226300e-02  8.9262846e-01  4.5055012e-01  1.7180000e+02]
 [ 9.8442580e-01  9.0109400e-02 -1.4937940e-01 -1.1650100e+03]
 [ 0.0000000e+00  0.0000000e+00  0.0000000e+00  1.0000000e+00]]
[+0058.75, +0076.63, -1075.62]
1867, 1572, 1967
[[-1.7563652e-01  4.4031948e-01 -8.8022256e-01  5.3170000e+01]
 [-1.3938720e-02  8.9316028e-01  4.4947404e-01  1.7169000e+02]
 [ 9.8411316e-01  9.1323360e-02 -1.5070724e-01 -1.1650200e+03]
 [ 0.0000000e+00  0.0000000e+00  0.0000000e+00  1.0000000e+00]]
[+0033.62, +0036.06, -1091.92]
1693, 1257, 2074
[[-1.7518596e-01  4.4058520e-01 -8.8021292e-01  5.3230000e+01]
 [-1.4318920e-02  8.9301500e-01  4.4975656e-01  1.7168000e+02]
 [ 9.8421800e-01  9.1491400e-02 -1.5011140e-01 -1.1650000e+03]
 [ 0.0000000e+00  0.0000000e+00  0.0000000e+00  1.0000000e+00]]
[+0010.21, +0018.94, -1112.49]
1867, 1572, 1967
[[-1.7563652e-01  4.4046846e-01 -8.8018626e-01  5.3170000e+01]
 [-1.3789740e-02  8.9310302e-01  4.4959918e-01  1.7168000e+02]
 [ 9.8414946e-01  9.1198220e-02 -1.5076450e-01 -1.1650000e+03]
 [ 0.0000000e+00  0.0000000e+00  0.0000000e+00  1.0000000e+00]]
[+0034.74, +0038.46, -1091.06]
808, 954, 813
[[-1.7123200e-01  4.4369952e-01 -8.7937136e-01  5.3610000e+01]
 [-1.3832640e-02  8.9164216e-01  4.5247668e-01  1.7187000e+02]
 [ 9.8487152e-01  8.9762040e-02 -1.4651080e-01 -1.1650600e+03]
 [ 0.0000000e+00  0.0000000e+00  0.0000000e+00  1.0000000e+00]]
[+0079.51, +0030.76, -1042.24]
803, 1373, 2183
[[-1.7281138e-01  4.4080568e-01 -8.8064530e-01  5.3300000e+01]
 [-1.3749680e-02  8.9307612e-01  4.4966600e-01  1.7169000e+02]
 [ 9.8471150e-01  8.9882800e-02 -1.4825650e-01 -1.1650100e+03]
 [ 0.0000000e+00  0.0000000e+00  0.0000000e+00  1.0000000e+00]]
[+0051.08, -0045.65, -1146.72]
808, 954, 813
[[-1.7197818e-01  4.4372352e-01 -8.7928648e-01  5.3590000e+01]
 [-1.3088320e-02  8.9167224e-01  4.5245268e-01  1.7188000e+02]
 [ 9.8481672e-01  8.9410120e-02 -1.4751858e-01 -1.1650500e+03]
 [ 0.0000000e+00  0.0000000e+00  0.0000000e+00  1.0000000e+00]]
[+0079.54, +0030.00, -1042.24]
902, 1141, 756
[[-1.7242738e-01  4.4330918e-01 -8.7933404e-01  5.3520000e+01]
 [-1.2855620e-02  8.9187582e-01  4.5204484e-01  1.7191000e+02]
 [ 9.8467564e-01  8.9368760e-02 -1.4805556e-01 -1.1650400e+03]
 [ 0.0000000e+00  0.0000000e+00  0.0000000e+00  1.0000000e+00]]
[+0104.30, +0044.24, -1047.27]
808, 954, 813
[[-1.7220274e-01  4.4332968e-01 -8.7951364e-01  5.3560000e+01]
 [-1.3231440e-02  8.9186086e-01  4.5208968e-01  1.7187000e+02]
 [ 9.8484028e-01  8.9548560e-02 -1.4770024e-01 -1.1650100e+03]
 [ 0.0000000e+00  0.0000000e+00  0.0000000e+00  1.0000000e+00]]
[+0077.68, +0029.18, -1042.33]
1225, 762, 873
[[-1.733200e-01  4.430256e-01 -8.794852e-01  5.349000e+01]
 [-1.299360e-02  8.919915e-01  4.518456e-01  1.718200e+02]
 [ 9.846812e-01  8.978640e-02 -1.488325e-01 -1.164980e+03]
 [ 0.000000e+00  0.000000e+00  0.000000e+00  1.000000e+00]]
[+0034.91, +0079.36, -1061.42]
808, 954, 813
[[-1.7287056e-01  4.4366464e-01 -8.7906752e-01  5.3560000e+01]
 [-1.2855680e-02  8.9167224e-01  4.5244616e-01  1.7191000e+02]
 [ 9.8459776e-01  8.9635280e-02 -1.4841096e-01 -1.1649800e+03]
 [ 0.0000000e+00  0.0000000e+00  0.0000000e+00  1.0000000e+00]]
[+0080.64, +0029.27, -1042.42]
1382, 1357, 1674
[[-1.7421984e-01  4.4134008e-01 -8.7994584e-01  5.3320000e+01]
 [-1.3458960e-02  8.9274350e-01  4.5030722e-01  1.7180000e+02]
 [ 9.8432952e-01  9.0424940e-02 -1.4956210e-01 -1.1650100e+03]
 [ 0.0000000e+00  0.0000000e+00  0.0000000e+00  1.0000000e+00]]
[+0041.13, +0017.65, -1076.91]
965, 1483, 1662
[[-1.7280420e-01  4.4194964e-01 -8.7992588e-01  5.3400000e+01]
 [-1.3463240e-02  8.9249822e-01  4.5079406e-01  1.7182000e+02]
 [ 9.8458508e-01  8.9872460e-02 -1.4824642e-01 -1.1650200e+03]
 [ 0.0000000e+00  0.0000000e+00  0.0000000e+00  1.0000000e+00]]
[+0071.89, -0025.54, -1088.93]
1382, 1357, 1674
[[-1.7459028e-01  4.4145770e-01 -8.7989342e-01  5.3300000e+01]
 [-1.3519100e-02  8.9267084e-01  4.5046370e-01  1.7176000e+02]
 [ 9.8433458e-01  9.0638900e-02 -1.4985988e-01 -1.1650000e+03]
 [ 0.0000000e+00  0.0000000e+00  0.0000000e+00  1.0000000e+00]]
[+0041.34, +0017.70, -1076.92]
1625, 2154, 1606
[[-1.7519346e-01  4.4041102e-01 -8.8038006e-01  5.3160000e+01]
 [-1.3491660e-02  8.9319084e-01  4.4944742e-01  1.7177000e+02]
 [ 9.8430122e-01  9.0681540e-02 -1.5052386e-01 -1.1650300e+03]
 [ 0.0000000e+00  0.0000000e+00  0.0000000e+00  1.0000000e+00]]
[+0115.52, +0034.37, -1085.52]
1382, 1357, 1674
[[-1.7332000e-01  4.4146160e-01 -8.8018320e-01  5.3340000e+01]
 [-1.4703200e-02  8.9262488e-01  4.5052488e-01  1.7180000e+02]
 [ 9.8457840e-01  9.1107120e-02 -1.4819912e-01 -1.1650400e+03]
 [ 0.0000000e+00  0.0000000e+00  0.0000000e+00  1.0000000e+00]]
[+0041.91, +0015.86, -1076.97]
1381, 1392, 2090
[[-1.7377690e-01  4.4057430e-01 -8.8046980e-01  5.3240000e+01]
 [-1.3941540e-02  8.9311830e-01  4.4955828e-01  1.7169000e+02]
 [ 9.8444828e-01  9.0505800e-02 -1.4903476e-01 -1.1650200e+03]
 [ 0.0000000e+00  0.0000000e+00  0.0000000e+00  1.0000000e+00]]
[+0027.74, -0010.65, -1109.61]
1382, 1357, 1674
[[-1.7436520e-01  4.4159052e-01 -8.7988836e-01  5.3340000e+01]
 [-1.3709400e-02  8.9259814e-01  4.5060498e-01  1.7178000e+02]
 [ 9.8438700e-01  9.0722700e-02 -1.4956210e-01 -1.1650100e+03]
 [ 0.0000000e+00  0.0000000e+00  0.0000000e+00  1.0000000e+00]]
[+0044.47, +0016.56, -1075.51]
2020, 1012, 2009
[[-1.7771572e-01  4.3972978e-01 -8.8021898e-01  5.3070000e+01]
 [-1.5092980e-02  8.9326926e-01  4.4924138e-01  1.7156000e+02]
 [ 9.8382922e-01  9.3184420e-02 -1.5209602e-01 -1.1649700e+03]
 [ 0.0000000e+00  0.0000000e+00  0.0000000e+00  1.0000000e+00]]
[-0000.37, +0056.14, -1131.63]
2145, 1182, 1181
[[-1.7600712e-01  4.4125828e-01 -8.7965416e-01  5.3230000e+01]
 [-1.3032280e-02  8.9274350e-01  4.5032396e-01  1.7172000e+02]
 [ 9.8403784e-01  9.0844040e-02 -1.5134938e-01 -1.1649900e+03]
 [ 0.0000000e+00  0.0000000e+00  0.0000000e+00  1.0000000e+00]]
[+0047.73, +0117.42, -1115.05]
2020, 1012, 2009
[[-1.7629800e-01  4.3974540e-01 -8.8034680e-01  5.3130000e+01]
 [-1.5691400e-02  8.9325342e-01  4.4922576e-01  1.7158000e+02]
 [ 9.8394120e-01  9.3134240e-02 -1.5054858e-01 -1.1649900e+03]
 [ 0.0000000e+00  0.0000000e+00  0.0000000e+00  1.0000000e+00]]
[-0000.66, +0055.16, -1132.10]
1563, 1156, 1969
[[-1.7496080e-01  4.4112852e-01 -8.7995004e-01  5.3280000e+01]
 [-1.4025960e-02  8.9277040e-01  4.5024468e-01  1.7172000e+02]
 [ 9.8423052e-01  9.1228440e-02 -1.4998544e-01 -1.1650100e+03]
 [ 0.0000000e+00  0.0000000e+00  0.0000000e+00  1.0000000e+00]]
[+0011.42, +0019.14, -1104.86]
2020, 1012, 2009
[[-1.7749762e-01  4.3980202e-01 -8.8019546e-01  5.3090000e+01]
 [-1.4270620e-02  8.9331630e-01  4.4916914e-01  1.7157000e+02]
 [ 9.8385274e-01  9.2362060e-02 -1.5226708e-01 -1.1649600e+03]
 [ 0.0000000e+00  0.0000000e+00  0.0000000e+00  1.0000000e+00]]
[-0000.48, +0056.06, -1131.76]
2152, 1459, 2121
[[-1.7772322e-01  4.3925818e-01 -8.8045792e-01  5.3000000e+01]
 [-1.4564420e-02  8.9355998e-01  4.4868128e-01  1.7157000e+02]
 [ 9.8384032e-01  9.2624320e-02 -1.5239424e-01 -1.1649700e+03]
 [ 0.0000000e+00  0.0000000e+00  0.0000000e+00  1.0000000e+00]]
[+0018.41, +0051.45, -1112.05]
2020, 1012, 2009
[[-1.7518596e-01  4.4088308e-01 -8.8014024e-01  5.3250000e+01]
 [-1.4021040e-02  8.9290044e-01  4.5000692e-01  1.7162000e+02]
 [ 9.8429068e-01  9.1241040e-02 -1.5022596e-01 -1.1650400e+03]
 [ 0.0000000e+00  0.0000000e+00  0.0000000e+00  1.0000000e+00]]
[-0000.65, +0056.72, -1131.90]
1832, 1632, 1140
[[-1.7421984e-01  4.4152528e-01 -8.8005840e-01  5.3310000e+01]
 [-1.3346400e-02  8.9268600e-01  4.5046120e-01  1.7180000e+02]
 [ 9.8451472e-01  9.0270960e-02 -1.4961960e-01 -1.1650200e+03]
 [ 0.0000000e+00  0.0000000e+00  0.0000000e+00  1.0000000e+00]]
[+0091.01, +0088.30, -1080.46]
1980, 1094, 777
[[-1.7443156e-01  4.4244914e-01 -8.7939766e-01  5.3400000e+01]
 [-1.4030060e-02  8.9211900e-01  4.5153458e-01  1.7184000e+02]
 [ 9.8432954e-01  9.1208980e-02 -1.4937940e-01 -1.1650400e+03]
 [ 0.0000000e+00  0.0000000e+00  0.0000000e+00  1.0000000e+00]]
[+0068.53, +0132.47, -1117.60]
1832, 1632, 1140
[[-1.7444500e-01  4.4150510e-01 -8.7987830e-01  5.3310000e+01]
 [-1.2970900e-02  8.9270108e-01  4.5041630e-01  1.7181000e+02]
 [ 9.8434970e-01  9.0090700e-02 -1.4997492e-01 -1.1650000e+03]
 [ 0.0000000e+00  0.0000000e+00  0.0000000e+00  1.0000000e+00]]
[+0092.18, +0088.28, -1080.74]
1997, 999, 2146
[[-1.7950564e-01  4.3837578e-01 -8.8055042e-01  5.2890000e+01]
 [-1.6083180e-02  8.9378028e-01  4.4819298e-01  1.7138000e+02]
 [ 9.8350582e-01  9.4669380e-02 -1.5337492e-01 -1.1649400e+03]
 [ 0.0000000e+00  0.0000000e+00  0.0000000e+00  1.0000000e+00]]
[-0001.57, +0046.06, -1135.86]
1832, 1632, 1140
[[-1.7459028e-01  4.4145770e-01 -8.7989342e-01  5.3310000e+01]
 [-1.3519100e-02  8.9267084e-01  4.5046370e-01  1.7181000e+02]
 [ 9.8433458e-01  9.0638900e-02 -1.4985988e-01 -1.1650200e+03]
 [ 0.0000000e+00  0.0000000e+00  0.0000000e+00  1.0000000e+00]]
[+0091.66, +0088.98, -1081.02]
1302, 1487, 1136
[[-1.7376976e-01  4.4205228e-01 -8.7982652e-01  5.3380000e+01]
 [-1.3393080e-02  8.9242552e-01  4.5096552e-01  1.7184000e+02]
 [ 9.8454332e-01  9.0216720e-02 -1.4913928e-01 -1.1650200e+03]
 [ 0.0000000e+00  0.0000000e+00  0.0000000e+00  1.0000000e+00]]
[+0093.51, +0047.40, -1060.23]
1832, 1632, 1140
[[-1.7518596e-01  4.4114462e-01 -8.7991862e-01  5.3270000e+01]
 [-1.3686820e-02  8.9278572e-01  4.5022858e-01  1.7179000e+02]
 [ 9.8421442e-01  9.1019380e-02 -1.5034068e-01 -1.1650300e+03]
 [ 0.0000000e+00  0.0000000e+00  0.0000000e+00  1.0000000e+00]]
[+0091.01, +0094.85, -1083.23]
1529, 1535, 795
[[-1.7376330e-01  4.4237570e-01 -8.7962250e-01  5.3410000e+01]
 [-1.4071740e-02  8.9219190e-01  4.5139918e-01  1.7186000e+02]
 [ 9.8449682e-01  9.0900900e-02 -1.4878404e-01 -1.1650600e+03]
 [ 0.0000000e+00  0.0000000e+00  0.0000000e+00  1.0000000e+00]]
[+0115.13, +0092.71, -1079.75]
1722, 1389, 785
[[-1.7443794e-01  4.4227488e-01 -8.7956522e-01  5.3370000e+01]
 [-1.3202720e-02  8.9229516e-01  4.5122592e-01  1.7184000e+02]
 [ 9.8441238e-01  9.0399520e-02 -1.4979234e-01 -1.1650100e+03]
 [ 0.0000000e+00  0.0000000e+00  0.0000000e+00  1.0000000e+00]]
[+0097.05, +0114.46, -1091.22]
1529, 1535, 795
[[-1.7414020e-01  4.4198472e-01 -8.7966164e-01  5.3360000e+01]
 [-1.3565640e-02  8.9241036e-01  4.5096792e-01  1.7183000e+02]
 [ 9.8436328e-01  9.0584760e-02 -1.4937940e-01 -1.1650200e+03]
 [ 0.0000000e+00  0.0000000e+00  0.0000000e+00  1.0000000e+00]]
[+0117.71, +0092.88, -1080.71]
1563, 1550, 1272
[[-1.7466298e-01  4.4158290e-01 -8.7986468e-01  5.3300000e+01]
 [-1.3644300e-02  8.9259814e-01  4.5061260e-01  1.7181000e+02]
 [ 9.8436332e-01  9.0787800e-02 -1.4985988e-01 -1.1650000e+03]
 [ 0.0000000e+00  0.0000000e+00  0.0000000e+00  1.0000000e+00]]
[+0083.22, +0061.78, -1066.68]
1529, 1535, 795
[[-1.7384250e-01  4.4214116e-01 -8.7964888e-01  5.3390000e+01]
 [-1.3481960e-02  8.9235278e-01  4.5108556e-01  1.7184000e+02]
 [ 9.8442328e-01  9.0394360e-02 -1.4913928e-01 -1.1650100e+03]
 [ 0.0000000e+00  0.0000000e+00  0.0000000e+00  1.0000000e+00]]
[+0117.66, +0092.09, -1080.65]
1665, 1718, 779
[[-1.7466298e-01  4.4199324e-01 -8.7960670e-01  5.3320000e+01]
 [-1.3161240e-02  8.9242552e-01  4.5095940e-01  1.7187000e+02]
 [ 9.8432350e-01  9.0441000e-02 -1.5003250e-01 -1.1650200e+03]
 [ 0.0000000e+00  0.0000000e+00  0.0000000e+00  1.0000000e+00]]
[+0127.23, +0100.11, -1096.69]
1529, 1535, 795
[[-1.7421298e-01  4.4210994e-01 -8.7963286e-01  5.3380000e+01]
 [-1.3690860e-02  8.9233758e-01  4.5111678e-01  1.7186000e+02]
 [ 9.8439206e-01  9.0733620e-02 -1.4937940e-01 -1.1650000e+03]
 [ 0.0000000e+00  0.0000000e+00  0.0000000e+00  1.0000000e+00]]
[+0115.58, +0093.40, -1080.17]
1344, 1774, 1021
[[-1.7347210e-01  4.4131574e-01 -8.8003188e-01  5.3320000e+01]
 [-1.4202340e-02  8.9271302e-01  4.5033156e-01  1.7182000e+02]
 [ 9.8438508e-01  9.0777960e-02 -1.4855412e-01 -1.1650500e+03]
 [ 0.0000000e+00  0.0000000e+00  0.0000000e+00  1.0000000e+00]]
[+0127.25, +0053.49, -1074.81]
1491, 1497, 1490
[[-1.7480850e-01  4.4123770e-01 -8.7995280e-01  5.3280000e+01]
 [-1.4490300e-02  8.9268222e-01  4.5040960e-01  1.7177000e+02]
 [ 9.8427520e-01  9.1586400e-02 -1.4963028e-01 -1.1650300e+03]
 [ 0.0000000e+00  0.0000000e+00  0.0000000e+00  1.0000000e+00]]
[+0062.85, +0039.78, -1067.63]
1344, 1774, 1021
[[-1.7399476e-01  4.4177062e-01 -8.7986806e-01  5.3350000e+01]
 [-1.3351540e-02  8.9255580e-01  4.5069898e-01  1.7182000e+02]
 [ 9.8445458e-01  9.0258260e-02 -1.4937940e-01 -1.1650200e+03]
 [ 0.0000000e+00  0.0000000e+00  0.0000000e+00  1.0000000e+00]]
[+0128.41, +0055.08, -1075.27]
1544, 1836, 994
[[-1.7473572e-01  4.4141030e-01 -8.7990870e-01  5.3290000e+01]
 [-1.4067300e-02  8.9264028e-01  4.5051110e-01  1.7184000e+02]
 [ 9.8431930e-01  9.1187100e-02 -1.4974500e-01 -1.1650200e+03]
 [ 0.0000000e+00  0.0000000e+00  0.0000000e+00  1.0000000e+00]]
[+0128.46, +0074.64, -1083.77]
1344, 1774, 1021
[[-1.7376976e-01  4.4164212e-01 -8.8008444e-01  5.3360000e+01]
 [-1.3875960e-02  8.9259814e-01  4.5061848e-01  1.7183000e+02]
 [ 9.8458308e-01  9.0563760e-02 -1.4896666e-01 -1.1650300e+03]
 [ 0.0000000e+00  0.0000000e+00  0.0000000e+00  1.0000000e+00]]
[+0125.00, +0054.62, -1073.95]
1284, 2037, 1194
[[-1.7369706e-01  4.4107032e-01 -8.8022220e-01  5.3270000e+01]
 [-1.4197200e-02  8.9284310e-01  4.5009380e-01  1.7177000e+02]
 [ 9.8444532e-01  9.0790760e-02 -1.4879440e-01 -1.1650500e+03]
 [ 0.0000000e+00  0.0000000e+00  0.0000000e+00  1.0000000e+00]]
[+0141.14, +0031.31, -1090.16]
1344, 1774, 1021
[[-1.7332000e-01  4.4175920e-01 -8.8011040e-01  5.3370000e+01]
 [-1.4405600e-02  8.9251008e-01  4.5077552e-01  1.7184000e+02]
 [ 9.8465120e-01  9.0856480e-02 -1.4831392e-01 -1.1650400e+03]
 [ 0.0000000e+00  0.0000000e+00  0.0000000e+00  1.0000000e+00]]
[+0125.27, +0055.53, -1073.97]
1215, 752, 1718
[[-1.7384250e-01  4.4173102e-01 -8.7990686e-01  5.3390000e+01]
 [-1.3964860e-02  8.9252540e-01  4.5073858e-01  1.7173000e+02]
 [ 9.8446298e-01  9.0741340e-02 -1.4896666e-01 -1.1650200e+03]
 [ 0.0000000e+00  0.0000000e+00  0.0000000e+00  1.0000000e+00]]
[-0007.23, +0012.58, -1113.72]
1293, 1164, 2171
[[-1.7488810e-01  4.4033142e-01 -8.8045826e-01  5.3220000e+01]
 [-1.4718060e-02  8.9312940e-01  4.4952702e-01  1.7167000e+02]
 [ 9.8431798e-01  9.1648260e-02 -1.4969914e-01 -1.1650100e+03]
 [ 0.0000000e+00  0.0000000e+00  0.0000000e+00  1.0000000e+00]]
[+0014.62, -0013.43, -1128.40]
1215, 752, 1718
[[-1.7361762e-01  4.4216158e-01 -8.7982888e-01  5.3440000e+01]
 [-1.3857620e-02  8.9233758e-01  4.5113032e-01  1.7176000e+02]
 [ 9.8458808e-01  9.0574480e-02 -1.4878404e-01 -1.1650100e+03]
 [ 0.0000000e+00  0.0000000e+00  0.0000000e+00  1.0000000e+00]]
[-0004.74, +0015.30, -1110.10]
1306, 919, 1550
[[-1.7287690e-01  4.4192618e-01 -8.7993344e-01  5.3400000e+01]
 [-1.3737340e-02  8.9248310e-01  4.5081752e-01  1.7174000e+02]
 [ 9.8457752e-01  9.0146560e-02 -1.4818884e-01 -1.1650200e+03]
 [ 0.0000000e+00  0.0000000e+00  0.0000000e+00  1.0000000e+00]]
[+0012.20, +0029.61, -1084.37]
1215, 752, 1718
[[-1.7384250e-01  4.4187986e-01 -8.7987048e-01  5.3380000e+01]
 [-1.3816020e-02  8.9246790e-01  4.5086384e-01  1.7172000e+02]
 [ 9.8449936e-01  9.0616080e-02 -1.4902416e-01 -1.1650000e+03]
 [ 0.0000000e+00  0.0000000e+00  0.0000000e+00  1.0000000e+00]]
[-0006.90, +0012.24, -1113.13]
1055, 812, 1690
[[-1.7294964e-01  4.4231268e-01 -8.7968312e-01  5.3450000e+01]
 [-1.3528720e-02  8.9229516e-01  4.5118812e-01  1.7178000e+02]
 [ 9.8453028e-01  9.0073520e-02 -1.4830404e-01 -1.1650100e+03]
 [ 0.0000000e+00  0.0000000e+00  0.0000000e+00  1.0000000e+00]]
[+0004.89, -0003.12, -1103.31]
1215, 752, 1718
[[-1.7369706e-01  4.4177818e-01 -8.7989166e-01  5.3370000e+01]
 [-1.3416660e-02  8.9255580e-01  4.5069142e-01  1.7173000e+02]
 [ 9.8447818e-01  9.0193140e-02 -1.4908170e-01 -1.1650000e+03]
 [ 0.0000000e+00  0.0000000e+00  0.0000000e+00  1.0000000e+00]]
[-0007.17, +0013.21, -1113.20]
771, 1024, 2209
[[-1.7347210e-01  4.4105446e-01 -8.8025342e-01  5.3350000e+01]
 [-1.4536340e-02  8.9282774e-01  4.5010966e-01  1.7166000e+02]
 [ 9.8446118e-01  9.0999860e-02 -1.4843940e-01 -1.1650200e+03]
 [ 0.0000000e+00  0.0000000e+00  0.0000000e+00  1.0000000e+00]]
[+0029.19, -0039.39, -1158.04]
1010, 1313, 1405
[[-1.7347210e-01  4.4205984e-01 -8.7985008e-01  5.3400000e+01]
 [-1.3458240e-02  8.9242552e-01  4.5095796e-01  1.7181000e+02]
 [ 9.8456688e-01  9.0151560e-02 -1.4884162e-01 -1.1650300e+03]
 [ 0.0000000e+00  0.0000000e+00  0.0000000e+00  1.0000000e+00]]
[+0068.30, -0002.15, -1066.93]
771, 1024, 2209
[[-1.7310178e-01  4.4127078e-01 -8.8038170e-01  5.3320000e+01]
 [-1.4214780e-02  8.9278572e-01  4.5023250e-01  1.7170000e+02]
 [ 9.8467750e-01  9.0506700e-02 -1.4825650e-01 -1.1650100e+03]
 [ 0.0000000e+00  0.0000000e+00  0.0000000e+00  1.0000000e+00]]
[+0028.77, -0039.38, -1158.09]
750, 882, 2151
[[-1.7228186e-01  4.4223882e-01 -8.7990756e-01  5.3500000e+01]
 [-1.3570140e-02  8.9236790e-01  4.5105308e-01  1.7176000e+02]
 [ 9.8469708e-01  8.9765560e-02 -1.4770900e-01 -1.1650300e+03]
 [ 0.0000000e+00  0.0000000e+00  0.0000000e+00  1.0000000e+00]]
[+0021.17, -0035.60, -1157.54]
771, 1024, 2209
[[-1.7377690e-01  4.4072316e-01 -8.8043352e-01  5.3300000e+01]
 [-1.3792680e-02  8.9306096e-01  4.4968356e-01  1.7163000e+02]
 [ 9.8448456e-01  9.0380520e-02 -1.4909210e-01 -1.1649900e+03]
 [ 0.0000000e+00  0.0000000e+00  0.0000000e+00  1.0000000e+00]]
[+0030.62, -0040.36, -1159.49]
923, 988, 2241
[[-1.7399476e-01  4.4065242e-01 -8.8045650e-01  5.3250000e+01]
 [-1.4615100e-02  8.9301500e-01  4.4975430e-01  1.7163000e+02]
 [ 9.8446158e-01  9.1202940e-02 -1.4892020e-01 -1.1650300e+03]
 [ 0.0000000e+00  0.0000000e+00  0.0000000e+00  1.0000000e+00]]
[+0019.72, -0030.29, -1154.92]
771, 1024, 2209
[[-1.7302912e-01  4.4196560e-01 -8.7989488e-01  5.3440000e+01]
 [-1.3124000e-02  8.9251326e-01  4.5077810e-01  1.7172000e+02]
 [ 9.8456912e-01  8.9663500e-02 -1.4860162e-01 -1.1650200e+03]
 [ 0.0000000e+00  0.0000000e+00  0.0000000e+00  1.0000000e+00]]
[+0029.20, -0038.43, -1155.69]
1131, 1809, 1117
[[-1.7339940e-01  4.4182208e-01 -8.8006404e-01  5.3370000e+01]
 [-1.3518120e-02  8.9255580e-01  4.5071264e-01  1.7183000e+02]
 [ 9.8465056e-01  9.0099240e-02 -1.4878404e-01 -1.1650600e+03]
 [ 0.0000000e+00  0.0000000e+00  0.0000000e+00  1.0000000e+00]]
[+0131.78, +0026.55, -1076.98]
1354, 1754, 1428
[[-1.7421984e-01  4.4122752e-01 -8.8013104e-01  5.3310000e+01]
 [-1.3644160e-02  8.9280096e-01  4.5021072e-01  1.7179000e+02]
 [ 9.8444208e-01  9.0521440e-02 -1.4950464e-01 -1.1650300e+03]
 [ 0.0000000e+00  0.0000000e+00  0.0000000e+00  1.0000000e+00]]
[+0095.30, +0026.77, -1069.47]
1131, 1809, 1117
[[-1.7421298e-01  4.4184862e-01 -8.7985452e-01  5.3370000e+01]
 [-1.4024980e-02  8.9245262e-01  4.5089508e-01  1.7184000e+02]
 [ 9.8446812e-01  9.0955320e-02 -1.4926436e-01 -1.1650300e+03]
 [ 0.0000000e+00  0.0000000e+00  0.0000000e+00  1.0000000e+00]]
[+0132.02, +0025.71, -1077.17]
991, 1841, 1222
[[-1.7399476e-01  4.4177062e-01 -8.7986806e-01  5.3360000e+01]
 [-1.3351540e-02  8.9255580e-01  4.5069898e-01  1.7183000e+02]
 [ 9.8445458e-01  9.0258260e-02 -1.4937940e-01 -1.1650400e+03]
 [ 0.0000000e+00  0.0000000e+00  0.0000000e+00  1.0000000e+00]]
[+0133.13, +0003.66, -1085.44]
1131, 1809, 1117
[[-1.7384250e-01  4.4187986e-01 -8.7987048e-01  5.3350000e+01]
 [-1.3816020e-02  8.9246790e-01  4.5086384e-01  1.7183000e+02]
 [ 9.8449936e-01  9.0616080e-02 -1.4902416e-01 -1.1650200e+03]
 [ 0.0000000e+00  0.0000000e+00  0.0000000e+00  1.0000000e+00]]
[+0130.40, +0027.23, -1076.31]
966, 1107, 1113
[[-1.7235460e-01  4.4281040e-01 -8.7976960e-01  5.3500000e+01]
 [-1.3249280e-02  8.9212206e-01  4.5157790e-01  1.7185000e+02]
 [ 9.8483504e-01  8.9538220e-02 -1.4788210e-01 -1.1650300e+03]
 [ 0.0000000e+00  0.0000000e+00  0.0000000e+00  1.0000000e+00]]
[+0067.77, +0018.96, -1052.78]
1131, 1809, 1117
[[-1.7324722e-01  4.4163388e-01 -8.8013912e-01  5.3350000e+01]
 [-1.4280280e-02  8.9258286e-01  4.5062672e-01  1.7180000e+02]
 [ 9.8462248e-01  9.0707680e-02 -1.4831392e-01 -1.1650500e+03]
 [ 0.0000000e+00  0.0000000e+00  0.0000000e+00  1.0000000e+00]]
[+0132.25, +0026.99, -1077.19]
1056, 1046, 1186
[[-1.7361762e-01  4.4242282e-01 -8.7960726e-01  5.3440000e+01]
 [-1.3523580e-02  8.9222238e-01  4.5135206e-01  1.7182000e+02]
 [ 9.8451206e-01  9.0352740e-02 -1.4889924e-01 -1.1650000e+03]
 [ 0.0000000e+00  0.0000000e+00  0.0000000e+00  1.0000000e+00]]
[+0051.53, +0024.63, -1055.84]
1077, 920, 1352
[[-1.7361762e-01  4.4231040e-01 -8.7979248e-01  5.3430000e+01]
 [-1.3708800e-02  8.9228000e-01  4.5125560e-01  1.7179000e+02]
 [ 9.8462448e-01  9.0449200e-02 -1.4884162e-01 -1.1650200e+03]
 [ 0.0000000e+00  0.0000000e+00  0.0000000e+00  1.0000000e+00]]
[+0024.90, +0018.51, -1069.59]
1056, 1046, 1186
[[-1.7347210e-01  4.4261876e-01 -8.7955582e-01  5.3450000e+01]
 [-1.2826600e-02  8.9219480e-01  4.5143020e-01  1.7181000e+02]
 [ 9.8456350e-01  8.9679320e-02 -1.4907234e-01 -1.1650000e+03]
 [ 0.0000000e+00  0.0000000e+00  0.0000000e+00  1.0000000e+00]]
[+0054.07, +0024.49, -1055.59]
1070, 902, 1076
[[-1.7309524e-01  4.4286084e-01 -8.7955264e-01  5.3480000e+01]
 [-1.3481760e-02  8.9203420e-01  4.5173628e-01  1.7181000e+02]
 [ 9.8466076e-01  9.0120480e-02 -1.4841940e-01 -1.1650000e+03]
 [ 0.0000000e+00  0.0000000e+00  0.0000000e+00  1.0000000e+00]]
[+0042.74, +0038.73, -1053.86]
1056, 1046, 1186
[[-1.7265210e-01  4.4250538e-01 -8.7981896e-01  5.3420000e+01]
 [-1.3481540e-02  8.9223750e-01  4.5133472e-01  1.7180000e+02]
 [ 9.8473888e-01  8.9854160e-02 -1.4806416e-01 -1.1650400e+03]
 [ 0.0000000e+00  0.0000000e+00  0.0000000e+00  1.0000000e+00]]
[+0052.89, +0024.22, -1055.63]
2086, 1174, 1152
[[-1.7614570e-01  4.4127156e-01 -8.7968782e-01  5.3250000e+01]
 [-1.4592840e-02  8.9259384e-01  4.5058476e-01  1.7175000e+02]
 [ 9.8405198e-01  9.2298360e-02 -1.5076450e-01 -1.1650000e+03]
 [ 0.0000000e+00  0.0000000e+00  0.0000000e+00  1.0000000e+00]]
[+0048.86, +0118.07, -1112.10]
1056, 1046, 1186
[[-1.7318154e-01  4.4256418e-01 -8.7956250e-01  5.3450000e+01]
 [-1.1879100e-02  8.9231190e-01  4.5121070e-01  1.7181000e+02]
 [ 9.8455682e-01  8.8708260e-02 -1.4924580e-01 -1.1649900e+03]
 [ 0.0000000e+00  0.0000000e+00  0.0000000e+00  1.0000000e+00]]
[+0051.78, +0024.86, -1055.79]
2086, 1889, 1942
[[-1.7638546e-01  4.3978446e-01 -8.8042966e-01  5.3070000e+01]
 [-1.3828140e-02  8.9341980e-01  4.4897742e-01  1.7168000e+02]
 [ 9.8406074e-01  9.1441620e-02 -1.5148690e-01 -1.1650400e+03]
 [ 0.0000000e+00  0.0000000e+00  0.0000000e+00  1.0000000e+00]]
[+0057.09, +0052.61, -1087.90]
1888, 1369, 1660
[[-1.7421984e-01  4.4137640e-01 -8.8009472e-01  5.3290000e+01]
 [-1.3495280e-02  8.9274350e-01  4.5033596e-01  1.7175000e+02]
 [ 9.8447840e-01  9.0396200e-02 -1.4956210e-01 -1.1650400e+03]
 [ 0.0000000e+00  0.0000000e+00  0.0000000e+00  1.0000000e+00]]
[+0034.67, +0064.55, -1086.63]
2086, 1889, 1942
[[-1.7675610e-01  4.3975280e-01 -8.8041340e-01  5.3070000e+01]
 [-1.4037440e-02  8.9340440e-01  4.4900908e-01  1.7169000e+02]
 [ 9.8402908e-01  9.1780600e-02 -1.5172786e-01 -1.1650300e+03]
 [ 0.0000000e+00  0.0000000e+00  0.0000000e+00  1.0000000e+00]]
[+0057.03, +0052.91, -1087.97]
1502, 1967, 2206
[[-1.7526600e-01  4.3967872e-01 -8.8071804e-01  5.3140000e+01]
 [-1.4546880e-02  8.9346150e-01  4.4887384e-01  1.7168000e+02]
 [ 9.8426116e-01  9.1553040e-02 -1.5018066e-01 -1.1650100e+03]
 [ 0.0000000e+00  0.0000000e+00  0.0000000e+00  1.0000000e+00]]
[+0067.08, -0013.65, -1104.05]
2086, 1889, 1942
[[-1.7608740e-01  4.4020294e-01 -8.8019578e-01  5.3150000e+01]
 [-1.3409660e-02  8.9324814e-01  4.4931646e-01  1.7170000e+02]
 [ 9.8404442e-01  9.1030060e-02 -1.5136050e-01 -1.1650200e+03]
 [ 0.0000000e+00  0.0000000e+00  0.0000000e+00  1.0000000e+00]]
[+0056.34, +0057.14, -1088.58]
2138, 1790, 2086
[[-1.7735242e-01  4.3940288e-01 -8.8028882e-01  5.3050000e+01]
 [-1.4169680e-02  8.9351856e-01  4.4874592e-01  1.7162000e+02]
 [ 9.8375938e-01  9.2188880e-02 -1.5221002e-01 -1.1650100e+03]
 [ 0.0000000e+00  0.0000000e+00  0.0000000e+00  1.0000000e+00]]
[+0037.82, +0048.57, -1097.58]
2086, 1889, 1942
[[-1.7467024e-01  4.4025360e-01 -8.8047144e-01  5.3170000e+01]
 [-1.4044560e-02  8.9323286e-01  4.4933070e-01  1.7174000e+02]
 [ 9.8430480e-01  9.0951060e-02 -1.4981354e-01 -1.1650500e+03]
 [ 0.0000000e+00  0.0000000e+00  0.0000000e+00  1.0000000e+00]]
[+0059.46, +0054.52, -1087.36]
1192, 2016, 1127
[[-1.7406746e-01  4.4148564e-01 -8.8009722e-01  5.3350000e+01]
 [-1.3959720e-02  8.9265560e-01  4.5050084e-01  1.7186000e+02]
 [ 9.8452314e-01  9.0754120e-02 -1.4920690e-01 -1.1650600e+03]
 [ 0.0000000e+00  0.0000000e+00  0.0000000e+00  1.0000000e+00]]
[+0146.00, +0029.26, -1092.21]
1156, 1578, 944
[[-1.7250666e-01  4.4255222e-01 -8.7980396e-01  5.3450000e+01]
 [-1.2933340e-02  8.9226750e-01  4.5128788e-01  1.7188000e+02]
 [ 9.8475388e-01  8.9305960e-02 -1.4817960e-01 -1.1650300e+03]
 [ 0.0000000e+00  0.0000000e+00  0.0000000e+00  1.0000000e+00]]
[+0121.88, +0046.33, -1065.04]
1192, 2016, 1127
[[-1.7414722e-01  4.4110228e-01 -8.8015976e-01  5.3300000e+01]
 [-1.3518920e-02  8.9287358e-01  4.5006184e-01  1.7182000e+02]
 [ 9.8441336e-01  9.0372560e-02 -1.4950464e-01 -1.1650200e+03]
 [ 0.0000000e+00  0.0000000e+00  0.0000000e+00  1.0000000e+00]]
[+0146.14, +0027.87, -1092.64]
1267, 2071, 979
[[-1.7429250e-01  4.4135276e-01 -8.8010232e-01  5.3290000e+01]
 [-1.3769400e-02  8.9272830e-01  4.5035960e-01  1.7186000e+02]
 [ 9.8447080e-01  9.0670320e-02 -1.4950464e-01 -1.1650500e+03]
 [ 0.0000000e+00  0.0000000e+00  0.0000000e+00  1.0000000e+00]]
[+0154.31, +0045.14, -1100.30]
1192, 2016, 1127
[[-1.7339940e-01  4.4152444e-01 -8.8013672e-01  5.3340000e+01]
 [-1.3815760e-02  8.9267084e-01  4.5046204e-01  1.7184000e+02]
 [ 9.8457788e-01  9.0349840e-02 -1.4866900e-01 -1.1650700e+03]
 [ 0.0000000e+00  0.0000000e+00  0.0000000e+00  1.0000000e+00]]
[+0142.86, +0029.50, -1090.40]
1625, 1906, 1306
[[-1.7533858e-01  4.4118462e-01 -8.7987962e-01  5.3260000e+01]
 [-1.3073580e-02  8.9281612e-01  4.5018858e-01  1.7180000e+02]
 [ 9.8420582e-01  9.0536220e-02 -1.5075346e-01 -1.1649800e+03]
 [ 0.0000000e+00  0.0000000e+00  0.0000000e+00  1.0000000e+00]]
[+0108.05, +0058.69, -1076.62]
1192, 2016, 1127
[[-1.7318154e-01  4.4159500e-01 -8.8011410e-01  5.3330000e+01]
 [-1.2993400e-02  8.9271608e-01  4.5039148e-01  1.7183000e+02]
 [ 9.8460050e-01  8.9527480e-02 -1.4884162e-01 -1.1650500e+03]
 [ 0.0000000e+00  0.0000000e+00  0.0000000e+00  1.0000000e+00]]
[+0145.34, +0029.30, -1091.86]
2106, 2023, 1233
[[-1.7683674e-01  4.3996622e-01 -8.8033020e-01  5.3110000e+01]
 [-1.3001100e-02  8.9339310e-01  4.4906980e-01  1.7177000e+02]
 [ 9.8406428e-01  9.0897960e-02 -1.5225480e-01 -1.1650400e+03]
 [ 0.0000000e+00  0.0000000e+00  0.0000000e+00  1.0000000e+00]]
[+0107.81, +0091.35, -1098.87]
1832, 1130, 1212
[[-1.7347210e-01  4.4191102e-01 -8.7988644e-01  5.3380000e+01]
 [-1.3607060e-02  8.9248310e-01  4.5083268e-01  1.7181000e+02]
 [ 9.8453052e-01  9.0276840e-02 -1.4878404e-01 -1.1650400e+03]
 [ 0.0000000e+00  0.0000000e+00  0.0000000e+00  1.0000000e+00]]
[+0042.28, +0094.80, -1087.51]
2106, 2023, 1233
[[-1.7631296e-01  4.4007024e-01 -8.8020048e-01  5.3110000e+01]
 [-1.3219680e-02  8.9332064e-01  4.4917504e-01  1.7179000e+02]
 [ 9.8399184e-01  9.0945920e-02 -1.5165856e-01 -1.1650400e+03]
 [ 0.0000000e+00  0.0000000e+00  0.0000000e+00  1.0000000e+00]]
[+0107.77, +0091.20, -1098.71]
1814, 2113, 1193
[[-1.7451762e-01  4.4077322e-01 -8.8021634e-01  5.3240000e+01]
 [-1.4025820e-02  8.9297310e-01  4.4984266e-01  1.7184000e+02]
 [ 9.8430946e-01  9.0962140e-02 -1.4963028e-01 -1.1650600e+03]
 [ 0.0000000e+00  0.0000000e+00  0.0000000e+00  1.0000000e+00]]
[+0129.27, +0070.73, -1095.40]
2106, 2023, 1233
[[-1.7645800e-01  4.4032040e-01 -8.8014320e-01  5.3130000e+01]
 [-1.3469840e-02  8.9317560e-01  4.4947312e-01  1.7179000e+02]
 [ 9.8404912e-01  9.1244000e-02 -1.5165856e-01 -1.1650500e+03]
 [ 0.0000000e+00  0.0000000e+00  0.0000000e+00  1.0000000e+00]]
[+0107.34, +0092.01, -1099.04]
2038, 2031, 1752
[[-1.7488810e-01  4.4018250e-01 -8.8049460e-01  5.3170000e+01]
 [-1.4866980e-02  8.9318654e-01  4.4940180e-01  1.7175000e+02]
 [ 9.8428164e-01  9.1773480e-02 -1.4964200e-01 -1.1650500e+03]
 [ 0.0000000e+00  0.0000000e+00  0.0000000e+00  1.0000000e+00]]
[+0079.99, +0056.38, -1084.46]
2106, 2023, 1233
[[-1.7578938e-01  4.4039582e-01 -8.8033242e-01  5.3160000e+01]
 [-1.3361820e-02  8.9319084e-01  4.4946262e-01  1.7183000e+02]
 [ 9.8425358e-01  9.0811380e-02 -1.5111978e-01 -1.1650600e+03]
 [ 0.0000000e+00  0.0000000e+00  0.0000000e+00  1.0000000e+00]]
[+0107.79, +0092.47, -1099.64]
1142, 1249, 2079
[[-1.7399476e-01  4.4106266e-01 -8.8019862e-01  5.3290000e+01]
 [-1.4132180e-02  8.9284310e-01  4.5010146e-01  1.7171000e+02]
 [ 9.8442174e-01  9.0855780e-02 -1.4909210e-01 -1.1650200e+03]
 [ 0.0000000e+00  0.0000000e+00  0.0000000e+00  1.0000000e+00]]
[+0026.73, -0025.07, -1121.90]
1232, 1625, 2080
[[-1.7407464e-01  4.4026892e-01 -8.8051876e-01  5.3210000e+01]
 [-1.4174360e-02  8.9323286e-01  4.4931538e-01  1.7167000e+02]
 [ 9.8435212e-01  9.0821260e-02 -1.4921794e-01 -1.1650400e+03]
 [ 0.0000000e+00  0.0000000e+00  0.0000000e+00  1.0000000e+00]]
[+0053.22, -0024.74, -1108.72]
1142, 1249, 2079
[[-1.7436520e-01  4.4103136e-01 -8.8018268e-01  5.3300000e+01]
 [-1.4341280e-02  8.9282774e-01  4.5013276e-01  1.7171000e+02]
 [ 9.8439044e-01  9.1194920e-02 -1.4933250e-01 -1.1650300e+03]
 [ 0.0000000e+00  0.0000000e+00  0.0000000e+00  1.0000000e+00]]
[+0026.45, -0024.95, -1122.24]
1437, 1178, 2130
[[-1.7496080e-01  4.4086704e-01 -8.8017168e-01  5.3230000e+01]
 [-1.4360160e-02  8.9288504e-01  4.5002296e-01  1.7168000e+02]
 [ 9.8430672e-01  9.1450160e-02 -1.4987080e-01 -1.1650100e+03]
 [ 0.0000000e+00  0.0000000e+00  0.0000000e+00  1.0000000e+00]]
[+0009.80, -0000.17, -1121.71]
1142, 1249, 2079
[[-1.7332674e-01  4.4154796e-01 -8.8012914e-01  5.3340000e+01]
 [-1.3541640e-02  8.9268600e-01  4.5043852e-01  1.7174000e+02]
 [ 9.8458546e-01  9.0075720e-02 -1.4872650e-01 -1.1650100e+03]
 [ 0.0000000e+00  0.0000000e+00  0.0000000e+00  1.0000000e+00]]
[+0028.66, -0023.20, -1118.15]
1323, 1210, 984
[[-1.7339282e-01  4.4240688e-01 -8.7963840e-01  5.3430000e+01]
 [-1.3862880e-02  8.9220718e-01  4.5136800e-01  1.7184000e+02]
 [ 9.8452800e-01  9.0561600e-02 -1.4854400e-01 -1.1650400e+03]
 [ 0.0000000e+00  0.0000000e+00  0.0000000e+00  1.0000000e+00]]
[+0076.09, +0070.04, -1057.36]
1142, 1249, 2079
[[-1.7392210e-01  4.4108626e-01 -8.8019098e-01  5.3280000e+01]
 [-1.3858060e-02  8.9285838e-01  4.5007786e-01  1.7174000e+02]
 [ 9.8442938e-01  9.0581660e-02 -1.4914948e-01 -1.1650100e+03]
 [ 0.0000000e+00  0.0000000e+00  0.0000000e+00  1.0000000e+00]]
[+0027.02, -0024.94, -1121.16]
2134, 766, 1607
[[-1.7652324e-01  4.4147686e-01 -8.7958038e-01  5.3270000e+01]
 [-1.3491420e-02  8.9258286e-01  4.5065354e-01  1.7169000e+02]
 [ 9.8406374e-01  9.1481220e-02 -1.5158994e-01 -1.1649800e+03]
 [ 0.0000000e+00  0.0000000e+00  0.0000000e+00  1.0000000e+00]]
[+0003.94, +0091.25, -1143.90]
985, 1080, 1672
[[-1.7294964e-01  4.4234906e-01 -8.7983190e-01  5.3440000e+01]
 [-1.3565100e-02  8.9229516e-01  4.5121694e-01  1.7181000e+02]
 [ 9.8467906e-01  9.0044700e-02 -1.4830404e-01 -1.1650400e+03]
 [ 0.0000000e+00  0.0000000e+00  0.0000000e+00  1.0000000e+00]]
[+0032.06, -0017.88, -1091.06]
2134, 766, 1607
[[-1.7682130e-01  4.4102208e-01 -8.7966554e-01  5.3220000e+01]
 [-1.3873440e-02  8.9275500e-01  4.5028608e-01  1.7165000e+02]
 [ 9.8393062e-01  9.1921440e-02 -1.5171586e-01 -1.1650000e+03]
 [ 0.0000000e+00  0.0000000e+00  0.0000000e+00  1.0000000e+00]]
[+0003.32, +0090.18, -1144.05]
2240, 1150, 1636
[[-1.7660320e-01  4.4064696e-01 -8.7975152e-01  5.3180000e+01]
 [-1.3498320e-02  8.9297310e-01  4.4983896e-01  1.7167000e+02]
 [ 9.8384464e-01  9.1474320e-02 -1.5171586e-01 -1.1650200e+03]
 [ 0.0000000e+00  0.0000000e+00  0.0000000e+00  1.0000000e+00]]
[+0021.65, +0093.15, -1121.03]
2134, 766, 1607
[[-1.7458354e-01  4.4178088e-01 -8.7968968e-01  5.3370000e+01]
 [-1.4197520e-02  8.9243726e-01  4.5089768e-01  1.7173000e+02]
 [ 9.8428792e-01  9.1323280e-02 -1.4950464e-01 -1.1650000e+03]
 [ 0.0000000e+00  0.0000000e+00  0.0000000e+00  1.0000000e+00]]
[+0004.18, +0090.19, -1144.60]
2124, 790, 1327
[[-1.7435866e-01  4.4221152e-01 -8.7961174e-01  5.3410000e+01]
 [-1.4090160e-02  8.9224944e-01  4.5128928e-01  1.7178000e+02]
 [ 9.8441318e-01  9.1156560e-02 -1.4932186e-01 -1.1650100e+03]
 [ 0.0000000e+00  0.0000000e+00  0.0000000e+00  1.0000000e+00]]
[+0015.30, +0105.79, -1137.63]
2134, 766, 1607
[[-1.7547700e-01  4.4131096e-01 -8.7972772e-01  5.3280000e+01]
 [-1.4448920e-02  8.9260940e-01  4.5054536e-01  1.7168000e+02]
 [ 9.8410744e-01  9.1894120e-02 -1.5022596e-01 -1.1649900e+03]
 [ 0.0000000e+00  0.0000000e+00  0.0000000e+00  1.0000000e+00]]
[+0003.65, +0089.01, -1143.94]
865, 1192, 2115
[[-1.7332674e-01  4.4158428e-01 -8.8027796e-01  5.3370000e+01]
 [-1.3577960e-02  8.9268600e-01  4.5046728e-01  1.7172000e+02]
 [ 9.8473428e-01  9.0046960e-02 -1.4872650e-01 -1.1650100e+03]
 [ 0.0000000e+00  0.0000000e+00  0.0000000e+00  1.0000000e+00]]
[+0035.20, -0041.29, -1141.49]
1419, 1421, 1229
[[-1.7354484e-01  4.4188748e-01 -8.7989404e-01  5.3360000e+01]
 [-1.3881160e-02  8.9246790e-01  4.5085622e-01  1.7182000e+02]
 [ 9.8452292e-01  9.0550940e-02 -1.4872650e-01 -1.1650500e+03]
 [ 0.0000000e+00  0.0000000e+00  0.0000000e+00  1.0000000e+00]]
[+0076.09, +0055.36, -1061.85]
865, 1192, 2115
[[-1.7302912e-01  4.4140672e-01 -8.8018896e-01  5.3370000e+01]
 [-1.3755520e-02  8.9274350e-01  4.5030564e-01  1.7171000e+02]
 [ 9.8457264e-01  9.0135960e-02 -1.4837138e-01 -1.1650300e+03]
 [ 0.0000000e+00  0.0000000e+00  0.0000000e+00  1.0000000e+00]]
[+0034.85, -0041.23, -1141.81]
1014, 1248, 2223
[[-1.7451762e-01  4.4021394e-01 -8.8051052e-01  5.3220000e+01]
 [-1.4657740e-02  8.9320206e-01  4.4937036e-01  1.7164000e+02]
 [ 9.8431308e-01  9.1434440e-02 -1.4940132e-01 -1.1650300e+03]
 [ 0.0000000e+00  0.0000000e+00  0.0000000e+00  1.0000000e+00]]
[+0031.62, -0033.43, -1139.14]
865, 1192, 2115
[[-1.7257936e-01  4.4223128e-01 -8.7988416e-01  5.3450000e+01]
 [-1.3504960e-02  8.9236790e-01  4.5106062e-01  1.7179000e+02]
 [ 9.8467368e-01  8.9830740e-02 -1.4800650e-01 -1.1650400e+03]
 [ 0.0000000e+00  0.0000000e+00  0.0000000e+00  1.0000000e+00]]
[+0036.28, -0038.43, -1136.54]
808, 1336, 2117
[[-1.7302912e-01  4.4170432e-01 -8.8011632e-01  5.3370000e+01]
 [-1.3457920e-02  8.9262846e-01  4.5055628e-01  1.7176000e+02]
 [ 9.8464528e-01  8.9885320e-02 -1.4848642e-01 -1.1650200e+03]
 [ 0.0000000e+00  0.0000000e+00  0.0000000e+00  1.0000000e+00]]
[+0049.71, -0044.60, -1140.25]
865, 1192, 2115
[[-1.7354484e-01  4.4162622e-01 -8.8011562e-01  5.3350000e+01]
 [-1.4215180e-02  8.9258286e-01  4.5063438e-01  1.7173000e+02]
 [ 9.8459898e-01  9.0772780e-02 -1.4861154e-01 -1.1650300e+03]
 [ 0.0000000e+00  0.0000000e+00  0.0000000e+00  1.0000000e+00]]
[+0035.87, -0038.42, -1138.40]
1679, 2081, 1544
[[-1.7541120e-01  4.4060128e-01 -8.8018144e-01  5.3200000e+01]
 [-1.3979840e-02  8.9303040e-01  4.4974048e-01  1.7179000e+02]
 [ 9.8420192e-01  9.1282240e-02 -1.5046656e-01 -1.1650700e+03]
 [ 0.0000000e+00  0.0000000e+00  0.0000000e+00  1.0000000e+00]]
[+0112.32, +0044.79, -1082.41]
1839, 1993, 1364
[[-1.7526600e-01  4.4064888e-01 -8.8016616e-01  5.3220000e+01]
 [-1.3431600e-02  8.9306096e-01  4.4969288e-01  1.7179000e+02]
 [ 9.8421720e-01  9.0734000e-02 -1.5058120e-01 -1.1650600e+03]
 [ 0.0000000e+00  0.0000000e+00  0.0000000e+00  1.0000000e+00]]
[+0107.06, +0072.55, -1084.10]
1679, 2081, 1544
[[-1.7467024e-01  4.4055144e-01 -8.8039888e-01  5.3220000e+01]
 [-1.3746720e-02  8.9311830e-01  4.4958114e-01  1.7179000e+02]
 [ 9.8437736e-01  9.0700620e-02 -1.4992810e-01 -1.1650500e+03]
 [ 0.0000000e+00  0.0000000e+00  0.0000000e+00  1.0000000e+00]]
[+0110.94, +0041.22, -1082.12]
1382, 984, 1812
[[-1.7324722e-01  4.4174630e-01 -8.7995394e-01  5.3370000e+01]
 [-1.4095100e-02  8.9252540e-01  4.5072330e-01  1.7175000e+02]
 [ 9.8451006e-01  9.0611100e-02 -1.4837138e-01 -1.1650200e+03]
 [ 0.0000000e+00  0.0000000e+00  0.0000000e+00  1.0000000e+00]]
[+0004.13, +0016.81, -1104.30]
1679, 2081, 1544
[[-1.7488810e-01  4.4074184e-01 -8.8020032e-01  5.3200000e+01]
 [-1.4234960e-02  8.9295774e-01  4.4987404e-01  1.7179000e+02]
 [ 9.8427808e-01  9.1301240e-02 -1.4987080e-01 -1.1650700e+03]
 [ 0.0000000e+00  0.0000000e+00  0.0000000e+00  1.0000000e+00]]
[+0112.36, +0044.36, -1082.40]
2109, 2061, 1937
[[-1.7638546e-01  4.3952264e-01 -8.8065122e-01  5.3050000e+01]
 [-1.4162480e-02  8.9353404e-01  4.4875576e-01  1.7168000e+02]
 [ 9.8413726e-01  9.1663280e-02 -1.5137266e-01 -1.1650400e+03]
 [ 0.0000000e+00  0.0000000e+00  0.0000000e+00  1.0000000e+00]]
[+0070.79, +0052.14, -1087.65]
1679, 2081, 1544
[[-1.7429250e-01  4.4079358e-01 -8.8039656e-01  5.3260000e+01]
 [-1.4401260e-02  8.9295774e-01  4.4988728e-01  1.7181000e+02]
 [ 9.8447432e-01  9.1142640e-02 -1.4927520e-01 -1.1650500e+03]
 [ 0.0000000e+00  0.0000000e+00  0.0000000e+00  1.0000000e+00]]
[+0114.09, +0038.47, -1082.89]
1519, 1075, 1181
[[-1.7391528e-01  4.4211756e-01 -8.7965648e-01  5.3400000e+01]
 [-1.3756040e-02  8.9233758e-01  4.5110916e-01  1.7180000e+02]
 [ 9.8441568e-01  9.0668440e-02 -1.4908170e-01 -1.1650100e+03]
 [ 0.0000000e+00  0.0000000e+00  0.0000000e+00  1.0000000e+00]]
[+0043.02, +0074.09, -1069.56]
922, 1693, 1233
[[-1.7235460e-01  4.4195434e-01 -8.8013662e-01  5.3420000e+01]
 [-1.4178100e-02  8.9246790e-01  4.5085450e-01  1.7183000e+02]
 [ 9.8476550e-01  9.0261620e-02 -1.4753626e-01 -1.1650800e+03]
 [ 0.0000000e+00  0.0000000e+00  0.0000000e+00  1.0000000e+00]]
[+0122.00, -0001.89, -1078.16]
1519, 1075, 1181
[[-1.7369044e-01  4.4213804e-01 -8.7983652e-01  5.3400000e+01]
 [-1.4131720e-02  8.9232230e-01  4.5115386e-01  1.7181000e+02]
 [ 9.8458044e-01  9.0848580e-02 -1.4872650e-01 -1.1650400e+03]
 [ 0.0000000e+00  0.0000000e+00  0.0000000e+00  1.0000000e+00]]
[+0042.41, +0076.59, -1070.54]
2218, 1760, 1051
[[-1.7608740e-01  4.4050098e-01 -8.8012326e-01  5.3160000e+01]
 [-1.3111620e-02  8.9313350e-01  4.4956666e-01  1.7178000e+02]
 [ 9.8411694e-01  9.0779860e-02 -1.5147514e-01 -1.1650500e+03]
 [ 0.0000000e+00  0.0000000e+00  0.0000000e+00  1.0000000e+00]]
[+0096.49, +0112.08, -1111.44]
1519, 1075, 1181
[[-1.7436520e-01  4.4200080e-01 -8.7963040e-01  5.3380000e+01]
 [-1.3226400e-02  8.9242552e-01  4.5095184e-01  1.7179000e+02]
 [ 9.8434720e-01  9.0375840e-02 -1.4973472e-01 -1.1650000e+03]
 [ 0.0000000e+00  0.0000000e+00  0.0000000e+00  1.0000000e+00]]
[+0042.47, +0073.75, -1069.60]
1582, 1097, 1644
[[-1.7436520e-01  4.4147800e-01 -8.8007360e-01  5.3300000e+01]
 [-1.3894640e-02  8.9265560e-01  4.5050848e-01  1.7175000e+02]
 [ 9.8449952e-01  9.0819200e-02 -1.4950464e-01 -1.1650300e+03]
 [ 0.0000000e+00  0.0000000e+00  0.0000000e+00  1.0000000e+00]]
[+0015.25, +0044.38, -1089.27]
1519, 1075, 1181
[[-1.7473572e-01  4.4208204e-01 -8.7942900e-01  5.3390000e+01]
 [-1.3250040e-02  8.9235278e-01  4.5107950e-01  1.7180000e+02]
 [ 9.8420340e-01  9.0618700e-02 -1.5003250e-01 -1.1649900e+03]
 [ 0.0000000e+00  0.0000000e+00  0.0000000e+00  1.0000000e+00]]
[+0042.76, +0074.26, -1069.67]
1654, 1953, 2105
[[-1.7586192e-01  4.3992496e-01 -8.8044888e-01  5.3110000e+01]
 [-1.4082960e-02  8.9334726e-01  4.4911106e-01  1.7168000e+02]
 [ 9.8413712e-01  9.1460940e-02 -1.5089082e-01 -1.1650400e+03]
 [ 0.0000000e+00  0.0000000e+00  0.0000000e+00  1.0000000e+00]]
[+0064.92, +0002.76, -1093.20]
1261, 1306, 1375
[[-1.7369706e-01  4.4203952e-01 -8.7967014e-01  5.3380000e+01]
 [-1.3082640e-02  8.9244060e-01  4.5091312e-01  1.7180000e+02]
 [ 9.8440202e-01  8.9971440e-02 -1.4919690e-01 -1.1650400e+03]
 [ 0.0000000e+00  0.0000000e+00  0.0000000e+00  1.0000000e+00]]
[+0058.71, +0028.14, -1062.27]
1654, 1953, 2105
[[-1.7586192e-01  4.3992496e-01 -8.8044888e-01  5.3120000e+01]
 [-1.4082960e-02  8.9334726e-01  4.4911106e-01  1.7170000e+02]
 [ 9.8413712e-01  9.1460940e-02 -1.5089082e-01 -1.1650400e+03]
 [ 0.0000000e+00  0.0000000e+00  0.0000000e+00  1.0000000e+00]]
[+0064.68, +0003.45, -1093.00]
1466, 2180, 2004
[[-1.7482306e-01  4.4018072e-01 -8.8061766e-01  5.3160000e+01]
 [-1.3616560e-02  8.9332064e-01  4.4919432e-01  1.7175000e+02]
 [ 9.8440902e-01  9.0564240e-02 -1.5016866e-01 -1.1650000e+03]
 [ 0.0000000e+00  0.0000000e+00  0.0000000e+00  1.0000000e+00]]
[+0098.96, -0004.83, -1098.52]
1654, 1953, 2105
[[-1.7541120e-01  4.4019072e-01 -8.8043936e-01  5.3130000e+01]
 [-1.4463040e-02  8.9320206e-01  4.4939358e-01  1.7170000e+02]
 [ 9.8424192e-01  9.1629140e-02 -1.5029490e-01 -1.1650500e+03]
 [ 0.0000000e+00  0.0000000e+00  0.0000000e+00  1.0000000e+00]]
[+0060.80, +0005.08, -1093.43]
2188, 2178, 1617
[[-1.7624050e-01  4.3953426e-01 -8.8048682e-01  5.3090000e+01]
 [-1.3577940e-02  8.9356476e-01  4.4867934e-01  1.7178000e+02]
 [ 9.8400358e-01  9.1143540e-02 -1.5148690e-01 -1.1650100e+03]
 [ 0.0000000e+00  0.0000000e+00  0.0000000e+00  1.0000000e+00]]
[+0097.29, +0072.22, -1092.29]
1654, 1953, 2105
[[-1.7474282e-01  4.4037882e-01 -8.8044282e-01  5.3220000e+01]
 [-1.4169780e-02  8.9316028e-01  4.4947962e-01  1.7172000e+02]
 [ 9.8433342e-01  9.1099980e-02 -1.4981354e-01 -1.1649600e+03]
 [ 0.0000000e+00  0.0000000e+00  0.0000000e+00  1.0000000e+00]]
[+0062.68, -0000.51, -1094.89]
1015, 1305, 1755
[[-1.7287690e-01  4.4207496e-01 -8.7989708e-01  5.3400000e+01]
 [-1.3588560e-02  8.9242552e-01  4.5094284e-01  1.7180000e+02]
 [ 9.8461388e-01  9.0021240e-02 -1.4824642e-01 -1.1650100e+03]
 [ 0.0000000e+00  0.0000000e+00  0.0000000e+00  1.0000000e+00]]
[+0048.63, -0020.79, -1090.84]
1032, 2013, 1631
[[-1.7376976e-01  4.4134444e-01 -8.8015716e-01  5.3310000e+01]
 [-1.4173640e-02  8.9271302e-01  4.5036792e-01  1.7183000e+02]
 [ 9.8451036e-01  9.0814320e-02 -1.4885178e-01 -1.1650500e+03]
 [ 0.0000000e+00  0.0000000e+00  0.0000000e+00  1.0000000e+00]]
[+0120.62, -0015.35, -1102.07]
1015, 1305, 1755
[[-1.7310178e-01  4.4153204e-01 -8.8016022e-01  5.3360000e+01]
 [-1.3880840e-02  8.9267084e-01  4.5045444e-01  1.7173000e+02]
 [ 9.8460138e-01  9.0284760e-02 -1.4837138e-01 -1.1650400e+03]
 [ 0.0000000e+00  0.0000000e+00  0.0000000e+00  1.0000000e+00]]
[+0046.55, -0023.84, -1093.84]
1679, 1229, 1416
[[-1.7436520e-01  4.4173940e-01 -8.7985200e-01  5.3350000e+01]
 [-1.3560520e-02  8.9254064e-01  4.5073020e-01  1.7180000e+02]
 [ 9.8442336e-01  9.0597480e-02 -1.4961960e-01 -1.1650300e+03]
 [ 0.0000000e+00  0.0000000e+00  0.0000000e+00  1.0000000e+00]]
[+0038.87, +0071.64, -1077.69]
1015, 1305, 1755
[[-1.7280420e-01  4.4139086e-01 -8.8022002e-01  5.3350000e+01]
 [-1.4094700e-02  8.9272830e-01  4.5032150e-01  1.7174000e+02]
 [ 9.8458850e-01  9.0345020e-02 -1.4801634e-01 -1.1650300e+03]
 [ 0.0000000e+00  0.0000000e+00  0.0000000e+00  1.0000000e+00]]
[+0046.90, -0024.07, -1093.89]
798, 1238, 1344
[[-1.7243400e-01  4.4283684e-01 -8.7957512e-01  5.3510000e+01]
 [-1.2325400e-02  8.9216670e-01  4.5148620e-01  1.7185000e+02]
 [ 9.8468520e-01  8.8810120e-02 -1.4835306e-01 -1.1650200e+03]
 [ 0.0000000e+00  0.0000000e+00  0.0000000e+00  1.0000000e+00]]
[+0073.56, -0019.27, -1071.62]
1015, 1305, 1755
[[-1.7384250e-01  4.4146972e-01 -8.8012846e-01  5.3320000e+01]
 [-1.4298920e-02  8.9264028e-01  4.5051676e-01  1.7174000e+02]
 [ 9.8453906e-01  9.0963160e-02 -1.4885178e-01 -1.1650400e+03]
 [ 0.0000000e+00  0.0000000e+00  0.0000000e+00  1.0000000e+00]]
[+0047.13, -0024.78, -1094.51]
1688, 1155, 1581
[[-1.7466298e-01  4.4154654e-01 -8.7971578e-01  5.3320000e+01]
 [-1.3607940e-02  8.9259814e-01  4.5058386e-01  1.7176000e+02]
 [ 9.8421442e-01  9.0816540e-02 -1.4985988e-01 -1.1650300e+03]
 [ 0.0000000e+00  0.0000000e+00  0.0000000e+00  1.0000000e+00]]
[+0022.38, +0061.49, -1086.72]
1684, 1125, 1355
[[-1.7429250e-01  4.4176306e-01 -8.7984442e-01  5.3360000e+01]
 [-1.3286420e-02  8.9255580e-01  4.5070654e-01  1.7178000e+02]
 [ 9.8443094e-01  9.0323380e-02 -1.4967714e-01 -1.1650300e+03]
 [ 0.0000000e+00  0.0000000e+00  0.0000000e+00  1.0000000e+00]]
[+0032.46, +0078.01, -1081.71]
1688, 1155, 1581
[[-1.7384250e-01  4.4128450e-01 -8.8001600e-01  5.3310000e+01]
 [-1.4411380e-02  8.9269766e-01  4.5036280e-01  1.7175000e+02]
 [ 9.8435384e-01  9.1117120e-02 -1.4879440e-01 -1.1650500e+03]
 [ 0.0000000e+00  0.0000000e+00  0.0000000e+00  1.0000000e+00]]
[+0021.12, +0058.94, -1087.46]
1640, 930, 1611
[[-1.7429250e-01  4.4157784e-01 -8.7973188e-01  5.3350000e+01]
 [-1.3398960e-02  8.9261334e-01  4.5055256e-01  1.7173000e+02]
 [ 9.8424572e-01  9.0477360e-02 -1.4961960e-01 -1.1650000e+03]
 [ 0.0000000e+00  0.0000000e+00  0.0000000e+00  1.0000000e+00]]
[+0002.04, +0055.91, -1103.03]
1688, 1155, 1581
[[-1.7406746e-01  4.4130042e-01 -8.7998472e-01  5.3330000e+01]
 [-1.4072220e-02  8.9271302e-01  4.5034688e-01  1.7172000e+02]
 [ 9.8433792e-01  9.0908080e-02 -1.4914948e-01 -1.1650700e+03]
 [ 0.0000000e+00  0.0000000e+00  0.0000000e+00  1.0000000e+00]]
[+0022.91, +0060.59, -1086.31]
1907, 1109, 1583
[[-1.7548386e-01  4.4139856e-01 -8.7967318e-01  5.3290000e+01]
 [-1.3287520e-02  8.9267084e-01  4.5045776e-01  1.7173000e+02]
 [ 9.8411434e-01  9.0862880e-02 -1.5075346e-01 -1.1650200e+03]
 [ 0.0000000e+00  0.0000000e+00  0.0000000e+00  1.0000000e+00]]
[+0016.83, +0080.09, -1102.42]
1688, 1155, 1581
[[-1.7466298e-01  4.4139764e-01 -8.7975214e-01  5.3330000e+01]
 [-1.3756840e-02  8.9265560e-01  4.5045868e-01  1.7177000e+02]
 [ 9.8417806e-01  9.0941720e-02 -1.4980242e-01 -1.1650100e+03]
 [ 0.0000000e+00  0.0000000e+00  0.0000000e+00  1.0000000e+00]]
[+0023.86, +0055.78, -1085.10]
1989, 1115, 1565
[[-1.7525866e-01  4.4097190e-01 -8.7996264e-01  5.3260000e+01]
 [-1.4109860e-02  8.9282774e-01  4.5012720e-01  1.7166000e+02]
 [ 9.8417040e-01  9.1418640e-02 -1.5022596e-01 -1.1650400e+03]
 [ 0.0000000e+00  0.0000000e+00  0.0000000e+00  1.0000000e+00]]
[+0017.95, +0086.68, -1107.99]
1307, 867, 2077
[[-1.7392210e-01  4.4093740e-01 -8.8022730e-01  5.3300000e+01]
 [-1.4006920e-02  8.9291576e-01  4.4995260e-01  1.7164000e+02]
 [ 9.8439306e-01  9.0706920e-02 -1.4909210e-01 -1.1650100e+03]
 [ 0.0000000e+00  0.0000000e+00  0.0000000e+00  1.0000000e+00]]
[-0003.87, +0001.17, -1139.72]
1989, 1115, 1565
[[-1.7518596e-01  4.4114462e-01 -8.7991862e-01  5.3300000e+01]
 [-1.3686820e-02  8.9278572e-01  4.5022858e-01  1.7169000e+02]
 [ 9.8421442e-01  9.1019380e-02 -1.5034068e-01 -1.1650600e+03]
 [ 0.0000000e+00  0.0000000e+00  0.0000000e+00  1.0000000e+00]]
[+0019.75, +0087.98, -1106.98]
2060, 1213, 1708
[[-1.7578180e-01  4.4038444e-01 -8.8005268e-01  5.3150000e+01]
 [-1.4301640e-02  8.9307222e-01  4.4961826e-01  1.7167000e+02]
 [ 9.8398508e-01  9.1775060e-02 -1.5065002e-01 -1.1650400e+03]
 [ 0.0000000e+00  0.0000000e+00  0.0000000e+00  1.0000000e+00]]
[+0017.61, +0078.93, -1109.13]
1989, 1115, 1565
[[-1.7421984e-01  4.4134008e-01 -8.7994584e-01  5.3310000e+01]
 [-1.3458960e-02  8.9274350e-01  4.5030722e-01  1.7173000e+02]
 [ 9.8432952e-01  9.0424940e-02 -1.4956210e-01 -1.1649800e+03]
 [ 0.0000000e+00  0.0000000e+00  0.0000000e+00  1.0000000e+00]]
[+0019.52, +0085.65, -1106.03]
1849, 1333, 1485
[[-1.7473572e-01  4.4141030e-01 -8.7990870e-01  5.3310000e+01]
 [-1.4067300e-02  8.9264028e-01  4.5051110e-01  1.7178000e+02]
 [ 9.8431930e-01  9.1187100e-02 -1.4974500e-01 -1.1650300e+03]
 [ 0.0000000e+00  0.0000000e+00  0.0000000e+00  1.0000000e+00]]
[+0043.29, +0073.72, -1081.97]
1989, 1115, 1565
[[-1.7555656e-01  4.4122576e-01 -8.7971716e-01  5.3260000e+01]
 [-1.3710560e-02  8.9271302e-01  4.5035648e-01  1.7173000e+02]
 [ 9.8407036e-01  9.1262080e-02 -1.5063858e-01 -1.1650100e+03]
 [ 0.0000000e+00  0.0000000e+00  0.0000000e+00  1.0000000e+00]]
[+0017.43, +0084.79, -1107.60]
2162, 1861, 1041
[[-1.7645800e-01  4.4046944e-01 -8.8010692e-01  5.3140000e+01]
 [-1.3320800e-02  8.9311830e-01  4.4959820e-01  1.7180000e+02]
 [ 9.8408540e-01  9.1118920e-02 -1.5171586e-01 -1.1650400e+03]
 [ 0.0000000e+00  0.0000000e+00  0.0000000e+00  1.0000000e+00]]
[+0104.77, +0107.83, -1110.06]
1753, 1900, 810
[[-1.7362440e-01  4.4168924e-01 -8.8006928e-01  5.3360000e+01]
 [-1.3327720e-02  8.9262846e-01  4.5057136e-01  1.7187000e+02]
 [ 9.8459824e-01  9.0015520e-02 -1.4908170e-01 -1.1650300e+03]
 [ 0.0000000e+00  0.0000000e+00  0.0000000e+00  1.0000000e+00]]
[+0133.73, +0094.29, -1104.93]
2162, 1861, 1041
[[-1.7623252e-01  4.4071488e-01 -8.7991688e-01  5.3110000e+01]
 [-1.3325520e-02  8.9298838e-01  4.4983602e-01  1.7187000e+02]
 [ 9.8402528e-01  9.1106580e-02 -1.5147514e-01 -1.1650500e+03]
 [ 0.0000000e+00  0.0000000e+00  0.0000000e+00  1.0000000e+00]]
[+0104.08, +0107.83, -1110.09]
2142, 791, 894
[[-1.7532490e-01  4.4242610e-01 -8.7932650e-01  5.3370000e+01]
 [-1.3834340e-02  8.9211900e-01  4.5155762e-01  1.7184000e+02]
 [ 9.8425838e-01  9.1404700e-02 -1.5027274e-01 -1.1650000e+03]
 [ 0.0000000e+00  0.0000000e+00  0.0000000e+00  1.0000000e+00]]
[+0039.89, +0130.45, -1143.52]
2162, 1861, 1041
[[-1.7615994e-01  4.4029176e-01 -8.8001812e-01  5.3140000e+01]
 [-1.3498480e-02  8.9317560e-01  4.4943684e-01  1.7180000e+02]
 [ 9.8392404e-01  9.1207720e-02 -1.5136050e-01 -1.1650500e+03]
 [ 0.0000000e+00  0.0000000e+00  0.0000000e+00  1.0000000e+00]]
[+0104.84, +0107.90, -1110.62]
1986, 1822, 1345
[[-1.7444500e-01  4.4109470e-01 -8.8013610e-01  5.3260000e+01]
 [-1.3453900e-02  8.9287358e-01  4.5006942e-01  1.7178000e+02]
 [ 9.8438970e-01  9.0437580e-02 -1.4980242e-01 -1.1650200e+03]
 [ 0.0000000e+00  0.0000000e+00  0.0000000e+00  1.0000000e+00]]
[+0088.18, +0083.21, -1085.28]
2162, 1861, 1041
[[-1.7586192e-01  4.4048468e-01 -8.8015476e-01  5.3150000e+01]
 [-1.3450680e-02  8.9311830e-01  4.4958296e-01  1.7181000e+02]
 [ 9.8413324e-01  9.0989040e-02 -1.5111978e-01 -1.1650600e+03]
 [ 0.0000000e+00  0.0000000e+00  0.0000000e+00  1.0000000e+00]]
[+0104.75, +0107.82, -1110.02]
1892, 1369, 964
[[-1.7376976e-01  4.4205228e-01 -8.7982652e-01  5.3370000e+01]
 [-1.3393080e-02  8.9242552e-01  4.5096552e-01  1.7183000e+02]
 [ 9.8454332e-01  9.0216720e-02 -1.4913928e-01 -1.1650200e+03]
 [ 0.0000000e+00  0.0000000e+00  0.0000000e+00  1.0000000e+00]]
[+0078.75, +0110.44, -1092.80]
1162, 1365, 1819
[[-1.7399476e-01  4.4162176e-01 -8.7990440e-01  5.3330000e+01]
 [-1.3500400e-02  8.9261334e-01  4.5057374e-01  1.7178000e+02]
 [ 9.8441824e-01  9.0383500e-02 -1.4932186e-01 -1.1650300e+03]
 [ 0.0000000e+00  0.0000000e+00  0.0000000e+00  1.0000000e+00]]
[+0044.62, -0014.22, -1090.51]
1892, 1369, 964
[[-1.7503354e-01  4.4181300e-01 -8.7962692e-01  5.3340000e+01]
 [-1.3519080e-02  8.9246790e-01  4.5086556e-01  1.7184000e+02]
 [ 9.8425580e-01  9.0905400e-02 -1.5021520e-01 -1.1650300e+03]
 [ 0.0000000e+00  0.0000000e+00  0.0000000e+00  1.0000000e+00]]
[+0079.24, +0115.75, -1095.59]
2248, 1808, 1269
[[-1.7645800e-01  4.4017136e-01 -8.8017948e-01  5.3130000e+01]
 [-1.3618880e-02  8.9323286e-01  4.4934804e-01  1.7176000e+02]
 [ 9.8401284e-01  9.1369080e-02 -1.5160130e-01 -1.1650600e+03]
 [ 0.0000000e+00  0.0000000e+00  0.0000000e+00  1.0000000e+00]]
[+0087.02, +0104.13, -1104.20]
1892, 1369, 964
[[-1.7324722e-01  4.4204390e-01 -8.7988118e-01  5.3390000e+01]
 [-1.3797500e-02  8.9241036e-01  4.5097390e-01  1.7183000e+02]
 [ 9.8458282e-01  9.0360500e-02 -1.4848642e-01 -1.1650500e+03]
 [ 0.0000000e+00  0.0000000e+00  0.0000000e+00  1.0000000e+00]]
[+0079.35, +0110.00, -1092.49]
2087, 1094, 1130
[[-1.7488810e-01  4.4145010e-01 -8.7986970e-01  5.3280000e+01]
 [-1.3454020e-02  8.9267084e-01  4.5047130e-01  1.7174000e+02]
 [ 9.8431086e-01  9.0703980e-02 -1.5015770e-01 -1.1650500e+03]
 [ 0.0000000e+00  0.0000000e+00  0.0000000e+00  1.0000000e+00]]
[+0043.63, +0118.93, -1116.14]
1892, 1369, 964
[[-1.7354484e-01  4.4192386e-01 -8.8004286e-01  5.3430000e+01]
 [-1.3917540e-02  8.9246790e-01  4.5088498e-01  1.7180000e+02]
 [ 9.8467174e-01  9.0522180e-02 -1.4872650e-01 -1.1649500e+03]
 [ 0.0000000e+00  0.0000000e+00  0.0000000e+00  1.0000000e+00]]
[+0080.21, +0109.94, -1092.46]
1673, 1878, 1041
[[-1.7369706e-01  4.4121916e-01 -8.8018586e-01  5.3360000e+01]
 [-1.4048360e-02  8.9278572e-01  4.5021908e-01  1.7184000e+02]
 [ 9.8448166e-01  9.0665480e-02 -1.4885178e-01 -1.1649500e+03]
 [ 0.0000000e+00  0.0000000e+00  0.0000000e+00  1.0000000e+00]]
[+0124.46, +0076.29, -1086.32]
2043, 2028, 1081
[[-1.7549962e-01  4.3974626e-01 -8.8048324e-01  5.3160000e+01]
 [-1.3010260e-02  8.9353790e-01  4.4874148e-01  1.7177000e+02]
 [ 9.8410276e-01  9.0340520e-02 -1.5106248e-01 -1.1649500e+03]
 [ 0.0000000e+00  0.0000000e+00  0.0000000e+00  1.0000000e+00]]
[+0118.16, +0095.20, -1105.11]
1673, 1878, 1041
[[-1.7310178e-01  4.4153204e-01 -8.8016022e-01  5.3390000e+01]
 [-1.3880840e-02  8.9267084e-01  4.5045444e-01  1.7186000e+02]
 [ 9.8460138e-01  9.0284760e-02 -1.4837138e-01 -1.1649600e+03]
 [ 0.0000000e+00  0.0000000e+00  0.0000000e+00  1.0000000e+00]]
[+0120.72, +0076.16, -1084.76]
1642, 1867, 1365
[[-1.7355178e-01  4.4111744e-01 -8.8020696e-01  5.3320000e+01]
 [-1.3648960e-02  8.9287358e-01  4.5004668e-01  1.7180000e+02]
 [ 9.8446056e-01  9.0242520e-02 -1.4890920e-01 -1.1649300e+03]
 [ 0.0000000e+00  0.0000000e+00  0.0000000e+00  1.0000000e+00]]
[+0101.62, +0052.12, -1074.49]
1673, 1878, 1041
[[-1.7392210e-01  4.4164538e-01 -8.7989684e-01  5.3300000e+01]
 [-1.3226300e-02  8.9262846e-01  4.5055012e-01  1.7184000e+02]
 [ 9.8442580e-01  9.0109400e-02 -1.4937940e-01 -1.1650100e+03]
 [ 0.0000000e+00  0.0000000e+00  0.0000000e+00  1.0000000e+00]]
[+0120.58, +0077.43, -1085.15]
2106, 807, 1046
[[-1.7435866e-01  4.4206266e-01 -8.7964818e-01  5.3380000e+01]
 [-1.4239020e-02  8.9230694e-01  4.5116406e-01  1.7180000e+02]
 [ 9.8437674e-01  9.1281780e-02 -1.4926436e-01 -1.1649700e+03]
 [ 0.0000000e+00  0.0000000e+00  0.0000000e+00  1.0000000e+00]]
[+0030.71, +0123.96, -1136.58]
1673, 1878, 1041
[[-1.7362440e-01  4.4139156e-01 -8.8014192e-01  5.3380000e+01]
 [-1.3625400e-02  8.9274350e-01  4.5032080e-01  1.7185000e+02]
 [ 9.8452560e-01  9.0266080e-02 -1.4896666e-01 -1.1648900e+03]
 [ 0.0000000e+00  0.0000000e+00  0.0000000e+00  1.0000000e+00]]
[+0124.57, +0076.89, -1086.41]
1925, 1881, 1550
[[-1.7407464e-01  4.4056668e-01 -8.8044620e-01  5.3270000e+01]
 [-1.3876600e-02  8.9311830e-01  4.4956590e-01  1.7178000e+02]
 [ 9.8442468e-01  9.0570740e-02 -1.4933250e-01 -1.1649300e+03]
 [ 0.0000000e+00  0.0000000e+00  0.0000000e+00  1.0000000e+00]]
[+0084.70, +0066.73, -1079.83]
1763, 2166, 1579
[[-1.7467024e-01  4.4028988e-01 -8.8062036e-01  5.3250000e+01]
 [-1.4080840e-02  8.9323286e-01  4.4935932e-01  1.7180000e+02]
 [ 9.8445372e-01  9.0922440e-02 -1.4981354e-01 -1.1648900e+03]
 [ 0.0000000e+00  0.0000000e+00  0.0000000e+00  1.0000000e+00]]
[+0113.86, +0041.48, -1086.03]
1925, 1881, 1550
[[-1.7481544e-01  4.4121232e-01 -8.8008368e-01  5.3220000e+01]
 [-1.3514080e-02  8.9280096e-01  4.5022592e-01  1.7175000e+02]
 [ 9.8439472e-01  9.0651520e-02 -1.5010024e-01 -1.1649700e+03]
 [ 0.0000000e+00  0.0000000e+00  0.0000000e+00  1.0000000e+00]]
[+0081.27, +0068.25, -1080.35]
1026, 1373, 1526
[[-1.7310178e-01  4.4182964e-01 -8.8008754e-01  5.3410000e+01]
 [-1.3583240e-02  8.9255580e-01  4.5070508e-01  1.7177000e+02]
 [ 9.8467406e-01  9.0034120e-02 -1.4848642e-01 -1.1650400e+03]
 [ 0.0000000e+00  0.0000000e+00  0.0000000e+00  1.0000000e+00]]
[+0065.88, -0008.81, -1073.53]
1925, 1881, 1550
[[-1.7563652e-01  4.4061744e-01 -8.8014996e-01  5.3170000e+01]
 [-1.3640760e-02  8.9304572e-01  4.4972432e-01  1.7177000e+02]
 [ 9.8418576e-01  9.1073080e-02 -1.5082180e-01 -1.1650100e+03]
 [ 0.0000000e+00  0.0000000e+00  0.0000000e+00  1.0000000e+00]]
[+0084.47, +0068.81, -1080.32]
1939, 1826, 2164
[[-1.7570914e-01  4.3958706e-01 -8.8056084e-01  5.3070000e+01]
 [-1.4994060e-02  8.9343038e-01  4.4890068e-01  1.7159000e+02]
 [ 9.8407284e-01  9.2194680e-02 -1.5036452e-01 -1.1650600e+03]
 [ 0.0000000e+00  0.0000000e+00  0.0000000e+00  1.0000000e+00]]
[+0041.55, +0027.19, -1096.00]
1925, 1881, 1550
[[-1.7504068e-01  4.4052008e-01 -8.8038280e-01  5.3210000e+01]
 [-1.3955920e-02  8.9310302e-01  4.4961250e-01  1.7171000e+02]
 [ 9.8434600e-01  9.1039700e-02 -1.5016866e-01 -1.1650200e+03]
 [ 0.0000000e+00  0.0000000e+00  0.0000000e+00  1.0000000e+00]]
[+0085.48, +0071.25, -1081.02]
1852, 2009, 1196
[[-1.7467024e-01  4.4099820e-01 -8.8029004e-01  5.3250000e+01]
 [-1.3299960e-02  8.9294616e-01  4.4995680e-01  1.7182000e+02]
 [ 9.8448620e-01  9.0324960e-02 -1.5010024e-01 -1.1650200e+03]
 [ 0.0000000e+00  0.0000000e+00  0.0000000e+00  1.0000000e+00]]
[+0119.76, +0080.44, -1092.01]
1852, 2009, 1486
[[-1.7437242e-01  4.4029754e-01 -8.8064402e-01  5.3190000e+01]
 [-1.4145740e-02  8.9323286e-01  4.4935166e-01  1.7173000e+02]
 [ 9.8447738e-01  9.0857540e-02 -1.4951572e-01 -1.1650500e+03]
 [ 0.0000000e+00  0.0000000e+00  0.0000000e+00  1.0000000e+00]]
[+0102.28, +0061.49, -1081.76]
1852, 2009, 1196
[[-1.7467024e-01  4.4096192e-01 -8.8014112e-01  5.3240000e+01]
 [-1.3263680e-02  8.9294616e-01  4.4992808e-01  1.7181000e+02]
 [ 9.8433728e-01  9.0353680e-02 -1.5010024e-01 -1.1650400e+03]
 [ 0.0000000e+00  0.0000000e+00  0.0000000e+00  1.0000000e+00]]
[+0119.59, +0080.40, -1091.97]
1546, 1376, 1196
[[-1.7406746e-01  4.4189586e-01 -8.7983928e-01  5.3360000e+01]
 [-1.3476780e-02  8.9248310e-01  4.5084784e-01  1.7181000e+02]
 [ 9.8448336e-01  9.0407120e-02 -1.4937940e-01 -1.1650100e+03]
 [ 0.0000000e+00  0.0000000e+00  0.0000000e+00  1.0000000e+00]]
[+0070.78, +0068.86, -1065.33]
1852, 2009, 1196
[[-1.7518596e-01  4.4073414e-01 -8.8017658e-01  5.3190000e+01]
 [-1.4169980e-02  8.9295774e-01  4.4988174e-01  1.7182000e+02]
 [ 9.8425434e-01  9.1366220e-02 -1.5016866e-01 -1.1650600e+03]
 [ 0.0000000e+00  0.0000000e+00  0.0000000e+00  1.0000000e+00]]
[+0119.56, +0081.35, -1092.27]
2132, 1873, 1195
[[-1.7623252e-01  4.4045314e-01 -8.8013850e-01  5.3150000e+01]
 [-1.3659860e-02  8.9310302e-01  4.4961450e-01  1.7178000e+02]
 [ 9.8410170e-01  9.1328100e-02 -1.5136050e-01 -1.1650400e+03]
 [ 0.0000000e+00  0.0000000e+00  0.0000000e+00  1.0000000e+00]]
[+0098.04, +0101.90, -1101.63]
1852, 2009, 1196
[[-1.7414722e-01  4.4110228e-01 -8.8015976e-01  5.3270000e+01]
 [-1.3518920e-02  8.9287358e-01  4.5006184e-01  1.7183000e+02]
 [ 9.8441336e-01  9.0372560e-02 -1.4950464e-01 -1.1650300e+03]
 [ 0.0000000e+00  0.0000000e+00  0.0000000e+00  1.0000000e+00]]
[+0119.96, +0076.86, -1091.20]
1266, 848, 1076
[[-1.7339282e-01  4.4270448e-01 -8.7956556e-01  5.3460000e+01]
 [-1.3565280e-02  8.9209190e-01  4.5161856e-01  1.7181000e+02]
 [ 9.8460084e-01  9.0311040e-02 -1.4865928e-01 -1.1650100e+03]
 [ 0.0000000e+00  0.0000000e+00  0.0000000e+00  1.0000000e+00]]
[+0030.56, +0065.08, -1064.24]
1236, 1019, 1031
[[-1.7339282e-01  4.4270448e-01 -8.7956556e-01  5.3430000e+01]
 [-1.3565280e-02  8.9209190e-01  4.5161856e-01  1.7184000e+02]
 [ 9.8460084e-01  9.0311040e-02 -1.4865928e-01 -1.1650400e+03]
 [ 0.0000000e+00  0.0000000e+00  0.0000000e+00  1.0000000e+00]]
[+0057.44, +0061.29, -1055.31]
1266, 848, 1076
[[-1.7384250e-01  4.4243884e-01 -8.7957612e-01  5.3430000e+01]
 [-1.3184280e-02  8.9223750e-01  4.5133604e-01  1.7180000e+02]
 [ 9.8449604e-01  9.0143880e-02 -1.4925456e-01 -1.1649900e+03]
 [ 0.0000000e+00  0.0000000e+00  0.0000000e+00  1.0000000e+00]]
[+0030.07, +0064.41, -1064.11]
2240, 992, 995
[[-1.7607978e-01  4.4153236e-01 -8.7958908e-01  5.3260000e+01]
 [-1.3008360e-02  8.9261334e-01  4.5059804e-01  1.7176000e+02]
 [ 9.8410292e-01  9.0867960e-02 -1.5140688e-01 -1.1650200e+03]
 [ 0.0000000e+00  0.0000000e+00  0.0000000e+00  1.0000000e+00]]
[+0047.72, +0127.27, -1135.12]
1266, 848, 1076
[[-1.7302242e-01  4.4262316e-01 -8.7976668e-01  5.3450000e+01]
 [-1.3541640e-02  8.9216472e-01  4.5149104e-01  1.7182000e+02]
 [ 9.8474428e-01  9.0068160e-02 -1.4836170e-01 -1.1650400e+03]
 [ 0.0000000e+00  0.0000000e+00  0.0000000e+00  1.0000000e+00]]
[+0030.48, +0064.65, -1064.07]
1277, 921, 1354
[[-1.7436520e-01  4.4203716e-01 -8.7977928e-01  5.3380000e+01]
 [-1.3262760e-02  8.9242552e-01  4.5098064e-01  1.7179000e+02]
 [ 9.8449608e-01  9.0347040e-02 -1.4973472e-01 -1.1650000e+03]
 [ 0.0000000e+00  0.0000000e+00  0.0000000e+00  1.0000000e+00]]
[+0020.96, +0038.98, -1072.47]
1266, 848, 1076
[[-1.7294964e-01  4.4261024e-01 -8.7961036e-01  5.3460000e+01]
 [-1.3231160e-02  8.9217980e-01  4.5143872e-01  1.7180000e+02]
 [ 9.8460304e-01  8.9822920e-02 -1.4841940e-01 -1.1650200e+03]
 [ 0.0000000e+00  0.0000000e+00  0.0000000e+00  1.0000000e+00]]
[+0030.75, +0065.20, -1064.15]
1418, 1829, 1189
[[-1.7488810e-01  4.4133752e-01 -8.8005496e-01  5.3280000e+01]
 [-1.3639280e-02  8.9272830e-01  4.5037484e-01  1.7181000e+02]
 [ 9.8442344e-01  9.0800440e-02 -1.5010024e-01 -1.1650400e+03]
 [ 0.0000000e+00  0.0000000e+00  0.0000000e+00  1.0000000e+00]]
[+0119.00, +0049.99, -1074.06]
968, 1400, 1010
[[-1.7257936e-01  4.4293872e-01 -8.7955360e-01  5.3470000e+01]
 [-1.2724800e-02  8.9207920e-01  4.5165840e-01  1.7186000e+02]
 [ 9.8470672e-01  8.9232960e-02 -1.4829520e-01 -1.1650300e+03]
 [ 0.0000000e+00  0.0000000e+00  0.0000000e+00  1.0000000e+00]]
[+0106.65, +0023.82, -1057.21]
1418, 1829, 1189
[[-1.7451762e-01  4.4118360e-01 -8.7995848e-01  5.3280000e+01]
 [-1.3542800e-02  8.9280096e-01  4.5018960e-01  1.7181000e+02]
 [ 9.8426952e-01  9.0615200e-02 -1.4980242e-01 -1.1650200e+03]
 [ 0.0000000e+00  0.0000000e+00  0.0000000e+00  1.0000000e+00]]
[+0119.05, +0049.99, -1074.06]
1413, 1917, 986
[[-1.7362440e-01  4.4154040e-01 -8.8010560e-01  5.3330000e+01]
 [-1.3476560e-02  8.9268600e-01  4.5044608e-01  1.7187000e+02]
 [ 9.8456192e-01  9.0140800e-02 -1.4902416e-01 -1.1650400e+03]
 [ 0.0000000e+00  0.0000000e+00  0.0000000e+00  1.0000000e+00]]
[+0139.18, +0062.22, -1086.93]
1418, 1829, 1189
[[-1.7399476e-01  4.4150924e-01 -8.8008960e-01  5.3310000e+01]
 [-1.3685600e-02  8.9267084e-01  4.5047724e-01  1.7182000e+02]
 [ 9.8453076e-01  9.0480000e-02 -1.4926436e-01 -1.1650400e+03]
 [ 0.0000000e+00  0.0000000e+00  0.0000000e+00  1.0000000e+00]]
[+0115.64, +0050.54, -1073.15]
1642, 1631, 1097
[[-1.7399476e-01  4.4147290e-01 -8.7994074e-01  5.3310000e+01]
 [-1.3649260e-02  8.9267084e-01  4.5044850e-01  1.7180000e+02]
 [ 9.8438190e-01  9.0508740e-02 -1.4926436e-01 -1.1650500e+03]
 [ 0.0000000e+00  0.0000000e+00  0.0000000e+00  1.0000000e+00]]
[+0097.91, +0082.65, -1074.56]
1418, 1829, 1189
[[-1.7392210e-01  4.4168170e-01 -8.8004570e-01  5.3320000e+01]
 [-1.3262620e-02  8.9262846e-01  4.5057890e-01  1.7183000e+02]
 [ 9.8457466e-01  9.0080620e-02 -1.4937940e-01 -1.1650300e+03]
 [ 0.0000000e+00  0.0000000e+00  0.0000000e+00  1.0000000e+00]]
[+0119.25, +0048.22, -1074.21]
1045, 1560, 2137
[[-1.7363186e-01  4.4062146e-01 -8.8045464e-01  5.3250000e+01]
 [-1.3393260e-02  8.9314862e-01  4.4951112e-01  1.7169000e+02]
 [ 9.8446344e-01  8.9957520e-02 -1.4914948e-01 -1.1650000e+03]
 [ 0.0000000e+00  0.0000000e+00  0.0000000e+00  1.0000000e+00]]
[+0053.76, -0037.39, -1125.40]
929, 1544, 1966
[[-1.7339940e-01  4.4208338e-01 -8.7984254e-01  5.3410000e+01]
 [-1.3184140e-02  8.9244060e-01  4.5093442e-01  1.7179000e+02]
 [ 9.8457442e-01  8.9877460e-02 -1.4889924e-01 -1.1650200e+03]
 [ 0.0000000e+00  0.0000000e+00  0.0000000e+00  1.0000000e+00]]
[+0065.73, -0037.40, -1114.46]
1045, 1560, 2137
[[-1.7467024e-01  4.4025360e-01 -8.8047144e-01  5.3200000e+01]
 [-1.4044560e-02  8.9323286e-01  4.4933070e-01  1.7165000e+02]
 [ 9.8430480e-01  9.0951060e-02 -1.4981354e-01 -1.1650200e+03]
 [ 0.0000000e+00  0.0000000e+00  0.0000000e+00  1.0000000e+00]]
[+0054.32, -0037.22, -1125.55]
1338, 1865, 1910
[[-1.7443794e-01  4.4115660e-01 -8.8015402e-01  5.3270000e+01]
 [-1.4466520e-02  8.9275500e-01  4.5028164e-01  1.7181000e+02]
 [ 9.8441910e-01  9.1343800e-02 -1.4933250e-01 -1.1650300e+03]
 [ 0.0000000e+00  0.0000000e+00  0.0000000e+00  1.0000000e+00]]
[+0081.31, -0005.84, -1088.71]
1045, 1560, 2137
[[-1.7451762e-01  4.4062432e-01 -8.8025266e-01  5.3250000e+01]
 [-1.4174720e-02  8.9303040e-01  4.4971744e-01  1.7169000e+02]
 [ 9.8427314e-01  9.1087360e-02 -1.4957298e-01 -1.1650300e+03]
 [ 0.0000000e+00  0.0000000e+00  0.0000000e+00  1.0000000e+00]]
[+0052.98, -0037.10, -1125.41]
1144, 1423, 2082
[[-1.7444500e-01  4.4124360e-01 -8.8009980e-01  5.3280000e+01]
 [-1.3305000e-02  8.9281612e-01  4.5019464e-01  1.7175000e+02]
 [ 9.8442600e-01  9.0312360e-02 -1.4985988e-01 -1.1649800e+03]
 [ 0.0000000e+00  0.0000000e+00  0.0000000e+00  1.0000000e+00]]
[+0040.36, -0025.93, -1114.13]
1045, 1560, 2137
[[-1.7444500e-01  4.4064800e-01 -8.8024500e-01  5.3230000e+01]
 [-1.3900600e-02  8.9304572e-01  4.4969376e-01  1.7173000e+02]
 [ 9.8428080e-01  9.0813240e-02 -1.4963028e-01 -1.1649900e+03]
 [ 0.0000000e+00  0.0000000e+00  0.0000000e+00  1.0000000e+00]]
[+0054.56, -0037.55, -1125.74]
982, 1482, 1953
[[-1.7235460e-01  4.4206670e-01 -8.7995150e-01  5.3410000e+01]
 [-1.3992980e-02  8.9241036e-01  4.5095110e-01  1.7181000e+02]
 [ 9.8465314e-01  9.0165020e-02 -1.4759380e-01 -1.1650500e+03]
 [ 0.0000000e+00  0.0000000e+00  0.0000000e+00  1.0000000e+00]]
[+0058.35, -0033.07, -1109.04]
937, 1471, 2106
[[-1.7347920e-01  4.4102844e-01 -8.8038452e-01  5.3300000e+01]
 [-1.3559960e-02  8.9294616e-01  4.4992656e-01  1.7168000e+02]
 [ 9.8458068e-01  9.0064960e-02 -1.4890920e-01 -1.1650300e+03]
 [ 0.0000000e+00  0.0000000e+00  0.0000000e+00  1.0000000e+00]]
[+0053.16, -0041.79, -1130.67]
982, 1482, 1953
[[-1.7317448e-01  4.4150856e-01 -8.8016784e-01  5.3370000e+01]
 [-1.4154960e-02  8.9265560e-01  4.5047792e-01  1.7178000e+02]
 [ 9.8459376e-01  9.0558880e-02 -1.4831392e-01 -1.1650500e+03]
 [ 0.0000000e+00  0.0000000e+00  0.0000000e+00  1.0000000e+00]]
[+0057.51, -0031.75, -1108.22]
975, 1269, 1936
[[-1.7347210e-01  4.4202348e-01 -8.7970126e-01  5.3400000e+01]
 [-1.3421880e-02  8.9242552e-01  4.5092916e-01  1.7180000e+02]
 [ 9.8441806e-01  9.0180360e-02 -1.4884162e-01 -1.1650100e+03]
 [ 0.0000000e+00  0.0000000e+00  0.0000000e+00  1.0000000e+00]]
[+0040.96, -0030.23, -1110.99]
982, 1482, 1953
[[-1.7310178e-01  4.4168084e-01 -8.8012388e-01  5.3360000e+01]
 [-1.3732040e-02  8.9261334e-01  4.5057976e-01  1.7178000e+02]
 [ 9.8463772e-01  9.0159440e-02 -1.4842888e-01 -1.1650400e+03]
 [ 0.0000000e+00  0.0000000e+00  0.0000000e+00  1.0000000e+00]]
[+0058.76, -0034.23, -1110.47]
1714, 1443, 2165
[[-1.7578180e-01  4.4015916e-01 -8.8042332e-01  5.3140000e+01]
 [-1.4672280e-02  8.9318654e-01  4.4942514e-01  1.7165000e+02]
 [ 9.8421036e-01  9.1968180e-02 -1.5053570e-01 -1.1650400e+03]
 [ 0.0000000e+00  0.0000000e+00  0.0000000e+00  1.0000000e+00]]
[+0018.98, +0014.50, -1109.21]
982, 1482, 1953
[[-1.7310178e-01  4.4197844e-01 -8.8005120e-01  5.3390000e+01]
 [-1.3434440e-02  8.9249822e-01  4.5083040e-01  1.7182000e+02]
 [ 9.8471040e-01  8.9908800e-02 -1.4854400e-01 -1.1650200e+03]
 [ 0.0000000e+00  0.0000000e+00  0.0000000e+00  1.0000000e+00]]
[+0059.16, -0033.21, -1109.51]
1174, 1092, 784
[[-1.7279770e-01  4.4286840e-01 -8.7957610e-01  5.3490000e+01]
 [-1.3547040e-02  8.9203420e-01  4.5172872e-01  1.7184000e+02]
 [ 9.8468422e-01  9.0055200e-02 -1.4812186e-01 -1.1650500e+03]
 [ 0.0000000e+00  0.0000000e+00  0.0000000e+00  1.0000000e+00]]
[+0084.57, +0074.68, -1052.34]
946, 1183, 980
[[-1.7354484e-01  4.4259520e-01 -8.7956332e-01  5.3460000e+01]
 [-1.3100680e-02  8.9217980e-01  4.5145376e-01  1.7183000e+02]
 [ 9.8455600e-01  8.9953400e-02 -1.4901460e-01 -1.1649900e+03]
 [ 0.0000000e+00  0.0000000e+00  0.0000000e+00  1.0000000e+00]]
[+0087.20, +0025.50, -1050.53]
1174, 1092, 784
[[-1.7332000e-01  4.4287680e-01 -8.7952160e-01  5.3470000e+01]
 [-1.3142400e-02  8.9204928e-01  4.5172032e-01  1.7182000e+02]
 [ 9.8464480e-01  8.9911680e-02 -1.4877472e-01 -1.1650100e+03]
 [ 0.0000000e+00  0.0000000e+00  0.0000000e+00  1.0000000e+00]]
[+0084.49, +0074.92, -1052.42]
1424, 1285, 983
[[-1.7294964e-01  4.4190272e-01 -8.7994104e-01  5.3370000e+01]
 [-1.4011440e-02  8.9246790e-01  4.5084098e-01  1.7182000e+02]
 [ 9.8456992e-01  9.0420660e-02 -1.4813130e-01 -1.1650400e+03]
 [ 0.0000000e+00  0.0000000e+00  0.0000000e+00  1.0000000e+00]]
[+0080.62, +0077.46, -1062.19]
1174, 1092, 784
[[-1.7257306e-01  4.4326234e-01 -8.7934904e-01  5.3500000e+01]
 [-1.3403740e-02  8.9184582e-01  4.5209168e-01  1.7187000e+02]
 [ 9.8466064e-01  8.9916880e-02 -1.4793988e-01 -1.1650200e+03]
 [ 0.0000000e+00  0.0000000e+00  0.0000000e+00  1.0000000e+00]]
[+0084.55, +0073.60, -1051.92]
1211, 911, 912
[[-1.7324722e-01  4.4260272e-01 -8.7958686e-01  5.3430000e+01]
 [-1.3165920e-02  8.9217980e-01  4.5144624e-01  1.7181000e+02]
 [ 9.8457954e-01  8.9888160e-02 -1.4871698e-01 -1.1650000e+03]
 [ 0.0000000e+00  0.0000000e+00  0.0000000e+00  1.0000000e+00]]
[+0048.70, +0070.88, -1055.89]
1174, 1092, 784
[[-1.7279770e-01  4.4301716e-01 -8.7953968e-01  5.3480000e+01]
 [-1.3398280e-02  8.9197646e-01  4.5185404e-01  1.7187000e+02]
 [ 9.8472064e-01  8.9929880e-02 -1.4817960e-01 -1.1650200e+03]
 [ 0.0000000e+00  0.0000000e+00  0.0000000e+00  1.0000000e+00]]
[+0086.88, +0072.74, -1051.99]
986, 2165, 1821
[[-1.7355940e-01  4.3993696e-01 -8.8077708e-01  5.3180000e+01]
 [-1.3899640e-02  8.9345036e-01  4.4888976e-01  1.7176000e+02]
 [ 9.8443872e-01  9.0281160e-02 -1.4892020e-01 -1.1650200e+03]
 [ 0.0000000e+00  0.0000000e+00  0.0000000e+00  1.0000000e+00]]
[+0118.64, -0025.22, -1121.24]
1604, 1477, 1951
[[-1.7504068e-01  4.4052008e-01 -8.8038280e-01  5.3180000e+01]
 [-1.3955920e-02  8.9310302e-01  4.4961250e-01  1.7171000e+02]
 [ 9.8434600e-01  9.1039700e-02 -1.5016866e-01 -1.1650100e+03]
 [ 0.0000000e+00  0.0000000e+00  0.0000000e+00  1.0000000e+00]]
[+0029.76, +0017.99, -1092.35]
986, 2165, 1821
[[-1.7340666e-01  4.4086688e-01 -8.8026440e-01  5.3290000e+01]
 [-1.3398400e-02  8.9301870e-01  4.4974900e-01  1.7186000e+02]
 [ 9.8440312e-01  8.9944840e-02 -1.4890920e-01 -1.1650300e+03]
 [ 0.0000000e+00  0.0000000e+00  0.0000000e+00  1.0000000e+00]]
[+0119.54, -0024.71, -1121.08]
834, 1973, 1532
[[-1.7295650e-01  4.4228670e-01 -8.7981480e-01  5.3430000e+01]
 [-1.2552300e-02  8.9241278e-01  4.5100520e-01  1.7188000e+02]
 [ 9.8464920e-01  8.9138800e-02 -1.4877472e-01 -1.1650200e+03]
 [ 0.0000000e+00  0.0000000e+00  0.0000000e+00  1.0000000e+00]]
[+0123.24, -0022.87, -1108.76]
986, 2165, 1821
[[-1.7512096e-01  4.3931560e-01 -8.8096032e-01  5.3080000e+01]
 [-1.4481680e-02  8.9366360e-01  4.4847924e-01  1.7168000e+02]
 [ 9.8431680e-01  9.1351800e-02 -1.5012360e-01 -1.1650300e+03]
 [ 0.0000000e+00  0.0000000e+00  0.0000000e+00  1.0000000e+00]]
[+0118.42, -0024.65, -1121.14]
827, 2052, 1978
[[-1.7237698e-01  4.4008966e-01 -8.8096630e-01  5.3280000e+01]
 [-1.3033660e-02  8.9351052e-01  4.4880190e-01  1.7176000e+02]
 [ 9.8468810e-01  8.8961300e-02 -1.4825650e-01 -1.1650300e+03]
 [ 0.0000000e+00  0.0000000e+00  0.0000000e+00  1.0000000e+00]]
[+0104.61, -0037.07, -1131.64]
986, 2165, 1821
[[-1.7333416e-01  4.4048016e-01 -8.8051444e-01  5.3220000e+01]
 [-1.3607040e-02  8.9320600e-01  4.4937828e-01  1.7183000e+02]
 [ 9.8445076e-01  9.0017880e-02 -1.4879440e-01 -1.1650700e+03]
 [ 0.0000000e+00  0.0000000e+00  0.0000000e+00  1.0000000e+00]]
[+0119.52, -0023.46, -1120.29]
1713, 1361, 1195
[[-1.7421984e-01  4.4163784e-01 -8.7987320e-01  5.3320000e+01]
 [-1.3161200e-02  8.9262846e-01  4.5055766e-01  1.7180000e+02]
 [ 9.8440216e-01  9.0174500e-02 -1.4967714e-01 -1.1650100e+03]
 [ 0.0000000e+00  0.0000000e+00  0.0000000e+00  1.0000000e+00]]
[+0064.39, +0088.48, -1075.41]
1813, 1558, 1206
[[-1.7481544e-01  4.4136124e-01 -8.8004736e-01  5.3260000e+01]
 [-1.3365160e-02  8.9274350e-01  4.5035112e-01  1.7179000e+02]
 [ 9.8443104e-01  9.0526320e-02 -1.5015770e-01 -1.1650200e+03]
 [ 0.0000000e+00  0.0000000e+00  0.0000000e+00  1.0000000e+00]]
[+0081.64, +0092.60, -1080.28]
1713, 1361, 1195
[[-1.7354484e-01  4.4173866e-01 -8.7993042e-01  5.3360000e+01]
 [-1.4029980e-02  8.9252540e-01  4.5073094e-01  1.7181000e+02]
 [ 9.8448654e-01  9.0676220e-02 -1.4866900e-01 -1.1650100e+03]
 [ 0.0000000e+00  0.0000000e+00  0.0000000e+00  1.0000000e+00]]
[+0065.28, +0085.93, -1074.17]
1667, 1332, 2069
[[-1.7451762e-01  4.4062432e-01 -8.8025266e-01  5.3210000e+01]
 [-1.4174720e-02  8.9303040e-01  4.4971744e-01  1.7167000e+02]
 [ 9.8427314e-01  9.1087360e-02 -1.4957298e-01 -1.1650000e+03]
 [ 0.0000000e+00  0.0000000e+00  0.0000000e+00  1.0000000e+00]]
[+0015.13, +0018.20, -1107.15]
1713, 1361, 1195
[[-1.7459028e-01  4.4190440e-01 -8.7978440e-01  5.3340000e+01]
 [-1.3072400e-02  8.9249822e-01  4.5083930e-01  1.7185000e+02]
 [ 9.8444360e-01  9.0263300e-02 -1.5003250e-01 -1.1650200e+03]
 [ 0.0000000e+00  0.0000000e+00  0.0000000e+00  1.0000000e+00]]
[+0065.25, +0087.13, -1075.01]
1272, 1586, 1179
[[-1.7369706e-01  4.4177818e-01 -8.7989166e-01  5.3370000e+01]
 [-1.3416660e-02  8.9255580e-01  4.5069142e-01  1.7180000e+02]
 [ 9.8447818e-01  9.0193140e-02 -1.4908170e-01 -1.1650300e+03]
 [ 0.0000000e+00  0.0000000e+00  0.0000000e+00  1.0000000e+00]]
[+0101.90, +0038.73, -1063.12]
1713, 1361, 1195
[[-1.7466298e-01  4.4158290e-01 -8.7986468e-01  5.3320000e+01]
 [-1.3644300e-02  8.9259814e-01  4.5061260e-01  1.7180000e+02]
 [ 9.8436332e-01  9.0787800e-02 -1.4985988e-01 -1.1650000e+03]
 [ 0.0000000e+00  0.0000000e+00  0.0000000e+00  1.0000000e+00]]
[+0065.59, +0088.94, -1075.56]
1513, 1026, 1077
[[-1.733200e-01  4.422816e-01 -8.796672e-01  5.344000e+01]
 [-1.373760e-02  8.922800e-01  4.512192e-01  1.718100e+02]
 [ 9.844992e-01  9.041280e-02 -1.485440e-01 -1.165020e+03]
 [ 0.000000e+00  0.000000e+00  0.000000e+00  1.000000e+00]]
[+0045.44, +0083.79, -1070.19]
1612, 1617, 884
[[-1.7443794e-01  4.4167936e-01 -8.7971074e-01  5.3330000e+01]
 [-1.3798240e-02  8.9252540e-01  4.5072512e-01  1.7183000e+02]
 [ 9.8426686e-01  9.0900320e-02 -1.4956210e-01 -1.1650000e+03]
 [ 0.0000000e+00  0.0000000e+00  0.0000000e+00  1.0000000e+00]]
[+0114.41, +0094.59, -1083.41]
1513, 1026, 1077
[[-1.7317448e-01  4.4210376e-01 -8.8002240e-01  5.3400000e+01]
 [-1.3559760e-02  8.9242552e-01  4.5097920e-01  1.7180000e+02]
 [ 9.8473920e-01  9.0057600e-02 -1.4854400e-01 -1.1650100e+03]
 [ 0.0000000e+00  0.0000000e+00  0.0000000e+00  1.0000000e+00]]
[+0044.38, +0083.96, -1070.93]
1041, 1237, 1484
[[-1.7302912e-01  4.4211440e-01 -8.7985856e-01  5.3390000e+01]
 [-1.2975200e-02  8.9245560e-01  4.5090340e-01  1.7180000e+02]
 [ 9.8460544e-01  8.9538200e-02 -1.4865928e-01 -1.1650000e+03]
 [ 0.0000000e+00  0.0000000e+00  0.0000000e+00  1.0000000e+00]]
[+0054.54, -0003.83, -1071.01]
1513, 1026, 1077
[[-1.7376976e-01  4.4231360e-01 -8.7960496e-01  5.3420000e+01]
 [-1.3059040e-02  8.9231024e-01  4.5118720e-01  1.7181000e+02]
 [ 9.8446720e-01  8.9995040e-02 -1.4925456e-01 -1.1650000e+03]
 [ 0.0000000e+00  0.0000000e+00  0.0000000e+00  1.0000000e+00]]
[+0044.56, +0086.53, -1071.81]
2237, 1154, 1849
[[-1.7831220e-01  4.3967760e-01 -8.8002160e-01  5.3050000e+01]
 [-1.4926880e-02  8.9326926e-01  4.4922870e-01  1.7158000e+02]
 [ 9.8363184e-01  9.3342620e-02 -1.5269250e-01 -1.1649800e+03]
 [ 0.0000000e+00  0.0000000e+00  0.0000000e+00  1.0000000e+00]]
[+0012.75, +0077.51, -1124.03]
1513, 1026, 1077
[[-1.7391528e-01  4.4241524e-01 -8.7958368e-01  5.3410000e+01]
 [-1.3458360e-02  8.9222238e-01  4.5135964e-01  1.7180000e+02]
 [ 9.8448848e-01  9.0417960e-02 -1.4919690e-01 -1.1650300e+03]
 [ 0.0000000e+00  0.0000000e+00  0.0000000e+00  1.0000000e+00]]
[+0045.36, +0083.26, -1070.08]
2174, 1153, 1513
[[-1.7645050e-01  4.4094110e-01 -8.7986720e-01  5.3180000e+01]
 [-1.3849780e-02  8.9282774e-01  4.5015800e-01  1.7169000e+02]
 [ 9.8407496e-01  9.1678720e-02 -1.5141780e-01 -1.1650200e+03]
 [ 0.0000000e+00  0.0000000e+00  0.0000000e+00  1.0000000e+00]]
[+0025.62, +0098.26, -1116.18]
923, 1738, 1342
[[-1.7310178e-01  4.4209090e-01 -8.7986606e-01  5.3430000e+01]
 [-1.3249300e-02  8.9244060e-01  4.5092690e-01  1.7184000e+02]
 [ 9.8459794e-01  8.9812300e-02 -1.4860162e-01 -1.1650300e+03]
 [ 0.0000000e+00  0.0000000e+00  0.0000000e+00  1.0000000e+00]]
[+0118.84, -0009.00, -1083.55]
2174, 1153, 1513
[[-1.7630514e-01  4.4072726e-01 -8.8007354e-01  5.3180000e+01]
 [-1.3635940e-02  8.9297310e-01  4.4988862e-01  1.7168000e+02]
 [ 9.8416666e-01  9.1352020e-02 -1.5141780e-01 -1.1650100e+03]
 [ 0.0000000e+00  0.0000000e+00  0.0000000e+00  1.0000000e+00]]
[+0025.62, +0098.38, -1116.19]
2087, 1098, 1957
[[-1.7592724e-01  4.4022412e-01 -8.8025360e-01  5.3160000e+01]
 [-1.5035200e-02  8.9309820e-01  4.4956940e-01  1.7166000e+02]
 [ 9.8408212e-01  9.2419840e-02 -1.5047860e-01 -1.1649900e+03]
 [ 0.0000000e+00  0.0000000e+00  0.0000000e+00  1.0000000e+00]]
[+0004.18, +0062.64, -1126.44]
2174, 1153, 1513
[[-1.7660320e-01  4.4083232e-01 -8.7986424e-01  5.3220000e+01]
 [-1.3385600e-02  8.9291576e-01  4.4999268e-01  1.7168000e+02]
 [ 9.8403000e-01  9.1320600e-02 -1.5177320e-01 -1.1650000e+03]
 [ 0.0000000e+00  0.0000000e+00  0.0000000e+00  1.0000000e+00]]
[+0026.90, +0099.58, -1116.14]
2006, 771, 1433
[[-1.7361762e-01  4.4212518e-01 -8.7968006e-01  5.3410000e+01]
 [-1.3821220e-02  8.9233758e-01  4.5110154e-01  1.7174000e+02]
 [ 9.8443926e-01  9.0603260e-02 -1.4878404e-01 -1.1650500e+03]
 [ 0.0000000e+00  0.0000000e+00  0.0000000e+00  1.0000000e+00]]
[+0007.74, +0094.65, -1130.11]
2174, 1153, 1513
[[-1.7607978e-01  4.4067470e-01 -8.7995612e-01  5.3170000e+01]
 [-1.3938700e-02  8.9295774e-01  4.4987620e-01  1.7165000e+02]
 [ 9.8403388e-01  9.1589800e-02 -1.5106248e-01 -1.1650200e+03]
 [ 0.0000000e+00  0.0000000e+00  0.0000000e+00  1.0000000e+00]]
[+0026.32, +0098.42, -1116.05]
2182, 1454, 1001
[[-1.7607978e-01  4.4112170e-01 -8.7984710e-01  5.3240000e+01]
 [-1.3491700e-02  8.9278572e-01  4.5025150e-01  1.7177000e+02]
 [ 9.8414290e-01  9.1214500e-02 -1.5123450e-01 -1.1650200e+03]
 [ 0.0000000e+00  0.0000000e+00  0.0000000e+00  1.0000000e+00]]
[+0078.85, +0122.10, -1115.63]
2109, 1381, 818
[[-1.7421298e-01  4.4222240e-01 -8.7944760e-01  5.3400000e+01]
 [-1.3505600e-02  8.9228000e-01  4.5121320e-01  1.7182000e+02]
 [ 9.8427960e-01  9.0637200e-02 -1.4943698e-01 -1.1650200e+03]
 [ 0.0000000e+00  0.0000000e+00  0.0000000e+00  1.0000000e+00]]
[+0085.52, +0127.68, -1121.05]
2182, 1454, 1001
[[-1.7615248e-01  4.4106144e-01 -8.7970576e-01  5.3210000e+01]
 [-1.3729440e-02  8.9277040e-01  4.5024672e-01  1.7180000e+02]
 [ 9.8398624e-01  9.1517280e-02 -1.5117712e-01 -1.1650200e+03]
 [ 0.0000000e+00  0.0000000e+00  0.0000000e+00  1.0000000e+00]]
[+0078.86, +0121.66, -1115.62]
1732, 1700, 1083
[[-1.7443794e-01  4.4145436e-01 -8.8008126e-01  5.3310000e+01]
 [-1.4168760e-02  8.9264028e-01  4.5053212e-01  1.7183000e+02]
 [ 9.8449186e-01  9.1093320e-02 -1.4944722e-01 -1.1650300e+03]
 [ 0.0000000e+00  0.0000000e+00  0.0000000e+00  1.0000000e+00]]
[+0105.01, +0083.35, -1079.59]
2182, 1454, 1001
[[-1.7585450e-01  4.4125446e-01 -8.7984228e-01  5.3260000e+01]
 [-1.3681860e-02  8.9271302e-01  4.5039284e-01  1.7175000e+02]
 [ 9.8419548e-01  9.1298440e-02 -1.5093652e-01 -1.1650400e+03]
 [ 0.0000000e+00  0.0000000e+00  0.0000000e+00  1.0000000e+00]]
[+0077.98, +0122.46, -1116.03]
2015, 1078, 1216
[[-1.7459028e-01  4.4186806e-01 -8.7963550e-01  5.3350000e+01]
 [-1.3036060e-02  8.9249822e-01  4.5081050e-01  1.7179000e+02]
 [ 9.8429470e-01  9.0292100e-02 -1.5003250e-01 -1.1649900e+03]
 [ 0.0000000e+00  0.0000000e+00  0.0000000e+00  1.0000000e+00]]
[+0037.85, +0106.59, -1106.00]
2182, 1454, 1001
[[-1.7637780e-01  4.4096504e-01 -8.7985952e-01  5.3210000e+01]
 [-1.3575680e-02  8.9284310e-01  4.5013406e-01  1.7177000e+02]
 [ 9.8408264e-01  9.1404620e-02 -1.5147514e-01 -1.1650300e+03]
 [ 0.0000000e+00  0.0000000e+00  0.0000000e+00  1.0000000e+00]]
[+0078.83, +0122.16, -1115.68]
878, 2146, 1023
[[-1.7258634e-01  4.4205630e-01 -8.8005222e-01  5.3390000e+01]
 [-1.2677220e-02  8.9254310e-01  4.5075254e-01  1.7194000e+02]
 [ 9.8475630e-01  8.9021300e-02 -1.4841940e-01 -1.1650700e+03]
 [ 0.0000000e+00  0.0000000e+00  0.0000000e+00  1.0000000e+00]]
[+0162.61, +0013.46, -1119.09]
1733, 2203, 1857
[[-1.7571688e-01  4.3956192e-01 -8.8069128e-01  5.3040000e+01]
 [-1.4017920e-02  8.9354944e-01  4.4871648e-01  1.7173000e+02]
 [ 9.8419272e-01  9.1259520e-02 -1.5083368e-01 -1.1650500e+03]
 [ 0.0000000e+00  0.0000000e+00  0.0000000e+00  1.0000000e+00]]
[+0098.50, +0022.72, -1087.85]
878, 2146, 1023
[[-1.7243400e-01  4.4257564e-01 -8.7979652e-01  5.3490000e+01]
 [-1.2659240e-02  8.9228238e-01  4.5126446e-01  1.7187000e+02]
 [ 9.8476132e-01  8.9031860e-02 -1.4823738e-01 -1.1650600e+03]
 [ 0.0000000e+00  0.0000000e+00  0.0000000e+00  1.0000000e+00]]
[+0159.93, +0013.45, -1116.04]
833, 1772, 1094
[[-1.7242738e-01  4.4248954e-01 -8.7984992e-01  5.3480000e+01]
 [-1.3820860e-02  8.9222238e-01  4.5135056e-01  1.7189000e+02]
 [ 9.8475472e-01  9.0063040e-02 -1.4770900e-01 -1.1650700e+03]
 [ 0.0000000e+00  0.0000000e+00  0.0000000e+00  1.0000000e+00]]
[+0136.44, +0001.17, -1085.57]
878, 2146, 1023
[[-1.7355178e-01  4.4141512e-01 -8.8013436e-01  5.3310000e+01]
 [-1.3351280e-02  8.9275862e-01  4.5029724e-01  1.7185000e+02]
 [ 9.8453316e-01  8.9991960e-02 -1.4902416e-01 -1.1650500e+03]
 [ 0.0000000e+00  0.0000000e+00  0.0000000e+00  1.0000000e+00]]
[+0162.67, +0011.69, -1120.75]
1066, 2087, 834
[[-1.7324722e-01  4.4204390e-01 -8.7988118e-01  5.3380000e+01]
 [-1.3797500e-02  8.9241036e-01  4.5097390e-01  1.7188000e+02]
 [ 9.8458282e-01  9.0360500e-02 -1.4848642e-01 -1.1650500e+03]
 [ 0.0000000e+00  0.0000000e+00  0.0000000e+00  1.0000000e+00]]
[+0162.71, +0039.03, -1109.83]
878, 2146, 1023
[[-1.7251380e-01  4.4152088e-01 -8.8033864e-01  5.3360000e+01]
 [-1.3034480e-02  8.9278862e-01  4.5025654e-01  1.7188000e+02]
 [ 9.8476744e-01  8.9219740e-02 -1.4824642e-01 -1.1650600e+03]
 [ 0.0000000e+00  0.0000000e+00  0.0000000e+00  1.0000000e+00]]
[+0162.34, +0012.80, -1119.73]
2088, 1879, 1348
[[-1.7630514e-01  4.4028020e-01 -8.8018250e-01  5.3140000e+01]
 [-1.4083000e-02  8.9314488e-01  4.4951332e-01  1.7175000e+02]
 [ 9.8405770e-01  9.1727320e-02 -1.5124602e-01 -1.1650300e+03]
 [ 0.0000000e+00  0.0000000e+00  0.0000000e+00  1.0000000e+00]]
[+0088.92, +0092.70, -1092.47]
1993, 1415, 1769
[[-1.7496080e-01  4.4071812e-01 -8.8020804e-01  5.3250000e+01]
 [-1.4509080e-02  8.9294230e-01  4.4989776e-01  1.7171000e+02]
 [ 9.8427036e-01  9.1575360e-02 -1.4981354e-01 -1.1650300e+03]
 [ 0.0000000e+00  0.0000000e+00  0.0000000e+00  1.0000000e+00]]
[+0028.85, +0065.84, -1094.99]
2088, 1879, 1348
[[-1.7607978e-01  4.4041304e-01 -8.8017780e-01  5.3150000e+01]
 [-1.4273040e-02  8.9307222e-01  4.4965460e-01  1.7179000e+02]
 [ 9.8411020e-01  9.1811400e-02 -1.5094800e-01 -1.1650400e+03]
 [ 0.0000000e+00  0.0000000e+00  0.0000000e+00  1.0000000e+00]]
[+0092.55, +0092.53, -1092.73]
1355, 2006, 1324
[[-1.7332674e-01  4.4139914e-01 -8.8016546e-01  5.3320000e+01]
 [-1.3690460e-02  8.9274350e-01  4.5031322e-01  1.7183000e+02]
 [ 9.8454914e-01  9.0201020e-02 -1.4866900e-01 -1.1650400e+03]
 [ 0.0000000e+00  0.0000000e+00  0.0000000e+00  1.0000000e+00]]
[+0128.80, +0029.69, -1083.61]
2088, 1879, 1348
[[-1.7600712e-01  4.4043692e-01 -8.8017008e-01  5.3160000e+01]
 [-1.3998920e-02  8.9308766e-01  4.4963072e-01  1.7176000e+02]
 [ 9.8411792e-01  9.1537280e-02 -1.5100522e-01 -1.1650600e+03]
 [ 0.0000000e+00  0.0000000e+00  0.0000000e+00  1.0000000e+00]]
[+0090.60, +0092.90, -1092.79]
2032, 1471, 887
[[-1.7428580e-01  4.4208630e-01 -8.7964050e-01  5.3350000e+01]
 [-1.3964940e-02  8.9232230e-01  4.5114042e-01  1.7184000e+02]
 [ 9.8438442e-01  9.1007700e-02 -1.4932186e-01 -1.1650200e+03]
 [ 0.0000000e+00  0.0000000e+00  0.0000000e+00  1.0000000e+00]]
[+0089.04, +0123.05, -1111.71]
2088, 1879, 1348
[[-1.7608740e-01  4.4035196e-01 -8.8015952e-01  5.3130000e+01]
 [-1.3260640e-02  8.9319084e-01  4.4944156e-01  1.7176000e+02]
 [ 9.8408068e-01  9.0904960e-02 -1.5141780e-01 -1.1650100e+03]
 [ 0.0000000e+00  0.0000000e+00  0.0000000e+00  1.0000000e+00]]
[+0091.76, +0092.11, -1092.38]
1058, 1242, 938
[[-1.7250666e-01  4.4296216e-01 -8.7954618e-01  5.3500000e+01]
 [-1.2450720e-02  8.9209404e-01  4.5163496e-01  1.7186000e+02]
 [ 9.8471414e-01  8.8958880e-02 -1.4835306e-01 -1.1650200e+03]
 [ 0.0000000e+00  0.0000000e+00  0.0000000e+00  1.0000000e+00]]
[+0092.98, +0043.44, -1051.24]
896, 1278, 1085
[[-1.7257306e-01  4.4259152e-01 -8.7982872e-01  5.3470000e+01]
 [-1.4220320e-02  8.9213432e-01  4.5152268e-01  1.7185000e+02]
 [ 9.8477592e-01  9.0485880e-02 -1.4765138e-01 -1.1650500e+03]
 [ 0.0000000e+00  0.0000000e+00  0.0000000e+00  1.0000000e+00]]
[+0092.51, +0009.73, -1056.33]
1058, 1242, 938
[[-1.7332000e-01  4.4257920e-01 -8.7959440e-01  5.3450000e+01]
 [-1.3440000e-02  8.9216472e-01  4.5146976e-01  1.7184000e+02]
 [ 9.8457200e-01  9.0162240e-02 -1.4865928e-01 -1.1650000e+03]
 [ 0.0000000e+00  0.0000000e+00  0.0000000e+00  1.0000000e+00]]
[+0091.79, +0044.60, -1051.12]
973, 1372, 813
[[-1.7235460e-01  4.4322024e-01 -8.7951172e-01  5.3510000e+01]
 [-1.2766680e-02  8.9194860e-01  4.5192504e-01  1.7190000e+02]
 [ 9.8479544e-01  8.9191080e-02 -1.4805556e-01 -1.1650200e+03]
 [ 0.0000000e+00  0.0000000e+00  0.0000000e+00  1.0000000e+00]]
[+0120.52, +0042.00, -1057.24]
1058, 1242, 938
[[-1.7354484e-01  4.4241000e-01 -8.7945088e-01  5.3420000e+01]
 [-1.3213120e-02  8.9223750e-01  4.5129966e-01  1.7183000e+02]
 [ 9.8437080e-01  9.0107500e-02 -1.4895690e-01 -1.1650100e+03]
 [ 0.0000000e+00  0.0000000e+00  0.0000000e+00  1.0000000e+00]]
[+0090.14, +0043.35, -1051.14]
1739, 2175, 1454
[[-1.7489556e-01  4.4012074e-01 -8.8047634e-01  5.3150000e+01]
 [-1.3854460e-02  8.9330540e-01  4.4918942e-01  1.7179000e+02]
 [ 9.8425246e-01  9.0867020e-02 -1.5011140e-01 -1.1650600e+03]
 [ 0.0000000e+00  0.0000000e+00  0.0000000e+00  1.0000000e+00]]
[+0120.50, +0051.57, -1088.23]
1058, 1242, 938
[[-1.7302242e-01  4.4288432e-01 -8.7954510e-01  5.3470000e+01]
 [-1.3207680e-02  8.9204928e-01  4.5171280e-01  1.7186000e+02]
 [ 9.8466830e-01  8.9846400e-02 -1.4847714e-01 -1.1650400e+03]
 [ 0.0000000e+00  0.0000000e+00  0.0000000e+00  1.0000000e+00]]
[+0092.79, +0043.53, -1051.15]
1471, 936, 2223
[[-1.7533140e-01  4.4027618e-01 -8.8045014e-01  5.3160000e+01]
 [-1.5201420e-02  8.9309820e-01  4.4958226e-01  1.7160000e+02]
 [ 9.8427866e-01  9.2261460e-02 -1.4988276e-01 -1.1650100e+03]
 [ 0.0000000e+00  0.0000000e+00  0.0000000e+00  1.0000000e+00]]
[-0001.83, +0007.85, -1143.81]
1099, 1509, 2189
[[-1.7339940e-01  4.4111432e-01 -8.8039456e-01  5.3300000e+01]
 [-1.4298560e-02  8.9284310e-01  4.5011482e-01  1.7173000e+02]
 [ 9.8461768e-01  9.0697060e-02 -1.4849674e-01 -1.1650500e+03]
 [ 0.0000000e+00  0.0000000e+00  0.0000000e+00  1.0000000e+00]]
[+0047.32, -0032.64, -1124.45]
1471, 936, 2223
[[-1.7570208e-01  4.4035712e-01 -8.8024888e-01  5.3190000e+01]
 [-1.5225280e-02  8.9302542e-01  4.4971052e-01  1.7159000e+02]
 [ 9.8413448e-01  9.2503880e-02 -1.5018066e-01 -1.1650300e+03]
 [ 0.0000000e+00  0.0000000e+00  0.0000000e+00  1.0000000e+00]]
[-0001.92, +0008.02, -1144.09]
1474, 890, 1402
[[-1.7317448e-01  4.4191860e-01 -8.7990996e-01  5.3410000e+01]
 [-1.3672200e-02  8.9248310e-01  4.5082510e-01  1.7177000e+02]
 [ 9.8455404e-01  9.0211700e-02 -1.4848642e-01 -1.1650300e+03]
 [ 0.0000000e+00  0.0000000e+00  0.0000000e+00  1.0000000e+00]]
[+0011.24, +0059.27, -1085.83]
1471, 936, 2223
[[-1.7525866e-01  4.4026356e-01 -8.8029338e-01  5.3180000e+01]
 [-1.4890920e-02  8.9311384e-01  4.4952996e-01  1.7162000e+02]
 [ 9.8413754e-01  9.2015880e-02 -1.4993986e-01 -1.1650100e+03]
 [ 0.0000000e+00  0.0000000e+00  0.0000000e+00  1.0000000e+00]]
[-0001.75, +0007.90, -1143.82]
1319, 838, 2227
[[-1.7392210e-01  4.4067600e-01 -8.8044880e-01  5.3250000e+01]
 [-1.4340960e-02  8.9303040e-01  4.4973072e-01  1.7162000e+02]
 [ 9.8446928e-01  9.0928800e-02 -1.4897746e-01 -1.1650100e+03]
 [ 0.0000000e+00  0.0000000e+00  0.0000000e+00  1.0000000e+00]]
[-0001.84, -0000.20, -1152.99]
1471, 936, 2223
[[-1.7585450e-01  4.4028432e-01 -8.8039476e-01  5.3170000e+01]
 [-1.4797440e-02  8.9311384e-01  4.4957412e-01  1.7160000e+02]
 [ 9.8423892e-01  9.2117160e-02 -1.5053570e-01 -1.1650200e+03]
 [ 0.0000000e+00  0.0000000e+00  0.0000000e+00  1.0000000e+00]]
[-0001.23, +0007.25, -1143.63]
1760, 1844, 2126
[[-1.7548386e-01  4.4016694e-01 -8.8044712e-01  5.3150000e+01]
 [-1.4737180e-02  8.9318654e-01  4.4941736e-01  1.7170000e+02]
 [ 9.8423416e-01  9.1903280e-02 -1.5023776e-01 -1.1650600e+03]
 [ 0.0000000e+00  0.0000000e+00  0.0000000e+00  1.0000000e+00]]
[+0053.96, +0017.31, -1090.90]
1599, 2247, 1866
[[-1.7475060e-01  4.4035338e-01 -8.8057386e-01  5.3150000e+01]
 [-1.3193460e-02  8.9327846e-01  4.4929582e-01  1.7179000e+02]
 [ 9.8445282e-01  9.0164860e-02 -1.5028330e-01 -1.1650400e+03]
 [ 0.0000000e+00  0.0000000e+00  0.0000000e+00  1.0000000e+00]]
[+0108.79, +0013.32, -1092.75]
1760, 1844, 2126
[[-1.7489556e-01  4.4012074e-01 -8.8047634e-01  5.3150000e+01]
 [-1.3854460e-02  8.9330540e-01  4.4918942e-01  1.7168000e+02]
 [ 9.8425246e-01  9.0867020e-02 -1.5011140e-01 -1.1650500e+03]
 [ 0.0000000e+00  0.0000000e+00  0.0000000e+00  1.0000000e+00]]
[+0047.11, +0014.78, -1094.11]
1964, 1783, 1905
[[-1.7504068e-01  4.4063272e-01 -8.8019756e-01  5.3200000e+01]
 [-1.3770680e-02  8.9304572e-01  4.4970904e-01  1.7173000e+02]
 [ 9.8423336e-01  9.0943160e-02 -1.5022596e-01 -1.1650600e+03]
 [ 0.0000000e+00  0.0000000e+00  0.0000000e+00  1.0000000e+00]]
[+0051.12, +0052.17, -1086.09]
1760, 1844, 2126
[[-1.7459028e-01  4.4019028e-01 -8.8051828e-01  5.3170000e+01]
 [-1.4931880e-02  8.9318654e-01  4.4939402e-01  1.7169000e+02]
 [ 9.8430532e-01  9.1708580e-02 -1.4934418e-01 -1.1650600e+03]
 [ 0.0000000e+00  0.0000000e+00  0.0000000e+00  1.0000000e+00]]
[+0049.99, +0011.66, -1093.77]
1211, 1379, 1744
[[-1.7369706e-01  4.4162934e-01 -8.7992800e-01  5.3350000e+01]
 [-1.3565500e-02  8.9261334e-01  4.5056616e-01  1.7175000e+02]
 [ 9.8444184e-01  9.0318400e-02 -1.4902416e-01 -1.1650600e+03]
 [ 0.0000000e+00  0.0000000e+00  0.0000000e+00  1.0000000e+00]]
[+0047.77, -0003.40, -1081.86]
1760, 1844, 2126
[[-1.7556394e-01  4.3996894e-01 -8.8062170e-01  5.3100000e+01]
 [-1.4184100e-02  8.9334726e-01  4.4913194e-01  1.7168000e+02]
 [ 9.8430994e-01  9.1367500e-02 -1.5059284e-01 -1.1650500e+03]
 [ 0.0000000e+00  0.0000000e+00  0.0000000e+00  1.0000000e+00]]
[+0050.44, +0014.35, -1092.96]
1299, 1155, 1974
[[-1.7406746e-01  4.4163450e-01 -8.8006086e-01  5.3360000e+01]
 [-1.3810860e-02  8.9259814e-01  4.5062610e-01  1.7177000e+02]
 [ 9.8455950e-01  9.0628860e-02 -1.4926436e-01 -1.1650400e+03]
 [ 0.0000000e+00  0.0000000e+00  0.0000000e+00  1.0000000e+00]]
[+0017.14, -0002.33, -1106.58]
1092, 1450, 1624
[[-1.7339940e-01  4.4178574e-01 -8.7991522e-01  5.3380000e+01]
 [-1.3481780e-02  8.9255580e-01  4.5068386e-01  1.7175000e+02]
 [ 9.8450174e-01  9.0128020e-02 -1.4878404e-01 -1.1650600e+03]
 [ 0.0000000e+00  0.0000000e+00  0.0000000e+00  1.0000000e+00]]
[+0066.59, -0008.84, -1077.09]
1299, 1155, 1974
[[-1.7399476e-01  4.4132404e-01 -8.7997708e-01  5.3300000e+01]
 [-1.3798120e-02  8.9272830e-01  4.5032326e-01  1.7173000e+02]
 [ 9.8434556e-01  9.0633980e-02 -1.4920690e-01 -1.1650500e+03]
 [ 0.0000000e+00  0.0000000e+00  0.0000000e+00  1.0000000e+00]]
[+0014.73, -0005.40, -1110.56]
1573, 1530, 2129
[[-1.7481544e-01  4.4035512e-01 -8.8045052e-01  5.3190000e+01]
 [-1.4443920e-02  8.9314488e-01  4.4950332e-01  1.7169000e+02]
 [ 9.8432572e-01  9.1374120e-02 -1.4975632e-01 -1.1650500e+03]
 [ 0.0000000e+00  0.0000000e+00  0.0000000e+00  1.0000000e+00]]
[+0031.23, +0003.47, -1102.57]
1299, 1155, 1974
[[-1.7376976e-01  4.4145692e-01 -8.7997196e-01  5.3340000e+01]
 [-1.3988440e-02  8.9265560e-01  4.5046448e-01  1.7173000e+02]
 [ 9.8439788e-01  9.0717760e-02 -1.4890920e-01 -1.1650200e+03]
 [ 0.0000000e+00  0.0000000e+00  0.0000000e+00  1.0000000e+00]]
[+0017.13, -0002.33, -1106.65]
1722, 1002, 1595
[[-1.7414020e-01  4.4172338e-01 -8.7988326e-01  5.3330000e+01]
 [-1.3899740e-02  8.9252540e-01  4.5074622e-01  1.7176000e+02]
 [ 9.8443938e-01  9.0806460e-02 -1.4926436e-01 -1.1650600e+03]
 [ 0.0000000e+00  0.0000000e+00  0.0000000e+00  1.0000000e+00]]
[+0009.45, +0066.32, -1099.05]
1299, 1155, 1974
[[-1.7488810e-01  4.4103968e-01 -8.8012764e-01  5.3280000e+01]
 [-1.3937120e-02  8.9284310e-01  4.5012444e-01  1.7170000e+02]
 [ 9.8435076e-01  9.1050840e-02 -1.4998544e-01 -1.1649900e+03]
 [ 0.0000000e+00  0.0000000e+00  0.0000000e+00  1.0000000e+00]]
[+0015.62, -0005.70, -1109.92]
1064, 1308, 1603
[[-1.7287690e-01  4.4192618e-01 -8.7993344e-01  5.3400000e+01]
 [-1.3737340e-02  8.9248310e-01  4.5081752e-01  1.7179000e+02]
 [ 9.8457752e-01  9.0146560e-02 -1.4818884e-01 -1.1650500e+03]
 [ 0.0000000e+00  0.0000000e+00  0.0000000e+00  1.0000000e+00]]
[+0054.67, -0008.36, -1076.61]
1814, 1779, 1166
[[-1.7519346e-01  4.4126852e-01 -8.8001354e-01  5.3240000e+01]
 [-1.2561640e-02  8.9284620e-01  4.5016972e-01  1.7181000e+02]
 [ 9.8436982e-01  8.9959240e-02 -1.5086850e-01 -1.1650200e+03]
 [ 0.0000000e+00  0.0000000e+00  0.0000000e+00  1.0000000e+00]]
[+0103.67, +0087.69, -1083.78]
1064, 1308, 1603
[[-1.7354484e-01  4.4203630e-01 -8.7985766e-01  5.3390000e+01]
 [-1.3732340e-02  8.9241036e-01  4.5098150e-01  1.7178000e+02]
 [ 9.8455930e-01  9.0425660e-02 -1.4878404e-01 -1.1650300e+03]
 [ 0.0000000e+00  0.0000000e+00  0.0000000e+00  1.0000000e+00]]
[+0052.23, -0010.21, -1078.46]
1478, 1210, 2210
[[-1.7533140e-01  4.4038874e-01 -8.8026482e-01  5.3190000e+01]
 [-1.5016100e-02  8.9304110e-01  4.4967890e-01  1.7164000e+02]
 [ 9.8416610e-01  9.2164820e-02 -1.4993986e-01 -1.1650300e+03]
 [ 0.0000000e+00  0.0000000e+00  0.0000000e+00  1.0000000e+00]]
[+0010.45, +0000.07, -1125.77]
1064, 1308, 1603
[[-1.7347210e-01  4.4220866e-01 -8.7981372e-01  5.3410000e+01]
 [-1.3309420e-02  8.9236790e-01  4.5108324e-01  1.7180000e+02]
 [ 9.8460324e-01  9.0026280e-02 -1.4889924e-01 -1.1650400e+03]
 [ 0.0000000e+00  0.0000000e+00  0.0000000e+00  1.0000000e+00]]
[+0054.73, -0008.56, -1076.86]
1252, 817, 1396
[[-1.7369706e-01  4.4203952e-01 -8.7967014e-01  5.3430000e+01]
 [-1.3082640e-02  8.9244060e-01  4.5091312e-01  1.7166000e+02]
 [ 9.8440202e-01  8.9971440e-02 -1.4919690e-01 -1.1650100e+03]
 [ 0.0000000e+00  0.0000000e+00  0.0000000e+00  1.0000000e+00]]
[+0008.05, +0037.80, -1082.01]
1064, 1308, 1603
[[-1.7294964e-01  4.4190272e-01 -8.7994104e-01  5.3380000e+01]
 [-1.4011440e-02  8.9246790e-01  4.5084098e-01  1.7178000e+02]
 [ 9.8456992e-01  9.0420660e-02 -1.4813130e-01 -1.1650400e+03]
 [ 0.0000000e+00  0.0000000e+00  0.0000000e+00  1.0000000e+00]]
[+0052.95, -0010.47, -1078.37]
981, 1483, 2037
[[-1.7384948e-01  4.4099730e-01 -8.8036854e-01  5.3280000e+01]
 [-1.3769100e-02  8.9293100e-01  4.4995770e-01  1.7171000e+02]
 [ 9.8454954e-01  9.0404100e-02 -1.4914948e-01 -1.1650300e+03]
 [ 0.0000000e+00  0.0000000e+00  0.0000000e+00  1.0000000e+00]]
[+0053.97, -0039.49, -1122.26]
1360, 1682, 2041
[[-1.7414722e-01  4.4054306e-01 -8.8045384e-01  5.3200000e+01]
 [-1.4150740e-02  8.9310302e-01  4.4958952e-01  1.7170000e+02]
 [ 9.8441704e-01  9.0844880e-02 -1.4927520e-01 -1.1650500e+03]
 [ 0.0000000e+00  0.0000000e+00  0.0000000e+00  1.0000000e+00]]
[+0053.89, -0013.45, -1098.69]
981, 1483, 2037
[[-1.7280420e-01  4.4153964e-01 -8.8018368e-01  5.3360000e+01]
 [-1.3945920e-02  8.9267084e-01  4.5044684e-01  1.7177000e+02]
 [ 9.8462484e-01  9.0219680e-02 -1.4807380e-01 -1.1650500e+03]
 [ 0.0000000e+00  0.0000000e+00  0.0000000e+00  1.0000000e+00]]
[+0053.79, -0037.71, -1119.66]
884, 1669, 1968
[[-1.7273154e-01  4.4200942e-01 -8.8006714e-01  5.3410000e+01]
 [-1.3225460e-02  8.9251326e-01  4.5079942e-01  1.7182000e+02]
 [ 9.8474138e-01  8.9569540e-02 -1.4830404e-01 -1.1650600e+03]
 [ 0.0000000e+00  0.0000000e+00  0.0000000e+00  1.0000000e+00]]
[+0076.80, -0041.60, -1120.79]
981, 1483, 2037
[[-1.7392210e-01  4.4108626e-01 -8.8019098e-01  5.3270000e+01]
 [-1.3858060e-02  8.9285838e-01  4.5007786e-01  1.7170000e+02]
 [ 9.8442938e-01  9.0581660e-02 -1.4914948e-01 -1.1650200e+03]
 [ 0.0000000e+00  0.0000000e+00  0.0000000e+00  1.0000000e+00]]
[+0052.61, -0037.57, -1120.66]
1065, 1333, 1507
[[-1.7369706e-01  4.4222470e-01 -8.7978264e-01  5.3390000e+01]
 [-1.2970140e-02  8.9238294e-01  4.5106720e-01  1.7179000e+02]
 [ 9.8458720e-01  8.9817360e-02 -1.4925456e-01 -1.1650000e+03]
 [ 0.0000000e+00  0.0000000e+00  0.0000000e+00  1.0000000e+00]]
[+0062.28, -0001.46, -1069.98]
981, 1483, 2037
[[-1.7392210e-01  4.4078854e-01 -8.8026362e-01  5.3280000e+01]
 [-1.4155780e-02  8.9297310e-01  4.4982734e-01  1.7171000e+02]
 [ 9.8435674e-01  9.0832180e-02 -1.4903476e-01 -1.1650200e+03]
 [ 0.0000000e+00  0.0000000e+00  0.0000000e+00  1.0000000e+00]]
[+0053.73, -0039.36, -1122.08]
861, 848, 1013
[[-1.7175370e-01  4.4341034e-01 -8.7939022e-01  5.3570000e+01]
 [-1.3725140e-02  8.9177292e-01  4.5221774e-01  1.7184000e+02]
 [ 9.8475962e-01  8.9869540e-02 -1.4704762e-01 -1.1650500e+03]
 [ 0.0000000e+00  0.0000000e+00  0.0000000e+00  1.0000000e+00]]
[+0048.16, +0022.11, -1049.90]
862, 910, 810
[[-1.7264596e-01  4.4368514e-01 -8.7924722e-01  5.3570000e+01]
 [-1.3231580e-02  8.9165724e-01  4.5249106e-01  1.7189000e+02]
 [ 9.8476246e-01  8.9814980e-02 -1.4805556e-01 -1.1650300e+03]
 [ 0.0000000e+00  0.0000000e+00  0.0000000e+00  1.0000000e+00]]
[+0075.23, +0038.94, -1042.33]
861, 848, 1013
[[-1.7242738e-01  4.4304810e-01 -8.7955558e-01  5.3510000e+01]
 [-1.3189500e-02  8.9199150e-01  4.5182310e-01  1.7182000e+02]
 [ 9.8475158e-01  8.9590500e-02 -1.4793988e-01 -1.1650200e+03]
 [ 0.0000000e+00  0.0000000e+00  0.0000000e+00  1.0000000e+00]]
[+0045.69, +0019.01, -1050.87]
1236, 1748, 1292
[[-1.7317448e-01  4.4135976e-01 -8.8020420e-01  5.3320000e+01]
 [-1.4303760e-02  8.9271302e-01  4.5035260e-01  1.7180000e+02]
 [ 9.8455740e-01  9.0684200e-02 -1.4825650e-01 -1.1650700e+03]
 [ 0.0000000e+00  0.0000000e+00  0.0000000e+00  1.0000000e+00]]
[+0111.29, +0024.33, -1070.52]
861, 848, 1013
[[-1.7271890e-01  4.4351298e-01 -8.7929124e-01  5.3540000e+01]
 [-1.3654380e-02  8.9169998e-01  4.5238916e-01  1.7183000e+02]
 [ 9.8471844e-01  9.0214360e-02 -1.4793988e-01 -1.1650400e+03]
 [ 0.0000000e+00  0.0000000e+00  0.0000000e+00  1.0000000e+00]]
[+0047.88, +0022.36, -1049.87]
1104, 754, 985
[[-1.7324100e-01  4.4322376e-01 -8.7930968e-01  5.3500000e+01]
 [-1.3547120e-02  8.9183070e-01  4.5213026e-01  1.7181000e+02]
 [ 9.8460616e-01  9.0321620e-02 -1.4847714e-01 -1.1650100e+03]
 [ 0.0000000e+00  0.0000000e+00  0.0000000e+00  1.0000000e+00]]
[+0030.01, +0058.15, -1057.95]
861, 848, 1013
[[-1.7250020e-01  4.4302470e-01 -8.7956310e-01  5.3520000e+01]
 [-1.3463580e-02  8.9197646e-01  4.5184650e-01  1.7184000e+02]
 [ 9.8474406e-01  8.9864580e-02 -1.4788210e-01 -1.1650400e+03]
 [ 0.0000000e+00  0.0000000e+00  0.0000000e+00  1.0000000e+00]]
[+0049.64, +0020.89, -1049.71]
1543, 1887, 805
[[-1.7421984e-01  4.4163784e-01 -8.7987320e-01  5.3330000e+01]
 [-1.3161200e-02  8.9262846e-01  4.5055766e-01  1.7187000e+02]
 [ 9.8440216e-01  9.0174500e-02 -1.4967714e-01 -1.1650500e+03]
 [ 0.0000000e+00  0.0000000e+00  0.0000000e+00  1.0000000e+00]]
[+0141.72, +0084.79, -1098.63]
2071, 1658, 759
[[-1.7518596e-01  4.4155510e-01 -8.7966066e-01  5.3280000e+01]
 [-1.3203660e-02  8.9261334e-01  4.5057530e-01  1.7187000e+02]
 [ 9.8417450e-01  9.0672660e-02 -1.5051306e-01 -1.1650600e+03]
 [ 0.0000000e+00  0.0000000e+00  0.0000000e+00  1.0000000e+00]]
[+0107.94, +0121.21, -1121.11]
1543, 1887, 805
[[-1.7406746e-01  4.4189586e-01 -8.7983928e-01  5.3340000e+01]
 [-1.3476780e-02  8.9248310e-01  4.5084784e-01  1.7189000e+02]
 [ 9.8448336e-01  9.0407120e-02 -1.4937940e-01 -1.1650300e+03]
 [ 0.0000000e+00  0.0000000e+00  0.0000000e+00  1.0000000e+00]]
[+0141.10, +0081.65, -1097.82]
1744, 2203, 1563
[[-1.7526600e-01  4.3994036e-01 -8.8049652e-01  5.3120000e+01]
 [-1.4212680e-02  8.9334726e-01  4.4909566e-01  1.7177000e+02]
 [ 9.8418476e-01  9.1331220e-02 -1.5029490e-01 -1.1650700e+03]
 [ 0.0000000e+00  0.0000000e+00  0.0000000e+00  1.0000000e+00]]
[+0116.68, +0042.31, -1087.95]
1543, 1887, 805
[[-1.7384250e-01  4.4214116e-01 -8.7964888e-01  5.3390000e+01]
 [-1.3481960e-02  8.9235278e-01  4.5108556e-01  1.7187000e+02]
 [ 9.8442328e-01  9.0394360e-02 -1.4913928e-01 -1.1650300e+03]
 [ 0.0000000e+00  0.0000000e+00  0.0000000e+00  1.0000000e+00]]
[+0137.96, +0081.87, -1095.67]
1283, 1218, 1152
[[-1.7317448e-01  4.4221620e-01 -8.7983724e-01  5.3430000e+01]
 [-1.3374600e-02  8.9236790e-01  4.5107570e-01  1.7183000e+02]
 [ 9.8462676e-01  8.9961100e-02 -1.4860162e-01 -1.1650400e+03]
 [ 0.0000000e+00  0.0000000e+00  0.0000000e+00  1.0000000e+00]]
[+0065.12, +0049.07, -1056.84]
1543, 1887, 805
[[-1.7421984e-01  4.4178672e-01 -8.7983688e-01  5.3300000e+01]
 [-1.3012320e-02  8.9257088e-01  4.5068288e-01  1.7185000e+02]
 [ 9.8443848e-01  9.0049280e-02 -1.4973472e-01 -1.1650500e+03]
 [ 0.0000000e+00  0.0000000e+00  0.0000000e+00  1.0000000e+00]]
[+0141.87, +0084.66, -1098.75]
1755, 1368, 1136
[[-1.7443794e-01  4.4156686e-01 -8.7989600e-01  5.3300000e+01]
 [-1.3983500e-02  8.9258286e-01  4.5062864e-01  1.7178000e+02]
 [ 9.8437936e-01  9.0996800e-02 -1.4950464e-01 -1.1650700e+03]
 [ 0.0000000e+00  0.0000000e+00  0.0000000e+00  1.0000000e+00]]
[+0068.61, +0094.15, -1078.30]
1860, 1446, 1058
[[-1.7496080e-01  4.4139000e-01 -8.7972840e-01  5.3300000e+01]
 [-1.3691760e-02  8.9265560e-01  4.5046632e-01  1.7183000e+02]
 [ 9.8415432e-01  9.1006800e-02 -1.5010024e-01 -1.1650400e+03]
 [ 0.0000000e+00  0.0000000e+00  0.0000000e+00  1.0000000e+00]]
[+0080.49, +0106.33, -1088.25]
1755, 1368, 1136
[[-1.7473572e-01  4.4170810e-01 -8.7983594e-01  5.3320000e+01]
 [-1.3769500e-02  8.9252540e-01  4.5076150e-01  1.7179000e+02]
 [ 9.8439206e-01  9.0936700e-02 -1.4985988e-01 -1.1650200e+03]
 [ 0.0000000e+00  0.0000000e+00  0.0000000e+00  1.0000000e+00]]
[+0068.75, +0092.33, -1077.58]
1721, 1245, 964
[[-1.7391528e-01  4.4196872e-01 -8.7969288e-01  5.3390000e+01]
 [-1.3904880e-02  8.9239512e-01  4.5098392e-01  1.7182000e+02]
 [ 9.8437928e-01  9.0793680e-02 -1.4902416e-01 -1.1650300e+03]
 [ 0.0000000e+00  0.0000000e+00  0.0000000e+00  1.0000000e+00]]
[+0071.43, +0103.68, -1080.91]
1755, 1368, 1136
[[-1.7421984e-01  4.4178672e-01 -8.7983688e-01  5.3320000e+01]
 [-1.3012320e-02  8.9257088e-01  4.5068288e-01  1.7178000e+02]
 [ 9.8443848e-01  9.0049280e-02 -1.4973472e-01 -1.1650200e+03]
 [ 0.0000000e+00  0.0000000e+00  0.0000000e+00  1.0000000e+00]]
[+0069.36, +0093.11, -1078.02]
972, 2075, 786
[[-1.7257936e-01  4.4238004e-01 -8.7984780e-01  5.3420000e+01]
 [-1.3356200e-02  8.9231024e-01  4.5118596e-01  1.7193000e+02]
 [ 9.8471004e-01  8.9705400e-02 -1.4806416e-01 -1.1650700e+03]
 [ 0.0000000e+00  0.0000000e+00  0.0000000e+00  1.0000000e+00]]
[+0169.24, +0034.97, -1116.79]
1755, 1368, 1136
[[-1.7414020e-01  4.4157452e-01 -8.7991964e-01  5.3320000e+01]
 [-1.4048600e-02  8.9258286e-01  4.5062098e-01  1.7180000e+02]
 [ 9.8440300e-01  9.0931700e-02 -1.4920690e-01 -1.1650700e+03]
 [ 0.0000000e+00  0.0000000e+00  0.0000000e+00  1.0000000e+00]]
[+0068.51, +0094.46, -1078.58]
1140, 2071, 911
[[-1.7332674e-01  4.4184560e-01 -8.8005650e-01  5.3350000e+01]
 [-1.3244000e-02  8.9257088e-01  4.5068912e-01  1.7187000e+02]
 [ 9.8465810e-01  8.9825120e-02 -1.4884162e-01 -1.1650700e+03]
 [ 0.0000000e+00  0.0000000e+00  0.0000000e+00  1.0000000e+00]]
[+0160.82, +0039.01, -1106.06]
1258, 2201, 1069
[[-1.7467024e-01  4.4051516e-01 -8.8024996e-01  5.3230000e+01]
 [-1.3710440e-02  8.9311830e-01  4.4955248e-01  1.7180000e+02]
 [ 9.8422844e-01  9.0729280e-02 -1.4992810e-01 -1.1650800e+03]
 [ 0.0000000e+00  0.0000000e+00  0.0000000e+00  1.0000000e+00]]
[+0154.44, +0037.05, -1107.43]
1140, 2071, 911
[[-1.7265210e-01  4.4220786e-01 -8.7989172e-01  5.3410000e+01]
 [-1.3779060e-02  8.9235278e-01  4.5108404e-01  1.7188000e+02]
 [ 9.8466612e-01  9.0104840e-02 -1.4794888e-01 -1.1650500e+03]
 [ 0.0000000e+00  0.0000000e+00  0.0000000e+00  1.0000000e+00]]
[+0155.19, +0039.38, -1101.63]
997, 1724, 1303
[[-1.7317448e-01  4.4176980e-01 -8.7994632e-01  5.3370000e+01]
 [-1.3821000e-02  8.9254064e-01  4.5069980e-01  1.7182000e+02]
 [ 9.8451768e-01  9.0337000e-02 -1.4842888e-01 -1.1650500e+03]
 [ 0.0000000e+00  0.0000000e+00  0.0000000e+00  1.0000000e+00]]
[+0114.55, +0000.18, -1076.83]
1140, 2071, 911
[[-1.7362440e-01  4.4150408e-01 -8.7995676e-01  5.3340000e+01]
 [-1.3440240e-02  8.9268600e-01  4.5041732e-01  1.7185000e+02]
 [ 9.8441308e-01  9.0169560e-02 -1.4902416e-01 -1.1650500e+03]
 [ 0.0000000e+00  0.0000000e+00  0.0000000e+00  1.0000000e+00]]
[+0160.84, +0039.38, -1106.15]
1561, 1797, 822
[[-1.7399476e-01  4.4180696e-01 -8.8001692e-01  5.3320000e+01]
 [-1.3387880e-02  8.9255580e-01  4.5072776e-01  1.7182000e+02]
 [ 9.8460344e-01  9.0229480e-02 -1.4937940e-01 -1.1650300e+03]
 [ 0.0000000e+00  0.0000000e+00  0.0000000e+00  1.0000000e+00]]
[+0131.36, +0088.51, -1091.55]
1140, 2071, 911
[[-1.7318154e-01  4.4144618e-01 -8.8015038e-01  5.3320000e+01]
 [-1.3142220e-02  8.9277366e-01  4.5026618e-01  1.7184000e+02]
 [ 9.8456422e-01  8.9652780e-02 -1.4878404e-01 -1.1650500e+03]
 [ 0.0000000e+00  0.0000000e+00  0.0000000e+00  1.0000000e+00]]
[+0160.20, +0039.40, -1105.96]
1923, 2156, 1076
[[-1.7616808e-01  4.3985628e-01 -8.8040680e-01  5.3080000e+01]
 [-1.3005720e-02  8.9346552e-01  4.4890560e-01  1.7185000e+02]
 [ 9.8408360e-01  9.0619200e-02 -1.5165856e-01 -1.1650800e+03]
 [ 0.0000000e+00  0.0000000e+00  0.0000000e+00  1.0000000e+00]]
[+0130.60, +0082.25, -1104.89]
1763, 2193, 1166
[[-1.7489556e-01  4.4056756e-01 -8.8036756e-01  5.3190000e+01]
 [-1.3407640e-02  8.9313350e-01  4.4956502e-01  1.7184000e+02]
 [ 9.8436124e-01  9.0491420e-02 -1.5028330e-01 -1.1650300e+03]
 [ 0.0000000e+00  0.0000000e+00  0.0000000e+00  1.0000000e+00]]
[+0136.10, +0067.39, -1100.28]
1923, 2156, 1076
[[-1.7549140e-01  4.4021818e-01 -8.8024354e-01  5.3140000e+01]
 [-1.3539460e-02  8.9324814e-01  4.4930122e-01  1.7182000e+02]
 [ 9.8409218e-01  9.0900260e-02 -1.5076450e-01 -1.1650700e+03]
 [ 0.0000000e+00  0.0000000e+00  0.0000000e+00  1.0000000e+00]]
[+0128.94, +0083.79, -1104.17]
1745, 1193, 1158
[[-1.7436520e-01  4.4200080e-01 -8.7963040e-01  5.3350000e+01]
 [-1.3226400e-02  8.9242552e-01  4.5095184e-01  1.7180000e+02]
 [ 9.8434720e-01  9.0375840e-02 -1.4973472e-01 -1.1649900e+03]
 [ 0.0000000e+00  0.0000000e+00  0.0000000e+00  1.0000000e+00]]
[+0052.82, +0092.07, -1079.63]
1923, 2156, 1076
[[-1.7616808e-01  4.4015436e-01 -8.8033440e-01  5.3090000e+01]
 [-1.2707640e-02  8.9335088e-01  4.4915580e-01  1.7185000e+02]
 [ 9.8415600e-01  9.0369000e-02 -1.5177320e-01 -1.1650500e+03]
 [ 0.0000000e+00  0.0000000e+00  0.0000000e+00  1.0000000e+00]]
[+0130.30, +0082.64, -1104.62]
2072, 2151, 1341
[[-1.7549962e-01  4.3974626e-01 -8.8048324e-01  5.3070000e+01]
 [-1.3010260e-02  8.9353790e-01  4.4874148e-01  1.7183000e+02]
 [ 9.8410276e-01  9.0340520e-02 -1.5106248e-01 -1.1650700e+03]
 [ 0.0000000e+00  0.0000000e+00  0.0000000e+00  1.0000000e+00]]
[+0112.63, +0079.99, -1096.65]
1923, 2156, 1076
[[-1.7474282e-01  4.4037882e-01 -8.8044282e-01  5.3160000e+01]
 [-1.4169780e-02  8.9316028e-01  4.4947962e-01  1.7185000e+02]
 [ 9.8433342e-01  9.1099980e-02 -1.4981354e-01 -1.1650500e+03]
 [ 0.0000000e+00  0.0000000e+00  0.0000000e+00  1.0000000e+00]]
[+0131.27, +0083.07, -1105.37]
1019, 1501, 2165
[[-1.7370436e-01  4.4059788e-01 -8.8046220e-01  5.3260000e+01]
 [-1.3667400e-02  8.9313350e-01  4.4953470e-01  1.7168000e+02]
 [ 9.8445588e-01  9.0231660e-02 -1.4909210e-01 -1.1650100e+03]
 [ 0.0000000e+00  0.0000000e+00  0.0000000e+00  1.0000000e+00]]
[+0049.40, -0037.95, -1129.62]
1548, 1582, 980
[[-1.7376976e-01  4.4175460e-01 -8.7989924e-01  5.3360000e+01]
 [-1.3690760e-02  8.9254064e-01  4.5071500e-01  1.7183000e+02]
 [ 9.8447060e-01  9.0467240e-02 -1.4902416e-01 -1.1650700e+03]
 [ 0.0000000e+00  0.0000000e+00  0.0000000e+00  1.0000000e+00]]
[+0106.06, +0083.53, -1073.67]
1019, 1501, 2165
[[-1.7414722e-01  4.4039418e-01 -8.8049014e-01  5.3240000e+01]
 [-1.4299620e-02  8.9316028e-01  4.4946426e-01  1.7162000e+02]
 [ 9.8438074e-01  9.0970140e-02 -1.4921794e-01 -1.1650500e+03]
 [ 0.0000000e+00  0.0000000e+00  0.0000000e+00  1.0000000e+00]]
[+0050.13, -0038.17, -1129.55]
978, 823, 2100
[[-1.7332000e-01  4.4243040e-01 -8.7963080e-01  5.3460000e+01]
 [-1.3588800e-02  8.9222238e-01  4.5134448e-01  1.7179000e+02]
 [ 9.8453560e-01  9.0287520e-02 -1.4860162e-01 -1.1650100e+03]
 [ 0.0000000e+00  0.0000000e+00  0.0000000e+00  1.0000000e+00]]
[+0006.72, -0020.63, -1147.21]
1019, 1501, 2165
[[-1.7437242e-01  4.4026126e-01 -8.8049512e-01  5.3200000e+01]
 [-1.4109460e-02  8.9323286e-01  4.4932304e-01  1.7164000e+02]
 [ 9.8432848e-01  9.0886160e-02 -1.4951572e-01 -1.1650300e+03]
 [ 0.0000000e+00  0.0000000e+00  0.0000000e+00  1.0000000e+00]]
[+0050.84, -0038.03, -1129.50]
771, 1526, 2055
[[-1.7220916e-01  4.4200106e-01 -8.8012146e-01  5.3440000e+01]
 [-1.3629860e-02  8.9249822e-01  4.5080778e-01  1.7182000e+02]
 [ 9.8478066e-01  8.9713380e-02 -1.4765138e-01 -1.1650400e+03]
 [ 0.0000000e+00  0.0000000e+00  0.0000000e+00  1.0000000e+00]]
[+0067.04, -0046.72, -1134.85]
1019, 1501, 2165
[[-1.7474282e-01  4.4026620e-01 -8.8062804e-01  5.3230000e+01]
 [-1.4355000e-02  8.9321750e-01  4.4938300e-01  1.7167000e+02]
 [ 9.8444604e-01  9.1196600e-02 -1.4975632e-01 -1.1650100e+03]
 [ 0.0000000e+00  0.0000000e+00  0.0000000e+00  1.0000000e+00]]
[+0049.73, -0037.67, -1129.72]
1766, 895, 1555
[[-1.7376976e-01  4.4186708e-01 -8.7971404e-01  5.3360000e+01]
 [-1.3505560e-02  8.9248310e-01  4.5081148e-01  1.7175000e+02]
 [ 9.8435812e-01  9.0370760e-02 -1.4908170e-01 -1.1650300e+03]
 [ 0.0000000e+00  0.0000000e+00  0.0000000e+00  1.0000000e+00]]
[+0003.36, +0074.64, -1109.35]
1145, 1528, 1537
[[-1.7339940e-01  4.4178574e-01 -8.7991522e-01  5.3350000e+01]
 [-1.3481780e-02  8.9255580e-01  4.5068386e-01  1.7179000e+02]
 [ 9.8450174e-01  9.0128020e-02 -1.4878404e-01 -1.1650400e+03]
 [ 0.0000000e+00  0.0000000e+00  0.0000000e+00  1.0000000e+00]]
[+0077.82, +0000.12, -1072.01]
1766, 895, 1555
[[-1.7429250e-01  4.4157784e-01 -8.7973188e-01  5.3330000e+01]
 [-1.3398960e-02  8.9261334e-01  4.5055256e-01  1.7174000e+02]
 [ 9.8424572e-01  9.0477360e-02 -1.4961960e-01 -1.1650300e+03]
 [ 0.0000000e+00  0.0000000e+00  0.0000000e+00  1.0000000e+00]]
[+0001.58, +0072.63, -1110.41]
1930, 1053, 1464
[[-1.7443794e-01  4.4141798e-01 -8.7993238e-01  5.3310000e+01]
 [-1.4132380e-02  8.9264028e-01  4.5050342e-01  1.7178000e+02]
 [ 9.8434298e-01  9.1122020e-02 -1.4944722e-01 -1.1650500e+03]
 [ 0.0000000e+00  0.0000000e+00  0.0000000e+00  1.0000000e+00]]
[+0020.89, +0090.99, -1104.12]
1766, 895, 1555
[[-1.7429250e-01  4.4172672e-01 -8.7969554e-01  5.3350000e+01]
 [-1.3250080e-02  8.9255580e-01  4.5067776e-01  1.7174000e+02]
 [ 9.8428206e-01  9.0352160e-02 -1.4967714e-01 -1.1649900e+03]
 [ 0.0000000e+00  0.0000000e+00  0.0000000e+00  1.0000000e+00]]
[+0003.09, +0069.92, -1108.71]
1816, 949, 1740
[[-1.7496080e-01  4.4116488e-01 -8.8009896e-01  5.3260000e+01]
 [-1.4062320e-02  8.9277040e-01  4.5027336e-01  1.7171000e+02]
 [ 9.8437944e-01  9.1199760e-02 -1.4998544e-01 -1.1650300e+03]
 [ 0.0000000e+00  0.0000000e+00  0.0000000e+00  1.0000000e+00]]
[-0000.27, +0060.01, -1115.93]
1766, 895, 1555
[[-1.7428580e-01  4.4193744e-01 -8.7967692e-01  5.3370000e+01]
 [-1.4113800e-02  8.9237980e-01  4.5101520e-01  1.7177000e+02]
 [ 9.8434800e-01  9.1132920e-02 -1.4926436e-01 -1.1650400e+03]
 [ 0.0000000e+00  0.0000000e+00  0.0000000e+00  1.0000000e+00]]
[+0004.47, +0071.43, -1107.75]
1262, 2192, 1906
[[-1.7422738e-01  4.3974922e-01 -8.8077374e-01  5.3130000e+01]
 [-1.4193020e-02  8.9349230e-01  4.4880334e-01  1.7172000e+02]
 [ 9.8434766e-01  9.0810260e-02 -1.4940132e-01 -1.1650400e+03]
 [ 0.0000000e+00  0.0000000e+00  0.0000000e+00  1.0000000e+00]]
[+0109.28, -0014.39, -1106.88]
1377, 2229, 1803
[[-1.7467024e-01  4.3999204e-01 -8.8069292e-01  5.3150000e+01]
 [-1.4378680e-02  8.9334726e-01  4.4910884e-01  1.7179000e+02]
 [ 9.8438116e-01  9.1172920e-02 -1.4969914e-01 -1.1650700e+03]
 [ 0.0000000e+00  0.0000000e+00  0.0000000e+00  1.0000000e+00]]
[+0115.27, +0000.87, -1098.87]
1262, 2192, 1906
[[-1.7407464e-01  4.4012004e-01 -8.8055504e-01  5.3180000e+01]
 [-1.4323240e-02  8.9329008e-01  4.4919012e-01  1.7176000e+02]
 [ 9.8431584e-01  9.0946520e-02 -1.4916072e-01 -1.1650400e+03]
 [ 0.0000000e+00  0.0000000e+00  0.0000000e+00  1.0000000e+00]]
[+0107.34, -0015.11, -1106.59]
1438, 2247, 2125
[[-1.7520164e-01  4.3807458e-01 -8.8138818e-01  5.2930000e+01]
 [-1.4971380e-02  8.9422238e-01  4.4731722e-01  1.7165000e+02]
 [ 9.8413938e-01  9.1692420e-02 -1.5008002e-01 -1.1650500e+03]
 [ 0.0000000e+00  0.0000000e+00  0.0000000e+00  1.0000000e+00]]
[+0095.35, -0011.27, -1106.69]
1262, 2192, 1906
[[-1.7355178e-01  4.4115374e-01 -8.8035580e-01  5.3280000e+01]
 [-1.3685260e-02  8.9287358e-01  4.5007540e-01  1.7179000e+02]
 [ 9.8460940e-01  9.0213800e-02 -1.4890920e-01 -1.1650600e+03]
 [ 0.0000000e+00  0.0000000e+00  0.0000000e+00  1.0000000e+00]]
[+0108.33, -0012.75, -1105.37]
1596, 1140, 1901
[[-1.7473572e-01  4.4141030e-01 -8.7990870e-01  5.3280000e+01]
 [-1.4067300e-02  8.9264028e-01  4.5051110e-01  1.7174000e+02]
 [ 9.8431930e-01  9.1187100e-02 -1.4974500e-01 -1.1650500e+03]
 [ 0.0000000e+00  0.0000000e+00  0.0000000e+00  1.0000000e+00]]
[+0009.21, +0029.97, -1103.26]
1262, 2192, 1906
[[-1.7429988e-01  4.4043382e-01 -8.8045122e-01  5.3200000e+01]
 [-1.3686420e-02  8.9319084e-01  4.4942462e-01  1.7180000e+02]
 [ 9.8437238e-01  9.0486780e-02 -1.4963028e-01 -1.1650300e+03]
 [ 0.0000000e+00  0.0000000e+00  0.0000000e+00  1.0000000e+00]]
[+0111.38, -0013.57, -1106.91]
2091, 1395, 1835
[[-1.7578180e-01  4.4053342e-01 -8.8001634e-01  5.3160000e+01]
 [-1.4152660e-02  8.9301500e-01  4.4974338e-01  1.7171000e+02]
 [ 9.8402142e-01  9.1649940e-02 -1.5070724e-01 -1.1650200e+03]
 [ 0.0000000e+00  0.0000000e+00  0.0000000e+00  1.0000000e+00]]
[+0023.69, +0071.34, -1103.87]
1903, 1465, 2052
[[-1.7481544e-01  4.4035512e-01 -8.8045052e-01  5.3210000e+01]
 [-1.4443920e-02  8.9314488e-01  4.4950332e-01  1.7167000e+02]
 [ 9.8432572e-01  9.1374120e-02 -1.4975632e-01 -1.1650400e+03]
 [ 0.0000000e+00  0.0000000e+00  0.0000000e+00  1.0000000e+00]]
[+0021.49, +0033.87, -1102.41]
2091, 1395, 1835
[[-1.7593450e-01  4.4057350e-01 -8.7997710e-01  5.3190000e+01]
 [-1.3539500e-02  8.9304572e-01  4.4970330e-01  1.7169000e+02]
 [ 9.8401290e-01  9.1166700e-02 -1.5111978e-01 -1.1650000e+03]
 [ 0.0000000e+00  0.0000000e+00  0.0000000e+00  1.0000000e+00]]
[+0024.80, +0071.95, -1103.20]
2071, 1241, 1867
[[-1.7585450e-01  4.4054592e-01 -8.8017306e-01  5.3180000e+01]
 [-1.4463120e-02  8.9299952e-01  4.4979584e-01  1.7166000e+02]
 [ 9.8416266e-01  9.1895440e-02 -1.5065002e-01 -1.1650200e+03]
 [ 0.0000000e+00  0.0000000e+00  0.0000000e+00  1.0000000e+00]]
[+0013.61, +0069.75, -1113.44]
2091, 1395, 1835
[[-1.7563652e-01  4.4073012e-01 -8.7996468e-01  5.3180000e+01]
 [-1.3455480e-02  8.9298838e-01  4.4982078e-01  1.7170000e+02]
 [ 9.8407308e-01  9.0976620e-02 -1.5087914e-01 -1.1650300e+03]
 [ 0.0000000e+00  0.0000000e+00  0.0000000e+00  1.0000000e+00]]
[+0025.45, +0071.76, -1102.89]
1200, 1347, 1081
[[-1.7309524e-01  4.4226572e-01 -8.7969832e-01  5.3430000e+01]
 [-1.4076880e-02  8.9226476e-01  4.5123508e-01  1.7183000e+02]
 [ 9.8451508e-01  9.0621680e-02 -1.4818884e-01 -1.1650400e+03]
 [ 0.0000000e+00  0.0000000e+00  0.0000000e+00  1.0000000e+00]]
[+0087.87, +0044.45, -1055.93]
2091, 1395, 1835
[[-1.7630514e-01  4.4028020e-01 -8.8018250e-01  5.3110000e+01]
 [-1.4083000e-02  8.9314488e-01  4.4951332e-01  1.7166000e+02]
 [ 9.8405770e-01  9.1727320e-02 -1.5124602e-01 -1.1650000e+03]
 [ 0.0000000e+00  0.0000000e+00  0.0000000e+00  1.0000000e+00]]
[+0023.08, +0069.46, -1103.77]
1992, 1648, 1947
[[-1.7451762e-01  4.4036284e-01 -8.8047420e-01  5.3180000e+01]
 [-1.4508840e-02  8.9314488e-01  4.4949560e-01  1.7171000e+02]
 [ 9.8434940e-01  9.1309200e-02 -1.4945850e-01 -1.1650400e+03]
 [ 0.0000000e+00  0.0000000e+00  0.0000000e+00  1.0000000e+00]]
[+0038.73, +0046.38, -1091.34]
2189, 1127, 1074
[[-1.7607978e-01  4.4153236e-01 -8.7958908e-01  5.3270000e+01]
 [-1.3008360e-02  8.9261334e-01  4.5059804e-01  1.7174000e+02]
 [ 9.8410292e-01  9.0867960e-02 -1.5140688e-01 -1.1650100e+03]
 [ 0.0000000e+00  0.0000000e+00  0.0000000e+00  1.0000000e+00]]
[+0050.72, +0123.79, -1123.55]
1992, 1648, 1947
[[-1.7444500e-01  4.4038650e-01 -8.8046650e-01  5.3200000e+01]
 [-1.4234700e-02  8.9316028e-01  4.4947194e-01  1.7172000e+02]
 [ 9.8435710e-01  9.1035060e-02 -1.4951572e-01 -1.1650500e+03]
 [ 0.0000000e+00  0.0000000e+00  0.0000000e+00  1.0000000e+00]]
[+0039.96, +0042.99, -1090.97]
1856, 2198, 1587
[[-1.7467024e-01  4.4066408e-01 -8.8021368e-01  5.3230000e+01]
 [-1.3561520e-02  8.9306096e-01  4.4967768e-01  1.7189000e+02]
 [ 9.8426472e-01  9.0604080e-02 -1.4998544e-01 -1.1650300e+03]
 [ 0.0000000e+00  0.0000000e+00  0.0000000e+00  1.0000000e+00]]
[+0114.96, +0047.96, -1088.44]
1992, 1648, 1947
[[-1.7541120e-01  4.4048864e-01 -8.8036672e-01  5.3160000e+01]
 [-1.4165120e-02  8.9308766e-01  4.4964394e-01  1.7169000e+02]
 [ 9.8431456e-01  9.1378780e-02 -1.5040930e-01 -1.1650300e+03]
 [ 0.0000000e+00  0.0000000e+00  0.0000000e+00  1.0000000e+00]]
[+0035.88, +0046.59, -1092.85]
1633, 1546, 1926
[[-1.7481544e-01  4.4102708e-01 -8.7997108e-01  5.3270000e+01]
 [-1.3626680e-02  8.9285838e-01  4.5007202e-01  1.7176000e+02]
 [ 9.8420948e-01  9.0805420e-02 -1.5004282e-01 -1.1650100e+03]
 [ 0.0000000e+00  0.0000000e+00  0.0000000e+00  1.0000000e+00]]
[+0039.93, +0017.02, -1087.40]
1992, 1648, 1947
[[-1.7607978e-01  4.4000238e-01 -8.8043582e-01  5.3110000e+01]
 [-1.4756380e-02  8.9324364e-01  4.4930778e-01  1.7164000e+02]
 [ 9.8415018e-01  9.2158220e-02 -1.5077658e-01 -1.1650500e+03]
 [ 0.0000000e+00  0.0000000e+00  0.0000000e+00  1.0000000e+00]]
[+0036.95, +0049.67, -1092.19]
1787, 827, 1888
[[-1.7428580e-01  4.4178858e-01 -8.7971334e-01  5.3390000e+01]
 [-1.4262660e-02  8.9243726e-01  4.5088998e-01  1.7176000e+02]
 [ 9.8431158e-01  9.1258140e-02 -1.4920690e-01 -1.1650200e+03]
 [ 0.0000000e+00  0.0000000e+00  0.0000000e+00  1.0000000e+00]]
[-0007.88, +0050.48, -1134.40]
1992, 938, 2021
[[-1.7697396e-01  4.3953180e-01 -8.8047308e-01  5.3030000e+01]
 [-1.5008920e-02  8.9341470e-01  4.4895594e-01  1.7148000e+02]
 [ 9.8396940e-01  9.2728100e-02 -1.5149970e-01 -1.1650200e+03]
 [ 0.0000000e+00  0.0000000e+00  0.0000000e+00  1.0000000e+00]]
[-0002.25, +0054.05, -1135.70]
1787, 827, 1888
[[-1.7428580e-01  4.4182500e-01 -8.7986220e-01  5.3390000e+01]
 [-1.4299080e-02  8.9243726e-01  4.5091870e-01  1.7176000e+02]
 [ 9.8446044e-01  9.1229420e-02 -1.4920690e-01 -1.1650200e+03]
 [ 0.0000000e+00  0.0000000e+00  0.0000000e+00  1.0000000e+00]]
[-0006.30, +0050.23, -1131.39]
2209, 902, 1175
[[-1.7540418e-01  4.4148370e-01 -8.7968358e-01  5.3270000e+01]
 [-1.4025900e-02  8.9256750e-01  4.5064670e-01  1.7175000e+02]
 [ 9.8415158e-01  9.1494900e-02 -1.5034068e-01 -1.1650500e+03]
 [ 0.0000000e+00  0.0000000e+00  0.0000000e+00  1.0000000e+00]]
[+0030.48, +0118.31, -1134.75]
1787, 827, 1888
[[-1.7443794e-01  4.4130548e-01 -8.8011764e-01  5.3280000e+01]
 [-1.4317640e-02  8.9269766e-01  4.5040688e-01  1.7168000e+02]
 [ 9.8445548e-01  9.1218560e-02 -1.4938984e-01 -1.1650400e+03]
 [ 0.0000000e+00  0.0000000e+00  0.0000000e+00  1.0000000e+00]]
[-0008.36, +0048.45, -1134.01]
1527, 1413, 1796
[[-1.7421984e-01  4.4137640e-01 -8.8009472e-01  5.3290000e+01]
 [-1.3495280e-02  8.9274350e-01  4.5033596e-01  1.7176000e+02]
 [ 9.8447840e-01  9.0396200e-02 -1.4956210e-01 -1.1650200e+03]
 [ 0.0000000e+00  0.0000000e+00  0.0000000e+00  1.0000000e+00]]
[+0038.35, +0020.19, -1082.37]
1787, 827, 1888
[[-1.7592724e-01  4.4089626e-01 -8.7977374e-01  5.3220000e+01]
 [-1.4217540e-02  8.9281230e-01  4.5013782e-01  1.7164000e+02]
 [ 9.8396606e-01  9.1851420e-02 -1.5076450e-01 -1.1650000e+03]
 [ 0.0000000e+00  0.0000000e+00  0.0000000e+00  1.0000000e+00]]
[-0009.87, +0050.47, -1135.84]
1910, 1268, 1894
[[-1.7563652e-01  4.4061744e-01 -8.8014996e-01  5.3170000e+01]
 [-1.3640760e-02  8.9304572e-01  4.4972432e-01  1.7165000e+02]
 [ 9.8418576e-01  9.1073080e-02 -1.5082180e-01 -1.1650100e+03]
 [ 0.0000000e+00  0.0000000e+00  0.0000000e+00  1.0000000e+00]]
[+0013.07, +0051.68, -1104.80]
1953, 1463, 1888
[[-1.7548386e-01  4.4072644e-01 -8.8015280e-01  5.3190000e+01]
 [-1.4105000e-02  8.9295774e-01  4.4988944e-01  1.7171000e+02]
 [ 9.8423056e-01  9.1431200e-02 -1.5046656e-01 -1.1650400e+03]
 [ 0.0000000e+00  0.0000000e+00  0.0000000e+00  1.0000000e+00]]
[+0027.59, +0055.06, -1095.04]
1910, 1268, 1894
[[-1.7496080e-01  4.4086704e-01 -8.8017168e-01  5.3220000e+01]
 [-1.4360160e-02  8.9288504e-01  4.5002296e-01  1.7168000e+02]
 [ 9.8430672e-01  9.1450160e-02 -1.4987080e-01 -1.1650200e+03]
 [ 0.0000000e+00  0.0000000e+00  0.0000000e+00  1.0000000e+00]]
[+0012.07, +0051.91, -1105.97]
1569, 1342, 1820
[[-1.7429250e-01  4.4131642e-01 -8.7995344e-01  5.3300000e+01]
 [-1.3733060e-02  8.9272830e-01  4.5033088e-01  1.7176000e+02]
 [ 9.8432192e-01  9.0699040e-02 -1.4950464e-01 -1.1650300e+03]
 [ 0.0000000e+00  0.0000000e+00  0.0000000e+00  1.0000000e+00]]
[+0030.27, +0023.59, -1086.24]
1910, 1268, 1894
[[-1.7548386e-01  4.4057748e-01 -8.8018914e-01  5.3190000e+01]
 [-1.4253960e-02  8.9301500e-01  4.4976428e-01  1.7168000e+02]
 [ 9.8419422e-01  9.1556360e-02 -1.5040930e-01 -1.1650400e+03]
 [ 0.0000000e+00  0.0000000e+00  0.0000000e+00  1.0000000e+00]]
[+0012.03, +0052.07, -1105.72]
1972, 1245, 1584
[[-1.7466298e-01  4.4143400e-01 -8.7990104e-01  5.3290000e+01]
 [-1.3793200e-02  8.9265560e-01  4.5048740e-01  1.7174000e+02]
 [ 9.8432696e-01  9.0913000e-02 -1.4980242e-01 -1.1650200e+03]
 [ 0.0000000e+00  0.0000000e+00  0.0000000e+00  1.0000000e+00]]
[+0027.59, +0083.36, -1097.98]
1910, 1268, 1894
[[-1.7474282e-01  4.4093820e-01 -8.8014870e-01  5.3220000e+01]
 [-1.3537800e-02  8.9293100e-01  4.4995180e-01  1.7171000e+02]
 [ 9.8432970e-01  9.0627800e-02 -1.5004282e-01 -1.1650100e+03]
 [ 0.0000000e+00  0.0000000e+00  0.0000000e+00  1.0000000e+00]]
[+0012.77, +0052.60, -1105.94]
1410, 1083, 1328
[[-1.7280420e-01  4.4194964e-01 -8.7992588e-01  5.3370000e+01]
 [-1.3463240e-02  8.9249822e-01  4.5079406e-01  1.7169000e+02]
 [ 9.8458508e-01  8.9872460e-02 -1.4824642e-01 -1.1650400e+03]
 [ 0.0000000e+00  0.0000000e+00  0.0000000e+00  1.0000000e+00]]
[+0035.40, +0052.38, -1068.65]
1452, 1468, 1110
[[-1.7376976e-01  4.4190344e-01 -8.7986288e-01  5.3360000e+01]
 [-1.3541920e-02  8.9248310e-01  4.5084026e-01  1.7181000e+02]
 [ 9.8450696e-01  9.0341980e-02 -1.4908170e-01 -1.1650100e+03]
 [ 0.0000000e+00  0.0000000e+00  0.0000000e+00  1.0000000e+00]]
[+0089.67, +0066.04, -1063.57]
1410, 1083, 1328
[[-1.7414020e-01  4.4187224e-01 -8.7984688e-01  5.3360000e+01]
 [-1.3750880e-02  8.9246790e-01  4.5087146e-01  1.7178000e+02]
 [ 9.8447576e-01  9.0681220e-02 -1.4932186e-01 -1.1650100e+03]
 [ 0.0000000e+00  0.0000000e+00  0.0000000e+00  1.0000000e+00]]
[+0034.64, +0051.85, -1068.82]
1163, 915, 984
[[-1.7339282e-01  4.4296566e-01 -8.7934392e-01  5.3490000e+01]
 [-1.3231260e-02  8.9197646e-01  4.5184024e-01  1.7183000e+02]
 [ 9.8452488e-01  9.0089360e-02 -1.4877472e-01 -1.1650200e+03]
 [ 0.0000000e+00  0.0000000e+00  0.0000000e+00  1.0000000e+00]]
[+0047.24, +0059.62, -1054.26]
1410, 1083, 1328
[[-1.7369706e-01  4.4192702e-01 -8.7985532e-01  5.3350000e+01]
 [-1.3267820e-02  8.9249822e-01  4.5081668e-01  1.7175000e+02]
 [ 9.8451452e-01  9.0067880e-02 -1.4913928e-01 -1.1650200e+03]
 [ 0.0000000e+00  0.0000000e+00  0.0000000e+00  1.0000000e+00]]
[+0036.34, +0053.06, -1068.38]
986, 1254, 1549
[[-1.7317448e-01  4.4221620e-01 -8.7983724e-01  5.3410000e+01]
 [-1.3374600e-02  8.9236790e-01  4.5107570e-01  1.7180000e+02]
 [ 9.8462676e-01  8.9961100e-02 -1.4860162e-01 -1.1650200e+03]
 [ 0.0000000e+00  0.0000000e+00  0.0000000e+00  1.0000000e+00]]
[+0055.23, -0014.68, -1077.71]
1410, 1083, 1328
[[-1.7414020e-01  4.4213358e-01 -8.7962526e-01  5.3380000e+01]
 [-1.3416780e-02  8.9235278e-01  4.5109314e-01  1.7180000e+02]
 [ 9.8439966e-01  9.0459540e-02 -1.4943698e-01 -1.1650200e+03]
 [ 0.0000000e+00  0.0000000e+00  0.0000000e+00  1.0000000e+00]]
[+0034.84, +0053.93, -1069.06]
1357, 1428, 1331
[[-1.7376976e-01  4.4175460e-01 -8.7989924e-01  5.3350000e+01]
 [-1.3690760e-02  8.9254064e-01  4.5071500e-01  1.7181000e+02]
 [ 9.8447060e-01  9.0467240e-02 -1.4902416e-01 -1.1650300e+03]
 [ 0.0000000e+00  0.0000000e+00  0.0000000e+00  1.0000000e+00]]
[+0072.09, +0039.24, -1062.07]
981, 1045, 1571
[[-1.7294964e-01  4.4231268e-01 -8.7968312e-01  5.3430000e+01]
 [-1.3528720e-02  8.9229516e-01  4.5118812e-01  1.7178000e+02]
 [ 9.8453028e-01  9.0073520e-02 -1.4830404e-01 -1.1650100e+03]
 [ 0.0000000e+00  0.0000000e+00  0.0000000e+00  1.0000000e+00]]
[+0031.48, -0011.87, -1083.65]
1357, 1428, 1331
[[-1.7414020e-01  4.4172338e-01 -8.7988326e-01  5.3350000e+01]
 [-1.3899740e-02  8.9252540e-01  4.5074622e-01  1.7178000e+02]
 [ 9.8443938e-01  9.0806460e-02 -1.4926436e-01 -1.1650100e+03]
 [ 0.0000000e+00  0.0000000e+00  0.0000000e+00  1.0000000e+00]]
[+0071.95, +0040.15, -1062.10]
1660, 1531, 1970
[[-1.7503354e-01  4.4069440e-01 -8.8021580e-01  5.3190000e+01]
 [-1.4783200e-02  8.9292678e-01  4.4992148e-01  1.7173000e+02]
 [ 9.8426260e-01  9.1849480e-02 -1.4975632e-01 -1.1650300e+03]
 [ 0.0000000e+00  0.0000000e+00  0.0000000e+00  1.0000000e+00]]
[+0034.69, +0020.00, -1091.08]
1357, 1428, 1331
[[-1.7317448e-01  4.4191860e-01 -8.7990996e-01  5.3370000e+01]
 [-1.3672200e-02  8.9248310e-01  4.5082510e-01  1.7180000e+02]
 [ 9.8455404e-01  9.0211700e-02 -1.4848642e-01 -1.1650100e+03]
 [ 0.0000000e+00  0.0000000e+00  0.0000000e+00  1.0000000e+00]]
[+0071.94, +0038.75, -1062.18]
770, 2109, 1499
[[-1.7318154e-01  4.4103600e-01 -8.8040804e-01  5.3310000e+01]
 [-1.3624960e-02  8.9294616e-01  4.4991900e-01  1.7183000e+02]
 [ 9.8460420e-01  8.9999960e-02 -1.4861154e-01 -1.1650600e+03]
 [ 0.0000000e+00  0.0000000e+00  0.0000000e+00  1.0000000e+00]]
[+0138.42, -0022.24, -1125.21]
1357, 1428, 1331
[[-1.7310178e-01  4.4194210e-01 -8.7990240e-01  5.3360000e+01]
 [-1.3398100e-02  8.9249822e-01  4.5080160e-01  1.7181000e+02]
 [ 9.8456160e-01  8.9937600e-02 -1.4854400e-01 -1.1650200e+03]
 [ 0.0000000e+00  0.0000000e+00  0.0000000e+00  1.0000000e+00]]
[+0071.04, +0040.64, -1062.14]
2133, 1559, 2121
[[-1.7749762e-01  4.3939104e-01 -8.8045352e-01  5.3010000e+01]
 [-1.4754240e-02  8.9348736e-01  4.4882256e-01  1.7158000e+02]
 [ 9.8389288e-01  9.2708640e-02 -1.5209602e-01 -1.1650000e+03]
 [ 0.0000000e+00  0.0000000e+00  0.0000000e+00  1.0000000e+00]]
[+0023.31, +0049.19, -1107.11]
2084, 1174, 1463
[[-1.7496080e-01  4.4157528e-01 -8.7984096e-01  5.3320000e+01]
 [-1.3579200e-02  8.9259814e-01  4.5062022e-01  1.7178000e+02]
 [ 9.8433960e-01  9.0852900e-02 -1.5015770e-01 -1.1650000e+03]
 [ 0.0000000e+00  0.0000000e+00  0.0000000e+00  1.0000000e+00]]
[+0030.38, +0099.56, -1109.20]
2133, 1559, 2121
[[-1.7719944e-01  4.3939888e-01 -8.8047756e-01  5.3020000e+01]
 [-1.4819040e-02  8.9348736e-01  4.4881472e-01  1.7159000e+02]
 [ 9.8391692e-01  9.2643840e-02 -1.5179784e-01 -1.1650100e+03]
 [ 0.0000000e+00  0.0000000e+00  0.0000000e+00  1.0000000e+00]]
[+0024.09, +0049.38, -1106.69]
1875, 1925, 1925
[[-1.7444500e-01  4.4068430e-01 -8.8039390e-01  5.3220000e+01]
 [-1.3936900e-02  8.9304572e-01  4.4972242e-01  1.7176000e+02]
 [ 9.8442970e-01  9.0784580e-02 -1.4963028e-01 -1.1650400e+03]
 [ 0.0000000e+00  0.0000000e+00  0.0000000e+00  1.0000000e+00]]
[+0070.91, +0032.48, -1082.79]
2133, 1559, 2121
[[-1.7697396e-01  4.3979358e-01 -8.8025134e-01  5.3050000e+01]
 [-1.4674460e-02  8.9330070e-01  4.4917758e-01  1.7160000e+02]
 [ 9.8389302e-01  9.2506460e-02 -1.5161370e-01 -1.1650100e+03]
 [ 0.0000000e+00  0.0000000e+00  0.0000000e+00  1.0000000e+00]]
[+0022.74, +0049.58, -1107.65]
1853, 1417, 2224
[[-1.7518596e-01  4.4028732e-01 -8.8028560e-01  5.3170000e+01]
 [-1.4616800e-02  8.9312940e-01  4.4950620e-01  1.7163000e+02]
 [ 9.8414532e-01  9.1741760e-02 -1.4999700e-01 -1.1650000e+03]
 [ 0.0000000e+00  0.0000000e+00  0.0000000e+00  1.0000000e+00]]
[+0014.76, +0020.80, -1115.47]
2133, 1559, 2121
[[-1.7653058e-01  4.3999836e-01 -8.8022346e-01  5.3090000e+01]
 [-1.4042040e-02  8.9327468e-01  4.4924692e-01  1.7164000e+02]
 [ 9.8396886e-01  9.1768280e-02 -1.5148690e-01 -1.1650000e+03]
 [ 0.0000000e+00  0.0000000e+00  0.0000000e+00  1.0000000e+00]]
[+0024.95, +0051.55, -1106.03]
1613, 1510, 1683
[[-1.7429250e-01  4.4116754e-01 -8.7998978e-01  5.3300000e+01]
 [-1.3881940e-02  8.9278572e-01  4.5020566e-01  1.7177000e+02]
 [ 9.8428558e-01  9.0824260e-02 -1.4944722e-01 -1.1650300e+03]
 [ 0.0000000e+00  0.0000000e+00  0.0000000e+00  1.0000000e+00]]
[+0051.50, +0034.21, -1075.01]
1824, 2061, 1754
[[-1.7496810e-01  4.4024594e-01 -8.8044772e-01  5.3150000e+01]
 [-1.3979660e-02  8.9323286e-01  4.4933836e-01  1.7175000e+02]
 [ 9.8428108e-01  9.1015960e-02 -1.5011140e-01 -1.1650400e+03]
 [ 0.0000000e+00  0.0000000e+00  0.0000000e+00  1.0000000e+00]]
[+0091.57, +0039.59, -1081.70]
1613, 1510, 1683
[[-1.7406746e-01  4.4148564e-01 -8.8009722e-01  5.3300000e+01]
 [-1.3959720e-02  8.9265560e-01  4.5050084e-01  1.7176000e+02]
 [ 9.8452314e-01  9.0754120e-02 -1.4920690e-01 -1.1650300e+03]
 [ 0.0000000e+00  0.0000000e+00  0.0000000e+00  1.0000000e+00]]
[+0049.86, +0034.26, -1075.61]
1010, 1747, 1632
[[-1.7280420e-01  4.4213476e-01 -8.8003832e-01  5.3380000e+01]
 [-1.3350800e-02  8.9244060e-01  4.5094820e-01  1.7183000e+02]
 [ 9.8477020e-01  8.9718320e-02 -1.4830404e-01 -1.1650600e+03]
 [ 0.0000000e+00  0.0000000e+00  0.0000000e+00  1.0000000e+00]]
[+0097.32, -0019.29, -1089.52]
1613, 1510, 1683
[[-1.7443794e-01  4.4112022e-01 -8.8000514e-01  5.3260000e+01]
 [-1.4430140e-02  8.9275500e-01  4.5025298e-01  1.7177000e+02]
 [ 9.8427022e-01  9.1372460e-02 -1.4933250e-01 -1.1650300e+03]
 [ 0.0000000e+00  0.0000000e+00  0.0000000e+00  1.0000000e+00]]
[+0047.45, +0037.85, -1076.17]
1563, 1474, 2104
[[-1.7555656e-01  4.4055368e-01 -8.8019688e-01  5.3200000e+01]
 [-1.4528080e-02  8.9299952e-01  4.4978808e-01  1.7170000e+02]
 [ 9.8418648e-01  9.1830480e-02 -1.5035208e-01 -1.1650000e+03]
 [ 0.0000000e+00  0.0000000e+00  0.0000000e+00  1.0000000e+00]]
[+0027.74, +0002.88, -1103.67]
1613, 1510, 1683
[[-1.7525866e-01  4.4126978e-01 -8.7988992e-01  5.3270000e+01]
 [-1.3811980e-02  8.9271302e-01  4.5037752e-01  1.7175000e+02]
 [ 9.8424312e-01  9.1168320e-02 -1.5034068e-01 -1.1650100e+03]
 [ 0.0000000e+00  0.0000000e+00  0.0000000e+00  1.0000000e+00]]
[+0049.42, +0039.13, -1075.38]
1554, 1151, 1276
[[-1.7429250e-01  4.4202448e-01 -8.7962286e-01  5.3370000e+01]
 [-1.2952320e-02  8.9244060e-01  4.5092816e-01  1.7180000e+02]
 [ 9.8435474e-01  9.0101760e-02 -1.4979234e-01 -1.1650000e+03]
 [ 0.0000000e+00  0.0000000e+00  0.0000000e+00  1.0000000e+00]]
[+0042.80, +0068.75, -1070.49]
1510, 1993, 756
[[-1.7384250e-01  4.4187986e-01 -8.7987048e-01  5.3350000e+01]
 [-1.3816020e-02  8.9246790e-01  4.5086384e-01  1.7188000e+02]
 [ 9.8449936e-01  9.0616080e-02 -1.4902416e-01 -1.1650400e+03]
 [ 0.0000000e+00  0.0000000e+00  0.0000000e+00  1.0000000e+00]]
[+0150.73, +0080.54, -1108.64]
1554, 1151, 1276
[[-1.7428580e-01  4.4193744e-01 -8.7967692e-01  5.3360000e+01]
 [-1.4113800e-02  8.9237980e-01  4.5101520e-01  1.7179000e+02]
 [ 9.8434800e-01  9.1132920e-02 -1.4926436e-01 -1.1650200e+03]
 [ 0.0000000e+00  0.0000000e+00  0.0000000e+00  1.0000000e+00]]
[+0042.12, +0070.08, -1071.25]
936, 1025, 1124
[[-1.7309524e-01  4.4300962e-01 -8.7951622e-01  5.3510000e+01]
 [-1.3332980e-02  8.9197646e-01  4.5186158e-01  1.7185000e+02]
 [ 9.8469718e-01  8.9995180e-02 -1.4847714e-01 -1.1649900e+03]
 [ 0.0000000e+00  0.0000000e+00  0.0000000e+00  1.0000000e+00]]
[+0059.01, +0017.34, -1053.28]
1554, 1151, 1276
[[-1.7443794e-01  4.4186462e-01 -8.7982324e-01  5.3340000e+01]
 [-1.3685740e-02  8.9246790e-01  4.5087908e-01  1.7180000e+02]
 [ 9.8445212e-01  9.0746360e-02 -1.4961960e-01 -1.1650100e+03]
 [ 0.0000000e+00  0.0000000e+00  0.0000000e+00  1.0000000e+00]]
[+0043.01, +0069.70, -1070.95]
1318, 1533, 1915
[[-1.7406746e-01  4.4089020e-01 -8.8024266e-01  5.3240000e+01]
 [-1.4555160e-02  8.9288504e-01  4.4999980e-01  1.7172000e+02]
 [ 9.8437770e-01  9.1255160e-02 -1.4897746e-01 -1.1650300e+03]
 [ 0.0000000e+00  0.0000000e+00  0.0000000e+00  1.0000000e+00]]
[+0050.11, -0010.18, -1091.90]
1554, 1151, 1276
[[-1.7391528e-01  4.4200512e-01 -8.7984172e-01  5.3370000e+01]
 [-1.3941280e-02  8.9239512e-01  4.5101268e-01  1.7180000e+02]
 [ 9.8452812e-01  9.0764920e-02 -1.4902416e-01 -1.1650300e+03]
 [ 0.0000000e+00  0.0000000e+00  0.0000000e+00  1.0000000e+00]]
[+0042.51, +0070.59, -1071.27]
1415, 793, 1204
[[-1.7384250e-01  4.4258768e-01 -8.7953974e-01  5.3480000e+01]
 [-1.3035440e-02  8.9217980e-01  4.5146128e-01  1.7178000e+02]
 [ 9.8453242e-01  9.0018640e-02 -1.4931226e-01 -1.1649900e+03]
 [ 0.0000000e+00  0.0000000e+00  0.0000000e+00  1.0000000e+00]]
[+0013.98, +0069.68, -1080.87]
1696, 1386, 1242
[[-1.7459028e-01  4.4134514e-01 -8.8007866e-01  5.3280000e+01]
 [-1.3704340e-02  8.9272830e-01  4.5036722e-01  1.7174000e+02]
 [ 9.8444714e-01  9.0735380e-02 -1.4980242e-01 -1.1650300e+03]
 [ 0.0000000e+00  0.0000000e+00  0.0000000e+00  1.0000000e+00]]
[+0064.83, +0080.95, -1072.80]
1415, 793, 1204
[[-1.7346568e-01  4.4268096e-01 -8.7957316e-01  5.3450000e+01]
 [-1.3839360e-02  8.9207670e-01  4.5164208e-01  1.7178000e+02]
 [ 9.8459324e-01  9.0585120e-02 -1.4860162e-01 -1.1650100e+03]
 [ 0.0000000e+00  0.0000000e+00  0.0000000e+00  1.0000000e+00]]
[+0014.16, +0070.02, -1080.76]
1268, 864, 1176
[[-1.7369044e-01  4.4236284e-01 -8.7946604e-01  5.3440000e+01]
 [-1.3761240e-02  8.9220718e-01  4.5134682e-01  1.7174000e+02]
 [ 9.8435564e-01  9.0655620e-02 -1.4884162e-01 -1.1650200e+03]
 [ 0.0000000e+00  0.0000000e+00  0.0000000e+00  1.0000000e+00]]
[+0027.49, +0055.29, -1065.99]
1415, 793, 1204
[[-1.7361762e-01  4.4242282e-01 -8.7960726e-01  5.3430000e+01]
 [-1.3523580e-02  8.9222238e-01  4.5135206e-01  1.7179000e+02]
 [ 9.8451206e-01  9.0352740e-02 -1.4889924e-01 -1.1650000e+03]
 [ 0.0000000e+00  0.0000000e+00  0.0000000e+00  1.0000000e+00]]
[+0013.44, +0071.48, -1081.45]
1258, 810, 2074
[[-1.7451762e-01  4.4136882e-01 -8.8007106e-01  5.3300000e+01]
 [-1.3430220e-02  8.9274350e-01  4.5034354e-01  1.7168000e+02]
 [ 9.8445474e-01  9.0461260e-02 -1.4985988e-01 -1.1649800e+03]
 [ 0.0000000e+00  0.0000000e+00  0.0000000e+00  1.0000000e+00]]
[-0005.82, +0000.54, -1145.73]
1415, 793, 1204
[[-1.7332000e-01  4.4254280e-01 -8.7944560e-01  5.3440000e+01]
 [-1.3403600e-02  8.9216472e-01  4.5144092e-01  1.7178000e+02]
 [ 9.8442320e-01  9.0191080e-02 -1.4865928e-01 -1.1650200e+03]
 [ 0.0000000e+00  0.0000000e+00  0.0000000e+00  1.0000000e+00]]
[+0014.02, +0071.20, -1081.22]
1332, 1030, 1567
[[-1.7406746e-01  4.4174700e-01 -8.7987564e-01  5.3340000e+01]
 [-1.3625640e-02  8.9254064e-01  4.5072260e-01  1.7175000e+02]
 [ 9.8444700e-01  9.0532360e-02 -1.4932186e-01 -1.1649900e+03]
 [ 0.0000000e+00  0.0000000e+00  0.0000000e+00  1.0000000e+00]]
[+0018.97, +0025.85, -1081.69]
1997, 2004, 795
[[-1.7653058e-01  4.4171424e-01 -8.7948978e-01  5.3150000e+01]
 [-1.2180960e-02  8.9258588e-01  4.5069024e-01  1.7194000e+02]
 [ 9.8410638e-01  9.0324960e-02 -1.5217570e-01 -1.1650600e+03]
 [ 0.0000000e+00  0.0000000e+00  0.0000000e+00  1.0000000e+00]]
[+0129.26, +0102.62, -1117.95]
1332, 1030, 1567
[[-1.7435866e-01  4.4273408e-01 -8.7916826e-01  5.3380000e+01]
 [-1.3421840e-02  8.9201904e-01  4.5173248e-01  1.7178000e+02]
 [ 9.8426122e-01  9.0713360e-02 -1.4955226e-01 -1.1649600e+03]
 [ 0.0000000e+00  0.0000000e+00  0.0000000e+00  1.0000000e+00]]
[+0017.54, +0026.76, -1082.40]
1555, 868, 1555
[[-1.7450450e-01  4.4283558e-01 -8.7914706e-01  5.3380000e+01]
 [-1.3821060e-02  8.9193086e-01  4.5190502e-01  1.7178000e+02]
 [ 9.8428242e-01  9.1136260e-02 -1.4949460e-01 -1.1650300e+03]
 [ 0.0000000e+00  0.0000000e+00  0.0000000e+00  1.0000000e+00]]
[-0000.28, +0053.49, -1101.50]
1332, 1030, 1567
[[-1.7420680e-01  4.4258204e-01 -8.7939252e-01  5.3410000e+01]
 [-1.4220520e-02  8.9204606e-01  4.5167574e-01  1.7176000e+02]
 [ 9.8438196e-01  9.1292580e-02 -1.4908170e-01 -1.1650300e+03]
 [ 0.0000000e+00  0.0000000e+00  0.0000000e+00  1.0000000e+00]]
[+0019.56, +0026.63, -1081.15]
1277, 964, 1437
[[-1.7346568e-01  4.4309092e-01 -8.7931504e-01  5.3450000e+01]
 [-1.3356520e-02  8.9190360e-01  4.5198904e-01  1.7178000e+02]
 [ 9.8455376e-01  9.0238160e-02 -1.4877472e-01 -1.1650200e+03]
 [ 0.0000000e+00  0.0000000e+00  0.0000000e+00  1.0000000e+00]]
[+0020.15, +0033.61, -1075.21]
1332, 1030, 1567
[[-1.7346568e-01  4.4282976e-01 -8.7953672e-01  5.3390000e+01]
 [-1.3690560e-02  8.9201904e-01  4.5176736e-01  1.7177000e+02]
 [ 9.8462968e-01  9.0459840e-02 -1.4865928e-01 -1.1650400e+03]
 [ 0.0000000e+00  0.0000000e+00  0.0000000e+00  1.0000000e+00]]
[+0018.94, +0026.47, -1081.43]
1551, 902, 1878
[[-1.7495418e-01  4.4204726e-01 -8.7960082e-01  5.3290000e+01]
 [-1.4108660e-02  8.9230694e-01  4.5117946e-01  1.7169000e+02]
 [ 9.8432938e-01  9.1412140e-02 -1.4985988e-01 -1.1650100e+03]
 [ 0.0000000e+00  0.0000000e+00  0.0000000e+00  1.0000000e+00]]
[-0007.03, +0030.72, -1121.59]
1040, 1053, 1630
[[-1.7301640e-01  4.4350540e-01 -8.7926780e-01  5.3470000e+01]
 [-1.3589000e-02  8.9169998e-01  4.5239674e-01  1.7182000e+02]
 [ 9.8469500e-01  9.0279740e-02 -1.4823738e-01 -1.1650200e+03]
 [ 0.0000000e+00  0.0000000e+00  0.0000000e+00  1.0000000e+00]]
[+0029.25, -0007.14, -1084.76]
1551, 902, 1878
[[-1.7510002e-01  4.4199982e-01 -8.7961630e-01  5.3300000e+01]
 [-1.4656820e-02  8.9227598e-01  4.5122690e-01  1.7166000e+02]
 [ 9.8431390e-01  9.1960300e-02 -1.4974500e-01 -1.1650500e+03]
 [ 0.0000000e+00  0.0000000e+00  0.0000000e+00  1.0000000e+00]]
[-0007.07, +0031.12, -1121.48]
1899, 839, 1121
[[-1.7450450e-01  4.4328216e-01 -8.7903762e-01  5.3410000e+01]
 [-1.3374480e-02  8.9175776e-01  4.5228056e-01  1.7178000e+02]
 [ 9.8439186e-01  9.0760720e-02 -1.4966770e-01 -1.1650300e+03]
 [ 0.0000000e+00  0.0000000e+00  0.0000000e+00  1.0000000e+00]]
[+0023.07, +0113.24, -1115.70]
1551, 902, 1878
[[-1.7472930e-01  4.4218016e-01 -8.7959578e-01  5.3320000e+01]
 [-1.4299040e-02  8.9223404e-01  4.5132064e-01  1.7170000e+02]
 [ 9.8438182e-01  9.1495840e-02 -1.4956210e-01 -1.1650000e+03]
 [ 0.0000000e+00  0.0000000e+00  0.0000000e+00  1.0000000e+00]]
[-0005.46, +0029.10, -1120.42]
1694, 1424, 1900
[[-1.7503354e-01  4.4166408e-01 -8.7966330e-01  5.3240000e+01]
 [-1.3668000e-02  8.9252540e-01  4.5074040e-01  1.7170000e+02]
 [ 9.8421942e-01  9.1030560e-02 -1.5015770e-01 -1.1650200e+03]
 [ 0.0000000e+00  0.0000000e+00  0.0000000e+00  1.0000000e+00]]
[+0028.99, +0028.23, -1090.38]
1551, 902, 1878
[[-1.7361152e-01  4.4274624e-01 -8.7940320e-01  5.3390000e+01]
 [-1.4202240e-02  8.9198848e-01  4.5178560e-01  1.7175000e+02]
 [ 9.8446560e-01  9.1036800e-02 -1.4854400e-01 -1.1650300e+03]
 [ 0.0000000e+00  0.0000000e+00  0.0000000e+00  1.0000000e+00]]
[-0005.30, +0029.13, -1121.07]
816, 1320, 1188
[[-1.7257306e-01  4.4382086e-01 -8.7905454e-01  5.3520000e+01]
 [-1.2772340e-02  8.9161430e-01  4.5256398e-01  1.7186000e+02]
 [ 9.8465766e-01  8.9444580e-02 -1.4817140e-01 -1.1650100e+03]
 [ 0.0000000e+00  0.0000000e+00  0.0000000e+00  1.0000000e+00]]
[+0092.48, -0007.84, -1064.39]
884, 1167, 1365
[[-1.7376330e-01  4.4334456e-01 -8.7906978e-01  5.3450000e+01]
 [-1.2957120e-02  8.9178800e-01  4.5221816e-01  1.7179000e+02]
 [ 9.8445426e-01  9.0081920e-02 -1.4918794e-01 -1.1650000e+03]
 [ 0.0000000e+00  0.0000000e+00  0.0000000e+00  1.0000000e+00]]
[+0058.61, -0010.34, -1068.23]
816, 1320, 1188
[[-1.7257306e-01  4.4367212e-01 -8.7909098e-01  5.3510000e+01]
 [-1.2921080e-02  8.9167224e-01  4.5243868e-01  1.7185000e+02]
 [ 9.8462122e-01  8.9569880e-02 -1.4811346e-01 -1.1650400e+03]
 [ 0.0000000e+00  0.0000000e+00  0.0000000e+00  1.0000000e+00]]
[+0092.81, -0007.64, -1064.35]
935, 1584, 1368
[[-1.7353858e-01  4.4276978e-01 -8.7939554e-01  5.3400000e+01]
 [-1.3928180e-02  8.9200380e-01  4.5176206e-01  1.7181000e+02]
 [ 9.8447326e-01  9.0762740e-02 -1.4860162e-01 -1.1650300e+03]
 [ 0.0000000e+00  0.0000000e+00  0.0000000e+00  1.0000000e+00]]
[+0101.28, -0008.72, -1075.21]
816, 1320, 1188
[[-1.7234850e-01  4.4384138e-01 -8.7923416e-01  5.3530000e+01]
 [-1.3148260e-02  8.9159934e-01  4.5260888e-01  1.7185000e+02]
 [ 9.8482232e-01  8.9624240e-02 -1.4781600e-01 -1.1650400e+03]
 [ 0.0000000e+00  0.0000000e+00  0.0000000e+00  1.0000000e+00]]
[+0091.51, -0007.63, -1064.14]
1197, 1273, 1002
[[-1.7361152e-01  4.4349024e-01 -8.7922080e-01  5.3460000e+01]
 [-1.3458240e-02  8.9169998e-01  4.5241190e-01  1.7183000e+02]
 [ 9.8464800e-01  9.0410500e-02 -1.4883250e-01 -1.1650200e+03]
 [ 0.0000000e+00  0.0000000e+00  0.0000000e+00  1.0000000e+00]]
[+0085.96, +0052.48, -1053.89]
816, 1320, 1188
[[-1.7220274e-01  4.4362712e-01 -8.7944080e-01  5.3500000e+01]
 [-1.2934000e-02  8.9174510e-01  4.5234040e-01  1.7184000e+02]
 [ 9.8491312e-01  8.9297840e-02 -1.4781600e-01 -1.1650300e+03]
 [ 0.0000000e+00  0.0000000e+00  0.0000000e+00  1.0000000e+00]]
[+0092.19, -0008.53, -1064.40]
947, 1701, 1227
[[-1.7332000e-01  4.4284040e-01 -8.7937280e-01  5.3390000e+01]
 [-1.3106000e-02  8.9204928e-01  4.5169144e-01  1.7182000e+02]
 [ 9.8449600e-01  8.9940560e-02 -1.4877472e-01 -1.1650300e+03]
 [ 0.0000000e+00  0.0000000e+00  0.0000000e+00  1.0000000e+00]]
[+0120.81, +0000.61, -1076.93]
1050, 1570, 1304
[[-1.7346568e-01  4.4268096e-01 -8.7957316e-01  5.3410000e+01]
 [-1.3839360e-02  8.9207670e-01  4.5164208e-01  1.7180000e+02]
 [ 9.8459324e-01  9.0585120e-02 -1.4860162e-01 -1.1650300e+03]
 [ 0.0000000e+00  0.0000000e+00  0.0000000e+00  1.0000000e+00]]
[+0097.33, +0006.62, -1067.22]
947, 1701, 1227
[[-1.7287056e-01  4.4310604e-01 -8.7936204e-01  5.3450000e+01]
 [-1.3487160e-02  8.9190360e-01  4.5197392e-01  1.7185000e+02]
 [ 9.8460076e-01  9.0107520e-02 -1.4817960e-01 -1.1650200e+03]
 [ 0.0000000e+00  0.0000000e+00  0.0000000e+00  1.0000000e+00]]
[+0121.44, +0000.82, -1077.21]
933, 1798, 1409
[[-1.7302242e-01  4.4258676e-01 -8.7961790e-01  5.3410000e+01]
 [-1.3505240e-02  8.9216472e-01  4.5146220e-01  1.7183000e+02]
 [ 9.8459550e-01  9.0097000e-02 -1.4836170e-01 -1.1650500e+03]
 [ 0.0000000e+00  0.0000000e+00  0.0000000e+00  1.0000000e+00]]
[+0118.59, -0014.11, -1089.20]
947, 1701, 1227
[[-1.7294346e-01  4.4311904e-01 -8.7951838e-01  5.3460000e+01]
 [-1.3797680e-02  8.9188844e-01  4.5202624e-01  1.7185000e+02]
 [ 9.8474194e-01  9.0352720e-02 -1.4812186e-01 -1.1650400e+03]
 [ 0.0000000e+00  0.0000000e+00  0.0000000e+00  1.0000000e+00]]
[+0118.74, -0000.25, -1076.67]
1326, 1942, 1125
[[-1.7384250e-01  4.4243884e-01 -8.7957612e-01  5.3350000e+01]
 [-1.3184280e-02  8.9223750e-01  4.5133604e-01  1.7184000e+02]
 [ 9.8449604e-01  9.0143880e-02 -1.4925456e-01 -1.1650300e+03]
 [ 0.0000000e+00  0.0000000e+00  0.0000000e+00  1.0000000e+00]]
[+0135.30, +0043.59, -1082.89]
947, 1701, 1227
[[-1.7339282e-01  4.4311446e-01 -8.7930750e-01  5.3440000e+01]
 [-1.3082460e-02  8.9191868e-01  4.5196550e-01  1.7184000e+02]
 [ 9.8456130e-01  8.9964100e-02 -1.4883250e-01 -1.1650200e+03]
 [ 0.0000000e+00  0.0000000e+00  0.0000000e+00  1.0000000e+00]]
[+0118.10, +0001.31, -1075.77]
1462, 1842, 1000
[[-1.7413386e-01  4.4275450e-01 -8.7934838e-01  5.3350000e+01]
 [-1.3797620e-02  8.9200380e-01  4.5177734e-01  1.7185000e+02]
 [ 9.8442610e-01  9.0893300e-02 -1.4919690e-01 -1.1650400e+03]
 [ 0.0000000e+00  0.0000000e+00  0.0000000e+00  1.0000000e+00]]
[+0130.10, +0067.56, -1081.59]
1997, 2072, 763
[[-1.7645050e-01  4.4191152e-01 -8.7931464e-01  5.3090000e+01]
 [-1.2733920e-02  8.9242552e-01  4.5097596e-01  1.7200000e+02]
 [ 9.8403144e-01  9.0860760e-02 -1.5182002e-01 -1.1651000e+03]
 [ 0.0000000e+00  0.0000000e+00  0.0000000e+00  1.0000000e+00]]
[+0133.91, +0099.33, -1119.96]
1462, 1842, 1000
[[-1.7411892e-01  4.4458032e-01 -8.7836800e-01  5.3480000e+01]
 [-1.4903680e-02  8.9095278e-01  4.5380010e-01  1.7167000e+02]
 [ 9.8435760e-01  9.2222500e-02 -1.4847714e-01 -1.1649400e+03]
 [ 0.0000000e+00  0.0000000e+00  0.0000000e+00  1.0000000e+00]]
[+0125.76, +0062.91, -1079.55]
1562, 1635, 1024
[[-1.7493840e-01  4.4458056e-01 -8.7828928e-01  5.3460000e+01]
 [-1.4432960e-02  8.9096838e-01  4.5379986e-01  1.7166000e+02]
 [ 9.8429448e-01  9.2145260e-02 -1.4942778e-01 -1.1649600e+03]
 [ 0.0000000e+00  0.0000000e+00  0.0000000e+00  1.0000000e+00]]
[+0104.79, +0076.51, -1072.77]
1462, 1842, 1000
[[-1.7359730e-01  4.4457246e-01 -8.7842292e-01  5.3480000e+01]
 [-1.5308820e-02  8.9093710e-01  4.5380796e-01  1.7169000e+02]
 [ 9.8439684e-01  9.2365320e-02 -1.4782436e-01 -1.1650100e+03]
 [ 0.0000000e+00  0.0000000e+00  0.0000000e+00  1.0000000e+00]]
[+0129.39, +0063.34, -1080.75]
1411, 1799, 845
[[-1.7411892e-01  4.4517544e-01 -8.7822120e-01  5.3540000e+01]
 [-1.4308560e-02  8.9072142e-01  4.5430090e-01  1.7172000e+02]
 [ 9.8450440e-01  9.1721700e-02 -1.4870850e-01 -1.1649600e+03]
 [ 0.0000000e+00  0.0000000e+00  0.0000000e+00  1.0000000e+00]]
[+0134.93, +0071.86, -1084.34]
1462, 1842, 1000
[[-1.7471412e-01  4.4441586e-01 -8.7835746e-01  5.3450000e+01]
 [-1.4921340e-02  8.9101052e-01  4.5369058e-01  1.7169000e+02]
 [ 9.8427366e-01  9.2478820e-02 -1.4901460e-01 -1.1649700e+03]
 [ 0.0000000e+00  0.0000000e+00  0.0000000e+00  1.0000000e+00]]
[+0128.96, +0063.74, -1080.75]
2241, 887, 952
[[-1.7671760e-01  4.4499264e-01 -8.7762672e-01  5.3420000e+01]
 [-1.5507360e-02  8.9055344e-01  4.5456064e-01  1.7153000e+02]
 [ 9.8387328e-01  9.4060640e-02 -1.5044560e-01 -1.1649300e+03]
 [ 0.0000000e+00  0.0000000e+00  0.0000000e+00  1.0000000e+00]]
[+0043.60, +0128.23, -1141.97]
2158, 835, 1103
[[-1.7493128e-01  4.4522628e-01 -8.7788148e-01  5.3510000e+01]
 [-1.5789480e-02  8.9049574e-01  4.5466662e-01  1.7156000e+02]
 [ 9.8420172e-01  9.3512580e-02 -1.4871698e-01 -1.1649200e+03]
 [ 0.0000000e+00  0.0000000e+00  0.0000000e+00  1.0000000e+00]]
[+0030.64, +0119.03, -1135.28]
2241, 887, 952
[[-1.7649674e-01  4.4491548e-01 -8.7763968e-01  5.3410000e+01]
 [-1.4834520e-02  8.9065886e-01  4.5436388e-01  1.7155000e+02]
 [ 9.8386032e-01  9.3363880e-02 -1.5056104e-01 -1.1649200e+03]
 [ 0.0000000e+00  0.0000000e+00  0.0000000e+00  1.0000000e+00]]
[+0044.32, +0128.21, -1141.24]
1678, 1513, 859
[[-1.7508162e-01  4.4545132e-01 -8.7795394e-01  5.3500000e+01]
 [-1.5063880e-02  8.9046968e-01  4.5478124e-01  1.7162000e+02]
 [ 9.8437954e-01  9.2876360e-02 -1.4918794e-01 -1.1649200e+03]
 [ 0.0000000e+00  0.0000000e+00  0.0000000e+00  1.0000000e+00]]
[+0105.15, +0098.73, -1083.47]
2241, 887, 952
[[-1.7686818e-01  4.4458574e-01 -8.7769726e-01  5.3380000e+01]
 [-1.5340660e-02  8.9075838e-01  4.5414578e-01  1.7152000e+02]
 [ 9.8375486e-01  9.3953420e-02 -1.5068580e-01 -1.1649300e+03]
 [ 0.0000000e+00  0.0000000e+00  0.0000000e+00  1.0000000e+00]]
[+0044.41, +0128.32, -1141.87]
2114, 756, 839
[[-1.7470740e-01  4.4606646e-01 -8.7754318e-01  5.3610000e+01]
 [-1.5199580e-02  8.9013294e-01  4.5540426e-01  1.7160000e+02]
 [ 9.8428974e-01  9.2998820e-02 -1.4870850e-01 -1.1649000e+03]
 [ 0.0000000e+00  0.0000000e+00  0.0000000e+00  1.0000000e+00]]
[+0040.88, +0129.04, -1140.07]
2241, 887, 952
[[-1.7694180e-01  4.4459860e-01 -8.7785420e-01  5.3370000e+01]
 [-1.5651400e-02  8.9074238e-01  4.5419854e-01  1.7152000e+02]
 [ 9.8389580e-01  9.4198540e-02 -1.5062818e-01 -1.1649500e+03]
 [ 0.0000000e+00  0.0000000e+00  0.0000000e+00  1.0000000e+00]]
[+0044.18, +0127.82, -1141.03]
2049, 986, 2067
[[-1.7850906e-01  4.4178886e-01 -8.7901740e-01  5.3080000e+01]
 [-1.7564100e-02  8.9193654e-01  4.5179036e-01  1.7123000e+02]
 [ 9.8363636e-01  9.6154200e-02 -1.5144276e-01 -1.1648500e+03]
 [ 0.0000000e+00  0.0000000e+00  0.0000000e+00  1.0000000e+00]]
[-0000.75, +0053.03, -1134.77]
1772, 816, 2066
[[-1.7560340e-01  4.4471502e-01 -8.7808254e-01  5.3400000e+01]
 [-1.5402780e-02  8.9077430e-01  4.5414774e-01  1.7148000e+02]
 [ 9.8415606e-01  9.3359340e-02 -1.4955226e-01 -1.1648900e+03]
 [ 0.0000000e+00  0.0000000e+00  0.0000000e+00  1.0000000e+00]]
[-0009.08, +0038.25, -1145.14]
2049, 986, 2067
[[-1.7850536e-01  4.4322984e-01 -8.7822264e-01  5.3160000e+01]
 [-1.6975440e-02  8.9124272e-01  4.5316728e-01  1.7136000e+02]
 [ 9.8358504e-01  9.5896080e-02 -1.5154408e-01 -1.1649000e+03]
 [ 0.0000000e+00  0.0000000e+00  0.0000000e+00  1.0000000e+00]]
[-0000.88, +0052.57, -1134.59]
2042, 999, 929
[[-1.7493128e-01  4.4623104e-01 -8.7747480e-01  5.3510000e+01]
 [-1.4711040e-02  8.9009072e-01  4.5551360e-01  1.7164000e+02]
 [ 9.8431080e-01  9.2665600e-02 -1.4912200e-01 -1.1649400e+03]
 [ 0.0000000e+00  0.0000000e+00  0.0000000e+00  1.0000000e+00]]
[+0050.01, +0127.92, -1121.21]
2049, 986, 2067
[[-1.7939978e-01  4.4279466e-01 -8.7840972e-01  5.3090000e+01]
 [-1.7263260e-02  8.9141414e-01  4.5284596e-01  1.7132000e+02]
 [ 9.8355108e-01  9.6438440e-02 -1.5226708e-01 -1.1648500e+03]
 [ 0.0000000e+00  0.0000000e+00  0.0000000e+00  1.0000000e+00]]
[-0001.44, +0055.59, -1136.54]
1566, 1771, 2079
[[-1.7523216e-01  4.4444900e-01 -8.7817188e-01  5.3360000e+01]
 [-1.5492120e-02  8.9090550e-01  4.5386584e-01  1.7158000e+02]
 [ 9.8411420e-01  9.3270000e-02 -1.4919690e-01 -1.1649500e+03]
 [ 0.0000000e+00  0.0000000e+00  0.0000000e+00  1.0000000e+00]]
[+0054.86, -0002.91, -1094.60]
2049, 986, 2067
[[-1.7880346e-01  4.4378100e-01 -8.7790208e-01  5.3210000e+01]
 [-1.6276920e-02  8.9101360e-01  4.5364644e-01  1.7140000e+02]
 [ 9.8355920e-01  9.5490600e-02 -1.5207130e-01 -1.1648800e+03]
 [ 0.0000000e+00  0.0000000e+00  0.0000000e+00  1.0000000e+00]]
[-0001.30, +0054.70, -1135.14]
1873, 1665, 1757
[[-1.7493450e-01  4.4534986e-01 -8.7797502e-01  5.3430000e+01]
 [-1.4664780e-02  8.9055894e-01  4.5460874e-01  1.7164000e+02]
 [ 9.8435846e-01  9.2453580e-02 -1.4924580e-01 -1.1649300e+03]
 [ 0.0000000e+00  0.0000000e+00  0.0000000e+00  1.0000000e+00]]
[+0056.19, +0048.76, -1079.93]
1788, 1842, 1588
[[-1.7538290e-01  4.4534502e-01 -8.7776316e-01  5.3440000e+01]
 [-1.3948740e-02  8.9059006e-01  4.5454788e-01  1.7167000e+02]
 [ 9.8417772e-01  9.2066040e-02 -1.4995700e-01 -1.1649100e+03]
 [ 0.0000000e+00  0.0000000e+00  0.0000000e+00  1.0000000e+00]]
[+0086.16, +0049.32, -1075.57]
1873, 1665, 1757
[[-1.7545290e-01  4.4512204e-01 -8.7801178e-01  5.3410000e+01]
 [-1.5569800e-02  8.9056940e-01  4.5456260e-01  1.7162000e+02]
 [ 9.8427430e-01  9.3466280e-02 -1.4931226e-01 -1.1649600e+03]
 [ 0.0000000e+00  0.0000000e+00  0.0000000e+00  1.0000000e+00]]
[+0051.34, +0049.86, -1081.25]
1694, 1389, 1556
[[-1.7471042e-01  4.4574366e-01 -8.7774738e-01  5.3510000e+01]
 [-1.4521260e-02  8.9036956e-01  4.5497106e-01  1.7169000e+02]
 [ 9.8433582e-01  9.2315340e-02 -1.4906402e-01 -1.1649400e+03]
 [ 0.0000000e+00  0.0000000e+00  0.0000000e+00  1.0000000e+00]]
[+0045.17, +0054.47, -1075.38]
1873, 1665, 1757
[[-1.7552986e-01  4.4488764e-01 -8.7803786e-01  5.3380000e+01]
 [-1.4979960e-02  8.9073240e-01  4.5424908e-01  1.7162000e+02]
 [ 9.8420074e-01  9.2960280e-02 -1.4966770e-01 -1.1649600e+03]
 [ 0.0000000e+00  0.0000000e+00  0.0000000e+00  1.0000000e+00]]
[+0053.25, +0052.53, -1080.86]
2078, 1632, 1619
[[-1.7552986e-01  4.4488764e-01 -8.7803786e-01  5.3370000e+01]
 [-1.4979960e-02  8.9073240e-01  4.5424908e-01  1.7162000e+02]
 [ 9.8420074e-01  9.2960280e-02 -1.4966770e-01 -1.1649600e+03]
 [ 0.0000000e+00  0.0000000e+00  0.0000000e+00  1.0000000e+00]]
[+0055.40, +0082.86, -1089.58]
1873, 1665, 1757
[[-1.7552986e-01  4.4518536e-01 -8.7796434e-01  5.3420000e+01]
 [-1.4682240e-02  8.9061680e-01  4.5449928e-01  1.7164000e+02]
 [ 9.8427426e-01  9.2710080e-02 -1.4978330e-01 -1.1649400e+03]
 [ 0.0000000e+00  0.0000000e+00  0.0000000e+00  1.0000000e+00]]
[+0055.11, +0048.08, -1080.19]
1928, 1191, 1127
[[-1.7456004e-01  4.4611374e-01 -8.7752746e-01  5.3520000e+01]
 [-1.4651740e-02  8.9016438e-01  4.5535698e-01  1.7168000e+02]
 [ 9.8430546e-01  9.2450980e-02 -1.4882442e-01 -1.1649500e+03]
 [ 0.0000000e+00  0.0000000e+00  0.0000000e+00  1.0000000e+00]]
[+0052.35, +0107.60, -1095.55]
1894, 1158, 1458
[[-1.7478400e-01  4.4583200e-01 -8.7756960e-01  5.3500000e+01]
 [-1.4609600e-02  8.9029598e-01  4.5509088e-01  1.7166000e+02]
 [ 9.8421600e-01  9.2493120e-02 -1.4906402e-01 -1.1649300e+03]
 [ 0.0000000e+00  0.0000000e+00  0.0000000e+00  1.0000000e+00]]
[+0028.07, +0081.53, -1093.40]
1928, 1191, 1127
[[-1.7493128e-01  4.4593344e-01 -8.7754848e-01  5.3510000e+01]
 [-1.5008640e-02  8.9020664e-01  4.5526336e-01  1.7168000e+02]
 [ 9.8423712e-01  9.2915840e-02 -1.4900608e-01 -1.1649500e+03]
 [ 0.0000000e+00  0.0000000e+00  0.0000000e+00  1.0000000e+00]]
[+0052.36, +0107.95, -1095.73]
1622, 1479, 1124
[[-1.7456004e-01  4.4585300e-01 -8.7774988e-01  5.3520000e+01]
 [-1.4986120e-02  8.9028030e-01  4.5513566e-01  1.7170000e+02]
 [ 9.8438060e-01  9.2672300e-02 -1.4870850e-01 -1.1649500e+03]
 [ 0.0000000e+00  0.0000000e+00  0.0000000e+00  1.0000000e+00]]
[+0084.55, +0077.15, -1069.32]
1928, 1191, 1127
[[-1.7508162e-01  4.4597300e-01 -8.7750910e-01  5.3490000e+01]
 [-1.4395000e-02  8.9023800e-01  4.5522380e-01  1.7168000e+02]
 [ 9.8422910e-01  9.2433800e-02 -1.4941962e-01 -1.1649400e+03]
 [ 0.0000000e+00  0.0000000e+00  0.0000000e+00  1.0000000e+00]]
[+0051.63, +0110.34, -1097.12]
2110, 1384, 1164
[[-1.7530570e-01  4.4528154e-01 -8.7781032e-01  5.3380000e+01]
 [-1.4836260e-02  8.9054326e-01  4.5461136e-01  1.7164000e+02]
 [ 9.8417808e-01  9.2822160e-02 -1.4948560e-01 -1.1649600e+03]
 [ 0.0000000e+00  0.0000000e+00  0.0000000e+00  1.0000000e+00]]
[+0063.99, +0114.89, -1105.90]
1928, 1191, 1127
[[-1.7508162e-01  4.4623384e-01 -8.7728668e-01  5.3520000e+01]
 [-1.4060560e-02  8.9012192e-01  4.5544496e-01  1.7167000e+02]
 [ 9.8415388e-01  9.2212640e-02 -1.4953570e-01 -1.1649200e+03]
 [ 0.0000000e+00  0.0000000e+00  0.0000000e+00  1.0000000e+00]]
[+0052.22, +0105.73, -1094.12]
1134, 1506, 1722
[[-1.7329984e-01  4.4577008e-01 -8.7815264e-01  5.3550000e+01]
 [-1.4184640e-02  8.9047406e-01  4.5480218e-01  1.7167000e+02]
 [ 9.8471408e-01  9.1297660e-02 -1.4798994e-01 -1.1648000e+03]
 [ 0.0000000e+00  0.0000000e+00  0.0000000e+00  1.0000000e+00]]
[+0062.02, -0014.86, -1084.65]
1950, 2148, 1977
[[-1.7598280e-01  4.4374028e-01 -8.7854744e-01  5.3310000e+01]
 [-1.4552840e-02  8.9134590e-01  4.5306172e-01  1.7161000e+02]
 [ 9.8414392e-01  9.2581160e-02 -1.5038794e-01 -1.1648200e+03]
 [ 0.0000000e+00  0.0000000e+00  0.0000000e+00  1.0000000e+00]]
[+0080.65, +0032.72, -1087.20]
1134, 1506, 1722
[[-1.7285200e-01  4.4611124e-01 -8.7780732e-01  5.3630000e+01]
 [-1.4344520e-02  8.9026904e-01  4.5515136e-01  1.7170000e+02]
 [ 9.8455836e-01  9.1396320e-02 -1.4745320e-01 -1.1648500e+03]
 [ 0.0000000e+00  0.0000000e+00  0.0000000e+00  1.0000000e+00]]
[+0062.90, -0012.10, -1082.84]
1915, 789, 1026
[[-1.7426250e-01  4.4656784e-01 -8.7744062e-01  5.3640000e+01]
 [-1.4271280e-02  8.8999020e-01  4.5572464e-01  1.7167000e+02]
 [ 9.8443954e-01  9.2009680e-02 -1.4870106e-01 -1.1648300e+03]
 [ 0.0000000e+00  0.0000000e+00  0.0000000e+00  1.0000000e+00]]
[+0026.06, +0119.94, -1120.82]
1134, 1506, 1722
[[-1.7404176e-01  4.4578284e-01 -8.7778684e-01  5.3540000e+01]
 [-1.4378840e-02  8.9038512e-01  4.5493188e-01  1.7168000e+02]
 [ 9.8439084e-01  9.1909880e-02 -1.4852688e-01 -1.1648400e+03]
 [ 0.0000000e+00  0.0000000e+00  0.0000000e+00  1.0000000e+00]]
[+0062.47, -0014.82, -1084.57]
1002, 1888, 1180
[[-1.7307274e-01  4.4615284e-01 -8.7764516e-01  5.3580000e+01]
 [-1.4980840e-02  8.9016438e-01  4.5531788e-01  1.7176000e+02]
 [ 9.8442316e-01  9.2121880e-02 -1.4733712e-01 -1.1649600e+03]
 [ 0.0000000e+00  0.0000000e+00  0.0000000e+00  1.0000000e+00]]
[+0138.12, +0009.21, -1087.57]
1134, 1506, 1722
[[-1.7463370e-01  4.4553182e-01 -8.7783144e-01  5.3480000e+01]
 [-1.5557620e-02  8.9038022e-01  4.5490896e-01  1.7165000e+02]
 [ 9.8429904e-01  9.3196560e-02 -1.4853492e-01 -1.1649500e+03]
 [ 0.0000000e+00  0.0000000e+00  0.0000000e+00  1.0000000e+00]]
[+0061.37, -0014.56, -1084.83]
872, 1645, 2200
[[-1.7315738e-01  4.4501094e-01 -8.7830328e-01  5.3470000e+01]
 [-1.3367460e-02  8.9091398e-01  4.5391744e-01  1.7161000e+02]
 [ 9.8451648e-01  9.0470960e-02 -1.4828740e-01 -1.1649400e+03]
 [ 0.0000000e+00  0.0000000e+00  0.0000000e+00  1.0000000e+00]]
[+0064.96, -0043.88, -1138.60]
890, 2030, 2102
[[-1.7383058e-01  4.4252682e-01 -8.7946296e-01  5.3240000e+01]
 [-1.5173220e-02  8.9199950e-01  4.5173096e-01  1.7158000e+02]
 [ 9.8440584e-01  9.1984240e-02 -1.4831392e-01 -1.1649900e+03]
 [ 0.0000000e+00  0.0000000e+00  0.0000000e+00  1.0000000e+00]]
[+0096.50, -0038.62, -1134.07]
872, 1645, 2200
[[-1.7278228e-01  4.4495584e-01 -8.7837312e-01  5.3470000e+01]
 [-1.4320640e-02  8.9086814e-01  4.5397254e-01  1.7161000e+02]
 [ 9.8454048e-01  9.1161660e-02 -1.4751858e-01 -1.1649800e+03]
 [ 0.0000000e+00  0.0000000e+00  0.0000000e+00  1.0000000e+00]]
[+0064.58, -0043.96, -1139.39]
764, 1591, 1967
[[-1.7307588e-01  4.4672178e-01 -8.7762922e-01  5.3650000e+01]
 [-1.3409980e-02  8.9005164e-01  4.5563658e-01  1.7174000e+02]
 [ 9.8468958e-01  9.0687220e-02 -1.4804148e-01 -1.1649500e+03]
 [ 0.0000000e+00  0.0000000e+00  0.0000000e+00  1.0000000e+00]]
[+0074.78, -0044.90, -1126.31]
872, 1645, 2200
[[-1.7486506e-01  4.4430658e-01 -8.7835484e-01  5.3370000e+01]
 [-1.4456660e-02  8.9109950e-01  4.5352588e-01  1.7156000e+02]
 [ 9.8422892e-01  9.2121560e-02 -1.4937000e-01 -1.1649200e+03]
 [ 0.0000000e+00  0.0000000e+00  0.0000000e+00  1.0000000e+00]]
[+0065.65, -0043.84, -1139.67]
1824, 1497, 1792
[[-1.7575410e-01  4.4516458e-01 -8.7778386e-01  5.3420000e+01]
 [-1.4305860e-02  8.9063244e-01  4.5445438e-01  1.7163000e+02]
 [ 9.8410942e-01  9.2530740e-02 -1.5013890e-01 -1.1649500e+03]
 [ 0.0000000e+00  0.0000000e+00  0.0000000e+00  1.0000000e+00]]
[+0037.47, +0053.05, -1085.28]
872, 1645, 2200
[[-1.7337716e-01  4.4494044e-01 -8.7832620e-01  5.3480000e+01]
 [-1.4189400e-02  8.9086814e-01  4.5398794e-01  1.7160000e+02]
 [ 9.8449356e-01  9.1292900e-02 -1.4811346e-01 -1.1649700e+03]
 [ 0.0000000e+00  0.0000000e+00  0.0000000e+00  1.0000000e+00]]
[+0064.66, -0043.77, -1138.87]
1468, 1536, 1000
[[-1.7418888e-01  4.4614516e-01 -8.7754328e-01  5.3550000e+01]
 [-1.4443640e-02  8.9017998e-01  4.5532556e-01  1.7171000e+02]
 [ 9.8433688e-01  9.2111240e-02 -1.4858490e-01 -1.1649700e+03]
 [ 0.0000000e+00  0.0000000e+00  0.0000000e+00  1.0000000e+00]]
[+0101.49, +0076.17, -1068.39]
1637, 1799, 1722
[[-1.7493450e-01  4.4490340e-01 -8.7808530e-01  5.3420000e+01]
 [-1.5111240e-02  8.9073240e-01  4.5423332e-01  1.7165000e+02]
 [ 9.8424818e-01  9.2829000e-02 -1.4907234e-01 -1.1650200e+03]
 [ 0.0000000e+00  0.0000000e+00  0.0000000e+00  1.0000000e+00]]
[+0071.09, +0030.99, -1076.04]
1468, 1536, 1000
[[-1.7329650e-01  4.4620530e-01 -8.7776260e-01  5.3590000e+01]
 [-1.4677900e-02  8.9017998e-01  4.5533124e-01  1.7174000e+02]
 [ 9.8455620e-01  9.1884760e-02 -1.4769252e-01 -1.1650000e+03]
 [ 0.0000000e+00  0.0000000e+00  0.0000000e+00  1.0000000e+00]]
[+0101.70, +0073.65, -1067.80]
1743, 1179, 1065
[[-1.7515524e-01  4.4609810e-01 -8.7748010e-01  5.3530000e+01]
 [-1.4520100e-02  8.9016438e-01  4.5537262e-01  1.7167000e+02]
 [ 9.8425810e-01  9.2582620e-02 -1.4941962e-01 -1.1649400e+03]
 [ 0.0000000e+00  0.0000000e+00  0.0000000e+00  1.0000000e+00]]
[+0056.48, +0102.11, -1083.24]
1468, 1536, 1000
[[-1.7389138e-01  4.4630168e-01 -8.7753006e-01  5.3570000e+01]
 [-1.4360720e-02  8.9012192e-01  4.5544296e-01  1.7172000e+02]
 [ 9.8439726e-01  9.1920240e-02 -1.4834546e-01 -1.1649500e+03]
 [ 0.0000000e+00  0.0000000e+00  0.0000000e+00  1.0000000e+00]]
[+0104.15, +0071.90, -1068.06]
1195, 1349, 1131
[[-1.7337012e-01  4.4633054e-01 -8.7773358e-01  5.3600000e+01]
 [-1.4803140e-02  8.9010636e-01  4.5547994e-01  1.7173000e+02]
 [ 9.8458522e-01  9.2033460e-02 -1.4769252e-01 -1.1650000e+03]
 [ 0.0000000e+00  0.0000000e+00  0.0000000e+00  1.0000000e+00]]
[+0082.09, +0038.59, -1056.31]
1468, 1536, 1000
[[-1.7418888e-01  4.4618196e-01 -8.7769204e-01  5.3550000e+01]
 [-1.4480440e-02  8.9017998e-01  4.5535458e-01  1.7172000e+02]
 [ 9.8448564e-01  9.2082220e-02 -1.4858490e-01 -1.1649700e+03]
 [ 0.0000000e+00  0.0000000e+00  0.0000000e+00  1.0000000e+00]]
[+0102.02, +0075.74, -1068.27]
1186, 2220, 1199
[[-1.7411892e-01  4.4498996e-01 -8.7810912e-01  5.3430000e+01]
 [-1.4420640e-02  8.9077932e-01  4.5414676e-01  1.7175000e+02]
 [ 9.8431892e-01  9.1875840e-02 -1.4865060e-01 -1.1649800e+03]
 [ 0.0000000e+00  0.0000000e+00  0.0000000e+00  1.0000000e+00]]
[+0151.02, +0022.83, -1107.46]
930, 2183, 1276
[[-1.7277850e-01  4.4587404e-01 -8.7802178e-01  5.3570000e+01]
 [-1.4404680e-02  8.9040060e-01  4.5490644e-01  1.7177000e+02]
 [ 9.8464126e-01  9.1343880e-02 -1.4739514e-01 -1.1649900e+03]
 [ 0.0000000e+00  0.0000000e+00  0.0000000e+00  1.0000000e+00]]
[+0148.39, +0000.11, -1114.73]
1186, 2220, 1199
[[-1.7471412e-01  4.4515996e-01 -8.7817396e-01  5.3430000e+01]
 [-1.4177240e-02  8.9072142e-01  4.5431638e-01  1.7176000e+02]
 [ 9.8445716e-01  9.1853020e-02 -1.4930370e-01 -1.1649800e+03]
 [ 0.0000000e+00  0.0000000e+00  0.0000000e+00  1.0000000e+00]]
[+0150.79, +0022.31, -1107.80]
1461, 2179, 2086
[[-1.7546050e-01  4.4399326e-01 -8.7838068e-01  5.3300000e+01]
 [-1.4623340e-02  8.9121494e-01  4.5329124e-01  1.7159000e+02]
 [ 9.8410812e-01  9.2502840e-02 -1.4985000e-01 -1.1649600e+03]
 [ 0.0000000e+00  0.0000000e+00  0.0000000e+00  1.0000000e+00]]
[+0088.18, -0010.08, -1102.76]
1186, 2220, 1199
[[-1.7352388e-01  4.4515422e-01 -8.7811954e-01  5.3450000e+01]
 [-1.4403180e-02  8.9072142e-01  4.5425646e-01  1.7176000e+02]
 [ 9.8440274e-01  9.1619340e-02 -1.4811346e-01 -1.1650000e+03]
 [ 0.0000000e+00  0.0000000e+00  0.0000000e+00  1.0000000e+00]]
[+0151.06, +0022.69, -1107.60]
1343, 866, 1088
[[-1.7396500e-01  4.4683626e-01 -8.7724182e-01  5.3640000e+01]
 [-1.4002860e-02  8.8987388e-01  4.5593814e-01  1.7172000e+02]
 [ 9.8438802e-01  9.1722540e-02 -1.4851988e-01 -1.1649400e+03]
 [ 0.0000000e+00  0.0000000e+00  0.0000000e+00  1.0000000e+00]]
[+0029.34, +0071.86, -1068.32]
1186, 2220, 1199
[[-1.7411892e-01  4.4498996e-01 -8.7810912e-01  5.3430000e+01]
 [-1.4420640e-02  8.9077932e-01  4.5414676e-01  1.7176000e+02]
 [ 9.8431892e-01  9.1875840e-02 -1.4865060e-01 -1.1650000e+03]
 [ 0.0000000e+00  0.0000000e+00  0.0000000e+00  1.0000000e+00]]
[+0150.81, +0022.82, -1107.38]
1314, 950, 2134
[[-1.7500804e-01  4.4502854e-01 -8.7805642e-01  5.3440000e+01]
 [-1.5236380e-02  8.9065886e-01  4.5438214e-01  1.7154000e+02]
 [ 9.8427706e-01  9.2977820e-02 -1.4907234e-01 -1.1649400e+03]
 [ 0.0000000e+00  0.0000000e+00  0.0000000e+00  1.0000000e+00]]
[-0000.21, -0002.49, -1139.10]
1014, 973, 2218
[[-1.7359730e-01  4.4490666e-01 -8.7849822e-01  5.3490000e+01]
 [-1.5048060e-02  8.9082158e-01  4.5408734e-01  1.7156000e+02]
 [ 9.8461902e-01  9.2085940e-02 -1.4793988e-01 -1.1649500e+03]
 [ 0.0000000e+00  0.0000000e+00  0.0000000e+00  1.0000000e+00]]
[+0014.25, -0025.40, -1149.86]
1314, 950, 2134
[[-1.7441284e-01  4.4590024e-01 -8.7773424e-01  5.3530000e+01]
 [-1.4438240e-02  8.9031158e-01  4.5508842e-01  1.7162000e+02]
 [ 9.8439624e-01  9.2124420e-02 -1.4882442e-01 -1.1649500e+03]
 [ 0.0000000e+00  0.0000000e+00  0.0000000e+00  1.0000000e+00]]
[+0001.62, -0000.31, -1134.24]
1241, 1858, 1617
[[-1.7463688e-01  4.4561852e-01 -8.7777636e-01  5.3500000e+01]
 [-1.4396120e-02  8.9044310e-01  4.5482226e-01  1.7170000e+02]
 [ 9.8430684e-01  9.2166540e-02 -1.4906402e-01 -1.1649500e+03]
 [ 0.0000000e+00  0.0000000e+00  0.0000000e+00  1.0000000e+00]]
[+0101.16, +0000.94, -1081.23]
1314, 950, 2134
[[-1.7463688e-01  4.4506008e-01 -8.7807220e-01  5.3450000e+01]
 [-1.5028080e-02  8.9067462e-01  4.5435060e-01  1.7155000e+02]
 [ 9.8430860e-01  9.2638200e-02 -1.4883250e-01 -1.1649300e+03]
 [ 0.0000000e+00  0.0000000e+00  0.0000000e+00  1.0000000e+00]]
[-0000.16, -0002.63, -1139.44]
1222, 784, 1856
[[-1.7344378e-01  4.4656764e-01 -8.7751902e-01  5.3620000e+01]
 [-1.4742840e-02  8.8997464e-01  4.5572484e-01  1.7165000e+02]
 [ 9.8450238e-01  9.2085960e-02 -1.4775058e-01 -1.1649600e+03]
 [ 0.0000000e+00  0.0000000e+00  0.0000000e+00  1.0000000e+00]]
[-0004.49, +0007.96, -1120.32]
1314, 950, 2134
[[-1.7441284e-01  4.4534190e-01 -8.7803014e-01  5.3460000e+01]
 [-1.5070140e-02  8.9054326e-01  4.5461670e-01  1.7155000e+02]
 [ 9.8439790e-01  9.2596140e-02 -1.4859274e-01 -1.1649500e+03]
 [ 0.0000000e+00  0.0000000e+00  0.0000000e+00  1.0000000e+00]]
[+0000.94, -0003.35, -1137.90]
2136, 1904, 1074
[[-1.7650068e-01  4.4474224e-01 -8.7780680e-01  5.3330000e+01]
 [-1.4007760e-02  8.9083718e-01  4.5405490e-01  1.7168000e+02]
 [ 9.8394320e-01  9.2554900e-02 -1.5097450e-01 -1.1649800e+03]
 [ 0.0000000e+00  0.0000000e+00  0.0000000e+00  1.0000000e+00]]
[+0106.22, +0103.49, -1106.68]
1844, 1802, 1370
[[-1.7404176e-01  4.4537332e-01 -8.7804588e-01  5.3490000e+01]
 [-1.4861880e-02  8.9055894e-01  4.5458528e-01  1.7169000e+02]
 [ 9.8442932e-01  9.2256480e-02 -1.4835306e-01 -1.1649800e+03]
 [ 0.0000000e+00  0.0000000e+00  0.0000000e+00  1.0000000e+00]]
[+0087.46, +0069.03, -1077.42]
2136, 1904, 1074
[[-1.7716994e-01  4.4459040e-01 -8.7795234e-01  5.3340000e+01]
 [-1.4336160e-02  8.9087936e-01  4.5399840e-01  1.7169000e+02]
 [ 9.8399970e-01  9.3056160e-02 -1.5145474e-01 -1.1649600e+03]
 [ 0.0000000e+00  0.0000000e+00  0.0000000e+00  1.0000000e+00]]
[+0106.06, +0103.66, -1106.94]
2208, 1641, 1055
[[-1.7619892e-01  4.4507228e-01 -8.7762680e-01  5.3390000e+01]
 [-1.4751280e-02  8.9060108e-01  4.5448100e-01  1.7168000e+02]
 [ 9.8392100e-01  9.3173200e-02 -1.5032100e-01 -1.1649800e+03]
 [ 0.0000000e+00  0.0000000e+00  0.0000000e+00  1.0000000e+00]]
[+0086.73, +0115.53, -1111.67]
2136, 1904, 1074
[[-1.7545636e-01  4.4476254e-01 -8.7806674e-01  5.3380000e+01]
 [-1.4854860e-02  8.9080590e-01  4.5410022e-01  1.7174000e+02]
 [ 9.8417186e-01  9.2811420e-02 -1.4966770e-01 -1.1649800e+03]
 [ 0.0000000e+00  0.0000000e+00  0.0000000e+00  1.0000000e+00]]
[+0108.18, +0104.24, -1108.85]
1869, 1850, 792
[[-1.747840e-01  4.460176e-01 -8.776816e-01  5.352000e+01]
 [-1.449760e-02  8.902380e-01  4.552450e-01  1.717600e+02]
 [ 9.844016e-01  9.233900e-02 -1.491220e-01 -1.164970e+03]
 [ 0.000000e+00  0.000000e+00  0.000000e+00  1.000000e+00]]
[+0126.30, +0103.58, -1110.83]
2136, 1904, 1074
[[-1.7701896e-01  4.4440136e-01 -8.7802884e-01  5.3320000e+01]
 [-1.5098640e-02  8.9090550e-01  4.5391348e-01  1.7171000e+02]
 [ 9.8397116e-01  9.3663480e-02 -1.5098370e-01 -1.1649900e+03]
 [ 0.0000000e+00  0.0000000e+00  0.0000000e+00  1.0000000e+00]]
[+0106.60, +0103.48, -1107.44]
992, 1414, 1369
[[-1.7307274e-01  4.4645020e-01 -8.7757152e-01  5.3610000e+01]
 [-1.4683480e-02  8.9004830e-01  4.5556836e-01  1.7172000e+02]
 [ 9.8449680e-01  9.1871400e-02 -1.4745320e-01 -1.1649900e+03]
 [ 0.0000000e+00  0.0000000e+00  0.0000000e+00  1.0000000e+00]]
[+0080.42, -0003.34, -1067.53]
1309, 774, 1166
[[-1.7352034e-01  4.4703978e-01 -8.7721324e-01  5.3650000e+01]
 [-1.3372260e-02  8.8984630e-01  4.5600852e-01  1.7170000e+02]
 [ 9.8446372e-01  9.0983640e-02 -1.4839720e-01 -1.1649300e+03]
 [ 0.0000000e+00  0.0000000e+00  0.0000000e+00  1.0000000e+00]]
[+0015.63, +0063.92, -1074.60]
992, 1414, 1369
[[-1.7374426e-01  4.4649754e-01 -8.7747786e-01  5.3600000e+01]
 [-1.3664140e-02  8.9009462e-01  4.5552102e-01  1.7173000e+02]
 [ 9.8444946e-01  9.1247220e-02 -1.4851988e-01 -1.1649500e+03]
 [ 0.0000000e+00  0.0000000e+00  0.0000000e+00  1.0000000e+00]]
[+0081.47, -0004.47, -1067.85]
1067, 1406, 1512
[[-1.7292554e-01  4.4608782e-01 -8.7781506e-01  5.3550000e+01]
 [-1.4618460e-02  8.9025356e-01  4.5517478e-01  1.7169000e+02]
 [ 9.8455062e-01  9.1670260e-02 -1.4739514e-01 -1.1649800e+03]
 [ 0.0000000e+00  0.0000000e+00  0.0000000e+00  1.0000000e+00]]
[+0068.09, -0005.08, -1072.22]
992, 1414, 1369
[[-1.7240448e-01  4.4678640e-01 -8.7753696e-01  5.3630000e+01]
 [-1.4244000e-02  8.8994750e-01  4.5578000e-01  1.7173000e+02]
 [ 9.8462496e-01  9.1215200e-02 -1.4703298e-01 -1.1649800e+03]
 [ 0.0000000e+00  0.0000000e+00  0.0000000e+00  1.0000000e+00]]
[+0081.79, -0003.73, -1067.72]
1964, 2048, 891
[[-1.7657410e-01  4.4486724e-01 -8.7777788e-01  5.3330000e+01]
 [-1.4132760e-02  8.9076376e-01  4.5420384e-01  1.7178000e+02]
 [ 9.8397212e-01  9.2703840e-02 -1.5097450e-01 -1.1650000e+03]
 [ 0.0000000e+00  0.0000000e+00  0.0000000e+00  1.0000000e+00]]
[+0129.75, +0095.73, -1112.54]
992, 1414, 1369
[[-1.7262820e-01  4.4635612e-01 -8.7761624e-01  5.3600000e+01]
 [-1.4350160e-02  8.9013740e-01  4.5538852e-01  1.7172000e+02]
 [ 9.8449892e-01  9.1382960e-02 -1.4721396e-01 -1.1649700e+03]
 [ 0.0000000e+00  0.0000000e+00  0.0000000e+00  1.0000000e+00]]
[+0079.91, -0003.97, -1067.74]
1369, 879, 1101
[[-1.7292276e-01  4.4700582e-01 -8.7746314e-01  5.3660000e+01]
 [-1.4702540e-02  8.8978470e-01  4.5610842e-01  1.7172000e+02]
 [ 9.8465202e-01  9.1852340e-02 -1.4727210e-01 -1.1649500e+03]
 [ 0.0000000e+00  0.0000000e+00  0.0000000e+00  1.0000000e+00]]
[+0029.26, +0073.48, -1069.74]
1379, 857, 832
[[-1.7292276e-01  4.4741494e-01 -8.7720390e-01  5.3700000e+01]
 [-1.4219700e-02  8.8961004e-01  4.5645506e-01  1.7174000e+02]
 [ 9.8461394e-01  9.1505700e-02 -1.4744676e-01 -1.1649800e+03]
 [ 0.0000000e+00  0.0000000e+00  0.0000000e+00  1.0000000e+00]]
[+0047.79, +0098.21, -1069.12]
1369, 879, 1101
[[-1.7381490e-01  4.4649946e-01 -8.7735462e-01  5.3610000e+01]
 [-1.4914020e-02  8.8995900e-01  4.5572714e-01  1.7170000e+02]
 [ 9.8432234e-01  9.2454780e-02 -1.4798994e-01 -1.1649500e+03]
 [ 0.0000000e+00  0.0000000e+00  0.0000000e+00  1.0000000e+00]]
[+0026.95, +0074.19, -1071.31]
1024, 1311, 1052
[[-1.7270178e-01  4.4711282e-01 -8.7758864e-01  5.3650000e+01]
 [-1.3917580e-02  8.8983102e-01  4.5606736e-01  1.7175000e+02]
 [ 9.8482384e-01  9.1001440e-02 -1.4744676e-01 -1.1649600e+03]
 [ 0.0000000e+00  0.0000000e+00  0.0000000e+00  1.0000000e+00]]
[+0091.71, +0027.54, -1054.24]
1369, 879, 1101
[[-1.7374426e-01  4.4675826e-01 -8.7725560e-01  5.3620000e+01]
 [-1.3329900e-02  8.8997814e-01  4.5574224e-01  1.7170000e+02]
 [ 9.8437424e-01  9.1026000e-02 -1.4863636e-01 -1.1649100e+03]
 [ 0.0000000e+00  0.0000000e+00  0.0000000e+00  1.0000000e+00]]
[+0028.02, +0072.73, -1070.00]
2136, 1488, 1079
[[-1.7545636e-01  4.4532124e-01 -8.7777092e-01  5.3410000e+01]
 [-1.4222680e-02  8.9057454e-01  4.5457166e-01  1.7167000e+02]
 [ 9.8416996e-01  9.2339980e-02 -1.4989906e-01 -1.1649800e+03]
 [ 0.0000000e+00  0.0000000e+00  0.0000000e+00  1.0000000e+00]]
[+0078.84, +0116.79, -1108.02]
1369, 879, 1101
[[-1.7344378e-01  4.4671634e-01 -8.7748218e-01  5.3630000e+01]
 [-1.4594140e-02  8.8991654e-01  4.5585006e-01  1.7169000e+02]
 [ 9.8453922e-01  9.1960740e-02 -1.4780868e-01 -1.1649700e+03]
 [ 0.0000000e+00  0.0000000e+00  0.0000000e+00  1.0000000e+00]]
[+0028.50, +0072.04, -1069.75]
1833, 1352, 1785
[[-1.7560340e-01  4.4501274e-01 -8.7800898e-01  5.3410000e+01]
 [-1.5105060e-02  8.9065886e-01  4.5439794e-01  1.7161000e+02]
 [ 9.8422962e-01  9.3109140e-02 -1.4966770e-01 -1.1649700e+03]
 [ 0.0000000e+00  0.0000000e+00  0.0000000e+00  1.0000000e+00]]
[+0025.37, +0053.93, -1091.27]
1803, 1588, 1770
[[-1.7486100e-01  4.4522472e-01 -8.7800396e-01  5.3430000e+01]
 [-1.4539640e-02  8.9063244e-01  4.5445992e-01  1.7164000e+02]
 [ 9.8432952e-01  9.2304760e-02 -1.4924580e-01 -1.1649800e+03]
 [ 0.0000000e+00  0.0000000e+00  0.0000000e+00  1.0000000e+00]]
[+0046.23, +0044.65, -1081.33]
1833, 1352, 1785
[[-1.7530570e-01  4.4543038e-01 -8.7777354e-01  5.3440000e+01]
 [-1.4687420e-02  8.9048540e-01  4.5473646e-01  1.7163000e+02]
 [ 9.8421486e-01  9.2697060e-02 -1.4954346e-01 -1.1649800e+03]
 [ 0.0000000e+00  0.0000000e+00  0.0000000e+00  1.0000000e+00]]
[+0024.14, +0053.87, -1092.11]
2030, 1334, 1098
[[-1.7508162e-01  4.4582418e-01 -8.7754590e-01  5.3470000e+01]
 [-1.4543820e-02  8.9029598e-01  4.5509870e-01  1.7169000e+02]
 [ 9.8419230e-01  9.2558900e-02 -1.4936164e-01 -1.1649900e+03]
 [ 0.0000000e+00  0.0000000e+00  0.0000000e+00  1.0000000e+00]]
[+0064.95, +0116.50, -1103.61]
1833, 1352, 1785
[[-1.7545290e-01  4.4534608e-01 -8.7764046e-01  5.3440000e+01]
 [-1.5198480e-02  8.9045388e-01  4.5475504e-01  1.7163000e+02]
 [ 9.8405026e-01  9.3273840e-02 -1.4942778e-01 -1.1649400e+03]
 [ 0.0000000e+00  0.0000000e+00  0.0000000e+00  1.0000000e+00]]
[+0026.68, +0050.47, -1090.50]
797, 1202, 1490
[[-1.7284906e-01  4.4717788e-01 -8.7741854e-01  5.3690000e+01]
 [-1.4279960e-02  8.8974200e-01  4.5621028e-01  1.7175000e+02]
 [ 9.8469662e-01  9.1453160e-02 -1.4738850e-01 -1.1649800e+03]
 [ 0.0000000e+00  0.0000000e+00  0.0000000e+00  1.0000000e+00]]
[+0061.21, -0026.98, -1081.52]
1833, 1352, 1785
[[-1.7523216e-01  4.4504436e-01 -8.7802484e-01  5.3410000e+01]
 [-1.4896760e-02  8.9067462e-01  4.5436632e-01  1.7162000e+02]
 [ 9.8426124e-01  9.2769520e-02 -1.4942778e-01 -1.1649500e+03]
 [ 0.0000000e+00  0.0000000e+00  0.0000000e+00  1.0000000e+00]]
[+0024.86, +0055.48, -1091.66]
1675, 1929, 953
[[-1.7441284e-01  4.4590024e-01 -8.7773424e-01  5.3510000e+01]
 [-1.4438240e-02  8.9031158e-01  4.5508842e-01  1.7175000e+02]
 [ 9.8439624e-01  9.2124420e-02 -1.4882442e-01 -1.1649600e+03]
 [ 0.0000000e+00  0.0000000e+00  0.0000000e+00  1.0000000e+00]]
[+0132.73, +0081.90, -1094.88]
1783, 2162, 754
[[-1.7761130e-01  4.4638476e-01 -8.7688842e-01  5.3370000e+01]
 [-1.3746840e-02  8.8997464e-01  4.5577596e-01  1.7187000e+02]
 [ 9.8387178e-01  9.3066360e-02 -1.5191810e-01 -1.1650100e+03]
 [ 0.0000000e+00  0.0000000e+00  0.0000000e+00  1.0000000e+00]]
[+0145.60, +0085.76, -1120.21]
1675, 1929, 953
[[-1.7463120e-01  4.4767792e-01 -8.7670136e-01  5.3600000e+01]
 [-1.4191280e-02  8.8938870e-01  4.5688166e-01  1.7175000e+02]
 [ 9.8428624e-01  9.2340260e-02 -1.4893386e-01 -1.1649800e+03]
 [ 0.0000000e+00  0.0000000e+00  0.0000000e+00  1.0000000e+00]]
[+0127.26, +0079.92, -1092.11]
2063, 1700, 896
[[-1.7619316e-01  4.4731744e-01 -8.7666424e-01  5.3530000e+01]
 [-1.4432560e-02  8.8948950e-01  4.5669442e-01  1.7171000e+02]
 [ 9.8408576e-01  9.3194420e-02 -1.5024730e-01 -1.1649700e+03]
 [ 0.0000000e+00  0.0000000e+00  0.0000000e+00  1.0000000e+00]]
[+0103.04, +0115.69, -1111.93]
1675, 1929, 953
[[-1.7418610e-01  4.4762108e-01 -8.7689514e-01  5.3590000e+01]
 [-1.3895240e-02  8.8947800e-01  4.5673068e-01  1.7174000e+02]
 [ 9.8443722e-01  9.1822440e-02 -1.4869466e-01 -1.1649900e+03]
 [ 0.0000000e+00  0.0000000e+00  0.0000000e+00  1.0000000e+00]]
[+0130.78, +0079.28, -1093.48]
1783, 2059, 1165
[[-1.7545012e-01  4.4697116e-01 -8.7695576e-01  5.3500000e+01]
 [-1.4500240e-02  8.8969532e-01  4.5628508e-01  1.7170000e+02]
 [ 9.8418716e-01  9.2860720e-02 -1.4959380e-01 -1.1649900e+03]
 [ 0.0000000e+00  0.0000000e+00  0.0000000e+00  1.0000000e+00]]
[+0127.35, +0072.76, -1093.22]
1675, 1929, 953
[[-1.7470506e-01  4.4783996e-01 -8.7682098e-01  5.3610000e+01]
 [-1.4353320e-02  8.8931484e-01  4.5705956e-01  1.7174000e+02]
 [ 9.8446414e-01  9.2459880e-02 -1.4893386e-01 -1.1649700e+03]
 [ 0.0000000e+00  0.0000000e+00  0.0000000e+00  1.0000000e+00]]
[+0129.60, +0079.95, -1093.21]
1895, 2057, 1478
[[-1.7597170e-01  4.4653274e-01 -8.7701098e-01  5.3450000e+01]
 [-1.4541020e-02  8.8988526e-01  4.5590186e-01  1.7166000e+02]
 [ 9.8403674e-01  9.3093820e-02 -1.5007300e-01 -1.1649500e+03]
 [ 0.0000000e+00  0.0000000e+00  0.0000000e+00  1.0000000e+00]]
[+0105.29, +0063.15, -1084.36]
968, 1320, 2166
[[-1.7269920e-01  4.4710200e-01 -8.7730880e-01  5.3690000e+01]
 [-1.4856880e-02  8.8971096e-01  4.5622020e-01  1.7155000e+02]
 [ 9.8455584e-01  9.1964120e-02 -1.4697480e-01 -1.1649500e+03]
 [ 0.0000000e+00  0.0000000e+00  0.0000000e+00  1.0000000e+00]]
[+0037.18, -0037.99, -1136.54]
1895, 2057, 1478
[[-1.7575060e-01  4.4664108e-01 -8.7713644e-01  5.3530000e+01]
 [-1.3756200e-02  8.8993206e-01  4.5585942e-01  1.7164000e+02]
 [ 9.8420900e-01  9.2243100e-02 -1.5024730e-01 -1.1649500e+03]
 [ 0.0000000e+00  0.0000000e+00  0.0000000e+00  1.0000000e+00]]
[+0106.55, +0066.37, -1085.09]
2031, 1846, 1436
[[-1.7560026e-01  4.4686208e-01 -8.7695324e-01  5.3560000e+01]
 [-1.4035360e-02  8.8978470e-01  4.5612028e-01  1.7163000e+02]
 [ 9.8414212e-01  9.2503960e-02 -1.4994960e-01 -1.1649500e+03]
 [ 0.0000000e+00  0.0000000e+00  0.0000000e+00  1.0000000e+00]]
[+0083.30, +0086.16, -1087.32]
1895, 2057, 1478
[[-1.7463370e-01  4.4649960e-01 -8.7727600e-01  5.3560000e+01]
 [-1.4442480e-02  8.8997464e-01  4.5572700e-01  1.7164000e+02]
 [ 9.8425936e-01  9.2378520e-02 -1.4894050e-01 -1.1649400e+03]
 [ 0.0000000e+00  0.0000000e+00  0.0000000e+00  1.0000000e+00]]
[+0106.44, +0062.54, -1084.45]
1768, 2016, 1264
[[-1.7418610e-01  4.4721174e-01 -8.7715452e-01  5.3630000e+01]
 [-1.4378340e-02  8.8965278e-01  4.5638436e-01  1.7168000e+02]
 [ 9.8447532e-01  9.2168760e-02 -1.4851988e-01 -1.1649500e+03]
 [ 0.0000000e+00  0.0000000e+00  0.0000000e+00  1.0000000e+00]]
[+0118.66, +0066.43, -1086.02]
1895, 2057, 1478
[[-1.7463370e-01  4.4664838e-01 -8.7723916e-01  5.3540000e+01]
 [-1.4293700e-02  8.8991654e-01  4.5585212e-01  1.7164000e+02]
 [ 9.8429620e-01  9.2253400e-02 -1.4899860e-01 -1.1649600e+03]
 [ 0.0000000e+00  0.0000000e+00  0.0000000e+00  1.0000000e+00]]
[+0105.98, +0063.58, -1084.77]
2232, 1687, 1025
[[-1.7686504e-01  4.4677012e-01 -8.7671660e-01  5.3540000e+01]
 [-1.4008600e-02  8.8976910e-01  4.5614630e-01  1.7163000e+02]
 [ 9.8388988e-01  9.3070660e-02 -1.5108250e-01 -1.1649500e+03]
 [ 0.0000000e+00  0.0000000e+00  0.0000000e+00  1.0000000e+00]]
[+0091.05, +0115.83, -1114.69]
1635, 1696, 1028
[[-1.7336762e-01  4.4791812e-01 -8.7689970e-01  5.3720000e+01]
 [-1.4069880e-02  8.8934588e-01  4.5698140e-01  1.7170000e+02]
 [ 9.8457390e-01  9.1647800e-02 -1.4786074e-01 -1.1649600e+03]
 [ 0.0000000e+00  0.0000000e+00  0.0000000e+00  1.0000000e+00]]
[+0108.86, +0078.97, -1077.44]
2232, 1687, 1025
[[-1.7679130e-01  4.4653312e-01 -8.7693144e-01  5.3520000e+01]
 [-1.4069440e-02  8.8990094e-01  4.5590148e-01  1.7165000e+02]
 [ 9.8397288e-01  9.3017640e-02 -1.5102440e-01 -1.1649600e+03]
 [ 0.0000000e+00  0.0000000e+00  0.0000000e+00  1.0000000e+00]]
[+0093.33, +0115.47, -1114.96]
2228, 1474, 1037
[[-1.7619570e-01  4.4710742e-01 -8.7668296e-01  5.3580000e+01]
 [-1.3568860e-02  8.8966830e-01  4.5635672e-01  1.7162000e+02]
 [ 9.8401928e-01  9.2414960e-02 -1.5066144e-01 -1.1649300e+03]
 [ 0.0000000e+00  0.0000000e+00  0.0000000e+00  1.0000000e+00]]
[+0077.57, +0120.94, -1117.57]
2232, 1687, 1025
[[-1.7641978e-01  4.4641596e-01 -8.7698442e-01  5.3500000e+01]
 [-1.4010360e-02  8.8997464e-01  4.5574476e-01  1.7164000e+02]
 [ 9.8396778e-01  9.2802840e-02 -1.5072658e-01 -1.1649800e+03]
 [ 0.0000000e+00  0.0000000e+00  0.0000000e+00  1.0000000e+00]]
[+0092.54, +0115.94, -1115.67]
2232, 1696, 1180
[[-1.7582426e-01  4.4658042e-01 -8.7699534e-01  5.3540000e+01]
 [-1.3993260e-02  8.8991654e-01  4.5585418e-01  1.7162000e+02]
 [ 9.8405238e-01  9.2546060e-02 -1.5018916e-01 -1.1649500e+03]
 [ 0.0000000e+00  0.0000000e+00  0.0000000e+00  1.0000000e+00]]
[+0084.21, +0110.30, -1108.29]
2232, 1687, 1025
[[-1.7686504e-01  4.4662120e-01 -8.7675348e-01  5.3520000e+01]
 [-1.4157520e-02  8.8982720e-01  4.5602136e-01  1.7164000e+02]
 [ 9.8385300e-01  9.3195600e-02 -1.5102440e-01 -1.1649400e+03]
 [ 0.0000000e+00  0.0000000e+00  0.0000000e+00  1.0000000e+00]]
[+0091.00, +0116.03, -1115.42]
1931, 1464, 1428
[[-1.7463120e-01  4.4741732e-01 -8.7692396e-01  5.3640000e+01]
 [-1.4525720e-02  8.8950518e-01  4.5666056e-01  1.7162000e+02]
 [ 9.8436116e-01  9.2561360e-02 -1.4881738e-01 -1.1649500e+03]
 [ 0.0000000e+00  0.0000000e+00  0.0000000e+00  1.0000000e+00]]
[+0053.74, +0080.00, -1083.27]
1090, 1017, 1455
[[-1.7321796e-01  4.4843666e-01 -8.7664226e-01  5.3790000e+01]
 [-1.4052140e-02  8.8908140e-01  4.5749222e-01  1.7166000e+02]
 [ 9.8458094e-01  9.1657820e-02 -1.4768020e-01 -1.1649600e+03]
 [ 0.0000000e+00  0.0000000e+00  0.0000000e+00  1.0000000e+00]]
[+0029.40, +0008.73, -1073.21]
1931, 1464, 1428
[[-1.7478114e-01  4.4730808e-01 -8.7692162e-01  5.3620000e+01]
 [-1.4060720e-02  8.8959456e-01  4.5649592e-01  1.7163000e+02]
 [ 9.8431618e-01  9.2204720e-02 -1.4917314e-01 -1.1649500e+03]
 [ 0.0000000e+00  0.0000000e+00  0.0000000e+00  1.0000000e+00]]
[+0054.72, +0086.68, -1085.20]
2122, 1097, 1327
[[-1.7582160e-01  4.4734912e-01 -8.7668024e-01  5.3620000e+01]
 [-1.4224720e-02  8.8950518e-01  4.5666274e-01  1.7160000e+02]
 [ 9.8411744e-01  9.2854540e-02 -1.5000778e-01 -1.1649400e+03]
 [ 0.0000000e+00  0.0000000e+00  0.0000000e+00  1.0000000e+00]]
[+0032.28, +0109.53, -1117.02]
1931, 1464, 1428
[[-1.7448360e-01  4.4727896e-01 -8.7679652e-01  5.3630000e+01]
 [-1.4089840e-02  8.8959456e-01  4.5645904e-01  1.7161000e+02]
 [ 9.8419108e-01  9.2167840e-02 -1.4887560e-01 -1.1649300e+03]
 [ 0.0000000e+00  0.0000000e+00  0.0000000e+00  1.0000000e+00]]
[+0055.60, +0080.81, -1083.23]
1847, 1584, 832
[[-1.7307028e-01  4.4818626e-01 -8.7670070e-01  5.3730000e+01]
 [-1.3801740e-02  8.8922908e-01  4.5719490e-01  1.7171000e+02]
 [ 9.8452250e-01  9.1360500e-02 -1.4768020e-01 -1.1649500e+03]
 [ 0.0000000e+00  0.0000000e+00  0.0000000e+00  1.0000000e+00]]
[+0107.86, +0107.82, -1098.11]
1931, 1464, 1428
[[-1.7522890e-01  4.4745206e-01 -8.7667308e-01  5.3610000e+01]
 [-1.3195300e-02  8.8956710e-01  4.5655980e-01  1.7162000e+02]
 [ 9.8417220e-01  9.1693080e-02 -1.4994324e-01 -1.1649100e+03]
 [ 0.0000000e+00  0.0000000e+00  0.0000000e+00  1.0000000e+00]]
[+0054.24, +0082.51, -1084.04]
869, 2115, 1638
[[-1.7292554e-01  4.4709180e-01 -8.7740892e-01  5.3660000e+01]
 [-1.3540920e-02  8.8984630e-01  4.5602244e-01  1.7167000e+02]
 [ 9.8465940e-01  9.0822600e-02 -1.4780240e-01 -1.1649700e+03]
 [ 0.0000000e+00  0.0000000e+00  0.0000000e+00  1.0000000e+00]]
[+0128.06, -0024.82, -1121.23]
1379, 781, 1843
[[-1.7448146e-01  4.4748972e-01 -8.7677760e-01  5.3680000e+01]
 [-1.4953800e-02  8.8941560e-01  4.5679600e-01  1.7154000e+02]
 [ 9.8425728e-01  9.2947040e-02 -1.4846170e-01 -1.1649200e+03]
 [ 0.0000000e+00  0.0000000e+00  0.0000000e+00  1.0000000e+00]]
[-0011.04, +0021.64, -1125.36]
869, 2115, 1638
[[-1.7240194e-01  4.4759254e-01 -8.7737014e-01  5.3720000e+01]
 [-1.4513860e-02  8.8953630e-01  4.5661738e-01  1.7173000e+02]
 [ 9.8483846e-01  9.1493180e-02 -1.4685220e-01 -1.1650100e+03]
 [ 0.0000000e+00  0.0000000e+00  0.0000000e+00  1.0000000e+00]]
[+0128.68, -0024.12, -1121.18]
1115, 2183, 1472
[[-1.7433616e-01  4.4680492e-01 -8.7722596e-01  5.3610000e+01]
 [-1.4210840e-02  8.8985840e-01  4.5596948e-01  1.7169000e+02]
 [ 9.8435668e-01  9.2062360e-02 -1.4875920e-01 -1.1649500e+03]
 [ 0.0000000e+00  0.0000000e+00  0.0000000e+00  1.0000000e+00]]
[+0137.00, +0000.65, -1105.72]
869, 2115, 1638
[[-1.7307274e-01  4.4745414e-01 -8.7716510e-01  5.3700000e+01]
 [-1.3605900e-02  8.8964076e-01  4.5641586e-01  1.7167000e+02]
 [ 9.8460586e-01  9.1023900e-02 -1.4786074e-01 -1.1649800e+03]
 [ 0.0000000e+00  0.0000000e+00  0.0000000e+00  1.0000000e+00]]
[+0126.76, -0024.96, -1120.74]
985, 2190, 1842
[[-1.7471042e-01  4.4533404e-01 -8.7800652e-01  5.3440000e+01]
 [-1.5004440e-02  8.9054326e-01  4.5462456e-01  1.7157000e+02]
 [ 9.8437428e-01  9.2661840e-02 -1.4889032e-01 -1.1649600e+03]
 [ 0.0000000e+00  0.0000000e+00  0.0000000e+00  1.0000000e+00]]
[+0117.55, -0024.82, -1122.41]
869, 2115, 1638
[[-1.7232618e-01  4.4808790e-01 -8.7712048e-01  5.3790000e+01]
 [-1.4770300e-02  8.8925654e-01  4.5715160e-01  1.7173000e+02]
 [ 9.8483752e-01  9.1776800e-02 -1.4661328e-01 -1.1650100e+03]
 [ 0.0000000e+00  0.0000000e+00  0.0000000e+00  1.0000000e+00]]
[+0125.50, -0023.57, -1119.09]
1611, 2140, 1412
[[-1.7493128e-01  4.4693820e-01 -8.7714180e-01  5.3580000e+01]
 [-1.3930200e-02  8.8980022e-01  4.5611010e-01  1.7166000e+02]
 [ 9.8434620e-01  9.2069100e-02 -1.4941250e-01 -1.1649600e+03]
 [ 0.0000000e+00  0.0000000e+00  0.0000000e+00  1.0000000e+00]]
[+0123.19, +0046.16, -1087.46]
1916, 1889, 1295
[[-1.7545012e-01  4.4685924e-01 -8.7714148e-01  5.3590000e+01]
 [-1.4685960e-02  8.8975342e-01  4.5618906e-01  1.7165000e+02]
 [ 9.8429908e-01  9.2956740e-02 -1.4953570e-01 -1.1649800e+03]
 [ 0.0000000e+00  0.0000000e+00  0.0000000e+00  1.0000000e+00]]
[+0098.93, +0084.95, -1086.38]
1611, 2140, 1412
[[-1.7426250e-01  4.4682854e-01 -8.7721822e-01  5.3600000e+01]
 [-1.3936940e-02  8.8987388e-01  4.5594586e-01  1.7167000e+02]
 [ 9.8436442e-01  9.1788460e-02 -1.4881738e-01 -1.1649400e+03]
 [ 0.0000000e+00  0.0000000e+00  0.0000000e+00  1.0000000e+00]]
[+0125.60, +0041.33, -1088.16]
1520, 1975, 1527
[[-1.7366500e-01  4.4716690e-01 -8.7706070e-01  5.3650000e+01]
 [-1.4747300e-02  8.8963718e-01  4.5636322e-01  1.7165000e+02]
 [ 9.8436590e-01  9.2339780e-02 -1.4786682e-01 -1.1649800e+03]
 [ 0.0000000e+00  0.0000000e+00  0.0000000e+00  1.0000000e+00]]
[+0103.54, +0027.09, -1078.09]
1611, 2140, 1412
[[-1.7567400e-01  4.4683828e-01 -8.7696104e-01  5.3560000e+01]
 [-1.4309240e-02  8.8976910e-01  4.5614408e-01  1.7167000e+02]
 [ 9.8413432e-01  9.2777840e-02 -1.4989146e-01 -1.1649600e+03]
 [ 0.0000000e+00  0.0000000e+00  0.0000000e+00  1.0000000e+00]]
[+0126.61, +0042.72, -1088.55]
1350, 2006, 1017
[[-1.7359122e-01  4.4793392e-01 -8.7686850e-01  5.3720000e+01]
 [-1.3729920e-02  8.8936128e-01  4.5696560e-01  1.7173000e+02]
 [ 9.8455810e-01  9.1440000e-02 -1.4821650e-01 -1.1649700e+03]
 [ 0.0000000e+00  0.0000000e+00  0.0000000e+00  1.0000000e+00]]
[+0141.55, +0050.29, -1090.43]
1611, 2140, 1412
[[-1.7448360e-01  4.4649704e-01 -8.7746408e-01  5.3540000e+01]
 [-1.5093040e-02  8.8994328e-01  4.5579544e-01  1.7164000e+02]
 [ 9.8441608e-01  9.2831440e-02 -1.4852688e-01 -1.1649800e+03]
 [ 0.0000000e+00  0.0000000e+00  0.0000000e+00  1.0000000e+00]]
[+0125.00, +0043.70, -1088.01]
1735, 842, 1208
[[-1.7455540e-01  4.4817282e-01 -8.7645186e-01  5.3740000e+01]
 [-1.4446980e-02  8.8910870e-01  4.5741606e-01  1.7164000e+02]
 [ 9.8428554e-01  9.2624460e-02 -1.4869466e-01 -1.1649400e+03]
 [ 0.0000000e+00  0.0000000e+00  0.0000000e+00  1.0000000e+00]]
[+0017.23, +0097.47, -1101.03]
2110, 1951, 1179
[[-1.7641978e-01  4.4626706e-01 -8.7702126e-01  5.3490000e+01]
 [-1.4159260e-02  8.9003270e-01  4.5561978e-01  1.7165000e+02]
 [ 9.8393094e-01  9.2927820e-02 -1.5066852e-01 -1.1649500e+03]
 [ 0.0000000e+00  0.0000000e+00  0.0000000e+00  1.0000000e+00]]
[+0105.64, +0097.29, -1101.62]
1735, 842, 1208
[[-1.7388658e-01  4.4810028e-01 -8.7667692e-01  5.3760000e+01]
 [-1.4491080e-02  8.8918264e-01  4.5728088e-01  1.7164000e+02]
 [ 9.8445228e-01  9.2314320e-02 -1.4809978e-01 -1.1649400e+03]
 [ 0.0000000e+00  0.0000000e+00  0.0000000e+00  1.0000000e+00]]
[+0017.68, +0093.38, -1099.00]
795, 1168, 1558
[[-1.7247572e-01  4.4868438e-01 -8.7678546e-01  5.3820000e+01]
 [-1.3525020e-02  8.8905358e-01  4.5758454e-01  1.7168000e+02]
 [ 9.8482866e-01  9.0823260e-02 -1.4726114e-01 -1.1649700e+03]
 [ 0.0000000e+00  0.0000000e+00  0.0000000e+00  1.0000000e+00]]
[+0053.90, -0032.38, -1089.18]
1735, 842, 1208
[[-1.7477896e-01  4.4818868e-01 -8.7642040e-01  5.3740000e+01]
 [-1.4107000e-02  8.8912430e-01  4.5740020e-01  1.7163000e+02]
 [ 9.8426968e-01  9.2416760e-02 -1.4905050e-01 -1.1649400e+03]
 [ 0.0000000e+00  0.0000000e+00  0.0000000e+00  1.0000000e+00]]
[+0017.06, +0097.56, -1101.22]
1682, 855, 1053
[[-1.7366314e-01  4.4849364e-01 -8.7644864e-01  5.3790000e+01]
 [-1.4348040e-02  8.8899198e-01  4.5764292e-01  1.7163000e+02]
 [ 9.8443024e-01  9.2175720e-02 -1.4791912e-01 -1.1649400e+03]
 [ 0.0000000e+00  0.0000000e+00  0.0000000e+00  1.0000000e+00]]
[+0027.46, +0104.58, -1095.30]
1735, 842, 1208
[[-1.7358920e-01  4.4810808e-01 -8.7670044e-01  5.3740000e+01]
 [-1.4557200e-02  8.8918264e-01  4.5727308e-01  1.7162000e+02]
 [ 9.8447580e-01  9.2248200e-02 -1.4780240e-01 -1.1649700e+03]
 [ 0.0000000e+00  0.0000000e+00  0.0000000e+00  1.0000000e+00]]
[+0016.91, +0097.15, -1100.99]
1681, 1976, 1698
[[-1.7411236e-01  4.4667722e-01 -8.7744294e-01  5.3570000e+01]
 [-1.4736260e-02  8.8990094e-01  4.5588918e-01  1.7161000e+02]
 [ 9.8448438e-01  9.2366460e-02 -1.4834546e-01 -1.1649700e+03]
 [ 0.0000000e+00  0.0000000e+00  0.0000000e+00  1.0000000e+00]]
[+0091.49, +0029.58, -1078.83]
1547, 1525, 1059
[[-1.736650e-01  4.480222e-01 -8.766906e-01  5.373000e+01]
 [-1.381820e-02  8.892875e-01  4.570851e-01  1.716800e+02]
 [ 9.844386e-01  9.161790e-02 -1.482165e-01 -1.164940e+03]
 [ 0.000000e+00  0.000000e+00  0.000000e+00  1.000000e+00]]
[+0093.84, +0075.53, -1068.61]
1681, 1976, 1698
[[-1.7470740e-01  4.4677350e-01 -8.7721010e-01  5.3570000e+01]
 [-1.4418820e-02  8.8984284e-01  4.5600090e-01  1.7160000e+02]
 [ 9.8432526e-01  9.2402180e-02 -1.4899860e-01 -1.1649600e+03]
 [ 0.0000000e+00  0.0000000e+00  0.0000000e+00  1.0000000e+00]]
[+0090.45, +0031.36, -1078.66]
1851, 2085, 1585
[[-1.7463370e-01  4.4668522e-01 -8.7738794e-01  5.3540000e+01]
 [-1.4330540e-02  8.8991654e-01  4.5588118e-01  1.7163000e+02]
 [ 9.8444498e-01  9.2224340e-02 -1.4899860e-01 -1.1649700e+03]
 [ 0.0000000e+00  0.0000000e+00  0.0000000e+00  1.0000000e+00]]
[+0104.58, +0055.82, -1083.66]
1681, 1976, 1698
[[-1.7470506e-01  4.4668682e-01 -8.7726526e-01  5.3600000e+01]
 [-1.5580340e-02  8.8977980e-01  4.5608758e-01  1.7159000e+02]
 [ 9.8431738e-01  9.3431860e-02 -1.4846890e-01 -1.1649500e+03]
 [ 0.0000000e+00  0.0000000e+00  0.0000000e+00  1.0000000e+00]]
[+0086.80, +0030.15, -1078.65]
2157, 1486, 1943
[[-1.7686504e-01  4.4591348e-01 -8.7708680e-01  5.3440000e+01]
 [-1.4939000e-02  8.9011710e-01  4.5542560e-01  1.7148000e+02]
 [ 9.8381752e-01  9.3791360e-02 -1.5073450e-01 -1.1649100e+03]
 [ 0.0000000e+00  0.0000000e+00  0.0000000e+00  1.0000000e+00]]
[+0023.91, +0064.76, -1105.31]
1681, 1976, 1698
[[-1.7373882e-01  4.4703160e-01 -8.7725416e-01  5.3620000e+01]
 [-1.5206800e-02  8.8967960e-01  4.5629060e-01  1.7163000e+02]
 [ 9.8446984e-01  9.2709800e-02 -1.4775058e-01 -1.1649900e+03]
 [ 0.0000000e+00  0.0000000e+00  0.0000000e+00  1.0000000e+00]]
[+0094.07, +0029.26, -1079.02]
1253, 2170, 2049
[[-1.7404176e-01  4.4563408e-01 -8.7782360e-01  5.3500000e+01]
 [-1.4527600e-02  8.9044310e-01  4.5480670e-01  1.7159000e+02]
 [ 9.8435408e-01  9.2035060e-02 -1.4846890e-01 -1.1649900e+03]
 [ 0.0000000e+00  0.0000000e+00  0.0000000e+00  1.0000000e+00]]
[+0098.43, -0020.43, -1111.74]
1610, 2160, 2049
[[-1.7522890e-01  4.4607438e-01 -8.7748794e-01  5.3490000e+01]
 [-1.4794020e-02  8.9014870e-01  4.5539634e-01  1.7157000e+02]
 [ 9.8425026e-01  9.2856540e-02 -1.4936164e-01 -1.1649800e+03]
 [ 0.0000000e+00  0.0000000e+00  0.0000000e+00  1.0000000e+00]]
[+0086.25, +0003.00, -1094.64]
1253, 2170, 2049
[[-1.7344680e-01  4.4609580e-01 -8.7776040e-01  5.3550000e+01]
 [-1.4212920e-02  8.9026904e-01  4.5516680e-01  1.7163000e+02]
 [ 9.8451144e-01  9.1527920e-02 -1.4804800e-01 -1.1649800e+03]
 [ 0.0000000e+00  0.0000000e+00  0.0000000e+00  1.0000000e+00]]
[+0098.36, -0020.57, -1112.11]
1255, 2200, 1394
[[-1.7270178e-01  4.4722468e-01 -8.7740318e-01  5.3660000e+01]
 [-1.3732120e-02  8.8977272e-01  4.5616348e-01  1.7171000e+02]
 [ 9.8471198e-01  9.0905320e-02 -1.4750506e-01 -1.1650100e+03]
 [ 0.0000000e+00  0.0000000e+00  0.0000000e+00  1.0000000e+00]]
[+0138.93, +0015.35, -1100.18]
1253, 2170, 2049
[[-1.7411530e-01  4.4546174e-01 -8.7786818e-01  5.3470000e+01]
 [-1.4950300e-02  8.9048540e-01  4.5470510e-01  1.7155000e+02]
 [ 9.8430950e-01  9.2434180e-02 -1.4835306e-01 -1.1649700e+03]
 [ 0.0000000e+00  0.0000000e+00  0.0000000e+00  1.0000000e+00]]
[+0098.20, -0021.49, -1112.62]
1227, 1208, 2003
[[-1.7344144e-01  4.4774596e-01 -8.7694436e-01  5.3710000e+01]
 [-1.4492440e-02  8.8938870e-01  4.5687968e-01  1.7161000e+02]
 [ 9.8452924e-01  9.2046880e-02 -1.4774410e-01 -1.1649500e+03]
 [ 0.0000000e+00  0.0000000e+00  0.0000000e+00  1.0000000e+00]]
[+0022.65, -0011.57, -1108.53]
1253, 2170, 2049
[[-1.7456338e-01  4.4523252e-01 -8.7802762e-01  5.3430000e+01]
 [-1.4605320e-02  8.9063244e-01  4.5445212e-01  1.7154000e+02]
 [ 9.8435318e-01  9.2239080e-02 -1.4894818e-01 -1.1649500e+03]
 [ 0.0000000e+00  0.0000000e+00  0.0000000e+00  1.0000000e+00]]
[+0098.92, -0021.24, -1112.69]
1744, 1305, 2209
[[-1.7545012e-01  4.4611514e-01 -8.7732598e-01  5.3500000e+01]
 [-1.5430060e-02  8.9004332e-01  4.5556366e-01  1.7149000e+02]
 [ 9.8411458e-01  9.3582140e-02 -1.4924580e-01 -1.1649400e+03]
 [ 0.0000000e+00  0.0000000e+00  0.0000000e+00  1.0000000e+00]]
[+0009.81, +0018.26, -1118.95]
1913, 1658, 1541
[[-1.7537634e-01  4.4714374e-01 -8.7691106e-01  5.3590000e+01]
 [-1.4077540e-02  8.8965278e-01  4.5638638e-01  1.7161000e+02]
 [ 9.8423186e-01  9.2461780e-02 -1.4971012e-01 -1.1649400e+03]
 [ 0.0000000e+00  0.0000000e+00  0.0000000e+00  1.0000000e+00]]
[+0066.10, +0074.61, -1080.12]
1744, 1305, 2209
[[-1.7545012e-01  4.4630086e-01 -8.7743790e-01  5.3530000e+01]
 [-1.5318140e-02  8.8998542e-01  4.5571770e-01  1.7150000e+02]
 [ 9.8430030e-01  9.3428100e-02 -1.4930370e-01 -1.1649100e+03]
 [ 0.0000000e+00  0.0000000e+00  0.0000000e+00  1.0000000e+00]]
[+0009.76, +0017.17, -1119.34]
1574, 1124, 2070
[[-1.7411010e-01  4.4737246e-01 -8.7683028e-01  5.3680000e+01]
 [-1.4894700e-02  8.8948950e-01  4.5663940e-01  1.7158000e+02]
 [ 9.8425180e-01  9.2732280e-02 -1.4816424e-01 -1.1649400e+03]
 [ 0.0000000e+00  0.0000000e+00  0.0000000e+00  1.0000000e+00]]
[+0006.26, +0016.09, -1116.01]
1744, 1305, 2209
[[-1.7596936e-01  4.4607280e-01 -8.7747512e-01  5.3510000e+01]
 [-1.6222880e-02  8.8999520e-01  4.5567184e-01  1.7148000e+02]
 [ 9.8421560e-01  9.4440800e-02 -1.4937000e-01 -1.1649700e+03]
 [ 0.0000000e+00  0.0000000e+00  0.0000000e+00  1.0000000e+00]]
[+0009.46, +0017.63, -1119.51]
1597, 1422, 2234
[[-1.7470740e-01  4.4647594e-01 -8.7728382e-01  5.3560000e+01]
 [-1.4716380e-02  8.8995900e-01  4.5575066e-01  1.7151000e+02]
 [ 9.8425154e-01  9.2652420e-02 -1.4888244e-01 -1.1649300e+03]
 [ 0.0000000e+00  0.0000000e+00  0.0000000e+00  1.0000000e+00]]
[+0020.08, +0000.70, -1115.90]
1744, 1305, 2209
[[-1.7545012e-01  4.4667352e-01 -8.7702956e-01  5.3560000e+01]
 [-1.4797880e-02  8.8981148e-01  4.5603496e-01  1.7153000e+02]
 [ 9.8411336e-01  9.3110840e-02 -1.4947764e-01 -1.1649400e+03]
 [ 0.0000000e+00  0.0000000e+00  0.0000000e+00  1.0000000e+00]]
[+0009.61, +0019.96, -1118.12]
1385, 1129, 1478
[[-1.7381268e-01  4.4801206e-01 -8.7685478e-01  5.3750000e+01]
 [-1.4402860e-02  8.8925654e-01  4.5716134e-01  1.7163000e+02]
 [ 9.8457182e-01  9.2136460e-02 -1.4809978e-01 -1.1649500e+03]
 [ 0.0000000e+00  0.0000000e+00  0.0000000e+00  1.0000000e+00]]
[+0030.50, +0036.40, -1073.36]
1399, 1203, 1266
[[-1.7329186e-01  4.4811588e-01 -8.7672392e-01  5.3750000e+01]
 [-1.4623320e-02  8.8918264e-01  4.5726528e-01  1.7165000e+02]
 [ 9.8449928e-01  9.2182080e-02 -1.4750506e-01 -1.1650000e+03]
 [ 0.0000000e+00  0.0000000e+00  0.0000000e+00  1.0000000e+00]]
[+0052.33, +0053.63, -1063.09]
1385, 1129, 1478
[[-1.7388864e-01  4.4803808e-01 -8.7665936e-01  5.3720000e+01]
 [-1.3478240e-02  8.8930286e-01  4.5706922e-01  1.7162000e+02]
 [ 9.8442272e-01  9.1410140e-02 -1.4857234e-01 -1.1649300e+03]
 [ 0.0000000e+00  0.0000000e+00  0.0000000e+00  1.0000000e+00]]
[+0029.78, +0038.39, -1073.74]
1693, 787, 1378
[[-1.7418400e-01  4.4820424e-01 -8.7646768e-01  5.3740000e+01]
 [-1.4239280e-02  8.8912430e-01  4.5738464e-01  1.7161000e+02]
 [ 9.8431696e-01  9.2284480e-02 -1.4845554e-01 -1.1649500e+03]
 [ 0.0000000e+00  0.0000000e+00  0.0000000e+00  1.0000000e+00]]
[+0002.94, +0082.11, -1107.31]
1385, 1129, 1478
[[-1.7358920e-01  4.4784768e-01 -8.7692304e-01  5.3720000e+01]
 [-1.4891520e-02  8.8929920e-01  4.5705184e-01  1.7161000e+02]
 [ 9.8455056e-01  9.2469440e-02 -1.4768584e-01 -1.1649600e+03]
 [ 0.0000000e+00  0.0000000e+00  0.0000000e+00  1.0000000e+00]]
[+0031.81, +0036.15, -1072.69]
918, 754, 1314
[[-1.7210290e-01  4.4929876e-01 -8.7637318e-01  5.3920000e+01]
 [-1.3662200e-02  8.8871480e-01  4.5820700e-01  1.7168000e+02]
 [ 9.8473990e-01  9.0944680e-02 -1.4678394e-01 -1.1649400e+03]
 [ 0.0000000e+00  0.0000000e+00  0.0000000e+00  1.0000000e+00]]
[+0015.24, +0007.47, -1074.64]
1385, 1129, 1478
[[-1.7344144e-01  4.4800640e-01 -8.7672184e-01  5.3720000e+01]
 [-1.4158160e-02  8.8927206e-01  4.5710090e-01  1.7161000e+02]
 [ 9.8445440e-01  9.1825660e-02 -1.4786074e-01 -1.1649300e+03]
 [ 0.0000000e+00  0.0000000e+00  0.0000000e+00  1.0000000e+00]]
[+0031.13, +0037.12, -1072.83]
2097, 1883, 1426
[[-1.7560026e-01  4.4630358e-01 -8.7724952e-01  5.3510000e+01]
 [-1.4667580e-02  8.9001702e-01  4.5564912e-01  1.7161000e+02]
 [ 9.8414352e-01  9.2975120e-02 -1.4971728e-01 -1.1649800e+03]
 [ 0.0000000e+00  0.0000000e+00  0.0000000e+00  1.0000000e+00]]
[+0088.13, +0087.95, -1090.24]
1146, 1154, 2096
[[-1.7403624e-01  4.4698680e-01 -8.7708192e-01  5.3650000e+01]
 [-1.5103920e-02  8.8967960e-01  4.5626944e-01  1.7154000e+02]
 [ 9.8429760e-01  9.2804800e-02 -1.4804800e-01 -1.1649200e+03]
 [ 0.0000000e+00  0.0000000e+00  0.0000000e+00  1.0000000e+00]]
[+0018.09, -0022.13, -1127.78]
2097, 1883, 1426
[[-1.7560026e-01  4.4645242e-01 -8.7721266e-01  5.3510000e+01]
 [-1.4518740e-02  8.8995900e-01  4.5577418e-01  1.7162000e+02]
 [ 9.8418038e-01  9.2850060e-02 -1.4977530e-01 -1.1649500e+03]
 [ 0.0000000e+00  0.0000000e+00  0.0000000e+00  1.0000000e+00]]
[+0088.29, +0087.79, -1090.08]
1830, 1717, 868
[[-1.7351530e-01  4.4798290e-01 -8.7672960e-01  5.3740000e+01]
 [-1.4432020e-02  8.8925654e-01  4.5712440e-01  1.7170000e+02]
 [ 9.8444664e-01  9.2099520e-02 -1.4780240e-01 -1.1649600e+03]
 [ 0.0000000e+00  0.0000000e+00  0.0000000e+00  1.0000000e+00]]
[+0113.65, +0101.70, -1097.32]
2097, 1883, 1426
[[-1.7552656e-01  4.4632736e-01 -8.7724168e-01  5.3500000e+01]
 [-1.4393680e-02  8.9003270e-01  4.5562534e-01  1.7160000e+02]
 [ 9.8415136e-01  9.2701220e-02 -1.4977530e-01 -1.1649700e+03]
 [ 0.0000000e+00  0.0000000e+00  0.0000000e+00  1.0000000e+00]]
[+0087.49, +0087.16, -1089.90]
2199, 1742, 1418
[[-1.7597170e-01  4.4653274e-01 -8.7701098e-01  5.3530000e+01]
 [-1.4541020e-02  8.8988526e-01  4.5590186e-01  1.7159000e+02]
 [ 9.8403674e-01  9.3093820e-02 -1.5007300e-01 -1.1649400e+03]
 [ 0.0000000e+00  0.0000000e+00  0.0000000e+00  1.0000000e+00]]
[+0071.54, +0096.55, -1096.73]
2097, 1883, 1426
[[-1.7470740e-01  4.4692228e-01 -8.7717324e-01  5.3590000e+01]
 [-1.4270040e-02  8.8978470e-01  4.5612602e-01  1.7164000e+02]
 [ 9.8436212e-01  9.2277060e-02 -1.4905674e-01 -1.1649500e+03]
 [ 0.0000000e+00  0.0000000e+00  0.0000000e+00  1.0000000e+00]]
[+0088.09, +0085.21, -1089.71]
950, 766, 1772
[[-1.7277124e-01  4.4885120e-01 -8.7659368e-01  5.3850000e+01]
 [-1.4286320e-02  8.8887510e-01  4.5789926e-01  1.7164000e+02]
 [ 9.8472320e-01  9.1697500e-02 -1.4714410e-01 -1.1649500e+03]
 [ 0.0000000e+00  0.0000000e+00  0.0000000e+00  1.0000000e+00]]
[+0000.92, -0015.51, -1120.24]
790, 813, 1750
[[-1.7292066e-01  4.4903894e-01 -8.7651794e-01  5.3880000e+01]
 [-1.3523740e-02  8.8884732e-01  4.5798538e-01  1.7168000e+02]
 [ 9.8475214e-01  9.1090780e-02 -1.4761698e-01 -1.1649300e+03]
 [ 0.0000000e+00  0.0000000e+00  0.0000000e+00  1.0000000e+00]]
[+0014.67, -0030.86, -1118.43]
950, 766, 1772
[[-1.7292066e-01  4.4859302e-01 -8.7662876e-01  5.3790000e+01]
 [-1.3969660e-02  8.8902294e-01  4.5760972e-01  1.7161000e+02]
 [ 9.8464132e-01  9.1466440e-02 -1.4744136e-01 -1.1649400e+03]
 [ 0.0000000e+00  0.0000000e+00  0.0000000e+00  1.0000000e+00]]
[+0000.75, -0014.46, -1119.75]
1257, 1851, 1893
[[-1.7403866e-01  4.4684952e-01 -8.7739830e-01  5.3590000e+01]
 [-1.4313600e-02  8.8985840e-01  4.5599080e-01  1.7157000e+02]
 [ 9.8452902e-01  9.1967360e-02 -1.4846170e-01 -1.1649600e+03]
 [ 0.0000000e+00  0.0000000e+00  0.0000000e+00  1.0000000e+00]]
[+0080.20, -0016.60, -1094.44]
950, 766, 1772
[[-1.7210290e-01  4.4892694e-01 -8.7678122e-01  5.3870000e+01]
 [-1.4181860e-02  8.8889054e-01  4.5788974e-01  1.7166000e+02]
 [ 9.8492618e-01  9.1261940e-02 -1.4660820e-01 -1.1649800e+03]
 [ 0.0000000e+00  0.0000000e+00  0.0000000e+00  1.0000000e+00]]
[+0002.77, -0013.52, -1117.75]
1109, 835, 752
[[-1.7284522e-01  4.4949692e-01 -8.7611920e-01  5.3890000e+01]
 [-1.3743080e-02  8.8856688e-01  4.5849020e-01  1.7170000e+02]
 [ 9.8460320e-01  9.1403800e-02 -1.4737834e-01 -1.1649400e+03]
 [ 0.0000000e+00  0.0000000e+00  0.0000000e+00  1.0000000e+00]]
[+0059.32, +0077.80, -1050.58]
950, 766, 1772
[[-1.7284680e-01  4.4835608e-01 -8.7684356e-01  5.3790000e+01]
 [-1.4030000e-02  8.8915526e-01  4.5736508e-01  1.7160000e+02]
 [ 9.8472380e-01  9.1413800e-02 -1.4738290e-01 -1.1649400e+03]
 [ 0.0000000e+00  0.0000000e+00  0.0000000e+00  1.0000000e+00]]
[+0000.64, -0015.85, -1120.90]
1972, 760, 1177
[[-1.7485492e-01  4.4814018e-01 -8.7655922e-01  5.3720000e+01]
 [-1.3405020e-02  8.8922908e-01  4.5724098e-01  1.7160000e+02]
 [ 9.8438102e-01  9.1757220e-02 -1.4946484e-01 -1.1649000e+03]
 [ 0.0000000e+00  0.0000000e+00  0.0000000e+00  1.0000000e+00]]
[+0016.48, +0112.32, -1127.77]
2165, 847, 1119
[[-1.7470506e-01  4.4750550e-01 -8.7674610e-01  5.3650000e+01]
 [-1.4613900e-02  8.8943132e-01  4.5678022e-01  1.7159000e+02]
 [ 9.8424150e-01  9.2739220e-02 -1.4881738e-01 -1.1649500e+03]
 [ 0.0000000e+00  0.0000000e+00  0.0000000e+00  1.0000000e+00]]
[+0030.11, +0120.40, -1135.61]
1972, 760, 1177
[[-1.7403450e-01  4.4831360e-01 -8.7646990e-01  5.3770000e+01]
 [-1.4704400e-02  8.8903472e-01  4.5754912e-01  1.7162000e+02]
 [ 9.8436190e-01  9.2640880e-02 -1.4809978e-01 -1.1649300e+03]
 [ 0.0000000e+00  0.0000000e+00  0.0000000e+00  1.0000000e+00]]
[+0018.40, +0108.61, -1123.93]
1855, 1076, 1268
[[-1.7425988e-01  4.4785806e-01 -8.7668034e-01  5.3720000e+01]
 [-1.3834740e-02  8.8934588e-01  4.5697538e-01  1.7162000e+02]
 [ 9.8435454e-01  9.1875220e-02 -1.4875300e-01 -1.1649200e+03]
 [ 0.0000000e+00  0.0000000e+00  0.0000000e+00  1.0000000e+00]]
[+0034.81, +0093.42, -1092.44]
1972, 760, 1177
[[-1.7485290e-01  4.4816500e-01 -8.7642820e-01  5.3740000e+01]
 [-1.4380840e-02  8.8910870e-01  4.5742388e-01  1.7161000e+02]
 [ 9.8426188e-01  9.2690600e-02 -1.4899216e-01 -1.1649600e+03]
 [ 0.0000000e+00  0.0000000e+00  0.0000000e+00  1.0000000e+00]]
[+0016.99, +0111.42, -1126.74]
1844, 814, 828
[[-1.7336580e-01  4.4920774e-01 -8.7613858e-01  5.3830000e+01]
 [-1.3633940e-02  8.8869948e-01  4.5823174e-01  1.7168000e+02]
 [ 9.8448998e-01  9.1512940e-02 -1.4791428e-01 -1.1649200e+03]
 [ 0.0000000e+00  0.0000000e+00  0.0000000e+00  1.0000000e+00]]
[+0042.62, +0124.34, -1111.25]
1972, 760, 1177
[[-1.7515044e-01  4.4804538e-01 -8.7659026e-01  5.3710000e+01]
 [-1.4500460e-02  8.8916700e-01  4.5733578e-01  1.7160000e+02]
 [ 9.8434998e-01  9.2852660e-02 -1.4923140e-01 -1.1649400e+03]
 [ 0.0000000e+00  0.0000000e+00  0.0000000e+00  1.0000000e+00]]
[+0016.95, +0111.79, -1126.92]
1738, 2241, 1103
[[-1.7575060e-01  4.4608246e-01 -8.7743258e-01  5.3480000e+01]
 [-1.4388460e-02  8.9016438e-01  4.5538826e-01  1.7170000e+02]
 [ 9.8421058e-01  9.2714260e-02 -1.5001498e-01 -1.1649400e+03]
 [ 0.0000000e+00  0.0000000e+00  0.0000000e+00  1.0000000e+00]]
[+0140.70, +0065.98, -1104.94]
2150, 1957, 1101
[[-1.7649348e-01  4.4628000e-01 -8.7717800e-01  5.3480000e+01]
 [-1.4470000e-02  8.9001702e-01  4.5567270e-01  1.7163000e+02]
 [ 9.8407200e-01  9.3172700e-02 -1.5061050e-01 -1.1649700e+03]
 [ 0.0000000e+00  0.0000000e+00  0.0000000e+00  1.0000000e+00]]
[+0106.88, +0102.06, -1106.93]
1738, 2241, 1103
[[-1.7515524e-01  4.4621010e-01 -8.7729446e-01  5.3490000e+01]
 [-1.4334460e-02  8.9010636e-01  4.5546870e-01  1.7173000e+02]
 [ 9.8414610e-01  9.2486540e-02 -1.4947764e-01 -1.1649500e+03]
 [ 0.0000000e+00  0.0000000e+00  0.0000000e+00  1.0000000e+00]]
[+0140.95, +0066.58, -1105.50]
1216, 1481, 1103
[[-1.7351530e-01  4.4842894e-01 -8.7661878e-01  5.3750000e+01]
 [-1.3985980e-02  8.8908140e-01  4.5749994e-01  1.7170000e+02]
 [ 9.8455746e-01  9.1723980e-02 -1.4797754e-01 -1.1649400e+03]
 [ 0.0000000e+00  0.0000000e+00  0.0000000e+00  1.0000000e+00]]
[+0097.25, +0040.90, -1059.37]
1738, 2241, 1103
[[-1.7604834e-01  4.4607464e-01 -8.7740876e-01  5.3460000e+01]
 [-1.4322640e-02  8.9016438e-01  4.5539608e-01  1.7171000e+02]
 [ 9.8418676e-01  9.2780080e-02 -1.5031272e-01 -1.1649900e+03]
 [ 0.0000000e+00  0.0000000e+00  0.0000000e+00  1.0000000e+00]]
[+0140.33, +0067.67, -1105.68]
1740, 2239, 2186
[[-1.7545290e-01  4.4527088e-01 -8.7797496e-01  5.3370000e+01]
 [-1.5420960e-02  8.9051166e-01  4.5468772e-01  1.7150000e+02]
 [ 9.8431112e-01  9.3341160e-02 -1.4937000e-01 -1.1649800e+03]
 [ 0.0000000e+00  0.0000000e+00  0.0000000e+00  1.0000000e+00]]
[+0082.62, +0002.55, -1098.87]
1738, 2241, 1103
[[-1.7500498e-01  4.4650496e-01 -8.7740894e-01  5.3510000e+01]
 [-1.4687360e-02  8.8995900e-01  4.5578752e-01  1.7171000e+02]
 [ 9.8437666e-01  9.2689280e-02 -1.4918002e-01 -1.1650000e+03]
 [ 0.0000000e+00  0.0000000e+00  0.0000000e+00  1.0000000e+00]]
[+0139.51, +0067.26, -1105.12]
1793, 2120, 1323
[[-1.7478114e-01  4.4671296e-01 -8.7706914e-01  5.3580000e+01]
 [-1.4655840e-02  8.8982720e-01  4.5599552e-01  1.7164000e+02]
 [ 9.8416866e-01  9.2705120e-02 -1.4894050e-01 -1.1649600e+03]
 [ 0.0000000e+00  0.0000000e+00  0.0000000e+00  1.0000000e+00]]
[+0117.45, +0064.33, -1088.44]
1143, 911, 1326
[[-1.7344144e-01  4.4874980e-01 -8.7653724e-01  5.3800000e+01]
 [-1.3414760e-02  8.8897976e-01  4.5772680e-01  1.7165000e+02]
 [ 9.8463900e-01  9.1199760e-02 -1.4815304e-01 -1.1649000e+03]
 [ 0.0000000e+00  0.0000000e+00  0.0000000e+00  1.0000000e+00]]
[+0023.18, +0027.61, -1069.16]
1793, 2120, 1323
[[-1.7515524e-01  4.4650774e-01 -8.7722082e-01  5.3530000e+01]
 [-1.4036820e-02  8.8999020e-01  4.5571886e-01  1.7166000e+02]
 [ 9.8421974e-01  9.2236380e-02 -1.4959380e-01 -1.1649600e+03]
 [ 0.0000000e+00  0.0000000e+00  0.0000000e+00  1.0000000e+00]]
[+0122.92, +0064.11, -1090.02]
1638, 2202, 1320
[[-1.7500498e-01  4.4676570e-01 -8.7718642e-01  5.3560000e+01]
 [-1.4352900e-02  8.8984284e-01  4.5600870e-01  1.7168000e+02]
 [ 9.8430158e-01  9.2468100e-02 -1.4929618e-01 -1.1649500e+03]
 [ 0.0000000e+00  0.0000000e+00  0.0000000e+00  1.0000000e+00]]
[+0133.40, +0048.68, -1094.21]
1793, 2120, 1323
[[-1.7463370e-01  4.4679716e-01 -8.7720232e-01  5.3570000e+01]
 [-1.4144920e-02  8.8985840e-01  4.5597724e-01  1.7166000e+02]
 [ 9.8433304e-01  9.2128280e-02 -1.4905674e-01 -1.1649800e+03]
 [ 0.0000000e+00  0.0000000e+00  0.0000000e+00  1.0000000e+00]]
[+0120.13, +0064.86, -1089.66]
1789, 2122, 1551
[[-1.7522632e-01  4.4654580e-01 -8.7724692e-01  5.3540000e+01]
 [-1.5323400e-02  8.8985366e-01  4.5595470e-01  1.7161000e+02]
 [ 9.8424108e-01  9.3414900e-02 -1.4906402e-01 -1.1649700e+03]
 [ 0.0000000e+00  0.0000000e+00  0.0000000e+00  1.0000000e+00]]
[+0106.92, +0049.48, -1084.25]
1793, 2120, 1323
[[-1.7500498e-01  4.4691450e-01 -8.7714956e-01  5.3580000e+01]
 [-1.4204100e-02  8.8978470e-01  4.5613380e-01  1.7166000e+02]
 [ 9.8433844e-01  9.2343000e-02 -1.4935432e-01 -1.1649600e+03]
 [ 0.0000000e+00  0.0000000e+00  0.0000000e+00  1.0000000e+00]]
[+0121.75, +0065.24, -1090.56]
1571, 910, 1801
[[-1.7411010e-01  4.4785556e-01 -8.7686818e-01  5.3700000e+01]
 [-1.4485480e-02  8.8931484e-01  4.5704396e-01  1.7160000e+02]
 [ 9.8451134e-01  9.2327720e-02 -1.4833890e-01 -1.1649400e+03]
 [ 0.0000000e+00  0.0000000e+00  0.0000000e+00  1.0000000e+00]]
[-0003.88, +0036.64, -1112.99]
938, 1533, 1273
[[-1.7336762e-01  4.4862462e-01 -8.7656652e-01  5.3800000e+01]
 [-1.3289580e-02  8.8905358e-01  4.5757812e-01  1.7171000e+02]
 [ 9.8460972e-01  9.1051080e-02 -1.4815304e-01 -1.1649400e+03]
 [ 0.0000000e+00  0.0000000e+00  0.0000000e+00  1.0000000e+00]]
[+0102.98, -0002.31, -1070.16]
1571, 910, 1801
[[-1.7477896e-01  4.4766756e-01 -8.7686576e-01  5.3670000e+01]
 [-1.4775960e-02  8.8935742e-01  4.5695808e-01  1.7158000e+02]
 [ 9.8441936e-01  9.2858880e-02 -1.4881738e-01 -1.1649400e+03]
 [ 0.0000000e+00  0.0000000e+00  0.0000000e+00  1.0000000e+00]]
[-0005.76, +0038.22, -1115.24]
1733, 1166, 1908
[[-1.7478114e-01  4.4674984e-01 -8.7721792e-01  5.3570000e+01]
 [-1.4692720e-02  8.8982720e-01  4.5602456e-01  1.7153000e+02]
 [ 9.8431744e-01  9.2676080e-02 -1.4894050e-01 -1.1649600e+03]
 [ 0.0000000e+00  0.0000000e+00  0.0000000e+00  1.0000000e+00]]
[+0006.85, +0038.71, -1106.70]
1571, 910, 1801
[[-1.7418400e-01  4.4794376e-01 -8.7669032e-01  5.3720000e+01]
 [-1.4573680e-02  8.8924094e-01  4.5716354e-01  1.7161000e+02]
 [ 9.8439176e-01  9.2505580e-02 -1.4833890e-01 -1.1649500e+03]
 [ 0.0000000e+00  0.0000000e+00  0.0000000e+00  1.0000000e+00]]
[-0002.83, +0037.22, -1112.36]
1476, 918, 1923
[[-1.7425988e-01  4.4744874e-01 -8.7693978e-01  5.3660000e+01]
 [-1.4317860e-02  8.8952078e-01  4.5662914e-01  1.7155000e+02]
 [ 9.8439258e-01  9.2221460e-02 -1.4857810e-01 -1.1649000e+03]
 [ 0.0000000e+00  0.0000000e+00  0.0000000e+00  1.0000000e+00]]
[-0005.47, +0020.17, -1122.36]
1571, 910, 1801
[[-1.755220e-01  4.478280e-01 -8.764626e-01  5.369000e+01]
 [-1.482000e-02  8.892095e-01  4.572132e-01  1.715900e+02]
 [ 9.841326e-01  9.334680e-02 -1.494125e-01 -1.164920e+03]
 [ 0.000000e+00  0.000000e+00  0.000000e+00  1.000000e+00]]
[-0003.27, +0038.34, -1112.89]
1806, 1452, 1888
[[-1.7492874e-01  4.4670252e-01 -8.7723368e-01  5.3560000e+01]
 [-1.5240520e-02  8.8979568e-01  4.5607188e-01  1.7156000e+02]
 [ 9.8430168e-01  9.3223880e-02 -1.4882442e-01 -1.1649600e+03]
 [ 0.0000000e+00  0.0000000e+00  0.0000000e+00  1.0000000e+00]]
[+0027.17, +0041.12, -1091.90]
1517, 1211, 992
[[-1.7344144e-01  4.4860112e-01 -8.7657416e-01  5.3770000e+01]
 [-1.3563440e-02  8.8903830e-01  4.5760162e-01  1.7168000e+02]
 [ 9.8460208e-01  9.1324940e-02 -1.4809450e-01 -1.1649600e+03]
 [ 0.0000000e+00  0.0000000e+00  0.0000000e+00  1.0000000e+00]]
[+0070.11, +0086.43, -1066.95]
1806, 1452, 1888
[[-1.7522632e-01  4.4669460e-01 -8.7721000e-01  5.3540000e+01]
 [-1.5174600e-02  8.8979568e-01  4.5607980e-01  1.7153000e+02]
 [ 9.8427800e-01  9.3289800e-02 -1.4912200e-01 -1.1649400e+03]
 [ 0.0000000e+00  0.0000000e+00  0.0000000e+00  1.0000000e+00]]
[+0026.65, +0040.11, -1092.12]
2054, 1134, 1893
[[-1.7664100e-01  4.4623220e-01 -8.7719380e-01  5.3490000e+01]
 [-1.5017800e-02  8.8998542e-01  4.5572050e-01  1.7148000e+02]
 [ 9.8405620e-01  9.3720500e-02 -1.5049458e-01 -1.1649200e+03]
 [ 0.0000000e+00  0.0000000e+00  0.0000000e+00  1.0000000e+00]]
[+0005.82, +0065.46, -1120.56]
1806, 1452, 1888
[[-1.7485492e-01  4.4698684e-01 -8.7700320e-01  5.3600000e+01]
 [-1.4632160e-02  8.8969532e-01  4.5626940e-01  1.7157000e+02]
 [ 9.8423460e-01  9.2728800e-02 -1.4899860e-01 -1.1649200e+03]
 [ 0.0000000e+00  0.0000000e+00  0.0000000e+00  1.0000000e+00]]
[+0029.68, +0035.97, -1091.07]
1941, 1556, 1816
[[-1.7485492e-01  4.4683806e-01 -8.7704010e-01  5.3580000e+01]
 [-1.4780940e-02  8.8975342e-01  4.5614430e-01  1.7158000e+02]
 [ 9.8419770e-01  9.2853900e-02 -1.4894050e-01 -1.1649600e+03]
 [ 0.0000000e+00  0.0000000e+00  0.0000000e+00  1.0000000e+00]]
[+0041.90, +0055.41, -1086.73]
1806, 1452, 1888
[[-1.7448360e-01  4.4705520e-01 -8.7716780e-01  5.3610000e+01]
 [-1.4461120e-02  8.8971096e-01  4.5626700e-01  1.7157000e+02]
 [ 9.8441484e-01  9.2359880e-02 -1.4875920e-01 -1.1649500e+03]
 [ 0.0000000e+00  0.0000000e+00  0.0000000e+00  1.0000000e+00]]
[+0028.31, +0036.24, -1091.66]
1085, 1636, 2132
[[-1.7381490e-01  4.4679690e-01 -8.7728090e-01  5.3620000e+01]
 [-1.4616580e-02  8.8984284e-01  4.5597750e-01  1.7156000e+02]
 [ 9.8439606e-01  9.2204420e-02 -1.4810610e-01 -1.1649600e+03]
 [ 0.0000000e+00  0.0000000e+00  0.0000000e+00  1.0000000e+00]]
[+0056.90, -0035.86, -1122.09]
2117, 1751, 2018
[[-1.7671760e-01  4.4584932e-01 -8.7725676e-01  5.3460000e+01]
 [-1.4577000e-02  8.9020664e-01  4.5528168e-01  1.7154000e+02]
 [ 9.8394540e-01  9.3339600e-02 -1.5079240e-01 -1.1649400e+03]
 [ 0.0000000e+00  0.0000000e+00  0.0000000e+00  1.0000000e+00]]
[+0042.46, +0054.99, -1094.15]
1085, 1636, 2132
[[-1.7359122e-01  4.4692990e-01 -8.7727536e-01  5.3630000e+01]
 [-1.4807700e-02  8.8976910e-01  4.5611840e-01  1.7156000e+02]
 [ 9.8444864e-01  9.2287200e-02 -1.4780868e-01 -1.1649600e+03]
 [ 0.0000000e+00  0.0000000e+00  0.0000000e+00  1.0000000e+00]]
[+0056.32, -0035.71, -1122.49]
989, 1429, 1050
[[-1.7247402e-01  4.4885894e-01 -8.7661704e-01  5.3840000e+01]
 [-1.4352540e-02  8.8887510e-01  4.5789152e-01  1.7170000e+02]
 [ 9.8474656e-01  9.1631280e-02 -1.4684688e-01 -1.1649700e+03]
 [ 0.0000000e+00  0.0000000e+00  0.0000000e+00  1.0000000e+00]]
[+0106.27, +0020.56, -1059.34]
1085, 1636, 2132
[[-1.7388864e-01  4.4636408e-01 -8.7754808e-01  5.3550000e+01]
 [-1.5373520e-02  8.9000126e-01  4.5565448e-01  1.7152000e+02]
 [ 9.8442632e-01  9.2824880e-02 -1.4787394e-01 -1.1649500e+03]
 [ 0.0000000e+00  0.0000000e+00  0.0000000e+00  1.0000000e+00]]
[+0057.67, -0035.79, -1122.17]
1107, 1462, 2163
[[-1.7478114e-01  4.4663794e-01 -8.7740358e-01  5.3570000e+01]
 [-1.4878380e-02  8.8988526e-01  4.5592846e-01  1.7151000e+02]
 [ 9.8442934e-01  9.2772180e-02 -1.4888244e-01 -1.1649000e+03]
 [ 0.0000000e+00  0.0000000e+00  0.0000000e+00  1.0000000e+00]]
[+0041.34, -0032.35, -1125.60]
1085, 1636, 2132
[[-1.7299912e-01  4.4718024e-01 -8.7723108e-01  5.3630000e+01]
 [-1.3629360e-02  8.8977272e-01  4.5614196e-01  1.7158000e+02]
 [ 9.8453988e-01  9.1000440e-02 -1.4780240e-01 -1.1649500e+03]
 [ 0.0000000e+00  0.0000000e+00  0.0000000e+00  1.0000000e+00]]
[+0057.85, -0034.89, -1120.78]
1039, 2160, 1844
[[-1.7329384e-01  4.4693772e-01 -8.7729884e-01  5.3630000e+01]
 [-1.4873640e-02  8.8976910e-01  4.5611058e-01  1.7169000e+02]
 [ 9.8447212e-01  9.2221260e-02 -1.4751130e-01 -1.1649800e+03]
 [ 0.0000000e+00  0.0000000e+00  0.0000000e+00  1.0000000e+00]]
[+0116.61, -0022.88, -1117.63]
1427, 1316, 1842
[[-1.7381268e-01  4.4771466e-01 -8.7692866e-01  5.3670000e+01]
 [-1.4700260e-02  8.8937310e-01  4.5691098e-01  1.7161000e+02]
 [ 9.8449794e-01  9.2386820e-02 -1.4798322e-01 -1.1649700e+03]
 [ 0.0000000e+00  0.0000000e+00  0.0000000e+00  1.0000000e+00]]
[+0027.70, +0014.65, -1088.58]
1039, 2160, 1844
[[-1.7344378e-01  4.4682820e-01 -8.7729664e-01  5.3630000e+01]
 [-1.4408600e-02  8.8985840e-01  4.5594620e-01  1.7168000e+02]
 [ 9.8442736e-01  9.1864600e-02 -1.4786682e-01 -1.1649800e+03]
 [ 0.0000000e+00  0.0000000e+00  0.0000000e+00  1.0000000e+00]]
[+0115.99, -0023.41, -1117.42]
1039, 2161, 1115
[[-1.7322010e-01  4.4770458e-01 -8.7710674e-01  5.3710000e+01]
 [-1.3856340e-02  8.8949340e-01  4.5671322e-01  1.7173000e+02]
 [ 9.8466422e-01  9.1321260e-02 -1.4786074e-01 -1.1649800e+03]
 [ 0.0000000e+00  0.0000000e+00  0.0000000e+00  1.0000000e+00]]
[+0155.13, +0016.79, -1110.62]
1039, 2160, 1844
[[-1.7381780e-01  4.4621328e-01 -8.7770784e-01  5.3540000e+01]
 [-1.4272320e-02  8.9019550e-01  4.5532326e-01  1.7159000e+02]
 [ 9.8451696e-01  9.1742460e-02 -1.4834546e-01 -1.1649600e+03]
 [ 0.0000000e+00  0.0000000e+00  0.0000000e+00  1.0000000e+00]]
[+0115.27, -0024.56, -1118.73]
754, 2029, 1843
[[-1.7188362e-01  4.4737292e-01 -8.7744404e-01  5.3720000e+01]
 [-1.4055320e-02  8.8969910e-01  4.5628916e-01  1.7165000e+02]
 [ 9.8481116e-01  9.0856040e-02 -1.4661328e-01 -1.1649900e+03]
 [ 0.0000000e+00  0.0000000e+00  0.0000000e+00  1.0000000e+00]]
[+0111.28, -0037.94, -1133.08]
1039, 2160, 1844
[[-1.7411530e-01  4.4605678e-01 -8.7772106e-01  5.3510000e+01]
 [-1.4355260e-02  8.9025356e-01  4.5520582e-01  1.7158000e+02]
 [ 9.8445662e-01  9.1933460e-02 -1.4858490e-01 -1.1649600e+03]
 [ 0.0000000e+00  0.0000000e+00  0.0000000e+00  1.0000000e+00]]
[+0114.96, -0023.79, -1118.19]
1048, 1224, 1963
[[-1.7344378e-01  4.4757170e-01 -8.7711244e-01  5.3670000e+01]
 [-1.3665100e-02  8.8956710e-01  4.5657220e-01  1.7157000e+02]
 [ 9.8461156e-01  9.1238600e-02 -1.4815812e-01 -1.1649400e+03]
 [ 0.0000000e+00  0.0000000e+00  0.0000000e+00  1.0000000e+00]]
[+0030.41, -0028.07, -1114.83]
791, 1344, 1366
[[-1.7232618e-01  4.4875702e-01 -8.7663858e-01  5.3850000e+01]
 [-1.3953420e-02  8.8896444e-01  4.5771958e-01  1.7171000e+02]
 [ 9.8472502e-01  9.1208820e-02 -1.4690538e-01 -1.1649600e+03]
 [ 0.0000000e+00  0.0000000e+00  0.0000000e+00  1.0000000e+00]]
[+0082.96, -0023.01, -1076.28]
1048, 1224, 1963
[[-1.7329384e-01  4.4738376e-01 -8.7718820e-01  5.3670000e+01]
 [-1.4427600e-02  8.8959456e-01  4.5648624e-01  1.7156000e+02]
 [ 9.8458276e-01  9.1845600e-02 -1.4768584e-01 -1.1649500e+03]
 [ 0.0000000e+00  0.0000000e+00  0.0000000e+00  1.0000000e+00]]
[+0030.29, -0028.15, -1115.09]
2001, 1442, 1596
[[-1.7545012e-01  4.4711998e-01 -8.7691886e-01  5.3590000e+01]
 [-1.4351420e-02  8.8963718e-01  4.5641014e-01  1.7159000e+02]
 [ 9.8422406e-01  9.2735660e-02 -1.4965194e-01 -1.1649500e+03]
 [ 0.0000000e+00  0.0000000e+00  0.0000000e+00  1.0000000e+00]]
[+0041.11, +0082.00, -1091.31]
1048, 1224, 1963
[[-1.7329384e-01  4.4764424e-01 -8.7696576e-01  5.3690000e+01]
 [-1.4093360e-02  8.8947800e-01  4.5670752e-01  1.7159000e+02]
 [ 9.8450784e-01  9.1624320e-02 -1.4780240e-01 -1.1649300e+03]
 [ 0.0000000e+00  0.0000000e+00  0.0000000e+00  1.0000000e+00]]
[+0029.92, -0028.29, -1115.28]
1023, 1410, 2011
[[-1.7329384e-01  4.4742064e-01 -8.7733688e-01  5.3680000e+01]
 [-1.4464480e-02  8.8959456e-01  4.5651536e-01  1.7158000e+02]
 [ 9.8473144e-01  9.1816480e-02 -1.4768584e-01 -1.1649500e+03]
 [ 0.0000000e+00  0.0000000e+00  0.0000000e+00  1.0000000e+00]]
[+0046.09, -0035.38, -1117.56]
1048, 1224, 1963
[[-1.7307028e-01  4.4747986e-01 -8.7703386e-01  5.3700000e+01]
 [-1.4581940e-02  8.8952078e-01  4.5659802e-01  1.7157000e+02]
 [ 9.8448666e-01  9.1957380e-02 -1.4738850e-01 -1.1649400e+03]
 [ 0.0000000e+00  0.0000000e+00  0.0000000e+00  1.0000000e+00]]
[+0030.27, -0026.53, -1113.44]
1649, 1711, 1354
[[-1.7500498e-01  4.4732404e-01 -8.7689018e-01  5.3640000e+01]
 [-1.3720840e-02  8.8961004e-01  4.5647996e-01  1.7165000e+02]
 [ 9.8430022e-01  9.1996840e-02 -1.4952898e-01 -1.1649400e+03]
 [ 0.0000000e+00  0.0000000e+00  0.0000000e+00  1.0000000e+00]]
[+0089.40, +0062.37, -1071.42]
1796, 1847, 1370
[[-1.7456004e-01  4.4696960e-01 -8.7715776e-01  5.3590000e+01]
 [-1.3722240e-02  8.8981566e-01  4.5607870e-01  1.7163000e+02]
 [ 9.8437760e-01  9.1729260e-02 -1.4917314e-01 -1.1649700e+03]
 [ 0.0000000e+00  0.0000000e+00  0.0000000e+00  1.0000000e+00]]
[+0096.72, +0070.51, -1078.19]
1649, 1711, 1354
[[-1.7381268e-01  4.4756596e-01 -8.7696560e-01  5.3670000e+01]
 [-1.4848960e-02  8.8943132e-01  4.5678580e-01  1.7166000e+02]
 [ 9.8446100e-01  9.2512000e-02 -1.4792500e-01 -1.1649600e+03]
 [ 0.0000000e+00  0.0000000e+00  0.0000000e+00  1.0000000e+00]]
[+0087.64, +0061.23, -1071.03]
1300, 2060, 1574
[[-1.7433370e-01  4.4701584e-01 -8.7720708e-01  5.3620000e+01]
 [-1.5074880e-02  8.8967960e-01  4.5630636e-01  1.7164000e+02]
 [ 9.8442276e-01  9.2841720e-02 -1.4834546e-01 -1.1649700e+03]
 [ 0.0000000e+00  0.0000000e+00  0.0000000e+00  1.0000000e+00]]
[+0118.97, +0004.59, -1090.01]
1649, 1711, 1354
[[-1.7448146e-01  4.4752668e-01 -8.7692634e-01  5.3650000e+01]
 [-1.4990760e-02  8.8941560e-01  4.5682508e-01  1.7165000e+02]
 [ 9.8440602e-01  9.2917960e-02 -1.4846170e-01 -1.1649400e+03]
 [ 0.0000000e+00  0.0000000e+00  0.0000000e+00  1.0000000e+00]]
[+0086.97, +0063.60, -1071.30]
1776, 1512, 1869
[[-1.7500498e-01  4.4661690e-01 -8.7722328e-01  5.3550000e+01]
 [-1.4501700e-02  8.8990094e-01  4.5588360e-01  1.7155000e+02]
 [ 9.8426472e-01  9.2593200e-02 -1.4923808e-01 -1.1649500e+03]
 [ 0.0000000e+00  0.0000000e+00  0.0000000e+00  1.0000000e+00]]
[+0031.88, +0039.04, -1088.57]
1649, 1711, 1354
[[-1.7388864e-01  4.4751696e-01 -8.7710432e-01  5.3660000e+01]
 [-1.4146880e-02  8.8953630e-01  4.5662694e-01  1.7165000e+02]
 [ 9.8457264e-01  9.1852420e-02 -1.4833890e-01 -1.1649500e+03]
 [ 0.0000000e+00  0.0000000e+00  0.0000000e+00  1.0000000e+00]]
[+0090.05, +0059.39, -1070.80]
1179, 2079, 1089
[[-1.7307028e-01  4.4747986e-01 -8.7703386e-01  5.3700000e+01]
 [-1.4581940e-02  8.8952078e-01  4.5659802e-01  1.7171000e+02]
 [ 9.8448666e-01  9.1957380e-02 -1.4738850e-01 -1.1649900e+03]
 [ 0.0000000e+00  0.0000000e+00  0.0000000e+00  1.0000000e+00]]
[+0151.61, +0028.51, -1099.78]
850, 1736, 1275
[[-1.7247572e-01  4.4838714e-01 -8.7685926e-01  5.3800000e+01]
 [-1.3822260e-02  8.8917062e-01  4.5733402e-01  1.7171000e+02]
 [ 9.8475486e-01  9.1073780e-02 -1.4714410e-01 -1.1649700e+03]
 [ 0.0000000e+00  0.0000000e+00  0.0000000e+00  1.0000000e+00]]
[+0120.69, -0011.94, -1085.52]
1179, 2079, 1089
[[-1.7388864e-01  4.4748008e-01 -8.7695560e-01  5.3670000e+01]
 [-1.4110000e-02  8.8953630e-01  4.5659780e-01  1.7170000e+02]
 [ 9.8442392e-01  9.1881560e-02 -1.4833890e-01 -1.1649600e+03]
 [ 0.0000000e+00  0.0000000e+00  0.0000000e+00  1.0000000e+00]]
[+0151.09, +0029.37, -1099.38]
1444, 1887, 1205
[[-1.7366500e-01  4.4761300e-01 -8.7695000e-01  5.3660000e+01]
 [-1.4301200e-02  8.8946252e-01  4.5673876e-01  1.7166000e+02]
 [ 9.8447660e-01  9.1964240e-02 -1.4804148e-01 -1.1649800e+03]
 [ 0.0000000e+00  0.0000000e+00  0.0000000e+00  1.0000000e+00]]
[+0117.58, +0050.20, -1076.02]
1179, 2079, 1089
[[-1.7329384e-01  4.4764424e-01 -8.7696576e-01  5.3690000e+01]
 [-1.4093360e-02  8.8947800e-01  4.5670752e-01  1.7171000e+02]
 [ 9.8450784e-01  9.1624320e-02 -1.4780240e-01 -1.1649700e+03]
 [ 0.0000000e+00  0.0000000e+00  0.0000000e+00  1.0000000e+00]]
[+0151.65, +0028.80, -1099.66]
1183, 1989, 932
[[-1.7277298e-01  4.4819394e-01 -8.7672414e-01  5.3750000e+01]
 [-1.3867860e-02  8.8922908e-01  4.5718722e-01  1.7172000e+02]
 [ 9.8454594e-01  9.1294380e-02 -1.4738290e-01 -1.1649800e+03]
 [ 0.0000000e+00  0.0000000e+00  0.0000000e+00  1.0000000e+00]]
[+0150.86, +0041.12, -1094.33]
1179, 2079, 1089
[[-1.7307028e-01  4.4736810e-01 -8.7721942e-01  5.3680000e+01]
 [-1.4767500e-02  8.8957900e-01  4.5650190e-01  1.7170000e+02]
 [ 9.8459842e-01  9.2053500e-02 -1.4733028e-01 -1.1649900e+03]
 [ 0.0000000e+00  0.0000000e+00  0.0000000e+00  1.0000000e+00]]
[+0151.12, +0028.71, -1099.45]
966, 1530, 1763
[[-1.7336762e-01  4.4762076e-01 -8.7697350e-01  5.3710000e+01]
 [-1.4367240e-02  8.8946252e-01  4.5673100e-01  1.7162000e+02]
 [ 9.8450010e-01  9.1898200e-02 -1.4774410e-01 -1.1649600e+03]
 [ 0.0000000e+00  0.0000000e+00  0.0000000e+00  1.0000000e+00]]
[+0068.31, -0031.79, -1097.96]
1293, 1330, 1801
[[-1.7388864e-01  4.4762880e-01 -8.7691872e-01  5.3690000e+01]
 [-1.3961280e-02  8.8947800e-01  4.5672296e-01  1.7161000e+02]
 [ 9.8446080e-01  9.1756400e-02 -1.4839720e-01 -1.1649400e+03]
 [ 0.0000000e+00  0.0000000e+00  0.0000000e+00  1.0000000e+00]]
[+0034.12, -0000.04, -1087.89]
966, 1530, 1763
[[-1.7336762e-01  4.4802990e-01 -8.7671412e-01  5.3750000e+01]
 [-1.3884300e-02  8.8928750e-01  4.5707740e-01  1.7167000e+02]
 [ 9.8446212e-01  9.1551800e-02 -1.4791912e-01 -1.1649400e+03]
 [ 0.0000000e+00  0.0000000e+00  0.0000000e+00  1.0000000e+00]]
[+0071.22, -0029.80, -1096.28]
1019, 1550, 1413
[[-1.7314410e-01  4.4805106e-01 -8.7689398e-01  5.3740000e+01]
 [-1.4261180e-02  8.8927206e-01  4.5712234e-01  1.7167000e+02]
 [ 9.8462654e-01  9.1730380e-02 -1.4756340e-01 -1.1649700e+03]
 [ 0.0000000e+00  0.0000000e+00  0.0000000e+00  1.0000000e+00]]
[+0091.66, -0004.05, -1072.08]
966, 1530, 1763
[[-1.7277298e-01  4.4767318e-01 -8.7716902e-01  5.3720000e+01]
 [-1.4536220e-02  8.8946252e-01  4.5674462e-01  1.7162000e+02]
 [ 9.8469562e-01  9.1736980e-02 -1.4714946e-01 -1.1649900e+03]
 [ 0.0000000e+00  0.0000000e+00  0.0000000e+00  1.0000000e+00]]
[+0068.56, -0031.85, -1098.17]
1056, 1682, 1785
[[-1.7374120e-01  4.4752720e-01 -8.7694020e-01  5.3670000e+01]
 [-1.3562240e-02  8.8956710e-01  4.5655068e-01  1.7162000e+02]
 [ 9.8443932e-01  9.1333800e-02 -1.4845554e-01 -1.1649500e+03]
 [ 0.0000000e+00  0.0000000e+00  0.0000000e+00  1.0000000e+00]]
[+0078.89, -0025.97, -1095.37]
966, 1530, 1763
[[-1.7225232e-01  4.4822288e-01 -8.7692720e-01  5.3760000e+01]
 [-1.4310880e-02  8.8921368e-01  4.5722440e-01  1.7165000e+02]
 [ 9.8473360e-01  9.1406800e-02 -1.4673000e-01 -1.1649800e+03]
 [ 0.0000000e+00  0.0000000e+00  0.0000000e+00  1.0000000e+00]]
[+0069.59, -0029.86, -1095.98]
1019, 1527, 1383
[[-1.7314410e-01  4.4801414e-01 -8.7674532e-01  5.3750000e+01]
 [-1.4224260e-02  8.8927206e-01  4.5709316e-01  1.7166000e+02]
 [ 9.8447788e-01  9.1759560e-02 -1.4756340e-01 -1.1649700e+03]
 [ 0.0000000e+00  0.0000000e+00  0.0000000e+00  1.0000000e+00]]
[+0089.88, -0001.85, -1069.89]
975, 1568, 1763
[[-1.7322010e-01  4.4740722e-01 -8.7718046e-01  5.3700000e+01]
 [-1.4153700e-02  8.8961004e-01  4.5646278e-01  1.7162000e+02]
 [ 9.8459050e-01  9.1571700e-02 -1.4774410e-01 -1.1649400e+03]
 [ 0.0000000e+00  0.0000000e+00  0.0000000e+00  1.0000000e+00]]
[+0073.06, -0031.49, -1098.03]
1019, 1527, 1383
[[-1.7299456e-01  4.4830928e-01 -8.7685904e-01  5.3750000e+01]
 [-1.4577760e-02  8.8912430e-01  4.5741188e-01  1.7166000e+02]
 [ 9.8470832e-01  9.1961560e-02 -1.4726610e-01 -1.1649700e+03]
 [ 0.0000000e+00  0.0000000e+00  0.0000000e+00  1.0000000e+00]]
[+0090.38, -0001.82, -1070.11]
754, 1201, 1388
[[-1.7277298e-01  4.4893714e-01 -8.7653964e-01  5.3860000e+01]
 [-1.3124660e-02  8.8893638e-01  4.5781332e-01  1.7171000e+02]
 [ 9.8473044e-01  9.0668280e-02 -1.4767560e-01 -1.1649200e+03]
 [ 0.0000000e+00  0.0000000e+00  0.0000000e+00  1.0000000e+00]]
[+0069.04, -0025.70, -1076.30]
1019, 1527, 1383
[[-1.7329186e-01  4.4800418e-01 -8.7690954e-01  5.3740000e+01]
 [-1.4808940e-02  8.8924094e-01  4.5716922e-01  1.7167000e+02]
 [ 9.8461098e-01  9.2278140e-02 -1.4744676e-01 -1.1649800e+03]
 [ 0.0000000e+00  0.0000000e+00  0.0000000e+00  1.0000000e+00]]
[+0091.33, -0001.56, -1070.06]
1905, 809, 1562
[[-1.7485290e-01  4.4745818e-01 -8.7676186e-01  5.3670000e+01]
 [-1.5161620e-02  8.8939980e-01  4.5682754e-01  1.7158000e+02]
 [ 9.8422574e-01  9.3286940e-02 -1.4870106e-01 -1.1649600e+03]
 [ 0.0000000e+00  0.0000000e+00  0.0000000e+00  1.0000000e+00]]
[-0001.98, +0082.38, -1127.31]
1019, 1527, 1383
[[-1.7344144e-01  4.4830376e-01 -8.7664800e-01  5.3760000e+01]
 [-1.3860800e-02  8.8915526e-01  4.5735126e-01  1.7168000e+02]
 [ 9.8452824e-01  9.1575300e-02 -1.4797754e-01 -1.1649400e+03]
 [ 0.0000000e+00  0.0000000e+00  0.0000000e+00  1.0000000e+00]]
[+0092.48, -0002.64, -1070.72]
1258, 1259, 757
[[-1.7314248e-01  4.4908032e-01 -8.7635540e-01  5.3830000e+01]
 [-1.4159680e-02  8.8874262e-01  4.5815160e-01  1.7171000e+02]
 [ 9.8461740e-01  9.1816400e-02 -1.4749986e-01 -1.1649400e+03]
 [ 0.0000000e+00  0.0000000e+00  0.0000000e+00  1.0000000e+00]]
[+0101.11, +0080.83, -1060.09]
1067, 1284, 920
[[-1.7277298e-01  4.4878850e-01 -8.7657654e-01  5.3800000e+01]
 [-1.3273300e-02  8.8899500e-01  4.5768810e-01  1.7168000e+02]
 [ 9.8469354e-01  9.0793500e-02 -1.4761698e-01 -1.1649300e+03]
 [ 0.0000000e+00  0.0000000e+00  0.0000000e+00  1.0000000e+00]]
[+0097.12, +0042.41, -1052.78]
1258, 1259, 757
[[-1.7291924e-01  4.4906466e-01 -8.7638658e-01  5.3830000e+01]
 [-1.4499780e-02  8.8872710e-01  4.5816726e-01  1.7170000e+02]
 [ 9.8463306e-01  9.2023980e-02 -1.4714410e-01 -1.1649600e+03]
 [ 0.0000000e+00  0.0000000e+00  0.0000000e+00  1.0000000e+00]]
[+0100.83, +0080.71, -1059.99]
1605, 2037, 1041
[[-1.7470740e-01  4.4692228e-01 -8.7717324e-01  5.3600000e+01]
 [-1.4270040e-02  8.8978470e-01  4.5612602e-01  1.7167000e+02]
 [ 9.8436212e-01  9.2277060e-02 -1.4905674e-01 -1.1649700e+03]
 [ 0.0000000e+00  0.0000000e+00  0.0000000e+00  1.0000000e+00]]
[+0137.77, +0068.91, -1094.78]
1258, 1259, 757
[[-1.7254800e-01  4.4909580e-01 -8.7640220e-01  5.3850000e+01]
 [-1.4292200e-02  8.8874262e-01  4.5813612e-01  1.7172000e+02]
 [ 9.8466420e-01  9.1683880e-02 -1.4690538e-01 -1.1649700e+03]
 [ 0.0000000e+00  0.0000000e+00  0.0000000e+00  1.0000000e+00]]
[+0101.33, +0080.81, -1060.33]
1751, 803, 1401
[[-1.7403624e-01  4.4813964e-01 -8.7663784e-01  5.3710000e+01]
 [-1.3877240e-02  8.8921368e-01  4.5724152e-01  1.7159000e+02]
 [ 9.8444424e-01  9.1832720e-02 -1.4851392e-01 -1.1649300e+03]
 [ 0.0000000e+00  0.0000000e+00  0.0000000e+00  1.0000000e+00]]
[+0003.08, +0084.12, -1110.55]
1258, 1259, 757
[[-1.7254954e-01  4.4903304e-01 -8.7638510e-01  5.3840000e+01]
 [-1.3279200e-02  8.8886256e-01  4.5792504e-01  1.7171000e+02]
 [ 9.8463454e-01  9.0780000e-02 -1.4737834e-01 -1.1649300e+03]
 [ 0.0000000e+00  0.0000000e+00  0.0000000e+00  1.0000000e+00]]
[+0102.27, +0080.40, -1060.38]
1659, 2140, 1004
[[-1.7485762e-01  4.4662748e-01 -8.7705892e-01  5.3550000e+01]
 [-1.3917080e-02  8.8993206e-01  4.5580712e-01  1.7169000e+02]
 [ 9.8413148e-01  9.2074480e-02 -1.4935432e-01 -1.1649600e+03]
 [ 0.0000000e+00  0.0000000e+00  0.0000000e+00  1.0000000e+00]]
[+0142.23, +0070.92, -1104.22]
1581, 2203, 1145
[[-1.7433616e-01  4.4665616e-01 -8.7726280e-01  5.3570000e+01]
 [-1.4359600e-02  8.8991654e-01  4.5584434e-01  1.7168000e+02]
 [ 9.8431984e-01  9.2187500e-02 -1.4870106e-01 -1.1649700e+03]
 [ 0.0000000e+00  0.0000000e+00  0.0000000e+00  1.0000000e+00]]
[+0142.01, +0055.82, -1100.31]
1659, 2140, 1004
[[-1.7433370e-01  4.4742514e-01 -8.7694758e-01  5.3630000e+01]
 [-1.4591740e-02  8.8950518e-01  4.5665274e-01  1.7169000e+02]
 [ 9.8438478e-01  9.2495340e-02 -1.4851988e-01 -1.1649700e+03]
 [ 0.0000000e+00  0.0000000e+00  0.0000000e+00  1.0000000e+00]]
[+0140.59, +0071.86, -1102.82]
1783, 2091, 1093
[[-1.7485762e-01  4.4707388e-01 -8.7694846e-01  5.3600000e+01]
 [-1.3470680e-02  8.8975740e-01  4.5618236e-01  1.7167000e+02]
 [ 9.8424194e-01  9.1699240e-02 -1.4952898e-01 -1.1649400e+03]
 [ 0.0000000e+00  0.0000000e+00  0.0000000e+00  1.0000000e+00]]
[+0128.15, +0078.15, -1097.48]
1659, 2140, 1004
[[-1.7448360e-01  4.4735272e-01 -8.7709404e-01  5.3630000e+01]
 [-1.4163600e-02  8.8959456e-01  4.5651728e-01  1.7171000e+02]
 [ 9.8448860e-01  9.2109600e-02 -1.4887560e-01 -1.1649500e+03]
 [ 0.0000000e+00  0.0000000e+00  0.0000000e+00  1.0000000e+00]]
[+0142.23, +0070.48, -1104.08]
1212, 1273, 1149
[[-1.7358920e-01  4.4825676e-01 -8.7666348e-01  5.3760000e+01]
 [-1.4408520e-02  8.8912430e-01  4.5739826e-01  1.7167000e+02]
 [ 9.8451276e-01  9.2123020e-02 -1.4786074e-01 -1.1649600e+03]
 [ 0.0000000e+00  0.0000000e+00  0.0000000e+00  1.0000000e+00]]
[+0073.11, +0041.21, -1055.93]
1659, 2140, 1004
[[-1.7500498e-01  4.4702644e-01 -8.7696390e-01  5.3570000e+01]
 [-1.4018440e-02  8.8972652e-01  4.5622980e-01  1.7169000e+02]
 [ 9.8422650e-01  9.2247000e-02 -1.4941250e-01 -1.1649800e+03]
 [ 0.0000000e+00  0.0000000e+00  0.0000000e+00  1.0000000e+00]]
[+0142.42, +0070.77, -1103.86]
1993, 1616, 855
[[-1.7507872e-01  4.4770984e-01 -8.7663848e-01  5.3680000e+01]
 [-1.3511440e-02  8.8941966e-01  4.5684974e-01  1.7167000e+02]
 [ 9.8425432e-01  9.1924660e-02 -1.4964562e-01 -1.1649500e+03]
 [ 0.0000000e+00  0.0000000e+00  0.0000000e+00  1.0000000e+00]]
[+0102.43, +0118.19, -1109.97]
1874, 1361, 1193
[[-1.7388658e-01  4.4754244e-01 -8.7697346e-01  5.3730000e+01]
 [-1.5122840e-02  8.8941560e-01  4.5680932e-01  1.7165000e+02]
 [ 9.8445314e-01  9.2785880e-02 -1.4786682e-01 -1.1649300e+03]
 [ 0.0000000e+00  0.0000000e+00  0.0000000e+00  1.0000000e+00]]
[+0062.41, +0097.16, -1085.01]
1993, 1616, 855
[[-1.7515250e-01  4.4768610e-01 -8.7664620e-01  5.3710000e+01]
 [-1.3785300e-02  8.8940422e-01  4.5687348e-01  1.7172000e+02]
 [ 9.8424660e-01  9.2198520e-02 -1.4958728e-01 -1.1649000e+03]
 [ 0.0000000e+00  0.0000000e+00  0.0000000e+00  1.0000000e+00]]
[+0104.08, +0117.62, -1109.93]
1222, 2014, 884
[[-1.7381268e-01  4.4767772e-01 -8.7677996e-01  5.3700000e+01]
 [-1.4663320e-02  8.8937310e-01  4.5688186e-01  1.7173000e+02]
 [ 9.8434924e-01  9.2415940e-02 -1.4798322e-01 -1.1649700e+03]
 [ 0.0000000e+00  0.0000000e+00  0.0000000e+00  1.0000000e+00]]
[+0155.72, +0048.10, -1100.19]
1993, 1616, 855
[[-1.7463120e-01  4.4767792e-01 -8.7670136e-01  5.3660000e+01]
 [-1.4191280e-02  8.8938870e-01  4.5688166e-01  1.7167000e+02]
 [ 9.8428624e-01  9.2340260e-02 -1.4893386e-01 -1.1649700e+03]
 [ 0.0000000e+00  0.0000000e+00  0.0000000e+00  1.0000000e+00]]
[+0102.37, +0118.08, -1109.85]
2214, 2016, 1233
[[-1.7753764e-01  4.4540280e-01 -8.7728736e-01  5.3370000e+01]
 [-1.4552640e-02  8.9039606e-01  4.5490650e-01  1.7165000e+02]
 [ 9.8377080e-01  9.3637860e-02 -1.5157034e-01 -1.1649800e+03]
 [ 0.0000000e+00  0.0000000e+00  0.0000000e+00  1.0000000e+00]]
[+0103.64, +0095.13, -1103.13]
1993, 1616, 855
[[-1.7351530e-01  4.4816852e-01 -8.7684134e-01  5.3740000e+01]
 [-1.4320280e-02  8.8919820e-01  4.5727876e-01  1.7170000e+02]
 [ 9.8463226e-01  9.1945160e-02 -1.4786074e-01 -1.1649500e+03]
 [ 0.0000000e+00  0.0000000e+00  0.0000000e+00  1.0000000e+00]]
[+0102.16, +0113.51, -1107.19]
928, 2099, 2015
[[-1.7204100e-01  4.4550052e-01 -8.7844336e-01  5.3520000e+01]
 [-1.3494560e-02  8.9072460e-01  4.5431548e-01  1.7158000e+02]
 [ 9.8486108e-01  9.0077440e-02 -1.4721396e-01 -1.1649500e+03]
 [ 0.0000000e+00  0.0000000e+00  0.0000000e+00  1.0000000e+00]]
[+0103.13, -0033.72, -1126.91]
917, 2089, 1796
[[-1.7314640e-01  4.4802540e-01 -8.7702540e-01  5.3770000e+01]
 [-1.3285080e-02  8.8939184e-01  4.5694020e-01  1.7173000e+02]
 [ 9.8474556e-01  9.0796920e-02 -1.4803600e-01 -1.1649800e+03]
 [ 0.0000000e+00  0.0000000e+00  0.0000000e+00  1.0000000e+00]]
[+0116.03, -0027.65, -1120.07]
928, 2099, 2015
[[-1.7367466e-01  4.4452312e-01 -8.7856142e-01  5.3390000e+01]
 [-1.4606720e-02  8.9104172e-01  4.5364888e-01  1.7149000e+02]
 [ 9.8450882e-01  9.1705280e-02 -1.4823738e-01 -1.1649500e+03]
 [ 0.0000000e+00  0.0000000e+00  0.0000000e+00  1.0000000e+00]]
[+0104.80, -0034.93, -1129.75]
1720, 1831, 1988
[[-1.7493128e-01  4.4664060e-01 -8.7721548e-01  5.3550000e+01]
 [-1.4227800e-02  8.8991654e-01  4.5585990e-01  1.7158000e+02]
 [ 9.8427252e-01  9.2319300e-02 -1.4929618e-01 -1.1649600e+03]
 [ 0.0000000e+00  0.0000000e+00  0.0000000e+00  1.0000000e+00]]
[+0055.47, +0023.10, -1085.31]
928, 2099, 2015
[[-1.7248490e-01  4.4596764e-01 -8.7799122e-01  5.3580000e+01]
 [-1.3308840e-02  8.9046172e-01  4.5481284e-01  1.7161000e+02]
 [ 9.8467182e-01  9.0248040e-02 -1.4762762e-01 -1.1649600e+03]
 [ 0.0000000e+00  0.0000000e+00  0.0000000e+00  1.0000000e+00]]
[+0102.83, -0033.89, -1127.17]
874, 1939, 2024
[[-1.7247810e-01  4.4720896e-01 -8.7743422e-01  5.3730000e+01]
 [-1.4072000e-02  8.8975740e-01  4.5617920e-01  1.7164000e+02]
 [ 9.8472770e-01  9.1113280e-02 -1.4714946e-01 -1.1650100e+03]
 [ 0.0000000e+00  0.0000000e+00  0.0000000e+00  1.0000000e+00]]
[+0092.31, -0040.02, -1129.71]
928, 2099, 2015
[[-1.7367076e-01  4.4540466e-01 -8.7806162e-01  5.3490000e+01]
 [-1.4653620e-02  8.9057454e-01  4.5455394e-01  1.7159000e+02]
 [ 9.8446066e-01  9.1916820e-02 -1.4811346e-01 -1.1649800e+03]
 [ 0.0000000e+00  0.0000000e+00  0.0000000e+00  1.0000000e+00]]
[+0103.66, -0033.96, -1128.35]
1094, 863, 2243
[[-1.7351530e-01  4.4660692e-01 -8.7754504e-01  5.3620000e+01]
 [-1.6029640e-02  8.8983774e-01  4.5595948e-01  1.7147000e+02]
 [ 9.8452328e-01  9.3264440e-02 -1.4722120e-01 -1.1649600e+03]
 [ 0.0000000e+00  0.0000000e+00  0.0000000e+00  1.0000000e+00]]
[+0005.86, -0016.27, -1155.77]
813, 1786, 2134
[[-1.7233090e-01  4.4736754e-01 -8.7723352e-01  5.3730000e+01]
 [-1.3338740e-02  8.8972958e-01  4.5622856e-01  1.7166000e+02]
 [ 9.8463112e-01  9.0469360e-02 -1.4732448e-01 -1.1649700e+03]
 [ 0.0000000e+00  0.0000000e+00  0.0000000e+00  1.0000000e+00]]
[+0080.35, -0044.50, -1138.40]
1094, 863, 2243
[[-1.7396242e-01  4.4674982e-01 -8.7729658e-01  5.3630000e+01]
 [-1.5164380e-02  8.8981148e-01  4.5602458e-01  1.7147000e+02]
 [ 9.8438038e-01  9.2752220e-02 -1.4798994e-01 -1.1649200e+03]
 [ 0.0000000e+00  0.0000000e+00  0.0000000e+00  1.0000000e+00]]
[+0005.81, -0016.23, -1155.98]
1023, 771, 1650
[[-1.7254954e-01  4.4906996e-01 -8.7653372e-01  5.3860000e+01]
 [-1.3316120e-02  8.8886256e-01  4.5795436e-01  1.7165000e+02]
 [ 9.8478316e-01  9.0750680e-02 -1.4737834e-01 -1.1649400e+03]
 [ 0.0000000e+00  0.0000000e+00  0.0000000e+00  1.0000000e+00]]
[+0002.84, -0000.59, -1101.60]
1094, 863, 2243
[[-1.7433370e-01  4.4642088e-01 -8.7735476e-01  5.3600000e+01]
 [-1.5669840e-02  8.8991160e-01  4.5580572e-01  1.7146000e+02]
 [ 9.8427508e-01  9.3342360e-02 -1.4811346e-01 -1.1649200e+03]
 [ 0.0000000e+00  0.0000000e+00  0.0000000e+00  1.0000000e+00]]
[+0006.37, -0016.49, -1155.10]
1599, 1007, 2160
[[-1.7463120e-01  4.4711980e-01 -8.7699780e-01  5.3630000e+01]
 [-1.4823240e-02  8.8962150e-01  4.5641032e-01  1.7154000e+02]
 [ 9.8428732e-01  9.2811600e-02 -1.4870106e-01 -1.1649600e+03]
 [ 0.0000000e+00  0.0000000e+00  0.0000000e+00  1.0000000e+00]]
[-0000.98, +0018.51, -1131.53]
1094, 863, 2243
[[-1.7359122e-01  4.4692990e-01 -8.7727536e-01  5.3640000e+01]
 [-1.4807700e-02  8.8976910e-01  4.5611840e-01  1.7147000e+02]
 [ 9.8444864e-01  9.2287200e-02 -1.4780868e-01 -1.1649300e+03]
 [ 0.0000000e+00  0.0000000e+00  0.0000000e+00  1.0000000e+00]]
[+0005.51, -0015.98, -1156.24]
1159, 1707, 2042
[[-1.7359122e-01  4.4707860e-01 -8.7723848e-01  5.3640000e+01]
 [-1.4659000e-02  8.8971096e-01  4.5624360e-01  1.7158000e+02]
 [ 9.8448552e-01  9.2162000e-02 -1.4786682e-01 -1.1649700e+03]
 [ 0.0000000e+00  0.0000000e+00  0.0000000e+00  1.0000000e+00]]
[+0066.69, -0025.22, -1105.25]
1274, 2141, 2161
[[-1.7501178e-01  4.4411034e-01 -8.7840718e-01  5.3320000e+01]
 [-1.5153460e-02  8.9112588e-01  4.5344814e-01  1.7146000e+02]
 [ 9.8417658e-01  9.2794660e-02 -1.4919690e-01 -1.1649400e+03]
 [ 0.0000000e+00  0.0000000e+00  0.0000000e+00  1.0000000e+00]]
[+0090.59, -0022.12, -1113.87]
1159, 1707, 2042
[[-1.7284906e-01  4.4728970e-01 -8.7723304e-01  5.3680000e+01]
 [-1.4094460e-02  8.8968374e-01  4.5630640e-01  1.7159000e+02]
 [ 9.8458480e-01  9.1357040e-02 -1.4744676e-01 -1.1649700e+03]
 [ 0.0000000e+00  0.0000000e+00  0.0000000e+00  1.0000000e+00]]
[+0063.71, -0025.78, -1106.24]
1337, 1878, 1247
[[-1.7344378e-01  4.4753486e-01 -8.7696374e-01  5.3680000e+01]
 [-1.3628260e-02  8.8956710e-01  4.5654302e-01  1.7166000e+02]
 [ 9.8446286e-01  9.1267780e-02 -1.4815812e-01 -1.1649800e+03]
 [ 0.0000000e+00  0.0000000e+00  0.0000000e+00  1.0000000e+00]]
[+0120.99, +0035.95, -1075.93]
1159, 1707, 2042
[[-1.7359122e-01  4.4681808e-01 -8.7746094e-01  5.3620000e+01]
 [-1.4993280e-02  8.8982720e-01  4.5602224e-01  1.7155000e+02]
 [ 9.8456046e-01  9.2383360e-02 -1.4775058e-01 -1.1649600e+03]
 [ 0.0000000e+00  0.0000000e+00  0.0000000e+00  1.0000000e+00]]
[+0061.44, -0029.92, -1110.46]
2106, 1414, 2191
[[-1.7790634e-01  4.4513352e-01 -8.7736428e-01  5.3350000e+01]
 [-1.6071120e-02  8.9037368e-01  4.5490188e-01  1.7139000e+02]
 [ 9.8369388e-01  9.5132280e-02 -1.5122402e-01 -1.1649100e+03]
 [ 0.0000000e+00  0.0000000e+00  0.0000000e+00  1.0000000e+00]]
[+0015.73, +0044.77, -1114.21]
1159, 1707, 2042
[[-1.7344378e-01  4.4753486e-01 -8.7696374e-01  5.3680000e+01]
 [-1.3628260e-02  8.8956710e-01  4.5654302e-01  1.7163000e+02]
 [ 9.8446286e-01  9.1267780e-02 -1.4815812e-01 -1.1649600e+03]
 [ 0.0000000e+00  0.0000000e+00  0.0000000e+00  1.0000000e+00]]
[+0066.63, -0026.32, -1106.26]
1934, 1892, 874
[[-1.7522890e-01  4.4734008e-01 -8.7685874e-01  5.3610000e+01]
 [-1.3380960e-02  8.8962544e-01  4.5646392e-01  1.7169000e+02]
 [ 9.8428418e-01  9.1788960e-02 -1.4988490e-01 -1.1649700e+03]
 [ 0.0000000e+00  0.0000000e+00  0.0000000e+00  1.0000000e+00]]
[+0122.67, +0103.03, -1108.83]
889, 2194, 935
[[-1.7247810e-01  4.4761806e-01 -8.7717512e-01  5.3720000e+01]
 [-1.3589260e-02  8.8958238e-01  4.5652584e-01  1.7178000e+02]
 [ 9.8468952e-01  9.0766640e-02 -1.4732448e-01 -1.1649800e+03]
 [ 0.0000000e+00  0.0000000e+00  0.0000000e+00  1.0000000e+00]]
[+0165.37, +0019.25, -1125.36]
1934, 1892, 874
[[-1.7507872e-01  4.4730032e-01 -8.7689792e-01  5.3630000e+01]
 [-1.3994720e-02  8.8959456e-01  4.5650368e-01  1.7169000e+02]
 [ 9.8429248e-01  9.2270720e-02 -1.4947072e-01 -1.1649700e+03]
 [ 0.0000000e+00  0.0000000e+00  0.0000000e+00  1.0000000e+00]]
[+0121.27, +0103.45, -1108.93]
1910, 1784, 1009
[[-1.7448360e-01  4.4746460e-01 -8.7690840e-01  5.3660000e+01]
 [-1.3977960e-02  8.8953630e-01  4.5661328e-01  1.7167000e+02]
 [ 9.8437672e-01  9.2013600e-02 -1.4893386e-01 -1.1649600e+03]
 [ 0.0000000e+00  0.0000000e+00  0.0000000e+00  1.0000000e+00]]
[+0107.22, +0101.46, -1097.18]
1934, 1892, 874
[[-1.7470740e-01  4.4736862e-01 -8.7706266e-01  5.3620000e+01]
 [-1.3823700e-02  8.8961004e-01  4.5650138e-01  1.7170000e+02]
 [ 9.8447270e-01  9.1901700e-02 -1.4923140e-01 -1.1649900e+03]
 [ 0.0000000e+00  0.0000000e+00  0.0000000e+00  1.0000000e+00]]
[+0123.18, +0102.93, -1109.42]
2013, 2126, 1073
[[-1.7612538e-01  4.4554286e-01 -8.7750866e-01  5.3420000e+01]
 [-1.4030660e-02  8.9044310e-01  4.5483218e-01  1.7171000e+02]
 [ 9.8403914e-01  9.2524220e-02 -1.5055252e-01 -1.1650300e+03]
 [ 0.0000000e+00  0.0000000e+00  0.0000000e+00  1.0000000e+00]]
[+0124.57, +0087.45, -1105.73]
1934, 1892, 874
[[-1.7336762e-01  4.4791812e-01 -8.7689970e-01  5.3700000e+01]
 [-1.4069880e-02  8.8934588e-01  4.5698140e-01  1.7172000e+02]
 [ 9.8457390e-01  9.1647800e-02 -1.4786074e-01 -1.1649800e+03]
 [ 0.0000000e+00  0.0000000e+00  0.0000000e+00  1.0000000e+00]]
[+0121.83, +0103.49, -1109.98]
2048, 2107, 1244
[[-1.7597472e-01  4.4606168e-01 -8.7725208e-01  5.3480000e+01]
 [-1.4011920e-02  8.9017998e-01  4.5534322e-01  1.7168000e+02]
 [ 9.8404568e-01  9.2535180e-02 -1.5037074e-01 -1.1649900e+03]
 [ 0.0000000e+00  0.0000000e+00  0.0000000e+00  1.0000000e+00]]
[+0114.32, +0083.80, -1098.23]
1772, 1389, 1160
[[-1.7373882e-01  4.4784996e-01 -8.7673524e-01  5.3720000e+01]
 [-1.4240760e-02  8.8933040e-01  4.5698348e-01  1.7168000e+02]
 [ 9.8439396e-01  9.2016920e-02 -1.4809978e-01 -1.1649500e+03]
 [ 0.0000000e+00  0.0000000e+00  0.0000000e+00  1.0000000e+00]]
[+0070.32, +0088.92, -1077.13]
2048, 2107, 1244
[[-1.7671760e-01  4.4599824e-01 -8.7721992e-01  5.3460000e+01]
 [-1.4428080e-02  8.9014870e-01  4.5540666e-01  1.7166000e+02]
 [ 9.8398224e-01  9.3214620e-02 -1.5085034e-01 -1.1649800e+03]
 [ 0.0000000e+00  0.0000000e+00  0.0000000e+00  1.0000000e+00]]
[+0114.43, +0083.60, -1098.22]
2155, 1986, 1925
[[-1.7679130e-01  4.4571332e-01 -8.7745044e-01  5.3430000e+01]
 [-1.5036680e-02  8.9024870e-01  4.5520956e-01  1.7152000e+02]
 [ 9.8404956e-01  9.3709560e-02 -1.5067664e-01 -1.1649400e+03]
 [ 0.0000000e+00  0.0000000e+00  0.0000000e+00  1.0000000e+00]]
[+0059.30, +0056.32, -1090.10]
2048, 2107, 1244
[[-1.7485762e-01  4.4621790e-01 -8.7731818e-01  5.3520000e+01]
 [-1.4400300e-02  8.9010636e-01  4.5546090e-01  1.7168000e+02]
 [ 9.8416982e-01  9.2420700e-02 -1.4918002e-01 -1.1649800e+03]
 [ 0.0000000e+00  0.0000000e+00  0.0000000e+00  1.0000000e+00]]
[+0115.57, +0084.34, -1099.05]
1778, 2203, 1303
[[-1.7456004e-01  4.4670886e-01 -8.7738018e-01  5.3570000e+01]
 [-1.4056620e-02  8.8993206e-01  4.5585754e-01  1.7169000e+02]
 [ 9.8445274e-01  9.1950420e-02 -1.4905674e-01 -1.1649500e+03]
 [ 0.0000000e+00  0.0000000e+00  0.0000000e+00  1.0000000e+00]]
[+0130.24, +0058.56, -1095.53]
2048, 2107, 1244
[[-1.7575060e-01  4.4649222e-01 -8.7717326e-01  5.3510000e+01]
 [-1.3905060e-02  8.8999020e-01  4.5573438e-01  1.7166000e+02]
 [ 9.8417218e-01  9.2368140e-02 -1.5018916e-01 -1.1649700e+03]
 [ 0.0000000e+00  0.0000000e+00  0.0000000e+00  1.0000000e+00]]
[+0113.73, +0085.49, -1098.84]
1821, 795, 1893
[[-1.7500260e-01  4.4708826e-01 -8.7698202e-01  5.3640000e+01]
 [-1.5031140e-02  8.8960574e-01  4.5644186e-01  1.7152000e+02]
 [ 9.8425578e-01  9.3151460e-02 -1.4894050e-01 -1.1649100e+03]
 [ 0.0000000e+00  0.0000000e+00  0.0000000e+00  1.0000000e+00]]
[-0009.65, +0052.61, -1139.33]
2109, 1372, 1691
[[-1.7500498e-01  4.4691450e-01 -8.7714956e-01  5.3580000e+01]
 [-1.4204100e-02  8.8978470e-01  4.5613380e-01  1.7157000e+02]
 [ 9.8433844e-01  9.2343000e-02 -1.4935432e-01 -1.1649600e+03]
 [ 0.0000000e+00  0.0000000e+00  0.0000000e+00  1.0000000e+00]]
[+0031.78, +0083.12, -1101.64]
1821, 795, 1893
[[-1.7418400e-01  4.4723712e-01 -8.7702384e-01  5.3640000e+01]
 [-1.5354240e-02  8.8953184e-01  4.5656688e-01  1.7151000e+02]
 [ 9.8435568e-01  9.3102240e-02 -1.4804800e-01 -1.1649300e+03]
 [ 0.0000000e+00  0.0000000e+00  0.0000000e+00  1.0000000e+00]]
[-0009.47, +0052.84, -1139.11]
1701, 910, 2054
[[-1.7448146e-01  4.4693172e-01 -8.7707418e-01  5.3630000e+01]
 [-1.5585720e-02  8.8964792e-01  4.5632452e-01  1.7152000e+02]
 [ 9.8425818e-01  9.3418520e-02 -1.4822938e-01 -1.1649300e+03]
 [ 0.0000000e+00  0.0000000e+00  0.0000000e+00  1.0000000e+00]]
[-0006.37, +0030.11, -1134.83]
1821, 795, 1893
[[-1.7470506e-01  4.4780302e-01 -8.7667222e-01  5.3690000e+01]
 [-1.4316380e-02  8.8931484e-01  4.5703042e-01  1.7157000e+02]
 [ 9.8431538e-01  9.2489020e-02 -1.4893386e-01 -1.1649400e+03]
 [ 0.0000000e+00  0.0000000e+00  0.0000000e+00  1.0000000e+00]]
[-0009.10, +0053.59, -1137.92]
1255, 904, 1397
[[-1.7344144e-01  4.4860112e-01 -8.7657416e-01  5.3800000e+01]
 [-1.3563440e-02  8.8903830e-01  4.5760162e-01  1.7165000e+02]
 [ 9.8460208e-01  9.1324940e-02 -1.4809450e-01 -1.1649300e+03]
 [ 0.0000000e+00  0.0000000e+00  0.0000000e+00  1.0000000e+00]]
[+0016.73, +0035.46, -1076.12]
1821, 795, 1893
[[-1.7567170e-01  4.4689988e-01 -8.7697946e-01  5.3570000e+01]
 [-1.5321880e-02  8.8964792e-01  4.5635636e-01  1.7148000e+02]
 [ 9.8416346e-01  9.3682360e-02 -1.4941962e-01 -1.1649200e+03]
 [ 0.0000000e+00  0.0000000e+00  0.0000000e+00  1.0000000e+00]]
[-0010.32, +0053.11, -1139.42]
1076, 1005, 999
[[-1.7299456e-01  4.4897856e-01 -8.7637696e-01  5.3850000e+01]
 [-1.3760640e-02  8.8883200e-01  4.5797952e-01  1.7168000e+02]
 [ 9.8459584e-01  9.1393920e-02 -1.4755840e-01 -1.1649200e+03]
 [ 0.0000000e+00  0.0000000e+00  0.0000000e+00  1.0000000e+00]]
[+0061.14, +0044.53, -1050.09]
878, 1779, 1155
[[-1.7254954e-01  4.4836378e-01 -8.7686694e-01  5.3790000e+01]
 [-1.4096140e-02  8.8915526e-01  4.5735738e-01  1.7172000e+02]
 [ 9.8474718e-01  9.1347660e-02 -1.4708564e-01 -1.1649700e+03]
 [ 0.0000000e+00  0.0000000e+00  0.0000000e+00  1.0000000e+00]]
[+0134.98, -0001.83, -1086.69]
1076, 1005, 999
[[-1.7225082e-01  4.4884338e-01 -8.7664812e-01  5.3840000e+01]
 [-1.4692620e-02  8.8885958e-01  4.5790708e-01  1.7168000e+02]
 [ 9.8476212e-01  9.1838920e-02 -1.4649124e-01 -1.1649700e+03]
 [ 0.0000000e+00  0.0000000e+00  0.0000000e+00  1.0000000e+00]]
[+0059.48, +0044.90, -1050.21]
1457, 940, 1800
[[-1.7418400e-01  4.4783200e-01 -8.7687600e-01  5.3700000e+01]
 [-1.4759360e-02  8.8929920e-01  4.5706752e-01  1.7158000e+02]
 [ 9.8450352e-01  9.2601600e-02 -1.4828064e-01 -1.1649400e+03]
 [ 0.0000000e+00  0.0000000e+00  0.0000000e+00  1.0000000e+00]]
[-0001.31, +0027.09, -1108.12]
1076, 1005, 999
[[-1.7232618e-01  4.4905422e-01 -8.7656470e-01  5.3850000e+01]
 [-1.3656220e-02  8.8884732e-01  4.5797010e-01  1.7168000e+02]
 [ 9.8479890e-01  9.0958300e-02 -1.4702250e-01 -1.1649400e+03]
 [ 0.0000000e+00  0.0000000e+00  0.0000000e+00  1.0000000e+00]]
[+0061.06, +0044.49, -1050.10]
886, 939, 1083
[[-1.7247402e-01  4.4911916e-01 -8.7639448e-01  5.3880000e+01]
 [-1.4018360e-02  8.8875806e-01  4.5811276e-01  1.7169000e+02]
 [ 9.8467192e-01  9.1410040e-02 -1.4696392e-01 -1.1649500e+03]
 [ 0.0000000e+00  0.0000000e+00  0.0000000e+00  1.0000000e+00]]
[+0051.38, +0015.21, -1052.74]
1076, 1005, 999
[[-1.7262340e-01  4.4886102e-01 -8.7642966e-01  5.3820000e+01]
 [-1.3701660e-02  8.8890590e-01  4.5782322e-01  1.7167000e+02]
 [ 9.8458998e-01  9.1179060e-02 -1.4726114e-01 -1.1649300e+03]
 [ 0.0000000e+00  0.0000000e+00  0.0000000e+00  1.0000000e+00]]
[+0061.07, +0045.29, -1050.14]
2007, 766, 1558
[[-1.7507650e-01  4.4721336e-01 -8.7695298e-01  5.3620000e+01]
 [-1.5156240e-02  8.8953184e-01  4.5659064e-01  1.7152000e+02]
 [ 9.8428482e-01  9.3300240e-02 -1.4894050e-01 -1.1649200e+03]
 [ 0.0000000e+00  0.0000000e+00  0.0000000e+00  1.0000000e+00]]
[-0000.34, +0088.23, -1137.28]
1836, 774, 2071
[[-1.7678868e-01  4.4562574e-01 -8.7750642e-01  5.3450000e+01]
 [-1.6198140e-02  8.9018454e-01  4.5529714e-01  1.7136000e+02]
 [ 9.8404138e-01  9.4739460e-02 -1.5014778e-01 -1.1648700e+03]
 [ 0.0000000e+00  0.0000000e+00  0.0000000e+00  1.0000000e+00]]
[-0009.53, +0044.12, -1149.84]
2007, 766, 1558
[[-1.7492874e-01  4.4778200e-01 -8.7649198e-01  5.3680000e+01]
 [-1.3939520e-02  8.8933040e-01  4.5698536e-01  1.7158000e+02]
 [ 9.8415070e-01  9.2310400e-02 -1.4928970e-01 -1.1649300e+03]
 [ 0.0000000e+00  0.0000000e+00  0.0000000e+00  1.0000000e+00]]
[+0001.53, +0089.24, -1135.49]
1983, 1850, 1531
[[-1.7418610e-01  4.4691426e-01 -8.7722828e-01  5.3590000e+01]
 [-1.4675820e-02  8.8976910e-01  4.5613404e-01  1.7162000e+02]
 [ 9.8440156e-01  9.2419080e-02 -1.4840356e-01 -1.1649400e+03]
 [ 0.0000000e+00  0.0000000e+00  0.0000000e+00  1.0000000e+00]]
[+0083.18, +0074.50, -1082.81]
2007, 766, 1558
[[-1.7515044e-01  4.4759904e-01 -8.7670120e-01  5.3660000e+01]
 [-1.4946800e-02  8.8934166e-01  4.5696054e-01  1.7155000e+02]
 [ 9.8423904e-01  9.3227900e-02 -1.4905674e-01 -1.1649400e+03]
 [ 0.0000000e+00  0.0000000e+00  0.0000000e+00  1.0000000e+00]]
[+0000.18, +0088.53, -1137.30]
1548, 752, 1406
[[-1.7388658e-01  4.4854638e-01 -8.7656604e-01  5.3790000e+01]
 [-1.4044980e-02  8.8900750e-01  4.5765636e-01  1.7162000e+02]
 [ 9.8456316e-01  9.1938840e-02 -1.4827492e-01 -1.1649200e+03]
 [ 0.0000000e+00  0.0000000e+00  0.0000000e+00  1.0000000e+00]]
[+0000.51, +0065.87, -1099.72]
2007, 766, 1558
[[-1.7589546e-01  4.4736224e-01 -8.7683692e-01  5.3590000e+01]
 [-1.4535520e-02  8.8948950e-01  4.5671564e-01  1.7152000e+02]
 [ 9.8425844e-01  9.3099320e-02 -1.4994960e-01 -1.1649100e+03]
 [ 0.0000000e+00  0.0000000e+00  0.0000000e+00  1.0000000e+00]]
[-0000.68, +0088.52, -1138.89]
2244, 887, 1849
[[-1.8043410e-01  4.4626740e-01 -8.7622770e-01  5.3300000e+01]
 [-1.8763320e-02  8.8938296e-01  4.5672500e-01  1.7113000e+02]
 [ 9.8314674e-01  9.8970680e-02 -1.5207130e-01 -1.1647800e+03]
 [ 0.0000000e+00  0.0000000e+00  0.0000000e+00  1.0000000e+00]]
[+0003.57, +0077.33, -1139.68]
2078, 1292, 2145
[[-1.7656162e-01  4.4884708e-01 -8.7588738e-01  5.3700000e+01]
 [-1.6078520e-02  8.8852568e-01  4.5852612e-01  1.7149000e+02]
 [ 9.8406498e-01  9.5084280e-02 -1.4965194e-01 -1.1647900e+03]
 [ 0.0000000e+00  0.0000000e+00  0.0000000e+00  1.0000000e+00]]
[+0009.77, +0045.19, -1119.44]
2244, 887, 1849
[[-1.8013768e-01  4.4919040e-01 -8.7480188e-01  5.3620000e+01]
 [-1.7686400e-02  8.8797824e-01  4.5949360e-01  1.7134000e+02]
 [ 9.8322812e-01  9.8362400e-02 -1.5198408e-01 -1.1647400e+03]
 [ 0.0000000e+00  0.0000000e+00  0.0000000e+00  1.0000000e+00]]
[+0002.69, +0079.47, -1141.20]
1779, 793, 1716
[[-1.7418370e-01  4.5167498e-01 -8.7466236e-01  5.3990000e+01]
 [-1.5623900e-02  8.8716974e-01  4.6111452e-01  1.7161000e+02]
 [ 9.8427660e-01  9.4129800e-02 -1.4743700e-01 -1.1648400e+03]
 [ 0.0000000e+00  0.0000000e+00  0.0000000e+00  1.0000000e+00]]
[-0004.93, +0060.99, -1123.11]
2244, 887, 1849
[[-1.8125428e-01  4.4811504e-01 -8.7508580e-01  5.3470000e+01]
 [-1.7216040e-02  8.8852572e-01  4.5844560e-01  1.7125000e+02]
 [ 9.8299840e-01  9.8293800e-02 -1.5330100e-01 -1.1647200e+03]
 [ 0.0000000e+00  0.0000000e+00  0.0000000e+00  1.0000000e+00]]
[+0003.19, +0078.03, -1140.60]
932, 1162, 1958
[[-1.7381060e-01  4.5142134e-01 -8.7503178e-01  5.3980000e+01]
 [-1.4775780e-02  8.8742540e-01  4.6068034e-01  1.7165000e+02]
 [ 9.8450166e-01  9.3077780e-02 -1.4755444e-01 -1.1648500e+03]
 [ 0.0000000e+00  0.0000000e+00  0.0000000e+00  1.0000000e+00]]
[+0030.57, -0034.67, -1121.73]
1008, 1743, 2025
[[-1.7425620e-01  4.5030068e-01 -8.7541544e-01  5.3840000e+01]
 [-1.5321520e-02  8.8792620e-01  4.5967756e-01  1.7161000e+02]
 [ 9.8432116e-01  9.3634960e-02 -1.4779716e-01 -1.1648600e+03]
 [ 0.0000000e+00  0.0000000e+00  0.0000000e+00  1.0000000e+00]]
[+0073.91, -0039.00, -1120.19]
932, 1162, 1958
[[-1.7299360e-01  4.5197856e-01 -8.7481232e-01  5.4050000e+01]
 [-1.4617920e-02  8.8717440e-01  4.6115136e-01  1.7170000e+02]
 [ 9.8456464e-01  9.2680320e-02 -1.4683936e-01 -1.1648600e+03]
 [ 0.0000000e+00  0.0000000e+00  0.0000000e+00  1.0000000e+00]]
[+0031.46, -0033.73, -1120.80]
1313, 1085, 2186
[[-1.7470250e-01  4.5054288e-01 -8.7533334e-01  5.3860000e+01]
 [-1.5505200e-02  8.8777724e-01  4.5998288e-01  1.7157000e+02]
 [ 9.8435610e-01  9.3998800e-02 -1.4809450e-01 -1.1648500e+03]
 [ 0.0000000e+00  0.0000000e+00  0.0000000e+00  1.0000000e+00]]
[+0007.26, -0008.40, -1133.92]
932, 1162, 1958
[[-1.7299360e-01  4.5197856e-01 -8.7481232e-01  5.4060000e+01]
 [-1.4617920e-02  8.8717440e-01  4.6115136e-01  1.7172000e+02]
 [ 9.8456464e-01  9.2680320e-02 -1.4683936e-01 -1.1648700e+03]
 [ 0.0000000e+00  0.0000000e+00  0.0000000e+00  1.0000000e+00]]
[+0032.92, -0031.40, -1117.16]
850, 1157, 2092
[[-1.7306724e-01  4.5118678e-01 -8.7513746e-01  5.3980000e+01]
 [-1.4658740e-02  8.8757436e-01  4.6036742e-01  1.7165000e+02]
 [ 9.8448982e-01  9.2647340e-02 -1.4696004e-01 -1.1648400e+03]
 [ 0.0000000e+00  0.0000000e+00  0.0000000e+00  1.0000000e+00]]
[+0032.84, -0040.90, -1140.69]
932, 1162, 1958
[[-1.7329074e-01  4.5182214e-01 -8.7482618e-01  5.4030000e+01]
 [-1.4699780e-02  8.8723326e-01  4.6103406e-01  1.7171000e+02]
 [ 9.8450394e-01  9.2872180e-02 -1.4707764e-01 -1.1648400e+03]
 [ 0.0000000e+00  0.0000000e+00  0.0000000e+00  1.0000000e+00]]
[+0032.69, -0030.61, -1116.32]
1085, 996, 2137
[[-1.7447970e-01  4.5078736e-01 -8.7514172e-01  5.3890000e+01]
 [-1.5510880e-02  8.8764416e-01  4.6021936e-01  1.7157000e+02]
 [ 9.8429756e-01  9.3985120e-02 -1.4785570e-01 -1.1648300e+03]
 [ 0.0000000e+00  0.0000000e+00  0.0000000e+00  1.0000000e+00]]
[+0009.82, -0021.13, -1141.62]
800, 875, 1756
[[-1.7247402e-01  4.5267622e-01 -8.7453188e-01  5.4140000e+01]
 [-1.4245180e-02  8.8686398e-01  4.6175548e-01  1.7175000e+02]
 [ 9.8464148e-01  9.2224120e-02 -1.4648104e-01 -1.1648600e+03]
 [ 0.0000000e+00  0.0000000e+00  0.0000000e+00  1.0000000e+00]]
[+0018.18, -0029.56, -1114.09]
1085, 996, 2137
[[-1.7381010e-01  4.5080160e-01 -8.7531160e-01  5.3890000e+01]
 [-1.4394560e-02  8.8778190e-01  4.5999792e-01  1.7158000e+02]
 [ 9.8447208e-01  9.2645600e-02 -1.4779296e-01 -1.1648400e+03]
 [ 0.0000000e+00  0.0000000e+00  0.0000000e+00  1.0000000e+00]]
[+0010.80, -0021.89, -1141.17]
1590, 1939, 1459
[[-1.7522280e-01  4.5077352e-01 -8.7490616e-01  5.3860000e+01]
 [-1.4726480e-02  8.8767600e-01  4.6016664e-01  1.7172000e+02]
 [ 9.8409384e-01  9.3666640e-02 -1.4886504e-01 -1.1648700e+03]
 [ 0.0000000e+00  0.0000000e+00  0.0000000e+00  1.0000000e+00]]
[+0106.32, +0044.48, -1076.52]
1085, 996, 2137
[[-1.7351338e-01  4.5072348e-01 -8.7539016e-01  5.3930000e+01]
 [-1.5622680e-02  8.8771870e-01  4.6007604e-01  1.7160000e+02]
 [ 9.8448744e-01  9.3607560e-02 -1.4696392e-01 -1.1648600e+03]
 [ 0.0000000e+00  0.0000000e+00  0.0000000e+00  1.0000000e+00]]
[+0009.87, -0021.53, -1142.18]
911, 1148, 2219
[[-1.7381060e-01  4.5056688e-01 -8.7540396e-01  5.3920000e+01]
 [-1.5704760e-02  8.8777724e-01  4.5995888e-01  1.7161000e+02]
 [ 9.8442672e-01  9.3799240e-02 -1.4720260e-01 -1.1648500e+03]
 [ 0.0000000e+00  0.0000000e+00  0.0000000e+00  1.0000000e+00]]
[+0028.95, -0036.64, -1147.83]
1085, 996, 2137
[[-1.7329074e-01  4.5141368e-01 -8.7508660e-01  5.3970000e+01]
 [-1.5182800e-02  8.8740960e-01  4.6068800e-01  1.7165000e+02]
 [ 9.8454068e-01  9.3218240e-02 -1.4690130e-01 -1.1648700e+03]
 [ 0.0000000e+00  0.0000000e+00  0.0000000e+00  1.0000000e+00]]
[+0011.35, -0018.97, -1137.05]
1868, 936, 2023
[[-1.7581850e-01  4.5052182e-01 -8.7495174e-01  5.3850000e+01]
 [-1.5903540e-02  8.8767046e-01  4.6014462e-01  1.7159000e+02]
 [ 9.8400078e-01  9.4953060e-02 -1.4886980e-01 -1.1648400e+03]
 [ 0.0000000e+00  0.0000000e+00  0.0000000e+00  1.0000000e+00]]
[-0005.10, +0047.97, -1133.64]
1659, 924, 1936
[[-1.7418240e-01  4.5150128e-01 -8.7483024e-01  5.3970000e+01]
 [-1.4796960e-02  8.8735086e-01  4.6080748e-01  1.7166000e+02]
 [ 9.8435888e-01  9.3322440e-02 -1.4785170e-01 -1.1648300e+03]
 [ 0.0000000e+00  0.0000000e+00  0.0000000e+00  1.0000000e+00]]
[-0003.67, +0036.53, -1121.71]
1868, 936, 2023
[[-1.7633892e-01  4.4997164e-01 -8.7519404e-01  5.3780000e+01]
 [-1.6129160e-02  8.8792022e-01  4.5966638e-01  1.7153000e+02]
 [ 9.8396084e-01  9.5283020e-02 -1.4928970e-01 -1.1648400e+03]
 [ 0.0000000e+00  0.0000000e+00  0.0000000e+00  1.0000000e+00]]
[-0006.40, +0046.37, -1136.63]
2034, 1046, 1607
[[-1.7581850e-01  4.5093072e-01 -8.7469104e-01  5.3870000e+01]
 [-1.5420000e-02  8.8749496e-01  4.6049028e-01  1.7164000e+02]
 [ 9.8396400e-01  9.4607400e-02 -1.4904530e-01 -1.1648600e+03]
 [ 0.0000000e+00  0.0000000e+00  0.0000000e+00  1.0000000e+00]]
[+0013.54, +0087.98, -1115.96]
1868, 936, 2023
[[-1.7559570e-01  4.5028344e-01 -8.7535572e-01  5.3840000e+01]
 [-1.6615920e-02  8.8777094e-01  4.5996856e-01  1.7156000e+02]
 [ 9.8423916e-01  9.5351920e-02 -1.4839720e-01 -1.1648500e+03]
 [ 0.0000000e+00  0.0000000e+00  0.0000000e+00  1.0000000e+00]]
[-0005.83, +0046.04, -1135.33]
1834, 1172, 2072
[[-1.7514900e-01  4.5019020e-01 -8.7540040e-01  5.3830000e+01]
 [-1.6283600e-02  8.8786188e-01  4.5978804e-01  1.7159000e+02]
 [ 9.8424180e-01  9.4862960e-02 -1.4815812e-01 -1.1648500e+03]
 [ 0.0000000e+00  0.0000000e+00  0.0000000e+00  1.0000000e+00]]
[+0003.65, +0033.68, -1119.39]
1868, 936, 2023
[[-1.7544642e-01  4.5044222e-01 -8.7515342e-01  5.3840000e+01]
 [-1.5882380e-02  8.8774508e-01  4.6001702e-01  1.7156000e+02]
 [ 9.8414402e-01  9.4708580e-02 -1.4857234e-01 -1.1648400e+03]
 [ 0.0000000e+00  0.0000000e+00  0.0000000e+00  1.0000000e+00]]
[-0006.02, +0046.43, -1136.20]
1902, 2013, 2234
[[-1.7589226e-01  4.4932080e-01 -8.7553670e-01  5.3700000e+01]
 [-1.6429200e-02  8.8824412e-01  4.5901488e-01  1.7157000e+02]
 [ 9.8396330e-01  9.5264880e-02 -1.4881738e-01 -1.1648600e+03]
 [ 0.0000000e+00  0.0000000e+00  0.0000000e+00  1.0000000e+00]]
[+0057.92, +0013.36, -1096.19]
1752, 1992, 2232
[[-1.7529700e-01  4.4960976e-01 -8.7563968e-01  5.3780000e+01]
 [-1.5288960e-02  8.8825038e-01  4.5906606e-01  1.7162000e+02]
 [ 9.8420528e-01  9.3949260e-02 -1.4881138e-01 -1.1648400e+03]
 [ 0.0000000e+00  0.0000000e+00  0.0000000e+00  1.0000000e+00]]
[+0059.71, +0000.01, -1099.36]
1902, 2013, 2234
[[-1.7566888e-01  4.4939208e-01 -8.7551240e-01  5.3710000e+01]
 [-1.5607920e-02  8.8829272e-01  4.5894360e-01  1.7160000e+02]
 [ 9.8398760e-01  9.4443600e-02 -1.4899216e-01 -1.1648400e+03]
 [ 0.0000000e+00  0.0000000e+00  0.0000000e+00  1.0000000e+00]]
[+0057.78, +0013.85, -1096.08]
1966, 1548, 2249
[[-1.7641288e-01  4.4962592e-01 -8.7540648e-01  5.3700000e+01]
 [-1.5725120e-02  8.8814384e-01  4.5925728e-01  1.7155000e+02]
 [ 9.8399832e-01  9.4873920e-02 -1.4958728e-01 -1.1648500e+03]
 [ 0.0000000e+00  0.0000000e+00  0.0000000e+00  1.0000000e+00]]
[+0019.23, +0028.26, -1111.28]
1902, 2013, 2234
[[-1.7507392e-01  4.4985432e-01 -8.7544824e-01  5.3780000e+01]
 [-1.5294480e-02  8.8811758e-01  4.5930264e-01  1.7163000e+02]
 [ 9.8414664e-01  9.3935760e-02 -1.4857234e-01 -1.1648500e+03]
 [ 0.0000000e+00  0.0000000e+00  0.0000000e+00  1.0000000e+00]]
[+0059.41, +0016.00, -1094.86]
1904, 2007, 2065
[[-1.7507392e-01  4.5000304e-01 -8.7541104e-01  5.3790000e+01]
 [-1.5145760e-02  8.8805912e-01  4.5942768e-01  1.7167000e+02]
 [ 9.8418384e-01  9.3810720e-02 -1.4863080e-01 -1.1648800e+03]
 [ 0.0000000e+00  0.0000000e+00  0.0000000e+00  1.0000000e+00]]
[+0067.40, +0025.41, -1088.29]
1902, 2013, 2234
[[-1.7499954e-01  4.4976646e-01 -8.7562618e-01  5.3750000e+01]
 [-1.5206620e-02  8.8819196e-01  4.5918314e-01  1.7160000e+02]
 [ 9.8426614e-01  9.3757820e-02 -1.4857234e-01 -1.1648500e+03]
 [ 0.0000000e+00  0.0000000e+00  0.0000000e+00  1.0000000e+00]]
[+0057.66, +0014.11, -1096.12]
1878, 1611, 884
[[-1.7410900e-01  4.5173586e-01 -8.7480298e-01  5.4000000e+01]
 [-1.5387540e-02  8.8718574e-01  4.6112034e-01  1.7177000e+02]
 [ 9.8443322e-01  9.3826740e-02 -1.4749570e-01 -1.1649000e+03]
 [ 0.0000000e+00  0.0000000e+00  0.0000000e+00  1.0000000e+00]]
[+0103.19, +0109.03, -1098.39]
1798, 1710, 1054
[[-1.7381060e-01  4.5127272e-01 -8.7506904e-01  5.3950000e+01]
 [-1.4924400e-02  8.8748414e-01  4.6055522e-01  1.7174000e+02]
 [ 9.8446440e-01  9.3202900e-02 -1.4749570e-01 -1.1648800e+03]
 [ 0.0000000e+00  0.0000000e+00  0.0000000e+00  1.0000000e+00]]
[+0103.77, +0088.40, -1084.27]
1878, 1611, 884
[[-1.7462890e-01  4.5159484e-01 -8.7478522e-01  5.3950000e+01]
 [-1.5129080e-02  8.8726040e-01  4.6098764e-01  1.7174000e+02]
 [ 9.8435674e-01  9.3811480e-02 -1.4809026e-01 -1.1648800e+03]
 [ 0.0000000e+00  0.0000000e+00  0.0000000e+00  1.0000000e+00]]
[+0103.72, +0108.76, -1097.88]
1993, 1843, 802
[[-1.7604138e-01  4.5113256e-01 -8.7477068e-01  5.3870000e+01]
 [-1.4968240e-02  8.8745238e-01  4.6062876e-01  1.7180000e+02]
 [ 9.8413428e-01  9.4246040e-02 -1.4946000e-01 -1.1649100e+03]
 [ 0.0000000e+00  0.0000000e+00  0.0000000e+00  1.0000000e+00]]
[+0120.74, +0109.28, -1115.94]
1878, 1611, 884
[[-1.7403434e-01  4.5161076e-01 -8.7483234e-01  5.3990000e+01]
 [-1.5262440e-02  8.8726040e-01  4.6097172e-01  1.7176000e+02]
 [ 9.8440386e-01  9.3678120e-02 -1.4749570e-01 -1.1648200e+03]
 [ 0.0000000e+00  0.0000000e+00  0.0000000e+00  1.0000000e+00]]
[+0102.06, +0105.23, -1095.86]
2061, 1559, 999
[[-1.7589316e-01  4.5079554e-01 -8.7488518e-01  5.3870000e+01]
 [-1.5879780e-02  8.8753734e-01  4.6041834e-01  1.7173000e+02]
 [ 9.8406734e-01  9.4976820e-02 -1.4892826e-01 -1.1648700e+03]
 [ 0.0000000e+00  0.0000000e+00  0.0000000e+00  1.0000000e+00]]
[+0087.66, +0115.52, -1105.90]
1878, 1611, 884
[[-1.7395972e-01  4.5178290e-01 -8.7478710e-01  5.3980000e+01]
 [-1.4840100e-02  8.8721750e-01  4.6107330e-01  1.7177000e+02]
 [ 9.8444910e-01  9.3279300e-02 -1.4761322e-01 -1.1648700e+03]
 [ 0.0000000e+00  0.0000000e+00  0.0000000e+00  1.0000000e+00]]
[+0104.70, +0106.95, -1097.44]
1625, 1719, 1297
[[-1.7395890e-01  4.5134912e-01 -8.7517844e-01  5.3910000e+01]
 [-1.4347520e-02  8.8751558e-01  4.6054544e-01  1.7172000e+02]
 [ 9.8460524e-01  9.2692640e-02 -1.4791048e-01 -1.1648500e+03]
 [ 0.0000000e+00  0.0000000e+00  0.0000000e+00  1.0000000e+00]]
[+0095.08, +0057.98, -1070.81]
1630, 2142, 1566
[[-1.7455354e-01  4.5044140e-01 -8.7535464e-01  5.3830000e+01]
 [-1.5106360e-02  8.8786766e-01  4.5981060e-01  1.7173000e+02]
 [ 9.8433480e-01  9.3576360e-02 -1.4815304e-01 -1.1648600e+03]
 [ 0.0000000e+00  0.0000000e+00  0.0000000e+00  1.0000000e+00]]
[+0115.91, +0029.64, -1086.24]
1625, 1719, 1297
[[-1.7366164e-01  4.5131972e-01 -8.7505332e-01  5.3940000e+01]
 [-1.4376920e-02  8.8751558e-01  4.6050822e-01  1.7174000e+02]
 [ 9.8448012e-01  9.2655420e-02 -1.4761322e-01 -1.1648500e+03]
 [ 0.0000000e+00  0.0000000e+00  0.0000000e+00  1.0000000e+00]]
[+0093.76, +0058.43, -1070.79]
1448, 1728, 1285
[[-1.7358792e-01  4.5140576e-01 -8.7506316e-01  5.3960000e+01]
 [-1.5116160e-02  8.8740960e-01  4.6069592e-01  1.7175000e+02]
 [ 9.8451724e-01  9.3284880e-02 -1.4719848e-01 -1.1648900e+03]
 [ 0.0000000e+00  0.0000000e+00  0.0000000e+00  1.0000000e+00]]
[+0100.34, +0044.13, -1068.62]
1625, 1719, 1297
[[-1.751490e-01  4.510078e-01 -8.748792e-01  5.390000e+01]
 [-1.531680e-02  8.875110e-01  4.604798e-01  1.717300e+02]
 [ 9.841682e-01  9.417120e-02 -1.485090e-01 -1.164880e+03]
 [ 0.000000e+00  0.000000e+00  0.000000e+00  1.000000e+00]]
[+0094.40, +0063.35, -1071.57]
1666, 1974, 894
[[-1.7477704e-01  4.5122540e-01 -8.7500628e-01  5.3900000e+01]
 [-1.4998280e-02  8.8746830e-01  4.6060254e-01  1.7178000e+02]
 [ 9.8438580e-01  9.3676500e-02 -1.4832890e-01 -1.1648800e+03]
 [ 0.0000000e+00  0.0000000e+00  0.0000000e+00  1.0000000e+00]]
[+0138.05, +0083.68, -1101.15]
1625, 1719, 1297
[[-1.7425698e-01  4.5121774e-01 -8.7506140e-01  5.3910000e+01]
 [-1.5405260e-02  8.8745238e-01  4.6061020e-01  1.7172000e+02]
 [ 9.8442500e-01  9.3817000e-02 -1.4767560e-01 -1.1648700e+03]
 [ 0.0000000e+00  0.0000000e+00  0.0000000e+00  1.0000000e+00]]
[+0092.58, +0061.97, -1071.26]
2107, 951, 1831
[[-1.7760410e-01  4.4972892e-01 -8.7499506e-01  5.3710000e+01]
 [-1.6248600e-02  8.8796216e-01  4.5956892e-01  1.7151000e+02]
 [ 9.8367090e-01  9.5976600e-02 -1.5036370e-01 -1.1648100e+03]
 [ 0.0000000e+00  0.0000000e+00  0.0000000e+00  1.0000000e+00]]
[+0001.13, +0073.40, -1133.57]
2104, 795, 1771
[[-1.7641354e-01  4.5035684e-01 -8.7494146e-01  5.3780000e+01]
 [-1.5919240e-02  8.8772888e-01  4.6003588e-01  1.7153000e+02]
 [ 9.8391586e-01  9.5211080e-02 -1.4940642e-01 -1.1648200e+03]
 [ 0.0000000e+00  0.0000000e+00  0.0000000e+00  1.0000000e+00]]
[-0001.56, +0078.11, -1144.02]
2107, 951, 1831
[[-1.7782722e-01  4.4989364e-01 -8.7492556e-01  5.3720000e+01]
 [-1.5759560e-02  8.8792022e-01  4.5967792e-01  1.7153000e+02]
 [ 9.8369236e-01  9.5644480e-02 -1.5077800e-01 -1.1648100e+03]
 [ 0.0000000e+00  0.0000000e+00  0.0000000e+00  1.0000000e+00]]
[+0002.51, +0073.89, -1132.47]
1999, 1176, 1243
[[-1.7485162e-01  4.5142454e-01 -8.7464228e-01  5.3950000e+01]
 [-1.4900060e-02  8.8733502e-01  4.6081756e-01  1.7170000e+02]
 [ 9.8415508e-01  9.3758840e-02 -1.4838760e-01 -1.1648400e+03]
 [ 0.0000000e+00  0.0000000e+00  0.0000000e+00  1.0000000e+00]]
[+0044.40, +0103.37, -1099.31]
2107, 951, 1831
[[-1.7723178e-01  4.4979838e-01 -8.7515970e-01  5.3730000e+01]
 [-1.6078620e-02  8.8797852e-01  4.5956590e-01  1.7151000e+02]
 [ 9.8385190e-01  9.5607300e-02 -1.5012426e-01 -1.1648000e+03]
 [ 0.0000000e+00  0.0000000e+00  0.0000000e+00  1.0000000e+00]]
[+0001.23, +0073.60, -1133.95]
1639, 929, 1907
[[-1.7499988e-01  4.5094372e-01 -8.7504924e-01  5.3880000e+01]
 [-1.4955320e-02  8.8760150e-01  4.6033674e-01  1.7160000e+02]
 [ 9.8429556e-01  9.3719460e-02 -1.4856762e-01 -1.1648000e+03]
 [ 0.0000000e+00  0.0000000e+00  0.0000000e+00  1.0000000e+00]]
[-0005.41, +0033.57, -1121.97]
2107, 951, 1831
[[-1.7626434e-01  4.5040452e-01 -8.7492530e-01  5.3780000e+01]
 [-1.5371800e-02  8.8776120e-01  4.5998820e-01  1.7157000e+02]
 [ 9.8393202e-01  9.4663640e-02 -1.4952330e-01 -1.1648400e+03]
 [ 0.0000000e+00  0.0000000e+00  0.0000000e+00  1.0000000e+00]]
[+0002.78, +0075.42, -1132.81]
1612, 2014, 1779
[[-1.7492538e-01  4.5085592e-01 -8.7522726e-01  5.3860000e+01]
 [-1.4867520e-02  8.8767600e-01  4.6021736e-01  1.7170000e+02]
 [ 9.8441494e-01  9.3541440e-02 -1.4856762e-01 -1.1648500e+03]
 [ 0.0000000e+00  0.0000000e+00  0.0000000e+00  1.0000000e+00]]
[+0094.20, +0016.92, -1082.72]
1817, 2045, 1833
[[-1.7544642e-01  4.4999606e-01 -8.7526532e-01  5.3780000e+01]
 [-1.6328540e-02  8.8792022e-01  4.5964196e-01  1.7168000e+02]
 [ 9.8403212e-01  9.5083640e-02 -1.4839720e-01 -1.1648800e+03]
 [ 0.0000000e+00  0.0000000e+00  0.0000000e+00  1.0000000e+00]]
[+0085.63, +0032.14, -1082.50]
1612, 2014, 1779
[[-1.7403336e-01  4.5084244e-01 -8.7514936e-01  5.3880000e+01]
 [-1.5029960e-02  8.8767600e-01  4.6016428e-01  1.7171000e+02]
 [ 9.8433704e-01  9.3371080e-02 -1.4767560e-01 -1.1648800e+03]
 [ 0.0000000e+00  0.0000000e+00  0.0000000e+00  1.0000000e+00]]
[+0093.41, +0017.47, -1082.24]
1842, 2070, 871
[[-1.7522280e-01  4.5081076e-01 -8.7505488e-01  5.3830000e+01]
 [-1.4763720e-02  8.8767600e-01  4.6019596e-01  1.7179000e+02]
 [ 9.8424256e-01  9.3637320e-02 -1.4886504e-01 -1.1649000e+03]
 [ 0.0000000e+00  0.0000000e+00  0.0000000e+00  1.0000000e+00]]
[+0136.36, +0089.27, -1111.84]
1612, 2014, 1779
[[-1.7447912e-01  4.5057648e-01 -8.7516084e-01  5.3840000e+01]
 [-1.4646720e-02  8.8782488e-01  4.5988276e-01  1.7168000e+02]
 [ 9.8423124e-01  9.3206840e-02 -1.4827024e-01 -1.1648400e+03]
 [ 0.0000000e+00  0.0000000e+00  0.0000000e+00  1.0000000e+00]]
[+0088.18, +0015.40, -1083.17]
1710, 1398, 1765
[[-1.7537184e-01  4.5076336e-01 -8.7507080e-01  5.3870000e+01]
 [-1.5311200e-02  8.8764416e-01  4.6024336e-01  1.7167000e+02]
 [ 9.8422664e-01  9.4184800e-02 -1.4874784e-01 -1.1648400e+03]
 [ 0.0000000e+00  0.0000000e+00  0.0000000e+00  1.0000000e+00]]
[+0030.69, +0039.17, -1085.60]
1612, 2014, 1779
[[-1.7440516e-01  4.5055088e-01 -8.7535692e-01  5.3860000e+01]
 [-1.5571720e-02  8.8777724e-01  4.5997488e-01  1.7170000e+02]
 [ 9.8437968e-01  9.3932280e-02 -1.4779716e-01 -1.1648800e+03]
 [ 0.0000000e+00  0.0000000e+00  0.0000000e+00  1.0000000e+00]]
[+0092.53, +0015.61, -1083.00]
1759, 1135, 2142
[[-1.7611600e-01  4.4980724e-01 -8.7526332e-01  5.3770000e+01]
 [-1.6618120e-02  8.8796216e-01  4.5955704e-01  1.7156000e+02]
 [ 9.8393916e-01  9.5615280e-02 -1.4887560e-01 -1.1648500e+03]
 [ 0.0000000e+00  0.0000000e+00  0.0000000e+00  1.0000000e+00]]
[+0000.81, +0025.77, -1126.26]
1186, 1001, 2245
[[-1.7410740e-01  4.5038498e-01 -8.7554826e-01  5.3850000e+01]
 [-1.4811180e-02  8.8795788e-01  4.5965974e-01  1.7155000e+02]
 [ 9.8448566e-01  9.3058140e-02 -1.4791428e-01 -1.1648300e+03]
 [ 0.0000000e+00  0.0000000e+00  0.0000000e+00  1.0000000e+00]]
[+0008.27, -0015.23, -1145.77]
1759, 1135, 2142
[[-1.7552026e-01  4.5050536e-01 -8.7510564e-01  5.3830000e+01]
 [-1.4994640e-02  8.8779320e-01  4.5995388e-01  1.7161000e+02]
 [ 9.8414436e-01  9.3953880e-02 -1.4904530e-01 -1.1648300e+03]
 [ 0.0000000e+00  0.0000000e+00  0.0000000e+00  1.0000000e+00]]
[+0002.57, +0029.35, -1122.94]
1561, 911, 760
[[-1.7321746e-01  4.5287360e-01 -8.7427752e-01  5.4120000e+01]
 [-1.4324480e-02  8.8671470e-01  4.6203864e-01  1.7177000e+02]
 [ 9.8450520e-01  9.2684400e-02 -1.4707520e-01 -1.1648400e+03]
 [ 0.0000000e+00  0.0000000e+00  0.0000000e+00  1.0000000e+00]]
[+0056.91, +0114.41, -1083.15]
1759, 1135, 2142
[[-1.7626434e-01  4.4973518e-01 -8.7540926e-01  5.3750000e+01]
 [-1.6190260e-02  8.8805310e-01  4.5942178e-01  1.7154000e+02]
 [ 9.8404318e-01  9.5230060e-02 -1.4923140e-01 -1.1648300e+03]
 [ 0.0000000e+00  0.0000000e+00  0.0000000e+00  1.0000000e+00]]
[+0001.18, +0026.35, -1125.41]
1490, 2183, 2010
[[-1.7425620e-01  4.5030068e-01 -8.7541544e-01  5.3820000e+01]
 [-1.5321520e-02  8.8792620e-01  4.5967756e-01  1.7171000e+02]
 [ 9.8432116e-01  9.3634960e-02 -1.4779716e-01 -1.1648800e+03]
 [ 0.0000000e+00  0.0000000e+00  0.0000000e+00  1.0000000e+00]]
[+0097.92, -0004.52, -1098.55]
1759, 1135, 2142
[[-1.7581776e-01  4.4990236e-01 -8.7523084e-01  5.3770000e+01]
 [-1.5523160e-02  8.8802712e-01  4.5946192e-01  1.7155000e+02]
 [ 9.8397164e-01  9.4520320e-02 -1.4910888e-01 -1.1648300e+03]
 [ 0.0000000e+00  0.0000000e+00  0.0000000e+00  1.0000000e+00]]
[+0000.89, +0026.24, -1126.05]
1313, 853, 1839
[[-1.7410900e-01  4.5143862e-01 -8.7487766e-01  5.3970000e+01]
 [-1.5684780e-02  8.8730310e-01  4.6087014e-01  1.7165000e+02]
 [ 9.8435854e-01  9.4076940e-02 -1.4737834e-01 -1.1648400e+03]
 [ 0.0000000e+00  0.0000000e+00  0.0000000e+00  1.0000000e+00]]
[-0003.28, +0014.76, -1114.82]
2194, 1921, 1890
[[-1.7693370e-01  4.4937322e-01 -8.7557394e-01  5.3680000e+01]
 [-1.5653460e-02  8.8827660e-01  4.5902882e-01  1.7161000e+02]
 [ 9.8403302e-01  9.4953660e-02 -1.5012426e-01 -1.1648600e+03]
 [ 0.0000000e+00  0.0000000e+00  0.0000000e+00  1.0000000e+00]]
[+0061.79, +0063.08, -1090.04]
1313, 853, 1839
[[-1.7277108e-01  4.5196304e-01 -8.7484356e-01  5.4070000e+01]
 [-1.4958360e-02  8.8715868e-01  4.6116688e-01  1.7174000e+02]
 [ 9.8458016e-01  9.2887320e-02 -1.4648340e-01 -1.1647800e+03]
 [ 0.0000000e+00  0.0000000e+00  0.0000000e+00  1.0000000e+00]]
[-0003.31, +0014.70, -1114.98]
1320, 860, 1556
[[-1.7314280e-01  4.5208032e-01 -8.7479076e-01  5.4110000e+01]
 [-1.5016800e-02  8.8708406e-01  4.6132332e-01  1.7172000e+02]
 [ 9.8458620e-01  9.3102600e-02 -1.4678050e-01 -1.1647200e+03]
 [ 0.0000000e+00  0.0000000e+00  0.0000000e+00  1.0000000e+00]]
[+0004.05, +0032.67, -1090.79]
1313, 853, 1839
[[-1.7358792e-01  4.5125716e-01 -8.7510044e-01  5.4020000e+01]
 [-1.5264760e-02  8.8746830e-01  4.6057078e-01  1.7165000e+02]
 [ 9.8447996e-01  9.3410020e-02 -1.4713978e-01 -1.1647100e+03]
 [ 0.0000000e+00  0.0000000e+00  0.0000000e+00  1.0000000e+00]]
[-0005.77, +0012.84, -1118.15]
1067, 1055, 1837
[[-1.7291906e-01  4.5133368e-01 -8.7528792e-01  5.4050000e+01]
 [-1.5161520e-02  8.8748414e-01  4.6056088e-01  1.7165000e+02]
 [ 9.8468328e-01  9.2973680e-02 -1.4660416e-01 -1.1647500e+03]
 [ 0.0000000e+00  0.0000000e+00  0.0000000e+00  1.0000000e+00]]
[+0019.71, -0018.33, -1106.93]
1313, 853, 1839
[[-1.7373610e-01  4.5129622e-01 -8.7506116e-01  5.3980000e+01]
 [-1.4650660e-02  8.8749990e-01  4.6053172e-01  1.7165000e+02]
 [ 9.8447228e-01  9.2929160e-02 -1.4755444e-01 -1.1647400e+03]
 [ 0.0000000e+00  0.0000000e+00  0.0000000e+00  1.0000000e+00]]
[-0005.74, +0012.68, -1118.29]
2107, 781, 1747
[[-1.7596680e-01  4.5044984e-01 -8.7509788e-01  5.3870000e+01]
 [-1.5475600e-02  8.8776120e-01  4.6000940e-01  1.7154000e+02]
 [ 9.8410460e-01  9.4567880e-02 -1.4922576e-01 -1.1646900e+03]
 [ 0.0000000e+00  0.0000000e+00  0.0000000e+00  1.0000000e+00]]
[-0001.05, +0080.37, -1143.97]
2194, 1100, 1671
[[-1.7611600e-01  4.5051372e-01 -8.7492796e-01  5.3880000e+01]
 [-1.5837000e-02  8.8767046e-01  4.6015272e-01  1.7169000e+02]
 [ 9.8397700e-01  9.5019600e-02 -1.4916730e-01 -1.1647400e+03]
 [ 0.0000000e+00  0.0000000e+00  0.0000000e+00  1.0000000e+00]]
[+0017.35, +0089.81, -1120.93]
2107, 781, 1747
[[-1.7507442e-01  4.5062266e-01 -8.7513176e-01  5.3910000e+01]
 [-1.5526460e-02  8.8770270e-01  4.6011032e-01  1.7156000e+02]
 [ 9.8421304e-01  9.4243280e-02 -1.4839188e-01 -1.1646600e+03]
 [ 0.0000000e+00  0.0000000e+00  0.0000000e+00  1.0000000e+00]]
[-0000.73, +0080.30, -1145.08]
2075, 843, 1974
[[-1.7671112e-01  4.4856360e-01 -8.7599796e-01  5.3650000e+01]
 [-1.7936400e-02  8.8848470e-01  4.5853580e-01  1.7137000e+02]
 [ 9.8400204e-01  9.6785800e-02 -1.4894818e-01 -1.1646400e+03]
 [ 0.0000000e+00  0.0000000e+00  0.0000000e+00  1.0000000e+00]]
[-0003.15, +0063.88, -1143.26]
2107, 781, 1747
[[-1.7537184e-01  4.5102352e-01 -8.7484752e-01  5.3960000e+01]
 [-1.4976480e-02  8.8752696e-01  4.6046408e-01  1.7161000e+02]
 [ 9.8415248e-01  9.3964080e-02 -1.4886504e-01 -1.1646500e+03]
 [ 0.0000000e+00  0.0000000e+00  0.0000000e+00  1.0000000e+00]]
[-0000.45, +0080.60, -1144.55]
1884, 831, 1702
[[-1.7358792e-01  4.5155436e-01 -8.7502588e-01  5.4010000e+01]
 [-1.4967560e-02  8.8735086e-01  4.6082106e-01  1.7166000e+02]
 [ 9.8455452e-01  9.3159740e-02 -1.4725722e-01 -1.1647000e+03]
 [ 0.0000000e+00  0.0000000e+00  0.0000000e+00  1.0000000e+00]]
[-0001.16, +0068.78, -1124.35]
2107, 781, 1747
[[-1.7589226e-01  4.5017610e-01 -8.7516438e-01  5.3840000e+01]
 [-1.5499380e-02  8.8789420e-01  4.5973566e-01  1.7153000e+02]
 [ 9.8403810e-01  9.4544100e-02 -1.4916730e-01 -1.1646800e+03]
 [ 0.0000000e+00  0.0000000e+00  0.0000000e+00  1.0000000e+00]]
[-0001.26, +0079.83, -1144.00]
1365, 1328, 1180
[[-1.7373712e-01  4.5161872e-01 -8.7485584e-01  5.4060000e+01]
 [-1.5329120e-02  8.8726040e-01  4.6096376e-01  1.7174000e+02]
 [ 9.8442736e-01  9.3611440e-02 -1.4719848e-01 -1.1647100e+03]
 [ 0.0000000e+00  0.0000000e+00  0.0000000e+00  1.0000000e+00]]
[+0071.70, +0053.44, -1059.51]
785, 1297, 1223
[[-1.7165640e-01  4.5253908e-01 -8.7492676e-01  5.4180000e+01]
 [-1.3929160e-02  8.8702854e-01  4.6147878e-01  1.7179000e+02]
 [ 9.8493372e-01  9.1460740e-02 -1.4594610e-01 -1.1647100e+03]
 [ 0.0000000e+00  0.0000000e+00  0.0000000e+00  1.0000000e+00]]
[+0087.76, -0013.27, -1066.32]
1365, 1328, 1180
[[-1.7284456e-01  4.5191404e-01 -8.7498252e-01  5.4080000e+01]
 [-1.4256280e-02  8.8726454e-01  4.6100886e-01  1.7176000e+02]
 [ 9.8469156e-01  9.2228580e-02 -1.4689826e-01 -1.1647200e+03]
 [ 0.0000000e+00  0.0000000e+00  0.0000000e+00  1.0000000e+00]]
[+0071.68, +0054.28, -1059.66]
1390, 1310, 1512
[[-1.7351284e-01  4.5140390e-01 -8.7518638e-01  5.4020000e+01]
 [-1.3866620e-02  8.8754670e-01  4.6049066e-01  1.7172000e+02]
 [ 9.8464430e-01  9.2078500e-02 -1.4773090e-01 -1.1647000e+03]
 [ 0.0000000e+00  0.0000000e+00  0.0000000e+00  1.0000000e+00]]
[+0048.03, +0030.08, -1068.90]
1365, 1328, 1180
[[-1.7291906e-01  4.5185340e-01 -8.7484176e-01  5.4080000e+01]
 [-1.4492760e-02  8.8724894e-01  4.6100280e-01  1.7176000e+02]
 [ 9.8453520e-01  9.2531760e-02 -1.4683936e-01 -1.1647100e+03]
 [ 0.0000000e+00  0.0000000e+00  0.0000000e+00  1.0000000e+00]]
[+0072.22, +0053.09, -1059.34]
1387, 866, 1154
[[-1.7358930e-01  4.5228534e-01 -8.7455992e-01  5.4050000e+01]
 [-1.5162980e-02  8.8693470e-01  4.6159896e-01  1.7173000e+02]
 [ 9.8447304e-01  9.3495920e-02 -1.4707764e-01 -1.1648500e+03]
 [ 0.0000000e+00  0.0000000e+00  0.0000000e+00  1.0000000e+00]]
[+0023.85, +0070.65, -1072.92]
1365, 1328, 1180
[[-1.7358792e-01  4.5185156e-01 -8.7495132e-01  5.3970000e+01]
 [-1.4670360e-02  8.8723326e-01  4.6107134e-01  1.7173000e+02]
 [ 9.8462908e-01  9.2909460e-02 -1.4737482e-01 -1.1648600e+03]
 [ 0.0000000e+00  0.0000000e+00  0.0000000e+00  1.0000000e+00]]
[+0071.94, +0053.06, -1059.49]
1757, 1363, 1864
[[-1.7566930e-01  4.5030914e-01 -8.7515892e-01  5.3790000e+01]
 [-1.5690860e-02  8.8781966e-01  4.5987636e-01  1.7161000e+02]
 [ 9.8409108e-01  9.4626360e-02 -1.4886980e-01 -1.1648300e+03]
 [ 0.0000000e+00  0.0000000e+00  0.0000000e+00  1.0000000e+00]]
[+0021.01, +0039.82, -1093.91]
1595, 1001, 1428
[[-1.7448096e-01  4.5185296e-01 -8.7475008e-01  5.3990000e+01]
 [-1.5445920e-02  8.8711104e-01  4.6127696e-01  1.7171000e+02]
 [ 9.8443904e-01  9.4042080e-02 -1.4779296e-01 -1.1648400e+03]
 [ 0.0000000e+00  0.0000000e+00  0.0000000e+00  1.0000000e+00]]
[+0019.09, +0064.78, -1084.50]
1757, 1363, 1864
[[-1.7559476e-01  4.5033288e-01 -8.7515088e-01  5.3780000e+01]
 [-1.5417120e-02  8.8783574e-01  4.5985262e-01  1.7159000e+02]
 [ 9.8409912e-01  9.4352620e-02 -1.4892826e-01 -1.1648100e+03]
 [ 0.0000000e+00  0.0000000e+00  0.0000000e+00  1.0000000e+00]]
[+0021.20, +0039.66, -1093.86]
1839, 1585, 1648
[[-1.7589226e-01  4.5091990e-01 -8.7497808e-01  5.3850000e+01]
 [-1.4755580e-02  8.8760150e-01  4.6036056e-01  1.7171000e+02]
 [ 9.8422440e-01  9.3919200e-02 -1.4946000e-01 -1.1648300e+03]
 [ 0.0000000e+00  0.0000000e+00  0.0000000e+00  1.0000000e+00]]
[+0053.12, +0061.57, -1079.35]
1757, 1363, 1864
[[-1.7552026e-01  4.5065410e-01 -8.7506840e-01  5.3840000e+01]
 [-1.4845900e-02  8.8773462e-01  4.6007888e-01  1.7164000e+02]
 [ 9.8418160e-01  9.3828880e-02 -1.4910388e-01 -1.1647900e+03]
 [ 0.0000000e+00  0.0000000e+00  0.0000000e+00  1.0000000e+00]]
[+0021.17, +0039.24, -1094.24]
850, 1729, 1896
[[-1.7291844e-01  4.5112222e-01 -8.7530762e-01  5.3940000e+01]
 [-1.4297020e-02  8.8766438e-01  4.6022482e-01  1.7174000e+02]
 [ 9.8461682e-01  9.2195620e-02 -1.4701882e-01 -1.1648400e+03]
 [ 0.0000000e+00  0.0000000e+00  0.0000000e+00  1.0000000e+00]]
[+0085.26, -0043.13, -1120.84]
1757, 1363, 1864
[[-1.7522362e-01  4.5072404e-01 -8.7511056e-01  5.3840000e+01]
 [-1.5925240e-02  8.8761200e-01  4.6028268e-01  1.7167000e+02]
 [ 9.8423424e-01  9.4665720e-02 -1.4833338e-01 -1.1648600e+03]
 [ 0.0000000e+00  0.0000000e+00  0.0000000e+00  1.0000000e+00]]
[+0022.06, +0042.77, -1093.04]
1670, 1282, 1061
[[-1.7343888e-01  4.5174988e-01 -8.7497292e-01  5.3980000e+01]
 [-1.4271480e-02  8.8732344e-01  4.6089928e-01  1.7175000e+02]
 [ 9.8460748e-01  9.2487120e-02 -1.4743368e-01 -1.1648400e+03]
 [ 0.0000000e+00  0.0000000e+00  0.0000000e+00  1.0000000e+00]]
[+0068.06, +0094.07, -1075.47]
1860, 1109, 1026
[[-1.7462890e-01  4.5196618e-01 -8.7437594e-01  5.3970000e+01]
 [-1.4608460e-02  8.8708406e-01  4.6130398e-01  1.7173000e+02]
 [ 9.8417138e-01  9.3495140e-02 -1.4826660e-01 -1.1648400e+03]
 [ 0.0000000e+00  0.0000000e+00  0.0000000e+00  1.0000000e+00]]
[+0052.08, +0114.45, -1096.86]
1670, 1282, 1061
[[-1.7381178e-01  4.5174384e-01 -8.7482648e-01  5.3950000e+01]
 [-1.5454240e-02  8.8718574e-01  4.6111236e-01  1.7177000e+02]
 [ 9.8445672e-01  9.3760040e-02 -1.4719848e-01 -1.1648900e+03]
 [ 0.0000000e+00  0.0000000e+00  0.0000000e+00  1.0000000e+00]]
[+0069.58, +0090.55, -1073.72]
1505, 1089, 1112
[[-1.7455428e-01  4.5176710e-01 -8.7473998e-01  5.3950000e+01]
 [-1.4706700e-02  8.8721750e-01  4.6108910e-01  1.7168000e+02]
 [ 9.8440198e-01  9.3412700e-02 -1.4820778e-01 -1.1648600e+03]
 [ 0.0000000e+00  0.0000000e+00  0.0000000e+00  1.0000000e+00]]
[+0047.84, +0078.00, -1068.28]
1670, 1282, 1061
[[-1.7485162e-01  4.5146184e-01 -8.7479096e-01  5.3850000e+01]
 [-1.4937360e-02  8.8733502e-01  4.6084692e-01  1.7166000e+02]
 [ 9.8430376e-01  9.3729480e-02 -1.4838760e-01 -1.1648800e+03]
 [ 0.0000000e+00  0.0000000e+00  0.0000000e+00  1.0000000e+00]]
[+0068.87, +0094.23, -1075.37]
1743, 1301, 1371
[[-1.7477704e-01  4.5133680e-01 -8.7482032e-01  5.3910000e+01]
 [-1.4812320e-02  8.8740960e-01  4.6069824e-01  1.7170000e+02]
 [ 9.8427440e-01  9.3580800e-02 -1.4838760e-01 -1.1648500e+03]
 [ 0.0000000e+00  0.0000000e+00  0.0000000e+00  1.0000000e+00]]
[+0044.97, +0077.02, -1078.42]
1670, 1282, 1061
[[-1.7395972e-01  4.5178290e-01 -8.7478710e-01  5.3980000e+01]
 [-1.4840100e-02  8.8721750e-01  4.6107330e-01  1.7174000e+02]
 [ 9.8444910e-01  9.3279300e-02 -1.4761322e-01 -1.1648700e+03]
 [ 0.0000000e+00  0.0000000e+00  0.0000000e+00  1.0000000e+00]]
[+0068.57, +0092.14, -1074.59]
1078, 2042, 1600
[[-1.7291844e-01  4.5067648e-01 -8.7541916e-01  5.3900000e+01]
 [-1.4742760e-02  8.8784060e-01  4.5984928e-01  1.7173000e+02]
 [ 9.8450528e-01  9.2571160e-02 -1.4684260e-01 -1.1648900e+03]
 [ 0.0000000e+00  0.0000000e+00  0.0000000e+00  1.0000000e+00]]
[+0121.14, -0014.43, -1101.72]
1269, 2175, 1209
[[-1.7395890e-01  4.5071734e-01 -8.7517868e-01  5.3860000e+01]
 [-1.4904860e-02  8.8775046e-01  4.6001564e-01  1.7177000e+02]
 [ 9.8430772e-01  9.3222440e-02 -1.4767560e-01 -1.1649000e+03]
 [ 0.0000000e+00  0.0000000e+00  0.0000000e+00  1.0000000e+00]]
[+0146.71, +0027.69, -1101.06]
1078, 2042, 1600
[[-1.7336532e-01  4.5109310e-01 -8.7516914e-01  5.3950000e+01]
 [-1.5753700e-02  8.8751100e-01  4.6046110e-01  1.7175000e+02]
 [ 9.8445814e-01  9.3742300e-02 -1.4672532e-01 -1.1648900e+03]
 [ 0.0000000e+00  0.0000000e+00  0.0000000e+00  1.0000000e+00]]
[+0116.30, -0013.54, -1099.89]
895, 2096, 1529
[[-1.7329000e-01  4.5164820e-01 -8.7499460e-01  5.3990000e+01]
 [-1.3872600e-02  8.8741342e-01  4.6072722e-01  1.7181000e+02]
 [ 9.8458580e-01  9.2064780e-02 -1.4749258e-01 -1.1648800e+03]
 [ 0.0000000e+00  0.0000000e+00  0.0000000e+00  1.0000000e+00]]
[+0131.58, -0018.96, -1115.05]
1078, 2042, 1600
[[-1.7403336e-01  4.5087968e-01 -8.7529800e-01  5.3890000e+01]
 [-1.5067200e-02  8.8767600e-01  4.6019360e-01  1.7172000e+02]
 [ 9.8448568e-01  9.3341760e-02 -1.4767560e-01 -1.1648600e+03]
 [ 0.0000000e+00  0.0000000e+00  0.0000000e+00  1.0000000e+00]]
[+0115.69, -0012.62, -1099.17]
948, 1113, 1218
[[-1.7277108e-01  4.5226012e-01 -8.7476896e-01  5.4080000e+01]
 [-1.4661280e-02  8.8704092e-01  4.6141724e-01  1.7174000e+02]
 [ 9.8465476e-01  9.2636960e-02 -1.4660116e-01 -1.1648700e+03]
 [ 0.0000000e+00  0.0000000e+00  0.0000000e+00  1.0000000e+00]]
[+0059.86, +0008.16, -1058.18]
1078, 2042, 1600
[[-1.7358722e-01  4.5093456e-01 -8.7530574e-01  5.3900000e+01]
 [-1.4586240e-02  8.8770752e-01  4.6013872e-01  1.7174000e+02]
 [ 9.8452494e-01  9.2727680e-02 -1.4749570e-01 -1.1648400e+03]
 [ 0.0000000e+00  0.0000000e+00  0.0000000e+00  1.0000000e+00]]
[+0120.84, -0013.69, -1101.35]
1685, 853, 855
[[-1.7329074e-01  4.5252776e-01 -8.7449120e-01  5.4060000e+01]
 [-1.3919600e-02  8.8693856e-01  4.6163024e-01  1.7175000e+02]
 [ 9.8454176e-01  9.2276000e-02 -1.4737234e-01 -1.1648600e+03]
 [ 0.0000000e+00  0.0000000e+00  0.0000000e+00  1.0000000e+00]]
[+0042.66, +0119.82, -1096.65]
1872, 829, 962
[[-1.7492624e-01  4.5184692e-01 -8.7453828e-01  5.3950000e+01]
 [-1.4727720e-02  8.8714288e-01  4.6121628e-01  1.7168000e+02]
 [ 9.8425908e-01  9.3657480e-02 -1.4850512e-01 -1.1648300e+03]
 [ 0.0000000e+00  0.0000000e+00  0.0000000e+00  1.0000000e+00]]
[+0033.11, +0122.37, -1114.85]
1685, 853, 855
[[-1.7292036e-01  4.5277022e-01 -8.7448682e-01  5.4160000e+01]
 [-1.4577220e-02  8.8677372e-01  4.6193518e-01  1.7180000e+02]
 [ 9.8463982e-01  9.2713180e-02 -1.4671908e-01 -1.1647700e+03]
 [ 0.0000000e+00  0.0000000e+00  0.0000000e+00  1.0000000e+00]]
[+0041.61, +0116.12, -1094.74]
1709, 2220, 1108
[[-1.7611530e-01  4.4993156e-01 -8.7535582e-01  5.3770000e+01]
 [-1.5493960e-02  8.8802712e-01  4.5949916e-01  1.7176000e+02]
 [ 9.8409662e-01  9.4557560e-02 -1.4940642e-01 -1.1648800e+03]
 [ 0.0000000e+00  0.0000000e+00  0.0000000e+00  1.0000000e+00]]
[+0139.98, +0065.80, -1103.85]
1685, 853, 855
[[-1.7344168e-01  4.5254356e-01 -8.7452452e-01  5.4080000e+01]
 [-1.5480040e-02  8.8678518e-01  4.6188814e-01  1.7178000e+02]
 [ 9.8455532e-01  9.3726260e-02 -1.4678050e-01 -1.1648700e+03]
 [ 0.0000000e+00  0.0000000e+00  0.0000000e+00  1.0000000e+00]]
[+0043.25, +0118.06, -1096.36]
1423, 776, 1294
[[-1.7396122e-01  4.5221652e-01 -8.7439580e-01  5.4040000e+01]
 [-1.5332520e-02  8.8691878e-01  4.6160100e-01  1.7177000e+02]
 [ 9.8429300e-01  9.3865800e-02 -1.4731600e-01 -1.1648300e+03]
 [ 0.0000000e+00  0.0000000e+00  0.0000000e+00  1.0000000e+00]]
[+0006.81, +0063.68, -1086.44]
1685, 853, 855
[[-1.7470356e-01  4.5253718e-01 -8.7423450e-01  5.4060000e+01]
 [-1.4287500e-02  8.8683270e-01  4.6182770e-01  1.7182000e+02]
 [ 9.8431282e-01  9.3268740e-02 -1.4844330e-01 -1.1648100e+03]
 [ 0.0000000e+00  0.0000000e+00  0.0000000e+00  1.0000000e+00]]
[+0043.80, +0119.40, -1095.85]
1779, 1947, 1300
[[-1.7499988e-01  4.5079502e-01 -8.7508650e-01  5.3850000e+01]
 [-1.5104020e-02  8.8766012e-01  4.6021170e-01  1.7177000e+02]
 [ 9.8425830e-01  9.3844500e-02 -1.4850900e-01 -1.1648800e+03]
 [ 0.0000000e+00  0.0000000e+00  0.0000000e+00  1.0000000e+00]]
[+0111.44, +0070.12, -1082.89]
1763, 1993, 1463
[[-1.7470250e-01  4.5054288e-01 -8.7533334e-01  5.3830000e+01]
 [-1.5505200e-02  8.8777724e-01  4.5998288e-01  1.7173000e+02]
 [ 9.8435610e-01  9.3998800e-02 -1.4809450e-01 -1.1648700e+03]
 [ 0.0000000e+00  0.0000000e+00  0.0000000e+00  1.0000000e+00]]
[+0104.58, +0055.88, -1080.16]
1779, 1947, 1300
[[-1.7529730e-01  4.5104724e-01 -8.7483958e-01  5.3860000e+01]
 [-1.4702760e-02  8.8754284e-01  4.6044036e-01  1.7179000e+02]
 [ 9.8416042e-01  9.3690360e-02 -1.4892370e-01 -1.1648600e+03]
 [ 0.0000000e+00  0.0000000e+00  0.0000000e+00  1.0000000e+00]]
[+0109.71, +0070.48, -1082.52]
1364, 2214, 1185
[[-1.7351284e-01  4.5069798e-01 -8.7552090e-01  5.3870000e+01]
 [-1.4646900e-02  8.8784060e-01  4.5989430e-01  1.7178000e+02]
 [ 9.8460702e-01  9.2674860e-02 -1.4743700e-01 -1.1648900e+03]
 [ 0.0000000e+00  0.0000000e+00  0.0000000e+00  1.0000000e+00]]
[+0147.05, +0036.69, -1102.23]
1779, 1947, 1300
[[-1.7522280e-01  4.5081076e-01 -8.7505488e-01  5.3840000e+01]
 [-1.4763720e-02  8.8767600e-01  4.6019596e-01  1.7172000e+02]
 [ 9.8424256e-01  9.3637320e-02 -1.4886504e-01 -1.1648700e+03]
 [ 0.0000000e+00  0.0000000e+00  0.0000000e+00  1.0000000e+00]]
[+0105.58, +0070.71, -1081.90]
1594, 1686, 1357
[[-1.7410786e-01  4.5141346e-01 -8.7500826e-01  5.3930000e+01]
 [-1.4709140e-02  8.8742540e-01  4.6068822e-01  1.7177000e+02]
 [ 9.8447814e-01  9.3144420e-02 -1.4785170e-01 -1.1648500e+03]
 [ 0.0000000e+00  0.0000000e+00  0.0000000e+00  1.0000000e+00]]
[+0085.62, +0053.58, -1069.04]
1779, 1947, 1300
[[-1.7499988e-01  4.5079502e-01 -8.7508650e-01  5.3840000e+01]
 [-1.5104020e-02  8.8766012e-01  4.6021170e-01  1.7177000e+02]
 [ 9.8425830e-01  9.3844500e-02 -1.4850900e-01 -1.1648900e+03]
 [ 0.0000000e+00  0.0000000e+00  0.0000000e+00  1.0000000e+00]]
[+0110.81, +0070.70, -1082.86]
1813, 1341, 1955
[[-1.7559476e-01  4.5044436e-01 -8.7496488e-01  5.3800000e+01]
 [-1.5231120e-02  8.8777724e-01  4.5994836e-01  1.7167000e+02]
 [ 9.8398764e-01  9.4256880e-02 -1.4898676e-01 -1.1648200e+03]
 [ 0.0000000e+00  0.0000000e+00  0.0000000e+00  1.0000000e+00]]
[+0013.91, +0038.87, -1102.86]
1727, 1467, 1972
[[-1.7410786e-01  4.5026160e-01 -8.7545498e-01  5.3840000e+01]
 [-1.5935520e-02  8.8789420e-01  4.5971664e-01  1.7161000e+02]
 [ 9.8432870e-01  9.4116000e-02 -1.4738290e-01 -1.1648600e+03]
 [ 0.0000000e+00  0.0000000e+00  0.0000000e+00  1.0000000e+00]]
[+0026.32, +0025.87, -1094.84]
1813, 1341, 1955
[[-1.7559570e-01  4.5039482e-01 -8.7516966e-01  5.3820000e+01]
 [-1.6429860e-02  8.8771260e-01  4.6006442e-01  1.7164000e+02]
 [ 9.8412778e-01  9.5256060e-02 -1.4845554e-01 -1.1648800e+03]
 [ 0.0000000e+00  0.0000000e+00  0.0000000e+00  1.0000000e+00]]
[+0015.86, +0040.85, -1100.85]
2243, 1712, 1383
[[-1.7648738e-01  4.5045762e-01 -8.7504222e-01  5.3810000e+01]
 [-1.5068820e-02  8.8777724e-01  4.6000162e-01  1.7174000e+02]
 [ 9.8406498e-01  9.4427180e-02 -1.4987938e-01 -1.1648600e+03]
 [ 0.0000000e+00  0.0000000e+00  0.0000000e+00  1.0000000e+00]]
[+0074.39, +0101.12, -1100.93]
1813, 1341, 1955
[[-1.7485162e-01  4.5045838e-01 -8.7520074e-01  5.3830000e+01]
 [-1.6015420e-02  8.8774508e-01  4.6000086e-01  1.7161000e+02]
 [ 9.8419134e-01  9.4575540e-02 -1.4797754e-01 -1.1648700e+03]
 [ 0.0000000e+00  0.0000000e+00  0.0000000e+00  1.0000000e+00]]
[+0015.95, +0033.62, -1102.14]
960, 896, 1023
[[-1.7239944e-01  4.5314512e-01 -8.7441228e-01  5.4160000e+01]
 [-1.3525920e-02  8.8670208e-01  4.6210768e-01  1.7179000e+02]
 [ 9.8476108e-01  9.1574880e-02 -1.4671752e-01 -1.1648300e+03]
 [ 0.0000000e+00  0.0000000e+00  0.0000000e+00  1.0000000e+00]]
[+0048.37, +0032.63, -1050.47]
1813, 1341, 1955
[[-1.7596680e-01  4.5018960e-01 -8.7532120e-01  5.3780000e+01]
 [-1.5810400e-02  8.8787808e-01  4.5978864e-01  1.7158000e+02]
 [ 9.8417880e-01  9.4788640e-02 -1.4910888e-01 -1.1648500e+03]
 [ 0.0000000e+00  0.0000000e+00  0.0000000e+00  1.0000000e+00]]
[+0014.79, +0038.64, -1102.10]
