65, 65, 65
[[-8.6008720e-02  7.7518588e-01 -6.2570620e-01 -1.0860000e+01]
 [ 6.5864120e-02  6.3117678e-01  7.7279770e-01  1.6580000e+02]
 [ 9.9402380e-01  2.5322300e-02 -1.0531450e-01 -1.1705300e+03]
 [ 0.0000000e+00  0.0000000e+00  0.0000000e+00  1.0000000e+00]]
[-0053.09, +0042.72, -1058.40]
54, 148, 64
[[-8.7055460e-02  7.7510598e-01 -6.2551962e-01 -1.0860000e+01]
 [ 6.5777580e-02  6.3118934e-01  7.7275618e-01  1.6580000e+02]
 [ 9.9384978e-01  2.6258780e-02 -1.0587556e-01 -1.1705200e+03]
 [ 0.0000000e+00  0.0000000e+00  0.0000000e+00  1.0000000e+00]]
[+0011.75, -0014.39, -1103.17]
47, 45, 153
[[-8.5620520e-02  7.7464098e-01 -6.2628986e-01 -1.0930000e+01]
 [ 6.5204580e-02  6.3179308e-01  7.7231034e-01  1.6569000e+02]
 [ 9.9401006e-01  2.5421460e-02 -1.0454644e-01 -1.1705100e+03]
 [ 0.0000000e+00  0.0000000e+00  0.0000000e+00  1.0000000e+00]]
[-0128.39, +0003.86, -1137.40]
36, 117, 113
[[-8.6430580e-02  7.7493726e-01 -6.2579748e-01 -1.0900000e+01]
 [ 6.6091860e-02  6.3141958e-01  7.7253636e-01  1.6575000e+02]
 [ 9.9387228e-01  2.5550040e-02 -1.0573000e-01 -1.1705200e+03]
 [ 0.0000000e+00  0.0000000e+00  0.0000000e+00  1.0000000e+00]]
[-0054.47, -0036.08, -1102.54]
36, 111, 49
[[-8.5317160e-02  7.7531304e-01 -6.2535976e-01 -1.0800000e+01]
 [ 6.5633040e-02  6.3093390e-01  7.7293758e-01  1.6574000e+02]
 [ 9.9392024e-01  2.5097580e-02 -1.0462930e-01 -1.1705800e+03]
 [ 0.0000000e+00  0.0000000e+00  0.0000000e+00  1.0000000e+00]]
[-0003.03, -0012.66, -1079.98]
115, 149, 78
[[-8.5300000e-02  7.7437300e-01 -6.2660300e-01 -1.0980000e+01]
 [ 6.6137000e-02  6.3213462e-01  7.7193452e-01  1.6579000e+02]
 [ 9.9393700e-01  2.4565480e-02 -1.0506538e-01 -1.1706000e+03]
 [ 0.0000000e+00  0.0000000e+00  0.0000000e+00  1.0000000e+00]]
[+0006.87, +0036.50, -1091.19]
128, 138, 127
[[-8.6920720e-02  7.7439256e-01 -6.2651252e-01 -1.1020000e+01]
 [ 6.6864560e-02  6.3213462e-01  7.7191496e-01  1.6577000e+02]
 [ 9.9384652e-01  2.5293040e-02 -1.0668610e-01 -1.1705600e+03]
 [ 0.0000000e+00  0.0000000e+00  0.0000000e+00  1.0000000e+00]]
[-0046.63, +0038.83, -1084.18]
73, 29, 125
[[-8.5790600e-02  7.7531250e-01 -6.2548230e-01 -1.0900000e+01]
 [ 6.4554060e-02  6.3095870e-01  7.7305958e-01  1.6563000e+02]
 [ 9.9406758e-01  2.6055100e-02 -1.0413106e-01 -1.1705400e+03]
 [ 0.0000000e+00  0.0000000e+00  0.0000000e+00  1.0000000e+00]]
[-0127.26, +0046.28, -1113.27]
75, 146, 73
[[-8.6482000e-02  7.7535320e-01 -6.2511120e-01 -1.0920000e+01]
 [ 6.5426800e-02  6.3082808e-01  7.7303088e-01  1.6571000e+02]
 [ 9.9380880e-01  2.6169120e-02 -1.0518992e-01 -1.1705500e+03]
 [ 0.0000000e+00  0.0000000e+00  0.0000000e+00  1.0000000e+00]]
[+0005.72, +0001.93, -1091.79]
150, 37, 104
[[-8.7562320e-02  7.7571156e-01 -6.2473788e-01 -1.1060000e+01]
 [ 6.6377160e-02  6.3045422e-01  7.7331574e-01  1.6550000e+02]
 [ 9.9379068e-01  2.6357860e-02 -1.0664410e-01 -1.1705200e+03]
 [ 0.0000000e+00  0.0000000e+00  0.0000000e+00  1.0000000e+00]]
[-0087.62, +0109.44, -1130.51]
62, 123, 116
[[-8.5250920e-02  7.7649426e-01 -6.2418614e-01 -1.0890000e+01]
 [ 6.6091140e-02  6.2958700e-01  7.7407398e-01  1.6544000e+02]
 [ 9.9407426e-01  2.4803820e-02 -1.0496308e-01 -1.1705200e+03]
 [ 0.0000000e+00  0.0000000e+00  0.0000000e+00  1.0000000e+00]]
[-0052.68, -0018.30, -1089.82]
123, 111, 116
[[-8.6060500e-02  7.7617484e-01 -6.2412462e-01 -1.0960000e+01]
 [ 6.6245480e-02  6.2983676e-01  7.7376204e-01  1.6546000e+02]
 [ 9.9377586e-01  2.5471080e-02 -1.0552290e-01 -1.1705200e+03]
 [ 0.0000000e+00  0.0000000e+00  0.0000000e+00  1.0000000e+00]]
[-0057.97, +0053.61, -1081.08]
48, 99, 90
[[-8.5455220e-02  7.7692792e-01 -6.2348728e-01 -1.0830000e+01]
 [ 6.5802320e-02  6.2898798e-01  7.7454928e-01  1.6543000e+02]
 [ 9.9399368e-01  2.5289120e-02 -1.0481824e-01 -1.1705100e+03]
 [ 0.0000000e+00  0.0000000e+00  0.0000000e+00  1.0000000e+00]]
[-0050.12, -0010.88, -1075.24]
56, 86, 107
[[-8.5185480e-02  7.7657946e-01 -6.2381498e-01 -1.0860000e+01]
 [ 6.5216660e-02  6.2936268e-01  7.7425506e-01  1.6542000e+02]
 [ 9.9396558e-01  2.5464740e-02 -1.0417380e-01 -1.1705300e+03]
 [ 0.0000000e+00  0.0000000e+00  0.0000000e+00  1.0000000e+00]]
[-0076.65, -0001.22, -1078.97]
90, 47, 53
[[-8.5962280e-02  7.7718712e-01 -6.2301820e-01 -1.0830000e+01]
 [ 6.5937880e-02  6.2862572e-01  7.7481080e-01  1.6539000e+02]
 [ 9.9389320e-01  2.5685800e-02 -1.0521300e-01 -1.1704800e+03]
 [ 0.0000000e+00  0.0000000e+00  0.0000000e+00  1.0000000e+00]]
[-0053.53, +0087.57, -1070.98]
142, 135, 88
[[-8.7766100e-02  7.7614500e-01 -6.2403930e-01 -1.1090000e+01]
 [ 6.6089160e-02  6.2985560e-01  7.7379188e-01  1.6546000e+02]
 [ 9.9370938e-01  2.6843800e-02 -1.0649866e-01 -1.1705300e+03]
 [ 0.0000000e+00  0.0000000e+00  0.0000000e+00  1.0000000e+00]]
[-0010.42, +0065.61, -1090.83]
82, 150, 131
[[-8.7107400e-02  7.7607828e-01 -6.2426716e-01 -1.1070000e+01]
 [ 6.5906440e-02  6.2997414e-01  7.7372538e-01  1.6538000e+02]
 [ 9.9381252e-01  2.6403140e-02 -1.0595850e-01 -1.1705000e+03]
 [ 0.0000000e+00  0.0000000e+00  0.0000000e+00  1.0000000e+00]]
[-0041.90, -0016.07, -1097.30]
100, 97, 119
[[-8.6653200e-02  7.7657996e-01 -6.2373688e-01 -1.1030000e+01]
 [ 6.5570440e-02  6.2936888e-01  7.7425456e-01  1.6536000e+02]
 [ 9.9389368e-01  2.6328160e-02 -1.0539808e-01 -1.1705100e+03]
 [ 0.0000000e+00  0.0000000e+00  0.0000000e+00  1.0000000e+00]]
[-0072.50, +0036.98, -1078.99]
143, 141, 150
[[-8.6633640e-02  7.7571728e-01 -6.2478664e-01 -1.1200000e+01]
 [ 6.6267440e-02  6.3044790e-01  7.7331002e-01  1.6536000e+02]
 [ 9.9383312e-01  2.5738340e-02 -1.0595850e-01 -1.1705700e+03]
 [ 0.0000000e+00  0.0000000e+00  0.0000000e+00  1.0000000e+00]]
[-0058.24, +0040.78, -1090.90]
78, 151, 78
[[-8.5725000e-02  7.7693110e-01 -6.2347230e-01 -1.0970000e+01]
 [ 6.5924100e-02  6.2898798e-01  7.7454610e-01  1.6531000e+02]
 [ 9.9397870e-01  2.5410900e-02 -1.0508802e-01 -1.1705500e+03]
 [ 0.0000000e+00  0.0000000e+00  0.0000000e+00  1.0000000e+00]]
[+0004.50, -0000.85, -1094.78]
44, 51, 41
[[-8.4636900e-02  7.7795828e-01 -6.2223604e-01 -1.0840000e+01]
 [ 6.4436200e-02  6.2766896e-01  7.7571172e-01  1.6520000e+02]
 [ 9.9410500e-01  2.5721800e-02 -1.0318090e-01 -1.1705300e+03]
 [ 0.0000000e+00  0.0000000e+00  0.0000000e+00  1.0000000e+00]]
[-0044.78, +0034.33, -1050.25]
144, 138, 66
[[-8.7311780e-02  7.7672226e-01 -6.2331486e-01 -1.1150000e+01]
 [ 6.5947740e-02  6.2912540e-01  7.7437838e-01  1.6531000e+02]
 [ 9.9371514e-01  2.6711620e-02 -1.0606282e-01 -1.1705400e+03]
 [ 0.0000000e+00  0.0000000e+00  0.0000000e+00  1.0000000e+00]]
[+0007.79, +0070.40, -1102.16]
68, 89, 153
[[-8.7009300e-02  7.7653466e-01 -6.2372782e-01 -1.1160000e+01]
 [ 6.4805980e-02  6.2938700e-01  7.7429986e-01  1.6516000e+02]
 [ 9.9390274e-01  2.7092620e-02 -1.0502386e-01 -1.1704900e+03]
 [ 0.0000000e+00  0.0000000e+00  0.0000000e+00  1.0000000e+00]]
[-0105.12, -0003.65, -1112.30]
104, 135, 38
[[-8.6264680e-02  7.7722368e-01 -6.2299444e-01 -1.1120000e+01]
 [ 6.6691080e-02  6.2861292e-01  7.7477424e-01  1.6522000e+02]
 [ 9.9385664e-01  2.5419960e-02 -1.0600276e-01 -1.1705300e+03]
 [ 0.0000000e+00  0.0000000e+00  0.0000000e+00  1.0000000e+00]]
[+0028.11, +0048.40, -1101.47]
141, 65, 117
[[-8.7635700e-02  7.7733428e-01 -6.2268856e-01 -1.1220000e+01]
 [ 6.5480840e-02  6.2840664e-01  7.7505128e-01  1.6510000e+02]
 [ 9.9383192e-01  2.7269840e-02 -1.0591770e-01 -1.1705300e+03]
 [ 0.0000000e+00  0.0000000e+00  0.0000000e+00  1.0000000e+00]]
[-0086.20, +0090.14, -1107.21]
116, 34, 139
[[-8.6913000e-02  7.7756280e-01 -6.2229200e-01 -1.1160000e+01]
 [ 6.4752800e-02  6.2804982e-01  7.7534310e-01  1.6503000e+02]
 [ 9.9381000e-01  2.7311900e-02 -1.0483818e-01 -1.1704800e+03]
 [ 0.0000000e+00  0.0000000e+00  0.0000000e+00  1.0000000e+00]]
[-0121.54, +0070.57, -1131.52]
68, 80, 140
[[-8.6643220e-02  7.7769474e-01 -6.2224758e-01 -1.1110000e+01]
 [ 6.4765740e-02  6.2792492e-01  7.7546586e-01  1.6504000e+02]
 [ 9.9388458e-01  2.7070140e-02 -1.0469330e-01 -1.1704800e+03]
 [ 0.0000000e+00  0.0000000e+00  0.0000000e+00  1.0000000e+00]]
[-0104.43, +0005.02, -1100.92]
112, 62, 85
[[-8.6405300e-02  7.7807004e-01 -6.2194032e-01 -1.1080000e+01]
 [ 6.5739240e-02  6.2753774e-01  7.7573264e-01  1.6507000e+02]
 [ 9.9392208e-01  2.6263840e-02 -1.0531840e-01 -1.1705200e+03]
 [ 0.0000000e+00  0.0000000e+00  0.0000000e+00  1.0000000e+00]]
[-0067.59, +0083.85, -1081.81]
113, 64, 66
[[-8.6643220e-02  7.7803988e-01 -6.2193420e-01 -1.1100000e+01]
 [ 6.5229880e-02  6.2754998e-01  7.7576280e-01  1.6506000e+02]
 [ 9.9392820e-01  2.6773200e-02 -1.0506824e-01 -1.1705100e+03]
 [ 0.0000000e+00  0.0000000e+00  0.0000000e+00  1.0000000e+00]]
[-0048.43, +0090.98, -1080.33]
153, 109, 40
[[-8.7786820e-02  7.7771428e-01 -6.2203366e-01 -1.1190000e+01]
 [ 6.6575720e-02  6.2790060e-01  7.7532436e-01  1.6513000e+02]
 [ 9.9364634e-01  2.6845640e-02 -1.0681258e-01 -1.1705400e+03]
 [ 0.0000000e+00  0.0000000e+00  0.0000000e+00  1.0000000e+00]]
[+0007.13, +0097.24, -1118.49]
79, 26, 112
[[-8.6937760e-02  7.7863416e-01 -6.2098728e-01 -1.1060000e+01]
 [ 6.4385520e-02  6.2671600e-01  7.7646264e-01  1.6497000e+02]
 [ 9.9385656e-01  2.7723120e-02 -1.0452880e-01 -1.1704600e+03]
 [ 0.0000000e+00  0.0000000e+00  0.0000000e+00  1.0000000e+00]]
[-0123.64, +0058.81, -1106.96]
106, 95, 97
[[-8.6881300e-02  7.7821994e-01 -6.2167428e-01 -1.1150000e+01]
 [ 6.5049820e-02  6.2731190e-01  7.7597004e-01  1.6503000e+02]
 [ 9.9391836e-01  2.7105480e-02 -1.0506824e-01 -1.1705200e+03]
 [ 0.0000000e+00  0.0000000e+00  0.0000000e+00  1.0000000e+00]]
[-0052.90, +0052.27, -1073.29]
105, 106, 31
[[-8.6040820e-02  7.7907780e-01 -6.2084744e-01 -1.1010000e+01]
 [ 6.5309400e-02  6.2632270e-01  7.7678280e-01  1.6502000e+02]
 [ 9.9405656e-01  2.6355600e-02 -1.0474048e-01 -1.1705200e+03]
 [ 0.0000000e+00  0.0000000e+00  0.0000000e+00  1.0000000e+00]]
[+0016.48, +0070.48, -1091.89]
76, 35, 50
[[-8.5678420e-02  7.7947102e-01 -6.2018682e-01 -1.0970000e+01]
 [ 6.4145620e-02  6.2573228e-01  7.7729562e-01  1.6493000e+02]
 [ 9.9402822e-01  2.6982780e-02 -1.0353714e-01 -1.1704800e+03]
 [ 0.0000000e+00  0.0000000e+00  0.0000000e+00  1.0000000e+00]]
[-0067.24, +0080.99, -1065.81]
106, 54, 43
[[-8.6906740e-02  7.7923108e-01 -6.2023412e-01 -1.1030000e+01]
 [ 6.4742120e-02  6.2597688e-01  7.7702648e-01  1.6496000e+02]
 [ 9.9383092e-01  2.7579280e-02 -1.0475962e-01 -1.1704700e+03]
 [ 0.0000000e+00  0.0000000e+00  0.0000000e+00  1.0000000e+00]]
[-0034.70, +0100.36, -1081.51]
89, 49, 131
[[-8.6937760e-02  7.7876900e-01 -6.2092764e-01 -1.1120000e+01]
 [ 6.4520360e-02  6.2659094e-01  7.7658240e-01  1.6491000e+02]
 [ 9.9391620e-01  2.7603360e-02 -1.0465386e-01 -1.1704700e+03]
 [ 0.0000000e+00  0.0000000e+00  0.0000000e+00  1.0000000e+00]]
[-0118.82, +0045.29, -1106.82]
57, 140, 79
[[-8.5978660e-02  7.7929696e-01 -6.2041694e-01 -1.1010000e+01]
 [ 6.4570160e-02  6.2597100e-01  7.7708288e-01  1.6495000e+02]
 [ 9.9400786e-01  2.6895280e-02 -1.0407610e-01 -1.1705200e+03]
 [ 0.0000000e+00  0.0000000e+00  0.0000000e+00  1.0000000e+00]]
[-0006.82, -0017.11, -1093.45]
139, 78, 34
[[-8.6548840e-02  7.7948640e-01 -6.1998900e-01 -1.1090000e+01]
 [ 6.5835000e-02  6.2570828e-01  7.7715792e-01  1.6493000e+02]
 [ 9.9380640e-01  2.6638920e-02 -1.0538612e-01 -1.1704900e+03]
 [ 0.0000000e+00  0.0000000e+00  0.0000000e+00  1.0000000e+00]]
[-0005.30, +0110.36, -1111.67]
74, 81, 28
[[-8.6186760e-02  7.8007328e-01 -6.1940348e-01 -1.0990000e+01]
 [ 6.4746520e-02  6.2499212e-01  7.7785328e-01  1.6490000e+02]
 [ 9.9397328e-01  2.7083480e-02 -1.0430788e-01 -1.1704900e+03]
 [ 0.0000000e+00  0.0000000e+00  0.0000000e+00  1.0000000e+00]]
[-0000.02, +0056.23, -1067.87]
143, 51, 34
[[-8.6668100e-02  7.7974092e-01 -6.1986666e-01 -1.1120000e+01]
 [ 6.5850120e-02  6.2546360e-01  7.7741244e-01  1.6491000e+02]
 [ 9.9392874e-01  2.6654040e-02 -1.0551154e-01 -1.1704800e+03]
 [ 0.0000000e+00  0.0000000e+00  0.0000000e+00  1.0000000e+00]]
[-0023.88, +0125.06, -1122.49]
127, 87, 99
[[-8.7145540e-02  7.7933570e-01 -6.2016864e-01 -1.1120000e+01]
 [ 6.4367860e-02  6.2586326e-01  7.7717640e-01  1.6489000e+02]
 [ 9.9389640e-01  2.7968640e-02 -1.0463444e-01 -1.1704700e+03]
 [ 0.0000000e+00  0.0000000e+00  0.0000000e+00  1.0000000e+00]]
[-0060.13, +0071.46, -1082.10]
141, 140, 105
[[-8.7477200e-02  7.7871516e-01 -6.2076252e-01 -1.1210000e+01]
 [ 6.4824360e-02  6.2659094e-01  7.7651406e-01  1.6496000e+02]
 [ 9.9375108e-01  2.7910260e-02 -1.0519330e-01 -1.1705000e+03]
 [ 0.0000000e+00  0.0000000e+00  0.0000000e+00  1.0000000e+00]]
[-0021.80, +0054.69, -1087.31]
100, 118, 88
[[-8.6098000e-02  7.7956692e-01 -6.1996544e-01 -1.1050000e+01]
 [ 6.4839240e-02  6.2560110e-01  7.7733192e-01  1.6493000e+02]
 [ 9.9392032e-01  2.6915760e-02 -1.0432666e-01 -1.1705200e+03]
 [ 0.0000000e+00  0.0000000e+00  0.0000000e+00  1.0000000e+00]]
[-0029.60, +0033.31, -1073.31]
31, 104, 47
[[-8.5378500e-02  7.8019908e-01 -6.1938856e-01 -1.0900000e+01]
 [ 6.4513880e-02  6.2486670e-01  7.7798196e-01  1.6491000e+02]
 [ 9.9407784e-01  2.6596360e-02 -1.0362504e-01 -1.1704800e+03]
 [ 0.0000000e+00  0.0000000e+00  0.0000000e+00  1.0000000e+00]]
[-0007.89, -0015.28, -1077.29]
36, 84, 103
[[-8.6995380e-02  7.7981256e-01 -6.1947778e-01 -1.0990000e+01]
 [ 6.4844240e-02  6.2524284e-01  7.7760504e-01  1.6489000e+02]
 [ 9.9380862e-01  2.7690160e-02 -1.0486578e-01 -1.1704500e+03]
 [ 0.0000000e+00  0.0000000e+00  0.0000000e+00  1.0000000e+00]]
[-0077.14, -0019.31, -1085.69]
59, 40, 101
[[-8.6186760e-02  7.8020802e-01 -6.1934374e-01 -1.0970000e+01]
 [ 6.4881260e-02  6.2486670e-01  7.7797302e-01  1.6485000e+02]
 [ 9.9403302e-01  2.6963740e-02 -1.0443330e-01 -1.1704400e+03]
 [ 0.0000000e+00  0.0000000e+00  0.0000000e+00  1.0000000e+00]]
[-0110.92, +0035.06, -1083.95]
122, 142, 33
[[-8.6398480e-02  7.8002296e-01 -6.1943324e-01 -1.1050000e+01]
 [ 6.6251440e-02  6.2508710e-01  7.7764912e-01  1.6496000e+02]
 [ 9.9385316e-01  2.6298080e-02 -1.0561842e-01 -1.1705100e+03]
 [ 0.0000000e+00  0.0000000e+00  0.0000000e+00  1.0000000e+00]]
[+0030.83, +0058.35, -1114.97]
54, 61, 80
[[-8.5856740e-02  7.8063350e-01 -6.1867382e-01 -1.0940000e+01]
 [ 6.4348820e-02  6.2426300e-01  7.7845226e-01  1.6481000e+02]
 [ 9.9398450e-01  2.7203500e-02 -1.0375050e-01 -1.1704200e+03]
 [ 0.0000000e+00  0.0000000e+00  0.0000000e+00  1.0000000e+00]]
[-0075.91, +0022.09, -1063.95]
87, 30, 38
[[-8.6096100e-02  7.8123212e-01 -6.1790486e-01 -1.0910000e+01]
 [ 6.4827640e-02  6.2352140e-01  7.7901212e-01  1.6479000e+02]
 [ 9.9394538e-01  2.7182360e-02 -1.0425274e-01 -1.1704100e+03]
 [ 0.0000000e+00  0.0000000e+00  0.0000000e+00  1.0000000e+00]]
[-0054.94, +0103.06, -1076.27]
41, 68, 118
[[-8.5737120e-02  7.8030420e-01 -6.1899084e-01 -1.1050000e+01]
 [ 6.4139400e-02  6.2463350e-01  7.7814080e-01  1.6479000e+02]
 [ 9.9393684e-01  2.7245600e-02 -1.0349962e-01 -1.1704500e+03]
 [ 0.0000000e+00  0.0000000e+00  0.0000000e+00  1.0000000e+00]]
[-0102.14, -0010.59, -1096.24]
66, 49, 85
[[-8.5767380e-02  7.8060642e-01 -6.1886226e-01 -1.1030000e+01]
 [ 6.5040180e-02  6.2437070e-01  7.7834746e-01  1.6479000e+02]
 [ 9.9403554e-01  2.6619740e-02 -1.0427092e-01 -1.1704400e+03]
 [ 0.0000000e+00  0.0000000e+00  0.0000000e+00  1.0000000e+00]]
[-0088.60, +0043.50, -1069.23]
43, 67, 83
[[-8.5498000e-02  7.8060340e-01 -6.1887720e-01 -1.1020000e+01]
 [ 6.4917640e-02  6.2437070e-01  7.7835048e-01  1.6480000e+02]
 [ 9.9405048e-01  2.6497200e-02 -1.0400154e-01 -1.1704700e+03]
 [ 0.0000000e+00  0.0000000e+00  0.0000000e+00  1.0000000e+00]]
[-0073.86, +0003.59, -1067.11]
62, 94, 67
[[-8.5498000e-02  7.8046872e-01 -6.1893696e-01 -1.1050000e+01]
 [ 6.4782960e-02  6.2449624e-01  7.7823072e-01  1.6482000e+02]
 [ 9.9399072e-01  2.6616960e-02 -1.0387600e-01 -1.1704600e+03]
 [ 0.0000000e+00  0.0000000e+00  0.0000000e+00  1.0000000e+00]]
[-0031.90, +0016.25, -1063.74]
88, 137, 139
[[-8.6517780e-02  7.7958796e-01 -6.1993836e-01 -1.1210000e+01]
 [ 6.5338440e-02  6.2559510e-01  7.7731088e-01  1.6484000e+02]
 [ 9.9388724e-01  2.6905920e-02 -1.0499112e-01 -1.1704700e+03]
 [ 0.0000000e+00  0.0000000e+00  0.0000000e+00  1.0000000e+00]]
[-0059.58, -0004.30, -1091.59]
63, 147, 68
[[-8.5259040e-02  7.8049856e-01 -6.1894304e-01 -1.1040000e+01]
 [ 6.5291840e-02  6.2448408e-01  7.7820088e-01  1.6484000e+02]
 [ 9.9398464e-01  2.6108080e-02 -1.0412712e-01 -1.1705000e+03]
 [ 0.0000000e+00  0.0000000e+00  0.0000000e+00  1.0000000e+00]]
[+0007.36, -0009.56, -1098.21]
73, 139, 142
[[-8.6964840e-02  7.7998926e-01 -6.1923278e-01 -1.1160000e+01]
 [ 6.4542220e-02  6.2500380e-01  7.7781486e-01  1.6479000e+02]
 [ 9.9381426e-01  2.7899980e-02 -1.0459620e-01 -1.1704700e+03]
 [ 0.0000000e+00  0.0000000e+00  0.0000000e+00  1.0000000e+00]]
[-0062.74, -0020.07, -1103.17]
31, 144, 143
[[-8.4242960e-02  7.7942856e-01 -6.2044932e-01 -1.1190000e+01]
 [ 6.4225680e-02  6.2583974e-01  7.7720584e-01  1.6482000e+02]
 [ 9.9415356e-01  2.5787120e-02 -1.0271026e-01 -1.1705300e+03]
 [ 0.0000000e+00  0.0000000e+00  0.0000000e+00  1.0000000e+00]]
[-0057.02, -0045.39, -1133.96]
83, 146, 92
[[-8.5859360e-02  7.8001668e-01 -6.1946340e-01 -1.1260000e+01]
 [ 6.6006600e-02  6.2508710e-01  7.7765540e-01  1.6479000e+02]
 [ 9.9388332e-01  2.6053240e-02 -1.0507930e-01 -1.1705200e+03]
 [ 0.0000000e+00  0.0000000e+00  0.0000000e+00  1.0000000e+00]]
[-0011.43, +0003.06, -1086.94]
116, 101, 81
[[-8.5947880e-02  7.8044780e-01 -6.1909564e-01 -1.1290000e+01]
 [ 6.5719400e-02  6.2460350e-01  7.7811970e-01  1.6475000e+02]
 [ 9.9401164e-01  2.6278100e-02 -1.0493538e-01 -1.1704800e+03]
 [ 0.0000000e+00  0.0000000e+00  0.0000000e+00  1.0000000e+00]]
[-0032.68, +0067.65, -1076.93]
41, 102, 49
[[-8.5348200e-02  7.8113924e-01 -6.1832088e-01 -1.1140000e+01]
 [ 6.5333520e-02  6.2374860e-01  7.7884156e-01  1.6473000e+02]
 [ 9.9409796e-01  2.6155920e-02 -1.0423476e-01 -1.1704600e+03]
 [ 0.0000000e+00  0.0000000e+00  0.0000000e+00  1.0000000e+00]]
[-0011.24, -0003.62, -1071.00]
25, 128, 47
[[-8.5437760e-02  7.8103168e-01 -6.1819208e-01 -1.1110000e+01]
 [ 6.4507520e-02  6.2376672e-01  7.7882648e-01  1.6472000e+02]
 [ 9.9398728e-01  2.6859280e-02 -1.0358848e-01 -1.1705000e+03]
 [ 0.0000000e+00  0.0000000e+00  0.0000000e+00  1.0000000e+00]]
[+0007.01, -0030.23, -1102.66]
47, 73, 46
[[-8.5946500e-02  7.8148352e-01 -6.1779714e-01 -1.1110000e+01]
 [ 6.4719920e-02  6.2327600e-01  7.7926944e-01  1.6468000e+02]
 [ 9.9408306e-01  2.7074640e-02 -1.0410906e-01 -1.1704400e+03]
 [ 0.0000000e+00  0.0000000e+00  0.0000000e+00  1.0000000e+00]]
[-0029.54, +0021.80, -1056.05]
80, 134, 85
[[-8.6814880e-02  7.8045056e-01 -6.1887104e-01 -1.1290000e+01]
 [ 6.4764160e-02  6.2450808e-01  7.7824888e-01  1.6472000e+02]
 [ 9.9393664e-01  2.7615920e-02 -1.0470280e-01 -1.1704600e+03]
 [ 0.0000000e+00  0.0000000e+00  0.0000000e+00  1.0000000e+00]]
[-0015.37, +0007.62, -1080.34]
31, 73, 117
[[-8.4690100e-02  7.8093844e-01 -6.1860788e-01 -1.1190000e+01]
 [ 6.5013640e-02  6.2399384e-01  7.7865616e-01  1.6463000e+02]
 [ 9.9413972e-01  2.5832960e-02 -1.0357050e-01 -1.1704500e+03]
 [ 0.0000000e+00  0.0000000e+00  0.0000000e+00  1.0000000e+00]]
[-0096.93, -0023.60, -1101.56]
148, 127, 146
[[-8.6279220e-02  7.7940814e-01 -6.2019852e-01 -1.1520000e+01]
 [ 6.5518260e-02  6.2583366e-01  7.7710396e-01  1.6467000e+02]
 [ 9.9389668e-01  2.6573640e-02 -1.0499112e-01 -1.1705500e+03]
 [ 0.0000000e+00  0.0000000e+00  0.0000000e+00  1.0000000e+00]]
[-0067.45, +0052.64, -1093.07]
76, 76, 68
[[-8.5109160e-02  7.8082484e-01 -6.1864100e-01 -1.1270000e+01]
 [ 6.5378600e-02  6.2411334e-01  7.7851534e-01  1.6461000e+02]
 [ 9.9404716e-01  2.5943500e-02 -1.0410906e-01 -1.1705000e+03]
 [ 0.0000000e+00  0.0000000e+00  0.0000000e+00  1.0000000e+00]]
[-0047.97, +0043.10, -1061.52]
131, 47, 110
[[-8.6964840e-02  7.8039360e-01 -6.1905344e-01 -1.1420000e+01]
 [ 6.4946560e-02  6.2462766e-01  7.7817390e-01  1.6459000e+02]
 [ 9.9399360e-01  2.7540940e-02 -1.0497234e-01 -1.1704800e+03]
 [ 0.0000000e+00  0.0000000e+00  0.0000000e+00  1.0000000e+00]]
[-0095.45, +0094.16, -1112.05]
58, 40, 118
[[-8.5976400e-02  7.8075324e-01 -6.1861108e-01 -1.1320000e+01]
 [ 6.4229080e-02  6.2414334e-01  7.7858694e-01  1.6455000e+02]
 [ 9.9404724e-01  2.7338180e-02 -1.0375050e-01 -1.1704400e+03]
 [ 0.0000000e+00  0.0000000e+00  0.0000000e+00  1.0000000e+00]]
[-0123.30, +0025.95, -1101.01]
144, 74, 52
[[-8.6845300e-02  7.8055874e-01 -6.1866732e-01 -1.1400000e+01]
 [ 6.5590100e-02  6.2437070e-01  7.7827260e-01  1.6464000e+02]
 [ 9.9384060e-01  2.7172680e-02 -1.0534884e-01 -1.1705200e+03]
 [ 0.0000000e+00  0.0000000e+00  0.0000000e+00  1.0000000e+00]]
[-0023.47, +0111.79, -1108.37]
138, 150, 114
[[-8.6814880e-02  7.8031580e-01 -6.1893084e-01 -1.1410000e+01]
 [ 6.4629400e-02  6.2463350e-01  7.7812920e-01  1.6461000e+02]
 [ 9.9387684e-01  2.7735600e-02 -1.0457738e-01 -1.1704800e+03]
 [ 0.0000000e+00  0.0000000e+00  0.0000000e+00  1.0000000e+00]]
[-0023.57, +0039.88, -1087.35]
93, 140, 100
[[-8.5826760e-02  7.8101970e-01 -6.1817422e-01 -1.1310000e+01]
 [ 6.4375780e-02  6.2377260e-01  7.7883846e-01  1.6458000e+02]
 [ 9.9397530e-01  2.7236300e-02 -1.0373220e-01 -1.1705000e+03]
 [ 0.0000000e+00  0.0000000e+00  0.0000000e+00  1.0000000e+00]]
[-0023.32, +0008.25, -1082.36]
56, 106, 30
[[-8.5168500e-02  7.8158214e-01 -6.1763852e-01 -1.1190000e+01]
 [ 6.5177660e-02  6.2313822e-01  7.7930244e-01  1.6457000e+02]
 [ 9.9403212e-01  2.6263640e-02 -1.0394772e-01 -1.1704800e+03]
 [ 0.0000000e+00  0.0000000e+00  0.0000000e+00  1.0000000e+00]]
[+0012.42, +0019.60, -1076.04]
28, 69, 106
[[-8.6066280e-02  7.8146856e-01 -6.1779420e-01 -1.1190000e+01]
 [ 6.4465560e-02  6.2328188e-01  7.7928440e-01  1.6452000e+02]
 [ 9.9408600e-01  2.7329000e-02 -1.0398340e-01 -1.1704100e+03]
 [ 0.0000000e+00  0.0000000e+00  0.0000000e+00  1.0000000e+00]]
[-0092.81, -0022.96, -1093.30]
45, 93, 89
[[-8.5707060e-02  7.8110946e-01 -6.1798266e-01 -1.1220000e+01]
 [ 6.4824660e-02  6.2364110e-01  7.7888042e-01  1.6455000e+02]
 [ 9.9389754e-01  2.6925020e-02 -1.0398340e-01 -1.1704400e+03]
 [ 0.0000000e+00  0.0000000e+00  0.0000000e+00  1.0000000e+00]]
[-0055.97, -0011.40, -1074.29]
37, 78, 133
[[-8.5976400e-02  7.8090292e-01 -6.1822204e-01 -1.1270000e+01]
 [ 6.4618120e-02  6.2389230e-01  7.7870086e-01  1.6450000e+02]
 [ 9.9389756e-01  2.7224260e-02 -1.0400154e-01 -1.1704400e+03]
 [ 0.0000000e+00  0.0000000e+00  0.0000000e+00  1.0000000e+00]]
[-0102.51, -0022.64, -1112.32]
125, 112, 47
[[-8.5678420e-02  7.8093920e-01 -6.1840798e-01 -1.1310000e+01]
 [ 6.6449600e-02  6.2397500e-01  7.7853280e-01  1.6460000e+02]
 [ 9.9392098e-01  2.5745600e-02 -1.0529442e-01 -1.1705100e+03]
 [ 0.0000000e+00  0.0000000e+00  0.0000000e+00  1.0000000e+00]]
[+0007.32, +0077.99, -1095.75]
110, 152, 110
[[-8.6425800e-02  7.8046268e-01 -6.1888904e-01 -1.1380000e+01]
 [ 6.4896080e-02  6.2450220e-01  7.7823676e-01  1.6457000e+02]
 [ 9.9394876e-01  2.7238960e-02 -1.0455876e-01 -1.1704700e+03]
 [ 0.0000000e+00  0.0000000e+00  0.0000000e+00  1.0000000e+00]]
[-0021.41, +0012.93, -1086.75]
58, 129, 115
[[-8.6784660e-02  7.8083684e-01 -6.1837150e-01 -1.1320000e+01]
 [ 6.4791400e-02  6.2401784e-01  7.7863516e-01  1.6454000e+02]
 [ 9.9392734e-01  2.7649000e-02 -1.0468426e-01 -1.1704700e+03]
 [ 0.0000000e+00  0.0000000e+00  0.0000000e+00  1.0000000e+00]]
[-0050.91, -0023.27, -1094.13]
74, 78, 111
[[-8.5707060e-02  7.8103464e-01 -6.1817716e-01 -1.1290000e+01]
 [ 6.4630160e-02  6.2376672e-01  7.7882352e-01  1.6450000e+02]
 [ 9.9397236e-01  2.6981920e-02 -1.0385778e-01 -1.1704500e+03]
 [ 0.0000000e+00  0.0000000e+00  0.0000000e+00  1.0000000e+00]]
[-0086.37, +0023.00, -1078.02]
92, 111, 145
[[-8.7204040e-02  7.8043836e-01 -6.1885304e-01 -1.1440000e+01]
 [ 6.4632240e-02  6.2451388e-01  7.7826108e-01  1.6452000e+02]
 [ 9.9392444e-01  2.7992880e-02 -1.0484692e-01 -1.1704300e+03]
 [ 0.0000000e+00  0.0000000e+00  0.0000000e+00  1.0000000e+00]]
[-0086.34, +0010.28, -1093.98]
120, 75, 47
[[-8.5707060e-02  7.8137878e-01 -6.1786298e-01 -1.1300000e+01]
 [ 6.5093980e-02  6.2338974e-01  7.7911982e-01  1.6453000e+02]
 [ 9.9401722e-01  2.6685620e-02 -1.0423476e-01 -1.1704900e+03]
 [ 0.0000000e+00  0.0000000e+00  0.0000000e+00  1.0000000e+00]]
[-0020.14, +0098.10, -1088.91]
52, 134, 137
[[-8.6275920e-02  7.8059456e-01 -6.1851208e-01 -1.1360000e+01]
 [ 6.4908160e-02  6.2425712e-01  7.7836864e-01  1.6452000e+02]
 [ 9.9381688e-01  2.7256960e-02 -1.0441480e-01 -1.1704300e+03]
 [ 0.0000000e+00  0.0000000e+00  0.0000000e+00  1.0000000e+00]]
[-0062.81, -0035.03, -1113.42]
146, 73, 60
[[-8.7234420e-02  7.8110102e-01 -6.1808066e-01 -1.1410000e+01]
 [ 6.6251780e-02  6.2374860e-01  7.7875714e-01  1.6456000e+02]
 [ 9.9385774e-01  2.7077260e-02 -1.0612098e-01 -1.1704800e+03]
 [ 0.0000000e+00  0.0000000e+00  0.0000000e+00  1.0000000e+00]]
[-0030.72, +0111.42, -1107.36]
36, 88, 133
[[-8.5826760e-02  7.8136382e-01 -6.1785998e-01 -1.1270000e+01]
 [ 6.4839620e-02  6.2339574e-01  7.7913478e-01  1.6449000e+02]
 [ 9.9402022e-01  2.6939980e-02 -1.0410906e-01 -1.1704200e+03]
 [ 0.0000000e+00  0.0000000e+00  0.0000000e+00  1.0000000e+00]]
[-0095.33, -0028.46, -1113.18]
78, 139, 95
[[-8.6634900e-02  7.8110332e-01 -6.1793464e-01 -1.1310000e+01]
 [ 6.4938280e-02  6.2364702e-01  7.7888656e-01  1.6455000e+02]
 [ 9.9385544e-01  2.7547360e-02 -1.0466592e-01 -1.1704600e+03]
 [ 0.0000000e+00  0.0000000e+00  0.0000000e+00  1.0000000e+00]]
[-0020.37, -0001.00, -1083.95]
64, 29, 123
[[-8.6036660e-02  7.8171984e-01 -6.1735428e-01 -1.1220000e+01]
 [ 6.4357920e-02  6.2291654e-01  7.7955064e-01  1.6444000e+02]
 [ 9.9401724e-01  2.7481520e-02 -1.0383976e-01 -1.1704100e+03]
 [ 0.0000000e+00  0.0000000e+00  0.0000000e+00  1.0000000e+00]]
[-0131.28, +0037.15, -1113.31]
26, 131, 91
[[-8.5796980e-02  7.8203388e-01 -6.1691118e-01 -1.1170000e+01]
 [ 6.5390280e-02  6.2252732e-01  7.7975388e-01  1.6449000e+02]
 [ 9.9392178e-01  2.6739720e-02 -1.0446866e-01 -1.1704100e+03]
 [ 0.0000000e+00  0.0000000e+00  0.0000000e+00  1.0000000e+00]]
[-0028.40, -0044.73, -1110.46]
97, 93, 142
[[-8.6365480e-02  7.8136978e-01 -6.1782998e-01 -1.1350000e+01]
 [ 6.5085020e-02  6.2339574e-01  7.7912882e-01  1.6446000e+02]
 [ 9.9399022e-01  2.7185380e-02 -1.0464778e-01 -1.1704300e+03]
 [ 0.0000000e+00  0.0000000e+00  0.0000000e+00  1.0000000e+00]]
[-0097.39, +0025.88, -1095.06]
138, 121, 149
[[-8.6934500e-02  7.8085488e-01 -6.1835934e-01 -1.1470000e+01]
 [ 6.5168400e-02  6.2401196e-01  7.7861712e-01  1.6447000e+02]
 [ 9.9390930e-01  2.7517200e-02 -1.0507930e-01 -1.1704700e+03]
 [ 0.0000000e+00  0.0000000e+00  0.0000000e+00  1.0000000e+00]]
[-0076.15, +0045.87, -1093.61]
102, 106, 91
[[-8.5557460e-02  7.8185446e-01 -6.1717170e-01 -1.1230000e+01]
 [ 6.5569700e-02  6.2276684e-01  7.7954754e-01  1.6445000e+02]
 [ 9.9393054e-01  2.6407500e-02 -1.0446866e-01 -1.1704600e+03]
 [ 0.0000000e+00  0.0000000e+00  0.0000000e+00  1.0000000e+00]]
[-0041.83, +0040.13, -1071.72]
86, 39, 44
[[-8.5588820e-02  7.8250326e-01 -6.1637214e-01 -1.1190000e+01]
 [ 6.4543260e-02  6.2192782e-01  7.8031002e-01  1.6437000e+02]
 [ 9.9401214e-01  2.7169980e-02 -1.0366100e-01 -1.1704400e+03]
 [ 0.0000000e+00  0.0000000e+00  0.0000000e+00  1.0000000e+00]]
[-0053.97, +0090.86, -1070.38]
27, 122, 32
[[-8.5021600e-02  7.8294288e-01 -6.1603624e-01 -1.1100000e+01]
 [ 6.4264080e-02  6.2143590e-01  7.8076434e-01  1.6438000e+02]
 [ 9.9416816e-01  2.6893740e-02 -1.0310554e-01 -1.1704400e+03]
 [ 0.0000000e+00  0.0000000e+00  0.0000000e+00  1.0000000e+00]]
[+0017.30, -0020.55, -1098.21]
83, 46, 115
[[-8.5410760e-02  7.8272194e-01 -6.1627314e-01 -1.1220000e+01]
 [ 6.3803740e-02  6.2169350e-01  7.8059982e-01  1.6428000e+02]
 [ 9.9417066e-01  2.7447420e-02 -1.0299690e-01 -1.1704400e+03]
 [ 0.0000000e+00  0.0000000e+00  0.0000000e+00  1.0000000e+00]]
[-0113.67, +0050.74, -1095.88]
26, 139, 119
[[-8.5050580e-02  7.8234830e-01 -6.1679098e-01 -1.1170000e+01]
 [ 6.3908300e-02  6.2217950e-01  7.8020230e-01  1.6434000e+02]
 [ 9.9419098e-01  2.7037700e-02 -1.0287108e-01 -1.1704300e+03]
 [ 0.0000000e+00  0.0000000e+00  0.0000000e+00  1.0000000e+00]]
[-0045.74, -0049.86, -1127.47]
140, 69, 35
[[-8.6396480e-02  7.8258672e-01 -6.1613256e-01 -1.1290000e+01]
 [ 6.5106720e-02  6.2180192e-01  7.8035784e-01  1.6435000e+02]
 [ 9.9389256e-01  2.7482160e-02 -1.0459456e-01 -1.1704800e+03]
 [ 0.0000000e+00  0.0000000e+00  0.0000000e+00  1.0000000e+00]]
[-0012.51, +0115.48, -1114.36]
72, 26, 44
[[-8.6338320e-02  7.8320832e-01 -6.1552140e-01 -1.1180000e+01]
 [ 6.4771680e-02  6.2106968e-01  7.8101540e-01  1.6428000e+02]
 [ 9.9402540e-01  2.7661400e-02 -1.0430800e-01 -1.1704200e+03]
 [ 0.0000000e+00  0.0000000e+00  0.0000000e+00  1.0000000e+00]]
[-0070.79, +0085.75, -1066.52]
26, 42, 130
[[-8.5949000e-02  7.8280218e-01 -6.1604874e-01 -1.1190000e+01]
 [ 6.4244340e-02  6.2156764e-01  7.8065082e-01  1.6427000e+02]
 [ 9.9406638e-01  2.7636660e-02 -1.0366100e-01 -1.1703800e+03]
 [ 0.0000000e+00  0.0000000e+00  0.0000000e+00  1.0000000e+00]]
[-0126.04, -0011.51, -1124.09]
148, 96, 125
[[-8.6844680e-02  7.8201276e-01 -6.1686000e-01 -1.1410000e+01]
 [ 6.5250240e-02  6.2253932e-01  7.7977500e-01  1.6437000e+02]
 [ 9.9388260e-01  2.7616800e-02 -1.0502500e-01 -1.1704600e+03]
 [ 0.0000000e+00  0.0000000e+00  0.0000000e+00  1.0000000e+00]]
[-0070.52, +0078.05, -1096.47]
153, 55, 79
[[-8.7234000e-02  7.8235956e-01 -6.1619792e-01 -1.1360000e+01]
 [ 6.5837560e-02  6.2204184e-01  7.8007656e-01  1.6436000e+02]
 [ 9.9370608e-01  2.7704560e-02 -1.0567200e-01 -1.1704500e+03]
 [ 0.0000000e+00  0.0000000e+00  0.0000000e+00  1.0000000e+00]]
[-0056.71, +0116.45, -1118.39]
111, 73, 115
[[-8.6338320e-02  7.8265548e-01 -6.1609100e-01 -1.1300000e+01]
 [ 6.3978520e-02  6.2169918e-01  7.8054330e-01  1.6430000e+02]
 [ 9.9399420e-01  2.8133500e-02 -1.0367850e-01 -1.1704300e+03]
 [ 0.0000000e+00  0.0000000e+00  0.0000000e+00  1.0000000e+00]]
[-0088.73, +0057.44, -1086.52]
105, 109, 100
[[-8.5949000e-02  7.8280218e-01 -6.1604874e-01 -1.1260000e+01]
 [ 6.4244340e-02  6.2156764e-01  7.8065082e-01  1.6431000e+02]
 [ 9.9406638e-01  2.7636660e-02 -1.0366100e-01 -1.1704600e+03]
 [ 0.0000000e+00  0.0000000e+00  0.0000000e+00  1.0000000e+00]]
[-0046.36, +0036.20, -1073.53]
70, 135, 103
[[-8.6458500e-02  7.8284960e-01 -6.1583340e-01 -1.1240000e+01]
 [ 6.4053600e-02  6.2145318e-01  7.8073460e-01  1.6429000e+02]
 [ 9.9398260e-01  2.8211400e-02 -1.0380432e-01 -1.1704400e+03]
 [ 0.0000000e+00  0.0000000e+00  0.0000000e+00  1.0000000e+00]]
[-0032.62, -0013.06, -1086.94]
146, 83, 59
[[-8.5738020e-02  7.8287962e-01 -6.1571644e-01 -1.1300000e+01]
 [ 6.5638780e-02  6.2141790e-01  7.8058156e-01  1.6433000e+02]
 [ 9.9383036e-01  2.6749240e-02 -1.0456008e-01 -1.1704600e+03]
 [ 0.0000000e+00  0.0000000e+00  0.0000000e+00  1.0000000e+00]]
[-0023.37, +0106.90, -1105.51]
70, 93, 124
[[-8.6040400e-02  7.8282904e-01 -6.1586052e-01 -1.1250000e+01]
 [ 6.3553360e-02  6.2145878e-01  7.8075516e-01  1.6426000e+02]
 [ 9.9401532e-01  2.8219560e-02 -1.0314018e-01 -1.1704200e+03]
 [ 0.0000000e+00  0.0000000e+00  0.0000000e+00  1.0000000e+00]]
[-0086.59, +0002.88, -1086.76]
31, 34, 146
[[-8.5382020e-02  7.8304726e-01 -6.1563836e-01 -1.1200000e+01]
 [ 6.3890660e-02  6.2120142e-01  7.8092228e-01  1.6418000e+02]
 [ 9.9402796e-01  2.7542920e-02 -1.0297960e-01 -1.1703900e+03]
 [ 0.0000000e+00  0.0000000e+00  0.0000000e+00  1.0000000e+00]]
[-0133.85, -0002.18, -1143.68]
58, 103, 48
[[-8.5141700e-02  7.8336042e-01 -6.1519494e-01 -1.1170000e+01]
 [ 6.4922700e-02  6.2081164e-01  7.8112542e-01  1.6425000e+02]
 [ 9.9393330e-01  2.6801700e-02 -1.0360970e-01 -1.1704600e+03]
 [ 0.0000000e+00  0.0000000e+00  0.0000000e+00  1.0000000e+00]]
[-0006.35, +0014.40, -1069.11]
91, 122, 75
[[-8.5858000e-02  7.8292460e-01 -6.1584800e-01 -1.1280000e+01]
 [ 6.5324600e-02  6.2142398e-01  7.8065960e-01  1.6425000e+02]
 [ 9.9396800e-01  2.6940400e-02 -1.0443402e-01 -1.1704300e+03]
 [ 0.0000000e+00  0.0000000e+00  0.0000000e+00  1.0000000e+00]]
[-0013.56, +0029.24, -1075.23]
134, 56, 84
[[-8.6607540e-02  7.8294200e-01 -6.1562652e-01 -1.1360000e+01]
 [ 6.4625520e-02  6.2132160e-01  7.8077336e-01  1.6422000e+02]
 [ 9.9389020e-01  2.8023600e-02 -1.0432530e-01 -1.1704500e+03]
 [ 0.0000000e+00  0.0000000e+00  0.0000000e+00  1.0000000e+00]]
[-0067.34, +0104.41, -1101.41]
99, 149, 119
[[-8.5679860e-02  7.8273924e-01 -6.1592910e-01 -1.1310000e+01]
 [ 6.4181400e-02  6.2156764e-01  7.8059076e-01  1.6423000e+02]
 [ 9.9394674e-01  2.7576600e-02 -1.0339186e-01 -1.1704400e+03]
 [ 0.0000000e+00  0.0000000e+00  0.0000000e+00  1.0000000e+00]]
[-0033.39, -0000.51, -1088.39]
127, 141, 68
[[-8.6516500e-02  7.8312482e-01 -6.1556024e-01 -1.1280000e+01]
 [ 6.5645740e-02  6.2117790e-01  7.8084472e-01  1.6426000e+02]
 [ 9.9392632e-01  2.7264560e-02 -1.0509856e-01 -1.1704400e+03]
 [ 0.0000000e+00  0.0000000e+00  0.0000000e+00  1.0000000e+00]]
[+0006.25, +0055.19, -1094.47]
74, 149, 108
[[-8.5800000e-02  7.8312800e-01 -6.1574600e-01 -1.1280000e+01]
 [ 6.4330880e-02  6.2119566e-01  7.8096460e-01  1.6422000e+02]
 [ 9.9412984e-01  2.7471880e-02 -1.0364370e-01 -1.1704400e+03]
 [ 0.0000000e+00  0.0000000e+00  0.0000000e+00  1.0000000e+00]]
[-0026.04, -0016.98, -1095.00]
138, 53, 78
[[-8.6458500e-02  7.8347690e-01 -6.1506900e-01 -1.1340000e+01]
 [ 6.5041500e-02  6.2069742e-01  7.8126308e-01  1.6421000e+02]
 [ 9.9393940e-01  2.7682920e-02 -1.0456008e-01 -1.1704400e+03]
 [ 0.0000000e+00  0.0000000e+00  0.0000000e+00  1.0000000e+00]]
[-0062.10, +0110.83, -1106.26]
136, 130, 97
[[-8.5679860e-02  7.8308286e-01 -6.1561436e-01 -1.1330000e+01]
 [ 6.4645140e-02  6.2118982e-01  7.8088668e-01  1.6423000e+02]
 [ 9.9399236e-01  2.7280680e-02 -1.0376968e-01 -1.1704700e+03]
 [ 0.0000000e+00  0.0000000e+00  0.0000000e+00  1.0000000e+00]]
[-0023.03, +0058.75, -1085.30]
32, 73, 104
[[-8.4935860e-02  7.8388966e-01 -6.1478970e-01 -1.1140000e+01]
 [ 6.4015100e-02  6.2021054e-01  7.8174366e-01  1.6416000e+02]
 [ 9.9415866e-01  2.7167700e-02 -1.0280276e-01 -1.1704000e+03]
 [ 0.0000000e+00  0.0000000e+00  0.0000000e+00  1.0000000e+00]]
[-0088.68, -0020.43, -1089.09]
98, 39, 108
[[-8.5742800e-02  7.8349480e-01 -6.1492560e-01 -1.1240000e+01]
 [ 6.3981200e-02  6.2058872e-01  7.8137616e-01  1.6416000e+02]
 [ 9.9393360e-01  2.7896160e-02 -1.0323152e-01 -1.1704300e+03]
 [ 0.0000000e+00  0.0000000e+00  0.0000000e+00  1.0000000e+00]]
[-0109.76, +0072.76, -1100.46]
151, 123, 84
[[-8.6905860e-02  7.8284338e-01 -6.1566220e-01 -1.1410000e+01]
 [ 6.5245300e-02  6.2143590e-01  7.8061780e-01  1.6427000e+02]
 [ 9.9379412e-01  2.7880840e-02 -1.0498980e-01 -1.1704700e+03]
 [ 0.0000000e+00  0.0000000e+00  0.0000000e+00  1.0000000e+00]]
[-0015.08, +0079.34, -1095.81]
93, 99, 52
[[-8.5622500e-02  7.8398766e-01 -6.1455338e-01 -1.1200000e+01]
 [ 6.4833540e-02  6.2007852e-01  7.8177654e-01  1.6420000e+02]
 [ 9.9403678e-01  2.7226740e-02 -1.0386202e-01 -1.1704300e+03]
 [ 0.0000000e+00  0.0000000e+00  0.0000000e+00  1.0000000e+00]]
[-0011.62, +0051.88, -1071.72]
26, 104, 29
[[-8.4518440e-02  7.8462954e-01 -6.1399182e-01 -1.1040000e+01]
 [ 6.4636020e-02  6.1933276e-01  7.8241254e-01  1.6418000e+02]
 [ 9.9420906e-01  2.6527020e-02 -1.0302244e-01 -1.1704100e+03]
 [ 0.0000000e+00  0.0000000e+00  0.0000000e+00  1.0000000e+00]]
[+0008.73, -0013.99, -1082.07]
29, 37, 115
[[-8.5955380e-02  7.8432772e-01 -6.1404404e-01 -1.1100000e+01]
 [ 6.4098280e-02  6.1960280e-01  7.8220624e-01  1.6412000e+02]
 [ 9.9403796e-01  2.8021760e-02 -1.0346682e-01 -1.1703700e+03]
 [ 0.0000000e+00  0.0000000e+00  0.0000000e+00  1.0000000e+00]]
[-0125.38, -0001.11, -1107.16]
113, 104, 110
[[-8.5771300e-02  7.8351326e-01 -6.1524562e-01 -1.1310000e+01]
 [ 6.4357820e-02  6.2070326e-01  7.8134986e-01  1.6420000e+02]
 [ 9.9412186e-01  2.7504620e-02 -1.0362660e-01 -1.1704500e+03]
 [ 0.0000000e+00  0.0000000e+00  0.0000000e+00  1.0000000e+00]]
[-0057.68, +0049.54, -1077.32]
70, 153, 136
[[-8.6727720e-02  7.8300146e-01 -6.1542894e-01 -1.1320000e+01]
 [ 6.4566060e-02  6.2120142e-01  7.8084502e-01  1.6421000e+02]
 [ 9.9381854e-01  2.8221180e-02 -1.0432530e-01 -1.1703900e+03]
 [ 0.0000000e+00  0.0000000e+00  0.0000000e+00  1.0000000e+00]]
[-0046.68, -0027.74, -1107.92]
44, 46, 83
[[-8.4759240e-02  7.8446556e-01 -6.1404612e-01 -1.1060000e+01]
 [ 6.3993480e-02  6.1947086e-01  7.8232246e-01  1.6412000e+02]
 [ 9.9415476e-01  2.7154780e-02 -1.0264354e-01 -1.1704100e+03]
 [ 0.0000000e+00  0.0000000e+00  0.0000000e+00  1.0000000e+00]]
[-0094.99, +0019.09, -1069.10]
51, 34, 73
[[-8.5686400e-02  7.8439912e-01 -6.1386424e-01 -1.1110000e+01]
 [ 6.4169680e-02  6.1947662e-01  7.8226556e-01  1.6410000e+02]
 [ 9.9397864e-01  2.7841960e-02 -1.0332402e-01 -1.1703700e+03]
 [ 0.0000000e+00  0.0000000e+00  0.0000000e+00  1.0000000e+00]]
[-0096.62, +0042.46, -1066.84]
109, 91, 112
[[-8.6939620e-02  7.8349108e-01 -6.1486278e-01 -1.1310000e+01]
 [ 6.4219720e-02  6.2059436e-01  7.8137988e-01  1.6415000e+02]
 [ 9.9387642e-01  2.8642920e-02 -1.0418202e-01 -1.1703900e+03]
 [ 0.0000000e+00  0.0000000e+00  0.0000000e+00  1.0000000e+00]]
[-0072.17, +0051.93, -1079.29]
140, 80, 91
[[-8.7088500e-02  7.8377824e-01 -6.1473018e-01 -1.1320000e+01]
 [ 6.4866240e-02  6.2033664e-01  7.8160096e-01  1.6418000e+02]
 [ 9.9397882e-01  2.8272960e-02 -1.0482930e-01 -1.1704200e+03]
 [ 0.0000000e+00  0.0000000e+00  0.0000000e+00  1.0000000e+00]]
[-0054.71, +0095.64, -1095.18]
82, 33, 48
[[-8.6317000e-02  7.8449160e-01 -6.1378060e-01 -1.1130000e+01]
 [ 6.3665400e-02  6.1936732e-01  7.8242712e-01  1.6413000e+02]
 [ 9.9403240e-01  2.8607880e-02 -1.0334068e-01 -1.1704200e+03]
 [ 0.0000000e+00  0.0000000e+00  0.0000000e+00  1.0000000e+00]]
[-0064.99, +0089.31, -1070.37]
92, 69, 60
[[-8.6521680e-02  7.8402288e-01 -6.1431996e-01 -1.1230000e+01]
 [ 6.4512480e-02  6.1996982e-01  7.8187216e-01  1.6417000e+02]
 [ 9.9394116e-01  2.8179040e-02 -1.0414786e-01 -1.1704200e+03]
 [ 0.0000000e+00  0.0000000e+00  0.0000000e+00  1.0000000e+00]]
[-0042.32, +0070.65, -1067.55]
145, 153, 149
[[-8.6935120e-02  7.8280200e-01 -6.1584768e-01 -1.1460000e+01]
 [ 6.5682000e-02  6.2155000e-01  7.8052800e-01  1.6426000e+02]
 [ 9.9384768e-01  2.7552000e-02 -1.0538512e-01 -1.1704600e+03]
 [ 0.0000000e+00  0.0000000e+00  0.0000000e+00  1.0000000e+00]]
[-0051.33, +0033.61, -1091.80]
124, 55, 39
[[-8.5686400e-02  7.8453360e-01 -6.1380400e-01 -1.1120000e+01]
 [ 6.4304160e-02  6.1935040e-01  7.8238512e-01  1.6415000e+02]
 [ 9.9403888e-01  2.7722400e-02 -1.0345024e-01 -1.1704000e+03]
 [ 0.0000000e+00  0.0000000e+00  0.0000000e+00  1.0000000e+00]]
[-0028.71, +0108.96, -1096.03]
53, 144, 106
[[-8.6132200e-02  7.8396066e-01 -6.1453258e-01 -1.1220000e+01]
 [ 6.4448580e-02  6.2009020e-01  7.8180354e-01  1.6417000e+02]
 [ 9.9402766e-01  2.7858180e-02 -1.0387876e-01 -1.1704100e+03]
 [ 0.0000000e+00  0.0000000e+00  0.0000000e+00  1.0000000e+00]]
[-0030.09, -0031.99, -1103.66]
133, 63, 50
[[-8.6373000e-02  7.8421388e-01 -6.1407716e-01 -1.1270000e+01]
 [ 6.4464440e-02  6.1972326e-01  7.8206602e-01  1.6416000e+02]
 [ 9.9394492e-01  2.8133860e-02 -1.0400490e-01 -1.1704600e+03]
 [ 0.0000000e+00  0.0000000e+00  0.0000000e+00  1.0000000e+00]]
[-0030.87, +0111.73, -1101.64]
69, 56, 129
[[-8.6613960e-02  7.8397502e-01 -6.1432658e-01 -1.1290000e+01]
 [ 6.3626980e-02  6.1998662e-01  7.8192002e-01  1.6412000e+02]
 [ 9.9396458e-01  2.8818020e-02 -1.0350058e-01 -1.1703800e+03]
 [ 0.0000000e+00  0.0000000e+00  0.0000000e+00  1.0000000e+00]]
[-0117.94, +0022.47, -1101.71]
107, 51, 57
[[-8.6196420e-02  7.8443234e-01 -6.1397816e-01 -1.1200000e+01]
 [ 6.3724660e-02  6.1948790e-01  7.8235568e-01  1.6413000e+02]
 [ 9.9410384e-01  2.8410320e-02 -1.0334068e-01 -1.1704500e+03]
 [ 0.0000000e+00  0.0000000e+00  0.0000000e+00  1.0000000e+00]]
[-0052.32, +0097.00, -1081.31]
130, 112, 122
[[-8.7598480e-02  7.8361616e-01 -6.1476956e-01 -1.1390000e+01]
 [ 6.4346560e-02  6.2047398e-01  7.8150892e-01  1.6420000e+02]
 [ 9.9390916e-01  2.9023880e-02 -1.0472050e-01 -1.1704300e+03]
 [ 0.0000000e+00  0.0000000e+00  0.0000000e+00  1.0000000e+00]]
[-0061.85, +0055.12, -1084.13]
33, 87, 143
[[-8.5714500e-02  7.8401430e-01 -6.1436490e-01 -1.1230000e+01]
 [ 6.4142700e-02  6.1996982e-01  7.8188074e-01  1.6412000e+02]
 [ 9.9398610e-01  2.7809260e-02 -1.0334068e-01 -1.1704100e+03]
 [ 0.0000000e+00  0.0000000e+00  0.0000000e+00  1.0000000e+00]]
[-0100.87, -0030.33, -1125.14]
99, 101, 109
[[-8.5473780e-02  7.8402996e-01 -6.1469986e-01 -1.1270000e+01]
 [ 6.4396040e-02  6.2008440e-01  7.8185748e-01  1.6416000e+02]
 [ 9.9418914e-01  2.7294520e-02 -1.0346682e-01 -1.1704700e+03]
 [ 0.0000000e+00  0.0000000e+00  0.0000000e+00  1.0000000e+00]]
[-0062.27, +0037.37, -1074.82]
109, 30, 129
[[-8.6224400e-02  7.8398724e-01 -6.1434432e-01 -1.1320000e+01]
 [ 6.3757800e-02  6.1998110e-01  7.8190780e-01  1.6408000e+02]
 [ 9.9397680e-01  2.8440680e-02 -1.0335754e-01 -1.1703700e+03]
 [ 0.0000000e+00  0.0000000e+00  0.0000000e+00  1.0000000e+00]]
[-0122.71, +0074.79, -1127.62]
119, 145, 77
[[-8.6132200e-02  7.8431828e-01 -6.1388824e-01 -1.1310000e+01]
 [ 6.5167280e-02  6.1958540e-01  7.8209236e-01  1.6417000e+02]
 [ 9.9386476e-01  2.7569360e-02 -1.0438356e-01 -1.1704600e+03]
 [ 0.0000000e+00  0.0000000e+00  0.0000000e+00  1.0000000e+00]]
[+0003.88, +0041.11, -1090.80]
79, 89, 55
[[-8.5389600e-02  7.8525840e-01 -6.1300280e-01 -1.1140000e+01]
 [ 6.4671280e-02  6.1847766e-01  7.8306810e-01  1.6410000e+02]
 [ 9.9409296e-01  2.7336220e-02 -1.0354410e-01 -1.1704000e+03]
 [ 0.0000000e+00  0.0000000e+00  0.0000000e+00  1.0000000e+00]]
[-0023.30, +0043.55, -1064.52]
86, 137, 67
[[-8.6790820e-02  7.8451804e-01 -6.1360016e-01 -1.1280000e+01]
 [ 6.5489240e-02  6.1933872e-01  7.8227732e-01  1.6412000e+02]
 [ 9.9382336e-01  2.7894280e-02 -1.0504810e-01 -1.1703900e+03]
 [ 0.0000000e+00  0.0000000e+00  0.0000000e+00  1.0000000e+00]]
[+0004.05, +0017.92, -1085.38]
34, 78, 66
[[-8.5992900e-02  7.8546646e-01 -6.1253858e-01 -1.1070000e+01]
 [ 6.3925460e-02  6.1812716e-01  7.8337486e-01  1.6408000e+02]
 [ 9.9401942e-01  2.8373860e-02 -1.0329130e-01 -1.1704000e+03]
 [ 0.0000000e+00  0.0000000e+00  0.0000000e+00  1.0000000e+00]]
[-0050.60, -0007.66, -1064.85]
45, 29, 56
[[-8.5844820e-02  7.8565720e-01 -6.1229550e-01 -1.1060000e+01]
 [ 6.3877200e-02  6.1788000e-01  7.8356840e-01  1.6403000e+02]
 [ 9.9402350e-01  2.8328400e-02 -1.0314882e-01 -1.1703900e+03]
 [ 0.0000000e+00  0.0000000e+00  0.0000000e+00  1.0000000e+00]]
[-0086.28, +0046.30, -1057.95]
113, 65, 110
[[-8.6586020e-02  7.8449436e-01 -6.1376562e-01 -1.1320000e+01]
 [ 6.3788760e-02  6.1936732e-01  7.8242436e-01  1.6401000e+02]
 [ 9.9401742e-01  2.8731240e-02 -1.0360970e-01 -1.1704200e+03]
 [ 0.0000000e+00  0.0000000e+00  0.0000000e+00  1.0000000e+00]]
[-0089.74, +0070.91, -1090.05]
87, 60, 61
[[-8.4972500e-02  7.8537210e-01 -6.1296930e-01 -1.1150000e+01]
 [ 6.4304700e-02  6.1835708e-01  7.8320838e-01  1.6401000e+02]
 [ 9.9418590e-01  2.7223620e-02 -1.0300642e-01 -1.1704100e+03]
 [ 0.0000000e+00  0.0000000e+00  0.0000000e+00  1.0000000e+00]]
[-0052.65, +0069.73, -1065.83]
136, 71, 122
[[-8.6224400e-02  7.8433056e-01 -6.1402908e-01 -1.1370000e+01]
 [ 6.4221600e-02  6.1960280e-01  7.8220340e-01  1.6401000e+02]
 [ 9.9402300e-01  2.8145080e-02 -1.0373584e-01 -1.1704300e+03]
 [ 0.0000000e+00  0.0000000e+00  0.0000000e+00  1.0000000e+00]]
[-0088.71, +0082.01, -1102.62]
103, 45, 86
[[-8.5779080e-02  7.8511194e-01 -6.1304526e-01 -1.1210000e+01]
 [ 6.4406340e-02  6.1860988e-01  7.8296058e-01  1.6398000e+02]
 [ 9.9402066e-01  2.7833220e-02 -1.0356020e-01 -1.1704000e+03]
 [ 0.0000000e+00  0.0000000e+00  0.0000000e+00  1.0000000e+00]]
[-0086.34, +0081.82, -1085.43]
123, 93, 111
[[-8.6762560e-02  7.8427600e-01 -6.1386448e-01 -1.1380000e+01]
 [ 6.4528480e-02  6.1960280e-01  7.8213464e-01  1.6402000e+02]
 [ 9.9385840e-01  2.8454800e-02 -1.0427400e-01 -1.1704200e+03]
 [ 0.0000000e+00  0.0000000e+00  0.0000000e+00  1.0000000e+00]]
[-0067.10, +0063.69, -1082.77]
94, 132, 34
[[-8.5779080e-02  7.8539472e-01 -6.1259544e-01 -1.1170000e+01]
 [ 6.4930320e-02  6.1823062e-01  7.8319266e-01  1.6399000e+02]
 [ 9.9393264e-01  2.7601140e-02 -1.0393946e-01 -1.1704100e+03]
 [ 0.0000000e+00  0.0000000e+00  0.0000000e+00  1.0000000e+00]]
[+0027.47, +0038.84, -1099.11]
50, 135, 90
[[-8.5751460e-02  7.8501892e-01 -6.1292006e-01 -1.1200000e+01]
 [ 6.3835240e-02  6.1862124e-01  7.8293012e-01  1.6395000e+02]
 [ 9.9390682e-01  2.8280840e-02 -1.0303866e-01 -1.1703900e+03]
 [ 0.0000000e+00  0.0000000e+00  0.0000000e+00  1.0000000e+00]]
[-0023.87, -0027.05, -1094.87]
117, 42, 77
[[-8.6113680e-02  7.8558596e-01 -6.1247540e-01 -1.1240000e+01]
 [ 6.3805960e-02  6.1800638e-01  7.8350930e-01  1.6392000e+02]
 [ 9.9408260e-01  2.8508300e-02 -1.0329130e-01 -1.1703900e+03]
 [ 0.0000000e+00  0.0000000e+00  0.0000000e+00  1.0000000e+00]]
[-0075.67, +0102.38, -1095.97]
154, 120, 104
[[-8.7031700e-02  7.8441342e-01 -6.1378914e-01 -1.1480000e+01]
 [ 6.4786380e-02  6.1947662e-01  7.8225126e-01  1.6396000e+02]
 [ 9.9390354e-01  2.8458660e-02 -1.0466932e-01 -1.1704300e+03]
 [ 0.0000000e+00  0.0000000e+00  0.0000000e+00  1.0000000e+00]]
[-0036.44, +0076.89, -1092.31]
96, 141, 67
[[-8.5093120e-02  7.8550544e-01 -6.1257696e-01 -1.1240000e+01]
 [ 6.4440160e-02  6.1811000e-01  7.8333588e-01  1.6390000e+02]
 [ 9.9404064e-01  2.7364920e-02 -1.0313288e-01 -1.1704000e+03]
 [ 0.0000000e+00  0.0000000e+00  0.0000000e+00  1.0000000e+00]]
[+0007.00, +0021.48, -1088.71]
47, 52, 49
[[-8.4984640e-02  7.8634312e-01 -6.1153240e-01 -1.1120000e+01]
 [ 6.3365200e-02  6.1701710e-01  7.8428870e-01  1.6382000e+02]
 [ 9.9412888e-01  2.8078660e-02 -1.0218450e-01 -1.1703900e+03]
 [ 0.0000000e+00  0.0000000e+00  0.0000000e+00  1.0000000e+00]]
[-0054.47, +0033.34, -1052.29]
149, 128, 149
[[-8.6819280e-02  7.8426788e-01 -6.1404068e-01 -1.1570000e+01]
 [ 6.5596520e-02  6.1970574e-01  7.8201202e-01  1.6383000e+02]
 [ 9.9389092e-01  2.7741580e-02 -1.0519098e-01 -1.1704300e+03]
 [ 0.0000000e+00  0.0000000e+00  0.0000000e+00  1.0000000e+00]]
[-0069.68, +0050.48, -1094.22]
81, 138, 146
[[-8.6196420e-02  7.8492400e-01 -6.1327326e-01 -1.1400000e+01]
 [ 6.4578000e-02  6.1885680e-01  7.8276400e-01  1.6376000e+02]
 [ 9.9400174e-01  2.8002000e-02 -1.0397178e-01 -1.1703900e+03]
 [ 0.0000000e+00  0.0000000e+00  0.0000000e+00  1.0000000e+00]]
[-0065.23, -0015.73, -1099.92]
85, 28, 73
[[-8.5817680e-02  7.8596740e-01 -6.1198916e-01 -1.1290000e+01]
 [ 6.3709400e-02  6.1751190e-01  7.8389630e-01  1.6368000e+02]
 [ 9.9409084e-01  2.8417300e-02 -1.0300642e-01 -1.1703900e+03]
 [ 0.0000000e+00  0.0000000e+00  0.0000000e+00  1.0000000e+00]]
[-0092.67, +0083.98, -1082.80]
148, 119, 99
[[-8.7662500e-02  7.8478860e-01 -6.1325520e-01 -1.1530000e+01]
 [ 6.4806600e-02  6.1898878e-01  7.8264540e-01  1.6378000e+02]
 [ 9.9386880e-01  2.8992600e-02 -1.0506472e-01 -1.1704200e+03]
 [ 0.0000000e+00  0.0000000e+00  0.0000000e+00  1.0000000e+00]]
[-0031.86, +0074.43, -1089.98]
65, 118, 85
[[-8.5482600e-02  7.8570196e-01 -6.1230408e-01 -1.1320000e+01]
 [ 6.4638960e-02  6.1786284e-01  7.8352364e-01  1.6372000e+02]
 [ 9.9401492e-01  2.7566640e-02 -1.0352820e-01 -1.1703800e+03]
 [ 0.0000000e+00  0.0000000e+00  0.0000000e+00  1.0000000e+00]]
[-0029.23, -0002.33, -1076.11]
88, 124, 60
[[-8.6020360e-02  7.8578192e-01 -6.1207936e-01 -1.1350000e+01]
 [ 6.5080960e-02  6.1773630e-01  7.8357398e-01  1.6374000e+02]
 [ 9.9391088e-01  2.7757660e-02 -1.0419250e-01 -1.1703800e+03]
 [ 0.0000000e+00  0.0000000e+00  0.0000000e+00  1.0000000e+00]]
[+0000.87, +0030.44, -1079.39]
135, 53, 104
[[-8.6382580e-02  7.8573686e-01 -6.1207072e-01 -1.1440000e+01]
 [ 6.4319260e-02  6.1775358e-01  7.8361904e-01  1.6363000e+02]
 [ 9.9391952e-01  2.8519360e-02 -1.0381300e-01 -1.1704200e+03]
 [ 0.0000000e+00  0.0000000e+00  0.0000000e+00  1.0000000e+00]]
[-0086.20, +0097.15, -1107.86]
71, 27, 31
[[-8.5347700e-02  7.8692308e-01 -6.1075804e-01 -1.1240000e+01]
 [ 6.3591160e-02  6.1627430e-01  7.8486032e-01  1.6358000e+02]
 [ 9.9409732e-01  2.8312960e-02 -1.0256424e-01 -1.1703900e+03]
 [ 0.0000000e+00  0.0000000e+00  0.0000000e+00  1.0000000e+00]]
[-0055.10, +0091.31, -1064.82]
78, 147, 142
[[-8.6651520e-02  7.8530888e-01 -6.1289560e-01 -1.1500000e+01]
 [ 6.3528880e-02  6.1838528e-01  7.8327160e-01  1.6364000e+02]
 [ 9.9414040e-01  2.8987600e-02 -1.0345024e-01 -1.1704200e+03]
 [ 0.0000000e+00  0.0000000e+00  0.0000000e+00  1.0000000e+00]]
[-0056.71, -0021.00, -1103.22]
151, 143, 72
[[-8.5537960e-02  7.8542468e-01 -6.1260140e-01 -1.1480000e+01]
 [ 6.5438200e-02  6.1821870e-01  7.8316270e-01  1.6373000e+02]
 [ 9.9392668e-01  2.7093260e-02 -1.0419250e-01 -1.1705000e+03]
 [ 0.0000000e+00  0.0000000e+00  0.0000000e+00  1.0000000e+00]]
[+0002.61, +0068.35, -1103.09]
140, 43, 153
[[-8.6855080e-02  7.8506316e-01 -6.1285064e-01 -1.1740000e+01]
 [ 6.4960560e-02  6.1860988e-01  7.8288588e-01  1.6339000e+02]
 [ 9.9382604e-01  2.8390320e-02 -1.0463620e-01 -1.1704000e+03]
 [ 0.0000000e+00  0.0000000e+00  0.0000000e+00  1.0000000e+00]]
[-0115.48, +0075.34, -1135.39]
120, 137, 133
[[-8.5576000e-02  7.8656200e-01 -6.1109480e-01 -1.1410000e+01]
 [ 6.5265200e-02  6.1674078e-01  7.8432998e-01  1.6341000e+02]
 [ 9.9391000e-01  2.7446020e-02 -1.0401922e-01 -1.1704100e+03]
 [ 0.0000000e+00  0.0000000e+00  0.0000000e+00  1.0000000e+00]]
[-0051.46, +0019.59, -1085.03]
107, 121, 106
[[-8.5132360e-02  7.8691150e-01 -6.1094942e-01 -1.1380000e+01]
 [ 6.4535420e-02  6.1637820e-01  7.8474194e-01  1.6337000e+02]
 [ 9.9414490e-01  2.7477700e-02 -1.0321300e-01 -1.1704100e+03]
 [ 0.0000000e+00  0.0000000e+00  0.0000000e+00  1.0000000e+00]]
[-0044.20, +0029.15, -1076.28]
103, 36, 131
[[-8.6396040e-02  7.8710968e-01 -6.1045232e-01 -1.1410000e+01]
 [ 6.3784480e-02  6.1603206e-01  7.8505742e-01  1.6329000e+02]
 [ 9.9404488e-01  2.9016620e-02 -1.0337034e-01 -1.1703700e+03]
 [ 0.0000000e+00  0.0000000e+00  0.0000000e+00  1.0000000e+00]]
[-0123.34, +0063.33, -1119.39]
101, 28, 151
[[-8.5885060e-02  7.8700246e-01 -6.1053338e-01 -1.1420000e+01]
 [ 6.4033780e-02  6.1614764e-01  7.8491086e-01  1.6328000e+02]
 [ 9.9399374e-01  2.8504580e-02 -1.0322826e-01 -1.1703600e+03]
 [ 0.0000000e+00  0.0000000e+00  0.0000000e+00  1.0000000e+00]]
[-0131.85, +0056.35, -1142.41]
67, 67, 98
[[-8.6059520e-02  7.8733536e-01 -6.1006176e-01 -1.1350000e+01]
 [ 6.5567040e-02  6.1574990e-01  7.8509142e-01  1.6332000e+02]
 [ 9.9386784e-01  2.7759780e-02 -1.0452658e-01 -1.1703300e+03]
 [ 0.0000000e+00  0.0000000e+00  0.0000000e+00  1.0000000e+00]]
[-0086.11, +0024.98, -1072.15]
114, 41, 43
[[-8.5858600e-02  7.8766792e-01 -6.0958136e-01 -1.1370000e+01]
 [ 6.4585040e-02  6.1527150e-01  7.8552578e-01  1.6330000e+02]
 [ 9.9390088e-01  2.8305940e-02 -1.0359346e-01 -1.1704100e+03]
 [ 0.0000000e+00  0.0000000e+00  0.0000000e+00  1.0000000e+00]]
[-0045.49, +0113.05, -1093.75]
85, 80, 100
[[-8.6933640e-02  7.8726284e-01 -6.1003228e-01 -1.1420000e+01]
 [ 6.4422280e-02  6.1577870e-01  7.8516394e-01  1.6329000e+02]
 [ 9.9386716e-01  2.9152420e-02 -1.0416130e-01 -1.1703400e+03]
 [ 0.0000000e+00  0.0000000e+00  0.0000000e+00  1.0000000e+00]]
[-0076.03, +0035.78, -1072.52]
144, 37, 131
[[-8.7404020e-02  7.8638168e-01 -6.1106828e-01 -1.1680000e+01]
 [ 6.4734320e-02  6.1689056e-01  7.8425648e-01  1.6322000e+02]
 [ 9.9378572e-01  2.9199520e-02 -1.0473042e-01 -1.1704400e+03]
 [ 0.0000000e+00  0.0000000e+00  0.0000000e+00  1.0000000e+00]]
[-0107.07, +0091.49, -1134.87]
82, 106, 73
[[-8.5079080e-02  7.8775254e-01 -6.0975134e-01 -1.1370000e+01]
 [ 6.4783860e-02  6.1525990e-01  7.8556518e-01  1.6316000e+02]
 [ 9.9405926e-01  2.7487020e-02 -1.0331002e-01 -1.1703900e+03]
 [ 0.0000000e+00  0.0000000e+00  0.0000000e+00  1.0000000e+00]]
[-0026.45, +0025.76, -1068.73]
154, 50, 73
[[-8.7202500e-02  7.8753450e-01 -6.0989600e-01 -1.1560000e+01]
 [ 6.4815100e-02  6.1552518e-01  7.8539976e-01  1.6318000e+02]
 [ 9.9397320e-01  2.9037760e-02 -1.0468368e-01 -1.1704200e+03]
 [ 0.0000000e+00  0.0000000e+00  0.0000000e+00  1.0000000e+00]]
[-0056.46, +0118.52, -1122.04]
130, 120, 154
[[-8.6839200e-02  7.8716320e-01 -6.1041560e-01 -1.1520000e+01]
 [ 6.4917520e-02  6.1601526e-01  7.8500390e-01  1.6316000e+02]
 [ 9.9399136e-01  2.8626980e-02 -1.0455690e-01 -1.1703800e+03]
 [ 0.0000000e+00  0.0000000e+00  0.0000000e+00  1.0000000e+00]]
[-0084.27, +0030.01, -1095.79]
98, 34, 61
[[-8.5537700e-02  7.8821064e-01 -6.0917742e-01 -1.1320000e+01]
 [ 6.3930240e-02  6.1465964e-01  7.8612744e-01  1.6309000e+02]
 [ 9.9412578e-01  2.8415040e-02 -1.0291450e-01 -1.1703800e+03]
 [ 0.0000000e+00  0.0000000e+00  0.0000000e+00  1.0000000e+00]]
[-0073.80, +0094.88, -1082.26]
50, 115, 58
[[-8.5147860e-02  7.8808842e-01 -6.0925574e-01 -1.1340000e+01]
 [ 6.3925540e-02  6.1478094e-01  7.8599598e-01  1.6311000e+02]
 [ 9.9407718e-01  2.8156660e-02 -1.0264596e-01 -1.1703800e+03]
 [ 0.0000000e+00  0.0000000e+00  0.0000000e+00  1.0000000e+00]]
[-0009.78, -0007.26, -1077.64]
141, 139, 101
[[-8.6153800e-02  7.8721348e-01 -6.1026296e-01 -1.1550000e+01]
 [ 6.4486960e-02  6.1589420e-01  7.8508348e-01  1.6315000e+02]
 [ 9.9396548e-01  2.8453040e-02 -1.0375044e-01 -1.1704200e+03]
 [ 0.0000000e+00  0.0000000e+00  0.0000000e+00  1.0000000e+00]]
[-0020.95, +0055.39, -1088.06]
35, 110, 76
[[-8.4974920e-02  7.8845398e-01 -6.0876582e-01 -1.1290000e+01]
 [ 6.3574580e-02  6.1428998e-01  7.8639678e-01  1.6310000e+02]
 [ 9.9408942e-01  2.8318620e-02 -1.0223594e-01 -1.1703900e+03]
 [ 0.0000000e+00  0.0000000e+00  0.0000000e+00  1.0000000e+00]]
[-0034.30, -0026.67, -1083.67]
74, 59, 113
[[-8.5832340e-02  7.8790382e-01 -6.0946944e-01 -1.1390000e+01]
 [ 6.4222260e-02  6.1502910e-01  7.8579728e-01  1.6307000e+02]
 [ 9.9404272e-01  2.8450560e-02 -1.0332480e-01 -1.1703700e+03]
 [ 0.0000000e+00  0.0000000e+00  0.0000000e+00  1.0000000e+00]]
[-0105.33, +0032.78, -1085.79]
78, 108, 34
[[-8.6612260e-02  7.8829554e-01 -6.0892256e-01 -1.1340000e+01]
 [ 6.4621740e-02  6.1453270e-01  7.8617208e-01  1.6311000e+02]
 [ 9.9399224e-01  2.8855680e-02 -1.0411600e-01 -1.1704100e+03]
 [ 0.0000000e+00  0.0000000e+00  0.0000000e+00  1.0000000e+00]]
[+0011.45, +0039.19, -1079.00]
75, 133, 59
[[-8.5321320e-02  7.8806510e-01 -6.0942950e-01 -1.1380000e+01]
 [ 6.4739900e-02  6.1489068e-01  7.8588970e-01  1.6311000e+02]
 [ 9.9411250e-01  2.7699700e-02 -1.0343700e-01 -1.1703900e+03]
 [ 0.0000000e+00  0.0000000e+00  0.0000000e+00  1.0000000e+00]]
[+0005.80, +0009.03, -1085.92]
132, 67, 54
[[-8.5711120e-02  7.8820052e-01 -6.0902184e-01 -1.1430000e+01]
 [ 6.5000120e-02  6.1464248e-01  7.8601344e-01  1.6309000e+02]
 [ 9.9395304e-01  2.7965760e-02 -1.0383264e-01 -1.1703800e+03]
 [ 0.0000000e+00  0.0000000e+00  0.0000000e+00  1.0000000e+00]]
[-0031.92, +0106.40, -1097.86]
106, 65, 41
[[-8.5537700e-02  7.8856578e-01 -6.0853194e-01 -1.1340000e+01]
 [ 6.4649340e-02  6.1415164e-01  7.8641442e-01  1.6306000e+02]
 [ 9.9396558e-01  2.8128060e-02 -1.0342250e-01 -1.1703600e+03]
 [ 0.0000000e+00  0.0000000e+00  0.0000000e+00  1.0000000e+00]]
[-0024.95, +0088.66, -1078.44]
133, 70, 86
[[-8.6759700e-02  7.8797096e-01 -6.0922662e-01 -1.1500000e+01]
 [ 6.4535760e-02  6.1490784e-01  7.8585976e-01  1.6309000e+02]
 [ 9.9392678e-01  2.9020560e-02 -1.0413090e-01 -1.1703900e+03]
 [ 0.0000000e+00  0.0000000e+00  0.0000000e+00  1.0000000e+00]]
[-0059.39, +0095.27, -1093.23]
49, 32, 107
[[-8.5460840e-02  7.8832134e-01 -6.0895002e-01 -1.1360000e+01]
 [ 6.2365020e-02  6.1443836e-01  7.8639994e-01  1.6301000e+02]
 [ 9.9417366e-01  2.9389220e-02 -1.0160164e-01 -1.1703700e+03]
 [ 0.0000000e+00  0.0000000e+00  0.0000000e+00  1.0000000e+00]]
[-0125.71, +0025.25, -1096.24]
125, 101, 60
[[-8.5832340e-02  7.8790382e-01 -6.0946944e-01 -1.1470000e+01]
 [ 6.4222260e-02  6.1502910e-01  7.8579728e-01  1.6310000e+02]
 [ 9.9404272e-01  2.8450560e-02 -1.0332480e-01 -1.1704200e+03]
 [ 0.0000000e+00  0.0000000e+00  0.0000000e+00  1.0000000e+00]]
[-0011.16, +0078.50, -1087.25]
109, 97, 98
[[-8.5684980e-02  7.8775180e-01 -6.0954220e-01 -1.1470000e+01]
 [ 6.3710200e-02  6.1516152e-01  7.8569560e-01  1.6303000e+02]
 [ 9.9399980e-01  2.8699600e-02 -1.0280250e-01 -1.1703900e+03]
 [ 0.0000000e+00  0.0000000e+00  0.0000000e+00  1.0000000e+00]]
[-0055.37, +0049.18, -1074.23]
54, 87, 111
[[-8.5364800e-02  7.8789216e-01 -6.0932032e-01 -1.1410000e+01]
 [ 6.2652480e-02  6.1492960e-01  7.8593856e-01  1.6305000e+02]
 [ 9.9404224e-01  2.9166720e-02 -1.0174336e-01 -1.1703900e+03]
 [ 0.0000000e+00  0.0000000e+00  0.0000000e+00  1.0000000e+00]]
[-0082.93, -0007.39, -1083.49]
117, 64, 39
[[-8.4879360e-02  7.8842768e-01 -6.0895440e-01 -1.1370000e+01]
 [ 6.4264800e-02  6.1440000e-01  7.8629360e-01  1.6307000e+02]
 [ 9.9413968e-01  2.7737760e-02 -1.0275840e-01 -1.1703900e+03]
 [ 0.0000000e+00  0.0000000e+00  0.0000000e+00  1.0000000e+00]]
[-0021.75, +0102.85, -1090.98]
29, 103, 125
[[-8.5173920e-02  7.8783936e-01 -6.0969696e-01 -1.1470000e+01]
 [ 6.4032960e-02  6.1515032e-01  7.8573208e-01  1.6305000e+02]
 [ 9.9414336e-01  2.8004720e-02 -1.0278760e-01 -1.1703700e+03]
 [ 0.0000000e+00  0.0000000e+00  0.0000000e+00  1.0000000e+00]]
[-0079.96, -0040.42, -1113.86]
55, 124, 107
[[-8.5052740e-02  7.8779362e-01 -6.0956554e-01 -1.1490000e+01]
 [ 6.4347260e-02  6.1514460e-01  7.8565378e-01  1.6307000e+02]
 [ 9.9400622e-01  2.7814460e-02 -1.0291450e-01 -1.1704100e+03]
 [ 0.0000000e+00  0.0000000e+00  0.0000000e+00  1.0000000e+00]]
[-0047.22, -0022.26, -1089.16]
40, 27, 137
[[-8.5173920e-02  7.8783936e-01 -6.0969696e-01 -1.1440000e+01]
 [ 6.4032960e-02  6.1515032e-01  7.8573208e-01  1.6300000e+02]
 [ 9.9414336e-01  2.8004720e-02 -1.0278760e-01 -1.1703500e+03]
 [ 0.0000000e+00  0.0000000e+00  0.0000000e+00  1.0000000e+00]]
[-0139.05, +0010.69, -1134.44]
139, 149, 143
[[-8.6597200e-02  7.8664216e-01 -6.1099268e-01 -1.1770000e+01]
 [ 6.4631920e-02  6.1663736e-01  7.8450364e-01  1.6312000e+02]
 [ 9.9395204e-01  2.8589480e-02 -1.0417680e-01 -1.1704500e+03]
 [ 0.0000000e+00  0.0000000e+00  0.0000000e+00  1.0000000e+00]]
[-0051.00, +0031.26, -1089.56]
84, 133, 26
[[-8.4931600e-02  7.8807704e-01 -6.0944732e-01 -1.1500000e+01]
 [ 6.4869520e-02  6.1488480e-01  7.8587776e-01  1.6305000e+02]
 [ 9.9412444e-01  2.7321920e-02 -1.0329544e-01 -1.1704200e+03]
 [ 0.0000000e+00  0.0000000e+00  0.0000000e+00  1.0000000e+00]]
[+0029.51, +0032.47, -1102.05]
122, 97, 42
[[-8.6786000e-02  7.8779580e-01 -6.0947280e-01 -1.1600000e+01]
 [ 6.4837800e-02  6.1515032e-01  7.8565160e-01  1.6305000e+02]
 [ 9.9391920e-01  2.8812400e-02 -1.0439968e-01 -1.1703900e+03]
 [ 0.0000000e+00  0.0000000e+00  0.0000000e+00  1.0000000e+00]]
[-0001.80, +0084.68, -1093.15]
51, 70, 135
[[-8.5684980e-02  7.8773878e-01 -6.0987144e-01 -1.1600000e+01]
 [ 6.3454620e-02  6.1528830e-01  7.8570296e-01  1.6297000e+02]
 [ 9.9420776e-01  2.8692240e-02 -1.0267572e-01 -1.1703700e+03]
 [ 0.0000000e+00  0.0000000e+00  0.0000000e+00  1.0000000e+00]]
[-0113.21, -0006.24, -1107.85]
113, 154, 95
[[-8.6422580e-02  7.8735072e-01 -6.1018740e-01 -1.1700000e+01]
 [ 6.4745280e-02  6.1576742e-01  7.8520000e-01  1.6308000e+02]
 [ 9.9401100e-01  2.8457600e-02 -1.0414600e-01 -1.1704400e+03]
 [ 0.0000000e+00  0.0000000e+00  0.0000000e+00  1.0000000e+00]]
[-0006.70, +0023.04, -1089.59]
30, 54, 105
[[-8.4974920e-02  7.8830694e-01 -6.0915566e-01 -1.1440000e+01]
 [ 6.3184740e-02  6.1454382e-01  7.8628482e-01  1.6297000e+02]
 [ 9.9423646e-01  2.8430580e-02 -1.0198210e-01 -1.1703900e+03]
 [ 0.0000000e+00  0.0000000e+00  0.0000000e+00  1.0000000e+00]]
[-0107.22, -0011.39, -1091.55]
118, 27, 86
[[-8.5537700e-02  7.8821064e-01 -6.0917742e-01 -1.1610000e+01]
 [ 6.3930240e-02  6.1465964e-01  7.8612744e-01  1.6293000e+02]
 [ 9.9412578e-01  2.8415040e-02 -1.0291450e-01 -1.1703900e+03]
 [ 0.0000000e+00  0.0000000e+00  0.0000000e+00  1.0000000e+00]]
[-0094.56, +0104.84, -1111.85]
51, 43, 100
[[-8.5511880e-02  7.8817816e-01 -6.0918676e-01 -1.1590000e+01]
 [ 6.3298760e-02  6.1467068e-01  7.8615992e-01  1.6293000e+02]
 [ 9.9414616e-01  2.8798280e-02 -1.0239220e-01 -1.1703900e+03]
 [ 0.0000000e+00  0.0000000e+00  0.0000000e+00  1.0000000e+00]]
[-0111.92, +0021.75, -1083.32]
101, 29, 108
[[-8.5953600e-02  7.8802320e-01 -6.0940600e-01 -1.1640000e+01]
 [ 6.4102880e-02  6.1490784e-01  7.8593160e-01  1.6293000e+02]
 [ 9.9410616e-01  2.8584880e-02 -1.0332480e-01 -1.1703700e+03]
 [ 0.0000000e+00  0.0000000e+00  0.0000000e+00  1.0000000e+00]]
[-0115.48, +0079.78, -1110.45]
92, 89, 46
[[-8.5026600e-02  7.8823752e-01 -6.0919796e-01 -1.1570000e+01]
 [ 6.4313480e-02  6.1464828e-01  7.8610056e-01  1.6297000e+02]
 [ 9.9413496e-01  2.7783560e-02 -1.0289988e-01 -1.1704200e+03]
 [ 0.0000000e+00  0.0000000e+00  0.0000000e+00  1.0000000e+00]]
[-0012.69, +0059.22, -1071.08]
65, 126, 107
[[-8.6101000e-02  7.8769858e-01 -6.0971006e-01 -1.1640000e+01]
 [ 6.4017020e-02  6.1528278e-01  7.8561914e-01  1.6297000e+02]
 [ 9.9404086e-01  2.8749940e-02 -1.0333978e-01 -1.1703900e+03]
 [ 0.0000000e+00  0.0000000e+00  0.0000000e+00  1.0000000e+00]]
[-0046.37, -0015.65, -1085.86]
139, 132, 110
[[-8.6396040e-02  7.8710968e-01 -6.1045232e-01 -1.1780000e+01]
 [ 6.3784480e-02  6.1603206e-01  7.8505742e-01  1.6300000e+02]
 [ 9.9404488e-01  2.9016620e-02 -1.0337034e-01 -1.1704500e+03]
 [ 0.0000000e+00  0.0000000e+00  0.0000000e+00  1.0000000e+00]]
[-0034.84, +0054.89, -1085.22]
39, 62, 149
[[-8.5295140e-02  7.8755596e-01 -6.0981538e-01 -1.1620000e+01]
 [ 6.3510680e-02  6.1540956e-01  7.8550804e-01  1.6289000e+02]
 [ 9.9402494e-01  2.8497320e-02 -1.0240714e-01 -1.1703900e+03]
 [ 0.0000000e+00  0.0000000e+00  0.0000000e+00  1.0000000e+00]]
[-0121.84, -0013.24, -1130.92]
107, 81, 89
[[-8.5105620e-02  7.8772482e-01 -6.0960808e-01 -1.1690000e+01]
 [ 6.5475820e-02  6.1524798e-01  7.8546888e-01  1.6293000e+02]
 [ 9.9390408e-01  2.7167120e-02 -1.0383264e-01 -1.1703900e+03]
 [ 0.0000000e+00  0.0000000e+00  0.0000000e+00  1.0000000e+00]]
[-0058.93, +0065.15, -1074.43]
88, 77, 65
[[-8.4784200e-02  7.8799868e-01 -6.0932496e-01 -1.1620000e+01]
 [ 6.4552320e-02  6.1489068e-01  7.8583204e-01  1.6290000e+02]
 [ 9.9400796e-01  2.7515040e-02 -1.0289988e-01 -1.1704000e+03]
 [ 0.0000000e+00  0.0000000e+00  0.0000000e+00  1.0000000e+00]]
[-0042.58, +0055.62, -1065.24]
99, 44, 88
[[-8.5321320e-02  7.8800452e-01 -6.0929520e-01 -1.1660000e+01]
 [ 6.4800480e-02  6.1489068e-01  7.8582620e-01  1.6288000e+02]
 [ 9.9397820e-01  2.7763200e-02 -1.0343700e-01 -1.1703800e+03]
 [ 0.0000000e+00  0.0000000e+00  0.0000000e+00  1.0000000e+00]]
[-0090.99, +0079.79, -1086.28]
39, 51, 146
[[-8.5295140e-02  7.8748230e-01 -6.1001028e-01 -1.1730000e+01]
 [ 6.3315780e-02  6.1553630e-01  7.8545196e-01  1.6285000e+02]
 [ 9.9409860e-01  2.8553400e-02 -1.0228040e-01 -1.1704000e+03]
 [ 0.0000000e+00  0.0000000e+00  0.0000000e+00  1.0000000e+00]]
[-0127.94, -0006.76, -1131.76]
80, 131, 49
[[-8.5442500e-02  7.8797650e-01 -6.0962150e-01 -1.1720000e+01]
 [ 6.4291300e-02  6.1502342e-01  7.8584866e-01  1.6290000e+02]
 [ 9.9418910e-01  2.8009340e-02 -1.0318308e-01 -1.1704500e+03]
 [ 0.0000000e+00  0.0000000e+00  0.0000000e+00  1.0000000e+00]]
[+0013.27, +0021.08, -1087.40]
84, 41, 29
[[-8.5243380e-02  7.8845676e-01 -6.0875100e-01 -1.1670000e+01]
 [ 6.3698760e-02  6.1428998e-01  7.8639400e-01  1.6281000e+02]
 [ 9.9407460e-01  2.8442800e-02 -1.0250440e-01 -1.1704000e+03]
 [ 0.0000000e+00  0.0000000e+00  0.0000000e+00  1.0000000e+00]]
[-0036.38, +0094.72, -1071.14]
119, 121, 65
[[-8.6907220e-02  7.8770692e-01 -6.0966500e-01 -1.1860000e+01]
 [ 6.4389080e-02  6.1528278e-01  7.8561080e-01  1.6287000e+02]
 [ 9.9399580e-01  2.9122000e-02 -1.0414600e-01 -1.1704200e+03]
 [ 0.0000000e+00  0.0000000e+00  0.0000000e+00  1.0000000e+00]]
[-0003.49, +0059.94, -1085.62]
44, 130, 96
[[-8.5269160e-02  7.8792638e-01 -6.0964278e-01 -1.1730000e+01]
 [ 6.3282020e-02  6.1504022e-01  7.8589878e-01  1.6285000e+02]
 [ 9.9422718e-01  2.8522380e-02 -1.0226538e-01 -1.1704200e+03]
 [ 0.0000000e+00  0.0000000e+00  0.0000000e+00  1.0000000e+00]]
[-0035.20, -0033.68, -1097.36]
61, 109, 85
[[-8.5147860e-02  7.8801480e-01 -6.0945064e-01 -1.1700000e+01]
 [ 6.3730640e-02  6.1490784e-01  7.8594000e-01  1.6284000e+02]
 [ 9.9415080e-01  2.8212640e-02 -1.0251906e-01 -1.1704000e+03]
 [ 0.0000000e+00  0.0000000e+00  0.0000000e+00  1.0000000e+00]]
[-0040.26, -0001.25, -1072.56]
134, 119, 110
[[-8.6422580e-02  7.8721632e-01 -6.1024794e-01 -1.1870000e+01]
 [ 6.4610880e-02  6.1589420e-01  7.8508064e-01  1.6285000e+02]
 [ 9.9395046e-01  2.8576960e-02 -1.0401922e-01 -1.1704300e+03]
 [ 0.0000000e+00  0.0000000e+00  0.0000000e+00  1.0000000e+00]]
[-0046.20, +0058.34, -1083.15]
47, 126, 90
[[-8.4636880e-02  7.8796792e-01 -6.0966596e-01 -1.1720000e+01]
 [ 6.3919120e-02  6.1502342e-01  7.8585724e-01  1.6283000e+02]
 [ 9.9423356e-01  2.7637160e-02 -1.0237746e-01 -1.1704500e+03]
 [ 0.0000000e+00  0.0000000e+00  0.0000000e+00  1.0000000e+00]]
[-0031.39, -0026.70, -1090.04]
81, 25, 140
[[-8.5806280e-02  7.8779756e-01 -6.0967376e-01 -1.1820000e+01]
 [ 6.3395840e-02  6.1516700e-01  7.8577388e-01  1.6274000e+02]
 [ 9.9413684e-01  2.8889920e-02 -1.0267572e-01 -1.1703900e+03]
 [ 0.0000000e+00  0.0000000e+00  0.0000000e+00  1.0000000e+00]]
[-0136.27, +0048.22, -1134.43]
40, 110, 126
[[-8.5000660e-02  7.8841286e-01 -6.0895154e-01 -1.1700000e+01]
 [ 6.4011140e-02  6.1440572e-01  7.8630842e-01  1.6276000e+02]
 [ 9.9414254e-01  2.7991420e-02 -1.0263138e-01 -1.1703700e+03]
 [ 0.0000000e+00  0.0000000e+00  0.0000000e+00  1.0000000e+00]]
[-0075.25, -0033.60, -1106.06]
133, 68, 119
[[-8.6759700e-02  7.8804470e-01 -6.0903160e-01 -1.1860000e+01]
 [ 6.4730780e-02  6.1478094e-01  7.8591560e-01  1.6277000e+02]
 [ 9.9385304e-01  2.8964720e-02 -1.0425780e-01 -1.1703900e+03]
 [ 0.0000000e+00  0.0000000e+00  0.0000000e+00  1.0000000e+00]]
[-0088.85, +0082.01, -1101.06]
64, 103, 149
[[-8.6490960e-02  7.8789444e-01 -6.0943668e-01 -1.1820000e+01]
 [ 6.4216680e-02  6.1503470e-01  7.8580666e-01  1.6275000e+02]
 [ 9.9401556e-01  2.8952380e-02 -1.0373530e-01 -1.1703600e+03]
 [ 0.0000000e+00  0.0000000e+00  0.0000000e+00  1.0000000e+00]]
[-0097.28, -0015.20, -1110.13]
115, 141, 103
[[-8.5442500e-02  7.8791590e-01 -6.0948720e-01 -1.1850000e+01]
 [ 6.4351900e-02  6.1502342e-01  7.8578520e-01  1.6281000e+02]
 [ 9.9405480e-01  2.8072800e-02 -1.0318308e-01 -1.1704600e+03]
 [ 0.0000000e+00  0.0000000e+00  0.0000000e+00  1.0000000e+00]]
[-0022.43, +0029.62, -1082.27]
95, 139, 49
[[-8.4879360e-02  7.8836704e-01 -6.0882016e-01 -1.1730000e+01]
 [ 6.4325440e-02  6.1440000e-01  7.8623008e-01  1.6279000e+02]
 [ 9.9400544e-01  2.7801280e-02 -1.0275840e-01 -1.1704500e+03]
 [ 0.0000000e+00  0.0000000e+00  0.0000000e+00  1.0000000e+00]]
[+0017.60, +0030.08, -1094.29]
105, 99, 85
[[-8.6222260e-02  7.8830774e-01 -6.0894044e-01 -1.1830000e+01]
 [ 6.4751260e-02  6.1452702e-01  7.8615988e-01  1.6275000e+02]
 [ 9.9400444e-01  2.8477880e-02 -1.0397428e-01 -1.1704200e+03]
 [ 0.0000000e+00  0.0000000e+00  0.0000000e+00  1.0000000e+00]]
[-0042.86, +0052.62, -1072.25]
81, 124, 70
[[-8.5122000e-02  7.8860584e-01 -6.0869312e-01 -1.1760000e+01]
 [ 6.4086640e-02  6.1415736e-01  7.8649856e-01  1.6274000e+02]
 [ 9.9413248e-01  2.8069760e-02 -1.0275840e-01 -1.1704100e+03]
 [ 0.0000000e+00  0.0000000e+00  0.0000000e+00  1.0000000e+00]]
[-0011.26, +0015.22, -1076.74]
36, 106, 142
[[-8.5000660e-02  7.8807080e-01 -6.0926776e-01 -1.1820000e+01]
 [ 6.3547760e-02  6.1478654e-01  7.8601360e-01  1.6268000e+02]
 [ 9.9409480e-01  2.8286240e-02 -1.0225056e-01 -1.1703900e+03]
 [ 0.0000000e+00  0.0000000e+00  0.0000000e+00  1.0000000e+00]]
[-0088.98, -0037.08, -1123.54]
142, 42, 74
[[-8.6369700e-02  7.8819130e-01 -6.0898890e-01 -1.1970000e+01]
 [ 6.4994700e-02  6.1464828e-01  7.8602266e-01  1.6271000e+02]
 [ 9.9392590e-01  2.8467660e-02 -1.0424298e-01 -1.1704200e+03]
 [ 0.0000000e+00  0.0000000e+00  0.0000000e+00  1.0000000e+00]]
[-0066.91, +0117.40, -1118.12]
110, 106, 148
[[-8.6612260e-02  7.8774506e-01 -6.0949458e-01 -1.1960000e+01]
 [ 6.3828620e-02  6.1516700e-01  7.8570234e-01  1.6269000e+02]
 [ 9.9395766e-01  2.9325420e-02 -1.0348170e-01 -1.1704100e+03]
 [ 0.0000000e+00  0.0000000e+00  0.0000000e+00  1.0000000e+00]]
[-0092.72, +0022.28, -1095.24]
68, 27, 61
[[-8.4949380e-02  7.8897120e-01 -6.0820302e-01 -1.1740000e+01]
 [ 6.3735600e-02  6.1366604e-01  7.8689920e-01  1.6263000e+02]
 [ 9.9414498e-01  2.8231600e-02 -1.0234858e-01 -1.1703800e+03]
 [ 0.0000000e+00  0.0000000e+00  0.0000000e+00  1.0000000e+00]]
[-0088.67, +0072.36, -1069.35]
122, 71, 76
[[-8.6196240e-02  7.8820128e-01 -6.0914480e-01 -1.1920000e+01]
 [ 6.3924800e-02  6.1466520e-01  7.8613680e-01  1.6268000e+02]
 [ 9.9409872e-01  2.8916960e-02 -1.0332480e-01 -1.1704300e+03]
 [ 0.0000000e+00  0.0000000e+00  0.0000000e+00  1.0000000e+00]]
[-0052.14, +0088.97, -1084.56]
136, 33, 109
[[-8.6490960e-02  7.8817624e-01 -6.0898604e-01 -1.1980000e+01]
 [ 6.4741040e-02  6.1465400e-01  7.8603772e-01  1.6264000e+02]
 [ 9.9392876e-01  2.8721320e-02 -1.0411600e-01 -1.1704100e+03]
 [ 0.0000000e+00  0.0000000e+00  0.0000000e+00  1.0000000e+00]]
[-0101.31, +0101.01, -1127.36]
72, 34, 75
[[-8.5607760e-02  7.8875420e-01 -6.0842632e-01 -1.1830000e+01]
 [ 6.3401320e-02  6.1392560e-01  7.8673324e-01  1.6262000e+02]
 [ 9.9413080e-01  2.8909000e-02 -1.0250440e-01 -1.1704400e+03]
 [ 0.0000000e+00  0.0000000e+00  0.0000000e+00  1.0000000e+00]]
[-0095.94, +0064.21, -1073.86]
120, 51, 45
[[-8.5269160e-02  7.8863650e-01 -6.0835194e-01 -1.1890000e+01]
 [ 6.4720060e-02  6.1402454e-01  7.8647310e-01  1.6267000e+02]
 [ 9.9390690e-01  2.7948060e-02 -1.0328106e-01 -1.1704400e+03]
 [ 0.0000000e+00  0.0000000e+00  0.0000000e+00  1.0000000e+00]]
[-0038.92, +0110.24, -1095.00]
130, 104, 55
[[-8.6248480e-02  7.8841448e-01 -6.0873624e-01 -1.1960000e+01]
 [ 6.5577680e-02  6.1438832e-01  7.8618264e-01  1.6270000e+02]
 [ 9.9390984e-01  2.8038960e-02 -1.0462416e-01 -1.1704200e+03]
 [ 0.0000000e+00  0.0000000e+00  0.0000000e+00  1.0000000e+00]]
[-0005.94, +0082.56, -1093.38]
122, 89, 114
[[-8.6950660e-02  7.8855988e-01 -6.0860738e-01 -1.1930000e+01]
 [ 6.3693080e-02  6.1417944e-01  7.8654452e-01  1.6263000e+02]
 [ 9.9406882e-01  2.9705320e-02 -1.0359346e-01 -1.1704000e+03]
 [ 0.0000000e+00  0.0000000e+00  0.0000000e+00  1.0000000e+00]]
[-0075.77, +0061.16, -1084.57]
101, 124, 95
[[-8.5659040e-02  7.8855084e-01 -6.0852908e-01 -1.1880000e+01]
 [ 6.4395720e-02  6.1415736e-01  7.8642936e-01  1.6264000e+02]
 [ 9.9396844e-01  2.8381680e-02 -1.0329544e-01 -1.1704100e+03]
 [ 0.0000000e+00  0.0000000e+00  0.0000000e+00  1.0000000e+00]]
[-0031.35, +0023.67, -1075.70]
102, 143, 62
[[-8.5390500e-02  7.8868226e-01 -6.0848332e-01 -1.1860000e+01]
 [ 6.4405780e-02  6.1403030e-01  7.8655156e-01  1.6266000e+02]
 [ 9.9404404e-01  2.8138120e-02 -1.0315396e-01 -1.1704200e+03]
 [ 0.0000000e+00  0.0000000e+00  0.0000000e+00  1.0000000e+00]]
[+0011.42, +0026.55, -1092.92]
73, 76, 40
[[-8.3947600e-02  7.8936948e-01 -6.0757116e-01 -1.1750000e+01]
 [ 6.2574840e-02  6.1305814e-01  7.8739578e-01  1.6257000e+02]
 [ 9.9414852e-01  2.8346940e-02 -1.0073890e-01 -1.1704400e+03]
 [ 0.0000000e+00  0.0000000e+00  0.0000000e+00  1.0000000e+00]]
[-0019.26, +0051.45, -1062.44]
94, 120, 69
[[-8.6023300e-02  7.8877458e-01 -6.0839926e-01 -1.1910000e+01]
 [ 6.3903420e-02  6.1392012e-01  7.8671286e-01  1.6261000e+02]
 [ 9.9409826e-01  2.8903860e-02 -1.0316842e-01 -1.1704000e+03]
 [ 0.0000000e+00  0.0000000e+00  0.0000000e+00  1.0000000e+00]]
[-0010.97, +0033.95, -1076.07]
63, 43, 85
[[-8.4924040e-02  7.8921986e-01 -6.0776158e-01 -1.1800000e+01]
 [ 6.3628220e-02  6.1329590e-01  7.8716266e-01  1.6254000e+02]
 [ 9.9407926e-01  2.8383380e-02 -1.0220730e-01 -1.1703900e+03]
 [ 0.0000000e+00  0.0000000e+00  0.0000000e+00  1.0000000e+00]]
[-0098.41, +0043.09, -1072.28]
73, 61, 89
[[-8.5460840e-02  7.8901776e-01 -6.0798768e-01 -1.1850000e+01]
 [ 6.3547680e-02  6.1355006e-01  7.8698194e-01  1.6257000e+02]
 [ 9.9406224e-01  2.8807220e-02 -1.0248994e-01 -1.1703900e+03]
 [ 0.0000000e+00  0.0000000e+00  0.0000000e+00  1.0000000e+00]]
[-0083.91, +0038.98, -1069.51]
38, 49, 130
[[-8.5192420e-02  7.8907580e-01 -6.0813672e-01 -1.1840000e+01]
 [ 6.3362600e-02  6.1355006e-01  7.8704820e-01  1.6252000e+02]
 [ 9.9421128e-01  2.8619400e-02 -1.0222152e-01 -1.1703900e+03]
 [ 0.0000000e+00  0.0000000e+00  0.0000000e+00  1.0000000e+00]]
[-0125.34, -0005.24, -1115.41]
48, 66, 25
[[-8.5314000e-02  7.8934200e-01 -6.0768320e-01 -1.1800000e+01]
 [ 6.3633200e-02  6.1317432e-01  7.8729408e-01  1.6254000e+02]
 [ 9.9412800e-01  2.8641920e-02 -1.0247568e-01 -1.1704100e+03]
 [ 0.0000000e+00  0.0000000e+00  0.0000000e+00  1.0000000e+00]]
[-0014.50, +0035.45, -1055.13]
83, 69, 57
[[-8.5339300e-02  7.8882494e-01 -6.0824618e-01 -1.1900000e+01]
 [ 6.3472060e-02  6.1379862e-01  7.8679186e-01  1.6254000e+02]
 [ 9.9407218e-01  2.8728860e-02 -1.0236292e-01 -1.1704200e+03]
 [ 0.0000000e+00  0.0000000e+00  0.0000000e+00  1.0000000e+00]]
[-0043.06, +0060.44, -1063.56]
64, 87, 49
[[-8.5607760e-02  7.8890116e-01 -6.0803632e-01 -1.1880000e+01]
 [ 6.3791320e-02  6.1367160e-01  7.8684496e-01  1.6254000e+02]
 [ 9.9398384e-01  2.8797280e-02 -1.0275840e-01 -1.1704000e+03]
 [ 0.0000000e+00  0.0000000e+00  0.0000000e+00  1.0000000e+00]]
[-0021.84, +0028.62, -1061.65]
141, 77, 123
[[-8.6074900e-02  7.8822924e-01 -6.0881828e-01 -1.2090000e+01]
 [ 6.4434120e-02  6.1453270e-01  7.8611424e-01  1.6250000e+02]
 [ 9.9388796e-01  2.8670880e-02 -1.0357864e-01 -1.1704500e+03]
 [ 0.0000000e+00  0.0000000e+00  0.0000000e+00  1.0000000e+00]]
[-0086.31, +0081.90, -1102.71]
94, 87, 144
[[-8.6170420e-02  7.8837656e-01 -6.0889856e-01 -1.2040000e+01]
 [ 6.3622640e-02  6.1442240e-01  7.8634472e-01  1.6246000e+02]
 [ 9.9410624e-01  2.9124880e-02 -1.0305618e-01 -1.1704300e+03]
 [ 0.0000000e+00  0.0000000e+00  0.0000000e+00  1.0000000e+00]]
[-0105.84, +0020.33, -1099.63]
115, 145, 84
[[-8.5806280e-02  7.8856866e-01 -6.0851698e-01 -1.2020000e+01]
 [ 6.4773540e-02  6.1415164e-01  7.8641154e-01  1.6253000e+02]
 [ 9.9395062e-01  2.8252260e-02 -1.0369108e-01 -1.1704500e+03]
 [ 0.0000000e+00  0.0000000e+00  0.0000000e+00  1.0000000e+00]]
[-0002.40, +0033.46, -1088.15]
100, 94, 44
[[-8.5045620e-02  7.8941262e-01 -6.0750304e-01 -1.1880000e+01]
 [ 6.3703820e-02  6.1304718e-01  7.8735264e-01  1.6245000e+02]
 [ 9.9406944e-01  2.8461760e-02 -1.0233444e-01 -1.1704500e+03]
 [ 0.0000000e+00  0.0000000e+00  0.0000000e+00  1.0000000e+00]]
[-0007.74, +0063.48, -1076.50]
34, 98, 71
[[-8.4630600e-02  7.8958728e-01 -6.0760316e-01 -1.1850000e+01]
 [ 6.3274840e-02  6.1292556e-01  7.8755592e-01  1.6243000e+02]
 [ 9.9429672e-01  2.8283560e-02 -1.0179780e-01 -1.1704100e+03]
 [ 0.0000000e+00  0.0000000e+00  0.0000000e+00  1.0000000e+00]]
[-0039.45, -0022.09, -1075.97]
31, 111, 150
[[-8.4585120e-02  7.8860016e-01 -6.0872272e-01 -1.1970000e+01]
 [ 6.3838240e-02  6.1415736e-01  7.8650424e-01  1.6240000e+02]
 [ 9.9416208e-01  2.7821360e-02 -1.0222152e-01 -1.1704100e+03]
 [ 0.0000000e+00  0.0000000e+00  0.0000000e+00  1.0000000e+00]]
[-0089.00, -0040.65, -1134.32]
94, 48, 30
[[-8.4924040e-02  7.8956162e-01 -6.0744506e-01 -1.1970000e+01]
 [ 6.4091540e-02  6.1291436e-01  7.8745718e-01  1.6236000e+02]
 [ 9.9412742e-01  2.8088860e-02 -1.0258884e-01 -1.1704200e+03]
 [ 0.0000000e+00  0.0000000e+00  0.0000000e+00  1.0000000e+00]]
[-0029.98, +0097.13, -1077.15]
82, 89, 46
[[-8.5045620e-02  7.8933924e-01 -6.0769802e-01 -1.2010000e+01]
 [ 6.3508840e-02  6.1317432e-01  7.8729684e-01  1.6237000e+02]
 [ 9.9414282e-01  2.8517560e-02 -1.0220730e-01 -1.1704400e+03]
 [ 0.0000000e+00  0.0000000e+00  0.0000000e+00  1.0000000e+00]]
[-0015.83, +0048.27, -1067.09]
116, 42, 54
[[-8.5557280e-02  7.8917812e-01 -6.0773860e-01 -1.2040000e+01]
 [ 6.2991880e-02  6.1331222e-01  7.8720440e-01  1.6233000e+02]
 [ 9.9407260e-01  2.9268400e-02 -1.0209450e-01 -1.1704400e+03]
 [ 0.0000000e+00  0.0000000e+00  0.0000000e+00  1.0000000e+00]]
[-0056.47, +0109.23, -1094.03]
145, 118, 150
[[-8.6396040e-02  7.8780802e-01 -6.0949074e-01 -1.2370000e+01]
 [ 6.4967460e-02  6.1514460e-01  7.8563938e-01  1.6235000e+02]
 [ 9.9393142e-01  2.8434660e-02 -1.0425780e-01 -1.1704700e+03]
 [ 0.0000000e+00  0.0000000e+00  0.0000000e+00  1.0000000e+00]]
[-0080.23, +0051.57, -1096.63]
90, 60, 40
[[-8.5096340e-02  7.8906234e-01 -6.0799608e-01 -1.2110000e+01]
 [ 6.4308420e-02  6.1353326e-01  7.8693736e-01  1.6227000e+02]
 [ 9.9405384e-01  2.8046480e-02 -1.0287124e-01 -1.1704500e+03]
 [ 0.0000000e+00  0.0000000e+00  0.0000000e+00  1.0000000e+00]]
[-0030.53, +0079.63, -1069.28]
107, 108, 49
[[-8.5364800e-02  7.8864968e-01 -6.0849256e-01 -1.2180000e+01]
 [ 6.3774320e-02  6.1404158e-01  7.8658414e-01  1.6230000e+02]
 [ 9.9406456e-01  2.8521140e-02 -1.0263138e-01 -1.1705000e+03]
 [ 0.0000000e+00  0.0000000e+00  0.0000000e+00  1.0000000e+00]]
[-0001.44, +0061.64, -1082.33]
67, 64, 27
[[-8.4898900e-02  7.8945588e-01 -6.0764924e-01 -1.2050000e+01]
 [ 6.3265080e-02  6.1305270e-01  7.8743376e-01  1.6224000e+02]
 [ 9.9422116e-01  2.8527360e-02 -1.0193896e-01 -1.1704700e+03]
 [ 0.0000000e+00  0.0000000e+00  0.0000000e+00  1.0000000e+00]]
[-0015.52, +0058.41, -1060.79]
78, 152, 38
[[-8.6291880e-02  7.8899802e-01 -6.0779918e-01 -1.2150000e+01]
 [ 6.4612780e-02  6.1353894e-01  7.8687738e-01  1.6228000e+02]
 [ 9.9386262e-01  2.8860820e-02 -1.0381818e-01 -1.1704300e+03]
 [ 0.0000000e+00  0.0000000e+00  0.0000000e+00  1.0000000e+00]]
[+0029.74, +0012.30, -1111.71]
111, 123, 85
[[-8.5486260e-02  7.8925804e-01 -6.0772264e-01 -1.2190000e+01]
 [ 6.4508360e-02  6.1328462e-01  7.8712448e-01  1.6219000e+02]
 [ 9.9402904e-01  2.8249280e-02 -1.0326688e-01 -1.1704300e+03]
 [ 0.0000000e+00  0.0000000e+00  0.0000000e+00  1.0000000e+00]]
[-0025.79, +0044.72, -1077.53]
53, 35, 59
[[-8.5138720e-02  7.8099612e-01 -6.1821596e-01 -1.5080000e+01]
 [ 6.3753480e-02  6.2377840e-01  7.7886204e-01  1.6204000e+02]
 [ 9.9402284e-01  2.7122760e-02 -1.0279888e-01 -1.1708100e+03]
 [ 0.0000000e+00  0.0000000e+00  0.0000000e+00  1.0000000e+00]]
[-0085.30, +0047.82, -1059.56]
136, 85, 42
[[-8.6398480e-02  7.7918312e-01 -6.2044956e-01 -1.5750000e+01]
 [ 6.4934480e-02  6.2609030e-01  7.7694216e-01  1.6206000e+02]
 [ 9.9391524e-01  2.7005040e-02 -1.0461522e-01 -1.1709000e+03]
 [ 0.0000000e+00  0.0000000e+00  0.0000000e+00  1.0000000e+00]]
[-0011.27, +0100.43, -1104.34]
36, 129, 129
[[-8.5709160e-02  7.7921892e-01 -6.2062628e-01 -1.5630000e+01]
 [ 6.4253480e-02  6.2609622e-01  7.7702862e-01  1.6202000e+02]
 [ 9.9409788e-01  2.6830220e-02 -1.0368138e-01 -1.1708300e+03]
 [ 0.0000000e+00  0.0000000e+00  0.0000000e+00  1.0000000e+00]]
[-0063.98, -0046.12, -1120.16]
144, 92, 27
[[-8.6429620e-02  7.7978678e-01 -6.1954366e-01 -1.5680000e+01]
 [ 6.6613180e-02  6.2532558e-01  7.7737634e-01  1.6206000e+02]
 [ 9.9371246e-01  2.6150860e-02 -1.0588804e-01 -1.1708700e+03]
 [ 0.0000000e+00  0.0000000e+00  0.0000000e+00  1.0000000e+00]]
[+0003.48, +0101.77, -1121.14]
46, 64, 36
[[-8.4989700e-02  7.8055520e-01 -6.1909260e-01 -1.5530000e+01]
 [ 6.5109600e-02  6.2448408e-01  7.7826676e-01  1.6197000e+02]
 [ 9.9413420e-01  2.5922760e-02 -1.0385778e-01 -1.1708300e+03]
 [ 0.0000000e+00  0.0000000e+00  0.0000000e+00  1.0000000e+00]]
[-0032.36, +0027.94, -1053.29]
112, 134, 88
[[-8.6486920e-02  7.7921022e-01 -6.2026134e-01 -1.5760000e+01]
 [ 6.4243020e-02  6.2598268e-01  7.7704734e-01  1.6202000e+02]
 [ 9.9386394e-01  2.7589260e-02 -1.0409524e-01 -1.1708900e+03]
 [ 0.0000000e+00  0.0000000e+00  0.0000000e+00  1.0000000e+00]]
[-0018.10, +0034.77, -1081.18]
90, 154, 80
[[-8.6367540e-02  7.7991456e-01 -6.1963660e-01 -1.5640000e+01]
 [ 6.5425600e-02  6.2522496e-01  7.7762544e-01  1.6200000e+02]
 [ 9.9394956e-01  2.6741600e-02 -1.0497234e-01 -1.1708300e+03]
 [ 0.0000000e+00  0.0000000e+00  0.0000000e+00  1.0000000e+00]]
[+0000.92, +0004.13, -1095.04]
65, 29, 138
[[-8.6126120e-02  7.8084600e-01 -6.1840452e-01 -1.5530000e+01]
 [ 6.4800600e-02  6.2401196e-01  7.7862600e-01  1.6183000e+02]
 [ 9.9395448e-01  2.7149400e-02 -1.0427092e-01 -1.1707700e+03]
 [ 0.0000000e+00  0.0000000e+00  0.0000000e+00  1.0000000e+00]]
[-0139.60, +0030.12, -1128.87]
108, 68, 136
[[-8.6545380e-02  7.8038784e-01 -6.1875136e-01 -1.5640000e+01]
 [ 6.4701440e-02  6.2450808e-01  7.7818908e-01  1.6185000e+02]
 [ 9.9381696e-01  2.7556120e-02 -1.0443330e-01 -1.1708200e+03]
 [ 0.0000000e+00  0.0000000e+00  0.0000000e+00  1.0000000e+00]]
[-0109.81, +0050.07, -1100.76]
136, 121, 136
[[-8.6875920e-02  7.8017236e-01 -6.1916676e-01 -1.5730000e+01]
 [ 6.5562840e-02  6.2486070e-01  7.7788622e-01  1.6189000e+02]
 [ 9.9385004e-01  2.7139380e-02 -1.0536738e-01 -1.1708700e+03]
 [ 0.0000000e+00  0.0000000e+00  0.0000000e+00  1.0000000e+00]]
[-0067.25, +0047.85, -1087.83]
71, 52, 38
[[-8.5677200e-02  7.8168996e-01 -6.1755768e-01 -1.5450000e+01]
 [ 6.4926360e-02  6.2302456e-01  7.7944896e-01  1.6181000e+02]
 [ 9.9408312e-01  2.6775360e-02 -1.0409120e-01 -1.1708500e+03]
 [ 0.0000000e+00  0.0000000e+00  0.0000000e+00  1.0000000e+00]]
[-0040.89, +0066.61, -1059.43]
153, 76, 61
[[-8.6336800e-02  7.8066096e-01 -6.1849408e-01 -1.5640000e+01]
 [ 6.6170880e-02  6.2423280e-01  7.7830224e-01  1.6186000e+02]
 [ 9.9377456e-01  2.6484480e-02 -1.0545616e-01 -1.1708600e+03]
 [ 0.0000000e+00  0.0000000e+00  0.0000000e+00  1.0000000e+00]]
[-0033.28, +0109.42, -1112.70]
117, 56, 145
[[-8.6395540e-02  7.8098368e-01 -6.1832968e-01 -1.5590000e+01]
 [ 6.5057920e-02  6.2388638e-01  7.7874272e-01  1.6179000e+02]
 [ 9.9399928e-01  2.7152320e-02 -1.0466592e-01 -1.1708200e+03]
 [ 0.0000000e+00  0.0000000e+00  0.0000000e+00  1.0000000e+00]]
[-0121.06, +0055.16, -1118.72]
26, 72, 149
[[-8.5288200e-02  7.8135786e-01 -6.1788982e-01 -1.5480000e+01]
 [ 6.4594220e-02  6.2339574e-01  7.7914074e-01  1.6179000e+02]
 [ 9.9405006e-01  2.6694580e-02 -1.0357050e-01 -1.1708100e+03]
 [ 0.0000000e+00  0.0000000e+00  0.0000000e+00  1.0000000e+00]]
[-0115.43, -0030.11, -1138.16]
113, 110, 25
[[-8.6365480e-02  7.8178886e-01 -6.1732114e-01 -1.5500000e+01]
 [ 6.5743540e-02  6.2289270e-01  7.7948162e-01  1.6184000e+02]
 [ 9.9396026e-01  2.6832580e-02 -1.0515082e-01 -1.1708900e+03]
 [ 0.0000000e+00  0.0000000e+00  0.0000000e+00  1.0000000e+00]]
[+0018.60, +0072.56, -1103.06]
140, 149, 59
[[-8.6156340e-02  7.8095398e-01 -6.1820100e-01 -1.5610000e+01]
 [ 6.5626500e-02  6.2387430e-01  7.7864980e-01  1.6187000e+02]
 [ 9.9385852e-01  2.6706360e-02 -1.0491720e-01 -1.1709100e+03]
 [ 0.0000000e+00  0.0000000e+00  0.0000000e+00  1.0000000e+00]]
[+0011.15, +0057.71, -1107.78]
61, 112, 50
[[-8.4570900e-02  7.8240750e-01 -6.1680290e-01 -1.5400000e+01]
 [ 6.4925420e-02  6.2215566e-01  7.8014310e-01  1.6177000e+02]
 [ 9.9417906e-01  2.6020580e-02 -1.0337460e-01 -1.1708500e+03]
 [ 0.0000000e+00  0.0000000e+00  0.0000000e+00  1.0000000e+00]]
[-0007.69, +0009.11, -1073.89]
37, 77, 71
[[-8.4930600e-02  7.8251222e-01 -6.1640486e-01 -1.5370000e+01]
 [ 6.4551620e-02  6.2192190e-01  7.8030106e-01  1.6173000e+02]
 [ 9.9403894e-01  2.6669860e-02 -1.0324866e-01 -1.1708200e+03]
 [ 0.0000000e+00  0.0000000e+00  0.0000000e+00  1.0000000e+00]]
[-0059.73, -0008.33, -1065.77]
120, 145, 59
[[-8.6365480e-02  7.8178886e-01 -6.1732114e-01 -1.5550000e+01]
 [ 6.5743540e-02  6.2289270e-01  7.7948162e-01  1.6182000e+02]
 [ 9.9396026e-01  2.6832580e-02 -1.0515082e-01 -1.1708700e+03]
 [ 0.0000000e+00  0.0000000e+00  0.0000000e+00  1.0000000e+00]]
[+0012.95, +0045.27, -1099.87]
104, 94, 71
[[-8.5527720e-02  7.8216546e-01 -6.1686626e-01 -1.5440000e+01]
 [ 6.5402060e-02  6.2240142e-01  7.7987658e-01  1.6175000e+02]
 [ 9.9399666e-01  2.6497220e-02 -1.0432530e-01 -1.1708000e+03]
 [ 0.0000000e+00  0.0000000e+00  0.0000000e+00  1.0000000e+00]]
[-0036.82, +0055.99, -1071.82]
140, 73, 112
[[-8.6695200e-02  7.8226408e-01 -6.1675224e-01 -1.5560000e+01]
 [ 6.5142480e-02  6.2229360e-01  7.8003224e-01  1.6167000e+02]
 [ 9.9402056e-01  2.7509040e-02 -1.0488144e-01 -1.1708600e+03]
 [ 0.0000000e+00  0.0000000e+00  0.0000000e+00  1.0000000e+00]]
[-0083.03, +0086.19, -1101.32]
142, 57, 36
[[-8.6036660e-02  7.8276654e-01 -6.1608168e-01 -1.5440000e+01]
 [ 6.6004020e-02  6.2165774e-01  7.8043224e-01  1.6167000e+02]
 [ 9.9394344e-01  2.6599920e-02 -1.0509856e-01 -1.1708700e+03]
 [ 0.0000000e+00  0.0000000e+00  0.0000000e+00  1.0000000e+00]]
[-0025.73, +0119.09, -1119.49]
106, 99, 118
[[-8.5348900e-02  7.8253310e-01 -6.1637810e-01 -1.5460000e+01]
 [ 6.5051740e-02  6.2191590e-01  7.8028018e-01  1.6162000e+02]
 [ 9.9400618e-01  2.6661500e-02 -1.0391284e-01 -1.1708100e+03]
 [ 0.0000000e+00  0.0000000e+00  0.0000000e+00  1.0000000e+00]]
[-0077.06, +0033.24, -1080.09]
86, 122, 31
[[-8.5021600e-02  7.8356988e-01 -6.1527244e-01 -1.5380000e+01]
 [ 6.5251320e-02  6.2067942e-01  7.8129324e-01  1.6162000e+02]
 [ 9.9412484e-01  2.6364840e-02 -1.0386202e-01 -1.1708600e+03]
 [ 0.0000000e+00  0.0000000e+00  0.0000000e+00  1.0000000e+00]]
[+0020.59, +0036.68, -1092.64]
66, 31, 73
[[-8.6011860e-02  7.8376672e-01 -6.1479034e-01 -1.5450000e+01]
 [ 6.4373440e-02  6.2033664e-01  7.8161248e-01  1.6154000e+02]
 [ 9.9403898e-01  2.7780160e-02 -1.0375266e-01 -1.1707900e+03]
 [ 0.0000000e+00  0.0000000e+00  0.0000000e+00  1.0000000e+00]]
[-0100.45, +0059.03, -1072.21]
88, 59, 109
[[-8.6338320e-02  7.8335736e-01 -6.1513204e-01 -1.5540000e+01]
 [ 6.5161040e-02  6.2081760e-01  7.8112848e-01  1.6152000e+02]
 [ 9.9387636e-01  2.7548320e-02 -1.0456008e-01 -1.1708100e+03]
 [ 0.0000000e+00  0.0000000e+00  0.0000000e+00  1.0000000e+00]]
[-0103.21, +0047.43, -1085.19]
117, 35, 74
[[-8.6040400e-02  7.8366504e-01 -6.1484132e-01 -1.5370000e+01]
 [ 6.4870320e-02  6.2045110e-01  7.8146004e-01  1.6147000e+02]
 [ 9.9395804e-01  2.7514680e-02 -1.0414786e-01 -1.1707900e+03]
 [ 0.0000000e+00  0.0000000e+00  0.0000000e+00  1.0000000e+00]]
[-0083.02, +0104.48, -1101.62]
114, 93, 112
[[-8.6458500e-02  7.8313320e-01 -6.1538390e-01 -1.5430000e+01]
 [ 6.4577600e-02  6.2107548e-01  7.8096744e-01  1.6152000e+02]
 [ 9.9389370e-01  2.7978560e-02 -1.0418202e-01 -1.1707900e+03]
 [ 0.0000000e+00  0.0000000e+00  0.0000000e+00  1.0000000e+00]]
[-0074.70, +0049.42, -1080.27]
91, 41, 141
[[-8.6160660e-02  7.8323208e-01 -6.1534808e-01 -1.5400000e+01]
 [ 6.3957680e-02  6.2096094e-01  7.8112272e-01  1.6145000e+02]
 [ 9.9398952e-01  2.8121120e-02 -1.0351776e-01 -1.1708000e+03]
 [ 0.0000000e+00  0.0000000e+00  0.0000000e+00  1.0000000e+00]]
[-0132.18, +0044.07, -1123.33]
152, 54, 38
[[-8.6338320e-02  7.8349196e-01 -6.1507196e-01 -1.5430000e+01]
 [ 6.5295640e-02  6.2069150e-01  7.8124802e-01  1.6154000e+02]
 [ 9.9393644e-01  2.7428780e-02 -1.0468618e-01 -1.1708600e+03]
 [ 0.0000000e+00  0.0000000e+00  0.0000000e+00  1.0000000e+00]]
[-0029.59, +0121.79, -1128.56]
53, 114, 34
[[-8.5204800e-02  7.8431016e-01 -6.1426528e-01 -1.5260000e+01]
 [ 6.4796560e-02  6.1970574e-01  7.8209304e-01  1.6148000e+02]
 [ 9.9411552e-01  2.6938640e-02 -1.0357650e-01 -1.1708100e+03]
 [ 0.0000000e+00  0.0000000e+00  0.0000000e+00  1.0000000e+00]]
[+0010.28, +0006.31, -1081.54]
145, 102, 29
[[-8.5622500e-02  7.8398766e-01 -6.1455338e-01 -1.5370000e+01]
 [ 6.4833540e-02  6.2007852e-01  7.8177654e-01  1.6150000e+02]
 [ 9.9403678e-01  2.7226740e-02 -1.0386202e-01 -1.1708600e+03]
 [ 0.0000000e+00  0.0000000e+00  0.0000000e+00  1.0000000e+00]]
[+0007.50, +0094.80, -1120.68]
134, 123, 119
[[-8.6578720e-02  7.8353632e-01 -6.1487136e-01 -1.5410000e+01]
 [ 6.4982080e-02  6.2057720e-01  7.8133464e-01  1.6148000e+02]
 [ 9.9386784e-01  2.7880560e-02 -1.0456008e-01 -1.1708100e+03]
 [ 0.0000000e+00  0.0000000e+00  0.0000000e+00  1.0000000e+00]]
[-0054.42, +0045.81, -1083.46]
69, 79, 36
[[-8.4462600e-02  7.8463886e-01 -6.1381498e-01 -1.5220000e+01]
 [ 6.3567700e-02  6.1922990e-01  7.8253390e-01  1.6143000e+02]
 [ 9.9417610e-01  2.7239980e-02 -1.0210594e-01 -1.1708500e+03]
 [ 0.0000000e+00  0.0000000e+00  0.0000000e+00  1.0000000e+00]]
[-0016.14, +0045.04, -1063.03]
68, 66, 56
[[-8.5417460e-02  7.8453072e-01 -6.1381890e-01 -1.5260000e+01]
 [ 6.4180800e-02  6.1935040e-01  7.8238800e-01  1.6143000e+02]
 [ 9.9405378e-01  2.7599040e-02 -1.0318130e-01 -1.1708100e+03]
 [ 0.0000000e+00  0.0000000e+00  0.0000000e+00  1.0000000e+00]]
[-0049.43, +0043.67, -1058.61]
76, 43, 43
[[-8.5658500e-02  7.8470960e-01 -6.1355820e-01 -1.5240000e+01]
 [ 6.4001920e-02  6.1910936e-01  7.8259380e-01  1.6140000e+02]
 [ 9.9404556e-01  2.7931080e-02 -1.0318130e-01 -1.1707900e+03]
 [ 0.0000000e+00  0.0000000e+00  0.0000000e+00  1.0000000e+00]]
[-0055.10, +0076.66, -1063.35]
113, 39, 117
[[-8.6642100e-02  7.8421674e-01 -6.1406212e-01 -1.5400000e+01]
 [ 6.4587740e-02  6.1972326e-01  7.8206316e-01  1.6134000e+02]
 [ 9.9392988e-01  2.8257160e-02 -1.0427400e-01 -1.1707900e+03]
 [ 0.0000000e+00  0.0000000e+00  0.0000000e+00  1.0000000e+00]]
[-0115.82, +0077.74, -1113.90]
58, 31, 84
[[-8.5361940e-02  7.8488280e-01 -6.1332726e-01 -1.5230000e+01]
 [ 6.3576240e-02  6.1886816e-01  7.8280520e-01  1.6133000e+02]
 [ 9.9406710e-01  2.8016240e-02 -1.0264354e-01 -1.1708200e+03]
 [ 0.0000000e+00  0.0000000e+00  0.0000000e+00  1.0000000e+00]]
[-0111.27, +0044.58, -1076.84]
87, 151, 45
[[-8.6613960e-02  7.8481030e-01 -6.1330634e-01 -1.5290000e+01]
 [ 6.4944340e-02  6.1897734e-01  7.8262370e-01  1.6138000e+02]
 [ 9.9390850e-01  2.8114340e-02 -1.0450986e-01 -1.1708300e+03]
 [ 0.0000000e+00  0.0000000e+00  0.0000000e+00  1.0000000e+00]]
[+0024.09, +0017.82, -1106.97]
67, 41, 41
[[-8.5280160e-02  7.8609620e-01 -6.1195844e-01 -1.5140000e+01]
 [ 6.3596440e-02  6.1738544e-01  7.8402140e-01  1.6125000e+02]
 [ 9.9418100e-01  2.8050440e-02 -1.0259536e-01 -1.1707800e+03]
 [ 0.0000000e+00  0.0000000e+00  0.0000000e+00  1.0000000e+00]]
[-0057.00, +0068.67, -1058.54]
146, 44, 49
[[-8.6437620e-02  7.8559422e-01 -6.1230734e-01 -1.5300000e+01]
 [ 6.5252780e-02  6.1798350e-01  7.8337746e-01  1.6121000e+02]
 [ 9.9389166e-01  2.7926540e-02 -1.0460388e-01 -1.1708100e+03]
 [ 0.0000000e+00  0.0000000e+00  0.0000000e+00  1.0000000e+00]]
[-0047.06, +0122.54, -1123.38]
90, 149, 134
[[-8.6317000e-02  7.8498320e-01 -6.1307560e-01 -1.5300000e+01]
 [ 6.4518800e-02  6.1873622e-01  7.8283534e-01  1.6121000e+02]
 [ 9.9393040e-01  2.8199660e-02 -1.0397178e-01 -1.1707800e+03]
 [ 0.0000000e+00  0.0000000e+00  0.0000000e+00  1.0000000e+00]]
[-0051.66, -0014.09, -1095.32]
59, 109, 124
[[-8.4917700e-02  7.8566360e-01 -6.1234290e-01 -1.5150000e+01]
 [ 6.3760320e-02  6.1787436e-01  7.8356200e-01  1.6118000e+02]
 [ 9.9406526e-01  2.7703680e-02 -1.0246890e-01 -1.1708300e+03]
 [ 0.0000000e+00  0.0000000e+00  0.0000000e+00  1.0000000e+00]]
[-0077.75, -0017.40, -1091.79]
29, 61, 128
[[-8.4945000e-02  7.8583050e-01 -6.1227350e-01 -1.5090000e+01]
 [ 6.4526140e-02  6.1773630e-01  7.8364902e-01  1.6115000e+02]
 [ 9.9410502e-01  2.7199900e-02 -1.0311714e-01 -1.1707300e+03]
 [ 0.0000000e+00  0.0000000e+00  0.0000000e+00  1.0000000e+00]]
[-0116.59, -0021.95, -1114.37]
39, 153, 101
[[-8.5751460e-02  7.8557044e-01 -6.1234948e-01 -1.5160000e+01]
 [ 6.4628120e-02  6.1798934e-01  7.8340124e-01  1.6121000e+02]
 [ 9.9393964e-01  2.7809720e-02 -1.0367056e-01 -1.1708100e+03]
 [ 0.0000000e+00  0.0000000e+00  0.0000000e+00  1.0000000e+00]]
[-0025.86, -0043.18, -1119.02]
144, 37, 88
[[-8.5844820e-02  7.8628252e-01 -6.1152984e-01 -1.5220000e+01]
 [ 6.4864920e-02  6.1712088e-01  7.8409544e-01  1.6109000e+02]
 [ 9.9398264e-01  2.7801360e-02 -1.0390794e-01 -1.1708200e+03]
 [ 0.0000000e+00  0.0000000e+00  0.0000000e+00  1.0000000e+00]]
[-0083.50, +0112.30, -1124.47]
134, 97, 54
[[-8.6059520e-02  7.8697920e-01 -6.1070688e-01 -1.5110000e+01]
 [ 6.4848000e-02  6.1625726e-01  7.8480420e-01  1.6106000e+02]
 [ 9.9402912e-01  2.8047000e-02 -1.0401922e-01 -1.1707900e+03]
 [ 0.0000000e+00  0.0000000e+00  0.0000000e+00  1.0000000e+00]]
[-0013.08, +0083.84, -1094.13]
96, 26, 30
[[-8.5295140e-02  7.8782452e-01 -6.0969414e-01 -1.4970000e+01]
 [ 6.3779240e-02  6.1515596e-01  7.8574692e-01  1.6097000e+02]
 [ 9.9414618e-01  2.8258440e-02 -1.0266074e-01 -1.1707900e+03]
 [ 0.0000000e+00  0.0000000e+00  0.0000000e+00  1.0000000e+00]]
[-0052.96, +0109.53, -1085.75]
128, 103, 56
[[-8.6597200e-02  7.8677660e-01 -6.1093220e-01 -1.5180000e+01]
 [ 6.4766360e-02  6.1651070e-01  7.8462302e-01  1.6106000e+02]
 [ 9.9401252e-01  2.8470100e-02 -1.0430346e-01 -1.1707700e+03]
 [ 0.0000000e+00  0.0000000e+00  0.0000000e+00  1.0000000e+00]]
[-0010.47, +0079.25, -1091.57]
94, 148, 79
[[-8.5132360e-02  7.8664282e-01 -6.1107034e-01 -1.5100000e+01]
 [ 6.4266740e-02  6.1663164e-01  7.8450298e-01  1.6105000e+02]
 [ 9.9402398e-01  2.7716660e-02 -1.0295956e-01 -1.1707700e+03]
 [ 0.0000000e+00  0.0000000e+00  0.0000000e+00  1.0000000e+00]]
[-0003.20, +0008.18, -1090.58]
89, 135, 149
[[-8.5911720e-02  7.8654482e-01 -6.1122974e-01 -1.5130000e+01]
 [ 6.3811820e-02  6.1676958e-01  7.8447094e-01  1.6099000e+02]
 [ 9.9407374e-01  2.8528060e-02 -1.0311714e-01 -1.1707600e+03]
 [ 0.0000000e+00  0.0000000e+00  0.0000000e+00  1.0000000e+00]]
[-0077.02, -0011.42, -1099.76]
110, 74, 108
[[-8.5522000e-02  7.8710776e-01 -6.1067632e-01 -1.5100000e+01]
 [ 6.4734640e-02  6.1613048e-01  7.8492944e-01  1.6099000e+02]
 [ 9.9411952e-01  2.7679840e-02 -1.0360848e-01 -1.1707700e+03]
 [ 0.0000000e+00  0.0000000e+00  0.0000000e+00  1.0000000e+00]]
[-0084.85, +0061.20, -1083.39]
60, 103, 29
[[-8.4663060e-02  7.8779242e-01 -6.0991236e-01 -1.4960000e+01]
 [ 6.4221540e-02  6.1526574e-01  7.8564932e-01  1.6099000e+02]
 [ 9.9422612e-01  2.7429240e-02 -1.0264596e-01 -1.1707600e+03]
 [ 0.0000000e+00  0.0000000e+00  0.0000000e+00  1.0000000e+00]]
[+0009.00, +0021.10, -1076.25]
100, 27, 81
[[-8.5806280e-02  7.8773690e-01 -6.0953946e-01 -1.5030000e+01]
 [ 6.3456500e-02  6.1516700e-01  7.8571050e-01  1.6090000e+02]
 [ 9.9400254e-01  2.8953300e-02 -1.0267572e-01 -1.1707300e+03]
 [ 0.0000000e+00  0.0000000e+00  0.0000000e+00  1.0000000e+00]]
[-0100.39, +0091.79, -1097.18]
27, 31, 106
[[-8.4489640e-02  7.8802394e-01 -6.0948302e-01 -1.4950000e+01]
 [ 6.3736180e-02  6.1490220e-01  7.8593086e-01  1.6091000e+02]
 [ 9.9417754e-01  2.7710780e-02 -1.0210900e-01 -1.1707200e+03]
 [ 0.0000000e+00  0.0000000e+00  0.0000000e+00  1.0000000e+00]]
[-0130.36, -0001.13, -1101.64]
47, 153, 94
[[-8.5226640e-02  7.8750176e-01 -6.0986044e-01 -1.5030000e+01]
 [ 6.4892960e-02  6.1550790e-01  7.8530852e-01  1.6099000e+02]
 [ 9.9392036e-01  2.7596120e-02 -1.0345170e-01 -1.1707500e+03]
 [ 0.0000000e+00  0.0000000e+00  0.0000000e+00  1.0000000e+00]]
[-0019.36, -0036.10, -1111.47]
60, 147, 72
[[-8.4931600e-02  7.8794276e-01 -6.0950788e-01 -1.4970000e+01]
 [ 6.4735240e-02  6.1501182e-01  7.8575834e-01  1.6098000e+02]
 [ 9.9406388e-01  2.7441340e-02 -1.0316842e-01 -1.1707600e+03]
 [ 0.0000000e+00  0.0000000e+00  0.0000000e+00  1.0000000e+00]]
[-0004.90, -0016.03, -1097.73]
34, 140, 59
[[-8.4758100e-02  7.8823464e-01 -6.0921278e-01 -1.4880000e+01]
 [ 6.4189360e-02  6.1464828e-01  7.8610344e-01  1.6096000e+02]
 [ 9.9414978e-01  2.7659440e-02 -1.0263138e-01 -1.1707800e+03]
 [ 0.0000000e+00  0.0000000e+00  0.0000000e+00  1.0000000e+00]]
[-0003.01, -0030.73, -1106.06]
123, 136, 80
[[-8.5347700e-02  7.8775548e-01 -6.0973644e-01 -1.5060000e+01]
 [ 6.4907880e-02  6.1525990e-01  7.8556224e-01  1.6098000e+02]
 [ 9.9404436e-01  2.7611040e-02 -1.0357864e-01 -1.1707900e+03]
 [ 0.0000000e+00  0.0000000e+00  0.0000000e+00  1.0000000e+00]]
[-0012.63, +0049.08, -1086.80]
54, 97, 47
[[-8.4758100e-02  7.8844250e-01 -6.0895730e-01 -1.4890000e+01]
 [ 6.4518460e-02  6.1439420e-01  7.8627878e-01  1.6093000e+02]
 [ 9.9413678e-01  2.7484100e-02 -1.0288546e-01 -1.1707500e+03]
 [ 0.0000000e+00  0.0000000e+00  0.0000000e+00  1.0000000e+00]]
[-0016.00, +0010.23, -1066.83]
147, 91, 38
[[-8.5200180e-02  7.8794570e-01 -6.0949300e-01 -1.5090000e+01]
 [ 6.4859300e-02  6.1501182e-01  7.8575540e-01  1.6098000e+02]
 [ 9.9404900e-01  2.7565400e-02 -1.0343700e-01 -1.1708000e+03]
 [ 0.0000000e+00  0.0000000e+00  0.0000000e+00  1.0000000e+00]]
[-0005.11, +0101.62, -1116.07]
137, 110, 104
[[-8.6933640e-02  7.8760552e-01 -6.0971612e-01 -1.5130000e+01]
 [ 6.4886120e-02  6.1539836e-01  7.8545848e-01  1.6096000e+02]
 [ 9.9391448e-01  2.8857880e-02 -1.0454164e-01 -1.1707300e+03]
 [ 0.0000000e+00  0.0000000e+00  0.0000000e+00  1.0000000e+00]]
[-0051.15, +0063.46, -1084.40]
59, 91, 122
[[-8.5953600e-02  7.8762024e-01 -6.0958792e-01 -1.5030000e+01]
 [ 6.3699920e-02  6.1528830e-01  7.8557346e-01  1.6091000e+02]
 [ 9.9392424e-01  2.8943020e-02 -1.0294434e-01 -1.1707300e+03]
 [ 0.0000000e+00  0.0000000e+00  0.0000000e+00  1.0000000e+00]]
[-0092.77, -0009.67, -1090.47]
73, 75, 113
[[-8.5563720e-02  7.8790100e-01 -6.0948436e-01 -1.5020000e+01]
 [ 6.4098200e-02  6.1502910e-01  7.8580010e-01  1.6091000e+02]
 [ 9.9405764e-01  2.8326500e-02 -1.0305618e-01 -1.1707300e+03]
 [ 0.0000000e+00  0.0000000e+00  0.0000000e+00  1.0000000e+00]]
[-0095.84, +0019.27, -1080.53]
88, 151, 143
[[-8.6449320e-02  7.8675872e-01 -6.1094440e-01 -1.5240000e+01]
 [ 6.4388720e-02  6.1651638e-01  7.8464090e-01  1.6096000e+02]
 [ 9.9403040e-01  2.8600100e-02 -1.0390794e-01 -1.1707900e+03]
 [ 0.0000000e+00  0.0000000e+00  0.0000000e+00  1.0000000e+00]]
[-0057.95, -0016.62, -1100.29]
43, 63, 121
[[-8.4636880e-02  7.8817580e-01 -6.0941052e-01 -1.4960000e+01]
 [ 6.4248200e-02  6.1476950e-01  7.8603270e-01  1.6089000e+02]
 [ 9.9422052e-01  2.7461700e-02 -1.0263138e-01 -1.1707600e+03]
 [ 0.0000000e+00  0.0000000e+00  0.0000000e+00  1.0000000e+00]]
[-0111.89, -0008.77, -1098.24]
26, 40, 152
[[-8.4905380e-02  7.8770226e-01 -6.0977238e-01 -1.4990000e+01]
 [ 6.3774660e-02  6.1527718e-01  7.8561546e-01  1.6083000e+02]
 [ 9.9409758e-01  2.8000140e-02 -1.0239220e-01 -1.1707300e+03]
 [ 0.0000000e+00  0.0000000e+00  0.0000000e+00  1.0000000e+00]]
[-0134.94, -0012.34, -1150.22]
109, 97, 134
[[-8.5226640e-02  7.8735416e-01 -6.1025012e-01 -1.5140000e+01]
 [ 6.4503280e-02  6.1576166e-01  7.8519656e-01  1.6091000e+02]
 [ 9.9406796e-01  2.7708080e-02 -1.0319794e-01 -1.1708100e+03]
 [ 0.0000000e+00  0.0000000e+00  0.0000000e+00  1.0000000e+00]]
[-0088.40, +0036.79, -1087.65]
65, 66, 102
[[-8.4663060e-02  7.8786612e-01 -6.0971754e-01 -1.5010000e+01]
 [ 6.4416360e-02  6.1513880e-01  7.8570532e-01  1.6087000e+02]
 [ 9.9415242e-01  2.7373240e-02 -1.0277290e-01 -1.1707700e+03]
 [ 0.0000000e+00  0.0000000e+00  0.0000000e+00  1.0000000e+00]]
[-0094.51, +0020.22, -1075.45]
63, 56, 25
[[-8.5295140e-02  7.8803246e-01 -6.0943862e-01 -1.5010000e+01]
 [ 6.4108420e-02  6.1490220e-01  7.8592234e-01  1.6084000e+02]
 [ 9.9413314e-01  2.8083020e-02 -1.0291450e-01 -1.1707700e+03]
 [ 0.0000000e+00  0.0000000e+00  0.0000000e+00  1.0000000e+00]]
[-0024.77, +0059.62, -1057.98]
154, 97, 25
[[-8.6449320e-02  7.8717540e-01 -6.1043356e-01 -1.5240000e+01]
 [ 6.5047400e-02  6.1600950e-01  7.8499170e-01  1.6094000e+02]
 [ 9.9400356e-01  2.8249300e-02 -1.0441482e-01 -1.1708200e+03]
 [ 0.0000000e+00  0.0000000e+00  0.0000000e+00  1.0000000e+00]]
[+0005.12, +0099.37, -1129.17]
62, 41, 74
[[-8.6343560e-02  7.8766866e-01 -6.0970458e-01 -1.5110000e+01]
 [ 6.3509580e-02  6.1529374e-01  7.8564906e-01  1.6083000e+02]
 [ 9.9404634e-01  2.9257380e-02 -1.0308626e-01 -1.1707500e+03]
 [ 0.0000000e+00  0.0000000e+00  0.0000000e+00  1.0000000e+00]]
[-0093.54, +0046.18, -1066.76]
39, 110, 85
[[-8.5737460e-02  7.8740100e-01 -6.1003460e-01 -1.5100000e+01]
 [ 6.4314600e-02  6.1564632e-01  7.8527952e-01  1.6087000e+02]
 [ 9.9398500e-01  2.8283520e-02 -1.0333978e-01 -1.1707300e+03]
 [ 0.0000000e+00  0.0000000e+00  0.0000000e+00  1.0000000e+00]]
[-0045.68, -0028.17, -1083.90]
110, 104, 70
[[-8.4837000e-02  7.8729230e-01 -6.1046270e-01 -1.5140000e+01]
 [ 6.4438300e-02  6.1588268e-01  7.8512858e-01  1.6089000e+02]
 [ 9.9415370e-01  2.7386420e-02 -1.0292932e-01 -1.1707900e+03]
 [ 0.0000000e+00  0.0000000e+00  0.0000000e+00  1.0000000e+00]]
[-0025.83, +0059.07, -1076.57]
114, 84, 67
[[-8.5616360e-02  7.8741594e-01 -6.1003746e-01 -1.5130000e+01]
 [ 6.4568340e-02  6.1564060e-01  7.8526458e-01  1.6089000e+02]
 [ 9.9398214e-01  2.8029780e-02 -1.0346660e-01 -1.1707900e+03]
 [ 0.0000000e+00  0.0000000e+00  0.0000000e+00  1.0000000e+00]]
[-0038.30, +0076.93, -1078.33]
41, 111, 85
[[-8.5953600e-02  7.8739920e-01 -6.1017280e-01 -1.5120000e+01]
 [ 6.3115040e-02  6.1566840e-01  7.8540528e-01  1.6086000e+02]
 [ 9.9414528e-01  2.9111200e-02 -1.0256424e-01 -1.1708000e+03]
 [ 0.0000000e+00  0.0000000e+00  0.0000000e+00  1.0000000e+00]]
[-0044.42, -0026.95, -1083.56]
35, 27, 102
[[-8.4610900e-02  7.8774076e-01 -6.0960148e-01 -1.5080000e+01]
 [ 6.3214040e-02  6.1516152e-01  7.8570664e-01  1.6079000e+02]
 [ 9.9405908e-01  2.8203440e-02 -1.0172842e-01 -1.1707600e+03]
 [ 0.0000000e+00  0.0000000e+00  0.0000000e+00  1.0000000e+00]]
[-0131.55, +0011.98, -1097.16]
44, 96, 49
[[-8.5684980e-02  7.8788610e-01 -6.0948156e-01 -1.5160000e+01]
 [ 6.3844500e-02  6.1503470e-01  7.8581500e-01  1.6087000e+02]
 [ 9.9406044e-01  2.8580200e-02 -1.0292932e-01 -1.1708600e+03]
 [ 0.0000000e+00  0.0000000e+00  0.0000000e+00  1.0000000e+00]]
[-0019.40, -0002.10, -1067.98]
91, 148, 28
[[-8.5858600e-02  7.8793660e-01 -6.0946020e-01 -1.5180000e+01]
 [ 6.4853720e-02  6.1501766e-01  7.8576450e-01  1.6096000e+02]
 [ 9.9402204e-01  2.8067220e-02 -1.0384730e-01 -1.1708800e+03]
 [ 0.0000000e+00  0.0000000e+00  0.0000000e+00  1.0000000e+00]]
[+0032.54, +0028.01, -1116.16]
39, 118, 81
[[-8.6144800e-02  7.8841756e-01 -6.0871308e-01 -1.5120000e+01]
 [ 6.3186200e-02  6.1430630e-01  7.8643320e-01  1.6083000e+02]
 [ 9.9405300e-01  2.9452080e-02 -1.0266074e-01 -1.1708400e+03]
 [ 0.0000000e+00  0.0000000e+00  0.0000000e+00  1.0000000e+00]]
[-0036.97, -0028.81, -1087.24]
136, 36, 146
[[-8.8468020e-02  7.8829494e-01 -6.0849626e-01 -1.5380000e+01]
 [ 6.5115140e-02  6.1441692e-01  7.8617802e-01  1.6052000e+02]
 [ 9.9369846e-01  3.0115580e-02 -1.0560210e-01 -1.1708400e+03]
 [ 0.0000000e+00  0.0000000e+00  0.0000000e+00  1.0000000e+00]]
[-0120.34, +0076.45, -1137.93]
84, 35, 45
[[-8.5654120e-02  7.9099820e-01 -6.0544180e-01 -1.4940000e+01]
 [ 6.5070200e-02  6.1103750e-01  7.8882610e-01  1.6040000e+02]
 [ 9.9398380e-01  2.8330100e-02 -1.0373562e-01 -1.1708300e+03]
 [ 0.0000000e+00  0.0000000e+00  0.0000000e+00  1.0000000e+00]]
[-0063.60, +0087.37, -1070.92]
76, 63, 149
[[-8.7118240e-02  7.9003268e-01 -6.0644892e-01 -1.5110000e+01]
 [ 6.3988120e-02  6.1218968e-01  7.8800928e-01  1.6039000e+02]
 [ 9.9390012e-01  3.0024480e-02 -1.0380392e-01 -1.1708100e+03]
 [ 0.0000000e+00  0.0000000e+00  0.0000000e+00  1.0000000e+00]]
[-0127.31, +0015.90, -1117.36]
88, 27, 26
[[-8.6410020e-02  7.9114844e-01 -6.0515936e-01 -1.4950000e+01]
 [ 6.4510760e-02  6.1080510e-01  7.8905788e-01  1.6036000e+02]
 [ 9.9396784e-01  2.9293720e-02 -1.0374888e-01 -1.1708300e+03]
 [ 0.0000000e+00  0.0000000e+00  0.0000000e+00  1.0000000e+00]]
[-0049.54, +0106.41, -1080.24]
111, 78, 131
[[-8.7290100e-02  7.8987580e-01 -6.0668290e-01 -1.5200000e+01]
 [ 6.4668040e-02  6.1242780e-01  7.8778372e-01  1.6041000e+02]
 [ 9.9387422e-01  2.9687800e-02 -1.0446834e-01 -1.1708400e+03]
 [ 0.0000000e+00  0.0000000e+00  0.0000000e+00  1.0000000e+00]]
[-0103.60, +0048.71, -1095.17]
45, 77, 45
[[-8.5458720e-02  7.9118344e-01 -6.0535056e-01 -1.4950000e+01]
 [ 6.3697440e-02  6.1081062e-01  7.8914762e-01  1.6038000e+02]
 [ 9.9416456e-01  2.8984380e-02 -1.0254810e-01 -1.1709000e+03]
 [ 0.0000000e+00  0.0000000e+00  0.0000000e+00  1.0000000e+00]]
[-0031.54, +0011.90, -1058.29]
83, 127, 119
[[-8.6727880e-02  7.9017932e-01 -6.0640580e-01 -1.5100000e+01]
 [ 6.4251320e-02  6.1205702e-01  7.8811610e-01  1.6036000e+02]
 [ 9.9397340e-01  2.9527300e-02 -1.0378986e-01 -1.1707900e+03]
 [ 0.0000000e+00  0.0000000e+00  0.0000000e+00  1.0000000e+00]]
[-0059.35, -0002.60, -1083.62]
47, 140, 60
[[-8.4946580e-02  7.9121034e-01 -6.0537096e-01 -1.4860000e+01]
 [ 6.4079460e-02  6.1079950e-01  7.8912072e-01  1.6038000e+02]
 [ 9.9417384e-01  2.8352880e-02 -1.0253492e-01 -1.1708500e+03]
 [ 0.0000000e+00  0.0000000e+00  0.0000000e+00  1.0000000e+00]]
[+0000.26, -0023.89, -1101.11]
51, 33, 45
[[-8.5293940e-02  7.9302694e-01 -6.0285376e-01 -1.4460000e+01]
 [ 6.2569340e-02  6.0833310e-01  7.9112032e-01  1.6021000e+02]
 [ 9.9418784e-01  2.9909120e-02 -1.0143700e-01 -1.1707200e+03]
 [ 0.0000000e+00  0.0000000e+00  0.0000000e+00  1.0000000e+00]]
[-0073.52, +0053.18, -1054.41]
110, 37, 40
[[-8.641250e-02  7.928343e-01 -6.028974e-01 -1.453000e+01]
 [ 6.406470e-02  6.085675e-01  7.908066e-01  1.602300e+02]
 [ 9.939654e-01  2.988540e-02 -1.033010e-01 -1.170730e+03]
 [ 0.000000e+00  0.000000e+00  0.000000e+00  1.000000e+00]]
[-0049.48, +0111.18, -1093.37]
63, 37, 43
[[-8.5584900e-02  7.9292780e-01 -6.0289060e-01 -1.4510000e+01]
 [ 6.3191960e-02  6.0845040e-01  7.9096628e-01  1.6021000e+02]
 [ 9.9409172e-01  2.9772200e-02 -1.0210074e-01 -1.1707600e+03]
 [ 0.0000000e+00  0.0000000e+00  0.0000000e+00  1.0000000e+00]]
[-0064.33, +0065.47, -1057.88]
150, 153, 30
[[-8.3096820e-02  7.9216880e-01 -6.0426980e-01 -1.4520000e+01]
 [ 6.8624800e-02  6.0969350e-01  7.8956480e-01  1.6057000e+02]
 [ 9.9396380e-01  2.4300800e-02 -1.0495432e-01 -1.1710200e+03]
 [ 0.0000000e+00  0.0000000e+00  0.0000000e+00  1.0000000e+00]]
[+0022.83, +0062.87, -1126.69]
99, 35, 42
[[-8.4314880e-02  7.9660944e-01 -5.9829088e-01 -1.4010000e+01]
 [ 6.3199840e-02  6.0367608e-01  7.9463964e-01  1.5998000e+02]
 [ 9.9425568e-01  2.9321960e-02 -1.0118280e-01 -1.1707600e+03]
 [ 0.0000000e+00  0.0000000e+00  0.0000000e+00  1.0000000e+00]]
[-0059.79, +0099.41, -1081.60]
152, 109, 88
[[-8.4445200e-02  7.9578396e-01 -5.9919088e-01 -1.4170000e+01]
 [ 6.5599960e-02  6.0476574e-01  7.9356684e-01  1.6005000e+02]
 [ 9.9398112e-01  2.7920840e-02 -1.0317450e-01 -1.1707800e+03]
 [ 0.0000000e+00  0.0000000e+00  0.0000000e+00  1.0000000e+00]]
[-0034.13, +0082.69, -1095.49]
72, 128, 77
[[-8.3822400e-02  7.9666824e-01 -5.9830192e-01 -1.3990000e+01]
 [ 6.4211120e-02  6.0365400e-01  7.9458084e-01  1.5998000e+02]
 [ 9.9424464e-01  2.8310680e-02 -1.0169736e-01 -1.1708000e+03]
 [ 0.0000000e+00  0.0000000e+00  0.0000000e+00  1.0000000e+00]]
[-0019.34, -0002.19, -1080.42]
57, 78, 79
[[-8.2464160e-02  7.9716736e-01 -5.9780872e-01 -1.3790000e+01]
 [ 6.3741520e-02  6.0302150e-01  7.9509386e-01  1.5992000e+02]
 [ 9.9437824e-01  2.7593980e-02 -1.0047930e-01 -1.1707000e+03]
 [ 0.0000000e+00  0.0000000e+00  0.0000000e+00  1.0000000e+00]]
[-0066.20, +0010.84, -1064.57]
140, 131, 43
[[-8.4010440e-02  7.9634940e-01 -5.9845660e-01 -1.4070000e+01]
 [ 6.5451400e-02  6.0401118e-01  7.9414122e-01  1.6004000e+02]
 [ 9.9400140e-01  2.7781220e-02 -1.0275762e-01 -1.1708200e+03]
 [ 0.0000000e+00  0.0000000e+00  0.0000000e+00  1.0000000e+00]]
[+0013.07, +0070.16, -1112.65]
59, 46, 126
[[-8.4252420e-02  7.9733664e-01 -5.9729088e-01 -1.3890000e+01]
 [ 6.2621760e-02  6.0267896e-01  7.9543084e-01  1.5990000e+02]
 [ 9.9427392e-01  2.9765560e-02 -1.0063762e-01 -1.1707000e+03]
 [ 0.0000000e+00  0.0000000e+00  0.0000000e+00  1.0000000e+00]]
[-0130.18, +0017.66, -1106.92]
148, 99, 152
[[-8.5696020e-02  7.9662660e-01 -5.9806414e-01 -1.4130000e+01]
 [ 6.5153800e-02  6.0365400e-01  7.9449660e-01  1.5990000e+02]
 [ 9.9400686e-01  2.9256200e-02 -1.0357098e-01 -1.1708200e+03]
 [ 0.0000000e+00  0.0000000e+00  0.0000000e+00  1.0000000e+00]]
[-0094.56, +0060.03, -1105.52]
108, 25, 74
[[-8.3841160e-02  7.9834476e-01 -5.9603184e-01 -1.3760000e+01]
 [ 6.3762240e-02  6.0139612e-01  7.9631892e-01  1.5981000e+02]
 [ 9.9425484e-01  2.8897920e-02 -1.0126228e-01 -1.1707700e+03]
 [ 0.0000000e+00  0.0000000e+00  0.0000000e+00  1.0000000e+00]]
[-0093.09, +0098.62, -1099.87]
148, 49, 145
[[-8.8846800e-02  7.9732444e-01 -5.9674768e-01 -1.4250000e+01]
 [ 6.6150760e-02  6.0265752e-01  7.9519096e-01  1.5971000e+02]
 [ 9.9370928e-01  3.1278160e-02 -1.0624032e-01 -1.1708800e+03]
 [ 0.0000000e+00  0.0000000e+00  0.0000000e+00  1.0000000e+00]]
[-0111.65, +0080.28, -1131.45]
119, 88, 129
[[-8.3390100e-02  8.0010900e-01 -5.9376160e-01 -1.3390000e+01]
 [ 6.4955080e-02  5.9909784e-01  7.9796280e-01  1.5962000e+02]
 [ 9.9423744e-01  2.8095920e-02 -1.0187370e-01 -1.1706400e+03]
 [ 0.0000000e+00  0.0000000e+00  0.0000000e+00  1.0000000e+00]]
[-0090.04, +0047.62, -1088.89]
44, 60, 96
[[-8.2511680e-02  8.0065928e-01 -5.9287368e-01 -1.3210000e+01]
 [ 6.3231280e-02  5.9823662e-01  7.9867278e-01  1.5959000e+02]
 [ 9.9426168e-01  2.8655220e-02 -9.9875060e-02 -1.1705900e+03]
 [ 0.0000000e+00  0.0000000e+00  0.0000000e+00  1.0000000e+00]]
[-0098.75, +0001.80, -1076.33]
43, 55, 129
[[-8.2511680e-02  8.0058784e-01 -5.9306912e-01 -1.3250000e+01]
 [ 6.3035840e-02  5.9836608e-01  7.9861856e-01  1.5957000e+02]
 [ 9.9433312e-01  2.8709440e-02 -9.9745600e-02 -1.1706000e+03]
 [ 0.0000000e+00  0.0000000e+00  0.0000000e+00  1.0000000e+00]]
[-0126.06, -0005.37, -1110.92]
128, 73, 88
[[-8.3064580e-02  8.0034862e-01 -5.9348390e-01 -1.3320000e+01]
 [ 6.3396380e-02  5.9874342e-01  7.9835390e-01  1.5962000e+02]
 [ 9.9436510e-01  2.8812100e-02 -1.0041700e-01 -1.1706500e+03]
 [ 0.0000000e+00  0.0000000e+00  0.0000000e+00  1.0000000e+00]]
[-0063.03, +0086.74, -1088.72]
150, 69, 120
[[-8.4171940e-02  8.0015702e-01 -5.9353086e-01 -1.3400000e+01]
 [ 6.4898860e-02  5.9897990e-01  7.9804062e-01  1.5957000e+02]
 [ 9.9414198e-01  2.8799940e-02 -1.0227860e-01 -1.1705900e+03]
 [ 0.0000000e+00  0.0000000e+00  0.0000000e+00  1.0000000e+00]]
[-0088.48, +0089.79, -1111.40]
145, 86, 36
[[-8.1959300e-02  8.0150322e-01 -5.9201514e-01 -1.3120000e+01]
 [ 6.3599460e-02  5.9721094e-01  7.9946718e-01  1.5955000e+02]
 [ 9.9440658e-01  2.8022340e-02 -9.9852200e-02 -1.1706600e+03]
 [ 0.0000000e+00  0.0000000e+00  0.0000000e+00  1.0000000e+00]]
[-0006.55, +0100.33, -1113.69]
123, 33, 57
[[-8.3647560e-02  8.0165546e-01 -5.9135666e-01 -1.3110000e+01]
 [ 6.3432260e-02  5.9684940e-01  7.9969102e-01  1.5948000e+02]
 [ 9.9414814e-01  2.9629420e-02 -1.0066020e-01 -1.1705700e+03]
 [ 0.0000000e+00  0.0000000e+00  0.0000000e+00  1.0000000e+00]]
[-0067.64, +0110.39, -1102.94]
45, 98, 36
[[-8.2704500e-02  8.0210160e-01 -5.9103030e-01 -1.3040000e+01]
 [ 6.3267840e-02  5.9633600e-01  8.0012688e-01  1.5950000e+02]
 [ 9.9432438e-01  2.8963200e-02 -9.9981940e-02 -1.1705900e+03]
 [ 0.0000000e+00  0.0000000e+00  0.0000000e+00  1.0000000e+00]]
[-0005.67, +0002.33, -1070.60]
110, 127, 96
[[-8.4342900e-02  8.0115772e-01 -5.9221256e-01 -1.3270000e+01]
 [ 6.3647320e-02  5.9761080e-01  7.9918256e-01  1.5950000e+02]
 [ 9.9424264e-01  2.9833760e-02 -1.0133946e-01 -1.1705900e+03]
 [ 0.0000000e+00  0.0000000e+00  0.0000000e+00  1.0000000e+00]]
[-0033.90, +0032.10, -1077.83]
70, 48, 50
[[-8.2313460e-02  8.0231794e-01 -5.9078990e-01 -1.3030000e+01]
 [ 6.3721900e-02  5.9607084e-01  8.0028794e-01  1.5945000e+02]
 [ 9.9432706e-01  2.8411100e-02 -1.0010466e-01 -1.1705600e+03]
 [ 0.0000000e+00  0.0000000e+00  0.0000000e+00  1.0000000e+00]]
[-0060.01, +0060.81, -1059.53]
94, 35, 66
[[-8.2793160e-02  8.0209504e-01 -5.9085056e-01 -1.3080000e+01]
 [ 6.1948160e-02  5.9623262e-01  8.0025862e-01  1.5941000e+02]
 [ 9.9429536e-01  2.9916220e-02 -9.8929780e-02 -1.1705900e+03]
 [ 0.0000000e+00  0.0000000e+00  0.0000000e+00  1.0000000e+00]]
[-0082.78, +0089.55, -1082.45]
48, 102, 49
[[-8.3344420e-02  8.0233640e-01 -5.9055432e-01 -1.3060000e+01]
 [ 6.3162800e-02  5.9596286e-01  8.0039460e-01  1.5944000e+02]
 [ 9.9423768e-01  2.9620200e-02 -1.0024872e-01 -1.1705500e+03]
 [ 0.0000000e+00  0.0000000e+00  0.0000000e+00  1.0000000e+00]]
[-0015.16, -0004.07, -1071.80]
63, 42, 89
[[-8.5693300e-02  8.0246802e-01 -5.9019256e-01 -1.3320000e+01]
 [ 6.2741580e-02  5.9573422e-01  8.0064024e-01  1.5941000e+02]
 [ 9.9415576e-01  3.1723440e-02 -1.0133152e-01 -1.1707000e+03]
 [ 0.0000000e+00  0.0000000e+00  0.0000000e+00  1.0000000e+00]]
[-0107.59, +0039.34, -1076.15]
78, 148, 132
[[-8.5908500e-02  8.0145684e-01 -5.9149338e-01 -1.3480000e+01]
 [ 6.3866280e-02  5.9711384e-01  7.9951204e-01  1.5949000e+02]
 [ 9.9404154e-01  3.1069880e-02 -1.0240810e-01 -1.1707100e+03]
 [ 0.0000000e+00  0.0000000e+00  0.0000000e+00  1.0000000e+00]]
[-0055.06, -0022.47, -1099.98]
111, 100, 92
[[-8.5088580e-02  8.0216502e-01 -5.9071176e-01 -1.3380000e+01]
 [ 6.3975420e-02  5.9621702e-01  8.0018864e-01  1.5947000e+02]
 [ 9.9414096e-01  3.0430160e-02 -1.0198756e-01 -1.1707500e+03]
 [ 0.0000000e+00  0.0000000e+00  0.0000000e+00  1.0000000e+00]]
[-0051.29, +0053.99, -1075.43]
138, 130, 99
[[-8.5374100e-02  8.0171880e-01 -5.9139890e-01 -1.3470000e+01]
 [ 6.3879600e-02  5.9685472e-01  7.9975464e-01  1.5950000e+02]
 [ 9.9419570e-01  3.0578640e-02 -1.0213282e-01 -1.1708000e+03]
 [ 0.0000000e+00  0.0000000e+00  0.0000000e+00  1.0000000e+00]]
[-0030.43, +0055.52, -1086.37]
31, 27, 81
[[-8.4074440e-02  8.0330154e-01 -5.8939158e-01 -1.3150000e+01]
 [ 6.2601420e-02  5.9470646e-01  8.0144226e-01  1.5938000e+02]
 [ 9.9436254e-01  3.0582180e-02 -1.0024154e-01 -1.1707200e+03]
 [ 0.0000000e+00  0.0000000e+00  0.0000000e+00  1.0000000e+00]]
[-0120.07, +0015.79, -1077.83]
33, 83, 43
[[-8.4999680e-02  8.0316096e-01 -5.8940736e-01 -1.3180000e+01]
 [ 6.2597760e-02  5.9484128e-01  8.0133072e-01  1.5942000e+02]
 [ 9.9425856e-01  3.1334880e-02 -1.0078240e-01 -1.1707600e+03]
 [ 0.0000000e+00  0.0000000e+00  0.0000000e+00  1.0000000e+00]]
[-0028.28, -0009.34, -1064.09]
146, 75, 154
[[-8.6959120e-02  8.0219292e-01 -5.9027720e-01 -1.3500000e+01]
 [ 6.5122920e-02  5.9608728e-01  8.0015880e-01  1.5928000e+02]
 [ 9.9383080e-01  3.1330800e-02 -1.0398784e-01 -1.1707300e+03]
 [ 0.0000000e+00  0.0000000e+00  0.0000000e+00  1.0000000e+00]]
[-0107.65, +0067.51, -1118.34]
118, 64, 69
[[-8.4999680e-02  8.0384544e-01 -5.8843680e-01 -1.3150000e+01]
 [ 6.3781440e-02  5.9393198e-01  8.0190140e-01  1.5924000e+02]
 [ 9.9416160e-01  3.0764200e-02 -1.0169170e-01 -1.1707300e+03]
 [ 0.0000000e+00  0.0000000e+00  0.0000000e+00  1.0000000e+00]]
[-0056.06, +0085.30, -1082.45]
55, 70, 122
[[-8.4857640e-02  8.0349018e-01 -5.8876970e-01 -1.3170000e+01]
 [ 6.2939300e-02  5.9432700e-01  8.0162790e-01  1.5919000e+02]
 [ 9.9412518e-01  3.1179740e-02 -1.0090500e-01 -1.1707300e+03]
 [ 0.0000000e+00  0.0000000e+00  0.0000000e+00  1.0000000e+00]]
[-0111.51, -0000.86, -1094.49]
119, 85, 32
[[-8.2900240e-02  8.0402144e-01 -5.8847360e-01 -1.2880000e+01]
 [ 6.4158400e-02  5.9378016e-01  8.0197744e-01  1.5923000e+02]
 [ 9.9430144e-01  2.8872800e-02 -1.0074184e-01 -1.1705400e+03]
 [ 0.0000000e+00  0.0000000e+00  0.0000000e+00  1.0000000e+00]]
[-0002.39, +0088.33, -1096.18]
152, 77, 135
[[-8.5426280e-02  8.0335536e-01 -5.8897884e-01 -1.3060000e+01]
 [ 6.4127640e-02  5.9456620e-01  8.0138592e-01  1.5915000e+02]
 [ 9.9406416e-01  3.0853080e-02 -1.0223252e-01 -1.1705400e+03]
 [ 0.0000000e+00  0.0000000e+00  0.0000000e+00  1.0000000e+00]]
[-0093.94, +0080.32, -1111.65]
139, 98, 37
[[-8.1891780e-02  8.0509344e-01 -5.8701658e-01 -1.2720000e+01]
 [ 6.2843440e-02  5.9226588e-01  8.0316384e-01  1.5903000e+02]
 [ 9.9439158e-01  2.9086160e-02 -9.9000900e-02 -1.1705900e+03]
 [ 0.0000000e+00  0.0000000e+00  0.0000000e+00  1.0000000e+00]]
[-0000.10, +0087.37, -1107.52]
144, 45, 31
[[-8.4007080e-02  8.0515360e-01 -5.8671368e-01 -1.3000000e+01]
 [ 6.3429200e-02  5.9214614e-01  8.0322790e-01  1.5900000e+02]
 [ 9.9422432e-01  3.0430300e-02 -1.0073578e-01 -1.1706700e+03]
 [ 0.0000000e+00  0.0000000e+00  0.0000000e+00  1.0000000e+00]]
[-0030.61, +0120.89, -1125.63]
64, 107, 133
[[-8.5166260e-02  8.0447282e-01 -5.8744746e-01 -1.3130000e+01]
 [ 6.1437140e-02  5.9295134e-01  8.0278002e-01  1.5904000e+02]
 [ 9.9423162e-01  3.2461740e-02 -9.9837960e-02 -1.1707500e+03]
 [ 0.0000000e+00  0.0000000e+00  0.0000000e+00  1.0000000e+00]]
[-0090.78, -0016.29, -1097.64]
83, 138, 47
[[-8.5198900e-02  8.0514922e-01 -5.8665196e-01 -1.3060000e+01]
 [ 6.3688100e-02  5.9215134e-01  8.0323228e-01  1.5909000e+02]
 [ 9.9416780e-01  3.1193000e-02 -1.0167220e-01 -1.1708000e+03]
 [ 0.0000000e+00  0.0000000e+00  0.0000000e+00  1.0000000e+00]]
[+0013.70, +0016.08, -1094.79]
41, 64, 136
[[-8.5699700e-02  8.0536464e-01 -5.8618728e-01 -1.3030000e+01]
 [ 6.3205920e-02  5.9178080e-01  8.0351704e-01  1.5898000e+02]
 [ 9.9409896e-01  3.1975280e-02 -1.0154194e-01 -1.1707300e+03]
 [ 0.0000000e+00  0.0000000e+00  0.0000000e+00  1.0000000e+00]]
[-0123.92, -0013.66, -1117.24]
59, 50, 96
[[-8.5275620e-02  8.0565012e-01 -5.8590312e-01 -1.2990000e+01]
 [ 6.2529720e-02  5.9140478e-01  8.0385932e-01  1.5899000e+02]
 [ 9.9420552e-01  3.2057080e-02 -1.0074184e-01 -1.1707500e+03]
 [ 0.0000000e+00  0.0000000e+00  0.0000000e+00  1.0000000e+00]]
[-0106.57, +0026.54, -1076.92]
25, 54, 144
[[-8.5291560e-02  8.0561154e-01 -5.8608922e-01 -1.2990000e+01]
 [ 6.2965220e-02  5.9152524e-01  8.0377386e-01  1.5899000e+02]
 [ 9.9425646e-01  3.1734580e-02 -1.0113876e-01 -1.1707300e+03]
 [ 0.0000000e+00  0.0000000e+00  0.0000000e+00  1.0000000e+00]]
[-0130.15, -0021.08, -1138.72]
149, 124, 40
[[-8.6283040e-02  8.0533416e-01 -5.8619040e-01 -1.3130000e+01]
 [ 6.5222400e-02  5.9188006e-01  8.0329566e-01  1.5913000e+02]
 [ 9.9394584e-01  3.1221300e-02 -1.0352794e-01 -1.1708500e+03]
 [ 0.0000000e+00  0.0000000e+00  0.0000000e+00  1.0000000e+00]]
[+0009.17, +0078.58, -1117.43]
114, 124, 62
[[-8.5150240e-02  8.0573556e-01 -5.8570956e-01 -1.3030000e+01]
 [ 6.2977560e-02  5.9126960e-01  8.0389788e-01  1.5905000e+02]
 [ 9.9413244e-01  3.1751880e-02 -1.0100240e-01 -1.1708200e+03]
 [ 0.0000000e+00  0.0000000e+00  0.0000000e+00  1.0000000e+00]]
[-0007.69, +0044.89, -1084.49]
36, 105, 102
[[-8.1953440e-02  8.0630852e-01 -5.8543804e-01 -1.2590000e+01]
 [ 6.2171560e-02  5.9061750e-01  8.0445608e-01  1.5898000e+02]
 [ 9.9448772e-01  2.9689360e-02 -9.8457700e-02 -1.1704900e+03]
 [ 0.0000000e+00  0.0000000e+00  0.0000000e+00  1.0000000e+00]]
[-0069.71, -0034.22, -1093.02]
55, 143, 98
[[-8.3034100e-02  8.0580992e-01 -5.8595054e-01 -1.2640000e+01]
 [ 6.2523680e-02  5.9125952e-01  8.0395136e-01  1.5897000e+02]
 [ 9.9436334e-01  3.0288160e-02 -9.9397620e-02 -1.1705100e+03]
 [ 0.0000000e+00  0.0000000e+00  0.0000000e+00  1.0000000e+00]]
[-0031.26, -0031.72, -1100.03]
79, 66, 141
[[-8.3535540e-02  8.0615912e-01 -5.8542338e-01 -1.2650000e+01]
 [ 6.2174480e-02  5.9075808e-01  8.0435368e-01  1.5889000e+02]
 [ 9.9435778e-01  3.0951280e-02 -9.9397620e-02 -1.1704800e+03]
 [ 0.0000000e+00  0.0000000e+00  0.0000000e+00  1.0000000e+00]]
[-0123.36, +0021.20, -1107.61]
152, 97, 154
[[-8.4682000e-02  8.0545132e-01 -5.8621776e-01 -1.2820000e+01]
 [ 6.4589320e-02  5.9174960e-01  8.0343036e-01  1.5885000e+02]
 [ 9.9409824e-01  3.0336360e-02 -1.0205736e-01 -1.1705200e+03]
 [ 0.0000000e+00  0.0000000e+00  0.0000000e+00  1.0000000e+00]]
[-0095.50, +0062.75, -1108.28]
123, 78, 112
[[-8.2078820e-02  8.0677146e-01 -5.8472274e-01 -1.2520000e+01]
 [ 6.2773260e-02  5.8996972e-01  8.0486802e-01  1.5880000e+02]
 [ 9.9440454e-01  2.9543580e-02 -9.8980100e-02 -1.1705300e+03]
 [ 0.0000000e+00  0.0000000e+00  0.0000000e+00  1.0000000e+00]]
[-0083.94, +0063.10, -1087.22]
60, 48, 86
81, 153, 124
[[-8.3801920e-02  8.0697632e-01 -5.8437424e-01 -1.2480000e+01]
 [ 6.3618880e-02  5.8971360e-01  8.0503856e-01  1.5864000e+02]
 [ 9.9431216e-01  3.0391840e-02 -1.0070848e-01 -1.1704900e+03]
 [ 0.0000000e+00  0.0000000e+00  0.0000000e+00  1.0000000e+00]]
[-0044.79, -0020.26, -1097.80]
153, 77, 99
[[-8.3645700e-02  8.0753786e-01 -5.8361962e-01 -1.2440000e+01]
 [ 6.3594860e-02  5.8894476e-01  8.0560274e-01  1.5856000e+02]
 [ 9.9432638e-01  3.0375740e-02 -1.0056810e-01 -1.1705000e+03]
 [ 0.0000000e+00  0.0000000e+00  0.0000000e+00  1.0000000e+00]]
[-0063.78, +0096.79, -1105.50]
113, 38, 102
[[-8.2928400e-02  8.0816360e-01 -5.8284980e-01 -1.2300000e+01]
 [ 6.2184080e-02  5.8806486e-01  8.0635360e-01  1.5849000e+02]
 [ 9.9447244e-01  3.0734080e-02 -9.8970900e-02 -1.1704800e+03]
 [ 0.0000000e+00  0.0000000e+00  0.0000000e+00  1.0000000e+00]]
[-0105.60, +0082.03, -1103.06]
46, 58, 122
[[-8.3586500e-02  8.0815404e-01 -5.8281828e-01 -1.2300000e+01]
 [ 6.2189160e-02  5.8806982e-01  8.0636316e-01  1.5848000e+02]
 [ 9.9444588e-01  3.1242360e-02 -9.9372320e-02 -1.1704300e+03]
 [ 0.0000000e+00  0.0000000e+00  0.0000000e+00  1.0000000e+00]]
[-0121.03, -0002.32, -1100.94]
86, 45, 34
[[-8.2382100e-02  8.0873638e-01 -5.8211144e-01 -1.2220000e+01]
 [ 6.2282620e-02  5.8728942e-01  8.0690504e-01  1.5848000e+02]
 [ 9.9449944e-01  3.0337040e-02 -9.8696520e-02 -1.1704900e+03]
 [ 0.0000000e+00  0.0000000e+00  0.0000000e+00  1.0000000e+00]]
[-0041.66, +0087.66, -1070.70]
25, 71, 136
[[-8.2242100e-02  8.0824360e-01 -5.8283710e-01 -1.2220000e+01]
 [ 6.1048880e-02  5.8794876e-01  8.0652520e-01  1.5846000e+02]
 [ 9.9460034e-01  3.0856880e-02 -9.7645300e-02 -1.1704500e+03]
 [ 0.0000000e+00  0.0000000e+00  0.0000000e+00  1.0000000e+00]]
[-0117.53, -0030.72, -1126.31]
57, 69, 43
[[-8.2102180e-02  8.0877256e-01 -5.8193926e-01 -1.2140000e+01]
 [ 6.1718560e-02  5.8716848e-01  8.0699192e-01  1.5847000e+02]
 [ 9.9446326e-01  3.0530080e-02 -9.8033700e-02 -1.1704600e+03]
 [ 0.0000000e+00  0.0000000e+00  0.0000000e+00  1.0000000e+00]]
[-0036.08, +0032.27, -1056.10]
138, 122, 42
[[-8.2018980e-02  8.0806880e-01 -5.8294922e-01 -1.2330000e+01]
 [ 6.2549200e-02  5.8818044e-01  8.0619680e-01  1.5858000e+02]
 [ 9.9443078e-01  2.9841200e-02 -9.8700580e-02 -1.1705300e+03]
 [ 0.0000000e+00  0.0000000e+00  0.0000000e+00  1.0000000e+00]]
[+0010.31, +0073.13, -1109.46]
126, 40, 28
[[-8.1948680e-02  8.0919330e-01 -5.8157550e-01 -1.2160000e+01]
 [ 6.1301700e-02  5.8665932e-01  8.0744870e-01  1.5843000e+02]
 [ 9.9461850e-01  3.0618700e-02 -9.7633000e-02 -1.1704900e+03]
 [ 0.0000000e+00  0.0000000e+00  0.0000000e+00  1.0000000e+00]]
[-0033.38, +0116.01, -1108.39]
54, 36, 95
[[-8.2368080e-02  8.0883804e-01 -5.8205784e-01 -1.2230000e+01]
 [ 6.1784040e-02  5.8716848e-01  8.0705492e-01  1.5841000e+02]
 [ 9.9458184e-01  3.0593080e-02 -9.8299600e-02 -1.1704000e+03]
 [ 0.0000000e+00  0.0000000e+00  0.0000000e+00  1.0000000e+00]]
[-0119.29, +0031.22, -1083.05]
145, 120, 79
[[-8.3881960e-02  8.0808700e-01 -5.8284744e-01 -1.2410000e+01]
 [ 6.3447440e-02  5.8818044e-01  8.0617860e-01  1.5853000e+02]
 [ 9.9432900e-01  3.0739440e-02 -1.0056356e-01 -1.1704700e+03]
 [ 0.0000000e+00  0.0000000e+00  0.0000000e+00  1.0000000e+00]]
[-0018.18, +0073.69, -1094.49]
111, 69, 133
[[-8.2788200e-02  8.0848992e-01 -5.8221096e-01 -1.2290000e+01]
 [ 6.2525040e-02  5.8754630e-01  8.0664842e-01  1.5844000e+02]
 [ 9.9434208e-01  3.0579460e-02 -9.9097540e-02 -1.1704100e+03]
 [ 0.0000000e+00  0.0000000e+00  0.0000000e+00  1.0000000e+00]]
[-0110.91, +0050.23, -1100.54]
102, 112, 137
[[-8.369818e-02  8.083812e-01 -5.823705e-01 -1.229000e+01]
 [ 6.183120e-02  5.876920e-01  8.066340e-01  1.584700e+02]
 [ 9.943905e-01  3.164400e-02 -9.910618e-02 -1.170460e+03]
 [ 0.000000e+00  0.000000e+00  0.000000e+00  1.000000e+00]]
[-0087.55, +0013.34, -1089.05]
31, 79, 92
[[-8.1809040e-02  8.0924640e-01 -5.8139140e-01 -1.2080000e+01]
 [ 6.1117600e-02  5.8653318e-01  8.0751852e-01  1.5845000e+02]
 [ 9.9456540e-01  3.0688520e-02 -9.7367220e-02 -1.1704800e+03]
 [ 0.0000000e+00  0.0000000e+00  0.0000000e+00  1.0000000e+00]]
[-0081.17, -0024.45, -1081.27]
75, 123, 122
[[-8.2522180e-02  8.0855032e-01 -5.8235844e-01 -1.2270000e+01]
 [ 6.2333680e-02  5.8754630e-01  8.0671644e-01  1.5848000e+02]
 [ 9.9448956e-01  3.0385560e-02 -9.8831520e-02 -1.1704500e+03]
 [ 0.0000000e+00  0.0000000e+00  0.0000000e+00  1.0000000e+00]]
[-0068.49, -0010.84, -1087.24]
140, 48, 145
[[-8.4496720e-02  8.0859876e-01 -5.8173828e-01 -1.2370000e+01]
 [ 6.2804760e-02  5.8729942e-01  8.0678574e-01  1.5830000e+02]
 [ 9.9413628e-01  3.1870260e-02 -1.0029730e-01 -1.1704500e+03]
 [ 0.0000000e+00  0.0000000e+00  0.0000000e+00  1.0000000e+00]]
[-0114.72, +0077.25, -1129.79]
150, 110, 45
[[-8.3432080e-02  8.0987040e-01 -5.8037572e-01 -1.2140000e+01]
 [ 6.4202400e-02  5.8572550e-01  8.0788860e-01  1.5833000e+02]
 [ 9.9428572e-01  3.0263400e-02 -1.0080658e-01 -1.1704900e+03]
 [ 0.0000000e+00  0.0000000e+00  0.0000000e+00  1.0000000e+00]]
[+0000.06, +0087.30, -1113.19]
45, 112, 67
[[-8.2161700e-02  8.1089468e-01 -5.7926646e-01 -1.1940000e+01]
 [ 6.1864120e-02  5.8433708e-01  8.0911404e-01  1.5820000e+02]
 [ 9.9462186e-01  3.0700440e-02 -9.8147780e-02 -1.1704100e+03]
 [ 0.0000000e+00  0.0000000e+00  0.0000000e+00  1.0000000e+00]]
[-0028.78, -0018.72, -1078.27]
31, 56, 38
[[-8.1997540e-02  8.1149222e-01 -5.7832310e-01 -1.1840000e+01]
 [ 6.1403500e-02  5.8344150e-01  8.0975950e-01  1.5814000e+02]
 [ 9.9458878e-01  3.1003460e-02 -9.7613800e-02 -1.1703800e+03]
 [ 0.0000000e+00  0.0000000e+00  0.0000000e+00  1.0000000e+00]]
[-0047.24, +0009.42, -1051.33]
76, 44, 72
[[-8.2667780e-02  8.1097632e-01 -5.7886458e-01 -1.1960000e+01]
 [ 6.1251120e-02  5.8409372e-01  8.0927712e-01  1.5813000e+02]
 [ 9.9449238e-01  3.1600080e-02 -9.7885060e-02 -1.1704000e+03]
 [ 0.0000000e+00  0.0000000e+00  0.0000000e+00  1.0000000e+00]]
[-0085.72, +0061.04, -1068.94]
154, 114, 98
[[-8.3810260e-02  8.0989634e-01 -5.8017170e-01 -1.2190000e+01]
 [ 6.3644300e-02  5.8561004e-01  8.0798534e-01  1.5824000e+02]
 [ 9.9422366e-01  3.0964900e-02 -1.0054386e-01 -1.1704000e+03]
 [ 0.0000000e+00  0.0000000e+00  0.0000000e+00  1.0000000e+00]]
[-0038.51, +0076.59, -1094.18]
29, 39, 127
[[-8.1617800e-02  8.1106106e-01 -5.7904518e-01 -1.1900000e+01]
 [ 6.1303540e-02  5.8408412e-01  8.0932134e-01  1.5810000e+02]
 [ 9.9466338e-01  3.0644940e-02 -9.7350920e-02 -1.1703500e+03]
 [ 0.0000000e+00  0.0000000e+00  0.0000000e+00  1.0000000e+00]]
[-0137.09, -0006.47, -1121.95]
118, 65, 81
[[-8.2161700e-02  8.1069862e-01 -5.7919684e-01 -1.2000000e+01]
 [ 6.1794500e-02  5.8446846e-01  8.0892988e-01  1.5818000e+02]
 [ 9.9442580e-01  3.0884600e-02 -9.8016400e-02 -1.1704300e+03]
 [ 0.0000000e+00  0.0000000e+00  0.0000000e+00  1.0000000e+00]]
[-0064.86, +0084.19, -1084.26]
118, 119, 51
[[-8.3364180e-02  8.1072550e-01 -5.7912692e-01 -1.2000000e+01]
 [ 6.2690300e-02  5.8446350e-01  8.0890300e-01  1.5821000e+02]
 [ 9.9435092e-01  3.1277800e-02 -9.9476680e-02 -1.1704300e+03]
 [ 0.0000000e+00  0.0000000e+00  0.0000000e+00  1.0000000e+00]]
[+0003.16, +0057.50, -1091.76]
137, 132, 154
[[-8.3530500e-02  8.1006480e-01 -5.7993670e-01 -1.2140000e+01]
 [ 6.3213200e-02  5.8535772e-01  8.0819088e-01  1.5823000e+02]
 [ 9.9425130e-01  3.1039120e-02 -1.0001178e-01 -1.1704100e+03]
 [ 0.0000000e+00  0.0000000e+00  0.0000000e+00  1.0000000e+00]]
[-0078.80, +0032.59, -1094.15]
126, 101, 39
[[-8.2414660e-02  8.1154280e-01 -5.7828740e-01 -1.1910000e+01]
 [ 6.2544400e-02  5.8342662e-01  8.0970892e-01  1.5817000e+02]
 [ 9.9453820e-01  3.0636920e-02 -9.8805280e-02 -1.1704200e+03]
 [ 0.0000000e+00  0.0000000e+00  0.0000000e+00  1.0000000e+00]]
[-0000.57, +0077.79, -1097.57]
45, 72, 96
[[-8.2528740e-02  8.1136424e-01 -5.7835770e-01 -1.1910000e+01]
 [ 6.1528800e-02  5.8357296e-01  8.0963624e-01  1.5812000e+02]
 [ 9.9449674e-01  3.1380000e-02 -9.8013540e-02 -1.1703900e+03]
 [ 0.0000000e+00  0.0000000e+00  0.0000000e+00  1.0000000e+00]]
[-0091.14, -0004.77, -1076.43]
134, 98, 86
[[-8.2832500e-02  8.1085340e-01 -5.7909280e-01 -1.2030000e+01]
 [ 6.2565400e-02  5.8433208e-01  8.0902640e-01  1.5819000e+02]
 [ 9.9444320e-01  3.0901600e-02 -9.9076420e-02 -1.1704100e+03]
 [ 0.0000000e+00  0.0000000e+00  0.0000000e+00  1.0000000e+00]]
[-0041.41, +0076.45, -1086.39]
154, 106, 39
[[-8.2858900e-02  8.1071400e-01 -5.7933330e-01 -1.2060000e+01]
 [ 6.3499440e-02  5.8457440e-01  8.0879208e-01  1.5825000e+02]
 [ 9.9441042e-01  3.0325200e-02 -9.9871060e-02 -1.1704600e+03]
 [ 0.0000000e+00  0.0000000e+00  0.0000000e+00  1.0000000e+00]]
[+0001.73, +0090.69, -1119.69]
87, 129, 123
[[-8.2680360e-02  8.1087470e-01 -5.7891822e-01 -1.2000000e+01]
 [ 6.1749780e-02  5.8421550e-01  8.0912746e-01  1.5814000e+02]
 [ 9.9440990e-01  3.1344900e-02 -9.8282100e-02 -1.1703900e+03]
 [ 0.0000000e+00  0.0000000e+00  0.0000000e+00  1.0000000e+00]]
[-0063.38, -0005.00, -1085.88]
45, 56, 31
[[-8.144250e-02  8.121012e-01 -5.773961e-01 -1.178000e+01]
 [ 6.106480e-02  5.825400e-01  8.103924e-01  1.580800e+02]
 [ 9.945681e-01  3.092560e-02 -9.694650e-02 -1.170420e+03]
 [ 0.000000e+00  0.000000e+00  0.000000e+00  1.000000e+00]]
[-0035.79, +0031.92, -1051.50]
69, 67, 137
[[-8.3060100e-02  8.1110332e-01 -5.7845546e-01 -1.1970000e+01]
 [ 6.1521160e-02  5.8383576e-01  8.0939468e-01  1.5810000e+02]
 [ 9.9434122e-01  3.1874840e-02 -9.8282100e-02 -1.1703600e+03]
 [ 0.0000000e+00  0.0000000e+00  0.0000000e+00  1.0000000e+00]]
[-0122.37, +0012.01, -1105.29]
32, 47, 114
[[-8.1454400e-02  8.1193008e-01 -5.7764616e-01 -1.1800000e+01]
 [ 6.1367520e-02  5.8279352e-01  8.1019036e-01  1.5808000e+02]
 [ 9.9455496e-01  3.0723560e-02 -9.7211920e-02 -1.1703500e+03]
 [ 0.0000000e+00  0.0000000e+00  0.0000000e+00  1.0000000e+00]]
[-0124.23, -0007.43, -1101.14]
126, 62, 59
[[-8.2136500e-02  8.1157850e-01 -5.7811510e-01 -1.1920000e+01]
 [ 6.1979900e-02  5.8330508e-01  8.0979538e-01  1.5815000e+02]
 [ 9.9450250e-01  3.0828620e-02 -9.8142420e-02 -1.1704300e+03]
 [ 0.0000000e+00  0.0000000e+00  0.0000000e+00  1.0000000e+00]]
[-0044.75, +0100.39, -1093.63]
79, 78, 148
[[-8.2782100e-02  8.1126598e-01 -5.7854916e-01 -1.1980000e+01]
 [ 6.0830140e-02  5.8371374e-01  8.0961228e-01  1.5811000e+02]
 [ 9.9457092e-01  3.1935240e-02 -9.7619400e-02 -1.1703900e+03]
 [ 0.0000000e+00  0.0000000e+00  0.0000000e+00  1.0000000e+00]]
[-0120.51, +0012.07, -1109.15]
115, 66, 32
[[-8.2414660e-02  8.1188438e-01 -5.7763584e-01 -1.1890000e+01]
 [ 6.3265540e-02  5.8289990e-01  8.0998488e-01  1.5814000e+02]
 [ 9.9439272e-01  3.0360960e-02 -9.9332000e-02 -1.1704000e+03]
 [ 0.0000000e+00  0.0000000e+00  0.0000000e+00  1.0000000e+00]]
[-0016.76, +0097.10, -1092.70]
118, 92, 46
[[-8.3072640e-02  8.1153968e-01 -5.7792688e-01 -1.1970000e+01]
 [ 6.2810720e-02  5.8330008e-01  8.0970512e-01  1.5816000e+02]
 [ 9.9430928e-01  3.1159520e-02 -9.9336720e-02 -1.1703900e+03]
 [ 0.0000000e+00  0.0000000e+00  0.0000000e+00  1.0000000e+00]]
[-0011.28, +0077.76, -1087.64]
105, 137, 93
[[-8.2794400e-02  8.1149948e-01 -5.7827996e-01 -1.1940000e+01]
 [ 6.1790680e-02  5.8344150e-01  8.0975224e-01  1.5813000e+02]
 [ 9.9454564e-01  3.1390640e-02 -9.8410660e-02 -1.1703900e+03]
 [ 0.0000000e+00  0.0000000e+00  0.0000000e+00  1.0000000e+00]]
[-0025.02, +0017.33, -1081.26]
106, 72, 120
[[-8.3035620e-02  8.1171112e-01 -5.7782918e-01 -1.1900000e+01]
 [ 6.1181920e-02  5.8306608e-01  8.1003608e-01  1.5808000e+02]
 [ 9.9449398e-01  3.2042720e-02 -9.8013540e-02 -1.1703800e+03]
 [ 0.0000000e+00  0.0000000e+00  0.0000000e+00  1.0000000e+00]]
[-0100.44, +0051.12, -1089.57]
96, 127, 67
[[-8.1846600e-02  8.1212032e-01 -5.7736996e-01 -1.1840000e+01]
 [ 6.1574360e-02  5.8253516e-01  8.1037328e-01  1.5811000e+02]
 [ 9.9453712e-01  3.0932840e-02 -9.7609000e-02 -1.1704000e+03]
 [ 0.0000000e+00  0.0000000e+00  0.0000000e+00  1.0000000e+00]]
[-0009.40, +0023.38, -1080.68]
70, 57, 94
[[-8.2365700e-02  8.1223272e-01 -5.7695846e-01 -1.1810000e+01]
 [ 6.1593600e-02  5.8228156e-01  8.1050472e-01  1.5804000e+02]
 [ 9.9438890e-01  3.1459200e-02 -9.7874500e-02 -1.1703500e+03]
 [ 0.0000000e+00  0.0000000e+00  0.0000000e+00  1.0000000e+00]]
[-0097.75, +0034.21, -1073.92]
66, 41, 147
[[-8.2492560e-02  8.1221244e-01 -5.7728504e-01 -1.1840000e+01]
 [ 6.1082840e-02  5.8241790e-01  8.1053232e-01  1.5802000e+02]
 [ 9.9459336e-01  3.1697120e-02 -9.7611300e-02 -1.1703400e+03]
 [ 0.0000000e+00  0.0000000e+00  0.0000000e+00  1.0000000e+00]]
[-0139.84, +0023.02, -1129.98]
153, 66, 63
[[-8.3301280e-02  8.1218744e-01 -5.7709920e-01 -1.1930000e+01]
 [ 6.2165440e-02  5.8240838e-01  8.1042810e-01  1.5810000e+02]
 [ 9.9439800e-01  3.1777500e-02 -9.8936900e-02 -1.1704200e+03]
 [ 0.0000000e+00  0.0000000e+00  0.0000000e+00  1.0000000e+00]]
[-0040.43, +0110.67, -1115.48]
55, 91, 102
[[-8.2480900e-02  8.1238924e-01 -5.7670612e-01 -1.1830000e+01]
 [ 6.1039960e-02  5.8203248e-01  8.1072116e-01  1.5803000e+02]
 [ 9.9440452e-01  3.1912360e-02 -9.7477380e-02 -1.1703800e+03]
 [ 0.0000000e+00  0.0000000e+00  0.0000000e+00  1.0000000e+00]]
[-0079.63, -0007.99, -1078.07]
67, 82, 46
[[-8.2088500e-02  8.1286868e-01 -5.7633626e-01 -1.1760000e+01]
 [ 6.1756120e-02  5.8150092e-01  8.1111676e-01  1.5804000e+02]
 [ 9.9453766e-01  3.1124360e-02 -9.7870420e-02 -1.1703700e+03]
 [ 0.0000000e+00  0.0000000e+00  0.0000000e+00  1.0000000e+00]]
[-0026.78, +0032.48, -1061.59]
89, 28, 41
[[-8.3000400e-02  8.1323424e-01 -5.7578072e-01 -1.1760000e+01]
 [ 6.1919680e-02  5.8098816e-01  8.1149664e-01  1.5795000e+02]
 [ 9.9450456e-01  3.1794880e-02 -9.8533200e-02 -1.1703800e+03]
 [ 0.0000000e+00  0.0000000e+00  0.0000000e+00  1.0000000e+00]]
[-0063.37, +0099.99, -1079.33]
154, 85, 81
[[-8.3313460e-02  8.1195330e-01 -5.7721628e-01 -1.1990000e+01]
 [ 6.2531220e-02  5.8266190e-01  8.1015996e-01  1.5806000e+02]
 [ 9.9425180e-01  3.1641000e-02 -9.9202600e-02 -1.1703900e+03]
 [ 0.0000000e+00  0.0000000e+00  0.0000000e+00  1.0000000e+00]]
[-0043.43, +0097.56, -1104.20]
118, 42, 112
[[-8.2896820e-02  8.1250312e-01 -5.7680274e-01 -1.1880000e+01]
 [ 6.2117680e-02  5.8201820e-01  8.1073656e-01  1.5798000e+02]
 [ 9.9448686e-01  3.1481040e-02 -9.8668980e-02 -1.1703500e+03]
 [ 0.0000000e+00  0.0000000e+00  0.0000000e+00  1.0000000e+00]]
[-0109.53, +0079.55, -1108.53]
149, 139, 74
[[-8.3338420e-02  8.1201686e-01 -5.7719720e-01 -1.1970000e+01]
 [ 6.3794140e-02  5.8264158e-01  8.1009640e-01  1.5813000e+02]
 [ 9.9421240e-01  3.0894800e-02 -1.0026100e-01 -1.1704300e+03]
 [ 0.0000000e+00  0.0000000e+00  0.0000000e+00  1.0000000e+00]]
[-0004.97, +0062.93, -1100.78]
52, 115, 78
[[-8.2215440e-02  8.1292356e-01 -5.7613764e-01 -1.1770000e+01]
 [ 6.1701240e-02  5.8137398e-01  8.1118358e-01  1.5800000e+02]
 [ 9.9447084e-01  3.1322980e-02 -9.7870420e-02 -1.1703600e+03]
 [ 0.0000000e+00  0.0000000e+00  0.0000000e+00  1.0000000e+00]]
[-0038.22, -0016.39, -1078.54]
40, 79, 151
[[-8.2204020e-02  8.1282328e-01 -5.7634346e-01 -1.1710000e+01]
 [ 6.0873520e-02  5.8151520e-01  8.1116216e-01  1.5795000e+02]
 [ 9.9455914e-01  3.1748240e-02 -9.7209780e-02 -1.1703400e+03]
 [ 0.0000000e+00  0.0000000e+00  0.0000000e+00  1.0000000e+00]]
[-0119.99, -0022.45, -1129.79]
129, 101, 78
[[-8.2896820e-02  8.1264188e-01 -5.7641030e-01 -1.1820000e+01]
 [ 6.2510120e-02  5.8175468e-01  8.1084140e-01  1.5805000e+02]
 [ 9.9434810e-01  3.1376200e-02 -9.8932500e-02 -1.1703800e+03]
 [ 0.0000000e+00  0.0000000e+00  0.0000000e+00  1.0000000e+00]]
[-0031.47, +0072.81, -1084.60]
91, 56, 144
[[-8.3416200e-02  8.1268460e-01 -5.7619460e-01 -1.1820000e+01]
 [ 6.2333560e-02  5.8163270e-01  8.1092042e-01  1.5797000e+02]
 [ 9.9426908e-01  3.1955300e-02 -9.9066340e-02 -1.1702900e+03]
 [ 0.0000000e+00  0.0000000e+00  0.0000000e+00  1.0000000e+00]]
[-0128.75, +0036.14, -1115.31]
76, 41, 138
[[-8.2734900e-02  8.1302988e-01 -5.7605496e-01 -1.1730000e+01]
 [ 6.1461240e-02  5.8125176e-01  8.1132832e-01  1.5796000e+02]
 [ 9.9452472e-01  3.1836160e-02 -9.8004100e-02 -1.1703500e+03]
 [ 0.0000000e+00  0.0000000e+00  0.0000000e+00  1.0000000e+00]]
[-0134.43, +0035.35, -1118.02]
119, 88, 151
[[-8.3428100e-02  8.1217290e-01 -5.7709680e-01 -1.1920000e+01]
 [ 6.1914300e-02  5.8241318e-01  8.1044264e-01  1.5797000e+02]
 [ 9.9440040e-01  3.2028640e-02 -9.8805280e-02 -1.1703600e+03]
 [ 0.0000000e+00  0.0000000e+00  0.0000000e+00  1.0000000e+00]]
[-0109.11, +0042.72, -1104.49]
126, 74, 38
[[-8.3011940e-02  8.1313290e-01 -5.7583458e-01 -1.1770000e+01]
 [ 6.2418420e-02  5.8111030e-01  8.1134694e-01  1.5796000e+02]
 [ 9.9442170e-01  3.1540500e-02 -9.8930600e-02 -1.1703900e+03]
 [ 0.0000000e+00  0.0000000e+00  0.0000000e+00  1.0000000e+00]]
[-0015.86, +0097.82, -1098.66]
62, 143, 81
[[-8.2746400e-02  8.1313044e-01 -5.7584908e-01 -1.1760000e+01]
 [ 6.2289000e-02  5.8111030e-01  8.1134940e-01  1.5793000e+02]
 [ 9.9443620e-01  3.1411080e-02 -9.8665060e-02 -1.1703500e+03]
 [ 0.0000000e+00  0.0000000e+00  0.0000000e+00  1.0000000e+00]]
[-0016.85, -0023.21, -1095.69]
78, 94, 95
[[-8.1015720e-02  8.1316814e-01 -5.7575090e-01 -1.1710000e+01]
 [ 6.1328140e-02  5.8098332e-01  8.1143330e-01  1.5789000e+02]
 [ 9.9446990e-01  3.0703700e-02 -9.6807400e-02 -1.1703600e+03]
 [ 0.0000000e+00  0.0000000e+00  0.0000000e+00  1.0000000e+00]]
[-0066.79, +0018.52, -1070.47]
112, 149, 48
[[-8.2365700e-02  8.1290836e-01 -5.7598348e-01 -1.1800000e+01]
 [ 6.2776600e-02  5.8135910e-01  8.1106940e-01  1.5799000e+02]
 [ 9.9430180e-01  3.0894520e-02 -9.8796960e-02 -1.1704100e+03]
 [ 0.0000000e+00  0.0000000e+00  0.0000000e+00  1.0000000e+00]]
[+0018.77, +0032.92, -1106.55]
77, 123, 57
[[-8.1927460e-02  8.1353364e-01 -5.7519568e-01 -1.1670000e+01]
 [ 6.1491720e-02  5.8047024e-01  8.1181284e-01  1.5790000e+02]
 [ 9.9443744e-01  3.1374120e-02 -9.7469860e-02 -1.1703700e+03]
 [ 0.0000000e+00  0.0000000e+00  0.0000000e+00  1.0000000e+00]]
[-0008.98, +0013.95, -1078.78]
37, 35, 106
[[-8.2319940e-02  8.1365434e-01 -5.7511536e-01 -1.1620000e+01]
 [ 6.1502940e-02  5.8034310e-01  8.1194312e-01  1.5784000e+02]
 [ 9.9448904e-01  3.1636320e-02 -9.7735200e-02 -1.1703000e+03]
 [ 0.0000000e+00  0.0000000e+00  0.0000000e+00  1.0000000e+00]]
[-0130.80, +0008.93, -1096.92]
79, 27, 121
