950, 950, 950
[[-8.1494020e-02  9.9547292e-01  4.4196440e-02 -8.4300000e+01]
 [ 2.4852920e-02 -4.2092320e-02  9.9859276e-01  1.5403000e+02]
 [ 9.9614356e-01  8.2697240e-02 -2.1086340e-02 -1.1746700e+03]
 [ 0.0000000e+00  0.0000000e+00  0.0000000e+00  1.0000000e+00]]
[-0202.69, +0075.93, -1064.26]
1578, 1762, 1802
[[-8.2719460e-02  9.9547014e-01  4.2229500e-02 -8.4520000e+01]
 [ 2.5194900e-02 -4.0076360e-02  9.9868014e-01  1.5430000e+02]
 [ 9.9604686e-01  8.3880900e-02 -2.1555460e-02 -1.1746900e+03]
 [ 0.0000000e+00  0.0000000e+00  0.0000000e+00  1.0000000e+00]]
[-0213.55, +0067.53, -1096.19]
1750, 1013, 783
[[-8.1490020e-02  9.9547956e-01  4.4004920e-02 -8.4370000e+01]
 [ 2.5044440e-02 -4.1882340e-02  9.9859476e-01  1.5414000e+02]
 [ 9.9613692e-01  8.2699240e-02 -2.1292320e-02 -1.1746900e+03]
 [ 0.0000000e+00  0.0000000e+00  0.0000000e+00  1.0000000e+00]]
[-0121.39, +0117.88, -1111.67]
1843, 868, 1559
[[-8.2306900e-02  9.9536810e-01  4.3351600e-02 -8.4490000e+01]
 [ 2.5932380e-02 -4.1066260e-02  9.9853640e-01  1.5419000e+02]
 [ 9.9597416e-01  8.3604880e-02 -2.2132800e-02 -1.1746600e+03]
 [ 0.0000000e+00  0.0000000e+00  0.0000000e+00  1.0000000e+00]]
[-0190.29, +0156.31, -1125.03]
1460, 1517, 2225
[[-8.2715940e-02  9.9558154e-01  4.1934920e-02 -8.4570000e+01]
 [ 2.5281380e-02 -3.9866500e-02  9.9878084e-01  1.5426000e+02]
 [ 9.9614356e-01  8.3783720e-02 -2.1761800e-02 -1.1746500e+03]
 [ 0.0000000e+00  0.0000000e+00  0.0000000e+00  1.0000000e+00]]
[-0258.82, +0091.00, -1128.88]
2163, 1262, 1555
[[-8.3335200e-02  9.9545364e-01  4.2694920e-02 -8.4540000e+01]
 [ 2.6622360e-02 -4.0460320e-02  9.9868004e-01  1.5426000e+02]
 [ 9.9601308e-01  8.4514040e-02 -2.2974880e-02 -1.1746800e+03]
 [ 0.0000000e+00  0.0000000e+00  0.0000000e+00  1.0000000e+00]]
[-0161.86, +0136.12, -1120.26]
1205, 1928, 1844
[[-8.2292980e-02  9.9550292e-01  4.2066600e-02 -8.4510000e+01]
 [ 2.6177080e-02 -3.9830980e-02  9.9865560e-01  1.5428000e+02]
 [ 9.9604740e-01  8.3499600e-02 -2.2562000e-02 -1.1746300e+03]
 [ 0.0000000e+00  0.0000000e+00  0.0000000e+00  1.0000000e+00]]
[-0239.83, +0029.46, -1120.81]
857, 840, 1646
[[-8.1700000e-02  9.9546700e-01  4.4207000e-02 -8.4300000e+01]
 [ 2.5057000e-02 -4.2092320e-02  9.9859868e-01  1.5405000e+02]
 [ 9.9613300e-01  8.2901320e-02 -2.1292320e-02 -1.1746300e+03]
 [ 0.0000000e+00  0.0000000e+00  0.0000000e+00  1.0000000e+00]]
[-0274.31, +0100.22, -1115.62]
1687, 788, 1651
[[-8.2100680e-02  9.9547710e-01  4.3445820e-02 -8.4460000e+01]
 [ 2.5831500e-02 -4.1264360e-02  9.9862290e-01  1.5416000e+02]
 [ 9.9608982e-01  8.3308500e-02 -2.2124680e-02 -1.1746200e+03]
 [ 0.0000000e+00  0.0000000e+00  0.0000000e+00  1.0000000e+00]]
[-0208.48, +0157.10, -1126.51]
1664, 1239, 940
[[-8.1898260e-02  9.9547634e-01  4.3626620e-02 -8.4370000e+01]
 [ 2.5436020e-02 -4.1474260e-02  9.9861514e-01  1.5415000e+02]
 [ 9.9610714e-01  8.3102620e-02 -2.1712360e-02 -1.1746400e+03]
 [ 0.0000000e+00  0.0000000e+00  0.0000000e+00  1.0000000e+00]]
[-0138.21, +0094.12, -1093.72]
1107, 2122, 1821
[[-8.2712500e-02  9.9558800e-01  4.1743500e-02 -8.4490000e+01]
 [ 2.5472800e-02 -3.9656680e-02  9.9878256e-01  1.5431000e+02]
 [ 9.9613710e-01  8.3785440e-02 -2.1968180e-02 -1.1746300e+03]
 [ 0.0000000e+00  0.0000000e+00  0.0000000e+00  1.0000000e+00]]
[-0233.64, +0012.57, -1136.83]
1901, 2038, 1388
[[-8.2296340e-02  9.9549636e-01  4.2258040e-02 -8.4450000e+01]
 [ 2.5985640e-02 -4.0040720e-02  9.9865392e-01  1.5430000e+02]
 [ 9.9605396e-01  8.3497920e-02 -2.2355620e-02 -1.1746500e+03]
 [ 0.0000000e+00  0.0000000e+00  0.0000000e+00  1.0000000e+00]]
[-0149.59, +0054.53, -1108.51]
1893, 2168, 1974
[[-8.2499400e-02  9.9560684e-01  4.1349920e-02 -8.4550000e+01]
 [ 2.5651840e-02 -3.9237160e-02  9.9877996e-01  1.5437000e+02]
 [ 9.9613492e-01  8.3584960e-02 -2.2174600e-02 -1.1746300e+03]
 [ 0.0000000e+00  0.0000000e+00  0.0000000e+00  1.0000000e+00]]
[-0202.07, +0054.79, -1107.83]
1051, 1433, 2113
[[-8.2506120e-02  9.9548390e-01  4.2460220e-02 -8.4480000e+01]
 [ 2.5998100e-02 -4.0250500e-02  9.9865810e-01  1.5421000e+02]
 [ 9.9604978e-01  8.3700100e-02 -2.2355620e-02 -1.1746000e+03]
 [ 0.0000000e+00  0.0000000e+00  0.0000000e+00  1.0000000e+00]]
[-0275.29, +0071.02, -1141.41]
1928, 1251, 784
[[-8.1898260e-02  9.9547444e-01  4.3834640e-02 -8.4350000e+01]
 [ 2.5644040e-02 -4.1672400e-02  9.9860848e-01  1.5417000e+02]
 [ 9.9610904e-01  8.3109280e-02 -2.1910500e-02 -1.1746500e+03]
 [ 0.0000000e+00  0.0000000e+00  0.0000000e+00  1.0000000e+00]]
[-0110.58, +0103.93, -1125.73]
2213, 844, 1412
[[-8.2705860e-02  9.9537986e-01  4.3023840e-02 -8.4530000e+01]
 [ 2.7522060e-02 -4.0623300e-02  9.9854152e-01  1.5423000e+02]
 [ 9.9592904e-01  8.4033120e-02 -2.3767200e-02 -1.1745700e+03]
 [ 0.0000000e+00  0.0000000e+00  0.0000000e+00  1.0000000e+00]]
[-0159.96, +0157.07, -1148.30]
1432, 1773, 1059
[[-8.2314340e-02  9.9546546e-01  4.3007180e-02 -8.4370000e+01]
 [ 2.4820380e-02 -4.0892040e-02  9.9865146e-01  1.5421000e+02]
 [ 9.9608486e-01  8.3482380e-02 -2.1126340e-02 -1.1746500e+03]
 [ 0.0000000e+00  0.0000000e+00  0.0000000e+00  1.0000000e+00]]
[-0156.77, +0033.36, -1098.38]
839, 2142, 1886
[[-8.1251280e-02  9.9566132e-01  4.0711640e-02 -8.4470000e+01]
 [ 2.5003720e-02 -3.8608180e-02  9.9874954e-01  1.5434000e+02]
 [ 9.9617956e-01  8.2367260e-02 -2.1555460e-02 -1.1746500e+03]
 [ 0.0000000e+00  0.0000000e+00  0.0000000e+00  1.0000000e+00]]
[-0242.80, +0008.20, -1157.18]
2158, 755, 1162
[[-8.2929360e-02  9.9544864e-01  4.3472200e-02 -8.4470000e+01]
 [ 2.6248000e-02 -4.1276160e-02  9.9865136e-01  1.5419000e+02]
 [ 9.9605164e-01  8.4116000e-02 -2.2545360e-02 -1.1746400e+03]
 [ 0.0000000e+00  0.0000000e+00  0.0000000e+00  1.0000000e+00]]
[-0145.47, +0156.51, -1151.36]
2136, 1917, 1767
[[-8.2286500e-02  9.9541122e-01  4.1786960e-02 -8.4540000e+01]
 [ 2.6664780e-02 -3.9411620e-02  9.9855984e-01  1.5435000e+02]
 [ 9.9593104e-01  8.3601840e-02 -2.2974880e-02 -1.1746100e+03]
 [ 0.0000000e+00  0.0000000e+00  0.0000000e+00  1.0000000e+00]]
[-0171.71, +0083.60, -1103.98]
804, 2055, 1195
[[-8.1066340e-02  9.9551306e-01  4.3201260e-02 -8.4280000e+01]
 [ 2.5003060e-02 -4.1054500e-02  9.9859542e-01  1.5419000e+02]
 [ 9.9613626e-01  8.2290420e-02 -2.1300200e-02 -1.1746800e+03]
 [ 0.0000000e+00  0.0000000e+00  0.0000000e+00  1.0000000e+00]]
[-0203.41, -0015.31, -1144.91]
2150, 2122, 1329
[[-8.2685140e-02  9.9553606e-01  4.0956500e-02 -8.4510000e+01]
 [ 2.8132700e-02 -3.8561940e-02  9.9867106e-01  1.5450000e+02]
 [ 9.9598094e-01  8.3924300e-02 -2.4619240e-02 -1.1746500e+03]
 [ 0.0000000e+00  0.0000000e+00  0.0000000e+00  1.0000000e+00]]
[-0139.25, +0060.85, -1119.29]
2087, 1819, 1562
[[-8.2715940e-02  9.9547314e-01  4.2454300e-02 -8.4490000e+01]
 [ 2.5802500e-02 -4.0262340e-02  9.9866886e-01  1.5428000e+02]
 [ 9.9604386e-01  8.3895700e-02 -2.2157640e-02 -1.1746200e+03]
 [ 0.0000000e+00  0.0000000e+00  0.0000000e+00  1.0000000e+00]]
[-0162.20, +0088.03, -1103.19]
1553, 877, 1281
[[-8.2112080e-02  9.9556408e-01  4.3709120e-02 -8.4360000e+01]
 [ 2.4944080e-02 -4.1696080e-02  9.9872288e-01  1.5411000e+02]
 [ 9.9621088e-01  8.3197120e-02 -2.1308160e-02 -1.1746500e+03]
 [ 0.0000000e+00  0.0000000e+00  0.0000000e+00  1.0000000e+00]]
[-0188.60, +0136.13, -1094.51]
2028, 927, 1622
[[-8.3128740e-02  9.9545956e-01  4.2684040e-02 -8.4520000e+01]
 [ 2.6418440e-02 -4.0460320e-02  9.9867412e-01  1.5425000e+02]
 [ 9.9602396e-01  8.4310120e-02 -2.2768420e-02 -1.1746300e+03]
 [ 0.0000000e+00  0.0000000e+00  0.0000000e+00  1.0000000e+00]]
[-0182.46, +0156.50, -1134.23]
1367, 2182, 1389
[[-8.2086600e-02  9.9550878e-01  4.2055860e-02 -8.4410000e+01]
 [ 2.5973220e-02 -3.9830980e-02  9.9864974e-01  1.5430000e+02]
 [ 9.9605814e-01  8.3295740e-02 -2.2355620e-02 -1.1746400e+03]
 [ 0.0000000e+00  0.0000000e+00  0.0000000e+00  1.0000000e+00]]
[-0182.13, +0008.69, -1121.86]
1931, 1754, 1620
[[-8.250272e-02  9.953856e-01  4.237200e-02 -8.448000e+01]
 [ 2.629440e-02 -4.004072e-02  9.985608e-01  1.542700e+02]
 [ 9.959400e-01  8.380080e-02 -2.256200e-02 -1.174640e+03]
 [ 0.000000e+00  0.000000e+00  0.000000e+00  1.000000e+00]]
[-0173.97, +0089.48, -1097.66]
1167, 1321, 937
[[-8.2738260e-02  9.9542982e-01  4.4018900e-02 -8.4330000e+01]
 [ 2.5070300e-02 -4.1918100e-02  9.9864450e-01  1.5412000e+02]
 [ 9.9608718e-01  8.3897740e-02 -2.1316200e-02 -1.1746500e+03]
 [ 0.0000000e+00  0.0000000e+00  0.0000000e+00  1.0000000e+00]]
[-0172.56, +0051.55, -1075.57]
772, 982, 1412
[[-8.1914100e-02  9.9545184e-01  4.4184520e-02 -8.4300000e+01]
 [ 2.4462080e-02 -4.2116160e-02  9.9861384e-01  1.5407000e+02]
 [ 9.9613164e-01  8.3088080e-02 -2.0690100e-02 -1.1746800e+03]
 [ 0.0000000e+00  0.0000000e+00  0.0000000e+00  1.0000000e+00]]
[-0265.12, +0072.23, -1096.28]
1025, 1160, 2050
[[-8.2303300e-02  9.9537832e-01  4.2744060e-02 -8.4480000e+01]
 [ 2.5707680e-02 -4.0460320e-02  9.9855144e-01  1.5419000e+02]
 [ 9.9596394e-01  8.3593440e-02 -2.1942980e-02 -1.1746300e+03]
 [ 0.0000000e+00  0.0000000e+00  0.0000000e+00  1.0000000e+00]]
[-0278.00, +0090.46, -1140.91]
2215, 1766, 1869
[[-8.3109780e-02  9.9549794e-01  4.1744020e-02 -8.4570000e+01]
 [ 2.7774740e-02 -3.9400020e-02  9.9867694e-01  1.5438000e+02]
 [ 9.9598558e-01  8.4326260e-02 -2.4205800e-02 -1.1745900e+03]
 [ 0.0000000e+00  0.0000000e+00  0.0000000e+00  1.0000000e+00]]
[-0175.12, +0105.32, -1108.06]
1855, 1219, 2130
[[-8.3135700e-02  9.9555658e-01  4.2339160e-02 -8.4540000e+01]
 [ 2.5306340e-02 -4.0286260e-02  9.9878932e-01  1.5422000e+02]
 [ 9.9613508e-01  8.4187960e-02 -2.1761800e-02 -1.1746200e+03]
 [ 0.0000000e+00  0.0000000e+00  0.0000000e+00  1.0000000e+00]]
[-0232.89, +0131.95, -1130.71]
976, 2133, 1499
[[-8.1890820e-02  9.9549508e-01  4.2619600e-02 -8.4340000e+01]
 [ 2.5194920e-02 -4.0460320e-02  9.9863860e-01  1.5424000e+02]
 [ 9.9608840e-01  8.3086600e-02 -2.1530500e-02 -1.1746700e+03]
 [ 0.0000000e+00  0.0000000e+00  0.0000000e+00  1.0000000e+00]]
[-0214.31, -0004.23, -1139.82]
1635, 1564, 845
[[-8.1276200e-02  9.9539568e-01  4.3506360e-02 -8.4340000e+01]
 [ 2.5120440e-02 -4.1264360e-02  9.9850032e-01  1.5417000e+02]
 [ 9.9602928e-01  8.2591560e-02 -2.1300200e-02 -1.1746400e+03]
 [ 0.0000000e+00  0.0000000e+00  0.0000000e+00  1.0000000e+00]]
[-0125.09, +0062.47, -1105.60]
1792, 1487, 1675
[[-8.250612e-02  9.953790e-01  4.256340e-02 -8.448000e+01]
 [ 2.610300e-02 -4.025050e-02  9.985591e-01  1.542500e+02]
 [ 9.959466e-01  8.379910e-02 -2.235562e-02 -1.174630e+03]
 [ 0.000000e+00  0.000000e+00  0.000000e+00  1.000000e+00]]
[-0193.59, +0104.71, -1094.85]
807, 2098, 955
[[-8.1070180e-02  9.9550844e-01  4.3184880e-02 -8.4240000e+01]
 [ 2.4603560e-02 -4.1066260e-02  9.9860004e-01  1.5419000e+02]
 [ 9.9614088e-01  8.2281960e-02 -2.0896080e-02 -1.1746700e+03]
 [ 0.0000000e+00  0.0000000e+00  0.0000000e+00  1.0000000e+00]]
[-0183.02, -0019.09, -1151.78]
980, 1403, 790
[[-8.0868160e-02  9.9549984e-01  4.4197680e-02 -8.4250000e+01]
 [ 2.5039680e-02 -4.2068800e-02  9.9856584e-01  1.5411000e+02]
 [ 9.9616584e-01  8.2102320e-02 -2.1276800e-02 -1.1746600e+03]
 [ 0.0000000e+00  0.0000000e+00  0.0000000e+00  1.0000000e+00]]
[-0169.91, +0024.67, -1083.06]
1134, 1527, 1938
[[-8.2299780e-02  9.9538490e-01  4.2552640e-02 -8.4460000e+01]
 [ 2.5899100e-02 -4.0250500e-02  9.9855320e-01  1.5422000e+02]
 [ 9.9595736e-01  8.3595200e-02 -2.2149280e-02 -1.1746100e+03]
 [ 0.0000000e+00  0.0000000e+00  0.0000000e+00  1.0000000e+00]]
[-0262.29, +0063.37, -1120.46]
1577, 767, 2104
[[-8.2712500e-02  9.9547630e-01  4.2679100e-02 -8.4560000e+01]
 [ 2.6410100e-02 -4.0448520e-02  9.9865738e-01  1.5420000e+02]
 [ 9.9604070e-01  8.3910620e-02 -2.2760020e-02 -1.1745800e+03]
 [ 0.0000000e+00  0.0000000e+00  0.0000000e+00  1.0000000e+00]]
[-0243.92, +0147.87, -1157.43]
1248, 1798, 1223
[[-8.1684640e-02  9.9549732e-01  4.3025000e-02 -8.4370000e+01]
 [ 2.5407000e-02 -4.0856400e-02  9.9861960e-01  1.5420000e+02]
 [ 9.9610268e-01  8.2895760e-02 -2.1720400e-02 -1.1746300e+03]
 [ 0.0000000e+00  0.0000000e+00  0.0000000e+00  1.0000000e+00]]
[-0184.79, +0023.21, -1096.95]
939, 1064, 1951
[[-8.2108200e-02  9.9536648e-01  4.3099640e-02 -8.4410000e+01]
 [ 2.4721400e-02 -4.0892040e-02  9.9854648e-01  1.5413000e+02]
 [ 9.9599240e-01  8.3377400e-02 -2.0920200e-02 -1.1746400e+03]
 [ 0.0000000e+00  0.0000000e+00  0.0000000e+00  1.0000000e+00]]
[-0280.90, +0090.43, -1138.39]
1593, 1473, 1502
[[-8.2104400e-02  9.9537300e-01  4.2908200e-02 -8.4410000e+01]
 [ 2.4912840e-02 -4.0682100e-02  9.9854838e-01  1.5421000e+02]
 [ 9.9598588e-01  8.3379300e-02 -2.1126340e-02 -1.1746600e+03]
 [ 0.0000000e+00  0.0000000e+00  0.0000000e+00  1.0000000e+00]]
[-0190.88, +0087.45, -1086.25]
2106, 2230, 2157
[[-8.4557520e-02  9.9536192e-01  4.0467520e-02 -8.4670000e+01]
 [ 2.7848320e-02 -3.8014720e-02  9.9866528e-01  1.5450000e+02]
 [ 9.9579488e-01  8.5805120e-02 -2.4268240e-02 -1.1746200e+03]
 [ 0.0000000e+00  0.0000000e+00  0.0000000e+00  1.0000000e+00]]
[-0200.14, +0069.27, -1111.41]
1477, 863, 2102
[[-8.2936720e-02  9.9544276e-01  4.3022480e-02 -8.4470000e+01]
 [ 2.5032760e-02 -4.0904080e-02  9.9867416e-01  1.5415000e+02]
 [ 9.9605752e-01  8.4085840e-02 -2.1340800e-02 -1.1746300e+03]
 [ 0.0000000e+00  0.0000000e+00  0.0000000e+00  1.0000000e+00]]
[-0251.60, +0138.79, -1148.36]
1350, 1603, 2215
[[-8.2086600e-02  9.9551046e-01  4.1847820e-02 -8.4530000e+01]
 [ 2.5765180e-02 -3.9633000e-02  9.9865626e-01  1.5427000e+02]
 [ 9.9605646e-01  8.3289220e-02 -2.2157640e-02 -1.1746200e+03]
 [ 0.0000000e+00  0.0000000e+00  0.0000000e+00  1.0000000e+00]]
[-0262.23, +0077.08, -1131.04]
957, 1420, 948
[[-8.1490020e-02  9.9558256e-01  4.4109900e-02 -8.4270000e+01]
 [ 2.5147440e-02 -4.2080520e-02  9.9868720e-01  1.5410000e+02]
 [ 9.9624190e-01  8.2606800e-02 -2.1490500e-02 -1.1746200e+03]
 [ 0.0000000e+00  0.0000000e+00  0.0000000e+00  1.0000000e+00]]
[-0188.85, +0025.08, -1082.47]
1681, 1085, 1336
[[-8.2306900e-02  9.9547304e-01  4.3248480e-02 -8.4410000e+01]
 [ 2.5827440e-02 -4.1066260e-02  9.9863544e-01  1.5417000e+02]
 [ 9.9607728e-01  8.3505840e-02 -2.2132800e-02 -1.1746200e+03]
 [ 0.0000000e+00  0.0000000e+00  0.0000000e+00  1.0000000e+00]]
[-0177.50, +0125.87, -1094.04]
1595, 1413, 2111
[[-8.2506120e-02  9.9548562e-01  4.2252140e-02 -8.4510000e+01]
 [ 2.5790020e-02 -4.0052520e-02  9.9866466e-01  1.5425000e+02]
 [ 9.9604806e-01  8.3693540e-02 -2.2157640e-02 -1.1746100e+03]
 [ 0.0000000e+00  0.0000000e+00  0.0000000e+00  1.0000000e+00]]
[-0246.70, +0106.39, -1120.08]
1754, 2153, 1144
[[-8.2080040e-02  9.9551866e-01  4.2089020e-02 -8.4420000e+01]
 [ 2.6772220e-02 -3.9807700e-02  9.9863986e-01  1.5435000e+02]
 [ 9.9604826e-01  8.3312180e-02 -2.3164500e-02 -1.1746500e+03]
 [ 0.0000000e+00  0.0000000e+00  0.0000000e+00  1.0000000e+00]]
[-0141.75, +0030.78, -1123.47]
1017, 1714, 1904
[[-8.251316e-02  9.953694e-01  4.253004e-02 -8.445000e+01]
 [ 2.530404e-02 -4.027426e-02  9.985687e-01  1.542100e+02]
 [ 9.959562e-01  8.378246e-02 -2.154706e-02 -1.174650e+03]
 [ 0.000000e+00  0.000000e+00  0.000000e+00  1.000000e+00]]
[-0260.36, +0040.86, -1128.64]
1454, 1110, 1235
[[-8.1692160e-02  9.9548224e-01  4.3616000e-02 -8.4360000e+01]
 [ 2.5232000e-02 -4.1474260e-02  9.9860924e-01  1.5414000e+02]
 [ 9.9611776e-01  8.2898600e-02 -2.1506260e-02 -1.1746500e+03]
 [ 0.0000000e+00  0.0000000e+00  0.0000000e+00  1.0000000e+00]]
[-0184.24, +0106.29, -1080.77]
1803, 816, 1796
[[-8.3135700e-02  9.9534310e-01  4.2961800e-02 -8.4490000e+01]
 [ 2.5932540e-02 -4.0682100e-02  9.9857828e-01  1.5420000e+02]
 [ 9.9593228e-01  8.4399000e-02 -2.2157640e-02 -1.1746400e+03]
 [ 0.0000000e+00  0.0000000e+00  0.0000000e+00  1.0000000e+00]]
[-0211.14, +0158.90, -1138.24]
1316, 820, 1356
[[-8.3364640e-02  9.9540236e-01  4.4017480e-02 -8.4370000e+01]
 [ 2.4883480e-02 -4.1942340e-02  9.9867196e-01  1.5409000e+02]
 [ 9.9606436e-01  8.4492680e-02 -2.1126340e-02 -1.1746600e+03]
 [ 0.0000000e+00  0.0000000e+00  0.0000000e+00  1.0000000e+00]]
[-0214.73, +0131.64, -1091.35]
1553, 1845, 2015
[[-8.2712500e-02  9.9537990e-01  4.1741800e-02 -8.4530000e+01]
 [ 2.5474500e-02 -3.9458820e-02  9.9859116e-01  1.5430000e+02]
 [ 9.9592900e-01  8.3976840e-02 -2.1770320e-02 -1.1746400e+03]
 [ 0.0000000e+00  0.0000000e+00  0.0000000e+00  1.0000000e+00]]
[-0233.60, +0065.01, -1108.83]
1876, 1810, 1802
[[-8.3132180e-02  9.9545814e-01  4.2250980e-02 -8.4490000e+01]
 [ 2.5602660e-02 -4.0076360e-02  9.9869214e-01  1.5430000e+02]
 [ 9.9602538e-01  8.4288660e-02 -2.1968180e-02 -1.1746700e+03]
 [ 0.0000000e+00  0.0000000e+00  0.0000000e+00  1.0000000e+00]]
[-0188.89, +0082.98, -1097.47]
1016, 1956, 1715
[[-8.1261480e-02  9.9552694e-01  4.2637180e-02 -8.4370000e+01]
 [ 2.5781660e-02 -4.0425160e-02  9.9860674e-01  1.5421000e+02]
 [ 9.9610598e-01  8.2499860e-02 -2.2124680e-02 -1.1746200e+03]
 [ 0.0000000e+00  0.0000000e+00  0.0000000e+00  1.0000000e+00]]
[-0235.77, +0013.92, -1128.50]
2203, 1744, 929
[[-8.2699540e-02  9.9549824e-01  4.2537800e-02 -8.4450000e+01]
 [ 2.7800000e-02 -4.0203940e-02  9.9864376e-01  1.5435000e+02]
 [ 9.9601876e-01  8.3937200e-02 -2.4180240e-02 -1.1746300e+03]
 [ 0.0000000e+00  0.0000000e+00  0.0000000e+00  1.0000000e+00]]
[-0114.34, +0082.55, -1135.99]
2068, 1410, 1784
[[-8.2925800e-02  9.9546238e-01  4.2448340e-02 -8.4500000e+01]
 [ 2.5606900e-02 -4.0274260e-02  9.9867962e-01  1.5424000e+02]
 [ 9.9603790e-01  8.4091300e-02 -2.1959700e-02 -1.1746200e+03]
 [ 0.0000000e+00  0.0000000e+00  0.0000000e+00  1.0000000e+00]]
[-0188.13, +0124.37, -1109.41]
1792, 1335, 1408
[[-8.2734340e-02  9.9544228e-01  4.3203200e-02 -8.4410000e+01]
 [ 2.4637400e-02 -4.1114100e-02  9.9866620e-01  1.5419000e+02]
 [ 9.9607472e-01  8.3879960e-02 -2.0928400e-02 -1.1746800e+03]
 [ 0.0000000e+00  0.0000000e+00  0.0000000e+00  1.0000000e+00]]
[-0174.16, +0106.71, -1091.91]
1171, 1252, 2241
[[-8.2509600e-02  9.9548084e-01  4.2235480e-02 -8.4530000e+01]
 [ 2.5390520e-02 -4.0064400e-02  9.9866944e-01  1.5422000e+02]
 [ 9.9605284e-01  8.3685280e-02 -2.1753360e-02 -1.1746200e+03]
 [ 0.0000000e+00  0.0000000e+00  0.0000000e+00  1.0000000e+00]]
[-0274.45, +0094.00, -1149.05]
1631, 844, 1663
[[-8.3142980e-02  9.9543300e-01  4.3449480e-02 -8.4440000e+01]
 [ 2.5653000e-02 -4.1300000e-02  9.9866700e-01  1.5415000e+02]
 [ 9.9605052e-01  8.4303000e-02 -2.1942980e-02 -1.1746300e+03]
 [ 0.0000000e+00  0.0000000e+00  0.0000000e+00  1.0000000e+00]]
[-0213.11, +0150.78, -1119.82]
2087, 944, 1890
[[-8.4358980e-02  9.9544578e-01  4.1967940e-02 -8.4670000e+01]
 [ 2.8007420e-02 -3.9633000e-02  9.9872094e-01  1.5433000e+02]
 [ 9.9593634e-01  8.5531460e-02 -2.4430020e-02 -1.1745800e+03]
 [ 0.0000000e+00  0.0000000e+00  0.0000000e+00  1.0000000e+00]]
[-0199.13, +0155.35, -1143.18]
1968, 1010, 1060
[[-8.1692160e-02  9.9537728e-01  4.3719040e-02 -8.4380000e+01]
 [ 2.5336960e-02 -4.1474260e-02  9.9851018e-01  1.5414000e+02]
 [ 9.9601472e-01  8.2997660e-02 -2.1506260e-02 -1.1746300e+03]
 [ 0.0000000e+00  0.0000000e+00  0.0000000e+00  1.0000000e+00]]
[-0140.01, +0131.66, -1117.38]
1879, 1263, 856
[[-8.2314340e-02  9.9556284e-01  4.3736340e-02 -8.4350000e+01]
 [ 2.5547640e-02 -4.1684200e-02  9.9872412e-01  1.5415000e+02]
 [ 9.9619554e-01  8.3409720e-02 -2.1918500e-02 -1.1746300e+03]
 [ 0.0000000e+00  0.0000000e+00  0.0000000e+00  1.0000000e+00]]
[-0122.36, +0099.13, -1112.46]
1000, 1587, 1110
[[-8.1482260e-02  9.9549664e-01  4.3205920e-02 -8.4320000e+01]
 [ 2.5011520e-02 -4.1066260e-02  9.9861184e-01  1.5415000e+02]
 [ 9.9611984e-01  8.2689920e-02 -2.1308160e-02 -1.1746300e+03]
 [ 0.0000000e+00  0.0000000e+00  0.0000000e+00  1.0000000e+00]]
[-0198.58, +0019.01, -1091.65]
2025, 986, 1579
[[-8.2506120e-02  9.9548218e-01  4.2668300e-02 -8.4500000e+01]
 [ 2.6206180e-02 -4.0448520e-02  9.9865150e-01  1.5424000e+02]
 [ 9.9605150e-01  8.3706700e-02 -2.2553640e-02 -1.1746200e+03]
 [ 0.0000000e+00  0.0000000e+00  0.0000000e+00  1.0000000e+00]]
[-0177.92, +0153.51, -1129.27]
1861, 1536, 1514
[[-8.2303300e-02  9.9548324e-01  4.2640920e-02 -8.4440000e+01]
 [ 2.5602760e-02 -4.0460320e-02  9.9865044e-01  1.5423000e+02]
 [ 9.9606708e-01  8.3494440e-02 -2.1942980e-02 -1.1746200e+03]
 [ 0.0000000e+00  0.0000000e+00  0.0000000e+00  1.0000000e+00]]
[-0173.78, +0094.48, -1093.81]
1883, 1151, 867
[[-8.2528200e-02  9.9544246e-01  4.3816820e-02 -8.4360000e+01]
 [ 2.5057660e-02 -4.1708040e-02  9.9864046e-01  1.5416000e+02]
 [ 9.9609122e-01  8.3695660e-02 -2.1316200e-02 -1.1746500e+03]
 [ 0.0000000e+00  0.0000000e+00  0.0000000e+00  1.0000000e+00]]
[-0122.94, +0112.27, -1115.47]
1746, 786, 2014
[[-8.3345640e-02  9.9543726e-01  4.2852620e-02 -8.4520000e+01]
 [ 2.5632020e-02 -4.0694100e-02  9.9868806e-01  1.5417000e+02]
 [ 9.9602946e-01  8.4495580e-02 -2.1959700e-02 -1.1746100e+03]
 [ 0.0000000e+00  0.0000000e+00  0.0000000e+00  1.0000000e+00]]
[-0230.29, +0154.07, -1152.03]
1342, 1781, 1385
[[-8.2513160e-02  9.9547074e-01  4.2843060e-02 -8.4390000e+01]
 [ 2.5615260e-02 -4.0670180e-02  9.9865458e-01  1.5421000e+02]
 [ 9.9606294e-01  8.3696580e-02 -2.1942980e-02 -1.1746300e+03]
 [ 0.0000000e+00  0.0000000e+00  0.0000000e+00  1.0000000e+00]]
[-0193.52, +0035.61, -1093.21]
1727, 1332, 1459
[[-8.2509600e-02  9.9547556e-01  4.2859720e-02 -8.4460000e+01]
 [ 2.6014760e-02 -4.0658340e-02  9.9864976e-01  1.5423000e+02]
 [ 9.9605812e-01  8.3704960e-02 -2.2347300e-02 -1.1746300e+03]
 [ 0.0000000e+00  0.0000000e+00  0.0000000e+00  1.0000000e+00]]
[-0181.37, +0108.38, -1090.91]
1602, 2152, 2020
[[-8.2496160e-02  9.9550684e-01  4.1469800e-02 -8.4540000e+01]
 [ 2.6156200e-02 -3.9225360e-02  9.9867616e-01  1.5434000e+02]
 [ 9.9602684e-01  8.3692000e-02 -2.2578960e-02 -1.1746200e+03]
 [ 0.0000000e+00  0.0000000e+00  0.0000000e+00  1.0000000e+00]]
[-0224.25, +0039.42, -1117.17]
1829, 1213, 1508
[[-8.2303300e-02  9.9547968e-01  4.3057040e-02 -8.4440000e+01]
 [ 2.6018880e-02 -4.0856400e-02  9.9863724e-01  1.5421000e+02]
 [ 9.9607064e-01  8.3507640e-02 -2.2339060e-02 -1.1746000e+03]
 [ 0.0000000e+00  0.0000000e+00  0.0000000e+00  1.0000000e+00]]
[-0178.94, +0126.33, -1100.22]
785, 2021, 1466
[[-8.1066340e-02  9.9551496e-01  4.2993320e-02 -8.4280000e+01]
 [ 2.4795120e-02 -4.0856400e-02  9.9860196e-01  1.5418000e+02]
 [ 9.9613436e-01  8.2283880e-02 -2.1102100e-02 -1.1746600e+03]
 [ 0.0000000e+00  0.0000000e+00  0.0000000e+00  1.0000000e+00]]
[-0226.17, -0007.37, -1146.04]
1498, 962, 1357
[[-8.2104400e-02  9.9536736e-01  4.3532320e-02 -8.4370000e+01]
 [ 2.5536960e-02 -4.1276160e-02  9.9852864e-01  1.5414000e+02]
 [ 9.9599152e-01  8.3399040e-02 -2.1720400e-02 -1.1746400e+03]
 [ 0.0000000e+00  0.0000000e+00  0.0000000e+00  1.0000000e+00]]
[-0195.36, +0129.07, -1090.89]
1802, 1184, 1270
[[-8.2513160e-02  9.9546714e-01  4.3259220e-02 -8.4390000e+01]
 [ 2.6031420e-02 -4.1066260e-02  9.9864134e-01  1.5420000e+02]
 [ 9.9606654e-01  8.3709820e-02 -2.2339060e-02 -1.1746300e+03]
 [ 0.0000000e+00  0.0000000e+00  0.0000000e+00  1.0000000e+00]]
[-0159.58, +0120.03, -1097.90]
1274, 1509, 909
[[-8.2314340e-02  9.9545976e-01  4.3631360e-02 -8.4320000e+01]
 [ 2.5444560e-02 -4.1486100e-02  9.9863172e-01  1.5416000e+02]
 [ 9.9609056e-01  8.3502120e-02 -2.1720400e-02 -1.1746300e+03]
 [ 0.0000000e+00  0.0000000e+00  0.0000000e+00  1.0000000e+00]]
[-0156.65, +0041.31, -1086.72]
1056, 1649, 1183
[[-8.2310580e-02  9.9536516e-01  4.3126900e-02 -8.4340000e+01]
 [ 2.5324840e-02 -4.0880080e-02  9.9854780e-01  1.5418000e+02]
 [ 9.9597710e-01  8.3589800e-02 -2.1530500e-02 -1.1746500e+03]
 [ 0.0000000e+00  0.0000000e+00  0.0000000e+00  1.0000000e+00]]
[-0199.69, +0020.26, -1093.72]
1569, 1982, 1915
[[-8.2083280e-02  9.9551532e-01  4.1864400e-02 -8.4520000e+01]
 [ 2.6164680e-02 -3.9621280e-02  9.9865140e-01  1.5432000e+02]
 [ 9.9605160e-01  8.3297400e-02 -2.2562000e-02 -1.1746200e+03]
 [ 0.0000000e+00  0.0000000e+00  0.0000000e+00  1.0000000e+00]]
[-0220.53, +0050.80, -1106.53]
1995, 1814, 1712
[[-8.2709140e-02  9.9548460e-01  4.2279600e-02 -8.4480000e+01]
 [ 2.6393400e-02 -4.0040720e-02  9.9866568e-01  1.5430000e+02]
 [ 9.9603240e-01  8.3905680e-02 -2.2768420e-02 -1.1746500e+03]
 [ 0.0000000e+00  0.0000000e+00  0.0000000e+00  1.0000000e+00]]
[-0174.22, +0090.44, -1100.23]
2224, 1926, 1483
[[-8.3115780e-02  9.9548766e-01  4.1710460e-02 -8.4510000e+01]
 [ 2.6975740e-02 -3.9423300e-02  9.9868722e-01  1.5439000e+02]
 [ 9.9599586e-01  8.4309980e-02 -2.3396520e-02 -1.1746400e+03]
 [ 0.0000000e+00  0.0000000e+00  0.0000000e+00  1.0000000e+00]]
[-0144.00, +0082.64, -1113.97]
1451, 2105, 1713
[[-8.2299780e-02  9.9549328e-01  4.2033360e-02 -8.4440000e+01]
 [ 2.5378080e-02 -3.9854580e-02  9.9866524e-01  1.5429000e+02]
 [ 9.9605704e-01  8.3483160e-02 -2.1753360e-02 -1.1746400e+03]
 [ 0.0000000e+00  0.0000000e+00  0.0000000e+00  1.0000000e+00]]
[-0208.17, +0025.40, -1112.30]
1577, 1078, 1856
[[-8.2306900e-02  9.9547486e-01  4.3040420e-02 -8.4450000e+01]
 [ 2.5619380e-02 -4.0868200e-02  9.9864206e-01  1.5420000e+02]
 [ 9.9607546e-01  8.3499220e-02 -2.1934740e-02 -1.1746400e+03]
 [ 0.0000000e+00  0.0000000e+00  0.0000000e+00  1.0000000e+00]]
[-0232.18, +0129.66, -1114.48]
1706, 1152, 1394
[[-8.2306900e-02  9.9536810e-01  4.3351600e-02 -8.4410000e+01]
 [ 2.5932380e-02 -4.1066260e-02  9.9853640e-01  1.5419000e+02]
 [ 9.9597416e-01  8.3604880e-02 -2.2132800e-02 -1.1746400e+03]
 [ 0.0000000e+00  0.0000000e+00  0.0000000e+00  1.0000000e+00]]
[-0177.72, +0120.77, -1093.08]
1267, 1815, 2236
[[-8.291892e-02  9.955854e-01  4.133800e-02 -8.456000e+01]
 [ 2.526040e-02 -3.926100e-02  9.988014e-01  1.543100e+02]
 [ 9.961230e-01  8.397640e-02 -2.177892e-02 -1.174630e+03]
 [ 0.000000e+00  0.000000e+00  0.000000e+00  1.000000e+00]]
[-0261.27, +0057.13, -1136.89]
1339, 1317, 2123
[[-8.2513160e-02  9.9536760e-01  4.2738120e-02 -8.4470000e+01]
 [ 2.5512120e-02 -4.0472200e-02  9.9856216e-01  1.5421000e+02]
 [ 9.9595800e-01  8.3789000e-02 -2.1745000e-02 -1.1746000e+03]
 [ 0.0000000e+00  0.0000000e+00  0.0000000e+00  1.0000000e+00]]
[-0259.87, +0098.69, -1126.15]
1355, 2164, 2229
[[-8.3724560e-02  9.9551388e-01  3.8271600e-02 -8.4780000e+01]
 [ 2.5645800e-02 -3.6014800e-02  9.9879360e-01  1.5454000e+02]
 [ 9.9591912e-01  8.4843840e-02 -2.2273600e-02 -1.1746100e+03]
 [ 0.0000000e+00  0.0000000e+00  0.0000000e+00  1.0000000e+00]]
[-0243.53, +0037.07, -1135.12]
1269, 760, 979
[[-8.2116040e-02  9.9534544e-01  4.4314680e-02 -8.4310000e+01]
 [ 2.5170680e-02 -4.2104200e-02  9.9851616e-01  1.5405000e+02]
 [ 9.9601344e-01  8.3399880e-02 -2.1300200e-02 -1.1746500e+03]
 [ 0.0000000e+00  0.0000000e+00  0.0000000e+00  1.0000000e+00]]
[-0180.85, +0124.97, -1077.76]
1333, 992, 923
[[-8.2532160e-02  9.9543584e-01  4.4008240e-02 -8.4330000e+01]
 [ 2.4866240e-02 -4.1918100e-02  9.9863848e-01  1.5411000e+02]
 [ 9.9609784e-01  8.3693680e-02 -2.1110100e-02 -1.1746700e+03]
 [ 0.0000000e+00  0.0000000e+00  0.0000000e+00  1.0000000e+00]]
[-0162.94, +0098.40, -1075.48]
1198, 877, 2152
[[-8.2104400e-02  9.9547984e-01  4.2597080e-02 -8.4500000e+01]
 [ 2.4599840e-02 -4.0484160e-02  9.9865384e-01  1.5416000e+02]
 [ 9.9608708e-01  8.3273840e-02 -2.0928400e-02 -1.1746300e+03]
 [ 0.0000000e+00  0.0000000e+00  0.0000000e+00  1.0000000e+00]]
[-0269.90, +0123.70, -1157.38]
1110, 1616, 872
[[-8.1692160e-02  9.9548224e-01  4.3616000e-02 -8.4310000e+01]
 [ 2.5232000e-02 -4.1474260e-02  9.9860924e-01  1.5415000e+02]
 [ 9.9611776e-01  8.2898600e-02 -2.1506260e-02 -1.1746400e+03]
 [ 0.0000000e+00  0.0000000e+00  0.0000000e+00  1.0000000e+00]]
[-0165.16, +0019.91, -1093.70]
1889, 2163, 2069
[[-8.2489920e-02  9.9562464e-01  4.0983680e-02 -8.4590000e+01]
 [ 2.6434240e-02 -3.8806080e-02  9.9877824e-01  1.5440000e+02]
 [ 9.9611712e-01  8.3596160e-02 -2.2992000e-02 -1.1746100e+03]
 [ 0.0000000e+00  0.0000000e+00  0.0000000e+00  1.0000000e+00]]
[-0207.93, +0059.57, -1109.34]
882, 1267, 1807
[[-8.1696040e-02  9.9537260e-01  4.3702520e-02 -8.4310000e+01]
 [ 2.4937480e-02 -4.1486100e-02  9.9851486e-01  1.5410000e+02]
 [ 9.9601940e-01  8.2989100e-02 -2.1102100e-02 -1.1746400e+03]
 [ 0.0000000e+00  0.0000000e+00  0.0000000e+00  1.0000000e+00]]
[-0272.43, +0064.40, -1122.57]
1190, 1554, 1391
[[-8.2310580e-02  9.9557322e-01  4.3128760e-02 -8.4360000e+01]
 [ 2.5322980e-02 -4.1078100e-02  9.9873924e-01  1.5417000e+02]
 [ 9.9618516e-01  8.3398360e-02 -2.1728520e-02 -1.1746500e+03]
 [ 0.0000000e+00  0.0000000e+00  0.0000000e+00  1.0000000e+00]]
[-0212.16, +0045.87, -1086.88]
1809, 1784, 756
[[-8.2093480e-02  9.9549042e-01  4.3062900e-02 -8.4350000e+01]
 [ 2.6214420e-02 -4.0844680e-02  9.9862650e-01  1.5425000e+02]
 [ 9.9607650e-01  8.3312100e-02 -2.2537160e-02 -1.1746400e+03]
 [ 0.0000000e+00  0.0000000e+00  0.0000000e+00  1.0000000e+00]]
[-0111.57, +0053.77, -1130.97]
940, 1552, 1914
[[-8.2520520e-02  9.9546134e-01  4.2809740e-02 -8.4410000e+01]
 [ 2.4816260e-02 -4.0694100e-02  9.9866398e-01  1.5418000e+02]
 [ 9.9607234e-01  8.3679820e-02 -2.1134580e-02 -1.1746500e+03]
 [ 0.0000000e+00  0.0000000e+00  0.0000000e+00  1.0000000e+00]]
[-0269.58, +0047.96, -1132.97]
1346, 1330, 1672
[[-8.1471220e-02  9.9551276e-01  4.3047320e-02 -8.4390000e+01]
 [ 2.6002040e-02 -4.0833040e-02  9.9860416e-01  1.5418000e+02]
 [ 9.9610372e-01  8.2708640e-02 -2.2322820e-02 -1.1746000e+03]
 [ 0.0000000e+00  0.0000000e+00  0.0000000e+00  1.0000000e+00]]
[-0230.20, +0088.84, -1092.07]
1681, 1656, 851
[[-8.2093480e-02  9.9559356e-01  4.3167800e-02 -8.4360000e+01]
 [ 2.6317560e-02 -4.1042820e-02  9.9871890e-01  1.5422000e+02]
 [ 9.9618140e-01  8.3219700e-02 -2.2735300e-02 -1.1746200e+03]
 [ 0.0000000e+00  0.0000000e+00  0.0000000e+00  1.0000000e+00]]
[-0121.91, +0057.36, -1111.65]
1663, 1596, 2153
[[-8.3335200e-02  9.9535544e-01  4.1965520e-02 -8.4540000e+01]
 [ 2.5894640e-02 -3.9668640e-02  9.9860744e-01  1.5429000e+02]
 [ 9.9590312e-01  8.4586640e-02 -2.2183200e-02 -1.1746400e+03]
 [ 0.0000000e+00  0.0000000e+00  0.0000000e+00  1.0000000e+00]]
[-0240.65, +0098.95, -1116.49]
2129, 1262, 1777
[[-8.2496160e-02  9.9550044e-01  4.2302120e-02 -8.4530000e+01]
 [ 2.6988520e-02 -4.0017360e-02  9.9864984e-01  1.5429000e+02]
 [ 9.9603324e-01  8.3718320e-02 -2.3370960e-02 -1.1746000e+03]
 [ 0.0000000e+00  0.0000000e+00  0.0000000e+00  1.0000000e+00]]
[-0181.49, +0139.27, -1121.08]
1458, 1691, 2113
[[-8.2715940e-02  9.9547836e-01  4.1830000e-02 -8.4510000e+01]
 [ 2.5178200e-02 -3.9668640e-02  9.9868836e-01  1.5427000e+02]
 [ 9.9603864e-01  8.3876200e-02 -2.1563940e-02 -1.1746400e+03]
 [ 0.0000000e+00  0.0000000e+00  0.0000000e+00  1.0000000e+00]]
[-0251.53, +0074.52, -1118.76]
1567, 1697, 1278
[[-8.2097040e-02  9.9538424e-01  4.2733360e-02 -8.4390000e+01]
 [ 2.5503760e-02 -4.0460320e-02  9.9854552e-01  1.5423000e+02]
 [ 9.9597464e-01  8.3389520e-02 -2.1736720e-02 -1.1746600e+03]
 [ 0.0000000e+00  0.0000000e+00  0.0000000e+00  1.0000000e+00]]
[-0168.28, +0056.13, -1090.11]
2000, 1759, 2110
[[-8.3112740e-02  9.9539094e-01  4.1414280e-02 -8.4600000e+01]
 [ 2.7063780e-02 -3.9015700e-02  9.9859636e-01  1.5436000e+02]
 [ 9.9588444e-01  8.4403880e-02 -2.3405200e-02 -1.1746000e+03]
 [ 0.0000000e+00  0.0000000e+00  0.0000000e+00  1.0000000e+00]]
[-0212.42, +0103.02, -1109.63]
1154, 1171, 1588
[[-8.252432e-02  9.953460e-01  4.352040e-02 -8.438000e+01]
 [ 2.514600e-02 -4.130000e-02  9.985500e-01  1.541400e+02]
 [ 9.959796e-01  8.379000e-02 -2.132432e-02 -1.174640e+03]
 [ 0.000000e+00  0.000000e+00  0.000000e+00  1.000000e+00]]
[-0241.78, +0086.53, -1091.39]
1783, 1463, 1486
[[-8.2715940e-02  9.9547140e-01  4.2662400e-02 -8.4450000e+01]
 [ 2.6010600e-02 -4.0460320e-02  9.9866228e-01  1.5424000e+02]
 [ 9.9604560e-01  8.3902280e-02 -2.2355620e-02 -1.1746400e+03]
 [ 0.0000000e+00  0.0000000e+00  0.0000000e+00  1.0000000e+00]]
[-0175.60, +0099.91, -1091.78]
1548, 1448, 1966
[[-8.2719460e-02  9.9546836e-01  4.2437600e-02 -8.4470000e+01]
 [ 2.5403000e-02 -4.0274260e-02  9.9867364e-01  1.5423000e+02]
 [ 9.9604864e-01  8.3887400e-02 -2.1753360e-02 -1.1746400e+03]
 [ 0.0000000e+00  0.0000000e+00  0.0000000e+00  1.0000000e+00]]
[-0240.88, +0095.40, -1108.33]
1645, 992, 911
[[-8.2112080e-02  9.9535408e-01  4.3915200e-02 -8.4340000e+01]
 [ 2.5154080e-02 -4.1696080e-02  9.9852480e-01  1.5412000e+02]
 [ 9.9600480e-01  8.3395200e-02 -2.1308160e-02 -1.1746500e+03]
 [ 0.0000000e+00  0.0000000e+00  0.0000000e+00  1.0000000e+00]]
[-0141.08, +0118.92, -1096.77]
1812, 832, 1526
[[-8.2513160e-02  9.9536400e-01  4.3154280e-02 -8.4450000e+01]
 [ 2.5928280e-02 -4.0868200e-02  9.9854896e-01  1.5417000e+02]
 [ 9.9596160e-01  8.3802200e-02 -2.2141000e-02 -1.1746300e+03]
 [ 0.0000000e+00  0.0000000e+00  0.0000000e+00  1.0000000e+00]]
[-0190.47, +0157.66, -1125.30]
1705, 1656, 1658
[[-8.2093480e-02  9.9549570e-01  4.2438780e-02 -8.4440000e+01]
 [ 2.5590300e-02 -4.0250500e-02  9.9864630e-01  1.5424000e+02]
 [ 9.9607122e-01  8.3292300e-02 -2.1942980e-02 -1.1746200e+03]
 [ 0.0000000e+00  0.0000000e+00  0.0000000e+00  1.0000000e+00]]
[-0197.64, +0078.77, -1091.70]
1472, 1739, 1925
[[-8.2709140e-02  9.9548626e-01  4.2071500e-02 -8.4490000e+01]
 [ 2.6185300e-02 -3.9842740e-02  9.9867226e-01  1.5427000e+02]
 [ 9.9603074e-01  8.3899100e-02 -2.2570440e-02 -1.1746300e+03]
 [ 0.0000000e+00  0.0000000e+00  0.0000000e+00  1.0000000e+00]]
[-0236.87, +0064.08, -1106.16]
2000, 1449, 2071
[[-8.2489920e-02  9.9551528e-01  4.1711200e-02 -8.4580000e+01]
 [ 2.7163280e-02 -3.9400020e-02  9.9865960e-01  1.5431000e+02]
 [ 9.9601840e-01  8.3714800e-02 -2.3585940e-02 -1.1745900e+03]
 [ 0.0000000e+00  0.0000000e+00  0.0000000e+00  1.0000000e+00]]
[-0212.98, +0126.66, -1118.39]
1663, 2133, 1349
[[-8.2712500e-02  9.9547970e-01  4.2262900e-02 -8.4400000e+01]
 [ 2.5993900e-02 -4.0052520e-02  9.9867058e-01  1.5429000e+02]
 [ 9.9603730e-01  8.3897420e-02 -2.2364020e-02 -1.1746400e+03]
 [ 0.0000000e+00  0.0000000e+00  0.0000000e+00  1.0000000e+00]]
[-0163.37, +0025.78, -1113.89]
1394, 879, 1986
[[-8.2516800e-02  9.9536104e-01  4.2929520e-02 -8.4460000e+01]
 [ 2.5320720e-02 -4.0682100e-02  9.9856034e-01  1.5415000e+02]
 [ 9.9596456e-01  8.3787180e-02 -2.1538740e-02 -1.1746100e+03]
 [ 0.0000000e+00  0.0000000e+00  0.0000000e+00  1.0000000e+00]]
[-0253.60, +0135.87, -1139.19]
1982, 969, 1196
[[-8.3349280e-02  9.9542884e-01  4.3252120e-02 -8.4430000e+01]
 [ 2.5648840e-02 -4.1102020e-02  9.9867964e-01  1.5419000e+02]
 [ 9.9603788e-01  8.4500360e-02 -2.1951300e-02 -1.1746700e+03]
 [ 0.0000000e+00  0.0000000e+00  0.0000000e+00  1.0000000e+00]]
[-0147.68, +0143.90, -1123.26]
1348, 2106, 2216
[[-8.2906120e-02  9.9551074e-01  4.0051340e-02 -8.4610000e+01]
 [ 2.5506460e-02 -3.7828900e-02  9.9872798e-01  1.5439000e+02]
 [ 9.9598954e-01  8.4062620e-02 -2.2011780e-02 -1.1746400e+03]
 [ 0.0000000e+00  0.0000000e+00  0.0000000e+00  1.0000000e+00]]
[-0245.48, +0040.00, -1133.54]
1923, 2176, 1855
[[-8.2915600e-02  9.9548528e-01  4.1457960e-02 -8.4490000e+01]
 [ 2.5764800e-02 -3.9249040e-02  9.9869772e-01  1.5437000e+02]
 [ 9.9601500e-01  8.4083400e-02 -2.2183200e-02 -1.1746900e+03]
 [ 0.0000000e+00  0.0000000e+00  0.0000000e+00  1.0000000e+00]]
[-0183.55, +0053.50, -1106.42]
1676, 1538, 1503
[[-8.2100680e-02  9.9548262e-01  4.2821700e-02 -8.4390000e+01]
 [ 2.5207380e-02 -4.0670180e-02  9.9864270e-01  1.5420000e+02]
 [ 9.9608430e-01  8.3288700e-02 -2.1530500e-02 -1.1746600e+03]
 [ 0.0000000e+00  0.0000000e+00  0.0000000e+00  1.0000000e+00]]
[-0186.51, +0083.83, -1088.04]
1357, 1787, 1526
[[-8.2299780e-02  9.9548806e-01  4.2657540e-02 -8.4420000e+01]
 [ 2.6002260e-02 -4.0448520e-02  9.9864562e-01  1.5423000e+02]
 [ 9.9606226e-01  8.3502780e-02 -2.2347300e-02 -1.1746300e+03]
 [ 0.0000000e+00  0.0000000e+00  0.0000000e+00  1.0000000e+00]]
[-0206.65, +0040.52, -1094.90]
796, 1983, 1883
[[-8.1471220e-02  9.9562654e-01  4.1904320e-02 -8.4400000e+01]
 [ 2.4857260e-02 -3.9842740e-02  9.9873584e-01  1.5423000e+02]
 [ 9.9619792e-01  8.2576960e-02 -2.1332520e-02 -1.1746600e+03]
 [ 0.0000000e+00  0.0000000e+00  0.0000000e+00  1.0000000e+00]]
[-0252.49, +0013.04, -1156.09]
2241, 1382, 1076
[[-8.2915600e-02  9.9547544e-01  4.2706680e-02 -8.4460000e+01]
 [ 2.7013520e-02 -4.0436800e-02  9.9865824e-01  1.5429000e+02]
 [ 9.9602484e-01  8.4122880e-02 -2.3370960e-02 -1.1746800e+03]
 [ 0.0000000e+00  0.0000000e+00  0.0000000e+00  1.0000000e+00]]
[-0122.79, +0113.83, -1133.01]
1074, 826, 1501
[[-8.2318180e-02  9.9545312e-01  4.3822800e-02 -8.4350000e+01]
 [ 2.5253120e-02 -4.1696080e-02  9.9862980e-01  1.5409000e+02]
 [ 9.9609720e-01  8.3500200e-02 -2.1514260e-02 -1.1746600e+03]
 [ 0.0000000e+00  0.0000000e+00  0.0000000e+00  1.0000000e+00]]
[-0249.56, +0116.86, -1098.70]
2198, 1743, 1918
[[-8.4152200e-02  9.9535124e-01  4.1435480e-02 -8.4610000e+01]
 [ 2.7283720e-02 -3.9039300e-02  9.9863606e-01  1.5440000e+02]
 [ 9.9583964e-01  8.5406620e-02 -2.3629540e-02 -1.1746200e+03]
 [ 0.0000000e+00  0.0000000e+00  0.0000000e+00  1.0000000e+00]]
[-0183.97, +0107.22, -1108.21]
888, 1008, 888
[[-8.1498100e-02  9.9536126e-01  4.4490920e-02 -8.4220000e+01]
 [ 2.4766420e-02 -4.2302340e-02  9.9849164e-01  1.5403000e+02]
 [ 9.9604724e-01  8.2794280e-02 -2.0880400e-02 -1.1746600e+03]
 [ 0.0000000e+00  0.0000000e+00  0.0000000e+00  1.0000000e+00]]
[-0199.60, +0060.02, -1064.38]
1675, 1200, 959
[[-8.1890820e-02  9.9548780e-01  4.3451680e-02 -8.4370000e+01]
 [ 2.6027000e-02 -4.1252640e-02  9.9861220e-01  1.5418000e+02]
 [ 9.9609568e-01  8.3113000e-02 -2.2322820e-02 -1.1746300e+03]
 [ 0.0000000e+00  0.0000000e+00  0.0000000e+00  1.0000000e+00]]
[-0138.53, +0101.52, -1095.37]
2146, 1652, 1971
[[-8.4158280e-02  9.9544450e-01  4.1506380e-02 -8.4600000e+01]
 [ 2.6588100e-02 -3.9261000e-02  9.9873850e-01  1.5437000e+02]
 [ 9.9595462e-01  8.5298100e-02 -2.3018280e-02 -1.1746300e+03]
 [ 0.0000000e+00  0.0000000e+00  0.0000000e+00  1.0000000e+00]]
[-0193.11, +0114.71, -1110.33]
1690, 1578, 1689
[[-8.2097040e-02  9.9548916e-01  4.2630240e-02 -8.4420000e+01]
 [ 2.5398840e-02 -4.0460320e-02  9.9864452e-01  1.5422000e+02]
 [ 9.9607776e-01  8.3290520e-02 -2.1736720e-02 -1.1746500e+03]
 [ 0.0000000e+00  0.0000000e+00  0.0000000e+00  1.0000000e+00]]
[-0202.53, +0085.26, -1091.77]
805, 1834, 1010
[[-8.0860320e-02  9.9551508e-01  4.3606600e-02 -8.4240000e+01]
 [ 2.5214920e-02 -4.1450820e-02  9.9857640e-01  1.5414000e+02]
 [ 9.9615060e-01  8.2099600e-02 -2.1490500e-02 -1.1746700e+03]
 [ 0.0000000e+00  0.0000000e+00  0.0000000e+00  1.0000000e+00]]
[-0195.40, -0012.14, -1124.52]
1122, 2247, 1369
[[-8.1880260e-02  9.9551634e-01  4.1837140e-02 -8.4390000e+01]
 [ 2.5561340e-02 -3.9633000e-02  9.9865038e-01  1.5434000e+02]
 [ 9.9606714e-01  8.3085380e-02 -2.1951300e-02 -1.1746400e+03]
 [ 0.0000000e+00  0.0000000e+00  0.0000000e+00  1.0000000e+00]]
[-0193.79, -0003.32, -1138.37]
1280, 1805, 1888
[[-8.3125380e-02  9.9546786e-01  4.2284540e-02 -8.4470000e+01]
 [ 2.6401660e-02 -4.0052520e-02  9.9868242e-01  1.5425000e+02]
 [ 9.9601566e-01  8.4305180e-02 -2.2776900e-02 -1.1746100e+03]
 [ 0.0000000e+00  0.0000000e+00  0.0000000e+00  1.0000000e+00]]
[-0242.41, +0049.39, -1112.36]
1155, 1410, 1278
[[-8.189826e-02  9.955832e-01  4.331554e-02 -8.432000e+01]
 [ 2.512304e-02 -4.127616e-02  9.987208e-01  1.541500e+02]
 [ 9.962083e-01  8.299696e-02 -2.151426e-02 -1.174660e+03]
 [ 0.000000e+00  0.000000e+00  0.000000e+00  1.000000e+00]]
[-0207.62, +0052.69, -1080.49]
1504, 1606, 2024
[[-8.2292980e-02  9.9550292e-01  4.2066600e-02 -8.4500000e+01]
 [ 2.6177080e-02 -3.9830980e-02  9.9865560e-01  1.5428000e+02]
 [ 9.9604740e-01  8.3499600e-02 -2.2562000e-02 -1.1746200e+03]
 [ 0.0000000e+00  0.0000000e+00  0.0000000e+00  1.0000000e+00]]
[-0242.52, +0084.29, -1110.28]
2075, 1334, 1472
[[-8.2292980e-02  9.9539474e-01  4.2585920e-02 -8.4480000e+01]
 [ 2.6698060e-02 -4.0227060e-02  9.9854336e-01  1.5428000e+02]
 [ 9.9594752e-01  8.3611840e-02 -2.2958080e-02 -1.1746200e+03]
 [ 0.0000000e+00  0.0000000e+00  0.0000000e+00  1.0000000e+00]]
[-0156.51, +0126.74, -1112.34]
1957, 1946, 1299
[[-8.2303300e-02  9.9548502e-01  4.2432860e-02 -8.4400000e+01]
 [ 2.5394700e-02 -4.0262340e-02  9.9865698e-01  1.5429000e+02]
 [ 9.9606530e-01  8.3487900e-02 -2.1745000e-02 -1.1746600e+03]
 [ 0.0000000e+00  0.0000000e+00  0.0000000e+00  1.0000000e+00]]
[-0143.19, +0059.13, -1109.25]
1411, 1069, 987
[[-8.1284040e-02  9.9548546e-01  4.3994380e-02 -8.4320000e+01]
 [ 2.4840380e-02 -4.1882340e-02  9.9858886e-01  1.5411000e+02]
 [ 9.9614746e-01  8.2495180e-02 -2.1086340e-02 -1.1746300e+03]
 [ 0.0000000e+00  0.0000000e+00  0.0000000e+00  1.0000000e+00]]
[-0163.34, +0098.55, -1078.32]
1423, 1981, 1204
[[-8.2715940e-02  9.9547314e-01  4.2454300e-02 -8.4400000e+01]
 [ 2.5802500e-02 -4.0262340e-02  9.9866886e-01  1.5426000e+02]
 [ 9.9604386e-01  8.3895700e-02 -2.2157640e-02 -1.1746600e+03]
 [ 0.0000000e+00  0.0000000e+00  0.0000000e+00  1.0000000e+00]]
[-0165.82, +0021.13, -1108.17]
1270, 818, 1316
[[-8.2112080e-02  9.9535604e-01  4.3707160e-02 -8.4360000e+01]
 [ 2.4946040e-02 -4.1498020e-02  9.9853142e-01  1.5411000e+02]
 [ 9.9600284e-01  8.3388580e-02 -2.1110100e-02 -1.1746500e+03]
 [ 0.0000000e+00  0.0000000e+00  0.0000000e+00  1.0000000e+00]]
[-0215.79, +0127.86, -1087.79]
929, 1627, 2191
[[-8.2296340e-02  9.9560294e-01  4.1946800e-02 -8.4450000e+01]
 [ 2.5672700e-02 -3.9842740e-02  9.9875944e-01  1.5421000e+02]
 [ 9.9615544e-01  8.3392400e-02 -2.2157640e-02 -1.1746100e+03]
 [ 0.0000000e+00  0.0000000e+00  0.0000000e+00  1.0000000e+00]]
[-0274.73, +0053.25, -1155.43]
852, 1754, 853
[[-8.1078100e-02  9.9549136e-01  4.3983880e-02 -8.4220000e+01]
 [ 2.4636320e-02 -4.1882340e-02  9.9858296e-01  1.5412000e+02]
 [ 9.9615796e-01  8.2291120e-02 -2.0880400e-02 -1.1746600e+03]
 [ 0.0000000e+00  0.0000000e+00  0.0000000e+00  1.0000000e+00]]
[-0179.13, -0008.77, -1116.69]
1017, 1206, 1602
[[-8.1898260e-02  9.9547824e-01  4.3418600e-02 -8.4360000e+01]
 [ 2.5228000e-02 -4.1276160e-02  9.9862176e-01  1.5414000e+02]
 [ 9.9610524e-01  8.3096000e-02 -2.1514260e-02 -1.1746300e+03]
 [ 0.0000000e+00  0.0000000e+00  0.0000000e+00  1.0000000e+00]]
[-0254.31, +0074.33, -1098.23]
1533, 1227, 1165
[[-8.2100680e-02  9.9547710e-01  4.3445820e-02 -8.4350000e+01]
 [ 2.5831500e-02 -4.1264360e-02  9.9862290e-01  1.5416000e+02]
 [ 9.9608982e-01  8.3308500e-02 -2.2124680e-02 -1.1746200e+03]
 [ 0.0000000e+00  0.0000000e+00  0.0000000e+00  1.0000000e+00]]
[-0168.14, +0098.16, -1082.84]
1527, 1073, 1800
[[-8.2310580e-02  9.9547012e-01  4.3023800e-02 -8.4420000e+01]
 [ 2.5219880e-02 -4.0880080e-02  9.9864680e-01  1.5417000e+02]
 [ 9.9608020e-01  8.3490800e-02 -2.1530500e-02 -1.1746300e+03]
 [ 0.0000000e+00  0.0000000e+00  0.0000000e+00  1.0000000e+00]]
[-0230.23, +0128.01, -1110.13]
1969, 1402, 1547
[[-8.2299780e-02  9.9538490e-01  4.2552640e-02 -8.4440000e+01]
 [ 2.5899100e-02 -4.0250500e-02  9.9855320e-01  1.5426000e+02]
 [ 9.9595736e-01  8.3595200e-02 -2.2149280e-02 -1.1746500e+03]
 [ 0.0000000e+00  0.0000000e+00  0.0000000e+00  1.0000000e+00]]
[-0167.97, +0117.67, -1102.64]
1699, 1857, 1467
[[-8.2097040e-02  9.9538604e-01  4.2525320e-02 -8.4390000e+01]
 [ 2.5295720e-02 -4.0262340e-02  9.9855206e-01  1.5424000e+02]
 [ 9.9597284e-01  8.3382980e-02 -2.1538740e-02 -1.1746700e+03]
 [ 0.0000000e+00  0.0000000e+00  0.0000000e+00  1.0000000e+00]]
[-0175.13, +0052.15, -1095.66]
1688, 968, 1662
[[-8.2520520e-02  9.9545758e-01  4.3225900e-02 -8.4410000e+01]
 [ 2.5232420e-02 -4.1090020e-02  9.9865090e-01  1.5415000e+02]
 [ 9.9607610e-01  8.3692900e-02 -2.1530500e-02 -1.1746200e+03]
 [ 0.0000000e+00  0.0000000e+00  0.0000000e+00  1.0000000e+00]]
[-0211.47, +0141.24, -1112.65]
2191, 1817, 2043
[[-8.3732840e-02  9.9537480e-01  4.1239080e-02 -8.4620000e+01]
 [ 2.7466920e-02 -3.8817800e-02  9.9862056e-01  1.5441000e+02]
 [ 9.9585000e-01  8.5008600e-02 -2.3827400e-02 -1.1745900e+03]
 [ 0.0000000e+00  0.0000000e+00  0.0000000e+00  1.0000000e+00]]
[-0194.20, +0104.06, -1109.44]
1451, 775, 951
[[-8.1914100e-02  9.9544978e-01  4.4392540e-02 -8.4310000e+01]
 [ 2.4670100e-02 -4.2314260e-02  9.9860722e-01  1.5406000e+02]
 [ 9.9613370e-01  8.3094700e-02 -2.0888200e-02 -1.1746600e+03]
 [ 0.0000000e+00  0.0000000e+00  0.0000000e+00  1.0000000e+00]]
[-0163.44, +0132.47, -1088.75]
1717, 1331, 952
[[-8.2306900e-02  9.9547304e-01  4.3248480e-02 -8.4380000e+01]
 [ 2.5827440e-02 -4.1066260e-02  9.9863544e-01  1.5420000e+02]
 [ 9.9607728e-01  8.3505840e-02 -2.2132800e-02 -1.1746200e+03]
 [ 0.0000000e+00  0.0000000e+00  0.0000000e+00  1.0000000e+00]]
[-0132.31, +0090.97, -1099.10]
2072, 2125, 1497
[[-8.2484000e-02  9.9552996e-01  4.1120280e-02 -8.4510000e+01]
 [ 2.7338040e-02 -3.8782880e-02  9.9866916e-01  1.5442000e+02]
 [ 9.9600372e-01  8.3711160e-02 -2.3801120e-02 -1.1746200e+03]
 [ 0.0000000e+00  0.0000000e+00  0.0000000e+00  1.0000000e+00]]
[-0151.26, +0058.65, -1112.36]
1703, 756, 1926
[[-8.2723060e-02  9.9535506e-01  4.2940240e-02 -8.4480000e+01]
 [ 2.5524660e-02 -4.0682100e-02  9.9856632e-01  1.5416000e+02]
 [ 9.9595384e-01  8.3991120e-02 -2.1745000e-02 -1.1746100e+03]
 [ 0.0000000e+00  0.0000000e+00  0.0000000e+00  1.0000000e+00]]
[-0228.62, +0155.43, -1147.47]
874, 1293, 955
[[-8.087632e-02  9.955936e-01  4.427000e-02 -8.423000e+01]
 [ 2.434360e-02 -4.229050e-02  9.986675e-01  1.540800e+02]
 [ 9.962800e-01  8.199250e-02 -2.066682e-02 -1.174650e+03]
 [ 0.000000e+00  0.000000e+00  0.000000e+00  1.000000e+00]]
[-0200.97, +0029.77, -1077.35]
1618, 2051, 1980
[[-8.271250e-02  9.954865e-01  4.143050e-02 -8.453000e+01]
 [ 2.516150e-02 -3.926100e-02  9.986965e-01  1.543500e+02]
 [ 9.960305e-01  8.387150e-02 -2.157250e-02 -1.174670e+03]
 [ 0.000000e+00  0.000000e+00  0.000000e+00  1.000000e+00]]
[-0220.32, +0050.07, -1109.62]
2150, 1429, 1406
[[-8.2296340e-02  9.9538978e-01  4.2569280e-02 -8.4480000e+01]
 [ 2.6298580e-02 -4.0238740e-02  9.9854832e-01  1.5429000e+02]
 [ 9.9595248e-01  8.3603520e-02 -2.2553640e-02 -1.1746400e+03]
 [ 0.0000000e+00  0.0000000e+00  0.0000000e+00  1.0000000e+00]]
[-0146.17, +0119.08, -1115.14]
1172, 1983, 1906
[[-8.3128740e-02  9.9546636e-01  4.1851480e-02 -8.4490000e+01]
 [ 2.5585880e-02 -3.9668640e-02  9.9870036e-01  1.5428000e+02]
 [ 9.9601716e-01  8.4283880e-02 -2.1976740e-02 -1.1746200e+03]
 [ 0.0000000e+00  0.0000000e+00  0.0000000e+00  1.0000000e+00]]
[-0243.72, +0026.01, -1129.43]
1002, 1148, 951
[[-8.087632e-02  9.955936e-01  4.427000e-02 -8.425000e+01]
 [ 2.434360e-02 -4.229050e-02  9.986675e-01  1.540700e+02]
 [ 9.962800e-01  8.199250e-02 -2.066682e-02 -1.174650e+03]
 [ 0.000000e+00  0.000000e+00  0.000000e+00  1.000000e+00]]
[-0192.08, +0056.22, -1068.81]
1257, 2109, 881
[[-8.3139300e-02  9.9544328e-01  4.2841840e-02 -8.4340000e+01]
 [ 2.5428080e-02 -4.0694100e-02  9.9868204e-01  1.5427000e+02]
 [ 9.9604024e-01  8.4291640e-02 -2.1753360e-02 -1.1746600e+03]
 [ 0.0000000e+00  0.0000000e+00  0.0000000e+00  1.0000000e+00]]
[-0149.57, +0000.74, -1138.00]
1311, 1447, 1819
[[-8.2509600e-02  9.9547556e-01  4.2859720e-02 -8.4420000e+01]
 [ 2.6014760e-02 -4.0658340e-02  9.9864976e-01  1.5420000e+02]
 [ 9.9605812e-01  8.3704960e-02 -2.2347300e-02 -1.1746200e+03]
 [ 0.0000000e+00  0.0000000e+00  0.0000000e+00  1.0000000e+00]]
[-0242.67, +0079.08, -1101.32]
1164, 1372, 1947
[[-8.2306900e-02  9.9547850e-01  4.2624300e-02 -8.4450000e+01]
 [ 2.5203260e-02 -4.0472200e-02  9.9865518e-01  1.5420000e+02]
 [ 9.9607182e-01  8.3486100e-02 -2.1538740e-02 -1.1746400e+03]
 [ 0.0000000e+00  0.0000000e+00  0.0000000e+00  1.0000000e+00]]
[-0265.19, +0078.65, -1120.44]
1281, 886, 1889
[[-8.2314340e-02  9.9546166e-01  4.3423300e-02 -8.4400000e+01]
 [ 2.5236500e-02 -4.1288040e-02  9.9863834e-01  1.5413000e+02]
 [ 9.9608866e-01  8.3495500e-02 -2.1522340e-02 -1.1746200e+03]
 [ 0.0000000e+00  0.0000000e+00  0.0000000e+00  1.0000000e+00]]
[-0255.70, +0128.71, -1127.51]
827, 1876, 2132
[[-8.2715940e-02  9.9548706e-01  4.0789500e-02 -8.4480000e+01]
 [ 2.4137700e-02 -3.8679940e-02  9.9872006e-01  1.5428000e+02]
 [ 9.9602994e-01  8.3844500e-02 -2.0575240e-02 -1.1746700e+03]
 [ 0.0000000e+00  0.0000000e+00  0.0000000e+00  1.0000000e+00]]
[-0264.97, +0031.84, -1159.35]
1030, 1333, 1908
[[-8.2108200e-02  9.9536456e-01  4.3307680e-02 -8.4370000e+01]
 [ 2.4929440e-02 -4.1090020e-02  9.9853994e-01  1.5415000e+02]
 [ 9.9599432e-01  8.3383940e-02 -2.1118180e-02 -1.1746600e+03]
 [ 0.0000000e+00  0.0000000e+00  0.0000000e+00  1.0000000e+00]]
[-0266.00, +0072.66, -1119.49]
1871, 1586, 1297
[[-8.2296340e-02  9.9538808e-01  4.2777340e-02 -8.4400000e+01]
 [ 2.6506640e-02 -4.0436800e-02  9.9854168e-01  1.5425000e+02]
 [ 9.9595418e-01  8.3610160e-02 -2.2751700e-02 -1.1746300e+03]
 [ 0.0000000e+00  0.0000000e+00  0.0000000e+00  1.0000000e+00]]
[-0148.69, +0089.35, -1098.75]
2017, 1492, 886
[[-8.2303300e-02  9.9547790e-01  4.3265100e-02 -8.4380000e+01]
 [ 2.6226940e-02 -4.1054500e-02  9.9863058e-01  1.5424000e+02]
 [ 9.9607242e-01  8.3514300e-02 -2.2537160e-02 -1.1746500e+03]
 [ 0.0000000e+00  0.0000000e+00  0.0000000e+00  1.0000000e+00]]
[-0112.60, +0091.73, -1127.41]
1199, 1406, 1075
[[-8.1692160e-02  9.9548416e-01  4.3408000e-02 -8.4330000e+01]
 [ 2.5024000e-02 -4.1276160e-02  9.9861584e-01  1.5416000e+02]
 [ 9.9611584e-01  8.2892000e-02 -2.1308160e-02 -1.1746600e+03]
 [ 0.0000000e+00  0.0000000e+00  0.0000000e+00  1.0000000e+00]]
[-0183.96, +0050.28, -1078.05]
1088, 1979, 2049
[[-8.2289700e-02  9.9551272e-01  4.1459040e-02 -8.4480000e+01]
 [ 2.5952400e-02 -3.9225360e-02  9.9867028e-01  1.5429000e+02]
 [ 9.9603760e-01  8.3488200e-02 -2.2372500e-02 -1.1746100e+03]
 [ 0.0000000e+00  0.0000000e+00  0.0000000e+00  1.0000000e+00]]
[-0253.65, +0030.53, -1141.01]
1829, 859, 1579
[[-8.2723060e-02  9.9535142e-01  4.3356440e-02 -8.4420000e+01]
 [ 2.5940860e-02 -4.1078100e-02  9.9855308e-01  1.5417000e+02]
 [ 9.9595748e-01  8.4004360e-02 -2.2141000e-02 -1.1746400e+03]
 [ 0.0000000e+00  0.0000000e+00  0.0000000e+00  1.0000000e+00]]
[-0191.34, +0156.70, -1125.63]
1683, 1026, 2232
[[-8.3128740e-02  9.9556958e-01  4.1956400e-02 -8.4560000e+01]
 [ 2.5689100e-02 -3.9866500e-02  9.9879280e-01  1.5424000e+02]
 [ 9.9612208e-01  8.4191440e-02 -2.2174600e-02 -1.1746100e+03]
 [ 0.0000000e+00  0.0000000e+00  0.0000000e+00  1.0000000e+00]]
[-0246.08, +0135.44, -1147.59]
1607, 1358, 1316
[[-8.1894500e-02  9.9548484e-01  4.3227120e-02 -8.4360000e+01]
 [ 2.5419480e-02 -4.1066260e-02  9.9862364e-01  1.5418000e+02]
 [ 9.9609864e-01  8.3097880e-02 -2.1720400e-02 -1.1746600e+03]
 [ 0.0000000e+00  0.0000000e+00  0.0000000e+00  1.0000000e+00]]
[-0177.63, +0091.92, -1084.65]
1146, 1948, 1265
[[-8.2097040e-02  9.9548736e-01  4.2838280e-02 -8.4340000e+01]
 [ 2.5606880e-02 -4.0658340e-02  9.9863796e-01  1.5422000e+02]
 [ 9.9607956e-01  8.3297080e-02 -2.1934740e-02 -1.1746500e+03]
 [ 0.0000000e+00  0.0000000e+00  0.0000000e+00  1.0000000e+00]]
[-0191.87, +0006.34, -1112.59]
1764, 2107, 806
[[-8.2083280e-02  9.9551368e-01  4.2072440e-02 -8.4330000e+01]
 [ 2.6372720e-02 -3.9819300e-02  9.9864484e-01  1.5436000e+02]
 [ 9.9605324e-01  8.3303960e-02 -2.2760020e-02 -1.1746500e+03]
 [ 0.0000000e+00  0.0000000e+00  0.0000000e+00  1.0000000e+00]]
[-0123.10, +0031.50, -1141.24]
1445, 1682, 1209
[[-8.2306900e-02  9.9547486e-01  4.3040420e-02 -8.4340000e+01]
 [ 2.5619380e-02 -4.0868200e-02  9.9864206e-01  1.5421000e+02]
 [ 9.9607546e-01  8.3499220e-02 -2.1934740e-02 -1.1746400e+03]
 [ 0.0000000e+00  0.0000000e+00  0.0000000e+00  1.0000000e+00]]
[-0173.11, +0048.42, -1088.49]
1178, 1190, 1898
[[-8.2933000e-02  9.9534616e-01  4.2726120e-02 -8.4460000e+01]
 [ 2.5121000e-02 -4.0496200e-02  9.9858360e-01  1.5419000e+02]
 [ 9.9594600e-01  8.4180120e-02 -2.1349160e-02 -1.1746900e+03]
 [ 0.0000000e+00  0.0000000e+00  0.0000000e+00  1.0000000e+00]]
[-0264.63, +0094.24, -1118.58]
1074, 1031, 1416
[[-8.2116040e-02  9.9535144e-01  4.3690560e-02 -8.4340000e+01]
 [ 2.4546560e-02 -4.1510020e-02  9.9853602e-01  1.5413000e+02]
 [ 9.9600744e-01  8.3380020e-02 -2.0706020e-02 -1.1746900e+03]
 [ 0.0000000e+00  0.0000000e+00  0.0000000e+00  1.0000000e+00]]
[-0238.27, +0091.04, -1084.54]
1940, 1635, 798
[[-8.2090000e-02  9.9559852e-01  4.3184360e-02 -8.4340000e+01]
 [ 2.6717080e-02 -4.1031220e-02  9.9871394e-01  1.5424000e+02]
 [ 9.9617644e-01  8.3228140e-02 -2.3139780e-02 -1.1746400e+03]
 [ 0.0000000e+00  0.0000000e+00  0.0000000e+00  1.0000000e+00]]
[-0109.24, +0074.02, -1130.08]
2198, 1690, 1016
[[-8.2283380e-02  9.9551798e-01  4.2116460e-02 -8.4470000e+01]
 [ 2.7375580e-02 -3.9796180e-02  9.9864054e-01  1.5436000e+02]
 [ 9.9603234e-01  8.3524260e-02 -2.3775560e-02 -1.1746300e+03]
 [ 0.0000000e+00  0.0000000e+00  0.0000000e+00  1.0000000e+00]]
[-0118.65, +0088.04, -1130.52]
2006, 2184, 777
[[-8.2443720e-02  9.9576752e-01  3.4882640e-02 -8.4370000e+01]
 [ 2.8373680e-02 -3.2436100e-02  9.9886414e-01  1.5505000e+02]
 [ 9.9597424e-01  8.3556460e-02 -2.5361380e-02 -1.1747300e+03]
 [ 0.0000000e+00  0.0000000e+00  0.0000000e+00  1.0000000e+00]]
[-0117.41, +0042.86, -1144.04]
1541, 1885, 1211
[[-8.2502720e-02  9.9550056e-01  4.1020320e-02 -8.4480000e+01]
 [ 2.4941040e-02 -3.8853440e-02  9.9869856e-01  1.5434000e+02]
 [ 9.9603312e-01  8.3663040e-02 -2.1374720e-02 -1.1746700e+03]
 [ 0.0000000e+00  0.0000000e+00  0.0000000e+00  1.0000000e+00]]
[-0164.93, +0038.10, -1098.95]
1338, 775, 981
[[-8.2314340e-02  9.9546926e-01  4.2591060e-02 -8.4420000e+01]
 [ 2.4404260e-02 -4.0496200e-02  9.9866442e-01  1.5416000e+02]
 [ 9.9608106e-01  8.3469420e-02 -2.0730500e-02 -1.1746500e+03]
 [ 0.0000000e+00  0.0000000e+00  0.0000000e+00  1.0000000e+00]]
[-0175.95, +0127.45, -1081.30]
1578, 1908, 910
[[-8.3541700e-02  9.9535608e-01  4.1143660e-02 -8.4490000e+01]
 [ 2.5265760e-02 -3.8877600e-02  9.9863928e-01  1.5436000e+02]
 [ 9.9588562e-01  8.4764640e-02 -2.1598660e-02 -1.1746900e+03]
 [ 0.0000000e+00  0.0000000e+00  0.0000000e+00  1.0000000e+00]]
[-0131.96, +0031.93, -1118.19]
2027, 1735, 1051
[[-8.2489920e-02  9.9552136e-01  4.0878880e-02 -8.4540000e+01]
 [ 2.6330960e-02 -3.8608180e-02  9.9868576e-01  1.5438000e+02]
 [ 9.9601232e-01  8.3688640e-02 -2.2794100e-02 -1.1746400e+03]
 [ 0.0000000e+00  0.0000000e+00  0.0000000e+00  1.0000000e+00]]
[-0122.36, +0078.52, -1120.36]
1350, 753, 1465
[[-8.3552020e-02  9.9543836e-01  4.2030720e-02 -8.4500000e+01]
 [ 2.5003240e-02 -3.9902740e-02  9.9872016e-01  1.5419000e+02]
 [ 9.9601152e-01  8.4673440e-02 -2.1374720e-02 -1.1746400e+03]
 [ 0.0000000e+00  0.0000000e+00  0.0000000e+00  1.0000000e+00]]
[-0223.49, +0141.59, -1104.16]
896, 1233, 887
[[-8.1898260e-02  9.9548584e-01  4.2586520e-02 -8.4350000e+01]
 [ 2.4395920e-02 -4.0484160e-02  9.9864784e-01  1.5416000e+02]
 [ 9.9609764e-01  8.3069920e-02 -2.0722260e-02 -1.1746800e+03]
 [ 0.0000000e+00  0.0000000e+00  0.0000000e+00  1.0000000e+00]]
[-0192.34, +0035.09, -1073.42]
1176, 1207, 2114
[[-8.3748240e-02  9.9545656e-01  4.0843000e-02 -8.4600000e+01]
 [ 2.5156400e-02 -3.8679940e-02  9.9875056e-01  1.5429000e+02]
 [ 9.9597644e-01  8.4863200e-02 -2.1607540e-02 -1.1746600e+03]
 [ 0.0000000e+00  0.0000000e+00  0.0000000e+00  1.0000000e+00]]
[-0272.58, +0097.25, -1139.40]
954, 1411, 1638
[[-8.2929360e-02  9.9546484e-01  4.1599120e-02 -8.4460000e+01]
 [ 2.4374920e-02 -3.9495060e-02  9.9871004e-01  1.5422000e+02]
 [ 9.9603544e-01  8.4057320e-02 -2.0764260e-02 -1.1746800e+03]
 [ 0.0000000e+00  0.0000000e+00  0.0000000e+00  1.0000000e+00]]
[-0254.15, +0050.10, -1105.47]
1906, 826, 1986
[[-8.457796e-02  9.953176e-01  4.159764e-02 -8.472000e+01]
 [ 2.630164e-02 -3.928516e-02  9.986616e-01  1.542800e+02]
 [ 9.958392e-01  8.578836e-02 -2.262276e-02 -1.174600e+03]
 [ 0.000000e+00  0.000000e+00  0.000000e+00  1.000000e+00]]
[-0217.80, +0156.39, -1150.42]
806, 1554, 1671
[[-8.2306900e-02  9.9547668e-01  4.2832360e-02 -8.4400000e+01]
 [ 2.5411320e-02 -4.0670180e-02  9.9864864e-01  1.5416000e+02]
 [ 9.9607364e-01  8.3492640e-02 -2.1736720e-02 -1.1746300e+03]
 [ 0.0000000e+00  0.0000000e+00  0.0000000e+00  1.0000000e+00]]
[-0259.54, +0030.15, -1123.89]
772, 1653, 1520
[[-8.1894500e-02  9.9559350e-01  4.2708000e-02 -8.4380000e+01]
 [ 2.4898500e-02 -4.0670180e-02  9.9873576e-01  1.5418000e+02]
 [ 9.9619800e-01  8.2985760e-02 -2.1324320e-02 -1.1746300e+03]
 [ 0.0000000e+00  0.0000000e+00  0.0000000e+00  1.0000000e+00]]
[-0247.03, +0014.47, -1122.49]
1483, 1977, 1249
[[-8.2922320e-02  9.9547236e-01  4.1840720e-02 -8.4480000e+01]
 [ 2.5382040e-02 -3.9668640e-02  9.9869436e-01  1.5430000e+02]
 [ 9.9602792e-01  8.4080040e-02 -2.1770320e-02 -1.1746600e+03]
 [ 0.0000000e+00  0.0000000e+00  0.0000000e+00  1.0000000e+00]]
[-0164.33, +0027.37, -1105.67]
2045, 795, 1356
[[-8.3128740e-02  9.9535804e-01  4.2370980e-02 -8.4560000e+01]
 [ 2.6107080e-02 -4.0064400e-02  9.9858836e-01  1.5423000e+02]
 [ 9.9591734e-01  8.4395880e-02 -2.2372500e-02 -1.1746000e+03]
 [ 0.0000000e+00  0.0000000e+00  0.0000000e+00  1.0000000e+00]]
[-0162.66, +0160.18, -1140.97]
1331, 1693, 889
[[-8.2303300e-02  9.9537832e-01  4.2744060e-02 -8.4430000e+01]
 [ 2.5707680e-02 -4.0460320e-02  9.9855144e-01  1.5423000e+02]
 [ 9.9596394e-01  8.3593440e-02 -2.1942980e-02 -1.1746400e+03]
 [ 0.0000000e+00  0.0000000e+00  0.0000000e+00  1.0000000e+00]]
[-0147.81, +0030.04, -1099.70]
1352, 986, 1642
[[-8.2506120e-02  9.9548390e-01  4.2460220e-02 -8.4500000e+01]
 [ 2.5998100e-02 -4.0250500e-02  9.9865810e-01  1.5420000e+02]
 [ 9.9604978e-01  8.3700100e-02 -2.2355620e-02 -1.1745900e+03]
 [ 0.0000000e+00  0.0000000e+00  0.0000000e+00  1.0000000e+00]]
[-0234.46, +0122.87, -1101.73]
1562, 906, 2177
[[-8.3958100e-02  9.9533584e-01  4.1564820e-02 -8.4650000e+01]
 [ 2.5690240e-02 -3.9285160e-02  9.9864336e-01  1.5426000e+02]
 [ 9.9587202e-01  8.5176960e-02 -2.2002900e-02 -1.1746100e+03]
 [ 0.0000000e+00  0.0000000e+00  0.0000000e+00  1.0000000e+00]]
[-0249.29, +0139.38, -1152.67]
863, 1148, 1919
[[-8.2520520e-02  9.9535636e-01  4.2912840e-02 -8.4410000e+01]
 [ 2.4921240e-02 -4.0694100e-02  9.9856502e-01  1.5414000e+02]
 [ 9.9596924e-01  8.3778780e-02 -2.1134580e-02 -1.1746400e+03]
 [ 0.0000000e+00  0.0000000e+00  0.0000000e+00  1.0000000e+00]]
[-0279.01, +0075.97, -1134.45]
1096, 1916, 1066
[[-8.2086600e-02  9.9550710e-01  4.2263900e-02 -8.4430000e+01]
 [ 2.6181260e-02 -4.0029000e-02  9.9864318e-01  1.5425000e+02]
 [ 9.9605982e-01  8.3302300e-02 -2.2553640e-02 -1.1746100e+03]
 [ 0.0000000e+00  0.0000000e+00  0.0000000e+00  1.0000000e+00]]
[-0178.02, +0001.51, -1115.22]
789, 2071, 1798
[[-8.2499400e-02  9.9561012e-01  4.0933760e-02 -8.4490000e+01]
 [ 2.5235680e-02 -3.8841480e-02  9.9879276e-01  1.5430000e+02]
 [ 9.9613164e-01  8.3572160e-02 -2.1778920e-02 -1.1746400e+03]
 [ 0.0000000e+00  0.0000000e+00  0.0000000e+00  1.0000000e+00]]
[-0243.58, +0005.49, -1157.61]
1127, 1687, 2092
[[-8.2705860e-02  9.9539282e-01  4.1359040e-02 -8.4570000e+01]
 [ 2.5857260e-02 -3.9039300e-02  9.9859448e-01  1.5428000e+02]
 [ 9.9591608e-01  8.3980160e-02 -2.2183200e-02 -1.1746200e+03]
 [ 0.0000000e+00  0.0000000e+00  0.0000000e+00  1.0000000e+00]]
[-0265.38, +0056.25, -1134.77]
1490, 1760, 1445
[[-8.2712500e-02  9.9537650e-01  4.2158000e-02 -8.4500000e+01]
 [ 2.5890700e-02 -3.9854580e-02  9.9857816e-01  1.5429000e+02]
 [ 9.9593240e-01  8.3989840e-02 -2.2166080e-02 -1.1746600e+03]
 [ 0.0000000e+00  0.0000000e+00  0.0000000e+00  1.0000000e+00]]
[-0185.61, +0052.24, -1090.18]
753, 1844, 824
[[-8.1898260e-02  9.9548014e-01  4.3210580e-02 -8.4290000e+01]
 [ 2.5019980e-02 -4.1078100e-02  9.9862834e-01  1.5417000e+02]
 [ 9.9610334e-01  8.3089420e-02 -2.1316200e-02 -1.1746700e+03]
 [ 0.0000000e+00  0.0000000e+00  0.0000000e+00  1.0000000e+00]]
[-0181.33, -0018.11, -1132.19]
2054, 1411, 1709
[[-8.3948500e-02  9.9535214e-01  4.1407480e-02 -8.4630000e+01]
 [ 2.6680460e-02 -3.9051220e-02  9.9863516e-01  1.5434000e+02]
 [ 9.9585572e-01  8.5194760e-02 -2.3018280e-02 -1.1746200e+03]
 [ 0.0000000e+00  0.0000000e+00  0.0000000e+00  1.0000000e+00]]
[-0179.56, +0126.40, -1109.28]
1739, 1926, 1433
[[-8.3135700e-02  9.9545696e-01  4.1817920e-02 -8.4480000e+01]
 [ 2.4786880e-02 -3.9692800e-02  9.9870976e-01  1.5429000e+02]
 [ 9.9602656e-01  8.4267520e-02 -2.1168340e-02 -1.1746600e+03]
 [ 0.0000000e+00  0.0000000e+00  0.0000000e+00  1.0000000e+00]]
[-0169.15, +0048.00, -1099.27]
2110, 1065, 1646
[[-8.4988320e-02  9.9541540e-01  4.1533480e-02 -8.4650000e+01]
 [ 2.7003800e-02 -3.9273040e-02  9.9876760e-01  1.5434000e+02]
 [ 9.9591548e-01  8.6105200e-02 -2.3440720e-02 -1.1746000e+03]
 [ 0.0000000e+00  0.0000000e+00  0.0000000e+00  1.0000000e+00]]
[-0177.17, +0149.85, -1129.62]
1356, 1988, 1620
[[-8.2292980e-02  9.9560944e-01  4.1755340e-02 -8.4510000e+01]
 [ 2.5864160e-02 -3.9633000e-02  9.9876112e-01  1.5430000e+02]
 [ 9.9614894e-01  8.3394080e-02 -2.2364020e-02 -1.1746200e+03]
 [ 0.0000000e+00  0.0000000e+00  0.0000000e+00  1.0000000e+00]]
[-0207.70, +0025.44, -1107.36]
1961, 831, 1178
[[-8.2723060e-02  9.9535506e-01  4.2940240e-02 -8.4480000e+01]
 [ 2.5524660e-02 -4.0682100e-02  9.9856632e-01  1.5419000e+02]
 [ 9.9595384e-01  8.3991120e-02 -2.1745000e-02 -1.1746300e+03]
 [ 0.0000000e+00  0.0000000e+00  0.0000000e+00  1.0000000e+00]]
[-0151.43, +0153.66, -1130.29]
1507, 1198, 1690
[[-8.2090000e-02  9.9550396e-01  4.2039280e-02 -8.4530000e+01]
 [ 2.5573720e-02 -3.9842740e-02  9.9865456e-01  1.5423000e+02]
 [ 9.9606296e-01  8.3287520e-02 -2.1951300e-02 -1.1746100e+03]
 [ 0.0000000e+00  0.0000000e+00  0.0000000e+00  1.0000000e+00]]
[-0225.25, +0110.73, -1097.08]
2139, 1389, 1345
[[-8.3529060e-02  9.9537110e-01  4.1835720e-02 -8.4570000e+01]
 [ 2.7488220e-02 -3.9423300e-02  9.9859996e-01  1.5432000e+02]
 [ 9.9587060e-01  8.4816600e-02 -2.3809800e-02 -1.1745800e+03]
 [ 0.0000000e+00  0.0000000e+00  0.0000000e+00  1.0000000e+00]]
[-0142.92, +0119.39, -1116.41]
1473, 1461, 845
[[-8.2516800e-02  9.9536104e-01  4.2929520e-02 -8.4410000e+01]
 [ 2.5320720e-02 -4.0682100e-02  9.9856034e-01  1.5420000e+02]
 [ 9.9596456e-01  8.3787180e-02 -2.1538740e-02 -1.1746500e+03]
 [ 0.0000000e+00  0.0000000e+00  0.0000000e+00  1.0000000e+00]]
[-0137.72, +0058.32, -1093.15]
812, 2142, 1498
[[-8.2296340e-02  9.9550146e-01  4.1633860e-02 -8.4410000e+01]
 [ 2.5361460e-02 -3.9446900e-02  9.9867342e-01  1.5429000e+02]
 [ 9.9604886e-01  8.3478420e-02 -2.1761800e-02 -1.1746300e+03]
 [ 0.0000000e+00  0.0000000e+00  0.0000000e+00  1.0000000e+00]]
[-0221.25, -0008.15, -1152.70]
821, 2217, 911
[[-8.1467700e-02  9.9563122e-01  4.1920760e-02 -8.4330000e+01]
 [ 2.5256780e-02 -3.9830980e-02  9.9873116e-01  1.5432000e+02]
 [ 9.9619324e-01  8.2585160e-02 -2.1736720e-02 -1.1746500e+03]
 [ 0.0000000e+00  0.0000000e+00  0.0000000e+00  1.0000000e+00]]
[-0177.42, -0017.34, -1161.78]
851, 1868, 1604
[[-8.2925800e-02  9.9546590e-01  4.2032100e-02 -8.4470000e+01]
 [ 2.5190660e-02 -3.9878500e-02  9.9869262e-01  1.5424000e+02]
 [ 9.9603438e-01  8.4078300e-02 -2.1563940e-02 -1.1746400e+03]
 [ 0.0000000e+00  0.0000000e+00  0.0000000e+00  1.0000000e+00]]
[-0241.68, +0010.24, -1132.86]
1359, 1450, 1628
[[-8.2712500e-02  9.9547970e-01  4.2262900e-02 -8.4480000e+01]
 [ 2.5993900e-02 -4.0052520e-02  9.9867058e-01  1.5424000e+02]
 [ 9.9603730e-01  8.3897420e-02 -2.2364020e-02 -1.1746000e+03]
 [ 0.0000000e+00  0.0000000e+00  0.0000000e+00  1.0000000e+00]]
[-0223.45, +0077.50, -1089.90]
1165, 1549, 1499
[[-8.2509600e-02  9.9547908e-01  4.2443560e-02 -8.4440000e+01]
 [ 2.5598600e-02 -4.0262340e-02  9.9866292e-01  1.5422000e+02]
 [ 9.9605460e-01  8.3691800e-02 -2.1951300e-02 -1.1746200e+03]
 [ 0.0000000e+00  0.0000000e+00  0.0000000e+00  1.0000000e+00]]
[-0223.95, +0046.50, -1091.32]
2018, 904, 2120
[[-8.7475400e-02  9.9502128e-01  4.2171360e-02 -8.5100000e+01]
 [ 2.9573280e-02 -3.9482900e-02  9.9854214e-01  1.5430000e+02]
 [ 9.9547536e-01  8.8846140e-02 -2.5717940e-02 -1.1744400e+03]
 [ 0.0000000e+00  0.0000000e+00  0.0000000e+00  1.0000000e+00]]
[-0218.50, +0152.08, -1149.23]
821, 2115, 1673
[[-8.1478500e-02  9.9560440e-01  4.3327300e-02 -8.4290000e+01]
 [ 2.5514080e-02 -4.1252640e-02  9.9869960e-01  1.5420000e+02]
 [ 9.9622006e-01  8.2605920e-02 -2.1910500e-02 -1.1746500e+03]
 [ 0.0000000e+00  0.0000000e+00  0.0000000e+00  1.0000000e+00]]
[-0233.07, -0001.16, -1153.86]
1231, 1328, 1056
[[-8.2124200e-02  9.9543714e-01  4.4594580e-02 -8.4300000e+01]
 [ 2.4682740e-02 -4.2524360e-02  9.9861114e-01  1.5411000e+02]
 [ 9.9612978e-01  8.3296740e-02 -2.0888200e-02 -1.1746700e+03]
 [ 0.0000000e+00  0.0000000e+00  0.0000000e+00  1.0000000e+00]]
[-0179.15, +0060.49, -1075.59]
821, 1193, 1189
[[-8.2124200e-02  9.9543506e-01  4.4802620e-02 -8.4240000e+01]
 [ 2.4890780e-02 -4.2722500e-02  9.9860446e-01  1.5406000e+02]
 [ 9.9613186e-01  8.3303420e-02 -2.1086340e-02 -1.1746500e+03]
 [ 0.0000000e+00  0.0000000e+00  0.0000000e+00  1.0000000e+00]]
[-0235.26, +0044.28, -1082.40]
1438, 1264, 1853
[[-8.2726740e-02  9.9544974e-01  4.3444700e-02 -8.4450000e+01]
 [ 2.5644500e-02 -4.1288040e-02  9.9865026e-01  1.5419000e+02]
 [ 9.9606726e-01  8.3903500e-02 -2.1934740e-02 -1.1746200e+03]
 [ 0.0000000e+00  0.0000000e+00  0.0000000e+00  1.0000000e+00]]
[-0239.86, +0106.35, -1105.72]
1242, 1648, 1163
[[-8.2108200e-02  9.9556684e-01  4.3933720e-02 -8.4330000e+01]
 [ 2.5551640e-02 -4.1882340e-02  9.9871154e-01  1.5416000e+02]
 [ 9.9620812e-01  8.3212340e-02 -2.1910500e-02 -1.1746300e+03]
 [ 0.0000000e+00  0.0000000e+00  0.0000000e+00  1.0000000e+00]]
[-0182.87, +0033.29, -1088.85]
775, 1049, 2161
[[-8.2322100e-02  9.9534542e-01  4.3701160e-02 -8.4400000e+01]
 [ 2.4750580e-02 -4.1510020e-02  9.9854204e-01  1.5409000e+02]
 [ 9.9599684e-01  8.3584040e-02 -2.0912080e-02 -1.1746300e+03]
 [ 0.0000000e+00  0.0000000e+00  0.0000000e+00  1.0000000e+00]]
[-0287.03, +0085.21, -1169.93]
843, 2139, 1051
[[-8.2100680e-02  9.9558204e-01  4.3342720e-02 -8.4310000e+01]
 [ 2.5726560e-02 -4.1264360e-02  9.9872196e-01  1.5423000e+02]
 [ 9.9619292e-01  8.3209440e-02 -2.2124680e-02 -1.1746300e+03]
 [ 0.0000000e+00  0.0000000e+00  0.0000000e+00  1.0000000e+00]]
[-0188.46, -0016.71, -1151.43]
2074, 2035, 1045
[[-8.2906120e-02  9.9549554e-01  4.2132540e-02 -8.4430000e+01]
 [ 2.7587660e-02 -3.9807700e-02  9.9866298e-01  1.5443000e+02]
 [ 9.9600474e-01  8.4127620e-02 -2.3990580e-02 -1.1746700e+03]
 [ 0.0000000e+00  0.0000000e+00  0.0000000e+00  1.0000000e+00]]
[-0123.95, +0057.05, -1129.36]
1090, 1409, 1331
[[-8.2742260e-02  9.9532216e-01  4.3897140e-02 -8.4340000e+01]
 [ 2.4567760e-02 -4.1732200e-02  9.9855672e-01  1.5415000e+02]
 [ 9.9598674e-01  8.3981520e-02 -2.0714100e-02 -1.1746600e+03]
 [ 0.0000000e+00  0.0000000e+00  0.0000000e+00  1.0000000e+00]]
[-0219.08, +0049.23, -1083.75]
2245, 1543, 2223
[[-8.6843460e-02  9.9506796e-01  4.1164420e-02 -8.4880000e+01]
 [ 2.9517080e-02 -3.8445960e-02  9.9853596e-01  1.5447000e+02]
 [ 9.9548154e-01  8.8233080e-02 -2.5727460e-02 -1.1745400e+03]
 [ 0.0000000e+00  0.0000000e+00  0.0000000e+00  1.0000000e+00]]
[-0207.17, +0123.83, -1123.07]
1447, 1279, 1475
[[-8.2726740e-02  9.9544602e-01  4.3860900e-02 -8.4390000e+01]
 [ 2.6060700e-02 -4.1684200e-02  9.9863690e-01  1.5415000e+02]
 [ 9.9607098e-01  8.3916860e-02 -2.2330900e-02 -1.1746100e+03]
 [ 0.0000000e+00  0.0000000e+00  0.0000000e+00  1.0000000e+00]]
[-0205.93, +0093.48, -1083.52]
2112, 783, 1676
[[-8.4584520e-02  9.9518950e-01  4.3333020e-02 -8.4600000e+01]
 [ 2.7273900e-02 -4.0892040e-02  9.9851950e-01  1.5424000e+02]
 [ 9.9575902e-01  8.5923900e-02 -2.3396520e-02 -1.1745800e+03]
 [ 0.0000000e+00  0.0000000e+00  0.0000000e+00  1.0000000e+00]]
[-0184.60, +0162.33, -1150.42]
1117, 1509, 1202
[[-8.2528200e-02  9.9554356e-01  4.4129920e-02 -8.4340000e+01]
 [ 2.5368800e-02 -4.2104200e-02  9.9872620e-01  1.5415000e+02]
 [ 9.9619820e-01  8.3609920e-02 -2.1712360e-02 -1.1746300e+03]
 [ 0.0000000e+00  0.0000000e+00  0.0000000e+00  1.0000000e+00]]
[-0200.22, +0037.17, -1083.97]
1397, 892, 1956
[[-8.2516800e-02  9.9535552e-01  4.3553760e-02 -8.4470000e+01]
 [ 2.5944960e-02 -4.1276160e-02  9.9854048e-01  1.5416000e+02]
 [ 9.9597008e-01  8.3807040e-02 -2.2132800e-02 -1.1746000e+03]
 [ 0.0000000e+00  0.0000000e+00  0.0000000e+00  1.0000000e+00]]
[-0251.69, +0136.05, -1135.52]
1992, 2023, 1642
[[-8.2709140e-02  9.9548460e-01  4.2279600e-02 -8.4490000e+01]
 [ 2.6393400e-02 -4.0040720e-02  9.9866568e-01  1.5435000e+02]
 [ 9.9603240e-01  8.3905680e-02 -2.2768420e-02 -1.1746700e+03]
 [ 0.0000000e+00  0.0000000e+00  0.0000000e+00  1.0000000e+00]]
[-0164.26, +0064.84, -1104.05]
1616, 1599, 2003
[[-8.3135700e-02  9.9544806e-01  4.2858620e-02 -8.4490000e+01]
 [ 2.5827580e-02 -4.0682100e-02  9.9867726e-01  1.5422000e+02]
 [ 9.9603546e-01  8.4300020e-02 -2.2157640e-02 -1.1746100e+03]
 [ 0.0000000e+00  0.0000000e+00  0.0000000e+00  1.0000000e+00]]
[-0238.05, +0088.86, -1108.23]
1115, 985, 1925
[[-8.2528200e-02  9.9544050e-01  4.4024900e-02 -8.4390000e+01]
 [ 2.5265740e-02 -4.1906100e-02  9.9863382e-01  1.5411000e+02]
 [ 9.9609318e-01  8.3702300e-02 -2.1514260e-02 -1.1746300e+03]
 [ 0.0000000e+00  0.0000000e+00  0.0000000e+00  1.0000000e+00]]
[-0268.71, +0109.46, -1129.34]
1676, 2112, 1016
[[-8.2925800e-02  9.9545886e-01  4.2864580e-02 -8.4410000e+01]
 [ 2.6023140e-02 -4.0670180e-02  9.9866646e-01  1.5433000e+02]
 [ 9.9604142e-01  8.4104460e-02 -2.2355620e-02 -1.1746600e+03]
 [ 0.0000000e+00  0.0000000e+00  0.0000000e+00  1.0000000e+00]]
[-0136.76, +0026.85, -1127.46]
1252, 1834, 1356
[[-8.2944400e-02  9.9542772e-01  4.3613360e-02 -8.4370000e+01]
 [ 2.4858120e-02 -4.1522100e-02  9.9866376e-01  1.5419000e+02]
 [ 9.9607256e-01  8.4088560e-02 -2.1126340e-02 -1.1746300e+03]
 [ 0.0000000e+00  0.0000000e+00  0.0000000e+00  1.0000000e+00]]
[-0197.70, +0026.52, -1098.33]
1155, 786, 1150
[[-8.2338580e-02  9.9541778e-01  4.4988060e-02 -8.4300000e+01]
 [ 2.4503980e-02 -4.2944680e-02  9.9861294e-01  1.5405000e+02]
 [ 9.9613254e-01  8.3496660e-02 -2.0682260e-02 -1.1746300e+03]
 [ 0.0000000e+00  0.0000000e+00  0.0000000e+00  1.0000000e+00]]
[-0210.21, +0118.52, -1077.13]
964, 1881, 1642
[[-8.2108200e-02  9.9546954e-01  4.3204620e-02 -8.4380000e+01]
 [ 2.4824460e-02 -4.1090020e-02  9.9863894e-01  1.5420000e+02]
 [ 9.9609738e-01  8.3284940e-02 -2.1118180e-02 -1.1746400e+03]
 [ 0.0000000e+00  0.0000000e+00  0.0000000e+00  1.0000000e+00]]
[-0238.99, +0012.90, -1127.35]
1544, 1676, 1706
[[-8.2303300e-02  9.9547968e-01  4.3057040e-02 -8.4430000e+01]
 [ 2.6018880e-02 -4.0856400e-02  9.9863724e-01  1.5424000e+02]
 [ 9.9607064e-01  8.3507640e-02 -2.2339060e-02 -1.1746400e+03]
 [ 0.0000000e+00  0.0000000e+00  0.0000000e+00  1.0000000e+00]]
[-0211.78, +0073.17, -1093.02]
990, 1276, 804
[[-8.1918260e-02  9.9533388e-01  4.5103020e-02 -8.4230000e+01]
 [ 2.4999720e-02 -4.2920680e-02  9.9849268e-01  1.5406000e+02]
 [ 9.9604158e-01  8.3205080e-02 -2.1078580e-02 -1.1746500e+03]
 [ 0.0000000e+00  0.0000000e+00  0.0000000e+00  1.0000000e+00]]
[-0174.24, +0036.47, -1075.19]
1789, 1625, 1513
[[-8.2509600e-02  9.9547380e-01  4.3067800e-02 -8.4450000e+01]
 [ 2.6222840e-02 -4.0856400e-02  9.9864312e-01  1.5426000e+02]
 [ 9.9605988e-01  8.3711600e-02 -2.2545360e-02 -1.1746300e+03]
 [ 0.0000000e+00  0.0000000e+00  0.0000000e+00  1.0000000e+00]]
[-0175.32, +0085.89, -1092.15]
757, 1197, 2245
[[-8.2318180e-02  9.9556200e-01  4.3303620e-02 -8.4430000e+01]
 [ 2.4732000e-02 -4.1300000e-02  9.9874200e-01  1.5413000e+02]
 [ 9.9619638e-01  8.3388000e-02 -2.1118180e-02 -1.1746300e+03]
 [ 0.0000000e+00  0.0000000e+00  0.0000000e+00  1.0000000e+00]]
[-0284.79, +0075.39, -1174.03]
2031, 2148, 1362
[[-8.2702660e-02  9.9539138e-01  4.2208160e-02 -8.4460000e+01]
 [ 2.7089140e-02 -3.9819300e-02  9.9856328e-01  1.5440000e+02]
 [ 9.9591752e-01  8.4014560e-02 -2.3379400e-02 -1.1746500e+03]
 [ 0.0000000e+00  0.0000000e+00  0.0000000e+00  1.0000000e+00]]
[-0144.55, +0052.94, -1116.68]
1363, 2005, 2132
[[-8.3545060e-02  9.9544444e-01  4.2480800e-02 -8.4550000e+01]
 [ 2.6218600e-02 -4.0274260e-02  9.9869756e-01  1.5427000e+02]
 [ 9.9600544e-01  8.4703000e-02 -2.2578960e-02 -1.1746300e+03]
 [ 0.0000000e+00  0.0000000e+00  0.0000000e+00  1.0000000e+00]]
[-0248.29, +0046.18, -1128.25]
865, 859, 1030
[[-8.1935700e-02  9.9541658e-01  4.5349940e-02 -8.4250000e+01]
 [ 2.3712700e-02 -4.3365160e-02  9.9859642e-01  1.5398000e+02]
 [ 9.9616690e-01  8.3083900e-02 -1.9858900e-02 -1.1747500e+03]
 [ 0.0000000e+00  0.0000000e+00  0.0000000e+00  1.0000000e+00]]
[-0223.15, +0081.54, -1067.28]
1664, 2037, 1295
[[-8.2929360e-02  9.9534908e-01  4.2951000e-02 -8.4490000e+01]
 [ 2.5728600e-02 -4.0682100e-02  9.9857230e-01  1.5431000e+02]
 [ 9.9594308e-01  8.4195060e-02 -2.1951300e-02 -1.1747400e+03]
 [ 0.0000000e+00  0.0000000e+00  0.0000000e+00  1.0000000e+00]]
[-0155.93, +0034.56, -1109.02]
2215, 1040, 1297
[[-8.375496e-02  9.953200e-01  4.361904e-02 -8.454000e+01]
 [ 2.716896e-02 -4.127616e-02  9.985760e-01  1.542500e+02]
 [ 9.959048e-01  8.503104e-02 -2.337096e-02 -1.174680e+03]
 [ 0.000000e+00  0.000000e+00  0.000000e+00  1.000000e+00]]
[-0145.95, +0143.85, -1136.29]
1728, 931, 2034
[[-8.3353000e-02  9.9531908e-01  4.3338440e-02 -8.4550000e+01]
 [ 2.5354360e-02 -4.1114100e-02  9.9858542e-01  1.5419000e+02]
 [ 9.9593948e-01  8.4590860e-02 -2.1547060e-02 -1.1747100e+03]
 [ 0.0000000e+00  0.0000000e+00  0.0000000e+00  1.0000000e+00]]
[-0234.60, +0146.19, -1142.62]
1714, 1492, 1214
[[-8.2936720e-02  9.9543524e-01  4.3854960e-02 -8.4430000e+01]
 [ 2.5865240e-02 -4.1696080e-02  9.9864768e-01  1.5420000e+02]
 [ 9.9606504e-01  8.4112320e-02 -2.2132800e-02 -1.1747100e+03]
 [ 0.0000000e+00  0.0000000e+00  0.0000000e+00  1.0000000e+00]]
[-0157.29, +0081.56, -1090.94]
1032, 1492, 1693
[[-8.3559300e-02  9.9541432e-01  4.3662440e-02 -8.4460000e+01]
 [ 2.5869680e-02 -4.1510020e-02  9.9867716e-01  1.5418000e+02]
 [ 9.9603556e-01  8.4709160e-02 -2.2149280e-02 -1.1747200e+03]
 [ 0.0000000e+00  0.0000000e+00  0.0000000e+00  1.0000000e+00]]
[-0253.70, +0050.62, -1108.27]
2119, 1698, 1382
[[-8.3331880e-02  9.9535376e-01  4.2815000e-02 -8.4560000e+01]
 [ 2.7126760e-02 -4.0448520e-02  9.9857600e-01  1.5432000e+02]
 [ 9.9590480e-01  8.4621400e-02 -2.3379400e-02 -1.1747100e+03]
 [ 0.0000000e+00  0.0000000e+00  0.0000000e+00  1.0000000e+00]]
[-0141.56, +0094.80, -1110.88]
1885, 1985, 2223
[[-8.3331880e-02  9.9546358e-01  4.2087260e-02 -8.4620000e+01]
 [ 2.6397380e-02 -3.9854580e-02  9.9869494e-01  1.5434000e+02]
 [ 9.9600314e-01  8.4502460e-02 -2.2785460e-02 -1.1747100e+03]
 [ 0.0000000e+00  0.0000000e+00  0.0000000e+00  1.0000000e+00]]
[-0227.37, +0074.57, -1114.05]
1331, 1509, 901
[[-8.2742260e-02  9.9542116e-01  4.4418400e-02 -8.4370000e+01]
 [ 2.5087000e-02 -4.2326260e-02  9.9863584e-01  1.5416000e+02]
 [ 9.9609584e-01  8.3902400e-02 -2.1308160e-02 -1.1747600e+03]
 [ 0.0000000e+00  0.0000000e+00  0.0000000e+00  1.0000000e+00]]
[-0152.44, +0046.32, -1088.29]
2080, 830, 1984
[[-8.6229840e-02  9.9516652e-01  4.2224720e-02 -8.4980000e+01]
 [ 2.8853320e-02 -3.9668640e-02  9.9859252e-01  1.5439000e+02]
 [ 9.9564392e-01  8.7539320e-02 -2.5077840e-02 -1.1746000e+03]
 [ 0.0000000e+00  0.0000000e+00  0.0000000e+00  1.0000000e+00]]
[-0206.82, +0158.03, -1151.85]
873, 1244, 1462
[[-8.2330180e-02  9.9532608e-01  4.4708180e-02 -8.4350000e+01]
 [ 2.4991920e-02 -4.2524360e-02  9.9851808e-01  1.5409000e+02]
 [ 9.9601618e-01  8.3599920e-02 -2.1094180e-02 -1.1747600e+03]
 [ 0.0000000e+00  0.0000000e+00  0.0000000e+00  1.0000000e+00]]
[-0252.02, +0052.51, -1096.11]
904, 1027, 1910
[[-8.3987220e-02  9.9527822e-01  4.3719560e-02 -8.4500000e+01]
 [ 2.4784820e-02 -4.1558820e-02  9.9860924e-01  1.5414000e+02]
 [ 9.9592964e-01  8.5181960e-02 -2.0945040e-02 -1.1747600e+03]
 [ 0.0000000e+00  0.0000000e+00  0.0000000e+00  1.0000000e+00]]
[-0281.14, +0091.52, -1136.83]
1837, 1710, 1687
[[-8.3762000e-02  9.9541680e-01  4.3273800e-02 -8.4540000e+01]
 [ 2.6056800e-02 -4.1102020e-02  9.9869168e-01  1.5430000e+02]
 [ 9.9601620e-01  8.4908320e-02 -2.2364020e-02 -1.1747500e+03]
 [ 0.0000000e+00  0.0000000e+00  0.0000000e+00  1.0000000e+00]]
[-0184.09, +0086.44, -1094.90]
1787, 1282, 1089
[[-8.2738260e-02  9.9542784e-01  4.4227000e-02 -8.4420000e+01]
 [ 2.5278400e-02 -4.2116160e-02  9.9863784e-01  1.5415000e+02]
 [ 9.9608916e-01  8.3904400e-02 -2.1514260e-02 -1.1747300e+03]
 [ 0.0000000e+00  0.0000000e+00  0.0000000e+00  1.0000000e+00]]
[-0143.13, +0104.75, -1098.18]
2147, 1809, 1852
[[-8.4574800e-02  9.9531632e-01  4.2447840e-02 -8.4670000e+01]
 [ 2.7534240e-02 -4.0064400e-02  9.9863008e-01  1.5440000e+02]
 [ 9.9584048e-01  8.5823040e-02 -2.3818560e-02 -1.1747000e+03]
 [ 0.0000000e+00  0.0000000e+00  0.0000000e+00  1.0000000e+00]]
[-0180.43, +0099.50, -1105.38]
1368, 2147, 1437
[[-8.3135700e-02  9.9534310e-01  4.2961800e-02 -8.4470000e+01]
 [ 2.5932540e-02 -4.0682100e-02  9.9857828e-01  1.5428000e+02]
 [ 9.9593228e-01  8.4399000e-02 -2.2157640e-02 -1.1747600e+03]
 [ 0.0000000e+00  0.0000000e+00  0.0000000e+00  1.0000000e+00]]
[-0187.57, +0010.96, -1118.83]
844, 1955, 771
[[-8.1708160e-02  9.9555248e-01  4.5111040e-02 -8.4250000e+01]
 [ 2.5192960e-02 -4.3107060e-02  9.9867358e-01  1.5411000e+02]
 [ 9.9625552e-01  8.2818260e-02 -2.1475060e-02 -1.1747500e+03]
 [ 0.0000000e+00  0.0000000e+00  0.0000000e+00  1.0000000e+00]]
[-0170.32, -0012.99, -1137.04]
1936, 774, 1515
[[-8.3142980e-02  9.9532242e-01  4.4177040e-02 -8.4490000e+01]
 [ 2.6382420e-02 -4.1894180e-02  9.9854784e-01  1.5417000e+02]
 [ 9.9595296e-01  8.4422160e-02 -2.2537160e-02 -1.1747100e+03]
 [ 0.0000000e+00  0.0000000e+00  0.0000000e+00  1.0000000e+00]]
[-0181.86, +0163.26, -1138.04]
1682, 1257, 2216
[[-8.3972020e-02  9.9530454e-01  4.2954520e-02 -8.4580000e+01]
 [ 2.5549860e-02 -4.0718340e-02  9.9861684e-01  1.5424000e+02]
 [ 9.9590332e-01  8.5189560e-02 -2.1770320e-02 -1.1747200e+03]
 [ 0.0000000e+00  0.0000000e+00  0.0000000e+00  1.0000000e+00]]
[-0247.65, +0121.70, -1134.14]
1397, 1427, 1200
[[-8.2532160e-02  9.9533080e-01  4.4111280e-02 -8.4390000e+01]
 [ 2.4971280e-02 -4.1918100e-02  9.9853946e-01  1.5416000e+02]
 [ 9.9599480e-01  8.3792700e-02 -2.1110100e-02 -1.1747100e+03]
 [ 0.0000000e+00  0.0000000e+00  0.0000000e+00  1.0000000e+00]]
[-0179.93, +0067.48, -1080.24]
2168, 1594, 1315
[[-8.3951620e-02  9.9533612e-01  4.2848060e-02 -8.4550000e+01]
 [ 2.7738520e-02 -4.0448520e-02  9.9859364e-01  1.5433000e+02]
 [ 9.9587174e-01  8.5233160e-02 -2.3999140e-02 -1.1746800e+03]
 [ 0.0000000e+00  0.0000000e+00  0.0000000e+00  1.0000000e+00]]
[-0136.81, +0102.49, -1115.96]
1308, 1913, 1482
[[-8.2940520e-02  9.9543430e-01  4.3421980e-02 -8.4450000e+01]
 [ 2.5049500e-02 -4.1312040e-02  9.9866570e-01  1.5425000e+02]
 [ 9.9606598e-01  8.4090500e-02 -2.1332520e-02 -1.1747500e+03]
 [ 0.0000000e+00  0.0000000e+00  0.0000000e+00  1.0000000e+00]]
[-0202.49, +0024.50, -1103.35]
787, 1600, 1490
[[-8.2536200e-02  9.9542922e-01  4.4199660e-02 -8.4350000e+01]
 [ 2.4674820e-02 -4.2128200e-02  9.9863646e-01  1.5412000e+02]
 [ 9.9610446e-01  8.3691660e-02 -2.0904040e-02 -1.1747800e+03]
 [ 0.0000000e+00  0.0000000e+00  0.0000000e+00  1.0000000e+00]]
[-0248.05, +0018.94, -1117.66]
2109, 1920, 1872
[[-8.3948500e-02  9.9524418e-01  4.1927260e-02 -8.4650000e+01]
 [ 2.7201780e-02 -3.9446900e-02  9.9852306e-01  1.5440000e+02]
 [ 9.9575546e-01  8.5306860e-02 -2.3413960e-02 -1.1747000e+03]
 [ 0.0000000e+00  0.0000000e+00  0.0000000e+00  1.0000000e+00]]
[-0181.90, +0088.49, -1104.21]
1126, 1743, 2236
[[-8.3345640e-02  9.9544086e-01  4.2436300e-02 -8.4570000e+01]
 [ 2.5215700e-02 -4.0298340e-02  9.9870114e-01  1.5427000e+02]
 [ 9.9602586e-01  8.4482500e-02 -2.1563940e-02 -1.1747300e+03]
 [ 0.0000000e+00  0.0000000e+00  0.0000000e+00  1.0000000e+00]]
[-0267.67, +0056.09, -1145.30]
1001, 1371, 1120
[[-8.2548800e-02  9.9530640e-01  4.4668800e-02 -8.4350000e+01]
 [ 2.3997600e-02 -4.2560720e-02  9.9853776e-01  1.5411000e+02]
 [ 9.9601920e-01  8.3777760e-02 -2.0088080e-02 -1.1747700e+03]
 [ 0.0000000e+00  0.0000000e+00  0.0000000e+00  1.0000000e+00]]
[-0205.74, +0039.11, -1079.76]
1799, 1635, 2012
[[-8.354506e-02  9.953395e-01  4.258404e-02 -8.459000e+01]
 [ 2.632354e-02 -4.027426e-02  9.985986e-01  1.543100e+02]
 [ 9.959022e-01  8.480196e-02 -2.257896e-02 -1.174710e+03]
 [ 0.000000e+00  0.000000e+00  0.000000e+00  1.000000e+00]]
[-0220.70, +0101.24, -1106.24]
2189, 2078, 1928
[[-8.3945460e-02  9.9535268e-01  4.2049100e-02 -8.4600000e+01]
 [ 2.7704600e-02 -3.9633000e-02  9.9861020e-01  1.5442000e+02]
 [ 9.9585518e-01  8.5222760e-02 -2.4016500e-02 -1.1746900e+03]
 [ 0.0000000e+00  0.0000000e+00  0.0000000e+00  1.0000000e+00]]
[-0177.26, +0078.41, -1107.64]
1025, 1475, 1139
[[-8.1704040e-02  9.9546034e-01  4.4398500e-02 -8.4340000e+01]
 [ 2.4865500e-02 -4.2302340e-02  9.9859666e-01  1.5413000e+02]
 [ 9.9613966e-01  8.2899300e-02 -2.1086340e-02 -1.1747300e+03]
 [ 0.0000000e+00  0.0000000e+00  0.0000000e+00  1.0000000e+00]]
[-0202.85, +0032.15, -1084.31]
1615, 799, 1631
[[-8.3566900e-02  9.9539902e-01  4.4253260e-02 -8.4480000e+01]
 [ 2.5695220e-02 -4.2128200e-02  9.9866666e-01  1.5415000e+02]
 [ 9.9605086e-01  8.4712060e-02 -2.1934740e-02 -1.1747300e+03]
 [ 0.0000000e+00  0.0000000e+00  0.0000000e+00  1.0000000e+00]]
[-0213.92, +0153.79, -1122.35]
1855, 2173, 2050
[[-8.4361940e-02  9.9533718e-01  4.1846040e-02 -8.4640000e+01]
 [ 2.7504540e-02 -3.9446900e-02  9.9863388e-01  1.5442000e+02]
 [ 9.9583668e-01  8.5615560e-02 -2.3827400e-02 -1.1747100e+03]
 [ 0.0000000e+00  0.0000000e+00  0.0000000e+00  1.0000000e+00]]
[-0208.45, +0056.52, -1110.00]
763, 1543, 868
[[-8.1506500e-02  9.9534580e-01  4.5081900e-02 -8.4240000e+01]
 [ 2.4591400e-02 -4.2920680e-02  9.9848076e-01  1.5407000e+02]
 [ 9.9606270e-01  8.2796760e-02 -2.0666820e-02 -1.1747500e+03]
 [ 0.0000000e+00  0.0000000e+00  0.0000000e+00  1.0000000e+00]]
[-0193.85, -0000.38, -1100.78]
1433, 787, 1479
[[-8.2330180e-02  9.9543320e-01  4.4397120e-02 -8.4360000e+01]
 [ 2.4678800e-02 -4.2326260e-02  9.9862380e-01  1.5409000e+02]
 [ 9.9611712e-01  8.3494200e-02 -2.0896080e-02 -1.1746700e+03]
 [ 0.0000000e+00  0.0000000e+00  0.0000000e+00  1.0000000e+00]]
[-0215.65, +0144.55, -1105.84]
1010, 1053, 1483
[[-8.2330180e-02  9.9532814e-01  4.4500120e-02 -8.4320000e+01]
 [ 2.4783860e-02 -4.2326260e-02  9.9852476e-01  1.5410000e+02]
 [ 9.9601412e-01  8.3593240e-02 -2.0896080e-02 -1.1746600e+03]
 [ 0.0000000e+00  0.0000000e+00  0.0000000e+00  1.0000000e+00]]
[-0248.32, +0085.05, -1090.28]
975, 2036, 1303
[[-8.1696040e-02  9.9547758e-01  4.3599500e-02 -8.4290000e+01]
 [ 2.4832500e-02 -4.1486100e-02  9.9861390e-01  1.5420000e+02]
 [ 9.9612242e-01  8.2890060e-02 -2.1102100e-02 -1.1746700e+03]
 [ 0.0000000e+00  0.0000000e+00  0.0000000e+00  1.0000000e+00]]
[-0203.96, -0006.01, -1131.27]
2032, 1470, 2050
[[-8.3545060e-02  9.9544444e-01  4.2480800e-02 -8.4580000e+01]
 [ 2.6218600e-02 -4.0274260e-02  9.9869756e-01  1.5431000e+02]
 [ 9.9600544e-01  8.4703000e-02 -2.2578960e-02 -1.1746000e+03]
 [ 0.0000000e+00  0.0000000e+00  0.0000000e+00  1.0000000e+00]]
[-0208.75, +0126.45, -1117.33]
846, 1603, 1944
[[-8.1700000e-02  9.9546900e-01  4.3999000e-02 -8.4290000e+01]
 [ 2.4849000e-02 -4.1894180e-02  9.9860532e-01  1.5412000e+02]
 [ 9.9613100e-01  8.2894680e-02 -2.1094180e-02 -1.1746500e+03]
 [ 0.0000000e+00  0.0000000e+00  0.0000000e+00  1.0000000e+00]]
[-0269.18, +0040.37, -1141.22]
1522, 1747, 1427
[[-8.2730500e-02  9.9544310e-01  4.3636100e-02 -8.4370000e+01]
 [ 2.5453100e-02 -4.1498020e-02  9.9864838e-01  1.5421000e+02]
 [ 9.9607390e-01  8.3901620e-02 -2.1728520e-02 -1.1746100e+03]
 [ 0.0000000e+00  0.0000000e+00  0.0000000e+00  1.0000000e+00]]
[-0181.93, +0054.78, -1089.96]
2104, 1634, 1269
[[-8.3132180e-02  9.9534624e-01  4.3186740e-02 -8.4450000e+01]
 [ 2.6540160e-02 -4.0868200e-02  9.9856672e-01  1.5429000e+02]
 [ 9.9592914e-01  8.4414080e-02 -2.2760020e-02 -1.1746200e+03]
 [ 0.0000000e+00  0.0000000e+00  0.0000000e+00  1.0000000e+00]]
[-0135.07, +0097.22, -1113.96]
1364, 1513, 1324
[[-8.2528200e-02  9.9533744e-01  4.3919880e-02 -8.4370000e+01]
 [ 2.5162680e-02 -4.1708040e-02  9.9854144e-01  1.5417000e+02]
 [ 9.9598816e-01  8.3794680e-02 -2.1316200e-02 -1.1746300e+03]
 [ 0.0000000e+00  0.0000000e+00  0.0000000e+00  1.0000000e+00]]
[-0193.41, +0059.95, -1082.43]
1564, 1198, 1547
[[-8.2528200e-02  9.9533744e-01  4.3919880e-02 -8.4390000e+01]
 [ 2.5162680e-02 -4.1708040e-02  9.9854144e-01  1.5417000e+02]
 [ 9.9598816e-01  8.3794680e-02 -2.1316200e-02 -1.1746400e+03]
 [ 0.0000000e+00  0.0000000e+00  0.0000000e+00  1.0000000e+00]]
[-0204.39, +0114.38, -1091.21]
808, 1561, 757
[[-8.1296400e-02  9.9535420e-01  4.5295800e-02 -8.4160000e+01]
 [ 2.4994680e-02 -4.3107060e-02  9.9846350e-01  1.5406000e+02]
 [ 9.9607076e-01  8.2608180e-02 -2.1063300e-02 -1.1746500e+03]
 [ 0.0000000e+00  0.0000000e+00  0.0000000e+00  1.0000000e+00]]
[-0177.51, -0002.26, -1102.44]
1741, 2156, 1055
[[-8.2502720e-02  9.9548712e-01  4.2684960e-02 -8.4380000e+01]
 [ 2.6605680e-02 -4.0436800e-02  9.9864656e-01  1.5435000e+02]
 [ 9.9604656e-01  8.3715040e-02 -2.2958080e-02 -1.1746300e+03]
 [ 0.0000000e+00  0.0000000e+00  0.0000000e+00  1.0000000e+00]]
[-0137.35, +0029.32, -1128.28]
1031, 1683, 1275
[[-8.2326100e-02  9.9544186e-01  4.3997620e-02 -8.4310000e+01]
 [ 2.4662180e-02 -4.1918100e-02  9.9863246e-01  1.5416000e+02]
 [ 9.9610846e-01  8.3489620e-02 -2.0904040e-02 -1.1746500e+03]
 [ 0.0000000e+00  0.0000000e+00  0.0000000e+00  1.0000000e+00]]
[-0210.19, +0021.41, -1096.77]
1977, 1792, 2088
[[-8.3122100e-02  9.9547284e-01  4.2301320e-02 -8.4570000e+01]
 [ 2.6801160e-02 -4.0040720e-02  9.9867744e-01  1.5434000e+02]
 [ 9.9601068e-01  8.4313440e-02 -2.3181380e-02 -1.1746100e+03]
 [ 0.0000000e+00  0.0000000e+00  0.0000000e+00  1.0000000e+00]]
[-0211.93, +0099.63, -1108.25]
1696, 1532, 1840
[[-8.273050e-02  9.953400e-01  4.353110e-02 -8.442000e+01]
 [ 2.535000e-02 -4.130000e-02  9.985560e-01  1.542100e+02]
 [ 9.959689e-01  8.399400e-02 -2.153050e-02 -1.174650e+03]
 [ 0.000000e+00  0.000000e+00  0.000000e+00  1.000000e+00]]
[-0215.56, +0095.48, -1097.37]
2036, 2080, 2031
[[-8.3325480e-02  9.9547518e-01  4.1912740e-02 -8.4550000e+01]
 [ 2.6988220e-02 -3.9633000e-02  9.9869154e-01  1.5439000e+02]
 [ 9.9599154e-01  8.4512260e-02 -2.3396520e-02 -1.1746000e+03]
 [ 0.0000000e+00  0.0000000e+00  0.0000000e+00  1.0000000e+00]]
[-0197.20, +0074.17, -1106.41]
809, 1402, 1388
[[-8.1918260e-02  9.9533808e-01  4.4686980e-02 -8.4230000e+01]
 [ 2.4583680e-02 -4.2524360e-02  9.9850608e-01  1.5407000e+02]
 [ 9.9603738e-01  8.3191680e-02 -2.0682260e-02 -1.1746700e+03]
 [ 0.0000000e+00  0.0000000e+00  0.0000000e+00  1.0000000e+00]]
[-0245.80, +0031.84, -1100.91]
2137, 1345, 1417
[[-8.3335200e-02  9.9534536e-01  4.3214480e-02 -8.4480000e+01]
 [ 2.7143600e-02 -4.0856400e-02  9.9856760e-01  1.5428000e+02]
 [ 9.9591320e-01  8.4626480e-02 -2.3370960e-02 -1.1746100e+03]
 [ 0.0000000e+00  0.0000000e+00  0.0000000e+00  1.0000000e+00]]
[-0150.30, +0125.88, -1116.27]
1494, 2199, 1614
[[-8.2929360e-02  9.9545584e-01  4.2639720e-02 -8.4420000e+01]
 [ 2.5415520e-02 -4.0484160e-02  9.9867784e-01  1.5431000e+02]
 [ 9.9604444e-01  8.4089520e-02 -2.1753360e-02 -1.1746400e+03]
 [ 0.0000000e+00  0.0000000e+00  0.0000000e+00  1.0000000e+00]]
[-0194.64, +0019.05, -1116.71]
1142, 2144, 1720
[[-8.2719460e-02  9.9546480e-01  4.2853800e-02 -8.4420000e+01]
 [ 2.5819200e-02 -4.0670180e-02  9.9866052e-01  1.5424000e+02]
 [ 9.9605220e-01  8.3900520e-02 -2.2149280e-02 -1.1746200e+03]
 [ 0.0000000e+00  0.0000000e+00  0.0000000e+00  1.0000000e+00]]
[-0225.41, +0011.02, -1131.66]
1992, 932, 751
[[-8.1906020e-02  9.9535014e-01  4.4944680e-02 -8.4320000e+01]
 [ 2.5990140e-02 -4.2686980e-02  9.9848524e-01  1.5412000e+02]
 [ 9.9602532e-01  8.3224760e-02 -2.2093000e-02 -1.1746300e+03]
 [ 0.0000000e+00  0.0000000e+00  0.0000000e+00  1.0000000e+00]]
[-0113.57, +0130.96, -1140.58]
1026, 1668, 2010
[[-8.2524320e-02  9.9535176e-01  4.2896160e-02 -8.4430000e+01]
 [ 2.4521760e-02 -4.0706180e-02  9.9856962e-01  1.5420000e+02]
 [ 9.9597384e-01  8.3770380e-02 -2.0730500e-02 -1.1746500e+03]
 [ 0.0000000e+00  0.0000000e+00  0.0000000e+00  1.0000000e+00]]
[-0267.24, +0048.09, -1135.75]
903, 1247, 1822
[[-8.1910020e-02  9.9545440e-01  4.4409080e-02 -8.4290000e+01]
 [ 2.5069600e-02 -4.2302340e-02  9.9860260e-01  1.5409000e+02]
 [ 9.9612908e-01  8.3103400e-02 -2.1292320e-02 -1.1746300e+03]
 [ 0.0000000e+00  0.0000000e+00  0.0000000e+00  1.0000000e+00]]
[-0272.56, +0068.12, -1122.45]
1532, 1714, 2074
[[-8.2719460e-02  9.9546658e-01  4.2645700e-02 -8.4480000e+01]
 [ 2.5611100e-02 -4.0472200e-02  9.9866710e-01  1.5426000e+02]
 [ 9.9605042e-01  8.3893940e-02 -2.1951300e-02 -1.1746300e+03]
 [ 0.0000000e+00  0.0000000e+00  0.0000000e+00  1.0000000e+00]]
[-0242.11, +0078.95, -1112.34]
2099, 977, 1716
[[-8.3964900e-02  9.9541398e-01  4.3509860e-02 -8.4500000e+01]
 [ 2.6868500e-02 -4.1288040e-02  9.9868602e-01  1.5425000e+02]
 [ 9.9600210e-01  8.5127500e-02 -2.3172900e-02 -1.1746100e+03]
 [ 0.0000000e+00  0.0000000e+00  0.0000000e+00  1.0000000e+00]]
[-0183.89, +0154.71, -1135.80]
1815, 888, 1231
[[-8.274226e-02  9.955242e-01  4.452346e-02 -8.435000e+01]
 [ 2.519004e-02 -4.252436e-02  9.987282e-01  1.541200e+02]
 [ 9.962009e-01  8.381004e-02 -2.150626e-02 -1.174630e+03]
 [ 0.000000e+00  0.000000e+00  0.000000e+00  1.000000e+00]]
[-0166.67, +0143.38, -1110.03]
1311, 1670, 855
[[-8.2112080e-02  9.9535212e-01  4.4123240e-02 -8.4280000e+01]
 [ 2.5362120e-02 -4.1894180e-02  9.9851814e-01  1.5416000e+02]
 [ 9.9600676e-01  8.3401860e-02 -2.1506260e-02 -1.1746200e+03]
 [ 0.0000000e+00  0.0000000e+00  0.0000000e+00  1.0000000e+00]]
[-0146.86, +0029.39, -1099.53]
1752, 1242, 1148
[[-8.1898260e-02  9.9557750e-01  4.3939600e-02 -8.4370000e+01]
 [ 2.5747100e-02 -4.1870580e-02  9.9870088e-01  1.5418000e+02]
 [ 9.9621400e-01  8.3016880e-02 -2.2108680e-02 -1.1746200e+03]
 [ 0.0000000e+00  0.0000000e+00  0.0000000e+00  1.0000000e+00]]
[-0151.45, +0109.41, -1095.01]
1566, 1334, 1516
[[-8.2318180e-02  9.9534812e-01  4.3925860e-02 -8.4380000e+01]
 [ 2.5358120e-02 -4.1696080e-02  9.9853076e-01  1.5417000e+02]
 [ 9.9599414e-01  8.3599240e-02 -2.1514260e-02 -1.1746000e+03]
 [ 0.0000000e+00  0.0000000e+00  0.0000000e+00  1.0000000e+00]]
[-0202.02, +0097.78, -1086.90]
932, 1728, 1017
[[-8.1696040e-02  9.9536672e-01  4.4326520e-02 -8.4250000e+01]
 [ 2.5561480e-02 -4.2080520e-02  9.9849488e-01  1.5412000e+02]
 [ 9.9602528e-01  8.3009080e-02 -2.1696520e-02 -1.1746400e+03]
 [ 0.0000000e+00  0.0000000e+00  0.0000000e+00  1.0000000e+00]]
[-0190.16, +0002.05, -1105.68]
2057, 1275, 1564
[[-8.2506120e-02  9.9547702e-01  4.3292540e-02 -8.4480000e+01]
 [ 2.6830420e-02 -4.1042820e-02  9.9863146e-01  1.5426000e+02]
 [ 9.9605666e-01  8.3726740e-02 -2.3147940e-02 -1.1745900e+03]
 [ 0.0000000e+00  0.0000000e+00  0.0000000e+00  1.0000000e+00]]
[-0168.43, +0133.76, -1113.68]
1681, 895, 2032
[[-8.2730500e-02  9.9544310e-01  4.3636100e-02 -8.4470000e+01]
 [ 2.5453100e-02 -4.1498020e-02  9.9864838e-01  1.5416000e+02]
 [ 9.9607390e-01  8.3901620e-02 -2.1728520e-02 -1.1746100e+03]
 [ 0.0000000e+00  0.0000000e+00  0.0000000e+00  1.0000000e+00]]
[-0237.27, +0146.38, -1143.92]
1606, 1677, 1216
[[-8.2734340e-02  9.9543646e-01  4.3827500e-02 -8.4350000e+01]
 [ 2.5261700e-02 -4.1708040e-02  9.9864646e-01  1.5419000e+02]
 [ 9.9608054e-01  8.3899700e-02 -2.1522340e-02 -1.1746400e+03]
 [ 0.0000000e+00  0.0000000e+00  0.0000000e+00  1.0000000e+00]]
[-0162.09, +0057.34, -1091.42]
1266, 1253, 1214
[[-8.1910020e-02  9.9555942e-01  4.4306080e-02 -8.4320000e+01]
 [ 2.4964580e-02 -4.2302340e-02  9.9870168e-01  1.5412000e+02]
 [ 9.9623208e-01  8.3004320e-02 -2.1292320e-02 -1.1746400e+03]
 [ 0.0000000e+00  0.0000000e+00  0.0000000e+00  1.0000000e+00]]
[-0196.14, +0076.47, -1075.42]
2228, 1696, 1454
[[-8.3331880e-02  9.9535540e-01  4.2606840e-02 -8.4490000e+01]
 [ 2.6918600e-02 -4.0250500e-02  9.9858270e-01  1.5434000e+02]
 [ 9.9590316e-01  8.4614700e-02 -2.3181380e-02 -1.1746300e+03]
 [ 0.0000000e+00  0.0000000e+00  0.0000000e+00  1.0000000e+00]]
[-0144.51, +0101.19, -1114.33]
972, 1880, 917
[[-8.1486100e-02  9.9537736e-01  4.4332380e-02 -8.4220000e+01]
 [ 2.5756880e-02 -4.2068800e-02  9.9848424e-01  1.5414000e+02]
 [ 9.9603114e-01  8.2813680e-02 -2.1894740e-02 -1.1746400e+03]
 [ 0.0000000e+00  0.0000000e+00  0.0000000e+00  1.0000000e+00]]
[-0173.68, -0006.37, -1121.43]
1188, 1342, 1246
[[-8.1902100e-02  9.9536278e-01  4.4129160e-02 -8.4320000e+01]
 [ 2.5557540e-02 -4.1882340e-02  9.9850748e-01  1.5415000e+02]
 [ 9.9601268e-01  8.3206440e-02 -2.1704400e-02 -1.1746100e+03]
 [ 0.0000000e+00  0.0000000e+00  0.0000000e+00  1.0000000e+00]]
[-0204.09, +0061.02, -1077.49]
1781, 2039, 2105
[[-8.2912360e-02  9.9548534e-01  4.2099060e-02 -8.4540000e+01]
 [ 2.6788660e-02 -3.9830980e-02  9.9867318e-01  1.5436000e+02]
 [ 9.9601494e-01  8.4111180e-02 -2.3181380e-02 -1.1746300e+03]
 [ 0.0000000e+00  0.0000000e+00  0.0000000e+00  1.0000000e+00]]
[-0220.64, +0064.94, -1110.00]
1619, 1627, 1731
[[-8.2306900e-02  9.9536628e-01  4.3559660e-02 -8.4400000e+01]
 [ 2.6140440e-02 -4.1264360e-02  9.9852972e-01  1.5421000e+02]
 [ 9.9597598e-01  8.3611560e-02 -2.2330900e-02 -1.1746200e+03]
 [ 0.0000000e+00  0.0000000e+00  0.0000000e+00  1.0000000e+00]]
[-0209.28, +0080.60, -1092.74]
946, 795, 1893
[[-8.1704040e-02  9.9546238e-01  4.4190500e-02 -8.4340000e+01]
 [ 2.4657500e-02 -4.2104200e-02  9.9860330e-01  1.5407000e+02]
 [ 9.9613762e-01  8.2892660e-02 -2.0888200e-02 -1.1746400e+03]
 [ 0.0000000e+00  0.0000000e+00  0.0000000e+00  1.0000000e+00]]
[-0278.73, +0115.02, -1142.83]
1632, 1272, 1678
[[-8.1894500e-02  9.9537618e-01  4.3746240e-02 -8.4390000e+01]
 [ 2.5940460e-02 -4.1462500e-02  9.9851128e-01  1.5419000e+02]
 [ 9.9599928e-01  8.3210240e-02 -2.2116640e-02 -1.1746100e+03]
 [ 0.0000000e+00  0.0000000e+00  0.0000000e+00  1.0000000e+00]]
[-0208.61, +0114.47, -1095.74]
1056, 1892, 2122
[[-8.2513160e-02  9.9547434e-01  4.2426900e-02 -8.4450000e+01]
 [ 2.5199100e-02 -4.0274260e-02  9.9866766e-01  1.5425000e+02]
 [ 9.9605934e-01  8.3683500e-02 -2.1547060e-02 -1.1746300e+03]
 [ 0.0000000e+00  0.0000000e+00  0.0000000e+00  1.0000000e+00]]
[-0260.92, +0038.21, -1144.56]
1597, 2091, 1627
[[-8.3128740e-02  9.9545786e-01  4.2892180e-02 -8.4420000e+01]
 [ 2.6626580e-02 -4.0658340e-02  9.9866746e-01  1.5429000e+02]
 [ 9.9602566e-01  8.4316780e-02 -2.2966440e-02 -1.1746300e+03]
 [ 0.0000000e+00  0.0000000e+00  0.0000000e+00  1.0000000e+00]]
[-0186.72, +0034.11, -1105.70]
1928, 1634, 2015
[[-8.2709140e-02  9.9537806e-01  4.2590920e-02 -8.4510000e+01]
 [ 2.6706380e-02 -4.0238740e-02  9.9856004e-01  1.5430000e+02]
 [ 9.9593084e-01  8.4011320e-02 -2.2966440e-02 -1.1746000e+03]
 [ 0.0000000e+00  0.0000000e+00  0.0000000e+00  1.0000000e+00]]
[-0211.45, +0110.17, -1108.03]
2165, 1193, 1191
[[-8.3758440e-02  9.9531320e-01  4.3810320e-02 -8.4440000e+01]
 [ 2.6977680e-02 -4.1486100e-02  9.9857426e-01  1.5425000e+02]
 [ 9.9591160e-01  8.5029300e-02 -2.3164500e-02 -1.1746400e+03]
 [ 0.0000000e+00  0.0000000e+00  0.0000000e+00  1.0000000e+00]]
[-0135.28, +0130.02, -1127.73]
1985, 1479, 2122
[[-8.2925800e-02  9.9525074e-01  4.2862820e-02 -8.4490000e+01]
 [ 2.6024900e-02 -4.0472200e-02  9.9847510e-01  1.5425000e+02]
 [ 9.9583330e-01  8.4295820e-02 -2.2157640e-02 -1.1746400e+03]
 [ 0.0000000e+00  0.0000000e+00  0.0000000e+00  1.0000000e+00]]
[-0221.79, +0120.16, -1119.07]
2214, 1677, 1767
[[-8.3538420e-02  9.9545278e-01  4.2722700e-02 -8.4500000e+01]
 [ 2.7225780e-02 -4.0448520e-02  9.9868090e-01  1.5434000e+02]
 [ 9.9599710e-01  8.4726300e-02 -2.3585940e-02 -1.1745900e+03]
 [ 0.0000000e+00  0.0000000e+00  0.0000000e+00  1.0000000e+00]]
[-0168.55, +0110.16, -1109.48]
1729, 1860, 825
[[-8.1696040e-02  9.9547366e-01  4.4015500e-02 -8.4300000e+01]
 [ 2.5248500e-02 -4.1882340e-02  9.9860066e-01  1.5420000e+02]
 [ 9.9612634e-01  8.2903300e-02 -2.1498340e-02 -1.1746300e+03]
 [ 0.0000000e+00  0.0000000e+00  0.0000000e+00  1.0000000e+00]]
[-0121.71, +0042.65, -1125.11]
1208, 888, 1654
[[-8.2742260e-02  9.9531812e-01  4.4313340e-02 -8.4350000e+01]
 [ 2.4983960e-02 -4.2128200e-02  9.9854348e-01  1.5410000e+02]
 [ 9.9599078e-01  8.3994760e-02 -2.1110100e-02 -1.1746500e+03]
 [ 0.0000000e+00  0.0000000e+00  0.0000000e+00  1.0000000e+00]]
[-0248.78, +0122.34, -1107.85]
1971, 1779, 757
[[-8.1887220e-02  9.9549092e-01  4.3676240e-02 -8.4310000e+01]
 [ 2.6634520e-02 -4.1439220e-02  9.9860056e-01  1.5427000e+02]
 [ 9.9609256e-01  8.3128240e-02 -2.2925440e-02 -1.1746500e+03]
 [ 0.0000000e+00  0.0000000e+00  0.0000000e+00  1.0000000e+00]]
[-0109.09, +0063.47, -1138.09]
1718, 1052, 1306
[[-8.2524320e-02  9.9534024e-01  4.4144640e-02 -8.4340000e+01]
 [ 2.5770240e-02 -4.1894180e-02  9.9853002e-01  1.5414000e+02]
 [ 9.9598536e-01  8.3809980e-02 -2.1918500e-02 -1.1746300e+03]
 [ 0.0000000e+00  0.0000000e+00  0.0000000e+00  1.0000000e+00]]
[-0175.42, +0127.33, -1095.71]
852, 1715, 1919
[[-8.189826e-02  9.955832e-01  4.331554e-02 -8.437000e+01]
 [ 2.512304e-02 -4.127616e-02  9.987208e-01  1.541900e+02]
 [ 9.962083e-01  8.299696e-02 -2.151426e-02 -1.174630e+03]
 [ 0.000000e+00  0.000000e+00  0.000000e+00  1.000000e+00]]
[-0266.73, +0031.04, -1145.23]
2029, 1432, 1760
[[-8.2723060e-02  9.9545638e-01  4.3253300e-02 -8.4460000e+01]
 [ 2.5835900e-02 -4.1078100e-02  9.9865210e-01  1.5426000e+02]
 [ 9.9606062e-01  8.3905340e-02 -2.2141000e-02 -1.1746400e+03]
 [ 0.0000000e+00  0.0000000e+00  0.0000000e+00  1.0000000e+00]]
[-0182.21, +0124.56, -1108.02]
1406, 1391, 1240
[[-8.2116040e-02  9.9534744e-01  4.4106640e-02 -8.4320000e+01]
 [ 2.4962640e-02 -4.1906100e-02  9.9852282e-01  1.5415000e+02]
 [ 9.9601144e-01  8.3393220e-02 -2.1102100e-02 -1.1746500e+03]
 [ 0.0000000e+00  0.0000000e+00  0.0000000e+00  1.0000000e+00]]
[-0183.79, +0072.47, -1079.85]
1688, 1164, 2116
[[-8.3541700e-02  9.9534114e-01  4.3017280e-02 -8.4570000e+01]
 [ 2.7139380e-02 -4.0658340e-02  9.9858024e-01  1.5426000e+02]
 [ 9.9590056e-01  8.4823680e-02 -2.3379400e-02 -1.1746400e+03]
 [ 0.0000000e+00  0.0000000e+00  0.0000000e+00  1.0000000e+00]]
[-0240.46, +0131.48, -1132.30]
2097, 874, 1693
[[-8.3338600e-02  9.9533860e-01  4.3405800e-02 -8.4550000e+01]
 [ 2.6952280e-02 -4.1066260e-02  9.9856590e-01  1.5424000e+02]
 [ 9.9591996e-01  8.4624780e-02 -2.3164500e-02 -1.1746500e+03]
 [ 0.0000000e+00  0.0000000e+00  0.0000000e+00  1.0000000e+00]]
[-0183.66, +0159.35, -1143.09]
1251, 1376, 1507
[[-8.2734340e-02  9.9533144e-01  4.3930580e-02 -8.4400000e+01]
 [ 2.5366720e-02 -4.1708040e-02  9.9854744e-01  1.5417000e+02]
 [ 9.9597746e-01  8.3998720e-02 -2.1522340e-02 -1.1746900e+03]
 [ 0.0000000e+00  0.0000000e+00  0.0000000e+00  1.0000000e+00]]
[-0222.86, +0071.64, -1085.57]
869, 850, 1112
[[-8.2137040e-02  9.9530984e-01  4.5479920e-02 -8.4260000e+01]
 [ 2.4421520e-02 -4.3353040e-02  9.9849896e-01  1.5402000e+02]
 [ 9.9604904e-01  8.3396080e-02 -2.0468640e-02 -1.1747400e+03]
 [ 0.0000000e+00  0.0000000e+00  0.0000000e+00  1.0000000e+00]]
[-0232.33, +0086.24, -1071.87]
1988, 1004, 973
[[-8.3146740e-02  9.9531564e-01  4.4368380e-02 -8.4400000e+01]
 [ 2.6191080e-02 -4.2104200e-02  9.9854596e-01  1.5418000e+02]
 [ 9.9595974e-01  8.4420280e-02 -2.2330900e-02 -1.1747100e+03]
 [ 0.0000000e+00  0.0000000e+00  0.0000000e+00  1.0000000e+00]]
[-0128.10, +0133.92, -1127.42]
800, 1016, 1816
[[-8.2738260e-02  9.9542784e-01  4.4227000e-02 -8.4420000e+01]
 [ 2.5278400e-02 -4.2116160e-02  9.9863784e-01  1.5408000e+02]
 [ 9.9608916e-01  8.3904400e-02 -2.1514260e-02 -1.1747200e+03]
 [ 0.0000000e+00  0.0000000e+00  0.0000000e+00  1.0000000e+00]]
[-0284.54, +0082.02, -1134.50]
2030, 967, 2041
[[-8.6229840e-02  9.9516652e-01  4.2224720e-02 -8.4850000e+01]
 [ 2.8853320e-02 -3.9668640e-02  9.9859252e-01  1.5436000e+02]
 [ 9.9564392e-01  8.7539320e-02 -2.5077840e-02 -1.1746500e+03]
 [ 0.0000000e+00  0.0000000e+00  0.0000000e+00  1.0000000e+00]]
[-0212.58, +0152.30, -1144.92]
1770, 2086, 976
[[-8.3135700e-02  9.9544450e-01  4.3274900e-02 -8.4430000e+01]
 [ 2.6243860e-02 -4.1078100e-02  9.9866398e-01  1.5431000e+02]
 [ 9.9603902e-01  8.4313300e-02 -2.2553640e-02 -1.1747400e+03]
 [ 0.0000000e+00  0.0000000e+00  0.0000000e+00  1.0000000e+00]]
[-0131.78, +0031.85, -1129.54]
1997, 1059, 803
[[-8.3150580e-02  9.9541390e-01  4.4456620e-02 -8.4410000e+01]
 [ 2.5894700e-02 -4.2314260e-02  9.9864310e-01  1.5415000e+02]
 [ 9.9606962e-01  8.4319300e-02 -2.2124680e-02 -1.1747200e+03]
 [ 0.0000000e+00  0.0000000e+00  0.0000000e+00  1.0000000e+00]]
[-0114.56, +0122.86, -1133.83]
1256, 2122, 879
[[-8.2933000e-02  9.9544562e-01  4.3247340e-02 -8.4400000e+01]
 [ 2.5640380e-02 -4.1090020e-02  9.9866286e-01  1.5429000e+02]
 [ 9.9605466e-01  8.4100860e-02 -2.1942980e-02 -1.1747500e+03]
 [ 0.0000000e+00  0.0000000e+00  0.0000000e+00  1.0000000e+00]]
[-0149.69, +0000.92, -1138.71]
1220, 1501, 1293
[[-8.3142980e-02  9.9532428e-01  4.3968900e-02 -8.4420000e+01]
 [ 2.6174280e-02 -4.1696080e-02  9.9855460e-01  1.5422000e+02]
 [ 9.9595110e-01  8.4415400e-02 -2.2339060e-02 -1.1747100e+03]
 [ 0.0000000e+00  0.0000000e+00  0.0000000e+00  1.0000000e+00]]
[-0201.89, +0050.52, -1082.57]
972, 1117, 1970
[[-8.2726740e-02  9.9534290e-01  4.3755920e-02 -8.4460000e+01]
 [ 2.5957580e-02 -4.1486100e-02  9.9854456e-01  1.5415000e+02]
 [ 9.9596600e-01  8.4009200e-02 -2.2132800e-02 -1.1747000e+03]
 [ 0.0000000e+00  0.0000000e+00  0.0000000e+00  1.0000000e+00]]
[-0279.79, +0089.03, -1138.09]
1206, 2064, 1317
[[-8.1894500e-02  9.9548484e-01  4.3227120e-02 -8.4430000e+01]
 [ 2.5419480e-02 -4.1066260e-02  9.9862364e-01  1.5428000e+02]
 [ 9.9609864e-01  8.3097880e-02 -2.1720400e-02 -1.1747400e+03]
 [ 0.0000000e+00  0.0000000e+00  0.0000000e+00  1.0000000e+00]]
[-0189.15, +0004.84, -1119.79]
2055, 995, 818
[[-8.356306e-02  9.952988e-01  4.437326e-02 -8.443000e+01]
 [ 2.619976e-02 -4.211616e-02  9.985628e-01  1.541900e+02]
 [ 9.959429e-01  8.481976e-02 -2.233906e-02 -1.174760e+03]
 [ 0.000000e+00  0.000000e+00  0.000000e+00  1.000000e+00]]
[-0115.73, +0130.21, -1141.33]
1011, 2219, 1081
[[-8.2097040e-02  9.9548736e-01  4.2838280e-02 -8.4390000e+01]
 [ 2.5606880e-02 -4.0658340e-02  9.9863796e-01  1.5432000e+02]
 [ 9.9607956e-01  8.3297080e-02 -2.1934740e-02 -1.1747500e+03]
 [ 0.0000000e+00  0.0000000e+00  0.0000000e+00  1.0000000e+00]]
[-0178.66, -0010.44, -1146.61]
1297, 950, 1246
[[-8.3364640e-02  9.9529328e-01  4.4536880e-02 -8.4410000e+01]
 [ 2.5404880e-02 -4.2338340e-02  9.9855962e-01  1.5415000e+02]
 [ 9.9596528e-01  8.4605020e-02 -2.1522340e-02 -1.1747500e+03]
 [ 0.0000000e+00  0.0000000e+00  0.0000000e+00  1.0000000e+00]]
[-0203.70, +0113.86, -1079.67]
1610, 2239, 797
[[-8.2915600e-02  9.9537384e-01  4.2393680e-02 -8.4370000e+01]
 [ 2.6702160e-02 -4.0040720e-02  9.9857256e-01  1.5449000e+02]
 [ 9.9591832e-01  8.4208560e-02 -2.2974880e-02 -1.1747400e+03]
 [ 0.0000000e+00  0.0000000e+00  0.0000000e+00  1.0000000e+00]]
[-0131.66, +0017.94, -1147.29]
1075, 1536, 996
[[-8.2536200e-02  9.9542718e-01  4.4407740e-02 -8.4320000e+01]
 [ 2.4882900e-02 -4.2326260e-02  9.9862982e-01  1.5416000e+02]
 [ 9.9610650e-01  8.3698300e-02 -2.1102100e-02 -1.1747300e+03]
 [ 0.0000000e+00  0.0000000e+00  0.0000000e+00  1.0000000e+00]]
[-0184.80, +0027.56, -1085.92]
1926, 1278, 892
[[-8.2520520e-02  9.9555316e-01  4.4163200e-02 -8.4370000e+01]
 [ 2.6167840e-02 -4.2080520e-02  9.9871660e-01  1.5420000e+02]
 [ 9.9618860e-01  8.3627200e-02 -2.2521000e-02 -1.1747100e+03]
 [ 0.0000000e+00  0.0000000e+00  0.0000000e+00  1.0000000e+00]]
[-0117.81, +0105.92, -1119.48]
970, 1469, 821
[[-8.2544520e-02  9.9530876e-01  4.4893560e-02 -8.4250000e+01]
 [ 2.4605160e-02 -4.2746580e-02  9.9852662e-01  1.5412000e+02]
 [ 9.9601684e-01  8.3793180e-02 -2.0690100e-02 -1.1747500e+03]
 [ 0.0000000e+00  0.0000000e+00  0.0000000e+00  1.0000000e+00]]
[-0172.67, +0018.42, -1087.71]
1445, 1665, 1157
[[-8.3353000e-02  9.9531720e-01  4.3546600e-02 -8.4400000e+01]
 [ 2.5562520e-02 -4.1312040e-02  9.9857880e-01  1.5424000e+02]
 [ 9.9594136e-01  8.4597480e-02 -2.1745000e-02 -1.1747200e+03]
 [ 0.0000000e+00  0.0000000e+00  0.0000000e+00  1.0000000e+00]]
[-0165.16, +0049.16, -1089.40]
1104, 1101, 1598
[[-8.2318180e-02  9.9534812e-01  4.3925860e-02 -8.4390000e+01]
 [ 2.5358120e-02 -4.1696080e-02  9.9853076e-01  1.5415000e+02]
 [ 9.9599414e-01  8.3599240e-02 -2.1514260e-02 -1.1746900e+03]
 [ 0.0000000e+00  0.0000000e+00  0.0000000e+00  1.0000000e+00]]
[-0250.39, +0091.28, -1096.27]
1729, 1748, 2108
[[-8.2709140e-02  9.9548460e-01  4.2279600e-02 -8.4570000e+01]
 [ 2.6393400e-02 -4.0040720e-02  9.9866568e-01  1.5432000e+02]
 [ 9.9603240e-01  8.3905680e-02 -2.2768420e-02 -1.1746800e+03]
 [ 0.0000000e+00  0.0000000e+00  0.0000000e+00  1.0000000e+00]]
[-0231.28, +0087.91, -1110.19]
1464, 884, 1056
[[-8.2338580e-02  9.9541778e-01  4.4988060e-02 -8.4350000e+01]
 [ 2.4503980e-02 -4.2944680e-02  9.9861294e-01  1.5408000e+02]
 [ 9.9613254e-01  8.3496660e-02 -2.0682260e-02 -1.1747100e+03]
 [ 0.0000000e+00  0.0000000e+00  0.0000000e+00  1.0000000e+00]]
[-0171.09, +0125.37, -1085.57]
1342, 2221, 1260
[[-8.2296340e-02  9.9549296e-01  4.2674160e-02 -8.4430000e+01]
 [ 2.6401760e-02 -4.0436800e-02  9.9864072e-01  1.5434000e+02]
 [ 9.9605736e-01  8.3511120e-02 -2.2751700e-02 -1.1747000e+03]
 [ 0.0000000e+00  0.0000000e+00  0.0000000e+00  1.0000000e+00]]
[-0173.40, +0004.88, -1128.59]
789, 1582, 1248
[[-8.2330180e-02  9.9543320e-01  4.4397120e-02 -8.4250000e+01]
 [ 2.4678800e-02 -4.2326260e-02  9.9862380e-01  1.5411000e+02]
 [ 9.9611712e-01  8.3494200e-02 -2.0896080e-02 -1.1746800e+03]
 [ 0.0000000e+00  0.0000000e+00  0.0000000e+00  1.0000000e+00]]
[-0229.60, +0011.64, -1106.31]
1736, 1898, 1737
[[-8.2296340e-02  9.9549296e-01  4.2674160e-02 -8.4470000e+01]
 [ 2.6401760e-02 -4.0436800e-02  9.9864072e-01  1.5431000e+02]
 [ 9.9605736e-01  8.3511120e-02 -2.2751700e-02 -1.1746500e+03]
 [ 0.0000000e+00  0.0000000e+00  0.0000000e+00  1.0000000e+00]]
[-0194.99, +0065.20, -1096.84]
1826, 2030, 1898
[[-8.2502720e-02  9.9559368e-01  4.2373680e-02 -8.4490000e+01]
 [ 2.6292720e-02 -4.0238740e-02  9.9875222e-01  1.5434000e+02]
 [ 9.9614808e-01  8.3609380e-02 -2.2760020e-02 -1.1746300e+03]
 [ 0.0000000e+00  0.0000000e+00  0.0000000e+00  1.0000000e+00]]
[-0200.04, +0063.44, -1102.66]
1139, 1352, 2058
[[-8.3142980e-02  9.9543486e-01  4.3241340e-02 -8.4470000e+01]
 [ 2.5444860e-02 -4.1102020e-02  9.9867362e-01  1.5420000e+02]
 [ 9.9604866e-01  8.4296380e-02 -2.1745000e-02 -1.1746800e+03]
 [ 0.0000000e+00  0.0000000e+00  0.0000000e+00  1.0000000e+00]]
[-0271.91, +0082.07, -1132.97]
1189, 1424, 1273
[[-8.2322100e-02  9.9534344e-01  4.3909220e-02 -8.4360000e+01]
 [ 2.4958640e-02 -4.1708040e-02  9.9853544e-01  1.5414000e+02]
 [ 9.9599882e-01  8.3590640e-02 -2.1110100e-02 -1.1747200e+03]
 [ 0.0000000e+00  0.0000000e+00  0.0000000e+00  1.0000000e+00]]
[-0204.71, +0053.68, -1080.46]
2099, 1115, 1975
[[-8.561802e-02  9.952708e-01  4.245210e-02 -8.468000e+01]
 [ 2.735520e-02 -4.010052e-02  9.986756e-01  1.543500e+02]
 [ 9.958001e-01  8.681760e-02 -2.363850e-02 -1.174690e+03]
 [ 0.000000e+00  0.000000e+00  0.000000e+00  1.000000e+00]]
[-0203.18, +0147.42, -1134.76]
1576, 922, 1798
[[-8.2108200e-02  9.9535688e-01  4.4139840e-02 -8.4390000e+01]
 [ 2.5761600e-02 -4.1882340e-02  9.9851338e-01  1.5417000e+02]
 [ 9.9600200e-01  8.3410500e-02 -2.1910500e-02 -1.1746200e+03]
 [ 0.0000000e+00  0.0000000e+00  0.0000000e+00  1.0000000e+00]]
[-0229.22, +0140.08, -1119.85]
1600, 1685, 1680
[[-8.3349280e-02  9.9532568e-01  4.3147120e-02 -8.4420000e+01]
 [ 2.5545680e-02 -4.0904080e-02  9.9858728e-01  1.5424000e+02]
 [ 9.9593288e-01  8.4592720e-02 -2.1753360e-02 -1.1746700e+03]
 [ 0.0000000e+00  0.0000000e+00  0.0000000e+00  1.0000000e+00]]
[-0204.95, +0070.54, -1092.06]
2178, 781, 1245
[[-8.3349280e-02  9.9542148e-01  4.4084760e-02 -8.4450000e+01]
 [ 2.6481480e-02 -4.1894180e-02  9.9865284e-01  1.5420000e+02]
 [ 9.9604524e-01  8.4527160e-02 -2.2743460e-02 -1.1746200e+03]
 [ 0.0000000e+00  0.0000000e+00  0.0000000e+00  1.0000000e+00]]
[-0150.16, +0156.82, -1150.46]
1005, 2237, 956
[[-8.2516800e-02  9.9546416e-01  4.3034480e-02 -8.4280000e+01]
 [ 2.5423840e-02 -4.0880080e-02  9.9865276e-01  1.5431000e+02]
 [ 9.9606952e-01  8.3694760e-02 -2.1736720e-02 -1.1746600e+03]
 [ 0.0000000e+00  0.0000000e+00  0.0000000e+00  1.0000000e+00]]
[-0169.72, -0011.34, -1152.03]
1951, 2231, 1123
[[-8.2274500e-02  9.9553944e-01  4.1334080e-02 -8.4380000e+01]
 [ 2.7741840e-02 -3.8969460e-02  9.9865164e-01  1.5455000e+02]
 [ 9.9601088e-01  8.3522040e-02 -2.4197200e-02 -1.1746700e+03]
 [ 0.0000000e+00  0.0000000e+00  0.0000000e+00  1.0000000e+00]]
[-0135.64, +0039.23, -1128.96]
1512, 1208, 1762
[[-8.2520520e-02  9.9535072e-01  4.3537080e-02 -8.4420000e+01]
 [ 2.5545480e-02 -4.1288040e-02  9.9854528e-01  1.5419000e+02]
 [ 9.9597488e-01  8.3798520e-02 -2.1728520e-02 -1.1746100e+03]
 [ 0.0000000e+00  0.0000000e+00  0.0000000e+00  1.0000000e+00]]
[-0230.84, +0112.64, -1101.84]
1252, 1182, 2114
[[-8.3345640e-02  9.9533048e-01  4.3163960e-02 -8.4460000e+01]
 [ 2.5945160e-02 -4.0892040e-02  9.9858248e-01  1.5419000e+02]
 [ 9.9592808e-01  8.4601160e-02 -2.2157640e-02 -1.1746100e+03]
 [ 0.0000000e+00  0.0000000e+00  0.0000000e+00  1.0000000e+00]]
[-0269.12, +0103.62, -1137.33]
2055, 1698, 1876
[[-8.2909200e-02  9.9548728e-01  4.2532040e-02 -8.4510000e+01]
 [ 2.7604400e-02 -4.0215460e-02  9.9865472e-01  1.5433000e+02]
 [ 9.9601300e-01  8.4132800e-02 -2.3982100e-02 -1.1745900e+03]
 [ 0.0000000e+00  0.0000000e+00  0.0000000e+00  1.0000000e+00]]
[-0185.39, +0105.12, -1103.92]
1038, 1032, 1047
[[-8.1510820e-02  9.9544636e-01  4.4962520e-02 -8.4270000e+01]
 [ 2.4086840e-02 -4.2932640e-02  9.9858436e-01  1.5408000e+02]
 [ 9.9617012e-01  8.2688840e-02 -2.0262820e-02 -1.1746900e+03]
 [ 0.0000000e+00  0.0000000e+00  0.0000000e+00  1.0000000e+00]]
[-0204.02, +0076.23, -1068.29]
774, 814, 1007
[[-8.1515220e-02  9.9533018e-01  4.5672880e-02 -8.4170000e+01]
 [ 2.4416380e-02 -4.3539220e-02  9.9846968e-01  1.5399000e+02]
 [ 9.9607832e-01  8.2799120e-02 -2.0453440e-02 -1.1746600e+03]
 [ 0.0000000e+00  0.0000000e+00  0.0000000e+00  1.0000000e+00]]
[-0230.27, +0079.03, -1067.33]
927, 2024, 1478
[[-8.2516800e-02  9.9556728e-01  4.3139440e-02 -8.4360000e+01]
 [ 2.5526960e-02 -4.1078100e-02  9.9874518e-01  1.5424000e+02]
 [ 9.9617448e-01  8.3602340e-02 -2.1934740e-02 -1.1746400e+03]
 [ 0.0000000e+00  0.0000000e+00  0.0000000e+00  1.0000000e+00]]
[-0221.24, -0002.19, -1135.52]
1203, 964, 1701
[[-8.2528200e-02  9.9533744e-01  4.3919880e-02 -8.4370000e+01]
 [ 2.5162680e-02 -4.1708040e-02  9.9854144e-01  1.5413000e+02]
 [ 9.9598816e-01  8.3794680e-02 -2.1316200e-02 -1.1746400e+03]
 [ 0.0000000e+00  0.0000000e+00  0.0000000e+00  1.0000000e+00]]
[-0252.09, +0115.85, -1108.53]
1701, 1138, 2109
[[-8.2712500e-02  9.9557780e-01  4.2992100e-02 -8.4510000e+01]
 [ 2.6721400e-02 -4.0844680e-02  9.9874308e-01  1.5425000e+02]
 [ 9.9614730e-01  8.3824920e-02 -2.3156180e-02 -1.1745700e+03]
 [ 0.0000000e+00  0.0000000e+00  0.0000000e+00  1.0000000e+00]]
[-0239.43, +0132.75, -1132.71]
1427, 943, 1061
[[-8.2124200e-02  9.9533208e-01  4.4697560e-02 -8.4290000e+01]
 [ 2.4787800e-02 -4.2524360e-02  9.9851208e-01  1.5408000e+02]
 [ 9.9602680e-01  8.3395800e-02 -2.0888200e-02 -1.1746400e+03]
 [ 0.0000000e+00  0.0000000e+00  0.0000000e+00  1.0000000e+00]]
[-0173.02, +0117.07, -1081.51]
1643, 978, 1937
[[-8.3349280e-02  9.9542884e-01  4.3252120e-02 -8.4480000e+01]
 [ 2.5648840e-02 -4.1102020e-02  9.9867964e-01  1.5422000e+02]
 [ 9.9603788e-01  8.4500360e-02 -2.1951300e-02 -1.1746300e+03]
 [ 0.0000000e+00  0.0000000e+00  0.0000000e+00  1.0000000e+00]]
[-0233.35, +0143.23, -1130.89]
1736, 777, 1845
[[-8.3356800e-02  9.9530864e-01  4.3946080e-02 -8.4440000e+01]
 [ 2.5579360e-02 -4.1720080e-02  9.9857024e-01  1.5416000e+02]
 [ 9.9594992e-01  8.4602240e-02 -2.1736720e-02 -1.1746300e+03]
 [ 0.0000000e+00  0.0000000e+00  0.0000000e+00  1.0000000e+00]]
[-0218.94, +0158.16, -1141.48]
1990, 1218, 1311
[[-8.2723060e-02  9.9545092e-01  4.3877600e-02 -8.4400000e+01]
 [ 2.6460200e-02 -4.1672400e-02  9.9863200e-01  1.5421000e+02]
 [ 9.9606608e-01  8.3925440e-02 -2.2735300e-02 -1.1746400e+03]
 [ 0.0000000e+00  0.0000000e+00  0.0000000e+00  1.0000000e+00]]
[-0150.42, +0128.05, -1111.53]
1238, 1990, 1239
[[-8.2520520e-02  9.9535072e-01  4.3537080e-02 -8.4320000e+01]
 [ 2.5545480e-02 -4.1288040e-02  9.9854528e-01  1.5422000e+02]
 [ 9.9597488e-01  8.3798520e-02 -2.1728520e-02 -1.1746500e+03]
 [ 0.0000000e+00  0.0000000e+00  0.0000000e+00  1.0000000e+00]]
[-0181.87, +0008.69, -1112.83]
771, 1576, 1945
[[-8.252432e-02  9.953460e-01  4.352040e-02 -8.435000e+01]
 [ 2.514600e-02 -4.130000e-02  9.985500e-01  1.541400e+02]
 [ 9.959796e-01  8.379000e-02 -2.132432e-02 -1.174630e+03]
 [ 0.000000e+00  0.000000e+00  0.000000e+00  1.000000e+00]]
[-0275.07, +0039.51, -1150.05]
2059, 1426, 1681
[[-8.2925800e-02  9.9535216e-01  4.3175880e-02 -8.4460000e+01]
 [ 2.6336200e-02 -4.0868200e-02  9.9856080e-01  1.5427000e+02]
 [ 9.9594000e-01  8.4210120e-02 -2.2553640e-02 -1.1746400e+03]
 [ 0.0000000e+00  0.0000000e+00  0.0000000e+00  1.0000000e+00]]
[-0173.43, +0124.46, -1108.65]
2162, 1872, 854
[[-8.2083280e-02  9.9540392e-01  4.2799760e-02 -8.4310000e+01]
 [ 2.7101680e-02 -4.0413600e-02  9.9852584e-01  1.5442000e+02]
 [ 9.9595496e-01  8.3422960e-02 -2.3354320e-02 -1.1746800e+03]
 [ 0.0000000e+00  0.0000000e+00  0.0000000e+00  1.0000000e+00]]
[-0113.20, +0070.11, -1138.68]
803, 1553, 905
[[-8.1292200e-02  9.9536512e-01  4.4688360e-02 -8.4170000e+01]
 [ 2.4770280e-02 -4.2500520e-02  9.9847904e-01  1.5408000e+02]
 [ 9.9605984e-01  8.2596840e-02 -2.0872680e-02 -1.1746500e+03]
 [ 0.0000000e+00  0.0000000e+00  0.0000000e+00  1.0000000e+00]]
[-0195.39, +0003.34, -1098.51]
2101, 1870, 1894
[[-8.3109780e-02  9.9539314e-01  4.1847360e-02 -8.4560000e+01]
 [ 2.7879540e-02 -3.9400020e-02  9.9857792e-01  1.5437000e+02]
 [ 9.9588224e-01  8.4425280e-02 -2.4205800e-02 -1.1745600e+03]
 [ 0.0000000e+00  0.0000000e+00  0.0000000e+00  1.0000000e+00]]
[-0185.45, +0093.89, -1104.17]
2136, 1227, 1360
[[-8.3345640e-02  9.9543186e-01  4.3477100e-02 -8.4430000e+01]
 [ 2.6256500e-02 -4.1288040e-02  9.9866814e-01  1.5424000e+02]
 [ 9.9603486e-01  8.4515500e-02 -2.2553640e-02 -1.1746400e+03]
 [ 0.0000000e+00  0.0000000e+00  0.0000000e+00  1.0000000e+00]]
[-0147.45, +0132.39, -1121.40]
2047, 2007, 849
[[-8.2499400e-02  9.9549542e-01  4.2285460e-02 -8.4280000e+01]
 [ 2.6589020e-02 -4.0029000e-02  9.9865486e-01  1.5446000e+02]
 [ 9.9603826e-01  8.3710060e-02 -2.2966440e-02 -1.1746500e+03]
 [ 0.0000000e+00  0.0000000e+00  0.0000000e+00  1.0000000e+00]]
[-0115.85, +0056.06, -1138.39]
884, 787, 770
[[-8.1729960e-02  9.9541582e-01  4.5963500e-02 -8.4110000e+01]
 [ 2.4132500e-02 -4.3959700e-02  9.9857030e-01  1.5397000e+02]
 [ 9.9618418e-01  8.2899740e-02 -2.0247700e-02 -1.1746500e+03]
 [ 0.0000000e+00  0.0000000e+00  0.0000000e+00  1.0000000e+00]]
[-0193.58, +0083.85, -1059.03]
1527, 1189, 983
[[-8.2532160e-02  9.9543384e-01  4.4216320e-02 -8.4300000e+01]
 [ 2.5074320e-02 -4.2116160e-02  9.9863184e-01  1.5415000e+02]
 [ 9.9609984e-01  8.3700320e-02 -2.1308160e-02 -1.1746700e+03]
 [ 0.0000000e+00  0.0000000e+00  0.0000000e+00  1.0000000e+00]]
[-0151.65, +0094.60, -1085.11]
1430, 2052, 805
[[-8.2104400e-02  9.9547044e-01  4.3637280e-02 -8.4260000e+01]
 [ 2.5640040e-02 -4.1474260e-02  9.9862104e-01  1.5423000e+02]
 [ 9.9609648e-01  8.3306640e-02 -2.1918500e-02 -1.1746400e+03]
 [ 0.0000000e+00  0.0000000e+00  0.0000000e+00  1.0000000e+00]]
[-0134.41, +0013.43, -1135.64]
898, 1913, 799
[[-8.1082180e-02  9.9547858e-01  4.4799260e-02 -8.4160000e+01]
 [ 2.5068580e-02 -4.2686980e-02  9.9856094e-01  1.5413000e+02]
 [ 9.9617074e-01  8.2309060e-02 -2.1269160e-02 -1.1746500e+03]
 [ 0.0000000e+00  0.0000000e+00  0.0000000e+00  1.0000000e+00]]
[-0169.97, -0009.30, -1128.90]
1653, 942, 1264
[[-8.1902100e-02  9.9536278e-01  4.4129160e-02 -8.4330000e+01]
 [ 2.5557540e-02 -4.1882340e-02  9.9850748e-01  1.5414000e+02]
 [ 9.9601268e-01  8.3206440e-02 -2.1704400e-02 -1.1746300e+03]
 [ 0.0000000e+00  0.0000000e+00  0.0000000e+00  1.0000000e+00]]
[-0175.48, +0137.00, -1098.32]
1566, 1010, 1663
[[-8.2734340e-02  9.9543646e-01  4.3827500e-02 -8.4370000e+01]
 [ 2.5261700e-02 -4.1708040e-02  9.9864646e-01  1.5416000e+02]
 [ 9.9608054e-01  8.3899700e-02 -2.1522340e-02 -1.1746500e+03]
 [ 0.0000000e+00  0.0000000e+00  0.0000000e+00  1.0000000e+00]]
[-0220.38, +0131.38, -1105.38]
1717, 1593, 1387
[[-8.2944400e-02  9.9542772e-01  4.3613360e-02 -8.4380000e+01]
 [ 2.4858120e-02 -4.1522100e-02  9.9866376e-01  1.5423000e+02]
 [ 9.9607256e-01  8.4088560e-02 -2.1126340e-02 -1.1746900e+03]
 [ 0.0000000e+00  0.0000000e+00  0.0000000e+00  1.0000000e+00]]
[-0167.76, +0080.12, -1090.21]
784, 774, 2162
[[-8.2330180e-02  9.9543732e-01  4.3981000e-02 -8.4360000e+01]
 [ 2.4262680e-02 -4.1930180e-02  9.9863700e-01  1.5406000e+02]
 [ 9.9611300e-01  8.3481000e-02 -2.0500000e-02 -1.1746400e+03]
 [ 0.0000000e+00  0.0000000e+00  0.0000000e+00  1.0000000e+00]]
[-0284.78, +0106.04, -1179.44]
2003, 1624, 1021
[[-8.2509600e-02  9.9547204e-01  4.3275880e-02 -8.4380000e+01]
 [ 2.6430920e-02 -4.1054500e-02  9.9863644e-01  1.5426000e+02]
 [ 9.9606164e-01  8.3718280e-02 -2.2743460e-02 -1.1746600e+03]
 [ 0.0000000e+00  0.0000000e+00  0.0000000e+00  1.0000000e+00]]
[-0120.25, +0085.04, -1119.71]
1799, 1545, 1702
[[-8.2310580e-02  9.9536330e-01  4.3334960e-02 -8.4400000e+01]
 [ 2.5532900e-02 -4.1078100e-02  9.9854120e-01  1.5421000e+02]
 [ 9.9597896e-01  8.3596400e-02 -2.1728520e-02 -1.1746400e+03]
 [ 0.0000000e+00  0.0000000e+00  0.0000000e+00  1.0000000e+00]]
[-0198.21, +0098.23, -1095.05]
1249, 1227, 992
[[-8.2120080e-02  9.9533672e-01  4.4714160e-02 -8.4280000e+01]
 [ 2.5187280e-02 -4.2512400e-02  9.9850744e-01  1.5410000e+02]
 [ 9.9602216e-01  8.3404560e-02 -2.1292320e-02 -1.1746500e+03]
 [ 0.0000000e+00  0.0000000e+00  0.0000000e+00  1.0000000e+00]]
[-0174.20, +0070.40, -1073.71]
1202, 870, 2196
[[-8.2726740e-02  9.9534662e-01  4.3339720e-02 -8.4460000e+01]
 [ 2.5541380e-02 -4.1090020e-02  9.9855788e-01  1.5415000e+02]
 [ 9.9596228e-01  8.3995880e-02 -2.1736720e-02 -1.1746000e+03]
 [ 0.0000000e+00  0.0000000e+00  0.0000000e+00  1.0000000e+00]]
[-0269.70, +0123.90, -1161.05]
1694, 2178, 1870
[[-8.2915600e-02  9.9547872e-01  4.2290440e-02 -8.4460000e+01]
 [ 2.6597280e-02 -4.0040720e-02  9.9867156e-01  1.5435000e+02]
 [ 9.9602156e-01  8.4109560e-02 -2.2974880e-02 -1.1746400e+03]
 [ 0.0000000e+00  0.0000000e+00  0.0000000e+00  1.0000000e+00]]
[-0199.20, +0040.39, -1109.49]
1421, 1576, 1001
[[-8.2318180e-02  9.9534618e-01  4.4133920e-02 -8.4300000e+01]
 [ 2.5566180e-02 -4.1894180e-02  9.9852408e-01  1.5415000e+02]
 [ 9.9599608e-01  8.3605920e-02 -2.1712360e-02 -1.1746400e+03]
 [ 0.0000000e+00  0.0000000e+00  0.0000000e+00  1.0000000e+00]]
[-0154.89, +0050.04, -1089.32]
1619, 936, 996
[[-8.1704040e-02  9.9556332e-01  4.4503520e-02 -8.4320000e+01]
 [ 2.4968480e-02 -4.2500520e-02  9.9868908e-01  1.5412000e+02]
 [ 9.9624468e-01  8.2806880e-02 -2.1284520e-02 -1.1746300e+03]
 [ 0.0000000e+00  0.0000000e+00  0.0000000e+00  1.0000000e+00]]
[-0151.89, +0127.84, -1095.46]
1151, 1592, 962
[[-8.1910020e-02  9.9535342e-01  4.4096040e-02 -8.4280000e+01]
 [ 2.4758580e-02 -4.1906100e-02  9.9851684e-01  1.5415000e+02]
 [ 9.9602204e-01  8.3189160e-02 -2.0896080e-02 -1.1746600e+03]
 [ 0.0000000e+00  0.0000000e+00  0.0000000e+00  1.0000000e+00]]
[-0170.56, +0026.44, -1089.41]
1807, 2092, 874
[[-8.2289700e-02  9.9539816e-01  4.2810620e-02 -8.4330000e+01]
 [ 2.7305600e-02 -4.0413600e-02  9.9853160e-01  1.5435000e+02]
 [ 9.9594410e-01  8.3626880e-02 -2.3560740e-02 -1.1746400e+03]
 [ 0.0000000e+00  0.0000000e+00  0.0000000e+00  1.0000000e+00]]
[-0124.50, +0034.97, -1136.51]
1522, 2032, 950
[[-8.1902100e-02  9.9547164e-01  4.3610080e-02 -8.4290000e+01]
 [ 2.5036520e-02 -4.1486100e-02  9.9861984e-01  1.5421000e+02]
 [ 9.9611184e-01  8.3094080e-02 -2.1308160e-02 -1.1746600e+03]
 [ 0.0000000e+00  0.0000000e+00  0.0000000e+00  1.0000000e+00]]
[-0143.24, +0023.11, -1121.43]
796, 1875, 1280
[[-8.2116040e-02  9.9545246e-01  4.4003620e-02 -8.4230000e+01]
 [ 2.4857620e-02 -4.1906100e-02  9.9862186e-01  1.5413000e+02]
 [ 9.9611446e-01  8.3294180e-02 -2.1102100e-02 -1.1746600e+03]
 [ 0.0000000e+00  0.0000000e+00  0.0000000e+00  1.0000000e+00]]
[-0219.39, -0003.05, -1127.31]
2042, 1770, 1398
[[-8.2922320e-02  9.9546204e-01  4.3089440e-02 -8.4430000e+01]
 [ 2.6630760e-02 -4.0856400e-02  9.9865488e-01  1.5429000e+02]
 [ 9.9603824e-01  8.4119520e-02 -2.2958080e-02 -1.1746300e+03]
 [ 0.0000000e+00  0.0000000e+00  0.0000000e+00  1.0000000e+00]]
[-0146.56, +0087.31, -1106.63]
1142, 2232, 1442
[[-8.2299780e-02  9.9549154e-01  4.2241420e-02 -8.4380000e+01]
 [ 2.5586140e-02 -4.0052520e-02  9.9865874e-01  1.5433000e+02]
 [ 9.9605878e-01  8.3489660e-02 -2.1951300e-02 -1.1746400e+03]
 [ 0.0000000e+00  0.0000000e+00  0.0000000e+00  1.0000000e+00]]
[-0199.52, -0001.44, -1135.92]
1471, 1917, 1007
[[-8.2730500e-02  9.9544310e-01  4.3636100e-02 -8.4320000e+01]
 [ 2.5453100e-02 -4.1498020e-02  9.9864838e-01  1.5421000e+02]
 [ 9.9607390e-01  8.3901620e-02 -2.1728520e-02 -1.1746600e+03]
 [ 0.0000000e+00  0.0000000e+00  0.0000000e+00  1.0000000e+00]]
[-0147.23, +0029.77, -1109.41]
1258, 2183, 770
[[-8.2520520e-02  9.9545570e-01  4.3433980e-02 -8.4260000e+01]
 [ 2.5440500e-02 -4.1288040e-02  9.9864430e-01  1.5428000e+02]
 [ 9.9607798e-01  8.3699500e-02 -2.1728520e-02 -1.1746600e+03]
 [ 0.0000000e+00  0.0000000e+00  0.0000000e+00  1.0000000e+00]]
[-0143.55, +0000.78, -1150.18]
1417, 1378, 1110
[[-8.1692160e-02  9.9537536e-01  4.3927040e-02 -8.4300000e+01]
 [ 2.5544960e-02 -4.1672400e-02  9.9850352e-01  1.5416000e+02]
 [ 9.9601664e-01  8.3004320e-02 -2.1704400e-02 -1.1746100e+03]
 [ 0.0000000e+00  0.0000000e+00  0.0000000e+00  1.0000000e+00]]
[-0168.94, +0073.02, -1080.34]
1601, 1276, 775
[[-8.3158500e-02  9.9540240e-01  4.4631200e-02 -8.4280000e+01]
 [ 2.5303840e-02 -4.2536400e-02  9.9864588e-01  1.5414000e+02]
 [ 9.9608112e-01  8.4308600e-02 -2.1514260e-02 -1.1746400e+03]
 [ 0.0000000e+00  0.0000000e+00  0.0000000e+00  1.0000000e+00]]
[-0123.97, +0083.69, -1099.83]
2106, 786, 1052
[[-8.3139300e-02  9.9532920e-01  4.3985700e-02 -8.4410000e+01]
 [ 2.6573760e-02 -4.1684200e-02  9.9854968e-01  1.5418000e+02]
 [ 9.9594618e-01  8.4424000e-02 -2.2743460e-02 -1.1746300e+03]
 [ 0.0000000e+00  0.0000000e+00  0.0000000e+00  1.0000000e+00]]
[-0138.10, +0152.44, -1147.39]
1131, 1688, 1576
[[-8.2726740e-02  9.9544788e-01  4.3652800e-02 -8.4370000e+01]
 [ 2.5852600e-02 -4.1486100e-02  9.9864360e-01  1.5419000e+02]
 [ 9.9606912e-01  8.3910160e-02 -2.2132800e-02 -1.1746100e+03]
 [ 0.0000000e+00  0.0000000e+00  0.0000000e+00  1.0000000e+00]]
[-0231.06, +0036.17, -1101.60]
1855, 2046, 1927
[[-8.2289700e-02  9.9540464e-01  4.1978380e-02 -8.4500000e+01]
 [ 2.6473360e-02 -3.9621280e-02  9.9855824e-01  1.5434000e+02]
 [ 9.9593762e-01  8.3600240e-02 -2.2768420e-02 -1.1746200e+03]
 [ 0.0000000e+00  0.0000000e+00  0.0000000e+00  1.0000000e+00]]
[-0200.86, +0064.17, -1103.49]
769, 939, 1244
[[-8.1721000e-02  9.9543370e-01  4.5164500e-02 -8.4190000e+01]
 [ 2.4099500e-02 -4.3142820e-02  9.9858818e-01  1.5402000e+02]
 [ 9.9616630e-01  8.2890820e-02 -2.0262820e-02 -1.1746600e+03]
 [ 0.0000000e+00  0.0000000e+00  0.0000000e+00  1.0000000e+00]]
[-0251.59, +0071.64, -1083.07]
1782, 1485, 1017
[[-8.1894500e-02  9.9537618e-01  4.3746240e-02 -8.4350000e+01]
 [ 2.5940460e-02 -4.1462500e-02  9.9851128e-01  1.5421000e+02]
 [ 9.9599928e-01  8.3210240e-02 -2.2116640e-02 -1.1746300e+03]
 [ 0.0000000e+00  0.0000000e+00  0.0000000e+00  1.0000000e+00]]
[-0131.35, +0083.72, -1102.71]
1812, 1547, 2069
[[-8.3128740e-02  9.9525312e-01  4.2474200e-02 -8.4500000e+01]
 [ 2.6212000e-02 -4.0064400e-02  9.9848940e-01  1.5428000e+02]
 [ 9.9581412e-01  8.4494840e-02 -2.2372500e-02 -1.1746200e+03]
 [ 0.0000000e+00  0.0000000e+00  0.0000000e+00  1.0000000e+00]]
[-0226.24, +0109.49, -1111.77]
1202, 2163, 1186
[[-8.2100680e-02  9.9548078e-01  4.3029740e-02 -8.4310000e+01]
 [ 2.5415420e-02 -4.0868200e-02  9.9863614e-01  1.5427000e+02]
 [ 9.9608614e-01  8.3295260e-02 -2.1728520e-02 -1.1746400e+03]
 [ 0.0000000e+00  0.0000000e+00  0.0000000e+00  1.0000000e+00]]
[-0176.57, -0001.97, -1131.63]
1756, 2073, 913
[[-8.2719460e-02  9.9546124e-01  4.3270000e-02 -8.4330000e+01]
 [ 2.6235400e-02 -4.1066260e-02  9.9864724e-01  1.5429000e+02]
 [ 9.9605576e-01  8.3913800e-02 -2.2545360e-02 -1.1746600e+03]
 [ 0.0000000e+00  0.0000000e+00  0.0000000e+00  1.0000000e+00]]
[-0127.13, +0034.40, -1131.61]
1706, 802, 799
[[-8.2342900e-02  9.9551404e-01  4.5284620e-02 -8.4220000e+01]
 [ 2.4415480e-02 -4.3353040e-02  9.9870316e-01  1.5404000e+02]
 [ 9.9624434e-01  8.3402120e-02 -2.0674500e-02 -1.1746600e+03]
 [ 0.0000000e+00  0.0000000e+00  0.0000000e+00  1.0000000e+00]]
[-0132.71, +0135.46, -1111.76]
1019, 1692, 1595
[[-8.3150580e-02  9.9531662e-01  4.3727160e-02 -8.4330000e+01]
 [ 2.5167180e-02 -4.1522100e-02  9.9857084e-01  1.5419000e+02]
 [ 9.9595876e-01  8.4391560e-02 -2.1332520e-02 -1.1746500e+03]
 [ 0.0000000e+00  0.0000000e+00  0.0000000e+00  1.0000000e+00]]
[-0239.80, +0029.45, -1109.40]
2011, 1504, 1958
[[-8.3122100e-02  9.9546960e-01  4.2717600e-02 -8.4520000e+01]
 [ 2.7217440e-02 -4.0436800e-02  9.9866408e-01  1.5430000e+02]
 [ 9.9601392e-01  8.4326800e-02 -2.3577460e-02 -1.1746100e+03]
 [ 0.0000000e+00  0.0000000e+00  0.0000000e+00  1.0000000e+00]]
[-0202.65, +0122.34, -1111.28]
913, 1687, 2070
[[-8.1894500e-02  9.9548670e-01  4.3019100e-02 -8.4380000e+01]
 [ 2.5211460e-02 -4.0868200e-02  9.9863022e-01  1.5419000e+02]
 [ 9.9609678e-01  8.3091300e-02 -2.1522340e-02 -1.1746400e+03]
 [ 0.0000000e+00  0.0000000e+00  0.0000000e+00  1.0000000e+00]]
[-0271.02, +0043.26, -1148.91]
1324, 1219, 831
[[-8.1914100e-02  9.9544360e-01  4.5016600e-02 -8.4240000e+01]
 [ 2.5294160e-02 -4.2908800e-02  9.9858712e-01  1.5409000e+02]
 [ 9.9613988e-01  8.3114800e-02 -2.1482740e-02 -1.1746500e+03]
 [ 0.0000000e+00  0.0000000e+00  0.0000000e+00  1.0000000e+00]]
[-0149.36, +0071.21, -1079.69]
2039, 1760, 1560
[[-8.3125380e-02  9.9546454e-01  4.2700820e-02 -8.4450000e+01]
 [ 2.6817940e-02 -4.0448520e-02  9.9866914e-01  1.5430000e+02]
 [ 9.9601898e-01  8.4318460e-02 -2.3172900e-02 -1.1746200e+03]
 [ 0.0000000e+00  0.0000000e+00  0.0000000e+00  1.0000000e+00]]
[-0160.60, +0090.81, -1102.43]
1570, 1760, 1436
[[-8.2520520e-02  9.9545382e-01  4.3642060e-02 -8.4340000e+01]
 [ 2.5648580e-02 -4.1486100e-02  9.9863766e-01  1.5420000e+02]
 [ 9.9607986e-01  8.3706140e-02 -2.1926580e-02 -1.1746600e+03]
 [ 0.0000000e+00  0.0000000e+00  0.0000000e+00  1.0000000e+00]]
[-0184.10, +0053.02, -1091.07]
1638, 1969, 816
[[-8.2310580e-02  9.9556950e-01  4.3544880e-02 -8.4300000e+01]
 [ 2.5739100e-02 -4.1474260e-02  9.9872600e-01  1.5424000e+02]
 [ 9.9618888e-01  8.3411600e-02 -2.2124680e-02 -1.1746400e+03]
 [ 0.0000000e+00  0.0000000e+00  0.0000000e+00  1.0000000e+00]]
[-0124.17, +0030.50, -1130.87]
1631, 1906, 1539
[[-8.2929360e-02  9.9545044e-01  4.3264080e-02 -8.4390000e+01]
 [ 2.6039880e-02 -4.1078100e-02  9.9865804e-01  1.5425000e+02]
 [ 9.9604984e-01  8.4109320e-02 -2.2347300e-02 -1.1746700e+03]
 [ 0.0000000e+00  0.0000000e+00  0.0000000e+00  1.0000000e+00]]
[-0185.70, +0050.40, -1096.15]
1080, 1069, 1061
[[-8.2318180e-02  9.9545312e-01  4.3822800e-02 -8.4360000e+01]
 [ 2.5253120e-02 -4.1696080e-02  9.9862980e-01  1.5425000e+02]
 [ 9.9609720e-01  8.3500200e-02 -2.1514260e-02 -1.1746800e+03]
 [ 0.0000000e+00  0.0000000e+00  0.0000000e+00  1.0000000e+00]]
[-0200.38, +0075.94, -1069.22]
2070, 1609, 1064
[[-8.4164680e-02  9.9532320e-01  4.2408680e-02 -8.4580000e+01]
 [ 2.6727000e-02 -4.0076360e-02  9.9862320e-01  1.5448000e+02]
 [ 9.9586768e-01  8.5407000e-02 -2.3000680e-02 -1.1747500e+03]
 [ 0.0000000e+00  0.0000000e+00  0.0000000e+00  1.0000000e+00]]
[-0121.98, +0089.73, -1121.34]
2188, 1275, 2014
[[-8.6224400e-02  9.9518412e-01  4.1217360e-02 -8.4840000e+01]
 [ 2.8610040e-02 -3.8655700e-02  9.9861552e-01  1.5455000e+02]
 [ 9.9562632e-01  8.7521760e-02 -2.4898660e-02 -1.1746600e+03]
 [ 0.0000000e+00  0.0000000e+00  0.0000000e+00  1.0000000e+00]]
[-0199.03, +0140.07, -1129.15]
1787, 785, 1308
[[-8.3356800e-02  9.9531056e-01  4.3737920e-02 -8.4490000e+01]
 [ 2.5371200e-02 -4.1522100e-02  9.9857690e-01  1.5426000e+02]
 [ 9.9594800e-01  8.4595580e-02 -2.1538740e-02 -1.1747400e+03]
 [ 0.0000000e+00  0.0000000e+00  0.0000000e+00  1.0000000e+00]]
[-0177.02, +0153.05, -1117.38]
1184, 1102, 1686
[[-8.3765640e-02  9.9541382e-01  4.3048700e-02 -8.4550000e+01]
 [ 2.5449100e-02 -4.0916200e-02  9.9870310e-01  1.5432000e+02]
 [ 9.9601918e-01  8.4893260e-02 -2.1761800e-02 -1.1747200e+03]
 [ 0.0000000e+00  0.0000000e+00  0.0000000e+00  1.0000000e+00]]
[-0250.91, +0098.72, -1101.54]
1560, 1039, 1821
[[-8.3964900e-02  9.9531770e-01  4.2572000e-02 -8.4610000e+01]
 [ 2.5932380e-02 -4.0298340e-02  9.9862040e-01  1.5437000e+02]
 [ 9.9589016e-01  8.5193120e-02 -2.2183200e-02 -1.1747200e+03]
 [ 0.0000000e+00  0.0000000e+00  0.0000000e+00  1.0000000e+00]]
[-0229.97, +0132.87, -1114.09]
2209, 1432, 868
[[-8.3948500e-02  9.9544778e-01  4.2553460e-02 -8.4560000e+01]
 [ 2.7824900e-02 -4.0238740e-02  9.9869422e-01  1.5448000e+02]
 [ 9.9596830e-01  8.5135700e-02 -2.4205800e-02 -1.1747300e+03]
 [ 0.0000000e+00  0.0000000e+00  0.0000000e+00  1.0000000e+00]]
[-0111.99, +0102.79, -1140.65]
1169, 1426, 1054
[[-8.2933000e-02  9.9534248e-01  4.3142360e-02 -8.4470000e+01]
 [ 2.5537240e-02 -4.0892040e-02  9.9857048e-01  1.5433000e+02]
 [ 9.9594968e-01  8.4193240e-02 -2.1745000e-02 -1.1747500e+03]
 [ 0.0000000e+00  0.0000000e+00  0.0000000e+00  1.0000000e+00]]
[-0184.83, +0045.31, -1078.99]
1944, 1142, 1368
[[-8.3964900e-02  9.9521272e-01  4.2675240e-02 -8.4580000e+01]
 [ 2.6037360e-02 -4.0298340e-02  9.9852148e-01  1.5437000e+02]
 [ 9.9578692e-01  8.5292040e-02 -2.2183200e-02 -1.1747300e+03]
 [ 0.0000000e+00  0.0000000e+00  0.0000000e+00  1.0000000e+00]]
[-0161.10, +0134.43, -1110.35]
1533, 1106, 986
[[-8.2310580e-02  9.9536144e-01  4.3543020e-02 -8.4450000e+01]
 [ 2.5740960e-02 -4.1276160e-02  9.9853456e-01  1.5430000e+02]
 [ 9.9598082e-01  8.3603040e-02 -2.1926580e-02 -1.1747100e+03]
 [ 0.0000000e+00  0.0000000e+00  0.0000000e+00  1.0000000e+00]]
[-0154.43, +0102.27, -1084.80]
1199, 1334, 2093
[[-8.3751560e-02  9.9544182e-01  4.2075300e-02 -8.4640000e+01]
 [ 2.6006100e-02 -3.9878500e-02  9.9871670e-01  1.5439000e+02]
 [ 9.9599118e-01  8.4893740e-02 -2.2389700e-02 -1.1747200e+03]
 [ 0.0000000e+00  0.0000000e+00  0.0000000e+00  1.0000000e+00]]
[-0269.92, +0088.79, -1133.29]
1294, 824, 1865
[[-8.3552020e-02  9.9543124e-01  4.2863440e-02 -8.4590000e+01]
 [ 2.5835960e-02 -4.0694100e-02  9.9869408e-01  1.5431000e+02]
 [ 9.9601864e-01  8.4699520e-02 -2.2166080e-02 -1.1747200e+03]
 [ 0.0000000e+00  0.0000000e+00  0.0000000e+00  1.0000000e+00]]
[-0253.01, +0134.31, -1129.19]
2012, 779, 863
[[-8.3353000e-02  9.9531532e-01  4.3754760e-02 -8.4520000e+01]
 [ 2.5770680e-02 -4.1510020e-02  9.9857214e-01  1.5432000e+02]
 [ 9.9594324e-01  8.4604140e-02 -2.1942980e-02 -1.1747400e+03]
 [ 0.0000000e+00  0.0000000e+00  0.0000000e+00  1.0000000e+00]]
[-0126.47, +0147.48, -1145.19]
1355, 1973, 955
[[-8.2929360e-02  9.9545584e-01  4.2639720e-02 -8.4490000e+01]
 [ 2.5415520e-02 -4.0484160e-02  9.9867784e-01  1.5441000e+02]
 [ 9.9604444e-01  8.4089520e-02 -2.1753360e-02 -1.1747500e+03]
 [ 0.0000000e+00  0.0000000e+00  0.0000000e+00  1.0000000e+00]]
[-0149.41, +0013.78, -1119.09]
2121, 1098, 1643
[[-8.4991400e-02  9.9530232e-01  4.2036360e-02 -8.4710000e+01]
 [ 2.7125880e-02 -3.9680680e-02  9.9866056e-01  1.5447000e+02]
 [ 9.9582024e-01  8.6209160e-02 -2.3431720e-02 -1.1747100e+03]
 [ 0.0000000e+00  0.0000000e+00  0.0000000e+00  1.0000000e+00]]
[-0175.92, +0148.31, -1128.55]
1012, 2148, 1343
[[-8.2715940e-02  9.9547488e-01  4.2246200e-02 -8.4460000e+01]
 [ 2.5594400e-02 -4.0064400e-02  9.9867540e-01  1.5444000e+02]
 [ 9.9604212e-01  8.3889160e-02 -2.1959700e-02 -1.1747500e+03]
 [ 0.0000000e+00  0.0000000e+00  0.0000000e+00  1.0000000e+00]]
[-0199.83, -0006.60, -1137.62]
1206, 1059, 1178
[[-8.3356800e-02  9.9531248e-01  4.3529760e-02 -8.4460000e+01]
 [ 2.5163040e-02 -4.1324160e-02  9.9858352e-01  1.5430000e+02]
 [ 9.9594608e-01  8.4588960e-02 -2.1340800e-02 -1.1747500e+03]
 [ 0.0000000e+00  0.0000000e+00  0.0000000e+00  1.0000000e+00]]
[-0201.47, +0092.13, -1073.41]
1668, 1871, 1743
[[-8.4577960e-02  9.9542094e-01  4.1702580e-02 -8.4640000e+01]
 [ 2.6404980e-02 -3.9482900e-02  9.9875394e-01  1.5449000e+02]
 [ 9.9594414e-01  8.5696020e-02 -2.2820500e-02 -1.1747400e+03]
 [ 0.0000000e+00  0.0000000e+00  0.0000000e+00  1.0000000e+00]]
[-0201.28, +0062.52, -1096.75]
1623, 1316, 814
[[-8.3570820e-02  9.9539824e-01  4.3820040e-02 -8.4440000e+01]
 [ 2.4879360e-02 -4.1744400e-02  9.9868468e-01  1.5433000e+02]
 [ 9.9605164e-01  8.4690120e-02 -2.1134580e-02 -1.1747800e+03]
 [ 0.0000000e+00  0.0000000e+00  0.0000000e+00  1.0000000e+00]]
[-0126.73, +0083.14, -1099.50]
946, 1348, 1009
[[-8.2940520e-02  9.9532928e-01  4.3525080e-02 -8.4410000e+01]
 [ 2.5154520e-02 -4.1312040e-02  9.9856672e-01  1.5430000e+02]
 [ 9.9596288e-01  8.4189480e-02 -2.1332520e-02 -1.1747600e+03]
 [ 0.0000000e+00  0.0000000e+00  0.0000000e+00  1.0000000e+00]]
[-0199.55, +0033.79, -1078.49]
1391, 1828, 1137
[[-8.3765640e-02  9.9541750e-01  4.2632300e-02 -8.4500000e+01]
 [ 2.5032700e-02 -4.0520520e-02  9.9871618e-01  1.5442000e+02]
 [ 9.9601550e-01  8.4880180e-02 -2.1366120e-02 -1.1747800e+03]
 [ 0.0000000e+00  0.0000000e+00  0.0000000e+00  1.0000000e+00]]
[-0164.50, +0029.83, -1099.08]
2011, 1487, 1404
[[-8.3331880e-02  9.9535868e-01  4.2190520e-02 -8.4610000e+01]
 [ 2.6502280e-02 -3.9854580e-02  9.9859598e-01  1.5444000e+02]
 [ 9.9589988e-01  8.4601420e-02 -2.2785460e-02 -1.1747500e+03]
 [ 0.0000000e+00  0.0000000e+00  0.0000000e+00  1.0000000e+00]]
[-0152.82, +0110.51, -1105.52]
1694, 1441, 2091
[[-8.3548500e-02  9.9533984e-01  4.1942620e-02 -8.4650000e+01]
 [ 2.5299520e-02 -3.9692800e-02  9.9862304e-01  1.5441000e+02]
 [ 9.9590186e-01  8.4774080e-02 -2.1581140e-02 -1.1747400e+03]
 [ 0.0000000e+00  0.0000000e+00  0.0000000e+00  1.0000000e+00]]
[-0240.28, +0108.50, -1117.51]
838, 784, 1818
[[-8.2742260e-02  9.9542722e-01  4.3794100e-02 -8.4430000e+01]
 [ 2.4462700e-02 -4.1732200e-02  9.9865570e-01  1.5421000e+02]
 [ 9.9608978e-01  8.3882540e-02 -2.0714100e-02 -1.1747700e+03]
 [ 0.0000000e+00  0.0000000e+00  0.0000000e+00  1.0000000e+00]]
[-0280.96, +0106.92, -1136.91]
1972, 2191, 1271
[[-8.3948500e-02  9.9535368e-01  4.1199260e-02 -8.4600000e+01]
 [ 2.6472240e-02 -3.8853440e-02  9.9864168e-01  1.5463000e+02]
 [ 9.9585418e-01  8.5188240e-02 -2.2820500e-02 -1.1748100e+03]
 [ 0.0000000e+00  0.0000000e+00  0.0000000e+00  1.0000000e+00]]
[-0142.21, +0044.25, -1121.33]
1513, 1051, 1698
[[-8.3762000e-02  9.9542220e-01  4.2649200e-02 -8.4570000e+01]
 [ 2.5432200e-02 -4.0508320e-02  9.9871148e-01  1.5436000e+02]
 [ 9.9601080e-01  8.4888520e-02 -2.1770320e-02 -1.1747700e+03]
 [ 0.0000000e+00  0.0000000e+00  0.0000000e+00  1.0000000e+00]]
[-0227.11, +0125.72, -1104.55]
844, 1405, 1140
[[-8.2524320e-02  9.9544908e-01  4.3625400e-02 -8.4380000e+01]
 [ 2.5249080e-02 -4.1498020e-02  9.9864240e-01  1.5428000e+02]
 [ 9.9608460e-01  8.3697600e-02 -2.1522340e-02 -1.1747600e+03]
 [ 0.0000000e+00  0.0000000e+00  0.0000000e+00  1.0000000e+00]]
[-0219.50, +0024.88, -1088.05]
1945, 785, 1268
[[-8.3975700e-02  9.9540114e-01  4.3250820e-02 -8.4560000e+01]
 [ 2.5461780e-02 -4.1126260e-02  9.9870734e-01  1.5434000e+02]
 [ 9.9601494e-01  8.5095380e-02 -2.1761800e-02 -1.1747600e+03]
 [ 0.0000000e+00  0.0000000e+00  0.0000000e+00  1.0000000e+00]]
[-0160.45, +0159.15, -1133.39]
1319, 796, 1330
[[-8.3360680e-02  9.9530784e-01  4.3512920e-02 -8.4500000e+01]
 [ 2.4763560e-02 -4.1336360e-02  9.9858816e-01  1.5427000e+02]
 [ 9.9595072e-01  8.4580440e-02 -2.0936680e-02 -1.1747700e+03]
 [ 0.0000000e+00  0.0000000e+00  0.0000000e+00  1.0000000e+00]]
[-0213.43, +0135.13, -1092.58]
1463, 1560, 1449
[[-8.3545060e-02  9.9544444e-01  4.2480800e-02 -8.4560000e+01]
 [ 2.6218600e-02 -4.0274260e-02  9.9869756e-01  1.5440000e+02]
 [ 9.9600544e-01  8.4703000e-02 -2.2578960e-02 -1.1747400e+03]
 [ 0.0000000e+00  0.0000000e+00  0.0000000e+00  1.0000000e+00]]
[-0195.72, +0067.46, -1085.64]
1730, 848, 1192
[[-8.3555620e-02  9.9531782e-01  4.3366120e-02 -8.4530000e+01]
 [ 2.5957820e-02 -4.1102020e-02  9.9858668e-01  1.5432000e+02]
 [ 9.9592388e-01  8.4803320e-02 -2.2157640e-02 -1.1747300e+03]
 [ 0.0000000e+00  0.0000000e+00  0.0000000e+00  1.0000000e+00]]
[-0165.32, +0147.02, -1109.37]
1564, 887, 964
[[-8.2738260e-02  9.9532676e-01  4.3913860e-02 -8.4410000e+01]
 [ 2.4967240e-02 -4.1720080e-02  9.9855212e-01  1.5426000e+02]
 [ 9.9598214e-01  8.3990120e-02 -2.1118180e-02 -1.1747200e+03]
 [ 0.0000000e+00  0.0000000e+00  0.0000000e+00  1.0000000e+00]]
[-0154.80, +0125.77, -1091.94]
1267, 1415, 2023
[[-8.3545060e-02  9.9534630e-01  4.1751320e-02 -8.4610000e+01]
 [ 2.5490820e-02 -3.9482900e-02  9.9862476e-01  1.5439000e+02]
 [ 9.9589540e-01  8.4775800e-02 -2.1787600e-02 -1.1747400e+03]
 [ 0.0000000e+00  0.0000000e+00  0.0000000e+00  1.0000000e+00]]
[-0262.57, +0084.15, -1122.23]
2131, 1822, 1006
[[-8.4574800e-02  9.9531944e-01  4.2031280e-02 -8.4550000e+01]
 [ 2.7117680e-02 -3.9668640e-02  9.9864344e-01  1.5453000e+02]
 [ 9.9583736e-01  8.5809680e-02 -2.3422800e-02 -1.1747800e+03]
 [ 0.0000000e+00  0.0000000e+00  0.0000000e+00  1.0000000e+00]]
[-0118.88, +0075.29, -1129.65]
1406, 1336, 1207
[[-8.3139300e-02  9.9544146e-01  4.3049980e-02 -8.4480000e+01]
 [ 2.5636220e-02 -4.0892040e-02  9.9867546e-01  1.5432000e+02]
 [ 9.9604206e-01  8.4298220e-02 -2.1951300e-02 -1.1747400e+03]
 [ 0.0000000e+00  0.0000000e+00  0.0000000e+00  1.0000000e+00]]
[-0182.42, +0078.40, -1078.86]
923, 1603, 885
[[-8.2944400e-02  9.9542576e-01  4.3821480e-02 -8.4340000e+01]
 [ 2.5066240e-02 -4.1720080e-02  9.9865716e-01  1.5432000e+02]
 [ 9.9607452e-01  8.4095160e-02 -2.1324320e-02 -1.1748000e+03]
 [ 0.0000000e+00  0.0000000e+00  0.0000000e+00  1.0000000e+00]]
[-0180.95, +0006.21, -1098.34]
2085, 1563, 2182
[[-8.5603220e-02  9.9530706e-01  4.1079840e-02 -8.4810000e+01]
 [ 2.7893940e-02 -3.8655700e-02  9.9869632e-01  1.5454000e+02]
 [ 9.9576384e-01  8.6811680e-02 -2.4277480e-02 -1.1747100e+03]
 [ 0.0000000e+00  0.0000000e+00  0.0000000e+00  1.0000000e+00]]
[-0213.60, +0121.86, -1120.27]
1090, 1717, 1896
[[-8.3552020e-02  9.9543480e-01  4.2447080e-02 -8.4480000e+01]
 [ 2.5419600e-02 -4.0298340e-02  9.9870720e-01  1.5437000e+02]
 [ 9.9601508e-01  8.4686400e-02 -2.1770320e-02 -1.1747700e+03]
 [ 0.0000000e+00  0.0000000e+00  0.0000000e+00  1.0000000e+00]]
[-0252.85, +0041.95, -1121.59]
937, 1434, 1553
[[-8.2726740e-02  9.9534662e-01  4.3339720e-02 -8.4430000e+01]
 [ 2.5541380e-02 -4.1090020e-02  9.9855788e-01  1.5428000e+02]
 [ 9.9596228e-01  8.3995880e-02 -2.1736720e-02 -1.1747700e+03]
 [ 0.0000000e+00  0.0000000e+00  0.0000000e+00  1.0000000e+00]]
[-0248.21, +0043.58, -1102.09]
1968, 952, 1670
[[-8.3954820e-02  9.9523090e-01  4.2309740e-02 -8.4650000e+01]
 [ 2.6819300e-02 -3.9866500e-02  9.9851990e-01  1.5437000e+02]
 [ 9.9576874e-01  8.5303700e-02 -2.3000680e-02 -1.1747400e+03]
 [ 0.0000000e+00  0.0000000e+00  0.0000000e+00  1.0000000e+00]]
[-0189.76, +0155.75, -1131.13]
1383, 1291, 800
[[-8.2730500e-02  9.9533810e-01  4.3739200e-02 -8.4420000e+01]
 [ 2.5558100e-02 -4.1498020e-02  9.9854936e-01  1.5430000e+02]
 [ 9.9597080e-01  8.4000640e-02 -2.1728520e-02 -1.1747800e+03]
 [ 0.0000000e+00  0.0000000e+00  0.0000000e+00  1.0000000e+00]]
[-0141.47, +0067.20, -1085.49]
1698, 1353, 1192
[[-8.3964900e-02  9.9531596e-01  4.2780220e-02 -8.4540000e+01]
 [ 2.6140600e-02 -4.0496200e-02  9.9861380e-01  1.5438000e+02]
 [ 9.9589190e-01  8.5199720e-02 -2.2381060e-02 -1.1747600e+03]
 [ 0.0000000e+00  0.0000000e+00  0.0000000e+00  1.0000000e+00]]
[-0156.82, +0096.16, -1090.43]
2109, 1182, 884
[[-8.3961460e-02  9.9531748e-01  4.3213620e-02 -8.4530000e+01]
 [ 2.6956520e-02 -4.0880080e-02  9.9859548e-01  1.5439000e+02]
 [ 9.9589038e-01  8.5221480e-02 -2.3181380e-02 -1.1747500e+03]
 [ 0.0000000e+00  0.0000000e+00  0.0000000e+00  1.0000000e+00]]
[-0115.45, +0119.08, -1136.92]
1013, 1030, 953
[[-8.3356800e-02  9.9530864e-01  4.3946080e-02 -8.4430000e+01]
 [ 2.5579360e-02 -4.1720080e-02  9.9857024e-01  1.5427000e+02]
 [ 9.9594992e-01  8.4602240e-02 -2.1736720e-02 -1.1747800e+03]
 [ 0.0000000e+00  0.0000000e+00  0.0000000e+00  1.0000000e+00]]
[-0195.15, +0072.80, -1066.30]
2012, 1517, 1563
[[-8.4168000e-02  9.9531824e-01  4.2391680e-02 -8.4590000e+01]
 [ 2.6327520e-02 -4.0088400e-02  9.9862816e-01  1.5451000e+02]
 [ 9.9587264e-01  8.5398720e-02 -2.2596240e-02 -1.1747600e+03]
 [ 0.0000000e+00  0.0000000e+00  0.0000000e+00  1.0000000e+00]]
[-0166.64, +0111.10, -1102.93]
776, 1564, 1625
[[-8.3769360e-02  9.9530596e-01  4.2926760e-02 -8.4480000e+01]
 [ 2.4946440e-02 -4.0730580e-02  9.9861542e-01  1.5432000e+02]
 [ 9.9591884e-01  8.4977220e-02 -2.1159780e-02 -1.1748100e+03]
 [ 0.0000000e+00  0.0000000e+00  0.0000000e+00  1.0000000e+00]]
[-0259.63, +0026.52, -1124.91]
1393, 955, 1040
[[-8.3356800e-02  9.9531056e-01  4.3737920e-02 -8.4450000e+01]
 [ 2.5371200e-02 -4.1522100e-02  9.9857690e-01  1.5426000e+02]
 [ 9.9594800e-01  8.4595580e-02 -2.1538740e-02 -1.1747400e+03]
 [ 0.0000000e+00  0.0000000e+00  0.0000000e+00  1.0000000e+00]]
[-0172.50, +0114.19, -1079.62]
1797, 1260, 1855
[[-8.4168000e-02  9.9542488e-01  4.2080160e-02 -8.4640000e+01]
 [ 2.6014320e-02 -3.9890580e-02  9.9873364e-01  1.5443000e+02]
 [ 9.9597424e-01  8.5293240e-02 -2.2398420e-02 -1.1747300e+03]
 [ 0.0000000e+00  0.0000000e+00  0.0000000e+00  1.0000000e+00]]
[-0213.54, +0129.00, -1110.62]
1107, 1183, 951
[[-8.2314340e-02  9.9535478e-01  4.3734440e-02 -8.4410000e+01]
 [ 2.5549540e-02 -4.1486100e-02  9.9853268e-01  1.5428000e+02]
 [ 9.9598748e-01  8.3601160e-02 -2.1720400e-02 -1.1747300e+03]
 [ 0.0000000e+00  0.0000000e+00  0.0000000e+00  1.0000000e+00]]
[-0181.83, +0062.35, -1070.42]
1694, 2074, 876
[[-8.2912360e-02  9.9538048e-01  4.2202320e-02 -8.4490000e+01]
 [ 2.6893520e-02 -3.9830980e-02  9.9857418e-01  1.5450000e+02]
 [ 9.9591168e-01  8.4210180e-02 -2.3181380e-02 -1.1747400e+03]
 [ 0.0000000e+00  0.0000000e+00  0.0000000e+00  1.0000000e+00]]
[-0127.24, +0029.35, -1134.20]
755, 787, 2002
[[-8.3353000e-02  9.9532096e-01  4.3130280e-02 -8.4490000e+01]
 [ 2.5146200e-02 -4.0916200e-02  9.9859200e-01  1.5425000e+02]
 [ 9.9593760e-01  8.4584280e-02 -2.1349160e-02 -1.1747200e+03]
 [ 0.0000000e+00  0.0000000e+00  0.0000000e+00  1.0000000e+00]]
[-0288.97, +0103.06, -1165.70]
2187, 1854, 1304
[[-8.3526100e-02  9.9537922e-01  4.1436240e-02 -8.4610000e+01]
 [ 2.7471340e-02 -3.9015700e-02  9.9860808e-01  1.5456000e+02]
 [ 9.9586248e-01  8.4811440e-02 -2.3818560e-02 -1.1747400e+03]
 [ 0.0000000e+00  0.0000000e+00  0.0000000e+00  1.0000000e+00]]
[-0134.64, +0082.37, -1117.62]
1373, 982, 1052
[[-8.2944400e-02  9.9532268e-01  4.3716440e-02 -8.4440000e+01]
 [ 2.4963160e-02 -4.1522100e-02  9.9856478e-01  1.5430000e+02]
 [ 9.9596948e-01  8.4187540e-02 -2.1126340e-02 -1.1747700e+03]
 [ 0.0000000e+00  0.0000000e+00  0.0000000e+00  1.0000000e+00]]
[-0176.03, +0108.87, -1077.52]
2039, 2148, 897
[[-8.3073300e-02  9.9571422e-01  3.7329760e-02 -8.4500000e+01]
 [ 2.9483180e-02 -3.4864020e-02  9.9883344e-01  1.5500000e+02]
 [ 9.9597744e-01  8.4206240e-02 -2.6330280e-02 -1.1748200e+03]
 [ 0.0000000e+00  0.0000000e+00  0.0000000e+00  1.0000000e+00]]
[-0121.02, +0046.15, -1138.18]
1798, 2043, 1755
[[-8.3319400e-02  9.9560212e-01  4.0177760e-02 -8.4590000e+01]
 [ 2.6017120e-02 -3.8026600e-02  9.9883244e-01  1.5452000e+02]
 [ 9.9607276e-01  8.4377440e-02 -2.2622760e-02 -1.1747700e+03]
 [ 0.0000000e+00  0.0000000e+00  0.0000000e+00  1.0000000e+00]]
[-0194.88, +0055.32, -1101.71]
1094, 906, 1670
[[-8.2502720e-02  9.9549552e-01  4.1644560e-02 -8.4500000e+01]
 [ 2.5565280e-02 -3.9446900e-02  9.9867936e-01  1.5436000e+02]
 [ 9.9603816e-01  8.3682240e-02 -2.1968180e-02 -1.1747300e+03]
 [ 0.0000000e+00  0.0000000e+00  0.0000000e+00  1.0000000e+00]]
[-0258.39, +0112.27, -1109.35]
981, 1860, 1768
[[-8.3115780e-02  9.9549844e-01  4.0253480e-02 -8.4570000e+01]
 [ 2.5518760e-02 -3.8038560e-02  9.9873244e-01  1.5448000e+02]
 [ 9.9598508e-01  8.4264760e-02 -2.2011780e-02 -1.1747800e+03]
 [ 0.0000000e+00  0.0000000e+00  0.0000000e+00  1.0000000e+00]]
[-0248.45, +0020.60, -1131.08]
1679, 1258, 2068
[[-8.3523220e-02  9.9549774e-01  4.0100660e-02 -8.4700000e+01]
 [ 2.6516940e-02 -3.7816980e-02  9.9874098e-01  1.5451000e+02]
 [ 9.9595214e-01  8.4681420e-02 -2.3036200e-02 -1.1747300e+03]
 [ 0.0000000e+00  0.0000000e+00  0.0000000e+00  1.0000000e+00]]
[-0237.89, +0125.00, -1123.58]
1376, 1968, 2140
[[-8.3313640e-02  9.9551426e-01  3.9273940e-02 -8.4700000e+01]
 [ 2.5880140e-02 -3.7014420e-02  9.9875542e-01  1.5456000e+02]
 [ 9.9595246e-01  8.4460220e-02 -2.2443220e-02 -1.1747500e+03]
 [ 0.0000000e+00  0.0000000e+00  0.0000000e+00  1.0000000e+00]]
[-0248.60, +0047.84, -1127.24]
1656, 2247, 1616
[[-8.4143680e-02  9.9548400e-01  3.9508880e-02 -8.4640000e+01]
 [ 2.6503200e-02 -3.7224000e-02  9.9877800e-01  1.5463000e+02]
 [ 9.9591512e-01  8.5273200e-02 -2.3063680e-02 -1.1747700e+03]
 [ 0.0000000e+00  0.0000000e+00  0.0000000e+00  1.0000000e+00]]
[-0179.70, +0027.49, -1114.46]
1820, 781, 930
[[-8.3338600e-02  9.9545386e-01  4.2053620e-02 -8.4530000e+01]
 [ 2.5598380e-02 -3.9878500e-02  9.9870466e-01  1.5437000e+02]
 [ 9.9601286e-01  8.4486020e-02 -2.1976740e-02 -1.1747800e+03]
 [ 0.0000000e+00  0.0000000e+00  0.0000000e+00  1.0000000e+00]]
[-0137.70, +0147.17, -1123.00]
1063, 1248, 1571
[[-8.3541700e-02  9.9556260e-01  4.1353500e-02 -8.4550000e+01]
 [ 2.5472280e-02 -3.9273040e-02  9.9882420e-01  1.5440000e+02]
 [ 9.9609546e-01  8.4579720e-02 -2.1994100e-02 -1.1747700e+03]
 [ 0.0000000e+00  0.0000000e+00  0.0000000e+00  1.0000000e+00]]
[-0248.04, +0071.88, -1094.52]
1341, 2180, 1528
[[-8.3730000e-02  9.9559660e-01  4.0008200e-02 -8.4600000e+01]
 [ 2.6615800e-02 -3.7816980e-02  9.9884578e-01  1.5457000e+02]
 [ 9.9604460e-01  8.4786220e-02 -2.3242980e-02 -1.1747500e+03]
 [ 0.0000000e+00  0.0000000e+00  0.0000000e+00  1.0000000e+00]]
[-0194.05, +0011.72, -1120.41]
2153, 1314, 2214
[[-8.7876040e-02  9.9516174e-01  3.9694260e-02 -8.5120000e+01]
 [ 2.9769540e-02 -3.7038500e-02  9.9870078e-01  1.5467000e+02]
 [ 9.9550806e-01  8.9121180e-02 -2.6191300e-02 -1.1746400e+03]
 [ 0.0000000e+00  0.0000000e+00  0.0000000e+00  1.0000000e+00]]
[-0213.83, +0134.45, -1130.76]
1359, 1098, 1396
[[-8.3353000e-02  9.9542410e-01  4.3235300e-02 -8.4500000e+01]
 [ 2.5249340e-02 -4.1114100e-02  9.9868438e-01  1.5433000e+02]
 [ 9.9604262e-01  8.4491900e-02 -2.1547060e-02 -1.1747400e+03]
 [ 0.0000000e+00  0.0000000e+00  0.0000000e+00  1.0000000e+00]]
[-0209.95, +0104.39, -1082.67]
1155, 1253, 1125
[[-8.3146740e-02  9.9542826e-01  4.3432700e-02 -8.4470000e+01]
 [ 2.5253500e-02 -4.1312040e-02  9.9867174e-01  1.5433000e+02]
 [ 9.9605526e-01  8.4294500e-02 -2.1538740e-02 -1.1747500e+03]
 [ 0.0000000e+00  0.0000000e+00  0.0000000e+00  1.0000000e+00]]
[-0195.82, +0062.92, -1073.87]
2028, 915, 1287
[[-8.3545060e-02  9.9533780e-01  4.2792220e-02 -8.4600000e+01]
 [ 2.6531720e-02 -4.0472200e-02  9.9859196e-01  1.5439000e+02]
 [ 9.9590390e-01  8.4808600e-02 -2.2776900e-02 -1.1747100e+03]
 [ 0.0000000e+00  0.0000000e+00  0.0000000e+00  1.0000000e+00]]
[-0154.71, +0152.07, -1131.24]
2247, 873, 1855
[[-8.9130120e-02  9.9498796e-01  4.1675440e-02 -8.5150000e+01]
 [ 3.1376560e-02 -3.8865480e-02  9.9859988e-01  1.5460000e+02]
 [ 9.9536596e-01  9.0471920e-02 -2.7594600e-02 -1.1745500e+03]
 [ 0.0000000e+00  0.0000000e+00  0.0000000e+00  1.0000000e+00]]
[-0189.75, +0158.21, -1150.45]
1269, 1361, 1172
[[-8.2944400e-02  9.9542380e-01  4.4029600e-02 -8.4470000e+01]
 [ 2.5274360e-02 -4.1918100e-02  9.9865052e-01  1.5432000e+02]
 [ 9.9607648e-01  8.4101800e-02 -2.1522340e-02 -1.1746700e+03]
 [ 0.0000000e+00  0.0000000e+00  0.0000000e+00  1.0000000e+00]]
[-0188.52, +0063.36, -1077.12]
1950, 1101, 1421
[[-8.376200e-02  9.953118e-01  4.337700e-02 -8.460000e+01]
 [ 2.616180e-02 -4.110202e-02  9.985927e-01  1.543800e+02]
 [ 9.959130e-01  8.500730e-02 -2.236402e-02 -1.174690e+03]
 [ 0.000000e+00  0.000000e+00  0.000000e+00  1.000000e+00]]
[-0166.17, +0139.52, -1113.11]
1490, 765, 1759
[[-8.3563060e-02  9.9519756e-01  4.4060040e-02 -8.4580000e+01]
 [ 2.5888440e-02 -4.1720080e-02  9.9847728e-01  1.5431000e+02]
 [ 9.9583596e-01  8.4905280e-02 -2.1942980e-02 -1.1746800e+03]
 [ 0.0000000e+00  0.0000000e+00  0.0000000e+00  1.0000000e+00]]
[-0235.05, +0148.61, -1129.06]
1242, 1352, 1929
[[-8.4602320e-02  9.9527008e-01  4.3144320e-02 -8.4610000e+01]
 [ 2.5171520e-02 -4.0953040e-02  9.9864288e-01  1.5437000e+02]
 [ 9.9588672e-01  8.5782720e-02 -2.1374720e-02 -1.1747200e+03]
 [ 0.0000000e+00  0.0000000e+00  0.0000000e+00  1.0000000e+00]]
[-0259.74, +0085.58, -1115.58]
1387, 2187, 1325
[[-8.3961460e-02  9.9532428e-01  4.2380740e-02 -8.4550000e+01]
 [ 2.6123640e-02 -4.0088400e-02  9.9862212e-01  1.5452000e+02]
 [ 9.9588358e-01  8.5194840e-02 -2.2389700e-02 -1.1747200e+03]
 [ 0.0000000e+00  0.0000000e+00  0.0000000e+00  1.0000000e+00]]
[-0175.53, +0009.54, -1123.08]
1026, 985, 1181
[[-8.3578900e-02  9.9527580e-01  4.4722100e-02 -8.4440000e+01]
 [ 2.5018200e-02 -4.2560720e-02  9.9856836e-01  1.5427000e+02]
 [ 9.9596590e-01  8.4798360e-02 -2.1118180e-02 -1.1747400e+03]
 [ 0.0000000e+00  0.0000000e+00  0.0000000e+00  1.0000000e+00]]
[-0221.20, +0086.93, -1073.14]
1670, 794, 953
[[-8.3999460e-02  9.9525428e-01  4.4709780e-02 -8.4470000e+01]
 [ 2.4627480e-02 -4.2585360e-02  9.9858988e-01  1.5428000e+02]
 [ 9.9595358e-01  8.5189080e-02 -2.0722260e-02 -1.1747500e+03]
 [ 0.0000000e+00  0.0000000e+00  0.0000000e+00  1.0000000e+00]]
[-0147.34, +0142.05, -1107.09]
1771, 2229, 1542
[[-8.4368100e-02  9.9532702e-01  4.1811960e-02 -8.4610000e+01]
 [ 2.6705580e-02 -3.9470820e-02  9.9864404e-01  1.5458000e+02]
 [ 9.9584684e-01  8.5599240e-02 -2.3018280e-02 -1.1747100e+03]
 [ 0.0000000e+00  0.0000000e+00  0.0000000e+00  1.0000000e+00]]
[-0170.28, +0033.74, -1112.93]
1076, 1289, 994
[[-8.4197440e-02  9.9536456e-01  4.4443200e-02 -8.4420000e+01]
 [ 2.5317200e-02 -4.2362740e-02  9.9869244e-01  1.5429000e+02]
 [ 9.9603456e-01  8.5305000e-02 -2.1538740e-02 -1.1747200e+03]
 [ 0.0000000e+00  0.0000000e+00  0.0000000e+00  1.0000000e+00]]
[-0187.81, +0050.04, -1073.58]
1314, 2110, 2228
[[-8.4560200e-02  9.9536080e-01  3.9825600e-02 -8.4750000e+01]
 [ 2.6824000e-02 -3.7433620e-02  9.9868986e-01  1.5464000e+02]
 [ 9.9579600e-01  8.5777860e-02 -2.3270580e-02 -1.1747100e+03]
 [ 0.0000000e+00  0.0000000e+00  0.0000000e+00  1.0000000e+00]]
[-0246.93, +0038.99, -1136.39]
1533, 1242, 2201
[[-8.3762000e-02  9.9531540e-01  4.2960600e-02 -8.4530000e+01]
 [ 2.5745400e-02 -4.0706180e-02  9.9860598e-01  1.5439000e+02]
 [ 9.9590940e-01  8.4994020e-02 -2.1968180e-02 -1.1747600e+03]
 [ 0.0000000e+00  0.0000000e+00  0.0000000e+00  1.0000000e+00]]
[-0252.37, +0117.95, -1133.19]
2154, 2041, 2102
[[-8.4155200e-02  9.9534312e-01  4.1834960e-02 -8.4610000e+01]
 [ 2.7300720e-02 -3.9446900e-02  9.9862794e-01  1.5458000e+02]
 [ 9.9584776e-01  8.5411740e-02 -2.3620660e-02 -1.1747300e+03]
 [ 0.0000000e+00  0.0000000e+00  0.0000000e+00  1.0000000e+00]]
[-0192.55, +0084.28, -1108.24]
1960, 2070, 1920
[[-8.3548500e-02  9.9543958e-01  4.2463940e-02 -8.4470000e+01]
 [ 2.5819100e-02 -4.0286260e-02  9.9870242e-01  1.5445000e+02]
 [ 9.9601030e-01  8.4694700e-02 -2.2174600e-02 -1.1747600e+03]
 [ 0.0000000e+00  0.0000000e+00  0.0000000e+00  1.0000000e+00]]
[-0191.33, +0062.10, -1104.40]
1138, 752, 971
[[-8.2557600e-02  9.9529096e-01  4.5259680e-02 -8.4300000e+01]
 [ 2.3822880e-02 -4.3179300e-02  9.9852674e-01  1.5419000e+02]
 [ 9.9603464e-01  8.3779980e-02 -1.9874340e-02 -1.1747800e+03]
 [ 0.0000000e+00  0.0000000e+00  0.0000000e+00  1.0000000e+00]]
[-0191.68, +0115.71, -1071.32]
1115, 1796, 1642
[[-8.2520520e-02  9.9545758e-01  4.3225900e-02 -8.4440000e+01]
 [ 2.5232420e-02 -4.1090020e-02  9.9865090e-01  1.5441000e+02]
 [ 9.9607610e-01  8.3692900e-02 -2.1530500e-02 -1.1747200e+03]
 [ 0.0000000e+00  0.0000000e+00  0.0000000e+00  1.0000000e+00]]
[-0233.78, +0027.77, -1110.94]
1665, 1289, 1216
[[-8.2936720e-02  9.9533212e-01  4.3749960e-02 -8.4410000e+01]
 [ 2.5762120e-02 -4.1498020e-02  9.9855534e-01  1.5437000e+02]
 [ 9.9596004e-01  8.4204660e-02 -2.1934740e-02 -1.1747600e+03]
 [ 0.0000000e+00  0.0000000e+00  0.0000000e+00  1.0000000e+00]]
[-0161.57, +0101.80, -1088.77]
2089, 1246, 1884
[[-8.4784660e-02  9.9520026e-01  4.2545220e-02 -8.4630000e+01]
 [ 2.7443580e-02 -4.0076360e-02  9.9854226e-01  1.5448000e+02]
 [ 9.9573114e-01  8.6117580e-02 -2.3620660e-02 -1.1746900e+03]
 [ 0.0000000e+00  0.0000000e+00  0.0000000e+00  1.0000000e+00]]
[-0195.14, +0140.80, -1123.29]
2128, 1580, 1315
[[-8.3961460e-02  9.9531918e-01  4.3005400e-02 -8.4490000e+01]
 [ 2.6748300e-02 -4.0682100e-02  9.9860220e-01  1.5446000e+02]
 [ 9.9588868e-01  8.5214760e-02 -2.2983400e-02 -1.1747200e+03]
 [ 0.0000000e+00  0.0000000e+00  0.0000000e+00  1.0000000e+00]]
[-0138.11, +0103.30, -1113.73]
1038, 1435, 1261
[[-8.2532160e-02  9.9543384e-01  4.4216320e-02 -8.4330000e+01]
 [ 2.5074320e-02 -4.2116160e-02  9.9863184e-01  1.5429000e+02]
 [ 9.9609984e-01  8.3700320e-02 -2.1308160e-02 -1.1747300e+03]
 [ 0.0000000e+00  0.0000000e+00  0.0000000e+00  1.0000000e+00]]
[-0215.08, +0040.77, -1084.48]
1744, 1119, 1454
[[-8.3146740e-02  9.9542636e-01  4.3640840e-02 -8.4460000e+01]
 [ 2.5461640e-02 -4.1510020e-02  9.9866512e-01  1.5438000e+02]
 [ 9.9605716e-01  8.4301120e-02 -2.1736720e-02 -1.1747300e+03]
 [ 0.0000000e+00  0.0000000e+00  0.0000000e+00  1.0000000e+00]]
[-0183.65, +0129.38, -1098.66]
1264, 2137, 1223
[[-8.3349280e-02  9.9543068e-01  4.3043960e-02 -8.4380000e+01]
 [ 2.5440680e-02 -4.0904080e-02  9.9868624e-01  1.5447000e+02]
 [ 9.9603604e-01  8.4493760e-02 -2.1753360e-02 -1.1747600e+03]
 [ 0.0000000e+00  0.0000000e+00  0.0000000e+00  1.0000000e+00]]
[-0175.92, +0002.36, -1126.22]
1934, 2041, 1090
[[-8.2925800e-02  9.9545886e-01  4.2864580e-02 -8.4430000e+01]
 [ 2.6023140e-02 -4.0670180e-02  9.9866646e-01  1.5449000e+02]
 [ 9.9604142e-01  8.4104460e-02 -2.2355620e-02 -1.1747900e+03]
 [ 0.0000000e+00  0.0000000e+00  0.0000000e+00  1.0000000e+00]]
[-0129.86, +0050.36, -1123.19]
1039, 756, 1236
[[-8.2965000e-02  9.9539266e-01  4.4778380e-02 -8.4310000e+01]
 [ 2.4109340e-02 -4.2770980e-02  9.9864686e-01  1.5418000e+02]
 [ 9.9610762e-01  8.4084860e-02 -2.0294020e-02 -1.1747600e+03]
 [ 0.0000000e+00  0.0000000e+00  0.0000000e+00  1.0000000e+00]]
[-0231.48, +0116.21, -1081.65]
1979, 1859, 1308
[[-8.3545060e-02  9.9533780e-01  4.2792220e-02 -8.4460000e+01]
 [ 2.6531720e-02 -4.0472200e-02  9.9859196e-01  1.5450000e+02]
 [ 9.9590390e-01  8.4808600e-02 -2.2776900e-02 -1.1747500e+03]
 [ 0.0000000e+00  0.0000000e+00  0.0000000e+00  1.0000000e+00]]
[-0140.37, +0070.64, -1108.72]
2139, 1020, 1160
[[-8.4174880e-02  9.9529624e-01  4.3815360e-02 -8.4460000e+01]
 [ 2.6986240e-02 -4.1498020e-02  9.9859122e-01  1.5440000e+02]
 [ 9.9589464e-01  8.5428780e-02 -2.3172900e-02 -1.1746900e+03]
 [ 0.0000000e+00  0.0000000e+00  0.0000000e+00  1.0000000e+00]]
[-0137.96, +0141.20, -1134.27]
1911, 1127, 2040
[[-8.3972020e-02  9.9540774e-01  4.3059540e-02 -8.4540000e+01]
 [ 2.5653060e-02 -4.0916200e-02  9.9870918e-01  1.5439000e+02]
 [ 9.9600834e-01  8.5097220e-02 -2.1968180e-02 -1.1747500e+03]
 [ 0.0000000e+00  0.0000000e+00  0.0000000e+00  1.0000000e+00]]
[-0222.73, +0140.10, -1131.63]
2076, 1527, 1385
[[-8.3958100e-02  9.9532422e-01  4.3022360e-02 -8.4480000e+01]
 [ 2.7147780e-02 -4.0670180e-02  9.9859716e-01  1.5445000e+02]
 [ 9.9588364e-01  8.5223160e-02 -2.3387920e-02 -1.1747100e+03]
 [ 0.0000000e+00  0.0000000e+00  0.0000000e+00  1.0000000e+00]]
[-0146.36, +0104.03, -1108.47]
1241, 1565, 2038
[[-8.3552020e-02  9.9543302e-01  4.2655260e-02 -8.4520000e+01]
 [ 2.5627780e-02 -4.0496200e-02  9.9870066e-01  1.5441000e+02]
 [ 9.9601686e-01  8.4692940e-02 -2.1968180e-02 -1.1747200e+03]
 [ 0.0000000e+00  0.0000000e+00  0.0000000e+00  1.0000000e+00]]
[-0261.57, +0068.89, -1123.58]
1297, 2098, 1008
[[-8.3146740e-02  9.9543016e-01  4.3224560e-02 -8.4370000e+01]
 [ 2.5045360e-02 -4.1114100e-02  9.9867832e-01  1.5444000e+02]
 [ 9.9605336e-01  8.4287920e-02 -2.1340800e-02 -1.1747500e+03]
 [ 0.0000000e+00  0.0000000e+00  0.0000000e+00  1.0000000e+00]]
[-0157.17, +0003.60, -1129.41]
1977, 1308, 929
[[-8.3563060e-02  9.9530260e-01  4.3956900e-02 -8.4400000e+01]
 [ 2.5783400e-02 -4.1720080e-02  9.9857628e-01  1.5437000e+02]
 [ 9.9593910e-01  8.4806280e-02 -2.1942980e-02 -1.1747700e+03]
 [ 0.0000000e+00  0.0000000e+00  0.0000000e+00  1.0000000e+00]]
[-0118.34, +0107.48, -1121.95]
1161, 1309, 2066
[[-8.2933000e-02  9.9534248e-01  4.3142360e-02 -8.4500000e+01]
 [ 2.5537240e-02 -4.0892040e-02  9.9857048e-01  1.5437000e+02]
 [ 9.9594968e-01  8.4193240e-02 -2.1745000e-02 -1.1747200e+03]
 [ 0.0000000e+00  0.0000000e+00  0.0000000e+00  1.0000000e+00]]
[-0271.33, +0087.29, -1132.92]
1494, 1299, 1698
[[-8.3150580e-02  9.9542360e-01  4.3415920e-02 -8.4450000e+01]
 [ 2.4854000e-02 -4.1324160e-02  9.9867640e-01  1.5438000e+02]
 [ 9.9605992e-01  8.4286000e-02 -2.1134580e-02 -1.1747600e+03]
 [ 0.0000000e+00  0.0000000e+00  0.0000000e+00  1.0000000e+00]]
[-0219.59, +0102.34, -1093.15]
1175, 1926, 2237
[[-8.3541700e-02  9.9545934e-01  4.1248580e-02 -8.4600000e+01]
 [ 2.5369020e-02 -3.9075300e-02  9.9873174e-01  1.5448000e+02]
 [ 9.9599054e-01  8.4672180e-02 -2.1796360e-02 -1.1747400e+03]
 [ 0.0000000e+00  0.0000000e+00  0.0000000e+00  1.0000000e+00]]
[-0259.53, +0046.31, -1142.43]
2084, 944, 1023
[[-8.3559300e-02  9.9520428e-01  4.3868760e-02 -8.4430000e+01]
 [ 2.6079720e-02 -4.1510020e-02  9.9847916e-01  1.5435000e+02]
 [ 9.9582924e-01  8.4907160e-02 -2.2149280e-02 -1.1747700e+03]
 [ 0.0000000e+00  0.0000000e+00  0.0000000e+00  1.0000000e+00]]
[-0130.96, +0142.05, -1137.62]
1409, 2012, 2031
[[-8.3128740e-02  9.9535974e-01  4.2162840e-02 -8.4520000e+01]
 [ 2.5898940e-02 -3.9866500e-02  9.9859492e-01  1.5446000e+02]
 [ 9.9591564e-01  8.4389320e-02 -2.2174600e-02 -1.1747400e+03]
 [ 0.0000000e+00  0.0000000e+00  0.0000000e+00  1.0000000e+00]]
[-0239.27, +0041.37, -1121.21]
1382, 1451, 1016
[[-8.2948360e-02  9.9541714e-01  4.4220980e-02 -8.4340000e+01]
 [ 2.5082980e-02 -4.2128200e-02  9.9864854e-01  1.5432000e+02]
 [ 9.9608314e-01  8.4099820e-02 -2.1316200e-02 -1.1747700e+03]
 [ 0.0000000e+00  0.0000000e+00  0.0000000e+00  1.0000000e+00]]
[-0160.62, +0059.14, -1083.38]
2012, 1958, 1201
[[-8.2915600e-02  9.9547708e-01  4.2498560e-02 -8.4450000e+01]
 [ 2.6805400e-02 -4.0238740e-02  9.9866492e-01  1.5451000e+02]
 [ 9.9602320e-01  8.4116200e-02 -2.3172900e-02 -1.1747500e+03]
 [ 0.0000000e+00  0.0000000e+00  0.0000000e+00  1.0000000e+00]]
[-0133.20, +0063.06, -1116.69]
1373, 1601, 968
[[-8.2730500e-02  9.9543930e-01  4.4052300e-02 -8.4350000e+01]
 [ 2.5869300e-02 -4.1894180e-02  9.9863502e-01  1.5434000e+02]
 [ 9.9607770e-01  8.3914980e-02 -2.2124680e-02 -1.1747400e+03]
 [ 0.0000000e+00  0.0000000e+00  0.0000000e+00  1.0000000e+00]]
[-0154.53, +0044.15, -1090.84]
1329, 2025, 1471
[[-8.3345640e-02  9.9543546e-01  4.3060780e-02 -8.4410000e+01]
 [ 2.5840180e-02 -4.0892040e-02  9.9868146e-01  1.5443000e+02]
 [ 9.9603126e-01  8.4502180e-02 -2.2157640e-02 -1.1747400e+03]
 [ 0.0000000e+00  0.0000000e+00  0.0000000e+00  1.0000000e+00]]
[-0196.08, +0017.69, -1110.03]
2038, 1998, 914
[[-8.2912360e-02  9.9537568e-01  4.2826680e-02 -8.4370000e+01]
 [ 2.7517880e-02 -4.0425160e-02  9.9855408e-01  1.5457000e+02]
 [ 9.9591648e-01  8.4230280e-02 -2.3775560e-02 -1.1747700e+03]
 [ 0.0000000e+00  0.0000000e+00  0.0000000e+00  1.0000000e+00]]
[-0118.95, +0055.74, -1134.15]
1762, 2238, 839
[[-8.3926420e-02  9.9551650e-01  3.8524580e-02 -8.4460000e+01]
 [ 2.6856500e-02 -3.6188340e-02  9.9878350e-01  1.5489000e+02]
 [ 9.9589958e-01  8.5068500e-02 -2.3486920e-02 -1.1748000e+03]
 [ 0.0000000e+00  0.0000000e+00  0.0000000e+00  1.0000000e+00]]
[-0127.84, +0025.51, -1143.77]
1734, 1017, 1373
[[-8.3954820e-02  9.9544398e-01  4.1686700e-02 -8.4580000e+01]
 [ 2.6193020e-02 -3.9470820e-02  9.9873090e-01  1.5443000e+02]
 [ 9.9597210e-01  8.5092700e-02 -2.2605000e-02 -1.1747200e+03]
 [ 0.0000000e+00  0.0000000e+00  0.0000000e+00  1.0000000e+00]]
[-0181.71, +0133.31, -1099.82]
1877, 1898, 916
[[-8.3532100e-02  9.9537060e-01  4.1194300e-02 -8.4560000e+01]
 [ 2.6464200e-02 -3.8841480e-02  9.9862476e-01  1.5457000e+02]
 [ 9.9587110e-01  8.4788760e-02 -2.2811620e-02 -1.1747600e+03]
 [ 0.0000000e+00  0.0000000e+00  0.0000000e+00  1.0000000e+00]]
[-0119.98, +0052.66, -1126.22]
1402, 2129, 996
[[-8.3328640e-02  9.9558144e-01  4.0960000e-02 -8.4530000e+01]
 [ 2.5651200e-02 -3.8853440e-02  9.9882144e-01  1.5455000e+02]
 [ 9.9609344e-01  8.4379200e-02 -2.2200640e-02 -1.1747700e+03]
 [ 0.0000000e+00  0.0000000e+00  0.0000000e+00  1.0000000e+00]]
[-0150.33, +0009.69, -1129.89]
1527, 1453, 836
[[-8.3345640e-02  9.9544446e-01  4.2019980e-02 -8.4500000e+01]
 [ 2.4799380e-02 -3.9902740e-02  9.9871406e-01  1.5443000e+02]
 [ 9.9602226e-01  8.4469580e-02 -2.1168340e-02 -1.1747800e+03]
 [ 0.0000000e+00  0.0000000e+00  0.0000000e+00  1.0000000e+00]]
[-0132.44, +0064.58, -1096.20]
1380, 904, 1275
[[-8.3964900e-02  9.9532118e-01  4.2155560e-02 -8.4540000e+01]
 [ 2.5515940e-02 -3.9902740e-02  9.9863348e-01  1.5438000e+02]
 [ 9.9588668e-01  8.5180040e-02 -2.1787600e-02 -1.1747600e+03]
 [ 0.0000000e+00  0.0000000e+00  0.0000000e+00  1.0000000e+00]]
[-0200.60, +0124.95, -1085.59]
1294, 1925, 1405
[[-8.3328640e-02  9.9547816e-01  4.0855120e-02 -8.4580000e+01]
 [ 2.5547920e-02 -3.8655700e-02  9.9872896e-01  1.5450000e+02]
 [ 9.9598856e-01  8.4471680e-02 -2.2002900e-02 -1.1747300e+03]
 [ 0.0000000e+00  0.0000000e+00  0.0000000e+00  1.0000000e+00]]
[-0195.63, +0020.79, -1104.17]
1574, 1710, 1198
[[-8.3954820e-02  9.9544722e-01  4.1270260e-02 -8.4560000e+01]
 [ 2.5776580e-02 -3.9075300e-02  9.9874386e-01  1.5447000e+02]
 [ 9.9596886e-01  8.5079740e-02 -2.2209480e-02 -1.1747300e+03]
 [ 0.0000000e+00  0.0000000e+00  0.0000000e+00  1.0000000e+00]]
[-0159.17, +0057.33, -1092.28]
1729, 969, 1590
[[-8.3951620e-02  9.9534718e-01  4.1390520e-02 -8.4640000e+01]
 [ 2.6280980e-02 -3.9063220e-02  9.9864012e-01  1.5445000e+02]
 [ 9.9586068e-01  8.5186680e-02 -2.2613840e-02 -1.1747300e+03]
 [ 0.0000000e+00  0.0000000e+00  0.0000000e+00  1.0000000e+00]]
[-0200.42, +0145.30, -1112.43]
1568, 926, 1012
[[-8.3142980e-02  9.9544044e-01  4.2616920e-02 -8.4510000e+01]
 [ 2.4820440e-02 -4.0508320e-02  9.9869324e-01  1.5436000e+02]
 [ 9.9604308e-01  8.4276760e-02 -2.1151300e-02 -1.1747600e+03]
 [ 0.0000000e+00  0.0000000e+00  0.0000000e+00  1.0000000e+00]]
[-0158.98, +0124.73, -1090.79]
1114, 1948, 1928
[[-8.4368100e-02  9.9533808e-01  4.0354140e-02 -8.4680000e+01]
 [ 2.5247760e-02 -3.8087200e-02  9.9868912e-01  1.5453000e+02]
 [ 9.9583578e-01  8.5554160e-02 -2.1634660e-02 -1.1747600e+03]
 [ 0.0000000e+00  0.0000000e+00  0.0000000e+00  1.0000000e+00]]
[-0248.97, +0027.43, -1132.87]
1474, 1718, 2161
[[-8.4155200e-02  9.9535376e-01  4.0377280e-02 -8.4740000e+01]
 [ 2.5843040e-02 -3.8062720e-02  9.9867344e-01  1.5453000e+02]
 [ 9.9583712e-01  8.5366240e-02 -2.2236480e-02 -1.1747300e+03]
 [ 0.0000000e+00  0.0000000e+00  0.0000000e+00  1.0000000e+00]]
[-0251.18, +0078.23, -1121.00]
1460, 1609, 1419
[[-8.3541700e-02  9.9545934e-01  4.1248580e-02 -8.4590000e+01]
 [ 2.5369020e-02 -3.9075300e-02  9.9873174e-01  1.5445000e+02]
 [ 9.9599054e-01  8.4672180e-02 -2.1796360e-02 -1.1747600e+03]
 [ 0.0000000e+00  0.0000000e+00  0.0000000e+00  1.0000000e+00]]
[-0188.68, +0064.23, -1085.73]
1459, 1369, 2112
[[-8.3745000e-02  9.9546130e-01  4.0859900e-02 -8.4700000e+01]
 [ 2.5555900e-02 -3.8667780e-02  9.9874582e-01  1.5448000e+02]
 [ 9.9597170e-01  8.4871180e-02 -2.2011780e-02 -1.1747200e+03]
 [ 0.0000000e+00  0.0000000e+00  0.0000000e+00  1.0000000e+00]]
[-0253.93, +0104.02, -1123.90]
1941, 780, 903
[[-8.3758440e-02  9.9553196e-01  4.2562880e-02 -8.4540000e+01]
 [ 2.5726720e-02 -4.0496200e-02  9.9880564e-01  1.5437000e+02]
 [ 9.9610924e-01  8.4797920e-02 -2.2174600e-02 -1.1747600e+03]
 [ 0.0000000e+00  0.0000000e+00  0.0000000e+00  1.0000000e+00]]
[-0130.99, +0148.36, -1136.19]
1209, 1966, 1821
[[-8.3948500e-02  9.9556806e-01  4.0367920e-02 -8.4670000e+01]
 [ 2.5637820e-02 -3.8260340e-02  9.9885864e-01  1.5453000e+02]
 [ 9.9605624e-01  8.4971280e-02 -2.2227400e-02 -1.1747600e+03]
 [ 0.0000000e+00  0.0000000e+00  0.0000000e+00  1.0000000e+00]]
[-0237.14, +0026.85, -1121.62]
1531, 1375, 1979
[[-8.4161440e-02  9.9533944e-01  4.0968000e-02 -8.4680000e+01]
 [ 2.5668800e-02 -3.8679940e-02  9.9866394e-01  1.5448000e+02]
 [ 9.9585144e-01  8.5369500e-02 -2.2020740e-02 -1.1747300e+03]
 [ 0.0000000e+00  0.0000000e+00  0.0000000e+00  1.0000000e+00]]
[-0241.64, +0105.99, -1111.84]
1361, 1254, 1473
[[-8.3545060e-02  9.9534630e-01  4.1751320e-02 -8.4540000e+01]
 [ 2.5490820e-02 -3.9482900e-02  9.9862476e-01  1.5439000e+02]
 [ 9.9589540e-01  8.4775800e-02 -2.1787600e-02 -1.1747600e+03]
 [ 0.0000000e+00  0.0000000e+00  0.0000000e+00  1.0000000e+00]]
[-0213.19, +0091.39, -1083.42]
844, 1578, 1229
[[-8.2719460e-02  9.9547014e-01  4.2229500e-02 -8.4440000e+01]
 [ 2.5194900e-02 -4.0076360e-02  9.9868014e-01  1.5436000e+02]
 [ 9.9604686e-01  8.3880900e-02 -2.1555460e-02 -1.1747600e+03]
 [ 0.0000000e+00  0.0000000e+00  0.0000000e+00  1.0000000e+00]]
[-0222.06, +0013.22, -1101.41]
751, 929, 988
[[-8.2734340e-02  9.9544422e-01  4.2995100e-02 -8.4400000e+01]
 [ 2.4429300e-02 -4.0916200e-02  9.9867270e-01  1.5427000e+02]
 [ 9.9607278e-01  8.3873460e-02 -2.0730500e-02 -1.1747700e+03]
 [ 0.0000000e+00  0.0000000e+00  0.0000000e+00  1.0000000e+00]]
[-0226.95, +0061.65, -1068.22]
1032, 1404, 1671
[[-8.4164680e-02  9.9532976e-01  4.1575720e-02 -8.4620000e+01]
 [ 2.5894040e-02 -3.9285160e-02  9.9864944e-01  1.5444000e+02]
 [ 9.9586112e-01  8.5380760e-02 -2.2209480e-02 -1.1747600e+03]
 [ 0.0000000e+00  0.0000000e+00  0.0000000e+00  1.0000000e+00]]
[-0253.20, +0059.24, -1103.89]
1512, 1363, 1660
[[-8.374500e-02  9.954565e-01  4.148450e-02 -8.461000e+01]
 [ 2.618050e-02 -3.926100e-02  9.987265e-01  1.544700e+02]
 [ 9.959765e-01  8.489050e-02 -2.260500e-02 -1.174730e+03]
 [ 0.000000e+00  0.000000e+00  0.000000e+00  1.000000e+00]]
[-0216.41, +0098.42, -1091.98]
1998, 894, 2120
[[-8.7677620e-02  9.9513880e-01  4.0863280e-02 -8.5120000e+01]
 [ 2.9219600e-02 -3.8272500e-02  9.9867680e-01  1.5455000e+02]
 [ 9.9554872e-01  8.8926400e-02 -2.5549120e-02 -1.1745900e+03]
 [ 0.0000000e+00  0.0000000e+00  0.0000000e+00  1.0000000e+00]]
[-0220.09, +0152.08, -1149.87]
1754, 1972, 2128
[[-8.4368100e-02  9.9532702e-01  4.1811960e-02 -8.4680000e+01]
 [ 2.6705580e-02 -3.9470820e-02  9.9864404e-01  1.5447000e+02]
 [ 9.9584684e-01  8.5599240e-02 -2.3018280e-02 -1.1746900e+03]
 [ 0.0000000e+00  0.0000000e+00  0.0000000e+00  1.0000000e+00]]
[-0227.78, +0065.08, -1111.59]
794, 2173, 1650
[[-8.271946e-02  9.953652e-01  4.233266e-02 -8.442000e+01]
 [ 2.529984e-02 -4.007636e-02  9.985812e-01  1.544400e+02]
 [ 9.959437e-01  8.397984e-02 -2.155546e-02 -1.174760e+03]
 [ 0.000000e+00  0.000000e+00  0.000000e+00  1.000000e+00]]
[-0229.09, -0003.33, -1157.98]
1438, 1496, 1205
[[-8.3353000e-02  9.9521594e-01  4.3233420e-02 -8.4470000e+01]
 [ 2.5251220e-02 -4.0916200e-02  9.9849306e-01  1.5437000e+02]
 [ 9.9583446e-01  8.4683220e-02 -2.1349160e-02 -1.1747700e+03]
 [ 0.0000000e+00  0.0000000e+00  0.0000000e+00  1.0000000e+00]]
[-0173.16, +0066.06, -1082.94]
1103, 844, 1468
[[-8.2944400e-02  9.9532268e-01  4.3716440e-02 -8.4480000e+01]
 [ 2.4963160e-02 -4.1522100e-02  9.9856478e-01  1.5428000e+02]
 [ 9.9596948e-01  8.4187540e-02 -2.1126340e-02 -1.1747500e+03]
 [ 0.0000000e+00  0.0000000e+00  0.0000000e+00  1.0000000e+00]]
[-0243.77, +0116.04, -1094.52]
958, 1296, 804
[[-8.3162580e-02  9.9539980e-01  4.4406280e-02 -8.4350000e+01]
 [ 2.4696200e-02 -4.2350500e-02  9.9865720e-01  1.5426000e+02]
 [ 9.9608372e-01  8.4293200e-02 -2.0912080e-02 -1.1747500e+03]
 [ 0.0000000e+00  0.0000000e+00  0.0000000e+00  1.0000000e+00]]
[-0176.00, +0032.04, -1076.71]
1522, 1883, 1242
[[-8.3128740e-02  9.9535634e-01  4.2579120e-02 -8.4520000e+01]
 [ 2.6315220e-02 -4.0262340e-02  9.9858176e-01  1.5444000e+02]
 [ 9.9591904e-01  8.4402480e-02 -2.2570440e-02 -1.1747500e+03]
 [ 0.0000000e+00  0.0000000e+00  0.0000000e+00  1.0000000e+00]]
[-0162.92, +0037.44, -1099.67]
818, 1611, 989
[[-8.2742260e-02  9.9532014e-01  4.4105240e-02 -8.4340000e+01]
 [ 2.4775860e-02 -4.1930180e-02  9.9855012e-01  1.5428000e+02]
 [ 9.9598876e-01  8.3988120e-02 -2.0912080e-02 -1.1747600e+03]
 [ 0.0000000e+00  0.0000000e+00  0.0000000e+00  1.0000000e+00]]
[-0200.28, +0002.72, -1102.30]
1394, 1424, 1446
[[-8.3975700e-02  9.9540300e-01  4.3042600e-02 -8.4520000e+01]
 [ 2.5253560e-02 -4.0928400e-02  9.9871392e-01  1.5437000e+02]
 [ 9.9601308e-01  8.5088800e-02 -2.1563940e-02 -1.1747500e+03]
 [ 0.0000000e+00  0.0000000e+00  0.0000000e+00  1.0000000e+00]]
[-0204.04, +0076.95, -1083.25]
1011, 1642, 1295
[[-8.3349280e-02  9.9532384e-01  4.3355280e-02 -8.4440000e+01]
 [ 2.5753840e-02 -4.1102020e-02  9.9858066e-01  1.5435000e+02]
 [ 9.9593472e-01  8.4599340e-02 -2.1951300e-02 -1.1747400e+03]
 [ 0.0000000e+00  0.0000000e+00  0.0000000e+00  1.0000000e+00]]
[-0213.55, +0022.02, -1096.54]
1894, 1202, 1076
[[-8.3758440e-02  9.9521174e-01  4.3497140e-02 -8.4520000e+01]
 [ 2.6666260e-02 -4.1090020e-02  9.9848878e-01  1.5439000e+02]
 [ 9.9580486e-01  8.5114780e-02 -2.2768420e-02 -1.1747300e+03]
 [ 0.0000000e+00  0.0000000e+00  0.0000000e+00  1.0000000e+00]]
[-0136.13, +0117.60, -1108.96]
989, 2146, 940
[[-8.2933000e-02  9.9534432e-01  4.2934240e-02 -8.4390000e+01]
 [ 2.5329120e-02 -4.0694100e-02  9.9857706e-01  1.5444000e+02]
 [ 9.9594784e-01  8.4186660e-02 -2.1547060e-02 -1.1747500e+03]
 [ 0.0000000e+00  0.0000000e+00  0.0000000e+00  1.0000000e+00]]
[-0170.62, -0012.78, -1147.23]
1516, 2172, 967
[[-8.3754960e-02  9.9543700e-01  4.2058400e-02 -8.4510000e+01]
 [ 2.5606600e-02 -3.9890580e-02  9.9872152e-01  1.5453000e+02]
 [ 9.9599600e-01  8.4885520e-02 -2.1985380e-02 -1.1747500e+03]
 [ 0.0000000e+00  0.0000000e+00  0.0000000e+00  1.0000000e+00]]
[-0142.42, +0015.07, -1134.12]
926, 874, 811
[[-8.4008020e-02  9.9514012e-01  4.4778880e-02 -8.4290000e+01]
 [ 2.3933720e-02 -4.2610320e-02  9.9849992e-01  1.5419000e+02]
 [ 9.9585952e-01  8.5270480e-02 -1.9914340e-02 -1.1747800e+03]
 [ 0.0000000e+00  0.0000000e+00  0.0000000e+00  1.0000000e+00]]
[-0190.52, +0078.24, -1060.98]
1242, 1885, 836
[[-8.4178440e-02  9.9530024e-01  4.2757160e-02 -8.4400000e+01]
 [ 2.5545560e-02 -4.0520520e-02  9.9862952e-01  1.5439000e+02]
 [ 9.9589064e-01  8.5386920e-02 -2.1778920e-02 -1.1747300e+03]
 [ 0.0000000e+00  0.0000000e+00  0.0000000e+00  1.0000000e+00]]
[-0148.19, +0009.74, -1118.26]
2202, 876, 987
[[-8.6248080e-02  9.9512888e-01  4.2953960e-02 -8.4580000e+01]
 [ 2.7290320e-02 -4.0532800e-02  9.9859696e-01  1.5439000e+02]
 [ 9.9568156e-01  8.7516640e-02 -2.3440720e-02 -1.1747300e+03]
 [ 0.0000000e+00  0.0000000e+00  0.0000000e+00  1.0000000e+00]]
[-0129.60, +0143.67, -1149.99]
2066, 1734, 1658
[[-8.6041300e-02  9.9524672e-01  4.2005660e-02 -8.4610000e+01]
 [ 2.6147680e-02 -3.9742080e-02  9.9871616e-01  1.5448000e+02]
 [ 9.9578954e-01  8.7187360e-02 -2.2443220e-02 -1.1747700e+03]
 [ 0.0000000e+00  0.0000000e+00  0.0000000e+00  1.0000000e+00]]
[-0173.52, +0093.62, -1101.61]
2091, 2162, 1308
[[-8.6022820e-02  9.9528454e-01  4.1067720e-02 -8.4580000e+01]
 [ 2.7502460e-02 -3.8679940e-02  9.9871884e-01  1.5466000e+02]
 [ 9.9575172e-01  8.7203160e-02 -2.3882120e-02 -1.1747800e+03]
 [ 0.0000000e+00  0.0000000e+00  0.0000000e+00  1.0000000e+00]]
[-0140.41, +0052.11, -1120.59]
1742, 837, 2171
[[-8.7075600e-02  9.9521708e-01  4.1853240e-02 -8.4780000e+01]
 [ 2.6958360e-02 -3.9544500e-02  9.9875398e-01  1.5441000e+02]
 [ 9.9573188e-01  8.8199940e-02 -2.3279940e-02 -1.1747200e+03]
 [ 0.0000000e+00  0.0000000e+00  0.0000000e+00  1.0000000e+00]]
[-0238.84, +0147.68, -1156.00]
1774, 2123, 1696
[[-8.6034820e-02  9.9515480e-01  4.1726960e-02 -8.4610000e+01]
 [ 2.6634800e-02 -3.9322000e-02  9.9862060e-01  1.5452000e+02]
 [ 9.9567304e-01  8.7289400e-02 -2.2856820e-02 -1.1747900e+03]
 [ 0.0000000e+00  0.0000000e+00  0.0000000e+00  1.0000000e+00]]
[-0182.70, +0041.65, -1105.82]
1499, 2226, 1135
[[-8.5211140e-02  9.9527814e-01  4.1770360e-02 -8.4500000e+01]
 [ 2.5523460e-02 -3.9532020e-02  9.9869292e-01  1.5452000e+02]
 [ 9.9582724e-01  8.6373720e-02 -2.1823120e-02 -1.1748100e+03]
 [ 0.0000000e+00  0.0000000e+00  0.0000000e+00  1.0000000e+00]]
[-0155.96, +0011.45, -1130.56]
1633, 1590, 1812
[[-8.5834560e-02  9.9525128e-01  4.2202960e-02 -8.4600000e+01]
 [ 2.6152240e-02 -3.9939700e-02  9.9870338e-01  1.5444000e+02]
 [ 9.9580232e-01  8.6990060e-02 -2.2434100e-02 -1.1747700e+03]
 [ 0.0000000e+00  0.0000000e+00  0.0000000e+00  1.0000000e+00]]
[-0216.56, +0087.59, -1096.01]
787, 785, 1867
[[-8.4392180e-02  9.9538230e-01  4.3463820e-02 -8.4460000e+01]
 [ 2.5678500e-02 -4.1336360e-02  9.9871770e-01  1.5425000e+02]
 [ 9.9599982e-01  8.5501500e-02 -2.1968180e-02 -1.1747700e+03]
 [ 0.0000000e+00  0.0000000e+00  0.0000000e+00  1.0000000e+00]]
[-0287.08, +0103.96, -1147.84]
1927, 2170, 1565
[[-8.5614900e-02  9.9538708e-01  4.1532440e-02 -8.4590000e+01]
 [ 2.6816200e-02 -3.9297360e-02  9.9879592e-01  1.5456000e+02]
 [ 9.9589220e-01  8.6700400e-02 -2.3252100e-02 -1.1748000e+03]
 [ 0.0000000e+00  0.0000000e+00  0.0000000e+00  1.0000000e+00]]
[-0161.35, +0047.48, -1110.32]
1211, 1675, 1324
[[-8.4388500e-02  9.9518250e-01  4.3062500e-02 -8.4480000e+01]
 [ 2.5663300e-02 -4.0730580e-02  9.9853494e-01  1.5437000e+02]
 [ 9.9578310e-01  8.5687940e-02 -2.1778920e-02 -1.1747800e+03]
 [ 0.0000000e+00  0.0000000e+00  0.0000000e+00  1.0000000e+00]]
[-0201.29, +0036.07, -1090.30]
1204, 1371, 1010
[[-8.460232e-02  9.952682e-01  4.335260e-02 -8.444000e+01]
 [ 2.537980e-02 -4.115082e-02  9.986363e-01  1.543300e+02]
 [ 9.958886e-01  8.578930e-02 -2.157250e-02 -1.174800e+03]
 [ 0.000000e+00  0.000000e+00  0.000000e+00  1.000000e+00]]
[-0176.11, +0052.30, -1077.34]
1446, 2001, 1753
[[-8.5414480e-02  9.9517176e-01  4.1901960e-02 -8.4620000e+01]
 [ 2.6231760e-02 -3.9519620e-02  9.9859548e-01  1.5449000e+02]
 [ 9.9570804e-01  8.6684520e-02 -2.2434100e-02 -1.1747700e+03]
 [ 0.0000000e+00  0.0000000e+00  0.0000000e+00  1.0000000e+00]]
[-0214.14, +0036.37, -1107.10]
1581, 1859, 2114
[[-8.6458180e-02  9.9512758e-01  4.1697020e-02 -8.4680000e+01]
 [ 2.5844020e-02 -3.9359560e-02  9.9864782e-01  1.5450000e+02]
 [ 9.9566542e-01  8.7672580e-02 -2.2057380e-02 -1.1748000e+03]
 [ 0.0000000e+00  0.0000000e+00  0.0000000e+00  1.0000000e+00]]
[-0238.53, +0071.68, -1113.93]
942, 2122, 2025
[[-8.2918920e-02  9.9548554e-01  4.0816860e-02 -8.4450000e+01]
 [ 2.4740940e-02 -3.8667780e-02  9.9872158e-01  1.5449000e+02]
 [ 9.9601474e-01  8.4056220e-02 -2.1185700e-02 -1.1748200e+03]
 [ 0.0000000e+00  0.0000000e+00  0.0000000e+00  1.0000000e+00]]
[-0247.27, +0017.48, -1151.65]
1150, 776, 1795
[[-8.481250e-02  9.952554e-01  4.355470e-02 -8.446000e+01]
 [ 2.539260e-02 -4.136100e-02  9.986406e-01  1.542800e+02]
 [ 9.958843e-01  8.599140e-02 -2.157250e-02 -1.174800e+03]
 [ 0.000000e+00  0.000000e+00  0.000000e+00  1.000000e+00]]
[-0259.93, +0129.02, -1126.48]
1035, 1940, 1408
[[-8.4178440e-02  9.9529844e-01  4.2965400e-02 -8.4440000e+01]
 [ 2.5753800e-02 -4.0718340e-02  9.9862294e-01  1.5439000e+02]
 [ 9.9589244e-01  8.5393500e-02 -2.1976740e-02 -1.1748000e+03]
 [ 0.0000000e+00  0.0000000e+00  0.0000000e+00  1.0000000e+00]]
[-0212.44, +0004.96, -1118.90]
2241, 1916, 2005
[[-8.7268180e-02  9.9513898e-01  4.1013460e-02 -8.4750000e+01]
 [ 2.8221820e-02 -3.8494600e-02  9.9866866e-01  1.5460000e+02]
 [ 9.9558386e-01  8.8509740e-02 -2.4522420e-02 -1.1747500e+03]
 [ 0.0000000e+00  0.0000000e+00  0.0000000e+00  1.0000000e+00]]
[-0187.19, +0099.65, -1109.48]
811, 1785, 1150
[[-8.3781000e-02  9.9528440e-01  4.3708800e-02 -8.4350000e+01]
 [ 2.4580800e-02 -4.1558820e-02  9.9860306e-01  1.5429000e+02]
 [ 9.9594040e-01  8.4977940e-02 -2.0738820e-02 -1.1748100e+03]
 [ 0.0000000e+00  0.0000000e+00  0.0000000e+00  1.0000000e+00]]
[-0209.83, -0002.49, -1117.65]
1685, 1945, 1939
[[-8.5824840e-02  9.9527252e-01  4.1421320e-02 -8.4660000e+01]
 [ 2.6517080e-02 -3.9112020e-02  9.9871478e-01  1.5452000e+02]
 [ 9.9578108e-01  8.6988380e-02 -2.2856820e-02 -1.1747900e+03]
 [ 0.0000000e+00  0.0000000e+00  0.0000000e+00  1.0000000e+00]]
[-0215.41, +0063.77, -1103.48]
2232, 2079, 1689
[[-8.6017300e-02  9.9529368e-01  4.1310860e-02 -8.4630000e+01]
 [ 2.8509840e-02 -3.8853440e-02  9.9870168e-01  1.5462000e+02]
 [ 9.9574258e-01  8.7225840e-02 -2.4889300e-02 -1.1747900e+03]
 [ 0.0000000e+00  0.0000000e+00  0.0000000e+00  1.0000000e+00]]
[-0157.86, +0075.76, -1111.27]
1283, 1015, 1511
[[-8.5435600e-02  9.9513064e-01  4.3256920e-02 -8.4480000e+01]
 [ 2.5293520e-02 -4.0978000e-02  9.9857836e-01  1.5433000e+02]
 [ 9.9574916e-01  8.6680520e-02 -2.1392160e-02 -1.1748200e+03]
 [ 0.0000000e+00  0.0000000e+00  0.0000000e+00  1.0000000e+00]]
[-0228.59, +0111.07, -1090.12]
1900, 1326, 1434
[[-8.5218100e-02  9.9515660e-01  4.2672600e-02 -8.4550000e+01]
 [ 2.5662920e-02 -4.0347460e-02  9.9857760e-01  1.5443000e+02]
 [ 9.9574044e-01  8.6482080e-02 -2.1805200e-02 -1.1748000e+03]
 [ 0.0000000e+00  0.0000000e+00  0.0000000e+00  1.0000000e+00]]
[-0165.37, +0117.92, -1100.43]
2136, 907, 1521
[[-8.7082000e-02  9.9499044e-01  4.2859080e-02 -8.4640000e+01]
 [ 2.7203640e-02 -4.0359940e-02  9.9853986e-01  1.5440000e+02]
 [ 9.9554148e-01  8.8407660e-02 -2.3261300e-02 -1.1747800e+03]
 [ 0.0000000e+00  0.0000000e+00  0.0000000e+00  1.0000000e+00]]
[-0169.63, +0156.88, -1140.36]
2071, 1426, 1983
[[-8.5624500e-02  9.9536740e-01  4.2105800e-02 -8.4660000e+01]
 [ 2.6242840e-02 -3.9927300e-02  9.9879112e-01  1.5443000e+02]
 [ 9.9591188e-01  8.6695600e-02 -2.2631760e-02 -1.1747700e+03]
 [ 0.0000000e+00  0.0000000e+00  0.0000000e+00  1.0000000e+00]]
[-0204.76, +0127.35, -1116.71]
1856, 1352, 2237
[[-8.6248080e-02  9.9524212e-01  4.1808360e-02 -8.4680000e+01]
 [ 2.6143080e-02 -3.9544500e-02  9.9872894e-01  1.5440000e+02]
 [ 9.9577676e-01  8.7384660e-02 -2.2452420e-02 -1.1747800e+03]
 [ 0.0000000e+00  0.0000000e+00  0.0000000e+00  1.0000000e+00]]
[-0237.78, +0123.53, -1131.04]
1847, 1173, 825
[[-8.5026600e-02  9.9523396e-01  4.4156280e-02 -8.4410000e+01]
 [ 2.5422600e-02 -4.1979300e-02  9.9863630e-01  1.5427000e+02]
 [ 9.9588860e-01  8.6198220e-02 -2.1563940e-02 -1.1748000e+03]
 [ 0.0000000e+00  0.0000000e+00  0.0000000e+00  1.0000000e+00]]
[-0122.70, +0105.98, -1112.80]
2110, 2021, 762
[[-8.4115080e-02  9.9556390e-01  3.7647220e-02 -8.4410000e+01]
 [ 2.9614300e-02 -3.5095560e-02  9.9877310e-01  1.5497000e+02]
 [ 9.9583522e-01  8.5306700e-02 -2.6349480e-02 -1.1749100e+03]
 [ 0.0000000e+00  0.0000000e+00  0.0000000e+00  1.0000000e+00]]
[-0112.08, +0056.15, -1144.85]
1797, 1167, 1954
[[-8.4988320e-02  9.9521316e-01  4.0698680e-02 -8.4680000e+01]
 [ 2.6172040e-02 -3.8284740e-02  9.9860244e-01  1.5446000e+02]
 [ 9.9570108e-01  8.6270360e-02 -2.2452420e-02 -1.1747600e+03]
 [ 0.0000000e+00  0.0000000e+00  0.0000000e+00  1.0000000e+00]]
[-0225.31, +0133.48, -1121.45]
1551, 1342, 1405
[[-8.4787860e-02  9.9541318e-01  4.1279900e-02 -8.4550000e+01]
 [ 2.5792700e-02 -3.9099700e-02  9.9877790e-01  1.5442000e+02]
 [ 9.9593482e-01  8.5878740e-02 -2.2227400e-02 -1.1748100e+03]
 [ 0.0000000e+00  0.0000000e+00  0.0000000e+00  1.0000000e+00]]
[-0189.89, +0091.81, -1083.69]
1228, 2179, 2072
[[-8.581300e-02  9.953126e-01  3.857300e-02 -8.474000e+01]
 [ 2.519740e-02 -3.629850e-02  9.987839e-01  1.546200e+02]
 [ 9.957410e-01  8.693110e-02 -2.171050e-02 -1.174820e+03]
 [ 0.000000e+00  0.000000e+00  0.000000e+00  1.000000e+00]]
[-0239.77, +0025.60, -1137.69]
1891, 1706, 1131
[[-8.5198180e-02  9.9530398e-01  4.1005800e-02 -8.4590000e+01]
 [ 2.6288020e-02 -3.8692180e-02  9.9869940e-01  1.5447000e+02]
 [ 9.9580140e-01  8.6380200e-02 -2.2650000e-02 -1.1748000e+03]
 [ 0.0000000e+00  0.0000000e+00  0.0000000e+00  1.0000000e+00]]
[-0134.23, +0076.93, -1107.31]
1373, 865, 2026
[[-8.5831240e-02  9.9526440e-01  4.1178280e-02 -8.4670000e+01]
 [ 2.5509720e-02 -3.8939400e-02  9.9873096e-01  1.5439000e+02]
 [ 9.9578920e-01  8.6965800e-02 -2.1850600e-02 -1.1748000e+03]
 [ 0.0000000e+00  0.0000000e+00  0.0000000e+00  1.0000000e+00]]
[-0257.19, +0135.04, -1144.44]
1833, 1817, 1610
[[-8.5606020e-02  9.9520122e-01  4.0540900e-02 -8.4640000e+01]
 [ 2.6974220e-02 -3.8074920e-02  9.9862230e-01  1.5451000e+02]
 [ 9.9566130e-01  8.6882900e-02 -2.3279940e-02 -1.1747800e+03]
 [ 0.0000000e+00  0.0000000e+00  0.0000000e+00  1.0000000e+00]]
[-0175.13, +0072.97, -1096.06]
1678, 755, 1784
[[-8.4794500e-02  9.9540030e-01  4.1662300e-02 -8.4590000e+01]
 [ 2.5410300e-02 -3.9519620e-02  9.9877458e-01  1.5434000e+02]
 [ 9.9594770e-01  8.5875420e-02 -2.1814120e-02 -1.1748000e+03]
 [ 0.0000000e+00  0.0000000e+00  0.0000000e+00  1.0000000e+00]]
[-0221.01, +0156.03, -1136.05]
870, 2156, 808
[[-8.4168000e-02  9.9532664e-01  4.1350480e-02 -8.4390000e+01]
 [ 2.5286320e-02 -3.9099700e-02  9.9866066e-01  1.5445000e+02]
 [ 9.9586424e-01  8.5366220e-02 -2.1607540e-02 -1.1748300e+03]
 [ 0.0000000e+00  0.0000000e+00  0.0000000e+00  1.0000000e+00]]
[-0167.76, -0016.79, -1158.20]
1852, 1881, 934
[[-8.5198180e-02  9.9519904e-01  4.1109200e-02 -8.4580000e+01]
 [ 2.6392960e-02 -3.8692180e-02  9.9860060e-01  1.5448000e+02]
 [ 9.9569800e-01  8.6479000e-02 -2.2650000e-02 -1.1748200e+03]
 [ 0.0000000e+00  0.0000000e+00  0.0000000e+00  1.0000000e+00]]
[-0122.38, +0055.11, -1122.81]
2096, 768, 1286
[[-8.6028660e-02  9.9527138e-01  4.1449840e-02 -8.4670000e+01]
 [ 2.7120340e-02 -3.9099700e-02  9.9871592e-01  1.5442000e+02]
 [ 9.9576488e-01  8.7200240e-02 -2.3468200e-02 -1.1747500e+03]
 [ 0.0000000e+00  0.0000000e+00  0.0000000e+00  1.0000000e+00]]
[-0156.40, +0159.64, -1145.45]
1833, 994, 971
[[-8.4591400e-02  9.9529328e-01  4.2154160e-02 -8.4520000e+01]
 [ 2.5328560e-02 -3.9927300e-02  9.9866138e-01  1.5434000e+02]
 [ 9.9586352e-01  8.5775140e-02 -2.1598660e-02 -1.1748000e+03]
 [ 0.0000000e+00  0.0000000e+00  0.0000000e+00  1.0000000e+00]]
[-0138.71, +0125.76, -1109.00]
877, 1937, 1220
[[-8.4791140e-02  9.9530176e-01  4.1574420e-02 -8.4480000e+01]
 [ 2.5706480e-02 -3.9309640e-02  9.9867744e-01  1.5439000e+02]
 [ 9.9583794e-01  8.5975920e-02 -2.2020740e-02 -1.1748000e+03]
 [ 0.0000000e+00  0.0000000e+00  0.0000000e+00  1.0000000e+00]]
[-0205.78, -0008.27, -1128.42]
1067, 1766, 1240
[[-8.4374580e-02  9.9542380e-01  4.1466320e-02 -8.4530000e+01]
 [ 2.5593400e-02 -3.9297360e-02  9.9875920e-01  1.5439000e+02]
 [ 9.9595832e-01  8.5477600e-02 -2.2011780e-02 -1.1748000e+03]
 [ 0.0000000e+00  0.0000000e+00  0.0000000e+00  1.0000000e+00]]
[-0201.29, +0017.24, -1100.16]
1184, 1814, 1806
[[-8.4781540e-02  9.9542914e-01  4.0480900e-02 -8.4630000e+01]
 [ 2.5758500e-02 -3.8284740e-02  9.9879386e-01  1.5446000e+02]
 [ 9.9591886e-01  8.5869100e-02 -2.2245640e-02 -1.1747700e+03]
 [ 0.0000000e+00  0.0000000e+00  0.0000000e+00  1.0000000e+00]]
[-0243.08, +0037.75, -1115.50]
2173, 808, 1896
[[-9.0179620e-02  9.9471816e-01  4.1852380e-02 -8.5150000e+01]
 [ 3.0608160e-02 -3.8926880e-02  9.9846216e-01  1.5449000e+02]
 [ 9.9512762e-01  9.1647840e-02 -2.6606500e-02 -1.1745800e+03]
 [ 0.0000000e+00  0.0000000e+00  0.0000000e+00  1.0000000e+00]]
[-0197.45, +0159.90, -1152.70]
1310, 1952, 803
[[-8.4178440e-02  9.9530024e-01  4.2757160e-02 -8.4480000e+01]
 [ 2.5545560e-02 -4.0520520e-02  9.9862952e-01  1.5437000e+02]
 [ 9.9589064e-01  8.5386920e-02 -2.1778920e-02 -1.1747700e+03]
 [ 0.0000000e+00  0.0000000e+00  0.0000000e+00  1.0000000e+00]]
[-0141.04, +0010.05, -1126.42]
1226, 1617, 1996
[[-8.6458180e-02  9.9523098e-01  4.1802080e-02 -8.4680000e+01]
 [ 2.5947420e-02 -3.9557060e-02  9.9874008e-01  1.5441000e+02]
 [ 9.9577048e-01  8.7580320e-02 -2.2254880e-02 -1.1747700e+03]
 [ 0.0000000e+00  0.0000000e+00  0.0000000e+00  1.0000000e+00]]
[-0259.65, +0063.79, -1121.53]
1829, 1447, 1301
[[-8.6251400e-02  9.9512718e-01  4.2519660e-02 -8.4610000e+01]
 [ 2.6473980e-02 -4.0149800e-02  9.9861534e-01  1.5440000e+02]
 [ 9.9568326e-01  8.7494940e-02 -2.2640840e-02 -1.1747700e+03]
 [ 0.0000000e+00  0.0000000e+00  0.0000000e+00  1.0000000e+00]]
[-0155.75, +0099.42, -1095.94]
1788, 935, 1221
[[-8.5439400e-02  9.9533434e-01  4.3241580e-02 -8.4540000e+01]
 [ 2.4892140e-02 -4.1188260e-02  9.9877414e-01  1.5430000e+02]
 [ 9.9596218e-01  8.6480940e-02 -2.1185700e-02 -1.1748000e+03]
 [ 0.0000000e+00  0.0000000e+00  0.0000000e+00  1.0000000e+00]]
[-0163.83, +0140.74, -1107.17]
1512, 1991, 909
[[-8.5424680e-02  9.9525544e-01  4.2580320e-02 -8.4510000e+01]
 [ 2.5761760e-02 -4.0347460e-02  9.9868266e-01  1.5440000e+02]
 [ 9.9583272e-01  8.6587140e-02 -2.2011780e-02 -1.1747900e+03]
 [ 0.0000000e+00  0.0000000e+00  0.0000000e+00  1.0000000e+00]]
[-0137.93, +0021.09, -1123.91]
1956, 2001, 1441
[[-8.5821760e-02  9.9527752e-01  4.1438640e-02 -8.4650000e+01]
 [ 2.6916560e-02 -3.9099700e-02  9.9870978e-01  1.5450000e+02]
 [ 9.9577608e-01  8.6996460e-02 -2.3261300e-02 -1.1747700e+03]
 [ 0.0000000e+00  0.0000000e+00  0.0000000e+00  1.0000000e+00]]
[-0152.76, +0059.64, -1106.78]
2181, 1827, 1259
[[-8.6655520e-02  9.9503120e-01  4.1864160e-02 -8.4670000e+01]
 [ 2.7351200e-02 -3.9322000e-02  9.9854040e-01  1.5452000e+02]
 [ 9.9553584e-01  8.7999600e-02 -2.3477520e-02 -1.1747700e+03]
 [ 0.0000000e+00  0.0000000e+00  0.0000000e+00  1.0000000e+00]]
[-0131.69, +0084.71, -1119.51]
2016, 1213, 1523
[[-8.5627860e-02  9.9504742e-01  4.2398560e-02 -8.4620000e+01]
 [ 2.6158460e-02 -3.9939700e-02  9.9849952e-01  1.5438000e+02]
 [ 9.9560672e-01  8.6983840e-02 -2.2227400e-02 -1.1747700e+03]
 [ 0.0000000e+00  0.0000000e+00  0.0000000e+00  1.0000000e+00]]
[-0174.12, +0131.14, -1109.93]
916, 2110, 1189
[[-8.459496e-02  9.952850e-01  4.255364e-02 -8.443000e+01]
 [ 2.534564e-02 -4.033506e-02  9.986531e-01  1.543700e+02]
 [ 9.958718e-01  8.577986e-02 -2.158986e-02 -1.174810e+03]
 [ 0.000000e+00  0.000000e+00  0.000000e+00  1.000000e+00]]
[-0194.88, -0012.56, -1142.17]
1173, 1732, 1775
[[-8.5627860e-02  9.9515246e-01  4.2295220e-02 -8.4570000e+01]
 [ 2.6053420e-02 -3.9939700e-02  9.9859834e-01  1.5438000e+02]
 [ 9.9571006e-01  8.6885020e-02 -2.2227400e-02 -1.1747700e+03]
 [ 0.0000000e+00  0.0000000e+00  0.0000000e+00  1.0000000e+00]]
[-0241.79, +0043.58, -1109.54]
1463, 1856, 919
[[-8.4377940e-02  9.9530558e-01  4.2593880e-02 -8.4510000e+01]
 [ 2.6340180e-02 -4.0298340e-02  9.9863252e-01  1.5440000e+02]
 [ 9.9586828e-01  8.5600920e-02 -2.2596240e-02 -1.1747500e+03]
 [ 0.0000000e+00  0.0000000e+00  0.0000000e+00  1.0000000e+00]]
[-0139.45, +0028.95, -1111.97]
1749, 1511, 966
[[-8.4797940e-02  9.9528362e-01  4.2581680e-02 -8.4550000e+01]
 [ 2.5949020e-02 -4.0322740e-02  9.9865448e-01  1.5440000e+02]
 [ 9.9585608e-01  8.5992080e-02 -2.2200640e-02 -1.1747900e+03]
 [ 0.0000000e+00  0.0000000e+00  0.0000000e+00  1.0000000e+00]]
[-0130.19, +0078.81, -1103.41]
835, 2152, 1973
[[-8.0632500e-02  9.9578880e-01  3.9953400e-02 -8.4240000e+01]
 [ 2.3664000e-02 -3.8014720e-02  9.9884944e-01  1.5446000e+02]
 [ 9.9630900e-01  8.1638560e-02 -2.0343220e-02 -1.1749300e+03]
 [ 0.0000000e+00  0.0000000e+00  0.0000000e+00  1.0000000e+00]]
[-0245.29, +0011.61, -1157.56]
857, 824, 1397
[[-8.2754740e-02  9.9529814e-01  4.4887480e-02 -8.4170000e+01]
 [ 2.4409820e-02 -4.2758740e-02  9.9853724e-01  1.5413000e+02]
 [ 9.9601076e-01  8.3988520e-02 -2.0492040e-02 -1.1748300e+03]
 [ 0.0000000e+00  0.0000000e+00  0.0000000e+00  1.0000000e+00]]
[-0259.41, +0096.93, -1093.42]
1674, 2025, 1857
[[-8.4581200e-02  9.9530780e-01  4.2205400e-02 -8.4460000e+01]
 [ 2.6527000e-02 -3.9890580e-02  9.9864686e-01  1.5444000e+02]
 [ 9.9584900e-01  8.5799860e-02 -2.2811620e-02 -1.1748200e+03]
 [ 0.0000000e+00  0.0000000e+00  0.0000000e+00  1.0000000e+00]]
[-0206.34, +0052.32, -1103.56]
1056, 1033, 1812
[[-8.4201480e-02  9.9536398e-01  4.4009740e-02 -8.4310000e+01]
 [ 2.4501220e-02 -4.1979300e-02  9.9871034e-01  1.5423000e+02]
 [ 9.9603514e-01  8.5283060e-02 -2.0738820e-02 -1.1748300e+03]
 [ 0.0000000e+00  0.0000000e+00  0.0000000e+00  1.0000000e+00]]
[-0267.38, +0099.19, -1118.38]
1841, 1717, 1941
[[-8.4587920e-02  9.9529632e-01  4.2379520e-02 -8.4480000e+01]
 [ 2.5936320e-02 -4.0112720e-02  9.9865008e-01  1.5441000e+02]
 [ 9.9586048e-01  8.5789920e-02 -2.2200640e-02 -1.1748100e+03]
 [ 0.0000000e+00  0.0000000e+00  0.0000000e+00  1.0000000e+00]]
[-0208.99, +0094.27, -1101.59]
1911, 2089, 773
[[-8.3308200e-02  9.9551886e-01  4.0140220e-02 -8.4290000e+01]
 [ 2.7511780e-02 -3.7781700e-02  9.9871986e-01  1.5468000e+02]
 [ 9.9594786e-01  8.4501220e-02 -2.4043140e-02 -1.1748800e+03]
 [ 0.0000000e+00  0.0000000e+00  0.0000000e+00  1.0000000e+00]]
[-0117.76, +0041.82, -1142.72]
2137, 1173, 1207
[[-8.6034820e-02  9.9525822e-01  4.1831960e-02 -8.4580000e+01]
 [ 2.6738220e-02 -3.9519620e-02  9.9871284e-01  1.5445000e+02]
 [ 9.9577804e-01  8.7197160e-02 -2.3054440e-02 -1.1747700e+03]
 [ 0.0000000e+00  0.0000000e+00  0.0000000e+00  1.0000000e+00]]
[-0137.94, +0131.73, -1126.25]
1743, 920, 1041
[[-8.4808740e-02  9.9537082e-01  4.2843700e-02 -8.4460000e+01]
 [ 2.5062100e-02 -4.0755300e-02  9.9875450e-01  1.5431000e+02]
 [ 9.9597718e-01  8.5881260e-02 -2.1383400e-02 -1.1747900e+03]
 [ 0.0000000e+00  0.0000000e+00  0.0000000e+00  1.0000000e+00]]
[-0152.22, +0133.32, -1103.28]
1446, 2145, 1653
[[-8.5408080e-02  9.9529448e-01  4.0791280e-02 -8.4580000e+01]
 [ 2.5883920e-02 -3.8506960e-02  9.9871688e-01  1.5449000e+02]
 [ 9.9579368e-01  8.6569520e-02 -2.2254880e-02 -1.1748100e+03]
 [ 0.0000000e+00  0.0000000e+00  0.0000000e+00  1.0000000e+00]]
[-0202.10, +0021.09, -1114.76]
1534, 2081, 1301
[[-8.4164680e-02  9.9543470e-01  4.1472420e-02 -8.4510000e+01]
 [ 2.5789100e-02 -3.9285160e-02  9.9874830e-01  1.5445000e+02]
 [ 9.9596442e-01  8.5281900e-02 -2.2209480e-02 -1.1748000e+03]
 [ 0.0000000e+00  0.0000000e+00  0.0000000e+00  1.0000000e+00]]
[-0166.69, +0024.74, -1110.82]
1512, 1668, 1521
[[-8.5211140e-02  9.9517312e-01  4.1873680e-02 -8.4530000e+01]
 [ 2.5628480e-02 -3.9532020e-02  9.9859412e-01  1.5440000e+02]
 [ 9.9572392e-01  8.6472520e-02 -2.1823120e-02 -1.1748200e+03]
 [ 0.0000000e+00  0.0000000e+00  0.0000000e+00  1.0000000e+00]]
[-0199.79, +0063.80, -1088.92]
1011, 2226, 1924
[[-8.3735760e-02  9.9548784e-01  3.9245000e-02 -8.4490000e+01]
 [ 2.5088800e-02 -3.7050660e-02  9.9878184e-01  1.5456000e+02]
 [ 9.9594516e-01  8.4844400e-02 -2.1643860e-02 -1.1748600e+03]
 [ 0.0000000e+00  0.0000000e+00  0.0000000e+00  1.0000000e+00]]
[-0235.56, +0011.17, -1147.76]
867, 2035, 1307
[[-8.2314340e-02  9.9557044e-01  4.2904100e-02 -8.4210000e+01]
 [ 2.4715400e-02 -4.0892040e-02  9.9875044e-01  1.5429000e+02]
 [ 9.9618794e-01  8.3383400e-02 -2.1126340e-02 -1.1748700e+03]
 [ 0.0000000e+00  0.0000000e+00  0.0000000e+00  1.0000000e+00]]
[-0210.61, -0004.78, -1134.07]
1713, 1839, 834
[[-8.3128740e-02  9.9546126e-01  4.2475900e-02 -8.4350000e+01]
 [ 2.6210300e-02 -4.0262340e-02  9.9868074e-01  1.5439000e+02]
 [ 9.9602226e-01  8.4303500e-02 -2.2570440e-02 -1.1748200e+03]
 [ 0.0000000e+00  0.0000000e+00  0.0000000e+00  1.0000000e+00]]
[-0120.83, +0046.81, -1122.90]
1665, 2109, 1110
[[-8.4168000e-02  9.9542824e-01  4.1663680e-02 -8.4390000e+01]
 [ 2.5597840e-02 -3.9495060e-02  9.9874664e-01  1.5445000e+02]
 [ 9.9597088e-01  8.5280240e-02 -2.2002900e-02 -1.1748500e+03]
 [ 0.0000000e+00  0.0000000e+00  0.0000000e+00  1.0000000e+00]]
[-0143.60, +0026.75, -1122.09]
1168, 1913, 2063
[[-8.4377940e-02  9.9531578e-01  4.1344320e-02 -8.4510000e+01]
 [ 2.5090620e-02 -3.9112020e-02  9.9867152e-01  1.5442000e+02]
 [ 9.9585808e-01  8.5561920e-02 -2.1409920e-02 -1.1748200e+03]
 [ 0.0000000e+00  0.0000000e+00  0.0000000e+00  1.0000000e+00]]
[-0256.08, +0040.69, -1134.84]
1314, 880, 1422
[[-8.4598600e-02  9.9527480e-01  4.3161400e-02 -8.4370000e+01]
 [ 2.5571000e-02 -4.0940680e-02  9.9863816e-01  1.5428000e+02]
 [ 9.9588200e-01  8.5791160e-02 -2.1778920e-02 -1.1748100e+03]
 [ 0.0000000e+00  0.0000000e+00  0.0000000e+00  1.0000000e+00]]
[-0218.31, +0126.67, -1091.13]
995, 1662, 802
[[-8.3146740e-02  9.9532704e-01  4.3119540e-02 -8.4250000e+01]
 [ 2.4942240e-02 -4.0916200e-02  9.9858592e-01  1.5427000e+02]
 [ 9.9594834e-01  8.4380320e-02 -2.1142900e-02 -1.1748200e+03]
 [ 0.0000000e+00  0.0000000e+00  0.0000000e+00  1.0000000e+00]]
[-0165.06, +0005.80, -1103.78]
840, 1274, 1580
[[-8.4395940e-02  9.9528008e-01  4.2716940e-02 -8.4360000e+01]
 [ 2.4551040e-02 -4.0557600e-02  9.9864968e-01  1.5428000e+02]
 [ 9.9589378e-01  8.5565760e-02 -2.0772900e-02 -1.1748700e+03]
 [ 0.0000000e+00  0.0000000e+00  0.0000000e+00  1.0000000e+00]]
[-0263.47, +0053.22, -1107.94]
2053, 1780, 992
[[-8.4364980e-02  9.9533360e-01  4.1620740e-02 -8.4450000e+01]
 [ 2.6896800e-02 -3.9261000e-02  9.9864560e-01  1.5449000e+02]
 [ 9.9584026e-01  8.5600800e-02 -2.3224980e-02 -1.1748300e+03]
 [ 0.0000000e+00  0.0000000e+00  0.0000000e+00  1.0000000e+00]]
[-0118.83, +0073.79, -1125.94]
1159, 1208, 1572
[[-8.3968420e-02  9.9531290e-01  4.2555040e-02 -8.4390000e+01]
 [ 2.5532900e-02 -4.0310500e-02  9.9862520e-01  1.5431000e+02]
 [ 9.9589496e-01  8.5184800e-02 -2.1778920e-02 -1.1747900e+03]
 [ 0.0000000e+00  0.0000000e+00  0.0000000e+00  1.0000000e+00]]
[-0241.42, +0083.70, -1091.50]
1179, 2052, 1772
[[-8.5204500e-02  9.9529268e-01  4.1179740e-02 -8.4510000e+01]
 [ 2.5697400e-02 -3.8914440e-02  9.9870268e-01  1.5445000e+02]
 [ 9.9581270e-01  8.6370600e-02 -2.2038900e-02 -1.1748400e+03]
 [ 0.0000000e+00  0.0000000e+00  0.0000000e+00  1.0000000e+00]]
[-0230.80, +0017.28, -1126.85]
1742, 821, 2204
[[-8.7279540e-02  9.9500890e-01  4.1672120e-02 -8.4790000e+01]
 [ 2.7354620e-02 -3.9136900e-02  9.9857084e-01  1.5441000e+02]
 [ 9.9550540e-01  8.8596200e-02 -2.3496400e-02 -1.1747200e+03]
 [ 0.0000000e+00  0.0000000e+00  0.0000000e+00  1.0000000e+00]]
[-0238.66, +0147.22, -1157.38]
2013, 2232, 1692
[[-8.5189300e-02  9.9521422e-01  4.1160860e-02 -8.4530000e+01]
 [ 2.7591340e-02 -3.8655700e-02  9.9858542e-01  1.5456000e+02]
 [ 9.9568282e-01  8.6503060e-02 -2.3863560e-02 -1.1747800e+03]
 [ 0.0000000e+00  0.0000000e+00  0.0000000e+00  1.0000000e+00]]
[-0166.51, +0051.93, -1110.78]
974, 1731, 1491
[[-8.4193480e-02  9.9527400e-01  4.3522120e-02 -8.4320000e+01]
 [ 2.4780600e-02 -4.1361000e-02  9.9862200e-01  1.5427000e+02]
 [ 9.9591688e-01  8.5379400e-02 -2.0953480e-02 -1.1748200e+03]
 [ 0.0000000e+00  0.0000000e+00  0.0000000e+00  1.0000000e+00]]
[-0230.37, +0021.61, -1108.76]
960, 2011, 1310
[[-8.3559300e-02  9.9541990e-01  4.3037900e-02 -8.4310000e+01]
 [ 2.5245140e-02 -4.0916200e-02  9.9869702e-01  1.5433000e+02]
 [ 9.9602998e-01  8.4689300e-02 -2.1555460e-02 -1.1748200e+03]
 [ 0.0000000e+00  0.0000000e+00  0.0000000e+00  1.0000000e+00]]
[-0205.39, -0005.29, -1129.78]
1320, 839, 1852
[[-8.5225380e-02  9.9514348e-01  4.3054840e-02 -8.4470000e+01]
 [ 2.5280680e-02 -4.0767780e-02  9.9857396e-01  1.5430000e+02]
 [ 9.9575356e-01  8.6478440e-02 -2.1392160e-02 -1.1748100e+03]
 [ 0.0000000e+00  0.0000000e+00  0.0000000e+00  1.0000000e+00]]
[-0252.14, +0135.28, -1129.36]
1570, 1877, 1892
[[-8.4997800e-02  9.9529396e-01  4.1793720e-02 -8.4530000e+01]
 [ 2.6118600e-02 -3.9507300e-02  9.9867710e-01  1.5443000e+02]
 [ 9.9582860e-01  8.6186220e-02 -2.2425060e-02 -1.1748000e+03]
 [ 0.0000000e+00  0.0000000e+00  0.0000000e+00  1.0000000e+00]]
[-0219.95, +0059.74, -1102.55]
1055, 1156, 949
[[-8.3785040e-02  9.9527376e-01  4.4316480e-02 -8.4300000e+01]
 [ 2.4805920e-02 -4.2164800e-02  9.9858784e-01  1.5422000e+02]
 [ 9.9595104e-01  8.4989120e-02 -2.0928400e-02 -1.1748100e+03]
 [ 0.0000000e+00  0.0000000e+00  0.0000000e+00  1.0000000e+00]]
[-0187.09, +0059.51, -1069.54]
1833, 1093, 1612
[[-8.5004520e-02  9.9517246e-01  4.2695980e-02 -8.4500000e+01]
 [ 2.6257940e-02 -4.0322740e-02  9.9856174e-01  1.5435000e+02]
 [ 9.9574178e-01  8.6294860e-02 -2.2407220e-02 -1.1747900e+03]
 [ 0.0000000e+00  0.0000000e+00  0.0000000e+00  1.0000000e+00]]
[-0191.85, +0139.80, -1110.10]
2248, 803, 876
[[-8.5417800e-02  9.9515178e-01  4.3759940e-02 -8.4460000e+01]
 [ 2.7707540e-02 -4.1312040e-02  9.9854022e-01  1.5434000e+02]
 [ 9.9572802e-01  8.6736460e-02 -2.3809800e-02 -1.1747700e+03]
 [ 0.0000000e+00  0.0000000e+00  0.0000000e+00  1.0000000e+00]]
[-0125.36, +0143.41, -1160.47]
959, 1418, 2079
[[-8.4381380e-02  9.9530070e-01  4.2576840e-02 -8.4450000e+01]
 [ 2.5940700e-02 -4.0310500e-02  9.9863740e-01  1.5431000e+02]
 [ 9.9587316e-01  8.5592600e-02 -2.2191880e-02 -1.1747700e+03]
 [ 0.0000000e+00  0.0000000e+00  0.0000000e+00  1.0000000e+00]]
[-0277.55, +0065.08, -1144.43]
826, 2131, 930
[[-8.3979460e-02  9.9529328e-01  4.3128820e-02 -8.4250000e+01]
 [ 2.4959120e-02 -4.0940680e-02  9.9861968e-01  1.5435000e+02]
 [ 9.9591458e-01  8.5179280e-02 -2.1159780e-02 -1.1748300e+03]
 [ 0.0000000e+00  0.0000000e+00  0.0000000e+00  1.0000000e+00]]
[-0179.50, -0018.51, -1154.33]
2185, 2022, 1632
[[-8.5399080e-02  9.9520014e-01  4.1571540e-02 -8.4570000e+01]
 [ 2.7812340e-02 -3.9063220e-02  9.9858338e-01  1.5452000e+02]
 [ 9.9567966e-01  8.6712020e-02 -2.4061300e-02 -1.1747500e+03]
 [ 0.0000000e+00  0.0000000e+00  0.0000000e+00  1.0000000e+00]]
[-0157.52, +0078.85, -1109.58]
1727, 2111, 1781
[[-8.4584520e-02  9.9530456e-01  4.1980040e-02 -8.4470000e+01]
 [ 2.5919240e-02 -3.9705000e-02  9.9865832e-01  1.5442000e+02]
 [ 9.9585224e-01  8.5785080e-02 -2.2209480e-02 -1.1748100e+03]
 [ 0.0000000e+00  0.0000000e+00  0.0000000e+00  1.0000000e+00]]
[-0197.71, +0040.89, -1106.49]
1949, 983, 1641
[[-8.5221700e-02  9.9514822e-01  4.3072060e-02 -8.4470000e+01]
 [ 2.5680140e-02 -4.0755300e-02  9.9856922e-01  1.5434000e+02]
 [ 9.9574882e-01  8.6486860e-02 -2.1796360e-02 -1.1748200e+03]
 [ 0.0000000e+00  0.0000000e+00  0.0000000e+00  1.0000000e+00]]
[-0187.70, +0151.32, -1125.20]
2070, 1527, 1191
[[-8.5207780e-02  9.9527630e-01  4.2620920e-02 -8.4480000e+01]
 [ 2.6756300e-02 -4.0310500e-02  9.9866180e-01  1.5442000e+02]
 [ 9.9582908e-01  8.6408200e-02 -2.3018280e-02 -1.1748000e+03]
 [ 0.0000000e+00  0.0000000e+00  0.0000000e+00  1.0000000e+00]]
[-0130.92, +0099.90, -1115.31]
1140, 1161, 2039
[[-8.5008000e-02  9.9516760e-01  4.2678800e-02 -8.4490000e+01]
 [ 2.5858480e-02 -4.0335060e-02  9.9856660e-01  1.5432000e+02]
 [ 9.9574664e-01  8.6286520e-02 -2.2002900e-02 -1.1747800e+03]
 [ 0.0000000e+00  0.0000000e+00  0.0000000e+00  1.0000000e+00]]
[-0272.77, +0097.38, -1135.12]
1938, 1095, 1034
[[-8.5221700e-02  9.9514276e-01  4.3697080e-02 -8.4410000e+01]
 [ 2.6305160e-02 -4.1348640e-02  9.9854924e-01  1.5431000e+02]
 [ 9.9575428e-01  8.6506840e-02 -2.2389700e-02 -1.1748100e+03]
 [ 0.0000000e+00  0.0000000e+00  0.0000000e+00  1.0000000e+00]]
[-0132.85, +0127.53, -1117.31]
2077, 1607, 1743
[[-8.5828000e-02  9.9515940e-01  4.1924200e-02 -8.4590000e+01]
 [ 2.6639400e-02 -3.9519620e-02  9.9860784e-01  1.5446000e+02]
 [ 9.9568580e-01  8.7092160e-02 -2.2847620e-02 -1.1747900e+03]
 [ 0.0000000e+00  0.0000000e+00  0.0000000e+00  1.0000000e+00]]
[-0177.57, +0110.51, -1104.80]
1260, 1465, 2163
[[-8.4794500e-02  9.9529190e-01  4.2182200e-02 -8.4540000e+01]
 [ 2.5931900e-02 -3.9914980e-02  9.9866276e-01  1.5436000e+02]
 [ 9.9584780e-01  8.5987240e-02 -2.2209480e-02 -1.1747600e+03]
 [ 0.0000000e+00  0.0000000e+00  0.0000000e+00  1.0000000e+00]]
[-0267.37, +0082.57, -1133.85]
2127, 1244, 1653
[[-8.5411240e-02  9.9506852e-01  4.2439320e-02 -8.4560000e+01]
 [ 2.7152920e-02 -3.9902740e-02  9.9847842e-01  1.5443000e+02]
 [ 9.9560292e-01  8.6804820e-02 -2.3233940e-02 -1.1747500e+03]
 [ 0.0000000e+00  0.0000000e+00  0.0000000e+00  1.0000000e+00]]
[-0172.37, +0138.71, -1120.04]
2033, 1554, 2167
[[-8.5414480e-02  9.9527676e-01  4.1798600e-02 -8.4600000e+01]
 [ 2.6126760e-02 -3.9519620e-02  9.9869430e-01  1.5442000e+02]
 [ 9.9581140e-01  8.6585700e-02 -2.2434100e-02 -1.1747900e+03]
 [ 0.0000000e+00  0.0000000e+00  0.0000000e+00  1.0000000e+00]]
[-0219.25, +0119.29, -1119.76]
1287, 2204, 1506
[[-8.5004520e-02  9.9538594e-01  4.2072740e-02 -8.4400000e+01]
 [ 2.5631260e-02 -3.9927300e-02  9.9877258e-01  1.5444000e+02]
 [ 9.9594494e-01  8.6084020e-02 -2.2011780e-02 -1.1748200e+03]
 [ 0.0000000e+00  0.0000000e+00  0.0000000e+00  1.0000000e+00]]
[-0195.55, +0006.32, -1126.24]
1587, 1581, 2133
[[-8.5624500e-02  9.9536906e-01  4.1897420e-02 -8.4560000e+01]
 [ 2.6034460e-02 -3.9729640e-02  9.9879766e-01  1.5441000e+02]
 [ 9.9591022e-01  8.6689060e-02 -2.2434100e-02 -1.1747800e+03]
 [ 0.0000000e+00  0.0000000e+00  0.0000000e+00  1.0000000e+00]]
[-0244.62, +0095.31, -1117.17]
2152, 2023, 1703
[[-8.5614900e-02  9.9528212e-01  4.1635860e-02 -8.4520000e+01]
 [ 2.6921160e-02 -3.9297360e-02  9.9869708e-01  1.5452000e+02]
 [ 9.9578878e-01  8.6799240e-02 -2.3252100e-02 -1.1748000e+03]
 [ 0.0000000e+00  0.0000000e+00  0.0000000e+00  1.0000000e+00]]
[-0162.15, +0076.40, -1107.51]
2058, 2127, 1392
[[-8.5207780e-02  9.9528128e-01  4.1995900e-02 -8.4440000e+01]
 [ 2.6131280e-02 -3.9717280e-02  9.9868160e-01  1.5448000e+02]
 [ 9.9582410e-01  8.6388400e-02 -2.2425060e-02 -1.1748200e+03]
 [ 0.0000000e+00  0.0000000e+00  0.0000000e+00  1.0000000e+00]]
[-0145.65, +0054.49, -1115.69]
1300, 882, 1333
[[-8.4201480e-02  9.9526088e-01  4.3904600e-02 -8.4360000e+01]
 [ 2.4398120e-02 -4.1781480e-02  9.9861800e-01  1.5424000e+02]
 [ 9.9593000e-01  8.5375400e-02 -2.0541000e-02 -1.1748100e+03]
 [ 0.0000000e+00  0.0000000e+00  0.0000000e+00  1.0000000e+00]]
[-0213.95, +0123.97, -1087.15]
1446, 1445, 2174
[[-8.5837960e-02  9.9524816e-01  4.1977240e-02 -8.4550000e+01]
 [ 2.5544360e-02 -3.9754600e-02  9.9871472e-01  1.5441000e+02]
 [ 9.9580544e-01  8.6975320e-02 -2.1832200e-02 -1.1748100e+03]
 [ 0.0000000e+00  0.0000000e+00  0.0000000e+00  1.0000000e+00]]
[-0256.99, +0096.94, -1126.91]
1048, 1359, 1719
[[-8.3979460e-02  9.9539454e-01  4.3442100e-02 -8.4360000e+01]
 [ 2.5270500e-02 -4.1336360e-02  9.9870546e-01  1.5427000e+02]
 [ 9.9602154e-01  8.5093500e-02 -2.1555460e-02 -1.1747900e+03]
 [ 0.0000000e+00  0.0000000e+00  0.0000000e+00  1.0000000e+00]]
[-0254.43, +0064.37, -1104.67]
2124, 1878, 1036
[[-8.4568720e-02  9.9522488e-01  4.2168840e-02 -8.4460000e+01]
 [ 2.8021520e-02 -3.9644800e-02  9.9853416e-01  1.5451000e+02]
 [ 9.9572364e-01  8.5925040e-02 -2.4232080e-02 -1.1747900e+03]
 [ 0.0000000e+00  0.0000000e+00  0.0000000e+00  1.0000000e+00]]
[-0121.10, +0071.50, -1128.27]
1627, 1731, 1455
[[-8.4392180e-02  9.9528282e-01  4.2942240e-02 -8.4420000e+01]
 [ 2.5158780e-02 -4.0742900e-02  9.9863856e-01  1.5437000e+02]
 [ 9.9589104e-01  8.5580640e-02 -2.1374720e-02 -1.1748000e+03]
 [ 0.0000000e+00  0.0000000e+00  0.0000000e+00  1.0000000e+00]]
[-0185.00, +0063.09, -1090.34]
1672, 1494, 774
[[-8.4602320e-02  9.9526444e-01  4.3769160e-02 -8.4350000e+01]
 [ 2.5796360e-02 -4.1546500e-02  9.9862302e-01  1.5432000e+02]
 [ 9.9589236e-01  8.5802580e-02 -2.1968180e-02 -1.1747900e+03]
 [ 0.0000000e+00  0.0000000e+00  0.0000000e+00  1.0000000e+00]]
[-0121.03, +0067.67, -1108.71]
1211, 947, 2155
[[-8.5011560e-02  9.9526968e-01  4.2350040e-02 -8.4530000e+01]
 [ 2.5145640e-02 -4.0149800e-02  9.9867672e-01  1.5432000e+02]
 [ 9.9585288e-01  8.6172840e-02 -2.1401000e-02 -1.1748200e+03]
 [ 0.0000000e+00  0.0000000e+00  0.0000000e+00  1.0000000e+00]]
[-0270.20, +0119.86, -1153.43]
1685, 895, 1661
[[-8.5015200e-02  9.9525768e-01  4.3166160e-02 -8.4470000e+01]
 [ 2.5579440e-02 -4.0953040e-02  9.9865528e-01  1.5432000e+02]
 [ 9.9586488e-01  8.6190640e-02 -2.1787600e-02 -1.1748000e+03]
 [ 0.0000000e+00  0.0000000e+00  0.0000000e+00  1.0000000e+00]]
[-0208.16, +0149.25, -1118.14]
1262, 1114, 1637
[[-8.4392180e-02  9.9527910e-01  4.3358760e-02 -8.4420000e+01]
 [ 2.5575300e-02 -4.1138500e-02  9.9862540e-01  1.5429000e+02]
 [ 9.9589476e-01  8.5593800e-02 -2.1770320e-02 -1.1747800e+03]
 [ 0.0000000e+00  0.0000000e+00  0.0000000e+00  1.0000000e+00]]
[-0239.17, +0102.19, -1095.52]
856, 1515, 1612
[[-8.4189600e-02  9.9527864e-01  4.3539120e-02 -8.4320000e+01]
 [ 2.5180080e-02 -4.1348640e-02  9.9861736e-01  1.5426000e+02]
 [ 9.9591224e-01  8.5387920e-02 -2.1357600e-02 -1.1748400e+03]
 [ 0.0000000e+00  0.0000000e+00  0.0000000e+00  1.0000000e+00]]
[-0254.78, +0032.82, -1115.52]
1700, 999, 927
[[-8.3983300e-02  9.9528092e-01  4.3944740e-02 -8.4320000e+01]
 [ 2.5392520e-02 -4.1744400e-02  9.9859796e-01  1.5428000e+02]
 [ 9.9592694e-01  8.5197160e-02 -2.1547060e-02 -1.1747700e+03]
 [ 0.0000000e+00  0.0000000e+00  0.0000000e+00  1.0000000e+00]]
[-0137.44, +0122.29, -1101.88]
1069, 2237, 1387
[[-8.3751560e-02  9.9534024e-01  4.1762160e-02 -8.4380000e+01]
 [ 2.5694640e-02 -3.9482900e-02  9.9863082e-01  1.5445000e+02]
 [ 9.9588456e-01  8.4979620e-02 -2.1994100e-02 -1.1747700e+03]
 [ 0.0000000e+00  0.0000000e+00  0.0000000e+00  1.0000000e+00]]
[-0198.25, -0005.00, -1140.75]
1270, 1940, 1676
[[-8.4801460e-02  9.9527882e-01  4.2564560e-02 -8.4400000e+01]
 [ 2.5549540e-02 -4.0335060e-02  9.9865928e-01  1.5437000e+02]
 [ 9.9586088e-01  8.5983760e-02 -2.1796360e-02 -1.1747800e+03]
 [ 0.0000000e+00  0.0000000e+00  0.0000000e+00  1.0000000e+00]]
[-0222.12, +0031.81, -1108.59]
2071, 1621, 789
[[-8.5214580e-02  9.9526124e-01  4.3211540e-02 -8.4380000e+01]
 [ 2.6582360e-02 -4.0928400e-02  9.9865172e-01  1.5440000e+02]
 [ 9.9584414e-01  8.6411480e-02 -2.2802820e-02 -1.1748100e+03]
 [ 0.0000000e+00  0.0000000e+00  0.0000000e+00  1.0000000e+00]]
[-0108.32, +0081.48, -1138.12]
1262, 796, 1606
[[-8.4193480e-02  9.9527204e-01  4.3730360e-02 -8.4400000e+01]
 [ 2.4988840e-02 -4.1558820e-02  9.9861542e-01  1.5426000e+02]
 [ 9.9591884e-01  8.5385980e-02 -2.1151300e-02 -1.1747700e+03]
 [ 0.0000000e+00  0.0000000e+00  0.0000000e+00  1.0000000e+00]]
[-0241.50, +0134.35, -1110.22]
1901, 891, 2136
[[-8.6856660e-02  9.9503974e-01  4.1285120e-02 -8.4810000e+01]
 [ 2.7728380e-02 -3.8704500e-02  9.9855616e-01  1.5450000e+02]
 [ 9.9550976e-01  8.8199680e-02 -2.3901000e-02 -1.1747100e+03]
 [ 0.0000000e+00  0.0000000e+00  0.0000000e+00  1.0000000e+00]]
[-0226.32, +0150.04, -1150.40]
853, 1690, 1298
[[-8.3983300e-02  9.9528286e-01  4.3736520e-02 -8.4260000e+01]
 [ 2.5184300e-02 -4.1546500e-02  9.9860460e-01  1.5426000e+02]
 [ 9.9592500e-01  8.5190520e-02 -2.1349160e-02 -1.1747800e+03]
 [ 0.0000000e+00  0.0000000e+00  0.0000000e+00  1.0000000e+00]]
[-0223.85, +0007.80, -1110.52]
911, 807, 1354
[[-8.3987220e-02  9.9527624e-01  4.3927780e-02 -8.4340000e+01]
 [ 2.4993040e-02 -4.1756680e-02  9.9860264e-01  1.5421000e+02]
 [ 9.9593162e-01  8.5188560e-02 -2.1142900e-02 -1.1747800e+03]
 [ 0.0000000e+00  0.0000000e+00  0.0000000e+00  1.0000000e+00]]
[-0250.82, +0103.69, -1088.40]
1881, 1973, 1709
[[-8.5201300e-02  9.9529120e-01  4.2030300e-02 -8.4480000e+01]
 [ 2.6930240e-02 -3.9692800e-02  9.9867168e-01  1.5445000e+02]
 [ 9.9581418e-01  8.6404800e-02 -2.3233940e-02 -1.1747900e+03]
 [ 0.0000000e+00  0.0000000e+00  0.0000000e+00  1.0000000e+00]]
[-0180.74, +0065.38, -1099.57]
1147, 804, 1479
[[-8.4613960e-02  9.9524840e-01  4.3926200e-02 -8.4360000e+01]
 [ 2.4806200e-02 -4.1781480e-02  9.9863048e-01  1.5423000e+02]
 [ 9.9590840e-01  8.5783480e-02 -2.0953480e-02 -1.1747900e+03]
 [ 0.0000000e+00  0.0000000e+00  0.0000000e+00  1.0000000e+00]]
[-0240.11, +0123.72, -1096.86]
1878, 1373, 1951
[[-8.5414480e-02  9.9517012e-01  4.2110320e-02 -8.4580000e+01]
 [ 2.6440120e-02 -3.9717280e-02  9.9858892e-01  1.5441000e+02]
 [ 9.9570968e-01  8.6691080e-02 -2.2631760e-02 -1.1747800e+03]
 [ 0.0000000e+00  0.0000000e+00  0.0000000e+00  1.0000000e+00]]
[-0213.97, +0125.20, -1112.63]
1818, 1772, 770
[[-8.3983300e-02  9.9528674e-01  4.3320080e-02 -8.4330000e+01]
 [ 2.4767860e-02 -4.1150820e-02  9.9861776e-01  1.5434000e+02]
 [ 9.9592112e-01  8.5177360e-02 -2.0953480e-02 -1.1748400e+03]
 [ 0.0000000e+00  0.0000000e+00  0.0000000e+00  1.0000000e+00]]
[-0112.45, +0055.27, -1129.93]
2192, 1731, 1319
[[-8.6028660e-02  9.9516192e-01  4.2178560e-02 -8.4520000e+01]
 [ 2.7850560e-02 -3.9692800e-02  9.9859712e-01  1.5447000e+02]
 [ 9.9566592e-01  8.7319040e-02 -2.4061300e-02 -1.1747700e+03]
 [ 0.0000000e+00  0.0000000e+00  0.0000000e+00  1.0000000e+00]]
[-0135.69, +0092.88, -1116.82]
1721, 1337, 1924
[[-8.4594960e-02  9.9518176e-01  4.2448600e-02 -8.4510000e+01]
 [ 2.5242400e-02 -4.0137360e-02  9.9856076e-01  1.5436000e+02]
 [ 9.9576676e-01  8.5872200e-02 -2.1392160e-02 -1.1747900e+03]
 [ 0.0000000e+00  0.0000000e+00  0.0000000e+00  1.0000000e+00]]
[-0227.66, +0115.94, -1109.54]
1178, 1582, 2082
[[-8.5008000e-02  9.9517288e-01  4.2053840e-02 -8.4510000e+01]
 [ 2.5233520e-02 -3.9742080e-02  9.9858616e-01  1.5437000e+02]
 [ 9.9574136e-01  8.6266960e-02 -2.1409920e-02 -1.1748100e+03]
 [ 0.0000000e+00  0.0000000e+00  0.0000000e+00  1.0000000e+00]]
[-0266.57, +0065.85, -1131.10]
855, 1806, 1544
[[-8.3566900e-02  9.9540678e-01  4.3420540e-02 -8.4300000e+01]
 [ 2.4862500e-02 -4.1336360e-02  9.9869322e-01  1.5429000e+02]
 [ 9.9604310e-01  8.4685500e-02 -2.1142900e-02 -1.1748200e+03]
 [ 0.0000000e+00  0.0000000e+00  0.0000000e+00  1.0000000e+00]]
[-0238.87, +0009.37, -1126.62]
1093, 1204, 1829
[[-8.4805060e-02  9.9527046e-01  4.2964040e-02 -8.4440000e+01]
 [ 2.5566660e-02 -4.0742900e-02  9.9865092e-01  1.5432000e+02]
 [ 9.9586924e-01  8.5988520e-02 -2.1787600e-02 -1.1747900e+03]
 [ 0.0000000e+00  0.0000000e+00  0.0000000e+00  1.0000000e+00]]
[-0265.54, +0086.42, -1115.48]
1873, 1070, 1065
[[-8.4808740e-02  9.9526016e-01  4.3571820e-02 -8.4400000e+01]
 [ 2.5792080e-02 -4.1348640e-02  9.9863584e-01  1.5431000e+02]
 [ 9.9587954e-01  8.5999920e-02 -2.1976740e-02 -1.1747800e+03]
 [ 0.0000000e+00  0.0000000e+00  0.0000000e+00  1.0000000e+00]]
[-0139.04, +0128.15, -1111.30]
2017, 1273, 986
[[-8.4805060e-02  9.9537188e-01  4.3277400e-02 -8.4410000e+01]
 [ 2.5878200e-02 -4.1138500e-02  9.9873660e-01  1.5436000e+02]
 [ 9.9597612e-01  8.5902840e-02 -2.2183200e-02 -1.1748200e+03]
 [ 0.0000000e+00  0.0000000e+00  0.0000000e+00  1.0000000e+00]]
[-0121.48, +0112.97, -1122.78]
1180, 1919, 2075
[[-8.5211140e-02  9.9527984e-01  4.1562020e-02 -8.4540000e+01]
 [ 2.5315120e-02 -3.9334440e-02  9.9869936e-01  1.5442000e+02]
 [ 9.9582554e-01  8.6367280e-02 -2.1625540e-02 -1.1748100e+03]
 [ 0.0000000e+00  0.0000000e+00  0.0000000e+00  1.0000000e+00]]
[-0255.06, +0039.22, -1134.87]
1889, 1169, 754
[[-8.4606120e-02  9.9515458e-01  4.3855260e-02 -8.4340000e+01]
 [ 2.5501980e-02 -4.1558820e-02  9.9852886e-01  1.5430000e+02]
 [ 9.9579394e-01  8.5892940e-02 -2.1563940e-02 -1.1748500e+03]
 [ 0.0000000e+00  0.0000000e+00  0.0000000e+00  1.0000000e+00]]
[-0110.42, +0108.13, -1125.47]
1177, 2191, 1182
[[-8.5008000e-02  9.9517112e-01  4.2262160e-02 -8.4400000e+01]
 [ 2.5441840e-02 -3.9939700e-02  9.9857968e-01  1.5444000e+02]
 [ 9.9574312e-01  8.6273440e-02 -2.1607540e-02 -1.1748200e+03]
 [ 0.0000000e+00  0.0000000e+00  0.0000000e+00  1.0000000e+00]]
[-0177.59, -0003.81, -1135.55]
1441, 1352, 1765
[[-8.5008000e-02  9.9537592e-01  4.2680560e-02 -8.4450000e+01]
 [ 2.5856720e-02 -4.0532800e-02  9.9875776e-01  1.5436000e+02]
 [ 9.9595496e-01  8.6095360e-02 -2.2200640e-02 -1.1747900e+03]
 [ 0.0000000e+00  0.0000000e+00  0.0000000e+00  1.0000000e+00]]
[-0231.69, +0097.38, -1097.90]
1344, 1073, 2152
[[-8.4384900e-02  9.9540092e-01  4.2456560e-02 -8.4510000e+01]
 [ 2.5436200e-02 -4.0322740e-02  9.9874108e-01  1.5433000e+02]
 [ 9.9598120e-01  8.5485400e-02 -2.1787600e-02 -1.1747700e+03]
 [ 0.0000000e+00  0.0000000e+00  0.0000000e+00  1.0000000e+00]]
[-0263.95, +0118.39, -1143.04]
2101, 1456, 909
[[-8.5004520e-02  9.9527404e-01  4.3009320e-02 -8.4430000e+01]
 [ 2.6569560e-02 -4.0718340e-02  9.9864734e-01  1.5441000e+02]
 [ 9.9584852e-01  8.6209260e-02 -2.2802820e-02 -1.1748200e+03]
 [ 0.0000000e+00  0.0000000e+00  0.0000000e+00  1.0000000e+00]]
[-0113.37, +0098.31, -1131.46]
1030, 1184, 1877
[[-8.4808740e-02  9.9526574e-01  4.2946920e-02 -8.4460000e+01]
 [ 2.5167180e-02 -4.0755300e-02  9.9865564e-01  1.5431000e+02]
 [ 9.9587396e-01  8.5980120e-02 -2.1383400e-02 -1.1748000e+03]
 [ 0.0000000e+00  0.0000000e+00  0.0000000e+00  1.0000000e+00]]
[-0272.42, +0084.88, -1123.77]
1788, 1764, 756
[[-8.4182080e-02  9.9518680e-01  4.3259840e-02 -8.4360000e+01]
 [ 2.5667600e-02 -4.0928400e-02  9.9852220e-01  1.5438000e+02]
 [ 9.9579584e-01  8.5490600e-02 -2.1770320e-02 -1.1748600e+03]
 [ 0.0000000e+00  0.0000000e+00  0.0000000e+00  1.0000000e+00]]
[-0111.67, +0054.10, -1129.36]
1338, 1158, 2139
[[-8.479450e-02  9.952902e-01  4.239050e-02 -8.453000e+01]
 [ 2.614020e-02 -4.011272e-02  9.986562e-01  1.543500e+02]
 [ 9.958495e-01  8.599380e-02 -2.240722e-02 -1.174760e+03]
 [ 0.000000e+00  0.000000e+00  0.000000e+00  1.000000e+00]]
[-0264.49, +0111.58, -1137.98]
1261, 1623, 1500
[[-8.4392180e-02  9.9528096e-01  4.3150500e-02 -8.4390000e+01]
 [ 2.5367040e-02 -4.0940680e-02  9.9863200e-01  1.5433000e+02]
 [ 9.9589290e-01  8.5587200e-02 -2.1572500e-02 -1.1747700e+03]
 [ 0.0000000e+00  0.0000000e+00  0.0000000e+00  1.0000000e+00]]
[-0214.03, +0048.24, -1090.08]
1094, 1093, 1645
[[-8.4182080e-02  9.9529184e-01  4.3156640e-02 -8.4420000e+01]
 [ 2.5562560e-02 -4.0928400e-02  9.9862112e-01  1.5428000e+02]
 [ 9.9589904e-01  8.5391680e-02 -2.1770320e-02 -1.1747800e+03]
 [ 0.0000000e+00  0.0000000e+00  0.0000000e+00  1.0000000e+00]]
[-0254.39, +0093.19, -1100.36]
814, 1957, 1312
[[-8.3777040e-02  9.9529292e-01  4.3309320e-02 -8.4290000e+01]
 [ 2.4563880e-02 -4.1150820e-02  9.9861158e-01  1.5431000e+02]
 [ 9.9593188e-01  8.4973380e-02 -2.0747220e-02 -1.1748300e+03]
 [ 0.0000000e+00  0.0000000e+00  0.0000000e+00  1.0000000e+00]]
[-0216.91, -0008.92, -1136.06]
1243, 1018, 1977
[[-8.5218100e-02  9.9515482e-01  4.2880940e-02 -8.4480000e+01]
 [ 2.5871260e-02 -4.0545160e-02  9.9857102e-01  1.5433000e+02]
 [ 9.9574222e-01  8.6488660e-02 -2.2002900e-02 -1.1747800e+03]
 [ 0.0000000e+00  0.0000000e+00  0.0000000e+00  1.0000000e+00]]
[-0264.40, +0116.00, -1131.32]
1840, 767, 803
[[-8.4403700e-02  9.9525528e-01  4.4348940e-02 -8.4330000e+01]
 [ 2.5418160e-02 -4.2164800e-02  9.9860632e-01  1.5423000e+02]
 [ 9.9591858e-01  8.5601360e-02 -2.1547060e-02 -1.1748200e+03]
 [ 0.0000000e+00  0.0000000e+00  0.0000000e+00  1.0000000e+00]]
[-0126.18, +0143.84, -1129.65]
1138, 2092, 1636
[[-8.4791140e-02  9.9529844e-01  4.1991020e-02 -8.4470000e+01]
 [ 2.6123080e-02 -3.9705000e-02  9.9866444e-01  1.5442000e+02]
 [ 9.9584126e-01  8.5988920e-02 -2.2416100e-02 -1.1747900e+03]
 [ 0.0000000e+00  0.0000000e+00  0.0000000e+00  1.0000000e+00]]
[-0220.49, +0007.95, -1128.55]
1989, 1688, 1079
[[-8.4587920e-02  9.9518788e-01  4.2899360e-02 -8.4430000e+01]
 [ 2.6457880e-02 -4.0508320e-02  9.9853796e-01  1.5440000e+02]
 [ 9.9576064e-01  8.5902040e-02 -2.2596240e-02 -1.1748000e+03]
 [ 0.0000000e+00  0.0000000e+00  0.0000000e+00  1.0000000e+00]]
[-0125.34, +0082.77, -1116.17]
2139, 1693, 1440
[[-8.5204500e-02  9.9528458e-01  4.2221440e-02 -8.4530000e+01]
 [ 2.6739100e-02 -3.9902740e-02  9.9867008e-01  1.5446000e+02]
 [ 9.9582080e-01  8.6403200e-02 -2.3027200e-02 -1.1747800e+03]
 [ 0.0000000e+00  0.0000000e+00  0.0000000e+00  1.0000000e+00]]
[-0147.04, +0100.90, -1110.55]
1467, 1778, 1623
[[-8.4801460e-02  9.9527882e-01  4.2564560e-02 -8.4430000e+01]
 [ 2.5549540e-02 -4.0335060e-02  9.9865928e-01  1.5437000e+02]
 [ 9.9586088e-01  8.5983760e-02 -2.1796360e-02 -1.1748000e+03]
 [ 0.0000000e+00  0.0000000e+00  0.0000000e+00  1.0000000e+00]]
[-0210.03, +0052.60, -1094.68]
1023, 1947, 1536
[[-8.4185800e-02  9.9518394e-01  4.3034580e-02 -8.4340000e+01]
 [ 2.5059900e-02 -4.0742900e-02  9.9853350e-01  1.5433000e+02]
 [ 9.9579870e-01  8.5475580e-02 -2.1168340e-02 -1.1748200e+03]
 [ 0.0000000e+00  0.0000000e+00  0.0000000e+00  1.0000000e+00]]
[-0222.73, +0008.21, -1122.12]
1212, 2215, 1062
[[-8.4797940e-02  9.9528710e-01  4.2165080e-02 -8.4380000e+01]
 [ 2.5532420e-02 -3.9927300e-02  9.9866756e-01  1.5444000e+02]
 [ 9.9585260e-01  8.5979000e-02 -2.1805200e-02 -1.1748500e+03]
 [ 0.0000000e+00  0.0000000e+00  0.0000000e+00  1.0000000e+00]]
[-0166.19, -0002.54, -1139.05]
2244, 2212, 1875
[[-8.643418e-02  9.951754e-01  4.079440e-02 -8.463000e+01]
 [ 2.799740e-02 -3.827250e-02  9.986402e-01  1.546200e+02]
 [ 9.956176e-01  8.770420e-02 -2.430568e-02 -1.174790e+03]
 [ 0.000000e+00  0.000000e+00  0.000000e+00  1.000000e+00]]
[-0172.68, +0070.81, -1111.29]
1219, 1863, 1585
[[-8.3773160e-02  9.9540450e-01  4.3014900e-02 -8.4260000e+01]
 [ 2.4650100e-02 -4.0940680e-02  9.9871242e-01  1.5431000e+02]
 [ 9.9602850e-01  8.4876420e-02 -2.0953480e-02 -1.1747200e+03]
 [ 0.0000000e+00  0.0000000e+00  0.0000000e+00  1.0000000e+00]]
[-0218.07, +0029.61, -1104.40]
1701, 1657, 1810
[[-8.4591400e-02  9.9529152e-01  4.2362440e-02 -8.4380000e+01]
 [ 2.5536840e-02 -4.0125000e-02  9.9865488e-01  1.5438000e+02]
 [ 9.9586528e-01  8.5781640e-02 -2.1796360e-02 -1.1747100e+03]
 [ 0.0000000e+00  0.0000000e+00  0.0000000e+00  1.0000000e+00]]
[-0208.27, +0088.41, -1095.85]
1408, 1612, 2172
[[-8.3961460e-02  9.9532768e-01  4.1964300e-02 -8.4410000e+01]
 [ 2.5707200e-02 -3.9692800e-02  9.9863520e-01  1.5435000e+02]
 [ 9.9588018e-01  8.5181760e-02 -2.1994100e-02 -1.1746800e+03]
 [ 0.0000000e+00  0.0000000e+00  0.0000000e+00  1.0000000e+00]]
[-0258.04, +0080.70, -1125.62]
2223, 1813, 829
[[-8.3313640e-02  9.9539128e-01  4.2083400e-02 -8.4260000e+01]
 [ 2.8691000e-02 -3.9586600e-02  9.9857160e-01  1.5456000e+02]
 [ 9.9586728e-01  8.4644040e-02 -2.5015400e-02 -1.1747400e+03]
 [ 0.0000000e+00  0.0000000e+00  0.0000000e+00  1.0000000e+00]]
[-0111.48, +0076.12, -1140.93]
1135, 1441, 1343
[[-8.3566900e-02  9.9540872e-01  4.3212360e-02 -8.4240000e+01]
 [ 2.4654320e-02 -4.1138500e-02  9.9869976e-01  1.5427000e+02]
 [ 9.9604116e-01  8.4678960e-02 -2.0945040e-02 -1.1747000e+03]
 [ 0.0000000e+00  0.0000000e+00  0.0000000e+00  1.0000000e+00]]
[-0215.41, +0050.75, -1083.69]
1827, 976, 1675
[[-8.458792e-02  9.952946e-01  4.258780e-02 -8.438000e+01]
 [ 2.614460e-02 -4.031050e-02  9.986435e-01  1.543300e+02]
 [ 9.958622e-01  8.579650e-02 -2.239842e-02 -1.174680e+03]
 [ 0.000000e+00  0.000000e+00  0.000000e+00  1.000000e+00]]
[-0199.80, +0150.04, -1121.15]
893, 1871, 1541
[[-8.2936720e-02  9.9544088e-01  4.3230600e-02 -8.4210000e+01]
 [ 2.5240880e-02 -4.1102020e-02  9.9866760e-01  1.5427000e+02]
 [ 9.9605940e-01  8.4092400e-02 -2.1538740e-02 -1.1747400e+03]
 [ 0.0000000e+00  0.0000000e+00  0.0000000e+00  1.0000000e+00]]
[-0232.90, +0006.45, -1127.26]
1572, 1412, 2201
[[-8.4791140e-02  9.9540342e-01  4.1887700e-02 -8.4480000e+01]
 [ 2.6018100e-02 -3.9705000e-02  9.9876330e-01  1.5443000e+02]
 [ 9.9594458e-01  8.5890060e-02 -2.2416100e-02 -1.1747200e+03]
 [ 0.0000000e+00  0.0000000e+00  0.0000000e+00  1.0000000e+00]]
[-0250.76, +0107.85, -1127.32]
1024, 2005, 2157
[[-8.2925800e-02  9.9557964e-01  4.0888320e-02 -8.4340000e+01]
 [ 2.4045120e-02 -3.8889800e-02  9.9882324e-01  1.5441000e+02]
 [ 9.9612876e-01  8.3947680e-02 -2.0575240e-02 -1.1748100e+03]
 [ 0.0000000e+00  0.0000000e+00  0.0000000e+00  1.0000000e+00]]
[-0256.32, +0032.43, -1147.88]
817, 2245, 1424
[[-8.3975700e-02  9.9541044e-01  4.2209720e-02 -8.4170000e+01]
 [ 2.4420680e-02 -4.0137360e-02  9.9873984e-01  1.5444000e+02]
 [ 9.9600564e-01  8.5062880e-02 -2.0772900e-02 -1.1748200e+03]
 [ 0.0000000e+00  0.0000000e+00  0.0000000e+00  1.0000000e+00]]
[-0211.88, -0010.13, -1157.69]
1165, 1356, 773
[[-8.3785040e-02  9.9527376e-01  4.4316480e-02 -8.4180000e+01]
 [ 2.4805920e-02 -4.2164800e-02  9.9858784e-01  1.5425000e+02]
 [ 9.9595104e-01  8.4989120e-02 -2.0928400e-02 -1.1747600e+03]
 [ 0.0000000e+00  0.0000000e+00  0.0000000e+00  1.0000000e+00]]
[-0153.54, +0044.55, -1081.52]
1970, 1611, 1993
[[-8.4574800e-02  9.9532256e-01  4.1614720e-02 -8.4510000e+01]
 [ 2.6701120e-02 -3.9273040e-02  9.9865664e-01  1.5447000e+02]
 [ 9.9583424e-01  8.5796480e-02 -2.3027200e-02 -1.1747300e+03]
 [ 0.0000000e+00  0.0000000e+00  0.0000000e+00  1.0000000e+00]]
[-0207.26, +0111.75, -1107.78]
1677, 1549, 2137
[[-8.4381380e-02  9.9520092e-01  4.2055320e-02 -8.4450000e+01]
 [ 2.5420920e-02 -3.9717280e-02  9.9855812e-01  1.5440000e+02]
 [ 9.9576468e-01  8.5671880e-02 -2.1598660e-02 -1.1747500e+03]
 [ 0.0000000e+00  0.0000000e+00  0.0000000e+00  1.0000000e+00]]
[-0242.43, +0099.61, -1117.27]
2105, 1649, 1395
[[-8.4577960e-02  9.9520946e-01  4.2117540e-02 -8.4430000e+01]
 [ 2.6823140e-02 -3.9680680e-02  9.9854958e-01  1.5446000e+02]
 [ 9.9573906e-01  8.5900380e-02 -2.3018280e-02 -1.1747200e+03]
 [ 0.0000000e+00  0.0000000e+00  0.0000000e+00  1.0000000e+00]]
[-0143.83, +0099.58, -1109.90]
1029, 1017, 2197
[[-8.4808740e-02  9.9537454e-01  4.2427100e-02 -8.4420000e+01]
 [ 2.4645500e-02 -4.0359940e-02  9.9876746e-01  1.5431000e+02]
 [ 9.9597346e-01  8.5868300e-02 -2.0988040e-02 -1.1747400e+03]
 [ 0.0000000e+00  0.0000000e+00  0.0000000e+00  1.0000000e+00]]
[-0279.32, +0103.13, -1160.02]
1808, 1437, 1425
[[-8.4388500e-02  9.9518432e-01  4.2854240e-02 -8.4370000e+01]
 [ 2.5455040e-02 -4.0532800e-02  9.9854152e-01  1.5438000e+02]
 [ 9.9578128e-01  8.5681360e-02 -2.1581140e-02 -1.1747600e+03]
 [ 0.0000000e+00  0.0000000e+00  0.0000000e+00  1.0000000e+00]]
[-0167.28, +0102.11, -1093.45]
1916, 2069, 1711
[[-8.3948500e-02  9.9535214e-01  4.1407480e-02 -8.4450000e+01]
 [ 2.6680460e-02 -3.9051220e-02  9.9863516e-01  1.5451000e+02]
 [ 9.9585572e-01  8.5194760e-02 -2.3018280e-02 -1.1747200e+03]
 [ 0.0000000e+00  0.0000000e+00  0.0000000e+00  1.0000000e+00]]
[-0176.93, +0058.53, -1103.00]
1704, 1935, 2160
[[-8.4791140e-02  9.9530010e-01  4.1782720e-02 -8.4470000e+01]
 [ 2.5914780e-02 -3.9507300e-02  9.9867096e-01  1.5443000e+02]
 [ 9.9583960e-01  8.5982400e-02 -2.2218400e-02 -1.1747500e+03]
 [ 0.0000000e+00  0.0000000e+00  0.0000000e+00  1.0000000e+00]]
[-0234.67, +0071.30, -1114.12]
876, 1560, 1863
[[-8.357082e-02  9.952991e-01  4.329860e-02 -8.423000e+01]
 [ 2.435990e-02 -4.115082e-02  9.986054e-01  1.542700e+02]
 [ 9.959426e-01  8.476940e-02 -2.054100e-02 -1.174760e+03]
 [ 0.000000e+00  0.000000e+00  0.000000e+00  1.000000e+00]]
[-0265.91, +0042.19, -1131.40]
1022, 1556, 1354
[[-8.356306e-02  9.953083e-01  4.333236e-02 -8.427000e+01]
 [ 2.515886e-02 -4.112626e-02  9.985962e-01  1.543000e+02]
 [ 9.959334e-01  8.478636e-02 -2.134916e-02 -1.174730e+03]
 [ 0.000000e+00  0.000000e+00  0.000000e+00  1.000000e+00]]
[-0220.30, +0033.30, -1092.41]
942, 2212, 757
[[-8.3353000e-02  9.9532472e-01  4.2713960e-02 -8.4160000e+01]
 [ 2.4729880e-02 -4.0520520e-02  9.9860504e-01  1.5443000e+02]
 [ 9.9593384e-01  8.4571240e-02 -2.0953480e-02 -1.1747700e+03]
 [ 0.0000000e+00  0.0000000e+00  0.0000000e+00  1.0000000e+00]]
[-0159.62, -0012.47, -1161.13]
856, 1722, 1320
[[-8.4399780e-02  9.9526780e-01  4.3532940e-02 -8.4240000e+01]
 [ 2.4984600e-02 -4.1361000e-02  9.9862820e-01  1.5429000e+02]
 [ 9.9590606e-01  8.5583400e-02 -2.1159780e-02 -1.1747500e+03]
 [ 0.0000000e+00  0.0000000e+00  0.0000000e+00  1.0000000e+00]]
[-0225.22, +0009.01, -1112.25]
2109, 1407, 1527
[[-8.4787860e-02  9.9519840e-01  4.2111480e-02 -8.4460000e+01]
 [ 2.6627520e-02 -3.9692800e-02  9.9856064e-01  1.5444000e+02]
 [ 9.9573300e-01  8.6096000e-02 -2.2820500e-02 -1.1747100e+03]
 [ 0.0000000e+00  0.0000000e+00  0.0000000e+00  1.0000000e+00]]
[-0160.01, +0123.72, -1111.61]
884, 1895, 1483
[[-8.3563060e-02  9.9531020e-01  4.3124180e-02 -8.4220000e+01]
 [ 2.4950680e-02 -4.0928400e-02  9.9860276e-01  1.5432000e+02]
 [ 9.9593150e-01  8.4779800e-02 -2.1151300e-02 -1.1747600e+03]
 [ 0.0000000e+00  0.0000000e+00  0.0000000e+00  1.0000000e+00]]
[-0228.70, +0002.80, -1128.20]
1997, 1796, 1211
[[-8.4381380e-02  9.9540744e-01  4.2265320e-02 -8.4370000e+01]
 [ 2.5627440e-02 -4.0112720e-02  9.9874284e-01  1.5444000e+02]
 [ 9.9597468e-01  8.5487160e-02 -2.1994100e-02 -1.1747800e+03]
 [ 0.0000000e+00  0.0000000e+00  0.0000000e+00  1.0000000e+00]]
[-0133.28, +0076.46, -1111.96]
1197, 930, 1801
[[-8.4606120e-02  9.9526352e-01  4.3335520e-02 -8.4340000e+01]
 [ 2.4980320e-02 -4.1163220e-02  9.9864098e-01  1.5429000e+02]
 [ 9.9589328e-01  8.5780820e-02 -2.1168340e-02 -1.1747500e+03]
 [ 0.0000000e+00  0.0000000e+00  0.0000000e+00  1.0000000e+00]]
[-0258.83, +0120.03, -1119.82]
877, 1551, 2106
[[-8.4384900e-02  9.9519444e-01  4.2246520e-02 -8.4360000e+01]
 [ 2.5229720e-02 -3.9927300e-02  9.9855636e-01  1.5432000e+02]
 [ 9.9577116e-01  8.5670120e-02 -2.1392160e-02 -1.1747500e+03]
 [ 0.0000000e+00  0.0000000e+00  0.0000000e+00  1.0000000e+00]]
[-0276.98, +0052.75, -1153.70]
766, 1041, 788
[[-8.3170980e-02  9.9528138e-01  4.4892000e-02 -8.4110000e+01]
 [ 2.4418620e-02 -4.2770980e-02  9.9855400e-01  1.5417000e+02]
 [ 9.9599400e-01  8.4388000e-02 -2.0500000e-02 -1.1747600e+03]
 [ 0.0000000e+00  0.0000000e+00  0.0000000e+00  1.0000000e+00]]
[-0198.47, +0041.71, -1065.99]
1949, 1592, 1265
[[-8.4801460e-02  9.9517556e-01  4.2459520e-02 -8.4380000e+01]
 [ 2.5446280e-02 -4.0137360e-02  9.9856696e-01  1.5440000e+02]
 [ 9.9575584e-01  8.6076080e-02 -2.1598660e-02 -1.1747800e+03]
 [ 0.0000000e+00  0.0000000e+00  0.0000000e+00  1.0000000e+00]]
[-0141.51, +0092.05, -1104.38]
1865, 804, 1097
[[-8.3785040e-02  9.9538092e-01  4.4005200e-02 -8.4260000e+01]
 [ 2.4492600e-02 -4.1966900e-02  9.9869340e-01  1.5423000e+02]
 [ 9.9605208e-01  8.4883560e-02 -2.0730500e-02 -1.1747500e+03]
 [ 0.0000000e+00  0.0000000e+00  0.0000000e+00  1.0000000e+00]]
[-0151.24, +0150.02, -1122.15]
859, 931, 977
[[-8.2956520e-02  9.9540382e-01  4.4603740e-02 -8.4160000e+01]
 [ 2.4700220e-02 -4.2548520e-02  9.9864446e-01  1.5418000e+02]
 [ 9.9609646e-01  8.4095740e-02 -2.0904040e-02 -1.1747400e+03]
 [ 0.0000000e+00  0.0000000e+00  0.0000000e+00  1.0000000e+00]]
[-0214.86, +0069.69, -1065.67]
1765, 1027, 1311
[[-8.4594960e-02  9.9528140e-01  4.2970200e-02 -8.4360000e+01]
 [ 2.5762200e-02 -4.0730580e-02  9.9863998e-01  1.5434000e+02]
 [ 9.9587540e-01  8.5792980e-02 -2.1985380e-02 -1.1747500e+03]
 [ 0.0000000e+00  0.0000000e+00  0.0000000e+00  1.0000000e+00]]
[-0169.96, +0134.11, -1101.52]
1929, 2108, 823
[[-8.3316480e-02  9.9549504e-01  4.1338720e-02 -8.4230000e+01]
 [ 2.7562240e-02 -3.9004020e-02  9.9869604e-01  1.5464000e+02]
 [ 9.9597168e-01  8.4516760e-02 -2.4016500e-02 -1.1747700e+03]
 [ 0.0000000e+00  0.0000000e+00  0.0000000e+00  1.0000000e+00]]
[-0119.85, +0041.70, -1140.39]
1224, 1421, 1696
[[-8.4381380e-02  9.9530766e-01  4.1743800e-02 -8.4380000e+01]
 [ 2.5107660e-02 -3.9519620e-02  9.9866340e-01  1.5440000e+02]
 [ 9.9586620e-01  8.5566600e-02 -2.1401000e-02 -1.1747600e+03]
 [ 0.0000000e+00  0.0000000e+00  0.0000000e+00  1.0000000e+00]]
[-0242.03, +0071.69, -1097.54]
1801, 1347, 2202
[[-8.5198180e-02  9.9540892e-01  4.0902400e-02 -8.4560000e+01]
 [ 2.6183080e-02 -3.8692180e-02  9.9879820e-01  1.5447000e+02]
 [ 9.9590480e-01  8.6281400e-02 -2.2650000e-02 -1.1747500e+03]
 [ 0.0000000e+00  0.0000000e+00  0.0000000e+00  1.0000000e+00]]
[-0236.90, +0123.52, -1128.39]
1002, 986, 1418
[[-8.3356800e-02  9.9542136e-01  4.3010320e-02 -8.4250000e+01]
 [ 2.4641680e-02 -4.0928400e-02  9.9869556e-01  1.5427000e+02]
 [ 9.9604536e-01  8.4476920e-02 -2.0945040e-02 -1.1747700e+03]
 [ 0.0000000e+00  0.0000000e+00  0.0000000e+00  1.0000000e+00]]
[-0245.14, +0091.63, -1087.01]
1066, 1885, 928
[[-8.3345640e-02  9.9533768e-01  4.2331320e-02 -8.4260000e+01]
 [ 2.5112520e-02 -4.0100520e-02  9.9860872e-01  1.5436000e+02]
 [ 9.9592088e-01  8.4574920e-02 -2.1366120e-02 -1.1747700e+03]
 [ 0.0000000e+00  0.0000000e+00  0.0000000e+00  1.0000000e+00]]
[-0167.57, -0000.48, -1117.48]
1843, 1955, 1532
[[-8.4781540e-02  9.9542452e-01  4.1105800e-02 -8.4420000e+01]
 [ 2.6383400e-02 -3.8877600e-02  9.9877460e-01  1.5450000e+02]
 [ 9.9592348e-01  8.5888360e-02 -2.2838500e-02 -1.1747700e+03]
 [ 0.0000000e+00  0.0000000e+00  0.0000000e+00  1.0000000e+00]]
[-0166.83, +0060.51, -1099.92]
1610, 1486, 1460
[[-8.4182080e-02  9.9540424e-01  4.2220480e-02 -8.4340000e+01]
 [ 2.4624560e-02 -4.0137360e-02  9.9874604e-01  1.5436000e+02]
 [ 9.9599488e-01  8.5266760e-02 -2.0979280e-02 -1.1747800e+03]
 [ 0.0000000e+00  0.0000000e+00  0.0000000e+00  1.0000000e+00]]
[-0189.38, +0084.05, -1086.21]
1393, 752, 2085
[[-8.3964900e-02  9.9521968e-01  4.1842360e-02 -8.4440000e+01]
 [ 2.5204480e-02 -3.9507300e-02  9.9854756e-01  1.5431000e+02]
 [ 9.9577996e-01  8.5265960e-02 -2.1392160e-02 -1.1747300e+03]
 [ 0.0000000e+00  0.0000000e+00  0.0000000e+00  1.0000000e+00]]
[-0254.82, +0142.26, -1158.17]
790, 2184, 894
[[-8.3552020e-02  9.9533338e-01  4.2133920e-02 -8.4170000e+01]
 [ 2.5108220e-02 -3.9902740e-02  9.9862128e-01  1.5444000e+02]
 [ 9.9590832e-01  8.4772320e-02 -2.1374720e-02 -1.1747800e+03]
 [ 0.0000000e+00  0.0000000e+00  0.0000000e+00  1.0000000e+00]]
[-0177.36, -0018.61, -1160.51]
2234, 1785, 1458
[[-8.5396240e-02  9.9531308e-01  4.1068600e-02 -8.4480000e+01]
 [ 2.7690200e-02 -3.8655700e-02  9.9869030e-01  1.5453000e+02]
 [ 9.9577508e-01  8.6607940e-02 -2.4070500e-02 -1.1747300e+03]
 [ 0.0000000e+00  0.0000000e+00  0.0000000e+00  1.0000000e+00]]
[-0144.09, +0096.71, -1114.78]
1451, 1214, 1701
[[-8.4168000e-02  9.9532160e-01  4.1975200e-02 -8.4400000e+01]
 [ 2.5911040e-02 -3.9692800e-02  9.9864128e-01  1.5436000e+02]
 [ 9.9586928e-01  8.5385600e-02 -2.2200640e-02 -1.1747200e+03]
 [ 0.0000000e+00  0.0000000e+00  0.0000000e+00  1.0000000e+00]]
[-0229.71, +0107.01, -1097.17]
914, 1052, 2231
[[-8.4384900e-02  9.9540804e-01  4.1623520e-02 -8.4410000e+01]
 [ 2.4603160e-02 -3.9532020e-02  9.9876684e-01  1.5431000e+02]
 [ 9.9597408e-01  8.5459640e-02 -2.0996880e-02 -1.1747400e+03]
 [ 0.0000000e+00  0.0000000e+00  0.0000000e+00  1.0000000e+00]]
[-0282.63, +0093.71, -1167.22]
2030, 1277, 828
[[-8.4174880e-02  9.9530680e-01  4.2565920e-02 -8.4340000e+01]
 [ 2.5736800e-02 -4.0310500e-02  9.9863130e-01  1.5440000e+02]
 [ 9.9588408e-01  8.5388700e-02 -2.1985380e-02 -1.1747800e+03]
 [ 0.0000000e+00  0.0000000e+00  0.0000000e+00  1.0000000e+00]]
[-0110.84, +0108.15, -1132.54]
1109, 1523, 793
[[-8.3563060e-02  9.9541524e-01  4.3021040e-02 -8.4220000e+01]
 [ 2.4845640e-02 -4.0928400e-02  9.9870168e-01  1.5429000e+02]
 [ 9.9603464e-01  8.4680880e-02 -2.1151300e-02 -1.1747500e+03]
 [ 0.0000000e+00  0.0000000e+00  0.0000000e+00  1.0000000e+00]]
[-0157.16, +0024.90, -1090.92]
1282, 1885, 2070
[[-8.4991400e-02  9.9531168e-01  4.0786440e-02 -8.4490000e+01]
 [ 2.5875960e-02 -3.8494600e-02  9.9869968e-01  1.5447000e+02]
 [ 9.9581088e-01  8.6170040e-02 -2.2245640e-02 -1.1747500e+03]
 [ 0.0000000e+00  0.0000000e+00  0.0000000e+00  1.0000000e+00]]
[-0251.66, +0047.38, -1126.59]
1063, 781, 1746
[[-8.3773160e-02  9.9530136e-01  4.2909840e-02 -8.4300000e+01]
 [ 2.4546960e-02 -4.0742900e-02  9.9862002e-01  1.5425000e+02]
 [ 9.9592344e-01  8.4968820e-02 -2.0755700e-02 -1.1747600e+03]
 [ 0.0000000e+00  0.0000000e+00  0.0000000e+00  1.0000000e+00]]
[-0264.10, +0122.29, -1122.65]
1055, 1999, 796
[[-8.3972020e-02  9.9541320e-01  4.2434880e-02 -8.4230000e+01]
 [ 2.5028400e-02 -4.0322740e-02  9.9872880e-01  1.5436000e+02]
 [ 9.9600288e-01  8.5077600e-02 -2.1374720e-02 -1.1747800e+03]
 [ 0.0000000e+00  0.0000000e+00  0.0000000e+00  1.0000000e+00]]
[-0155.80, -0007.52, -1136.59]
794, 1648, 1522
[[-8.2723060e-02  9.9546548e-01  4.2212800e-02 -8.4230000e+01]
 [ 2.4795400e-02 -4.0088400e-02  9.9868480e-01  1.5430000e+02]
 [ 9.9605152e-01  8.3872640e-02 -2.1151300e-02 -1.1747100e+03]
 [ 0.0000000e+00  0.0000000e+00  0.0000000e+00  1.0000000e+00]]
[-0248.77, +0018.05, -1121.36]
1101, 2047, 1087
[[-8.4171400e-02  9.9521354e-01  4.1853220e-02 -8.4280000e+01]
 [ 2.5408300e-02 -3.9507300e-02  9.9855370e-01  1.5440000e+02]
 [ 9.9576910e-01  8.5469780e-02 -2.1598660e-02 -1.1747800e+03]
 [ 0.0000000e+00  0.0000000e+00  0.0000000e+00  1.0000000e+00]]
[-0176.70, -0004.35, -1127.93]
1600, 2033, 1531
[[-8.4784660e-02  9.9541962e-01  4.1088700e-02 -8.4440000e+01]
 [ 2.5983900e-02 -3.8889800e-02  9.9877950e-01  1.5446000e+02]
 [ 9.9592838e-01  8.5880340e-02 -2.2434100e-02 -1.1747800e+03]
 [ 0.0000000e+00  0.0000000e+00  0.0000000e+00  1.0000000e+00]]
[-0182.05, +0037.97, -1102.44]
2126, 1733, 2058
[[-8.6646760e-02  9.9516026e-01  4.0562300e-02 -8.4630000e+01]
 [ 2.7193700e-02 -3.8099560e-02  9.9866326e-01  1.5457000e+02]
 [ 9.9561526e-01  8.7885500e-02 -2.3505960e-02 -1.1747500e+03]
 [ 0.0000000e+00  0.0000000e+00  0.0000000e+00  1.0000000e+00]]
[-0200.37, +0111.71, -1111.33]
1129, 1948, 2076
[[-8.4997800e-02  9.9540714e-01  4.0648780e-02 -8.4490000e+01]
 [ 2.4972020e-02 -3.8519400e-02  9.9880794e-01  1.5448000e+02]
 [ 9.9592374e-01  8.6055380e-02 -2.1437160e-02 -1.1748000e+03]
 [ 0.0000000e+00  0.0000000e+00  0.0000000e+00  1.0000000e+00]]
[-0255.02, +0035.65, -1138.29]
1021, 1160, 958
[[-8.3566900e-02  9.9530366e-01  4.3315480e-02 -8.4270000e+01]
 [ 2.4759380e-02 -4.1138500e-02  9.9860084e-01  1.5427000e+02]
 [ 9.9593804e-01  8.4777880e-02 -2.0945040e-02 -1.1748000e+03]
 [ 0.0000000e+00  0.0000000e+00  0.0000000e+00  1.0000000e+00]]
[-0190.67, +0056.84, -1069.56]
1097, 902, 1659
[[-8.4388500e-02  9.9529300e-01  4.2334500e-02 -8.4400000e+01]
 [ 2.4933480e-02 -4.0137360e-02  9.9865340e-01  1.5433000e+02]
 [ 9.9588086e-01  8.5569480e-02 -2.1185700e-02 -1.1747800e+03]
 [ 0.0000000e+00  0.0000000e+00  0.0000000e+00  1.0000000e+00]]
[-0258.59, +0113.00, -1109.27]
1185, 1167, 1662
[[-8.4805060e-02  9.9527592e-01  4.2339140e-02 -8.4400000e+01]
 [ 2.4941760e-02 -4.0149800e-02  9.9867048e-01  1.5435000e+02]
 [ 9.9586378e-01  8.5968960e-02 -2.1194500e-02 -1.1748100e+03]
 [ 0.0000000e+00  0.0000000e+00  0.0000000e+00  1.0000000e+00]]
[-0247.73, +0091.30, -1098.02]
2050, 1088, 1458
[[-8.3954820e-02  9.9533744e-01  4.1998220e-02 -8.4460000e+01]
 [ 2.6506160e-02 -3.9668640e-02  9.9862544e-01  1.5441000e+02]
 [ 9.9587042e-01  8.5198160e-02 -2.2802820e-02 -1.1747800e+03]
 [ 0.0000000e+00  0.0000000e+00  0.0000000e+00  1.0000000e+00]]
[-0162.73, +0144.29, -1122.09]
1052, 1295, 789
[[-8.4189600e-02  9.9528056e-01  4.3330880e-02 -8.4220000e+01]
 [ 2.4971840e-02 -4.1150820e-02  9.9862394e-01  1.5427000e+02]
 [ 9.9591032e-01  8.5381340e-02 -2.1159780e-02 -1.1748100e+03]
 [ 0.0000000e+00  0.0000000e+00  0.0000000e+00  1.0000000e+00]]
[-0165.52, +0039.97, -1076.69]
1422, 1858, 1807
[[-8.4581200e-02  9.9541932e-01  4.1268960e-02 -8.4460000e+01]
 [ 2.5588920e-02 -3.9099700e-02  9.9877176e-01  1.5446000e+02]
 [ 9.9594576e-01  8.5674960e-02 -2.2020740e-02 -1.1748000e+03]
 [ 0.0000000e+00  0.0000000e+00  0.0000000e+00  1.0000000e+00]]
[-0224.59, +0049.22, -1103.65]
2076, 1602, 1526
[[-8.4571720e-02  9.9522422e-01  4.1526900e-02 -8.4470000e+01]
 [ 2.6997220e-02 -3.9063220e-02  9.9855930e-01  1.5447000e+02]
 [ 9.9572430e-01  8.5896900e-02 -2.3233940e-02 -1.1747300e+03]
 [ 0.0000000e+00  0.0000000e+00  0.0000000e+00  1.0000000e+00]]
[-0156.60, +0107.57, -1106.12]
855, 1115, 997
[[-8.4403700e-02  9.9526320e-01  4.3515900e-02 -8.4230000e+01]
 [ 2.4585120e-02 -4.1373440e-02  9.9863280e-01  1.5425000e+02]
 [ 9.9591066e-01  8.5574880e-02 -2.0755700e-02 -1.1748000e+03]
 [ 0.0000000e+00  0.0000000e+00  0.0000000e+00  1.0000000e+00]]
[-0212.09, +0049.38, -1070.78]
1009, 1246, 1304
[[-8.3765640e-02  9.9531432e-01  4.2527280e-02 -8.4300000e+01]
 [ 2.4929520e-02 -4.0322740e-02  9.9862378e-01  1.5431000e+02]
 [ 9.9591048e-01  8.4972580e-02 -2.1168340e-02 -1.1747000e+03]
 [ 0.0000000e+00  0.0000000e+00  0.0000000e+00  1.0000000e+00]]
[-0227.38, +0058.33, -1080.88]
1120, 1853, 2031
[[-8.5405000e-02  9.9530696e-01  3.9766720e-02 -8.4590000e+01]
 [ 2.5241600e-02 -3.7507300e-02  9.9874370e-01  1.5462000e+02]
 [ 9.9578120e-01  8.6545780e-02 -2.1671940e-02 -1.1747500e+03]
 [ 0.0000000e+00  0.0000000e+00  0.0000000e+00  1.0000000e+00]]
[-0257.40, +0039.25, -1134.78]
1692, 2226, 1658
[[-8.4976800e-02  9.9545124e-01  3.9310520e-02 -8.4530000e+01]
 [ 2.6310280e-02 -3.7050660e-02  9.9881844e-01  1.5471000e+02]
 [ 9.9587964e-01  8.6065880e-02 -2.2884900e-02 -1.1747400e+03]
 [ 0.0000000e+00  0.0000000e+00  0.0000000e+00  1.0000000e+00]]
[-0180.92, +0032.25, -1111.71]
1063, 1919, 2124
[[-8.3754960e-02  9.9534064e-01  4.1120640e-02 -8.4440000e+01]
 [ 2.4670560e-02 -3.8902080e-02  9.9865472e-01  1.5432000e+02]
 [ 9.9588416e-01  8.4952320e-02 -2.0996880e-02 -1.1747600e+03]
 [ 0.0000000e+00  0.0000000e+00  0.0000000e+00  1.0000000e+00]]
[-0260.22, +0038.39, -1144.83]
1425, 1291, 883
[[-8.3991220e-02  9.9538080e-01  4.3391280e-02 -8.4200000e+01]
 [ 2.4072000e-02 -4.1373440e-02  9.9871920e-01  1.5420000e+02]
 [ 9.9603528e-01  8.5068000e-02 -2.0343220e-02 -1.1747600e+03]
 [ 0.0000000e+00  0.0000000e+00  0.0000000e+00  1.0000000e+00]]
[-0145.15, +0074.75, -1084.54]
1633, 1551, 875
[[-8.3353000e-02  9.9532284e-01  4.2922120e-02 -8.4280000e+01]
 [ 2.4938040e-02 -4.0718340e-02  9.9859854e-01  1.5431000e+02]
 [ 9.9593572e-01  8.4577740e-02 -2.1151300e-02 -1.1747300e+03]
 [ 0.0000000e+00  0.0000000e+00  0.0000000e+00  1.0000000e+00]]
[-0126.43, +0063.67, -1103.95]
1833, 2035, 1357
[[-8.4371300e-02  9.9532368e-01  4.1586660e-02 -8.4360000e+01]
 [ 2.6097840e-02 -3.9285160e-02  9.9865552e-01  1.5438000e+02]
 [ 9.9585018e-01  8.5584560e-02 -2.2416100e-02 -1.1747600e+03]
 [ 0.0000000e+00  0.0000000e+00  0.0000000e+00  1.0000000e+00]]
[-0151.12, +0047.71, -1108.43]
1401, 1994, 996
[[-8.4185800e-02  9.9529088e-01  4.2723160e-02 -8.4230000e+01]
 [ 2.4746600e-02 -4.0545160e-02  9.9863888e-01  1.5426000e+02]
 [ 9.9590000e-01  8.5370200e-02 -2.0970600e-02 -1.1747600e+03]
 [ 0.0000000e+00  0.0000000e+00  0.0000000e+00  1.0000000e+00]]
[-0150.61, +0017.26, -1117.41]
1135, 1880, 887
[[-8.3987220e-02  9.9528416e-01  4.3094900e-02 -8.4200000e+01]
 [ 2.4160160e-02 -4.0965480e-02  9.9862880e-01  1.5423000e+02]
 [ 9.9592370e-01  8.5162400e-02 -2.0351700e-02 -1.1747700e+03]
 [ 0.0000000e+00  0.0000000e+00  0.0000000e+00  1.0000000e+00]]
[-0160.96, +0006.26, -1114.95]
1275, 1761, 1884
[[-8.4381380e-02  9.9530592e-01  4.1952060e-02 -8.4380000e+01]
 [ 2.5315920e-02 -3.9717280e-02  9.9865696e-01  1.5431000e+02]
 [ 9.9586794e-01  8.5573040e-02 -2.1598660e-02 -1.1747200e+03]
 [ 0.0000000e+00  0.0000000e+00  0.0000000e+00  1.0000000e+00]]
[-0244.18, +0051.91, -1112.07]
1007, 1545, 2242
[[-8.4171400e-02  9.9532024e-01  4.1541720e-02 -8.4410000e+01]
 [ 2.5095080e-02 -3.9309640e-02  9.9865896e-01  1.5427000e+02]
 [ 9.9587064e-01  8.5364520e-02 -2.1401000e-02 -1.1747100e+03]
 [ 0.0000000e+00  0.0000000e+00  0.0000000e+00  1.0000000e+00]]
[-0275.08, +0064.23, -1153.09]
1827, 1070, 1839
[[-8.5015200e-02  9.9526320e-01  4.2541200e-02 -8.4360000e+01]
 [ 2.4954480e-02 -4.0359940e-02  9.9867490e-01  1.5426000e+02]
 [ 9.9585936e-01  8.6171020e-02 -2.1194500e-02 -1.1747700e+03]
 [ 0.0000000e+00  0.0000000e+00  0.0000000e+00  1.0000000e+00]]
[-0208.89, +0143.87, -1121.07]
1219, 1533, 2110
[[-8.4591400e-02  9.9540182e-01  4.1634340e-02 -8.4380000e+01]
 [ 2.4806980e-02 -3.9532020e-02  9.9877306e-01  1.5429000e+02]
 [ 9.9596326e-01  8.5663460e-02 -2.1203380e-02 -1.1747000e+03]
 [ 0.0000000e+00  0.0000000e+00  0.0000000e+00  1.0000000e+00]]
[-0266.37, +0073.14, -1130.57]
2132, 1371, 2026
[[-8.5195140e-02  9.9540936e-01  4.1544600e-02 -8.4500000e+01]
 [ 2.7207600e-02 -3.9273040e-02  9.9877364e-01  1.5439000e+02]
 [ 9.9590436e-01  8.6309000e-02 -2.3647540e-02 -1.1746600e+03]
 [ 0.0000000e+00  0.0000000e+00  0.0000000e+00  1.0000000e+00]]
[-0200.19, +0133.89, -1122.31]
889, 906, 1406
[[-8.3372800e-02  9.9529024e-01  4.3878720e-02 -8.4150000e+01]
 [ 2.3981440e-02 -4.1769040e-02  9.9858864e-01  1.5410000e+02]
 [ 9.9596832e-01  8.4567840e-02 -2.0120400e-02 -1.1747400e+03]
 [ 0.0000000e+00  0.0000000e+00  0.0000000e+00  1.0000000e+00]]
[-0255.39, +0091.17, -1091.04]
1778, 1305, 2152
[[-8.4997800e-02  9.9529560e-01  4.1585400e-02 -8.4460000e+01]
 [ 2.5910280e-02 -3.9309640e-02  9.9868360e-01  1.5433000e+02]
 [ 9.9582696e-01  8.6179720e-02 -2.2227400e-02 -1.1747100e+03]
 [ 0.0000000e+00  0.0000000e+00  0.0000000e+00  1.0000000e+00]]
[-0236.01, +0126.01, -1127.61]
1382, 1364, 1502
[[-8.3769360e-02  9.9530596e-01  4.2926760e-02 -8.4270000e+01]
 [ 2.4946440e-02 -4.0730580e-02  9.9861542e-01  1.5422000e+02]
 [ 9.9591884e-01  8.4977220e-02 -2.1159780e-02 -1.1747600e+03]
 [ 0.0000000e+00  0.0000000e+00  0.0000000e+00  1.0000000e+00]]
[-0212.11, +0082.25, -1084.26]
2095, 1283, 1335
[[-8.5414480e-02  9.9527184e-01  4.2423680e-02 -8.4400000e+01]
 [ 2.6751840e-02 -4.0112720e-02  9.9867456e-01  1.5431000e+02]
 [ 9.9581632e-01  8.6605440e-02 -2.3027200e-02 -1.1747500e+03]
 [ 0.0000000e+00  0.0000000e+00  0.0000000e+00  1.0000000e+00]]
[-0146.36, +0127.22, -1116.53]
1287, 902, 1020
[[-8.3995300e-02  9.9526712e-01  4.3893860e-02 -8.4210000e+01]
 [ 2.4194080e-02 -4.1781480e-02  9.9861176e-01  1.5414000e+02]
 [ 9.9594074e-01  8.5171360e-02 -2.0334820e-02 -1.1747600e+03]
 [ 0.0000000e+00  0.0000000e+00  0.0000000e+00  1.0000000e+00]]
[-0179.69, +0111.56, -1075.20]
1948, 1121, 1202
[[-8.3559300e-02  9.9531860e-01  4.2724700e-02 -8.4320000e+01]
 [ 2.4933800e-02 -4.0520520e-02  9.9861116e-01  1.5425000e+02]
 [ 9.9592310e-01  8.4775160e-02 -2.1159780e-02 -1.1747500e+03]
 [ 0.0000000e+00  0.0000000e+00  0.0000000e+00  1.0000000e+00]]
[-0145.85, +0130.83, -1112.84]
1988, 1613, 1561
[[-8.4581200e-02  9.9531108e-01  4.1788840e-02 -8.4390000e+01]
 [ 2.6110440e-02 -3.9495060e-02  9.9865998e-01  1.5433000e+02]
 [ 9.9584572e-01  8.5786740e-02 -2.2416100e-02 -1.1747400e+03]
 [ 0.0000000e+00  0.0000000e+00  0.0000000e+00  1.0000000e+00]]
[-0165.91, +0101.69, -1100.45]
1491, 1823, 1847
[[-8.3964900e-02  9.9532466e-01  4.1739120e-02 -8.4380000e+01]
 [ 2.5099500e-02 -3.9507300e-02  9.9864640e-01  1.5430000e+02]
 [ 9.9588320e-01  8.5167120e-02 -2.1392160e-02 -1.1747500e+03]
 [ 0.0000000e+00  0.0000000e+00  0.0000000e+00  1.0000000e+00]]
[-0227.08, +0055.56, -1103.25]
1900, 1366, 1865
[[-8.4584520e-02  9.9530456e-01  4.1980040e-02 -8.4420000e+01]
 [ 2.5919240e-02 -3.9705000e-02  9.9865832e-01  1.5431000e+02]
 [ 9.9585224e-01  8.5785080e-02 -2.2209480e-02 -1.1747500e+03]
 [ 0.0000000e+00  0.0000000e+00  0.0000000e+00  1.0000000e+00]]
[-0203.01, +0125.83, -1108.53]
1066, 830, 938
[[-8.358306e-02  9.952754e-01  4.428886e-02 -8.416000e+01]
 [ 2.420236e-02 -4.217716e-02  9.985862e-01  1.540800e+02]
 [ 9.959663e-01  8.477636e-02 -2.031826e-02 -1.174770e+03]
 [ 0.000000e+00  0.000000e+00  0.000000e+00  1.000000e+00]]
[-0192.55, +0099.63, -1066.29]
995, 1823, 819
[[-8.3368680e-02  9.9540390e-01  4.3376180e-02 -8.4150000e+01]
 [ 2.3859500e-02 -4.1361000e-02  9.9869610e-01  1.5419000e+02]
 [ 9.9606282e-01  8.4464500e-02 -2.0128680e-02 -1.1747900e+03]
 [ 0.0000000e+00  0.0000000e+00  0.0000000e+00  1.0000000e+00]]
[-0163.68, -0003.77, -1118.76]
1217, 1696, 2164
[[-8.5214580e-02  9.9527516e-01  4.1544820e-02 -8.4440000e+01]
 [ 2.4915640e-02 -3.9346960e-02  9.9870404e-01  1.5431000e+02]
 [ 9.9583022e-01  8.6359160e-02 -2.1221380e-02 -1.1747700e+03]
 [ 0.0000000e+00  0.0000000e+00  0.0000000e+00  1.0000000e+00]]
[-0263.91, +0062.26, -1134.38]
1267, 1357, 917
[[-8.357482e-02  9.952926e-01  4.348990e-02 -8.419000e+01]
 [ 2.416860e-02 -4.136100e-02  9.986034e-01  1.541800e+02]
 [ 9.959491e-01  8.476740e-02 -2.033482e-02 -1.174780e+03]
 [ 0.000000e+00  0.000000e+00  0.000000e+00  1.000000e+00]]
[-0160.76, +0055.35, -1079.47]
1187, 1729, 1369
[[-8.4185800e-02  9.9529276e-01  4.2514920e-02 -8.4280000e+01]
 [ 2.4538360e-02 -4.0347460e-02  9.9864534e-01  1.5425000e+02]
 [ 9.9589812e-01  8.5363740e-02 -2.0772900e-02 -1.1747400e+03]
 [ 0.0000000e+00  0.0000000e+00  0.0000000e+00  1.0000000e+00]]
[-0205.14, +0029.29, -1094.84]
1007, 2032, 1160
[[-8.3975700e-02  9.9540672e-01  4.2626160e-02 -8.4200000e+01]
 [ 2.4837120e-02 -4.0532800e-02  9.9872696e-01  1.5426000e+02]
 [ 9.9600936e-01  8.5075760e-02 -2.1168340e-02 -1.1747700e+03]
 [ 0.0000000e+00  0.0000000e+00  0.0000000e+00  1.0000000e+00]]
[-0188.98, -0007.35, -1129.44]
857, 1805, 1648
[[-8.3559300e-02  9.9552864e-01  4.2518380e-02 -8.4260000e+01]
 [ 2.4723760e-02 -4.0520520e-02  9.9880896e-01  1.5422000e+02]
 [ 9.9612942e-01  8.4577360e-02 -2.1159780e-02 -1.1747400e+03]
 [ 0.0000000e+00  0.0000000e+00  0.0000000e+00  1.0000000e+00]]
[-0248.15, +0016.29, -1130.83]
1758, 1115, 1076
[[-8.4403700e-02  9.9526716e-01  4.3099380e-02 -8.4260000e+01]
 [ 2.4168600e-02 -4.0978000e-02  9.9864580e-01  1.5421000e+02]
 [ 9.9590670e-01  8.5561880e-02 -2.0360260e-02 -1.1747800e+03]
 [ 0.0000000e+00  0.0000000e+00  0.0000000e+00  1.0000000e+00]]
[-0146.05, +0119.41, -1099.65]
2129, 1101, 1143
[[-8.5221700e-02  9.9525694e-01  4.2552120e-02 -8.4370000e+01]
 [ 2.5158380e-02 -4.0359940e-02  9.9868116e-01  1.5430000e+02]
 [ 9.9584844e-01  8.6374920e-02 -2.1401000e-02 -1.1747700e+03]
 [ 0.0000000e+00  0.0000000e+00  0.0000000e+00  1.0000000e+00]]
[-0134.58, +0134.66, -1130.13]
1983, 862, 1707
[[-8.4185800e-02  9.9529088e-01  4.2723160e-02 -8.4370000e+01]
 [ 2.4746600e-02 -4.0545160e-02  9.9863888e-01  1.5420000e+02]
 [ 9.9590000e-01  8.5370200e-02 -2.0970600e-02 -1.1747400e+03]
 [ 0.0000000e+00  0.0000000e+00  0.0000000e+00  1.0000000e+00]]
[-0194.41, +0158.14, -1138.68]
1882, 1775, 1156
[[-8.4594960e-02  9.9539004e-01  4.2450400e-02 -8.4280000e+01]
 [ 2.5240600e-02 -4.0335060e-02  9.9875196e-01  1.5427000e+02]
 [ 9.9597504e-01  8.5681000e-02 -2.1589860e-02 -1.1747600e+03]
 [ 0.0000000e+00  0.0000000e+00  0.0000000e+00  1.0000000e+00]]
[-0138.78, +0064.29, -1106.96]
2014, 850, 909
[[-8.4606120e-02  9.9505332e-01  4.3541880e-02 -8.4270000e+01]
 [ 2.5190520e-02 -4.1163220e-02  9.9844322e-01  1.5419000e+02]
 [ 9.9568692e-01  8.5978580e-02 -2.1168340e-02 -1.1747500e+03]
 [ 0.0000000e+00  0.0000000e+00  0.0000000e+00  1.0000000e+00]]
[-0128.36, +0142.68, -1138.18]
1118, 842, 1031
[[-8.4197440e-02  9.9526744e-01  4.3713360e-02 -8.4210000e+01]
 [ 2.4589360e-02 -4.1571220e-02  9.9862002e-01  1.5412000e+02]
 [ 9.9592344e-01  8.5377420e-02 -2.0747220e-02 -1.1747400e+03]
 [ 0.0000000e+00  0.0000000e+00  0.0000000e+00  1.0000000e+00]]
[-0199.78, +0106.05, -1070.14]
1814, 1794, 1878
[[-8.4994560e-02  9.9530208e-01  4.1394240e-02 -8.4440000e+01]
 [ 2.6101440e-02 -3.9099700e-02  9.9868522e-01  1.5436000e+02]
 [ 9.9582048e-01  8.6181340e-02 -2.2434100e-02 -1.1747500e+03]
 [ 0.0000000e+00  0.0000000e+00  0.0000000e+00  1.0000000e+00]]
[-0205.16, +0082.51, -1099.05]
1345, 1713, 1584
[[-8.4598600e-02  9.9528032e-01  4.2536560e-02 -8.4280000e+01]
 [ 2.4946160e-02 -4.0347460e-02  9.9865778e-01  1.5425000e+02]
 [ 9.9587648e-01  8.5771540e-02 -2.1185700e-02 -1.1747600e+03]
 [ 0.0000000e+00  0.0000000e+00  0.0000000e+00  1.0000000e+00]]
[-0213.08, +0049.16, -1093.06]
1878, 1660, 795
[[-8.3975700e-02  9.9540300e-01  4.3042600e-02 -8.4250000e+01]
 [ 2.5253560e-02 -4.0928400e-02  9.9871392e-01  1.5425000e+02]
 [ 9.9601308e-01  8.5088800e-02 -2.1563940e-02 -1.1747700e+03]
 [ 0.0000000e+00  0.0000000e+00  0.0000000e+00  1.0000000e+00]]
[-0110.86, +0068.27, -1126.94]
872, 1276, 994
[[-8.4205600e-02  9.9536156e-01  4.3784520e-02 -8.4150000e+01]
 [ 2.3893480e-02 -4.1794000e-02  9.9872136e-01  1.5413000e+02]
 [ 9.9603756e-01  8.5267920e-02 -2.0137040e-02 -1.1748000e+03]
 [ 0.0000000e+00  0.0000000e+00  0.0000000e+00  1.0000000e+00]]
[-0208.33, +0033.92, -1077.39]
1158, 1628, 2068
[[-8.5218100e-02  9.9526878e-01  4.1735960e-02 -8.4410000e+01]
 [ 2.4724500e-02 -3.9557060e-02  9.9870228e-01  1.5430000e+02]
 [ 9.9583660e-01  8.6357400e-02 -2.1014800e-02 -1.1747900e+03]
 [ 0.0000000e+00  0.0000000e+00  0.0000000e+00  1.0000000e+00]]
[-0265.23, +0061.08, -1130.81]
943, 1429, 1013
[[-8.3162580e-02  9.9540598e-01  4.3781860e-02 -8.4160000e+01]
 [ 2.4071780e-02 -4.1756680e-02  9.9867694e-01  1.5415000e+02]
 [ 9.9607754e-01  8.4273460e-02 -2.0318260e-02 -1.1748000e+03]
 [ 0.0000000e+00  0.0000000e+00  0.0000000e+00  1.0000000e+00]]
[-0196.69, +0025.93, -1083.27]
2020, 2182, 1963
[[-8.4775540e-02  9.9533406e-01  4.0618520e-02 -8.4490000e+01]
 [ 2.6662380e-02 -3.8260340e-02  9.9868524e-01  1.5446000e+02]
 [ 9.9580564e-01  8.5983720e-02 -2.3054440e-02 -1.1747400e+03]
 [ 0.0000000e+00  0.0000000e+00  0.0000000e+00  1.0000000e+00]]
[-0190.95, +0063.75, -1107.39]
1086, 1196, 977
[[-8.4205600e-02  9.9525640e-01  4.3887600e-02 -8.4190000e+01]
 [ 2.3998640e-02 -4.1794000e-02  9.9862248e-01  1.5415000e+02]
 [ 9.9593448e-01  8.5366800e-02 -2.0137040e-02 -1.1747900e+03]
 [ 0.0000000e+00  0.0000000e+00  0.0000000e+00  1.0000000e+00]]
[-0186.76, +0058.99, -1070.87]
2078, 1991, 2151
[[-8.581300e-02  9.951937e-01  4.076050e-02 -8.455000e+01]
 [ 2.738630e-02 -3.827250e-02  9.986219e-01  1.544700e+02]
 [ 9.956515e-01  8.709310e-02 -2.368450e-02 -1.174720e+03]
 [ 0.000000e+00  0.000000e+00  0.000000e+00  1.000000e+00]]
[-0205.89, +0087.59, -1109.36]
1734, 1831, 1875
[[-8.4384900e-02  9.9529946e-01  4.2143280e-02 -8.4330000e+01]
 [ 2.5124700e-02 -3.9927300e-02  9.9865520e-01  1.5429000e+02]
 [ 9.9587440e-01  8.5571280e-02 -2.1392160e-02 -1.1747700e+03]
 [ 0.0000000e+00  0.0000000e+00  0.0000000e+00  1.0000000e+00]]
[-0211.12, +0071.58, -1099.31]
1899, 1826, 2104
[[-8.4994560e-02  9.9530208e-01  4.1394240e-02 -8.4460000e+01]
 [ 2.6101440e-02 -3.9099700e-02  9.9868522e-01  1.5435000e+02]
 [ 9.9582048e-01  8.6181340e-02 -2.2434100e-02 -1.1747500e+03]
 [ 0.0000000e+00  0.0000000e+00  0.0000000e+00  1.0000000e+00]]
[-0220.14, +0091.58, -1108.79]
935, 1103, 1503
[[-8.3991220e-02  9.9527366e-01  4.3702600e-02 -8.4190000e+01]
 [ 2.4385340e-02 -4.1571220e-02  9.9861380e-01  1.5413000e+02]
 [ 9.9593420e-01  8.5173400e-02 -2.0541000e-02 -1.1747900e+03]
 [ 0.0000000e+00  0.0000000e+00  0.0000000e+00  1.0000000e+00]]
[-0254.22, +0074.48, -1093.98]
1509, 1664, 1199
[[-8.5015200e-02  9.9515628e-01  4.2852760e-02 -8.4280000e+01]
 [ 2.5267880e-02 -4.0557600e-02  9.9856956e-01  1.5427000e+02]
 [ 9.9575796e-01  8.6276360e-02 -2.1392160e-02 -1.1747700e+03]
 [ 0.0000000e+00  0.0000000e+00  0.0000000e+00  1.0000000e+00]]
[-0163.91, +0055.66, -1089.31]
1293, 1271, 1737
[[-8.4392180e-02  9.9528468e-01  4.2733980e-02 -8.4330000e+01]
 [ 2.4950520e-02 -4.0545160e-02  9.9864508e-01  1.5423000e+02]
 [ 9.9588918e-01  8.5574120e-02 -2.1176980e-02 -1.1747500e+03]
 [ 0.0000000e+00  0.0000000e+00  0.0000000e+00  1.0000000e+00]]
[-0243.47, +0092.28, -1099.45]
1627, 1502, 1319
[[-8.3765640e-02  9.9531248e-01  4.2735480e-02 -8.4290000e+01]
 [ 2.5137720e-02 -4.0520520e-02  9.9861728e-01  1.5427000e+02]
 [ 9.9591232e-01  8.4979080e-02 -2.1366120e-02 -1.1747400e+03]
 [ 0.0000000e+00  0.0000000e+00  0.0000000e+00  1.0000000e+00]]
[-0169.77, +0082.16, -1087.01]
2169, 1889, 1658
[[-8.5614900e-02  9.9528520e-01  4.1219100e-02 -8.4470000e+01]
 [ 2.6504400e-02 -3.8902080e-02  9.9871016e-01  1.5442000e+02]
 [ 9.9578570e-01  8.6786160e-02 -2.2856820e-02 -1.1747400e+03]
 [ 0.0000000e+00  0.0000000e+00  0.0000000e+00  1.0000000e+00]]
[-0161.08, +0087.91, -1106.66]
1678, 2201, 2028
[[-8.4794500e-02  9.9530210e-01  4.0932400e-02 -8.4420000e+01]
 [ 2.4682100e-02 -3.8729380e-02  9.9870128e-01  1.5438000e+02]
 [ 9.9583760e-01  8.5948720e-02 -2.1023880e-02 -1.1747900e+03]
 [ 0.0000000e+00  0.0000000e+00  0.0000000e+00  1.0000000e+00]]
[-0218.32, +0040.77, -1116.28]
775, 827, 1521
[[-8.3999460e-02  9.9526058e-01  4.4085120e-02 -8.4120000e+01]
 [ 2.4002820e-02 -4.1991780e-02  9.9860968e-01  1.5406000e+02]
 [ 9.9594728e-01  8.5169280e-02 -2.0128680e-02 -1.1747800e+03]
 [ 0.0000000e+00  0.0000000e+00  0.0000000e+00  1.0000000e+00]]
[-0272.80, +0093.15, -1107.19]
1390, 1718, 1015
[[-8.3559300e-02  9.9531674e-01  4.2932880e-02 -8.4240000e+01]
 [ 2.5141980e-02 -4.0718340e-02  9.9860464e-01  1.5425000e+02]
 [ 9.9592496e-01  8.4781680e-02 -2.1357600e-02 -1.1747500e+03]
 [ 0.0000000e+00  0.0000000e+00  0.0000000e+00  1.0000000e+00]]
[-0153.92, +0035.44, -1096.70]
1371, 1983, 1135
[[-8.3769360e-02  9.9530972e-01  4.2510360e-02 -8.4270000e+01]
 [ 2.4530040e-02 -4.0335060e-02  9.9862838e-01  1.5427000e+02]
 [ 9.9591508e-01  8.4964260e-02 -2.0764260e-02 -1.1747800e+03]
 [ 0.0000000e+00  0.0000000e+00  0.0000000e+00  1.0000000e+00]]
[-0162.11, +0017.89, -1111.11]
1212, 1822, 2245
[[-8.3961460e-02  9.9533448e-01  4.1131420e-02 -8.4430000e+01]
 [ 2.4874320e-02 -3.8902080e-02  9.9866088e-01  1.5430000e+02]
 [ 9.9587338e-01  8.5156080e-02 -2.1203380e-02 -1.1747500e+03]
 [ 0.0000000e+00  0.0000000e+00  0.0000000e+00  1.0000000e+00]]
[-0263.25, +0056.07, -1140.50]
2116, 2110, 2194
[[-8.4979560e-02  9.9533308e-01  4.0646760e-02 -8.4490000e+01]
 [ 2.7265560e-02 -3.8248260e-02  9.9868622e-01  1.5446000e+02]
 [ 9.9578948e-01  8.6195340e-02 -2.3665860e-02 -1.1747100e+03]
 [ 0.0000000e+00  0.0000000e+00  0.0000000e+00  1.0000000e+00]]
[-0200.33, +0078.88, -1110.24]
955, 2198, 1004
[[-8.3142980e-02  9.9533916e-01  4.2303780e-02 -8.4170000e+01]
 [ 2.4509160e-02 -4.0112720e-02  9.9860724e-01  1.5432000e+02]
 [ 9.9593622e-01  8.4362760e-02 -2.0755700e-02 -1.1747900e+03]
 [ 0.0000000e+00  0.0000000e+00  0.0000000e+00  1.0000000e+00]]
[-0176.68, -0013.40, -1150.53]
1630, 1414, 1233
[[-8.4185800e-02  9.9539406e-01  4.2828220e-02 -8.4280000e+01]
 [ 2.4849780e-02 -4.0742900e-02  9.9873126e-01  1.5425000e+02]
 [ 9.9600506e-01  8.5277820e-02 -2.1168340e-02 -1.1747600e+03]
 [ 0.0000000e+00  0.0000000e+00  0.0000000e+00  1.0000000e+00]]
[-0163.27, +0087.94, -1087.10]
2213, 2249, 1950
[[-8.5804960e-02  9.9531944e-01  3.9875360e-02 -8.4520000e+01]
 [ 2.7646240e-02 -3.7445700e-02  9.9873122e-01  1.5456000e+02]
 [ 9.9573416e-01  8.6991820e-02 -2.4108100e-02 -1.1747500e+03]
 [ 0.0000000e+00  0.0000000e+00  0.0000000e+00  1.0000000e+00]]
[-0179.53, +0068.05, -1110.94]
1178, 1376, 1524
[[-8.3356800e-02  9.9531824e-01  4.2905280e-02 -8.4250000e+01]
 [ 2.4538560e-02 -4.0730580e-02  9.9860314e-01  1.5420000e+02]
 [ 9.9594032e-01  8.4569340e-02 -2.0747220e-02 -1.1747700e+03]
 [ 0.0000000e+00  0.0000000e+00  0.0000000e+00  1.0000000e+00]]
[-0230.52, +0066.81, -1088.06]
1440, 2096, 2159
[[-8.5408080e-02  9.9529604e-01  4.0582920e-02 -8.4470000e+01]
 [ 2.5675560e-02 -3.8309460e-02  9.9872326e-01  1.5440000e+02]
 [ 9.9579212e-01  8.6563140e-02 -2.2057380e-02 -1.1747600e+03]
 [ 0.0000000e+00  0.0000000e+00  0.0000000e+00  1.0000000e+00]]
[-0240.02, +0043.36, -1126.87]
1116, 1070, 829
[[-8.3793360e-02  9.9536988e-01  4.4179600e-02 -8.4160000e+01]
 [ 2.3901800e-02 -4.2189600e-02  9.9869580e-01  1.5413000e+02]
 [ 9.9606312e-01  8.4872840e-02 -2.0120400e-02 -1.1748000e+03]
 [ 0.0000000e+00  0.0000000e+00  0.0000000e+00  1.0000000e+00]]
[-0169.52, +0070.38, -1068.67]
1012, 1912, 1348
[[-8.356306e-02  9.953159e-01  4.249964e-02 -8.424000e+01]
 [ 2.432614e-02 -4.033506e-02  9.986222e-01  1.542500e+02]
 [ 9.959258e-01  8.476036e-02 -2.055796e-02 -1.174780e+03]
 [ 0.000000e+00  0.000000e+00  0.000000e+00  1.000000e+00]]
[-0209.46, +0003.62, -1117.15]
983, 2016, 1833
[[-8.4388500e-02  9.9529846e-01  4.1709720e-02 -8.4320000e+01]
 [ 2.4308700e-02 -3.9544500e-02  9.9867260e-01  1.5430000e+02]
 [ 9.9587540e-01  8.5550280e-02 -2.0592840e-02 -1.1747600e+03]
 [ 0.0000000e+00  0.0000000e+00  0.0000000e+00  1.0000000e+00]]
[-0244.25, +0013.95, -1141.71]
1515, 948, 795
[[-8.3999460e-02  9.9536364e-01  4.4190280e-02 -8.4170000e+01]
 [ 2.4105880e-02 -4.2189600e-02  9.9870204e-01  1.5412000e+02]
 [ 9.9605244e-01  8.5076920e-02 -2.0326500e-02 -1.1748000e+03]
 [ 0.0000000e+00  0.0000000e+00  0.0000000e+00  1.0000000e+00]]
[-0136.15, +0113.70, -1092.47]
801, 854, 2126
[[-8.3983300e-02  9.9529062e-01  4.2903640e-02 -8.4290000e+01]
 [ 2.4351420e-02 -4.0755300e-02  9.9863076e-01  1.5413000e+02]
 [ 9.9591724e-01  8.5164360e-02 -2.0557960e-02 -1.1747600e+03]
 [ 0.0000000e+00  0.0000000e+00  0.0000000e+00  1.0000000e+00]]
[-0286.36, +0101.36, -1172.36]
855, 1871, 1851
[[-8.4392180e-02  9.9539160e-01  4.2422520e-02 -8.4250000e+01]
 [ 2.4637200e-02 -4.0347460e-02  9.9875040e-01  1.5426000e+02]
 [ 9.9599052e-01  8.5468800e-02 -2.0979280e-02 -1.1747800e+03]
 [ 0.0000000e+00  0.0000000e+00  0.0000000e+00  1.0000000e+00]]
[-0253.52, +0019.08, -1143.97]
908, 967, 1736
[[-8.3785040e-02  9.9528396e-01  4.3275480e-02 -8.4240000e+01]
 [ 2.3764920e-02 -4.1175700e-02  9.9862054e-01  1.5414000e+02]
 [ 9.9594084e-01  8.4956420e-02 -1.9939300e-02 -1.1747900e+03]
 [ 0.0000000e+00  0.0000000e+00  0.0000000e+00  1.0000000e+00]]
[-0272.67, +0093.56, -1118.56]
1028, 2014, 1002
[[-8.3769360e-02  9.9541100e-01  4.2823600e-02 -8.4210000e+01]
 [ 2.4841400e-02 -4.0730580e-02  9.9871432e-01  1.5425000e+02]
 [ 9.9602200e-01  8.4878320e-02 -2.1159780e-02 -1.1747600e+03]
 [ 0.0000000e+00  0.0000000e+00  0.0000000e+00  1.0000000e+00]]
[-0174.54, -0007.43, -1129.81]
1412, 2077, 1674
[[-8.5008000e-02  9.9538296e-01  4.1847280e-02 -8.4350000e+01]
 [ 2.5023440e-02 -3.9742080e-02  9.9878376e-01  1.5435000e+02]
 [ 9.9594792e-01  8.6069360e-02 -2.1409920e-02 -1.1747900e+03]
 [ 0.0000000e+00  0.0000000e+00  0.0000000e+00  1.0000000e+00]]
[-0206.11, +0026.37, -1110.77]
1703, 926, 1827
[[-8.4384900e-02  9.9529590e-01  4.2559800e-02 -8.4350000e+01]
 [ 2.5541220e-02 -4.0322740e-02  9.9864220e-01  1.5423000e+02]
 [ 9.9587796e-01  8.5584280e-02 -2.1787600e-02 -1.1747300e+03]
 [ 0.0000000e+00  0.0000000e+00  0.0000000e+00  1.0000000e+00]]
[-0220.52, +0149.23, -1127.84]
1060, 1828, 1643
[[-8.3765640e-02  9.9531432e-01  4.2527280e-02 -8.4260000e+01]
 [ 2.4929520e-02 -4.0322740e-02  9.9862378e-01  1.5424000e+02]
 [ 9.9591048e-01  8.4972580e-02 -2.1168340e-02 -1.1747600e+03]
 [ 0.0000000e+00  0.0000000e+00  0.0000000e+00  1.0000000e+00]]
[-0233.40, +0021.34, -1115.55]
1908, 2113, 1656
[[-8.4784660e-02  9.9541646e-01  4.1505300e-02 -8.4370000e+01]
 [ 2.6400500e-02 -3.9285160e-02  9.9876654e-01  1.5439000e+02]
 [ 9.9593154e-01  8.5893300e-02 -2.2829460e-02 -1.1747700e+03]
 [ 0.0000000e+00  0.0000000e+00  0.0000000e+00  1.0000000e+00]]
[-0170.18, +0053.23, -1105.24]
908, 1359, 1631
[[-8.3570820e-02  9.9540220e-01  4.3403680e-02 -8.4180000e+01]
 [ 2.4463000e-02 -4.1348640e-02  9.9869780e-01  1.5415000e+02]
 [ 9.9604768e-01  8.4677000e-02 -2.0738820e-02 -1.1747500e+03]
 [ 0.0000000e+00  0.0000000e+00  0.0000000e+00  1.0000000e+00]]
[-0258.46, +0051.41, -1107.78]
1548, 1838, 1573
[[-8.4594960e-02  9.9539184e-01  4.2242120e-02 -8.4310000e+01]
 [ 2.5032320e-02 -4.0137360e-02  9.9875844e-01  1.5429000e+02]
 [ 9.9597324e-01  8.5674520e-02 -2.1392160e-02 -1.1747800e+03]
 [ 0.0000000e+00  0.0000000e+00  0.0000000e+00  1.0000000e+00]]
[-0191.59, +0052.39, -1093.69]
1077, 1636, 960
[[-8.3785040e-02  9.9528192e-01  4.3483680e-02 -8.4180000e+01]
 [ 2.3973120e-02 -4.1373440e-02  9.9861408e-01  1.5418000e+02]
 [ 9.9594288e-01  8.4962880e-02 -2.0137040e-02 -1.1747900e+03]
 [ 0.0000000e+00  0.0000000e+00  0.0000000e+00  1.0000000e+00]]
[-0175.79, +0018.16, -1093.71]
1899, 909, 2206
[[-8.8724520e-02  9.9508742e-01  4.0641500e-02 -8.4840000e+01]
 [ 2.8431580e-02 -3.8124520e-02  9.9873610e-01  1.5440000e+02]
 [ 9.9551110e-01  8.9906500e-02 -2.4769000e-02 -1.1746100e+03]
 [ 0.0000000e+00  0.0000000e+00  0.0000000e+00  1.0000000e+00]]
[-0230.21, +0147.38, -1151.17]
1887, 2214, 1611
[[-8.4581200e-02  9.9541932e-01  4.1268960e-02 -8.4350000e+01]
 [ 2.5588920e-02 -3.9099700e-02  9.9877176e-01  1.5440000e+02]
 [ 9.9594576e-01  8.5674960e-02 -2.2020740e-02 -1.1747600e+03]
 [ 0.0000000e+00  0.0000000e+00  0.0000000e+00  1.0000000e+00]]
[-0166.55, +0042.45, -1110.94]
1750, 1653, 1781
[[-8.3972020e-02  9.9530818e-01  4.2538080e-02 -8.4330000e+01]
 [ 2.5133420e-02 -4.0322740e-02  9.9862992e-01  1.5428000e+02]
 [ 9.9589968e-01  8.5176480e-02 -2.1374720e-02 -1.1747500e+03]
 [ 0.0000000e+00  0.0000000e+00  0.0000000e+00  1.0000000e+00]]
[-0207.16, +0088.13, -1095.78]
1575, 1444, 1463
[[-8.4189600e-02  9.9528440e-01  4.2914400e-02 -8.4280000e+01]
 [ 2.4555360e-02 -4.0755300e-02  9.9863698e-01  1.5422000e+02]
 [ 9.9590648e-01  8.5368300e-02 -2.0764260e-02 -1.1747600e+03]
 [ 0.0000000e+00  0.0000000e+00  0.0000000e+00  1.0000000e+00]]
[-0191.93, +0084.62, -1085.03]
2185, 1794, 1471
[[-8.5195140e-02  9.9540936e-01  4.1544600e-02 -8.4420000e+01]
 [ 2.7207600e-02 -3.9273040e-02  9.9877364e-01  1.5440000e+02]
 [ 9.9590436e-01  8.6309000e-02 -2.3647540e-02 -1.1747200e+03]
 [ 0.0000000e+00  0.0000000e+00  0.0000000e+00  1.0000000e+00]]
[-0145.59, +0091.14, -1111.11]
1368, 1779, 1916
[[-8.4797940e-02  9.9529058e-01  4.1748480e-02 -8.4390000e+01]
 [ 2.5115820e-02 -3.9532020e-02  9.9868048e-01  1.5429000e+02]
 [ 9.9584912e-01  8.5966080e-02 -2.1409920e-02 -1.1747300e+03]
 [ 0.0000000e+00  0.0000000e+00  0.0000000e+00  1.0000000e+00]]
[-0240.57, +0053.62, -1110.34]
1356, 1976, 1601
[[-8.3975700e-02  9.9530726e-01  4.2104680e-02 -8.4280000e+01]
 [ 2.4317500e-02 -3.9939700e-02  9.9864740e-01  1.5428000e+02]
 [ 9.9590060e-01  8.5155320e-02 -2.0575240e-02 -1.1747800e+03]
 [ 0.0000000e+00  0.0000000e+00  0.0000000e+00  1.0000000e+00]]
[-0205.34, +0025.75, -1106.26]
1079, 1513, 2068
[[-8.4185800e-02  9.9539970e-01  4.2203500e-02 -8.4350000e+01]
 [ 2.4225060e-02 -4.0149800e-02  9.9875058e-01  1.5424000e+02]
 [ 9.9599942e-01  8.5258500e-02 -2.0575240e-02 -1.1747600e+03]
 [ 0.0000000e+00  0.0000000e+00  0.0000000e+00  1.0000000e+00]]
[-0271.41, +0065.13, -1135.71]
1656, 1479, 2224
[[-8.5001120e-02  9.9518580e-01  4.1671560e-02 -8.4470000e+01]
 [ 2.5615800e-02 -3.9322000e-02  9.9858960e-01  1.5432000e+02]
 [ 9.9572844e-01  8.6270400e-02 -2.1823120e-02 -1.1747400e+03]
 [ 0.0000000e+00  0.0000000e+00  0.0000000e+00  1.0000000e+00]]
[-0245.85, +0107.50, -1125.18]
1870, 1544, 1725
[[-8.4598600e-02  9.9538538e-01  4.2433340e-02 -8.4350000e+01]
 [ 2.4841100e-02 -4.0347460e-02  9.9875662e-01  1.5431000e+02]
 [ 9.9597970e-01  8.5672700e-02 -2.1185700e-02 -1.1747900e+03]
 [ 0.0000000e+00  0.0000000e+00  0.0000000e+00  1.0000000e+00]]
[-0187.67, +0104.38, -1097.25]
973, 1962, 1703
[[-8.3349280e-02  9.9543436e-01  4.2627640e-02 -8.4230000e+01]
 [ 2.5024360e-02 -4.0508320e-02  9.9869932e-01  1.5423000e+02]
 [ 9.9603236e-01  8.4480680e-02 -2.1357600e-02 -1.1747500e+03]
 [ 0.0000000e+00  0.0000000e+00  0.0000000e+00  1.0000000e+00]]
[-0237.88, +0011.45, -1132.73]
1560, 974, 1642
[[-8.4395940e-02  9.9527818e-01  4.2925200e-02 -8.4300000e+01]
 [ 2.4759300e-02 -4.0755300e-02  9.9864320e-01  1.5419000e+02]
 [ 9.9589568e-01  8.5572240e-02 -2.0970600e-02 -1.1747500e+03]
 [ 0.0000000e+00  0.0000000e+00  0.0000000e+00  1.0000000e+00]]
[-0215.66, +0136.71, -1106.62]
2111, 754, 846
[[-8.4606120e-02  9.9525968e-01  4.3752080e-02 -8.4290000e+01]
 [ 2.5396880e-02 -4.1558820e-02  9.9862778e-01  1.5418000e+02]
 [ 9.9589712e-01  8.5794020e-02 -2.1563940e-02 -1.1747600e+03]
 [ 0.0000000e+00  0.0000000e+00  0.0000000e+00  1.0000000e+00]]
[-0124.60, +0147.06, -1154.71]
1619, 1998, 877
[[-8.3349280e-02  9.9543436e-01  4.2627640e-02 -8.4220000e+01]
 [ 2.5024360e-02 -4.0508320e-02  9.9869932e-01  1.5426000e+02]
 [ 9.9603236e-01  8.4480680e-02 -2.1357600e-02 -1.1747500e+03]
 [ 0.0000000e+00  0.0000000e+00  0.0000000e+00  1.0000000e+00]]
[-0129.82, +0027.16, -1128.42]
1452, 1054, 1134
[[-8.4193480e-02  9.9537910e-01  4.3418980e-02 -8.4240000e+01]
 [ 2.4675500e-02 -4.1361000e-02  9.9872090e-01  1.5417000e+02]
 [ 9.9602002e-01  8.5280500e-02 -2.0953480e-02 -1.1747600e+03]
 [ 0.0000000e+00  0.0000000e+00  0.0000000e+00  1.0000000e+00]]
[-0176.84, +0108.31, -1080.55]
797, 1474, 2229
[[-8.4178440e-02  9.9530924e-01  4.1715960e-02 -8.4350000e+01]
 [ 2.4504360e-02 -3.9532020e-02  9.9866182e-01  1.5423000e+02]
 [ 9.9588164e-01  8.5354620e-02 -2.0790420e-02 -1.1747200e+03]
 [ 0.0000000e+00  0.0000000e+00  0.0000000e+00  1.0000000e+00]]
[-0279.93, +0058.58, -1166.93]
2046, 2105, 1603
[[-8.4164680e-02  9.9543634e-01  4.1264180e-02 -8.4360000e+01]
 [ 2.5580860e-02 -3.9087460e-02  9.9875474e-01  1.5441000e+02]
 [ 9.9596278e-01  8.5275460e-02 -2.2011780e-02 -1.1747800e+03]
 [ 0.0000000e+00  0.0000000e+00  0.0000000e+00  1.0000000e+00]]
[-0158.22, +0061.47, -1108.51]
1230, 1928, 1224
[[-8.4189600e-02  9.9528440e-01  4.2914400e-02 -8.4230000e+01]
 [ 2.4555360e-02 -4.0755300e-02  9.9863698e-01  1.5424000e+02]
 [ 9.9590648e-01  8.5368300e-02 -2.0764260e-02 -1.1747700e+03]
 [ 0.0000000e+00  0.0000000e+00  0.0000000e+00  1.0000000e+00]]
[-0184.07, +0016.00, -1105.90]
1373, 1891, 1467
[[-8.4384900e-02  9.9529768e-01  4.2351540e-02 -8.4310000e+01]
 [ 2.5332960e-02 -4.0125000e-02  9.9864872e-01  1.5428000e+02]
 [ 9.9587618e-01  8.5577760e-02 -2.1589860e-02 -1.1747600e+03]
 [ 0.0000000e+00  0.0000000e+00  0.0000000e+00  1.0000000e+00]]
[-0196.08, +0035.96, -1097.51]
934, 1593, 1819
[[-8.4189600e-02  9.9538756e-01  4.3019480e-02 -8.4240000e+01]
 [ 2.4658520e-02 -4.0953040e-02  9.9872936e-01  1.5420000e+02]
 [ 9.9601156e-01  8.5275920e-02 -2.0962000e-02 -1.1747700e+03]
 [ 0.0000000e+00  0.0000000e+00  0.0000000e+00  1.0000000e+00]]
[-0263.62, +0041.90, -1126.46]
1855, 1814, 1088
[[-8.3548500e-02  9.9533636e-01  4.2358980e-02 -8.4270000e+01]
 [ 2.5715880e-02 -4.0088400e-02  9.9861004e-01  1.5429000e+02]
 [ 9.9590534e-01  8.4787080e-02 -2.1976740e-02 -1.1747600e+03]
 [ 0.0000000e+00  0.0000000e+00  0.0000000e+00  1.0000000e+00]]
[-0129.96, +0062.28, -1111.78]
999, 1668, 884
[[-8.3781000e-02  9.9538750e-01  4.3813900e-02 -8.4130000e+01]
 [ 2.4683900e-02 -4.1756680e-02  9.9869542e-01  1.5416000e+02]
 [ 9.9604550e-01  8.4885580e-02 -2.0936680e-02 -1.1747900e+03]
 [ 0.0000000e+00  0.0000000e+00  0.0000000e+00  1.0000000e+00]]
[-0172.99, +0009.16, -1100.26]
897, 2171, 1648
[[-8.3968420e-02  9.9553002e-01  4.1515720e-02 -8.4280000e+01]
 [ 2.4490020e-02 -3.9519620e-02  9.9884868e-01  1.5432000e+02]
 [ 9.9609428e-01  8.4961320e-02 -2.0988040e-02 -1.1747500e+03]
 [ 0.0000000e+00  0.0000000e+00  0.0000000e+00  1.0000000e+00]]
[-0226.48, -0001.22, -1149.87]
1278, 2193, 1209
[[-8.4178440e-02  9.9530564e-01  4.2132440e-02 -8.4260000e+01]
 [ 2.4920840e-02 -3.9927300e-02  9.9864902e-01  1.5434000e+02]
 [ 9.9588524e-01  8.5367420e-02 -2.1185700e-02 -1.1747700e+03]
 [ 0.0000000e+00  0.0000000e+00  0.0000000e+00  1.0000000e+00]]
[-0172.99, +0002.11, -1130.55]
1072, 1425, 1274
[[-8.4197440e-02  9.9527144e-01  4.3296880e-02 -8.4220000e+01]
 [ 2.4172880e-02 -4.1175700e-02  9.9863306e-01  1.5418000e+02]
 [ 9.9591944e-01  8.5364380e-02 -2.0351700e-02 -1.1748000e+03]
 [ 0.0000000e+00  0.0000000e+00  0.0000000e+00  1.0000000e+00]]
[-0214.05, +0045.05, -1082.94]
1954, 1062, 2199
[[-8.7895240e-02  9.9511118e-01  4.0803940e-02 -8.4730000e+01]
 [ 2.7825460e-02 -3.8321940e-02  9.9870442e-01  1.5440000e+02]
 [ 9.9555862e-01  8.9098340e-02 -2.4137140e-02 -1.1746500e+03]
 [ 0.0000000e+00  0.0000000e+00  0.0000000e+00  1.0000000e+00]]
[-0226.47, +0142.75, -1142.34]
1894, 1321, 2181
[[-8.4801460e-02  9.9528238e-01  4.2147960e-02 -8.4420000e+01]
 [ 2.5132940e-02 -3.9939700e-02  9.9867228e-01  1.5426000e+02]
 [ 9.9585732e-01  8.5970760e-02 -2.1401000e-02 -1.1747700e+03]
 [ 0.0000000e+00  0.0000000e+00  0.0000000e+00  1.0000000e+00]]
[-0229.69, +0127.72, -1127.80]
1032, 1743, 1461
[[-8.3777040e-02  9.9539996e-01  4.2998000e-02 -8.4200000e+01]
 [ 2.4250600e-02 -4.0953040e-02  9.9871696e-01  1.5420000e+02]
 [ 9.9603304e-01  8.4868000e-02 -2.0549440e-02 -1.1747600e+03]
 [ 0.0000000e+00  0.0000000e+00  0.0000000e+00  1.0000000e+00]]
[-0223.18, +0019.68, -1106.15]
2131, 2011, 1756
[[-8.5192180e-02  9.9531398e-01  4.1040200e-02 -8.4460000e+01]
 [ 2.7086980e-02 -3.8667780e-02  9.9868940e-01  1.5442000e+02]
 [ 9.9579140e-01  8.6396200e-02 -2.3458960e-02 -1.1747200e+03]
 [ 0.0000000e+00  0.0000000e+00  0.0000000e+00  1.0000000e+00]]
[-0169.52, +0077.61, -1105.63]
2040, 1861, 1093
[[-8.4185800e-02  9.9529088e-01  4.2723160e-02 -8.4270000e+01]
 [ 2.4746600e-02 -4.0545160e-02  9.9863888e-01  1.5427000e+02]
 [ 9.9590000e-01  8.5370200e-02 -2.0970600e-02 -1.1747600e+03]
 [ 0.0000000e+00  0.0000000e+00  0.0000000e+00  1.0000000e+00]]
[-0125.49, +0069.15, -1120.98]
1114, 1969, 1826
[[-8.4182080e-02  9.9530288e-01  4.1907200e-02 -8.4340000e+01]
 [ 2.4313120e-02 -3.9742080e-02  9.9866000e-01  1.5428000e+02]
 [ 9.9588800e-01  8.5352800e-02 -2.0584000e-02 -1.1747500e+03]
 [ 0.0000000e+00  0.0000000e+00  0.0000000e+00  1.0000000e+00]]
[-0242.03, +0022.77, -1128.64]
1618, 1708, 1210
[[-8.4178440e-02  9.9540346e-01  4.2862180e-02 -8.4270000e+01]
 [ 2.5648780e-02 -4.0718340e-02  9.9872186e-01  1.5426000e+02]
 [ 9.9599566e-01  8.5294580e-02 -2.1976740e-02 -1.1747300e+03]
 [ 0.0000000e+00  0.0000000e+00  0.0000000e+00  1.0000000e+00]]
[-0156.58, +0059.90, -1093.28]
755, 1397, 2001
[[-8.3566900e-02  9.9530948e-01  4.2690940e-02 -8.4270000e+01]
 [ 2.4134840e-02 -4.0545160e-02  9.9862028e-01  1.5417000e+02]
 [ 9.9593222e-01  8.4758440e-02 -2.0351700e-02 -1.1747600e+03]
 [ 0.0000000e+00  0.0000000e+00  0.0000000e+00  1.0000000e+00]]
[-0282.41, +0053.58, -1154.60]
1518, 1634, 1486
[[-8.3972020e-02  9.9530636e-01  4.2746300e-02 -8.4280000e+01]
 [ 2.5341640e-02 -4.0520520e-02  9.9862340e-01  1.5427000e+02]
 [ 9.9590150e-01  8.5183000e-02 -2.1572500e-02 -1.1747400e+03]
 [ 0.0000000e+00  0.0000000e+00  0.0000000e+00  1.0000000e+00]]
[-0190.48, +0066.66, -1087.22]
1906, 782, 1179
[[-8.460612e-02  9.952616e-01  4.354380e-02 -8.427000e+01]
 [ 2.518860e-02 -4.136100e-02  9.986344e-01  1.541600e+02]
 [ 9.958952e-01  8.578740e-02 -2.136612e-02 -1.174770e+03]
 [ 0.000000e+00  0.000000e+00  0.000000e+00  1.000000e+00]]
[-0154.79, +0156.37, -1129.57]
767, 1552, 1957
[[-8.3979460e-02  9.9529898e-01  4.2504160e-02 -8.4280000e+01]
 [ 2.4334460e-02 -4.0347460e-02  9.9863912e-01  1.5419000e+02]
 [ 9.9590888e-01  8.5159840e-02 -2.0566560e-02 -1.1747800e+03]
 [ 0.0000000e+00  0.0000000e+00  0.0000000e+00  1.0000000e+00]]
[-0275.98, +0040.80, -1151.08]
1470, 1189, 2074
[[-8.5004520e-02  9.9527920e-01  4.2384360e-02 -8.4390000e+01]
 [ 2.5944600e-02 -4.0125000e-02  9.9866720e-01  1.5426000e+02]
 [ 9.9584336e-01  8.6189400e-02 -2.2209480e-02 -1.1747300e+03]
 [ 0.0000000e+00  0.0000000e+00  0.0000000e+00  1.0000000e+00]]
[-0252.14, +0117.92, -1127.61]
1873, 1380, 928
[[-8.3975700e-02  9.9540114e-01  4.3250820e-02 -8.4250000e+01]
 [ 2.5461780e-02 -4.1126260e-02  9.9870734e-01  1.5422000e+02]
 [ 9.9601494e-01  8.5095380e-02 -2.1761800e-02 -1.1747700e+03]
 [ 0.0000000e+00  0.0000000e+00  0.0000000e+00  1.0000000e+00]]
[-0120.37, +0095.49, -1113.36]
2216, 2141, 1758
[[-8.5815840e-02  9.9518716e-01  4.0951560e-02 -8.4460000e+01]
 [ 2.7195240e-02 -3.8482320e-02  9.9862048e-01  1.5449000e+02]
 [ 9.9565804e-01  8.7091680e-02 -2.3477520e-02 -1.1747500e+03]
 [ 0.0000000e+00  0.0000000e+00  0.0000000e+00  1.0000000e+00]]
[-0165.71, +0071.24, -1110.12]
912, 1267, 784
[[-8.2960720e-02  9.9539928e-01  4.4587000e-02 -8.4060000e+01]
 [ 2.4300720e-02 -4.2560720e-02  9.9864900e-01  1.5407000e+02]
 [ 9.9610100e-01  8.4087000e-02 -2.0500000e-02 -1.1747600e+03]
 [ 0.0000000e+00  0.0000000e+00  0.0000000e+00  1.0000000e+00]]
[-0177.74, +0030.30, -1075.96]
1936, 1335, 826
[[-8.4178440e-02  9.9529664e-01  4.3173640e-02 -8.4250000e+01]
 [ 2.5962040e-02 -4.0916200e-02  9.9861632e-01  1.5423000e+02]
 [ 9.9589424e-01  8.5400120e-02 -2.2174600e-02 -1.1747500e+03]
 [ 0.0000000e+00  0.0000000e+00  0.0000000e+00  1.0000000e+00]]
[-0112.40, +0098.60, -1124.16]
1472, 901, 2067
[[-8.4392180e-02  9.9518148e-01  4.2628920e-02 -8.4360000e+01]
 [ 2.4847320e-02 -4.0347460e-02  9.9855272e-01  1.5420000e+02]
 [ 9.9578412e-01  8.5666480e-02 -2.0979280e-02 -1.1747200e+03]
 [ 0.0000000e+00  0.0000000e+00  0.0000000e+00  1.0000000e+00]]
[-0251.91, +0137.62, -1145.05]
1232, 1932, 1514
[[-8.4182080e-02  9.9529552e-01  4.2740160e-02 -8.4240000e+01]
 [ 2.5146080e-02 -4.0532800e-02  9.9863424e-01  1.5425000e+02]
 [ 9.9589536e-01  8.5378560e-02 -2.1374720e-02 -1.1747500e+03]
 [ 0.0000000e+00  0.0000000e+00  0.0000000e+00  1.0000000e+00]]
[-0207.73, +0018.93, -1107.92]
1719, 1944, 1733
[[-8.4164680e-02  9.9543142e-01  4.1888900e-02 -8.4350000e+01]
 [ 2.6205580e-02 -3.9680680e-02  9.9873530e-01  1.5434000e+02]
 [ 9.9596770e-01  8.5294900e-02 -2.2605000e-02 -1.1747400e+03]
 [ 0.0000000e+00  0.0000000e+00  0.0000000e+00  1.0000000e+00]]
[-0194.67, +0059.16, -1098.02]
2004, 1622, 2180
[[-8.5411240e-02  9.9538826e-01  4.1504100e-02 -8.4500000e+01]
 [ 2.6212900e-02 -3.9309640e-02  9.9879474e-01  1.5437000e+02]
 [ 9.9590826e-01  8.6488500e-02 -2.2640840e-02 -1.1747300e+03]
 [ 0.0000000e+00  0.0000000e+00  0.0000000e+00  1.0000000e+00]]
[-0218.24, +0115.27, -1117.20]
1379, 974, 961
[[-8.3574820e-02  9.9528654e-01  4.4114440e-02 -8.4180000e+01]
 [ 2.4793140e-02 -4.1954580e-02  9.9858372e-01  1.5413000e+02]
 [ 9.9595516e-01  8.4787080e-02 -2.0928400e-02 -1.1747700e+03]
 [ 0.0000000e+00  0.0000000e+00  0.0000000e+00  1.0000000e+00]]
[-0164.61, +0107.24, -1078.22]
1179, 1703, 1153
[[-8.3975700e-02  9.9540300e-01  4.3042600e-02 -8.4240000e+01]
 [ 2.5253560e-02 -4.0928400e-02  9.9871392e-01  1.5422000e+02]
 [ 9.9601308e-01  8.5088800e-02 -2.1563940e-02 -1.1747300e+03]
 [ 0.0000000e+00  0.0000000e+00  0.0000000e+00  1.0000000e+00]]
[-0185.77, +0023.85, -1093.40]
1113, 1110, 1913
[[-8.4812500e-02  9.9526110e-01  4.2929800e-02 -8.4330000e+01]
 [ 2.4767700e-02 -4.0767780e-02  9.9866028e-01  1.5419000e+02]
 [ 9.9587860e-01  8.5971720e-02 -2.0979280e-02 -1.1747400e+03]
 [ 0.0000000e+00  0.0000000e+00  0.0000000e+00  1.0000000e+00]]
[-0269.73, +0098.09, -1124.92]
1648, 2039, 1738
[[-8.4374580e-02  9.9531718e-01  4.1777880e-02 -8.4340000e+01]
 [ 2.5906620e-02 -3.9495060e-02  9.9865388e-01  1.5434000e+02]
 [ 9.9585668e-01  8.5582920e-02 -2.2209480e-02 -1.1747500e+03]
 [ 0.0000000e+00  0.0000000e+00  0.0000000e+00  1.0000000e+00]]
[-0194.49, +0044.97, -1102.43]
826, 1728, 2070
[[-8.3968420e-02  9.9541968e-01  4.2243600e-02 -8.4280000e+01]
 [ 2.5219680e-02 -4.0112720e-02  9.9873060e-01  1.5420000e+02]
 [ 9.9599640e-01  8.5079400e-02 -2.1581140e-02 -1.1747300e+03]
 [ 0.0000000e+00  0.0000000e+00  0.0000000e+00  1.0000000e+00]]
[-0270.41, +0037.77, -1155.58]
1391, 1277, 1871
[[-8.4598600e-02  9.9527848e-01  4.2744840e-02 -8.4330000e+01]
 [ 2.5154440e-02 -4.0545160e-02  9.9865128e-01  1.5423000e+02]
 [ 9.9587832e-01  8.5778040e-02 -2.1383400e-02 -1.1747500e+03]
 [ 0.0000000e+00  0.0000000e+00  0.0000000e+00  1.0000000e+00]]
[-0242.40, +0101.81, -1105.77]
2032, 2040, 1418
[[-8.4374580e-02  9.9531884e-01  4.1569620e-02 -8.4330000e+01]
 [ 2.5698360e-02 -3.9297360e-02  9.9866036e-01  1.5439000e+02]
 [ 9.9585502e-01  8.5576440e-02 -2.2011780e-02 -1.1747800e+03]
 [ 0.0000000e+00  0.0000000e+00  0.0000000e+00  1.0000000e+00]]
[-0146.31, +0061.79, -1111.30]
1173, 1557, 1101
[[-8.4193480e-02  9.9527596e-01  4.3313880e-02 -8.4200000e+01]
 [ 2.4572360e-02 -4.1163220e-02  9.9862854e-01  1.5419000e+02]
 [ 9.9591492e-01  8.5372860e-02 -2.0755700e-02 -1.1747600e+03]
 [ 0.0000000e+00  0.0000000e+00  0.0000000e+00  1.0000000e+00]]
[-0185.36, +0035.20, -1084.86]
2200, 1926, 898
[[-8.4557520e-02  9.9525184e-01  4.1404120e-02 -8.4270000e+01]
 [ 2.8786240e-02 -3.8806080e-02  9.9853976e-01  1.5455000e+02]
 [ 9.9569668e-01  8.5930640e-02 -2.5059600e-02 -1.1748000e+03]
 [ 0.0000000e+00  0.0000000e+00  0.0000000e+00  1.0000000e+00]]
[-0115.49, +0068.00, -1136.66]
1728, 1095, 1526
[[-8.4808740e-02  9.9526574e-01  4.2946920e-02 -8.4290000e+01]
 [ 2.5167180e-02 -4.0755300e-02  9.9865564e-01  1.5421000e+02]
 [ 9.9587396e-01  8.5980120e-02 -2.1383400e-02 -1.1747600e+03]
 [ 0.0000000e+00  0.0000000e+00  0.0000000e+00  1.0000000e+00]]
[-0195.52, +0129.21, -1099.70]
1529, 881, 1202
[[-8.3995300e-02  9.9526712e-01  4.3893860e-02 -8.4220000e+01]
 [ 2.4194080e-02 -4.1781480e-02  9.9861176e-01  1.5414000e+02]
 [ 9.9594074e-01  8.5171360e-02 -2.0334820e-02 -1.1747800e+03]
 [ 0.0000000e+00  0.0000000e+00  0.0000000e+00  1.0000000e+00]]
[-0182.54, +0132.42, -1091.06]
1442, 1527, 1172
[[-8.3773160e-02  9.9540450e-01  4.3014900e-02 -8.4230000e+01]
 [ 2.4650100e-02 -4.0940680e-02  9.9871242e-01  1.5420000e+02]
 [ 9.9602850e-01  8.4876420e-02 -2.0953480e-02 -1.1747600e+03]
 [ 0.0000000e+00  0.0000000e+00  0.0000000e+00  1.0000000e+00]]
[-0171.45, +0058.16, -1084.35]
972, 761, 761
[[-8.2960720e-02  9.9539504e-01  4.5003240e-02 -8.4060000e+01]
 [ 2.4716960e-02 -4.2956800e-02  9.9863568e-01  1.5402000e+02]
 [ 9.9610524e-01  8.4100320e-02 -2.0896080e-02 -1.1747600e+03]
 [ 0.0000000e+00  0.0000000e+00  0.0000000e+00  1.0000000e+00]]
[-0182.25, +0094.47, -1061.28]
2094, 1204, 816
[[-8.4587920e-02  9.9529288e-01  4.2796080e-02 -8.4300000e+01]
 [ 2.6352880e-02 -4.0508320e-02  9.9863688e-01  1.5427000e+02]
 [ 9.9586392e-01  8.5803120e-02 -2.2596240e-02 -1.1747400e+03]
 [ 0.0000000e+00  0.0000000e+00  0.0000000e+00  1.0000000e+00]]
[-0111.22, +0113.41, -1138.33]
1364, 921, 1565
[[-8.4407700e-02  9.9526070e-01  4.3290600e-02 -8.4260000e+01]
 [ 2.3977380e-02 -4.1188260e-02  9.9864380e-01  1.5416000e+02]
 [ 9.9591316e-01  8.5559880e-02 -2.0154000e-02 -1.1747600e+03]
 [ 0.0000000e+00  0.0000000e+00  0.0000000e+00  1.0000000e+00]]
[-0228.97, +0128.19, -1100.45]
2224, 2161, 2100
[[-8.6229840e-02  9.9528404e-01  4.0245240e-02 -8.4560000e+01]
 [ 2.6872440e-02 -3.7889700e-02  9.9875102e-01  1.5453000e+02]
 [ 9.9573484e-01  8.7380820e-02 -2.3298900e-02 -1.1747600e+03]
 [ 0.0000000e+00  0.0000000e+00  0.0000000e+00  1.0000000e+00]]
[-0191.93, +0078.25, -1110.61]
1057, 1851, 1935
[[-8.3983300e-02  9.9539764e-01  4.2592280e-02 -8.4230000e+01]
 [ 2.4038120e-02 -4.0557600e-02  9.9873604e-01  1.5421000e+02]
 [ 9.9601844e-01  8.5059080e-02 -2.0360260e-02 -1.1747700e+03]
 [ 0.0000000e+00  0.0000000e+00  0.0000000e+00  1.0000000e+00]]
[-0252.86, +0033.81, -1131.35]
854, 1376, 2200
[[-8.3559300e-02  9.9553236e-01  4.2102020e-02 -8.4300000e+01]
 [ 2.4307400e-02 -4.0125000e-02  9.9882180e-01  1.5419000e+02]
 [ 9.9612570e-01  8.4564520e-02 -2.0764260e-02 -1.1747300e+03]
 [ 0.0000000e+00  0.0000000e+00  0.0000000e+00  1.0000000e+00]]
[-0281.68, +0067.15, -1162.15]
1047, 1388, 2065
[[-8.4185800e-02  9.9528900e-01  4.2931400e-02 -8.4240000e+01]
 [ 2.4954840e-02 -4.0742900e-02  9.9863238e-01  1.5421000e+02]
 [ 9.9590188e-01  8.5376700e-02 -2.1168340e-02 -1.1747200e+03]
 [ 0.0000000e+00  0.0000000e+00  0.0000000e+00  1.0000000e+00]]
[-0271.34, +0073.72, -1134.12]
1580, 1416, 920
[[-8.3983300e-02  9.9528674e-01  4.3320080e-02 -8.4220000e+01]
 [ 2.4767860e-02 -4.1150820e-02  9.9861776e-01  1.5421000e+02]
 [ 9.9592112e-01  8.5177360e-02 -2.0953480e-02 -1.1747700e+03]
 [ 0.0000000e+00  0.0000000e+00  0.0000000e+00  1.0000000e+00]]
[-0135.60, +0073.44, -1094.31]
2010, 1562, 812
[[-8.4178440e-02  9.9540166e-01  4.3070420e-02 -8.4230000e+01]
 [ 2.5857020e-02 -4.0916200e-02  9.9871526e-01  1.5427000e+02]
 [ 9.9599746e-01  8.5301180e-02 -2.2174600e-02 -1.1747800e+03]
 [ 0.0000000e+00  0.0000000e+00  0.0000000e+00  1.0000000e+00]]
[-0108.65, +0083.07, -1132.55]
1588, 1719, 1264
[[-8.3146740e-02  9.9553898e-01  4.2705160e-02 -8.4260000e+01]
 [ 2.4524060e-02 -4.0718340e-02  9.9879028e-01  1.5422000e+02]
 [ 9.9615268e-01  8.4175960e-02 -2.0945040e-02 -1.1747400e+03]
 [ 0.0000000e+00  0.0000000e+00  0.0000000e+00  1.0000000e+00]]
[-0167.40, +0053.21, -1091.70]
1722, 893, 1894
[[-8.5218100e-02  9.9526166e-01  4.2569320e-02 -8.4400000e+01]
 [ 2.5557860e-02 -4.0347460e-02  9.9867644e-01  1.5424000e+02]
 [ 9.9584372e-01  8.6383240e-02 -2.1805200e-02 -1.1747400e+03]
 [ 0.0000000e+00  0.0000000e+00  0.0000000e+00  1.0000000e+00]]
[-0225.08, +0151.22, -1135.90]
1463, 1246, 1913
[[-8.4392180e-02  9.9528654e-01  4.2525720e-02 -8.4330000e+01]
 [ 2.4742260e-02 -4.0347460e-02  9.9865156e-01  1.5421000e+02]
 [ 9.9588732e-01  8.5567640e-02 -2.0979280e-02 -1.1747400e+03]
 [ 0.0000000e+00  0.0000000e+00  0.0000000e+00  1.0000000e+00]]
[-0244.65, +0108.55, -1111.38]
1343, 913, 1765
[[-8.378100e-02  9.952884e-01  4.329240e-02 -8.427000e+01]
 [ 2.416440e-02 -4.116322e-02  9.986161e-01  1.541400e+02]
 [ 9.959364e-01  8.496490e-02 -2.034322e-02 -1.174740e+03]
 [ 0.000000e+00  0.000000e+00  0.000000e+00  1.000000e+00]]
[-0243.60, +0129.68, -1114.88]
1635, 1139, 1359
[[-8.4185800e-02  9.9528712e-01  4.3139640e-02 -8.4280000e+01]
 [ 2.5163080e-02 -4.0940680e-02  9.9862584e-01  1.5421000e+02]
 [ 9.9590376e-01  8.5383240e-02 -2.1366120e-02 -1.1747400e+03]
 [ 0.0000000e+00  0.0000000e+00  0.0000000e+00  1.0000000e+00]]
[-0181.85, +0118.04, -1089.95]
2182, 1267, 2040
[[-8.7063760e-02  9.9513852e-01  4.1192960e-02 -8.4620000e+01]
 [ 2.7827160e-02 -3.8704500e-02  9.9866112e-01  1.5441000e+02]
 [ 9.9560192e-01  8.8304640e-02 -2.4108100e-02 -1.1746900e+03]
 [ 0.0000000e+00  0.0000000e+00  0.0000000e+00  1.0000000e+00]]
[-0201.13, +0139.60, -1129.68]
1767, 1749, 1252
[[-8.3769360e-02  9.9530784e-01  4.2718560e-02 -8.4260000e+01]
 [ 2.4738240e-02 -4.0532800e-02  9.9862192e-01  1.5423000e+02]
 [ 9.9591696e-01  8.4970720e-02 -2.0962000e-02 -1.1747500e+03]
 [ 0.0000000e+00  0.0000000e+00  0.0000000e+00  1.0000000e+00]]
[-0153.78, +0061.05, -1097.82]
1050, 1518, 1886
[[-8.4182080e-02  9.9529736e-01  4.2531920e-02 -8.4310000e+01]
 [ 2.4937840e-02 -4.0335060e-02  9.9864074e-01  1.5422000e+02]
 [ 9.9589352e-01  8.5372060e-02 -2.1176980e-02 -1.1747500e+03]
 [ 0.0000000e+00  0.0000000e+00  0.0000000e+00  1.0000000e+00]]
[-0264.32, +0056.75, -1122.12]
991, 1636, 2213
[[-8.4594960e-02  9.9529220e-01  4.1720520e-02 -8.4370000e+01]
 [ 2.4512520e-02 -3.9544500e-02  9.9867886e-01  1.5423000e+02]
 [ 9.9586460e-01  8.5754100e-02 -2.0799300e-02 -1.1747400e+03]
 [ 0.0000000e+00  0.0000000e+00  0.0000000e+00  1.0000000e+00]]
[-0273.43, +0056.63, -1152.51]
1940, 1419, 1894
[[-8.3964900e-02  9.9531944e-01  4.2363780e-02 -8.4350000e+01]
 [ 2.5724160e-02 -4.0100520e-02  9.9862696e-01  1.5427000e+02]
 [ 9.9588842e-01  8.5186560e-02 -2.1985380e-02 -1.1747600e+03]
 [ 0.0000000e+00  0.0000000e+00  0.0000000e+00  1.0000000e+00]]
[-0200.12, +0123.73, -1108.73]
1520, 1679, 1729
[[-8.4602320e-02  9.9537892e-01  4.2624560e-02 -8.4270000e+01]
 [ 2.4649880e-02 -4.0557600e-02  9.9875476e-01  1.5423000e+02]
 [ 9.9598616e-01  8.5670840e-02 -2.0979280e-02 -1.1747500e+03]
 [ 0.0000000e+00  0.0000000e+00  0.0000000e+00  1.0000000e+00]]
[-0216.74, +0066.33, -1094.43]
1630, 1685, 875
[[-8.3765640e-02  9.9520378e-01  4.3255060e-02 -8.4260000e+01]
 [ 2.5659140e-02 -4.0916200e-02  9.9850522e-01  1.5423000e+02]
 [ 9.9581282e-01  8.5091140e-02 -2.1761800e-02 -1.1747600e+03]
 [ 0.0000000e+00  0.0000000e+00  0.0000000e+00  1.0000000e+00]]
[-0128.08, +0052.11, -1108.14]
2131, 1912, 1414
[[-8.5201300e-02  9.9529436e-01  4.1613620e-02 -8.4420000e+01]
 [ 2.6513560e-02 -3.9297360e-02  9.9868484e-01  1.5440000e+02]
 [ 9.9581102e-01  8.6391640e-02 -2.2838500e-02 -1.1747800e+03]
 [ 0.0000000e+00  0.0000000e+00  0.0000000e+00  1.0000000e+00]]
[-0143.34, +0077.48, -1111.57]
1299, 1430, 2001
[[-8.459496e-02  9.952868e-01  4.234536e-02 -8.438000e+01]
 [ 2.513736e-02 -4.013736e-02  9.986596e-01  1.542600e+02]
 [ 9.958700e-01  8.577336e-02 -2.139216e-02 -1.174770e+03]
 [ 0.000000e+00  0.000000e+00  0.000000e+00  1.000000e+00]]
[-0258.89, +0084.52, -1118.51]
1223, 1431, 1262
[[-8.3566900e-02  9.9520054e-01  4.3210420e-02 -8.4220000e+01]
 [ 2.4656260e-02 -4.0940680e-02  9.9850846e-01  1.5419000e+02]
 [ 9.9583298e-01  8.4870260e-02 -2.0747220e-02 -1.1747700e+03]
 [ 0.0000000e+00  0.0000000e+00  0.0000000e+00  1.0000000e+00]]
[-0200.59, +0056.07, -1080.12]
2080, 1807, 1844
[[-8.5611860e-02  9.9539364e-01  4.1341320e-02 -8.4470000e+01]
 [ 2.7007320e-02 -3.9087460e-02  9.9879744e-01  1.5439000e+02]
 [ 9.9588564e-01  8.6701920e-02 -2.3458960e-02 -1.1747000e+03]
 [ 0.0000000e+00  0.0000000e+00  0.0000000e+00  1.0000000e+00]]
[-0183.27, +0097.04, -1103.38]
2227, 2027, 1274
[[-8.4146440e-02  9.9536304e-01  4.1261240e-02 -8.4370000e+01]
 [ 2.7874440e-02 -3.8817800e-02  9.9863232e-01  1.5449000e+02]
 [ 9.9582784e-01  8.5416120e-02 -2.4241000e-02 -1.1747700e+03]
 [ 0.0000000e+00  0.0000000e+00  0.0000000e+00  1.0000000e+00]]
[-0134.27, +0070.28, -1121.19]
1364, 1231, 1739
[[-8.4812500e-02  9.9526110e-01  4.2929800e-02 -8.4300000e+01]
 [ 2.4767700e-02 -4.0767780e-02  9.9866028e-01  1.5419000e+02]
 [ 9.9587860e-01  8.5971720e-02 -2.0979280e-02 -1.1747600e+03]
 [ 0.0000000e+00  0.0000000e+00  0.0000000e+00  1.0000000e+00]]
[-0238.69, +0101.08, -1099.50]
2201, 1227, 1912
[[-8.6442580e-02  9.9515414e-01  4.1575860e-02 -8.4540000e+01]
 [ 2.7632860e-02 -3.9099700e-02  9.9862938e-01  1.5438000e+02]
 [ 9.9563886e-01  8.7706620e-02 -2.3882120e-02 -1.1746800e+03]
 [ 0.0000000e+00  0.0000000e+00  0.0000000e+00  1.0000000e+00]]
[-0191.75, +0143.12, -1129.50]
1022, 2072, 1795
[[-8.3353000e-02  9.9543162e-01  4.2402660e-02 -8.4190000e+01]
 [ 2.4416700e-02 -4.0322740e-02  9.9871038e-01  1.5426000e+02]
 [ 9.9603510e-01  8.4465900e-02 -2.0755700e-02 -1.1747900e+03]
 [ 0.0000000e+00  0.0000000e+00  0.0000000e+00  1.0000000e+00]]
[-0236.09, +0010.98, -1138.75]
2237, 1855, 1590
[[-8.4571720e-02  9.9532608e-01  4.1840080e-02 -8.4430000e+01]
 [ 2.7308880e-02 -3.9458820e-02  9.9864498e-01  1.5437000e+02]
 [ 9.9583072e-01  8.5811220e-02 -2.3629540e-02 -1.1747500e+03]
 [ 0.0000000e+00  0.0000000e+00  0.0000000e+00  1.0000000e+00]]
[-0151.53, +0094.40, -1111.86]
1768, 1759, 1719
[[-8.4392180e-02  9.9539160e-01  4.2422520e-02 -8.4350000e+01]
 [ 2.4637200e-02 -4.0347460e-02  9.9875040e-01  1.5425000e+02]
 [ 9.9599052e-01  8.5468800e-02 -2.0979280e-02 -1.1747900e+03]
 [ 0.0000000e+00  0.0000000e+00  0.0000000e+00  1.0000000e+00]]
[-0200.46, +0076.13, -1095.24]
1088, 2140, 812
[[-8.3983300e-02  9.9529062e-01  4.2903640e-02 -8.4160000e+01]
 [ 2.4351420e-02 -4.0755300e-02  9.9863076e-01  1.5425000e+02]
 [ 9.9591724e-01  8.5164360e-02 -2.0557960e-02 -1.1748200e+03]
 [ 0.0000000e+00  0.0000000e+00  0.0000000e+00  1.0000000e+00]]
[-0155.05, -0008.13, -1147.96]
1817, 1050, 1726
[[-8.5008000e-02  9.9516936e-01  4.2470480e-02 -8.4380000e+01]
 [ 2.5650160e-02 -4.0137360e-02  9.9857316e-01  1.5424000e+02]
 [ 9.9574488e-01  8.6279960e-02 -2.1805200e-02 -1.1747700e+03]
 [ 0.0000000e+00  0.0000000e+00  0.0000000e+00  1.0000000e+00]]
[-0204.02, +0144.41, -1117.42]
1292, 1638, 1232
[[-8.3777040e-02  9.9529488e-01  4.3101120e-02 -8.4210000e+01]
 [ 2.4355680e-02 -4.0953040e-02  9.9861808e-01  1.5419000e+02]
 [ 9.9592992e-01  8.4966880e-02 -2.0549440e-02 -1.1747800e+03]
 [ 0.0000000e+00  0.0000000e+00  0.0000000e+00  1.0000000e+00]]
[-0185.62, +0040.39, -1087.26]
1601, 2183, 1388
[[-8.5004520e-02  9.9528436e-01  4.1759400e-02 -8.4330000e+01]
 [ 2.5319640e-02 -3.9532020e-02  9.9868670e-01  1.5438000e+02]
 [ 9.9583820e-01  8.6169900e-02 -2.1616500e-02 -1.1747900e+03]
 [ 0.0000000e+00  0.0000000e+00  0.0000000e+00  1.0000000e+00]]
[-0167.26, +0023.18, -1115.78]
1573, 1774, 1107
[[-8.3979460e-02  9.9529328e-01  4.3128820e-02 -8.4230000e+01]
 [ 2.4959120e-02 -4.0940680e-02  9.9861968e-01  1.5423000e+02]
 [ 9.9591458e-01  8.5179280e-02 -2.1159780e-02 -1.1747600e+03]
 [ 0.0000000e+00  0.0000000e+00  0.0000000e+00  1.0000000e+00]]
[-0151.89, +0047.48, -1097.77]
1856, 1916, 895
[[-8.3128740e-02  9.9535634e-01  4.2579120e-02 -8.4240000e+01]
 [ 2.6315220e-02 -4.0262340e-02  9.9858176e-01  1.5431000e+02]
 [ 9.9591904e-01  8.4402480e-02 -2.2570440e-02 -1.1747700e+03]
 [ 0.0000000e+00  0.0000000e+00  0.0000000e+00  1.0000000e+00]]
[-0119.45, +0050.09, -1127.92]
961, 1267, 1209
[[-8.4201480e-02  9.9526292e-01  4.3696360e-02 -8.4160000e+01]
 [ 2.4189880e-02 -4.1583700e-02  9.9862454e-01  1.5410000e+02]
 [ 9.9592796e-01  8.5368860e-02 -2.0343220e-02 -1.1748000e+03]
 [ 0.0000000e+00  0.0000000e+00  0.0000000e+00  1.0000000e+00]]
[-0221.89, +0049.81, -1079.24]
2156, 1280, 1815
[[-8.5201300e-02  9.9529120e-01  4.2030300e-02 -8.4440000e+01]
 [ 2.6930240e-02 -3.9692800e-02  9.9867168e-01  1.5433000e+02]
 [ 9.9581418e-01  8.6404800e-02 -2.3233940e-02 -1.1747000e+03]
 [ 0.0000000e+00  0.0000000e+00  0.0000000e+00  1.0000000e+00]]
[-0183.72, +0138.96, -1122.04]
1484, 2091, 1527
[[-8.4388500e-02  9.9539804e-01  4.2231280e-02 -8.4250000e+01]
 [ 2.4828440e-02 -4.0137360e-02  9.9875224e-01  1.5429000e+02]
 [ 9.9598408e-01  8.5470640e-02 -2.1185700e-02 -1.1747600e+03]
 [ 0.0000000e+00  0.0000000e+00  0.0000000e+00  1.0000000e+00]]
[-0187.62, +0022.18, -1109.99]
1193, 1121, 817
[[-8.4205600e-02  9.9514916e-01  4.4198920e-02 -8.4150000e+01]
 [ 2.4312040e-02 -4.1991780e-02  9.9851704e-01  1.5412000e+02]
 [ 9.9583348e-01  8.5472240e-02 -2.0334820e-02 -1.1747700e+03]
 [ 0.0000000e+00  0.0000000e+00  0.0000000e+00  1.0000000e+00]]
[-0159.97, +0071.25, -1072.72]
833, 1601, 1161
[[-8.3995300e-02  9.9526918e-01  4.3685640e-02 -8.4160000e+01]
 [ 2.3985860e-02 -4.1583700e-02  9.9861828e-01  1.5416000e+02]
 [ 9.9593868e-01  8.5164840e-02 -2.0137040e-02 -1.1747800e+03]
 [ 0.0000000e+00  0.0000000e+00  0.0000000e+00  1.0000000e+00]]
[-0215.74, +0008.68, -1101.86]
1536, 2219, 823
[[-8.4168000e-02  9.9542656e-01  4.1871920e-02 -8.4210000e+01]
 [ 2.5806080e-02 -3.9692800e-02  9.9874016e-01  1.5439000e+02]
 [ 9.9597256e-01  8.5286720e-02 -2.2200640e-02 -1.1747800e+03]
 [ 0.0000000e+00  0.0000000e+00  0.0000000e+00  1.0000000e+00]]
[-0134.39, +0015.08, -1145.43]
1953, 1627, 1825
[[-8.5008000e-02  9.9537944e-01  4.2263920e-02 -8.4360000e+01]
 [ 2.5440080e-02 -4.0137360e-02  9.9877084e-01  1.5431000e+02]
 [ 9.9595144e-01  8.6082280e-02 -2.1805200e-02 -1.1747600e+03]
 [ 0.0000000e+00  0.0000000e+00  0.0000000e+00  1.0000000e+00]]
[-0191.67, +0107.42, -1101.51]
2079, 1534, 1011
[[-8.4171400e-02  9.9530992e-01  4.2791160e-02 -8.4310000e+01]
 [ 2.6344520e-02 -4.0496200e-02  9.9861984e-01  1.5430000e+02]
 [ 9.9588096e-01  8.5403640e-02 -2.2587560e-02 -1.1747500e+03]
 [ 0.0000000e+00  0.0000000e+00  0.0000000e+00  1.0000000e+00]]
[-0119.08, +0095.62, -1124.27]
1128, 874, 2117
[[-8.4182080e-02  9.9529736e-01  4.2531920e-02 -8.4350000e+01]
 [ 2.4937840e-02 -4.0335060e-02  9.9864074e-01  1.5418000e+02]
 [ 9.9589352e-01  8.5372060e-02 -2.1176980e-02 -1.1747200e+03]
 [ 0.0000000e+00  0.0000000e+00  0.0000000e+00  1.0000000e+00]]
[-0273.45, +0120.34, -1156.94]
1396, 1346, 1181
[[-8.4189600e-02  9.9517740e-01  4.3225800e-02 -8.4240000e+01]
 [ 2.4868680e-02 -4.0953040e-02  9.9853160e-01  1.5419000e+02]
 [ 9.9580524e-01  8.5473680e-02 -2.0962000e-02 -1.1747600e+03]
 [ 0.0000000e+00  0.0000000e+00  0.0000000e+00  1.0000000e+00]]
[-0178.35, +0076.50, -1078.86]
2060, 1994, 938
[[-8.3741840e-02  9.9545832e-01  4.1917800e-02 -8.4250000e+01]
 [ 2.6996400e-02 -3.9644800e-02  9.9870840e-01  1.5443000e+02]
 [ 9.9597468e-01  8.4911760e-02 -2.3405200e-02 -1.1747800e+03]
 [ 0.0000000e+00  0.0000000e+00  0.0000000e+00  1.0000000e+00]]
[-0119.25, +0057.42, -1133.15]
1986, 1336, 2216
[[-8.5207780e-02  9.9518126e-01  4.1474220e-02 -8.4490000e+01]
 [ 2.5611260e-02 -3.9124420e-02  9.9860226e-01  1.5431000e+02]
 [ 9.9571578e-01  8.6467740e-02 -2.1832200e-02 -1.1747100e+03]
 [ 0.0000000e+00  0.0000000e+00  0.0000000e+00  1.0000000e+00]]
[-0226.03, +0129.75, -1130.01]
1467, 1267, 1768
[[-8.4602320e-02  9.9527196e-01  4.2936040e-02 -8.4300000e+01]
 [ 2.4963240e-02 -4.0755300e-02  9.9864942e-01  1.5421000e+02]
 [ 9.9588484e-01  8.5776180e-02 -2.1176980e-02 -1.1747400e+03]
 [ 0.0000000e+00  0.0000000e+00  0.0000000e+00  1.0000000e+00]]
[-0230.27, +0103.11, -1097.95]
2079, 1546, 1880
[[-8.5618020e-02  9.9527712e-01  4.1618580e-02 -8.4470000e+01]
 [ 2.6521680e-02 -3.9309640e-02  9.9870208e-01  1.5436000e+02]
 [ 9.9579378e-01  8.6791120e-02 -2.2847620e-02 -1.1747000e+03]
 [ 0.0000000e+00  0.0000000e+00  0.0000000e+00  1.0000000e+00]]
[-0190.34, +0118.63, -1108.84]
1686, 1149, 1086
[[-8.3570820e-02  9.9540022e-01  4.3611860e-02 -8.4180000e+01]
 [ 2.4671180e-02 -4.1546500e-02  9.9869126e-01  1.5415000e+02]
 [ 9.9604966e-01  8.4683540e-02 -2.0936680e-02 -1.1747200e+03]
 [ 0.0000000e+00  0.0000000e+00  0.0000000e+00  1.0000000e+00]]
[-0153.71, +0109.68, -1091.75]
1873, 1270, 1942
[[-8.5214580e-02  9.9537498e-01  4.2066540e-02 -8.4420000e+01]
 [ 2.5435620e-02 -3.9939700e-02  9.9878354e-01  1.5429000e+02]
 [ 9.9593874e-01  8.6279660e-02 -2.1814120e-02 -1.1747700e+03]
 [ 0.0000000e+00  0.0000000e+00  0.0000000e+00  1.0000000e+00]]
[-0214.77, +0132.64, -1117.21]
1925, 1850, 1602
[[-8.4381380e-02  9.9540744e-01  4.2265320e-02 -8.4340000e+01]
 [ 2.5627440e-02 -4.0112720e-02  9.9874284e-01  1.5432000e+02]
 [ 9.9597468e-01  8.5487160e-02 -2.1994100e-02 -1.1747600e+03]
 [ 0.0000000e+00  0.0000000e+00  0.0000000e+00  1.0000000e+00]]
[-0167.39, +0074.95, -1098.90]
752, 1010, 1262
[[-8.358306e-02  9.952754e-01  4.428886e-02 -8.412000e+01]
 [ 2.420236e-02 -4.217716e-02  9.985862e-01  1.540800e+02]
 [ 9.959663e-01  8.477636e-02 -2.031826e-02 -1.174790e+03]
 [ 0.000000e+00  0.000000e+00  0.000000e+00  1.000000e+00]]
[-0252.08, +0062.13, -1085.84]
913, 1034, 1036
[[-8.4205600e-02  9.9525432e-01  4.4095840e-02 -8.4160000e+01]
 [ 2.4206880e-02 -4.1991780e-02  9.9861594e-01  1.5411000e+02]
 [ 9.9593656e-01  8.5373340e-02 -2.0334820e-02 -1.1747700e+03]
 [ 0.0000000e+00  0.0000000e+00  0.0000000e+00  1.0000000e+00]]
[-0212.12, +0064.42, -1068.58]
751, 2232, 1734
[[-8.4982400e-02  9.9544152e-01  3.9276240e-02 -8.4400000e+01]
 [ 2.5511280e-02 -3.7075220e-02  9.9882816e-01  1.5451000e+02]
 [ 9.9588936e-01  8.6050560e-02 -2.2076180e-02 -1.1747700e+03]
 [ 0.0000000e+00  0.0000000e+00  0.0000000e+00  1.0000000e+00]]
[-0232.19, -0001.08, -1162.64]
1894, 1921, 1382
[[-8.4174880e-02  9.9551680e-01  4.2359440e-02 -8.4290000e+01]
 [ 2.5526800e-02 -4.0310500e-02  9.9882910e-01  1.5431000e+02]
 [ 9.9609056e-01  8.5190900e-02 -2.1985380e-02 -1.1747800e+03]
 [ 0.0000000e+00  0.0000000e+00  0.0000000e+00  1.0000000e+00]]
[-0149.70, +0065.96, -1104.38]
2009, 808, 2046
[[-8.8534180e-02  9.9493976e-01  4.3130220e-02 -8.4770000e+01]
 [ 2.8440160e-02 -4.0570120e-02  9.9858216e-01  1.5425000e+02]
 [ 9.9546798e-01  8.9833440e-02 -2.4503300e-02 -1.1746000e+03]
 [ 0.0000000e+00  0.0000000e+00  0.0000000e+00  1.0000000e+00]]
[-0213.33, +0157.29, -1153.66]
1820, 778, 2228
[[-8.8123220e-02  9.9495360e-01  4.2254820e-02 -8.4830000e+01]
 [ 2.6798400e-02 -3.9792640e-02  9.9860160e-01  1.5423000e+02]
 [ 9.9548982e-01  8.9390400e-02 -2.2894420e-02 -1.1746200e+03]
 [ 0.0000000e+00  0.0000000e+00  0.0000000e+00  1.0000000e+00]]
[-0233.76, +0150.88, -1160.42]
881, 1011, 1208
[[-8.4241440e-02  9.9509172e-01  4.6145160e-02 -8.4110000e+01]
 [ 2.3198760e-02 -4.4071300e-02  9.9848588e-01  1.5399000e+02]
 [ 9.9589092e-01  8.5467560e-02 -1.9082500e-02 -1.1747900e+03]
 [ 0.0000000e+00  0.0000000e+00  0.0000000e+00  1.0000000e+00]]
[-0235.12, +0069.68, -1076.64]
1464, 2170, 1820
[[-8.5221700e-02  9.9525512e-01  4.2760460e-02 -8.4370000e+01]
 [ 2.5366720e-02 -4.0557600e-02  9.9867464e-01  1.5432000e+02]
 [ 9.9585026e-01  8.6381440e-02 -2.1598660e-02 -1.1747300e+03]
 [ 0.0000000e+00  0.0000000e+00  0.0000000e+00  1.0000000e+00]]
[-0213.22, +0027.86, -1116.71]
1587, 1731, 1296
[[-8.4201480e-02  9.9535990e-01  4.4426220e-02 -8.4240000e+01]
 [ 2.4917700e-02 -4.2375060e-02  9.9869710e-01  1.5419000e+02]
 [ 9.9603922e-01  8.5296300e-02 -2.1134580e-02 -1.1747200e+03]
 [ 0.0000000e+00  0.0000000e+00  0.0000000e+00  1.0000000e+00]]
[-0166.38, +0059.25, -1091.31]
1292, 1600, 979
[[-8.4008020e-02  9.9524096e-01  4.5092300e-02 -8.4170000e+01]
 [ 2.4244960e-02 -4.3006080e-02  9.9858560e-01  1.5412000e+02]
 [ 9.9596690e-01  8.5184800e-02 -2.0310100e-02 -1.1747600e+03]
 [ 0.0000000e+00  0.0000000e+00  0.0000000e+00  1.0000000e+00]]
[-0161.43, +0038.60, -1089.25]
1515, 1394, 1274
[[-8.4209800e-02  9.9524352e-01  4.4703560e-02 -8.4220000e+01]
 [ 2.4432120e-02 -4.2597800e-02  9.9860064e-01  1.5415000e+02]
 [ 9.9594736e-01  8.5384440e-02 -2.0524360e-02 -1.1747400e+03]
 [ 0.0000000e+00  0.0000000e+00  0.0000000e+00  1.0000000e+00]]
[-0177.63, +0084.09, -1082.66]
2156, 838, 1170
[[-8.5645860e-02  9.9499932e-01  4.5020900e-02 -8.4320000e+01]
 [ 2.6870200e-02 -4.2573000e-02  9.9843660e-01  1.5418000e+02]
 [ 9.9565482e-01  8.7028760e-02 -2.2776900e-02 -1.1747000e+03]
 [ 0.0000000e+00  0.0000000e+00  0.0000000e+00  1.0000000e+00]]
[-0143.54, +0152.50, -1145.95]
898, 820, 2243
[[-8.4415940e-02  9.9524148e-01  4.4297820e-02 -8.4330000e+01]
 [ 2.4219720e-02 -4.2202120e-02  9.9862012e-01  1.5408000e+02]
 [ 9.9593238e-01  8.5575320e-02 -2.0334820e-02 -1.1747200e+03]
 [ 0.0000000e+00  0.0000000e+00  0.0000000e+00  1.0000000e+00]]
[-0280.49, +0109.42, -1177.68]
2245, 1375, 1626
[[-8.5424680e-02  9.9524488e-01  4.3830480e-02 -8.4370000e+01]
 [ 2.7011920e-02 -4.1534260e-02  9.9864258e-01  1.5427000e+02]
 [ 9.9584328e-01  8.6627220e-02 -2.3198580e-02 -1.1747000e+03]
 [ 0.0000000e+00  0.0000000e+00  0.0000000e+00  1.0000000e+00]]
[-0161.39, +0130.04, -1120.26]
1179, 1311, 814
[[-8.4442580e-02  9.9519966e-01  4.5653400e-02 -8.4130000e+01]
 [ 2.3280660e-02 -4.3662820e-02  9.9860020e-01  1.5408000e+02]
 [ 9.9597420e-01  8.5568600e-02 -1.9296400e-02 -1.1747900e+03]
 [ 0.0000000e+00  0.0000000e+00  0.0000000e+00  1.0000000e+00]]
[-0158.00, +0049.34, -1078.73]
1901, 1377, 2129
[[-8.5015200e-02  9.9515076e-01  4.3477720e-02 -8.4440000e+01]
 [ 2.5892840e-02 -4.1150820e-02  9.9854976e-01  1.5427000e+02]
 [ 9.9576348e-01  8.6296160e-02 -2.1985380e-02 -1.1747100e+03]
 [ 0.0000000e+00  0.0000000e+00  0.0000000e+00  1.0000000e+00]]
[-0225.57, +0126.89, -1123.32]
810, 1433, 1288
[[-8.3810960e-02  9.9523164e-01  4.5672360e-02 -8.4100000e+01]
 [ 2.3866440e-02 -4.3624900e-02  9.9856822e-01  1.5406000e+02]
 [ 9.9599316e-01  8.4982820e-02 -1.9890100e-02 -1.1747800e+03]
 [ 0.0000000e+00  0.0000000e+00  0.0000000e+00  1.0000000e+00]]
[-0235.63, +0025.59, -1097.28]
924, 976, 1262
[[-8.4021460e-02  9.9511572e-01  4.5769040e-02 -8.4140000e+01]
 [ 2.3776440e-02 -4.3637460e-02  9.9847992e-01  1.5404000e+02]
 [ 9.9588392e-01  8.5277040e-02 -1.9692160e-02 -1.1747600e+03]
 [ 0.0000000e+00  0.0000000e+00  0.0000000e+00  1.0000000e+00]]
[-0238.03, +0081.66, -1078.68]
1906, 2224, 1172
[[-8.4997800e-02  9.9528904e-01  4.2418680e-02 -8.4260000e+01]
 [ 2.6743560e-02 -4.0100520e-02  9.9865736e-01  1.5446000e+02]
 [ 9.9583352e-01  8.6205960e-02 -2.3018280e-02 -1.1747800e+03]
 [ 0.0000000e+00  0.0000000e+00  0.0000000e+00  1.0000000e+00]]
[-0139.46, +0036.62, -1126.65]
2201, 1501, 1920
[[-8.6454900e-02  9.9502092e-01  4.2651740e-02 -8.4460000e+01]
 [ 2.7182360e-02 -4.0137360e-02  9.9851772e-01  1.5435000e+02]
 [ 9.9556362e-01  8.7805960e-02 -2.3252100e-02 -1.1747000e+03]
 [ 0.0000000e+00  0.0000000e+00  0.0000000e+00  1.0000000e+00]]
[-0188.59, +0127.81, -1116.60]
2147, 1741, 966
[[-8.4185800e-02  9.9517642e-01  4.3867540e-02 -8.4210000e+01]
 [ 2.5892860e-02 -4.1534260e-02  9.9850702e-01  1.5426000e+02]
 [ 9.9580622e-01  8.5502060e-02 -2.1959700e-02 -1.1747300e+03]
 [ 0.0000000e+00  0.0000000e+00  0.0000000e+00  1.0000000e+00]]
[-0116.01, +0080.94, -1131.86]
1730, 1768, 1157
[[-8.3785040e-02  9.9527784e-01  4.3900080e-02 -8.4190000e+01]
 [ 2.4389520e-02 -4.1769040e-02  9.9860104e-01  1.5421000e+02]
 [ 9.9594696e-01  8.4975920e-02 -2.0532640e-02 -1.1747600e+03]
 [ 0.0000000e+00  0.0000000e+00  0.0000000e+00  1.0000000e+00]]
[-0148.93, +0056.38, -1099.87]
1510, 1032, 1669
[[-8.3991220e-02  9.9537070e-01  4.4432380e-02 -8.4230000e+01]
 [ 2.5113100e-02 -4.2362740e-02  9.9868630e-01  1.5414000e+02]
 [ 9.9604538e-01  8.5100900e-02 -2.1332520e-02 -1.1747200e+03]
 [ 0.0000000e+00  0.0000000e+00  0.0000000e+00  1.0000000e+00]]
[-0224.89, +0127.13, -1103.70]
767, 2056, 856
[[-8.2754740e-02  9.9530242e-01  4.4471280e-02 -8.4020000e+01]
 [ 2.3993620e-02 -4.2362740e-02  9.9855048e-01  1.5416000e+02]
 [ 9.9600648e-01  8.3975280e-02 -2.0096040e-02 -1.1747700e+03]
 [ 0.0000000e+00  0.0000000e+00  0.0000000e+00  1.0000000e+00]]
[-0178.10, -0020.63, -1152.34]
1906, 2162, 929
[[-8.3532100e-02  9.9547084e-01  4.1715520e-02 -8.4210000e+01]
 [ 2.6983880e-02 -3.9435060e-02  9.9870404e-01  1.5453000e+02]
 [ 9.9597904e-01  8.4709480e-02 -2.3405200e-02 -1.1747700e+03]
 [ 0.0000000e+00  0.0000000e+00  0.0000000e+00  1.0000000e+00]]
[-0126.20, +0037.80, -1136.50]
1826, 830, 2030
[[-8.5653620e-02  9.9521172e-01  4.3529580e-02 -8.4380000e+01]
 [ 2.4610680e-02 -4.1411240e-02  9.9868428e-01  1.5419000e+02]
 [ 9.9585918e-01  8.6773320e-02 -2.0781620e-02 -1.1747600e+03]
 [ 0.0000000e+00  0.0000000e+00  0.0000000e+00  1.0000000e+00]]
[-0226.18, +0153.74, -1150.50]
2236, 2049, 1719
[[-8.4368100e-02  9.9532228e-01  4.2436740e-02 -8.4350000e+01]
 [ 2.7330360e-02 -4.0064400e-02  9.9862412e-01  1.5441000e+02]
 [ 9.9585158e-01  8.5619160e-02 -2.3611860e-02 -1.1747200e+03]
 [ 0.0000000e+00  0.0000000e+00  0.0000000e+00  1.0000000e+00]]
[-0159.35, +0078.03, -1110.40]
840, 1671, 1885
[[-8.4205600e-02  9.9525848e-01  4.3679360e-02 -8.4210000e+01]
 [ 2.3790400e-02 -4.1596260e-02  9.9862898e-01  1.5415000e+02]
 [ 9.9593240e-01  8.5360300e-02 -1.9939300e-02 -1.1747900e+03]
 [ 0.0000000e+00  0.0000000e+00  0.0000000e+00  1.0000000e+00]]
[-0267.27, +0033.92, -1141.28]
1812, 845, 1103
[[-8.4626320e-02  9.9522436e-01  4.4916360e-02 -8.4200000e+01]
 [ 2.4649160e-02 -4.2808180e-02  9.9861102e-01  1.5412000e+02]
 [ 9.9593244e-01  8.5790580e-02 -2.0730500e-02 -1.1747600e+03]
 [ 0.0000000e+00  0.0000000e+00  0.0000000e+00  1.0000000e+00]]
[-0151.94, +0147.18, -1115.97]
1646, 2035, 1925
[[-8.4388500e-02  9.9528936e-01  4.2751020e-02 -8.4320000e+01]
 [ 2.5350000e-02 -4.0532800e-02  9.9864040e-01  1.5426000e+02]
 [ 9.9588450e-01  8.5582480e-02 -2.1581140e-02 -1.1747400e+03]
 [ 0.0000000e+00  0.0000000e+00  0.0000000e+00  1.0000000e+00]]
[-0216.99, +0048.39, -1107.75]
823, 957, 1987
[[-8.3587300e-02  9.9537398e-01  4.4377140e-02 -8.4190000e+01]
 [ 2.3905900e-02 -4.2387460e-02  9.9868302e-01  1.5409000e+02]
 [ 9.9607590e-01  8.4675300e-02 -2.0112200e-02 -1.1747800e+03]
 [ 0.0000000e+00  0.0000000e+00  0.0000000e+00  1.0000000e+00]]
[-0287.19, +0093.79, -1153.76]
1751, 1640, 1674
[[-8.481250e-02  9.952554e-01  4.355470e-02 -8.427000e+01]
 [ 2.539260e-02 -4.136100e-02  9.986406e-01  1.542500e+02]
 [ 9.958843e-01  8.599140e-02 -2.157250e-02 -1.174770e+03]
 [ 0.000000e+00  0.000000e+00  0.000000e+00  1.000000e+00]]
[-0190.38, +0087.59, -1092.71]
775, 1800, 970
[[-8.3596020e-02  9.9525344e-01  4.5070940e-02 -8.4030000e+01]
 [ 2.3836640e-02 -4.3006080e-02  9.9857312e-01  1.5410000e+02]
 [ 9.9598826e-01  8.4776480e-02 -1.9898100e-02 -1.1747900e+03]
 [ 0.0000000e+00  0.0000000e+00  0.0000000e+00  1.0000000e+00]]
[-0194.22, -0012.71, -1123.26]
2182, 1085, 1710
[[-8.6251400e-02  9.9512214e-01  4.3144980e-02 -8.4440000e+01]
 [ 2.7099300e-02 -4.0742900e-02  9.9859530e-01  1.5429000e+02]
 [ 9.9568830e-01  8.7514980e-02 -2.3233940e-02 -1.1746900e+03]
 [ 0.0000000e+00  0.0000000e+00  0.0000000e+00  1.0000000e+00]]
[-0178.55, +0149.54, -1133.01]
1049, 1200, 1019
[[-8.4012420e-02  9.9533952e-01  4.5180560e-02 -8.4110000e+01]
 [ 2.3948480e-02 -4.3216500e-02  9.9868236e-01  1.5409000e+02]
 [ 9.9607656e-01  8.5083640e-02 -2.0104080e-02 -1.1747700e+03]
 [ 0.0000000e+00  0.0000000e+00  0.0000000e+00  1.0000000e+00]]
[-0193.78, +0056.00, -1071.36]
996, 1990, 1147
[[-8.3789160e-02  9.9527336e-01  4.3883160e-02 -8.4140000e+01]
 [ 2.3990040e-02 -4.1781480e-02  9.9860552e-01  1.5418000e+02]
 [ 9.9595144e-01  8.4967320e-02 -2.0128680e-02 -1.1747600e+03]
 [ 0.0000000e+00  0.0000000e+00  0.0000000e+00  1.0000000e+00]]
[-0190.21, -0006.50, -1126.40]
846, 1776, 1298
[[-8.3797640e-02  9.9525600e-01  4.4682120e-02 -8.4110000e+01]
 [ 2.4023880e-02 -4.2597800e-02  9.9858816e-01  1.5411000e+02]
 [ 9.9596880e-01  8.4976200e-02 -2.0112200e-02 -1.1747700e+03]
 [ 0.0000000e+00  0.0000000e+00  0.0000000e+00  1.0000000e+00]]
[-0221.46, +0004.68, -1115.94]
1784, 1619, 1635
[[-8.481250e-02  9.952554e-01  4.355470e-02 -8.428000e+01]
 [ 2.539260e-02 -4.136100e-02  9.986406e-01  1.542500e+02]
 [ 9.958843e-01  8.599140e-02 -2.157250e-02 -1.174760e+03]
 [ 0.000000e+00  0.000000e+00  0.000000e+00  1.000000e+00]]
[-0187.89, +0092.60, -1093.25]
1678, 1111, 1109
[[-8.3797640e-02  9.9514866e-01  4.4993340e-02 -8.4160000e+01]
 [ 2.4337260e-02 -4.2795700e-02  9.9848258e-01  1.5412000e+02]
 [ 9.9586794e-01  8.5081780e-02 -2.0310100e-02 -1.1747500e+03]
 [ 0.0000000e+00  0.0000000e+00  0.0000000e+00  1.0000000e+00]]
[-0156.40, +0114.71, -1091.93]
1595, 1387, 2187
[[-8.4812500e-02  9.9525920e-01  4.3138100e-02 -8.4350000e+01]
 [ 2.4976000e-02 -4.0965480e-02  9.9865376e-01  1.5422000e+02]
 [ 9.9588050e-01  8.5978240e-02 -2.1176980e-02 -1.1747300e+03]
 [ 0.0000000e+00  0.0000000e+00  0.0000000e+00  1.0000000e+00]]
[-0250.54, +0109.24, -1127.03]
1124, 1383, 1978
[[-8.5244980e-02  9.9521588e-01  4.3907300e-02 -8.4240000e+01]
 [ 2.4219880e-02 -4.1819280e-02  9.9866300e-01  1.5416000e+02]
 [ 9.9588950e-01  8.6369800e-02 -2.0360260e-02 -1.1747600e+03]
 [ 0.0000000e+00  0.0000000e+00  0.0000000e+00  1.0000000e+00]]
[-0264.22, +0074.97, -1121.45]
1894, 1871, 2118
[[-8.458792e-02  9.952946e-01  4.258780e-02 -8.439000e+01]
 [ 2.614460e-02 -4.031050e-02  9.986435e-01  1.543100e+02]
 [ 9.958622e-01  8.579650e-02 -2.239842e-02 -1.174710e+03]
 [ 0.000000e+00  0.000000e+00  0.000000e+00  1.000000e+00]]
[-0217.42, +0087.39, -1108.12]
1092, 1841, 2233
[[-8.4182080e-02  9.9530104e-01  4.2115440e-02 -8.4350000e+01]
 [ 2.4521360e-02 -3.9939700e-02  9.9865362e-01  1.5425000e+02]
 [ 9.9588984e-01  8.5359180e-02 -2.0781620e-02 -1.1747500e+03]
 [ 0.0000000e+00  0.0000000e+00  0.0000000e+00  1.0000000e+00]]
[-0264.43, +0047.95, -1146.66]
1827, 1091, 770
[[-8.3372800e-02  9.9527984e-01  4.4919520e-02 -8.4130000e+01]
 [ 2.5022240e-02 -4.2758740e-02  9.9855554e-01  1.5412000e+02]
 [ 9.9597872e-01  8.4600940e-02 -2.1110100e-02 -1.1747700e+03]
 [ 0.0000000e+00  0.0000000e+00  0.0000000e+00  1.0000000e+00]]
[-0115.35, +0113.47, -1119.09]
1065, 986, 1756
[[-8.4415940e-02  9.9524148e-01  4.4297820e-02 -8.4230000e+01]
 [ 2.4219720e-02 -4.2202120e-02  9.9862012e-01  1.5411000e+02]
 [ 9.9593238e-01  8.5575320e-02 -2.0334820e-02 -1.1747500e+03]
 [ 0.0000000e+00  0.0000000e+00  0.0000000e+00  1.0000000e+00]]
[-0266.29, +0104.66, -1116.16]
1216, 1520, 1751
[[-8.4828340e-02  9.9512786e-01  4.4005940e-02 -8.4230000e+01]
 [ 2.4316460e-02 -4.1806600e-02  9.9854698e-01  1.5424000e+02]
 [ 9.9580354e-01  8.6069180e-02 -2.0351700e-02 -1.1747600e+03]
 [ 0.0000000e+00  0.0000000e+00  0.0000000e+00  1.0000000e+00]]
[-0244.14, +0063.07, -1102.42]
1040, 1473, 1853
[[-8.3566900e-02  9.9530172e-01  4.3523660e-02 -8.4230000e+01]
 [ 2.4967560e-02 -4.1336360e-02  9.9859428e-01  1.5416000e+02]
 [ 9.9593998e-01  8.4784440e-02 -2.1142900e-02 -1.1747400e+03]
 [ 0.0000000e+00  0.0000000e+00  0.0000000e+00  1.0000000e+00]]
[-0264.84, +0059.31, -1120.27]
1735, 1072, 1411
[[-8.5236900e-02  9.9522104e-01  4.4358380e-02 -8.4240000e+01]
 [ 2.5435520e-02 -4.2189600e-02  9.9864056e-01  1.5417000e+02]
 [ 9.9588434e-01  8.6400320e-02 -2.1563940e-02 -1.1747600e+03]
 [ 0.0000000e+00  0.0000000e+00  0.0000000e+00  1.0000000e+00]]
[-0178.89, +0131.86, -1099.32]
1092, 1256, 1926
[[-8.5030560e-02  9.9513012e-01  4.3617320e-02 -8.4300000e+01]
 [ 2.4503320e-02 -4.1398560e-02  9.9856188e-01  1.5413000e+02]
 [ 9.9578412e-01  8.6268680e-02 -2.0566560e-02 -1.1747800e+03]
 [ 0.0000000e+00  0.0000000e+00  0.0000000e+00  1.0000000e+00]]
[-0270.03, +0084.04, -1123.99]
1340, 1586, 2089
[[-8.4388500e-02  9.9528754e-01  4.2959280e-02 -8.4340000e+01]
 [ 2.5558260e-02 -4.0730580e-02  9.9863384e-01  1.5424000e+02]
 [ 9.9588632e-01  8.5589040e-02 -2.1778920e-02 -1.1747600e+03]
 [ 0.0000000e+00  0.0000000e+00  0.0000000e+00  1.0000000e+00]]
[-0258.01, +0076.99, -1122.62]
1760, 1985, 1102
[[-8.4185800e-02  9.9528336e-01  4.3556120e-02 -8.4260000e+01]
 [ 2.5579560e-02 -4.1336360e-02  9.9861264e-01  1.5429000e+02]
 [ 9.9590752e-01  8.5396440e-02 -2.1761800e-02 -1.1748000e+03]
 [ 0.0000000e+00  0.0000000e+00  0.0000000e+00  1.0000000e+00]]
[-0136.63, +0041.80, -1115.69]
1140, 1897, 1820
[[-8.3983300e-02  9.9517972e-01  4.3631440e-02 -8.4260000e+01]
 [ 2.5081160e-02 -4.1348640e-02  9.9851228e-01  1.5420000e+02]
 [ 9.9581992e-01  8.5282840e-02 -2.1151300e-02 -1.1747500e+03]
 [ 0.0000000e+00  0.0000000e+00  0.0000000e+00  1.0000000e+00]]
[-0243.55, +0031.13, -1121.85]
1094, 1254, 1250
[[-8.4003700e-02  9.9524762e-01  4.4901040e-02 -8.4190000e+01]
 [ 2.4436220e-02 -4.2795700e-02  9.9858776e-01  1.5415000e+02]
 [ 9.9596024e-01  8.5186960e-02 -2.0516160e-02 -1.1747800e+03]
 [ 0.0000000e+00  0.0000000e+00  0.0000000e+00  1.0000000e+00]]
[-0214.71, +0063.53, -1077.15]
1589, 1252, 2233
[[-8.5428240e-02  9.9535216e-01  4.2876520e-02 -8.4430000e+01]
 [ 2.5673920e-02 -4.0755300e-02  9.9877316e-01  1.5425000e+02]
 [ 9.9594436e-01  8.6493080e-02 -2.2002900e-02 -1.1747500e+03]
 [ 0.0000000e+00  0.0000000e+00  0.0000000e+00  1.0000000e+00]]
[-0251.43, +0120.26, -1136.64]
940, 1790, 1882
[[-8.3995300e-02  9.9516198e-01  4.3996940e-02 -8.4160000e+01]
 [ 2.4299220e-02 -4.1781480e-02  9.9851286e-01  1.5417000e+02]
 [ 9.9583766e-01  8.5270260e-02 -2.0334820e-02 -1.1748000e+03]
 [ 0.0000000e+00  0.0000000e+00  0.0000000e+00  1.0000000e+00]]
[-0255.74, +0028.57, -1134.63]
1254, 791, 2120
[[-8.5034600e-02  9.9512154e-01  4.4016780e-02 -8.4320000e+01]
 [ 2.4520500e-02 -4.1806600e-02  9.9855330e-01  1.5416000e+02]
 [ 9.9579270e-01  8.6273220e-02 -2.0557960e-02 -1.1748100e+03]
 [ 0.0000000e+00  0.0000000e+00  0.0000000e+00  1.0000000e+00]]
[-0265.04, +0132.46, -1159.29]
2102, 1642, 1946
[[-8.5621220e-02  9.9526248e-01  4.2851580e-02 -8.4430000e+01]
 [ 2.7372480e-02 -4.0508320e-02  9.9866728e-01  1.5431000e+02]
 [ 9.9580842e-01  8.6822720e-02 -2.3629540e-02 -1.1747400e+03]
 [ 0.0000000e+00  0.0000000e+00  0.0000000e+00  1.0000000e+00]]
[-0189.18, +0113.06, -1108.19]
2013, 990, 851
[[-8.4222880e-02  9.9522136e-01  4.5485520e-02 -8.4170000e+01]
 [ 2.4066640e-02 -4.3426960e-02  9.9858744e-01  1.5411000e+02]
 [ 9.9596952e-01  8.5384560e-02 -2.0104080e-02 -1.1748000e+03]
 [ 0.0000000e+00  0.0000000e+00  0.0000000e+00  1.0000000e+00]]
[-0120.42, +0130.11, -1134.07]
1346, 1961, 951
[[-8.2956520e-02  9.9530496e-01  4.4082400e-02 -8.4190000e+01]
 [ 2.4180960e-02 -4.1954580e-02  9.9856530e-01  1.5424000e+02]
 [ 9.9598720e-01  8.4174900e-02 -2.0310100e-02 -1.1747900e+03]
 [ 0.0000000e+00  0.0000000e+00  0.0000000e+00  1.0000000e+00]]
[-0150.17, +0013.68, -1118.02]
1177, 2046, 816
[[-8.4403700e-02  9.9515214e-01  4.4243820e-02 -8.4140000e+01]
 [ 2.5315020e-02 -4.1966900e-02  9.9851406e-01  1.5421000e+02]
 [ 9.9581346e-01  8.5693620e-02 -2.1349160e-02 -1.1747600e+03]
 [ 0.0000000e+00  0.0000000e+00  0.0000000e+00  1.0000000e+00]]
[-0149.86, -0002.44, -1137.43]
1905, 1392, 2079
[[-8.5221700e-02  9.9525512e-01  4.2760460e-02 -8.4420000e+01]
 [ 2.5366720e-02 -4.0557600e-02  9.9867464e-01  1.5424000e+02]
 [ 9.9585026e-01  8.6381440e-02 -2.1598660e-02 -1.1747400e+03]
 [ 0.0000000e+00  0.0000000e+00  0.0000000e+00  1.0000000e+00]]
[-0222.31, +0126.46, -1120.22]
1001, 1670, 892
[[-8.3797640e-02  9.9535902e-01  4.4787300e-02 -8.4100000e+01]
 [ 2.4126900e-02 -4.2795700e-02  9.9868050e-01  1.5411000e+02]
 [ 9.9607398e-01  8.4883860e-02 -2.0310100e-02 -1.1747800e+03]
 [ 0.0000000e+00  0.0000000e+00  0.0000000e+00  1.0000000e+00]]
[-0173.29, +0007.32, -1101.11]
1261, 1093, 1399
[[-8.3995300e-02  9.9526094e-01  4.4518520e-02 -8.4190000e+01]
 [ 2.4818740e-02 -4.2375060e-02  9.9859196e-01  1.5413000e+02]
 [ 9.9594692e-01  8.5191160e-02 -2.0928400e-02 -1.1747300e+03]
 [ 0.0000000e+00  0.0000000e+00  0.0000000e+00  1.0000000e+00]]
[-0218.78, +0098.60, -1081.83]
1814, 1490, 1218
[[-8.4403700e-02  9.9536238e-01  4.4037540e-02 -8.4230000e+01]
 [ 2.5104780e-02 -4.1966900e-02  9.9871194e-01  1.5422000e+02]
 [ 9.9601974e-01  8.5495740e-02 -2.1349160e-02 -1.1747500e+03]
 [ 0.0000000e+00  0.0000000e+00  0.0000000e+00  1.0000000e+00]]
[-0147.41, +0089.88, -1096.94]
1330, 946, 1485
[[-8.4420180e-02  9.9523276e-01  4.4697300e-02 -8.4200000e+01]
 [ 2.4236760e-02 -4.2610320e-02  9.9861140e-01  1.5411000e+02]
 [ 9.9594110e-01  8.5579800e-02 -2.0326500e-02 -1.1747500e+03]
 [ 0.0000000e+00  0.0000000e+00  0.0000000e+00  1.0000000e+00]]
[-0223.73, +0122.27, -1092.93]
1344, 889, 1090
[[-8.4012420e-02  9.9533952e-01  4.5180560e-02 -8.4140000e+01]
 [ 2.3948480e-02 -4.3216500e-02  9.9868236e-01  1.5407000e+02]
 [ 9.9607656e-01  8.5083640e-02 -2.0104080e-02 -1.1747400e+03]
 [ 0.0000000e+00  0.0000000e+00  0.0000000e+00  1.0000000e+00]]
[-0183.69, +0119.21, -1079.33]
1767, 835, 867
[[-8.4008020e-02  9.9534398e-01  4.5197500e-02 -8.4150000e+01]
 [ 2.4347980e-02 -4.3204020e-02  9.9867790e-01  1.5409000e+02]
 [ 9.9607210e-01  8.5092500e-02 -2.0508040e-02 -1.1747300e+03]
 [ 0.0000000e+00  0.0000000e+00  0.0000000e+00  1.0000000e+00]]
[-0132.55, +0138.69, -1116.21]
1298, 974, 2117
[[-8.5034600e-02  9.9522876e-01  4.3705320e-02 -8.4330000e+01]
 [ 2.4207000e-02 -4.1608900e-02  9.9865870e-01  1.5417000e+02]
 [ 9.9589380e-01  8.6167820e-02 -2.0360260e-02 -1.1747400e+03]
 [ 0.0000000e+00  0.0000000e+00  0.0000000e+00  1.0000000e+00]]
[-0265.04, +0123.17, -1146.35]
884, 1467, 1832
[[-8.358306e-02  9.952733e-01  4.449704e-02 -8.413000e+01]
 [ 2.441054e-02 -4.237506e-02  9.985796e-01  1.541100e+02]
 [ 9.959684e-01  8.478296e-02 -2.051616e-02 -1.174760e+03]
 [ 0.000000e+00  0.000000e+00  0.000000e+00  1.000000e+00]]
[-0266.95, +0048.51, -1126.08]
1116, 1433, 1148
[[-8.4415940e-02  9.9534246e-01  4.4611260e-02 -8.4130000e+01]
 [ 2.4531060e-02 -4.2597800e-02  9.9870582e-01  1.5412000e+02]
 [ 9.9603966e-01  8.5489620e-02 -2.0730500e-02 -1.1747400e+03]
 [ 0.0000000e+00  0.0000000e+00  0.0000000e+00  1.0000000e+00]]
[-0196.12, +0043.48, -1079.99]
975, 1012, 2016
[[-8.3999460e-02  9.9515752e-01  4.3979960e-02 -8.4230000e+01]
 [ 2.3899760e-02 -4.1794000e-02  9.9851732e-01  1.5411000e+02]
 [ 9.9584212e-01  8.5261640e-02 -1.9930900e-02 -1.1747300e+03]
 [ 0.0000000e+00  0.0000000e+00  0.0000000e+00  1.0000000e+00]]
[-0280.81, +0098.98, -1145.68]
1922, 2212, 1620
[[-8.4797940e-02  9.9538690e-01  4.2686700e-02 -8.4290000e+01]
 [ 2.6052300e-02 -4.0520520e-02  9.9874678e-01  1.5437000e+02]
 [ 9.9596110e-01  8.5899780e-02 -2.2398420e-02 -1.1747900e+03]
 [ 0.0000000e+00  0.0000000e+00  0.0000000e+00  1.0000000e+00]]
[-0165.68, +0045.67, -1110.64]
1621, 1545, 2127
[[-8.4602320e-02  9.9527008e-01  4.3144320e-02 -8.4360000e+01]
 [ 2.5171520e-02 -4.0953040e-02  9.9864288e-01  1.5422000e+02]
 [ 9.9588672e-01  8.5782720e-02 -2.1374720e-02 -1.1747600e+03]
 [ 0.0000000e+00  0.0000000e+00  0.0000000e+00  1.0000000e+00]]
[-0245.86, +0097.32, -1118.00]
1119, 1379, 778
[[-8.4008020e-02  9.9523878e-01  4.5300520e-02 -8.4090000e+01]
 [ 2.4453180e-02 -4.3204020e-02  9.9857892e-01  1.5411000e+02]
 [ 9.9596908e-01  8.5191480e-02 -2.0508040e-02 -1.1747600e+03]
 [ 0.0000000e+00  0.0000000e+00  0.0000000e+00  1.0000000e+00]]
[-0157.93, +0037.15, -1082.52]
929, 1239, 1384
[[-8.4214080e-02  9.9523904e-01  4.4686560e-02 -8.4150000e+01]
 [ 2.4032640e-02 -4.2610320e-02  9.9860512e-01  1.5411000e+02]
 [ 9.9595184e-01  8.5375680e-02 -2.0120400e-02 -1.1747700e+03]
 [ 0.0000000e+00  0.0000000e+00  0.0000000e+00  1.0000000e+00]]
[-0242.66, +0056.47, -1088.31]
1455, 1557, 1834
[[-8.5022720e-02  9.9524832e-01  4.3131840e-02 -8.4310000e+01]
 [ 2.4780480e-02 -4.0978000e-02  9.9866464e-01  1.5424000e+02]
 [ 9.9587424e-01  8.6173760e-02 -2.0979280e-02 -1.1747800e+03]
 [ 0.0000000e+00  0.0000000e+00  0.0000000e+00  1.0000000e+00]]
[-0232.31, +0079.85, -1099.72]
1522, 908, 1002
[[-8.4209800e-02  9.9523928e-01  4.5120040e-02 -8.4160000e+01]
 [ 2.4848600e-02 -4.2993640e-02  9.9858728e-01  1.5411000e+02]
 [ 9.9595160e-01  8.5397800e-02 -2.0920200e-02 -1.1747400e+03]
 [ 0.0000000e+00  0.0000000e+00  0.0000000e+00  1.0000000e+00]]
[-0159.22, +0125.73, -1089.38]
1161, 1120, 803
[[-8.3390080e-02  9.9525744e-01  4.5268480e-02 -8.4090000e+01]
 [ 2.3840640e-02 -4.3204020e-02  9.9856026e-01  1.5409000e+02]
 [ 9.9600112e-01  8.4578940e-02 -1.9890100e-02 -1.1747600e+03]
 [ 0.0000000e+00  0.0000000e+00  0.0000000e+00  1.0000000e+00]]
[-0161.35, +0066.25, -1071.88]
1892, 1870, 1412
[[-8.4805060e-02  9.9526682e-01  4.3380640e-02 -8.4280000e+01]
 [ 2.5983260e-02 -4.1138500e-02  9.9863768e-01  1.5429000e+02]
 [ 9.9587288e-01  8.6001760e-02 -2.2183200e-02 -1.1747600e+03]
 [ 0.0000000e+00  0.0000000e+00  0.0000000e+00  1.0000000e+00]]
[-0154.16, +0066.85, -1101.60]
1149, 1767, 1409
[[-8.3578900e-02  9.9528198e-01  4.4097560e-02 -8.4210000e+01]
 [ 2.4393660e-02 -4.1966900e-02  9.9858828e-01  1.5418000e+02]
 [ 9.9595972e-01  8.4778440e-02 -2.0524360e-02 -1.1747600e+03]
 [ 0.0000000e+00  0.0000000e+00  0.0000000e+00  1.0000000e+00]]
[-0211.18, +0025.96, -1099.46]
808, 1438, 2121
[[-8.4197440e-02  9.9526744e-01  4.3713360e-02 -8.4260000e+01]
 [ 2.4589360e-02 -4.1571220e-02  9.9862002e-01  1.5414000e+02]
 [ 9.9592344e-01  8.5377420e-02 -2.0747220e-02 -1.1747400e+03]
 [ 0.0000000e+00  0.0000000e+00  0.0000000e+00  1.0000000e+00]]
[-0281.38, +0057.61, -1160.27]
917, 861, 1015
[[-8.4016900e-02  9.9522764e-01  4.5474820e-02 -8.4090000e+01]
 [ 2.3862440e-02 -4.3426960e-02  9.9858116e-01  1.5404000e+02]
 [ 9.9598022e-01  8.5180360e-02 -1.9898100e-02 -1.1747700e+03]
 [ 0.0000000e+00  0.0000000e+00  0.0000000e+00  1.0000000e+00]]
[-0215.50, +0086.67, -1066.36]
2094, 1380, 880
[[-8.4606120e-02  9.9536094e-01  4.4065460e-02 -8.4230000e+01]
 [ 2.5708340e-02 -4.1954580e-02  9.9871338e-01  1.5424000e+02]
 [ 9.9600414e-01  8.5708420e-02 -2.1959700e-02 -1.1747400e+03]
 [ 0.0000000e+00  0.0000000e+00  0.0000000e+00  1.0000000e+00]]
[-0112.17, +0102.46, -1132.72]
1077, 2142, 1582
[[-8.4388500e-02  9.9539258e-01  4.2856060e-02 -8.4240000e+01]
 [ 2.5453220e-02 -4.0730580e-02  9.9873274e-01  1.5427000e+02]
 [ 9.9598954e-01  8.5490140e-02 -2.1778920e-02 -1.1747300e+03]
 [ 0.0000000e+00  0.0000000e+00  0.0000000e+00  1.0000000e+00]]
[-0217.06, +0002.11, -1134.83]
1829, 946, 1583
[[-8.4395940e-02  9.9505852e-01  4.4172860e-02 -8.4270000e+01]
 [ 2.6010760e-02 -4.1744400e-02  9.9841228e-01  1.5417000e+02]
 [ 9.9569882e-01  8.5803160e-02 -2.1959700e-02 -1.1747200e+03]
 [ 0.0000000e+00  0.0000000e+00  0.0000000e+00  1.0000000e+00]]
[-0191.84, +0151.36, -1119.70]
1973, 2142, 1288
[[-8.3964900e-02  9.9531596e-01  4.2780220e-02 -8.4270000e+01]
 [ 2.6140600e-02 -4.0496200e-02  9.9861380e-01  1.5436000e+02]
 [ 9.9589190e-01  8.5199720e-02 -2.2381060e-02 -1.1747700e+03]
 [ 0.0000000e+00  0.0000000e+00  0.0000000e+00  1.0000000e+00]]
[-0142.33, +0047.36, -1118.33]
1205, 1327, 1911
[[-8.4610000e-02  9.9536012e-01  4.3631840e-02 -8.4280000e+01]
 [ 2.4892280e-02 -4.1571220e-02  9.9873136e-01  1.5419000e+02]
 [ 9.9600496e-01  8.5686560e-02 -2.1159780e-02 -1.1747500e+03]
 [ 0.0000000e+00  0.0000000e+00  0.0000000e+00  1.0000000e+00]]
[-0261.33, +0086.29, -1116.03]
2070, 827, 1835
[[-8.6055220e-02  9.9510998e-01  4.3498460e-02 -8.4420000e+01]
 [ 2.6113820e-02 -4.1175700e-02  9.9859054e-01  1.5423000e+02]
 [ 9.9571786e-01  8.7299060e-02 -2.2209480e-02 -1.1747100e+03]
 [ 0.0000000e+00  0.0000000e+00  0.0000000e+00  1.0000000e+00]]
[-0196.40, +0160.21, -1148.89]
2020, 1888, 866
[[-8.3987220e-02  9.9517114e-01  4.4030900e-02 -8.4170000e+01]
 [ 2.5098140e-02 -4.1756680e-02  9.9850370e-01  1.5426000e+02]
 [ 9.9582850e-01  8.5287500e-02 -2.1142900e-02 -1.1747600e+03]
 [ 0.0000000e+00  0.0000000e+00  0.0000000e+00  1.0000000e+00]]
[-0114.85, +0060.86, -1134.62]
1323, 1844, 1617
[[-8.4613960e-02  9.9525040e-01  4.3717920e-02 -8.4240000e+01]
 [ 2.4597920e-02 -4.1583700e-02  9.9863706e-01  1.5422000e+02]
 [ 9.9590640e-01  8.5776900e-02 -2.0755700e-02 -1.1747500e+03]
 [ 0.0000000e+00  0.0000000e+00  0.0000000e+00  1.0000000e+00]]
[-0216.85, +0038.02, -1101.07]
1215, 1956, 1063
[[-8.3368680e-02  9.9529268e-01  4.4103720e-02 -8.4160000e+01]
 [ 2.4589080e-02 -4.1954580e-02  9.9857758e-01  1.5423000e+02]
 [ 9.9596588e-01  8.4583020e-02 -2.0722260e-02 -1.1747400e+03]
 [ 0.0000000e+00  0.0000000e+00  0.0000000e+00  1.0000000e+00]]
[-0168.86, +0007.38, -1114.39]
1917, 1096, 1156
[[-8.4824260e-02  9.9523352e-01  4.4336540e-02 -8.4230000e+01]
 [ 2.5027360e-02 -4.2189600e-02  9.9862808e-01  1.5418000e+02]
 [ 9.9590618e-01  8.5992160e-02 -2.1151300e-02 -1.1747600e+03]
 [ 0.0000000e+00  0.0000000e+00  0.0000000e+00  1.0000000e+00]]
[-0144.31, +0130.30, -1111.73]
1802, 1449, 1788
[[-8.4193480e-02  9.9527204e-01  4.3730360e-02 -8.4270000e+01]
 [ 2.4988840e-02 -4.1558820e-02  9.9861542e-01  1.5421000e+02]
 [ 9.9591884e-01  8.5385980e-02 -2.1151300e-02 -1.1747300e+03]
 [ 0.0000000e+00  0.0000000e+00  0.0000000e+00  1.0000000e+00]]
[-0205.60, +0108.84, -1099.32]
1300, 2158, 1660
[[-8.4189600e-02  9.9517740e-01  4.3225800e-02 -8.4280000e+01]
 [ 2.4868680e-02 -4.0953040e-02  9.9853160e-01  1.5429000e+02]
 [ 9.9580524e-01  8.5473680e-02 -2.0962000e-02 -1.1747800e+03]
 [ 0.0000000e+00  0.0000000e+00  0.0000000e+00  1.0000000e+00]]
[-0209.03, +0012.59, -1122.95]
1684, 2186, 1968
[[-8.5624500e-02  9.9526238e-01  4.2209160e-02 -8.4420000e+01]
 [ 2.6347860e-02 -3.9927300e-02  9.9869228e-01  1.5436000e+02]
 [ 9.9580852e-01  8.6794440e-02 -2.2631760e-02 -1.1747600e+03]
 [ 0.0000000e+00  0.0000000e+00  0.0000000e+00  1.0000000e+00]]
[-0212.08, +0042.77, -1112.88]
2091, 1049, 1051
[[-8.5232980e-02  9.9512260e-01  4.4270440e-02 -8.4280000e+01]
 [ 2.5731800e-02 -4.1979300e-02  9.9854360e-01  1.5421000e+02]
 [ 9.9577444e-01  8.6501200e-02 -2.1770320e-02 -1.1747600e+03]
 [ 0.0000000e+00  0.0000000e+00  0.0000000e+00  1.0000000e+00]]
[-0130.02, +0135.08, -1131.93]
1496, 1967, 2060
[[-8.5015200e-02  9.9515812e-01  4.2644440e-02 -8.4340000e+01]
 [ 2.5059560e-02 -4.0359940e-02  9.9857608e-01  1.5428000e+02]
 [ 9.9575612e-01  8.6269840e-02 -2.1194500e-02 -1.1747500e+03]
 [ 0.0000000e+00  0.0000000e+00  0.0000000e+00  1.0000000e+00]]
[-0238.50, +0051.17, -1116.91]
1875, 1507, 1924
[[-8.4602320e-02  9.9516312e-01  4.3455800e-02 -8.4300000e+01]
 [ 2.5484880e-02 -4.1150820e-02  9.9853740e-01  1.5423000e+02]
 [ 9.9578540e-01  8.5888200e-02 -2.1572500e-02 -1.1747200e+03]
 [ 0.0000000e+00  0.0000000e+00  0.0000000e+00  1.0000000e+00]]
[-0207.44, +0113.72, -1105.39]
1989, 1065, 1510
[[-8.4606120e-02  9.9515266e-01  4.4063540e-02 -8.4250000e+01]
 [ 2.5710260e-02 -4.1756680e-02  9.9852218e-01  1.5420000e+02]
 [ 9.9579586e-01  8.5899620e-02 -2.1761800e-02 -1.1747300e+03]
 [ 0.0000000e+00  0.0000000e+00  0.0000000e+00  1.0000000e+00]]
[-0170.64, +0145.48, -1119.36]
1377, 1433, 1499
[[-8.4407700e-02  9.9525262e-01  4.4123640e-02 -8.4200000e+01]
 [ 2.4810420e-02 -4.1979300e-02  9.9861764e-01  1.5417000e+02]
 [ 9.9592124e-01  8.5586040e-02 -2.0945040e-02 -1.1747400e+03]
 [ 0.0000000e+00  0.0000000e+00  0.0000000e+00  1.0000000e+00]]
[-0210.21, +0074.29, -1084.52]
1970, 1687, 1165
[[-8.4185800e-02  9.9517830e-01  4.3659300e-02 -8.4230000e+01]
 [ 2.5684620e-02 -4.1336360e-02  9.9851370e-01  1.5425000e+02]
 [ 9.9580434e-01  8.5495380e-02 -2.1761800e-02 -1.1747400e+03]
 [ 0.0000000e+00  0.0000000e+00  0.0000000e+00  1.0000000e+00]]
[-0131.41, +0081.37, -1110.55]
2040, 2027, 2074
[[-8.4791140e-02  9.9529678e-01  4.2199320e-02 -8.4410000e+01]
 [ 2.6331380e-02 -3.9902740e-02  9.9865788e-01  1.5437000e+02]
 [ 9.9584292e-01  8.5995480e-02 -2.2613840e-02 -1.1746900e+03]
 [ 0.0000000e+00  0.0000000e+00  0.0000000e+00  1.0000000e+00]]
[-0201.91, +0080.07, -1107.05]
2170, 953, 1755
[[-8.5631300e-02  9.9513720e-01  4.3528200e-02 -8.4390000e+01]
 [ 2.6904240e-02 -4.1138500e-02  9.9856332e-01  1.5425000e+02]
 [ 9.9572532e-01  8.6916600e-02 -2.3009440e-02 -1.1746800e+03]
 [ 0.0000000e+00  0.0000000e+00  0.0000000e+00  1.0000000e+00]]
[-0183.40, +0155.94, -1142.13]
1161, 1622, 1916
[[-8.460232e-02  9.952682e-01  4.335260e-02 -8.428000e+01]
 [ 2.537980e-02 -4.115082e-02  9.986363e-01  1.542000e+02]
 [ 9.958886e-01  8.578930e-02 -2.157250e-02 -1.174710e+03]
 [ 0.000000e+00  0.000000e+00  0.000000e+00  1.000000e+00]]
[-0257.27, +0056.05, -1118.42]
1359, 2202, 1374
[[-8.3979460e-02  9.9529328e-01  4.3128820e-02 -8.4210000e+01]
 [ 2.4959120e-02 -4.0940680e-02  9.9861968e-01  1.5430000e+02]
 [ 9.9591458e-01  8.5179280e-02 -2.1159780e-02 -1.1747400e+03]
 [ 0.0000000e+00  0.0000000e+00  0.0000000e+00  1.0000000e+00]]
[-0180.59, +0008.43, -1124.14]
1555, 1917, 1116
[[-8.4403700e-02  9.9515412e-01  4.4035560e-02 -8.4200000e+01]
 [ 2.5106760e-02 -4.1769040e-02  9.9852072e-01  1.5423000e+02]
 [ 9.9581148e-01  8.5686960e-02 -2.1151300e-02 -1.1747500e+03]
 [ 0.0000000e+00  0.0000000e+00  0.0000000e+00  1.0000000e+00]]
[-0151.04, +0037.07, -1105.39]
857, 1465, 1435
[[-8.3170980e-02  9.9528566e-01  4.4475720e-02 -8.4120000e+01]
 [ 2.4002340e-02 -4.2375060e-02  9.9856724e-01  1.5411000e+02]
 [ 9.9598972e-01  8.4374760e-02 -2.0104080e-02 -1.1747700e+03]
 [ 0.0000000e+00  0.0000000e+00  0.0000000e+00  1.0000000e+00]]
[-0244.80, +0032.05, -1102.71]
1164, 1689, 1314
[[-8.3574820e-02  9.9528452e-01  4.4322620e-02 -8.4150000e+01]
 [ 2.5001320e-02 -4.2152520e-02  9.9857708e-01  1.5418000e+02]
 [ 9.9595718e-01  8.4793720e-02 -2.1126340e-02 -1.1747200e+03]
 [ 0.0000000e+00  0.0000000e+00  0.0000000e+00  1.0000000e+00]]
[-0202.62, +0029.77, -1092.77]
1588, 845, 944
[[-8.4218440e-02  9.9512282e-01  4.5397300e-02 -8.4130000e+01]
 [ 2.4363100e-02 -4.3216500e-02  9.9849070e-01  1.5408000e+02]
 [ 9.9585982e-01  8.5485740e-02 -2.0310100e-02 -1.1747300e+03]
 [ 0.0000000e+00  0.0000000e+00  0.0000000e+00  1.0000000e+00]]
[-0149.44, +0133.43, -1097.62]
1452, 1759, 1616
[[-8.3983300e-02  9.9538794e-01  4.3633380e-02 -8.4210000e+01]
 [ 2.5079220e-02 -4.1546500e-02  9.9870354e-01  1.5420000e+02]
 [ 9.9602814e-01  8.5091580e-02 -2.1349160e-02 -1.1747200e+03]
 [ 0.0000000e+00  0.0000000e+00  0.0000000e+00  1.0000000e+00]]
[-0209.21, +0052.15, -1093.96]
1839, 1936, 982
[[-8.356306e-02  9.953064e-01  4.354054e-02 -8.416000e+01]
 [ 2.536704e-02 -4.132416e-02  9.985896e-01  1.542700e+02]
 [ 9.959353e-01  8.479296e-02 -2.154706e-02 -1.174710e+03]
 [ 0.000000e+00  0.000000e+00  0.000000e+00  1.000000e+00]]
[-0124.94, +0048.70, -1122.57]
905, 1522, 1168
[[-8.3385640e-02  9.9537146e-01  4.4766020e-02 -8.4080000e+01]
 [ 2.3718620e-02 -4.2795700e-02  9.9866806e-01  1.5410000e+02]
 [ 9.9609526e-01  8.4475580e-02 -1.9898100e-02 -1.1747500e+03]
 [ 0.0000000e+00  0.0000000e+00  0.0000000e+00  1.0000000e+00]]
[-0214.39, +0020.72, -1092.61]
1577, 2004, 1728
[[-8.4384900e-02  9.9529234e-01  4.2976320e-02 -8.4270000e+01]
 [ 2.5957740e-02 -4.0718340e-02  9.9862904e-01  1.5429000e+02]
 [ 9.9588152e-01  8.5597440e-02 -2.2183200e-02 -1.1746900e+03]
 [ 0.0000000e+00  0.0000000e+00  0.0000000e+00  1.0000000e+00]]
[-0202.80, +0043.95, -1102.32]
2030, 1796, 1215
[[-8.4182080e-02  9.9528816e-01  4.3573120e-02 -8.4230000e+01]
 [ 2.5979040e-02 -4.1324160e-02  9.9860784e-01  1.5426000e+02]
 [ 9.9590272e-01  8.5404960e-02 -2.2166080e-02 -1.1747200e+03]
 [ 0.0000000e+00  0.0000000e+00  0.0000000e+00  1.0000000e+00]]
[-0132.32, +0079.07, -1113.87]
1677, 1193, 1295
[[-8.4415940e-02  9.9523938e-01  4.4506080e-02 -8.4170000e+01]
 [ 2.4427980e-02 -4.2399940e-02  9.9861352e-01  1.5415000e+02]
 [ 9.9593448e-01  8.5581920e-02 -2.0532640e-02 -1.1747200e+03]
 [ 0.0000000e+00  0.0000000e+00  0.0000000e+00  1.0000000e+00]]
[-0173.30, +0111.29, -1089.02]
1368, 1870, 909
[[-8.3995300e-02  9.9526300e-01  4.4310300e-02 -8.4110000e+01]
 [ 2.4610520e-02 -4.2177160e-02  9.9859860e-01  1.5418000e+02]
 [ 9.9594486e-01  8.5184520e-02 -2.0730500e-02 -1.1747200e+03]
 [ 0.0000000e+00  0.0000000e+00  0.0000000e+00  1.0000000e+00]]
[-0145.29, +0019.98, -1113.03]
2187, 1082, 1648
[[-8.6261840e-02  9.9510552e-01  4.3301160e-02 -8.4390000e+01]
 [ 2.6109360e-02 -4.0978000e-02  9.9860348e-01  1.5428000e+02]
 [ 9.9570492e-01  8.7496360e-02 -2.2218400e-02 -1.1746900e+03]
 [ 0.0000000e+00  0.0000000e+00  0.0000000e+00  1.0000000e+00]]
[-0173.70, +0149.08, -1132.28]
787, 1390, 1235
[[-8.3179700e-02  9.9527028e-01  4.5066540e-02 -8.4040000e+01]
 [ 2.3827800e-02 -4.2993640e-02  9.9855628e-01  1.5408000e+02]
 [ 9.9600510e-01  8.4377000e-02 -1.9890100e-02 -1.1747500e+03]
 [ 0.0000000e+00  0.0000000e+00  0.0000000e+00  1.0000000e+00]]
[-0233.80, +0025.68, -1094.17]
1864, 2104, 1200
[[-8.3762000e-02  9.9531540e-01  4.2960600e-02 -8.4200000e+01]
 [ 2.5745400e-02 -4.0706180e-02  9.9860598e-01  1.5432000e+02]
 [ 9.9590940e-01  8.4994020e-02 -2.1968180e-02 -1.1747200e+03]
 [ 0.0000000e+00  0.0000000e+00  0.0000000e+00  1.0000000e+00]]
[-0139.68, +0041.84, -1119.46]
2034, 1080, 1195
[[-8.4613960e-02  9.9514126e-01  4.4237620e-02 -8.4210000e+01]
 [ 2.5119620e-02 -4.1979300e-02  9.9852494e-01  1.5420000e+02]
 [ 9.9580726e-01  8.5889020e-02 -2.1151300e-02 -1.1747400e+03]
 [ 0.0000000e+00  0.0000000e+00  0.0000000e+00  1.0000000e+00]]
[-0141.97, +0136.55, -1122.08]
1471, 842, 1579
[[-8.4003700e-02  9.9524976e-01  4.4692820e-02 -8.4180000e+01]
 [ 2.4228000e-02 -4.2597800e-02  9.9859440e-01  1.5410000e+02]
 [ 9.9595810e-01  8.5180320e-02 -2.0318260e-02 -1.1747300e+03]
 [ 0.0000000e+00  0.0000000e+00  0.0000000e+00  1.0000000e+00]]
[-0221.94, +0141.84, -1109.48]
1121, 2145, 1917
[[-8.3964900e-02  9.9532292e-01  4.1947340e-02 -8.4290000e+01]
 [ 2.5307720e-02 -3.9705000e-02  9.9863996e-01  1.5431000e+02]
 [ 9.9588494e-01  8.5173560e-02 -2.1589860e-02 -1.1746800e+03]
 [ 0.0000000e+00  0.0000000e+00  0.0000000e+00  1.0000000e+00]]
[-0237.05, +0016.67, -1139.35]
2171, 1708, 2249
[[-8.7075600e-02  9.9511048e-01  4.2165240e-02 -8.4530000e+01]
 [ 2.7271920e-02 -3.9742080e-02  9.9864856e-01  1.5439000e+02]
 [ 9.9562996e-01  8.8305360e-02 -2.3477520e-02 -1.1746700e+03]
 [ 0.0000000e+00  0.0000000e+00  0.0000000e+00  1.0000000e+00]]
[-0211.31, +0114.92, -1119.08]
1381, 1323, 1605
[[-8.4201480e-02  9.9536398e-01  4.4009740e-02 -8.4180000e+01]
 [ 2.4501220e-02 -4.1979300e-02  9.9871034e-01  1.5414000e+02]
 [ 9.9603514e-01  8.5283060e-02 -2.0738820e-02 -1.1747300e+03]
 [ 0.0000000e+00  0.0000000e+00  0.0000000e+00  1.0000000e+00]]
[-0221.77, +0089.34, -1088.48]
1013, 820, 2210
[[-8.4411780e-02  9.9514702e-01  4.3793180e-02 -8.4280000e+01]
 [ 2.4099580e-02 -4.1596260e-02  9.9853642e-01  1.5411000e+02]
 [ 9.9581858e-01  8.5663180e-02 -2.0145480e-02 -1.1747300e+03]
 [ 0.0000000e+00  0.0000000e+00  0.0000000e+00  1.0000000e+00]]
[-0276.94, +0116.47, -1170.64]
1355, 1662, 1819
[[-8.3987220e-02  9.9517510e-01  4.3614460e-02 -8.4240000e+01]
 [ 2.4681700e-02 -4.1361000e-02  9.9851690e-01  1.5419000e+02]
 [ 9.9582454e-01  8.5274300e-02 -2.0747220e-02 -1.1747400e+03]
 [ 0.0000000e+00  0.0000000e+00  0.0000000e+00  1.0000000e+00]]
[-0232.29, +0062.48, -1100.45]
1083, 1470, 1013
[[-8.3797640e-02  9.9525600e-01  4.4682120e-02 -8.4120000e+01]
 [ 2.4023880e-02 -4.2597800e-02  9.9858816e-01  1.5411000e+02]
 [ 9.9596880e-01  8.4976200e-02 -2.0112200e-02 -1.1747600e+03]
 [ 0.0000000e+00  0.0000000e+00  0.0000000e+00  1.0000000e+00]]
[-0184.21, +0032.64, -1082.56]
900, 779, 1702
[[-8.3806440e-02  9.9524504e-01  4.4856480e-02 -8.4170000e+01]
 [ 2.3433120e-02 -4.2820740e-02  9.9859034e-01  1.5405000e+02]
 [ 9.9597976e-01  8.4965220e-02 -1.9502340e-02 -1.1747500e+03]
 [ 0.0000000e+00  0.0000000e+00  0.0000000e+00  1.0000000e+00]]
[-0275.95, +0111.28, -1125.15]
1086, 1382, 1633
[[-8.3785040e-02  9.9517068e-01  4.4211360e-02 -8.4170000e+01]
 [ 2.4702840e-02 -4.1966900e-02  9.9849552e-01  1.5414000e+02]
 [ 9.9584592e-01  8.5081440e-02 -2.0730500e-02 -1.1747300e+03]
 [ 0.0000000e+00  0.0000000e+00  0.0000000e+00  1.0000000e+00]]
[-0246.06, +0063.04, -1097.93]
820, 2109, 2039
[[-8.0635940e-02  9.9567786e-01  4.0248120e-02 -8.4050000e+01]
 [ 2.3577180e-02 -3.8224340e-02  9.9874884e-01  1.5435000e+02]
 [ 9.9621204e-01  8.1735720e-02 -2.0137040e-02 -1.1748200e+03]
 [ 0.0000000e+00  0.0000000e+00  0.0000000e+00  1.0000000e+00]]
[-0250.32, +0015.83, -1159.16]
2108, 838, 1384
[[-8.5022720e-02  9.9512976e-01  4.4693280e-02 -8.4240000e+01]
 [ 2.6343840e-02 -4.2362740e-02  9.9851904e-01  1.5416000e+02]
 [ 9.9578448e-01  8.6319360e-02 -2.2364020e-02 -1.1747000e+03]
 [ 0.0000000e+00  0.0000000e+00  0.0000000e+00  1.0000000e+00]]
[-0159.85, +0157.92, -1142.33]
1150, 1893, 1686
[[-8.3995300e-02  9.9526712e-01  4.3893860e-02 -8.4190000e+01]
 [ 2.4194080e-02 -4.1781480e-02  9.9861176e-01  1.5419000e+02]
 [ 9.9594074e-01  8.5171360e-02 -2.0334820e-02 -1.1747400e+03]
 [ 0.0000000e+00  0.0000000e+00  0.0000000e+00  1.0000000e+00]]
[-0231.78, +0023.48, -1115.80]
1902, 1496, 2075
[[-8.5015200e-02  9.9525584e-01  4.3374480e-02 -8.4340000e+01]
 [ 2.5787760e-02 -4.1150820e-02  9.9864866e-01  1.5426000e+02]
 [ 9.9586672e-01  8.6197260e-02 -2.1985380e-02 -1.1747500e+03]
 [ 0.0000000e+00  0.0000000e+00  0.0000000e+00  1.0000000e+00]]
[-0220.22, +0119.20, -1115.06]
2177, 2181, 2108
[[-8.6238600e-02  9.9525560e-01  4.2069000e-02 -8.4410000e+01]
 [ 2.7549960e-02 -3.9705000e-02  9.9870728e-01  1.5444000e+02]
 [ 9.9576328e-01  8.7415800e-02 -2.3863560e-02 -1.1747200e+03]
 [ 0.0000000e+00  0.0000000e+00  0.0000000e+00  1.0000000e+00]]
[-0193.28, +0074.64, -1110.36]
914, 1536, 2038
[[-8.3175300e-02  9.9538206e-01  4.4772220e-02 -8.4100000e+01]
 [ 2.3913980e-02 -4.2783300e-02  9.9865746e-01  1.5410000e+02]
 [ 9.9610146e-01  8.4280220e-02 -2.0096040e-02 -1.1747600e+03]
 [ 0.0000000e+00  0.0000000e+00  0.0000000e+00  1.0000000e+00]]
[-0272.90, +0052.98, -1142.39]
1128, 1365, 1898
[[-8.4420180e-02  9.9523276e-01  4.4697300e-02 -8.4160000e+01]
 [ 2.4236760e-02 -4.2610320e-02  9.9861140e-01  1.5412000e+02]
 [ 9.9594110e-01  8.5579800e-02 -2.0326500e-02 -1.1747400e+03]
 [ 0.0000000e+00  0.0000000e+00  0.0000000e+00  1.0000000e+00]]
[-0260.08, +0075.63, -1114.52]
1310, 915, 1958
[[-8.4003700e-02  9.9514458e-01  4.4795860e-02 -8.4190000e+01]
 [ 2.4333180e-02 -4.2597800e-02  9.9849546e-01  1.5411000e+02]
 [ 9.9585506e-01  8.5279260e-02 -2.0318260e-02 -1.1747400e+03]
 [ 0.0000000e+00  0.0000000e+00  0.0000000e+00  1.0000000e+00]]
[-0257.48, +0129.41, -1134.26]
1466, 1302, 1499
[[-8.3364640e-02  9.9529328e-01  4.4536880e-02 -8.4180000e+01]
 [ 2.5404880e-02 -4.2338340e-02  9.9855962e-01  1.5414000e+02]
 [ 9.9596528e-01  8.4605020e-02 -2.1522340e-02 -1.1747200e+03]
 [ 0.0000000e+00  0.0000000e+00  0.0000000e+00  1.0000000e+00]]
[-0203.50, +0095.96, -1084.84]
2009, 1664, 1560
[[-8.4808740e-02  9.9536338e-01  4.3676900e-02 -8.4270000e+01]
 [ 2.5895300e-02 -4.1546500e-02  9.9872810e-01  1.5426000e+02]
 [ 9.9598462e-01  8.5907660e-02 -2.2174600e-02 -1.1747500e+03]
 [ 0.0000000e+00  0.0000000e+00  0.0000000e+00  1.0000000e+00]]
[-0162.80, +0097.93, -1101.17]
757, 1814, 1294
[[-8.3381280e-02  9.9527072e-01  4.4885840e-02 -8.4040000e+01]
 [ 2.4223280e-02 -4.2783300e-02  9.9856466e-01  1.5412000e+02]
 [ 9.9598784e-01  8.4583340e-02 -2.0302020e-02 -1.1747700e+03]
 [ 0.0000000e+00  0.0000000e+00  0.0000000e+00  1.0000000e+00]]
[-0224.28, -0004.83, -1127.91]
1418, 2077, 1696
[[-8.4185800e-02  9.9528524e-01  4.3347880e-02 -8.4220000e+01]
 [ 2.5371320e-02 -4.1138500e-02  9.9861926e-01  1.5426000e+02]
 [ 9.9590564e-01  8.5389820e-02 -2.1563940e-02 -1.1747500e+03]
 [ 0.0000000e+00  0.0000000e+00  0.0000000e+00  1.0000000e+00]]
[-0207.43, +0027.33, -1110.87]
888, 1569, 2230
[[-8.4411780e-02  9.9535940e-01  4.3378720e-02 -8.4250000e+01]
 [ 2.3681000e-02 -4.1398560e-02  9.9874060e-01  1.5416000e+02]
 [ 9.9602272e-01  8.5459000e-02 -1.9947780e-02 -1.1747800e+03]
 [ 0.0000000e+00  0.0000000e+00  0.0000000e+00  1.0000000e+00]]
[-0276.69, +0057.03, -1160.34]
1201, 1399, 1948
[[-8.3574820e-02  9.9528452e-01  4.4322620e-02 -8.4160000e+01]
 [ 2.5001320e-02 -4.2152520e-02  9.9857708e-01  1.5413000e+02]
 [ 9.9595718e-01  8.4793720e-02 -2.1126340e-02 -1.1747200e+03]
 [ 0.0000000e+00  0.0000000e+00  0.0000000e+00  1.0000000e+00]]
[-0257.74, +0078.97, -1114.73]
2217, 1075, 1850
[[-8.6041300e-02  9.9513006e-01  4.3567980e-02 -8.4410000e+01]
 [ 2.7711660e-02 -4.1126260e-02  9.9857046e-01  1.5428000e+02]
 [ 9.9569778e-01  8.7333060e-02 -2.3827400e-02 -1.1747100e+03]
 [ 0.0000000e+00  0.0000000e+00  0.0000000e+00  1.0000000e+00]]
[-0186.01, +0150.39, -1137.18]
1698, 1618, 1522
[[-8.3578900e-02  9.9538504e-01  4.4202680e-02 -8.4170000e+01]
 [ 2.4496720e-02 -4.2164800e-02  9.9868064e-01  1.5417000e+02]
 [ 9.9606484e-01  8.4686080e-02 -2.0722260e-02 -1.1747400e+03]
 [ 0.0000000e+00  0.0000000e+00  0.0000000e+00  1.0000000e+00]]
[-0186.27, +0076.88, -1089.42]
1173, 1273, 1512
[[-8.4424500e-02  9.9522614e-01  4.4888520e-02 -8.4150000e+01]
 [ 2.4045540e-02 -4.2820740e-02  9.9860924e-01  1.5411000e+02]
 [ 9.9594772e-01  8.5577640e-02 -2.0120400e-02 -1.1747600e+03]
 [ 0.0000000e+00  0.0000000e+00  0.0000000e+00  1.0000000e+00]]
[-0232.99, +0075.47, -1087.07]
1700, 1625, 1693
[[-8.5022720e-02  9.9524256e-01  4.3756800e-02 -8.4270000e+01]
 [ 2.5405440e-02 -4.1571220e-02  9.9864490e-01  1.5424000e+02]
 [ 9.9588000e-01  8.6193500e-02 -2.1572500e-02 -1.1747500e+03]
 [ 0.0000000e+00  0.0000000e+00  0.0000000e+00  1.0000000e+00]]
[-0198.88, +0085.91, -1092.50]
949, 2098, 1351
[[-8.4411780e-02  9.9524600e-01  4.4314860e-02 -8.4080000e+01]
 [ 2.4619200e-02 -4.2189600e-02  9.9861560e-01  1.5420000e+02]
 [ 9.9592786e-01  8.5584000e-02 -2.0738820e-02 -1.1747700e+03]
 [ 0.0000000e+00  0.0000000e+00  0.0000000e+00  1.0000000e+00]]
[-0206.15, -0007.76, -1138.23]
1388, 1673, 1080
[[-8.3372800e-02  9.9517680e-01  4.4814400e-02 -8.4100000e+01]
 [ 2.4919200e-02 -4.2560720e-02  9.9846324e-01  1.5415000e+02]
 [ 9.9587360e-01  8.4693240e-02 -2.0912080e-02 -1.1747300e+03]
 [ 0.0000000e+00  0.0000000e+00  0.0000000e+00  1.0000000e+00]]
[-0162.11, +0042.87, -1090.83]
2102, 2170, 2242
[[-8.5608900e-02  9.9529236e-01  4.1670420e-02 -8.4460000e+01]
 [ 2.7720120e-02 -3.9273040e-02  9.9868684e-01  1.5443000e+02]
 [ 9.9577854e-01  8.6815480e-02 -2.4061300e-02 -1.1746800e+03]
 [ 0.0000000e+00  0.0000000e+00  0.0000000e+00  1.0000000e+00]]
[-0207.28, +0075.27, -1112.91]
1996, 2004, 1838
[[-8.4193480e-02  9.9527204e-01  4.3730360e-02 -8.4220000e+01]
 [ 2.4988840e-02 -4.1558820e-02  9.9861542e-01  1.5423000e+02]
 [ 9.9591884e-01  8.5385980e-02 -2.1151300e-02 -1.1747400e+03]
 [ 0.0000000e+00  0.0000000e+00  0.0000000e+00  1.0000000e+00]]
[-0182.84, +0074.49, -1102.36]
1524, 955, 2162
[[-8.4403700e-02  9.9525924e-01  4.3932420e-02 -8.4290000e+01]
 [ 2.5001640e-02 -4.1769040e-02  9.9861964e-01  1.5414000e+02]
 [ 9.9591462e-01  8.5588040e-02 -2.1151300e-02 -1.1747000e+03]
 [ 0.0000000e+00  0.0000000e+00  0.0000000e+00  1.0000000e+00]]
[-0252.41, +0135.38, -1148.88]
1605, 1192, 1326
[[-8.4411780e-02  9.9513672e-01  4.4834480e-02 -8.4160000e+01]
 [ 2.5140880e-02 -4.2585360e-02  9.9850332e-01  1.5414000e+02]
 [ 9.9582888e-01  8.5696280e-02 -2.1134580e-02 -1.1747100e+03]
 [ 0.0000000e+00  0.0000000e+00  0.0000000e+00  1.0000000e+00]]
[-0179.87, +0109.51, -1086.79]
2109, 964, 1660
[[-8.5428240e-02  9.9513480e-01  4.3916520e-02 -8.4350000e+01]
 [ 2.6717520e-02 -4.1546500e-02  9.9854864e-01  1.5423000e+02]
 [ 9.9574500e-01  8.6717600e-02 -2.2794100e-02 -1.1746900e+03]
 [ 0.0000000e+00  0.0000000e+00  0.0000000e+00  1.0000000e+00]]
[-0180.45, +0155.67, -1137.25]
1927, 1301, 1031
[[-8.3587300e-02  9.9526240e-01  4.5104700e-02 -8.4100000e+01]
 [ 2.4635600e-02 -4.2981280e-02  9.9856416e-01  1.5411000e+02]
 [ 9.9597930e-01  8.4794160e-02 -2.0706020e-02 -1.1747000e+03]
 [ 0.0000000e+00  0.0000000e+00  0.0000000e+00  1.0000000e+00]]
[-0133.33, +0105.01, -1108.67]
782, 1995, 1386
[[-8.3372800e-02  9.9518096e-01  4.4398080e-02 -8.4050000e+01]
 [ 2.4502880e-02 -4.2164800e-02  9.9847656e-01  1.5415000e+02]
 [ 9.9586944e-01  8.4679920e-02 -2.0516160e-02 -1.1747200e+03]
 [ 0.0000000e+00  0.0000000e+00  0.0000000e+00  1.0000000e+00]]
[-0222.09, -0009.24, -1142.92]
913, 1811, 1808
[[-8.4197440e-02  9.9516032e-01  4.4024720e-02 -8.4210000e+01]
 [ 2.4902720e-02 -4.1769040e-02  9.9851452e-01  1.5416000e+02]
 [ 9.9582232e-01  8.5482920e-02 -2.0945040e-02 -1.1747100e+03]
 [ 0.0000000e+00  0.0000000e+00  0.0000000e+00  1.0000000e+00]]
[-0254.83, +0026.04, -1134.35]
807, 1930, 2098
[[-8.2719460e-02  9.9547370e-01  4.1813300e-02 -8.4250000e+01]
 [ 2.4778700e-02 -3.9680680e-02  9.9869302e-01  1.5426000e+02]
 [ 9.9604330e-01  8.3868020e-02 -2.1159780e-02 -1.1747200e+03]
 [ 0.0000000e+00  0.0000000e+00  0.0000000e+00  1.0000000e+00]]
[-0262.01, +0027.02, -1160.45]
1532, 1344, 1276
[[-8.3377000e-02  9.9527524e-01  4.4902680e-02 -8.4110000e+01]
 [ 2.4622760e-02 -4.2770980e-02  9.9856014e-01  1.5412000e+02]
 [ 9.9598332e-01  8.4592140e-02 -2.0706020e-02 -1.1747500e+03]
 [ 0.0000000e+00  0.0000000e+00  0.0000000e+00  1.0000000e+00]]
[-0176.04, +0090.02, -1083.01]
2033, 1771, 1373
[[-8.3968420e-02  9.9530400e-01  4.3596140e-02 -8.4230000e+01]
 [ 2.6574000e-02 -4.1300000e-02  9.9859200e-01  1.5427000e+02]
 [ 9.9590386e-01  8.5218000e-02 -2.2768420e-02 -1.1747100e+03]
 [ 0.0000000e+00  0.0000000e+00  0.0000000e+00  1.0000000e+00]]
[-0143.19, +0083.93, -1107.25]
1598, 796, 1618
[[-8.3587300e-02  9.9515938e-01  4.4999540e-02 -8.4150000e+01]
 [ 2.4532580e-02 -4.2783300e-02  9.9847186e-01  1.5407000e+02]
 [ 9.9587414e-01  8.4886460e-02 -2.0508040e-02 -1.1747300e+03]
 [ 0.0000000e+00  0.0000000e+00  0.0000000e+00  1.0000000e+00]]
[-0215.64, +0150.89, -1119.90]
1029, 1156, 1561
[[-8.3591620e-02  9.9525788e-01  4.5087820e-02 -8.4070000e+01]
 [ 2.4236120e-02 -4.2993640e-02  9.9856868e-01  1.5407000e+02]
 [ 9.9598382e-01  8.4785320e-02 -2.0302020e-02 -1.1747400e+03]
 [ 0.0000000e+00  0.0000000e+00  0.0000000e+00  1.0000000e+00]]
[-0249.93, +0077.80, -1094.23]
1403, 1472, 1262
[[-8.3793360e-02  9.9536352e-01  4.4804200e-02 -8.4130000e+01]
 [ 2.4526400e-02 -4.2783300e-02  9.9867600e-01  1.5413000e+02]
 [ 9.9606948e-01  8.4892640e-02 -2.0714100e-02 -1.1747300e+03]
 [ 0.0000000e+00  0.0000000e+00  0.0000000e+00  1.0000000e+00]]
[-0182.83, +0066.49, -1081.42]
1484, 956, 1179
[[-8.4209800e-02  9.9523716e-01  4.5328280e-02 -8.4140000e+01]
 [ 2.5056840e-02 -4.3191620e-02  9.9858054e-01  1.5409000e+02]
 [ 9.9595372e-01  8.5404540e-02 -2.1118180e-02 -1.1747300e+03]
 [ 0.0000000e+00  0.0000000e+00  0.0000000e+00  1.0000000e+00]]
[-0179.09, +0124.18, -1086.16]
1509, 1203, 2068
[[-8.4395940e-02  9.9516550e-01  4.3861420e-02 -8.4290000e+01]
 [ 2.5697420e-02 -4.1546500e-02  9.9851794e-01  1.5420000e+02]
 [ 9.9580010e-01  8.5697500e-02 -2.1761800e-02 -1.1747200e+03]
 [ 0.0000000e+00  0.0000000e+00  0.0000000e+00  1.0000000e+00]]
[-0249.36, +0119.18, -1126.03]
1371, 1139, 801
[[-8.2978320e-02  9.9526532e-01  4.5663560e-02 -8.4040000e+01]
 [ 2.3848520e-02 -4.3600020e-02  9.9853454e-01  1.5405000e+02]
 [ 9.9602684e-01  8.4183860e-02 -1.9874340e-02 -1.1747600e+03]
 [ 0.0000000e+00  0.0000000e+00  0.0000000e+00  1.0000000e+00]]
[-0144.84, +0081.52, -1081.19]
2099, 1824, 1077
[[-8.4808740e-02  9.9526016e-01  4.3571820e-02 -8.4210000e+01]
 [ 2.5792080e-02 -4.1348640e-02  9.9863584e-01  1.5430000e+02]
 [ 9.9587954e-01  8.5999920e-02 -2.1976740e-02 -1.1747300e+03]
 [ 0.0000000e+00  0.0000000e+00  0.0000000e+00  1.0000000e+00]]
[-0122.98, +0074.34, -1123.70]
950, 1113, 1926
[[-8.4209800e-02  9.9524564e-01  4.4495320e-02 -8.4160000e+01]
 [ 2.4223880e-02 -4.2399940e-02  9.9860726e-01  1.5410000e+02]
 [ 9.9594524e-01  8.5377820e-02 -2.0326500e-02 -1.1747300e+03]
 [ 0.0000000e+00  0.0000000e+00  0.0000000e+00  1.0000000e+00]]
[-0279.22, +0087.12, -1134.19]
997, 1336, 837
[[-8.3184180e-02  9.9525914e-01  4.5674160e-02 -8.4020000e+01]
 [ 2.4052740e-02 -4.3600020e-02  9.9854072e-01  1.5407000e+02]
 [ 9.9601624e-01  8.4388080e-02 -2.0080200e-02 -1.1747400e+03]
 [ 0.0000000e+00  0.0000000e+00  0.0000000e+00  1.0000000e+00]]
[-0174.68, +0033.05, -1077.93]
906, 1800, 2032
[[-8.4197440e-02  9.9537456e-01  4.3402000e-02 -8.4200000e+01]
 [ 2.4276000e-02 -4.1373440e-02  9.9872544e-01  1.5419000e+02]
 [ 9.9602456e-01  8.5272000e-02 -2.0549440e-02 -1.1747400e+03]
 [ 0.0000000e+00  0.0000000e+00  0.0000000e+00  1.0000000e+00]]
[-0265.63, +0034.24, -1149.20]
859, 2011, 1212
[[-8.3999460e-02  9.9525428e-01  4.4709780e-02 -8.4040000e+01]
 [ 2.4627480e-02 -4.2585360e-02  9.9858988e-01  1.5415000e+02]
 [ 9.9595358e-01  8.5189080e-02 -2.0722260e-02 -1.1747700e+03]
 [ 0.0000000e+00  0.0000000e+00  0.0000000e+00  1.0000000e+00]]
[-0203.44, -0011.89, -1137.20]
1400, 1162, 2103
[[-8.4606120e-02  9.9525968e-01  4.3752080e-02 -8.4280000e+01]
 [ 2.5396880e-02 -4.1558820e-02  9.9862778e-01  1.5419000e+02]
 [ 9.9589712e-01  8.5794020e-02 -2.1563940e-02 -1.1747100e+03]
 [ 0.0000000e+00  0.0000000e+00  0.0000000e+00  1.0000000e+00]]
[-0258.64, +0115.85, -1132.95]
1687, 1497, 1981
[[-8.5229140e-02  9.9523634e-01  4.3767760e-02 -8.4260000e+01]
 [ 2.5609460e-02 -4.1571220e-02  9.9865112e-01  1.5423000e+02]
 [ 9.9586904e-01  8.6397520e-02 -2.1778920e-02 -1.1747300e+03]
 [ 0.0000000e+00  0.0000000e+00  0.0000000e+00  1.0000000e+00]]
[-0223.89, +0103.16, -1105.07]
1340, 1894, 2065
[[-8.4189600e-02  9.9538564e-01  4.3227720e-02 -8.4250000e+01]
 [ 2.4866760e-02 -4.1150820e-02  9.9872284e-01  1.5424000e+02]
 [ 9.9601348e-01  8.5282440e-02 -2.1159780e-02 -1.1747300e+03]
 [ 0.0000000e+00  0.0000000e+00  0.0000000e+00  1.0000000e+00]]
[-0248.55, +0048.31, -1123.36]
1708, 870, 1097
[[-8.4218440e-02  9.9522584e-01  4.5502520e-02 -8.4120000e+01]
 [ 2.4466120e-02 -4.3414440e-02  9.9858296e-01  1.5408000e+02]
 [ 9.9596504e-01  8.5393480e-02 -2.0508040e-02 -1.1747400e+03]
 [ 0.0000000e+00  0.0000000e+00  0.0000000e+00  1.0000000e+00]]
[-0156.54, +0141.66, -1105.92]
1660, 2044, 997
[[-8.3789160e-02  9.9516614e-01  4.4194420e-02 -8.4130000e+01]
 [ 2.4303380e-02 -4.1979300e-02  9.9850006e-01  1.5420000e+02]
 [ 9.9585046e-01  8.5072780e-02 -2.0326500e-02 -1.1747800e+03]
 [ 0.0000000e+00  0.0000000e+00  0.0000000e+00  1.0000000e+00]]
[-0134.95, +0029.44, -1124.20]
1380, 759, 1480
[[-8.3596020e-02  9.9514824e-01  4.5173920e-02 -8.4140000e+01]
 [ 2.3941840e-02 -4.3006080e-02  9.9847416e-01  1.5405000e+02]
 [ 9.9588528e-01  8.4875440e-02 -1.9898100e-02 -1.1747600e+03]
 [ 0.0000000e+00  0.0000000e+00  0.0000000e+00  1.0000000e+00]]
[-0221.30, +0143.27, -1105.75]
939, 934, 2050
[[-8.4205600e-02  9.9525224e-01  4.4304080e-02 -8.4200000e+01]
 [ 2.4415120e-02 -4.2189600e-02  9.9860936e-01  1.5409000e+02]
 [ 9.9593864e-01  8.5379920e-02 -2.0532640e-02 -1.1747500e+03]
 [ 0.0000000e+00  0.0000000e+00  0.0000000e+00  1.0000000e+00]]
[-0282.35, +0103.66, -1154.03]
1121, 872, 1537
[[-8.4008020e-02  9.9513358e-01  4.5403540e-02 -8.4130000e+01]
 [ 2.4558380e-02 -4.3204020e-02  9.9847994e-01  1.5406000e+02]
 [ 9.9586606e-01  8.5290460e-02 -2.0508040e-02 -1.1747500e+03]
 [ 0.0000000e+00  0.0000000e+00  0.0000000e+00  1.0000000e+00]]
[-0245.93, +0115.87, -1097.94]
1007, 1792, 1128
[[-8.4415940e-02  9.9523518e-01  4.4922600e-02 -8.4090000e+01]
 [ 2.4844500e-02 -4.2795700e-02  9.9860020e-01  1.5413000e+02]
 [ 9.9593868e-01  8.5595240e-02 -2.0928400e-02 -1.1747600e+03]
 [ 0.0000000e+00  0.0000000e+00  0.0000000e+00  1.0000000e+00]]
[-0192.79, +0004.84, -1107.10]
1758, 2062, 1290
[[-8.460612e-02  9.952616e-01  4.354380e-02 -8.420000e+01]
 [ 2.518860e-02 -4.136100e-02  9.986344e-01  1.542900e+02]
 [ 9.958952e-01  8.578740e-02 -2.136612e-02 -1.174780e+03]
 [ 0.000000e+00  0.000000e+00  0.000000e+00  1.000000e+00]]
[-0149.73, +0038.94, -1111.75]
802, 1529, 1549
[[-8.3381280e-02  9.9527072e-01  4.4885840e-02 -8.4100000e+01]
 [ 2.4223280e-02 -4.2783300e-02  9.9856466e-01  1.5410000e+02]
 [ 9.9598784e-01  8.4583340e-02 -2.0302020e-02 -1.1747600e+03]
 [ 0.0000000e+00  0.0000000e+00  0.0000000e+00  1.0000000e+00]]
[-0254.65, +0027.57, -1116.83]
2172, 1853, 803
[[-8.3538420e-02  9.9534302e-01  4.3450520e-02 -8.4110000e+01]
 [ 2.7955220e-02 -4.1042820e-02  9.9856148e-01  1.5442000e+02]
 [ 9.9589868e-01  8.4845720e-02 -2.4180240e-02 -1.1747600e+03]
 [ 0.0000000e+00  0.0000000e+00  0.0000000e+00  1.0000000e+00]]
[-0111.09, +0070.07, -1141.29]
1352, 2051, 977
[[-8.3578900e-02  9.9517686e-01  4.4200620e-02 -8.4070000e+01]
 [ 2.4498780e-02 -4.1966900e-02  9.9848934e-01  1.5422000e+02]
 [ 9.9585666e-01  8.4877380e-02 -2.0524360e-02 -1.1747200e+03]
 [ 0.0000000e+00  0.0000000e+00  0.0000000e+00  1.0000000e+00]]
[-0151.94, +0009.54, -1124.77]
1729, 1557, 1562
[[-8.5240900e-02  9.9511522e-01  4.4027660e-02 -8.4210000e+01]
 [ 2.4724540e-02 -4.1806600e-02  9.9855962e-01  1.5423000e+02]
 [ 9.9578182e-01  8.6477260e-02 -2.0764260e-02 -1.1747400e+03]
 [ 0.0000000e+00  0.0000000e+00  0.0000000e+00  1.0000000e+00]]
[-0186.89, +0091.86, -1090.89]
2096, 1858, 1471
[[-8.4178440e-02  9.9529484e-01  4.3381880e-02 -8.4230000e+01]
 [ 2.6170280e-02 -4.1114100e-02  9.9860966e-01  1.5430000e+02]
 [ 9.9589604e-01  8.5406780e-02 -2.2372500e-02 -1.1746900e+03]
 [ 0.0000000e+00  0.0000000e+00  0.0000000e+00  1.0000000e+00]]
[-0147.66, +0081.34, -1107.75]
2096, 1270, 1724
[[-8.5221700e-02  9.9535292e-01  4.3490560e-02 -8.4330000e+01]
 [ 2.6095000e-02 -4.1348640e-02  9.9874708e-01  1.5424000e+02]
 [ 9.9596080e-01  8.6309000e-02 -2.2389700e-02 -1.1747100e+03]
 [ 0.0000000e+00  0.0000000e+00  0.0000000e+00  1.0000000e+00]]
[-0181.85, +0137.65, -1117.70]
1024, 1989, 1549
[[-8.3999460e-02  9.9536154e-01  4.4398500e-02 -8.4070000e+01]
 [ 2.4314100e-02 -4.2387460e-02  9.9869546e-01  1.5416000e+02]
 [ 9.9605454e-01  8.5083500e-02 -2.0524360e-02 -1.1747500e+03]
 [ 0.0000000e+00  0.0000000e+00  0.0000000e+00  1.0000000e+00]]
[-0221.61, +0005.84, -1125.70]
770, 1505, 2189
[[-8.3583060e-02  9.9538474e-01  4.3769460e-02 -8.4170000e+01]
 [ 2.3680860e-02 -4.1781480e-02  9.9869818e-01  1.5412000e+02]
 [ 9.9606514e-01  8.4664380e-02 -1.9922580e-02 -1.1747400e+03]
 [ 0.0000000e+00  0.0000000e+00  0.0000000e+00  1.0000000e+00]]
[-0279.40, +0054.26, -1166.19]
1071, 1682, 926
[[-8.2965000e-02  9.9528536e-01  4.5089480e-02 -8.4030000e+01]
 [ 2.4422600e-02 -4.2969000e-02  9.9854120e-01  1.5412000e+02]
 [ 9.9600680e-01  8.4190520e-02 -2.0492040e-02 -1.1747400e+03]
 [ 0.0000000e+00  0.0000000e+00  0.0000000e+00  1.0000000e+00]]
[-0170.85, +0012.48, -1099.01]
1865, 1046, 1372
[[-8.4411780e-02  9.9524188e-01  4.4731380e-02 -8.4200000e+01]
 [ 2.5035720e-02 -4.2585360e-02  9.9860228e-01  1.5415000e+02]
 [ 9.9593198e-01  8.5597320e-02 -2.1134580e-02 -1.1747600e+03]
 [ 0.0000000e+00  0.0000000e+00  0.0000000e+00  1.0000000e+00]]
[-0168.09, +0139.52, -1109.40]
1436, 1396, 1875
[[-8.4816340e-02  9.9524684e-01  4.3954180e-02 -8.4240000e+01]
 [ 2.5409720e-02 -4.1769040e-02  9.9863204e-01  1.5418000e+02]
 [ 9.9589286e-01  8.5996120e-02 -2.1563940e-02 -1.1747500e+03]
 [ 0.0000000e+00  0.0000000e+00  0.0000000e+00  1.0000000e+00]]
[-0242.44, +0093.18, -1105.02]
2192, 1505, 1944
[[-8.5004520e-02  9.9516902e-01  4.3112620e-02 -8.4370000e+01]
 [ 2.6674580e-02 -4.0718340e-02  9.9854842e-01  1.5431000e+02]
 [ 9.9574522e-01  8.6308180e-02 -2.2802820e-02 -1.1746600e+03]
 [ 0.0000000e+00  0.0000000e+00  0.0000000e+00  1.0000000e+00]]
[-0190.40, +0126.75, -1116.59]
1816, 2200, 1578
[[-8.3570820e-02  9.9529712e-01  4.3506780e-02 -8.4140000e+01]
 [ 2.4568080e-02 -4.1348640e-02  9.9859888e-01  1.5426000e+02]
 [ 9.9594458e-01  8.4775920e-02 -2.0738820e-02 -1.1747300e+03]
 [ 0.0000000e+00  0.0000000e+00  0.0000000e+00  1.0000000e+00]]
[-0171.76, +0034.35, -1111.89]
809, 2175, 1961
[[-7.9226440e-02  9.9576982e-01  4.2231300e-02 -8.3800000e+01]
 [ 2.1135500e-02 -4.0496200e-02  9.9877170e-01  1.5419000e+02]
 [ 9.9644082e-01  8.0212740e-02 -1.7642600e-02 -1.1749300e+03]
 [ 0.0000000e+00  0.0000000e+00  0.0000000e+00  1.0000000e+00]]
[-0243.42, +0010.11, -1157.94]
1551, 1749, 1303
[[-8.2956520e-02  9.9529456e-01  4.5123000e-02 -8.3950000e+01]
 [ 2.5221560e-02 -4.2944680e-02  9.9853200e-01  1.5413000e+02]
 [ 9.9599760e-01  8.4208200e-02 -2.1300200e-02 -1.1747400e+03]
 [ 0.0000000e+00  0.0000000e+00  0.0000000e+00  1.0000000e+00]]
[-0169.15, +0055.52, -1091.21]
1321, 2019, 1171
[[-8.1922500e-02  9.9543436e-01  4.4983520e-02 -8.3910000e+01]
 [ 2.4495160e-02 -4.2932640e-02  9.9859636e-01  1.5413000e+02]
 [ 9.9614912e-01  8.3097160e-02 -2.0674500e-02 -1.1747400e+03]
 [ 0.0000000e+00  0.0000000e+00  0.0000000e+00  1.0000000e+00]]
[-0169.71, +0011.27, -1114.54]
2014, 1581, 1576
[[-8.3158500e-02  9.9529934e-01  4.4526120e-02 -8.4070000e+01]
 [ 2.5200780e-02 -4.2338340e-02  9.9855356e-01  1.5420000e+02]
 [ 9.9597604e-01  8.4400920e-02 -2.1316200e-02 -1.1747200e+03]
 [ 0.0000000e+00  0.0000000e+00  0.0000000e+00  1.0000000e+00]]
[-0166.19, +0108.34, -1102.59]
1296, 2064, 1117
[[-8.2342900e-02  9.9530816e-01  4.5074380e-02 -8.3930000e+01]
 [ 2.4209600e-02 -4.2956800e-02  9.9851840e-01  1.5415000e+02]
 [ 9.9603410e-01  8.3586880e-02 -2.0278260e-02 -1.1747400e+03]
 [ 0.0000000e+00  0.0000000e+00  0.0000000e+00  1.0000000e+00]]
[-0166.11, +0006.13, -1121.68]
800, 1197, 2147
[[-8.2969360e-02  9.9538824e-01  4.4761640e-02 -8.4000000e+01]
 [ 2.3709840e-02 -4.2783300e-02  9.9865128e-01  1.5405000e+02]
 [ 9.9611204e-01  8.4076080e-02 -1.9890100e-02 -1.1747600e+03]
 [ 0.0000000e+00  0.0000000e+00  0.0000000e+00  1.0000000e+00]]
[-0285.62, +0075.41, -1163.88]
1032, 1572, 2089
[[-8.3170980e-02  9.9538652e-01  4.4789000e-02 -8.4020000e+01]
 [ 2.4313480e-02 -4.2770980e-02  9.9865300e-01  1.5411000e+02]
 [ 9.9609700e-01  8.4289000e-02 -2.0500000e-02 -1.1747500e+03]
 [ 0.0000000e+00  0.0000000e+00  0.0000000e+00  1.0000000e+00]]
[-0269.29, +0059.16, -1137.44]
1280, 1009, 2248
[[-8.4411780e-02  9.9524600e-01  4.4314860e-02 -8.4130000e+01]
 [ 2.4619200e-02 -4.2189600e-02  9.9861560e-01  1.5412000e+02]
 [ 9.9592786e-01  8.5584000e-02 -2.0738820e-02 -1.1747400e+03]
 [ 0.0000000e+00  0.0000000e+00  0.0000000e+00  1.0000000e+00]]
[-0267.52, +0118.66, -1154.78]
2020, 1700, 1248
[[-8.3154500e-02  9.9530406e-01  4.4542920e-02 -8.4030000e+01]
 [ 2.5600260e-02 -4.2326260e-02  9.9854884e-01  1.5421000e+02]
 [ 9.9597132e-01  8.4409640e-02 -2.1720400e-02 -1.1747500e+03]
 [ 0.0000000e+00  0.0000000e+00  0.0000000e+00  1.0000000e+00]]
[-0135.11, +0086.16, -1110.17]
2124, 1059, 1848
[[-8.4805060e-02  9.9515630e-01  4.4108780e-02 -8.4230000e+01]
 [ 2.6713220e-02 -4.1732200e-02  9.9851854e-01  1.5422000e+02]
 [ 9.9577510e-01  8.6120900e-02 -2.2776900e-02 -1.1747000e+03]
 [ 0.0000000e+00  0.0000000e+00  0.0000000e+00  1.0000000e+00]]
[-0192.10, +0151.07, -1135.38]
1011, 1890, 843
[[-8.2351780e-02  9.9529032e-01  4.5873340e-02 -8.3850000e+01]
 [ 2.4242880e-02 -4.3773600e-02  9.9850056e-01  1.5407000e+02]
 [ 9.9605194e-01  8.3595840e-02 -2.0262820e-02 -1.1747400e+03]
 [ 0.0000000e+00  0.0000000e+00  0.0000000e+00  1.0000000e+00]]
[-0163.36, -0005.34, -1124.00]
1557, 1575, 1515
[[-8.3381280e-02  9.9516556e-01  4.4988840e-02 -8.3990000e+01]
 [ 2.4328440e-02 -4.2783300e-02  9.9846568e-01  1.5413000e+02]
 [ 9.9588484e-01  8.4682320e-02 -2.0302020e-02 -1.1747600e+03]
 [ 0.0000000e+00  0.0000000e+00  0.0000000e+00  1.0000000e+00]]
[-0194.32, +0076.63, -1087.08]
914, 1038, 774
[[-8.2185040e-02  9.9524524e-01  4.7186280e-02 -8.3790000e+01]
 [ 2.2299080e-02 -4.5259300e-02  9.9848166e-01  1.5394000e+02]
 [ 9.9611364e-01  8.3365380e-02 -1.8214100e-02 -1.1747900e+03]
 [ 0.0000000e+00  0.0000000e+00  0.0000000e+00  1.0000000e+00]]
[-0182.54, +0054.97, -1064.64]
840, 1824, 1809
[[-8.2746340e-02  9.9531146e-01  4.4504720e-02 -8.3990000e+01]
 [ 2.4792580e-02 -4.2338340e-02  9.9854144e-01  1.5413000e+02]
 [ 9.9599744e-01  8.3992720e-02 -2.0904040e-02 -1.1747300e+03]
 [ 0.0000000e+00  0.0000000e+00  0.0000000e+00  1.0000000e+00]]
[-0257.06, +0019.14, -1143.09]
2219, 1229, 850
[[-8.3578900e-02  9.9526550e-01  4.5763000e-02 -8.4000000e+01]
 [ 2.6059100e-02 -4.3551220e-02  9.9853436e-01  1.5415000e+02]
 [ 9.9597620e-01  8.4832360e-02 -2.2108680e-02 -1.1747400e+03]
 [ 0.0000000e+00  0.0000000e+00  0.0000000e+00  1.0000000e+00]]
[-0112.76, +0115.96, -1144.81]
1303, 1190, 1985
[[-8.3583060e-02  9.9516606e-01  4.4808260e-02 -8.4060000e+01]
 [ 2.4723860e-02 -4.2573000e-02  9.9847398e-01  1.5412000e+02]
 [ 9.9586746e-01  8.4888580e-02 -2.0714100e-02 -1.1747400e+03]
 [ 0.0000000e+00  0.0000000e+00  0.0000000e+00  1.0000000e+00]]
[-0260.42, +0105.15, -1122.77]
1583, 1629, 953
[[-8.3381280e-02  9.9516124e-01  4.5405160e-02 -8.3950000e+01]
 [ 2.4744760e-02 -4.3179300e-02  9.9845228e-01  1.5412000e+02]
 [ 9.9588916e-01  8.4695720e-02 -2.0698020e-02 -1.1747500e+03]
 [ 0.0000000e+00  0.0000000e+00  0.0000000e+00  1.0000000e+00]]
[-0136.27, +0055.78, -1099.61]
1231, 824, 2124
[[-8.3381280e-02  9.9527072e-01  4.4885840e-02 -8.4080000e+01]
 [ 2.4223280e-02 -4.2783300e-02  9.9856466e-01  1.5407000e+02]
 [ 9.9598784e-01  8.4583340e-02 -2.0302020e-02 -1.1747300e+03]
 [ 0.0000000e+00  0.0000000e+00  0.0000000e+00  1.0000000e+00]]
[-0266.78, +0129.68, -1157.79]
1719, 2198, 1616
[[-8.3769360e-02  9.9529844e-01  4.3759560e-02 -8.4060000e+01]
 [ 2.5779240e-02 -4.1522100e-02  9.9858902e-01  1.5428000e+02]
 [ 9.9592636e-01  8.5003620e-02 -2.1951300e-02 -1.1747400e+03]
 [ 0.0000000e+00  0.0000000e+00  0.0000000e+00  1.0000000e+00]]
[-0176.96, +0033.39, -1110.63]
1701, 1366, 2129
[[-8.3785040e-02  9.9527376e-01  4.4316480e-02 -8.4110000e+01]
 [ 2.4805920e-02 -4.2164800e-02  9.9858784e-01  1.5417000e+02]
 [ 9.9595104e-01  8.4989120e-02 -2.0928400e-02 -1.1747300e+03]
 [ 0.0000000e+00  0.0000000e+00  0.0000000e+00  1.0000000e+00]]
[-0238.74, +0119.08, -1123.04]
1161, 1216, 1859
[[-8.2973800e-02  9.9516906e-01  4.5367020e-02 -8.3980000e+01]
 [ 2.3936940e-02 -4.3191620e-02  9.9844446e-01  1.5406000e+02]
 [ 9.9591498e-01  8.4278460e-02 -1.9882180e-02 -1.1747300e+03]
 [ 0.0000000e+00  0.0000000e+00  0.0000000e+00  1.0000000e+00]]
[-0259.42, +0089.88, -1112.51]
2016, 1926, 826
[[-8.2734340e-02  9.9532562e-01  4.4554880e-02 -8.3950000e+01]
 [ 2.5991020e-02 -4.2302340e-02  9.9852728e-01  1.5427000e+02]
 [ 9.9598328e-01  8.4018880e-02 -2.2116640e-02 -1.1747700e+03]
 [ 0.0000000e+00  0.0000000e+00  0.0000000e+00  1.0000000e+00]]
[-0114.07, +0057.78, -1137.55]
2056, 1726, 2242
[[-8.4805060e-02  9.9516176e-01  4.3483880e-02 -8.4250000e+01]
 [ 2.6088320e-02 -4.1138500e-02  9.9853876e-01  1.5429000e+02]
 [ 9.9576964e-01  8.6100680e-02 -2.2183200e-02 -1.1747300e+03]
 [ 0.0000000e+00  0.0000000e+00  0.0000000e+00  1.0000000e+00]]
[-0218.04, +0110.57, -1117.50]
1249, 1744, 984
[[-8.2356340e-02  9.9528818e-01  4.5648640e-02 -8.3900000e+01]
 [ 2.3635340e-02 -4.3587700e-02  9.9851168e-01  1.5408000e+02]
 [ 9.9605408e-01  8.3580160e-02 -1.9660800e-02 -1.1747700e+03]
 [ 0.0000000e+00  0.0000000e+00  0.0000000e+00  1.0000000e+00]]
[-0163.09, +0023.44, -1098.46]
1866, 1862, 1195
[[-8.3364640e-02  9.9529128e-01  4.4745040e-02 -8.4010000e+01]
 [ 2.5613040e-02 -4.2536400e-02  9.9855288e-01  1.5421000e+02]
 [ 9.9596728e-01  8.4611760e-02 -2.1720400e-02 -1.1747300e+03]
 [ 0.0000000e+00  0.0000000e+00  0.0000000e+00  1.0000000e+00]]
[-0137.38, +0060.79, -1108.65]
1101, 942, 1908
[[-8.3806440e-02  9.9524056e-01  4.5272880e-02 -8.4030000e+01]
 [ 2.3849520e-02 -4.3216500e-02  9.9857714e-01  1.5407000e+02]
 [ 9.9598424e-01  8.4978420e-02 -1.9898100e-02 -1.1747400e+03]
 [ 0.0000000e+00  0.0000000e+00  0.0000000e+00  1.0000000e+00]]
[-0270.70, +0113.37, -1132.30]
969, 2003, 1114
[[-8.2973800e-02  9.9537718e-01  4.5369260e-02 -8.3890000e+01]
 [ 2.3934700e-02 -4.3389640e-02  9.9863582e-01  1.5411000e+02]
 [ 9.9612310e-01  8.4087100e-02 -2.0080200e-02 -1.1747700e+03]
 [ 0.0000000e+00  0.0000000e+00  0.0000000e+00  1.0000000e+00]]
[-0189.10, -0008.86, -1129.65]
1762, 1652, 1785
[[-8.378100e-02  9.953815e-01  4.443850e-02 -8.410000e+01]
 [ 2.530850e-02 -4.235050e-02  9.986755e-01  1.542000e+02]
 [ 9.960515e-01  8.490550e-02 -2.153050e-02 -1.174710e+03]
 [ 0.000000e+00  0.000000e+00  0.000000e+00  1.000000e+00]]
[-0203.16, +0093.39, -1096.30]
1582, 816, 1843
[[-8.3802000e-02  9.9513980e-01  4.5392800e-02 -8.4040000e+01]
 [ 2.4354200e-02 -4.3204020e-02  9.9847372e-01  1.5405000e+02]
 [ 9.9587680e-01  8.5086280e-02 -2.0302020e-02 -1.1747400e+03]
 [ 0.0000000e+00  0.0000000e+00  0.0000000e+00  1.0000000e+00]]
[-0232.10, +0149.96, -1134.38]
763, 1442, 2143
[[-8.2548800e-02  9.9530640e-01  4.4668800e-02 -8.4010000e+01]
 [ 2.3997600e-02 -4.2560720e-02  9.9853776e-01  1.5407000e+02]
 [ 9.9601920e-01  8.3777760e-02 -2.0088080e-02 -1.1747500e+03]
 [ 0.0000000e+00  0.0000000e+00  0.0000000e+00  1.0000000e+00]]
[-0281.39, +0057.04, -1164.17]
818, 2188, 1870
[[-8.4374580e-02  9.9553042e-01  4.1154760e-02 -8.4170000e+01]
 [ 2.5280180e-02 -3.9099700e-02  9.9886444e-01  1.5446000e+02]
 [ 9.9605996e-01  8.5372360e-02 -2.1814120e-02 -1.1747300e+03]
 [ 0.0000000e+00  0.0000000e+00  0.0000000e+00  1.0000000e+00]]
[-0240.53, +0005.87, -1160.98]
1013, 1645, 1165
[[-8.2978320e-02  9.9526532e-01  4.5663560e-02 -8.3890000e+01]
 [ 2.3848520e-02 -4.3600020e-02  9.9853454e-01  1.5407000e+02]
 [ 9.9602684e-01  8.4183860e-02 -1.9874340e-02 -1.1747600e+03]
 [ 0.0000000e+00  0.0000000e+00  0.0000000e+00  1.0000000e+00]]
[-0200.27, +0021.04, -1093.41]
1277, 1546, 1212
[[-8.2965000e-02  9.9528320e-01  4.5297600e-02 -8.3930000e+01]
 [ 2.4630720e-02 -4.3167060e-02  9.9853450e-01  1.5410000e+02]
 [ 9.9600896e-01  8.4197220e-02 -2.0690100e-02 -1.1747400e+03]
 [ 0.0000000e+00  0.0000000e+00  0.0000000e+00  1.0000000e+00]]
[-0186.03, +0048.98, -1082.80]
1241, 1403, 1881
[[-8.3170980e-02  9.9517838e-01  4.4786860e-02 -8.4040000e+01]
 [ 2.4315620e-02 -4.2573000e-02  9.9846166e-01  1.5413000e+02]
 [ 9.9588886e-01  8.4480340e-02 -2.0302020e-02 -1.1747400e+03]
 [ 0.0000000e+00  0.0000000e+00  0.0000000e+00  1.0000000e+00]]
[-0255.10, +0080.00, -1110.59]
1143, 1293, 1370
[[-8.2978320e-02  9.9526304e-01  4.5871680e-02 -8.3920000e+01]
 [ 2.4056640e-02 -4.3798080e-02  9.9852784e-01  1.5405000e+02]
 [ 9.9602912e-01  8.4190560e-02 -2.0072400e-02 -1.1747500e+03]
 [ 0.0000000e+00  0.0000000e+00  0.0000000e+00  1.0000000e+00]]
[-0221.59, +0067.87, -1081.17]
1653, 905, 1399
[[-8.3591620e-02  9.9525352e-01  4.5504180e-02 -8.4000000e+01]
 [ 2.4652480e-02 -4.3389640e-02  9.9855528e-01  1.5408000e+02]
 [ 9.9598818e-01  8.4798720e-02 -2.0698020e-02 -1.1747300e+03]
 [ 0.0000000e+00  0.0000000e+00  0.0000000e+00  1.0000000e+00]]
[-0188.70, +0144.50, -1104.87]
1323, 2058, 2042
[[-8.2944400e-02  9.9542772e-01  4.3613360e-02 -8.4090000e+01]
 [ 2.4858120e-02 -4.1522100e-02  9.9866376e-01  1.5421000e+02]
 [ 9.9607256e-01  8.4088560e-02 -2.1126340e-02 -1.1747200e+03]
 [ 0.0000000e+00  0.0000000e+00  0.0000000e+00  1.0000000e+00]]
[-0241.39, +0034.54, -1127.80]
1808, 1698, 1380
[[-8.3785040e-02  9.9526764e-01  4.4941080e-02 -8.4000000e+01]
 [ 2.5430520e-02 -4.2758740e-02  9.9856774e-01  1.5416000e+02]
 [ 9.9595716e-01  8.5009220e-02 -2.1522340e-02 -1.1747400e+03]
 [ 0.0000000e+00  0.0000000e+00  0.0000000e+00  1.0000000e+00]]
[-0158.66, +0080.14, -1095.59]
