1220, 1220, 1220
[[-4.4979400e-02  8.9903444e-01  4.3530508e-01  2.5540000e+01]
 [ 1.6280600e-02 -4.3492210e-01  9.0015050e-01  8.9880000e+01]
 [ 9.9874340e-01  4.7676580e-02  5.0844600e-03 -1.1641600e+03]
 [ 0.0000000e+00  0.0000000e+00  0.0000000e+00  1.0000000e+00]]
[-0115.08, +0062.03, -1065.91]
1498, 979, 2097
[[-4.5338320e-02  8.9927548e-01  4.3467872e-01  2.5440000e+01]
 [ 1.7687080e-02 -4.3419112e-01  9.0041672e-01  8.9950000e+01]
 [ 9.9866368e-01  4.8648880e-02  3.9945600e-03 -1.1641000e+03]
 [ 0.0000000e+00  0.0000000e+00  0.0000000e+00  1.0000000e+00]]
[-0136.85, +0139.61, -1131.17]
2144, 1180, 1870
[[-4.4101800e-02  8.9976446e-01  4.3356922e-01  2.5440000e+01]
 [ 1.8216100e-02 -4.3295770e-01  9.0085190e-01  9.0140000e+01]
 [ 9.9861230e-01  4.7852780e-02  3.0560600e-03 -1.1641200e+03]
 [ 0.0000000e+00  0.0000000e+00  0.0000000e+00  1.0000000e+00]]
[-0077.27, +0123.73, -1116.81]
1353, 1341, 2080
[[-4.5250600e-02  8.9953024e-01  4.3401128e-01  2.5460000e+01]
 [ 1.7355920e-02 -4.3347690e-01  9.0066874e-01  9.0070000e+01]
 [ 9.9860864e-01  4.8484580e-02  4.3093400e-03 -1.1641300e+03]
 [ 0.0000000e+00  0.0000000e+00  0.0000000e+00  1.0000000e+00]]
[-0159.74, +0108.42, -1114.36]
801, 940, 1132
[[-4.4357480e-02  8.9876328e-01  4.3563900e-01  2.5600000e+01]
 [ 1.5765720e-02 -4.3515748e-01  8.9985320e-01  8.9800000e+01]
 [ 9.9865320e-01  4.6999000e-02  5.4710000e-03 -1.1641300e+03]
 [ 0.0000000e+00  0.0000000e+00  0.0000000e+00  1.0000000e+00]]
[-0152.57, +0073.09, -1065.79]
1386, 1055, 1360
[[-4.4471700e-02  8.9925340e-01  4.3486060e-01  2.5540000e+01]
 [ 1.7079080e-02 -4.3441834e-01  9.0034960e-01  8.9960000e+01]
 [ 9.9873356e-01  4.7585920e-02  4.1468000e-03 -1.1641400e+03]
 [ 0.0000000e+00  0.0000000e+00  0.0000000e+00  1.0000000e+00]]
[-0103.98, +0097.05, -1072.62]
2091, 1997, 1201
[[-4.3771220e-02  8.9981526e-01  4.3338294e-01  2.5570000e+01]
 [ 1.8556740e-02 -4.3270660e-01  9.0089002e-01  9.0190000e+01]
 [ 9.9857094e-01  4.7745980e-02  2.6646200e-03 -1.1641700e+03]
 [ 0.0000000e+00  0.0000000e+00  0.0000000e+00  1.0000000e+00]]
[-0055.15, +0025.58, -1112.31]
2140, 1530, 1436
[[-4.4588520e-02  8.9970970e-01  4.3376094e-01  2.5500000e+01]
 [ 1.8114900e-02 -4.3320900e-01  9.0081770e-01  9.0130000e+01]
 [ 9.9864806e-01  4.8198900e-02  3.2914800e-03 -1.1641700e+03]
 [ 0.0000000e+00  0.0000000e+00  0.0000000e+00  1.0000000e+00]]
[-0052.62, +0076.66, -1101.09]
998, 1500, 1619
[[-4.4404000e-02  8.9934420e-01  4.3444660e-01  2.5550000e+01]
 [ 1.6050600e-02 -4.3395578e-01  9.0043716e-01  8.9970000e+01]
 [ 9.9865220e-01  4.7166840e-02  5.1642200e-03 -1.1641300e+03]
 [ 0.0000000e+00  0.0000000e+00  0.0000000e+00  1.0000000e+00]]
[-0171.40, +0054.65, -1097.22]
1162, 1425, 1305
[[-4.4228160e-02  8.9913704e-01  4.3494248e-01  2.5560000e+01]
 [ 1.7351120e-02 -4.3441026e-01  9.0022646e-01  8.9960000e+01]
 [ 9.9865976e-01  4.7553380e-02  3.9113400e-03 -1.1641200e+03]
 [ 0.0000000e+00  0.0000000e+00  0.0000000e+00  1.0000000e+00]]
[-0132.76, +0046.02, -1073.40]
1517, 1148, 1630
[[-4.3984660e-02  8.9935200e-01  4.3446948e-01  2.5520000e+01]
 [ 1.6980480e-02 -4.3393130e-01  9.0042936e-01  8.9990000e+01]
 [ 9.9865380e-01  4.7194800e-02  4.1468000e-03 -1.1641200e+03]
 [ 0.0000000e+00  0.0000000e+00  0.0000000e+00  1.0000000e+00]]
[-0112.80, +0108.54, -1084.80]
1885, 1169, 1485
[[-4.4296100e-02  8.9934396e-01  4.3448028e-01  2.5520000e+01]
 [ 1.7459400e-02 -4.3393130e-01  9.0043740e-01  9.0030000e+01]
 [ 9.9864300e-01  4.7673720e-02  3.8353600e-03 -1.1641400e+03]
 [ 0.0000000e+00  0.0000000e+00  0.0000000e+00  1.0000000e+00]]
[-0067.78, +0104.44, -1093.61]
950, 1648, 1299
[[-4.4072500e-02  8.9926282e-01  4.3485926e-01  2.5610000e+01]
 [ 1.6989860e-02 -4.3441026e-01  9.0034018e-01  8.9940000e+01]
 [ 9.9874298e-01  4.7196140e-02  4.0670000e-03 -1.1641300e+03]
 [ 0.0000000e+00  0.0000000e+00  0.0000000e+00  1.0000000e+00]]
[-0154.67, +0016.54, -1094.36]
1070, 1736, 2142
[[-4.4432580e-02  8.9987914e-01  4.3347780e-01  2.5480000e+01]
 [ 1.7554140e-02 -4.3297362e-01  9.0097660e-01  9.0110000e+01]
 [ 9.9868780e-01  4.7796600e-02  3.6828000e-03 -1.1640800e+03]
 [ 0.0000000e+00  0.0000000e+00  0.0000000e+00  1.0000000e+00]]
[-0185.11, +0068.37, -1134.76]
1551, 1520, 998
[[-4.4160420e-02  8.9918372e-01  4.3472810e-01  2.5580000e+01]
 [ 1.6522280e-02 -4.3418292e-01  9.0026900e-01  8.9970000e+01]
 [ 9.9862250e-01  4.7179400e-02  4.6935000e-03 -1.1641700e+03]
 [ 0.0000000e+00  0.0000000e+00  0.0000000e+00  1.0000000e+00]]
[-0067.62, +0031.06, -1083.11]
1975, 1291, 1702
[[-4.5474880e-02  8.9960144e-01  4.3415384e-01  2.5400000e+01]
 [ 1.8302560e-02 -4.3370400e-01  9.0074792e-01  9.0140000e+01]
 [ 9.9871784e-01  4.8980080e-02  3.3708800e-03 -1.1641500e+03]
 [ 0.0000000e+00  0.0000000e+00  0.0000000e+00  1.0000000e+00]]
[-0079.02, +0110.29, -1098.74]
1439, 1311, 1397
[[-4.4938920e-02  8.9928510e-01  4.3467730e-01  2.5460000e+01]
 [ 1.7597900e-02 -4.3418292e-01  9.0040710e-01  8.9990000e+01]
 [ 9.9867330e-01  4.8259100e-02  3.9150000e-03 -1.1641600e+03]
 [ 0.0000000e+00  0.0000000e+00  0.0000000e+00  1.0000000e+00]]
[-0108.96, +0073.34, -1072.02]
2136, 1078, 2105
[[-4.6767520e-02  9.0152544e-01  4.2968464e-01  2.5110000e+01]
 [ 2.2496160e-02 -4.2888720e-01  9.0274848e-01  9.0770000e+01]
 [ 9.9843424e-01  5.2084320e-02  8.4320000e-05 -1.1640600e+03]
 [ 0.0000000e+00  0.0000000e+00  0.0000000e+00  1.0000000e+00]]
[-0094.47, +0134.44, -1128.29]
1707, 1578, 2055
[[-4.5681220e-02  9.0005584e-01  4.3304500e-01  2.5400000e+01]
 [ 1.8947840e-02 -4.3250298e-01  9.0121700e-01  9.0210000e+01]
 [ 9.9863380e-01  4.9503400e-02  2.9048000e-03 -1.1641500e+03]
 [ 0.0000000e+00  0.0000000e+00  0.0000000e+00  1.0000000e+00]]
[-0137.18, +0094.29, -1098.90]
1634, 1419, 1779
[[-4.4900520e-02  8.9986708e-01  4.3349436e-01  2.5440000e+01]
 [ 1.8272280e-02 -4.3297362e-01  9.0098866e-01  9.0160000e+01]
 [ 9.9867124e-01  4.8514740e-02  3.2148600e-03 -1.1641300e+03]
 [ 0.0000000e+00  0.0000000e+00  0.0000000e+00  1.0000000e+00]]
[-0122.43, +0091.79, -1086.23]
1858, 1931, 2128
[[-4.5437840e-02  9.0035748e-01  4.3217172e-01  2.5370000e+01]
 [ 1.8177480e-02 -4.3155394e-01  9.0150958e-01  9.0330000e+01]
 [ 9.9854172e-01  4.9054580e-02  3.6104600e-03 -1.1641800e+03]
 [ 0.0000000e+00  0.0000000e+00  0.0000000e+00  1.0000000e+00]]
[-0131.38, +0074.62, -1099.44]
2139, 1198, 1338
[[-4.4882100e-02  8.9991000e-01  4.3331950e-01  2.5410000e+01]
 [ 1.9091600e-02 -4.3272228e-01  9.0103464e-01  9.0180000e+01]
 [ 9.9861870e-01  4.8886640e-02  2.5111800e-03 -1.1641900e+03]
 [ 0.0000000e+00  0.0000000e+00  0.0000000e+00  1.0000000e+00]]
[-0042.20, +0096.00, -1110.94]
1436, 1449, 2006
[[-4.6480660e-02  9.0003612e-01  4.3304832e-01  2.5390000e+01]
 [ 1.9125480e-02 -4.3251938e-01  9.0123672e-01  9.0190000e+01]
 [ 9.9861408e-01  5.0283120e-02  3.0627200e-03 -1.1641400e+03]
 [ 0.0000000e+00  0.0000000e+00  0.0000000e+00  1.0000000e+00]]
[-0154.32, +0097.59, -1103.96]
1192, 955, 2110
[[-4.6030500e-02  8.9971880e-01  4.3356160e-01  2.5340000e+01]
 [ 1.8031600e-02 -4.3300642e-01  9.0089756e-01  9.0160000e+01]
 [ 9.9857120e-01  4.9473560e-02  3.9999200e-03 -1.1641500e+03]
 [ 0.0000000e+00  0.0000000e+00  0.0000000e+00  1.0000000e+00]]
[-0161.19, +0132.46, -1138.47]
1618, 1983, 1278
[[-4.4813200e-02  8.9991232e-01  4.3330424e-01  2.5490000e+01]
 [ 1.8462400e-02 -4.3273024e-01  9.0103232e-01  9.0150000e+01]
 [ 9.9862600e-01  4.8558400e-02  3.0588000e-03 -1.1641900e+03]
 [ 0.0000000e+00  0.0000000e+00  0.0000000e+00  1.0000000e+00]]
[-0093.22, +0009.73, -1097.56]
876, 1683, 1747
[[-4.5250600e-02  8.9953024e-01  4.3401128e-01  2.5520000e+01]
 [ 1.7355920e-02 -4.3347690e-01  9.0066874e-01  9.0030000e+01]
 [ 9.9860864e-01  4.8484580e-02  4.3093400e-03 -1.1641600e+03]
 [ 0.0000000e+00  0.0000000e+00  0.0000000e+00  1.0000000e+00]]
[-0186.14, +0044.53, -1122.29]
1184, 1746, 1716
[[-4.4588520e-02  8.9963172e-01  4.3363924e-01  2.5450000e+01]
 [ 1.8036920e-02 -4.3297362e-01  9.0074526e-01  9.0110000e+01]
 [ 9.9852636e-01  4.8271340e-02  3.5268600e-03 -1.1641600e+03]
 [ 0.0000000e+00  0.0000000e+00  0.0000000e+00  1.0000000e+00]]
[-0161.99, +0045.23, -1099.36]
1055, 1457, 1394
[[-4.5094740e-02  8.9936874e-01  4.3428342e-01  2.5490000e+01]
 [ 1.7437980e-02 -4.3371220e-01  9.0050174e-01  9.0020000e+01]
 [ 9.9858006e-01  4.8408020e-02  4.2299000e-03 -1.1641700e+03]
 [ 0.0000000e+00  0.0000000e+00  0.0000000e+00  1.0000000e+00]]
[-0150.90, +0045.00, -1080.95]
839, 1530, 2155
[[-4.5650080e-02  8.9985184e-01  4.3345720e-01  2.5420000e+01]
 [ 1.6801840e-02 -4.3301482e-01  9.0100390e-01  9.0060000e+01]
 [ 9.9866720e-01  4.8548900e-02  4.8591000e-03 -1.1641400e+03]
 [ 0.0000000e+00  0.0000000e+00  0.0000000e+00  1.0000000e+00]]
[-0193.95, +0077.26, -1152.38]
875, 1985, 1305
[[-4.5007060e-02  8.9961368e-01  4.3413716e-01  2.5510000e+01]
 [ 1.7584240e-02 -4.3370400e-01  9.0073568e-01  9.0070000e+01]
 [ 9.9873452e-01  4.8261760e-02  3.8387000e-03 -1.1641900e+03]
 [ 0.0000000e+00  0.0000000e+00  0.0000000e+00  1.0000000e+00]]
[-0158.14, -0006.45, -1126.94]
921, 2124, 1331
[[-4.5075400e-02  8.9982036e-01  4.3367488e-01  2.5490000e+01]
 [ 1.7692320e-02 -4.3322516e-01  9.0094644e-01  9.0120000e+01]
 [ 9.9871796e-01  4.8382080e-02  3.7622000e-03 -1.1641600e+03]
 [ 0.0000000e+00  0.0000000e+00  0.0000000e+00  1.0000000e+00]]
[-0152.77, -0011.05, -1136.06]
1330, 1356, 912
[[-4.4471700e-02  8.9913162e-01  4.3493844e-01  2.5490000e+01]
 [ 1.7200860e-02 -4.3441834e-01  9.0023188e-01  8.9960000e+01]
 [ 9.9865572e-01  4.7703640e-02  4.1468000e-03 -1.1641700e+03]
 [ 0.0000000e+00  0.0000000e+00  0.0000000e+00  1.0000000e+00]]
[-0079.61, +0031.19, -1072.54]
1694, 1183, 1254
[[-4.5338320e-02  8.9931936e-01  4.3447900e-01  2.5440000e+01]
 [ 1.7487360e-02 -4.3395578e-01  9.0046200e-01  9.0030000e+01]
 [ 9.9861980e-01  4.8603600e-02  4.2299000e-03 -1.1641900e+03]
 [ 0.0000000e+00  0.0000000e+00  0.0000000e+00  1.0000000e+00]]
[-0068.19, +0084.70, -1080.78]
1159, 1254, 1477
[[-4.4938920e-02  8.9932898e-01  4.3447762e-01  2.5440000e+01]
 [ 1.7398220e-02 -4.3394754e-01  9.0045238e-01  9.0020000e+01]
 [ 9.9862942e-01  4.8213820e-02  4.1503800e-03 -1.1641400e+03]
 [ 0.0000000e+00  0.0000000e+00  0.0000000e+00  1.0000000e+00]]
[-0143.66, +0074.52, -1076.46]
1549, 1295, 2017
[[-4.5075400e-02  8.9962064e-01  4.3363112e-01  2.5380000e+01]
 [ 1.7736080e-02 -4.3298986e-01  9.0075634e-01  9.0110000e+01]
 [ 9.9851824e-01  4.8572180e-02  3.9975000e-03 -1.1641600e+03]
 [ 0.0000000e+00  0.0000000e+00  0.0000000e+00  1.0000000e+00]]
[-0138.52, +0116.17, -1106.46]
1406, 2000, 805
[[-4.4451880e-02  8.9941784e-01  4.3460748e-01  2.5530000e+01]
 [ 1.7776760e-02 -4.3416676e-01  9.0051384e-01  9.0040000e+01]
 [ 9.9875928e-01  4.7840760e-02  3.4441200e-03 -1.1641900e+03]
 [ 0.0000000e+00  0.0000000e+00  0.0000000e+00  1.0000000e+00]]
[-0079.48, -0018.01, -1123.96]
909, 1192, 1934
[[-4.5825600e-02  8.9935224e-01  4.3427088e-01  2.5420000e+01]
 [ 1.6986960e-02 -4.3373728e-01  9.0051824e-01  8.9970000e+01]
 [ 9.9856752e-01  4.8859040e-02  4.9356800e-03 -1.1641500e+03]
 [ 0.0000000e+00  0.0000000e+00  0.0000000e+00  1.0000000e+00]]
[-0186.48, +0097.54, -1126.71]
1734, 822, 1406
[[-4.5426120e-02  8.9915228e-01  4.3474696e-01  2.5410000e+01]
 [ 1.7419120e-02 -4.3419940e-01  9.0030044e-01  8.9960000e+01]
 [ 9.9858716e-01  4.8677360e-02  4.3857200e-03 -1.1641800e+03]
 [ 0.0000000e+00  0.0000000e+00  0.0000000e+00  1.0000000e+00]]
[-0068.61, +0129.18, -1103.53]
1289, 1505, 1562
[[-4.5514000e-02  8.9936072e-01  4.3425996e-01  2.5430000e+01]
 [ 1.6508080e-02 -4.3373728e-01  9.0050976e-01  9.0010000e+01]
 [ 9.9857844e-01  4.8380160e-02  5.2472800e-03 -1.1641800e+03]
 [ 0.0000000e+00  0.0000000e+00  0.0000000e+00  1.0000000e+00]]
[-0141.54, +0060.71, -1081.06]
1646, 886, 1574
[[-4.5270340e-02  8.9915644e-01  4.3474146e-01  2.5430000e+01]
 [ 1.7179640e-02 -4.3419940e-01  9.0029628e-01  8.9980000e+01]
 [ 9.9859266e-01  4.8437880e-02  4.5415000e-03 -1.1641700e+03]
 [ 0.0000000e+00  0.0000000e+00  0.0000000e+00  1.0000000e+00]]
[-0090.45, +0132.55, -1101.25]
1074, 1616, 2098
[[-4.5630900e-02  8.9960682e-01  4.3363816e-01  2.5440000e+01]
 [ 1.8064420e-02 -4.3299810e-01  9.0077016e-01  9.0060000e+01]
 [ 9.9850296e-01  4.9201360e-02  3.9207600e-03 -1.1641300e+03]
 [ 0.0000000e+00  0.0000000e+00  0.0000000e+00  1.0000000e+00]]
[-0184.69, +0076.58, -1130.44]
1844, 1889, 1025
[[-4.5075400e-02  8.9953312e-01  4.3403056e-01  2.5490000e+01]
 [ 1.8135520e-02 -4.3346050e-01  9.0066586e-01  9.0110000e+01]
 [ 9.9860576e-01  4.8662660e-02  3.5268600e-03 -1.1642000e+03]
 [ 0.0000000e+00  0.0000000e+00  0.0000000e+00  1.0000000e+00]]
[-0056.32, +0013.51, -1109.61]
1124, 1995, 1407
[[-4.4520100e-02  8.9954674e-01  4.3402352e-01  2.5500000e+01]
 [ 1.7807060e-02 -4.3345242e-01  9.0065224e-01  9.0060000e+01]
 [ 9.9862088e-01  4.8033440e-02  3.6033200e-03 -1.1641400e+03]
 [ 0.0000000e+00  0.0000000e+00  0.0000000e+00  1.0000000e+00]]
[-0146.80, +0002.16, -1111.67]
1338, 1509, 1985
[[-4.5007060e-02  8.9970132e-01  4.3373776e-01  2.5430000e+01]
 [ 1.7184840e-02 -4.3323336e-01  9.0082608e-01  9.0060000e+01]
 [ 9.9864688e-01  4.8171360e-02  4.3093400e-03 -1.1641400e+03]
 [ 0.0000000e+00  0.0000000e+00  0.0000000e+00  1.0000000e+00]]
[-0160.61, +0089.09, -1104.63]
1847, 1425, 2042
[[-4.5786960e-02  8.9984620e-01  4.3348772e-01  2.5390000e+01]
 [ 1.8060280e-02 -4.3299810e-01  9.0100954e-01  9.0110000e+01]
 [ 9.9865340e-01  4.9205500e-02  3.7647000e-03 -1.1641800e+03]
 [ 0.0000000e+00  0.0000000e+00  0.0000000e+00  1.0000000e+00]]
[-0117.01, +0113.96, -1103.74]
1647, 1261, 825
[[-4.4160420e-02  8.9905178e-01  4.3532684e-01  2.5510000e+01]
 [ 1.7121020e-02 -4.3488930e-01  9.0013316e-01  8.9930000e+01]
 [ 9.9875444e-01  4.7315240e-02  3.9871200e-03 -1.1641700e+03]
 [ 0.0000000e+00  0.0000000e+00  0.0000000e+00  1.0000000e+00]]
[-0045.08, +0045.65, -1088.52]
2099, 1319, 1173
[[-4.4763560e-02  8.9949744e-01  4.3421916e-01  2.5430000e+01]
 [ 1.7856360e-02 -4.3369588e-01  9.0061248e-01  9.0110000e+01]
 [ 9.9866064e-01  4.8229080e-02  3.6033200e-03 -1.1641700e+03]
 [ 0.0000000e+00  0.0000000e+00  0.0000000e+00  1.0000000e+00]]
[-0035.25, +0076.16, -1109.33]
1832, 926, 1501
[[-4.5426120e-02  8.9923018e-01  4.3486878e-01  2.5410000e+01]
 [ 1.7497020e-02 -4.3443474e-01  9.0037282e-01  8.9980000e+01]
 [ 9.9870898e-01  4.8604980e-02  4.1503800e-03 -1.1641500e+03]
 [ 0.0000000e+00  0.0000000e+00  0.0000000e+00  1.0000000e+00]]
[-0074.95, +0125.04, -1103.38]
1764, 2132, 881
[[-4.4208420e-02  8.9946714e-01  4.3441184e-01  2.5540000e+01]
 [ 1.7727460e-02 -4.3392330e-01  9.0055368e-01  9.0110000e+01]
 [ 9.9871944e-01  4.7645120e-02  3.4441200e-03 -1.1642000e+03]
 [ 0.0000000e+00  0.0000000e+00  0.0000000e+00  1.0000000e+00]]
[-0065.60, -0007.12, -1130.63]
1812, 1941, 1614
[[-4.4938920e-02  8.9945076e-01  4.3439972e-01  2.5420000e+01]
 [ 1.7276440e-02 -4.3394754e-01  9.0057006e-01  9.0040000e+01]
 [ 9.9870732e-01  4.8096140e-02  4.1503800e-03 -1.1641600e+03]
 [ 0.0000000e+00  0.0000000e+00  0.0000000e+00  1.0000000e+00]]
[-0102.65, +0044.26, -1088.98]
2103, 972, 1866
[[-4.5263760e-02  9.0003044e-01  4.3274708e-01  2.5320000e+01]
 [ 1.9600120e-02 -4.3200826e-01  9.0118066e-01  9.0270000e+01]
 [ 9.9846916e-01  4.9557580e-02  2.3569400e-03 -1.1641300e+03]
 [ 0.0000000e+00  0.0000000e+00  0.0000000e+00  1.0000000e+00]]
[-0079.00, +0135.91, -1128.94]
2120, 1108, 1618
[[-4.5125440e-02  8.9994792e-01  4.3311576e-01  2.5390000e+01]
 [ 1.8741360e-02 -4.3249490e-01  9.0108558e-01  9.0220000e+01]
 [ 9.9857112e-01  4.8991860e-02  2.9819000e-03 -1.1641800e+03]
 [ 0.0000000e+00  0.0000000e+00  0.0000000e+00  1.0000000e+00]]
[-0060.84, +0117.20, -1113.93]
1242, 882, 2137
[[-4.5543460e-02  8.9985182e-01  4.3349184e-01  2.5370000e+01]
 [ 1.8210740e-02 -4.3298986e-01  9.0100392e-01  9.0130000e+01]
 [ 9.9865752e-01  4.9055040e-02  3.5294400e-03 -1.1641200e+03]
 [ 0.0000000e+00  0.0000000e+00  0.0000000e+00  1.0000000e+00]]
[-0154.62, +0138.82, -1144.25]
2049, 2176, 1181
[[-4.3179840e-02  9.0015816e-01  4.3286896e-01  2.5540000e+01]
 [ 1.9624240e-02 -4.3219752e-01  9.0120348e-01  9.0370000e+01]
 [ 9.9863664e-01  4.7624680e-02  1.3336800e-03 -1.1642200e+03]
 [ 0.0000000e+00  0.0000000e+00  0.0000000e+00  1.0000000e+00]]
[-0064.80, +0013.33, -1117.08]
1392, 1944, 1559
[[-4.4316040e-02  8.9922360e-01  4.3453384e-01  2.5490000e+01]
 [ 1.6562160e-02 -4.3394754e-01  9.0031830e-01  9.0060000e+01]
 [ 9.9857320e-01  4.7373660e-02  4.7732600e-03 -1.1641700e+03]
 [ 0.0000000e+00  0.0000000e+00  0.0000000e+00  1.0000000e+00]]
[-0135.01, +0027.50, -1094.02]
959, 893, 830
[[-4.3979940e-02  8.9839830e-01  4.3636792e-01  2.5520000e+01]
 [ 1.5499580e-02 -4.3587210e-01  8.9947056e-01  8.9770000e+01]
 [ 9.9864720e-01  4.6562000e-02  5.6214000e-03 -1.1641600e+03]
 [ 0.0000000e+00  0.0000000e+00  0.0000000e+00  1.0000000e+00]]
[-0104.24, +0061.32, -1052.89]
801, 2093, 1981
[[-4.6811400e-02  9.0069956e-01  4.3140032e-01  2.5340000e+01]
 [ 1.6820320e-02 -4.3089124e-01  9.0191164e-01  9.0240000e+01]
 [ 9.9854044e-01  4.9677280e-02  5.3342000e-03 -1.1641100e+03]
 [ 0.0000000e+00  0.0000000e+00  0.0000000e+00  1.0000000e+00]]
[-0184.87, +0028.99, -1155.69]
1327, 1435, 1196
[[-4.5311380e-02  8.9886198e-01  4.3556874e-01  2.5460000e+01]
 [ 1.6062180e-02 -4.3517428e-01  8.9999406e-01  8.9870000e+01]
 [ 9.9870666e-01  4.7900340e-02  5.4753400e-03 -1.1641900e+03]
 [ 0.0000000e+00  0.0000000e+00  0.0000000e+00  1.0000000e+00]]
[-0105.32, +0044.07, -1070.84]
1007, 1648, 1992
[[-4.5358260e-02  8.9932098e-01  4.3445426e-01  2.5390000e+01]
 [ 1.6468340e-02 -4.3397250e-01  9.0046038e-01  8.9960000e+01]
 [ 9.9862782e-01  4.8185860e-02  5.1678000e-03 -1.1641500e+03]
 [ 0.0000000e+00  0.0000000e+00  0.0000000e+00  1.0000000e+00]]
[-0186.05, +0066.51, -1126.69]
2079, 2152, 1013
[[-4.1895760e-02  9.0014436e-01  4.3307184e-01  2.5610000e+01]
 [ 1.9947240e-02 -4.3240418e-01  9.0112848e-01  9.0330000e+01]
 [ 9.9870576e-01  4.6589280e-02  4.6742000e-04 -1.1642600e+03]
 [ 0.0000000e+00  0.0000000e+00  0.0000000e+00  1.0000000e+00]]
[-0056.13, +0010.80, -1124.23]
989, 1750, 1853
[[-4.5466920e-02  8.9894598e-01  4.3517474e-01  2.5460000e+01]
 [ 1.5902380e-02 -4.3470372e-01  9.0008874e-01  8.9870000e+01]
 [ 9.9861306e-01  4.8049460e-02  5.7903600e-03 -1.1641800e+03]
 [ 0.0000000e+00  0.0000000e+00  0.0000000e+00  1.0000000e+00]]
[-0183.12, +0049.95, -1121.94]
1800, 1754, 1483
[[-4.4870980e-02  8.9916604e-01  4.3474014e-01  2.5430000e+01]
 [ 1.7090440e-02 -4.3419112e-01  9.0028668e-01  8.9940000e+01]
 [ 9.9860226e-01  4.8048120e-02  4.4619000e-03 -1.1641900e+03]
 [ 0.0000000e+00  0.0000000e+00  0.0000000e+00  1.0000000e+00]]
[-0085.27, +0051.20, -1085.10]
2043, 1099, 1422
[[-4.5406500e-02  8.9948228e-01  4.3421654e-01  2.5400000e+01]
 [ 1.7795080e-02 -4.3371220e-01  9.0062764e-01  9.0030000e+01]
 [ 9.9864694e-01  4.8769240e-02  3.9181400e-03 -1.1642100e+03]
 [ 0.0000000e+00  0.0000000e+00  0.0000000e+00  1.0000000e+00]]
[-0050.74, +0108.72, -1108.37]
1444, 1050, 1024
[[-4.4803240e-02  8.9895910e-01  4.3520230e-01  2.5460000e+01]
 [ 1.6982300e-02 -4.3467012e-01  9.0007562e-01  8.9910000e+01]
 [ 9.9861910e-01  4.7927620e-02  4.5378800e-03 -1.1642000e+03]
 [ 0.0000000e+00  0.0000000e+00  0.0000000e+00  1.0000000e+00]]
[-0072.34, +0075.10, -1069.86]
2130, 1207, 1177
[[-4.4919460e-02  8.9937166e-01  4.3430266e-01  2.5380000e+01]
 [ 1.8217540e-02 -4.3369588e-01  9.0049882e-01  9.0100000e+01]
 [ 9.9857714e-01  4.8586220e-02  3.4474200e-03 -1.1642000e+03]
 [ 0.0000000e+00  0.0000000e+00  0.0000000e+00  1.0000000e+00]]
[-0033.26, +0085.43, -1113.85]
818, 1965, 1513
[[-4.5202560e-02  8.9944704e-01  4.3437104e-01  2.5580000e+01]
 [ 1.6107040e-02 -4.3397250e-01  9.0057378e-01  8.9970000e+01]
 [ 9.9871104e-01  4.7828780e-02  5.3235000e-03 -1.1641700e+03]
 [ 0.0000000e+00  0.0000000e+00  0.0000000e+00  1.0000000e+00]]
[-0174.69, +0006.44, -1134.51]
998, 1576, 2189
[[-4.5318900e-02  8.9957132e-01  4.3382674e-01  2.5460000e+01]
 [ 1.7785400e-02 -4.3323336e-01  9.0071668e-01  9.0050000e+01]
 [ 9.9855790e-01  4.8767800e-02  3.9975000e-03 -1.1641200e+03]
 [ 0.0000000e+00  0.0000000e+00  0.0000000e+00  1.0000000e+00]]
[-0187.53, +0080.93, -1141.55]
846, 1512, 1046
[[-4.3781920e-02  8.9894084e-01  4.3537932e-01  2.5620000e+01]
 [ 1.6134440e-02 -4.3489738e-01  9.0000456e-01  8.9850000e+01]
 [ 9.9869388e-01  4.6625040e-02  4.8447000e-03 -1.1641300e+03]
 [ 0.0000000e+00  0.0000000e+00  0.0000000e+00  1.0000000e+00]]
[-0145.59, +0008.35, -1086.97]
1329, 1403, 1954
[[-4.4228160e-02  8.9939056e-01  4.3426584e-01  2.5500000e+01]
 [ 1.6630560e-02 -4.3370400e-01  9.0047992e-01  9.0000000e+01]
 [ 9.9860584e-01  4.7299920e-02  4.6176000e-03 -1.1641400e+03]
 [ 0.0000000e+00  0.0000000e+00  0.0000000e+00  1.0000000e+00]]
[-0157.31, +0096.96, -1102.96]
1637, 1601, 1039
[[-4.4228160e-02  8.9930272e-01  4.3466504e-01  2.5570000e+01]
 [ 1.7029760e-02 -4.3417480e-01  9.0038948e-01  8.9990000e+01]
 [ 9.9869368e-01  4.7390360e-02  4.1468000e-03 -1.1641900e+03]
 [ 0.0000000e+00  0.0000000e+00  0.0000000e+00  1.0000000e+00]]
[-0065.08, +0029.90, -1087.24]
1707, 2145, 2134
[[-4.4882100e-02  9.0024048e-01  4.3276386e-01  2.5480000e+01]
 [ 1.8448800e-02 -4.3225156e-01  9.0136048e-01  9.0190000e+01]
 [ 9.9868770e-01  4.8560800e-02  2.9819000e-03 -1.1641400e+03]
 [ 0.0000000e+00  0.0000000e+00  0.0000000e+00  1.0000000e+00]]
[-0145.95, +0052.14, -1107.86]
2184, 1315, 1496
[[-4.4276680e-02  8.9955224e-01  4.3402752e-01  2.5480000e+01]
 [ 1.7957440e-02 -4.3344442e-01  9.0064674e-01  9.0090000e+01]
 [ 9.9862488e-01  4.7883060e-02  3.3679000e-03 -1.1641700e+03]
 [ 0.0000000e+00  0.0000000e+00  0.0000000e+00  1.0000000e+00]]
[-0051.04, +0096.47, -1107.92]
2092, 1344, 955
[[-4.3517800e-02  8.9919836e-01  4.3473088e-01  2.5550000e+01]
 [ 1.6583360e-02 -4.3416676e-01  9.0025436e-01  8.9990000e+01]
 [ 9.9863588e-01  4.6639360e-02  4.3782000e-03 -1.1641700e+03]
 [ 0.0000000e+00  0.0000000e+00  0.0000000e+00  1.0000000e+00]]
[-0028.35, +0060.91, -1115.75]
1040, 1689, 1308
[[-4.5202560e-02  8.9915936e-01  4.3472640e-01  2.5500000e+01]
 [ 1.6550400e-02 -4.3420776e-01  9.0029336e-01  9.0010000e+01]
 [ 9.9859936e-01  4.8109200e-02  5.0882400e-03 -1.1641900e+03]
 [ 0.0000000e+00  0.0000000e+00  0.0000000e+00  1.0000000e+00]]
[-0147.83, +0017.91, -1091.49]
1812, 1727, 1862
[[-4.5231380e-02  8.9957280e-01  4.3383642e-01  2.5380000e+01]
 [ 1.8175200e-02 -4.3322516e-01  9.0071520e-01  9.0170000e+01]
 [ 9.9855642e-01  4.8856800e-02  3.6062200e-03 -1.1641700e+03]
 [ 0.0000000e+00  0.0000000e+00  0.0000000e+00  1.0000000e+00]]
[-0113.87, +0077.38, -1088.96]
2109, 1077, 2092
[[-4.6397160e-02  9.0107652e-01  4.3078692e-01  2.5150000e+01]
 [ 2.1613080e-02 -4.3008658e-01  9.0227822e-01  9.0610000e+01]
 [ 9.9852348e-01  5.1324620e-02  7.1342000e-04 -1.1640700e+03]
 [ 0.0000000e+00  0.0000000e+00  0.0000000e+00  1.0000000e+00]]
[-0094.99, +0134.50, -1127.72]
814, 2137, 2109
[[-4.4004840e-02  8.9964114e-01  4.3409034e-01  2.5360000e+01]
 [ 1.5518340e-02 -4.3371220e-01  9.0070822e-01  8.9990000e+01]
 [ 9.9877314e-01  4.6496620e-02  5.3198000e-03 -1.1642600e+03]
 [ 0.0000000e+00  0.0000000e+00  0.0000000e+00  1.0000000e+00]]
[-0185.49, +0037.67, -1143.68]
1539, 1394, 1284
[[-4.3227540e-02  8.9932998e-01  4.3461922e-01  2.5360000e+01]
 [ 1.4963620e-02 -4.3418292e-01  9.0036222e-01  8.9970000e+01]
 [ 9.9873138e-01  4.5624820e-02  5.6263800e-03 -1.1642700e+03]
 [ 0.0000000e+00  0.0000000e+00  0.0000000e+00  1.0000000e+00]]
[-0088.26, +0062.59, -1074.03]
1156, 1561, 1747
[[-4.4248420e-02  8.9951416e-01  4.3416398e-01  2.5330000e+01]
 [ 1.5489760e-02 -4.3372048e-01  9.0059576e-01  9.0000000e+01]
 [ 9.9869122e-01  4.6764640e-02  5.5551000e-03 -1.1642500e+03]
 [ 0.0000000e+00  0.0000000e+00  0.0000000e+00  1.0000000e+00]]
[-0165.05, +0062.82, -1096.79]
1808, 991, 1773
[[-4.4451880e-02  8.9971494e-01  4.3373102e-01  2.5290000e+01]
 [ 1.6856460e-02 -4.3322516e-01  9.0081246e-01  9.0120000e+01]
 [ 9.9866182e-01  4.7542140e-02  4.3857200e-03 -1.1642400e+03]
 [ 0.0000000e+00  0.0000000e+00  0.0000000e+00  1.0000000e+00]]
[-0092.50, +0134.64, -1111.80]
1219, 1846, 1423
[[-4.4695380e-02  8.9983132e-01  4.3364902e-01  2.5380000e+01]
 [ 1.6584280e-02 -4.3323336e-01  9.0093548e-01  9.0100000e+01]
 [ 9.9873562e-01  4.7574920e-02  4.6210200e-03 -1.1642700e+03]
 [ 0.0000000e+00  0.0000000e+00  0.0000000e+00  1.0000000e+00]]
[-0138.63, +0015.85, -1094.58]
1043, 1297, 1562
[[-4.4228160e-02  8.9955624e-01  4.3398840e-01  2.5350000e+01]
 [ 1.6309200e-02 -4.3346866e-01  9.0064274e-01  9.0040000e+01]
 [ 9.9863976e-01  4.7137100e-02  4.8529400e-03 -1.1642200e+03]
 [ 0.0000000e+00  0.0000000e+00  0.0000000e+00  1.0000000e+00]]
[-0161.67, +0072.66, -1086.03]
908, 881, 1538
[[-4.3937380e-02  8.9919076e-01  4.3470822e-01  2.5370000e+01]
 [ 1.5653560e-02 -4.3419112e-01  9.0026196e-01  8.9930000e+01]
 [ 9.9863418e-01  4.6611240e-02  5.3955000e-03 -1.1642100e+03]
 [ 0.0000000e+00  0.0000000e+00  0.0000000e+00  1.0000000e+00]]
[-0164.06, +0109.97, -1092.27]
861, 914, 1316
[[-4.4269200e-02  8.9918456e-01  4.3469472e-01  2.5400000e+01]
 [ 1.5113520e-02 -4.3420776e-01  9.0026816e-01  8.9920000e+01]
 [ 9.9863104e-01  4.6672320e-02  6.0216000e-03 -1.1642700e+03]
 [ 0.0000000e+00  0.0000000e+00  0.0000000e+00  1.0000000e+00]]
[-0158.22, +0090.25, -1075.52]
1500, 2016, 1276
[[-4.3809220e-02  8.9989522e-01  4.3345628e-01  2.5390000e+01]
 [ 1.6596620e-02 -4.3297362e-01  9.0096052e-01  9.0140000e+01]
 [ 9.9870932e-01  4.6839080e-02  4.3061600e-03 -1.1642800e+03]
 [ 0.0000000e+00  0.0000000e+00  0.0000000e+00  1.0000000e+00]]
[-0103.12, +0003.23, -1101.13]
1960, 1521, 830
[[-4.3741200e-02  8.9956684e-01  4.3399652e-01  2.5380000e+01]
 [ 1.6609960e-02 -4.3345242e-01  9.0063214e-01  9.0110000e+01]
 [ 9.9864788e-01  4.6836340e-02  4.3822200e-03 -1.1642800e+03]
 [ 0.0000000e+00  0.0000000e+00  0.0000000e+00  1.0000000e+00]]
[-0028.43, +0036.76, -1117.85]
1584, 1953, 1287
[[-4.3965000e-02  8.9989120e-01  4.3346160e-01  2.5400000e+01]
 [ 1.6836000e-02 -4.3297362e-01  9.0096454e-01  9.0150000e+01]
 [ 9.9870400e-01  4.7078460e-02  4.1503800e-03 -1.1642300e+03]
 [ 0.0000000e+00  0.0000000e+00  0.0000000e+00  1.0000000e+00]]
[-0100.26, +0010.89, -1095.35]
1366, 1055, 1688
[[-4.4383860e-02  8.9959604e-01  4.3379410e-01  2.5320000e+01]
 [ 1.6349000e-02 -4.3323336e-01  9.0069196e-01  9.0070000e+01]
 [ 9.9859054e-01  4.7331400e-02  4.9325400e-03 -1.1642100e+03]
 [ 0.0000000e+00  0.0000000e+00  0.0000000e+00  1.0000000e+00]]
[-0131.71, +0115.31, -1090.61]
2018, 1302, 1416
[[-4.4208420e-02  8.9976414e-01  4.3353546e-01  2.5330000e+01]
 [ 1.6807260e-02 -4.3298170e-01  9.0085222e-01  9.0170000e+01]
 [ 9.9862206e-01  4.7346580e-02  4.3857200e-03 -1.1642800e+03]
 [ 0.0000000e+00  0.0000000e+00  0.0000000e+00  1.0000000e+00]]
[-0054.24, +0090.90, -1098.57]
1342, 2011, 1887
[[-4.4345140e-02  9.0008970e-01  4.3300998e-01  2.5340000e+01]
 [ 1.7422980e-02 -4.3249490e-01  9.0118314e-01  9.0200000e+01]
 [ 9.9867690e-01  4.7677500e-02  3.7622000e-03 -1.1642200e+03]
 [ 0.0000000e+00  0.0000000e+00  0.0000000e+00  1.0000000e+00]]
[-0160.84, +0036.85, -1110.64]
2067, 1260, 1778
[[-4.4345140e-02  9.0004600e-01  4.3320964e-01  2.5280000e+01]
 [ 1.7622640e-02 -4.3273024e-01  9.0113800e-01  9.0220000e+01]
 [ 9.9872060e-01  4.7722640e-02  3.5268600e-03 -1.1642400e+03]
 [ 0.0000000e+00  0.0000000e+00  0.0000000e+00  1.0000000e+00]]
[-0076.30, +0115.85, -1106.88]
1499, 1096, 810
[[-4.4004840e-02  8.9923180e-01  4.3452324e-01  2.5400000e+01]
 [ 1.6083240e-02 -4.3394754e-01  9.0031010e-01  9.0000000e+01]
 [ 9.9858380e-01  4.6894740e-02  5.0844600e-03 -1.1642600e+03]
 [ 0.0000000e+00  0.0000000e+00  0.0000000e+00  1.0000000e+00]]
[-0050.88, +0055.61, -1077.99]
1622, 2137, 1315
[[-4.4501120e-02  9.0025104e-01  4.3273776e-01  2.5390000e+01]
 [ 1.7340960e-02 -4.3225960e-01  9.0134992e-01  9.0240000e+01]
 [ 9.9870576e-01  4.7754080e-02  3.8415200e-03 -1.1642500e+03]
 [ 0.0000000e+00  0.0000000e+00  0.0000000e+00  1.0000000e+00]]
[-0097.76, +0001.56, -1107.69]
1955, 2186, 2029
[[-4.4065320e-02  9.0055454e-01  4.3190834e-01  2.5320000e+01]
 [ 1.8370060e-02 -4.3127860e-01  9.0164038e-01  9.0350000e+01]
 [ 9.9860194e-01  4.7899420e-02  2.8257200e-03 -1.1642200e+03]
 [ 0.0000000e+00  0.0000000e+00  0.0000000e+00  1.0000000e+00]]
[-0119.46, +0048.33, -1100.06]
1075, 2050, 1057
[[-4.4296100e-02  8.9967516e-01  4.3392528e-01  2.5430000e+01]
 [ 1.6816680e-02 -4.3346050e-01  9.0076324e-01  9.0090000e+01]
 [ 9.9871104e-01  4.7347880e-02  4.3061600e-03 -1.1642300e+03]
 [ 0.0000000e+00  0.0000000e+00  0.0000000e+00  1.0000000e+00]]
[-0124.47, -0016.51, -1120.99]
1287, 1786, 2142
[[-4.4345140e-02  9.0001172e-01  4.3288830e-01  2.5290000e+01]
 [ 1.7345000e-02 -4.3225960e-01  9.0111060e-01  9.0220000e+01]
 [ 9.9855522e-01  4.7750040e-02  3.9975000e-03 -1.1642000e+03]
 [ 0.0000000e+00  0.0000000e+00  0.0000000e+00  1.0000000e+00]]
[-0173.43, +0072.56, -1120.56]
1066, 1694, 2167
[[-4.4831940e-02  9.0000084e-01  4.3288014e-01  2.5300000e+01]
 [ 1.7043960e-02 -4.3227592e-01  9.0112148e-01  9.0180000e+01]
 [ 9.9854706e-01  4.8051080e-02  4.4679800e-03 -1.1641800e+03]
 [ 0.0000000e+00  0.0000000e+00  0.0000000e+00  1.0000000e+00]]
[-0185.82, +0073.79, -1136.68]
1994, 888, 1368
[[-4.3410100e-02  8.9973900e-01  4.3373240e-01  2.5330000e+01]
 [ 1.6828920e-02 -4.3320104e-01  9.0078840e-01  9.0110000e+01]
 [ 9.9868456e-01  4.6612080e-02  3.9911000e-03 -1.1642200e+03]
 [ 0.0000000e+00  0.0000000e+00  0.0000000e+00  1.0000000e+00]]
[-0047.33, +0121.88, -1118.51]
1220, 1679, 2124
[[-4.4744500e-02  9.0012390e-01  4.3281170e-01  2.5240000e+01]
 [ 1.7312100e-02 -4.3226772e-01  9.0123774e-01  9.0200000e+01]
 [ 9.9862370e-01  4.8022260e-02  4.0767800e-03 -1.1642000e+03]
 [ 0.0000000e+00  0.0000000e+00  0.0000000e+00  1.0000000e+00]]
[-0177.43, +0077.57, -1122.79]
897, 1733, 1899
[[-4.3741200e-02  8.9965460e-01  4.3359740e-01  2.5340000e+01]
 [ 1.6210840e-02 -4.3298170e-01  9.0072238e-01  9.0090000e+01]
 [ 9.9856012e-01  4.6746100e-02  4.8529400e-03 -1.1642300e+03]
 [ 0.0000000e+00  0.0000000e+00  0.0000000e+00  1.0000000e+00]]
[-0187.96, +0048.42, -1130.91]
2043, 1675, 2067
[[-4.4308500e-02  9.0034040e-01  4.3238190e-01  2.5260000e+01]
 [ 1.8740400e-02 -4.3175712e-01  9.0143800e-01  9.0290000e+01]
 [ 9.9860690e-01  4.8258000e-02  2.5903800e-03 -1.1642100e+03]
 [ 0.0000000e+00  0.0000000e+00  0.0000000e+00  1.0000000e+00]]
[-0103.96, +0098.54, -1099.55]
884, 1934, 1818
[[-4.4938920e-02  8.9986984e-01  4.3344520e-01  2.5390000e+01]
 [ 1.6234160e-02 -4.3300642e-01  9.0098590e-01  9.0090000e+01]
 [ 9.9868760e-01  4.7680300e-02  5.0915000e-03 -1.1642500e+03]
 [ 0.0000000e+00  0.0000000e+00  0.0000000e+00  1.0000000e+00]]
[-0183.62, +0028.66, -1137.23]
855, 2199, 1507
[[-4.4181000e-02  8.9942920e-01  4.3454860e-01  2.5460000e+01]
 [ 1.5259640e-02 -4.3419940e-01  9.0050248e-01  8.9900000e+01]
 [ 9.9878552e-01  4.6526200e-02  5.6308400e-03 -1.1642200e+03]
 [ 0.0000000e+00  0.0000000e+00  0.0000000e+00  1.0000000e+00]]
[-0163.40, -0003.72, -1147.23]
2070, 1570, 1772
[[-4.3809220e-02  8.9972970e-01  4.3373374e-01  2.5310000e+01]
 [ 1.6917900e-02 -4.3320900e-01  9.0079770e-01  9.0040000e+01]
 [ 9.9867526e-01  4.7001900e-02  4.0707800e-03 -1.1642400e+03]
 [ 0.0000000e+00  0.0000000e+00  0.0000000e+00  1.0000000e+00]]
[-0080.35, +0092.93, -1095.60]
1333, 2177, 2188
[[-4.5699560e-02  9.0064044e-01  4.3178664e-01  2.5280000e+01]
 [ 1.6564560e-02 -4.3134388e-01  9.0179372e-01  9.0180000e+01]
 [ 9.9865836e-01  4.8508720e-02  5.0193200e-03 -1.1641700e+03]
 [ 0.0000000e+00  0.0000000e+00  0.0000000e+00  1.0000000e+00]]
[-0169.11, +0043.49, -1127.84]
1825, 1830, 1415
[[-4.4181000e-02  8.9926330e-01  4.3482590e-01  2.5370000e+01]
 [ 1.5581020e-02 -4.3443474e-01  9.0033970e-01  8.9930000e+01]
 [ 9.9875186e-01  4.6688980e-02  5.3955000e-03 -1.1642500e+03]
 [ 0.0000000e+00  0.0000000e+00  0.0000000e+00  1.0000000e+00]]
[-0078.14, +0040.81, -1089.45]
1741, 1695, 1232
[[-4.4113780e-02  8.9893450e-01  4.3536590e-01  2.5380000e+01]
 [ 1.5594500e-02 -4.3491378e-01  9.0001090e-01  8.9870000e+01]
 [ 9.9869090e-01  4.6685900e-02  5.4710000e-03 -1.1642600e+03]
 [ 0.0000000e+00  0.0000000e+00  0.0000000e+00  1.0000000e+00]]
[-0073.68, +0038.76, -1086.57]
1923, 1420, 1462
[[-4.3538340e-02  8.9915598e-01  4.3490664e-01  2.5310000e+01]
 [ 1.5763860e-02 -4.3441834e-01  9.0020752e-01  8.9910000e+01]
 [ 9.9868752e-01  4.6266640e-02  5.0801600e-03 -1.1642300e+03]
 [ 0.0000000e+00  0.0000000e+00  0.0000000e+00  1.0000000e+00]]
[-0067.09, +0082.79, -1089.70]
917, 2114, 872
[[-4.4046760e-02  8.9901532e-01  4.3547328e-01  2.5480000e+01]
 [ 1.5042880e-02 -4.3515748e-01  9.0008028e-01  8.9810000e+01]
 [ 9.9881892e-01  4.6284480e-02  5.7817200e-03 -1.1642700e+03]
 [ 0.0000000e+00  0.0000000e+00  0.0000000e+00  1.0000000e+00]]
[-0122.70, -0030.79, -1144.32]
1802, 924, 1871
[[-4.4958900e-02  8.9928658e-01  4.3465274e-01  2.5280000e+01]
 [ 1.6578860e-02 -4.3419940e-01  9.0040562e-01  8.9940000e+01]
 [ 9.9868138e-01  4.7841260e-02  4.8529400e-03 -1.1642200e+03]
 [ 0.0000000e+00  0.0000000e+00  0.0000000e+00  1.0000000e+00]]
[-0098.11, +0141.94, -1122.64]
1149, 947, 814
[[-4.3248840e-02  8.9862406e-01  4.3590366e-01  2.5420000e+01]
 [ 1.5429060e-02 -4.3537650e-01  8.9966342e-01  8.9760000e+01]
 [ 9.9864866e-01  4.5903420e-02  5.3859000e-03 -1.1642100e+03]
 [ 0.0000000e+00  0.0000000e+00  0.0000000e+00  1.0000000e+00]]
[-0081.12, +0058.78, -1058.83]
1064, 1348, 2189
[[-4.5581940e-02  8.9952346e-01  4.3399744e-01  2.5350000e+01]
 [ 1.6815740e-02 -4.3349362e-01  9.0067552e-01  8.9970000e+01]
 [ 9.9860576e-01  4.8545920e-02  4.9356800e-03 -1.1641800e+03]
 [ 0.0000000e+00  0.0000000e+00  0.0000000e+00  1.0000000e+00]]
[-0182.07, +0100.28, -1138.50]
923, 1086, 1552
[[-4.4202100e-02  8.9893348e-01  4.3535656e-01  2.5450000e+01]
 [ 1.5204760e-02 -4.3492210e-01  9.0001192e-01  8.9790000e+01]
 [ 9.9869192e-01  4.6596560e-02  5.8617600e-03 -1.1641800e+03]
 [ 0.0000000e+00  0.0000000e+00  0.0000000e+00  1.0000000e+00]]
[-0168.60, +0088.78, -1089.65]
1274, 1413, 1386
[[-4.3294800e-02  8.9916116e-01  4.3491068e-01  2.5450000e+01]
 [ 1.5914120e-02 -4.3441026e-01  9.0020234e-01  8.9870000e+01]
 [ 9.9869156e-01  4.6116380e-02  4.8447000e-03 -1.1641800e+03]
 [ 0.0000000e+00  0.0000000e+00  0.0000000e+00  1.0000000e+00]]
[-0125.78, +0057.21, -1072.72]
1586, 1373, 1241
[[-4.362650e-02  8.991549e-01  4.348974e-01  2.549000e+01]
 [ 1.537410e-02 -4.344265e-01  9.002086e-01  8.988000e+01]
 [ 9.986886e-01  4.617740e-02  5.471000e-03 -1.164220e+03]
 [ 0.000000e+00  0.000000e+00  0.000000e+00  1.000000e+00]]
[-0080.35, +0062.05, -1075.41]
2157, 2146, 838
[[-4.0879060e-02  8.9850244e-01  4.3667184e-01  2.5550000e+01]
 [ 1.4670040e-02 -4.3628770e-01  8.9942688e-01  8.9740000e+01]
 [ 9.9888624e-01  4.3327680e-02  4.8960000e-03 -1.1643700e+03]
 [ 0.0000000e+00  0.0000000e+00  0.0000000e+00  1.0000000e+00]]
[-0051.38, +0006.55, -1125.98]
1304, 1863, 971
[[-4.1919520e-02  8.9822528e-01  4.3734528e-01  2.5470000e+01]
 [ 1.5418880e-02 -4.3701832e-01  8.9919528e-01  8.9630000e+01]
 [ 9.9892032e-01  4.4511120e-02  4.5861600e-03 -1.1642600e+03]
 [ 0.0000000e+00  0.0000000e+00  0.0000000e+00  1.0000000e+00]]
[-0069.84, +0001.02, -1107.37]
1544, 1495, 2132
[[-4.1698440e-02  8.9806582e-01  4.3760322e-01  2.5450000e+01]
 [ 1.4870820e-02 -4.3726194e-01  8.9902522e-01  8.9600000e+01]
 [ 9.9889822e-01  4.4105220e-02  5.0508600e-03 -1.1642500e+03]
 [ 0.0000000e+00  0.0000000e+00  0.0000000e+00  1.0000000e+00]]
[-0060.27, +0026.54, -1088.00]
1080, 2156, 1994
[[-4.2296100e-02  8.9851358e-01  4.3649454e-01  2.5490000e+01]
 [ 1.5608580e-02 -4.3606740e-01  8.9950534e-01  8.9760000e+01]
 [ 9.9880454e-01  4.5020340e-02  4.6733400e-03 -1.1642800e+03]
 [ 0.0000000e+00  0.0000000e+00  0.0000000e+00  1.0000000e+00]]
[-0075.98, -0014.75, -1132.49]
979, 1998, 2004
[[-4.2008200e-02  8.9814674e-01  4.3721458e-01  2.5460000e+01]
 [ 1.4951740e-02 -4.3679034e-01  8.9912386e-01  8.9650000e+01]
 [ 9.9879958e-01  4.4493860e-02  5.2127000e-03 -1.1642600e+03]
 [ 0.0000000e+00  0.0000000e+00  0.0000000e+00  1.0000000e+00]]
[-0072.77, -0005.56, -1116.65]
1257, 1753, 1907
[[-4.2650500e-02  8.9801094e-01  4.3728908e-01  2.5400000e+01]
 [ 1.5013380e-02 -4.3680626e-01  8.9901996e-01  8.9630000e+01]
 [ 9.9870916e-01  4.5151320e-02  5.5292000e-03 -1.1643000e+03]
 [ 0.0000000e+00  0.0000000e+00  0.0000000e+00  1.0000000e+00]]
[-0066.66, +0008.15, -1100.10]
1508, 957, 2084
[[-4.2739300e-02  8.9771042e-01  4.3815486e-01  2.5340000e+01]
 [ 1.5542980e-02 -4.3775722e-01  8.9872134e-01  8.9570000e+01]
 [ 9.9881034e-01  4.5361140e-02  4.9769200e-03 -1.1642600e+03]
 [ 0.0000000e+00  0.0000000e+00  0.0000000e+00  1.0000000e+00]]
[-0047.54, +0078.32, -1081.77]
1630, 893, 976
[[-4.3072000e-02  8.9758240e-01  4.3821920e-01  2.5330000e+01]
 [ 1.5125440e-02 -4.3777330e-01  8.9860958e-01  8.9560000e+01]
 [ 9.9872992e-01  4.5538900e-02  5.6033400e-03 -1.1642600e+03]
 [ 0.0000000e+00  0.0000000e+00  0.0000000e+00  1.0000000e+00]]
[-0046.23, +0085.31, -1083.22]
1117, 1333, 1190
[[-4.3448020e-02  8.9790394e-01  4.3768992e-01  2.5340000e+01]
 [ 1.5591740e-02 -4.3729378e-01  8.9894736e-01  8.9620000e+01]
 [ 9.9877968e-01  4.6021440e-02  5.2192000e-03 -1.1642800e+03]
 [ 0.0000000e+00  0.0000000e+00  0.0000000e+00  1.0000000e+00]]
[-0055.63, +0040.00, -1083.43]
1001, 1901, 2173
[[-4.3115560e-02  8.9816506e-01  4.3702738e-01  2.5360000e+01]
 [ 1.5411220e-02 -4.3657060e-01  8.9919526e-01  8.9690000e+01]
 [ 9.9872714e-01  4.5707180e-02  5.2998000e-03 -1.1643000e+03]
 [ 0.0000000e+00  0.0000000e+00  0.0000000e+00  1.0000000e+00]]
[-0068.99, -0004.82, -1113.03]
1763, 1648, 912
[[-4.2185800e-02  8.9760152e-01  4.3822616e-01  2.5320000e+01]
 [ 1.5335120e-02 -4.3774930e-01  8.9859046e-01  8.9510000e+01]
 [ 9.9874696e-01  4.4849660e-02  5.0508600e-03 -1.1642600e+03]
 [ 0.0000000e+00  0.0000000e+00  0.0000000e+00  1.0000000e+00]]
[-0050.42, +0023.95, -1101.08]
1961, 1325, 1413
[[-4.3359300e-02  8.9782752e-01  4.3757724e-01  2.5280000e+01]
 [ 1.5903840e-02 -4.3705000e-01  8.9887388e-01  8.9650000e+01]
 [ 9.9865668e-01  4.6183640e-02  5.0641400e-03 -1.1642500e+03]
 [ 0.0000000e+00  0.0000000e+00  0.0000000e+00  1.0000000e+00]]
[-0060.66, +0089.25, -1093.38]
1169, 1580, 1016
[[-4.3226900e-02  8.9757834e-01  4.3822428e-01  2.5370000e+01]
 [ 1.5365220e-02 -4.3777330e-01  8.9861364e-01  8.9540000e+01]
 [ 9.9872484e-01  4.5778680e-02  5.4484400e-03 -1.1642300e+03]
 [ 0.0000000e+00  0.0000000e+00  0.0000000e+00  1.0000000e+00]]
[-0111.60, +0010.97, -1080.22]
1133, 906, 1843
[[-4.2983080e-02  8.9774978e-01  4.3795150e-01  2.5270000e+01]
 [ 1.5193780e-02 -4.3752948e-01  8.9877190e-01  8.9550000e+01]
 [ 9.9876190e-01  4.5465500e-02  5.4484400e-03 -1.1641800e+03]
 [ 0.0000000e+00  0.0000000e+00  0.0000000e+00  1.0000000e+00]]
[-0157.37, +0129.20, -1115.39]
1599, 1182, 842
[[-4.2607540e-02  8.9738358e-01  4.3868018e-01  2.5370000e+01]
 [ 1.4926620e-02 -4.3824482e-01  8.9838858e-01  8.9510000e+01]
 [ 9.9875662e-01  4.5028380e-02  5.5962800e-03 -1.1642700e+03]
 [ 0.0000000e+00  0.0000000e+00  0.0000000e+00  1.0000000e+00]]
[-0045.28, +0052.03, -1084.83]
1647, 1732, 1824
[[-4.3425800e-02  8.9799084e-01  4.3731468e-01  2.5290000e+01]
 [ 1.6211880e-02 -4.3680626e-01  8.9904006e-01  8.9670000e+01]
 [ 9.9868356e-01  4.6349820e-02  4.7539000e-03 -1.1642400e+03]
 [ 0.0000000e+00  0.0000000e+00  0.0000000e+00  1.0000000e+00]]
[-0128.08, +0069.05, -1088.10]
1844, 1649, 2112
[[-4.2984000e-02  8.9820776e-01  4.3688432e-01  2.5230000e+01]
 [ 1.7639440e-02 -4.3629538e-01  8.9924224e-01  8.9740000e+01]
 [ 9.9866608e-01  4.6589440e-02  3.2703800e-03 -1.1641900e+03]
 [ 0.0000000e+00  0.0000000e+00  0.0000000e+00  1.0000000e+00]]
[-0125.79, +0100.50, -1101.30]
1168, 2060, 1173
[[-4.2960500e-02  8.9795856e-01  4.3749858e-01  2.5380000e+01]
 [ 1.5692160e-02 -4.3704196e-01  8.9898256e-01  8.9620000e+01]
 [ 9.9874338e-01  4.5676160e-02  4.9835000e-03 -1.1642400e+03]
 [ 0.0000000e+00  0.0000000e+00  0.0000000e+00  1.0000000e+00]]
[-0127.10, -0013.82, -1118.23]
2039, 1317, 1960
[[-4.3160480e-02  8.9828256e-01  4.3698768e-01  2.5200000e+01]
 [ 1.6937760e-02 -4.3654672e-01  8.9931744e-01  8.9750000e+01]
 [ 9.9879072e-01  4.6337760e-02  3.8168000e-03 -1.1642100e+03]
 [ 0.0000000e+00  0.0000000e+00  0.0000000e+00  1.0000000e+00]]
[-0093.31, +0120.23, -1108.90]
1027, 1738, 1899
[[-4.2318120e-02  8.9792840e-01  4.3770072e-01  2.5330000e+01]
 [ 1.5951600e-02 -4.3726194e-01  8.9892290e-01  8.9590000e+01]
 [ 9.9880072e-01  4.5182100e-02  4.4311800e-03 -1.1641800e+03]
 [ 0.0000000e+00  0.0000000e+00  0.0000000e+00  1.0000000e+00]]
[-0181.59, +0052.55, -1120.48]
1266, 1292, 1690
[[-4.2805480e-02  8.9763012e-01  4.3804720e-01  2.5310000e+01]
 [ 1.6094880e-02 -4.3751348e-01  8.9865180e-01  8.9560000e+01]
 [ 9.9868220e-01  4.5763200e-02  4.6670000e-03 -1.1642000e+03]
 [ 0.0000000e+00  0.0000000e+00  0.0000000e+00  1.0000000e+00]]
[-0146.56, +0089.47, -1085.80]
1767, 1673, 1519
[[-4.3204240e-02  8.9803096e-01  4.3761644e-01  2.5310000e+01]
 [ 1.5619760e-02 -4.3728570e-01  8.9906008e-01  8.9660000e+01]
 [ 9.9886124e-01  4.5753680e-02  4.9835000e-03 -1.1642700e+03]
 [ 0.0000000e+00  0.0000000e+00  0.0000000e+00  1.0000000e+00]]
[-0091.21, +0057.57, -1082.78]
1649, 1203, 2101
[[-4.3026960e-02  8.9800004e-01  4.3731348e-01  2.5250000e+01]
 [ 1.6122120e-02 -4.3679826e-01  8.9903086e-01  8.9620000e+01]
 [ 9.9869276e-01  4.5960180e-02  4.6733400e-03 -1.1641800e+03]
 [ 0.0000000e+00  0.0000000e+00  0.0000000e+00  1.0000000e+00]]
[-0133.60, +0127.19, -1116.95]
1827, 1200, 1376
[[-4.3049220e-02  8.9770246e-01  4.3816510e-01  2.5310000e+01]
 [ 1.6022540e-02 -4.3775722e-01  8.9872930e-01  8.9580000e+01]
 [ 9.9880010e-01  4.5840700e-02  4.6670000e-03 -1.1642300e+03]
 [ 0.0000000e+00  0.0000000e+00  0.0000000e+00  1.0000000e+00]]
[-0064.10, +0093.42, -1088.60]
976, 2187, 1694
[[-4.3115560e-02  8.9816506e-01  4.3702738e-01  2.5350000e+01]
 [ 1.5411220e-02 -4.3657060e-01  8.9919526e-01  8.9670000e+01]
 [ 9.9872714e-01  4.5707180e-02  5.2998000e-03 -1.1642500e+03]
 [ 0.0000000e+00  0.0000000e+00  0.0000000e+00  1.0000000e+00]]
[-0168.72, +0008.68, -1140.57]
865, 2128, 952
[[-4.3095300e-02  8.9761750e-01  4.3851730e-01  2.5350000e+01]
 [ 1.4383180e-02 -4.3826106e-01  8.9863430e-01  8.9490000e+01]
 [ 9.9890326e-01  4.5092180e-02  6.0678000e-03 -1.1642800e+03]
 [ 0.0000000e+00  0.0000000e+00  0.0000000e+00  1.0000000e+00]]
[-0132.55, -0025.61, -1143.31]
812, 1005, 1312
[[-4.3583220e-02  8.9731896e-01  4.3886316e-01  2.5290000e+01]
 [ 1.4526960e-02 -4.3851328e-01  8.9836312e-01  8.9430000e+01]
 [ 9.9878484e-01  4.5672880e-02  6.3035000e-03 -1.1642700e+03]
 [ 0.0000000e+00  0.0000000e+00  0.0000000e+00  1.0000000e+00]]
[-0165.76, +0078.43, -1077.37]
1550, 962, 1161
[[-4.3494020e-02  8.9719788e-01  4.3894974e-01  2.5240000e+01]
 [ 1.5038520e-02 -4.3850500e-01  8.9824436e-01  8.9510000e+01]
 [ 9.9870654e-01  4.5880840e-02  5.9130200e-03 -1.1642700e+03]
 [ 0.0000000e+00  0.0000000e+00  0.0000000e+00  1.0000000e+00]]
[-0069.33, +0098.73, -1078.59]
1618, 1881, 820
[[-4.2251860e-02  8.9764312e-01  4.3804090e-01  2.5330000e+01]
 [ 1.5765200e-02 -4.3750560e-01  8.9863880e-01  8.9600000e+01]
 [ 9.9869638e-01  4.5133840e-02  4.7411000e-03 -1.1642900e+03]
 [ 0.0000000e+00  0.0000000e+00  0.0000000e+00  1.0000000e+00]]
[-0060.72, -0003.66, -1117.05]
959, 1090, 1831
[[-4.4047680e-02  8.9751760e-01  4.3840208e-01  2.5240000e+01]
 [ 1.4725600e-02 -4.3804200e-01  8.9858440e-01  8.9490000e+01]
 [ 9.9875792e-01  4.6183600e-02  6.3103200e-03 -1.1642600e+03]
 [ 0.0000000e+00  0.0000000e+00  0.0000000e+00  1.0000000e+00]]
[-0177.82, +0105.07, -1114.18]
1029, 1799, 1950
[[-4.3204240e-02  8.9799780e-01  4.3729516e-01  2.5210000e+01]
 [ 1.5342840e-02 -4.3681434e-01  8.9903310e-01  8.9650000e+01]
 [ 9.9869500e-01  4.5780660e-02  5.4548600e-03 -1.1642400e+03]
 [ 0.0000000e+00  0.0000000e+00  0.0000000e+00  1.0000000e+00]]
[-0183.68, +0052.39, -1126.36]
2199, 1622, 1355
[[-4.2850000e-02  8.9808020e-01  4.3745360e-01  2.5180000e+01]
 [ 1.6979000e-02 -4.3701832e-01  8.9910064e-01  8.9720000e+01]
 [ 9.9881200e-01  4.6067360e-02  3.6556800e-03 -1.1642600e+03]
 [ 0.0000000e+00  0.0000000e+00  0.0000000e+00  1.0000000e+00]]
[-0046.80, +0065.33, -1106.25]
982, 800, 1768
[[-4.373800e-02  8.974040e-01  4.384694e-01  2.522000e+01]
 [ 1.436800e-02 -4.380420e-01  8.984582e-01  8.946000e+01]
 [ 9.986906e-01  4.582180e-02  6.620000e-03 -1.164260e+03]
 [ 0.000000e+00  0.000000e+00  0.000000e+00  1.000000e+00]]
[-0164.50, +0131.06, -1118.10]
2169, 1934, 1097
[[-4.1854900e-02  8.9823290e-01  4.3689410e-01  2.5260000e+01]
 [ 1.7999780e-02 -4.3626514e-01  8.9921710e-01  8.9820000e+01]
 [ 9.9868654e-01  4.5749780e-02  2.4822000e-03 -1.1643000e+03]
 [ 0.0000000e+00  0.0000000e+00  0.0000000e+00  1.0000000e+00]]
[-0046.50, +0028.66, -1119.00]
1291, 1408, 1516
[[-4.2894240e-02  8.9770644e-01  4.3815996e-01  2.5230000e+01]
 [ 1.5782760e-02 -4.3775722e-01  8.9872532e-01  8.9590000e+01]
 [ 9.9880524e-01  4.5600920e-02  4.8219800e-03 -1.1642200e+03]
 [ 0.0000000e+00  0.0000000e+00  0.0000000e+00  1.0000000e+00]]
[-0135.51, +0068.18, -1077.22]
1689, 880, 1142
[[-4.3470760e-02  8.9736234e-01  4.3869646e-01  2.5240000e+01]
 [ 1.5736140e-02 -4.3825290e-01  8.9840982e-01  8.9530000e+01]
 [ 9.9873226e-01  4.6137420e-02  5.2127000e-03 -1.1642800e+03]
 [ 0.0000000e+00  0.0000000e+00  0.0000000e+00  1.0000000e+00]]
[-0054.61, +0108.36, -1091.53]
1084, 1001, 1814
[[-4.4113540e-02  8.9755886e-01  4.3821704e-01  2.5200000e+01]
 [ 1.5155540e-02 -4.3779802e-01  8.9863312e-01  8.9540000e+01]
 [ 9.9870736e-01  4.6467920e-02  6.0004800e-03 -1.1642600e+03]
 [ 0.0000000e+00  0.0000000e+00  0.0000000e+00  1.0000000e+00]]
[-0164.46, +0117.11, -1109.56]
1213, 2002, 1070
[[-4.3758180e-02  8.9777392e-01  4.3777784e-01  2.5280000e+01]
 [ 1.6193120e-02 -4.3729378e-01  8.9883764e-01  8.9620000e+01]
 [ 9.9869176e-01  4.6618760e-02  4.9090400e-03 -1.1642700e+03]
 [ 0.0000000e+00  0.0000000e+00  0.0000000e+00  1.0000000e+00]]
[-0114.92, -0014.50, -1113.41]
1957, 806, 959
[[-4.3250080e-02  8.9724752e-01  4.3875448e-01  2.5200000e+01]
 [ 1.4988880e-02 -4.3826106e-01  8.9828482e-01  8.9550000e+01]
 [ 9.9866608e-01  4.5685580e-02  5.9130200e-03 -1.1643100e+03]
 [ 0.0000000e+00  0.0000000e+00  0.0000000e+00  1.0000000e+00]]
[-0024.57, +0104.34, -1122.27]
1242, 1273, 1610
[[-4.3846900e-02  8.9780594e-01  4.3808992e-01  2.5190000e+01]
 [ 1.6080500e-02 -4.3777330e-01  8.9886560e-01  8.9580000e+01]
 [ 9.9885920e-01  4.6502080e-02  4.8284400e-03 -1.1642400e+03]
 [ 0.0000000e+00  0.0000000e+00  0.0000000e+00  1.0000000e+00]]
[-0144.81, +0085.57, -1082.33]
1192, 1003, 2002
[[-4.4334660e-02  8.9771796e-01  4.3795976e-01  2.5160000e+01]
 [ 1.5703240e-02 -4.3755408e-01  8.9880372e-01  8.9590000e+01]
 [ 9.9872904e-01  4.6874120e-02  5.5354200e-03 -1.1642500e+03]
 [ 0.0000000e+00  0.0000000e+00  0.0000000e+00  1.0000000e+00]]
[-0160.40, +0128.29, -1125.71]
1515, 966, 1752
[[-4.3448020e-02  8.9757138e-01  4.3824380e-01  2.5170000e+01]
 [ 1.6234380e-02 -4.3776522e-01  8.9862060e-01  8.9590000e+01]
 [ 9.9871340e-01  4.6348200e-02  4.7477600e-03 -1.1642300e+03]
 [ 0.0000000e+00  0.0000000e+00  0.0000000e+00  1.0000000e+00]]
[-0116.01, +0130.80, -1101.95]
1990, 1990, 1791
[[-4.3227540e-02  8.9832418e-01  4.3680276e-01  2.5170000e+01]
 [ 1.7367660e-02 -4.3630314e-01  8.9936548e-01  8.9780000e+01]
 [ 9.9873988e-01  4.6621560e-02  3.5061600e-03 -1.1642700e+03]
 [ 0.0000000e+00  0.0000000e+00  0.0000000e+00  1.0000000e+00]]
[-0098.06, +0052.44, -1092.98]
2174, 1155, 1476
[[-4.3425800e-02  8.9778042e-01  4.3779114e-01  2.5140000e+01]
 [ 1.6732620e-02 -4.3727770e-01  8.9883114e-01  8.9690000e+01]
 [ 9.9869454e-01  4.6558740e-02  4.2824600e-03 -1.1642700e+03]
 [ 0.0000000e+00  0.0000000e+00  0.0000000e+00  1.0000000e+00]]
[-0049.08, +0106.78, -1114.53]
1586, 1491, 1810
[[-4.3669540e-02  8.9777514e-01  4.3778714e-01  2.5190000e+01]
 [ 1.6582740e-02 -4.3728570e-01  8.9883642e-01  8.9630000e+01]
 [ 9.9869054e-01  4.6708620e-02  4.5182000e-03 -1.1642300e+03]
 [ 0.0000000e+00  0.0000000e+00  0.0000000e+00  1.0000000e+00]]
[-0131.73, +0087.58, -1088.26]
1370, 2047, 1968
[[-4.3979940e-02  8.9818790e-01  4.3684454e-01  2.5180000e+01]
 [ 1.6020460e-02 -4.3634314e-01  8.9926210e-01  8.9710000e+01]
 [ 9.9865810e-01  4.6770460e-02  5.1503600e-03 -1.1642200e+03]
 [ 0.0000000e+00  0.0000000e+00  0.0000000e+00  1.0000000e+00]]
[-0163.71, +0040.53, -1114.49]
1839, 1268, 1247
[[-4.3448020e-02  8.9757138e-01  4.3824380e-01  2.5230000e+01]
 [ 1.6234380e-02 -4.3776522e-01  8.9862060e-01  8.9620000e+01]
 [ 9.9871340e-01  4.6348200e-02  4.7477600e-03 -1.1642800e+03]
 [ 0.0000000e+00  0.0000000e+00  0.0000000e+00  1.0000000e+00]]
[-0057.10, +0080.77, -1088.74]
1299, 1833, 1001
[[-4.3691840e-02  8.9761056e-01  4.3804032e-01  2.5290000e+01]
 [ 1.5885120e-02 -4.3753760e-01  8.9867136e-01  8.9570000e+01]
 [ 9.9866496e-01  4.6452480e-02  5.2192000e-03 -1.1642600e+03]
 [ 0.0000000e+00  0.0000000e+00  0.0000000e+00  1.0000000e+00]]
[-0100.49, -0005.05, -1098.43]
1958, 2031, 922
[[-4.2207700e-02  8.9801694e-01  4.3733428e-01  2.5310000e+01]
 [ 1.6961580e-02 -4.3676706e-01  8.9901396e-01  8.9770000e+01]
 [ 9.9870316e-01  4.5600120e-02  3.5750000e-03 -1.1643200e+03]
 [ 0.0000000e+00  0.0000000e+00  0.0000000e+00  1.0000000e+00]]
[-0052.69, +0007.81, -1126.03]
1673, 1615, 2087
[[-4.4800080e-02  8.9787180e-01  4.3769844e-01  2.5170000e+01]
 [ 1.6101000e-02 -4.3731850e-01  8.9897950e-01  8.9650000e+01]
 [ 9.9874644e-01  4.7430100e-02  5.3055800e-03 -1.1642600e+03]
 [ 0.0000000e+00  0.0000000e+00  0.0000000e+00  1.0000000e+00]]
[-0142.62, +0095.64, -1102.45]
1953, 1606, 1915
[[-4.3425800e-02  8.9799084e-01  4.3731468e-01  2.5170000e+01]
 [ 1.6211880e-02 -4.3680626e-01  8.9904006e-01  8.9700000e+01]
 [ 9.9868356e-01  4.6349820e-02  4.7539000e-03 -1.1642600e+03]
 [ 0.0000000e+00  0.0000000e+00  0.0000000e+00  1.0000000e+00]]
[-0101.38, +0094.53, -1093.84]
1768, 2027, 1268
[[-4.3359300e-02  8.9778318e-01  4.3777666e-01  2.5260000e+01]
 [ 1.6103260e-02 -4.3728570e-01  8.9882838e-01  8.9650000e+01]
 [ 9.9870102e-01  4.6229140e-02  4.8284400e-03 -1.1643000e+03]
 [ 0.0000000e+00  0.0000000e+00  0.0000000e+00  1.0000000e+00]]
[-0084.91, +0010.89, -1102.14]
1207, 1699, 1545
[[-4.2650500e-02  8.9771156e-01  4.3816392e-01  2.5290000e+01]
 [ 1.5932600e-02 -4.3774930e-01  8.9872020e-01  8.9570000e+01]
 [ 9.9880920e-01  4.5451080e-02  4.5861600e-03 -1.1642100e+03]
 [ 0.0000000e+00  0.0000000e+00  0.0000000e+00  1.0000000e+00]]
[-0149.45, +0040.11, -1089.15]
2147, 1594, 1298
[[-4.3093620e-02  8.9790890e-01  4.3772672e-01  2.5250000e+01]
 [ 1.7150300e-02 -4.3726194e-01  8.9894240e-01  8.9680000e+01]
 [ 9.9877472e-01  4.6380800e-02  3.6556800e-03 -1.1642400e+03]
 [ 0.0000000e+00  0.0000000e+00  0.0000000e+00  1.0000000e+00]]
[-0045.46, +0062.76, -1105.22]
1063, 1559, 1020
[[-4.2917140e-02  8.9745296e-01  4.3881218e-01  2.5340000e+01]
 [ 1.5483680e-02 -4.3848064e-01  8.9846896e-01  8.9480000e+01]
 [ 9.9886846e-01  4.5435680e-02  5.0508600e-03 -1.1642400e+03]
 [ 0.0000000e+00  0.0000000e+00  0.0000000e+00  1.0000000e+00]]
[-0122.36, +0009.52, -1081.42]
1815, 913, 1029
[[-4.3470760e-02  8.9719592e-01  4.3897332e-01  2.5240000e+01]
 [ 1.6057480e-02 -4.3848868e-01  8.9824632e-01  8.9530000e+01]
 [ 9.9869928e-01  4.6300920e-02  4.9769200e-03 -1.1642700e+03]
 [ 0.0000000e+00  0.0000000e+00  0.0000000e+00  1.0000000e+00]]
[-0036.93, +0098.46, -1101.45]
1714, 1594, 962
[[-4.3204240e-02  8.9741036e-01  4.3852472e-01  2.5250000e+01]
 [ 1.6705480e-02 -4.3799304e-01  8.9845184e-01  8.9560000e+01]
 [ 9.9868424e-01  4.6361920e-02  4.2761600e-03 -1.1642500e+03]
 [ 0.0000000e+00  0.0000000e+00  0.0000000e+00  1.0000000e+00]]
[-0057.10, +0027.39, -1093.82]
1891, 1165, 1148
[[-4.3049220e-02  8.9753620e-01  4.3844198e-01  2.5230000e+01]
 [ 1.6343800e-02 -4.3799304e-01  8.9856580e-01  8.9570000e+01]
 [ 9.9876698e-01  4.6004200e-02  4.4311800e-03 -1.1642500e+03]
 [ 0.0000000e+00  0.0000000e+00  0.0000000e+00  1.0000000e+00]]
[-0044.20, +0084.10, -1096.48]
2010, 1653, 1594
[[-4.3736200e-02  8.9793856e-01  4.3752468e-01  2.5200000e+01]
 [ 1.6890760e-02 -4.3704196e-01  8.9900256e-01  8.9710000e+01]
 [ 9.9871728e-01  4.6874760e-02  4.2078000e-03 -1.1642700e+03]
 [ 0.0000000e+00  0.0000000e+00  0.0000000e+00  1.0000000e+00]]
[-0075.18, +0071.31, -1091.08]
1440, 2021, 1992
[[-4.3580980e-02  8.9810868e-01  4.3724232e-01  2.5240000e+01]
 [ 1.6329720e-02 -4.3680626e-01  8.9916192e-01  8.9700000e+01]
 [ 9.9875592e-01  4.6471680e-02  4.5987200e-03 -1.1642400e+03]
 [ 0.0000000e+00  0.0000000e+00  0.0000000e+00  1.0000000e+00]]
[-0159.80, +0046.08, -1110.18]
1775, 2165, 1197
[[-4.2694820e-02  8.9812830e-01  4.3724898e-01  2.5300000e+01]
 [ 1.6539900e-02 -4.3678250e-01  8.9914230e-01  8.9740000e+01]
 [ 9.9877302e-01  4.5782100e-02  4.0466800e-03 -1.1642800e+03]
 [ 0.0000000e+00  0.0000000e+00  0.0000000e+00  1.0000000e+00]]
[-0081.51, +0001.34, -1114.49]
1634, 926, 1229
[[-4.3072000e-02  8.9724960e-01  4.3877280e-01  2.5250000e+01]
 [ 1.5768000e-02 -4.3824482e-01  8.9828274e-01  8.9490000e+01]
 [ 9.9866400e-01  4.5865740e-02  5.1318200e-03 -1.1642400e+03]
 [ 0.0000000e+00  0.0000000e+00  0.0000000e+00  1.0000000e+00]]
[-0069.47, +0106.77, -1084.39]
1160, 1684, 1661
[[-4.4334660e-02  8.9764042e-01  4.3783780e-01  2.5220000e+01]
 [ 1.5625700e-02 -4.3731850e-01  8.9873140e-01  8.9600000e+01]
 [ 9.9860708e-01  4.6946440e-02  5.7710000e-03 -1.1642700e+03]
 [ 0.0000000e+00  0.0000000e+00  0.0000000e+00  1.0000000e+00]]
[-0161.77, +0047.02, -1096.18]
1016, 1485, 912
[[-4.2696660e-02  8.9729348e-01  4.3906976e-01  2.5320000e+01]
 [ 1.4935640e-02 -4.3872450e-01  8.9829848e-01  8.9470000e+01]
 [ 9.9884672e-01  4.5029360e-02  5.5152000e-03 -1.1642400e+03]
 [ 0.0000000e+00  0.0000000e+00  0.0000000e+00  1.0000000e+00]]
[-0116.70, +0006.96, -1078.87]
1372, 2021, 1270
[[-4.3979940e-02  8.9781136e-01  4.3759828e-01  2.5250000e+01]
 [ 1.6862720e-02 -4.3705000e-01  8.9889004e-01  8.9650000e+01]
 [ 9.9863564e-01  4.7142520e-02  4.4435000e-03 -1.1642600e+03]
 [ 0.0000000e+00  0.0000000e+00  0.0000000e+00  1.0000000e+00]]
[-0114.78, -0001.15, -1104.30]
1519, 835, 1370
[[-4.3559760e-02  8.9736128e-01  4.3868724e-01  2.5200000e+01]
 [ 1.5346560e-02 -4.3826106e-01  8.9841088e-01  8.9490000e+01]
 [ 9.9873332e-01  4.6047360e-02  5.6033400e-03 -1.1642500e+03]
 [ 0.0000000e+00  0.0000000e+00  0.0000000e+00  1.0000000e+00]]
[-0085.99, +0124.55, -1088.94]
1808, 1066, 1344
[[-4.32930e-02  8.97531e-01  4.38438e-01  2.52000e+01]
 [ 1.61940e-02 -4.38001e-01  8.98571e-01  8.95700e+01]
 [ 9.98763e-01  4.61540e-02  4.66700e-03 -1.16427e+03]
 [ 0.00000e+00  0.00000e+00  0.00000e+00  1.00000e+00]]
[-0063.20, +0103.04, -1091.33]
1608, 1320, 2162
[[-4.3913320e-02  8.9801366e-01  4.3762794e-01  2.5180000e+01]
 [ 1.6189060e-02 -4.3729378e-01  8.9907738e-01  8.9640000e+01]
 [ 9.9884166e-01  4.6622820e-02  4.7539000e-03 -1.1642100e+03]
 [ 0.0000000e+00  0.0000000e+00  0.0000000e+00  1.0000000e+00]]
[-0143.35, +0119.72, -1116.93]
1265, 1428, 1921
[[-4.4644900e-02  8.9766526e-01  4.3816982e-01  2.5200000e+01]
 [ 1.6382300e-02 -4.3778970e-01  8.9876650e-01  8.9600000e+01]
 [ 9.9876290e-01  4.7399180e-02  4.9895600e-03 -1.1642600e+03]
 [ 0.0000000e+00  0.0000000e+00  0.0000000e+00  1.0000000e+00]]
[-0162.27, +0089.05, -1102.09]
1330, 1529, 1401
[[-4.2716800e-02  8.9766456e-01  4.3837752e-01  2.5240000e+01]
 [ 1.6761360e-02 -4.3797736e-01  8.9867724e-01  8.9580000e+01]
 [ 9.9884712e-01  4.5826440e-02  3.8044000e-03 -1.1642000e+03]
 [ 0.0000000e+00  0.0000000e+00  0.0000000e+00  1.0000000e+00]]
[-0122.68, +0047.88, -1075.42]
853, 1351, 1772
[[-4.4690660e-02  8.9738112e-01  4.3847616e-01  2.5230000e+01]
 [ 1.4787840e-02 -4.3805896e-01  8.9848108e-01  8.9510000e+01]
 [ 9.9866688e-01  4.6840760e-02  6.6265400e-03 -1.1642800e+03]
 [ 0.0000000e+00  0.0000000e+00  0.0000000e+00  1.0000000e+00]]
[-0189.08, +0073.93, -1116.63]
1833, 1421, 872
[[-4.3226900e-02  8.9748942e-01  4.3862304e-01  2.5260000e+01]
 [ 1.5763980e-02 -4.3824482e-01  8.9852256e-01  8.9580000e+01]
 [ 9.9881376e-01  4.5869760e-02  4.9769200e-03 -1.1643000e+03]
 [ 0.0000000e+00  0.0000000e+00  0.0000000e+00  1.0000000e+00]]
[-0035.22, +0041.79, -1103.35]
1781, 1183, 1671
[[-4.3780680e-02  8.9756504e-01  4.3823048e-01  2.5210000e+01]
 [ 1.5694960e-02 -4.3778146e-01  8.9862694e-01  8.9580000e+01]
 [ 9.9871048e-01  4.6408060e-02  5.3742200e-03 -1.1642800e+03]
 [ 0.0000000e+00  0.0000000e+00  0.0000000e+00  1.0000000e+00]]
[-0094.86, +0112.41, -1092.30]
1074, 1170, 1281
[[-4.3494020e-02  8.9707590e-01  4.3902714e-01  2.5270000e+01]
 [ 1.5160500e-02 -4.3850500e-01  8.9812650e-01  8.9460000e+01]
 [ 9.9862914e-01  4.5998700e-02  5.9130200e-03 -1.1642500e+03]
 [ 0.0000000e+00  0.0000000e+00  0.0000000e+00  1.0000000e+00]]
[-0136.65, +0067.75, -1068.47]
1147, 2169, 1211
[[-4.3270660e-02  8.9790626e-01  4.3770832e-01  2.5300000e+01]
 [ 1.6371020e-02 -4.3727770e-01  8.9894504e-01  8.9660000e+01]
 [ 9.9877736e-01  4.6201120e-02  4.4376000e-03 -1.1642700e+03]
 [ 0.0000000e+00  0.0000000e+00  0.0000000e+00  1.0000000e+00]]
[-0130.06, -0015.88, -1128.04]
2026, 1672, 1134
[[-4.3270660e-02  8.9774010e-01  4.3798530e-01  2.5230000e+01]
 [ 1.6692300e-02 -4.3751348e-01  8.9878158e-01  8.9660000e+01]
 [ 9.9874410e-01  4.6364580e-02  4.2018200e-03 -1.1643100e+03]
 [ 0.0000000e+00  0.0000000e+00  0.0000000e+00  1.0000000e+00]]
[-0044.09, +0044.68, -1105.69]
1188, 2112, 2002
[[-4.4378980e-02  8.9830042e-01  4.3676804e-01  2.5210000e+01]
 [ 1.5988220e-02 -4.3635138e-01  8.9938924e-01  8.9730000e+01]
 [ 9.9872636e-01  4.7042360e-02  5.2306400e-03 -1.1642400e+03]
 [ 0.0000000e+00  0.0000000e+00  0.0000000e+00  1.0000000e+00]]
[-0173.34, +0034.91, -1129.73]
1718, 1395, 1975
[[-4.3758180e-02  8.9777392e-01  4.3777784e-01  2.5190000e+01]
 [ 1.6193120e-02 -4.3729378e-01  8.9883764e-01  8.9660000e+01]
 [ 9.9869176e-01  4.6618760e-02  4.9090400e-03 -1.1642500e+03]
 [ 0.0000000e+00  0.0000000e+00  0.0000000e+00  1.0000000e+00]]
[-0121.78, +0109.85, -1098.51]
1951, 1072, 2070
[[-4.3803060e-02  8.9814616e-01  4.3706272e-01  2.5090000e+01]
 [ 1.6999280e-02 -4.3656256e-01  8.9921416e-01  8.9760000e+01]
 [ 9.9869984e-01  4.6995280e-02  4.1329400e-03 -1.1642200e+03]
 [ 0.0000000e+00  0.0000000e+00  0.0000000e+00  1.0000000e+00]]
[-0103.09, +0136.37, -1125.48]
911, 2109, 979
[[-4.3095300e-02  8.9737358e-01  4.3867206e-01  2.5380000e+01]
 [ 1.4627100e-02 -4.3826106e-01  8.9839858e-01  8.9510000e+01]
 [ 9.9874850e-01  4.5327900e-02  6.0678000e-03 -1.1642800e+03]
 [ 0.0000000e+00  0.0000000e+00  0.0000000e+00  1.0000000e+00]]
[-0132.09, -0026.87, -1140.50]
859, 839, 2156
[[-4.4690660e-02  8.9738112e-01  4.3847616e-01  2.5160000e+01]
 [ 1.4787840e-02 -4.3805896e-01  8.9848108e-01  8.9410000e+01]
 [ 9.9866688e-01  4.6840760e-02  6.6265400e-03 -1.1642400e+03]
 [ 0.0000000e+00  0.0000000e+00  0.0000000e+00  1.0000000e+00]]
[-0177.36, +0127.93, -1161.79]
1659, 1785, 1922
[[-4.3691840e-02  8.9777688e-01  4.3776336e-01  2.5290000e+01]
 [ 1.5563760e-02 -4.3730194e-01  8.9883468e-01  8.9610000e+01]
 [ 9.9869808e-01  4.6289160e-02  5.4548600e-03 -1.1642800e+03]
 [ 0.0000000e+00  0.0000000e+00  0.0000000e+00  1.0000000e+00]]
[-0130.81, +0068.99, -1091.31]
1515, 980, 1857
[[-4.2607540e-02  8.9738358e-01  4.3868018e-01  2.5290000e+01]
 [ 1.4926620e-02 -4.3824482e-01  8.9838858e-01  8.9460000e+01]
 [ 9.9875662e-01  4.5028380e-02  5.5962800e-03 -1.1642100e+03]
 [ 0.0000000e+00  0.0000000e+00  0.0000000e+00  1.0000000e+00]]
[-0124.15, +0132.68, -1108.58]
1290, 1859, 1823
[[-4.2340660e-02  8.9776386e-01  4.3795446e-01  2.5310000e+01]
 [ 1.5253740e-02 -4.3751348e-01  8.9875782e-01  8.9540000e+01]
 [ 9.9877494e-01  4.4926020e-02  5.1318200e-03 -1.1642000e+03]
 [ 0.0000000e+00  0.0000000e+00  0.0000000e+00  1.0000000e+00]]
[-0160.07, +0043.63, -1103.14]
803, 1679, 1888
[[-4.2762320e-02  8.9766792e-01  4.3833108e-01  2.5320000e+01]
 [ 1.4723280e-02 -4.3800904e-01  8.9867388e-01  8.9460000e+01]
 [ 9.9886188e-01  4.4986920e-02  5.6772800e-03 -1.1642000e+03]
 [ 0.0000000e+00  0.0000000e+00  0.0000000e+00  1.0000000e+00]]
[-0193.92, +0052.07, -1138.47]
1070, 1256, 2012
[[-4.3625700e-02  8.9764662e-01  4.3834726e-01  2.5270000e+01]
 [ 1.5532660e-02 -4.3801716e-01  8.9869518e-01  8.9500000e+01]
 [ 9.9883758e-01  4.6095940e-02  5.2935000e-03 -1.1642200e+03]
 [ 0.0000000e+00  0.0000000e+00  0.0000000e+00  1.0000000e+00]]
[-0177.78, +0102.73, -1123.29]
1826, 1964, 1615
[[-4.3204240e-02  8.9790908e-01  4.3769396e-01  2.5310000e+01]
 [ 1.5741640e-02 -4.3728570e-01  8.9894222e-01  8.9620000e+01]
 [ 9.9878372e-01  4.5871540e-02  4.9835000e-03 -1.1642800e+03]
 [ 0.0000000e+00  0.0000000e+00  0.0000000e+00  1.0000000e+00]]
[-0097.11, +0038.43, -1090.51]
1714, 1269, 1702
[[-4.2917140e-02  8.9754196e-01  4.3841350e-01  2.5290000e+01]
 [ 1.5085000e-02 -4.3800904e-01  8.9856004e-01  8.9500000e+01]
 [ 9.9877946e-01  4.5344600e-02  5.5224600e-03 -1.1642400e+03]
 [ 0.0000000e+00  0.0000000e+00  0.0000000e+00  1.0000000e+00]]
[-0104.74, +0105.90, -1088.39]
1689, 1931, 1392
[[-4.3138020e-02  8.9770132e-01  4.3815596e-01  2.5350000e+01]
 [ 1.5632920e-02 -4.3776522e-01  8.9873044e-01  8.9550000e+01]
 [ 9.9880124e-01  4.5750760e-02  5.0577600e-03 -1.1642500e+03]
 [ 0.0000000e+00  0.0000000e+00  0.0000000e+00  1.0000000e+00]]
[-0095.12, +0021.80, -1091.80]
1919, 960, 872
[[-4.2387300e-02  8.9725690e-01  4.3925910e-01  2.5340000e+01]
 [ 1.4655180e-02 -4.3896036e-01  8.9824490e-01  8.9430000e+01]
 [ 9.9890126e-01  4.4595180e-02  5.5887000e-03 -1.1642600e+03]
 [ 0.0000000e+00  0.0000000e+00  0.0000000e+00  1.0000000e+00]]
[-0021.75, +0085.15, -1114.54]
1422, 1358, 1872
[[-4.3381840e-02  8.9757428e-01  4.3822940e-01  2.5270000e+01]
 [ 1.5605000e-02 -4.3777330e-01  8.9861770e-01  8.9540000e+01]
 [ 9.9871972e-01  4.6018460e-02  5.2935000e-03 -1.1642200e+03]
 [ 0.0000000e+00  0.0000000e+00  0.0000000e+00  1.0000000e+00]]
[-0145.30, +0098.93, -1095.15]
1806, 2115, 2140
[[-4.3315780e-02  8.9820098e-01  4.3687118e-01  2.5250000e+01]
 [ 1.7099780e-02 -4.3631098e-01  8.9924902e-01  8.9730000e+01]
 [ 9.9866362e-01  4.6649780e-02  3.8972400e-03 -1.1642300e+03]
 [ 0.0000000e+00  0.0000000e+00  0.0000000e+00  1.0000000e+00]]
[-0138.31, +0057.74, -1104.09]
2070, 1443, 936
[[-4.2185800e-02  8.9755708e-01  4.3842544e-01  2.5320000e+01]
 [ 1.5534400e-02 -4.3798516e-01  8.9854492e-01  8.9530000e+01]
 [ 9.9879140e-01  4.4895200e-02  4.8150000e-03 -1.1642700e+03]
 [ 0.0000000e+00  0.0000000e+00  0.0000000e+00  1.0000000e+00]]
[-0027.21, +0051.85, -1117.85]
1970, 2163, 1705
[[-4.3337280e-02  8.9811392e-01  4.3724632e-01  2.5310000e+01]
 [ 1.6479680e-02 -4.3679826e-01  8.9915668e-01  8.9660000e+01]
 [ 9.9875992e-01  4.6321720e-02  4.3630200e-03 -1.1642500e+03]
 [ 0.0000000e+00  0.0000000e+00  0.0000000e+00  1.0000000e+00]]
[-0100.88, +0031.25, -1098.80]
2169, 2186, 1684
[[-4.2673360e-02  8.9833724e-01  4.3679604e-01  2.5320000e+01]
 [ 1.7038360e-02 -4.3629538e-01  8.9935242e-01  8.9780000e+01]
 [ 9.9875436e-01  4.5992220e-02  3.5810200e-03 -1.1642500e+03]
 [ 0.0000000e+00  0.0000000e+00  0.0000000e+00  1.0000000e+00]]
[-0082.89, +0036.13, -1103.04]
2034, 1049, 807
[[-4.2054280e-02  8.9701906e-01  4.3942666e-01  2.5340000e+01]
 [ 1.5438260e-02 -4.3894452e-01  8.9800298e-01  8.9430000e+01]
 [ 9.9874954e-01  4.4771620e-02  4.9622000e-03 -1.1642400e+03]
 [ 0.0000000e+00  0.0000000e+00  0.0000000e+00  1.0000000e+00]]
[-0021.19, +0073.29, -1121.45]
1378, 1140, 1222
[[-4.2518500e-02  8.9734010e-01  4.3888850e-01  2.5320000e+01]
 [ 1.5515500e-02 -4.3847268e-01  8.9834198e-01  8.9450000e+01]
 [ 9.9880010e-01  4.5164020e-02  4.9698200e-03 -1.1642000e+03]
 [ 0.0000000e+00  0.0000000e+00  0.0000000e+00  1.0000000e+00]]
[-0097.67, +0076.37, -1067.65]
1565, 1742, 1376
[[-4.3603080e-02  8.9761172e-01  4.3804960e-01  2.5310000e+01]
 [ 1.6274720e-02 -4.3752948e-01  8.9867020e-01  8.9560000e+01]
 [ 9.9866380e-01  4.6542400e-02  4.8284400e-03 -1.1642300e+03]
 [ 0.0000000e+00  0.0000000e+00  0.0000000e+00  1.0000000e+00]]
[-0101.19, +0035.82, -1081.87]
1701, 2067, 2003
[[-4.3580980e-02  8.9810868e-01  4.3724232e-01  2.5260000e+01]
 [ 1.6329720e-02 -4.3680626e-01  8.9916192e-01  8.9690000e+01]
 [ 9.9875592e-01  4.6471680e-02  4.5987200e-03 -1.1642400e+03]
 [ 0.0000000e+00  0.0000000e+00  0.0000000e+00  1.0000000e+00]]
[-0139.17, +0050.72, -1101.00]
1736, 1815, 1605
[[-4.3359300e-02  8.9773884e-01  4.3797608e-01  2.5300000e+01]
 [ 1.6302680e-02 -4.3752144e-01  8.9878284e-01  8.9580000e+01]
 [ 9.9874536e-01  4.6274680e-02  4.5927000e-03 -1.1642300e+03]
 [ 0.0000000e+00  0.0000000e+00  0.0000000e+00  1.0000000e+00]]
[-0101.79, +0051.74, -1084.87]
1628, 2126, 1125
[[-4.2960500e-02  8.9767050e-01  4.3785300e-01  2.5370000e+01]
 [ 1.6135260e-02 -4.3727770e-01  8.9870132e-01  8.9600000e+01]
 [ 9.9863268e-01  4.5957400e-02  4.7477600e-03 -1.1642500e+03]
 [ 0.0000000e+00  0.0000000e+00  0.0000000e+00  1.0000000e+00]]
[-0087.84, -0005.98, -1115.50]
1703, 1155, 1895
[[-4.3049220e-02  8.9770246e-01  4.3816510e-01  2.5260000e+01]
 [ 1.6022540e-02 -4.3775722e-01  8.9872930e-01  8.9550000e+01]
 [ 9.9880010e-01  4.5840700e-02  4.6670000e-03 -1.1642300e+03]
 [ 0.0000000e+00  0.0000000e+00  0.0000000e+00  1.0000000e+00]]
[-0114.25, +0125.19, -1104.34]
1417, 1745, 1152
[[-4.2429540e-02  8.9743016e-01  4.3849892e-01  2.5350000e+01]
 [ 1.5506480e-02 -4.3799304e-01  8.9843204e-01  8.9500000e+01]
 [ 9.9871004e-01  4.5162920e-02  5.0508600e-03 -1.1642400e+03]
 [ 0.0000000e+00  0.0000000e+00  0.0000000e+00  1.0000000e+00]]
[-0100.25, +0014.99, -1085.84]
1991, 1171, 981
[[-4.2185800e-02  8.9739078e-01  4.3870214e-01  2.5310000e+01]
 [ 1.5855540e-02 -4.3822106e-01  8.9838138e-01  8.9500000e+01]
 [ 9.9875842e-01  4.5058740e-02  4.5791000e-03 -1.1642400e+03]
 [ 0.0000000e+00  0.0000000e+00  0.0000000e+00  1.0000000e+00]]
[-0027.36, +0074.70, -1111.11]
1898, 1562, 2089
[[-4.3425800e-02  8.9794656e-01  4.3751412e-01  2.5240000e+01]
 [ 1.6411320e-02 -4.3704196e-01  8.9899456e-01  8.9620000e+01]
 [ 9.9872784e-01  4.6395320e-02  4.5182000e-03 -1.1642100e+03]
 [ 0.0000000e+00  0.0000000e+00  0.0000000e+00  1.0000000e+00]]
[-0122.14, +0104.73, -1102.03]
1359, 2132, 1570
[[-4.3293000e-02  8.9778610e-01  4.3776230e-01  2.5350000e+01]
 [ 1.5473900e-02 -4.3729378e-01  8.9882546e-01  8.9590000e+01]
 [ 9.9870730e-01  4.5899540e-02  5.3742200e-03 -1.1642500e+03]
 [ 0.0000000e+00  0.0000000e+00  0.0000000e+00  1.0000000e+00]]
[-0138.46, +0007.55, -1110.63]
1989, 1968, 2161
[[-4.4046760e-02  8.9801896e-01  4.3713636e-01  2.5120000e+01]
 [ 1.6971160e-02 -4.3657060e-01  8.9910168e-01  8.9750000e+01]
 [ 9.9861816e-01  4.7263080e-02  4.3686000e-03 -1.1642600e+03]
 [ 0.0000000e+00  0.0000000e+00  0.0000000e+00  1.0000000e+00]]
[-0121.85, +0079.85, -1100.56]
2138, 810, 2145
[[-4.2787540e-02  8.9891692e-01  4.3561832e-01  2.4990000e+01]
 [ 1.7953720e-02 -4.3508584e-01  8.9993912e-01  8.9900000e+01]
 [ 9.9874552e-01  4.6487920e-02  2.7288600e-03 -1.1643400e+03]
 [ 0.0000000e+00  0.0000000e+00  0.0000000e+00  1.0000000e+00]]
[-0075.07, +0141.33, -1137.25]
1814, 2098, 1885
[[-4.3051300e-02  8.9858102e-01  4.3614514e-01  2.5100000e+01]
 [ 1.7426900e-02 -4.3558036e-01  8.9961698e-01  8.9850000e+01]
 [ 9.9868250e-01  4.6546300e-02  3.4311000e-03 -1.1643400e+03]
 [ 0.0000000e+00  0.0000000e+00  0.0000000e+00  1.0000000e+00]]
[-0113.93, +0027.08, -1097.41]
1386, 1336, 1772
[[-4.3803060e-02  8.9826800e-01  4.3698506e-01  2.5070000e+01]
 [ 1.6877440e-02 -4.3656256e-01  8.9933200e-01  8.9720000e+01]
 [ 9.9877750e-01  4.6877440e-02  4.1329400e-03 -1.1643100e+03]
 [ 0.0000000e+00  0.0000000e+00  0.0000000e+00  1.0000000e+00]]
[-0136.80, +0089.12, -1083.77]
2092, 1132, 1574
[[-4.1343880e-02  8.9752836e-01  4.3866796e-01  2.5070000e+01]
 [ 1.7591640e-02 -4.3817570e-01  8.9848362e-01  8.9580000e+01]
 [ 9.9883796e-01  4.5001380e-02  2.5431800e-03 -1.1642600e+03]
 [ 0.0000000e+00  0.0000000e+00  0.0000000e+00  1.0000000e+00]]
[-0059.00, +0113.81, -1110.47]
892, 1608, 1612
[[-4.2607540e-02  8.9721712e-01  4.3895686e-01  2.5120000e+01]
 [ 1.5247840e-02 -4.3848064e-01  8.9822512e-01  8.9450000e+01]
 [ 9.9872378e-01  4.5191840e-02  5.3604600e-03 -1.1643100e+03]
 [ 0.0000000e+00  0.0000000e+00  0.0000000e+00  1.0000000e+00]]
[-0179.71, +0041.12, -1108.59]
1858, 1955, 1261
[[-4.1985940e-02  8.9772448e-01  4.3818968e-01  2.5100000e+01]
 [ 1.7011520e-02 -4.3771842e-01  8.9870728e-01  8.9600000e+01]
 [ 9.9881432e-01  4.5331280e-02  3.3324800e-03 -1.1643200e+03]
 [ 0.0000000e+00  0.0000000e+00  0.0000000e+00  1.0000000e+00]]
[-0071.37, +0020.36, -1100.61]
1427, 962, 1707
[[-4.3072000e-02  8.9703872e-01  4.3924896e-01  2.5030000e+01]
 [ 1.6288640e-02 -4.3871650e-01  8.9807352e-01  8.9490000e+01]
 [ 9.9867552e-01  4.6074960e-02  4.6601400e-03 -1.1643100e+03]
 [ 0.0000000e+00  0.0000000e+00  0.0000000e+00  1.0000000e+00]]
[-0124.19, +0127.21, -1097.68]
1590, 1448, 1838
[[-4.3270660e-02  8.9740778e-01  4.3853926e-01  2.5020000e+01]
 [ 1.7334860e-02 -4.3798516e-01  8.9845442e-01  8.9580000e+01]
 [ 9.9867758e-01  4.6691740e-02  3.7301400e-03 -1.1642900e+03]
 [ 0.0000000e+00  0.0000000e+00  0.0000000e+00  1.0000000e+00]]
[-0127.94, +0094.89, -1089.48]
1043, 1583, 1451
[[-4.3072000e-02  8.9716064e-01  4.3917152e-01  2.5090000e+01]
 [ 1.6166720e-02 -4.3871650e-01  8.9819146e-01  8.9480000e+01]
 [ 9.9875296e-01  4.5957020e-02  4.6601400e-03 -1.1643000e+03]
 [ 0.0000000e+00  0.0000000e+00  0.0000000e+00  1.0000000e+00]]
[-0157.24, +0037.29, -1088.69]
1332, 1205, 1246
[[-4.3072000e-02  8.9699424e-01  4.3944832e-01  2.5090000e+01]
 [ 1.6488000e-02 -4.3895240e-01  8.9802780e-01  8.9440000e+01]
 [ 9.9872000e-01  4.6120680e-02  4.4242400e-03 -1.1643100e+03]
 [ 0.0000000e+00  0.0000000e+00  0.0000000e+00  1.0000000e+00]]
[-0105.63, +0071.31, -1067.46]
959, 1177, 868
[[-4.2476580e-02  8.9675614e-01  4.4007984e-01  2.5130000e+01]
 [ 1.5229260e-02 -4.3967610e-01  8.9775512e-01  8.9350000e+01]
 [ 9.9880424e-01  4.4995680e-02  5.2714800e-03 -1.1643100e+03]
 [ 0.0000000e+00  0.0000000e+00  0.0000000e+00  1.0000000e+00]]
[-0115.22, +0029.56, -1062.30]
1501, 875, 825
[[-4.2541960e-02  8.9663134e-01  4.4017126e-01  2.5090000e+01]
 [ 1.5980660e-02 -4.3966818e-01  8.9763998e-01  8.9370000e+01]
 [ 9.9872074e-01  4.5443980e-02  4.7262200e-03 -1.1643100e+03]
 [ 0.0000000e+00  0.0000000e+00  0.0000000e+00  1.0000000e+00]]
[-0044.95, +0081.91, -1080.37]
1756, 1620, 821
[[-4.2983080e-02  8.9716188e-01  4.3918068e-01  2.5090000e+01]
 [ 1.6556280e-02 -4.3870858e-01  8.9819022e-01  8.9510000e+01]
 [ 9.9875172e-01  4.6047180e-02  4.2693400e-03 -1.1643400e+03]
 [ 0.0000000e+00  0.0000000e+00  0.0000000e+00  1.0000000e+00]]
[-0043.06, +0020.28, -1107.64]
1184, 2013, 1206
[[-4.3603080e-02  8.9735674e-01  4.3872546e-01  2.5100000e+01]
 [ 1.6994940e-02 -4.3823682e-01  8.9841542e-01  8.9550000e+01]
 [ 9.9871934e-01  4.6797180e-02  4.1211000e-03 -1.1643300e+03]
 [ 0.0000000e+00  0.0000000e+00  0.0000000e+00  1.0000000e+00]]
[-0127.82, -0009.61, -1112.44]
1094, 1591, 1125
[[-4.3625700e-02  8.9702548e-01  4.3925544e-01  2.5090000e+01]
 [ 1.6618680e-02 -4.3872450e-01  8.9808676e-01  8.9460000e+01]
 [ 9.9866104e-01  4.6704360e-02  4.5861600e-03 -1.1643100e+03]
 [ 0.0000000e+00  0.0000000e+00  0.0000000e+00  1.0000000e+00]]
[-0128.51, +0015.80, -1081.51]
1800, 920, 1176
[[-4.3226900e-02  8.9686836e-01  4.3953102e-01  2.5040000e+01]
 [ 1.6849800e-02 -4.3895240e-01  8.9791380e-01  8.9500000e+01]
 [ 9.9863730e-01  4.6478520e-02  4.2693400e-03 -1.1643100e+03]
 [ 0.0000000e+00  0.0000000e+00  0.0000000e+00  1.0000000e+00]]
[-0048.99, +0107.76, -1098.57]
2016, 1497, 1591
[[-4.3270660e-02  8.9757394e-01  4.3826228e-01  2.5000000e+01]
 [ 1.7013580e-02 -4.3774930e-01  8.9861804e-01  8.9640000e+01]
 [ 9.9871084e-01  4.6528120e-02  3.9660000e-03 -1.1643300e+03]
 [ 0.0000000e+00  0.0000000e+00  0.0000000e+00  1.0000000e+00]]
[-0071.94, +0084.37, -1092.60]
1597, 940, 1059
[[-4.2917140e-02  8.9683178e-01  4.3971988e-01  2.5070000e+01]
 [ 1.6569380e-02 -4.3918834e-01  8.9786012e-01  8.9430000e+01]
 [ 9.9869228e-01  4.6044520e-02  4.3431600e-03 -1.1643000e+03]
 [ 0.0000000e+00  0.0000000e+00  0.0000000e+00  1.0000000e+00]]
[-0060.19, +0093.49, -1080.58]
941, 1298, 1838
[[-4.3714660e-02  8.9714622e-01  4.3916868e-01  2.5040000e+01]
 [ 1.6107180e-02 -4.3873258e-01  8.9820588e-01  8.9470000e+01]
 [ 9.9873972e-01  4.6496280e-02  4.9769200e-03 -1.1642900e+03]
 [ 0.0000000e+00  0.0000000e+00  0.0000000e+00  1.0000000e+00]]
[-0184.01, +0085.98, -1114.74]
2066, 1830, 1381
[[-4.2052560e-02  8.9764464e-01  4.3808216e-01  2.5030000e+01]
 [ 1.7563360e-02 -4.3747488e-01  8.9863728e-01  8.9690000e+01]
 [ 9.9868584e-01  4.5733280e-02  3.0223200e-03 -1.1643300e+03]
 [ 0.0000000e+00  0.0000000e+00  0.0000000e+00  1.0000000e+00]]
[-0060.05, +0044.21, -1100.06]
1603, 2066, 1786
[[-4.3270660e-02  8.9761824e-01  4.3806286e-01  2.5040000e+01]
 [ 1.6814160e-02 -4.3751348e-01  8.9866368e-01  8.9640000e+01]
 [ 9.9866654e-01  4.6482480e-02  4.2018200e-03 -1.1643000e+03]
 [ 0.0000000e+00  0.0000000e+00  0.0000000e+00  1.0000000e+00]]
[-0138.00, +0031.66, -1100.43]
1752, 1817, 1291
[[-4.2960500e-02  8.9737128e-01  4.3872804e-01  2.5060000e+01]
 [ 1.7054640e-02 -4.3822106e-01  8.9840088e-01  8.9580000e+01]
 [ 9.9873252e-01  4.6257840e-02  3.8044000e-03 -1.1643000e+03]
 [ 0.0000000e+00  0.0000000e+00  0.0000000e+00  1.0000000e+00]]
[-0080.93, +0032.62, -1089.12]
1821, 1882, 1147
[[-4.2473140e-02  8.9742614e-01  4.3853642e-01  2.5100000e+01]
 [ 1.7154820e-02 -4.3796964e-01  8.9843606e-01  8.9590000e+01]
 [ 9.9869594e-01  4.5912580e-02  3.5684600e-03 -1.1643100e+03]
 [ 0.0000000e+00  0.0000000e+00  0.0000000e+00  1.0000000e+00]]
[-0065.60, +0020.25, -1101.07]
1048, 1991, 1705
[[-4.3669540e-02  8.9760896e-01  4.3806418e-01  2.5050000e+01]
 [ 1.6904080e-02 -4.3752144e-01  8.9867296e-01  8.9570000e+01]
 [ 9.9865726e-01  4.6872080e-02  4.2824600e-03 -1.1642600e+03]
 [ 0.0000000e+00  0.0000000e+00  0.0000000e+00  1.0000000e+00]]
[-0171.64, +0021.13, -1123.24]
1775, 937, 1557
[[-4.3138020e-02  8.9727984e-01  4.3910844e-01  2.5030000e+01]
 [ 1.6674240e-02 -4.3870858e-01  8.9831212e-01  8.9520000e+01]
 [ 9.9882396e-01  4.6169080e-02  4.1144000e-03 -1.1643100e+03]
 [ 0.0000000e+00  0.0000000e+00  0.0000000e+00  1.0000000e+00]]
[-0078.96, +0127.96, -1103.02]
2069, 1405, 2092
[[-4.4202100e-02  8.9776052e-01  4.3781804e-01  2.4950000e+01]
 [ 1.7931320e-02 -4.3727770e-01  8.9885104e-01  8.9740000e+01]
 [ 9.9866764e-01  4.7757440e-02  3.5061600e-03 -1.1643200e+03]
 [ 0.0000000e+00  0.0000000e+00  0.0000000e+00  1.0000000e+00]]
[-0101.60, +0118.93, -1111.73]
2139, 1521, 1025
[[-4.2141000e-02  8.9738866e-01  4.3874862e-01  2.5020000e+01]
 [ 1.7893500e-02 -4.3819050e-01  8.9838350e-01  8.9660000e+01]
 [ 9.9874250e-01  4.5898620e-02  2.7053400e-03 -1.1643200e+03]
 [ 0.0000000e+00  0.0000000e+00  0.0000000e+00  1.0000000e+00]]
[-0031.47, +0052.38, -1117.41]
1038, 1088, 1011
[[-4.3672500e-02  8.9677344e-01  4.3988358e-01  2.5100000e+01]
 [ 1.5300960e-02 -4.3946452e-01  8.9782816e-01  8.9340000e+01]
 [ 9.9873222e-01  4.6118560e-02  5.7510200e-03 -1.1642900e+03]
 [ 0.0000000e+00  0.0000000e+00  0.0000000e+00  1.0000000e+00]]
[-0117.13, +0055.18, -1059.72]
945, 1674, 1777
[[-4.3869600e-02  8.9735308e-01  4.3869756e-01  2.5070000e+01]
 [ 1.5826200e-02 -4.3826106e-01  8.9841908e-01  8.9470000e+01]
 [ 9.9872300e-01  4.6527000e-02  5.2935000e-03 -1.1642900e+03]
 [ 0.0000000e+00  0.0000000e+00  0.0000000e+00  1.0000000e+00]]
[-0184.04, +0049.35, -1117.72]
893, 2002, 1372
[[-4.2983080e-02  8.9728378e-01  4.3910322e-01  2.5130000e+01]
 [ 1.6434380e-02 -4.3870858e-01  8.9830818e-01  8.9480000e+01]
 [ 9.9882918e-01  4.5929220e-02  4.2693400e-03 -1.1642800e+03]
 [ 0.0000000e+00  0.0000000e+00  0.0000000e+00  1.0000000e+00]]
[-0161.80, -0003.47, -1128.78]
1181, 2067, 1267
[[-4.3514400e-02  8.9723624e-01  4.3881232e-01  2.5130000e+01]
 [ 1.7506400e-02 -4.3822890e-01  8.9829610e-01  8.9510000e+01]
 [ 9.9864040e-01  4.7005180e-02  3.7301400e-03 -1.1643200e+03]
 [ 0.0000000e+00  0.0000000e+00  0.0000000e+00  1.0000000e+00]]
[-0132.69, -0008.94, -1116.61]
1802, 802, 1592
[[-4.3691840e-02  8.9697840e-01  4.3946952e-01  2.4990000e+01]
 [ 1.7447520e-02 -4.3895240e-01  8.9804364e-01  8.9470000e+01]
 [ 9.9869880e-01  4.7080200e-02  3.8044000e-03 -1.1643200e+03]
 [ 0.0000000e+00  0.0000000e+00  0.0000000e+00  1.0000000e+00]]
[-0077.25, +0139.85, -1117.35]
2120, 1922, 1178
[[-4.2141000e-02  8.9772070e-01  4.3819490e-01  2.5090000e+01]
 [ 1.7251300e-02 -4.3771842e-01  8.9871106e-01  8.9690000e+01]
 [ 9.9880910e-01  4.5571060e-02  3.1774200e-03 -1.1643300e+03]
 [ 0.0000000e+00  0.0000000e+00  0.0000000e+00  1.0000000e+00]]
[-0051.04, +0030.21, -1113.17]
2048, 2191, 1562
[[-4.3248840e-02  8.9782738e-01  4.3761022e-01  2.5070000e+01]
 [ 1.7312420e-02 -4.3702612e-01  8.9887402e-01  8.9690000e+01]
 [ 9.9864758e-01  4.6692820e-02  3.7362800e-03 -1.1643300e+03]
 [ 0.0000000e+00  0.0000000e+00  0.0000000e+00  1.0000000e+00]]
[-0086.42, +0024.56, -1104.32]
1350, 920, 1120
[[-4.3738000e-02  8.9664840e-01  4.3997540e-01  2.5090000e+01]
 [ 1.6052400e-02 -4.3945632e-01  8.9771328e-01  8.9390000e+01]
 [ 9.9864860e-01  4.6566720e-02  5.2056800e-03 -1.1643000e+03]
 [ 0.0000000e+00  0.0000000e+00  0.0000000e+00  1.0000000e+00]]
[-0086.47, +0094.91, -1068.79]
1539, 1888, 1945
[[-4.5576580e-02  8.9739650e-01  4.3835786e-01  2.4730000e+01]
 [ 1.8064900e-02 -4.3778970e-01  8.9855570e-01  8.9770000e+01]
 [ 9.9857486e-01  4.9073500e-02  4.0578800e-03 -1.1643400e+03]
 [ 0.0000000e+00  0.0000000e+00  0.0000000e+00  1.0000000e+00]]
[-0147.80, +0059.08, -1098.73]
1751, 1555, 1628
[[-4.3204240e-02  8.9724412e-01  4.3880164e-01  2.5040000e+01]
 [ 1.7026760e-02 -4.3822890e-01  8.9828822e-01  8.9560000e+01]
 [ 9.9865108e-01  4.6525540e-02  4.0403000e-03 -1.1643100e+03]
 [ 0.0000000e+00  0.0000000e+00  0.0000000e+00  1.0000000e+00]]
[-0098.79, +0076.05, -1082.55]
1303, 1855, 1450
[[-4.3536820e-02  8.9719312e-01  4.3898782e-01  2.5090000e+01]
 [ 1.6686880e-02 -4.3848064e-01  8.9824912e-01  8.9510000e+01]
 [ 9.9869282e-01  4.6630880e-02  4.4311800e-03 -1.1643400e+03]
 [ 0.0000000e+00  0.0000000e+00  0.0000000e+00  1.0000000e+00]]
[-0134.54, +0019.66, -1092.67]
910, 2157, 1423
[[-4.2673320e-02  8.9716976e-01  4.3917032e-01  2.5150000e+01]
 [ 1.6076560e-02 -4.3870858e-01  8.9818234e-01  8.9430000e+01]
 [ 9.9876208e-01  4.5567460e-02  4.5791000e-03 -1.1643200e+03]
 [ 0.0000000e+00  0.0000000e+00  0.0000000e+00  1.0000000e+00]]
[-0159.02, -0007.18, -1140.74]
1188, 1690, 1401
[[-4.2696660e-02  8.9691586e-01  4.3982238e-01  2.5110000e+01]
 [ 1.5777420e-02 -4.3943220e-01  8.9792566e-01  8.9370000e+01]
 [ 9.9882574e-01  4.5402180e-02  4.8075000e-03 -1.1642900e+03]
 [ 0.0000000e+00  0.0000000e+00  0.0000000e+00  1.0000000e+00]]
[-0140.23, +0029.24, -1085.92]
872, 840, 1971
[[-4.4714320e-02  8.9662752e-01  4.3995876e-01  2.4870000e+01]
 [ 1.5454080e-02 -4.3948960e-01  8.9773416e-01  8.9340000e+01]
 [ 9.9863196e-01  4.7165040e-02  6.1487200e-03 -1.1643000e+03]
 [ 0.0000000e+00  0.0000000e+00  0.0000000e+00  1.0000000e+00]]
[-0178.78, +0127.40, -1142.93]
1939, 1756, 1380
[[-4.3935700e-02  8.9730574e-01  4.3891158e-01  2.5040000e+01]
 [ 1.6655060e-02 -4.3848868e-01  8.9837634e-01  8.9480000e+01]
 [ 9.9876102e-01  4.6902540e-02  4.5119800e-03 -1.1643600e+03]
 [ 0.0000000e+00  0.0000000e+00  0.0000000e+00  1.0000000e+00]]
[-0067.00, +0045.18, -1093.03]
1079, 1506, 1306
[[-4.3029800e-02  8.9690970e-01  4.3980930e-01  2.5090000e+01]
 [ 1.5238260e-02 -4.3944820e-01  8.9793182e-01  8.9330000e+01]
 [ 9.9882282e-01  4.5461500e-02  5.4340400e-03 -1.1643100e+03]
 [ 0.0000000e+00  0.0000000e+00  0.0000000e+00  1.0000000e+00]]
[-0143.66, +0035.30, -1079.89]
1196, 1544, 836
[[-4.2631200e-02  8.9663020e-01  4.4016220e-01  2.5140000e+01]
 [ 1.5591160e-02 -4.3967610e-01  8.9764112e-01  8.9320000e+01]
 [ 9.9872188e-01  4.5353600e-02  5.1168600e-03 -1.1642900e+03]
 [ 0.0000000e+00  0.0000000e+00  0.0000000e+00  1.0000000e+00]]
[-0093.00, +0002.91, -1083.78]
1236, 1709, 1247
[[-4.3404900e-02  8.9694330e-01  4.3963450e-01  2.5070000e+01]
 [ 1.6148180e-02 -4.3920426e-01  8.9798850e-01  8.9410000e+01]
 [ 9.9876174e-01  4.6225820e-02  4.8150000e-03 -1.1643200e+03]
 [ 0.0000000e+00  0.0000000e+00  0.0000000e+00  1.0000000e+00]]
[-0124.26, +0017.74, -1084.60]
1730, 1827, 1224
[[-4.3780680e-02  8.9711034e-01  4.3886186e-01  2.4870000e+01]
 [ 1.6459660e-02 -4.3825290e-01  8.9818218e-01  8.9470000e+01]
 [ 9.9856686e-01  4.6852820e-02  4.9027800e-03 -1.1643500e+03]
 [ 0.0000000e+00  0.0000000e+00  0.0000000e+00  1.0000000e+00]]
[-0076.51, +0023.36, -1092.97]
1480, 1821, 2143
[[-4.4245860e-02  8.9734204e-01  4.3872276e-01  2.4860000e+01]
 [ 1.6935240e-02 -4.3825290e-01  8.9843012e-01  8.9540000e+01]
 [ 9.9870596e-01  4.7336520e-02  4.4376000e-03 -1.1642800e+03]
 [ 0.0000000e+00  0.0000000e+00  0.0000000e+00  1.0000000e+00]]
[-0163.71, +0073.83, -1112.22]
1543, 1702, 1842
[[-4.3780680e-02  8.9714340e-01  4.3918324e-01  2.5080000e+01]
 [ 1.6736600e-02 -4.3872450e-01  8.9820870e-01  8.9420000e+01]
 [ 9.9873324e-01  4.6826300e-02  4.4311800e-03 -1.1642900e+03]
 [ 0.0000000e+00  0.0000000e+00  0.0000000e+00  1.0000000e+00]]
[-0137.87, +0069.21, -1089.95]
924, 893, 1248
[[-4.3053940e-02  8.9648894e-01  4.4073790e-01  2.5110000e+01]
 [ 1.5260500e-02 -4.4040804e-01  8.9751106e-01  8.9220000e+01]
 [ 9.9885406e-01  4.5459500e-02  5.4260600e-03 -1.1642800e+03]
 [ 0.0000000e+00  0.0000000e+00  0.0000000e+00  1.0000000e+00]]
[-0145.71, +0092.26, -1069.16]
836, 1188, 1499
[[-4.3851300e-02  8.9672686e-01  4.4006448e-01  2.5090000e+01]
 [ 1.4721300e-02 -4.3971690e-01  8.9778440e-01  8.9290000e+01]
 [ 9.9877880e-01  4.5983520e-02  6.2961600e-03 -1.1642900e+03]
 [ 0.0000000e+00  0.0000000e+00  0.0000000e+00  1.0000000e+00]]
[-0178.22, +0070.40, -1092.95]
1465, 1642, 2044
[[-4.4090760e-02  8.9726856e-01  4.3859548e-01  2.4850000e+01]
 [ 1.6617880e-02 -4.3801716e-01  8.9835384e-01  8.9500000e+01]
 [ 9.9858936e-01  4.7168920e-02  4.8284400e-03 -1.1643200e+03]
 [ 0.0000000e+00  0.0000000e+00  0.0000000e+00  1.0000000e+00]]
[-0154.55, +0086.77, -1103.84]
1149, 2081, 1108
[[-4.3714660e-02  8.9702426e-01  4.3924614e-01  2.4980000e+01]
 [ 1.6229140e-02 -4.3873258e-01  8.9808798e-01  8.9470000e+01]
 [ 9.9866226e-01  4.6614180e-02  4.9769200e-03 -1.1643500e+03]
 [ 0.0000000e+00  0.0000000e+00  0.0000000e+00  1.0000000e+00]]
[-0124.38, -0017.77, -1123.10]
2083, 1662, 1859
[[-4.4157140e-02  8.9750964e-01  4.3845510e-01  2.4810000e+01]
 [ 1.7003400e-02 -4.3800904e-01  8.9859236e-01  8.9620000e+01]
 [ 9.9873786e-01  4.7263000e-02  4.2824600e-03 -1.1643500e+03]
 [ 0.0000000e+00  0.0000000e+00  0.0000000e+00  1.0000000e+00]]
[-0088.28, +0091.37, -1096.09]
1831, 2099, 1857
[[-4.2960500e-02  8.9749314e-01  4.3865052e-01  2.5060000e+01]
 [ 1.6932780e-02 -4.3822106e-01  8.9851884e-01  8.9520000e+01]
 [ 9.9881004e-01  4.6139880e-02  3.8044000e-03 -1.1642800e+03]
 [ 0.0000000e+00  0.0000000e+00  0.0000000e+00  1.0000000e+00]]
[-0124.14, +0040.02, -1097.42]
1467, 1587, 1109
[[-4.2785860e-02  8.9683742e-01  4.3969136e-01  2.5110000e+01]
 [ 1.5310540e-02 -4.3920426e-01  8.9785448e-01  8.9350000e+01]
 [ 9.9870488e-01  4.5384160e-02  5.4340400e-03 -1.1643200e+03]
 [ 0.0000000e+00  0.0000000e+00  0.0000000e+00  1.0000000e+00]]
[-0090.23, +0028.87, -1079.15]
992, 1061, 1270
[[-4.3517800e-02  8.9661086e-01  4.4015518e-01  2.5090000e+01]
 [ 1.5382420e-02 -4.3970034e-01  8.9766046e-01  8.9260000e+01]
 [ 9.9870466e-01  4.6042220e-02  5.6699000e-03 -1.1642900e+03]
 [ 0.0000000e+00  0.0000000e+00  0.0000000e+00  1.0000000e+00]]
[-0143.86, +0075.45, -1068.55]
1941, 1498, 898
[[-4.2696660e-02  8.9708238e-01  4.3954572e-01  2.5110000e+01]
 [ 1.5456180e-02 -4.3919626e-01  8.9808932e-01  8.9420000e+01]
 [ 9.9885852e-01  4.5238520e-02  5.0434400e-03 -1.1643400e+03]
 [ 0.0000000e+00  0.0000000e+00  0.0000000e+00  1.0000000e+00]]
[-0032.28, +0040.46, -1111.46]
1102, 1892, 825
[[-4.1988820e-02  8.9681080e-01  4.3988850e-01  2.5150000e+01]
 [ 1.5329200e-02 -4.3942432e-01  8.9779080e-01  8.9330000e+01]
 [ 9.9876750e-01  4.4650800e-02  5.0355000e-03 -1.1643000e+03]
 [ 0.0000000e+00  0.0000000e+00  0.0000000e+00  1.0000000e+00]]
[-0105.80, -0022.97, -1116.29]
1809, 1013, 1645
[[-4.2584400e-02  8.9692724e-01  4.3933428e-01  2.5020000e+01]
 [ 1.6709880e-02 -4.3870074e-01  8.9794514e-01  8.9400000e+01]
 [ 9.9860596e-01  4.5893580e-02  4.1883000e-03 -1.1642800e+03]
 [ 0.0000000e+00  0.0000000e+00  0.0000000e+00  1.0000000e+00]]
[-0085.01, +0126.39, -1102.99]
1303, 1485, 1865
[[-4.4268520e-02  8.9688884e-01  4.3933012e-01  2.4900000e+01]
 [ 1.6681160e-02 -4.3874074e-01  8.9798354e-01  8.9460000e+01]
 [ 9.9857012e-01  4.7361460e-02  4.9027800e-03 -1.1643300e+03]
 [ 0.0000000e+00  0.0000000e+00  0.0000000e+00  1.0000000e+00]]
[-0158.77, +0083.57, -1097.69]
1324, 1709, 1964
[[-4.4977680e-02  8.9715952e-01  4.3898752e-01  2.4860000e+01]
 [ 1.6807520e-02 -4.3851328e-01  8.9828272e-01  8.9530000e+01]
 [ 9.9866048e-01  4.7949280e-02  4.9090400e-03 -1.1643400e+03]
 [ 0.0000000e+00  0.0000000e+00  0.0000000e+00  1.0000000e+00]]
[-0164.99, +0070.76, -1105.54]
1035, 1293, 1795
[[-4.4071300e-02  8.9676416e-01  4.3988458e-01  2.4910000e+01]
 [ 1.5391280e-02 -4.3947280e-01  8.9783744e-01  8.9390000e+01]
 [ 9.9872294e-01  4.6508080e-02  5.8320600e-03 -1.1643400e+03]
 [ 0.0000000e+00  0.0000000e+00  0.0000000e+00  1.0000000e+00]]
[-0174.62, +0086.87, -1104.45]
1092, 1738, 1930
[[-4.4822580e-02  8.9708614e-01  4.3886014e-01  2.4870000e+01]
 [ 1.6490140e-02 -4.3827762e-01  8.9820638e-01  8.9510000e+01]
 [ 9.9854386e-01  4.7781620e-02  5.2998000e-03 -1.1643300e+03]
 [ 0.0000000e+00  0.0000000e+00  0.0000000e+00  1.0000000e+00]]
[-0180.66, +0057.97, -1119.09]
1373, 1799, 1739
[[-4.3958600e-02  8.9701902e-01  4.3924206e-01  2.4910000e+01]
 [ 1.6079460e-02 -4.3874074e-01  8.9809322e-01  8.9480000e+01]
 [ 9.9865818e-01  4.6763860e-02  5.2127000e-03 -1.1643400e+03]
 [ 0.0000000e+00  0.0000000e+00  0.0000000e+00  1.0000000e+00]]
[-0147.04, +0048.56, -1092.96]
1363, 2039, 1734
[[-4.4179600e-02  8.9717848e-01  4.3898504e-01  2.4920000e+01]
 [ 1.6627280e-02 -4.3849680e-01  8.9826376e-01  8.9520000e+01]
 [ 9.9867944e-01  4.7170160e-02  4.7477600e-03 -1.1643500e+03]
 [ 0.0000000e+00  0.0000000e+00  0.0000000e+00  1.0000000e+00]]
[-0148.46, +0026.34, -1105.42]
809, 2083, 1218
[[-4.3827240e-02  8.9698062e-01  4.3941254e-01  2.5030000e+01]
 [ 1.5020060e-02 -4.3899300e-01  8.9804142e-01  8.9400000e+01]
 [ 9.9871518e-01  4.6149340e-02  6.0678000e-03 -1.1643700e+03]
 [ 0.0000000e+00  0.0000000e+00  0.0000000e+00  1.0000000e+00]]
[-0155.57, -0015.92, -1142.59]
833, 1211, 2053
[[-4.4601540e-02  8.9695982e-01  4.3943854e-01  2.4870000e+01]
 [ 1.6219460e-02 -4.3899300e-01  8.9806222e-01  8.9400000e+01]
 [ 9.9868918e-01  4.7348740e-02  5.2935000e-03 -1.1643100e+03]
 [ 0.0000000e+00  0.0000000e+00  0.0000000e+00  1.0000000e+00]]
[-0191.86, +0097.74, -1144.23]
1078, 1602, 2182
[[-4.4822580e-02  8.9745214e-01  4.3862752e-01  2.4860000e+01]
 [ 1.6124140e-02 -4.3827762e-01  8.9855984e-01  8.9510000e+01]
 [ 9.9877648e-01  4.7428160e-02  5.2998000e-03 -1.1643300e+03]
 [ 0.0000000e+00  0.0000000e+00  0.0000000e+00  1.0000000e+00]]
[-0185.33, +0081.64, -1136.52]
2147, 2098, 1111
[[-4.2253620e-02  8.9797008e-01  4.3757154e-01  2.5030000e+01]
 [ 1.8809280e-02 -4.3698052e-01  8.9897104e-01  8.9840000e+01]
 [ 9.9873186e-01  4.6394560e-02  1.8548600e-03 -1.1644600e+03]
 [ 0.0000000e+00  0.0000000e+00  0.0000000e+00  1.0000000e+00]]
[-0055.87, +0019.07, -1119.73]
883, 1110, 2015
[[-4.4738500e-02  8.9675216e-01  4.3985738e-01  2.4890000e+01]
 [ 1.4313040e-02 -4.3950672e-01  8.9784944e-01  8.9300000e+01]
 [ 9.9871622e-01  4.6626640e-02  7.0842200e-03 -1.1643600e+03]
 [ 0.0000000e+00  0.0000000e+00  0.0000000e+00  1.0000000e+00]]
[-0187.32, +0107.08, -1138.57]
1731, 2075, 1709
[[-4.3536820e-02  8.9723754e-01  4.3878840e-01  2.4910000e+01]
 [ 1.6487460e-02 -4.3824482e-01  8.9829480e-01  8.9510000e+01]
 [ 9.9864840e-01  4.6585200e-02  4.6670000e-03 -1.1643400e+03]
 [ 0.0000000e+00  0.0000000e+00  0.0000000e+00  1.0000000e+00]]
[-0115.23, +0031.17, -1095.52]
1071, 1236, 1386
[[-4.4738500e-02  8.9641836e-01  4.4041098e-01  2.4950000e+01]
 [ 1.4956200e-02 -4.3997800e-01  8.9752260e-01  8.9280000e+01]
 [ 9.9865110e-01  4.6953480e-02  6.6129400e-03 -1.1643900e+03]
 [ 0.0000000e+00  0.0000000e+00  0.0000000e+00  1.0000000e+00]]
[-0146.88, +0068.08, -1074.58]
1845, 1113, 821
[[-4.4095440e-02  8.9643288e-01  4.4041432e-01  2.4940000e+01]
 [ 1.5015280e-02 -4.3996104e-01  8.9750808e-01  8.9310000e+01]
 [ 9.9866472e-01  4.6414480e-02  6.2961600e-03 -1.1644000e+03]
 [ 0.0000000e+00  0.0000000e+00  0.0000000e+00  1.0000000e+00]]
[-0024.96, +0065.26, -1107.24]
827, 1700, 1616
[[-4.4315400e-02  8.9675900e-01  4.3988040e-01  2.4960000e+01]
 [ 1.5241680e-02 -4.3948116e-01  8.9784260e-01  8.9310000e+01]
 [ 9.9871876e-01  4.6657680e-02  6.0678000e-03 -1.1643600e+03]
 [ 0.0000000e+00  0.0000000e+00  0.0000000e+00  1.0000000e+00]]
[-0185.63, +0032.99, -1121.20]
1777, 1059, 2072
[[-4.4179600e-02  8.9713404e-01  4.3918452e-01  2.4800000e+01]
 [ 1.6826760e-02 -4.3873258e-01  8.9821806e-01  8.9460000e+01]
 [ 9.9872388e-01  4.7215860e-02  4.5119800e-03 -1.1643100e+03]
 [ 0.0000000e+00  0.0000000e+00  0.0000000e+00  1.0000000e+00]]
[-0116.39, +0137.58, -1124.23]
1578, 1051, 2100
[[-4.5024000e-02  8.9690784e-01  4.3961488e-01  2.4820000e+01]
 [ 1.5490240e-02 -4.3925394e-01  8.9802396e-01  8.9390000e+01]
 [ 9.9873168e-01  4.7363560e-02  6.0747000e-03 -1.1643600e+03]
 [ 0.0000000e+00  0.0000000e+00  0.0000000e+00  1.0000000e+00]]
[-0135.90, +0135.13, -1126.01]
1711, 2187, 922
[[-4.3470760e-02  8.9698502e-01  4.3944958e-01  2.4990000e+01]
 [ 1.6578220e-02 -4.3896036e-01  8.9803702e-01  8.9520000e+01]
 [ 9.9871078e-01  4.6510220e-02  4.5052400e-03 -1.1644000e+03]
 [ 0.0000000e+00  0.0000000e+00  0.0000000e+00  1.0000000e+00]]
[-0072.69, -0008.89, -1130.92]
929, 1587, 1458
[[-4.5072400e-02  8.9653456e-01  4.4031988e-01  2.4950000e+01]
 [ 1.4295040e-02 -4.3999528e-01  8.9764636e-01  8.9250000e+01]
 [ 9.9872492e-01  4.6894760e-02  7.2388800e-03 -1.1643600e+03]
 [ 0.0000000e+00  0.0000000e+00  0.0000000e+00  1.0000000e+00]]
[-0169.16, +0035.41, -1097.34]
1809, 917, 1370
[[-4.3761860e-02  8.9643900e-01  4.4042778e-01  2.4890000e+01]
 [ 1.5554280e-02 -4.3994440e-01  8.9750196e-01  8.9310000e+01]
 [ 9.9866790e-01  4.6355400e-02  5.6699000e-03 -1.1643500e+03]
 [ 0.0000000e+00  0.0000000e+00  0.0000000e+00  1.0000000e+00]]
[-0062.65, +0120.01, -1101.31]
2148, 1699, 1763
[[-4.3846900e-02  8.9710758e-01  4.3887654e-01  2.4840000e+01]
 [ 1.7089020e-02 -4.3824482e-01  8.9818494e-01  8.9530000e+01]
 [ 9.9856026e-01  4.7182740e-02  4.3569200e-03 -1.1643300e+03]
 [ 0.0000000e+00  0.0000000e+00  0.0000000e+00  1.0000000e+00]]
[-0078.91, +0081.52, -1096.17]
808, 1020, 1446
[[-4.3412500e-02  8.9619640e-01  4.4105520e-01  2.4960000e+01]
 [ 1.4146000e-02 -4.4067682e-01  8.9723304e-01  8.9170000e+01]
 [ 9.9874800e-01  4.5378960e-02  6.7516800e-03 -1.1643300e+03]
 [ 0.0000000e+00  0.0000000e+00  0.0000000e+00  1.0000000e+00]]
[-0174.22, +0084.47, -1087.92]
1549, 1096, 812
[[-4.3696680e-02  8.9618582e-01  4.4108878e-01  2.4950000e+01]
 [ 1.5644980e-02 -4.4066026e-01  8.9724362e-01  8.9250000e+01]
 [ 9.9873098e-01  4.6280180e-02  5.5074200e-03 -1.1643600e+03]
 [ 0.0000000e+00  0.0000000e+00  0.0000000e+00  1.0000000e+00]]
[-0044.93, +0057.37, -1082.85]
1327, 2009, 843
[[-4.2875140e-02  8.9666978e-01  4.3995890e-01  2.5080000e+01]
 [ 1.5242300e-02 -4.3944820e-01  8.9769190e-01  8.9320000e+01]
 [ 9.9867322e-01  4.5457460e-02  5.5887000e-03 -1.1643200e+03]
 [ 0.0000000e+00  0.0000000e+00  0.0000000e+00  1.0000000e+00]]
[-0089.40, -0020.57, -1123.97]
1851, 2111, 1309
[[-4.3226900e-02  8.9727858e-01  4.3909926e-01  2.5060000e+01]
 [ 1.6284660e-02 -4.3871650e-01  8.9831338e-01  8.9480000e+01]
 [ 9.9882522e-01  4.6078940e-02  4.5052400e-03 -1.1643500e+03]
 [ 0.0000000e+00  0.0000000e+00  0.0000000e+00  1.0000000e+00]]
[-0080.37, +0011.21, -1107.21]
965, 1532, 2122
[[-4.4869140e-02  8.9671260e-01  4.3956500e-01  2.4870000e+01]
 [ 1.5295000e-02 -4.3901832e-01  8.9782968e-01  8.9360000e+01]
 [ 9.9853740e-01  4.7313680e-02  6.4651800e-03 -1.1643200e+03]
 [ 0.0000000e+00  0.0000000e+00  0.0000000e+00  1.0000000e+00]]
[-0189.99, +0081.39, -1139.96]
1235, 1778, 2033
[[-4.4535760e-02  8.9691832e-01  4.3962332e-01  2.4890000e+01]
 [ 1.5789520e-02 -4.3923706e-01  8.9801348e-01  8.9420000e+01]
 [ 9.9874012e-01  4.7064280e-02  5.6033400e-03 -1.1643300e+03]
 [ 0.0000000e+00  0.0000000e+00  0.0000000e+00  1.0000000e+00]]
[-0173.04, +0064.04, -1115.50]
1549, 1677, 853
[[-4.3631700e-02  8.9635584e-01  4.4079782e-01  2.5100000e+01]
 [ 1.4694080e-02 -4.4043264e-01  8.9740416e-01  8.9290000e+01]
 [ 9.9876954e-01  4.5785920e-02  6.2883000e-03 -1.1643400e+03]
 [ 0.0000000e+00  0.0000000e+00  0.0000000e+00  1.0000000e+00]]
[-0063.03, +0010.19, -1098.02]
1312, 937, 1937
[[-4.4250100e-02  8.9671758e-01  4.4006536e-01  2.4960000e+01]
 [ 1.4811660e-02 -4.3972530e-01  8.9779368e-01  8.9290000e+01]
 [ 9.9876952e-01  4.6373040e-02  6.3772400e-03 -1.1643200e+03]
 [ 0.0000000e+00  0.0000000e+00  0.0000000e+00  1.0000000e+00]]
[-0146.34, +0134.74, -1119.81]
1436, 1662, 806
[[-4.2964500e-02  8.9657940e-01  4.4034840e-01  2.5090000e+01]
 [ 1.5251400e-02 -4.3992808e-01  8.9760152e-01  8.9260000e+01]
 [ 9.9876360e-01  4.5458480e-02  5.5074200e-03 -1.1643400e+03]
 [ 0.0000000e+00  0.0000000e+00  0.0000000e+00  1.0000000e+00]]
[-0068.31, +0003.15, -1097.09]
2151, 1559, 1532
[[-4.3470760e-02  8.9698502e-01  4.3944958e-01  2.4980000e+01]
 [ 1.6578220e-02 -4.3896036e-01  8.9803702e-01  8.9450000e+01]
 [ 9.9871078e-01  4.6510220e-02  4.5052400e-03 -1.1643300e+03]
 [ 0.0000000e+00  0.0000000e+00  0.0000000e+00  1.0000000e+00]]
[-0059.79, +0079.90, -1099.81]
1261, 1200, 1629
[[-4.3517800e-02  8.9661086e-01  4.4015518e-01  2.5030000e+01]
 [ 1.5382420e-02 -4.3970034e-01  8.9766046e-01  8.9280000e+01]
 [ 9.9870466e-01  4.6042220e-02  5.6699000e-03 -1.1642800e+03]
 [ 0.0000000e+00  0.0000000e+00  0.0000000e+00  1.0000000e+00]]
[-0142.42, +0095.01, -1083.62]
901, 1904, 2020
[[-4.3827240e-02  8.9702526e-01  4.3921314e-01  2.5070000e+01]
 [ 1.4820660e-02 -4.3875730e-01  8.9808698e-01  8.9370000e+01]
 [ 9.9867054e-01  4.6103780e-02  6.3035000e-03 -1.1642800e+03]
 [ 0.0000000e+00  0.0000000e+00  0.0000000e+00  1.0000000e+00]]
[-0189.07, +0046.03, -1144.79]
1425, 1471, 820
[[-4.2988960e-02  8.9624796e-01  4.4087828e-01  2.5110000e+01]
 [ 1.4875080e-02 -4.4041616e-01  8.9727204e-01  8.9230000e+01]
 [ 9.9870556e-01  4.5364920e-02  5.9710400e-03 -1.1643200e+03]
 [ 0.0000000e+00  0.0000000e+00  0.0000000e+00  1.0000000e+00]]
[-0065.78, +0018.75, -1085.14]
1567, 1752, 1587
[[-4.2607540e-02  8.9696158e-01  4.3963214e-01  2.5060000e+01]
 [ 1.5967660e-02 -4.3918834e-01  8.9797022e-01  8.9370000e+01]
 [ 9.9878002e-01  4.5446740e-02  4.6527600e-03 -1.1643000e+03]
 [ 0.0000000e+00  0.0000000e+00  0.0000000e+00  1.0000000e+00]]
[-0117.90, +0048.96, -1083.21]
1901, 859, 1834
[[-4.3803700e-02  8.9693404e-01  4.3963568e-01  2.4940000e+01]
 [ 1.6238440e-02 -4.3921234e-01  8.9799776e-01  8.9380000e+01]
 [ 9.9875248e-01  4.6615360e-02  4.8960000e-03 -1.1642700e+03]
 [ 0.0000000e+00  0.0000000e+00  0.0000000e+00  1.0000000e+00]]
[-0088.10, +0143.45, -1128.91]
839, 854, 1243
[[-4.3258120e-02  8.9615566e-01  4.4124954e-01  2.5110000e+01]
 [ 1.4105260e-02 -4.4091268e-01  8.9718318e-01  8.9130000e+01]
 [ 9.9879786e-01  4.5184620e-02  6.6702000e-03 -1.1642800e+03]
 [ 0.0000000e+00  0.0000000e+00  0.0000000e+00  1.0000000e+00]]
[-0154.39, +0093.02, -1071.68]
913, 2029, 2098
[[-4.5399700e-02  8.9831844e-01  4.3659102e-01  2.4880000e+01]
 [ 1.6836840e-02 -4.3612424e-01  8.9946084e-01  8.9620000e+01]
 [ 9.9865122e-01  4.8345240e-02  4.9247000e-03 -1.1642000e+03]
 [ 0.0000000e+00  0.0000000e+00  0.0000000e+00  1.0000000e+00]]
[-0186.21, +0042.01, -1149.51]
2129, 1989, 865
[[-4.0945440e-02  8.9758144e-01  4.3846720e-01  2.5160000e+01]
 [ 1.7302400e-02 -4.3793224e-01  8.9852056e-01  8.9650000e+01]
 [ 9.9880256e-01  4.4566000e-02  2.6981600e-03 -1.1644100e+03]
 [ 0.0000000e+00  0.0000000e+00  0.0000000e+00  1.0000000e+00]]
[-0043.80, +0015.73, -1130.41]
1198, 1873, 1473
[[-4.3428480e-02  8.9665656e-01  4.3996504e-01  2.5050000e+01]
 [ 1.5572560e-02 -4.3945632e-01  8.9770512e-01  8.9340000e+01]
 [ 9.9865896e-01  4.6086880e-02  5.5152000e-03 -1.1643000e+03]
 [ 0.0000000e+00  0.0000000e+00  0.0000000e+00  1.0000000e+00]]
[-0146.41, +0021.11, -1097.50]
1295, 1465, 850
[[-4.2655380e-02  8.9637600e-01  4.4081414e-01  2.5070000e+01]
 [ 1.5292000e-02 -4.4040000e-01  8.9738400e-01  8.9250000e+01]
 [ 9.9878586e-01  4.5188000e-02  5.3446200e-03 -1.1643000e+03]
 [ 0.0000000e+00  0.0000000e+00  0.0000000e+00  1.0000000e+00]]
[-0082.43, +0015.88, -1078.73]
2114, 1818, 1754
[[-4.3846900e-02  8.9730704e-01  4.3892092e-01  2.4960000e+01]
 [ 1.7044640e-02 -4.3848064e-01  8.9837504e-01  8.9520000e+01]
 [ 9.9875972e-01  4.6992640e-02  4.1211000e-03 -1.1643000e+03]
 [ 0.0000000e+00  0.0000000e+00  0.0000000e+00  1.0000000e+00]]
[-0082.67, +0070.47, -1094.38]
1097, 1656, 1510
[[-4.3273780e-02  8.9657132e-01  4.4035860e-01  2.5050000e+01]
 [ 1.5731320e-02 -4.3992808e-01  8.9760960e-01  8.9280000e+01]
 [ 9.9875340e-01  4.5938400e-02  5.1981400e-03 -1.1642800e+03]
 [ 0.0000000e+00  0.0000000e+00  0.0000000e+00  1.0000000e+00]]
[-0157.16, +0037.66, -1091.74]
1675, 1478, 844
[[-4.2809920e-02  8.9641672e-01  4.4061992e-01  2.5080000e+01]
 [ 1.5332720e-02 -4.4016402e-01  8.9743378e-01  8.9270000e+01]
 [ 9.9873608e-01  4.5382220e-02  5.4260600e-03 -1.1643200e+03]
 [ 0.0000000e+00  0.0000000e+00  0.0000000e+00  1.0000000e+00]]
[-0046.68, +0029.32, -1096.06]
1288, 1257, 1011
[[-4.4095440e-02  8.9626604e-01  4.4069104e-01  2.4930000e+01]
 [ 1.5336760e-02 -4.4019682e-01  8.9734448e-01  8.9270000e+01]
 [ 9.9863216e-01  4.6578080e-02  6.0603800e-03 -1.1643500e+03]
 [ 0.0000000e+00  0.0000000e+00  0.0000000e+00  1.0000000e+00]]
[-0092.53, +0046.67, -1066.64]
1326, 1418, 1932
[[-4.4601540e-02  8.9679326e-01  4.3971552e-01  2.4840000e+01]
 [ 1.6540980e-02 -4.3922874e-01  8.9789864e-01  8.9420000e+01]
 [ 9.9865624e-01  4.7512320e-02  5.0577600e-03 -1.1643200e+03]
 [ 0.0000000e+00  0.0000000e+00  0.0000000e+00  1.0000000e+00]]
[-0158.33, +0094.71, -1101.96]
2057, 1910, 1170
[[-4.2983080e-02  8.9699554e-01  4.3945750e-01  2.4910000e+01]
 [ 1.6877540e-02 -4.3894452e-01  8.9802650e-01  8.9520000e+01]
 [ 9.9871870e-01  4.6210900e-02  4.0334000e-03 -1.1643800e+03]
 [ 0.0000000e+00  0.0000000e+00  0.0000000e+00  1.0000000e+00]]
[-0053.32, +0028.24, -1110.47]
1148, 1564, 1289
[[-4.3761860e-02  8.9643900e-01  4.4042778e-01  2.4910000e+01]
 [ 1.5554280e-02 -4.3994440e-01  8.9750196e-01  8.9320000e+01]
 [ 9.9866790e-01  4.6355400e-02  5.6699000e-03 -1.1643000e+03]
 [ 0.0000000e+00  0.0000000e+00  0.0000000e+00  1.0000000e+00]]
[-0135.81, +0031.57, -1079.63]
1846, 1294, 2152
[[-4.4822580e-02  8.9699722e-01  4.3925922e-01  2.4780000e+01]
 [ 1.6889220e-02 -4.3874898e-01  8.9811502e-01  8.9490000e+01]
 [ 9.9863278e-01  4.7872980e-02  4.8284400e-03 -1.1643200e+03]
 [ 0.0000000e+00  0.0000000e+00  0.0000000e+00  1.0000000e+00]]
[-0121.09, +0125.90, -1116.77]
1576, 1161, 1119
[[-4.3517800e-02  8.9623278e-01  4.4090794e-01  2.4900000e+01]
 [ 1.6224540e-02 -4.4040804e-01  8.9728722e-01  8.9280000e+01]
 [ 9.9868402e-01  4.6415460e-02  4.9622000e-03 -1.1643300e+03]
 [ 0.0000000e+00  0.0000000e+00  0.0000000e+00  1.0000000e+00]]
[-0072.66, +0073.86, -1074.77]
1438, 2057, 1595
[[-4.4024580e-02  8.9697168e-01  4.3945616e-01  2.4900000e+01]
 [ 1.6908320e-02 -4.3896840e-01  8.9805036e-01  8.9440000e+01]
 [ 9.9869616e-01  4.7139640e-02  4.4311800e-03 -1.1643100e+03]
 [ 0.0000000e+00  0.0000000e+00  0.0000000e+00  1.0000000e+00]]
[-0136.45, +0016.66, -1102.75]
997, 884, 1179
[[-4.3721380e-02  8.9602108e-01  4.4134178e-01  2.4940000e+01]
 [ 1.4947480e-02 -4.4091268e-01  8.9707772e-01  8.9190000e+01]
 [ 9.9870562e-01  4.6022680e-02  6.2069400e-03 -1.1643300e+03]
 [ 0.0000000e+00  0.0000000e+00  0.0000000e+00  1.0000000e+00]]
[-0131.55, +0091.89, -1064.59]
892, 2169, 1949
[[-4.5997800e-02  8.9826448e-01  4.3674776e-01  2.4840000e+01]
 [ 1.5327760e-02 -4.3640250e-01  8.9942518e-01  8.9620000e+01]
 [ 9.9869552e-01  4.8182140e-02  6.4877400e-03 -1.1643100e+03]
 [ 0.0000000e+00  0.0000000e+00  0.0000000e+00  1.0000000e+00]]
[-0180.61, +0024.51, -1150.44]
1539, 1667, 2151
[[-4.4601540e-02  8.9683780e-01  4.3951602e-01  2.4830000e+01]
 [ 1.6341480e-02 -4.3899300e-01  8.9794436e-01  8.9410000e+01]
 [ 9.9861170e-01  4.7466600e-02  5.2935000e-03 -1.1643300e+03]
 [ 0.0000000e+00  0.0000000e+00  0.0000000e+00  1.0000000e+00]]
[-0153.56, +0092.41, -1108.68]
1292, 1217, 1692
[[-4.4250100e-02  8.9650602e-01  4.4054154e-01  2.4880000e+01]
 [ 1.5332580e-02 -4.4019682e-01  8.9758446e-01  8.9260000e+01]
 [ 9.9878166e-01  4.6582260e-02  5.9057200e-03 -1.1643400e+03]
 [ 0.0000000e+00  0.0000000e+00  0.0000000e+00  1.0000000e+00]]
[-0142.79, +0097.79, -1086.60]
872, 949, 1976
[[-4.4518900e-02  8.9638130e-01  4.4059080e-01  2.4870000e+01]
 [ 1.4286220e-02 -4.4022226e-01  8.9746920e-01  8.9200000e+01]
 [ 9.9870696e-01  4.6428720e-02  7.0768000e-03 -1.1643100e+03]
 [ 0.0000000e+00  0.0000000e+00  0.0000000e+00  1.0000000e+00]]
[-0182.73, +0119.19, -1139.11]
1968, 1569, 812
[[-4.3273780e-02  8.9657132e-01  4.4035860e-01  2.4930000e+01]
 [ 1.5731320e-02 -4.3992808e-01  8.9760960e-01  8.9320000e+01]
 [ 9.9875340e-01  4.5938400e-02  5.1981400e-03 -1.1644000e+03]
 [ 0.0000000e+00  0.0000000e+00  0.0000000e+00  1.0000000e+00]]
[-0030.13, +0031.59, -1120.32]
1225, 1962, 971
[[-4.3851300e-02  8.9656006e-01  4.4034118e-01  2.4960000e+01]
 [ 1.5042740e-02 -4.3995268e-01  8.9762086e-01  8.9300000e+01]
 [ 9.9874622e-01  4.6147060e-02  6.0603800e-03 -1.1643400e+03]
 [ 0.0000000e+00  0.0000000e+00  0.0000000e+00  1.0000000e+00]]
[-0107.46, -0016.31, -1112.98]
1985, 1908, 1908
[[-4.4179600e-02  8.9713404e-01  4.3918452e-01  2.4820000e+01]
 [ 1.6826760e-02 -4.3873258e-01  8.9821806e-01  8.9490000e+01]
 [ 9.9872388e-01  4.7215860e-02  4.5119800e-03 -1.1643400e+03]
 [ 0.0000000e+00  0.0000000e+00  0.0000000e+00  1.0000000e+00]]
[-0105.32, +0068.87, -1093.09]
854, 1236, 1981
[[-4.3721380e-02  8.9644472e-01  4.4038994e-01  2.5020000e+01]
 [ 1.3905920e-02 -4.3996948e-01  8.9749624e-01  8.9180000e+01]
 [ 9.9868066e-01  4.5604160e-02  7.1501400e-03 -1.1643000e+03]
 [ 0.0000000e+00  0.0000000e+00  0.0000000e+00  1.0000000e+00]]
[-0191.45, +0094.78, -1135.57]
1471, 1688, 1139
[[-4.3029800e-02  8.9657646e-01  4.4036262e-01  2.5050000e+01]
 [ 1.5880860e-02 -4.3992004e-01  8.9760446e-01  8.9250000e+01]
 [ 9.9875742e-01  4.5788860e-02  4.9622000e-03 -1.1643200e+03]
 [ 0.0000000e+00  0.0000000e+00  0.0000000e+00  1.0000000e+00]]
[-0090.83, +0022.27, -1083.22]
2017, 1995, 1733
[[-4.2983080e-02  8.9716188e-01  4.3918068e-01  2.4950000e+01]
 [ 1.6556280e-02 -4.3870858e-01  8.9819022e-01  8.9440000e+01]
 [ 9.9875172e-01  4.6047180e-02  4.2693400e-03 -1.1643300e+03]
 [ 0.0000000e+00  0.0000000e+00  0.0000000e+00  1.0000000e+00]]
[-0092.15, +0049.85, -1093.79]
1015, 1994, 1221
[[-4.3851300e-02  8.9631594e-01  4.4049582e-01  2.5060000e+01]
 [ 1.5286860e-02 -4.3995268e-01  8.9738506e-01  8.9240000e+01]
 [ 9.9859158e-01  4.6382860e-02  6.0603800e-03 -1.1643400e+03]
 [ 0.0000000e+00  0.0000000e+00  0.0000000e+00  1.0000000e+00]]
[-0142.55, -0009.72, -1118.17]
1835, 1924, 1831
[[-4.3583220e-02  8.9698572e-01  4.3941668e-01  2.4970000e+01]
 [ 1.5169720e-02 -4.3898472e-01  8.9803632e-01  8.9390000e+01]
 [ 9.9871932e-01  4.5999680e-02  5.8320600e-03 -1.1643400e+03]
 [ 0.0000000e+00  0.0000000e+00  0.0000000e+00  1.0000000e+00]]
[-0113.05, +0059.87, -1090.50]
1300, 1073, 1584
[[-4.3875880e-02  8.9630596e-01  4.4099300e-01  2.4990000e+01]
 [ 1.4743960e-02 -4.4067682e-01  8.9736350e-01  8.9190000e+01]
 [ 9.9881020e-01  4.5981100e-02  6.2883000e-03 -1.1643200e+03]
 [ 0.0000000e+00  0.0000000e+00  0.0000000e+00  1.0000000e+00]]
[-0131.78, +0105.52, -1082.30]
2017, 1424, 1087
[[-4.3029800e-02  8.9657646e-01  4.4036262e-01  2.5010000e+01]
 [ 1.5880860e-02 -4.3992004e-01  8.9760446e-01  8.9310000e+01]
 [ 9.9875742e-01  4.5788860e-02  4.9622000e-03 -1.1643600e+03]
 [ 0.0000000e+00  0.0000000e+00  0.0000000e+00  1.0000000e+00]]
[-0036.46, +0060.32, -1106.11]
1337, 1054, 1149
[[-4.3721380e-02  8.9618804e-01  4.4106520e-01  2.5020000e+01]
 [ 1.4626040e-02 -4.4067682e-01  8.9724140e-01  8.9180000e+01]
 [ 9.9873800e-01  4.5859000e-02  6.4428000e-03 -1.1643200e+03]
 [ 0.0000000e+00  0.0000000e+00  0.0000000e+00  1.0000000e+00]]
[-0093.87, +0080.35, -1066.28]
1868, 1317, 2164
[[-4.4024580e-02  8.9692722e-01  4.3965562e-01  2.4880000e+01]
 [ 1.7107780e-02 -4.3920426e-01  8.9800458e-01  8.9410000e+01]
 [ 9.9874062e-01  4.7185420e-02  4.1953200e-03 -1.1642800e+03]
 [ 0.0000000e+00  0.0000000e+00  0.0000000e+00  1.0000000e+00]]
[-0119.89, +0125.47, -1116.93]
1993, 1583, 1516
[[-4.3250080e-02  8.9678080e-01  4.3990608e-01  2.4970000e+01]
 [ 1.6229600e-02 -4.3944016e-01  8.9782080e-01  8.9370000e+01]
 [ 9.9873408e-01  4.6149600e-02  4.7339200e-03 -1.1643100e+03]
 [ 0.0000000e+00  0.0000000e+00  0.0000000e+00  1.0000000e+00]]
[-0068.17, +0071.85, -1091.73]
2071, 2053, 1626
[[-4.3536820e-02  8.9714870e-01  4.3918724e-01  2.4970000e+01]
 [ 1.6886300e-02 -4.3871650e-01  8.9820340e-01  8.9460000e+01]
 [ 9.9873724e-01  4.6676600e-02  4.1953200e-03 -1.1643400e+03]
 [ 0.0000000e+00  0.0000000e+00  0.0000000e+00  1.0000000e+00]]
[-0082.13, +0039.92, -1098.19]
1938, 2179, 800
[[-4.0793860e-02  8.9670334e-01  4.4048256e-01  2.5160000e+01]
 [ 1.5655540e-02 -4.4010970e-01  8.9762712e-01  8.9500000e+01]
 [ 9.9892776e-01  4.3619520e-02  4.0824000e-03 -1.1644700e+03]
 [ 0.0000000e+00  0.0000000e+00  0.0000000e+00  1.0000000e+00]]
[-0056.17, -0000.77, -1136.39]
1667, 877, 1124
[[-4.3836560e-02  8.9568864e-01  4.4186208e-01  2.4860000e+01]
 [ 1.4182080e-02 -4.4140960e-01  8.9674864e-01  8.9110000e+01]
 [ 9.9864864e-01  4.5837920e-02  7.0604000e-03 -1.1643500e+03]
 [ 0.0000000e+00  0.0000000e+00  0.0000000e+00  1.0000000e+00]]
[-0059.63, +0105.64, -1087.78]
1855, 1941, 2043
[[-4.3006180e-02  8.9678600e-01  4.3991006e-01  2.4920000e+01]
 [ 1.6379200e-02 -4.3943220e-01  8.9781560e-01  8.9340000e+01]
 [ 9.9873806e-01  4.6000000e-02  4.4979800e-03 -1.1642900e+03]
 [ 0.0000000e+00  0.0000000e+00  0.0000000e+00  1.0000000e+00]]
[-0127.68, +0069.25, -1096.76]
1065, 1806, 1575
[[-4.4454160e-02  8.9612800e-01  4.4125188e-01  2.4900000e+01]
 [ 1.4377120e-02 -4.4093800e-01  8.9721084e-01  8.9170000e+01]
 [ 9.9877020e-01  4.6353000e-02  6.9144000e-03 -1.1643600e+03]
 [ 0.0000000e+00  0.0000000e+00  0.0000000e+00  1.0000000e+00]]
[-0163.50, +0028.04, -1104.35]
1556, 857, 1075
[[-4.3528000e-02  8.9560704e-01  4.4225072e-01  2.4930000e+01]
 [ 1.4100480e-02 -4.4188136e-01  8.9664864e-01  8.9060000e+01]
 [ 9.9874864e-01  4.5449280e-02  6.8972000e-03 -1.1643500e+03]
 [ 0.0000000e+00  0.0000000e+00  0.0000000e+00  1.0000000e+00]]
[-0059.90, +0103.31, -1082.70]
1030, 1438, 1760
[[-4.4364360e-02  8.9612882e-01  4.4126122e-01  2.4870000e+01]
 [ 1.4766580e-02 -4.4092948e-01  8.9721002e-01  8.9190000e+01]
 [ 9.9876938e-01  4.6443620e-02  6.5241200e-03 -1.1643100e+03]
 [ 0.0000000e+00  0.0000000e+00  0.0000000e+00  1.0000000e+00]]
[-0176.53, +0072.29, -1104.05]
1207, 1805, 1726
[[-4.3696680e-02  8.9630788e-01  4.4101148e-01  2.4930000e+01]
 [ 1.5522920e-02 -4.4066026e-01  8.9736158e-01  8.9190000e+01]
 [ 9.9880828e-01  4.6162220e-02  5.5074200e-03 -1.1643300e+03]
 [ 0.0000000e+00  0.0000000e+00  0.0000000e+00  1.0000000e+00]]
[-0161.05, +0041.69, -1100.89]
1781, 1999, 845
[[-4.3452580e-02  8.9619098e-01  4.4109286e-01  2.4950000e+01]
 [ 1.5794420e-02 -4.4065210e-01  8.9723846e-01  8.9270000e+01]
 [ 9.9873506e-01  4.6130740e-02  5.2714800e-03 -1.1643700e+03]
 [ 0.0000000e+00  0.0000000e+00  0.0000000e+00  1.0000000e+00]]
[-0057.36, -0001.11, -1126.20]
1057, 1841, 1244
[[-4.3566920e-02  8.9602524e-01  4.4133672e-01  2.4920000e+01]
 [ 1.4707440e-02 -4.4091268e-01  8.9707356e-01  8.9170000e+01]
 [ 9.9871068e-01  4.5782640e-02  6.3614000e-03 -1.1643200e+03]
 [ 0.0000000e+00  0.0000000e+00  0.0000000e+00  1.0000000e+00]]
[-0141.99, +0004.30, -1101.42]
1062, 2036, 1344
[[-4.418500e-02  8.963424e-01  4.408038e-01  2.492000e+01]
 [ 1.502460e-02 -4.404410e-01  8.974176e-01  8.925000e+01]
 [ 9.987552e-01  4.641540e-02  6.215000e-03 -1.164350e+03]
 [ 0.000000e+00  0.000000e+00  0.000000e+00  1.000000e+00]]
[-0148.56, -0004.44, -1119.88]
1470, 1246, 1566
[[-4.3965600e-02  8.9601600e-01  4.4133760e-01  2.4860000e+01]
 [ 1.4798080e-02 -4.4092104e-01  8.9708280e-01  8.9200000e+01]
 [ 9.9870144e-01  4.6172080e-02  6.4428000e-03 -1.1643500e+03]
 [ 0.0000000e+00  0.0000000e+00  0.0000000e+00  1.0000000e+00]]
[-0116.37, +0093.78, -1079.00]
966, 1635, 1212
[[-4.3437960e-02  8.9594212e-01  4.4170704e-01  2.4960000e+01]
 [ 1.3847040e-02 -4.4140116e-01  8.9697532e-01  8.9120000e+01]
 [ 9.9881212e-01  4.5212640e-02  6.9788400e-03 -1.1643500e+03]
 [ 0.0000000e+00  0.0000000e+00  0.0000000e+00  1.0000000e+00]]
[-0148.66, +0013.36, -1091.24]
1479, 1499, 1277
[[-4.3168320e-02  8.9603440e-01  4.4133584e-01  2.5000000e+01]
 [ 1.4616800e-02 -4.4090440e-01  8.9706440e-01  8.9170000e+01]
 [ 9.9871984e-01  4.5393200e-02  6.2799200e-03 -1.1643100e+03]
 [ 0.0000000e+00  0.0000000e+00  0.0000000e+00  1.0000000e+00]]
[-0097.22, +0048.32, -1074.54]
916, 1779, 1852
[[-4.4518900e-02  8.9633644e-01  4.4079022e-01  2.4970000e+01]
 [ 1.4485640e-02 -4.4045796e-01  8.9742356e-01  8.9210000e+01]
 [ 9.9875182e-01  4.6474360e-02  6.8411000e-03 -1.1642900e+03]
 [ 0.0000000e+00  0.0000000e+00  0.0000000e+00  1.0000000e+00]]
[-0188.01, +0044.67, -1130.31]
2142, 903, 2048
[[-4.5489640e-02  8.9947736e-01  4.3432388e-01  2.4590000e+01]
 [ 2.2110680e-02 -4.3364884e-01  9.0063256e-01  9.0180000e+01]
 [ 9.9860296e-01  5.0679080e-02  3.9600000e-06 -1.1641700e+03]
 [ 0.0000000e+00  0.0000000e+00  0.0000000e+00  1.0000000e+00]]
[-0089.16, +0140.14, -1136.24]
1113, 1935, 1344
[[-4.3869600e-02  8.9689824e-01  4.3932888e-01  2.5030000e+01]
 [ 1.6590960e-02 -4.3873258e-01  8.9797414e-01  8.9430000e+01]
 [ 9.9857952e-01  4.6971940e-02  4.8219800e-03 -1.1643100e+03]
 [ 0.0000000e+00  0.0000000e+00  0.0000000e+00  1.0000000e+00]]
[-0144.91, +0002.26, -1107.53]
1532, 1653, 1352
[[-4.3161000e-02  8.9674914e-01  4.3959398e-01  2.5020000e+01]
 [ 1.6342340e-02 -4.3896036e-01  8.9779314e-01  8.9440000e+01]
 [ 9.9856638e-01  4.6266340e-02  4.8150000e-03 -1.1643000e+03]
 [ 0.0000000e+00  0.0000000e+00  0.0000000e+00  1.0000000e+00]]
[-0100.20, +0042.10, -1078.80]
1744, 1440, 1438
[[-4.3803700e-02  8.9702312e-01  4.3923684e-01  2.4960000e+01]
 [ 1.5839600e-02 -4.3874074e-01  8.9808912e-01  8.9470000e+01]
 [ 9.9866340e-01  4.6524000e-02  5.3676000e-03 -1.1643300e+03]
 [ 0.0000000e+00  0.0000000e+00  0.0000000e+00  1.0000000e+00]]
[-0083.08, +0073.88, -1080.86]
1159, 1310, 2039
[[-4.4512500e-02  8.9712750e-01  4.3917100e-01  2.4910000e+01]
 [ 1.6287500e-02 -4.3874898e-01  8.9822460e-01  8.9430000e+01]
 [ 9.9872100e-01  4.7275400e-02  5.1385200e-03 -1.1642500e+03]
 [ 0.0000000e+00  0.0000000e+00  0.0000000e+00  1.0000000e+00]]
[-0174.07, +0102.56, -1120.67]
1163, 1979, 1579
[[-4.3780680e-02  8.9714340e-01  4.3918324e-01  2.5010000e+01]
 [ 1.6736600e-02 -4.3872450e-01  8.9820870e-01  8.9450000e+01]
 [ 9.9873324e-01  4.6826300e-02  4.4311800e-03 -1.1642900e+03]
 [ 0.0000000e+00  0.0000000e+00  0.0000000e+00  1.0000000e+00]]
[-0155.89, +0014.57, -1110.59]
2142, 1322, 1129
[[-4.4090760e-02  8.9725730e-01  4.3911638e-01  2.4810000e+01]
 [ 1.7094380e-02 -4.3872450e-01  8.9833466e-01  8.9490000e+01]
 [ 9.9880010e-01  4.7188100e-02  4.1211000e-03 -1.1643600e+03]
 [ 0.0000000e+00  0.0000000e+00  0.0000000e+00  1.0000000e+00]]
[-0032.66, +0074.07, -1113.92]
819, 1383, 1896
[[-4.5244680e-02  8.9682292e-01  4.3951296e-01  2.4870000e+01]
 [ 1.6282080e-02 -4.3900980e-01  8.9795924e-01  8.9410000e+01]
 [ 9.9859796e-01  4.8005760e-02  5.6098800e-03 -1.1643000e+03]
 [ 0.0000000e+00  0.0000000e+00  0.0000000e+00  1.0000000e+00]]
[-0194.76, +0076.50, -1131.45]
2135, 1059, 1423
[[-4.3780680e-02  8.9697702e-01  4.3946018e-01  2.4820000e+01]
 [ 1.7057980e-02 -4.3896036e-01  8.9804502e-01  8.9530000e+01]
 [ 9.9870018e-01  4.6989980e-02  4.1953200e-03 -1.1643600e+03]
 [ 0.0000000e+00  0.0000000e+00  0.0000000e+00  1.0000000e+00]]
[-0046.83, +0110.74, -1117.07]
1927, 973, 1330
[[-4.4446600e-02  8.9670828e-01  4.4010916e-01  2.4860000e+01]
 [ 1.6700040e-02 -4.3970034e-01  8.9780298e-01  8.9390000e+01]
 [ 9.9875068e-01  4.7363940e-02  4.7411000e-03 -1.1643200e+03]
 [ 0.0000000e+00  0.0000000e+00  0.0000000e+00  1.0000000e+00]]
[-0057.78, +0110.65, -1102.17]
1281, 1084, 2132
[[-4.5399700e-02  8.9698528e-01  4.3924124e-01  2.4790000e+01]
 [ 1.6200320e-02 -4.3877418e-01  8.9812696e-01  8.9470000e+01]
 [ 9.9862556e-01  4.8082160e-02  5.6904800e-03 -1.1643200e+03]
 [ 0.0000000e+00  0.0000000e+00  0.0000000e+00  1.0000000e+00]]
[-0161.04, +0125.94, -1131.43]
2108, 852, 2052
[[-4.6758900e-02  8.9941082e-01  4.3402546e-01  2.4470000e+01]
 [ 2.2728860e-02 -4.3319316e-01  9.0063778e-01  9.0280000e+01]
 [ 9.9839938e-01  5.2203340e-02  1.6350000e-04 -1.1642100e+03]
 [ 0.0000000e+00  0.0000000e+00  0.0000000e+00  1.0000000e+00]]
[-0091.36, +0142.58, -1139.22]
1022, 1226, 1090
[[-4.4291700e-02  8.9680154e-01  4.3970492e-01  2.4920000e+01]
 [ 1.6061180e-02 -4.3922874e-01  8.9789036e-01  8.9410000e+01]
 [ 9.9866684e-01  4.7032520e-02  5.3676000e-03 -1.1643200e+03]
 [ 0.0000000e+00  0.0000000e+00  0.0000000e+00  1.0000000e+00]]
[-0128.82, +0044.36, -1065.59]
900, 1546, 2114
[[-4.5155600e-02  8.9736828e-01  4.3849176e-01  2.4840000e+01]
 [ 1.5507240e-02 -4.3805896e-01  8.9849392e-01  8.9500000e+01]
 [ 9.9865128e-01  4.7560160e-02  6.1616000e-03 -1.1643100e+03]
 [ 0.0000000e+00  0.0000000e+00  0.0000000e+00  1.0000000e+00]]
[-0192.94, +0077.13, -1145.13]
2084, 2126, 1697
[[-4.4025540e-02  8.9792960e-01  4.3755970e-01  2.4900000e+01]
 [ 1.8389200e-02 -4.3702612e-01  8.9901152e-01  8.9690000e+01]
 [ 9.9869810e-01  4.7773520e-02  2.9595800e-03 -1.1643700e+03]
 [ 0.0000000e+00  0.0000000e+00  0.0000000e+00  1.0000000e+00]]
[-0087.63, +0038.04, -1099.41]
1717, 1310, 923
[[-4.4535760e-02  8.9691832e-01  4.3962332e-01  2.4920000e+01]
 [ 1.5789520e-02 -4.3923706e-01  8.9801348e-01  8.9430000e+01]
 [ 9.9874012e-01  4.7064280e-02  5.6033400e-03 -1.1643500e+03]
 [ 0.0000000e+00  0.0000000e+00  0.0000000e+00  1.0000000e+00]]
[-0049.94, +0050.02, -1088.25]
2194, 1744, 1487
[[-4.3559400e-02  8.9765356e-01  4.3789812e-01  2.4840000e+01]
 [ 1.8113160e-02 -4.3726194e-01  8.9871826e-01  8.9710000e+01]
 [ 9.9860332e-01  4.7335860e-02  3.1899000e-03 -1.1643400e+03]
 [ 0.0000000e+00  0.0000000e+00  0.0000000e+00  1.0000000e+00]]
[-0058.68, +0061.63, -1101.47]
2117, 1386, 2199
[[-4.5710740e-02  8.9793378e-01  4.3735664e-01  2.4680000e+01]
 [ 1.8159060e-02 -4.3683074e-01  8.9909712e-01  8.9730000e+01]
 [ 9.9861712e-01  4.9196640e-02  3.9071600e-03 -1.1643000e+03]
 [ 0.0000000e+00  0.0000000e+00  0.0000000e+00  1.0000000e+00]]
[-0106.24, +0121.19, -1116.69]
1996, 2001, 1153
[[-4.3536820e-02  8.9735946e-01  4.3871090e-01  2.4910000e+01]
 [ 1.6365540e-02 -4.3824482e-01  8.9841270e-01  8.9570000e+01]
 [ 9.9872590e-01  4.6467300e-02  4.6670000e-03 -1.1643600e+03]
 [ 0.0000000e+00  0.0000000e+00  0.0000000e+00  1.0000000e+00]]
[-0061.87, +0016.57, -1112.36]
2142, 1395, 1077
[[-4.4822580e-02  8.9707476e-01  4.3938122e-01  2.4850000e+01]
 [ 1.6966760e-02 -4.3898472e-01  8.9818716e-01  8.9530000e+01]
 [ 9.9875478e-01  4.7800840e-02  4.5927000e-03 -1.1643700e+03]
 [ 0.0000000e+00  0.0000000e+00  0.0000000e+00  1.0000000e+00]]
[-0032.24, +0065.45, -1114.90]
2076, 1326, 927
[[-4.3958600e-02  8.9685252e-01  4.3951896e-01  2.4880000e+01]
 [ 1.6400880e-02 -4.3897652e-01  8.9792964e-01  8.9470000e+01]
 [ 9.9862524e-01  4.6927440e-02  4.9769200e-03 -1.1643400e+03]
 [ 0.0000000e+00  0.0000000e+00  0.0000000e+00  1.0000000e+00]]
[-0029.02, +0059.57, -1115.86]
1611, 1744, 972
[[-4.3470760e-02  8.9702950e-01  4.3925018e-01  2.4910000e+01]
 [ 1.6378820e-02 -4.3872450e-01  8.9808274e-01  8.9480000e+01]
 [ 9.9866630e-01  4.6464500e-02  4.7411000e-03 -1.1643300e+03]
 [ 0.0000000e+00  0.0000000e+00  0.0000000e+00  1.0000000e+00]]
[-0072.88, +0011.73, -1095.68]
1368, 1050, 1245
[[-4.4535760e-02  8.9687372e-01  4.3982280e-01  2.4870000e+01]
 [ 1.5989000e-02 -4.3947280e-01  8.9796780e-01  8.9410000e+01]
 [ 9.9878472e-01  4.7109960e-02  5.3676000e-03 -1.1643300e+03]
 [ 0.0000000e+00  0.0000000e+00  0.0000000e+00  1.0000000e+00]]
[-0099.41, +0088.64, -1068.93]
1765, 1592, 1641
[[-4.4489760e-02  8.9741424e-01  4.3884064e-01  2.4840000e+01]
 [ 1.6863040e-02 -4.3849680e-01  8.9850768e-01  8.9560000e+01]
 [ 9.9882384e-01  4.7414080e-02  4.4376000e-03 -1.1643400e+03]
 [ 0.0000000e+00  0.0000000e+00  0.0000000e+00  1.0000000e+00]]
[-0101.11, +0073.09, -1083.12]
1978, 1852, 1004
[[-4.4090760e-02  8.9722416e-01  4.3879496e-01  2.4880000e+01]
 [ 1.6817360e-02 -4.3825290e-01  8.9830818e-01  8.9590000e+01]
 [ 9.9863376e-01  4.7214580e-02  4.5927000e-03 -1.1644000e+03]
 [ 0.0000000e+00  0.0000000e+00  0.0000000e+00  1.0000000e+00]]
[-0047.61, +0021.47, -1115.24]
1114, 1684, 1239
[[-4.4845600e-02  8.9687704e-01  4.3931232e-01  2.4880000e+01]
 [ 1.5992320e-02 -4.3876570e-01  8.9799534e-01  8.9430000e+01]
 [ 9.9856296e-01  4.7570580e-02  5.7648600e-03 -1.1643500e+03]
 [ 0.0000000e+00  0.0000000e+00  0.0000000e+00  1.0000000e+00]]
[-0136.16, +0017.00, -1087.07]
862, 2134, 1070
[[-4.4071300e-02  8.9688620e-01  4.3980720e-01  2.5020000e+01]
 [ 1.5269240e-02 -4.3947280e-01  8.9795532e-01  8.9380000e+01]
 [ 9.9880032e-01  4.6390200e-02  5.8320600e-03 -1.1643600e+03]
 [ 0.0000000e+00  0.0000000e+00  0.0000000e+00  1.0000000e+00]]
[-0141.19, -0023.71, -1144.03]
1244, 1775, 1854
[[-4.5155600e-02  8.9694612e-01  4.3944504e-01  2.4830000e+01]
 [ 1.6549560e-02 -4.3900136e-01  8.9807592e-01  8.9430000e+01]
 [ 9.9867432e-01  4.7978160e-02  5.2192000e-03 -1.1643300e+03]
 [ 0.0000000e+00  0.0000000e+00  0.0000000e+00  1.0000000e+00]]
[-0165.89, +0056.04, -1104.74]
2045, 1213, 1780
[[-4.4002000e-02  8.9734740e-01  4.3872680e-01  2.4760000e+01]
 [ 1.7085000e-02 -4.3824482e-01  8.9842476e-01  8.9550000e+01]
 [ 9.9871000e-01  4.7186760e-02  4.2018200e-03 -1.1643300e+03]
 [ 0.0000000e+00  0.0000000e+00  0.0000000e+00  1.0000000e+00]]
[-0078.45, +0118.95, -1108.13]
904, 1772, 1798
[[-4.3803700e-02  8.9702312e-01  4.3923684e-01  2.4930000e+01]
 [ 1.5839600e-02 -4.3874074e-01  8.9808912e-01  8.9450000e+01]
 [ 9.9866340e-01  4.6524000e-02  5.3676000e-03 -1.1643100e+03]
 [ 0.0000000e+00  0.0000000e+00  0.0000000e+00  1.0000000e+00]]
[-0186.54, +0041.27, -1127.26]
1467, 1873, 2092
[[-4.4866660e-02  8.9765828e-01  4.3819008e-01  2.4850000e+01]
 [ 1.7251480e-02 -4.3778146e-01  8.9877348e-01  8.9610000e+01]
 [ 9.9875088e-01  4.7968680e-02  4.2882400e-03 -1.1643400e+03]
 [ 0.0000000e+00  0.0000000e+00  0.0000000e+00  1.0000000e+00]]
[-0160.17, +0067.78, -1109.07]
1206, 1125, 1601
[[-4.3339240e-02  8.9665766e-01  4.3997426e-01  2.5010000e+01]
 [ 1.5962060e-02 -4.3944820e-01  8.9770402e-01  8.9430000e+01]
 [ 9.9865786e-01  4.6177220e-02  5.1246000e-03 -1.1642800e+03]
 [ 0.0000000e+00  0.0000000e+00  0.0000000e+00  1.0000000e+00]]
[-0143.46, +0098.68, -1083.29]
912, 2054, 1543
[[-4.2762320e-02  8.9704668e-01  4.3923864e-01  2.5100000e+01]
 [ 1.5808920e-02 -4.3871650e-01  8.9806556e-01  8.9450000e+01]
 [ 9.9868584e-01  4.5595240e-02  4.9698200e-03 -1.1643000e+03]
 [ 0.0000000e+00  0.0000000e+00  0.0000000e+00  1.0000000e+00]]
[-0168.79, +0004.02, -1134.41]
1189, 1174, 976
[[-4.4071300e-02  8.9659746e-01  4.4016138e-01  2.4920000e+01]
 [ 1.5712740e-02 -4.3970858e-01  8.9767386e-01  8.9330000e+01]
 [ 9.9869022e-01  4.6671660e-02  5.5962800e-03 -1.1643200e+03]
 [ 0.0000000e+00  0.0000000e+00  0.0000000e+00  1.0000000e+00]]
[-0099.46, +0047.50, -1062.78]
1237, 2023, 1702
[[-4.4334660e-02  8.9721882e-01  4.3879088e-01  2.4900000e+01]
 [ 1.6667620e-02 -4.3826106e-01  8.9831352e-01  8.9530000e+01]
 [ 9.9862968e-01  4.7364320e-02  4.8284400e-03 -1.1643200e+03]
 [ 0.0000000e+00  0.0000000e+00  0.0000000e+00  1.0000000e+00]]
[-0158.43, +0021.89, -1112.35]
1467, 892, 1228
[[-4.3029800e-02  8.9657646e-01  4.4036262e-01  2.4970000e+01]
 [ 1.5880860e-02 -4.3992004e-01  8.9760446e-01  8.9290000e+01]
 [ 9.9875742e-01  4.5788860e-02  4.9622000e-03 -1.1642800e+03]
 [ 0.0000000e+00  0.0000000e+00  0.0000000e+00  1.0000000e+00]]
[-0081.18, +0108.40, -1078.03]
1991, 1933, 1122
[[-4.2716800e-02  8.9737656e-01  4.3873192e-01  2.5020000e+01]
 [ 1.7204400e-02 -4.3821330e-01  8.9839560e-01  8.9530000e+01]
 [ 9.9873640e-01  4.6108080e-02  3.5684600e-03 -1.1643300e+03]
 [ 0.0000000e+00  0.0000000e+00  0.0000000e+00  1.0000000e+00]]
[-0055.31, +0021.28, -1111.36]
2107, 1785, 1170
[[-4.3115560e-02  8.9724552e-01  4.3881088e-01  2.4970000e+01]
 [ 1.7416320e-02 -4.3822106e-01  8.9828682e-01  8.9530000e+01]
 [ 9.9864968e-01  4.6615620e-02  3.6493400e-03 -1.1643500e+03]
 [ 0.0000000e+00  0.0000000e+00  0.0000000e+00  1.0000000e+00]]
[-0045.91, +0040.72, -1110.30]
2178, 1674, 2136
[[-4.4290500e-02  8.9759296e-01  4.3808578e-01  2.4850000e+01]
 [ 1.7863120e-02 -4.3752144e-01  8.9868896e-01  8.9670000e+01]
 [ 9.9863566e-01  4.7831120e-02  3.6615000e-03 -1.1642900e+03]
 [ 0.0000000e+00  0.0000000e+00  0.0000000e+00  1.0000000e+00]]
[-0101.20, +0104.44, -1106.15]
1120, 931, 2115
[[-4.4625000e-02  8.9696194e-01  4.3941442e-01  2.4930000e+01]
 [ 1.5200500e-02 -4.3900980e-01  8.9806010e-01  8.9340000e+01]
 [ 9.9869650e-01  4.6928420e-02  6.2295600e-03 -1.1643300e+03]
 [ 0.0000000e+00  0.0000000e+00  0.0000000e+00  1.0000000e+00]]
[-0164.79, +0130.79, -1140.40]
1928, 2158, 829
[[-4.0945440e-02  8.9720528e-01  4.3921976e-01  2.5180000e+01]
 [ 1.8143440e-02 -4.3864090e-01  8.9814682e-01  8.9590000e+01]
 [ 9.9878032e-01  4.4939740e-02  1.9895000e-03 -1.1644500e+03]
 [ 0.0000000e+00  0.0000000e+00  0.0000000e+00  1.0000000e+00]]
[-0057.18, -0000.63, -1134.36]
1077, 1170, 1293
[[-4.4145280e-02  8.9613656e-01  4.4124184e-01  2.4880000e+01]
 [ 1.3897040e-02 -4.4093800e-01  8.9720228e-01  8.9170000e+01]
 [ 9.9878024e-01  4.5872920e-02  7.2232800e-03 -1.1643600e+03]
 [ 0.0000000e+00  0.0000000e+00  0.0000000e+00  1.0000000e+00]]
[-0138.05, +0068.32, -1069.11]
1721, 1687, 987
[[-4.3517800e-02  8.9639948e-01  4.4063124e-01  2.4890000e+01]
 [ 1.5903160e-02 -4.4017210e-01  8.9745102e-01  8.9270000e+01]
 [ 9.9871668e-01  4.6251660e-02  5.1981400e-03 -1.1643600e+03]
 [ 0.0000000e+00  0.0000000e+00  0.0000000e+00  1.0000000e+00]]
[-0058.20, +0022.28, -1097.28]
1159, 1766, 1029
[[-4.3721380e-02  8.9618804e-01  4.4106520e-01  2.4930000e+01]
 [ 1.4626040e-02 -4.4067682e-01  8.9724140e-01  8.9220000e+01]
 [ 9.9873800e-01  4.5859000e-02  6.4428000e-03 -1.1643700e+03]
 [ 0.0000000e+00  0.0000000e+00  0.0000000e+00  1.0000000e+00]]
[-0116.46, -0003.15, -1094.74]
1840, 1629, 1264
[[-4.3672500e-02  8.9627340e-01  4.4071380e-01  2.4830000e+01]
 [ 1.6265160e-02 -4.4017210e-01  8.9733712e-01  8.9300000e+01]
 [ 9.9863412e-01  4.6609600e-02  5.0434400e-03 -1.1643600e+03]
 [ 0.0000000e+00  0.0000000e+00  0.0000000e+00  1.0000000e+00]]
[-0065.54, +0049.02, -1089.32]
1058, 1559, 933
[[-4.3900980e-02  8.9597446e-01  4.4152264e-01  2.4950000e+01]
 [ 1.4367940e-02 -4.4116530e-01  8.9703368e-01  8.9150000e+01]
 [ 9.9875224e-01  4.5887120e-02  6.7516800e-03 -1.1643500e+03]
 [ 0.0000000e+00  0.0000000e+00  0.0000000e+00  1.0000000e+00]]
[-0116.19, +0003.62, -1083.32]
1750, 1359, 1403
[[-4.4494280e-02  8.9630142e-01  4.4049258e-01  2.4800000e+01]
 [ 1.5227820e-02 -4.3996948e-01  8.9739958e-01  8.9260000e+01]
 [ 9.9857802e-01  4.6921820e-02  6.3772400e-03 -1.1643400e+03]
 [ 0.0000000e+00  0.0000000e+00  0.0000000e+00  1.0000000e+00]]
[-0079.22, +0079.82, -1081.60]
2141, 921, 1535
[[-4.4179600e-02  8.9704516e-01  4.3958348e-01  2.4790000e+01]
 [ 1.7225720e-02 -4.3920426e-01  8.9812654e-01  8.9470000e+01]
 [ 9.9881276e-01  4.7307380e-02  4.0403000e-03 -1.1643200e+03]
 [ 0.0000000e+00  0.0000000e+00  0.0000000e+00  1.0000000e+00]]
[-0054.89, +0126.46, -1127.53]
2045, 998, 1760
[[-4.4756520e-02  8.9666710e-01  4.3979838e-01  2.4810000e+01]
 [ 1.6902900e-02 -4.3922874e-01  8.9778490e-01  8.9430000e+01]
 [ 9.9857338e-01  4.7870100e-02  4.9027800e-03 -1.1643200e+03]
 [ 0.0000000e+00  0.0000000e+00  0.0000000e+00  1.0000000e+00]]
[-0078.23, +0130.74, -1119.76]
1604, 1377, 1938
[[-4.3958600e-02  8.9697450e-01  4.3944150e-01  2.4830000e+01]
 [ 1.6278900e-02 -4.3897652e-01  8.9804754e-01  8.9440000e+01]
 [ 9.9870270e-01  4.6809540e-02  4.9769200e-03 -1.1643100e+03]
 [ 0.0000000e+00  0.0000000e+00  0.0000000e+00  1.0000000e+00]]
[-0133.46, +0106.24, -1097.64]
1842, 1378, 1877
[[-4.4423540e-02  8.9696226e-01  4.3945746e-01  2.4840000e+01]
 [ 1.6998540e-02 -4.3897652e-01  8.9805978e-01  8.9470000e+01]
 [ 9.9868674e-01  4.7529180e-02  4.5119800e-03 -1.1643300e+03]
 [ 0.0000000e+00  0.0000000e+00  0.0000000e+00  1.0000000e+00]]
[-0105.07, +0108.80, -1096.17]
902, 1776, 984
[[-4.4095440e-02  8.9655496e-01  4.4033700e-01  2.4990000e+01]
 [ 1.4893200e-02 -4.3996104e-01  8.9762596e-01  8.9280000e+01]
 [ 9.9874204e-01  4.6296600e-02  6.2961600e-03 -1.1643700e+03]
 [ 0.0000000e+00  0.0000000e+00  0.0000000e+00  1.0000000e+00]]
[-0136.80, -0014.03, -1107.85]
1520, 1995, 997
[[-4.3714660e-02  8.9685780e-01  4.3952302e-01  2.4960000e+01]
 [ 1.6550520e-02 -4.3896840e-01  8.9792436e-01  8.9440000e+01]
 [ 9.9862930e-01  4.6777800e-02  4.7411000e-03 -1.1643700e+03]
 [ 0.0000000e+00  0.0000000e+00  0.0000000e+00  1.0000000e+00]]
[-0082.48, -0007.80, -1112.96]
2122, 1608, 1683
[[-4.4489760e-02  8.9712592e-01  4.3919528e-01  2.4820000e+01]
 [ 1.7306480e-02 -4.3873258e-01  8.9822618e-01  8.9540000e+01]
 [ 9.9871312e-01  4.7695580e-02  4.2018200e-03 -1.1643500e+03]
 [ 0.0000000e+00  0.0000000e+00  0.0000000e+00  1.0000000e+00]]
[-0072.98, +0086.34, -1096.92]
886, 909, 1760
[[-4.5162120e-02  8.9636680e-01  4.4058720e-01  2.4910000e+01]
 [ 1.4227200e-02 -4.4023962e-01  8.9748370e-01  8.9240000e+01]
 [ 9.9869320e-01  4.6967700e-02  7.3935000e-03 -1.1643600e+03]
 [ 0.0000000e+00  0.0000000e+00  0.0000000e+00  1.0000000e+00]]
[-0176.37, +0117.34, -1116.06]
1673, 928, 1361
[[-4.4315400e-02  8.9654758e-01  4.4035666e-01  2.4890000e+01]
 [ 1.5762620e-02 -4.3995268e-01  8.9763334e-01  8.9340000e+01]
 [ 9.9873074e-01  4.6866940e-02  5.5962800e-03 -1.1643700e+03]
 [ 0.0000000e+00  0.0000000e+00  0.0000000e+00  1.0000000e+00]]
[-0073.00, +0117.18, -1091.58]
2037, 1567, 2052
[[-4.3824720e-02  8.9747212e-01  4.3866796e-01  2.4780000e+01]
 [ 1.7742280e-02 -4.3822890e-01  8.9853986e-01  8.9580000e+01]
 [ 9.9878476e-01  4.7248940e-02  3.4198200e-03 -1.1643200e+03]
 [ 0.0000000e+00  0.0000000e+00  0.0000000e+00  1.0000000e+00]]
[-0104.33, +0106.13, -1102.74]
1024, 1173, 2182
[[-4.4934760e-02  8.9670934e-01  4.3957978e-01  2.4830000e+01]
 [ 1.5924380e-02 -4.3900980e-01  8.9783294e-01  8.9390000e+01]
 [ 9.9853114e-01  4.7643820e-02  5.9198000e-03 -1.1643100e+03]
 [ 0.0000000e+00  0.0000000e+00  0.0000000e+00  1.0000000e+00]]
[-0180.42, +0112.15, -1144.02]
1963, 1720, 989
[[-4.3161000e-02  8.9687108e-01  4.3951656e-01  2.4920000e+01]
 [ 1.6220400e-02 -4.3896036e-01  8.9791108e-01  8.9460000e+01]
 [ 9.9864380e-01  4.6148400e-02  4.8150000e-03 -1.1643800e+03]
 [ 0.0000000e+00  0.0000000e+00  0.0000000e+00  1.0000000e+00]]
[-0042.54, +0029.12, -1111.46]
1484, 1810, 2195
[[-4.4800080e-02  8.9720652e-01  4.3880708e-01  2.4830000e+01]
 [ 1.7387080e-02 -4.3826106e-01  8.9832582e-01  8.9520000e+01]
 [ 9.9861348e-01  4.8083780e-02  4.3630200e-03 -1.1643000e+03]
 [ 0.0000000e+00  0.0000000e+00  0.0000000e+00  1.0000000e+00]]
[-0164.27, +0078.45, -1114.78]
1535, 2022, 2194
[[-4.4644900e-02  8.9737696e-01  4.3852452e-01  2.4830000e+01]
 [ 1.6825760e-02 -4.3802536e-01  8.9848524e-01  8.9550000e+01]
 [ 9.9865212e-01  4.7680440e-02  4.7539000e-03 -1.1643200e+03]
 [ 0.0000000e+00  0.0000000e+00  0.0000000e+00  1.0000000e+00]]
[-0162.68, +0060.85, -1115.89]
1230, 1989, 1793
[[-4.3648840e-02  8.9693810e-01  4.3963046e-01  2.4910000e+01]
 [ 1.5998540e-02 -4.3921234e-01  8.9799370e-01  8.9420000e+01]
 [ 9.9875770e-01  4.6375460e-02  5.0508600e-03 -1.1643300e+03]
 [ 0.0000000e+00  0.0000000e+00  0.0000000e+00  1.0000000e+00]]
[-0162.76, +0031.32, -1111.61]
1014, 865, 1918
[[-4.4315400e-02  8.9659226e-01  4.4015722e-01  2.4850000e+01]
 [ 1.5563180e-02 -4.3971690e-01  8.9767906e-01  8.9320000e+01]
 [ 9.9868606e-01  4.6821220e-02  5.8320600e-03 -1.1643000e+03]
 [ 0.0000000e+00  0.0000000e+00  0.0000000e+00  1.0000000e+00]]
[-0167.55, +0130.55, -1128.61]
1198, 982, 2032
[[-4.4690660e-02  8.9691414e-01  4.3962858e-01  2.4830000e+01]
 [ 1.6029420e-02 -4.3923706e-01  8.9801766e-01  8.9390000e+01]
 [ 9.9873486e-01  4.7304180e-02  5.4484400e-03 -1.1643300e+03]
 [ 0.0000000e+00  0.0000000e+00  0.0000000e+00  1.0000000e+00]]
[-0161.39, +0129.24, -1129.55]
1540, 1735, 1922
[[-4.4756520e-02  8.9695566e-01  4.3944386e-01  2.4870000e+01]
 [ 1.6459340e-02 -4.3899300e-01  8.9806638e-01  8.9470000e+01]
 [ 9.9868386e-01  4.7588620e-02  5.1385200e-03 -1.1643600e+03]
 [ 0.0000000e+00  0.0000000e+00  0.0000000e+00  1.0000000e+00]]
[-0141.71, +0071.14, -1093.57]
1205, 1149, 1401
[[-4.3916560e-02  8.9655692e-01  4.4035560e-01  2.4910000e+01]
 [ 1.5672200e-02 -4.3994440e-01  8.9762400e-01  8.9310000e+01]
 [ 9.9874008e-01  4.6477440e-02  5.5152000e-03 -1.1643300e+03]
 [ 0.0000000e+00  0.0000000e+00  0.0000000e+00  1.0000000e+00]]
[-0131.16, +0083.83, -1072.13]
1659, 1230, 1924
[[-4.4357520e-02  8.9692060e-01  4.3964216e-01  2.4840000e+01]
 [ 1.6568600e-02 -4.3922050e-01  8.9801120e-01  8.9440000e+01]
 [ 9.9873784e-01  4.7244800e-02  4.8219800e-03 -1.1643200e+03]
 [ 0.0000000e+00  0.0000000e+00  0.0000000e+00  1.0000000e+00]]
[-0122.00, +0120.06, -1102.31]
2026, 1581, 2075
[[-4.4888840e-02  8.9737158e-01  4.3852038e-01  2.4790000e+01]
 [ 1.6675980e-02 -4.3803364e-01  8.9849062e-01  8.9560000e+01]
 [ 9.9864798e-01  4.7830220e-02  4.9895600e-03 -1.1643500e+03]
 [ 0.0000000e+00  0.0000000e+00  0.0000000e+00  1.0000000e+00]]
[-0107.03, +0106.62, -1103.31]
1627, 1030, 1821
[[-4.4315400e-02  8.9671432e-01  4.4007984e-01  2.4870000e+01]
 [ 1.5441120e-02 -4.3971690e-01  8.9779694e-01  8.9350000e+01]
 [ 9.9876344e-01  4.6703340e-02  5.8320600e-03 -1.1643500e+03]
 [ 0.0000000e+00  0.0000000e+00  0.0000000e+00  1.0000000e+00]]
[-0115.98, +0128.36, -1104.16]
1285, 1239, 1367
[[-4.3428480e-02  8.9665656e-01  4.3996504e-01  2.4910000e+01]
 [ 1.5572560e-02 -4.3945632e-01  8.9770512e-01  8.9330000e+01]
 [ 9.9865896e-01  4.6086880e-02  5.5152000e-03 -1.1643500e+03]
 [ 0.0000000e+00  0.0000000e+00  0.0000000e+00  1.0000000e+00]]
[-0123.03, +0073.97, -1070.71]
2143, 1311, 1550
[[-4.3603080e-02  8.9714612e-01  4.3920188e-01  2.4820000e+01]
 [ 1.7515720e-02 -4.3870858e-01  8.9820598e-01  8.9520000e+01]
 [ 9.9873052e-01  4.7006620e-02  3.6493400e-03 -1.1643200e+03]
 [ 0.0000000e+00  0.0000000e+00  0.0000000e+00  1.0000000e+00]]
[-0057.84, +0100.29, -1105.73]
1890, 1507, 1735
[[-4.4756520e-02  8.9695566e-01  4.3944386e-01  2.4870000e+01]
 [ 1.6459340e-02 -4.3899300e-01  8.9806638e-01  8.9450000e+01]
 [ 9.9868386e-01  4.7588620e-02  5.1385200e-03 -1.1643400e+03]
 [ 0.0000000e+00  0.0000000e+00  0.0000000e+00  1.0000000e+00]]
[-0101.20, +0088.27, -1088.15]
1517, 2060, 1777
[[-4.4024580e-02  8.9726006e-01  4.3910170e-01  2.4890000e+01]
 [ 1.6464940e-02 -4.3873258e-01  8.9833190e-01  8.9480000e+01]
 [ 9.9880670e-01  4.6858100e-02  4.6670000e-03 -1.1643300e+03]
 [ 0.0000000e+00  0.0000000e+00  0.0000000e+00  1.0000000e+00]]
[-0143.18, +0029.86, -1102.55]
1687, 1115, 1817
[[-4.4756520e-02  8.9674460e-01  4.3992040e-01  2.4850000e+01]
 [ 1.6980400e-02 -4.3946452e-01  8.9785700e-01  8.9420000e+01]
 [ 9.9869540e-01  4.7798000e-02  4.6670000e-03 -1.1643200e+03]
 [ 0.0000000e+00  0.0000000e+00  0.0000000e+00  1.0000000e+00]]
[-0111.26, +0124.44, -1101.55]
1386, 1106, 1990
[[-4.5333840e-02  8.9673264e-01  4.3990248e-01  2.4840000e+01]
 [ 1.6291680e-02 -4.3948960e-01  8.9786896e-01  8.9390000e+01]
 [ 9.9868824e-01  4.8006880e-02  5.5292000e-03 -1.1643400e+03]
 [ 0.0000000e+00  0.0000000e+00  0.0000000e+00  1.0000000e+00]]
[-0148.13, +0124.71, -1114.45]
809, 1549, 2095
[[-4.5423080e-02  8.9694294e-01  4.3941630e-01  2.4890000e+01]
 [ 1.5380940e-02 -4.3902692e-01  8.9807910e-01  8.9370000e+01]
 [ 9.9867750e-01  4.7707500e-02  6.3910000e-03 -1.1643200e+03]
 [ 0.0000000e+00  0.0000000e+00  0.0000000e+00  1.0000000e+00]]
[-0196.02, +0072.32, -1151.62]
851, 1737, 1254
[[-4.4160660e-02  8.9659644e-01  4.4015204e-01  2.4960000e+01]
 [ 1.5323240e-02 -4.3971690e-01  8.9767488e-01  8.9320000e+01]
 [ 9.9869124e-01  4.6581280e-02  5.9868000e-03 -1.1643500e+03]
 [ 0.0000000e+00  0.0000000e+00  0.0000000e+00  1.0000000e+00]]
[-0162.00, +0005.36, -1108.13]
844, 1903, 859
[[-4.3916560e-02  8.9655692e-01  4.4035560e-01  2.5000000e+01]
 [ 1.5672200e-02 -4.3994440e-01  8.9762400e-01  8.9320000e+01]
 [ 9.9874008e-01  4.6477440e-02  5.5152000e-03 -1.1643600e+03]
 [ 0.0000000e+00  0.0000000e+00  0.0000000e+00  1.0000000e+00]]
[-0130.80, -0027.03, -1126.14]
999, 1929, 1837
[[-4.3470760e-02  8.9702950e-01  4.3925018e-01  2.4950000e+01]
 [ 1.6378820e-02 -4.3872450e-01  8.9808274e-01  8.9410000e+01]
 [ 9.9866630e-01  4.6464500e-02  4.7411000e-03 -1.1643000e+03]
 [ 0.0000000e+00  0.0000000e+00  0.0000000e+00  1.0000000e+00]]
[-0180.52, +0033.78, -1128.77]
1319, 1143, 1153
[[-4.4315400e-02  8.9642552e-01  4.4043404e-01  2.4930000e+01]
 [ 1.5884680e-02 -4.3995268e-01  8.9751544e-01  8.9350000e+01]
 [ 9.9865336e-01  4.6984840e-02  5.5962800e-03 -1.1643100e+03]
 [ 0.0000000e+00  0.0000000e+00  0.0000000e+00  1.0000000e+00]]
[-0098.22, +0070.58, -1065.81]
1113, 1219, 1402
[[-4.5446980e-02  8.9656712e-01  4.4014540e-01  2.4930000e+01]
 [ 1.5204880e-02 -4.3975098e-01  8.9770420e-01  8.9340000e+01]
 [ 9.9866380e-01  4.7659400e-02  6.6200000e-03 -1.1643300e+03]
 [ 0.0000000e+00  0.0000000e+00  0.0000000e+00  1.0000000e+00]]
[-0143.19, +0071.82, -1073.86]
2088, 2109, 1058
[[-4.2296100e-02  8.9738492e-01  4.3875396e-01  2.5060000e+01]
 [ 1.8133320e-02 -4.3819050e-01  8.9838724e-01  8.9700000e+01]
 [ 9.9873716e-01  4.6138440e-02  2.5502400e-03 -1.1643900e+03]
 [ 0.0000000e+00  0.0000000e+00  0.0000000e+00  1.0000000e+00]]
[-0056.53, +0013.90, -1122.08]
1484, 1447, 2065
[[-4.4822580e-02  8.9695276e-01  4.3945876e-01  2.4830000e+01]
 [ 1.7088760e-02 -4.3898472e-01  8.9806928e-01  8.9430000e+01]
 [ 9.9867724e-01  4.7918720e-02  4.5927000e-03 -1.1642500e+03]
 [ 0.0000000e+00  0.0000000e+00  0.0000000e+00  1.0000000e+00]]
[-0154.42, +0102.66, -1108.34]
2163, 1310, 1376
[[-4.5221700e-02  8.9682116e-01  4.3953762e-01  2.4750000e+01]
 [ 1.7301000e-02 -4.3899300e-01  8.9796100e-01  8.9600000e+01]
 [ 9.9859010e-01  4.8426120e-02  4.6733400e-03 -1.1642400e+03]
 [ 0.0000000e+00  0.0000000e+00  0.0000000e+00  1.0000000e+00]]
[-0044.98, +0089.66, -1108.73]
1060, 1613, 1062
[[-4.4559540e-02  8.9654236e-01  4.4035248e-01  2.5000000e+01]
 [ 1.5613080e-02 -4.3996104e-01  8.9763856e-01  8.9360000e+01]
 [ 9.9872656e-01  4.7016480e-02  5.8320600e-03 -1.1642500e+03]
 [ 0.0000000e+00  0.0000000e+00  0.0000000e+00  1.0000000e+00]]
[-0127.61, +0007.02, -1085.40]
1427, 2045, 2068
[[-4.4977680e-02  8.9708196e-01  4.3886552e-01  2.4750000e+01]
 [ 1.6729960e-02 -4.3827762e-01  8.9821056e-01  8.9430000e+01]
 [ 9.9853848e-01  4.8021440e-02  5.1447000e-03 -1.1642600e+03]
 [ 0.0000000e+00  0.0000000e+00  0.0000000e+00  1.0000000e+00]]
[-0163.39, +0049.83, -1114.89]
1209, 1253, 897
[[-4.4583840e-02  8.9604400e-01  4.4115880e-01  2.4760000e+01]
 [ 1.5558800e-02 -4.4068522e-01  8.9714542e-01  8.9190000e+01]
 [ 9.9863600e-01  4.7086420e-02  6.0603800e-03 -1.1642900e+03]
 [ 0.0000000e+00  0.0000000e+00  0.0000000e+00  1.0000000e+00]]
[-0090.81, +0035.34, -1066.55]
1778, 2029, 2145
[[-4.5598480e-02  8.9694324e-01  4.3896508e-01  2.4640000e+01]
 [ 1.7811240e-02 -4.3827762e-01  8.9810946e-01  8.9520000e+01]
 [ 9.9843892e-01  4.9098540e-02  4.5239000e-03 -1.1642700e+03]
 [ 0.0000000e+00  0.0000000e+00  0.0000000e+00  1.0000000e+00]]
[-0140.59, +0065.59, -1103.52]
2110, 2096, 1519
[[-4.5199240e-02  8.9715256e-01  4.3900804e-01  2.4720000e+01]
 [ 1.7676760e-02 -4.3850500e-01  8.9828968e-01  8.9530000e+01]
 [ 9.9864824e-01  4.8519080e-02  4.2078000e-03 -1.1643400e+03]
 [ 0.0000000e+00  0.0000000e+00  0.0000000e+00  1.0000000e+00]]
[-0075.32, +0032.81, -1103.43]
1581, 1475, 1865
[[-4.4934760e-02  8.9657554e-01  4.4017834e-01  2.4680000e+01]
 [ 1.6522940e-02 -4.3971690e-01  8.9769578e-01  8.9340000e+01]
 [ 9.9866494e-01  4.7780980e-02  5.2127000e-03 -1.1642700e+03]
 [ 0.0000000e+00  0.0000000e+00  0.0000000e+00  1.0000000e+00]]
[-0135.56, +0092.89, -1091.76]
1551, 2042, 1098
[[-4.4380900e-02  8.9658918e-01  4.4017186e-01  2.4750000e+01]
 [ 1.6192620e-02 -4.3970858e-01  8.9768214e-01  8.9350000e+01]
 [ 9.9867974e-01  4.7151540e-02  5.2866800e-03 -1.1643200e+03]
 [ 0.0000000e+00  0.0000000e+00  0.0000000e+00  1.0000000e+00]]
[-0091.38, -0005.07, -1110.62]
1380, 1010, 1558
[[-4.6334820e-02  8.9616820e-01  4.4089116e-01  2.4690000e+01]
 [ 1.5839400e-02 -4.4048400e-01  8.9735180e-01  8.9250000e+01]
 [ 9.9862484e-01  4.8720600e-02  6.4651800e-03 -1.1643200e+03]
 [ 0.0000000e+00  0.0000000e+00  0.0000000e+00  1.0000000e+00]]
[-0121.13, +0113.57, -1084.31]
1950, 2199, 2062
[[-4.5044020e-02  8.9732304e-01  4.3872536e-01  2.4670000e+01]
 [ 1.7115360e-02 -4.3826930e-01  8.9844912e-01  8.9580000e+01]
 [ 9.9868696e-01  4.8115680e-02  4.5987200e-03 -1.1643100e+03]
 [ 0.0000000e+00  0.0000000e+00  0.0000000e+00  1.0000000e+00]]
[-0124.95, +0050.26, -1101.92]
1561, 1672, 2114
[[-4.5488820e-02  8.9660632e-01  4.3998536e-01  2.4660000e+01]
 [ 1.6653680e-02 -4.3948960e-01  8.9775536e-01  8.9390000e+01]
 [ 9.9860536e-01  4.8364640e-02  5.3742200e-03 -1.1642500e+03]
 [ 0.0000000e+00  0.0000000e+00  0.0000000e+00  1.0000000e+00]]
[-0155.66, +0089.09, -1107.56]
1333, 1954, 2197
[[-4.5888020e-02  8.9709666e-01  4.3915512e-01  2.4660000e+01]
 [ 1.5778860e-02 -4.3879138e-01  8.9825544e-01  8.9440000e+01]
 [ 9.9869448e-01  4.8263760e-02  6.1616000e-03 -1.1642700e+03]
 [ 0.0000000e+00  0.0000000e+00  0.0000000e+00  1.0000000e+00]]
[-0173.81, +0062.73, -1124.42]
864, 1046, 1383
[[-4.5032840e-02  8.9599500e-01  4.4131104e-01  2.4790000e+01]
 [ 1.3811040e-02 -4.4096404e-01  8.9710380e-01  8.9140000e+01]
 [ 9.9868500e-01  4.6679040e-02  7.7759600e-03 -1.1643300e+03]
 [ 0.0000000e+00  0.0000000e+00  0.0000000e+00  1.0000000e+00]]
[-0166.41, +0080.88, -1081.29]
1961, 1263, 1286
[[-4.4226080e-02  8.9638200e-01  4.4064288e-01  2.4720000e+01]
 [ 1.6473600e-02 -4.4018026e-01  8.9746850e-01  8.9330000e+01]
 [ 9.9869688e-01  4.7121100e-02  4.9698200e-03 -1.1643100e+03]
 [ 0.0000000e+00  0.0000000e+00  0.0000000e+00  1.0000000e+00]]
[-0050.86, +0085.15, -1096.74]
1629, 1511, 2184
[[-4.5798900e-02  8.9659784e-01  4.3999628e-01  2.4660000e+01]
 [ 1.7133520e-02 -4.3948960e-01  8.9776384e-01  8.9400000e+01]
 [ 9.9859444e-01  4.8844480e-02  5.0641400e-03 -1.1642600e+03]
 [ 0.0000000e+00  0.0000000e+00  0.0000000e+00  1.0000000e+00]]
[-0149.20, +0106.23, -1112.70]
1485, 1565, 1201
[[-4.4803720e-02  8.9624822e-01  4.4070250e-01  2.4750000e+01]
 [ 1.5907220e-02 -4.4020522e-01  8.9736230e-01  8.9270000e+01]
 [ 9.9861230e-01  4.7447500e-02  5.8320600e-03 -1.1643200e+03]
 [ 0.0000000e+00  0.0000000e+00  0.0000000e+00  1.0000000e+00]]
[-0096.87, +0035.45, -1077.44]
1942, 1840, 1588
[[-4.4756520e-02  8.9691114e-01  4.3964338e-01  2.4720000e+01]
 [ 1.6658860e-02 -4.3922874e-01  8.9802066e-01  8.9440000e+01]
 [ 9.9872838e-01  4.7634340e-02  4.9027800e-03 -1.1643200e+03]
 [ 0.0000000e+00  0.0000000e+00  0.0000000e+00  1.0000000e+00]]
[-0085.32, +0051.88, -1090.12]
1753, 1349, 893
[[-4.4738500e-02  8.9591766e-01  4.4124138e-01  2.4780000e+01]
 [ 1.5920940e-02 -4.4068522e-01  8.9703174e-01  8.9240000e+01]
 [ 9.9855342e-01  4.7444340e-02  5.9057200e-03 -1.1643300e+03]
 [ 0.0000000e+00  0.0000000e+00  0.0000000e+00  1.0000000e+00]]
[-0046.11, +0046.18, -1092.83]
1214, 1761, 1316
[[-4.5024000e-02  8.9648512e-01  4.4056784e-01  2.4750000e+01]
 [ 1.6532480e-02 -4.4019682e-01  8.9760536e-01  8.9300000e+01]
 [ 9.9875536e-01  4.7782160e-02  5.1318200e-03 -1.1642900e+03]
 [ 0.0000000e+00  0.0000000e+00  0.0000000e+00  1.0000000e+00]]
[-0133.13, +0017.50, -1088.92]
2074, 1565, 2005
[[-4.5687240e-02  8.9697510e-01  4.3927698e-01  2.4620000e+01]
 [ 1.7698980e-02 -4.3875730e-01  8.9813714e-01  8.9470000e+01]
 [ 9.9860670e-01  4.8982100e-02  4.4435000e-03 -1.1643000e+03]
 [ 0.0000000e+00  0.0000000e+00  0.0000000e+00  1.0000000e+00]]
[-0098.38, +0106.08, -1102.34]
1440, 1672, 2146
[[-4.5488820e-02  8.9685048e-01  4.3983036e-01  2.4660000e+01]
 [ 1.6409520e-02 -4.3948960e-01  8.9799104e-01  8.9390000e+01]
 [ 9.9876036e-01  4.8128960e-02  5.3742200e-03 -1.1642800e+03]
 [ 0.0000000e+00  0.0000000e+00  0.0000000e+00  1.0000000e+00]]
[-0163.96, +0086.84, -1113.37]
1223, 945, 2054
[[-4.6400200e-02  8.9628704e-01  4.4082892e-01  2.4670000e+01]
 [ 1.6346680e-02 -4.4047524e-01  8.9747296e-01  8.9250000e+01]
 [ 9.9869584e-01  4.8933320e-02  5.9198000e-03 -1.1642800e+03]
 [ 0.0000000e+00  0.0000000e+00  0.0000000e+00  1.0000000e+00]]
[-0157.04, +0132.66, -1131.02]
1754, 1993, 900
[[-4.4136840e-02  8.9654986e-01  4.4037542e-01  2.4780000e+01]
 [ 1.6541620e-02 -4.3993620e-01  8.9763106e-01  8.9390000e+01]
 [ 9.9872846e-01  4.7047780e-02  4.8150000e-03 -1.1643400e+03]
 [ 0.0000000e+00  0.0000000e+00  0.0000000e+00  1.0000000e+00]]
[-0061.38, -0000.73, -1121.28]
1460, 1296, 983
[[-4.5047940e-02  8.9615346e-01  4.4109726e-01  2.4760000e+01]
 [ 1.6156740e-02 -4.4068522e-01  8.9727598e-01  8.9230000e+01]
 [ 9.9869754e-01  4.7688580e-02  5.5962800e-03 -1.1643200e+03]
 [ 0.0000000e+00  0.0000000e+00  0.0000000e+00  1.0000000e+00]]
[-0074.89, +0047.39, -1073.16]
1626, 1445, 1944
[[-4.5798900e-02  8.9659784e-01  4.3999628e-01  2.4660000e+01]
 [ 1.7133520e-02 -4.3948960e-01  8.9776384e-01  8.9400000e+01]
 [ 9.9859444e-01  4.8844480e-02  5.0641400e-03 -1.1642900e+03]
 [ 0.0000000e+00  0.0000000e+00  0.0000000e+00  1.0000000e+00]]
[-0131.76, +0102.33, -1096.06]
1332, 1793, 1928
[[-4.5578020e-02  8.9672728e-01  4.3989822e-01  2.4710000e+01]
 [ 1.6142080e-02 -4.3949812e-01  8.9787432e-01  8.9360000e+01]
 [ 9.9868398e-01  4.8156480e-02  5.7648600e-03 -1.1643200e+03]
 [ 0.0000000e+00  0.0000000e+00  0.0000000e+00  1.0000000e+00]]
[-0164.14, +0060.24, -1105.49]
1921, 1328, 1934
[[-4.5089700e-02  8.9661594e-01  4.3998418e-01  2.4660000e+01]
 [ 1.6563340e-02 -4.3948116e-01  8.9774574e-01  8.9400000e+01]
 [ 9.9861498e-01  4.7975140e-02  5.2935000e-03 -1.1643100e+03]
 [ 0.0000000e+00  0.0000000e+00  0.0000000e+00  1.0000000e+00]]
[-0101.95, +0117.88, -1104.00]
1935, 1259, 1731
[[-4.5024000e-02  8.9652976e-01  4.4036832e-01  2.4680000e+01]
 [ 1.6332960e-02 -4.3996104e-01  8.9765116e-01  8.9360000e+01]
 [ 9.9871072e-01  4.7736360e-02  5.3676000e-03 -1.1643300e+03]
 [ 0.0000000e+00  0.0000000e+00  0.0000000e+00  1.0000000e+00]]
[-0083.99, +0112.54, -1098.92]
1335, 1665, 1889
[[-4.5512400e-02  8.9660844e-01  4.3996072e-01  2.4680000e+01]
 [ 1.5634760e-02 -4.3950672e-01  8.9775324e-01  8.9360000e+01]
 [ 9.9861288e-01  4.7944040e-02  6.3103200e-03 -1.1643200e+03]
 [ 0.0000000e+00  0.0000000e+00  0.0000000e+00  1.0000000e+00]]
[-0160.17, +0069.35, -1099.62]
1107, 837, 1196
[[-4.4673480e-02  8.9595336e-01  4.4154824e-01  2.4750000e+01]
 [ 1.5568240e-02 -4.4116530e-01  8.9705478e-01  8.9150000e+01]
 [ 9.9872664e-01  4.7087420e-02  5.9791800e-03 -1.1642900e+03]
 [ 0.0000000e+00  0.0000000e+00  0.0000000e+00  1.0000000e+00]]
[-0118.15, +0102.54, -1066.85]
1039, 1426, 1428
[[-4.5601800e-02  8.9622906e-01  4.4070462e-01  2.4740000e+01]
 [ 1.6088220e-02 -4.4022226e-01  8.9738146e-01  8.9250000e+01]
 [ 9.9859314e-01  4.8226420e-02  5.9939000e-03 -1.1643000e+03]
 [ 0.0000000e+00  0.0000000e+00  0.0000000e+00  1.0000000e+00]]
[-0156.72, +0050.38, -1082.87]
2058, 1584, 1133
[[-4.4601540e-02  8.9662670e-01  4.3999250e-01  2.4720000e+01]
 [ 1.6862500e-02 -4.3946452e-01  8.9773498e-01  8.9390000e+01]
 [ 9.9862330e-01  4.7675980e-02  4.8219800e-03 -1.1643500e+03]
 [ 0.0000000e+00  0.0000000e+00  0.0000000e+00  1.0000000e+00]]
[-0041.51, +0049.82, -1106.97]
1582, 1645, 938
[[-4.4315400e-02  8.9616942e-01  4.4110974e-01  2.4780000e+01]
 [ 1.6605060e-02 -4.4066026e-01  8.9726002e-01  8.9270000e+01]
 [ 9.9871002e-01  4.7240260e-02  4.8887000e-03 -1.1643200e+03]
 [ 0.0000000e+00  0.0000000e+00  0.0000000e+00  1.0000000e+00]]
[-0069.45, +0015.42, -1092.54]
1100, 1140, 940
[[-4.4274640e-02  8.9596276e-01  4.4154724e-01  2.4780000e+01]
 [ 1.5477560e-02 -4.4115690e-01  8.9704538e-01  8.9170000e+01]
 [ 9.9873604e-01  4.6697980e-02  5.8979000e-03 -1.1643100e+03]
 [ 0.0000000e+00  0.0000000e+00  0.0000000e+00  1.0000000e+00]]
[-0104.94, +0045.90, -1060.91]
1906, 901, 834
[[-4.3940820e-02  8.9601380e-01  4.4136134e-01  2.4750000e+01]
 [ 1.5817000e-02 -4.4090440e-01  8.9708500e-01  8.9220000e+01]
 [ 9.9869434e-01  4.6593400e-02  5.5074200e-03 -1.1643300e+03]
 [ 0.0000000e+00  0.0000000e+00  0.0000000e+00  1.0000000e+00]]
[-0020.56, +0087.38, -1116.41]
841, 1471, 1357
[[-4.4095440e-02  8.9629860e-01  4.4101252e-01  2.4790000e+01]
 [ 1.5613480e-02 -4.4066850e-01  8.9737086e-01  8.9190000e+01]
 [ 9.9879900e-01  4.6551700e-02  5.5887000e-03 -1.1642700e+03]
 [ 0.0000000e+00  0.0000000e+00  0.0000000e+00  1.0000000e+00]]
[-0170.37, +0034.26, -1093.16]
1852, 1054, 1708
[[-4.4869140e-02  8.9648930e-01  4.4056250e-01  2.4680000e+01]
 [ 1.6292500e-02 -4.4019682e-01  8.9760118e-01  8.9330000e+01]
 [ 9.9876070e-01  4.7542180e-02  5.2866800e-03 -1.1643000e+03]
 [ 0.0000000e+00  0.0000000e+00  0.0000000e+00  1.0000000e+00]]
[-0086.37, +0127.18, -1105.99]
837, 924, 1893
[[-4.5715780e-02  8.9618580e-01  4.4086996e-01  2.4710000e+01]
 [ 1.4879400e-02 -4.4048400e-01  8.9733420e-01  8.9180000e+01]
 [ 9.9864604e-01  4.7760600e-02  7.0842200e-03 -1.1643100e+03]
 [ 0.0000000e+00  0.0000000e+00  0.0000000e+00  1.0000000e+00]]
[-0183.21, +0118.52, -1132.92]
1606, 1780, 1796
[[-4.5000580e-02  8.9669466e-01  4.4011580e-01  2.4740000e+01]
 [ 1.7030340e-02 -4.3970858e-01  8.9781660e-01  8.9380000e+01]
 [ 9.9873580e-01  4.7993400e-02  4.6670000e-03 -1.1643200e+03]
 [ 0.0000000e+00  0.0000000e+00  0.0000000e+00  1.0000000e+00]]
[-0129.13, +0060.46, -1088.43]
2182, 1994, 925
[[-4.2628200e-02  8.9728946e-01  4.3913978e-01  2.4890000e+01]
 [ 1.7992700e-02 -4.3867770e-01  8.9830250e-01  8.9680000e+01]
 [ 9.9882350e-01  4.6289780e-02  2.7053400e-03 -1.1644200e+03]
 [ 0.0000000e+00  0.0000000e+00  0.0000000e+00  1.0000000e+00]]
[-0044.08, +0020.31, -1127.99]
1742, 2085, 1626
[[-4.4845600e-02  8.9657676e-01  4.4018788e-01  2.4740000e+01]
 [ 1.6912440e-02 -4.3970858e-01  8.9769456e-01  8.9400000e+01]
 [ 9.9866372e-01  4.7871360e-02  4.8219800e-03 -1.1642900e+03]
 [ 0.0000000e+00  0.0000000e+00  0.0000000e+00  1.0000000e+00]]
[-0117.21, +0025.03, -1097.32]
1342, 815, 2008
[[-4.6000960e-02  8.9629680e-01  4.4082784e-01  2.4640000e+01]
 [ 1.6256160e-02 -4.4046656e-01  8.9746320e-01  8.9250000e+01]
 [ 9.9870560e-01  4.8543840e-02  5.8390400e-03 -1.1642800e+03]
 [ 0.0000000e+00  0.0000000e+00  0.0000000e+00  1.0000000e+00]]
[-0142.34, +0144.47, -1135.15]
1707, 1538, 1406
[[-4.4470180e-02  8.9625464e-01  4.4071616e-01  2.4720000e+01]
 [ 1.6446160e-02 -4.4018850e-01  8.9735588e-01  8.9320000e+01]
 [ 9.9861536e-01  4.7388520e-02  5.2056800e-03 -1.1642900e+03]
 [ 0.0000000e+00  0.0000000e+00  0.0000000e+00  1.0000000e+00]]
[-0086.25, +0060.77, -1080.16]
925, 1411, 1283
[[-4.4853000e-02  8.9582934e-01  4.4160662e-01  2.4790000e+01]
 [ 1.4911540e-02 -4.4118234e-01  8.9693874e-01  8.9150000e+01]
 [ 9.9865122e-01  4.7023940e-02  6.7599000e-03 -1.1643200e+03]
 [ 0.0000000e+00  0.0000000e+00  0.0000000e+00  1.0000000e+00]]
[-0157.72, +0037.31, -1082.50]
956, 941, 2044
[[-4.5227060e-02  8.9619624e-01  4.4087868e-01  2.4670000e+01]
 [ 1.5178320e-02 -4.4046656e-01  8.9732376e-01  8.9230000e+01]
 [ 9.9865476e-01  4.7461680e-02  6.6129400e-03 -1.1642800e+03]
 [ 0.0000000e+00  0.0000000e+00  0.0000000e+00  1.0000000e+00]]
[-0177.01, +0124.59, -1142.35]
1672, 1938, 1237
[[-4.4559540e-02  8.9637558e-01  4.4062932e-01  2.4760000e+01]
 [ 1.5934620e-02 -4.4019682e-01  8.9747492e-01  8.9360000e+01]
 [ 9.9869388e-01  4.7180120e-02  5.5962800e-03 -1.1643400e+03]
 [ 0.0000000e+00  0.0000000e+00  0.0000000e+00  1.0000000e+00]]
[-0085.42, +0013.56, -1096.83]
1829, 2101, 2001
[[-4.4977680e-02  8.9687108e-01  4.3934220e-01  2.4680000e+01]
 [ 1.7251080e-02 -4.3874898e-01  8.9800130e-01  8.9470000e+01]
 [ 9.9854980e-01  4.8230700e-02  4.6733400e-03 -1.1643100e+03]
 [ 0.0000000e+00  0.0000000e+00  0.0000000e+00  1.0000000e+00]]
[-0128.83, +0051.78, -1099.17]
1100, 934, 1485
[[-4.4763200e-02  8.9587512e-01  4.4141664e-01  2.4730000e+01]
 [ 1.5101520e-02 -4.4093800e-01  8.9698364e-01  8.9130000e+01]
 [ 9.9860544e-01  4.7068840e-02  6.6053600e-03 -1.1642900e+03]
 [ 0.0000000e+00  0.0000000e+00  0.0000000e+00  1.0000000e+00]]
[-0142.78, +0109.35, -1081.75]
2102, 1992, 1203
[[-4.4268520e-02  8.9692186e-01  4.3965158e-01  2.4760000e+01]
 [ 1.6958140e-02 -4.3921234e-01  8.9800994e-01  8.9460000e+01]
 [ 9.9873658e-01  4.7335060e-02  4.4311800e-03 -1.1643600e+03]
 [ 0.0000000e+00  0.0000000e+00  0.0000000e+00  1.0000000e+00]]
[-0056.73, +0025.87, -1112.39]
1775, 1628, 1515
[[-4.4470180e-02  8.9637670e-01  4.4063876e-01  2.4730000e+01]
 [ 1.6324100e-02 -4.4018850e-01  8.9747380e-01  8.9300000e+01]
 [ 9.9869276e-01  4.7270600e-02  5.2056800e-03 -1.1643000e+03]
 [ 0.0000000e+00  0.0000000e+00  0.0000000e+00  1.0000000e+00]]
[-0096.54, +0063.10, -1082.32]
1210, 1641, 1669
[[-4.5268180e-02  8.9635766e-01  4.4064108e-01  2.4730000e+01]
 [ 1.6505060e-02 -4.4020522e-01  8.9749284e-01  8.9300000e+01]
 [ 9.9867372e-01  4.8049560e-02  5.3676000e-03 -1.1642900e+03]
 [ 0.0000000e+00  0.0000000e+00  0.0000000e+00  1.0000000e+00]]
[-0157.94, +0053.69, -1092.67]
1149, 1998, 1120
[[-4.4803720e-02  8.9620350e-01  4.4090198e-01  2.4790000e+01]
 [ 1.6106700e-02 -4.4044100e-01  8.9731650e-01  8.9260000e+01]
 [ 9.9865702e-01  4.7493300e-02  5.5962800e-03 -1.1643200e+03]
 [ 0.0000000e+00  0.0000000e+00  0.0000000e+00  1.0000000e+00]]
[-0125.83, -0012.81, -1113.74]
987, 2023, 1753
[[-4.5268180e-02  8.9652442e-01  4.4036410e-01  2.4750000e+01]
 [ 1.6183420e-02 -4.3996948e-01  8.9765650e-01  8.9330000e+01]
 [ 9.9870650e-01  4.7885900e-02  5.6033400e-03 -1.1642900e+03]
 [ 0.0000000e+00  0.0000000e+00  0.0000000e+00  1.0000000e+00]]
[-0177.38, +0021.59, -1133.17]
1135, 1774, 941
[[-4.4095440e-02  8.9600968e-01  4.4136656e-01  2.4810000e+01]
 [ 1.6057040e-02 -4.4090440e-01  8.9708912e-01  8.9220000e+01]
 [ 9.9868912e-01  4.6833440e-02  5.3528000e-03 -1.1643000e+03]
 [ 0.0000000e+00  0.0000000e+00  0.0000000e+00  1.0000000e+00]]
[-0111.68, -0007.09, -1097.66]
887, 810, 1210
[[-4.5187300e-02  8.9573344e-01  4.4199172e-01  2.4780000e+01]
 [ 1.4771680e-02 -4.4167114e-01  8.9685316e-01  8.9080000e+01]
 [ 9.9873764e-01  4.7174120e-02  6.9144000e-03 -1.1643100e+03]
 [ 0.0000000e+00  0.0000000e+00  0.0000000e+00  1.0000000e+00]]
[-0144.78, +0098.67, -1068.50]
850, 901, 1476
[[-4.5007540e-02  8.9582504e-01  4.4161180e-01  2.4780000e+01]
 [ 1.5151600e-02 -4.4118234e-01  8.9694304e-01  8.9150000e+01]
 [ 9.9864604e-01  4.7264000e-02  6.6053600e-03 -1.1643000e+03]
 [ 0.0000000e+00  0.0000000e+00  0.0000000e+00  1.0000000e+00]]
[-0169.42, +0102.09, -1089.77]
1708, 1534, 1894
[[-4.5399700e-02  8.9668506e-01  4.4011708e-01  2.4650000e+01]
 [ 1.7120700e-02 -4.3971690e-01  8.9782620e-01  8.9380000e+01]
 [ 9.9872620e-01  4.8382920e-02  4.7477600e-03 -1.1643200e+03]
 [ 0.0000000e+00  0.0000000e+00  0.0000000e+00  1.0000000e+00]]
[-0122.22, +0093.24, -1091.29]
1472, 2070, 1076
[[-4.4136840e-02  8.9630582e-01  4.4053026e-01  2.4800000e+01]
 [ 1.6785660e-02 -4.3993620e-01  8.9739518e-01  8.9310000e+01]
 [ 9.9857362e-01  4.7283660e-02  4.8150000e-03 -1.1643200e+03]
 [ 0.0000000e+00  0.0000000e+00  0.0000000e+00  1.0000000e+00]]
[-0096.25, -0010.23, -1114.87]
2021, 1549, 1482
[[-4.4136840e-02  8.9654986e-01  4.4037542e-01  2.4690000e+01]
 [ 1.6541620e-02 -4.3993620e-01  8.9763106e-01  8.9370000e+01]
 [ 9.9872846e-01  4.7047780e-02  4.8150000e-03 -1.1643100e+03]
 [ 0.0000000e+00  0.0000000e+00  0.0000000e+00  1.0000000e+00]]
[-0064.32, +0076.15, -1094.02]
1339, 1150, 1948
[[-4.5846100e-02  8.9634586e-01  4.4062288e-01  2.4670000e+01]
 [ 1.5816580e-02 -4.4023090e-01  8.9750464e-01  8.9280000e+01]
 [ 9.9866624e-01  4.8258080e-02  6.2295600e-03 -1.1643100e+03]
 [ 0.0000000e+00  0.0000000e+00  0.0000000e+00  1.0000000e+00]]
[-0151.26, +0118.65, -1109.31]
1427, 2162, 1989
[[-4.5620900e-02  8.9685594e-01  4.3933932e-01  2.4700000e+01]
 [ 1.7191620e-02 -4.3876570e-01  8.9801644e-01  8.9460000e+01]
 [ 9.9853596e-01  4.8769880e-02  4.9895600e-03 -1.1642800e+03]
 [ 0.0000000e+00  0.0000000e+00  0.0000000e+00  1.0000000e+00]]
[-0159.50, +0035.14, -1117.11]
1455, 2116, 1737
[[-4.5000580e-02  8.9657262e-01  4.4019330e-01  2.4730000e+01]
 [ 1.7152380e-02 -4.3970858e-01  8.9769870e-01  8.9370000e+01]
 [ 9.9865830e-01  4.8111300e-02  4.6670000e-03 -1.1643000e+03]
 [ 0.0000000e+00  0.0000000e+00  0.0000000e+00  1.0000000e+00]]
[-0141.39, +0024.99, -1105.02]
1456, 1803, 2092
[[-4.5733000e-02  8.9667840e-01  4.4010320e-01  2.4680000e+01]
 [ 1.6581600e-02 -4.3973378e-01  8.9783286e-01  8.9370000e+01]
 [ 9.9872320e-01  4.8442140e-02  5.3742200e-03 -1.1643100e+03]
 [ 0.0000000e+00  0.0000000e+00  0.0000000e+00  1.0000000e+00]]
[-0160.59, +0076.12, -1108.92]
1178, 1778, 1087
[[-4.4648980e-02  8.9611822e-01  4.4129562e-01  2.4760000e+01]
 [ 1.6265620e-02 -4.4091268e-01  8.9722062e-01  8.9220000e+01]
 [ 9.9875178e-01  4.7344980e-02  5.2793400e-03 -1.1643000e+03]
 [ 0.0000000e+00  0.0000000e+00  0.0000000e+00  1.0000000e+00]]
[-0120.17, +0001.94, -1093.37]
2107, 1676, 1168
[[-4.4690660e-02  8.9653632e-01  4.4038200e-01  2.4720000e+01]
 [ 1.6872000e-02 -4.3994440e-01  8.9764460e-01  8.9370000e+01]
 [ 9.9871368e-01  4.7677240e-02  4.7411000e-03 -1.1643300e+03]
 [ 0.0000000e+00  0.0000000e+00  0.0000000e+00  1.0000000e+00]]
[-0042.96, +0048.44, -1109.01]
1943, 1913, 813
[[-4.4160660e-02  8.9634028e-01  4.4082766e-01  2.4810000e+01]
 [ 1.6043560e-02 -4.4042436e-01  8.9741972e-01  8.9320000e+01]
 [ 9.9874798e-01  4.6836440e-02  5.2793400e-03 -1.1643500e+03]
 [ 0.0000000e+00  0.0000000e+00  0.0000000e+00  1.0000000e+00]]
[-0045.91, +0009.17, -1128.69]
1360, 901, 1616
[[-4.4982760e-02  8.9611186e-01  4.4128194e-01  2.4710000e+01]
 [ 1.5726740e-02 -4.4092948e-01  8.9722698e-01  8.9210000e+01]
 [ 9.9874866e-01  4.7403780e-02  5.9057200e-03 -1.1642700e+03]
 [ 0.0000000e+00  0.0000000e+00  0.0000000e+00  1.0000000e+00]]
[-0123.83, +0126.94, -1093.64]
1651, 2130, 1022
[[-4.4291700e-02  8.9659036e-01  4.4018128e-01  2.4790000e+01]
 [ 1.6582120e-02 -4.3970034e-01  8.9768096e-01  8.9400000e+01]
 [ 9.9867856e-01  4.7241920e-02  4.8960000e-03 -1.1643300e+03]
 [ 0.0000000e+00  0.0000000e+00  0.0000000e+00  1.0000000e+00]]
[-0079.56, -0007.74, -1121.65]
1551, 1582, 1621
[[-4.5512400e-02  8.9635228e-01  4.4063684e-01  2.4720000e+01]
 [ 1.6355560e-02 -4.4021370e-01  8.9749822e-01  8.9300000e+01]
 [ 9.9866948e-01  4.8199060e-02  5.6033400e-03 -1.1643300e+03]
 [ 0.0000000e+00  0.0000000e+00  0.0000000e+00  1.0000000e+00]]
[-0122.63, +0067.32, -1081.10]
1889, 1135, 1567
[[-4.4869140e-02  8.9632256e-01  4.4083942e-01  2.4690000e+01]
 [ 1.6614080e-02 -4.4043264e-01  8.9743744e-01  8.9310000e+01]
 [ 9.9872794e-01  4.7705920e-02  5.0508600e-03 -1.1643200e+03]
 [ 0.0000000e+00  0.0000000e+00  0.0000000e+00  1.0000000e+00]]
[-0074.43, +0112.92, -1097.77]
1508, 916, 1978
[[-4.5935620e-02  8.9622272e-01  4.4069060e-01  2.4660000e+01]
 [ 1.5549280e-02 -4.4023962e-01  8.9738780e-01  8.9260000e+01]
 [ 9.9858980e-01  4.8285400e-02  6.6200000e-03 -1.1643200e+03]
 [ 0.0000000e+00  0.0000000e+00  0.0000000e+00  1.0000000e+00]]
[-0131.11, +0141.21, -1125.10]
2000, 1966, 1120
[[-4.4047680e-02  8.9671768e-01  4.4010792e-01  2.4760000e+01]
 [ 1.6609680e-02 -4.3969218e-01  8.9779358e-01  8.9420000e+01]
 [ 9.9876008e-01  4.6974420e-02  4.6601400e-03 -1.1643600e+03]
 [ 0.0000000e+00  0.0000000e+00  0.0000000e+00  1.0000000e+00]]
[-0056.19, +0020.37, -1112.74]
2187, 1387, 1555
[[-4.5554760e-02  8.9655882e-01  4.4020010e-01  2.4670000e+01]
 [ 1.7482700e-02 -4.3971690e-01  8.9771250e-01  8.9400000e+01]
 [ 9.9864318e-01  4.8740740e-02  4.5927000e-03 -1.1643100e+03]
 [ 0.0000000e+00  0.0000000e+00  0.0000000e+00  1.0000000e+00]]
[-0057.94, +0094.82, -1105.28]
1284, 800, 989
[[-4.4608660e-02  8.9562254e-01  4.4208700e-01  2.4750000e+01]
 [ 1.5581900e-02 -4.4164546e-01  8.9672396e-01  8.9110000e+01]
 [ 9.9866804e-01  4.7084200e-02  6.0524400e-03 -1.1643100e+03]
 [ 0.0000000e+00  0.0000000e+00  0.0000000e+00  1.0000000e+00]]
[-0079.45, +0096.65, -1066.82]
1719, 1693, 2090
[[-4.5709860e-02  8.9664364e-01  4.3980640e-01  2.4660000e+01]
 [ 1.7323400e-02 -4.3924546e-01  8.9780836e-01  8.9420000e+01]
 [ 9.9854864e-01  4.8889000e-02  4.9090400e-03 -1.1642900e+03]
 [ 0.0000000e+00  0.0000000e+00  0.0000000e+00  1.0000000e+00]]
[-0137.98, +0091.52, -1100.95]
1990, 1765, 1829
[[-4.5376840e-02  8.9672812e-01  4.3994232e-01  2.4690000e+01]
 [ 1.7940080e-02 -4.3946452e-01  8.9787348e-01  8.9420000e+01]
 [ 9.9867348e-01  4.8757680e-02  4.0466800e-03 -1.1643200e+03]
 [ 0.0000000e+00  0.0000000e+00  0.0000000e+00  1.0000000e+00]]
[-0095.99, +0074.09, -1091.12]
853, 2076, 881
[[-4.4055400e-02  8.9601516e-01  4.4132832e-01  2.4880000e+01]
 [ 1.4408640e-02 -4.4092948e-01  8.9708364e-01  8.9200000e+01]
 [ 9.9870228e-01  4.6081440e-02  6.8330800e-03 -1.1643500e+03]
 [ 0.0000000e+00  0.0000000e+00  0.0000000e+00  1.0000000e+00]]
[-0129.92, -0030.37, -1144.06]
1916, 1607, 1801
[[-4.4446600e-02  8.9646424e-01  4.4026408e-01  2.4700000e+01]
 [ 1.6944080e-02 -4.3970034e-01  8.9756714e-01  8.9350000e+01]
 [ 9.9859576e-01  4.7599780e-02  4.7411000e-03 -1.1642900e+03]
 [ 0.0000000e+00  0.0000000e+00  0.0000000e+00  1.0000000e+00]]
[-0097.69, +0088.96, -1090.44]
1728, 1688, 848
[[-4.3786240e-02  8.9614000e-01  4.4127888e-01  2.4830000e+01]
 [ 1.5454880e-02 -4.4090440e-01  8.9719884e-01  8.9200000e+01]
 [ 9.9877680e-01  4.6235400e-02  5.6620000e-03 -1.1643300e+03]
 [ 0.0000000e+00  0.0000000e+00  0.0000000e+00  1.0000000e+00]]
[-0052.03, +0015.29, -1106.25]
1506, 1985, 989
[[-4.4494280e-02  8.9621190e-01  4.4089146e-01  2.4820000e+01]
 [ 1.5626700e-02 -4.4044100e-01  8.9730810e-01  8.9250000e+01]
 [ 9.9866754e-01  4.7013300e-02  5.9057200e-03 -1.1643400e+03]
 [ 0.0000000e+00  0.0000000e+00  0.0000000e+00  1.0000000e+00]]
[-0086.23, -0007.76, -1111.61]
916, 1466, 1923
[[-4.5381760e-02  8.9619192e-01  4.4088392e-01  2.4760000e+01]
 [ 1.5418320e-02 -4.4046656e-01  8.9732808e-01  8.9210000e+01]
 [ 9.9864952e-01  4.7701680e-02  6.4582400e-03 -1.1642900e+03]
 [ 0.0000000e+00  0.0000000e+00  0.0000000e+00  1.0000000e+00]]
[-0190.19, +0075.45, -1126.49]
1208, 1675, 1623
[[-4.5047940e-02  8.9615346e-01  4.4109726e-01  2.4780000e+01]
 [ 1.6156740e-02 -4.4068522e-01  8.9727598e-01  8.9240000e+01]
 [ 9.9869754e-01  4.7688580e-02  5.5962800e-03 -1.1643100e+03]
 [ 0.0000000e+00  0.0000000e+00  0.0000000e+00  1.0000000e+00]]
[-0153.98, +0045.67, -1091.19]
1327, 1231, 1359
[[-4.5162120e-02  8.9594292e-01  4.4153972e-01  2.4770000e+01]
 [ 1.5269480e-02 -4.4118234e-01  8.9706522e-01  8.9170000e+01]
 [ 9.9871812e-01  4.7386180e-02  6.4507800e-03 -1.1643300e+03]
 [ 0.0000000e+00  0.0000000e+00  0.0000000e+00  1.0000000e+00]]
[-0115.92, +0076.19, -1070.35]
804, 1640, 1936
[[-4.5561120e-02  8.9631240e-01  4.4078744e-01  2.4780000e+01]
 [ 1.4517200e-02 -4.4048400e-01  8.9744760e-01  8.9210000e+01]
 [ 9.9872856e-01  4.7402800e-02  7.2388800e-03 -1.1643200e+03]
 [ 0.0000000e+00  0.0000000e+00  0.0000000e+00  1.0000000e+00]]
[-0196.03, +0057.63, -1141.57]
1379, 1438, 2181
[[-4.3916560e-02  8.9643488e-01  4.4043296e-01  2.4830000e+01]
 [ 1.5794240e-02 -4.3994440e-01  8.9750608e-01  8.9280000e+01]
 [ 9.9866272e-01  4.6595360e-02  5.5152000e-03 -1.1642400e+03]
 [ 0.0000000e+00  0.0000000e+00  0.0000000e+00  1.0000000e+00]]
[-0162.92, +0105.77, -1120.04]
813, 1517, 1231
[[-4.3682260e-02  8.9586006e-01  4.4158066e-01  2.4960000e+01]
 [ 1.3620540e-02 -4.4117378e-01  8.9690802e-01  8.9090000e+01]
 [ 9.9868574e-01  4.5434220e-02  7.4505200e-03 -1.1642800e+03]
 [ 0.0000000e+00  0.0000000e+00  0.0000000e+00  1.0000000e+00]]
[-0165.27, +0020.13, -1094.21]
1394, 1765, 2100
[[-4.4071300e-02  8.9659746e-01  4.4016138e-01  2.4890000e+01]
 [ 1.5712740e-02 -4.3970858e-01  8.9767386e-01  8.9280000e+01]
 [ 9.9869022e-01  4.6671660e-02  5.5962800e-03 -1.1642600e+03]
 [ 0.0000000e+00  0.0000000e+00  0.0000000e+00  1.0000000e+00]]
[-0165.35, +0075.56, -1111.75]
1712, 1043, 2052
[[-4.4005960e-02  8.9626706e-01  4.4070038e-01  2.4840000e+01]
 [ 1.5726220e-02 -4.4018850e-01  8.9734346e-01  8.9270000e+01]
 [ 9.9863114e-01  4.6668580e-02  5.6699000e-03 -1.1642700e+03]
 [ 0.0000000e+00  0.0000000e+00  0.0000000e+00  1.0000000e+00]]
[-0118.51, +0137.19, -1121.79]
1792, 1353, 1643
[[-4.4005960e-02  8.9629968e-01  4.4102184e-01  2.4880000e+01]
 [ 1.6002960e-02 -4.4066026e-01  8.9736978e-01  8.9240000e+01]
 [ 9.9879792e-01  4.6642260e-02  5.1981400e-03 -1.1642800e+03]
 [ 0.0000000e+00  0.0000000e+00  0.0000000e+00  1.0000000e+00]]
[-0091.19, +0096.56, -1086.52]
2145, 883, 1733
[[-4.3780680e-02  8.9668870e-01  4.3981462e-01  2.4760000e+01]
 [ 1.7501300e-02 -4.3919626e-01  8.9776330e-01  8.9410000e+01]
 [ 9.9858962e-01  4.7271700e-02  3.9594200e-03 -1.1642400e+03]
 [ 0.0000000e+00  0.0000000e+00  0.0000000e+00  1.0000000e+00]]
[-0067.96, +0135.03, -1133.25]
999, 1706, 2049
[[-4.4494280e-02  8.9659038e-01  4.4013846e-01  2.4900000e+01]
 [ 1.4784180e-02 -4.3973378e-01  8.9768094e-01  8.9240000e+01]
 [ 9.9868794e-01  4.6640460e-02  6.6129400e-03 -1.1642800e+03]
 [ 0.0000000e+00  0.0000000e+00  0.0000000e+00  1.0000000e+00]]
[-0188.37, +0065.68, -1133.44]
1515, 1085, 1331
[[-4.3786240e-02  8.9614000e-01  4.4127888e-01  2.4930000e+01]
 [ 1.5454880e-02 -4.4090440e-01  8.9719884e-01  8.9150000e+01]
 [ 9.9877680e-01  4.6235400e-02  5.6620000e-03 -1.1642800e+03]
 [ 0.0000000e+00  0.0000000e+00  0.0000000e+00  1.0000000e+00]]
[-0089.62, +0095.82, -1075.69]
1516, 941, 1006
[[-4.3656720e-02  8.9581244e-01  4.4180336e-01  2.4930000e+01]
 [ 1.4838760e-02 -4.4139280e-01  8.9686492e-01  8.9120000e+01]
 [ 9.9872416e-01  4.5901480e-02  6.2799200e-03 -1.1642900e+03]
 [ 0.0000000e+00  0.0000000e+00  0.0000000e+00  1.0000000e+00]]
[-0060.42, +0088.69, -1077.09]
1127, 1473, 1914
[[-4.4315400e-02  8.9650290e-01  4.4055610e-01  2.4880000e+01]
 [ 1.5962060e-02 -4.4018850e-01  8.9758758e-01  8.9220000e+01]
 [ 9.9877542e-01  4.6912700e-02  5.3604600e-03 -1.1642400e+03]
 [ 0.0000000e+00  0.0000000e+00  0.0000000e+00  1.0000000e+00]]
[-0175.11, +0081.41, -1109.96]
1206, 1107, 892
[[-4.3566920e-02  8.9593548e-01  4.4173536e-01  2.4960000e+01]
 [ 1.5106080e-02 -4.4138452e-01  8.9698196e-01  8.9100000e+01]
 [ 9.9880044e-01  4.5874240e-02  5.8895600e-03 -1.1642700e+03]
 [ 0.0000000e+00  0.0000000e+00  0.0000000e+00  1.0000000e+00]]
[-0086.74, +0050.41, -1062.36]
1046, 1416, 1962
[[-4.4559540e-02  8.9629820e-01  4.4050724e-01  2.4850000e+01]
 [ 1.5857240e-02 -4.3996104e-01  8.9740280e-01  8.9250000e+01]
 [ 9.9857180e-01  4.7252240e-02  5.8320600e-03 -1.1642500e+03]
 [ 0.0000000e+00  0.0000000e+00  0.0000000e+00  1.0000000e+00]]
[-0182.18, +0086.36, -1119.75]
1450, 1093, 1965
[[-4.4404800e-02  8.9637976e-01  4.4062408e-01  2.4860000e+01]
 [ 1.5694640e-02 -4.4019682e-01  8.9747074e-01  8.9240000e+01]
 [ 9.9869912e-01  4.6940140e-02  5.7510200e-03 -1.1642600e+03]
 [ 0.0000000e+00  0.0000000e+00  0.0000000e+00  1.0000000e+00]]
[-0139.26, +0127.75, -1112.33]
1153, 1258, 2089
[[-4.4803720e-02  8.9653714e-01  4.4034826e-01  2.4860000e+01]
 [ 1.5463540e-02 -4.3996948e-01  8.9764378e-01  8.9250000e+01]
 [ 9.9872234e-01  4.7166020e-02  6.0678000e-03 -1.1642600e+03]
 [ 0.0000000e+00  0.0000000e+00  0.0000000e+00  1.0000000e+00]]
[-0174.22, +0108.58, -1127.21]
1782, 1532, 2106
[[-4.3803700e-02  8.9681206e-01  4.3971312e-01  2.4910000e+01]
 [ 1.6360420e-02 -4.3921234e-01  8.9787984e-01  8.9340000e+01]
 [ 9.9867504e-01  4.6733280e-02  4.8960000e-03 -1.1642600e+03]
 [ 0.0000000e+00  0.0000000e+00  0.0000000e+00  1.0000000e+00]]
[-0129.12, +0106.50, -1103.67]
867, 2028, 1022
[[-4.3168320e-02  8.9611160e-01  4.4145792e-01  2.5030000e+01]
 [ 1.4694000e-02 -4.4114034e-01  8.9713660e-01  8.9130000e+01]
 [ 9.9884192e-01  4.5321000e-02  6.0439800e-03 -1.1642600e+03]
 [ 0.0000000e+00  0.0000000e+00  0.0000000e+00  1.0000000e+00]]
[-0140.03, -0023.73, -1134.40]
940, 1464, 1611
[[-4.4364360e-02  8.9600668e-01  4.4133848e-01  2.4920000e+01]
 [ 1.4888720e-02 -4.4092948e-01  8.9709212e-01  8.9160000e+01]
 [ 9.9869212e-01  4.6561520e-02  6.5241200e-03 -1.1643000e+03]
 [ 0.0000000e+00  0.0000000e+00  0.0000000e+00  1.0000000e+00]]
[-0176.08, +0057.33, -1099.55]
813, 1844, 1776
[[-4.3721380e-02  8.9623290e-01  4.4086586e-01  2.4950000e+01]
 [ 1.4426700e-02 -4.4044100e-01  8.9728710e-01  8.9180000e+01]
 [ 9.9869314e-01  4.5813300e-02  6.6786200e-03 -1.1642800e+03]
 [ 0.0000000e+00  0.0000000e+00  0.0000000e+00  1.0000000e+00]]
[-0189.51, +0032.92, -1138.51]
1130, 941, 1995
[[-4.4185000e-02  8.9605340e-01  4.4115780e-01  2.4860000e+01]
 [ 1.5468200e-02 -4.4067682e-01  8.9713602e-01  8.9160000e+01]
 [ 9.9864540e-01  4.6696980e-02  5.9791800e-03 -1.1642300e+03]
 [ 0.0000000e+00  0.0000000e+00  0.0000000e+00  1.0000000e+00]]
[-0163.61, +0130.31, -1129.96]
1383, 999, 1981
[[-4.3696680e-02  8.9610852e-01  4.4096672e-01  2.4860000e+01]
 [ 1.5567680e-02 -4.4042436e-01  8.9717148e-01  8.9190000e+01]
 [ 9.9860892e-01  4.6352320e-02  5.7433200e-03 -1.1642400e+03]
 [ 0.0000000e+00  0.0000000e+00  0.0000000e+00  1.0000000e+00]]
[-0143.66, +0132.73, -1119.88]
1423, 1229, 1995
[[-4.3607200e-02  8.9627636e-01  4.4069932e-01  2.4850000e+01]
 [ 1.5635720e-02 -4.4018026e-01  8.9733416e-01  8.9240000e+01]
 [ 9.9864044e-01  4.6279120e-02  5.5887000e-03 -1.1642300e+03]
 [ 0.0000000e+00  0.0000000e+00  0.0000000e+00  1.0000000e+00]]
[-0147.32, +0116.93, -1109.09]
1479, 1144, 895
[[-4.3566920e-02  8.9589060e-01  4.4193468e-01  2.4940000e+01]
 [ 1.5305400e-02 -4.4162050e-01  8.9693610e-01  8.9110000e+01]
 [ 9.9884532e-01  4.5920100e-02  5.6535800e-03 -1.1642600e+03]
 [ 0.0000000e+00  0.0000000e+00  0.0000000e+00  1.0000000e+00]]
[-0059.12, +0057.49, -1075.18]
1288, 1358, 1235
[[-4.3322740e-02  8.9610750e-01  4.4146294e-01  2.4930000e+01]
 [ 1.4934060e-02 -4.4114034e-01  8.9714070e-01  8.9140000e+01]
 [ 9.9883690e-01  4.5561060e-02  5.8895600e-03 -1.1642700e+03]
 [ 0.0000000e+00  0.0000000e+00  0.0000000e+00  1.0000000e+00]]
[-0113.42, +0052.53, -1069.13]
1794, 1315, 959
[[-4.3875880e-02  8.9584998e-01  4.4162350e-01  2.4930000e+01]
 [ 1.5508980e-02 -4.4114858e-01  8.9691810e-01  8.9160000e+01]
 [ 9.9866810e-01  4.6426500e-02  5.8165400e-03 -1.1643000e+03]
 [ 0.0000000e+00  0.0000000e+00  0.0000000e+00  1.0000000e+00]]
[-0041.37, +0054.95, -1094.55]
1714, 1490, 1867
[[-4.4583840e-02  8.9633304e-01  4.4080472e-01  2.4880000e+01]
 [ 1.5115120e-02 -4.4044944e-01  8.9742696e-01  8.9250000e+01]
 [ 9.9874584e-01  4.6804880e-02  6.2961600e-03 -1.1642900e+03]
 [ 0.0000000e+00  0.0000000e+00  0.0000000e+00  1.0000000e+00]]
[-0121.82, +0095.50, -1090.84]
1471, 2154, 1574
[[-4.3916560e-02  8.9651224e-01  4.4055500e-01  2.4950000e+01]
 [ 1.5871600e-02 -4.4018026e-01  8.9757824e-01  8.9290000e+01]
 [ 9.9878476e-01  4.6523200e-02  5.2793400e-03 -1.1642700e+03]
 [ 0.0000000e+00  0.0000000e+00  0.0000000e+00  1.0000000e+00]]
[-0131.50, +0008.92, -1108.28]
873, 2077, 1364
[[-4.3258120e-02  8.9615566e-01  4.4124954e-01  2.5000000e+01]
 [ 1.4105260e-02 -4.4091268e-01  8.9718318e-01  8.9110000e+01]
 [ 9.9879786e-01  4.5184620e-02  6.6702000e-03 -1.1642500e+03]
 [ 0.0000000e+00  0.0000000e+00  0.0000000e+00  1.0000000e+00]]
[-0161.04, -0004.80, -1135.01]
827, 1423, 1156
[[-4.3129480e-02  8.9590548e-01  4.4189652e-01  2.5000000e+01]
 [ 1.3566120e-02 -4.4163706e-01  8.9692122e-01  8.9050000e+01]
 [ 9.9886692e-01  4.4778180e-02  7.0514200e-03 -1.1642600e+03]
 [ 0.0000000e+00  0.0000000e+00  0.0000000e+00  1.0000000e+00]]
[-0158.74, +0023.07, -1085.34]
1369, 2190, 1103
[[-4.2940560e-02  8.9645568e-01  4.4044912e-01  2.4970000e+01]
 [ 1.6392320e-02 -4.3991208e-01  8.9748528e-01  8.9300000e+01]
 [ 9.9867888e-01  4.5997280e-02  4.5715200e-03 -1.1642700e+03]
 [ 0.0000000e+00  0.0000000e+00  0.0000000e+00  1.0000000e+00]]
[-0105.98, -0015.42, -1124.29]
2170, 1655, 2166
[[-4.4334660e-02  8.9684164e-01  4.3954446e-01  2.4740000e+01]
 [ 1.7510040e-02 -4.3896840e-01  8.9794052e-01  8.9420000e+01]
 [ 9.9860786e-01  4.7737320e-02  4.1211000e-03 -1.1642200e+03]
 [ 0.0000000e+00  0.0000000e+00  0.0000000e+00  1.0000000e+00]]
[-0103.59, +0106.71, -1107.52]
2066, 1407, 1238
[[-4.3452580e-02  8.9614624e-01  4.4129220e-01  2.4900000e+01]
 [ 1.5993760e-02 -4.4088808e-01  8.9719260e-01  8.9190000e+01]
 [ 9.9877980e-01  4.6176600e-02  5.0355000e-03 -1.1642700e+03]
 [ 0.0000000e+00  0.0000000e+00  0.0000000e+00  1.0000000e+00]]
[-0047.16, +0071.77, -1101.18]
1054, 1635, 1496
[[-4.4030420e-02  8.9622450e-01  4.4087598e-01  2.4920000e+01]
 [ 1.4906700e-02 -4.4044100e-01  8.9729550e-01  8.9170000e+01]
 [ 9.9868302e-01  4.6293300e-02  6.3695800e-03 -1.1642800e+03]
 [ 0.0000000e+00  0.0000000e+00  0.0000000e+00  1.0000000e+00]]
[-0160.52, +0036.01, -1093.02]
2140, 994, 1445
[[-4.3672500e-02  8.9622874e-01  4.4091318e-01  2.4830000e+01]
 [ 1.6464540e-02 -4.4040804e-01  8.9729126e-01  8.9250000e+01]
 [ 9.9867878e-01  4.6655460e-02  4.8075000e-03 -1.1642700e+03]
 [ 0.0000000e+00  0.0000000e+00  0.0000000e+00  1.0000000e+00]]
[-0048.35, +0117.12, -1121.48]
2199, 1876, 1298
[[-4.2673320e-02  8.9667062e-01  4.4000054e-01  2.4910000e+01]
 [ 1.7040220e-02 -4.3941652e-01  8.9769106e-01  8.9360000e+01]
 [ 9.9866326e-01  4.6058740e-02  3.8711600e-03 -1.1642900e+03]
 [ 0.0000000e+00  0.0000000e+00  0.0000000e+00  1.0000000e+00]]
[-0052.74, +0041.86, -1109.01]
2007, 947, 1706
[[-4.4095440e-02  8.9605444e-01  4.4116716e-01  2.4820000e+01]
 [ 1.5857640e-02 -4.4066850e-01  8.9713498e-01  8.9190000e+01]
 [ 9.9864436e-01  4.6787580e-02  5.5887000e-03 -1.1642400e+03]
 [ 0.0000000e+00  0.0000000e+00  0.0000000e+00  1.0000000e+00]]
[-0077.70, +0132.16, -1119.22]
1806, 1731, 1090
[[-4.3053940e-02  8.9612288e-01  4.4096974e-01  2.4940000e+01]
 [ 1.5626560e-02 -4.4040804e-01  8.9715712e-01  8.9210000e+01]
 [ 9.9862222e-01  4.5813440e-02  5.4260600e-03 -1.1642700e+03]
 [ 0.0000000e+00  0.0000000e+00  0.0000000e+00  1.0000000e+00]]
[-0065.05, +0025.51, -1096.32]
1034, 1958, 1925
[[-4.4339620e-02  8.9654986e-01  4.4033278e-01  2.4890000e+01]
 [ 1.4743660e-02 -4.3996948e-01  8.9763106e-01  8.9250000e+01]
 [ 9.9873782e-01  4.6446140e-02  6.5319000e-03 -1.1642800e+03]
 [ 0.0000000e+00  0.0000000e+00  0.0000000e+00  1.0000000e+00]]
[-0182.15, +0038.25, -1131.86]
1315, 1628, 1045
[[-4.3721380e-02  8.9597622e-01  4.4154112e-01  2.4960000e+01]
 [ 1.5146820e-02 -4.4114858e-01  8.9703192e-01  8.9140000e+01]
 [ 9.9875048e-01  4.6068480e-02  5.9710400e-03 -1.1643000e+03]
 [ 0.0000000e+00  0.0000000e+00  0.0000000e+00  1.0000000e+00]]
[-0099.38, +0015.91, -1081.37]
1272, 1016, 1562
[[-4.4209860e-02  8.9596602e-01  4.4153276e-01  2.4900000e+01]
 [ 1.4848060e-02 -4.4116530e-01  8.9704212e-01  8.9120000e+01]
 [ 9.9874212e-01  4.6367240e-02  6.4428000e-03 -1.1642700e+03]
 [ 0.0000000e+00  0.0000000e+00  0.0000000e+00  1.0000000e+00]]
[-0132.34, +0110.26, -1083.53]
2060, 1977, 1946
[[-4.3315860e-02  8.9694452e-01  4.3964372e-01  2.4850000e+01]
 [ 1.6537720e-02 -4.3919626e-01  8.9798728e-01  8.9410000e+01]
 [ 9.9876052e-01  4.6316080e-02  4.4242400e-03 -1.1642600e+03]
 [ 0.0000000e+00  0.0000000e+00  0.0000000e+00  1.0000000e+00]]
[-0103.12, +0064.95, -1095.01]
1570, 1859, 1141
[[-4.3607200e-02  8.9618692e-01  4.4109804e-01  2.4950000e+01]
 [ 1.6034440e-02 -4.4065210e-01  8.9724252e-01  8.9180000e+01]
 [ 9.9872988e-01  4.6370760e-02  5.1168600e-03 -1.1642900e+03]
 [ 0.0000000e+00  0.0000000e+00  0.0000000e+00  1.0000000e+00]]
[-0089.94, +0011.18, -1094.02]
1033, 1343, 893
[[-4.3528000e-02  8.9577424e-01  4.4197432e-01  2.4980000e+01]
 [ 1.3779040e-02 -4.4164546e-01  8.9681236e-01  8.9050000e+01]
 [ 9.9878072e-01  4.5285560e-02  7.1331000e-03 -1.1643200e+03]
 [ 0.0000000e+00  0.0000000e+00  0.0000000e+00  1.0000000e+00]]
[-0112.02, +0018.85, -1069.67]
1395, 1318, 1974
[[-4.4095440e-02  8.9622128e-01  4.4089044e-01  2.4850000e+01]
 [ 1.5536160e-02 -4.4043264e-01  8.9729872e-01  8.9220000e+01]
 [ 9.9867692e-01  4.6623840e-02  5.8245600e-03 -1.1642600e+03]
 [ 0.0000000e+00  0.0000000e+00  0.0000000e+00  1.0000000e+00]]
[-0151.42, +0107.67, -1104.76]
1599, 1450, 1346
[[-4.3298000e-02  8.9595096e-01  4.4124228e-01  2.4870000e+01]
 [ 1.5798480e-02 -4.4065210e-01  8.9699844e-01  8.9200000e+01]
 [ 9.9858564e-01  4.6126680e-02  5.4260600e-03 -1.1642800e+03]
 [ 0.0000000e+00  0.0000000e+00  0.0000000e+00  1.0000000e+00]]
[-0090.24, +0062.42, -1076.20]
1214, 896, 1460
[[-4.4209860e-02  8.9584388e-01  4.4161000e-01  2.4850000e+01]
 [ 1.4970200e-02 -4.4116530e-01  8.9692420e-01  8.9110000e+01]
 [ 9.9866488e-01  4.6485160e-02  6.4428000e-03 -1.1642800e+03]
 [ 0.0000000e+00  0.0000000e+00  0.0000000e+00  1.0000000e+00]]
[-0127.30, +0115.57, -1080.96]
1857, 2161, 2190
[[-4.4644900e-02  8.9712186e-01  4.3920072e-01  2.4790000e+01]
 [ 1.7546340e-02 -4.3873258e-01  8.9823024e-01  8.9450000e+01]
 [ 9.9870768e-01  4.7935440e-02  4.0466800e-03 -1.1642800e+03]
 [ 0.0000000e+00  0.0000000e+00  0.0000000e+00  1.0000000e+00]]
[-0137.91, +0058.10, -1105.89]
1150, 1037, 1503
[[-4.3965600e-02  8.9592624e-01  4.4173632e-01  2.4880000e+01]
 [ 1.5196800e-02 -4.4139280e-01  8.9699120e-01  8.9120000e+01]
 [ 9.9879120e-01  4.6263680e-02  5.9710400e-03 -1.1642900e+03]
 [ 0.0000000e+00  0.0000000e+00  0.0000000e+00  1.0000000e+00]]
[-0141.33, +0100.24, -1079.42]
886, 1725, 1197
[[-4.4299700e-02  8.9608734e-01  4.4144622e-01  2.4990000e+01]
 [ 1.4336460e-02 -4.4117378e-01  8.9716086e-01  8.9090000e+01]
 [ 9.9882018e-01  4.6158660e-02  6.8330800e-03 -1.1643200e+03]
 [ 0.0000000e+00  0.0000000e+00  0.0000000e+00  1.0000000e+00]]
[-0155.27, +0002.65, -1103.59]
2031, 2053, 1412
[[-4.3559760e-02  8.9693928e-01  4.3963972e-01  2.4880000e+01]
 [ 1.6388080e-02 -4.3920426e-01  8.9799252e-01  8.9350000e+01]
 [ 9.9875652e-01  4.6465720e-02  4.6601400e-03 -1.1643100e+03]
 [ 0.0000000e+00  0.0000000e+00  0.0000000e+00  1.0000000e+00]]
[-0071.90, +0027.69, -1103.47]
1932, 1374, 1858
[[-4.3029800e-02  8.9628786e-01  4.4071662e-01  2.4920000e+01]
 [ 1.6324140e-02 -4.4015602e-01  8.9732266e-01  8.9210000e+01]
 [ 9.9864738e-01  4.6070660e-02  4.7262200e-03 -1.1642400e+03]
 [ 0.0000000e+00  0.0000000e+00  0.0000000e+00  1.0000000e+00]]
[-0099.74, +0109.68, -1097.80]
1519, 1858, 2159
[[-4.3982020e-02  8.9659856e-01  4.4017072e-01  2.4870000e+01]
 [ 1.6102240e-02 -4.3970034e-01  8.9767276e-01  8.9300000e+01]
 [ 9.9868912e-01  4.6762040e-02  5.2056800e-03 -1.1642200e+03]
 [ 0.0000000e+00  0.0000000e+00  0.0000000e+00  1.0000000e+00]]
[-0162.05, +0072.97, -1111.94]
2019, 1339, 889
[[-4.2500880e-02  8.9604648e-01  4.4136208e-01  2.5000000e+01]
 [ 1.5694480e-02 -4.4087208e-01  8.9705232e-01  8.9150000e+01]
 [ 9.9872592e-01  4.5275680e-02  5.0270400e-03 -1.1642700e+03]
 [ 0.0000000e+00  0.0000000e+00  0.0000000e+00  1.0000000e+00]]
[-0024.77, +0056.05, -1117.04]
1435, 2177, 1383
[[-4.3738000e-02  8.9664840e-01  4.3997540e-01  2.4950000e+01]
 [ 1.6052400e-02 -4.3945632e-01  8.9771328e-01  8.9260000e+01]
 [ 9.9864860e-01  4.6566720e-02  5.2056800e-03 -1.1642800e+03]
 [ 0.0000000e+00  0.0000000e+00  0.0000000e+00  1.0000000e+00]]
[-0120.98, -0002.41, -1113.38]
1198, 876, 1672
[[-4.4055400e-02  8.9597024e-01  4.4152768e-01  2.4900000e+01]
 [ 1.4608000e-02 -4.4116530e-01  8.9703790e-01  8.9120000e+01]
 [ 9.9874720e-01  4.6127180e-02  6.5972600e-03 -1.1642500e+03]
 [ 0.0000000e+00  0.0000000e+00  0.0000000e+00  1.0000000e+00]]
[-0141.83, +0128.10, -1099.45]
926, 809, 1930
[[-4.3990900e-02  8.9585154e-01  4.4159058e-01  2.4910000e+01]
 [ 1.4100660e-02 -4.4117378e-01  8.9691654e-01  8.9060000e+01]
 [ 9.9867582e-01  4.5914340e-02  7.1418800e-03 -1.1642500e+03]
 [ 0.0000000e+00  0.0000000e+00  0.0000000e+00  1.0000000e+00]]
[-0172.95, +0131.37, -1136.54]
1147, 1497, 1049
[[-4.3412500e-02  8.9606170e-01  4.4165310e-01  2.4980000e+01]
 [ 1.4743900e-02 -4.4138452e-01  8.9709582e-01  8.9100000e+01]
 [ 9.9888270e-01  4.5516180e-02  6.0439800e-03 -1.1642800e+03]
 [ 0.0000000e+00  0.0000000e+00  0.0000000e+00  1.0000000e+00]]
[-0115.64, +0021.01, -1074.76]
1440, 2193, 970
[[-4.3095300e-02  8.9649630e-01  4.4025500e-01  2.4990000e+01]
 [ 1.6432940e-02 -4.3967610e-01  8.9753508e-01  8.9300000e+01]
 [ 9.9862908e-01  4.6191400e-02  4.6527600e-03 -1.1642700e+03]
 [ 0.0000000e+00  0.0000000e+00  0.0000000e+00  1.0000000e+00]]
[-0091.97, -0017.53, -1130.48]
1092, 2053, 1874
[[-4.3827240e-02  8.9655802e-01  4.4036490e-01  2.4910000e+01]
 [ 1.6061700e-02 -4.3993620e-01  8.9762290e-01  8.9240000e+01]
 [ 9.9873898e-01  4.6567860e-02  5.1246000e-03 -1.1642300e+03]
 [ 0.0000000e+00  0.0000000e+00  0.0000000e+00  1.0000000e+00]]
[-0175.70, +0032.13, -1128.79]
2137, 1825, 1681
[[-4.4071300e-02  8.9647542e-01  4.4023876e-01  2.4810000e+01]
 [ 1.5834780e-02 -4.3970858e-01  8.9755596e-01  8.9280000e+01]
 [ 9.9861284e-01  4.6789560e-02  5.5962800e-03 -1.1642700e+03]
 [ 0.0000000e+00  0.0000000e+00  0.0000000e+00  1.0000000e+00]]
[-0074.41, +0067.57, -1096.21]
1504, 1453, 851
[[-4.4145280e-02  8.9580232e-01  4.4179496e-01  2.4940000e+01]
 [ 1.4540080e-02 -4.4140960e-01  8.9687504e-01  8.9130000e+01]
 [ 9.9871576e-01  4.6200160e-02  6.7516800e-03 -1.1643200e+03]
 [ 0.0000000e+00  0.0000000e+00  0.0000000e+00  1.0000000e+00]]
[-0064.66, +0024.46, -1084.80]
2084, 1873, 983
[[-4.3339240e-02  8.9656846e-01  4.4037298e-01  2.4940000e+01]
 [ 1.6360780e-02 -4.3992004e-01  8.9761246e-01  8.9330000e+01]
 [ 9.9874706e-01  4.6268780e-02  4.6527600e-03 -1.1643200e+03]
 [ 0.0000000e+00  0.0000000e+00  0.0000000e+00  1.0000000e+00]]
[-0043.41, +0024.11, -1121.82]
1131, 1654, 803
[[-4.4389620e-02  8.9579726e-01  4.4179070e-01  2.4980000e+01]
 [ 1.4390740e-02 -4.4141812e-01  8.9688010e-01  8.9090000e+01]
 [ 9.9871150e-01  4.6349500e-02  6.9875000e-03 -1.1643100e+03]
 [ 0.0000000e+00  0.0000000e+00  0.0000000e+00  1.0000000e+00]]
[-0098.81, -0007.15, -1092.89]
1243, 840, 1081
[[-4.3656720e-02  8.9576752e-01  4.4200268e-01  2.4910000e+01]
 [ 1.5038080e-02 -4.4162874e-01  8.9681908e-01  8.9080000e+01]
 [ 9.9876908e-01  4.5947320e-02  6.0439800e-03 -1.1642400e+03]
 [ 0.0000000e+00  0.0000000e+00  0.0000000e+00  1.0000000e+00]]
[-0093.11, +0098.25, -1065.38]
1457, 1957, 2030
[[-4.4446600e-02  8.9663082e-01  4.3998714e-01  2.4850000e+01]
 [ 1.6622580e-02 -4.3946452e-01  8.9773086e-01  8.9320000e+01]
 [ 9.9862866e-01  4.7436060e-02  4.9769200e-03 -1.1642400e+03]
 [ 0.0000000e+00  0.0000000e+00  0.0000000e+00  1.0000000e+00]]
[-0159.84, +0056.23, -1108.47]
1140, 2130, 884
[[-4.3053940e-02  8.9624490e-01  4.4089246e-01  2.5000000e+01]
 [ 1.5504540e-02 -4.4040804e-01  8.9727510e-01  8.9220000e+01]
 [ 9.9869950e-01  4.5695460e-02  5.4260600e-03 -1.1642600e+03]
 [ 0.0000000e+00  0.0000000e+00  0.0000000e+00  1.0000000e+00]]
[-0108.73, -0027.10, -1136.32]
875, 1830, 1967
[[-4.4608660e-02  8.9650274e-01  4.4050418e-01  2.4910000e+01]
 [ 1.3774580e-02 -4.4023090e-01  8.9758774e-01  8.9170000e+01]
 [ 9.9878494e-01  4.6220420e-02  7.4670000e-03 -1.1642700e+03]
 [ 0.0000000e+00  0.0000000e+00  0.0000000e+00  1.0000000e+00]]
[-0191.17, +0048.19, -1142.73]
2096, 1718, 1470
[[-4.2851400e-02  8.9657890e-01  4.4038090e-01  2.4900000e+01]
 [ 1.6659860e-02 -4.3990420e-01  8.9760202e-01  8.9290000e+01]
 [ 9.9875498e-01  4.5969700e-02  4.1807600e-03 -1.1642700e+03]
 [ 0.0000000e+00  0.0000000e+00  0.0000000e+00  1.0000000e+00]]
[-0060.78, +0061.46, -1097.62]
1734, 1948, 1463
[[-4.4005960e-02  8.9638912e-01  4.4062304e-01  2.4920000e+01]
 [ 1.5604160e-02 -4.4018850e-01  8.9746138e-01  8.9230000e+01]
 [ 9.9870848e-01  4.6550660e-02  5.6699000e-03 -1.1642800e+03]
 [ 0.0000000e+00  0.0000000e+00  0.0000000e+00  1.0000000e+00]]
[-0101.69, +0025.88, -1091.71]
1033, 1626, 990
[[-4.3746600e-02  8.9593372e-01  4.4171696e-01  2.4950000e+01]
 [ 1.4327200e-02 -4.4140116e-01  8.9698372e-01  8.9110000e+01]
 [ 9.9880220e-01  4.5692800e-02  6.6702000e-03 -1.1642900e+03]
 [ 0.0000000e+00  0.0000000e+00  0.0000000e+00  1.0000000e+00]]
[-0124.02, +0002.03, -1087.35]
1870, 1580, 1442
[[-4.3517800e-02  8.9632214e-01  4.4050922e-01  2.4860000e+01]
 [ 1.5825820e-02 -4.3993620e-01  8.9737886e-01  8.9240000e+01]
 [ 9.9859466e-01  4.6323820e-02  5.4340400e-03 -1.1642500e+03]
 [ 0.0000000e+00  0.0000000e+00  0.0000000e+00  1.0000000e+00]]
[-0075.31, +0065.39, -1086.22]
1273, 1536, 1090
[[-4.3322740e-02  8.9603028e-01  4.4134086e-01  2.4950000e+01]
 [ 1.4856840e-02 -4.4090440e-01  8.9706852e-01  8.9120000e+01]
 [ 9.9871482e-01  4.5633240e-02  6.1255000e-03 -1.1642700e+03]
 [ 0.0000000e+00  0.0000000e+00  0.0000000e+00  1.0000000e+00]]
[-0106.40, +0024.23, -1075.99]
2146, 1405, 1456
[[-4.3583220e-02  8.9644124e-01  4.4044634e-01  2.4830000e+01]
 [ 1.6333240e-02 -4.3992808e-01  8.9749972e-01  8.9300000e+01]
 [ 9.9866566e-01  4.6536280e-02  4.8887000e-03 -1.1642700e+03]
 [ 0.0000000e+00  0.0000000e+00  0.0000000e+00  1.0000000e+00]]
[-0052.71, +0087.88, -1103.59]
1128, 1572, 1744
[[-4.4095440e-02  8.9622128e-01  4.4089044e-01  2.4900000e+01]
 [ 1.5536160e-02 -4.4043264e-01  8.9729872e-01  8.9200000e+01]
 [ 9.9867692e-01  4.6623840e-02  5.8245600e-03 -1.1642300e+03]
 [ 0.0000000e+00  0.0000000e+00  0.0000000e+00  1.0000000e+00]]
[-0168.77, +0061.83, -1099.33]
1371, 1606, 1534
[[-4.3053940e-02  8.9624490e-01  4.4089246e-01  2.4920000e+01]
 [ 1.5504540e-02 -4.4040804e-01  8.9727510e-01  8.9200000e+01]
 [ 9.9869950e-01  4.5695460e-02  5.4260600e-03 -1.1642500e+03]
 [ 0.0000000e+00  0.0000000e+00  0.0000000e+00  1.0000000e+00]]
[-0130.64, +0052.05, -1080.28]
1392, 1984, 1718
[[-4.3672500e-02  8.9660676e-01  4.4016032e-01  2.4900000e+01]
 [ 1.5622360e-02 -4.3970034e-01  8.9766456e-01  8.9260000e+01]
 [ 9.9869952e-01  4.6282160e-02  5.5152000e-03 -1.1642700e+03]
 [ 0.0000000e+00  0.0000000e+00  0.0000000e+00  1.0000000e+00]]
[-0147.12, +0031.47, -1100.70]
1678, 1785, 1015
[[-4.3298000e-02  8.9627232e-01  4.4120976e-01  2.4960000e+01]
 [ 1.5631680e-02 -4.4088808e-01  8.9730656e-01  8.9200000e+01]
 [ 9.9886224e-01  4.5818560e-02  5.1900800e-03 -1.1643000e+03]
 [ 0.0000000e+00  0.0000000e+00  0.0000000e+00  1.0000000e+00]]
[-0065.91, +0016.32, -1098.12]
1592, 1469, 1749
[[-4.3452580e-02  8.9623572e-01  4.4089352e-01  2.4880000e+01]
 [ 1.5595080e-02 -4.4041616e-01  8.9728428e-01  8.9210000e+01]
 [ 9.9869032e-01  4.6084920e-02  5.5074200e-03 -1.1642400e+03]
 [ 0.0000000e+00  0.0000000e+00  0.0000000e+00  1.0000000e+00]]
[-0123.74, +0088.30, -1085.46]
1230, 1047, 1477
[[-4.4274640e-02  8.9608488e-01  4.4146996e-01  2.4890000e+01]
 [ 1.5355440e-02 -4.4115690e-01  8.9716332e-01  8.9120000e+01]
 [ 9.9881332e-01  4.6580040e-02  5.8979000e-03 -1.1642600e+03]
 [ 0.0000000e+00  0.0000000e+00  0.0000000e+00  1.0000000e+00]]
[-0131.21, +0100.07, -1076.70]
2074, 1678, 1232
[[-4.3803700e-02  8.9655646e-01  4.4038882e-01  2.4890000e+01]
 [ 1.7080660e-02 -4.3992004e-01  8.9762446e-01  8.9300000e+01]
 [ 9.9873122e-01  4.6988660e-02  4.1883000e-03 -1.1642900e+03]
 [ 0.0000000e+00  0.0000000e+00  0.0000000e+00  1.0000000e+00]]
[-0047.72, +0049.19, -1103.88]
1637, 1772, 1979
[[-4.4226080e-02  8.9654868e-01  4.4036604e-01  2.4840000e+01]
 [ 1.6152120e-02 -4.3994440e-01  8.9763224e-01  8.9290000e+01]
 [ 9.9872964e-01  4.6957360e-02  5.2056800e-03 -1.1642600e+03]
 [ 0.0000000e+00  0.0000000e+00  0.0000000e+00  1.0000000e+00]]
[-0143.72, +0073.77, -1096.89]
1620, 1625, 1587
[[-4.3851300e-02  8.9642584e-01  4.4093932e-01  2.4890000e+01]
 [ 1.5640880e-02 -4.4066026e-01  8.9748364e-01  8.9210000e+01]
 [ 9.9888044e-01  4.6284280e-02  5.3528000e-03 -1.1642800e+03]
 [ 0.0000000e+00  0.0000000e+00  0.0000000e+00  1.0000000e+00]]
[-0114.21, +0062.10, -1080.85]
1749, 811, 1753
[[-4.4185000e-02  8.9593130e-01  4.4123510e-01  2.4870000e+01]
 [ 1.5590300e-02 -4.4067682e-01  8.9701810e-01  8.9150000e+01]
 [ 9.9856810e-01  4.6814900e-02  5.9791800e-03 -1.1642600e+03]
 [ 0.0000000e+00  0.0000000e+00  0.0000000e+00  1.0000000e+00]]
[-0093.91, +0144.40, -1121.98]
1987, 1658, 1536
[[-4.3029800e-02  8.9645448e-01  4.4043996e-01  2.4970000e+01]
 [ 1.6002840e-02 -4.3992004e-01  8.9748648e-01  8.9270000e+01]
 [ 9.9868008e-01  4.5906840e-02  4.9622000e-03 -1.1642800e+03]
 [ 0.0000000e+00  0.0000000e+00  0.0000000e+00  1.0000000e+00]]
[-0072.45, +0065.23, -1090.72]
1442, 1204, 2048
[[-4.4250100e-02  8.9633920e-01  4.4081830e-01  2.4910000e+01]
 [ 1.5654080e-02 -4.4043264e-01  8.9742080e-01  8.9180000e+01]
 [ 9.9874906e-01  4.6745920e-02  5.6699000e-03 -1.1642100e+03]
 [ 0.0000000e+00  0.0000000e+00  0.0000000e+00  1.0000000e+00]]
[-0149.32, +0120.63, -1114.86]
850, 1049, 1495
[[-4.3618120e-02  8.9577358e-01  4.4196518e-01  2.5040000e+01]
 [ 1.3389620e-02 -4.4165394e-01  8.9681302e-01  8.8980000e+01]
 [ 9.9878138e-01  4.5194780e-02  7.5231800e-03 -1.1642800e+03]
 [ 0.0000000e+00  0.0000000e+00  0.0000000e+00  1.0000000e+00]]
[-0172.73, +0086.23, -1089.03]
1653, 924, 1084
[[-4.3348000e-02  8.9577580e-01  4.4199260e-01  2.5000000e+01]
 [ 1.4557880e-02 -4.4162874e-01  8.9681080e-01  8.9050000e+01]
 [ 9.9877916e-01  4.5467120e-02  6.3527000e-03 -1.1642700e+03]
 [ 0.0000000e+00  0.0000000e+00  0.0000000e+00  1.0000000e+00]]
[-0054.04, +0099.37, -1086.85]
1443, 1922, 871
[[-4.2988960e-02  8.9603632e-01  4.4135408e-01  2.5070000e+01]
 [ 1.5395680e-02 -4.4088808e-01  8.9706248e-01  8.9130000e+01]
 [ 9.9871792e-01  4.5574480e-02  5.4991200e-03 -1.1642600e+03]
 [ 0.0000000e+00  0.0000000e+00  0.0000000e+00  1.0000000e+00]]
[-0081.10, -0011.04, -1112.77]
1578, 1609, 1227
[[-4.4429220e-02  8.9612552e-01  4.4127572e-01  2.5020000e+01]
 [ 1.5396080e-02 -4.4092104e-01  8.9721332e-01  8.9170000e+01]
 [ 9.9876332e-01  4.6774280e-02  5.9791800e-03 -1.1642700e+03]
 [ 0.0000000e+00  0.0000000e+00  0.0000000e+00  1.0000000e+00]]
[-0086.02, +0039.38, -1079.70]
883, 1104, 963
[[-4.3463940e-02  8.9544328e-01  4.4251300e-01  2.5070000e+01]
 [ 1.3792400e-02 -4.4212570e-01  8.9648140e-01  8.8960000e+01]
 [ 9.9872228e-01  4.5282040e-02  7.2056000e-03 -1.1642700e+03]
 [ 0.0000000e+00  0.0000000e+00  0.0000000e+00  1.0000000e+00]]
[-0132.26, +0042.52, -1061.35]
1934, 847, 2024
[[-4.4733700e-02  8.9699852e-01  4.3926876e-01  2.4770000e+01]
 [ 1.7278760e-02 -4.3874074e-01  8.9811372e-01  8.9410000e+01]
 [ 9.9863148e-01  4.7963160e-02  4.4376000e-03 -1.1641800e+03]
 [ 0.0000000e+00  0.0000000e+00  0.0000000e+00  1.0000000e+00]]
[-0098.21, +0145.10, -1138.03]
1727, 1094, 1788
[[-4.3583220e-02  8.9656324e-01  4.4036896e-01  2.4970000e+01]
 [ 1.6211240e-02 -4.3992808e-01  8.9761768e-01  8.9240000e+01]
 [ 9.9874304e-01  4.6418320e-02  4.8887000e-03 -1.1642100e+03]
 [ 0.0000000e+00  0.0000000e+00  0.0000000e+00  1.0000000e+00]]
[-0106.95, +0121.29, -1098.92]
1066, 1757, 1774
[[-4.3273780e-02  8.9657132e-01  4.4035860e-01  2.5020000e+01]
 [ 1.5731320e-02 -4.3992808e-01  8.9760960e-01  8.9220000e+01]
 [ 9.9875340e-01  4.5938400e-02  5.1981400e-03 -1.1642300e+03]
 [ 0.0000000e+00  0.0000000e+00  0.0000000e+00  1.0000000e+00]]
[-0174.85, +0043.93, -1111.19]
1334, 1793, 1692
[[-4.3184500e-02  8.9657246e-01  4.4036778e-01  2.5010000e+01]
 [ 1.6120820e-02 -4.3992004e-01  8.9760846e-01  8.9250000e+01]
 [ 9.9875226e-01  4.6028820e-02  4.8075000e-03 -1.1642300e+03]
 [ 0.0000000e+00  0.0000000e+00  0.0000000e+00  1.0000000e+00]]
[-0147.65, +0043.28, -1092.71]
1719, 1693, 1648
[[-4.2762320e-02  8.9662476e-01  4.4019072e-01  2.4990000e+01]
 [ 1.6850040e-02 -4.3966034e-01  8.9764656e-01  8.9270000e+01]
 [ 9.9870912e-01  4.6014240e-02  4.0259800e-03 -1.1642000e+03]
 [ 0.0000000e+00  0.0000000e+00  0.0000000e+00  1.0000000e+00]]
[-0105.27, +0064.77, -1083.05]
1485, 945, 1011
[[-4.3168320e-02  8.9598952e-01  4.4153512e-01  2.5020000e+01]
 [ 1.4816080e-02 -4.4114034e-01  8.9701862e-01  8.9080000e+01]
 [ 9.9876472e-01  4.5438980e-02  6.0439800e-03 -1.1642600e+03]
 [ 0.0000000e+00  0.0000000e+00  0.0000000e+00  1.0000000e+00]]
[-0064.76, +0086.63, -1074.34]
1770, 1000, 1736
[[-4.3738000e-02  8.9631520e-01  4.4052900e-01  2.4950000e+01]
 [ 1.6695200e-02 -4.3992808e-01  8.9738580e-01  8.9240000e+01]
 [ 9.9858300e-01  4.6894200e-02  4.7339200e-03 -1.1642200e+03]
 [ 0.0000000e+00  0.0000000e+00  0.0000000e+00  1.0000000e+00]]
[-0094.68, +0130.95, -1106.48]
2155, 1931, 1721
[[-4.3049220e-02  8.9703742e-01  4.3927262e-01  2.4960000e+01]
 [ 1.7307580e-02 -4.3870074e-01  8.9807482e-01  8.9420000e+01]
 [ 9.9866762e-01  4.6495180e-02  3.7234800e-03 -1.1642600e+03]
 [ 0.0000000e+00  0.0000000e+00  0.0000000e+00  1.0000000e+00]]
[-0080.70, +0058.24, -1096.47]
899, 844, 1396
[[-4.3682260e-02  8.9581504e-01  4.4177996e-01  2.5050000e+01]
 [ 1.3819840e-02 -4.4140960e-01  8.9686232e-01  8.9010000e+01]
 [ 9.9873076e-01  4.5479920e-02  7.2147000e-03 -1.1642700e+03]
 [ 0.0000000e+00  0.0000000e+00  0.0000000e+00  1.0000000e+00]]
[-0157.01, +0106.44, -1081.84]
948, 1273, 1386
[[-4.3631700e-02  8.9606686e-01  4.4115168e-01  2.5040000e+01]
 [ 1.5137580e-02 -4.4066850e-01  8.9712256e-01  8.9120000e+01]
 [ 9.9865984e-01  4.6067520e-02  6.0524400e-03 -1.1642500e+03]
 [ 0.0000000e+00  0.0000000e+00  0.0000000e+00  1.0000000e+00]]
[-0159.23, +0059.08, -1079.73]
1771, 851, 1612
[[-4.3363140e-02  8.9635884e-01  4.4082542e-01  2.4950000e+01]
 [ 1.5862520e-02 -4.4040804e-01  8.9740116e-01  8.9200000e+01]
 [ 9.9876654e-01  4.6057480e-02  5.1168600e-03 -1.1642300e+03]
 [ 0.0000000e+00  0.0000000e+00  0.0000000e+00  1.0000000e+00]]
[-0082.56, +0137.22, -1111.93]
1792, 1883, 967
[[-4.3273780e-02  8.9652666e-01  4.4055794e-01  2.5060000e+01]
 [ 1.5930660e-02 -4.4016402e-01  8.9756382e-01  8.9260000e+01]
 [ 9.9879806e-01  4.5984180e-02  4.9622000e-03 -1.1642900e+03]
 [ 0.0000000e+00  0.0000000e+00  0.0000000e+00  1.0000000e+00]]
[-0057.78, +0008.82, -1111.59]
1438, 1007, 1745
[[-4.3607200e-02  8.9635368e-01  4.4082136e-01  2.4960000e+01]
 [ 1.5713040e-02 -4.4041616e-01  8.9740632e-01  8.9180000e+01]
 [ 9.9876248e-01  4.6206960e-02  5.3528000e-03 -1.1642200e+03]
 [ 0.0000000e+00  0.0000000e+00  0.0000000e+00  1.0000000e+00]]
[-0127.26, +0125.01, -1098.09]
1624, 1713, 1380
[[-4.3672500e-02  8.9656210e-01  4.4035970e-01  2.5020000e+01]
 [ 1.5821740e-02 -4.3993620e-01  8.9761882e-01  8.9250000e+01]
 [ 9.9874418e-01  4.6327900e-02  5.2793400e-03 -1.1642600e+03]
 [ 0.0000000e+00  0.0000000e+00  0.0000000e+00  1.0000000e+00]]
[-0094.77, +0038.94, -1081.87]
1975, 996, 994
[[-4.3208520e-02  8.9624086e-01  4.4089758e-01  2.5000000e+01]
 [ 1.5744540e-02 -4.4040804e-01  8.9727914e-01  8.9170000e+01]
 [ 9.9869438e-01  4.5935460e-02  5.2714800e-03 -1.1642700e+03]
 [ 0.0000000e+00  0.0000000e+00  0.0000000e+00  1.0000000e+00]]
[-0027.10, +0090.31, -1113.94]
1439, 1151, 1497
[[-4.3517800e-02  8.9623278e-01  4.4090794e-01  2.4980000e+01]
 [ 1.6224540e-02 -4.4040804e-01  8.9728722e-01  8.9190000e+01]
 [ 9.9868402e-01  4.6415460e-02  4.9622000e-03 -1.1642200e+03]
 [ 0.0000000e+00  0.0000000e+00  0.0000000e+00  1.0000000e+00]]
[-0111.56, +0097.60, -1077.20]
1987, 1507, 820
[[-4.2875140e-02  8.9636916e-01  4.4083342e-01  2.5040000e+01]
 [ 1.6161480e-02 -4.4039204e-01  8.9739084e-01  8.9240000e+01]
 [ 9.9877454e-01  4.5758520e-02  4.6448600e-03 -1.1642800e+03]
 [ 0.0000000e+00  0.0000000e+00  0.0000000e+00  1.0000000e+00]]
[-0027.86, +0036.25, -1120.45]
1179, 1722, 1188
[[-4.3607200e-02  8.9639840e-01  4.4062200e-01  2.5040000e+01]
 [ 1.5513680e-02 -4.4018026e-01  8.9745210e-01  8.9200000e+01]
 [ 9.9871776e-01  4.6161180e-02  5.5887000e-03 -1.1642500e+03]
 [ 0.0000000e+00  0.0000000e+00  0.0000000e+00  1.0000000e+00]]
[-0125.75, +0010.12, -1087.92]
856, 1586, 952
[[-4.3348000e-02  8.9598784e-01  4.4151688e-01  2.5100000e+01]
 [ 1.4037200e-02 -4.4115690e-01  8.9702030e-01  8.9070000e+01]
 [ 9.9876640e-01  4.5257620e-02  6.8245400e-03 -1.1642800e+03]
 [ 0.0000000e+00  0.0000000e+00  0.0000000e+00  1.0000000e+00]]
[-0138.16, -0003.09, -1092.30]
1037, 1835, 1964
[[-4.4047680e-02  8.9688424e-01  4.3983104e-01  2.4980000e+01]
 [ 1.6288240e-02 -4.3945632e-01  8.9795728e-01  8.9290000e+01]
 [ 9.9879296e-01  4.6810720e-02  4.8960000e-03 -1.1642200e+03]
 [ 0.0000000e+00  0.0000000e+00  0.0000000e+00  1.0000000e+00]]
[-0183.92, +0050.84, -1128.30]
2077, 1005, 1988
[[-4.4622800e-02  8.9733132e-01  4.3874856e-01  2.4790000e+01]
 [ 1.8044280e-02 -4.3824482e-01  8.9844084e-01  8.9500000e+01]
 [ 9.9868824e-01  4.8146040e-02  3.5810200e-03 -1.1642200e+03]
 [ 0.0000000e+00  0.0000000e+00  0.0000000e+00  1.0000000e+00]]
[-0089.08, +0136.64, -1128.87]
2197, 1378, 1644
[[-4.4423540e-02  8.9700672e-01  4.3925796e-01  2.4930000e+01]
 [ 1.6799040e-02 -4.3874074e-01  8.9810552e-01  8.9440000e+01]
 [ 9.9864228e-01  4.7483440e-02  4.7477600e-03 -1.1642800e+03]
 [ 0.0000000e+00  0.0000000e+00  0.0000000e+00  1.0000000e+00]]
[-0061.43, +0099.00, -1105.79]
1709, 1389, 1039
[[-4.3452580e-02  8.9628046e-01  4.4069418e-01  2.5040000e+01]
 [ 1.5395740e-02 -4.4018026e-01  8.9733006e-01  8.9220000e+01]
 [ 9.9864558e-01  4.6039140e-02  5.7433200e-03 -1.1642800e+03]
 [ 0.0000000e+00  0.0000000e+00  0.0000000e+00  1.0000000e+00]]
[-0060.50, +0049.77, -1083.91]
995, 1878, 1782
[[-4.4250100e-02  8.9671758e-01  4.4006536e-01  2.5020000e+01]
 [ 1.4811660e-02 -4.3972530e-01  8.9779368e-01  8.9240000e+01]
 [ 9.9876952e-01  4.6373040e-02  6.3772400e-03 -1.1642500e+03]
 [ 0.0000000e+00  0.0000000e+00  0.0000000e+00  1.0000000e+00]]
[-0180.04, +0033.69, -1124.04]
956, 2060, 869
[[-4.2525700e-02  8.9617048e-01  4.4126184e-01  2.5120000e+01]
 [ 1.4553520e-02 -4.4088808e-01  8.9716836e-01  8.9120000e+01]
 [ 9.9881016e-01  4.4736360e-02  5.9623800e-03 -1.1642600e+03]
 [ 0.0000000e+00  0.0000000e+00  0.0000000e+00  1.0000000e+00]]
[-0121.32, -0029.57, -1136.94]
1624, 1782, 974
[[-4.2988960e-02  8.9620316e-01  4.4107756e-01  2.5040000e+01]
 [ 1.5074360e-02 -4.4065210e-01  8.9722628e-01  8.9160000e+01]
 [ 9.9875036e-01  4.5410680e-02  5.7351000e-03 -1.1642900e+03]
 [ 0.0000000e+00  0.0000000e+00  0.0000000e+00  1.0000000e+00]]
[-0067.89, +0012.35, -1098.61]
1910, 975, 1004
[[-4.3168320e-02  8.9598952e-01  4.4153512e-01  2.4990000e+01]
 [ 1.4816080e-02 -4.4114034e-01  8.9701862e-01  8.9120000e+01]
 [ 9.9876472e-01  4.5438980e-02  6.0439800e-03 -1.1642700e+03]
 [ 0.0000000e+00  0.0000000e+00  0.0000000e+00  1.0000000e+00]]
[-0031.30, +0091.94, -1107.51]
2178, 1971, 1618
[[-4.3536820e-02  8.9693794e-01  4.3966358e-01  2.4960000e+01]
 [ 1.7407060e-02 -4.3918834e-01  8.9799386e-01  8.9380000e+01]
 [ 9.9874858e-01  4.6886140e-02  3.7234800e-03 -1.1642600e+03]
 [ 0.0000000e+00  0.0000000e+00  0.0000000e+00  1.0000000e+00]]
[-0073.32, +0050.05, -1099.38]
1717, 1246, 1177
[[-4.3143460e-02  8.9598750e-01  4.4155848e-01  2.5010000e+01]
 [ 1.5835020e-02 -4.4112410e-01  8.9702064e-01  8.9110000e+01]
 [ 9.9875760e-01  4.5860400e-02  5.1086000e-03 -1.1642400e+03]
 [ 0.0000000e+00  0.0000000e+00  0.0000000e+00  1.0000000e+00]]
[-0065.73, +0072.87, -1081.08]
1546, 2041, 1239
[[-4.2964500e-02  8.9641270e-01  4.4062500e-01  2.5030000e+01]
 [ 1.5572700e-02 -4.4016402e-01  8.9743780e-01  8.9220000e+01]
 [ 9.9873100e-01  4.5622200e-02  5.2714800e-03 -1.1642500e+03]
 [ 0.0000000e+00  0.0000000e+00  0.0000000e+00  1.0000000e+00]]
[-0101.11, +0000.34, -1104.63]
820, 2040, 1428
[[-4.3477200e-02  8.9636000e-01  4.4079280e-01  2.5070000e+01]
 [ 1.4454080e-02 -4.4043264e-01  8.9740000e-01  8.9140000e+01]
 [ 9.9877456e-01  4.5545920e-02  6.4428000e-03 -1.1642600e+03]
 [ 0.0000000e+00  0.0000000e+00  0.0000000e+00  1.0000000e+00]]
[-0168.53, -0002.50, -1139.41]
1166, 1722, 1458
[[-4.3786240e-02  8.9622960e-01  4.4088016e-01  2.5010000e+01]
 [ 1.5056160e-02 -4.4043264e-01  8.9729040e-01  8.9150000e+01]
 [ 9.9868720e-01  4.6143840e-02  6.1337600e-03 -1.1642700e+03]
 [ 0.0000000e+00  0.0000000e+00  0.0000000e+00  1.0000000e+00]]
[-0147.06, +0031.47, -1089.45]
1990, 910, 1303
[[-4.3452580e-02  8.9610150e-01  4.4149154e-01  2.4960000e+01]
 [ 1.6193100e-02 -4.4112410e-01  8.9714670e-01  8.9160000e+01]
 [ 9.9882454e-01  4.6222500e-02  4.7994800e-03 -1.1642500e+03]
 [ 0.0000000e+00  0.0000000e+00  0.0000000e+00  1.0000000e+00]]
[-0045.35, +0116.72, -1115.22]
1924, 964, 1871
[[-4.4071300e-02  8.9626406e-01  4.4071498e-01  2.4910000e+01]
 [ 1.6355660e-02 -4.4018026e-01  8.9734646e-01  8.9210000e+01]
 [ 9.9862478e-01  4.6999060e-02  5.1246000e-03 -1.1642300e+03]
 [ 0.0000000e+00  0.0000000e+00  0.0000000e+00  1.0000000e+00]]
[-0091.90, +0138.12, -1122.42]
1600, 1749, 1250
[[-4.3940820e-02  8.9630274e-01  4.4100736e-01  2.5030000e+01]
 [ 1.5373460e-02 -4.4066850e-01  8.9736672e-01  8.9160000e+01]
 [ 9.9880416e-01  4.6311680e-02  5.7433200e-03 -1.1642800e+03]
 [ 0.0000000e+00  0.0000000e+00  0.0000000e+00  1.0000000e+00]]
[-0093.45, +0025.76, -1085.22]
1052, 1734, 1807
[[-4.3851300e-02  8.9627120e-01  4.4069520e-01  2.4990000e+01]
 [ 1.5486240e-02 -4.4018850e-01  8.9733932e-01  8.9170000e+01]
 [ 9.9863632e-01  4.6428600e-02  5.8245600e-03 -1.1642500e+03]
 [ 0.0000000e+00  0.0000000e+00  0.0000000e+00  1.0000000e+00]]
[-0178.36, +0047.91, -1114.55]
1991, 1924, 1371
[[-4.2452800e-02  8.9670992e-01  4.4030224e-01  2.5000000e+01]
 [ 1.6447520e-02 -4.3989640e-01  8.9771096e-01  8.9290000e+01]
 [ 9.9884144e-01  4.5462160e-02  4.0994400e-03 -1.1642600e+03]
 [ 0.0000000e+00  0.0000000e+00  0.0000000e+00  1.0000000e+00]]
[-0067.52, +0033.24, -1099.36]
1568, 1013, 815
[[-4.3746600e-02  8.9559952e-01  4.4226996e-01  2.5040000e+01]
 [ 1.4970120e-02 -4.4187300e-01  8.9665616e-01  8.9020000e+01]
 [ 9.9873776e-01  4.6020360e-02  6.1983600e-03 -1.1642900e+03]
 [ 0.0000000e+00  0.0000000e+00  0.0000000e+00  1.0000000e+00]]
[-0045.26, +0065.86, -1082.09]
1687, 901, 1852
[[-4.4185000e-02  8.9605340e-01  4.4115780e-01  2.4920000e+01]
 [ 1.5468200e-02 -4.4067682e-01  8.9713602e-01  8.9160000e+01]
 [ 9.9864540e-01  4.6696980e-02  5.9791800e-03 -1.1642600e+03]
 [ 0.0000000e+00  0.0000000e+00  0.0000000e+00  1.0000000e+00]]
[-0106.57, +0141.93, -1118.94]
1249, 1332, 919
[[-4.3502340e-02  8.9593872e-01  4.4172114e-01  2.5040000e+01]
 [ 1.4476560e-02 -4.4139280e-01  8.9697872e-01  8.9070000e+01]
 [ 9.9880638e-01  4.5543440e-02  6.4343000e-03 -1.1643000e+03]
 [ 0.0000000e+00  0.0000000e+00  0.0000000e+00  1.0000000e+00]]
[-0089.83, +0029.84, -1069.71]
1383, 2179, 1140
[[-4.3184500e-02  8.9669444e-01  4.4029042e-01  2.5040000e+01]
 [ 1.5998840e-02 -4.3992004e-01  8.9772644e-01  8.9280000e+01]
 [ 9.9882962e-01  4.5910840e-02  4.8075000e-03 -1.1642800e+03]
 [ 0.0000000e+00  0.0000000e+00  0.0000000e+00  1.0000000e+00]]
[-0107.15, -0013.93, -1122.18]
1038, 1209, 1204
[[-4.3900980e-02  8.9592952e-01  4.4172198e-01  2.5010000e+01]
 [ 1.4567280e-02 -4.4140116e-01  8.9698792e-01  8.9070000e+01]
 [ 9.9879718e-01  4.5932880e-02  6.5158200e-03 -1.1642700e+03]
 [ 0.0000000e+00  0.0000000e+00  0.0000000e+00  1.0000000e+00]]
[-0136.27, +0055.76, -1067.45]
2063, 2032, 2025
[[-4.3226900e-02  8.9711220e-01  4.3937610e-01  2.4920000e+01]
 [ 1.6605960e-02 -4.3895240e-01  8.9814972e-01  8.9400000e+01]
 [ 9.9879222e-01  4.6242600e-02  4.2693400e-03 -1.1642500e+03]
 [ 0.0000000e+00  0.0000000e+00  0.0000000e+00  1.0000000e+00]]
[-0109.34, +0065.15, -1096.92]
816, 1035, 1570
[[-4.3772340e-02  8.9576932e-01  4.4197008e-01  2.5040000e+01]
 [ 1.3629720e-02 -4.4165394e-01  8.9681728e-01  8.8990000e+01]
 [ 9.9877648e-01  4.5434880e-02  7.3689600e-03 -1.1642700e+03]
 [ 0.0000000e+00  0.0000000e+00  0.0000000e+00  1.0000000e+00]]
[-0179.80, +0090.64, -1098.16]
1306, 2129, 1031
[[-4.3208520e-02  8.9628558e-01  4.4069826e-01  2.5070000e+01]
 [ 1.5545220e-02 -4.4017210e-01  8.9732494e-01  8.9220000e+01]
 [ 9.9864966e-01  4.5889660e-02  5.5074200e-03 -1.1643000e+03]
 [ 0.0000000e+00  0.0000000e+00  0.0000000e+00  1.0000000e+00]]
[-0105.33, -0018.39, -1124.14]
2139, 1584, 1202
[[-4.2875140e-02  8.9653580e-01  4.4055680e-01  2.4970000e+01]
 [ 1.5840200e-02 -4.4015602e-01  8.9755468e-01  8.9270000e+01]
 [ 9.9880720e-01  4.5594680e-02  4.8808800e-03 -1.1642800e+03]
 [ 0.0000000e+00  0.0000000e+00  0.0000000e+00  1.0000000e+00]]
[-0040.78, +0058.07, -1108.73]
862, 1708, 2157
[[-4.3721380e-02  8.9661168e-01  4.4011336e-01  2.4990000e+01]
 [ 1.3584480e-02 -4.3973378e-01  8.9765964e-01  8.9140000e+01]
 [ 9.9871304e-01  4.5440760e-02  7.3858400e-03 -1.1642400e+03]
 [ 0.0000000e+00  0.0000000e+00  0.0000000e+00  1.0000000e+00]]
[-0192.91, +0067.07, -1151.02]
1062, 1365, 2079
[[-4.3965600e-02  8.9618300e-01  4.4106100e-01  2.4970000e+01]
 [ 1.4476600e-02 -4.4068522e-01  8.9724644e-01  8.9110000e+01]
 [ 9.9873380e-01  4.6008440e-02  6.6786200e-03 -1.1642500e+03]
 [ 0.0000000e+00  0.0000000e+00  0.0000000e+00  1.0000000e+00]]
[-0180.27, +0094.94, -1126.50]
1567, 1684, 1825
[[-4.3273780e-02  8.9640466e-01  4.4063528e-01  2.4970000e+01]
 [ 1.6052660e-02 -4.4016402e-01  8.9744584e-01  8.9190000e+01]
 [ 9.9872072e-01  4.6102160e-02  4.9622000e-03 -1.1642400e+03]
 [ 0.0000000e+00  0.0000000e+00  0.0000000e+00  1.0000000e+00]]
[-0132.02, +0070.79, -1087.92]
1809, 2176, 846
[[-4.1899620e-02  8.9651170e-01  4.4077162e-01  2.5160000e+01]
 [ 1.6637500e-02 -4.4036100e-01  8.9748830e-01  8.9340000e+01]
 [ 9.9886738e-01  4.5042500e-02  3.7003800e-03 -1.1643300e+03]
 [ 0.0000000e+00  0.0000000e+00  0.0000000e+00  1.0000000e+00]]
[-0064.39, -0006.23, -1134.32]
1050, 884, 1517
[[-4.3682260e-02  8.9572500e-01  4.4217856e-01  2.4980000e+01]
 [ 1.4218440e-02 -4.4188136e-01  8.9677080e-01  8.8980000e+01]
 [ 9.9882080e-01  4.5571440e-02  6.7429400e-03 -1.1642300e+03]
 [ 0.0000000e+00  0.0000000e+00  0.0000000e+00  1.0000000e+00]]
[-0148.46, +0115.27, -1086.96]
1758, 1975, 1123
[[-4.3053940e-02  8.9632218e-01  4.4101448e-01  2.5030000e+01]
 [ 1.5581820e-02 -4.4064402e-01  8.9734728e-01  8.9170000e+01]
 [ 9.9882152e-01  4.5623280e-02  5.1900800e-03 -1.1642700e+03]
 [ 0.0000000e+00  0.0000000e+00  0.0000000e+00  1.0000000e+00]]
[-0071.93, +0008.28, -1106.09]
1628, 1759, 1670
[[-4.2988960e-02  8.9615836e-01  4.4127684e-01  2.4980000e+01]
 [ 1.5273640e-02 -4.4088808e-01  8.9718048e-01  8.9120000e+01]
 [ 9.9879516e-01  4.5456480e-02  5.4991200e-03 -1.1642400e+03]
 [ 0.0000000e+00  0.0000000e+00  0.0000000e+00  1.0000000e+00]]
[-0120.65, +0057.35, -1084.70]
2109, 2188, 1699
[[-4.3315860e-02  8.9682258e-01  4.3972116e-01  2.4980000e+01]
 [ 1.6659660e-02 -4.3919626e-01  8.9786932e-01  8.9360000e+01]
 [ 9.9868308e-01  4.6434040e-02  4.4242400e-03 -1.1642800e+03]
 [ 0.0000000e+00  0.0000000e+00  0.0000000e+00  1.0000000e+00]]
[-0087.83, +0034.97, -1101.79]
1882, 1323, 1063
[[-4.2924180e-02  8.9578276e-01  4.4201492e-01  2.5010000e+01]
 [ 1.5486040e-02 -4.4160426e-01  8.9680384e-01  8.9050000e+01]
 [ 9.9878132e-01  4.5499360e-02  5.3359200e-03 -1.1642400e+03]
 [ 0.0000000e+00  0.0000000e+00  0.0000000e+00  1.0000000e+00]]
[-0048.23, +0062.65, -1093.39]
1745, 2189, 1458
[[-4.3672500e-02  8.9656210e-01  4.4035970e-01  2.5020000e+01]
 [ 1.5821740e-02 -4.3993620e-01  8.9761882e-01  8.9220000e+01]
 [ 9.9874418e-01  4.6327900e-02  5.2793400e-03 -1.1642600e+03]
 [ 0.0000000e+00  0.0000000e+00  0.0000000e+00  1.0000000e+00]]
[-0104.30, +0008.85, -1106.30]
808, 1352, 1573
[[-4.3618120e-02  8.9565140e-01  4.4204228e-01  2.5030000e+01]
 [ 1.3511800e-02 -4.4165394e-01  8.9669510e-01  8.8970000e+01]
 [ 9.9870428e-01  4.5312700e-02  7.5231800e-03 -1.1642500e+03]
 [ 0.0000000e+00  0.0000000e+00  0.0000000e+00  1.0000000e+00]]
[-0185.22, +0060.38, -1103.99]
1012, 2009, 2103
[[-4.5310660e-02  8.9715296e-01  4.3897374e-01  2.4880000e+01]
 [ 1.6268240e-02 -4.3853008e-01  8.9828928e-01  8.9330000e+01]
 [ 9.9865746e-01  4.8008880e-02  5.5354200e-03 -1.1642100e+03]
 [ 0.0000000e+00  0.0000000e+00  0.0000000e+00  1.0000000e+00]]
[-0184.58, +0045.08, -1143.53]
1374, 1020, 1920
[[-4.4055400e-02  8.9597024e-01  4.4152768e-01  2.4950000e+01]
 [ 1.4608000e-02 -4.4116530e-01  8.9703790e-01  8.9050000e+01]
 [ 9.9874720e-01  4.6127180e-02  6.5972600e-03 -1.1642900e+03]
 [ 0.0000000e+00  0.0000000e+00  0.0000000e+00  1.0000000e+00]]
[-0140.13, +0128.07, -1110.17]
2042, 812, 1087
[[-4.3721380e-02  8.9597622e-01  4.4154112e-01  2.4950000e+01]
 [ 1.5146820e-02 -4.4114858e-01  8.9703192e-01  8.9120000e+01]
 [ 9.9875048e-01  4.6068480e-02  5.9710400e-03 -1.1642900e+03]
 [ 0.0000000e+00  0.0000000e+00  0.0000000e+00  1.0000000e+00]]
[-0029.45, +0111.05, -1127.97]
905, 1260, 1456
[[-4.4389620e-02  8.9591944e-01  4.4171350e-01  2.5020000e+01]
 [ 1.4268560e-02 -4.4141812e-01  8.9699800e-01  8.9050000e+01]
 [ 9.9878870e-01  4.6231600e-02  6.9875000e-03 -1.1642600e+03]
 [ 0.0000000e+00  0.0000000e+00  0.0000000e+00  1.0000000e+00]]
[-0169.27, +0063.80, -1086.38]
2087, 1446, 2156
[[-4.3846900e-02  8.9693006e-01  4.3967438e-01  2.4820000e+01]
 [ 1.7886860e-02 -4.3918834e-01  8.9800174e-01  8.9380000e+01]
 [ 9.9873778e-01  4.7365940e-02  3.4134000e-03 -1.1642000e+03]
 [ 0.0000000e+00  0.0000000e+00  0.0000000e+00  1.0000000e+00]]
[-0104.93, +0117.87, -1112.73]
1544, 900, 1185
[[-4.3502340e-02  8.9581660e-01  4.4179832e-01  2.4990000e+01]
 [ 1.4598680e-02 -4.4139280e-01  8.9686076e-01  8.9040000e+01]
 [ 9.9872920e-01  4.5661400e-02  6.4343000e-03 -1.1642500e+03]
 [ 0.0000000e+00  0.0000000e+00  0.0000000e+00  1.0000000e+00]]
[-0074.25, +0105.29, -1079.65]
2076, 1740, 1822
[[-4.4113540e-02  8.9675944e-01  4.3992318e-01  2.4920000e+01]
 [ 1.7039680e-02 -4.3944820e-01  8.9784216e-01  8.9330000e+01]
 [ 9.9870894e-01  4.7258880e-02  4.3503000e-03 -1.1642600e+03]
 [ 0.0000000e+00  0.0000000e+00  0.0000000e+00  1.0000000e+00]]
[-0088.19, +0079.61, -1093.59]
1827, 2142, 1701
[[-4.3583220e-02  8.9672986e-01  4.4009220e-01  2.5010000e+01]
 [ 1.5889860e-02 -4.3969218e-01  8.9778140e-01  8.9280000e+01]
 [ 9.9877580e-01  4.6254600e-02  5.1246000e-03 -1.1642700e+03]
 [ 0.0000000e+00  0.0000000e+00  0.0000000e+00  1.0000000e+00]]
[-0112.92, +0026.33, -1098.96]
2020, 1158, 971
[[-4.2988960e-02  8.9603632e-01  4.4135408e-01  2.4990000e+01]
 [ 1.5395680e-02 -4.4088808e-01  8.9706248e-01  8.9150000e+01]
 [ 9.9871792e-01  4.5574480e-02  5.4991200e-03 -1.1642900e+03]
 [ 0.0000000e+00  0.0000000e+00  0.0000000e+00  1.0000000e+00]]
[-0026.26, +0074.89, -1114.59]
1253, 2082, 1392
[[-4.3607200e-02  8.9644312e-01  4.4042264e-01  2.5020000e+01]
 [ 1.5314320e-02 -4.3994440e-01  8.9749784e-01  8.9220000e+01]
 [ 9.9867304e-01  4.6115440e-02  5.8245600e-03 -1.1642500e+03]
 [ 0.0000000e+00  0.0000000e+00  0.0000000e+00  1.0000000e+00]]
[-0135.98, -0001.41, -1112.77]
1541, 1669, 1850
[[-4.3494020e-02  8.9644248e-01  4.4045562e-01  2.4960000e+01]
 [ 1.6722720e-02 -4.3992004e-01  8.9749848e-01  8.9220000e+01]
 [ 9.9866442e-01  4.6626720e-02  4.4979800e-03 -1.1642400e+03]
 [ 0.0000000e+00  0.0000000e+00  0.0000000e+00  1.0000000e+00]]
[-0137.74, +0075.01, -1090.23]
2089, 934, 807
[[-4.3502340e-02  8.9581660e-01  4.4179832e-01  2.4990000e+01]
 [ 1.4598680e-02 -4.4139280e-01  8.9686076e-01  8.9120000e+01]
 [ 9.9872920e-01  4.5661400e-02  6.4343000e-03 -1.1643000e+03]
 [ 0.0000000e+00  0.0000000e+00  0.0000000e+00  1.0000000e+00]]
[-0014.63, +0084.23, -1134.71]
1007, 2060, 1882
[[-4.3607200e-02  8.9660988e-01  4.4014596e-01  2.5000000e+01]
 [ 1.4992920e-02 -4.3970858e-01  8.9766144e-01  8.9230000e+01]
 [ 9.9870564e-01  4.5951840e-02  6.0603800e-03 -1.1642500e+03]
 [ 0.0000000e+00  0.0000000e+00  0.0000000e+00  1.0000000e+00]]
[-0178.69, +0027.91, -1135.79]
1713, 1407, 1067
[[-4.3721380e-02  8.9589898e-01  4.4141902e-01  2.5010000e+01]
 [ 1.5069580e-02 -4.4091268e-01  8.9695978e-01  8.9130000e+01]
 [ 9.9862838e-01  4.6140620e-02  6.2069400e-03 -1.1643000e+03]
 [ 0.0000000e+00  0.0000000e+00  0.0000000e+00  1.0000000e+00]]
[-0056.69, +0051.97, -1085.55]
2176, 1007, 934
[[-4.2476580e-02  8.9604500e-01  4.4138534e-01  2.4970000e+01]
 [ 1.6713400e-02 -4.4085640e-01  8.9705380e-01  8.9170000e+01]
 [ 9.9871834e-01  4.5697000e-02  4.0911800e-03 -1.1642300e+03]
 [ 0.0000000e+00  0.0000000e+00  0.0000000e+00  1.0000000e+00]]
[-0019.74, +0086.35, -1133.39]
2192, 876, 2086
[[-4.5785940e-02  8.9972228e-01  4.3368428e-01  2.4310000e+01]
 [ 2.2887320e-02 -4.3292682e-01  9.0089408e-01  9.0140000e+01]
 [ 9.9852812e-01  5.1320480e-02 -5.4312000e-04 -1.1641000e+03]
 [ 0.0000000e+00  0.0000000e+00  0.0000000e+00  1.0000000e+00]]
[-0084.73, +0139.19, -1138.79]
1016, 1835, 1191
[[-4.3078600e-02  8.9582358e-01  4.4182074e-01  2.4920000e+01]
 [ 1.5526860e-02 -4.4136820e-01  8.9685378e-01  8.8970000e+01]
 [ 9.9873138e-01  4.5693540e-02  5.4175600e-03 -1.1643300e+03]
 [ 0.0000000e+00  0.0000000e+00  0.0000000e+00  1.0000000e+00]]
[-0141.88, -0002.65, -1103.90]
1865, 2195, 1349
[[-4.1477760e-02  8.9665320e-01  4.4019560e-01  2.4900000e+01]
 [ 1.6968400e-02 -4.3962978e-01  8.9761812e-01  8.9200000e+01]
 [ 9.9873480e-01  4.4936120e-02  3.3910200e-03 -1.1643200e+03]
 [ 0.0000000e+00  0.0000000e+00  0.0000000e+00  1.0000000e+00]]
[-0084.51, +0008.82, -1110.44]
1188, 1223, 1005
[[-4.3168320e-02  8.9561072e-01  4.4228736e-01  2.4900000e+01]
 [ 1.5658080e-02 -4.4184840e-01  8.9664496e-01  8.8910000e+01]
 [ 9.9874496e-01  4.5812640e-02  5.3359200e-03 -1.1643200e+03]
 [ 0.0000000e+00  0.0000000e+00  0.0000000e+00  1.0000000e+00]]
[-0102.39, +0044.84, -1064.08]
900, 2087, 1587
[[-4.3143460e-02  8.9636592e-01  4.4080606e-01  2.4940000e+01]
 [ 1.4993040e-02 -4.4041616e-01  8.9739408e-01  8.9020000e+01]
 [ 9.9877778e-01  4.5486960e-02  5.8165400e-03 -1.1643400e+03]
 [ 0.0000000e+00  0.0000000e+00  0.0000000e+00  1.0000000e+00]]
[-0171.60, +0005.67, -1139.10]
1278, 1831, 2080
[[-4.2541960e-02  8.9654214e-01  4.4056982e-01  2.4820000e+01]
 [ 1.6379220e-02 -4.4014026e-01  8.9754834e-01  8.9080000e+01]
 [ 9.9880994e-01  4.5535620e-02  4.2541400e-03 -1.1642800e+03]
 [ 0.0000000e+00  0.0000000e+00  0.0000000e+00  1.0000000e+00]]
[-0173.36, +0066.03, -1118.23]
1211, 1727, 2180
[[-4.3184500e-02  8.9632850e-01  4.4052250e-01  2.4810000e+01]
 [ 1.6364780e-02 -4.3992004e-01  8.9737250e-01  8.9070000e+01]
 [ 9.9859754e-01  4.6264780e-02  4.8075000e-03 -1.1642800e+03]
 [ 0.0000000e+00  0.0000000e+00  0.0000000e+00  1.0000000e+00]]
[-0179.35, +0077.38, -1127.81]
848, 816, 1343
[[-4.2911360e-02  8.9541144e-01  4.4270664e-01  2.4920000e+01]
 [ 1.3660560e-02 -4.4235328e-01  8.9642232e-01  8.8780000e+01]
 [ 9.9878136e-01  4.4698320e-02  7.0419200e-03 -1.1643300e+03]
 [ 0.0000000e+00  0.0000000e+00  0.0000000e+00  1.0000000e+00]]
[-0158.47, +0104.27, -1079.36]
1519, 2099, 850
[[-4.1858500e-02  8.9606052e-01  4.4136486e-01  2.4950000e+01]
 [ 1.5753240e-02 -4.4085640e-01  8.9703828e-01  8.9050000e+01]
 [ 9.9873882e-01  4.4736840e-02  4.7092600e-03 -1.1643300e+03]
 [ 0.0000000e+00  0.0000000e+00  0.0000000e+00  1.0000000e+00]]
[-0077.49, -0016.04, -1130.15]
1091, 916, 1387
[[-4.2795220e-02  8.9562192e-01  4.4226314e-01  2.4870000e+01]
 [ 1.4548320e-02 -4.4185652e-01  8.9663376e-01  8.8860000e+01]
 [ 9.9876106e-01  4.5001440e-02  6.1892600e-03 -1.1643000e+03]
 [ 0.0000000e+00  0.0000000e+00  0.0000000e+00  1.0000000e+00]]
[-0136.66, +0104.81, -1075.06]
936, 1724, 2007
[[-4.3542100e-02  8.9618992e-01  4.4108364e-01  2.4860000e+01]
 [ 1.5404960e-02 -4.4066026e-01  8.9723952e-01  8.8990000e+01]
 [ 9.9873612e-01  4.6040160e-02  5.6620000e-03 -1.1643000e+03]
 [ 0.0000000e+00  0.0000000e+00  0.0000000e+00  1.0000000e+00]]
[-0190.97, +0059.22, -1136.85]
1028, 1543, 1458
[[-4.3502340e-02  8.9572672e-01  4.4219692e-01  2.4890000e+01]
 [ 1.4997280e-02 -4.4186472e-01  8.9676908e-01  8.8920000e+01]
 [ 9.9881908e-01  4.5753080e-02  5.9623800e-03 -1.1643200e+03]
 [ 0.0000000e+00  0.0000000e+00  0.0000000e+00  1.0000000e+00]]
[-0157.87, +0040.80, -1087.73]
1204, 1601, 1852
[[-4.3143460e-02  8.9603228e-01  4.4135918e-01  2.4830000e+01]
 [ 1.5635720e-02 -4.4088808e-01  8.9706652e-01  8.9010000e+01]
 [ 9.9871282e-01  4.5814520e-02  5.3446200e-03 -1.1643000e+03]
 [ 0.0000000e+00  0.0000000e+00  0.0000000e+00  1.0000000e+00]]
[-0168.00, +0069.33, -1102.38]
1274, 861, 1225
[[-4.3437960e-02  8.9531856e-01  4.4261344e-01  2.4870000e+01]
 [ 1.4933440e-02 -4.4210898e-01  8.9636598e-01  8.8840000e+01]
 [ 9.9863856e-01  4.5821980e-02  6.2710200e-03 -1.1643300e+03]
 [ 0.0000000e+00  0.0000000e+00  0.0000000e+00  1.0000000e+00]]
[-0102.33, +0106.16, -1070.55]
1544, 1981, 1545
[[-4.2256900e-02  8.9634026e-01  4.4101232e-01  2.4870000e+01]
 [ 1.5400700e-02 -4.4062810e-01  8.9732920e-01  8.9050000e+01]
 [ 9.9883960e-01  4.4844320e-02  5.0270400e-03 -1.1643200e+03]
 [ 0.0000000e+00  0.0000000e+00  0.0000000e+00  1.0000000e+00]]
[-0120.05, +0024.31, -1092.79]
1125, 1117, 1280
[[-4.2795220e-02  8.9557694e-01  4.4246236e-01  2.4890000e+01]
 [ 1.4747540e-02 -4.4209258e-01  8.9658788e-01  8.8860000e+01]
 [ 9.9880604e-01  4.5047320e-02  5.9532000e-03 -1.1643100e+03]
 [ 0.0000000e+00  0.0000000e+00  0.0000000e+00  1.0000000e+00]]
[-0129.76, +0075.12, -1067.15]
2046, 1997, 1057
[[-4.2298100e-02  8.9638080e-01  4.4085030e-01  2.4910000e+01]
 [ 1.6849920e-02 -4.4036864e-01  8.9737920e-01  8.9150000e+01]
 [ 9.9878106e-01  4.5550080e-02  3.7819000e-03 -1.1643500e+03]
 [ 0.0000000e+00  0.0000000e+00  0.0000000e+00  1.0000000e+00]]
[-0052.74, +0017.64, -1119.14]
2030, 1088, 1847
[[-4.2964500e-02  8.9603460e-01  4.4137750e-01  2.4770000e+01]
 [ 1.6414600e-02 -4.4087208e-01  8.9706420e-01  8.9030000e+01]
 [ 9.9871050e-01  4.5995800e-02  4.5634200e-03 -1.1642600e+03]
 [ 0.0000000e+00  0.0000000e+00  0.0000000e+00  1.0000000e+00]]
[-0085.27, +0129.79, -1116.83]
1491, 1254, 1960
[[-4.3387560e-02  8.9590510e-01  4.4143238e-01  2.4810000e+01]
 [ 1.5608380e-02 -4.4089620e-01  8.9695366e-01  8.8980000e+01]
 [ 9.9863150e-01  4.6081900e-02  5.5806000e-03 -1.1643100e+03]
 [ 0.0000000e+00  0.0000000e+00  0.0000000e+00  1.0000000e+00]]
[-0143.27, +0113.67, -1104.07]
1951, 2159, 1151
[[-4.1412100e-02  8.9656652e-01  4.4057996e-01  2.4930000e+01]
 [ 1.6737320e-02 -4.4010970e-01  8.9752396e-01  8.9190000e+01]
 [ 9.9883036e-01  4.4697560e-02  3.4641600e-03 -1.1643500e+03]
 [ 0.0000000e+00  0.0000000e+00  0.0000000e+00  1.0000000e+00]]
[-0069.08, +0007.78, -1117.75]
1110, 852, 1570
[[-4.2949480e-02  8.9545078e-01  4.4254450e-01  2.4840000e+01]
 [ 1.5109780e-02 -4.4209258e-01  8.9647390e-01  8.8850000e+01]
 [ 9.9872390e-01  4.5405500e-02  5.7989400e-03 -1.1642900e+03]
 [ 0.0000000e+00  0.0000000e+00  0.0000000e+00  1.0000000e+00]]
[-0144.61, +0122.53, -1091.90]
1551, 1242, 1841
[[-4.3542100e-02  8.9605558e-01  4.4168166e-01  2.4800000e+01]
 [ 1.6002980e-02 -4.4136820e-01  8.9710194e-01  8.8990000e+01]
 [ 9.9887046e-01  4.6177740e-02  4.9540600e-03 -1.1643000e+03]
 [ 0.0000000e+00  0.0000000e+00  0.0000000e+00  1.0000000e+00]]
[-0127.58, +0112.24, -1095.16]
1069, 1905, 1506
[[-4.2680080e-02  8.9583268e-01  4.4181968e-01  2.4890000e+01]
 [ 1.5436120e-02 -4.4136016e-01  8.9684468e-01  8.8960000e+01]
 [ 9.9874048e-01  4.5304120e-02  5.3359200e-03 -1.1642800e+03]
 [ 0.0000000e+00  0.0000000e+00  0.0000000e+00  1.0000000e+00]]
[-0159.60, +0013.63, -1110.03]
1318, 1554, 1868
[[-4.3053940e-02  8.9598866e-01  4.4156764e-01  2.4820000e+01]
 [ 1.6224460e-02 -4.4111610e-01  8.9701948e-01  8.8990000e+01]
 [ 9.9875644e-01  4.5951080e-02  4.7180000e-03 -1.1642800e+03]
 [ 0.0000000e+00  0.0000000e+00  0.0000000e+00  1.0000000e+00]]
[-0158.15, +0078.34, -1097.37]
1082, 908, 1152
[[-4.2975300e-02  8.9524086e-01  4.4299688e-01  2.4880000e+01]
 [ 1.4611460e-02 -4.4258106e-01  8.9626176e-01  8.8800000e+01]
 [ 9.9874368e-01  4.5193360e-02  6.2616000e-03 -1.1642900e+03]
 [ 0.0000000e+00  0.0000000e+00  0.0000000e+00  1.0000000e+00]]
[-0119.73, +0089.21, -1062.67]
863, 2025, 1033
[[-4.2769800e-02  8.9578678e-01  4.4200986e-01  2.4960000e+01]
 [ 1.5245940e-02 -4.4160426e-01  8.9679982e-01  8.8910000e+01]
 [ 9.9878638e-01  4.5259260e-02  5.4903000e-03 -1.1643100e+03]
 [ 0.0000000e+00  0.0000000e+00  0.0000000e+00  1.0000000e+00]]
[-0141.53, -0023.18, -1134.25]
1702, 2115, 2190
[[-4.3315860e-02  8.9661164e-01  4.4019736e-01  2.4790000e+01]
 [ 1.7180360e-02 -4.3966818e-01  8.9765968e-01  8.9180000e+01]
 [ 9.9869464e-01  4.6643680e-02  3.9523200e-03 -1.1643000e+03]
 [ 0.0000000e+00  0.0000000e+00  0.0000000e+00  1.0000000e+00]]
[-0148.92, +0057.76, -1109.27]
1769, 854, 1734
[[-4.2924180e-02  8.9578276e-01  4.4201492e-01  2.4800000e+01]
 [ 1.5486040e-02 -4.4160426e-01  8.9680384e-01  8.8930000e+01]
 [ 9.9878132e-01  4.5499360e-02  5.3359200e-03 -1.1642900e+03]
 [ 0.0000000e+00  0.0000000e+00  0.0000000e+00  1.0000000e+00]]
[-0090.78, +0140.98, -1117.68]
1305, 1792, 2134
[[-4.3119120e-02  8.9624200e-01  4.4090676e-01  2.4800000e+01]
 [ 1.6134000e-02 -4.4040000e-01  8.9727800e-01  8.9050000e+01]
 [ 9.9869324e-01  4.6026000e-02  4.8808800e-03 -1.1642700e+03]
 [ 0.0000000e+00  0.0000000e+00  0.0000000e+00  1.0000000e+00]]
[-0174.22, +0071.32, -1120.04]
881, 1400, 1529
[[-4.2615460e-02  8.9545688e-01  4.4255760e-01  2.4910000e+01]
 [ 1.5648400e-02 -4.4207650e-01  8.9646780e-01  8.8840000e+01]
 [ 9.9872688e-01  4.5347160e-02  5.1724000e-03 -1.1642700e+03]
 [ 0.0000000e+00  0.0000000e+00  0.0000000e+00  1.0000000e+00]]
[-0176.84, +0053.78, -1096.42]
978, 1805, 1280
[[-4.2988960e-02  8.9582468e-01  4.4182988e-01  2.4910000e+01]
 [ 1.5916280e-02 -4.4136016e-01  8.9685268e-01  8.8920000e+01]
 [ 9.9873028e-01  4.5784280e-02  5.0270400e-03 -1.1643000e+03]
 [ 0.0000000e+00  0.0000000e+00  0.0000000e+00  1.0000000e+00]]
[-0151.95, +0004.73, -1103.94]
1011, 1558, 1537
[[-4.2924180e-02  8.9578276e-01  4.4201492e-01  2.4860000e+01]
 [ 1.5486040e-02 -4.4160426e-01  8.9680384e-01  8.8930000e+01]
 [ 9.9878132e-01  4.5499360e-02  5.3359200e-03 -1.1642800e+03]
 [ 0.0000000e+00  0.0000000e+00  0.0000000e+00  1.0000000e+00]]
[-0167.02, +0044.87, -1094.54]
1616, 1802, 1187
[[-4.1948020e-02  8.9577066e-01  4.4170952e-01  2.4890000e+01]
 [ 1.5806940e-02 -4.4110034e-01  8.9675736e-01  8.8990000e+01]
 [ 9.9863032e-01  4.4928240e-02  4.8636800e-03 -1.1643300e+03]
 [ 0.0000000e+00  0.0000000e+00  0.0000000e+00  1.0000000e+00]]
[-0083.87, +0019.57, -1089.99]
1138, 1239, 1218
[[-4.2615460e-02  8.9570100e-01  4.4240328e-01  2.4880000e+01]
 [ 1.5404280e-02 -4.4207650e-01  8.9670396e-01  8.8870000e+01]
 [ 9.9888120e-01  4.5111000e-02  5.1724000e-03 -1.1643000e+03]
 [ 0.0000000e+00  0.0000000e+00  0.0000000e+00  1.0000000e+00]]
[-0126.05, +0057.53, -1066.64]
2092, 1879, 1864
[[-4.2940560e-02  8.9653304e-01  4.4057108e-01  2.4800000e+01]
 [ 1.6469680e-02 -4.4014810e-01  8.9755744e-01  8.9150000e+01]
 [ 9.9880084e-01  4.5925120e-02  4.3355000e-03 -1.1643400e+03]
 [ 0.0000000e+00  0.0000000e+00  0.0000000e+00  1.0000000e+00]]
[-0093.48, +0069.57, -1093.90]
967, 2049, 1402
[[-4.3322740e-02  8.9594056e-01  4.4173946e-01  2.4930000e+01]
 [ 1.5255440e-02 -4.4137632e-01  8.9697688e-01  8.8940000e+01]
 [ 9.9880454e-01  4.5724880e-02  5.6535800e-03 -1.1643300e+03]
 [ 0.0000000e+00  0.0000000e+00  0.0000000e+00  1.0000000e+00]]
[-0158.22, -0003.41, -1127.59]
941, 1682, 1943
[[-4.3322740e-02  8.9603028e-01  4.4134086e-01  2.4850000e+01]
 [ 1.4856840e-02 -4.4090440e-01  8.9706852e-01  8.8930000e+01]
 [ 9.9871482e-01  4.5633240e-02  6.1255000e-03 -1.1642900e+03]
 [ 0.0000000e+00  0.0000000e+00  0.0000000e+00  1.0000000e+00]]
[-0189.33, +0059.65, -1129.77]
2158, 1473, 2109
[[-4.3381840e-02  8.9665360e-01  4.4001260e-01  2.4700000e+01]
 [ 1.7610400e-02 -4.3942432e-01  8.9770808e-01  8.9230000e+01]
 [ 9.9864340e-01  4.6928080e-02  3.6424800e-03 -1.1642900e+03]
 [ 0.0000000e+00  0.0000000e+00  0.0000000e+00  1.0000000e+00]]
[-0098.44, +0114.10, -1110.52]
1590, 1186, 1852
[[-4.3851300e-02  8.9609224e-01  4.4149272e-01  2.4830000e+01]
 [ 1.6283760e-02 -4.4113218e-01  8.9715596e-01  8.9000000e+01]
 [ 9.9881528e-01  4.6611960e-02  4.8808800e-03 -1.1643100e+03]
 [ 0.0000000e+00  0.0000000e+00  0.0000000e+00  1.0000000e+00]]
[-0125.84, +0115.70, -1097.41]
1432, 2194, 1407
[[-4.3119120e-02  8.9607532e-01  4.4118340e-01  2.4900000e+01]
 [ 1.6455320e-02 -4.4063602e-01  8.9711410e-01  8.9080000e+01]
 [ 9.9866060e-01  4.6189900e-02  4.6448600e-03 -1.1643300e+03]
 [ 0.0000000e+00  0.0000000e+00  0.0000000e+00  1.0000000e+00]]
[-0123.31, -0002.20, -1114.24]
1676, 1929, 1912
[[-4.3273780e-02  8.9619334e-01  4.4111130e-01  2.4810000e+01]
 [ 1.6573340e-02 -4.4063602e-01  8.9723610e-01  8.9070000e+01]
 [ 9.9873270e-01  4.6311900e-02  4.4902000e-03 -1.1643200e+03]
 [ 0.0000000e+00  0.0000000e+00  0.0000000e+00  1.0000000e+00]]
[-0133.51, +0060.30, -1094.11]
1549, 1847, 924
[[-4.1973000e-02  8.9563784e-01  4.4228412e-01  2.4900000e+01]
 [ 1.5385560e-02 -4.4182452e-01  8.9661784e-01  8.8920000e+01]
 [ 9.9877208e-01  4.4644440e-02  5.0905200e-03 -1.1643200e+03]
 [ 0.0000000e+00  0.0000000e+00  0.0000000e+00  1.0000000e+00]]
[-0075.35, +0001.95, -1103.54]
1382, 1775, 2005
[[-4.2476580e-02  8.9621162e-01  4.4110878e-01  2.4800000e+01]
 [ 1.6392180e-02 -4.4062026e-01  8.9721782e-01  8.9030000e+01]
 [ 9.9875098e-01  4.5532980e-02  4.3273200e-03 -1.1642700e+03]
 [ 0.0000000e+00  0.0000000e+00  0.0000000e+00  1.0000000e+00]]
[-0163.44, +0069.12, -1106.52]
1728, 2158, 1267
[[-4.2541960e-02  8.9625366e-01  4.4092378e-01  2.4900000e+01]
 [ 1.6822380e-02 -4.4037636e-01  8.9726634e-01  8.9100000e+01]
 [ 9.9869986e-01  4.5817620e-02  4.0180400e-03 -1.1643200e+03]
 [ 0.0000000e+00  0.0000000e+00  0.0000000e+00  1.0000000e+00]]
[-0089.08, +0002.58, -1110.59]
1599, 2175, 1621
[[-4.2964500e-02  8.9644530e-01  4.4094630e-01  2.4870000e+01]
 [ 1.5849300e-02 -4.4063602e-01  8.9746418e-01  8.9090000e+01]
 [ 9.9889770e-01  4.5595820e-02  4.7994800e-03 -1.1643300e+03]
 [ 0.0000000e+00  0.0000000e+00  0.0000000e+00  1.0000000e+00]]
[-0125.56, +0014.63, -1104.89]
1110, 1381, 965
[[-4.2641000e-02  8.9545890e-01  4.4253450e-01  2.4910000e+01]
 [ 1.4629500e-02 -4.4209258e-01  8.9646578e-01  8.8850000e+01]
 [ 9.9873390e-01  4.4925220e-02  6.1074200e-03 -1.1643200e+03]
 [ 0.0000000e+00  0.0000000e+00  0.0000000e+00  1.0000000e+00]]
[-0110.44, +0024.44, -1069.68]
1251, 977, 1577
[[-4.3566920e-02  8.9564640e-01  4.4208912e-01  2.4820000e+01]
 [ 1.5549600e-02 -4.4162050e-01  8.9670010e-01  8.8900000e+01]
 [ 9.9869088e-01  4.6156100e-02  5.6535800e-03 -1.1643000e+03]
 [ 0.0000000e+00  0.0000000e+00  0.0000000e+00  1.0000000e+00]]
[-0133.79, +0114.70, -1085.93]
1446, 1378, 814
[[-4.2795220e-02  8.9553196e-01  4.4266158e-01  2.4910000e+01]
 [ 1.4946760e-02 -4.4232868e-01  8.9654196e-01  8.8880000e+01]
 [ 9.9885102e-01  4.5093240e-02  5.7171000e-03 -1.1643300e+03]
 [ 0.0000000e+00  0.0000000e+00  0.0000000e+00  1.0000000e+00]]
[-0061.54, +0026.36, -1082.49]
1577, 1298, 1435
[[-4.2525700e-02  8.9579182e-01  4.4201386e-01  2.4850000e+01]
 [ 1.5395260e-02 -4.4159626e-01  8.9679478e-01  8.8940000e+01]
 [ 9.9879038e-01  4.5109940e-02  5.2542000e-03 -1.1642900e+03]
 [ 0.0000000e+00  0.0000000e+00  0.0000000e+00  1.0000000e+00]]
[-0097.08, +0082.62, -1076.00]
1162, 1697, 1520
[[-4.3233060e-02  8.9586436e-01  4.4162656e-01  2.4860000e+01]
 [ 1.5567640e-02 -4.4113218e-01  8.9690372e-01  8.8970000e+01]
 [ 9.9868144e-01  4.5887720e-02  5.4991200e-03 -1.1643300e+03]
 [ 0.0000000e+00  0.0000000e+00  0.0000000e+00  1.0000000e+00]]
[-0153.59, +0035.81, -1091.32]
1301, 1706, 1951
[[-4.3273780e-02  8.9619334e-01  4.4111130e-01  2.4810000e+01]
 [ 1.6573340e-02 -4.4063602e-01  8.9723610e-01  8.9040000e+01]
 [ 9.9873270e-01  4.6311900e-02  4.4902000e-03 -1.1642800e+03]
 [ 0.0000000e+00  0.0000000e+00  0.0000000e+00  1.0000000e+00]]
[-0166.39, +0068.55, -1105.88]
1781, 1620, 1909
[[-4.2964500e-02  8.9595730e-01  4.4125550e-01  2.4810000e+01]
 [ 1.6337300e-02 -4.4063602e-01  8.9699210e-01  8.9050000e+01]
 [ 9.9858850e-01  4.6067900e-02  4.7994800e-03 -1.1643000e+03]
 [ 0.0000000e+00  0.0000000e+00  0.0000000e+00  1.0000000e+00]]
[-0117.39, +0089.85, -1091.16]
1639, 1293, 1279
[[-4.3013940e-02  8.9561476e-01  4.4228226e-01  2.4860000e+01]
 [ 1.5417960e-02 -4.4184840e-01  8.9664092e-01  8.8910000e+01]
 [ 9.9875006e-01  4.5572520e-02  5.4903000e-03 -1.1643300e+03]
 [ 0.0000000e+00  0.0000000e+00  0.0000000e+00  1.0000000e+00]]
[-0080.62, +0073.49, -1076.59]
1066, 2165, 1400
[[-4.3298000e-02  8.9611776e-01  4.4096568e-01  2.4910000e+01]
 [ 1.5477120e-02 -4.4041616e-01  8.9716224e-01  8.9040000e+01]
 [ 9.9861816e-01  4.5962880e-02  5.6620000e-03 -1.1643100e+03]
 [ 0.0000000e+00  0.0000000e+00  0.0000000e+00  1.0000000e+00]]
[-0149.22, -0007.45, -1130.20]
1931, 1256, 1378
[[-4.3477200e-02  8.9581440e-01  4.4182180e-01  2.4840000e+01]
 [ 1.5617600e-02 -4.4137632e-01  8.9686296e-01  8.8980000e+01]
 [ 9.9872220e-01  4.6082960e-02  5.4991200e-03 -1.1643400e+03]
 [ 0.0000000e+00  0.0000000e+00  0.0000000e+00  1.0000000e+00]]
[-0058.30, +0091.16, -1093.95]
1323, 1754, 1459
[[-4.2346420e-02  8.9600566e-01  4.4155624e-01  2.4860000e+01]
 [ 1.5653660e-02 -4.4110818e-01  8.9700248e-01  8.8980000e+01]
 [ 9.9877576e-01  4.5081520e-02  4.9454000e-03 -1.1642800e+03]
 [ 0.0000000e+00  0.0000000e+00  0.0000000e+00  1.0000000e+00]]
[-0133.68, +0030.88, -1086.08]
1947, 1636, 1407
[[-4.2744900e-02  8.9599662e-01  4.4155736e-01  2.4850000e+01]
 [ 1.5744340e-02 -4.4111610e-01  8.9701152e-01  8.9020000e+01]
 [ 9.9876672e-01  4.5470960e-02  5.0270400e-03 -1.1643400e+03]
 [ 0.0000000e+00  0.0000000e+00  0.0000000e+00  1.0000000e+00]]
[-0066.14, +0060.78, -1090.87]
1560, 1632, 2028
[[-4.2655380e-02  8.9604252e-01  4.4136718e-01  2.4800000e+01]
 [ 1.5934520e-02 -4.4087208e-01  8.9705628e-01  8.9020000e+01]
 [ 9.9872082e-01  4.5515720e-02  4.8725400e-03 -1.1642900e+03]
 [ 0.0000000e+00  0.0000000e+00  0.0000000e+00  1.0000000e+00]]
[-0150.39, +0087.32, -1101.30]
1694, 1277, 952
[[-4.3168320e-02  8.9556584e-01  4.4248664e-01  2.4870000e+01]
 [ 1.5857360e-02 -4.4208450e-01  8.9659898e-01  8.8910000e+01]
 [ 9.9878984e-01  4.5858620e-02  5.0998200e-03 -1.1643400e+03]
 [ 0.0000000e+00  0.0000000e+00  0.0000000e+00  1.0000000e+00]]
[-0049.49, +0054.00, -1086.89]
1027, 1402, 1571
[[-4.3322740e-02  8.9577362e-01  4.4201598e-01  2.4860000e+01]
 [ 1.5576820e-02 -4.4161234e-01  8.9681298e-01  8.8920000e+01]
 [ 9.9877218e-01  4.5888780e-02  5.4175600e-03 -1.1643100e+03]
 [ 0.0000000e+00  0.0000000e+00  0.0000000e+00  1.0000000e+00]]
[-0166.43, +0062.39, -1089.96]
1378, 893, 1978
[[-4.4030420e-02  8.9580102e-01  4.4182806e-01  2.4780000e+01]
 [ 1.5948420e-02 -4.4138452e-01  8.9687634e-01  8.8950000e+01]
 [ 9.9870774e-01  4.6712460e-02  5.4260600e-03 -1.1642900e+03]
 [ 0.0000000e+00  0.0000000e+00  0.0000000e+00  1.0000000e+00]]
[-0139.74, +0140.44, -1126.13]
1054, 2097, 2053
[[-4.3607200e-02  8.9689868e-01  4.3979196e-01  2.4840000e+01]
 [ 1.4549480e-02 -4.3947280e-01  8.9794284e-01  8.9100000e+01]
 [ 9.9881556e-01  4.5670440e-02  6.2961600e-03 -1.1643100e+03]
 [ 0.0000000e+00  0.0000000e+00  0.0000000e+00  1.0000000e+00]]
[-0179.96, +0037.07, -1139.40]
1907, 2079, 1449
[[-4.1834240e-02  8.9622576e-01  4.4111136e-01  2.4870000e+01]
 [ 1.6451040e-02 -4.4060482e-01  8.9720368e-01  8.9070000e+01]
 [ 9.9876384e-01  4.4994080e-02  4.0095800e-03 -1.1643300e+03]
 [ 0.0000000e+00  0.0000000e+00  0.0000000e+00  1.0000000e+00]]
[-0082.91, +0022.87, -1100.35]
1682, 891, 1549
[[-4.3103780e-02  8.9561376e-01  4.4227314e-01  2.4840000e+01]
 [ 1.5028560e-02 -4.4185652e-01  8.9664192e-01  8.8880000e+01]
 [ 9.9875106e-01  4.5481680e-02  5.8807000e-03 -1.1643400e+03]
 [ 0.0000000e+00  0.0000000e+00  0.0000000e+00  1.0000000e+00]]
[-0089.53, +0128.59, -1099.32]
890, 923, 2015
[[-4.3437960e-02  8.9572998e-01  4.4218274e-01  2.4840000e+01]
 [ 1.4367740e-02 -4.4187300e-01  8.9676582e-01  8.8860000e+01]
 [ 9.9882498e-01  4.5422140e-02  6.5070000e-03 -1.1642900e+03]
 [ 0.0000000e+00  0.0000000e+00  0.0000000e+00  1.0000000e+00]]
[-0180.25, +0122.49, -1142.56]
1995, 1083, 1392
[[-4.3566920e-02  8.9581338e-01  4.4181258e-01  2.4830000e+01]
 [ 1.5228180e-02 -4.4138452e-01  8.9686398e-01  8.8970000e+01]
 [ 9.9872322e-01  4.5992220e-02  5.8895600e-03 -1.1643400e+03]
 [ 0.0000000e+00  0.0000000e+00  0.0000000e+00  1.0000000e+00]]
[-0051.55, +0106.51, -1105.53]
2170, 1436, 1219
[[-4.2720520e-02  8.9599512e-01  4.4158072e-01  2.4840000e+01]
 [ 1.6763280e-02 -4.4110034e-01  8.9701302e-01  8.9050000e+01]
 [ 9.9875912e-01  4.5892380e-02  4.0911800e-03 -1.1643200e+03]
 [ 0.0000000e+00  0.0000000e+00  0.0000000e+00  1.0000000e+00]]
[-0038.34, +0069.01, -1110.76]
1549, 1316, 1242
[[-4.2988960e-02  8.9565784e-01  4.4210640e-01  2.4860000e+01]
 [ 1.6237600e-02 -4.4159626e-01  8.9668866e-01  8.8920000e+01]
 [ 9.9869784e-01  4.5948300e-02  4.7909400e-03 -1.1643200e+03]
 [ 0.0000000e+00  0.0000000e+00  0.0000000e+00  1.0000000e+00]]
[-0087.44, +0065.35, -1073.10]
1242, 1465, 1817
[[-4.3298000e-02  8.9586144e-01  4.4164092e-01  2.4830000e+01]
 [ 1.6197120e-02 -4.4112410e-01  8.9690664e-01  8.8960000e+01]
 [ 9.9867516e-01  4.6218480e-02  4.9540600e-03 -1.1642800e+03]
 [ 0.0000000e+00  0.0000000e+00  0.0000000e+00  1.0000000e+00]]
[-0161.24, +0080.58, -1096.56]
1840, 1690, 1239
[[-4.2500880e-02  8.9592448e-01  4.4143932e-01  2.4870000e+01]
 [ 1.5816480e-02 -4.4087208e-01  8.9693428e-01  8.9010000e+01]
 [ 9.9864868e-01  4.5393720e-02  5.0270400e-03 -1.1643300e+03]
 [ 0.0000000e+00  0.0000000e+00  0.0000000e+00  1.0000000e+00]]
[-0064.69, +0039.99, -1091.45]
858, 1231, 2185
[[-4.2949480e-02  8.9587482e-01  4.4159326e-01  2.4820000e+01]
 [ 1.4068620e-02 -4.4114858e-01  8.9689326e-01  8.8870000e+01]
 [ 9.9869834e-01  4.4986140e-02  6.7429400e-03 -1.1642900e+03]
 [ 0.0000000e+00  0.0000000e+00  0.0000000e+00  1.0000000e+00]]
[-0189.82, +0101.43, -1153.65]
1855, 1180, 1608
[[-4.2988960e-02  8.9594672e-01  4.4175264e-01  2.4820000e+01]
 [ 1.5794240e-02 -4.4136016e-01  8.9697072e-01  8.8940000e+01]
 [ 9.9880752e-01  4.5666240e-02  5.0270400e-03 -1.1643100e+03]
 [ 0.0000000e+00  0.0000000e+00  0.0000000e+00  1.0000000e+00]]
[-0079.68, +0110.24, -1094.39]
1661, 960, 837
[[-4.2242640e-02  8.9525580e-01  4.4300900e-01  2.4890000e+01]
 [ 1.5059000e-02 -4.4255682e-01  8.9624682e-01  8.8780000e+01]
 [ 9.9875580e-01  4.4745820e-02  5.5531800e-03 -1.1643100e+03]
 [ 0.0000000e+00  0.0000000e+00  0.0000000e+00  1.0000000e+00]]
[-0038.73, +0076.01, -1089.66]
1433, 2090, 1478
[[-4.2744900e-02  8.9608618e-01  4.4115884e-01  2.4870000e+01]
 [ 1.5345820e-02 -4.4064402e-01  8.9710324e-01  8.9000000e+01]
 [ 9.9867716e-01  4.5379240e-02  5.4991200e-03 -1.1643200e+03]
 [ 0.0000000e+00  0.0000000e+00  0.0000000e+00  1.0000000e+00]]
[-0128.37, +0006.97, -1105.35]
829, 962, 851
[[-4.2449300e-02  8.9499888e-01  4.4364276e-01  2.4950000e+01]
 [ 1.3980960e-02 -4.4329760e-01  8.9599032e-01  8.8680000e+01]
 [ 9.9882252e-01  4.4397360e-02  6.5596600e-03 -1.1643200e+03]
 [ 0.0000000e+00  0.0000000e+00  0.0000000e+00  1.0000000e+00]]
[-0126.84, +0048.02, -1054.97]
1615, 1399, 844
[[-4.2769800e-02  8.9569702e-01  4.4240834e-01  2.4900000e+01]
 [ 1.5644420e-02 -4.4207650e-01  8.9670794e-01  8.8880000e+01]
 [ 9.9887614e-01  4.5351140e-02  5.0180600e-03 -1.1643200e+03]
 [ 0.0000000e+00  0.0000000e+00  0.0000000e+00  1.0000000e+00]]
[-0049.42, +0032.87, -1090.40]
1973, 1123, 1848
[[-4.3053940e-02  8.9611068e-01  4.4149036e-01  2.4750000e+01]
 [ 1.6102440e-02 -4.4111610e-01  8.9713752e-01  8.9020000e+01]
 [ 9.9883372e-01  4.5833040e-02  4.7180000e-03 -1.1642900e+03]
 [ 0.0000000e+00  0.0000000e+00  0.0000000e+00  1.0000000e+00]]
[-0088.03, +0128.64, -1113.08]
836, 1636, 1092
[[-4.2576900e-02  8.9558426e-01  4.4244352e-01  2.4940000e+01]
 [ 1.3877860e-02 -4.4210074e-01  8.9658056e-01  8.8810000e+01]
 [ 9.9881672e-01  4.4476160e-02  6.6518000e-03 -1.1643400e+03]
 [ 0.0000000e+00  0.0000000e+00  0.0000000e+00  1.0000000e+00]]
[-0151.76, +0000.61, -1098.25]
1800, 1633, 1628
[[-4.2322000e-02  8.9604888e-01  4.4138016e-01  2.4840000e+01]
 [ 1.6473360e-02 -4.4085640e-01  8.9704992e-01  8.9000000e+01]
 [ 9.9872352e-01  4.5456960e-02  4.2457600e-03 -1.1643100e+03]
 [ 0.0000000e+00  0.0000000e+00  0.0000000e+00  1.0000000e+00]]
[-0096.44, +0069.72, -1083.92]
1860, 1906, 1397
[[-4.1858500e-02  8.9606052e-01  4.4136486e-01  2.4870000e+01]
 [ 1.5753240e-02 -4.4085640e-01  8.9703828e-01  8.9020000e+01]
 [ 9.9873882e-01  4.4736840e-02  4.7092600e-03 -1.1643300e+03]
 [ 0.0000000e+00  0.0000000e+00  0.0000000e+00  1.0000000e+00]]
[-0079.02, +0030.99, -1093.73]
1139, 927, 1502
[[-4.3682260e-02  8.9548068e-01  4.4233284e-01  2.4840000e+01]
 [ 1.4462760e-02 -4.4188136e-01  8.9653488e-01  8.8830000e+01]
 [ 9.9866652e-01  4.5807360e-02  6.7429400e-03 -1.1643100e+03]
 [ 0.0000000e+00  0.0000000e+00  0.0000000e+00  1.0000000e+00]]
[-0139.55, +0112.26, -1082.82]
1573, 958, 1399
[[-4.2525700e-02  8.9562492e-01  4.4229026e-01  2.4850000e+01]
 [ 1.5716520e-02 -4.4183240e-01  8.9663076e-01  8.8880000e+01]
 [ 9.9875806e-01  4.5273960e-02  5.0180600e-03 -1.1643000e+03]
 [ 0.0000000e+00  0.0000000e+00  0.0000000e+00  1.0000000e+00]]
[-0085.88, +0113.21, -1084.58]
2121, 1983, 1301
[[-4.2322000e-02  8.9630488e-01  4.4070516e-01  2.4870000e+01]
 [ 1.5753680e-02 -4.4014810e-01  8.9730564e-01  8.9120000e+01]
 [ 9.9866676e-01  4.5201240e-02  4.9540600e-03 -1.1643600e+03]
 [ 0.0000000e+00  0.0000000e+00  0.0000000e+00  1.0000000e+00]]
[-0059.49, +0031.47, -1108.26]
2072, 1590, 1420
[[-4.2744900e-02  8.9587460e-01  4.4163460e-01  2.4830000e+01]
 [ 1.5866360e-02 -4.4111610e-01  8.9689348e-01  8.8980000e+01]
 [ 9.9868948e-01  4.5589000e-02  5.0270400e-03 -1.1643000e+03]
 [ 0.0000000e+00  0.0000000e+00  0.0000000e+00  1.0000000e+00]]
[-0061.06, +0068.58, -1095.81]
2121, 1603, 946
[[-4.2346420e-02  8.9608288e-01  4.4167824e-01  2.4860000e+01]
 [ 1.5730880e-02 -4.4134432e-01  8.9707464e-01  8.9000000e+01]
 [ 9.9889776e-01  4.5009360e-02  4.7092600e-03 -1.1643200e+03]
 [ 0.0000000e+00  0.0000000e+00  0.0000000e+00  1.0000000e+00]]
[-0031.23, +0042.86, -1121.25]
860, 2046, 1313
[[-4.2795220e-02  8.9583398e-01  4.4178758e-01  2.4940000e+01]
 [ 1.4027780e-02 -4.4138452e-01  8.9684338e-01  8.8900000e+01]
 [ 9.9874822e-01  4.4791820e-02  6.6612600e-03 -1.1643300e+03]
 [ 0.0000000e+00  0.0000000e+00  0.0000000e+00  1.0000000e+00]]
[-0159.23, -0009.68, -1134.58]
1534, 1404, 1943
[[-4.3208520e-02  8.9602940e-01  4.4137352e-01  2.4800000e+01]
 [ 1.6265200e-02 -4.4088004e-01  8.9706940e-01  8.8990000e+01]
 [ 9.9870652e-01  4.6145200e-02  4.7994800e-03 -1.1642900e+03]
 [ 0.0000000e+00  0.0000000e+00  0.0000000e+00  1.0000000e+00]]
[-0138.27, +0103.72, -1097.48]
949, 1373, 934
[[-4.3065460e-02  8.9536218e-01  4.4291074e-01  2.4940000e+01]
 [ 1.4099940e-02 -4.4258930e-01  8.9638062e-01  8.8780000e+01]
 [ 9.9882158e-01  4.4984340e-02  6.6518000e-03 -1.1643300e+03]
 [ 0.0000000e+00  0.0000000e+00  0.0000000e+00  1.0000000e+00]]
[-0125.14, +0014.81, -1073.17]
802, 911, 1519
[[-4.2821160e-02  8.9541218e-01  4.4271566e-01  2.4880000e+01]
 [ 1.4049940e-02 -4.4234500e-01  8.9642158e-01  8.8770000e+01]
 [ 9.9878062e-01  4.4789260e-02  6.6518000e-03 -1.1643000e+03]
 [ 0.0000000e+00  0.0000000e+00  0.0000000e+00  1.0000000e+00]]
[-0176.53, +0102.38, -1096.42]
1730, 2006, 1741
[[-4.2875140e-02  8.9620252e-01  4.4111004e-01  2.4840000e+01]
 [ 1.6482760e-02 -4.4062810e-01  8.9722692e-01  8.9060000e+01]
 [ 9.9874188e-01  4.5922440e-02  4.4088000e-03 -1.1643200e+03]
 [ 0.0000000e+00  0.0000000e+00  0.0000000e+00  1.0000000e+00]]
[-0117.98, +0040.70, -1092.19]
1592, 1299, 2054
[[-4.3298000e-02  8.9590620e-01  4.4144160e-01  2.4800000e+01]
 [ 1.5997800e-02 -4.4088808e-01  8.9695256e-01  8.8960000e+01]
 [ 9.9863040e-01  4.6172560e-02  5.1900800e-03 -1.1642800e+03]
 [ 0.0000000e+00  0.0000000e+00  0.0000000e+00  1.0000000e+00]]
[-0138.53, +0117.98, -1109.24]
1266, 1006, 862
[[-4.3219600e-02  8.9523588e-01  4.4299276e-01  2.4900000e+01]
 [ 1.4462280e-02 -4.4258930e-01  8.9626674e-01  8.8770000e+01]
 [ 9.9873956e-01  4.5342540e-02  6.4976600e-03 -1.1643400e+03]
 [ 0.0000000e+00  0.0000000e+00  0.0000000e+00  1.0000000e+00]]
[-0075.33, +0061.80, -1063.68]
1101, 1870, 1812
[[-4.3477200e-02  8.9590408e-01  4.4142316e-01  2.4850000e+01]
 [ 1.5218960e-02 -4.4090440e-01  8.9695468e-01  8.8970000e+01]
 [ 9.9863252e-01  4.5991240e-02  5.9710400e-03 -1.1643000e+03]
 [ 0.0000000e+00  0.0000000e+00  0.0000000e+00  1.0000000e+00]]
[-0175.27, +0039.01, -1116.70]
1772, 1658, 1280
[[-4.3143460e-02  8.9589794e-01  4.4195708e-01  2.4870000e+01]
 [ 1.6233620e-02 -4.4159626e-01  8.9692876e-01  8.8960000e+01]
 [ 9.9884716e-01  4.5952280e-02  4.6364400e-03 -1.1643300e+03]
 [ 0.0000000e+00  0.0000000e+00  0.0000000e+00  1.0000000e+00]]
[-0072.65, +0045.12, -1086.17]
1201, 900, 1991
[[-4.341250e-02  8.957726e-01  4.420068e-01  2.479000e+01]
 [ 1.518740e-02 -4.416205e-01  8.968140e-01  8.889000e+01]
 [ 9.987732e-01  4.579800e-02  5.808000e-03 -1.164290e+03]
 [ 0.000000e+00  0.000000e+00  0.000000e+00  1.000000e+00]]
[-0155.72, +0135.36, -1129.05]
1855, 800, 1455
[[-4.3013940e-02  8.9569194e-01  4.4240434e-01  2.4810000e+01]
 [ 1.5495140e-02 -4.4208450e-01  8.9671302e-01  8.8870000e+01]
 [ 9.9887214e-01  4.5500420e-02  5.2542000e-03 -1.1643100e+03]
 [ 0.0000000e+00  0.0000000e+00  0.0000000e+00  1.0000000e+00]]
[-0063.26, +0132.90, -1115.52]
1857, 1386, 1242
[[-4.2834500e-02  8.9570664e-01  4.4190198e-01  2.4860000e+01]
 [ 1.5798240e-02 -4.4136016e-01  8.9673064e-01  8.8930000e+01]
 [ 9.9865818e-01  4.5662240e-02  5.1815000e-03 -1.1643300e+03]
 [ 0.0000000e+00  0.0000000e+00  0.0000000e+00  1.0000000e+00]]
[-0058.09, +0068.40, -1088.80]
1781, 1407, 1843
[[-4.3298000e-02  8.9586144e-01  4.4164092e-01  2.4830000e+01]
 [ 1.6197120e-02 -4.4112410e-01  8.9690664e-01  8.8960000e+01]
 [ 9.9867516e-01  4.6218480e-02  4.9540600e-03 -1.1642900e+03]
 [ 0.0000000e+00  0.0000000e+00  0.0000000e+00  1.0000000e+00]]
[-0112.15, +0102.75, -1092.21]
861, 2100, 858
[[-4.2486820e-02  8.9541794e-01  4.4272874e-01  2.5000000e+01]
 [ 1.4588540e-02 -4.4232868e-01  8.9641582e-01  8.8830000e+01]
 [ 9.9878386e-01  4.4730980e-02  6.0255000e-03 -1.1643300e+03]
 [ 0.0000000e+00  0.0000000e+00  0.0000000e+00  1.0000000e+00]]
[-0127.51, -0031.32, -1146.24]
1404, 1019, 1908
[[-4.3013940e-02  8.9565966e-01  4.4208300e-01  2.4790000e+01]
 [ 1.5218700e-02 -4.4161234e-01  8.9668684e-01  8.8890000e+01]
 [ 9.9870516e-01  4.5526600e-02  5.7263600e-03 -1.1643000e+03]
 [ 0.0000000e+00  0.0000000e+00  0.0000000e+00  1.0000000e+00]]
[-0138.38, +0129.80, -1110.93]
1976, 1980, 1470
[[-4.2322000e-02  8.9621552e-01  4.4110364e-01  2.4860000e+01]
 [ 1.6152160e-02 -4.4062026e-01  8.9721392e-01  8.9040000e+01]
 [ 9.9875612e-01  4.5292960e-02  4.4819000e-03 -1.1643000e+03]
 [ 0.0000000e+00  0.0000000e+00  0.0000000e+00  1.0000000e+00]]
[-0076.34, +0033.29, -1097.34]
942, 1286, 2028
[[-4.2551040e-02  8.9567184e-01  4.4206800e-01  2.4830000e+01]
 [ 1.4498400e-02 -4.4161234e-01  8.9667466e-01  8.8840000e+01]
 [ 9.9872016e-01  4.4806300e-02  6.1892600e-03 -1.1642600e+03]
 [ 0.0000000e+00  0.0000000e+00  0.0000000e+00  1.0000000e+00]]
[-0187.31, +0096.41, -1132.84]
905, 931, 2103
[[-4.3463940e-02  8.9568764e-01  4.4235884e-01  2.4820000e+01]
 [ 1.3548040e-02 -4.4212570e-01  8.9671732e-01  8.8800000e+01]
 [ 9.9887644e-01  4.5046120e-02  7.2056000e-03 -1.1643000e+03]
 [ 0.0000000e+00  0.0000000e+00  0.0000000e+00  1.0000000e+00]]
[-0179.39, +0123.98, -1150.92]
1294, 1690, 2043
[[-4.3143460e-02  8.9598750e-01  4.4155848e-01  2.4830000e+01]
 [ 1.5835020e-02 -4.4112410e-01  8.9702064e-01  8.8950000e+01]
 [ 9.9875760e-01  4.5860400e-02  5.1086000e-03 -1.1642900e+03]
 [ 0.0000000e+00  0.0000000e+00  0.0000000e+00  1.0000000e+00]]
[-0168.46, +0074.78, -1110.70]
1625, 1716, 1137
[[-4.2525700e-02  8.9579182e-01  4.4201386e-01  2.4880000e+01]
 [ 1.5395260e-02 -4.4159626e-01  8.9679478e-01  8.8920000e+01]
 [ 9.9879038e-01  4.5109940e-02  5.2542000e-03 -1.1643200e+03]
 [ 0.0000000e+00  0.0000000e+00  0.0000000e+00  1.0000000e+00]]
[-0077.72, +0025.04, -1087.54]
1934, 1535, 1918
[[-4.2964500e-02  8.9607930e-01  4.4117820e-01  2.4780000e+01]
 [ 1.6215300e-02 -4.4063602e-01  8.9711012e-01  8.9010000e+01]
 [ 9.9866580e-01  4.5949880e-02  4.7994800e-03 -1.1642900e+03]
 [ 0.0000000e+00  0.0000000e+00  0.0000000e+00  1.0000000e+00]]
[-0102.69, +0100.94, -1095.54]
1923, 2075, 1282
[[-4.2012960e-02  8.9605664e-01  4.4136992e-01  2.4900000e+01]
 [ 1.5993280e-02 -4.4085640e-01  8.9704216e-01  8.9010000e+01]
 [ 9.9873376e-01  4.4976880e-02  4.5548000e-03 -1.1643300e+03]
 [ 0.0000000e+00  0.0000000e+00  0.0000000e+00  1.0000000e+00]]
[-0074.45, +0014.72, -1106.97]
1313, 1481, 1033
[[-4.2641000e-02  8.9545890e-01  4.4253450e-01  2.4890000e+01]
 [ 1.4629500e-02 -4.4209258e-01  8.9646578e-01  8.8840000e+01]
 [ 9.9873390e-01  4.4925220e-02  6.1074200e-03 -1.1643200e+03]
 [ 0.0000000e+00  0.0000000e+00  0.0000000e+00  1.0000000e+00]]
[-0096.63, +0027.05, -1074.24]
970, 1593, 898
[[-4.2975300e-02  8.9536300e-01  4.4291980e-01  2.4940000e+01]
 [ 1.4489320e-02 -4.4258106e-01  8.9637980e-01  8.8790000e+01]
 [ 9.9882076e-01  4.5075320e-02  6.2616000e-03 -1.1643200e+03]
 [ 0.0000000e+00  0.0000000e+00  0.0000000e+00  1.0000000e+00]]
[-0122.29, -0005.23, -1089.23]
841, 1595, 1713
[[-4.2795220e-02  8.9566690e-01  4.4206392e-01  2.4870000e+01]
 [ 1.4349100e-02 -4.4162050e-01  8.9667960e-01  8.8850000e+01]
 [ 9.9871608e-01  4.4955600e-02  6.4252800e-03 -1.1642900e+03]
 [ 0.0000000e+00  0.0000000e+00  0.0000000e+00  1.0000000e+00]]
[-0188.72, +0048.70, -1119.70]
873, 1350, 1388
[[-4.2242640e-02  8.9554496e-01  4.4265568e-01  2.4890000e+01]
 [ 1.4615680e-02 -4.4232064e-01  8.9652896e-01  8.8800000e+01]
 [ 9.9886496e-01  4.4463680e-02  5.7893600e-03 -1.1642800e+03]
 [ 0.0000000e+00  0.0000000e+00  0.0000000e+00  1.0000000e+00]]
[-0169.25, +0048.70, -1087.47]
812, 1742, 1059
[[-4.2268740e-02  8.9554736e-01  4.4263302e-01  2.4950000e+01]
 [ 1.3596720e-02 -4.4233680e-01  8.9652656e-01  8.8800000e+01]
 [ 9.9887146e-01  4.4041680e-02  6.7239000e-03 -1.1643000e+03]
 [ 0.0000000e+00  0.0000000e+00  0.0000000e+00  1.0000000e+00]]
[-0151.20, -0009.31, -1109.37]
1739, 842, 1979
[[-4.2809920e-02  8.9603856e-01  4.4137232e-01  2.4750000e+01]
 [ 1.6174560e-02 -4.4087208e-01  8.9706024e-01  8.8980000e+01]
 [ 9.9871568e-01  4.5755760e-02  4.7180000e-03 -1.1642600e+03]
 [ 0.0000000e+00  0.0000000e+00  0.0000000e+00  1.0000000e+00]]
[-0108.46, +0147.02, -1133.44]
1779, 1820, 1441
[[-4.2565940e-02  8.9616570e-01  4.4129898e-01  2.4870000e+01]
 [ 1.6201980e-02 -4.4086420e-01  8.9717314e-01  8.9030000e+01]
 [ 9.9879690e-01  4.5488300e-02  4.4819000e-03 -1.1643100e+03]
 [ 0.0000000e+00  0.0000000e+00  0.0000000e+00  1.0000000e+00]]
[-0087.89, +0038.25, -1087.29]
1118, 1575, 1736
[[-4.3298000e-02  8.9598348e-01  4.4156364e-01  2.4850000e+01]
 [ 1.6075080e-02 -4.4112410e-01  8.9702466e-01  8.8950000e+01]
 [ 9.9875244e-01  4.6100460e-02  4.9540600e-03 -1.1642900e+03]
 [ 0.0000000e+00  0.0000000e+00  0.0000000e+00  1.0000000e+00]]
[-0168.95, +0061.06, -1099.17]
2172, 1156, 831
[[-4.2436020e-02  8.9583774e-01  4.4182366e-01  2.4870000e+01]
 [ 1.5585460e-02 -4.4135220e-01  8.9683962e-01  8.8970000e+01]
 [ 9.9874446e-01  4.5154780e-02  5.0998200e-03 -1.1643500e+03]
 [ 0.0000000e+00  0.0000000e+00  0.0000000e+00  1.0000000e+00]]
[-0017.56, +0069.14, -1133.47]
1424, 1762, 1464
[[-4.2899400e-02  8.9615942e-01  4.4128594e-01  2.4870000e+01]
 [ 1.5663100e-02 -4.4088004e-01  8.9717942e-01  8.8990000e+01]
 [ 9.9879410e-01  4.5547100e-02  5.1086000e-03 -1.1643100e+03]
 [ 0.0000000e+00  0.0000000e+00  0.0000000e+00  1.0000000e+00]]
[-0124.97, +0033.71, -1084.27]
1911, 2012, 1022
[[-4.1346640e-02  8.9628060e-01  4.4091976e-01  2.4920000e+01]
 [ 1.6550760e-02 -4.4035344e-01  8.9723940e-01  8.9090000e+01]
 [ 9.9872680e-01  4.4649240e-02  3.7733600e-03 -1.1643200e+03]
 [ 0.0000000e+00  0.0000000e+00  0.0000000e+00  1.0000000e+00]]
[-0058.85, +0008.73, -1117.98]
1235, 2132, 1849
[[-4.2875140e-02  8.9658046e-01  4.4035750e-01  2.4850000e+01]
 [ 1.5640900e-02 -4.3992004e-01  8.9760046e-01  8.9090000e+01]
 [ 9.9876254e-01  4.5548900e-02  5.1168600e-03 -1.1642900e+03]
 [ 0.0000000e+00  0.0000000e+00  0.0000000e+00  1.0000000e+00]]
[-0165.74, +0024.39, -1123.14]
1534, 1564, 1559
[[-4.2744900e-02  8.9611864e-01  4.4148012e-01  2.4870000e+01]
 [ 1.5622320e-02 -4.4111610e-01  8.9712956e-01  8.8980000e+01]
 [ 9.9884396e-01  4.5352920e-02  5.0270400e-03 -1.1643000e+03]
 [ 0.0000000e+00  0.0000000e+00  0.0000000e+00  1.0000000e+00]]
[-0115.14, +0063.70, -1078.57]
2058, 1950, 1976
[[-4.3470760e-02  8.9672964e-01  4.4012524e-01  2.4800000e+01]
 [ 1.7298360e-02 -4.3966818e-01  8.9778162e-01  8.9180000e+01]
 [ 9.9876676e-01  4.6765620e-02  3.7974200e-03 -1.1643200e+03]
 [ 0.0000000e+00  0.0000000e+00  0.0000000e+00  1.0000000e+00]]
[-0104.92, +0070.21, -1095.34]
2198, 812, 1430
[[-4.3363140e-02  8.9602540e-01  4.4137874e-01  2.4800000e+01]
 [ 1.6505240e-02 -4.4088004e-01  8.9707340e-01  8.9080000e+01]
 [ 9.9870130e-01  4.6385240e-02  4.6448600e-03 -1.1643300e+03]
 [ 0.0000000e+00  0.0000000e+00  0.0000000e+00  1.0000000e+00]]
[-0046.20, +0125.18, -1136.66]
1879, 833, 942
[[-4.3322740e-02  8.9568390e-01  4.4241458e-01  2.4850000e+01]
 [ 1.5975420e-02 -4.4208450e-01  8.9672106e-01  8.8950000e+01]
 [ 9.9886190e-01  4.5980700e-02  4.9454000e-03 -1.1643300e+03]
 [ 0.0000000e+00  0.0000000e+00  0.0000000e+00  1.0000000e+00]]
[-0032.54, +0099.18, -1109.44]
945, 1514, 1568
[[-4.3502340e-02  8.9610578e-01  4.4144466e-01  2.4880000e+01]
 [ 1.4155140e-02 -4.4115690e-01  8.9714242e-01  8.8940000e+01]
 [ 9.9883862e-01  4.5379740e-02  6.6702000e-03 -1.1643300e+03]
 [ 0.0000000e+00  0.0000000e+00  0.0000000e+00  1.0000000e+00]]
[-0174.20, +0048.42, -1098.62]
885, 1122, 1369
[[-4.2461160e-02  8.9567276e-01  4.4207700e-01  2.4930000e+01]
 [ 1.4887800e-02 -4.4160426e-01  8.9667374e-01  8.8840000e+01]
 [ 9.9871924e-01  4.4897100e-02  5.7989400e-03 -1.1642900e+03]
 [ 0.0000000e+00  0.0000000e+00  0.0000000e+00  1.0000000e+00]]
[-0164.42, +0072.29, -1079.71]
2041, 2104, 1168
[[-4.1810500e-02  8.9655762e-01  4.4058134e-01  2.4930000e+01]
 [ 1.6827780e-02 -4.4011722e-01  8.9753286e-01  8.9220000e+01]
 [ 9.9882146e-01  4.5087060e-02  3.5457200e-03 -1.1643700e+03]
 [ 0.0000000e+00  0.0000000e+00  0.0000000e+00  1.0000000e+00]]
[-0062.34, +0015.55, -1116.14]
1644, 1238, 1902
[[-4.3053940e-02  8.9591138e-01  4.4144562e-01  2.4820000e+01]
 [ 1.6147180e-02 -4.4088004e-01  8.9694738e-01  8.9010000e+01]
 [ 9.9863442e-01  4.6023180e-02  4.9540600e-03 -1.1642900e+03]
 [ 0.0000000e+00  0.0000000e+00  0.0000000e+00  1.0000000e+00]]
[-0125.87, +0116.58, -1100.13]
1175, 2037, 918
[[-4.2769800e-02  8.9570960e-01  4.4188780e-01  2.4950000e+01]
 [ 1.5168760e-02 -4.4136820e-01  8.9672768e-01  8.8940000e+01]
 [ 9.9866432e-01  4.5331400e-02  5.7263600e-03 -1.1643400e+03]
 [ 0.0000000e+00  0.0000000e+00  0.0000000e+00  1.0000000e+00]]
[-0109.16, -0023.49, -1124.84]
1413, 1143, 1203
[[-4.2371360e-02  8.9550684e-01  4.4236236e-01  2.4880000e+01]
 [ 1.5598440e-02 -4.4183240e-01  8.9650872e-01  8.8900000e+01]
 [ 9.9868596e-01  4.5151920e-02  5.1724000e-03 -1.1643000e+03]
 [ 0.0000000e+00  0.0000000e+00  0.0000000e+00  1.0000000e+00]]
[-0091.21, +0077.22, -1069.05]
862, 1466, 1088
[[-4.2422800e-02  8.9542116e-01  4.4271488e-01  2.4960000e+01]
 [ 1.3959000e-02 -4.4233680e-01  8.9641260e-01  8.8800000e+01]
 [ 9.9878960e-01  4.4399880e-02  6.5698400e-03 -1.1643100e+03]
 [ 0.0000000e+00  0.0000000e+00  0.0000000e+00  1.0000000e+00]]
[-0149.37, +0015.60, -1083.66]
926, 1960, 1703
[[-4.2834500e-02  8.9599554e-01  4.4154828e-01  2.4890000e+01]
 [ 1.5354900e-02 -4.4112410e-01  8.9701260e-01  8.8980000e+01]
 [ 9.9876780e-01  4.5380280e-02  5.4175600e-03 -1.1643300e+03]
 [ 0.0000000e+00  0.0000000e+00  0.0000000e+00  1.0000000e+00]]
[-0179.10, +0022.05, -1131.29]
1948, 1267, 1834
[[-4.3119120e-02  8.9603064e-01  4.4138272e-01  2.4780000e+01]
 [ 1.6654640e-02 -4.4087208e-01  8.9706816e-01  8.9040000e+01]
 [ 9.9870528e-01  4.6235840e-02  4.4088000e-03 -1.1642900e+03]
 [ 0.0000000e+00  0.0000000e+00  0.0000000e+00  1.0000000e+00]]
[-0090.79, +0117.77, -1102.89]
1786, 1187, 2071
[[-4.2964500e-02  8.9598990e-01  4.4157680e-01  2.4790000e+01]
 [ 1.6613900e-02 -4.4110818e-01  8.9701824e-01  8.8980000e+01]
 [ 9.9875520e-01  4.6041760e-02  4.3273200e-03 -1.1642700e+03]
 [ 0.0000000e+00  0.0000000e+00  0.0000000e+00  1.0000000e+00]]
[-0121.24, +0129.40, -1116.22]
2129, 1716, 961
[[-4.1858500e-02  8.9613774e-01  4.4148682e-01  2.4900000e+01]
 [ 1.5830460e-02 -4.4109258e-01  8.9711046e-01  8.9060000e+01]
 [ 9.9886078e-01  4.4664660e-02  4.4730800e-03 -1.1643700e+03]
 [ 0.0000000e+00  0.0000000e+00  0.0000000e+00  1.0000000e+00]]
[-0035.69, +0035.34, -1121.46]
979, 1144, 1854
[[-4.3193700e-02  8.9573496e-01  4.4218688e-01  2.4850000e+01]
 [ 1.4517040e-02 -4.4186472e-01  8.9676084e-01  8.8870000e+01]
 [ 9.9882912e-01  4.5272840e-02  6.2710200e-03 -1.1642900e+03]
 [ 0.0000000e+00  0.0000000e+00  0.0000000e+00  1.0000000e+00]]
[-0178.72, +0102.62, -1115.07]
1732, 1876, 1692
[[-4.3208520e-02  8.9615142e-01  4.4129622e-01  2.4860000e+01]
 [ 1.6143180e-02 -4.4088004e-01  8.9718742e-01  8.9040000e+01]
 [ 9.9878382e-01  4.6027180e-02  4.7994800e-03 -1.1643300e+03]
 [ 0.0000000e+00  0.0000000e+00  0.0000000e+00  1.0000000e+00]]
[-0111.09, +0048.43, -1087.46]
2129, 1316, 2085
[[-4.3780680e-02  8.9676620e-01  4.3993656e-01  2.4700000e+01]
 [ 1.7578800e-02 -4.3943220e-01  8.9783540e-01  8.9240000e+01]
 [ 9.9871156e-01  4.7199600e-02  3.7234800e-03 -1.1642900e+03]
 [ 0.0000000e+00  0.0000000e+00  0.0000000e+00  1.0000000e+00]]
[-0096.68, +0122.31, -1116.02]
1012, 1192, 1471
[[-4.3103780e-02  8.9565870e-01  4.4207388e-01  2.4910000e+01]
 [ 1.4829300e-02 -4.4162050e-01  8.9668780e-01  8.8900000e+01]
 [ 9.9870612e-01  4.5435800e-02  6.1167200e-03 -1.1643200e+03]
 [ 0.0000000e+00  0.0000000e+00  0.0000000e+00  1.0000000e+00]]
[-0156.76, +0075.61, -1079.92]
1804, 902, 1991
[[-4.3428480e-02  8.9618936e-01  4.4111656e-01  2.4770000e+01]
 [ 1.6813360e-02 -4.4063602e-01  8.9724008e-01  8.9070000e+01]
 [ 9.9872744e-01  4.6551920e-02  4.3355000e-03 -1.1642800e+03]
 [ 0.0000000e+00  0.0000000e+00  0.0000000e+00  1.0000000e+00]]
[-0105.34, +0144.28, -1130.84]
1059, 1822, 1800
[[-4.3053940e-02  8.9607814e-01  4.4116904e-01  2.4870000e+01]
 [ 1.5825860e-02 -4.4064402e-01  8.9711128e-01  8.9030000e+01]
 [ 9.9866696e-01  4.5859280e-02  5.1900800e-03 -1.1643300e+03]
 [ 0.0000000e+00  0.0000000e+00  0.0000000e+00  1.0000000e+00]]
[-0176.40, +0040.13, -1116.13]
1460, 2168, 2008
[[-4.3470760e-02  8.9669666e-01  4.3980390e-01  2.4850000e+01]
 [ 1.7021500e-02 -4.3919626e-01  8.9775534e-01  8.9200000e+01]
 [ 9.9860034e-01  4.6791900e-02  4.2693400e-03 -1.1643300e+03]
 [ 0.0000000e+00  0.0000000e+00  0.0000000e+00  1.0000000e+00]]
[-0157.29, +0037.38, -1115.37]
2056, 1819, 1201
[[-4.2875140e-02  8.9612520e-01  4.4098806e-01  2.4880000e+01]
 [ 1.6405440e-02 -4.4039204e-01  8.9715480e-01  8.9100000e+01]
 [ 9.9861990e-01  4.5994560e-02  4.6448600e-03 -1.1643500e+03]
 [ 0.0000000e+00  0.0000000e+00  0.0000000e+00  1.0000000e+00]]
[-0050.91, +0038.58, -1106.37]
1691, 2061, 1771
[[-4.2785860e-02  8.9653698e-01  4.4056590e-01  2.4880000e+01]
 [ 1.6229700e-02 -4.4014810e-01  8.9755350e-01  8.9100000e+01]
 [ 9.9880602e-01  4.5685140e-02  4.4902000e-03 -1.1642800e+03]
 [ 0.0000000e+00  0.0000000e+00  0.0000000e+00  1.0000000e+00]]
[-0130.08, +0034.34, -1097.29]
913, 946, 1256
[[-4.2486820e-02  8.9546296e-01  4.4252956e-01  2.4950000e+01]
 [ 1.4389360e-02 -4.4209258e-01  8.9646172e-01  8.8820000e+01]
 [ 9.9873884e-01  4.4685080e-02  6.2616000e-03 -1.1643000e+03]
 [ 0.0000000e+00  0.0000000e+00  0.0000000e+00  1.0000000e+00]]
[-0149.32, +0085.81, -1069.85]
2132, 1482, 1024
[[-4.2322000e-02  8.9621552e-01  4.4110364e-01  2.4890000e+01]
 [ 1.6152160e-02 -4.4062026e-01  8.9721392e-01  8.9100000e+01]
 [ 9.9875612e-01  4.5292960e-02  4.4819000e-03 -1.1643300e+03]
 [ 0.0000000e+00  0.0000000e+00  0.0000000e+00  1.0000000e+00]]
[-0030.83, +0054.75, -1117.13]
1203, 1463, 1509
[[-4.3542100e-02  8.9602308e-01  4.4136026e-01  2.4890000e+01]
 [ 1.5726360e-02 -4.4089620e-01  8.9707572e-01  8.8990000e+01]
 [ 9.9870362e-01  4.6203960e-02  5.4260600e-03 -1.1643200e+03]
 [ 0.0000000e+00  0.0000000e+00  0.0000000e+00  1.0000000e+00]]
[-0145.17, +0057.89, -1080.34]
2110, 985, 2134
[[-4.4813200e-02  8.9853688e-01  4.3624716e-01  2.4450000e+01]
 [ 2.1710800e-02 -4.3555744e-01  8.9966112e-01  8.9740000e+01]
 [ 9.9860340e-01  4.9929600e-02  2.3160000e-04 -1.1641700e+03]
 [ 0.0000000e+00  0.0000000e+00  0.0000000e+00  1.0000000e+00]]
[-0097.13, +0138.07, -1132.66]
2109, 2157, 1223
[[-4.0526500e-02  8.9646370e-01  4.4066320e-01  2.4950000e+01]
 [ 1.7067700e-02 -4.4008762e-01  8.9738680e-01  8.9240000e+01]
 [ 9.9876920e-01  4.4127200e-02  2.9098800e-03 -1.1644000e+03]
 [ 0.0000000e+00  0.0000000e+00  0.0000000e+00  1.0000000e+00]]
[-0063.55, +0018.82, -1115.82]
1989, 976, 1784
[[-4.3412500e-02  8.9560560e-01  4.4228330e-01  2.4770000e+01]
 [ 1.5508800e-02 -4.4185652e-01  8.9665008e-01  8.8880000e+01]
 [ 9.9874090e-01  4.5961920e-02  5.5719800e-03 -1.1643100e+03]
 [ 0.0000000e+00  0.0000000e+00  0.0000000e+00  1.0000000e+00]]
[-0083.32, +0133.84, -1120.10]
1079, 946, 1154
[[-4.2911360e-02  8.9519904e-01  4.4318208e-01  2.4870000e+01]
 [ 1.4181120e-02 -4.4282536e-01  8.9621256e-01  8.8710000e+01]
 [ 9.9879456e-01  4.4908080e-02  6.5698400e-03 -1.1643400e+03]
 [ 0.0000000e+00  0.0000000e+00  0.0000000e+00  1.0000000e+00]]
[-0121.61, +0084.88, -1062.56]
1787, 1271, 1089
[[-4.2705300e-02  8.9545582e-01  4.4254854e-01  2.4810000e+01]
 [ 1.5259020e-02 -4.4208450e-01  8.9646886e-01  8.8870000e+01]
 [ 9.9872794e-01  4.5256260e-02  5.5628400e-03 -1.1643700e+03]
 [ 0.0000000e+00  0.0000000e+00  0.0000000e+00  1.0000000e+00]]
[-0051.06, +0066.89, -1088.48]
968, 1375, 816
[[-4.3400080e-02  8.9502184e-01  4.4345004e-01  2.4900000e+01]
 [ 1.4204240e-02 -4.4307802e-01  8.9605848e-01  8.8720000e+01]
 [ 9.9875436e-01  4.5370320e-02  6.8059000e-03 -1.1643800e+03]
 [ 0.0000000e+00  0.0000000e+00  0.0000000e+00  1.0000000e+00]]
[-0113.07, +0006.92, -1074.15]
1154, 1922, 1780
[[-4.4030420e-02  8.9584584e-01  4.4162868e-01  2.4810000e+01]
 [ 1.5749040e-02 -4.4114858e-01  8.9692224e-01  8.8940000e+01]
 [ 9.9866292e-01  4.6666560e-02  5.6620000e-03 -1.1643300e+03]
 [ 0.0000000e+00  0.0000000e+00  0.0000000e+00  1.0000000e+00]]
[-0169.49, +0033.56, -1113.86]
1072, 1274, 918
[[-4.2911360e-02  8.9507688e-01  4.4325912e-01  2.4830000e+01]
 [ 1.4303280e-02 -4.4282536e-01  8.9609452e-01  8.8740000e+01]
 [ 9.9871752e-01  4.5026120e-02  6.5698400e-03 -1.1643600e+03]
 [ 0.0000000e+00  0.0000000e+00  0.0000000e+00  1.0000000e+00]]
[-0108.98, +0028.39, -1065.80]
1086, 1763, 1818
[[-4.3168320e-02  8.9577768e-01  4.4201088e-01  2.4850000e+01]
 [ 1.5336720e-02 -4.4161234e-01  8.9680892e-01  8.8910000e+01]
 [ 9.9877728e-01  4.5648680e-02  5.5719800e-03 -1.1643100e+03]
 [ 0.0000000e+00  0.0000000e+00  0.0000000e+00  1.0000000e+00]]
[-0177.56, +0047.82, -1114.23]
1996, 965, 1661
[[-4.3078600e-02  8.9573390e-01  4.4221930e-01  2.4760000e+01]
 [ 1.5925420e-02 -4.4184036e-01  8.9676190e-01  8.8910000e+01]
 [ 9.9882106e-01  4.5785420e-02  4.9454000e-03 -1.1643200e+03]
 [ 0.0000000e+00  0.0000000e+00  0.0000000e+00  1.0000000e+00]]
[-0070.66, +0130.94, -1118.09]
1427, 1939, 1353
[[-4.2371360e-02  8.9579580e-01  4.4200884e-01  2.4880000e+01]
 [ 1.5155160e-02 -4.4159626e-01  8.9679080e-01  8.8890000e+01]
 [ 9.9879540e-01  4.4869840e-02  5.4085400e-03 -1.1643300e+03]
 [ 0.0000000e+00  0.0000000e+00  0.0000000e+00  1.0000000e+00]]
[-0118.22, +0010.93, -1095.02]
887, 1547, 947
[[-4.2513000e-02  8.9520804e-01  4.4318128e-01  2.4920000e+01]
 [ 1.4090080e-02 -4.4281716e-01  8.9620356e-01  8.8710000e+01]
 [ 9.9880356e-01  4.4518720e-02  6.4878000e-03 -1.1643300e+03]
 [ 0.0000000e+00  0.0000000e+00  0.0000000e+00  1.0000000e+00]]
[-0135.17, -0000.09, -1087.92]
1881, 1067, 1007
[[-4.2705300e-02  8.9536594e-01  4.4294698e-01  2.4830000e+01]
 [ 1.5657460e-02 -4.4255682e-01  8.9637686e-01  8.8830000e+01]
 [ 9.9881782e-01  4.5348260e-02  5.0905200e-03 -1.1643600e+03]
 [ 0.0000000e+00  0.0000000e+00  0.0000000e+00  1.0000000e+00]]
[-0034.31, +0082.81, -1102.33]
1384, 1273, 1270
[[-4.3193700e-02  8.9544574e-01  4.4254042e-01  2.4820000e+01]
 [ 1.4960540e-02 -4.4210074e-01  8.9647894e-01  8.8820000e+01]
 [ 9.9871982e-01  4.5554740e-02  6.0350000e-03 -1.1643600e+03]
 [ 0.0000000e+00  0.0000000e+00  0.0000000e+00  1.0000000e+00]]
[-0104.48, +0065.97, -1069.18]
827, 1244, 1856
[[-4.2975300e-02  8.9557526e-01  4.4244428e-01  2.4810000e+01]
 [ 1.3968740e-02 -4.4210898e-01  8.9658956e-01  8.8780000e+01]
 [ 9.9880772e-01  4.4865560e-02  6.7336800e-03 -1.1643100e+03]
 [ 0.0000000e+00  0.0000000e+00  0.0000000e+00  1.0000000e+00]]
[-0192.68, +0087.28, -1126.57]
1436, 1949, 1249
[[-4.2924180e-02  8.9578276e-01  4.4201492e-01  2.4850000e+01]
 [ 1.5486040e-02 -4.4160426e-01  8.9680384e-01  8.8900000e+01]
 [ 9.9878132e-01  4.5499360e-02  5.3359200e-03 -1.1643500e+03]
 [ 0.0000000e+00  0.0000000e+00  0.0000000e+00  1.0000000e+00]]
[-0107.04, +0005.47, -1097.08]
1551, 1930, 850
[[-4.2859600e-02  8.9545180e-01  4.4255360e-01  2.4850000e+01]
 [ 1.5499160e-02 -4.4208450e-01  8.9647288e-01  8.8870000e+01]
 [ 9.9872288e-01  4.5496400e-02  5.4085400e-03 -1.1643700e+03]
 [ 0.0000000e+00  0.0000000e+00  0.0000000e+00  1.0000000e+00]]
[-0070.07, -0007.53, -1116.28]
2118, 1959, 972
[[-4.1965200e-02  8.9643196e-01  4.4066388e-01  2.4860000e+01]
 [ 1.7189640e-02 -4.4011722e-01  8.9741854e-01  8.9120000e+01]
 [ 9.9873892e-01  4.5445140e-02  3.3910200e-03 -1.1644000e+03]
 [ 0.0000000e+00  0.0000000e+00  0.0000000e+00  1.0000000e+00]]
[-0045.50, +0020.10, -1125.17]
1527, 1948, 2128
[[-4.3363140e-02  8.9602540e-01  4.4137874e-01  2.4760000e+01]
 [ 1.6505240e-02 -4.4088004e-01  8.9707340e-01  8.9000000e+01]
 [ 9.9870130e-01  4.6385240e-02  4.6448600e-03 -1.1642900e+03]
 [ 0.0000000e+00  0.0000000e+00  0.0000000e+00  1.0000000e+00]]
[-0160.77, +0065.68, -1111.01]
1589, 994, 1622
[[-4.3029800e-02  8.9619858e-01  4.4111526e-01  2.4690000e+01]
 [ 1.6722780e-02 -4.4062810e-01  8.9723086e-01  8.9140000e+01]
 [ 9.9873666e-01  4.6162460e-02  4.2541400e-03 -1.1643300e+03]
 [ 0.0000000e+00  0.0000000e+00  0.0000000e+00  1.0000000e+00]]
[-0103.47, +0122.19, -1092.83]
1355, 1758, 1564
[[-4.3250080e-02  8.9644776e-01  4.4045960e-01  2.4730000e+01]
 [ 1.6872240e-02 -4.3991208e-01  8.9749320e-01  8.9200000e+01]
 [ 9.9866840e-01  4.6477200e-02  4.2620000e-03 -1.1643400e+03]
 [ 0.0000000e+00  0.0000000e+00  0.0000000e+00  1.0000000e+00]]
[-0138.18, +0037.93, -1087.36]
2176, 1783, 1453
[[-4.2960500e-02  8.9695020e-01  4.3968060e-01  2.4700000e+01]
 [ 1.8095880e-02 -4.3916506e-01  8.9798160e-01  8.9340000e+01]
 [ 9.9875484e-01  4.6677120e-02  2.8604000e-03 -1.1643500e+03]
 [ 0.0000000e+00  0.0000000e+00  0.0000000e+00  1.0000000e+00]]
[-0057.90, +0055.20, -1102.00]
1220, 1108, 1294
[[-4.3208520e-02  8.9607412e-01  4.4117420e-01  2.4770000e+01]
 [ 1.6065880e-02 -4.4064402e-01  8.9711530e-01  8.9080000e+01]
 [ 9.9866180e-01  4.6099300e-02  5.0355000e-03 -1.1643200e+03]
 [ 0.0000000e+00  0.0000000e+00  0.0000000e+00  1.0000000e+00]]
[-0120.58, +0080.90, -1067.59]
1668, 2149, 1235
[[-4.2983080e-02  8.9690666e-01  4.3985622e-01  2.4780000e+01]
 [ 1.7276260e-02 -4.3941652e-01  8.9793486e-01  8.9320000e+01]
 [ 9.9880758e-01  4.6302540e-02  3.5614000e-03 -1.1643600e+03]
 [ 0.0000000e+00  0.0000000e+00  0.0000000e+00  1.0000000e+00]]
[-0091.21, -0000.88, -1112.00]
1175, 1416, 1573
[[-4.3339240e-02  8.9652386e-01  4.4057234e-01  2.4740000e+01]
 [ 1.6560140e-02 -4.4015602e-01  8.9756662e-01  8.9160000e+01]
 [ 9.9879166e-01  4.6314620e-02  4.4167800e-03 -1.1643200e+03]
 [ 0.0000000e+00  0.0000000e+00  0.0000000e+00  1.0000000e+00]]
[-0153.13, +0065.99, -1083.78]
1692, 2013, 2006
[[-4.3293000e-02  8.9691020e-01  4.3934620e-01  2.4700000e+01]
 [ 1.7279800e-02 -4.3870858e-01  8.9796218e-01  8.9350000e+01]
 [ 9.9858620e-01  4.6762820e-02  3.9594200e-03 -1.1643300e+03]
 [ 0.0000000e+00  0.0000000e+00  0.0000000e+00  1.0000000e+00]]
[-0139.73, +0055.83, -1099.66]
1944, 1195, 2005
[[-4.4024580e-02  8.9680526e-01  4.3973312e-01  2.4650000e+01]
 [ 1.7229740e-02 -4.3920426e-01  8.9788664e-01  8.9330000e+01]
 [ 9.9866312e-01  4.7303360e-02  4.1953200e-03 -1.1643500e+03]
 [ 0.0000000e+00  0.0000000e+00  0.0000000e+00  1.0000000e+00]]
[-0102.66, +0128.62, -1114.78]
1626, 2199, 896
[[-4.1876200e-02  8.9652240e-01  4.4027440e-01  2.4840000e+01]
 [ 1.7180640e-02 -4.3963730e-01  8.9750898e-01  8.9290000e+01]
 [ 9.9864848e-01  4.5443700e-02  3.4724600e-03 -1.1643400e+03]
 [ 0.0000000e+00  0.0000000e+00  0.0000000e+00  1.0000000e+00]]
[-0077.87, -0013.96, -1133.94]
1033, 1488, 1716
[[-4.3761860e-02  8.9622756e-01  4.4090388e-01  2.4730000e+01]
 [ 1.6075080e-02 -4.4041616e-01  8.9729244e-01  8.9120000e+01]
 [ 9.9867996e-01  4.6564920e-02  5.1981400e-03 -1.1643200e+03]
 [ 0.0000000e+00  0.0000000e+00  0.0000000e+00  1.0000000e+00]]
[-0174.96, +0064.98, -1101.58]
1879, 1551, 891
[[-4.2631200e-02  8.9637432e-01  4.4083736e-01  2.4770000e+01]
 [ 1.6310960e-02 -4.4038416e-01  8.9738568e-01  8.9170000e+01]
 [ 9.9877848e-01  4.5609040e-02  4.4088000e-03 -1.1643800e+03]
 [ 0.0000000e+00  0.0000000e+00  0.0000000e+00  1.0000000e+00]]
[-0037.81, +0032.67, -1108.35]
2071, 1584, 1633
[[-4.3226900e-02  8.9673498e-01  4.4012916e-01  2.4680000e+01]
 [ 1.7447940e-02 -4.3966034e-01  8.9777628e-01  8.9290000e+01]
 [ 9.9877068e-01  4.6616040e-02  3.5614000e-03 -1.1643400e+03]
 [ 0.0000000e+00  0.0000000e+00  0.0000000e+00  1.0000000e+00]]
[-0072.32, +0081.48, -1094.33]
1179, 1561, 1824
[[-4.3494020e-02  8.9651988e-01  4.4057760e-01  2.4710000e+01]
 [ 1.6800120e-02 -4.4015602e-01  8.9757060e-01  8.9170000e+01]
 [ 9.9878640e-01  4.6554600e-02  4.2620000e-03 -1.1643000e+03]
 [ 0.0000000e+00  0.0000000e+00  0.0000000e+00  1.0000000e+00]]
[-0169.25, +0069.99, -1101.97]
810, 1774, 1052
[[-4.2834500e-02  8.9604036e-01  4.4134902e-01  2.4840000e+01]
 [ 1.5155640e-02 -4.4088808e-01  8.9705844e-01  8.9040000e+01]
 [ 9.9872298e-01  4.5334440e-02  5.6535800e-03 -1.1643400e+03]
 [ 0.0000000e+00  0.0000000e+00  0.0000000e+00  1.0000000e+00]]
[-0150.77, -0011.60, -1112.59]
1684, 924, 1186
[[-4.2809920e-02  8.9611584e-01  4.4149432e-01  2.4720000e+01]
 [ 1.6251840e-02 -4.4110818e-01  8.9713236e-01  8.9070000e+01]
 [ 9.9883768e-01  4.5683640e-02  4.4819000e-03 -1.1643300e+03]
 [ 0.0000000e+00  0.0000000e+00  0.0000000e+00  1.0000000e+00]]
[-0058.95, +0106.35, -1089.36]
1224, 1849, 2011
[[-4.3161000e-02  8.9685946e-01  4.4003722e-01  2.4690000e+01]
 [ 1.6696540e-02 -4.3966818e-01  8.9789174e-01  8.9230000e+01]
 [ 9.9885478e-01  4.6167740e-02  4.1071800e-03 -1.1642900e+03]
 [ 0.0000000e+00  0.0000000e+00  0.0000000e+00  1.0000000e+00]]
[-0175.91, +0056.82, -1118.66]
2028, 2149, 2063
[[-4.3913320e-02  8.9718256e-01  4.3901324e-01  2.4650000e+01]
 [ 1.7795960e-02 -4.3847268e-01  8.9825968e-01  8.9420000e+01]
 [ 9.9867536e-01  4.7440520e-02  3.5750000e-03 -1.1643400e+03]
 [ 0.0000000e+00  0.0000000e+00  0.0000000e+00  1.0000000e+00]]
[-0116.80, +0056.38, -1099.70]
1725, 1561, 1302
[[-4.2652420e-02  8.9859020e-01  4.3614368e-01  2.4470000e+01]
 [ 1.7337400e-02 -4.3557264e-01  8.9960780e-01  9.0040000e+01]
 [ 9.9869168e-01  4.6156600e-02  3.3507800e-03 -1.1644100e+03]
 [ 0.0000000e+00  0.0000000e+00  0.0000000e+00  1.0000000e+00]]
[-0082.35, +0052.97, -1081.29]
1834, 1307, 2051
[[-4.3079200e-02  8.9937116e-01  4.3449988e-01  2.4320000e+01]
 [ 1.8211000e-02 -4.3389210e-01  9.0041020e-01  9.0330000e+01]
 [ 9.9866260e-01  4.6922120e-02  2.6576600e-03 -1.1644000e+03]
 [ 0.0000000e+00  0.0000000e+00  0.0000000e+00  1.0000000e+00]]
[-0118.33, +0122.54, -1109.72]
1840, 1586, 2145
[[-4.3147540e-02  8.9974338e-01  4.3376018e-01  2.4270000e+01]
 [ 1.7998380e-02 -4.3317764e-01  9.0078402e-01  9.0440000e+01]
 [ 9.9868018e-01  4.6879020e-02  2.8172600e-03 -1.1644500e+03]
 [ 0.0000000e+00  0.0000000e+00  0.0000000e+00  1.0000000e+00]]
[-0128.83, +0105.61, -1104.89]
1836, 2015, 1878
[[-4.2193800e-02  8.9976550e-01  4.3375170e-01  2.4320000e+01]
 [ 1.7581020e-02 -4.3316244e-01  9.0076190e-01  9.0470000e+01]
 [ 9.9870386e-01  4.5859980e-02  2.8134000e-03 -1.1644400e+03]
 [ 0.0000000e+00  0.0000000e+00  0.0000000e+00  1.0000000e+00]]
[-0119.96, +0048.78, -1094.08]
1535, 1439, 1947
[[-4.2368840e-02  8.9955336e-01  4.3421028e-01  2.4260000e+01]
 [ 1.7321880e-02 -4.3364884e-01  9.0055656e-01  9.0430000e+01]
 [ 9.9871656e-01  4.5890280e-02  3.1247600e-03 -1.1644000e+03]
 [ 0.0000000e+00  0.0000000e+00  0.0000000e+00  1.0000000e+00]]
[-0143.68, +0098.87, -1097.65]
1492, 926, 1722
[[-4.3673380e-02  8.9931610e-01  4.3465838e-01  2.4220000e+01]
 [ 1.6701100e-02 -4.3416676e-01  9.0037610e-01  9.0370000e+01]
 [ 9.9870838e-01  4.6761100e-02  4.2226200e-03 -1.1644600e+03]
 [ 0.0000000e+00  0.0000000e+00  0.0000000e+00  1.0000000e+00]]
[-0118.26, +0131.40, -1101.34]
1943, 1685, 1328
[[-4.2748500e-02  8.9979630e-01  4.3355910e-01  2.4240000e+01]
 [ 1.7709900e-02 -4.3293442e-01  9.0082006e-01  9.0540000e+01]
 [ 9.9864570e-01  4.6443940e-02  2.9730800e-03 -1.1644500e+03]
 [ 0.0000000e+00  0.0000000e+00  0.0000000e+00  1.0000000e+00]]
[-0063.29, +0049.93, -1093.03]
1723, 1133, 975
[[-4.2943120e-02  8.9928812e-01  4.3486968e-01  2.4280000e+01]
 [ 1.7351480e-02 -4.3437874e-01  9.0031488e-01  9.0400000e+01]
 [ 9.9876408e-01  4.6355520e-02  3.2803800e-03 -1.1644300e+03]
 [ 0.0000000e+00  0.0000000e+00  0.0000000e+00  1.0000000e+00]]
[-0048.17, +0070.72, -1087.51]
1568, 814, 838
[[-4.2875380e-02  8.9908102e-01  4.3533192e-01  2.4260000e+01]
 [ 1.7242820e-02 -4.3485778e-01  9.0010392e-01  9.0350000e+01]
 [ 9.9878088e-01  4.6235280e-02  3.3558400e-03 -1.1644000e+03]
 [ 0.0000000e+00  0.0000000e+00  0.0000000e+00  1.0000000e+00]]
[-0043.18, +0090.35, -1085.84]
1858, 1060, 1345
[[-4.3410100e-02  8.9965136e-01  4.3413148e-01  2.4210000e+01]
 [ 1.7228000e-02 -4.3367200e-01  9.0069800e-01  9.0500000e+01]
 [ 9.9877220e-01  4.6702480e-02  3.5201400e-03 -1.1644000e+03]
 [ 0.0000000e+00  0.0000000e+00  0.0000000e+00  1.0000000e+00]]
[-0061.11, +0105.18, -1095.01]
1166, 1122, 1393
[[-4.2767760e-02  8.9958804e-01  4.3401228e-01  2.4210000e+01]
 [ 1.7211480e-02 -4.3342090e-01  9.0061094e-01  9.0490000e+01]
 [ 9.9866364e-01  4.6234820e-02  3.4403000e-03 -1.1643700e+03]
 [ 0.0000000e+00  0.0000000e+00  0.0000000e+00  1.0000000e+00]]
[-0135.69, +0083.58, -1072.01]
1071, 1600, 1772
[[-4.3234980e-02  9.0007260e-01  4.3319604e-01  2.4200000e+01]
 [ 1.6966200e-02 -4.3271440e-01  9.0111140e-01  9.0580000e+01]
 [ 9.9875004e-01  4.6464200e-02  3.6795800e-03 -1.1644000e+03]
 [ 0.0000000e+00  0.0000000e+00  0.0000000e+00  1.0000000e+00]]
[-0175.63, +0059.36, -1105.57]
1227, 937, 1241
[[-4.2612100e-02  8.9954808e-01  4.3420646e-01  2.4200000e+01]
 [ 1.7171520e-02 -4.3365648e-01  9.0056184e-01  9.0490000e+01]
 [ 9.9871274e-01  4.6040640e-02  3.3603800e-03 -1.1643900e+03]
 [ 0.0000000e+00  0.0000000e+00  0.0000000e+00  1.0000000e+00]]
[-0111.97, +0098.29, -1068.02]
2128, 1382, 896
[[-4.2330760e-02  8.9997012e-01  4.3330376e-01  2.4190000e+01]
 [ 1.8318960e-02 -4.3267620e-01  9.0097452e-01  9.0700000e+01]
 [ 9.9868052e-01  4.6308240e-02  2.1902000e-03 -1.1644600e+03]
 [ 0.0000000e+00  0.0000000e+00  0.0000000e+00  1.0000000e+00]]
[-0024.27, +0056.77, -1124.03]
1570, 1687, 1626
[[-4.3771220e-02  9.0014574e-01  4.3282770e-01  2.4170000e+01]
 [ 1.7914260e-02 -4.3223572e-01  9.0121590e-01  9.0690000e+01]
 [ 9.9863970e-01  4.7420100e-02  3.1355000e-03 -1.1644300e+03]
 [ 0.0000000e+00  0.0000000e+00  0.0000000e+00  1.0000000e+00]]
[-0123.85, +0057.61, -1082.72]
2104, 1772, 1183
[[-4.2954600e-02  9.0045042e-01  4.3249294e-01  2.4180000e+01]
 [ 1.8313100e-02 -4.3196946e-01  9.0147858e-01  9.0790000e+01]
 [ 9.9876210e-01  4.6776500e-02  2.2731000e-03 -1.1644600e+03]
 [ 0.0000000e+00  0.0000000e+00  0.0000000e+00  1.0000000e+00]]
[-0047.63, +0041.41, -1108.53]
824, 2066, 804
[[-4.2057640e-02  8.9972642e-01  4.3392262e-01  2.4310000e+01]
 [ 1.6521980e-02 -4.3341322e-01  9.0071198e-01  9.0590000e+01]
 [ 9.9876098e-01  4.5248380e-02  3.6715800e-03 -1.1644300e+03]
 [ 0.0000000e+00  0.0000000e+00  0.0000000e+00  1.0000000e+00]]
[-0125.93, -0032.79, -1146.69]
1721, 1345, 1185
[[-4.3079200e-02  8.9991112e-01  4.3346816e-01  2.4160000e+01]
 [ 1.7048000e-02 -4.3294986e-01  9.0094462e-01  9.0670000e+01]
 [ 9.9872120e-01  4.6387700e-02  3.5999000e-03 -1.1644500e+03]
 [ 0.0000000e+00  0.0000000e+00  0.0000000e+00  1.0000000e+00]]
[-0065.15, +0066.50, -1082.08]
1046, 1308, 930
[[-4.3118800e-02  8.9953896e-01  4.3417512e-01  2.4200000e+01]
 [ 1.5851760e-02 -4.3368784e-01  9.0057096e-01  9.0560000e+01]
 [ 9.9871272e-01  4.5923760e-02  4.7692000e-03 -1.1644500e+03]
 [ 0.0000000e+00  0.0000000e+00  0.0000000e+00  1.0000000e+00]]
[-0113.27, +0025.53, -1067.39]
1686, 1264, 2187
[[-4.3509860e-02  9.0052434e-01  4.3210086e-01  2.4020000e+01]
 [ 1.8241860e-02 -4.3150618e-01  9.0158198e-01  9.0830000e+01]
 [ 9.9866034e-01  4.7315380e-02  2.6673200e-03 -1.1644000e+03]
 [ 0.0000000e+00  0.0000000e+00  0.0000000e+00  1.0000000e+00]]
[-0135.95, +0126.72, -1120.69]
2150, 1169, 1706
[[-4.3093000e-02  9.0057670e-01  4.3192370e-01  2.4050000e+01]
 [ 1.8972700e-02 -4.3124788e-01  9.0161822e-01  9.0930000e+01]
 [ 9.9861730e-01  4.7296780e-02  1.8841200e-03 -1.1644400e+03]
 [ 0.0000000e+00  0.0000000e+00  0.0000000e+00  1.0000000e+00]]
[-0067.10, +0118.32, -1114.10]
1732, 2035, 2102
[[-4.4204200e-02  9.0088006e-01  4.3138278e-01  2.4070000e+01]
 [ 1.8985820e-02 -4.3079236e-01  9.0197034e-01  9.0980000e+01]
 [ 9.9865686e-01  4.8229380e-02  2.2006000e-03 -1.1644400e+03]
 [ 0.0000000e+00  0.0000000e+00  0.0000000e+00  1.0000000e+00]]
[-0147.27, +0058.64, -1104.78]
1386, 1671, 1394
[[-4.2885700e-02  9.0037464e-01  4.3235678e-01  2.4140000e+01]
 [ 1.7605920e-02 -4.3174160e-01  9.0140376e-01  9.0830000e+01]
 [ 9.9864754e-01  4.6521120e-02  3.0560600e-03 -1.1644500e+03]
 [ 0.0000000e+00  0.0000000e+00  0.0000000e+00  1.0000000e+00]]
[-0122.01, +0038.02, -1079.96]
1330, 952, 1461
[[-4.3546660e-02  9.0027380e-01  4.3272962e-01  2.4060000e+01]
 [ 1.6924120e-02 -4.3224360e-01  9.0132716e-01  9.0790000e+01]
 [ 9.9872990e-01  4.6735000e-02  3.8387000e-03 -1.1644700e+03]
 [ 0.0000000e+00  0.0000000e+00  0.0000000e+00  1.0000000e+00]]
[-0117.60, +0113.11, -1079.85]
904, 1642, 1834
[[-4.4014480e-02  9.0047084e-01  4.3226848e-01  2.4000000e+01]
 [ 1.7121160e-02 -4.3177296e-01  9.0154684e-01  9.0900000e+01]
 [ 9.9870448e-01  4.7245160e-02  3.8415200e-03 -1.1644800e+03]
 [ 0.0000000e+00  0.0000000e+00  0.0000000e+00  1.0000000e+00]]
[-0189.75, +0054.67, -1124.47]
2033, 1143, 854
[[-4.2954600e-02  9.0032888e-01  4.3257096e-01  2.4050000e+01]
 [ 1.8434640e-02 -4.3196946e-01  9.0136082e-01  9.0910000e+01]
 [ 9.9868408e-01  4.6894260e-02  2.2731000e-03 -1.1644700e+03]
 [ 0.0000000e+00  0.0000000e+00  0.0000000e+00  1.0000000e+00]]
[-0019.95, +0070.79, -1122.68]
1053, 1729, 2024
[[-4.4152320e-02  9.0088320e-01  4.3134336e-01  2.4010000e+01]
 [ 1.7337600e-02 -4.3081600e-01  9.0196720e-01  9.0960000e+01]
 [ 9.9867264e-01  4.7485600e-02  3.6876800e-03 -1.1644600e+03]
 [ 0.0000000e+00  0.0000000e+00  0.0000000e+00  1.0000000e+00]]
[-0186.21, +0062.38, -1128.43]
1562, 1590, 1566
[[-4.3666000e-02  9.0068552e-01  4.3182864e-01  2.4040000e+01]
 [ 1.8159920e-02 -4.3127080e-01  9.0174864e-01  9.0960000e+01]
 [ 9.9868944e-01  4.7391840e-02  2.7465600e-03 -1.1644600e+03]
 [ 0.0000000e+00  0.0000000e+00  0.0000000e+00  1.0000000e+00]]
[-0113.64, +0063.36, -1079.37]
2087, 1929, 2052
[[-4.4187380e-02  9.0125268e-01  4.3065180e-01  2.3960000e+01]
 [ 1.9162680e-02 -4.3007098e-01  9.0234120e-01  9.1180000e+01]
 [ 9.9867420e-01  4.8274800e-02  1.9666400e-03 -1.1644500e+03]
 [ 0.0000000e+00  0.0000000e+00  0.0000000e+00  1.0000000e+00]]
[-0108.49, +0076.69, -1097.24]
2055, 1295, 841
[[-4.2418000e-02  9.0034252e-01  4.3254036e-01  2.4090000e+01]
 [ 1.7087560e-02 -4.3197706e-01  9.0134718e-01  9.0900000e+01]
 [ 9.9870708e-01  4.5848340e-02  3.2883000e-03 -1.1644700e+03]
 [ 0.0000000e+00  0.0000000e+00  0.0000000e+00  1.0000000e+00]]
[-0022.48, +0058.04, -1122.15]
1094, 1729, 1722
[[-4.4083300e-02  9.0072066e-01  4.3160628e-01  2.4040000e+01]
 [ 1.7029740e-02 -4.3105922e-01  9.0180204e-01  9.0960000e+01]
 [ 9.9864492e-01  4.7320440e-02  3.9999200e-03 -1.1644800e+03]
 [ 0.0000000e+00  0.0000000e+00  0.0000000e+00  1.0000000e+00]]
[-0171.83, +0044.56, -1105.90]
1839, 1286, 1747
[[-4.3822180e-02  9.0084666e-01  4.3155638e-01  2.3980000e+01]
 [ 1.8077940e-02 -4.3103546e-01  9.0191526e-01  9.1020000e+01]
 [ 9.9871858e-01  4.7468340e-02  2.8257200e-03 -1.1644600e+03]
 [ 0.0000000e+00  0.0000000e+00  0.0000000e+00  1.0000000e+00]]
[-0095.61, +0111.59, -1094.89]
867, 1690, 1575
[[-4.3216080e-02  9.0061104e-01  4.3218776e-01  2.4100000e+01]
 [ 1.6822240e-02 -4.3175712e-01  9.0164592e-01  9.0880000e+01]
 [ 9.9880104e-01  4.6347680e-02  3.6828000e-03 -1.1644500e+03]
 [ 0.0000000e+00  0.0000000e+00  0.0000000e+00  1.0000000e+00]]
[-0179.87, +0030.54, -1113.53]
973, 808, 838
[[-4.3342120e-02  8.9990728e-01  4.3344056e-01  2.4090000e+01]
 [ 1.5878480e-02 -4.3297362e-01  9.0094846e-01  9.0750000e+01]
 [ 9.9872504e-01  4.6120940e-02  4.7732600e-03 -1.1644700e+03]
 [ 0.0000000e+00  0.0000000e+00  0.0000000e+00  1.0000000e+00]]
[-0102.53, +0073.46, -1052.56]
1939, 1436, 2061
[[-4.3891560e-02  9.0121770e-01  4.3081598e-01  2.3910000e+01]
 [ 1.7864980e-02 -4.3032180e-01  9.0228786e-01  9.1120000e+01]
 [ 9.9873750e-01  4.7425700e-02  2.9838000e-03 -1.1644800e+03]
 [ 0.0000000e+00  0.0000000e+00  0.0000000e+00  1.0000000e+00]]
[-0111.89, +0115.51, -1105.97]
1585, 1245, 1132
[[-4.3284820e-02  9.0048698e-01  4.3228030e-01  2.4050000e+01]
 [ 1.7573020e-02 -4.3174932e-01  9.0153070e-01  9.0920000e+01]
 [ 9.9871630e-01  4.6793300e-02  3.1355000e-03 -1.1644700e+03]
 [ 0.0000000e+00  0.0000000e+00  0.0000000e+00  1.0000000e+00]]
[-0073.98, +0067.81, -1075.45]
1873, 1295, 2096
[[-4.4447300e-02  9.0108276e-01  4.3090122e-01  2.3870000e+01]
 [ 1.8314040e-02 -4.3032968e-01  9.0218364e-01  9.1100000e+01]
 [ 9.9864438e-01  4.8172440e-02  2.9063800e-03 -1.1644500e+03]
 [ 0.0000000e+00  0.0000000e+00  0.0000000e+00  1.0000000e+00]]
[-0116.88, +0126.11, -1114.32]
1533, 1967, 824
[[-4.2449040e-02  9.0889020e-01  4.1443460e-01  2.3190000e+01]
 [ 1.9478600e-02 -4.1380362e-01  9.0988902e-01  9.4720000e+01]
 [ 9.9872820e-01  4.6862020e-02  1.1358000e-04 -1.1646800e+03]
 [ 0.0000000e+00  0.0000000e+00  0.0000000e+00  1.0000000e+00]]
[-0071.05, -0008.48, -1120.28]
1161, 1987, 1687
[[-4.2753680e-02  9.0997920e-01  4.1221752e-01  2.2980000e+01]
 [ 1.9468800e-02 -4.1166800e-01  9.1098720e-01  9.5030000e+01]
 [ 9.9880248e-01  4.7059200e-02  1.4320000e-05 -1.1646900e+03]
 [ 0.0000000e+00  0.0000000e+00  0.0000000e+00  1.0000000e+00]]
[-0163.73, +0022.49, -1114.40]
2016, 1350, 1661
[[-4.3061520e-02  9.1029920e-01  4.1119748e-01  2.2820000e+01]
 [ 2.0861600e-02 -4.1046954e-01  9.1132580e-01  9.5330000e+01]
 [ 9.9864548e-01  4.8013400e-02 -1.0240200e-03 -1.1647200e+03]
 [ 0.0000000e+00  0.0000000e+00  0.0000000e+00  1.0000000e+00]]
[-0075.89, +0106.45, -1098.32]
1567, 1360, 2190
[[-4.3621060e-02  9.1077056e-01  4.1036614e-01  2.2740000e+01]
 [ 2.0221040e-02 -4.0977508e-01  9.1181888e-01  9.5440000e+01]
 [ 9.9874646e-01  4.8161680e-02 -4.0698000e-04 -1.1647000e+03]
 [ 0.0000000e+00  0.0000000e+00  0.0000000e+00  1.0000000e+00]]
[-0152.70, +0116.79, -1119.04]
1009, 1391, 1074
[[-4.4113300e-02  9.1023274e-01  4.1134902e-01  2.2810000e+01]
 [ 1.9037980e-02 -4.1075476e-01  9.1130814e-01  9.5340000e+01]
 [ 9.9868374e-01  4.8180180e-02  1.0155000e-03 -1.1647500e+03]
 [ 0.0000000e+00  0.0000000e+00  0.0000000e+00  1.0000000e+00]]
[-0130.61, +0028.65, -1072.23]
1269, 1477, 2133
[[-4.3457620e-02  9.1109956e-01  4.0930436e-01  2.2630000e+01]
 [ 1.9881560e-02 -4.0859178e-01  9.1214632e-01  9.5510000e+01]
 [ 9.9861764e-01  4.7997680e-02 -2.4400000e-05 -1.1647300e+03]
 [ 0.0000000e+00  0.0000000e+00  0.0000000e+00  1.0000000e+00]]
[-0174.00, +0096.71, -1121.49]
1429, 988, 1596
[[-4.3625640e-02  9.1060862e-01  4.1062142e-01  2.2640000e+01]
 [ 1.9522420e-02 -4.1002354e-01  9.1165942e-01  9.5500000e+01]
 [ 9.9871762e-01  4.7916220e-02  3.0446000e-04 -1.1647400e+03]
 [ 0.0000000e+00  0.0000000e+00  0.0000000e+00  1.0000000e+00]]
[-0118.43, +0121.20, -1088.45]
1127, 1626, 1821
[[-4.3702900e-02  9.1089130e-01  4.0975620e-01  2.2680000e+01]
 [ 1.9229540e-02 -4.0908130e-01  9.1194972e-01  9.5620000e+01]
 [ 9.9862572e-01  4.7949000e-02  6.8716000e-04 -1.1647300e+03]
 [ 0.0000000e+00  0.0000000e+00  0.0000000e+00  1.0000000e+00]]
[-0174.22, +0062.24, -1105.61]
2136, 2101, 1202
[[-4.2166120e-02  9.1181754e-01  4.0806010e-01  2.2730000e+01]
 [ 2.1597540e-02 -4.0735268e-01  9.1279530e-01  9.5990000e+01]
 [ 9.9872810e-01  4.7439300e-02 -2.3098000e-03 -1.1648300e+03]
 [ 0.0000000e+00  0.0000000e+00  0.0000000e+00  1.0000000e+00]]
[-0059.86, +0024.87, -1115.75]
1620, 2188, 927
[[-4.3535440e-02  9.1109804e-01  4.0931952e-01  2.2710000e+01]
 [ 2.0509880e-02 -4.0858450e-01  9.1214784e-01  9.5810000e+01]
 [ 9.9860976e-01  4.8318720e-02 -5.7690000e-04 -1.1647800e+03]
 [ 0.0000000e+00  0.0000000e+00  0.0000000e+00  1.0000000e+00]]
[-0078.53, -0010.28, -1131.00]
1119, 1702, 1057
[[-4.3866820e-02  9.1084660e-01  4.0993758e-01  2.2640000e+01]
 [ 1.8647800e-02 -4.0933000e-01  9.1191060e-01  9.5690000e+01]
 [ 9.9867042e-01  4.7824200e-02  1.2391800e-03 -1.1647600e+03]
 [ 0.0000000e+00  0.0000000e+00  0.0000000e+00  1.0000000e+00]]
[-0121.26, +0006.41, -1088.57]
2037, 2142, 2141
[[-4.4170660e-02  9.1201170e-01  4.0736656e-01  2.2480000e+01]
 [ 2.0273940e-02 -4.0670106e-01  9.1308840e-01  9.6040000e+01]
 [ 9.9865000e-01  4.8745440e-02 -2.9236000e-04 -1.1648000e+03]
 [ 0.0000000e+00  0.0000000e+00  0.0000000e+00  1.0000000e+00]]
[-0122.65, +0063.85, -1101.54]
1018, 2165, 1770
[[-4.3457620e-02  9.1146302e-01  4.0854446e-01  2.2600000e+01]
 [ 1.9040020e-02 -4.0789092e-01  9.1250834e-01  9.5920000e+01]
 [ 9.9865454e-01  4.7635660e-02  6.7646000e-04 -1.1648000e+03]
 [ 0.0000000e+00  0.0000000e+00  0.0000000e+00  1.0000000e+00]]
[-0170.25, +0013.86, -1137.92]
2193, 1893, 1501
[[-4.3369620e-02  9.1170862e-01  4.0792240e-01  2.2510000e+01]
 [ 2.0748620e-02 -4.0715362e-01  9.1275040e-01  9.6060000e+01]
 [ 9.9859040e-01  4.8282400e-02 -9.0724000e-04 -1.1647900e+03]
 [ 0.0000000e+00  0.0000000e+00  0.0000000e+00  1.0000000e+00]]
[-0063.17, +0056.60, -1102.30]
848, 1035, 1820
[[-4.3384500e-02  9.1122186e-01  4.0918552e-01  2.2560000e+01]
 [ 1.8113380e-02 -4.0861410e-01  9.1226136e-01  9.5790000e+01]
 [ 9.9871416e-01  4.7155120e-02  1.4727600e-03 -1.1647400e+03]
 [ 0.0000000e+00  0.0000000e+00  0.0000000e+00  1.0000000e+00]]
[-0188.26, +0105.05, -1122.37]
945, 1349, 1455
[[-4.4262600e-02  9.1120108e-01  4.0920404e-01  2.2540000e+01]
 [ 1.8909080e-02 -4.0862170e-01  9.1228214e-01  9.5860000e+01]
 [ 9.9868804e-01  4.8258140e-02  1.0693400e-03 -1.1647800e+03]
 [ 0.0000000e+00  0.0000000e+00  0.0000000e+00  1.0000000e+00]]
[-0166.04, +0056.38, -1085.61]
1978, 1046, 826
[[-4.2975700e-02  9.1111100e-01  4.0931160e-01  2.2490000e+01]
 [ 2.0188840e-02 -4.0857730e-01  9.1213488e-01  9.5970000e+01]
 [ 9.9862488e-01  4.7690400e-02 -4.9184000e-04 -1.1647500e+03]
 [ 0.0000000e+00  0.0000000e+00  0.0000000e+00  1.0000000e+00]]
[-0020.66, +0080.08, -1120.45]
1468, 2146, 1591
[[-4.3770100e-02  9.1202118e-01  4.0736444e-01  2.2450000e+01]
 [ 2.0190660e-02 -4.0669370e-01  9.1307892e-01  9.6110000e+01]
 [ 9.9865948e-01  4.8354360e-02 -3.6616000e-04 -1.1647700e+03]
 [ 0.0000000e+00  0.0000000e+00  0.0000000e+00  1.0000000e+00]]
[-0133.04, +0012.56, -1107.39]
1938, 890, 1514
[[-4.3854400e-02  9.1161512e-01  4.0829096e-01  2.2420000e+01]
 [ 1.9822160e-02 -4.0764994e-01  9.1267702e-01  9.6050000e+01]
 [ 9.9867448e-01  4.8271460e-02  3.8700000e-05 -1.1647600e+03]
 [ 0.0000000e+00  0.0000000e+00  0.0000000e+00  1.0000000e+00]]
[-0066.98, +0133.33, -1116.30]
1676, 1935, 2064
[[-4.3367200e-02  9.1227324e-01  4.0670628e-01  2.2390000e+01]
 [ 2.0405640e-02 -4.0597136e-01  9.1331364e-01  9.6200000e+01]
 [ 9.9861708e-01  4.8122040e-02 -6.8560000e-04 -1.1647300e+03]
 [ 0.0000000e+00  0.0000000e+00  0.0000000e+00  1.0000000e+00]]
[-0149.51, +0065.21, -1102.65]
1422, 1784, 1318
[[-4.4336400e-02  9.1180568e-01  4.0780316e-01  2.2460000e+01]
 [ 1.8993520e-02 -4.0719802e-01  9.1289056e-01  9.6110000e+01]
 [ 9.9866524e-01  4.8376960e-02  9.7262000e-04 -1.1648200e+03]
 [ 0.0000000e+00  0.0000000e+00  0.0000000e+00  1.0000000e+00]]
[-0114.21, +0026.64, -1084.93]
1060, 819, 1100
[[-4.4503780e-02  9.1115670e-01  4.0887934e-01  2.2430000e+01]
 [ 1.8475500e-02 -4.0816250e-01  9.1225650e-01  9.5920000e+01]
 [ 9.9852266e-01  4.8443100e-02  1.7697200e-03 -1.1648100e+03]
 [ 0.0000000e+00  0.0000000e+00  0.0000000e+00  1.0000000e+00]]
[-0118.67, +0097.90, -1062.26]
1724, 1890, 1674
[[-4.3688980e-02  9.1218428e-01  4.0709376e-01  2.2410000e+01]
 [ 2.0261080e-02 -4.0645288e-01  9.1323624e-01  9.6220000e+01]
 [ 9.9869664e-01  4.8278160e-02 -5.2586000e-04 -1.1647800e+03]
 [ 0.0000000e+00  0.0000000e+00  0.0000000e+00  1.0000000e+00]]
[-0113.07, +0048.67, -1087.89]
1315, 1231, 1761
[[-4.4095380e-02  9.1169086e-01  4.0788672e-01  2.2400000e+01]
 [ 1.9267860e-02 -4.0719042e-01  9.1276816e-01  9.6120000e+01]
 [ 9.9858928e-01  4.8339840e-02  7.3920000e-04 -1.1647900e+03]
 [ 0.0000000e+00  0.0000000e+00  0.0000000e+00  1.0000000e+00]]
[-0149.64, +0102.72, -1092.29]
1365, 1701, 1415
[[-4.3691680e-02  9.1186172e-01  4.0762932e-01  2.2430000e+01]
 [ 1.9883080e-02 -4.0693456e-01  9.1291788e-01  9.6210000e+01]
 [ 9.9862812e-01  4.8193320e-02 -4.6880000e-05 -1.1647800e+03]
 [ 0.0000000e+00  0.0000000e+00  0.0000000e+00  1.0000000e+00]]
[-0124.52, +0037.23, -1081.61]
832, 1484, 2065
[[-4.4336400e-02  9.1212824e-01  4.0724308e-01  2.2400000e+01]
 [ 1.8351920e-02 -4.0673130e-01  9.1320904e-01  9.6140000e+01]
 [ 9.9874324e-01  4.8058480e-02  1.4393400e-03 -1.1648000e+03]
 [ 0.0000000e+00  0.0000000e+00  0.0000000e+00  1.0000000e+00]]
[-0197.40, +0076.14, -1146.29]
2108, 1827, 1396
[[-4.3126500e-02  9.1243982e-01  4.0642976e-01  2.2390000e+01]
 [ 2.0239060e-02 -4.0573066e-01  9.1346728e-01  9.6350000e+01]
 [ 9.9866008e-01  4.7808640e-02 -6.8560000e-04 -1.1648500e+03]
 [ 0.0000000e+00  0.0000000e+00  0.0000000e+00  1.0000000e+00]]
[-0060.13, +0051.35, -1101.31]
1154, 1062, 836
[[-4.3457620e-02  9.1150384e-01  4.0834428e-01  2.2430000e+01]
 [ 1.8839840e-02 -4.0765738e-01  9.1255104e-01  9.6080000e+01]
 [ 9.9861372e-01  4.7592960e-02  9.1000000e-04 -1.1647900e+03]
 [ 0.0000000e+00  0.0000000e+00  0.0000000e+00  1.0000000e+00]]
[-0088.11, +0051.69, -1060.71]
1718, 1624, 1196
[[-4.4089540e-02  9.1217482e-01  4.0709590e-01  2.2380000e+01]
 [ 2.0344300e-02 -4.0646020e-01  9.1324570e-01  9.6270000e+01]
 [ 9.9868718e-01  4.8669260e-02 -4.5210000e-04 -1.1648100e+03]
 [ 0.0000000e+00  0.0000000e+00  0.0000000e+00  1.0000000e+00]]
[-0072.03, +0043.60, -1085.64]
1885, 1636, 1782
[[-4.3767720e-02  9.1234478e-01  4.0630790e-01  2.2320000e+01]
 [ 2.0088220e-02 -4.0551172e-01  9.1340830e-01  9.6340000e+01]
 [ 9.9852670e-01  4.8427900e-02 -1.4500000e-04 -1.1647900e+03]
 [ 0.0000000e+00  0.0000000e+00  0.0000000e+00  1.0000000e+00]]
[-0102.74, +0084.68, -1088.59]
2064, 1043, 1075
[[-4.305042e-02  9.119972e-01  4.075511e-01  2.233000e+01]
 [ 1.983320e-02 -4.069200e-01  9.130196e-01  9.626000e+01]
 [ 9.987209e-01  4.753160e-02 -3.544200e-04 -1.164790e+03]
 [ 0.000000e+00  0.000000e+00  0.000000e+00  1.000000e+00]]
[-0031.28, +0097.07, -1118.20]
1627, 1304, 1444
[[-4.3688080e-02  9.1583800e-01  3.9898088e-01  2.1900000e+01]
 [ 2.0339600e-02 -3.9839376e-01  9.1688200e-01  9.7850000e+01]
 [ 9.9876488e-01  4.8239600e-02 -1.1216800e-03 -1.1649100e+03]
 [ 0.0000000e+00  0.0000000e+00  0.0000000e+00  1.0000000e+00]]
[-0098.75, +0086.71, -1077.36]
1548, 918, 2159
[[-4.3292680e-02  9.1636596e-01  3.9746380e-01  2.1740000e+01]
 [ 2.0654040e-02 -3.9672818e-01  9.1739610e-01  9.8110000e+01]
 [ 9.9863780e-01  4.8120900e-02 -1.4605000e-03 -1.1648900e+03]
 [ 0.0000000e+00  0.0000000e+00  0.0000000e+00  1.0000000e+00]]
[-0140.15, +0144.40, -1140.18]
989, 1516, 1074
[[-4.3128840e-02  9.1612884e-01  3.9759452e-01  2.1800000e+01]
 [ 1.9638280e-02 -3.9674250e-01  9.1716054e-01  9.8180000e+01]
 [ 9.9849276e-01  4.7718620e-02 -3.5130000e-04 -1.1649500e+03]
 [ 0.0000000e+00  0.0000000e+00  0.0000000e+00  1.0000000e+00]]
[-0134.77, +0015.91, -1080.71]
864, 1224, 1845
[[-4.3611540e-02  9.1671640e-01  3.9668850e-01  2.1670000e+01]
 [ 1.9266000e-02 -3.9604452e-01  9.1776152e-01  9.8300000e+01]
 [ 9.9867890e-01  4.7837520e-02 -1.3602000e-04 -1.1649600e+03]
 [ 0.0000000e+00  0.0000000e+00  0.0000000e+00  1.0000000e+00]]
[-0192.13, +0088.98, -1122.01]
1906, 1487, 1582
[[-4.24200e-02  9.17144e-01  3.95792e-01  2.16100e+01]
 [ 2.10400e-02 -3.95050e-01  9.18130e-01  9.85300e+01]
 [ 9.98680e-01  4.74580e-02 -2.26600e-03 -1.16494e+03]
 [ 0.00000e+00  0.00000e+00  0.00000e+00  1.00000e+00]]
[-0082.51, +0087.32, -1087.82]
1354, 1255, 1958
[[-4.4180800e-02  9.1690344e-01  3.9626432e-01  2.1560000e+01]
 [ 2.1101040e-02 -3.9555744e-01  9.1797264e-01  9.8490000e+01]
 [ 9.9864512e-01  4.9062240e-02 -1.6576000e-03 -1.1649300e+03]
 [ 0.0000000e+00  0.0000000e+00  0.0000000e+00  1.0000000e+00]]
[-0157.04, +0111.95, -1106.79]
1712, 1010, 829
[[-4.4176900e-02  9.1658392e-01  3.9680164e-01  2.1570000e+01]
 [ 2.0722640e-02 -3.9603720e-01  9.1765772e-01  9.8490000e+01]
 [ 9.9857308e-01  4.8979960e-02 -1.1739400e-03 -1.1649500e+03]
 [ 0.0000000e+00  0.0000000e+00  0.0000000e+00  1.0000000e+00]]
[-0034.75, +0079.77, -1095.62]
1864, 2030, 1619
[[-4.3231760e-02  9.1760256e-01  3.9448176e-01  2.1500000e+01]
 [ 2.1797760e-02 -3.9364000e-01  9.1862768e-01  9.8770000e+01]
 [ 9.9856656e-01  4.8554080e-02 -2.6260000e-03 -1.1649400e+03]
 [ 0.0000000e+00  0.0000000e+00  0.0000000e+00  1.0000000e+00]]
[-0098.71, +0038.12, -1093.69]
1292, 1531, 1667
[[-4.3701200e-02  9.1731204e-01  3.9530808e-01  2.1490000e+01]
 [ 2.0369880e-02 -3.9461264e-01  9.1835964e-01  9.8660000e+01]
 [ 9.9865656e-01  4.8352680e-02 -1.1924000e-03 -1.1649600e+03]
 [ 0.0000000e+00  0.0000000e+00  0.0000000e+00  1.0000000e+00]]
[-0150.07, +0068.24, -1086.39]
838, 1932, 1637
[[-4.3138980e-02  9.1740350e-01  3.9489918e-01  2.1560000e+01]
 [ 1.9652100e-02 -3.9414036e-01  9.1842950e-01  9.8680000e+01]
 [ 9.9859318e-01  4.7642100e-02 -6.3738000e-04 -1.1649600e+03]
 [ 0.0000000e+00  0.0000000e+00  0.0000000e+00  1.0000000e+00]]
[-0179.98, +0016.54, -1134.17]
949, 1145, 1811
[[-4.3940980e-02  9.1718632e-01  3.9538510e-01  2.1460000e+01]
 [ 2.0334320e-02 -3.9461988e-01  9.1824920e-01  9.8670000e+01]
 [ 9.9857230e-01  4.8624400e-02 -9.5986000e-04 -1.1649300e+03]
 [ 0.0000000e+00  0.0000000e+00  0.0000000e+00  1.0000000e+00]]
[-0183.74, +0098.49, -1113.47]
2058, 861, 2064
[[-4.6049040e-02  9.1980188e-01  3.8906064e-01  2.1060000e+01]
 [ 2.6808360e-02 -3.8796624e-01  9.2094092e-01  9.9660000e+01]
 [ 9.9834112e-01  5.3060040e-02 -6.4682400e-03 -1.1648700e+03]
 [ 0.0000000e+00  0.0000000e+00  0.0000000e+00  1.0000000e+00]]
[-0100.19, +0146.66, -1139.40]
1034, 1972, 976
[[-4.2914340e-02  9.1832364e-01  3.9296842e-01  2.1530000e+01]
 [ 2.0663080e-02 -3.9223080e-01  9.1933284e-01  9.9110000e+01]
 [ 9.9865686e-01  4.7765320e-02 -1.8573000e-03 -1.1650000e+03]
 [ 0.0000000e+00  0.0000000e+00  0.0000000e+00  1.0000000e+00]]
[-0121.75, -0018.80, -1119.70]
2005, 1577, 1104
[[-4.3250660e-02  9.1851732e-01  3.9254760e-01  2.1380000e+01]
 [ 2.2653000e-02 -3.9173840e-01  9.1953540e-01  9.9230000e+01]
 [ 9.9862632e-01  4.8830760e-02 -3.6161000e-03 -1.1649700e+03]
 [ 0.0000000e+00  0.0000000e+00  0.0000000e+00  1.0000000e+00]]
[-0043.63, +0055.95, -1104.75]
1839, 1803, 1553
[[-4.2842760e-02  9.1848280e-01  3.9220012e-01  2.1380000e+01]
 [ 2.1272120e-02 -3.9128020e-01  9.1949416e-01  9.9250000e+01]
 [ 9.9848840e-01  4.8076600e-02 -2.2714000e-03 -1.1649500e+03]
 [ 0.0000000e+00  0.0000000e+00  0.0000000e+00  1.0000000e+00]]
[-0096.81, +0052.92, -1086.64]
1711, 1310, 890
[[-4.3393300e-02  9.1807534e-01  3.9364378e-01  2.1420000e+01]
 [ 2.1072940e-02 -3.9294226e-01  9.1910434e-01  9.9130000e+01]
 [ 9.9868598e-01  4.8316940e-02 -2.0898000e-03 -1.1649700e+03]
 [ 0.0000000e+00  0.0000000e+00  0.0000000e+00  1.0000000e+00]]
[-0048.67, +0054.22, -1090.33]
1996, 979, 810
[[-4.3560900e-02  9.1811228e-01  3.9347396e-01  2.1340000e+01]
 [ 2.2127800e-02 -3.9269584e-01  9.1914772e-01  9.9190000e+01]
 [ 9.9863020e-01  4.8908200e-02 -2.9689000e-03 -1.1649600e+03]
 [ 0.0000000e+00  0.0000000e+00  0.0000000e+00  1.0000000e+00]]
[-0019.73, +0087.88, -1125.17]
1395, 1272, 1734
[[-4.3884420e-02  9.1841922e-01  3.9240208e-01  2.1300000e+01]
 [ 2.1476980e-02 -3.9153354e-01  9.1947768e-01  9.9240000e+01]
 [ 9.9850488e-01  4.9057120e-02 -2.1301200e-03 -1.1649300e+03]
 [ 0.0000000e+00  0.0000000e+00  0.0000000e+00  1.0000000e+00]]
[-0141.71, +0099.91, -1088.08]
2139, 2080, 896
[[-4.1030020e-02  9.1916700e-01  3.9116402e-01  2.1500000e+01]
 [ 2.3905800e-02 -3.9026600e-01  9.2007300e-01  9.9680000e+01]
 [ 9.9865198e-01  4.7305800e-02 -5.6600200e-03 -1.1651000e+03]
 [ 0.0000000e+00  0.0000000e+00  0.0000000e+00  1.0000000e+00]]
[-0047.81, +0019.95, -1129.29]
2104, 1047, 1977
[[-4.4940680e-02  9.1910784e-01  3.9092592e-01  2.1150000e+01]
 [ 2.1836640e-02 -3.9013282e-01  9.2021194e-01  9.9460000e+01]
 [ 9.9855168e-01  5.0076260e-02 -2.2645000e-03 -1.1649500e+03]
 [ 0.0000000e+00  0.0000000e+00  0.0000000e+00  1.0000000e+00]]
[-0093.84, +0138.75, -1127.52]
1386, 2094, 1684
[[-4.3497220e-02  9.1882614e-01  3.9148520e-01  2.1320000e+01]
 [ 2.2393860e-02 -3.9056922e-01  9.1986240e-01  9.9400000e+01]
 [ 9.9849920e-01  4.9059600e-02 -3.1720000e-03 -1.1649700e+03]
 [ 0.0000000e+00  0.0000000e+00  0.0000000e+00  1.0000000e+00]]
[-0144.17, +0018.80, -1107.92]
1593, 1272, 888
[[-4.2920400e-02  9.1836388e-01  3.9279236e-01  2.1330000e+01]
 [ 2.1481960e-02 -3.9198450e-01  9.1937278e-01  9.9280000e+01]
 [ 9.9860732e-01  4.8120340e-02 -2.5746600e-03 -1.1649500e+03]
 [ 0.0000000e+00  0.0000000e+00  0.0000000e+00  1.0000000e+00]]
[-0053.91, +0053.64, -1083.55]
1114, 2055, 877
[[-4.3004500e-02  9.1856024e-01  3.9232568e-01  2.1370000e+01]
 [ 2.1588880e-02 -3.9151266e-01  9.1957256e-01  9.9350000e+01]
 [ 9.9860216e-01  4.8237520e-02 -2.6656000e-03 -1.1649800e+03]
 [ 0.0000000e+00  0.0000000e+00  0.0000000e+00  1.0000000e+00]]
[-0107.26, -0023.30, -1130.02]
809, 2059, 1046
[[-4.3393300e-02  9.1870748e-01  3.9199766e-01  2.1410000e+01]
 [ 1.9309880e-02 -3.9131560e-01  9.1974124e-01  9.9310000e+01]
 [ 9.9865546e-01  4.7680040e-02 -4.6314000e-04 -1.1650000e+03]
 [ 0.0000000e+00  0.0000000e+00  0.0000000e+00  1.0000000e+00]]
[-0142.07, -0022.18, -1140.54]
1342, 2098, 1175
[[-4.3088800e-02  9.1891484e-01  3.9157748e-01  2.1330000e+01]
 [ 2.1375560e-02 -3.9080848e-01  9.1992964e-01  9.9430000e+01]
 [ 9.9863932e-01  4.8197240e-02 -2.5243200e-03 -1.1649900e+03]
 [ 0.0000000e+00  0.0000000e+00  0.0000000e+00  1.0000000e+00]]
[-0110.86, -0007.48, -1114.74]
2033, 937, 1328
[[-4.3258000e-02  9.1895180e-01  3.9140760e-01  2.1240000e+01]
 [ 2.2430200e-02 -3.9056242e-01  9.1997256e-01  9.9480000e+01]
 [ 9.9858360e-01  4.8787440e-02 -3.4044200e-03 -1.1649700e+03]
 [ 0.0000000e+00  0.0000000e+00  0.0000000e+00  1.0000000e+00]]
[-0049.78, +0122.24, -1117.83]
1073, 1155, 1490
[[-4.3328100e-02  9.1875054e-01  3.9185552e-01  2.1290000e+01]
 [ 2.1539860e-02 -3.9104778e-01  9.1977816e-01  9.9410000e+01]
 [ 9.9859368e-01  4.8510560e-02 -2.5243200e-03 -1.1649300e+03]
 [ 0.0000000e+00  0.0000000e+00  0.0000000e+00  1.0000000e+00]]
[-0155.39, +0084.49, -1079.87]
1080, 1321, 2043
[[-4.4215120e-02  9.1912468e-01  3.9091140e-01  2.1220000e+01]
 [ 2.1285320e-02 -3.9012562e-01  9.2019510e-01  9.9500000e+01]
 [ 9.9857340e-01  4.9212900e-02 -2.0105000e-03 -1.1649500e+03]
 [ 0.0000000e+00  0.0000000e+00  0.0000000e+00  1.0000000e+00]]
[-0184.09, +0098.10, -1126.29]
1578, 1876, 1606
[[-4.3420020e-02  9.1938438e-01  3.9076936e-01  2.1270000e+01]
 [ 2.1905980e-02 -3.9009762e-01  9.2040696e-01  9.9570000e+01]
 [ 9.9874344e-01  4.8592240e-02 -3.1016400e-03 -1.1649700e+03]
 [ 0.0000000e+00  0.0000000e+00  0.0000000e+00  1.0000000e+00]]
[-0119.68, +0040.87, -1087.63]
1571, 2148, 1650
[[-4.2941700e-02  9.1939240e-01  3.9025540e-01  2.1280000e+01]
 [ 2.1735920e-02 -3.8938696e-01  9.2040220e-01  9.9620000e+01]
 [ 9.9855356e-01  4.8272920e-02 -2.8693000e-03 -1.1649700e+03]
 [ 0.0000000e+00  0.0000000e+00  0.0000000e+00  1.0000000e+00]]
[-0126.36, +0020.77, -1102.96]
2031, 1871, 1942
[[-4.3513300e-02  9.1953950e-01  3.9000720e-01  2.1190000e+01]
 [ 2.2750420e-02 -3.8914786e-01  9.2057040e-01  9.9680000e+01]
 [ 9.9856944e-01  4.9138080e-02 -3.6800000e-03 -1.1649700e+03]
 [ 0.0000000e+00  0.0000000e+00  0.0000000e+00  1.0000000e+00]]
[-0104.98, +0081.97, -1094.78]
1848, 1499, 1323
[[-4.3489960e-02  9.1894418e-01  3.9137934e-01  2.1270000e+01]
 [ 2.1254860e-02 -3.9058306e-01  9.1998018e-01  9.9500000e+01]
 [ 9.9859122e-01  4.8547860e-02 -2.2214600e-03 -1.1649900e+03]
 [ 0.0000000e+00  0.0000000e+00  0.0000000e+00  1.0000000e+00]]
[-0072.66, +0068.82, -1085.87]
1135, 910, 1829
[[-4.4130580e-02  9.1877032e-01  3.9165982e-01  2.1240000e+01]
 [ 2.1499120e-02 -3.9082948e-01  9.1983832e-01  9.9450000e+01]
 [ 9.9853598e-01  4.9252880e-02 -2.1510600e-03 -1.1649500e+03]
 [ 0.0000000e+00  0.0000000e+00  0.0000000e+00  1.0000000e+00]]
[-0162.31, +0129.25, -1114.46]
2032, 1978, 1659
[[-4.3112020e-02  9.1966846e-01  3.8992338e-01  2.1240000e+01]
 [ 2.2551340e-02 -3.8914114e-01  9.2067714e-01  9.9690000e+01]
 [ 9.9865998e-01  4.8630060e-02 -3.7501200e-03 -1.1649900e+03]
 [ 0.0000000e+00  0.0000000e+00  0.0000000e+00  1.0000000e+00]]
[-0085.80, +0051.22, -1094.84]
2148, 921, 846
[[-4.3729300e-02  9.1886078e-01  3.9177706e-01  2.1230000e+01]
 [ 2.1500140e-02 -3.9105474e-01  9.1990378e-01  9.9510000e+01]
 [ 9.9866518e-01  4.8786140e-02 -2.4538000e-03 -1.1650100e+03]
 [ 0.0000000e+00  0.0000000e+00  0.0000000e+00  1.0000000e+00]]
[-0019.93, +0096.04, -1138.13]
1780, 1314, 1695
[[-4.3497220e-02  9.1914262e-01  3.9092196e-01  2.1200000e+01]
 [ 2.1753380e-02 -3.9010450e-01  9.2017716e-01  9.9550000e+01]
 [ 9.9858396e-01  4.8744840e-02 -2.7072800e-03 -1.1649400e+03]
 [ 0.0000000e+00  0.0000000e+00  0.0000000e+00  1.0000000e+00]]
[-0105.50, +0105.76, -1089.03]
1482, 1019, 1221
[[-4.3489960e-02  9.1886674e-01  3.9178054e-01  2.1250000e+01]
 [ 2.1656060e-02 -3.9104778e-01  9.1989782e-01  9.9460000e+01]
 [ 9.9866866e-01  4.8630220e-02 -2.6861800e-03 -1.1649700e+03]
 [ 0.0000000e+00  0.0000000e+00  0.0000000e+00  1.0000000e+00]]
[-0089.19, +0097.55, -1073.21]
1137, 1764, 883
[[-4.3489960e-02  9.1894418e-01  3.9137934e-01  2.1310000e+01]
 [ 2.1254860e-02 -3.9058306e-01  9.1998018e-01  9.9510000e+01]
 [ 9.9859122e-01  4.8547860e-02 -2.2214600e-03 -1.1649900e+03]
 [ 0.0000000e+00  0.0000000e+00  0.0000000e+00  1.0000000e+00]]
[-0103.81, -0008.41, -1099.69]
1875, 876, 966
[[-4.3489960e-02  9.1890546e-01  3.9157994e-01  2.1220000e+01]
 [ 2.1455460e-02 -3.9081540e-01  9.1993902e-01  9.9500000e+01]
 [ 9.9862994e-01  4.8589020e-02 -2.4538000e-03 -1.1649800e+03]
 [ 0.0000000e+00  0.0000000e+00  0.0000000e+00  1.0000000e+00]]
[-0033.87, +0106.17, -1110.82]
1932, 1522, 923
[[-4.3813800e-02  9.1921518e-01  3.9102866e-01  2.1250000e+01]
 [ 2.1286540e-02 -3.9035076e-01  9.2026062e-01  9.9590000e+01]
 [ 9.9870258e-01  4.8746060e-02 -2.3130000e-03 -1.1650200e+03]
 [ 0.0000000e+00  0.0000000e+00  0.0000000e+00  1.0000000e+00]]
[-0036.40, +0045.96, -1109.85]
1811, 1843, 1928
[[-4.4384800e-02  9.1947760e-01  3.9017840e-01  2.1170000e+01]
 [ 2.1699040e-02 -3.8941480e-01  9.2055272e-01  9.9670000e+01]
 [ 9.9860272e-01  4.9488400e-02 -2.4266400e-03 -1.1649900e+03]
 [ 0.0000000e+00  0.0000000e+00  0.0000000e+00  1.0000000e+00]]
[-0127.38, +0071.63, -1092.58]
1371, 1420, 1799
[[-4.3096020e-02  9.1927162e-01  3.9083846e-01  2.1200000e+01]
 [ 2.1554020e-02 -3.9009762e-01  9.2028394e-01  9.9580000e+01]
 [ 9.9867434e-01  4.8236860e-02 -2.7776400e-03 -1.1649400e+03]
 [ 0.0000000e+00  0.0000000e+00  0.0000000e+00  1.0000000e+00]]
[-0150.24, +0088.61, -1090.82]
1951, 1478, 1202
[[-4.2856840e-02  9.1919656e-01  3.9072228e-01  2.1220000e+01]
 [ 2.1629080e-02 -3.8985844e-01  9.2020296e-01  9.9620000e+01]
 [ 9.9855816e-01  4.8155880e-02 -2.7776400e-03 -1.1649900e+03]
 [ 0.0000000e+00  0.0000000e+00  0.0000000e+00  1.0000000e+00]]
[-0051.27, +0066.60, -1096.50]
895, 1289, 1377
[[-4.3399200e-02  9.1890564e-01  3.9154012e-01  2.1270000e+01]
 [ 1.9808440e-02 -3.9083664e-01  9.1993884e-01  9.9470000e+01]
 [ 9.9864852e-01  4.7877640e-02 -9.4800000e-04 -1.1649800e+03]
 [ 0.0000000e+00  0.0000000e+00  0.0000000e+00  1.0000000e+00]]
[-0166.99, +0055.68, -1083.07]
1072, 2033, 1250
[[-4.3659240e-02  9.1933598e-01  3.9044566e-01  2.1280000e+01]
 [ 2.1468260e-02 -3.8963994e-01  9.2037898e-01  9.9610000e+01]
 [ 9.9858178e-01  4.8782260e-02 -2.4047400e-03 -1.1650000e+03]
 [ 0.0000000e+00  0.0000000e+00  0.0000000e+00  1.0000000e+00]]
[-0138.51, -0007.76, -1118.60]
1955, 1143, 1881
[[-4.4461960e-02  9.1943656e-01  3.9036952e-01  2.1130000e+01]
 [ 2.1507920e-02 -3.8965410e-01  9.2051414e-01  9.9670000e+01]
 [ 9.9864376e-01  4.9449820e-02 -2.2645000e-03 -1.1649900e+03]
 [ 0.0000000e+00  0.0000000e+00  0.0000000e+00  1.0000000e+00]]
[-0097.15, +0132.70, -1113.18]
880, 1401, 1479
[[-4.3243840e-02  9.1886800e-01  3.9123856e-01  2.1270000e+01]
 [ 2.0310560e-02 -3.9035784e-01  9.1990040e-01  9.9480000e+01]
 [ 9.9848560e-01  4.8071440e-02 -1.2714400e-03 -1.1649700e+03]
 [ 0.0000000e+00  0.0000000e+00  0.0000000e+00  1.0000000e+00]]
[-0175.51, +0050.03, -1093.81]
1157, 1804, 1829
[[-4.4060560e-02  9.1948472e-01  3.9016640e-01  2.1210000e+01]
 [ 2.1227600e-02 -3.8941480e-01  9.2054560e-01  9.9650000e+01]
 [ 9.9861472e-01  4.9016960e-02 -2.1024000e-03 -1.1650000e+03]
 [ 0.0000000e+00  0.0000000e+00  0.0000000e+00  1.0000000e+00]]
[-0172.95, +0047.31, -1110.37]
2022, 1713, 1849
[[-4.3914660e-02  9.1960682e-01  3.8960852e-01  2.1130000e+01]
 [ 2.2428580e-02 -3.8869018e-01  9.2066212e-01  9.9750000e+01]
 [ 9.9848308e-01  4.9447720e-02 -3.1454800e-03 -1.1650100e+03]
 [ 0.0000000e+00  0.0000000e+00  0.0000000e+00  1.0000000e+00]]
[-0096.46, +0088.93, -1093.47]
1675, 2020, 1681
[[-4.3582080e-02  9.1949664e-01  3.9017344e-01  2.1200000e+01]
 [ 2.1539840e-02 -3.8940072e-01  9.2053368e-01  9.9680000e+01]
 [ 9.9862176e-01  4.8704720e-02 -2.5668000e-03 -1.1650000e+03]
 [ 0.0000000e+00  0.0000000e+00  0.0000000e+00  1.0000000e+00]]
[-0123.62, +0032.85, -1094.96]
1659, 1468, 1199
[[-4.3412560e-02  9.1922460e-01  3.9102624e-01  2.1240000e+01]
 [ 2.1206760e-02 -3.9034376e-01  9.2025120e-01  9.9590000e+01]
 [ 9.9871200e-01  4.8354240e-02 -2.3833600e-03 -1.1650000e+03]
 [ 0.0000000e+00  0.0000000e+00  0.0000000e+00  1.0000000e+00]]
[-0077.94, +0058.22, -1080.08]
2096, 916, 2149
[[-4.6944900e-02  9.2210486e-01  3.8365278e-01  2.0650000e+01]
 [ 2.8043340e-02 -3.8254938e-01  9.2327386e-01  1.0059000e+02]
 [ 9.9833882e-01  5.4255660e-02 -7.6765200e-03 -1.1648600e+03]
 [ 0.0000000e+00  0.0000000e+00  0.0000000e+00  1.0000000e+00]]
[-0104.28, +0144.34, -1137.00]
1239, 920, 1220
[[-4.3590180e-02  9.1973330e-01  3.8951530e-01  2.1170000e+01]
 [ 2.1837700e-02 -3.8869018e-01  9.2077130e-01  9.9800000e+01]
 [ 9.9857630e-01  4.8860300e-02 -2.8210000e-03 -1.1650200e+03]
 [ 0.0000000e+00  0.0000000e+00  0.0000000e+00  1.0000000e+00]]
[-0111.32, +0101.28, -1068.08]
1169, 1708, 909
[[-4.2625600e-02  9.1983648e-01  3.8962384e-01  2.1210000e+01]
 [ 2.1524160e-02 -3.8890880e-01  9.2082432e-01  9.9860000e+01]
 [ 9.9872048e-01  4.7765760e-02 -3.0313600e-03 -1.1650200e+03]
 [ 0.0000000e+00  0.0000000e+00  0.0000000e+00  1.0000000e+00]]
[-0103.30, -0002.02, -1093.02]
1458, 1807, 1315
[[-4.368450e-02  9.200885e-01  3.887915e-01  2.114000e+01]
 [ 2.264350e-02 -3.879730e-01  9.211255e-01  9.996000e+01]
 [ 9.986035e-01  4.921450e-02 -3.632500e-03 -1.165040e+03]
 [ 0.000000e+00  0.000000e+00  0.000000e+00  1.000000e+00]]
[-0108.39, +0025.62, -1085.98]
1031, 1960, 972
[[-4.3188900e-02  9.1993918e-01  3.8903044e-01  2.1220000e+01]
 [ 2.1237460e-02 -3.8821890e-01  9.2095988e-01  9.9870000e+01]
 [ 9.9858988e-01  4.8270440e-02 -2.4266400e-03 -1.1650100e+03]
 [ 0.0000000e+00  0.0000000e+00  0.0000000e+00  1.0000000e+00]]
[-0121.14, -0018.37, -1118.81]
1893, 1935, 1028
[[-4.2642960e-02  9.2030936e-01  3.8830704e-01  2.1160000e+01]
 [ 2.2120560e-02 -3.8748840e-01  9.2129872e-01  1.0001000e+02]
 [ 9.9863024e-01  4.8076320e-02 -3.5400000e-03 -1.1650800e+03]
 [ 0.0000000e+00  0.0000000e+00  0.0000000e+00  1.0000000e+00]]
[-0056.20, +0018.51, -1114.23]
1890, 1668, 2119
[[-4.4420640e-02  9.2038472e-01  3.8774688e-01  2.1030000e+01]
 [ 2.3089920e-02 -3.8680554e-01  9.2146078e-01  1.0004000e+02]
 [ 9.9846008e-01  5.0150580e-02 -3.6791400e-03 -1.1650100e+03]
 [ 0.0000000e+00  0.0000000e+00  0.0000000e+00  1.0000000e+00]]
[-0128.03, +0102.65, -1102.26]
