750, 750, 750
[[-7.8235600e-02  9.5178828e-01 -2.9628384e-01 -1.0020000e+01]
 [ 5.1569160e-02  3.0075800e-01  9.5223912e-01  1.5114000e+02]
 [ 9.9550272e-01  5.9310960e-02 -7.2549440e-02 -1.1679300e+03]
 [ 0.0000000e+00  0.0000000e+00  0.0000000e+00  1.0000000e+00]]
[-0099.81, +0043.97, -1043.85]
750, 1000, 1000
[[-7.9493200e-02  9.5136496e-01 -2.9703928e-01 -1.0150000e+01]
 [ 5.2842400e-02  3.0176240e-01  9.5179760e-01  1.5120000e+02]
 [ 9.9525640e-01  6.0130720e-02 -7.4145360e-02 -1.1679300e+03]
 [ 0.0000000e+00  0.0000000e+00  0.0000000e+00  1.0000000e+00]]
[-0113.94, +0014.05, -1056.40]
750, 1250, 1250
[[-7.9231400e-02  9.5133132e-01 -2.9743296e-01 -1.0190000e+01]
 [ 5.3283840e-02  3.0209900e-01  9.5170988e-01  1.5124000e+02]
 [ 9.9531828e-01  5.9662240e-02 -7.4553160e-02 -1.1679100e+03]
 [ 0.0000000e+00  0.0000000e+00  0.0000000e+00  1.0000000e+00]]
[-0122.47, -0007.97, -1074.88]
750, 1500, 1500
[[-7.9378920e-02  9.5095838e-01 -2.9786062e-01 -1.0230000e+01]
 [ 5.3507020e-02  3.0276716e-01  9.5133862e-01  1.5126000e+02]
 [ 9.9507778e-01  5.9885980e-02 -7.4702920e-02 -1.1679300e+03]
 [ 0.0000000e+00  0.0000000e+00  0.0000000e+00  1.0000000e+00]]
[-0129.42, -0023.05, -1098.93]
750, 1750, 1750
[[-8.0418880e-02  9.5082120e-01 -2.9860992e-01 -1.0320000e+01]
 [ 5.3751600e-02  3.0343384e-01  9.5123220e-01  1.5130000e+02]
 [ 9.9515808e-01  6.0588600e-02 -7.5411280e-02 -1.1679200e+03]
 [ 0.0000000e+00  0.0000000e+00  0.0000000e+00  1.0000000e+00]]
[-0131.99, -0033.75, -1127.61]
750, 2000, 2000
[[-8.0437860e-02  9.5009924e-01 -3.0088828e-01 -1.0540000e+01]
 [ 5.4670280e-02  3.0577200e-01  9.5042996e-01  1.5137000e+02]
 [ 9.9510476e-01  6.0144680e-02 -7.6438500e-02 -1.1679100e+03]
 [ 0.0000000e+00  0.0000000e+00  0.0000000e+00  1.0000000e+00]]
[-0128.97, -0034.49, -1148.72]
1000, 750, 750
[[-7.9126600e-02  9.5153178e-01 -2.9641254e-01 -1.0050000e+01]
 [ 5.1602100e-02  3.0108956e-01  9.5204022e-01  1.5108000e+02]
 [ 9.9529410e-01  6.0254700e-02 -7.2773000e-02 -1.1679400e+03]
 [ 0.0000000e+00  0.0000000e+00  0.0000000e+00  1.0000000e+00]]
[-0082.79, +0073.98, -1050.61]
1000, 1000, 1000
[[-8.0049480e-02  9.5137668e-01 -2.9699792e-01 -1.0120000e+01]
 [ 5.3571520e-02  3.0176364e-01  9.5178588e-01  1.5114000e+02]
 [ 9.9521628e-01  6.0404320e-02 -7.5035880e-02 -1.1678900e+03]
 [ 0.0000000e+00  0.0000000e+00  0.0000000e+00  1.0000000e+00]]
[-0098.63, +0043.14, -1053.83]
1000, 1250, 1250
[[-7.9231400e-02  9.5124750e-01 -2.9731230e-01 -1.0170000e+01]
 [ 5.3367660e-02  3.0209900e-01  9.5162662e-01  1.5121000e+02]
 [ 9.9519762e-01  5.9745500e-02 -7.4553160e-02 -1.1679000e+03]
 [ 0.0000000e+00  0.0000000e+00  0.0000000e+00  1.0000000e+00]]
[-0109.38, +0018.48, -1064.49]
1000, 1500, 1500
[[-8.0123200e-02  9.5112152e-01 -2.9788576e-01 -1.0240000e+01]
 [ 5.3027440e-02  3.0259710e-01  9.5157032e-01  1.5122000e+02]
 [ 9.9526688e-01  6.0546160e-02 -7.4611540e-02 -1.1679300e+03]
 [ 0.0000000e+00  0.0000000e+00  0.0000000e+00  1.0000000e+00]]
[-0119.66, -0001.61, -1081.62]
1000, 1750, 1750
[[-8.0680040e-02  9.5073396e-01 -2.9830020e-01 -1.0290000e+01]
 [ 5.3189400e-02  3.0326366e-01  9.5121346e-01  1.5125000e+02]
 [ 9.9501204e-01  6.1164500e-02 -7.4837140e-02 -1.1679400e+03]
 [ 0.0000000e+00  0.0000000e+00  0.0000000e+00  1.0000000e+00]]
[-0126.68, -0017.88, -1105.53]
1250, 2000, 2000
[[-8.0251380e-02  9.5051918e-01 -2.9918590e-01 -1.0390000e+01]
 [ 5.3328820e-02  3.0410012e-01  9.5095630e-01  1.5129000e+02]
 [ 9.9506530e-01  6.0622900e-02 -7.4912500e-02 -1.1679400e+03]
 [ 0.0000000e+00  0.0000000e+00  0.0000000e+00  1.0000000e+00]]
[-0123.13, -0012.20, -1112.07]
1250, 2250, 2250
[[-8.0387400e-02  9.4837940e-01 -3.0564140e-01 -1.0920000e+01]
 [ 5.2544680e-02  3.1058966e-01  9.4885610e-01  1.5141000e+02]
 [ 9.9502724e-01  6.0542180e-02 -7.4575300e-02 -1.1680600e+03]
 [ 0.0000000e+00  0.0000000e+00  0.0000000e+00  1.0000000e+00]]
[-0120.36, -0015.80, -1124.84]
1250, 750, 750
[[-7.7485620e-02  9.5189590e-01 -2.9590144e-01 -9.9400000e+00]
 [ 4.9166500e-02  3.0024750e-01  9.5248000e-01  1.5089000e+02]
 [ 9.9561344e-01  5.9411200e-02 -6.9957120e-02 -1.1680300e+03]
 [ 0.0000000e+00  0.0000000e+00  0.0000000e+00  1.0000000e+00]]
[-0068.43, +0097.74, -1065.78]
1250, 1000, 1000
[[-7.7535240e-02  9.5159576e-01 -2.9664028e-01 -1.0020000e+01]
 [ 4.9725080e-02  3.0108636e-01  9.5214344e-01  1.5095000e+02]
 [ 9.9551864e-01  5.9289320e-02 -7.0512840e-02 -1.1680200e+03]
 [ 0.0000000e+00  0.0000000e+00  0.0000000e+00  1.0000000e+00]]
[-0082.69, +0069.26, -1059.88]
1250, 1250, 1250
[[-7.7848820e-02  9.5145036e-01 -2.9690172e-01 -1.0070000e+01]
 [ 4.9962360e-02  3.0142072e-01  9.5200056e-01  1.5098000e+02]
 [ 9.9544572e-01  5.9527440e-02 -7.0828100e-02 -1.1680100e+03]
 [ 0.0000000e+00  0.0000000e+00  0.0000000e+00  1.0000000e+00]]
[-0095.61, +0044.26, -1063.10]
1250, 1500, 1500
[[-7.8958660e-02  9.5139884e-01 -2.9722980e-01 -1.0130000e+01]
 [ 5.1011800e-02  3.0175664e-01  9.5193084e-01  1.5100000e+02]
 [ 9.9544116e-01  6.0123000e-02 -7.2273860e-02 -1.1680200e+03]
 [ 0.0000000e+00  0.0000000e+00  0.0000000e+00  1.0000000e+00]]
[-0108.29, +0021.73, -1073.38]
1500, 1750, 1750
[[-7.9587540e-02  9.5107122e-01 -2.9795622e-01 -1.0210000e+01]
 [ 5.1280980e-02  3.0259118e-01  9.5162062e-01  1.5105000e+02]
 [ 9.9533142e-01  6.0622420e-02 -7.2739720e-02 -1.1680000e+03]
 [ 0.0000000e+00  0.0000000e+00  0.0000000e+00  1.0000000e+00]]
[-0106.86, +0025.19, -1082.44]
1500, 2000, 2000
[[-7.9566760e-02  9.5079510e-01 -2.9850382e-01 -1.0290000e+01]
 [ 5.1648180e-02  3.0326070e-01  9.5131926e-01  1.5108000e+02]
 [ 9.9521270e-01  6.0535500e-02 -7.3056100e-02 -1.1679800e+03]
 [ 0.0000000e+00  0.0000000e+00  0.0000000e+00  1.0000000e+00]]
[-0115.51, +0005.60, -1098.67]
1500, 2250, 2250
[[-8.1665220e-02  9.4946882e-01 -3.0232696e-01 -1.0680000e+01]
 [ 5.2895180e-02  3.0726150e-01  9.5000624e-01  1.5131000e+02]
 [ 9.9503504e-01  6.1795760e-02 -7.5173280e-02 -1.1680100e+03]
 [ 0.0000000e+00  0.0000000e+00  0.0000000e+00  1.0000000e+00]]
[-0116.71, -0004.50, -1114.92]
1500, 750, 750
[[-7.7966980e-02  9.5177374e-01 -2.9595950e-01 -9.9800000e+00]
 [ 4.9380740e-02  3.0041388e-01  9.5237450e-01  1.5088000e+02]
 [ 9.9550330e-01  5.9853100e-02 -7.0272100e-02 -1.1680300e+03]
 [ 0.0000000e+00  0.0000000e+00  0.0000000e+00  1.0000000e+00]]
[-0056.35, +0115.84, -1087.92]
1500, 1000, 1000
[[-7.9002900e-02  9.5151642e-01 -2.9679504e-01 -1.0090000e+01]
 [ 4.9506180e-02  3.0124718e-01  9.5216224e-01  1.5097000e+02]
 [ 9.9549984e-01  6.0665440e-02 -7.0811080e-02 -1.1680600e+03]
 [ 0.0000000e+00  0.0000000e+00  0.0000000e+00  1.0000000e+00]]
[-0069.22, +0092.18, -1074.02]
1500, 1250, 1250
[[-7.9221540e-02  9.5131234e-01 -2.9692060e-01 -1.0120000e+01]
 [ 5.0449900e-02  3.0158526e-01  9.5191084e-01  1.5098000e+02]
 [ 9.9529484e-01  6.0698200e-02 -7.1700240e-02 -1.1680300e+03]
 [ 0.0000000e+00  0.0000000e+00  0.0000000e+00  1.0000000e+00]]
[-0081.67, +0069.13, -1069.69]
1750, 1500, 1500
[[-7.9608840e-02  9.5114270e-01 -2.9737190e-01 -1.0200000e+01]
 [ 5.0877100e-02  3.0208748e-01  9.5173142e-01  1.5103000e+02]
 [ 9.9524570e-01  6.0899420e-02 -7.2257320e-02 -1.1680100e+03]
 [ 0.0000000e+00  0.0000000e+00  0.0000000e+00  1.0000000e+00]]
[-0082.24, +0068.01, -1078.78]
1750, 1750, 1750
[[-7.9923300e-02  9.5112838e-01 -2.9807856e-01 -1.0260000e+01]
 [ 5.0741340e-02  3.0258774e-01  9.5173048e-01  1.5103000e+02]
 [ 9.9545032e-01  6.0995040e-02 -7.2407400e-02 -1.1680200e+03]
 [ 0.0000000e+00  0.0000000e+00  0.0000000e+00  1.0000000e+00]]
[-0094.83, +0045.45, -1082.19]
1750, 2000, 2000
[[-8.0311440e-02  9.5075388e-01 -2.9849288e-01 -1.0310000e+01]
 [ 5.1131480e-02  3.0325566e-01  9.5136048e-01  1.5108000e+02]
 [ 9.9519672e-01  6.1386080e-02 -7.2799140e-02 -1.1680000e+03]
 [ 0.0000000e+00  0.0000000e+00  0.0000000e+00  1.0000000e+00]]
[-0106.40, +0024.57, -1092.41]
1750, 2250, 2250
[[-8.0418880e-02  9.5035736e-01 -3.0000480e-01 -1.0450000e+01]
 [ 5.2282640e-02  3.0476312e-01  9.5087340e-01  1.5118000e+02]
 [ 9.9521280e-01  6.0947400e-02 -7.4082000e-02 -1.1679800e+03]
 [ 0.0000000e+00  0.0000000e+00  0.0000000e+00  1.0000000e+00]]
[-0111.44, +0009.03, -1106.94]
1750, 750, 750
[[-7.8544200e-02  9.5171038e-01 -2.9615286e-01 -1.0030000e+01]
 [ 4.8888180e-02  3.0057630e-01  9.5237746e-01  1.5088000e+02]
 [ 9.9552454e-01  6.0499860e-02 -7.0013940e-02 -1.1680400e+03]
 [ 0.0000000e+00  0.0000000e+00  0.0000000e+00  1.0000000e+00]]
[-0047.58, +0127.18, -1113.43]
1750, 1000, 1000
[[-7.9484820e-02  9.5135754e-01 -2.9705726e-01 -1.0080000e+01]
 [ 4.9515460e-02  3.0157950e-01  9.5203278e-01  1.5091000e+02]
 [ 9.9542574e-01  6.1131220e-02 -7.0960680e-02 -1.1680100e+03]
 [ 0.0000000e+00  0.0000000e+00  0.0000000e+00  1.0000000e+00]]
[-0057.72, +0109.26, -1093.97]
2000, 1250, 1250
[[-8.0186020e-02  9.5119900e-01 -2.9748094e-01 -1.0190000e+01]
 [ 5.0504600e-02  3.0208380e-01  9.5184220e-01  1.5102000e+02]
 [ 9.9535106e-01  6.1439000e-02 -7.2166180e-02 -1.1680300e+03]
 [ 0.0000000e+00  0.0000000e+00  0.0000000e+00  1.0000000e+00]]
[-0058.05, +0105.90, -1102.22]
2000, 1500, 1500
[[-7.9755400e-02  9.5109450e-01 -2.9775250e-01 -1.0230000e+01]
 [ 5.1257700e-02  3.0242332e-01  9.5165814e-01  1.5105000e+02]
 [ 9.9529390e-01  6.0826140e-02 -7.2739720e-02 -1.1680000e+03]
 [ 0.0000000e+00  0.0000000e+00  0.0000000e+00  1.0000000e+00]]
[-0068.92, +0085.91, -1091.31]
2000, 1750, 1750
[[-8.0888580e-02  9.5092012e-01 -2.9798798e-01 -1.0300000e+01]
 [ 5.1372680e-02  3.0275384e-01  9.5154388e-01  1.5107000e+02]
 [ 9.9519182e-01  6.1853320e-02 -7.3206580e-02 -1.1679900e+03]
 [ 0.0000000e+00  0.0000000e+00  0.0000000e+00  1.0000000e+00]]
[-0082.27, +0066.19, -1088.24]
2000, 2000, 2000
[[-8.0290900e-02  9.5079276e-01 -2.9846332e-01 -1.0350000e+01]
 [ 5.2149000e-02  3.0326070e-01  9.5132160e-01  1.5109000e+02]
 [ 9.9517220e-01  6.1036320e-02 -7.3780240e-02 -1.1679800e+03]
 [ 0.0000000e+00  0.0000000e+00  0.0000000e+00  1.0000000e+00]]
[-0094.51, +0045.13, -1091.92]
2000, 2250, 2250
[[-8.0606160e-02  9.5037872e-01 -2.9962604e-01 -1.0450000e+01]
 [ 5.1446240e-02  3.0442464e-01  9.5097448e-01  1.5117000e+02]
 [ 9.9516268e-01  6.1477360e-02 -7.3266960e-02 -1.1680300e+03]
 [ 0.0000000e+00  0.0000000e+00  0.0000000e+00  1.0000000e+00]]
[-0102.75, +0026.75, -1101.56]
2000, 750, 750
[[-7.8762000e-02  9.5171056e-01 -2.9631508e-01 -1.0080000e+01]
 [ 4.9868480e-02  3.0074840e-01  9.5231684e-01  1.5091000e+02]
 [ 9.9552436e-01  6.0342680e-02 -7.1068960e-02 -1.1680200e+03]
 [ 0.0000000e+00  0.0000000e+00  0.0000000e+00  1.0000000e+00]]
[-0042.19, +0131.73, -1140.57]
2250, 1000, 1000
[[-8.0836560e-02  9.5122020e-01 -2.9725036e-01 -1.0250000e+01]
 [ 5.0815640e-02  3.0191574e-01  9.5188170e-01  1.5102000e+02]
 [ 9.9528660e-01  6.1976860e-02 -7.2648660e-02 -1.1680100e+03]
 [ 0.0000000e+00  0.0000000e+00  0.0000000e+00  1.0000000e+00]]
[-0045.79, +0122.06, -1138.23]
2250, 1250, 1250
[[-8.1151140e-02  9.5099046e-01 -2.9739036e-01 -1.0300000e+01]
 [ 5.1136260e-02  3.0224990e-01  9.5165588e-01  1.5104000e+02]
 [ 9.9509244e-01  6.2297480e-02 -7.2965200e-02 -1.1680100e+03]
 [ 0.0000000e+00  0.0000000e+00  0.0000000e+00  1.0000000e+00]]
[-0052.54, +0112.34, -1121.14]
2250, 1500, 1500
[[-8.0888580e-02  9.5095686e-01 -2.9778332e-01 -1.0320000e+01]
 [ 5.1577340e-02  3.0258774e-01  9.5156796e-01  1.5108000e+02]
 [ 9.9515508e-01  6.1829240e-02 -7.3372680e-02 -1.1680100e+03]
 [ 0.0000000e+00  0.0000000e+00  0.0000000e+00  1.0000000e+00]]
[-0061.56, +0097.46, -1106.59]
2250, 1750, 1750
[[-8.1854500e-02  9.5087962e-01 -2.9813816e-01 -1.0380000e+01]
 [ 5.1835940e-02  3.0291990e-01  9.5152352e-01  1.5110000e+02]
 [ 9.9517408e-01  6.2545360e-02 -7.4006440e-02 -1.1680000e+03]
 [ 0.0000000e+00  0.0000000e+00  0.0000000e+00  1.0000000e+00]]
[-0073.18, +0081.10, -1098.88]
2250, 2000, 2000
[[-8.1666340e-02  9.5061734e-01 -2.9868440e-01 -1.0420000e+01]
 [ 5.2430300e-02  3.0359126e-01  9.5120816e-01  1.5115000e+02]
 [ 9.9505616e-01  6.2230000e-02 -7.4489640e-02 -1.1679800e+03]
 [ 0.0000000e+00  0.0000000e+00  0.0000000e+00  1.0000000e+00]]
[-0085.08, +0061.70, -1097.13]
2250, 2250, 2250
[[-8.1962500e-02  9.5024220e-01 -2.9981710e-01 -1.0530000e+01]
 [ 5.2744200e-02  3.0475992e-01  9.5082180e-01  1.5119000e+02]
 [ 9.9502190e-01  6.2320200e-02 -7.4958580e-02 -1.1680000e+03]
 [ 0.0000000e+00  0.0000000e+00  0.0000000e+00  1.0000000e+00]]
[-0094.22, +0043.57, -1101.60]
750, 750, 750
[[-7.7749780e-02  9.5212284e-01 -2.9501528e-01 -9.8900000e+00]
 [ 4.9254360e-02  2.9940984e-01  9.5272176e-01  1.5084000e+02]
 [ 9.9556312e-01  5.9723040e-02 -7.0049380e-02 -1.1680100e+03]
 [ 0.0000000e+00  0.0000000e+00  0.0000000e+00  1.0000000e+00]]
[-0099.40, +0043.90, -1043.99]
1000, 750, 1000
[[-7.8280320e-02  9.5178504e-01 -2.9593240e-01 -1.0030000e+01]
 [ 4.9942960e-02  3.0041568e-01  9.5236320e-01  1.5089000e+02]
 [ 9.9547800e-01  5.9960000e-02 -7.0920000e-02 -1.1680400e+03]
 [ 0.0000000e+00  0.0000000e+00  0.0000000e+00  1.0000000e+00]]
[-0116.01, +0072.10, -1057.54]
1250, 750, 1250
[[-7.9002900e-02  9.5166194e-01 -2.9597688e-01 -1.0090000e+01]
 [ 5.0324340e-02  3.0058206e-01  9.5225864e-01  1.5091000e+02]
 [ 9.9535432e-01  6.0569040e-02 -7.1476200e-02 -1.1680300e+03]
 [ 0.0000000e+00  0.0000000e+00  0.0000000e+00  1.0000000e+00]]
[-0124.99, +0093.86, -1077.61]
1500, 750, 1500
[[-7.9221540e-02  9.5138534e-01 -2.9651152e-01 -1.0150000e+01]
 [ 5.0858980e-02  3.0125270e-01  9.5195896e-01  1.5094000e+02]
 [ 9.9522184e-01  6.0650080e-02 -7.2032800e-02 -1.1680200e+03]
 [ 0.0000000e+00  0.0000000e+00  0.0000000e+00  1.0000000e+00]]
[-0131.75, +0109.48, -1103.83]
1750, 750, 1750
[[-8.0186020e-02  9.5130874e-01 -2.9686708e-01 -1.0220000e+01]
 [ 5.1118460e-02  3.0158526e-01  9.5191444e-01  1.5095000e+02]
 [ 9.9524132e-01  6.1366760e-02 -7.2664720e-02 -1.1680200e+03]
 [ 0.0000000e+00  0.0000000e+00  0.0000000e+00  1.0000000e+00]]
[-0135.18, +0117.42, -1131.75]
2000, 750, 2000
[[-8.3991360e-02  9.5044080e-01 -2.9902280e-01 -1.0760000e+01]
 [ 5.4191200e-02  3.0409272e-01  9.5103468e-01  1.5106000e+02]
 [ 9.9489480e-01  6.3764680e-02 -7.6984080e-02 -1.1679400e+03]
 [ 0.0000000e+00  0.0000000e+00  0.0000000e+00  1.0000000e+00]]
[-0134.40, +0115.47, -1149.79]
750, 1000, 750
[[-7.8471760e-02  9.5177076e-01 -2.9575792e-01 -1.0000000e+01]
 [ 4.8902280e-02  3.0024174e-01  9.5243784e-01  1.5095000e+02]
 [ 9.9546416e-01  6.0511920e-02 -6.9939460e-02 -1.1680400e+03]
 [ 0.0000000e+00  0.0000000e+00  0.0000000e+00  1.0000000e+00]]
[-0080.58, +0013.78, -1049.83]
1000, 1000, 1000
[[-7.9557700e-02  9.5147918e-01 -2.9642926e-01 -1.0120000e+01]
 [ 5.0524100e-02  3.0108284e-01  9.5209282e-01  1.5100000e+02]
 [ 9.9530410e-01  6.0998300e-02 -7.1866500e-02 -1.1680100e+03]
 [ 0.0000000e+00  0.0000000e+00  0.0000000e+00  1.0000000e+00]]
[-0098.06, +0042.95, -1053.86]
1250, 1000, 1250
[[-7.9776820e-02  9.5135964e-01 -2.9667506e-01 -1.0190000e+01]
 [ 5.1383640e-02  3.0142072e-01  9.5192412e-01  1.5101000e+02]
 [ 9.9521906e-01  6.0947880e-02 -7.2756100e-02 -1.1679900e+03]
 [ 0.0000000e+00  0.0000000e+00  0.0000000e+00  1.0000000e+00]]
[-0110.14, +0068.02, -1065.41]
1500, 1000, 1500
[[-8.0091240e-02  9.5129820e-01 -2.9705648e-01 -1.0240000e+01]
 [ 5.1536480e-02  3.0175500e-01  9.5186436e-01  1.5102000e+02]
 [ 9.9526620e-01  6.1102400e-02 -7.3072200e-02 -1.1680000e+03]
 [ 0.0000000e+00  0.0000000e+00  0.0000000e+00  1.0000000e+00]]
[-0120.40, +0088.95, -1084.53]
1750, 1000, 1750
[[-8.0909800e-02  9.5099144e-01 -2.9740392e-01 -1.0310000e+01]
 [ 5.0969200e-02  3.0224990e-01  9.5165490e-01  1.5104000e+02]
 [ 9.9510600e-01  6.2130420e-02 -7.2723860e-02 -1.1680300e+03]
 [ 0.0000000e+00  0.0000000e+00  0.0000000e+00  1.0000000e+00]]
[-0128.61, +0103.37, -1109.06]
2000, 1250, 2000
[[-8.2505640e-02  9.5074314e-01 -2.9819562e-01 -1.0440000e+01]
 [ 5.1821220e-02  3.0308396e-01  9.5143214e-01  1.5109000e+02]
 [ 9.9506166e-01  6.3214220e-02 -7.4157640e-02 -1.1680100e+03]
 [ 0.0000000e+00  0.0000000e+00  0.0000000e+00  1.0000000e+00]]
[-0124.86, +0098.03, -1115.37]
2250, 1250, 2250
[[-8.8791460e-02  9.4884728e-01 -3.0214016e-01 -1.1370000e+01]
 [ 5.6697040e-02  3.0792030e-01  9.4954852e-01  1.5116000e+02]
 [ 9.9417568e-01  6.7422440e-02 -8.0971600e-02 -1.1679100e+03]
 [ 0.0000000e+00  0.0000000e+00  0.0000000e+00  1.0000000e+00]]
[-0127.69, +0096.15, -1125.33]
750, 1250, 750
[[-7.8640100e-02  9.5195040e-01 -2.9526570e-01 -1.0000000e+01]
 [ 4.9204080e-02  2.9974076e-01  9.5260640e-01  1.5087000e+02]
 [ 9.9547494e-01  6.0584080e-02 -7.0272100e-02 -1.1680400e+03]
 [ 0.0000000e+00  0.0000000e+00  0.0000000e+00  1.0000000e+00]]
[-0065.56, -0008.12, -1063.24]
1000, 1250, 1000
[[-7.9316680e-02  9.5175754e-01 -2.9606990e-01 -1.0150000e+01]
 [ 5.0802460e-02  3.0058382e-01  9.5233030e-01  1.5090000e+02]
 [ 9.9544910e-01  6.0592700e-02 -7.2124500e-02 -1.1680000e+03]
 [ 0.0000000e+00  0.0000000e+00  0.0000000e+00  1.0000000e+00]]
[-0082.24, +0018.61, -1058.72]
1250, 1250, 1250
[[-8.0039860e-02  9.5151384e-01 -2.9619788e-01 -1.0190000e+01]
 [ 5.1063120e-02  3.0091654e-01  9.5211864e-01  1.5092000e+02]
 [ 9.9524084e-01  6.1308720e-02 -7.2514960e-02 -1.1680100e+03]
 [ 0.0000000e+00  0.0000000e+00  0.0000000e+00  1.0000000e+00]]
[-0095.63, +0044.23, -1063.13]
1500, 1250, 1500
[[-8.0427240e-02  9.5138104e-01 -2.9644432e-01 -1.0240000e+01]
 [ 5.1694880e-02  3.0125270e-01  9.5196326e-01  1.5094000e+02]
 [ 9.9515464e-01  6.1485980e-02 -7.3238500e-02 -1.1679800e+03]
 [ 0.0000000e+00  0.0000000e+00  0.0000000e+00  1.0000000e+00]]
[-0108.13, +0067.68, -1074.72]
1750, 1500, 1750
[[-8.1319200e-02  9.5121824e-01 -2.9722328e-01 -1.0340000e+01]
 [ 5.1149840e-02  3.0191574e-01  9.5188366e-01  1.5099000e+02]
 [ 9.9525952e-01  6.2311060e-02 -7.3131300e-02 -1.1680400e+03]
 [ 0.0000000e+00  0.0000000e+00  0.0000000e+00  1.0000000e+00]]
[-0107.09, +0067.43, -1084.29]
2000, 1500, 2000
[[-8.2043460e-02  9.5102116e-01 -2.9767596e-01 -1.0440000e+01]
 [ 5.1120840e-02  3.0241392e-01  9.5173148e-01  1.5099000e+02]
 [ 9.9520796e-01  6.2967480e-02 -7.3357380e-02 -1.1680400e+03]
 [ 0.0000000e+00  0.0000000e+00  0.0000000e+00  1.0000000e+00]]
[-0116.10, +0084.56, -1102.18]
2250, 1500, 2250
[[-8.6432500e-02  9.4991520e-01 -2.9977810e-01 -1.0970000e+01]
 [ 5.3863200e-02  3.0508188e-01  9.5069280e-01  1.5109000e+02]
 [ 9.9463790e-01  6.6175200e-02 -7.7429620e-02 -1.1679900e+03]
 [ 0.0000000e+00  0.0000000e+00  0.0000000e+00  1.0000000e+00]]
[-0120.49, +0086.47, -1115.22]
750, 1500, 750
[[-7.8471760e-02  9.5180696e-01 -2.9555340e-01 -1.0010000e+01]
 [ 4.9106800e-02  3.0007544e-01  9.5246196e-01  1.5089000e+02]
 [ 9.9542796e-01  6.0487800e-02 -7.0105760e-02 -1.1680600e+03]
 [ 0.0000000e+00  0.0000000e+00  0.0000000e+00  1.0000000e+00]]
[-0053.47, -0024.71, -1082.56]
1000, 1500, 1000
[[-7.9557700e-02  9.5163616e-01 -2.9614062e-01 -1.0160000e+01]
 [ 5.0849200e-02  3.0075020e-01  9.5222400e-01  1.5093000e+02]
 [ 9.9535170e-01  6.0867120e-02 -7.2199140e-02 -1.1680200e+03]
 [ 0.0000000e+00  0.0000000e+00  0.0000000e+00  1.0000000e+00]]
[-0067.74, -0001.53, -1070.35]
1250, 1500, 1250
[[-8.0690320e-02  9.5154608e-01 -2.9649712e-01 -1.0200000e+01]
 [ 5.0881120e-02  3.0108096e-01  9.5219312e-01  1.5096000e+02]
 [ 9.9537008e-01  6.1811680e-02 -7.2664720e-02 -1.1680200e+03]
 [ 0.0000000e+00  0.0000000e+00  0.0000000e+00  1.0000000e+00]]
[-0081.52, +0022.59, -1067.57]
1500, 1750, 1500
[[-8.0983120e-02  9.5128208e-01 -2.9701672e-01 -1.0270000e+01]
 [ 5.1810080e-02  3.0175328e-01  9.5188048e-01  1.5098000e+02]
 [ 9.9522472e-01  6.1831520e-02 -7.3629840e-02 -1.1679900e+03]
 [ 0.0000000e+00  0.0000000e+00  0.0000000e+00  1.0000000e+00]]
[-0081.08, +0025.39, -1076.79]
1750, 1750, 1750
[[-8.1707380e-02  9.5100122e-01 -2.9734848e-01 -1.0340000e+01]
 [ 5.1865220e-02  3.0225182e-01  9.5164512e-01  1.5101000e+02]
 [ 9.9505248e-01  6.2570880e-02 -7.3855560e-02 -1.1680000e+03]
 [ 0.0000000e+00  0.0000000e+00  0.0000000e+00  1.0000000e+00]]
[-0095.34, +0047.64, -1082.39]
2000, 1750, 2000
[[-8.2116900e-02  9.5079230e-01 -2.9782930e-01 -1.0440000e+01]
 [ 5.1274180e-02  3.0274796e-01  9.5150470e-01  1.5101000e+02]
 [ 9.9502726e-01  6.3120820e-02 -7.3432900e-02 -1.1680300e+03]
 [ 0.0000000e+00  0.0000000e+00  0.0000000e+00  1.0000000e+00]]
[-0105.53, +0067.13, -1093.85]
2250, 1750, 2250
[[-8.3304580e-02  9.5055830e-01 -2.9863288e-01 -1.0650000e+01]
 [ 5.2186300e-02  3.0358374e-01  9.5126720e-01  1.5102000e+02]
 [ 9.9499712e-01  6.3809200e-02 -7.4792680e-02 -1.1680100e+03]
 [ 0.0000000e+00  0.0000000e+00  0.0000000e+00  1.0000000e+00]]
[-0114.37, +0076.83, -1108.45]
750, 1750, 750
[[-7.8640100e-02  9.5179386e-01 -2.9555442e-01 -1.0000000e+01]
 [ 4.8879180e-02  3.0007340e-01  9.5247506e-01  1.5090000e+02]
 [ 9.9542694e-01  6.0715420e-02 -6.9939460e-02 -1.1680700e+03]
 [ 0.0000000e+00  0.0000000e+00  0.0000000e+00  1.0000000e+00]]
[-0043.16, -0036.15, -1106.98]
1000, 1750, 1000
[[-8.0303300e-02  9.5143812e-01 -2.9641884e-01 -1.0170000e+01]
 [ 5.0008200e-02  3.0107696e-01  9.5213388e-01  1.5095000e+02]
 [ 9.9528780e-01  6.1848600e-02 -7.1608900e-02 -1.1680400e+03]
 [ 0.0000000e+00  0.0000000e+00  0.0000000e+00  1.0000000e+00]]
[-0055.40, -0018.17, -1088.94]
1250, 2000, 1250
[[-8.0595300e-02  9.5125776e-01 -2.9705918e-01 -1.0240000e+01]
 [ 5.0853200e-02  3.0174960e-01  9.5190480e-01  1.5101000e+02]
 [ 9.9526350e-01  6.1785680e-02 -7.2573540e-02 -1.1680300e+03]
 [ 0.0000000e+00  0.0000000e+00  0.0000000e+00  1.0000000e+00]]
[-0055.13, -0013.90, -1096.92]
1500, 2000, 1500
[[-8.1077860e-02  9.5125584e-01 -2.9703214e-01 -1.0290000e+01]
 [ 5.1187440e-02  3.0174960e-01  9.5190672e-01  1.5102000e+02]
 [ 9.9523646e-01  6.2119920e-02 -7.3056100e-02 -1.1680100e+03]
 [ 0.0000000e+00  0.0000000e+00  0.0000000e+00  1.0000000e+00]]
[-0068.00, +0005.96, -1087.48]
1750, 2000, 1750
[[-8.1392520e-02  9.5107350e-01 -2.9749746e-01 -1.0360000e+01]
 [ 5.1219300e-02  3.0224990e-01  9.5173990e-01  1.5102000e+02]
 [ 9.9519954e-01  6.2381500e-02 -7.3206580e-02 -1.1680400e+03]
 [ 0.0000000e+00  0.0000000e+00  0.0000000e+00  1.0000000e+00]]
[-0082.43, +0028.22, -1085.89]
2000, 2000, 2000
[[-8.1633940e-02  9.5087840e-01 -2.9797734e-01 -1.0410000e+01]
 [ 5.0856160e-02  3.0274796e-01  9.5158560e-01  1.5104000e+02]
 [ 9.9517530e-01  6.2703840e-02 -7.2949940e-02 -1.1680400e+03]
 [ 0.0000000e+00  0.0000000e+00  0.0000000e+00  1.0000000e+00]]
[-0095.01, +0048.34, -1091.96]
2250, 2000, 2250
[[-8.2989000e-02  9.5070426e-01 -2.9837282e-01 -1.0530000e+01]
 [ 5.1950300e-02  3.0324990e-01  9.5141010e-01  1.5105000e+02]
 [ 9.9507090e-01  6.3572180e-02 -7.4475060e-02 -1.1680100e+03]
 [ 0.0000000e+00  0.0000000e+00  0.0000000e+00  1.0000000e+00]]
[-0103.63, +0062.13, -1101.81]
750, 2000, 750
[[-7.8953280e-02  9.5176872e-01 -2.9573168e-01 -1.0000000e+01]
 [ 4.9236880e-02  3.0024174e-01  9.5243988e-01  1.5094000e+02]
 [ 9.9543792e-01  6.0846520e-02 -7.0420980e-02 -1.1680400e+03]
 [ 0.0000000e+00  0.0000000e+00  0.0000000e+00  1.0000000e+00]]
[-0036.48, -0041.36, -1132.41]
1000, 2250, 1000
[[-8.0259220e-02  9.5120072e-01 -2.9693672e-01 -1.0180000e+01]
 [ 5.1392720e-02  3.0175328e-01  9.5179472e-01  1.5104000e+02]
 [ 9.9514472e-01  6.1413280e-02 -7.2905940e-02 -1.1679700e+03]
 [ 0.0000000e+00  0.0000000e+00  0.0000000e+00  1.0000000e+00]]
[-0040.88, -0033.32, -1135.44]
1250, 2250, 1250
[[-8.0983120e-02  9.5119808e-01 -2.9689604e-01 -1.0230000e+01]
 [ 5.1894080e-02  3.0175328e-01  9.5179736e-01  1.5104000e+02]
 [ 9.9510404e-01  6.1914640e-02 -7.3629840e-02 -1.1679800e+03]
 [ 0.0000000e+00  0.0000000e+00  0.0000000e+00  1.0000000e+00]]
[-0047.91, -0022.78, -1118.43]
1500, 2250, 1500
[[-8.1414100e-02  9.5110806e-01 -2.9711822e-01 -1.0290000e+01]
 [ 5.0611260e-02  3.0191166e-01  9.5182674e-01  1.5103000e+02]
 [ 9.9515038e-01  6.2682540e-02 -7.2557800e-02 -1.1680400e+03]
 [ 0.0000000e+00  0.0000000e+00  0.0000000e+00  1.0000000e+00]]
[-0058.41, -0007.86, -1104.29]
1750, 2250, 1750
[[-8.1560580e-02  9.5105990e-01 -2.9749846e-01 -1.0340000e+01]
 [ 5.0991500e-02  3.0224790e-01  9.5175350e-01  1.5101000e+02]
 [ 9.9519854e-01  6.2609300e-02 -7.3040520e-02 -1.1680100e+03]
 [ 0.0000000e+00  0.0000000e+00  0.0000000e+00  1.0000000e+00]]
[-0070.60, +0009.83, -1096.58]
2000, 2250, 2000
[[-8.2526500e-02  9.5089830e-01 -2.9773260e-01 -1.0420000e+01]
 [ 5.1334140e-02  3.0257990e-01  9.5162652e-01  1.5103000e+02]
 [ 9.9509652e-01  6.3408600e-02 -7.3674440e-02 -1.1680100e+03]
 [ 0.0000000e+00  0.0000000e+00  0.0000000e+00  1.0000000e+00]]
[-0081.38, +0028.63, -1095.92]
2250, 2250, 2250
[[-8.3493060e-02  9.5057870e-01 -2.9825520e-01 -1.0550000e+01]
 [ 5.1350700e-02  3.0324342e-01  9.5136872e-01  1.5106000e+02]
 [ 9.9494680e-01  6.4338720e-02 -7.3977480e-02 -1.1680400e+03]
 [ 0.0000000e+00  0.0000000e+00  0.0000000e+00  1.0000000e+00]]
[-0094.54, +0043.28, -1101.59]
750, 750, 750
[[-7.8038800e-02  9.5246848e-01 -2.9386924e-01 -9.8800000e+00]
 [ 4.8649760e-02  2.9823270e-01  9.5313148e-01  1.5074000e+02]
 [ 9.9558452e-01  6.0251240e-02 -6.9494260e-02 -1.1680500e+03]
 [ 0.0000000e+00  0.0000000e+00  0.0000000e+00  1.0000000e+00]]
[-0099.12, +0043.48, -1043.92]
1000, 1000, 750
[[-7.8976900e-02  9.5215294e-01 -2.9456982e-01 -9.9900000e+00]
 [ 4.9482980e-02  2.9907116e-01  9.5281194e-01  1.5082000e+02]
 [ 9.9544866e-01  6.0859980e-02 -7.0604900e-02 -1.1680300e+03]
 [ 0.0000000e+00  0.0000000e+00  0.0000000e+00  1.0000000e+00]]
[-0064.32, +0043.76, -1052.09]
1250, 1250, 750
[[-7.9458420e-02  9.5207858e-01 -2.9495262e-01 -1.0020000e+01]
 [ 4.9408620e-02  2.9940396e-01  9.5276602e-01  1.5085000e+02]
 [ 9.9549458e-01  6.1242780e-02 -7.0753620e-02 -1.1680600e+03]
 [ 0.0000000e+00  0.0000000e+00  0.0000000e+00  1.0000000e+00]]
[-0037.69, +0046.52, -1068.21]
1500, 1500, 750
[[-7.9266660e-02  9.5181622e-01 -2.9549970e-01 -1.0080000e+01]
 [ 5.0003700e-02  3.0007740e-01  9.5245270e-01  1.5088000e+02]
 [ 9.9537622e-01  6.0929460e-02 -7.1235300e-02 -1.1680500e+03]
 [ 0.0000000e+00  0.0000000e+00  0.0000000e+00  1.0000000e+00]]
[-0017.45, +0048.64, -1089.75]
1750, 1750, 750
[[-8.0303300e-02  9.5163150e-01 -2.9592540e-01 -1.0150000e+01]
 [ 5.0538060e-02  3.0057830e-01  9.5228908e-01  1.5092000e+02]
 [ 9.9529908e-01  6.1693400e-02 -7.2107560e-02 -1.1680300e+03]
 [ 0.0000000e+00  0.0000000e+00  0.0000000e+00  1.0000000e+00]]
[-0004.26, +0047.55, -1115.29]
2000, 2000, 750
[[-8.1465920e-02  9.5096544e-01 -2.9756688e-01 -1.0270000e+01]
 [ 5.1493440e-02  3.0241792e-01  9.5162016e-01  1.5115000e+02]
 [ 9.9510288e-01  6.2427840e-02 -7.3448000e-02 -1.1680000e+03]
 [ 0.0000000e+00  0.0000000e+00  0.0000000e+00  1.0000000e+00]]
[-0004.27, +0047.20, -1132.03]
750, 750, 1000
[[-7.8567780e-02  9.5220322e-01 -2.9437746e-01 -9.9500000e+00]
 [ 4.9747620e-02  2.9890662e-01  9.5282174e-01  1.5077000e+02]
 [ 9.9542666e-01  6.0441060e-02 -7.0697160e-02 -1.1680200e+03]
 [ 0.0000000e+00  0.0000000e+00  0.0000000e+00  1.0000000e+00]]
[-0133.49, +0042.12, -1055.85]
1000, 1000, 1000
[[-7.9771680e-02  9.5196936e-01 -2.9500928e-01 -1.0060000e+01]
 [ 4.9850560e-02  2.9957238e-01  9.5264766e-01  1.5082000e+02]
 [ 9.9538488e-01  6.1457140e-02 -7.1235300e-02 -1.1680400e+03]
 [ 0.0000000e+00  0.0000000e+00  0.0000000e+00  1.0000000e+00]]
[-0099.10, +0042.58, -1054.02]
1250, 1250, 1000
[[-7.9867700e-02  9.5182344e-01 -2.9510892e-01 -1.0090000e+01]
 [ 4.9107600e-02  2.9973440e-01  9.5256600e-01  1.5085000e+02]
 [ 9.9531180e-01  6.1852080e-02 -7.0495540e-02 -1.1680600e+03]
 [ 0.0000000e+00  0.0000000e+00  0.0000000e+00  1.0000000e+00]]
[-0068.03, +0045.58, -1061.50]
1500, 1500, 1000
[[-7.9821220e-02  9.5166984e-01 -2.9574754e-01 -1.0130000e+01]
 [ 5.0408160e-02  3.0041200e-01  9.5231112e-01  1.5088000e+02]
 [ 9.9528946e-01  6.1334880e-02 -7.1791780e-02 -1.1680300e+03]
 [ 0.0000000e+00  0.0000000e+00  0.0000000e+00  1.0000000e+00]]
[-0042.92, +0048.29, -1076.08]
1750, 1750, 1000
[[-8.0712660e-02  9.5153292e-01 -2.9579240e-01 -1.0180000e+01]
 [ 5.0561800e-02  3.0057630e-01  9.5222040e-01  1.5093000e+02]
 [ 9.9516408e-01  6.2171440e-02 -7.2182400e-02 -1.1680400e+03]
 [ 0.0000000e+00  0.0000000e+00  0.0000000e+00  1.0000000e+00]]
[-0022.34, +0048.29, -1096.84]
2000, 2000, 1250
[[-8.0595300e-02  9.5129434e-01 -2.9685452e-01 -1.0270000e+01]
 [ 5.1057860e-02  3.0158342e-01  9.5192884e-01  1.5097000e+02]
 [ 9.9522692e-01  6.1761640e-02 -7.2739720e-02 -1.1680400e+03]
 [ 0.0000000e+00  0.0000000e+00  0.0000000e+00  1.0000000e+00]]
[-0028.57, +0048.02, -1103.54]
2250, 2250, 1250
[[-7.9916800e-02  9.5168048e-01 -2.9555824e-01 -1.0170000e+01]
 [ 4.9990240e-02  3.0024174e-01  9.5236082e-01  1.5093000e+02]
 [ 9.9526448e-01  6.1598860e-02 -7.1384500e-02 -1.1680500e+03]
 [ 0.0000000e+00  0.0000000e+00  0.0000000e+00  1.0000000e+00]]
[-0033.27, +0008.54, -1109.28]
750, 750, 1250
[[-7.9313860e-02  9.5223488e-01 -2.9395804e-01 -1.0070000e+01]
 [ 4.9641760e-02  2.9856774e-01  9.5291012e-01  1.5067000e+02]
 [ 9.9533828e-01  6.1243240e-02 -7.0771360e-02 -1.1680500e+03]
 [ 0.0000000e+00  0.0000000e+00  0.0000000e+00  1.0000000e+00]]
[-0098.63, +0123.55, -1106.24]
1000, 1000, 1250
[[-7.8857040e-02  9.5232000e-01 -2.9392960e-01 -9.9700000e+00]
 [ 4.8409600e-02  2.9839488e-01  9.5305248e-01  1.5068000e+02]
 [ 9.9547200e-01  6.1148480e-02 -6.9475920e-02 -1.1680300e+03]
 [ 0.0000000e+00  0.0000000e+00  0.0000000e+00  1.0000000e+00]]
[-0125.35, +0040.40, -1063.25]
1250, 1250, 1250
[[-7.8904660e-02  9.5217690e-01 -2.9437942e-01 -1.0060000e+01]
 [ 4.9292580e-02  2.9890270e-01  9.5284806e-01  1.5071000e+02]
 [ 9.9542470e-01  6.0896100e-02 -7.0364200e-02 -1.1680300e+03]
 [ 0.0000000e+00  0.0000000e+00  0.0000000e+00  1.0000000e+00]]
[-0095.54, +0044.49, -1063.18]
1500, 1500, 1250
[[-7.9194100e-02  9.5203316e-01 -2.9481602e-01 -1.0130000e+01]
 [ 5.0342920e-02  2.9940984e-01  9.5264404e-01  1.5076000e+02]
 [ 9.9536386e-01  6.0810680e-02 -7.1493700e-02 -1.1680300e+03]
 [ 0.0000000e+00  0.0000000e+00  0.0000000e+00  1.0000000e+00]]
[-0068.78, +0047.38, -1070.75]
1750, 1750, 1500
[[-8.0230500e-02  9.5160772e-01 -2.9540996e-01 -1.0230000e+01]
 [ 5.0636600e-02  3.0024374e-01  9.5226628e-01  1.5079000e+02]
 [ 9.9511820e-01  6.1789000e-02 -7.2032800e-02 -1.1680200e+03]
 [ 0.0000000e+00  0.0000000e+00  0.0000000e+00  1.0000000e+00]]
[-0069.69, +0047.71, -1079.93]
2000, 2000, 1500
[[-8.0376180e-02  9.5143932e-01 -2.9587454e-01 -1.0270000e+01]
 [ 5.0896520e-02  3.0074652e-01  9.5208636e-01  1.5082000e+02]
 [ 9.9508194e-01  6.1823240e-02 -7.2348660e-02 -1.1680300e+03]
 [ 0.0000000e+00  0.0000000e+00  0.0000000e+00  1.0000000e+00]]
[-0047.51, +0047.47, -1093.73]
2250, 2250, 1500
[[-8.2453060e-02  9.5057074e-01 -2.9832516e-01 -1.0470000e+01]
 [ 5.0288140e-02  3.0324110e-01  9.5137668e-01  1.5115000e+02]
 [ 9.9501444e-01  6.3731880e-02 -7.2603600e-02 -1.1680700e+03]
 [ 0.0000000e+00  0.0000000e+00  0.0000000e+00  1.0000000e+00]]
[-0041.89, +0044.59, -1104.93]
750, 750, 1500
[[-7.8616500e-02  9.5251326e-01 -2.9344918e-01 -9.9400000e+00]
 [ 4.8771500e-02  2.9789550e-01  9.5320650e-01  1.5062000e+02]
 [ 9.9549750e-01  6.0825820e-02 -6.9734760e-02 -1.1680400e+03]
 [ 0.0000000e+00  0.0000000e+00  0.0000000e+00  1.0000000e+00]]
[-0174.15, +0040.20, -1095.96]
1000, 1000, 1500
[[-7.9963920e-02  9.5218340e-01 -2.9413720e-01 -1.0080000e+01]
 [ 4.9544600e-02  2.9873208e-01  9.5290160e-01  1.5068000e+02]
 [ 9.9534680e-01  6.1829600e-02 -7.0920000e-02 -1.1680500e+03]
 [ 0.0000000e+00  0.0000000e+00  0.0000000e+00  1.0000000e+00]]
[-0148.09, +0040.37, -1079.08]
1250, 1250, 1500
[[-7.9867700e-02  9.5201622e-01 -2.9461536e-01 -1.0110000e+01]
 [ 4.9637340e-02  2.9923550e-01  9.5272112e-01  1.5071000e+02]
 [ 9.9532368e-01  6.1696960e-02 -7.0994440e-02 -1.1680600e+03]
 [ 0.0000000e+00  0.0000000e+00  0.0000000e+00  1.0000000e+00]]
[-0121.01, +0043.98, -1071.84]
1500, 1500, 1750
[[-8.0831380e-02  9.5185522e-01 -2.9485082e-01 -1.0170000e+01]
 [ 4.9981780e-02  2.9956814e-01  9.5259442e-01  1.5076000e+02]
 [ 9.9522218e-01  6.2497580e-02 -7.1625480e-02 -1.1680600e+03]
 [ 0.0000000e+00  0.0000000e+00  0.0000000e+00  1.0000000e+00]]
[-0120.20, +0046.04, -1081.84]
1750, 1750, 1750
[[-8.0808200e-02  9.5170032e-01 -2.9531436e-01 -1.0230000e+01]
 [ 5.0469240e-02  3.0007340e-01  9.5240128e-01  1.5076000e+02]
 [ 9.9518688e-01  6.2304440e-02 -7.2107560e-02 -1.1680500e+03]
 [ 0.0000000e+00  0.0000000e+00  0.0000000e+00  1.0000000e+00]]
[-0094.12, +0047.10, -1082.27]
2000, 2000, 1750
[[-8.1194980e-02  9.5165148e-01 -2.9568122e-01 -1.0290000e+01]
 [ 5.1016920e-02  3.0041004e-01  9.5232948e-01  1.5080000e+02]
 [ 9.9522118e-01  6.2398920e-02 -7.2830980e-02 -1.1680400e+03]
 [ 0.0000000e+00  0.0000000e+00  0.0000000e+00  1.0000000e+00]]
[-0070.03, +0047.60, -1089.53]
2250, 2250, 1750
[[-8.2160100e-02  9.5110274e-01 -2.9690318e-01 -1.0360000e+01]
 [ 5.0299900e-02  3.0173900e-01  9.5189270e-01  1.5093000e+02]
 [ 9.9509690e-01  6.3508820e-02 -7.2467140e-02 -1.1680600e+03]
 [ 0.0000000e+00  0.0000000e+00  0.0000000e+00  1.0000000e+00]]
[-0055.43, +0044.62, -1100.74]
750, 750, 1750
[[-7.8279300e-02  9.5238318e-01 -2.9373596e-01 -9.9800000e+00]
 [ 4.8901580e-02  2.9823270e-01  9.5304924e-01  1.5060000e+02]
 [ 9.9545124e-01  6.0502040e-02 -6.9734760e-02 -1.1680500e+03]
 [ 0.0000000e+00  0.0000000e+00  0.0000000e+00  1.0000000e+00]]
[-0185.15, +0039.97, -1124.95]
1000, 1000, 1750
[[-7.9482400e-02  9.5206520e-01 -2.9424800e-01 -1.0060000e+01]
 [ 4.9089280e-02  2.9889846e-01  9.5279230e-01  1.5066000e+02]
 [ 9.9528904e-01  6.1601780e-02 -7.0272100e-02 -1.1680600e+03]
 [ 0.0000000e+00  0.0000000e+00  0.0000000e+00  1.0000000e+00]]
[-0166.99, +0039.86, -1102.94]
1250, 1250, 2000
[[-8.0085140e-02  9.5201700e-01 -2.9477694e-01 -1.0160000e+01]
 [ 5.0617560e-02  2.9940796e-01  9.5266020e-01  1.5069000e+02]
 [ 9.9532290e-01  6.1540440e-02 -7.2049940e-02 -1.1680200e+03]
 [ 0.0000000e+00  0.0000000e+00  0.0000000e+00  1.0000000e+00]]
[-0161.83, +0041.66, -1110.52]
1500, 1500, 2000
[[-8.0999880e-02  9.5180554e-01 -2.9505670e-01 -1.0170000e+01]
 [ 4.9549460e-02  2.9973212e-01  9.5258390e-01  1.5072000e+02]
 [ 9.9525730e-01  6.2749100e-02 -7.1293000e-02 -1.1680500e+03]
 [ 0.0000000e+00  0.0000000e+00  0.0000000e+00  1.0000000e+00]]
[-0141.32, +0044.90, -1097.57]
1750, 1750, 2000
[[-8.0544400e-02  9.5170340e-01 -2.9550260e-01 -1.0270000e+01]
 [ 5.1114680e-02  3.0024566e-01  9.5233790e-01  1.5076000e+02]
 [ 9.9521276e-01  6.1812820e-02 -7.2681300e-02 -1.1680200e+03]
 [ 0.0000000e+00  0.0000000e+00  0.0000000e+00  1.0000000e+00]]
[-0117.40, +0046.53, -1091.08]
2000, 2000, 2000
[[-8.1026720e-02  9.5154444e-01 -2.9576436e-01 -1.0320000e+01]
 [ 5.1123960e-02  3.0057830e-01  9.5220888e-01  1.5082000e+02]
 [ 9.9513804e-01  6.2278320e-02 -7.2830980e-02 -1.1680400e+03]
 [ 0.0000000e+00  0.0000000e+00  0.0000000e+00  1.0000000e+00]]
[-0093.05, +0046.71, -1091.81]
2250, 2250, 2000
[[-8.2642900e-02  9.5122114e-01 -2.9679172e-01 -1.0410000e+01]
 [ 5.0754860e-02  3.0157302e-01  9.5200204e-01  1.5091000e+02]
 [ 9.9515372e-01  6.3736040e-02 -7.3115920e-02 -1.1680500e+03]
 [ 0.0000000e+00  0.0000000e+00  0.0000000e+00  1.0000000e+00]]
[-0074.57, +0044.14, -1098.67]
750, 750, 2000
[[-7.8519840e-02  9.5246644e-01 -2.9384316e-01 -9.9700000e+00]
 [ 4.8984840e-02  2.9823270e-01  9.5313352e-01  1.5059000e+02]
 [ 9.9555844e-01  6.0586320e-02 -6.9975300e-02 -1.1680200e+03]
 [ 0.0000000e+00  0.0000000e+00  0.0000000e+00  1.0000000e+00]]
[-0187.50, +0039.82, -1153.02]
1000, 1000, 2250
[[-8.0421940e-02  9.5191768e-01 -2.9518834e-01 -1.0230000e+01]
 [ 4.9753040e-02  2.9973660e-01  9.5263912e-01  1.5066000e+02]
 [ 9.9539342e-01  6.2043440e-02 -7.1384500e-02 -1.1680700e+03]
 [ 0.0000000e+00  0.0000000e+00  0.0000000e+00  1.0000000e+00]]
[-0178.79, +0039.10, -1152.98]
1250, 1250, 2250
[[-8.0303300e-02  9.5186130e-01 -2.9522730e-01 -1.0250000e+01]
 [ 5.1272580e-02  2.9991286e-01  9.5246790e-01  1.5070000e+02]
 [ 9.9527394e-01  6.1514580e-02 -7.2773000e-02 -1.1680200e+03]
 [ 0.0000000e+00  0.0000000e+00  0.0000000e+00  1.0000000e+00]]
[-0169.45, +0040.84, -1133.03]
1500, 1500, 2250
[[-8.1026720e-02  9.5158092e-01 -2.9555964e-01 -1.0300000e+01]
 [ 5.1328680e-02  3.0041200e-01  9.5223276e-01  1.5075000e+02]
 [ 9.9510156e-01  6.2254440e-02 -7.2997280e-02 -1.1680300e+03]
 [ 0.0000000e+00  0.0000000e+00  0.0000000e+00  1.0000000e+00]]
[-0154.67, +0043.71, -1116.56]
1750, 1750, 2250
[[-8.1604500e-02  9.5151626e-01 -2.9575282e-01 -1.0310000e+01]
 [ 5.0835940e-02  3.0057422e-01  9.5223706e-01  1.5078000e+02]
 [ 9.9512242e-01  6.2900860e-02 -7.2739720e-02 -1.1680500e+03]
 [ 0.0000000e+00  0.0000000e+00  0.0000000e+00  1.0000000e+00]]
[-0135.19, +0045.20, -1105.04]
2000, 2000, 2250
[[-8.1845760e-02  9.5132160e-01 -2.9623296e-01 -1.0380000e+01]
 [ 5.0472960e-02  3.0107264e-01  9.5208320e-01  1.5080000e+02]
 [ 9.9509760e-01  6.3223040e-02 -7.2482560e-02 -1.1680700e+03]
 [ 0.0000000e+00  0.0000000e+00  0.0000000e+00  1.0000000e+00]]
[-0113.47, +0045.66, -1099.88]
2250, 2250, 2250
[[-8.2547880e-02  9.5109010e-01 -2.9706474e-01 -1.0470000e+01]
 [ 5.1051900e-02  3.0190950e-01  9.5184470e-01  1.5091000e+02]
 [ 9.9509474e-01  6.3578700e-02 -7.3357380e-02 -1.1680400e+03]
 [ 0.0000000e+00  0.0000000e+00  0.0000000e+00  1.0000000e+00]]
[-0093.84, +0043.19, -1101.41]
2250, 2000, 2000
[[-8.2423780e-02  9.5157098e-01 -2.9584840e-01 -1.0340000e+01]
 [ 5.0630980e-02  3.0056982e-01  9.5234960e-01  1.5082000e+02]
 [ 9.9521360e-01  6.3607600e-02 -7.2889960e-02 -1.1680700e+03]
 [ 0.0000000e+00  0.0000000e+00  0.0000000e+00  1.0000000e+00]]
[-0084.49, +0066.60, -1097.80]
2250, 1750, 1750
[[-8.0639860e-02  9.5164104e-01 -2.9572274e-01 -1.0250000e+01]
 [ 5.0287440e-02  3.0040800e-01  9.5233992e-01  1.5079000e+02]
 [ 9.9526066e-01  6.2124720e-02 -7.1941300e-02 -1.1680200e+03]
 [ 0.0000000e+00  0.0000000e+00  0.0000000e+00  1.0000000e+00]]
[-0073.28, +0085.25, -1100.08]
2250, 1500, 1500
[[-8.0808200e-02  9.5178450e-01 -2.9543490e-01 -1.0160000e+01]
 [ 5.0385060e-02  3.0007340e-01  9.5248442e-01  1.5074000e+02]
 [ 9.9530742e-01  6.2221300e-02 -7.2107560e-02 -1.1680200e+03]
 [ 0.0000000e+00  0.0000000e+00  0.0000000e+00  1.0000000e+00]]
[-0061.29, +0100.52, -1108.64]
2250, 1250, 1250
[[-8.1650500e-02  9.5163292e-01 -2.9532006e-01 -1.0290000e+01]
 [ 4.9331240e-02  3.0006200e-01  9.5246868e-01  1.5075000e+02]
 [ 9.9518118e-01  6.3442440e-02 -7.1276660e-02 -1.1681200e+03]
 [ 0.0000000e+00  0.0000000e+00  0.0000000e+00  1.0000000e+00]]
[-0052.63, +0112.86, -1122.09]
2250, 1000, 1000
[[-8.0758900e-02  9.5184292e-01 -2.9486536e-01 -1.0170000e+01]
 [ 4.9586840e-02  2.9956590e-01  9.5260672e-01  1.5068000e+02]
 [ 9.9523448e-01  6.2557760e-02 -7.1218240e-02 -1.1680400e+03]
 [ 0.0000000e+00  0.0000000e+00  0.0000000e+00  1.0000000e+00]]
[-0046.25, +0122.87, -1140.10]
2000, 750, 750
[[-7.8953860e-02  9.5255890e-01 -2.9304214e-01 -9.9100000e+00]
 [ 4.8725860e-02  2.9755814e-01  9.5328050e-01  1.5061000e+02]
 [ 9.9542350e-01  6.1232860e-02 -6.9734760e-02 -1.1680200e+03]
 [ 0.0000000e+00  0.0000000e+00  0.0000000e+00  1.0000000e+00]]
[-0044.17, +0128.13, -1134.59]
2000, 2250, 2250
[[-8.3682340e-02  9.5114522e-01 -2.9660078e-01 -1.0590000e+01]
 [ 5.1902420e-02  3.0157526e-01  9.5191082e-01  1.5090000e+02]
 [ 9.9496502e-01  6.4427020e-02 -7.4489640e-02 -1.1681500e+03]
 [ 0.0000000e+00  0.0000000e+00  0.0000000e+00  1.0000000e+00]]
[-0104.65, +0023.50, -1102.35]
2000, 2000, 2000
[[-8.1964200e-02  9.5164400e-01 -2.9529180e-01 -1.0430000e+01]
 [ 4.9893480e-02  3.0006444e-01  9.5245760e-01  1.5081000e+02]
 [ 9.9515536e-01  6.3549480e-02 -7.1925000e-02 -1.1681800e+03]
 [ 0.0000000e+00  0.0000000e+00  0.0000000e+00  1.0000000e+00]]
[-0096.12, +0046.64, -1092.01]
2000, 1750, 1750
[[-8.1554560e-02  9.5181560e-01 -2.9501512e-01 -1.0400000e+01]
 [ 5.0279120e-02  2.9973440e-01  9.5257384e-01  1.5079000e+02]
 [ 9.9521800e-01  6.3023600e-02 -7.2182400e-02 -1.1681600e+03]
 [ 0.0000000e+00  0.0000000e+00  0.0000000e+00  1.0000000e+00]]
[-0085.56, +0066.49, -1088.12]
2000, 1500, 1500
[[-8.1891600e-02  9.5182480e-01 -2.9481260e-01 -1.0350000e+01]
 [ 5.0028800e-02  2.9956358e-01  9.5262484e-01  1.5077000e+02]
 [ 9.9517940e-01  6.3454840e-02 -7.2016180e-02 -1.1681700e+03]
 [ 0.0000000e+00  0.0000000e+00  0.0000000e+00  1.0000000e+00]]
[-0072.49, +0084.76, -1090.34]
2000, 1250, 1250
[[-8.0541940e-02  9.5208344e-01 -2.9453560e-01 -1.0190000e+01]
 [ 4.8847600e-02  2.9906016e-01  9.5288144e-01  1.5071000e+02]
 [ 9.9540344e-01  6.2500000e-02 -7.0495540e-02 -1.1681300e+03]
 [ 0.0000000e+00  0.0000000e+00  0.0000000e+00  1.0000000e+00]]
[-0061.70, +0102.06, -1099.11]
1750, 1000, 1000
[[-8.0782800e-02  9.5203404e-01 -2.9419708e-01 -1.0270000e+01]
 [ 4.9304120e-02  2.9889390e-01  9.5282346e-01  1.5068000e+02]
 [ 9.9523356e-01  6.2726620e-02 -7.0902660e-02 -1.1681600e+03]
 [ 0.0000000e+00  0.0000000e+00  0.0000000e+00  1.0000000e+00]]
[-0060.51, +0106.97, -1091.72]
1750, 750, 750
[[-8.1072900e-02  9.5246292e-01 -2.9317224e-01 -1.0160000e+01]
 [ 4.8617160e-02  2.9771504e-01  9.5331668e-01  1.5064000e+02]
 [ 9.9537528e-01  6.3172040e-02 -7.0346500e-02 -1.1681800e+03]
 [ 0.0000000e+00  0.0000000e+00  0.0000000e+00  1.0000000e+00]]
[-0049.76, +0124.27, -1109.69]
1750, 2250, 2250
[[-8.3272500e-02  9.5084520e-01 -2.9719160e-01 -1.0630000e+01]
 [ 5.1311600e-02  3.0224142e-01  9.5163408e-01  1.5092000e+02]
 [ 9.9488520e-01  6.4293920e-02 -7.3750080e-02 -1.1681700e+03]
 [ 0.0000000e+00  0.0000000e+00  0.0000000e+00  1.0000000e+00]]
[-0112.75, +0006.97, -1107.88]
1750, 2000, 2000
[[-8.1554560e-02  9.5174296e-01 -2.9542472e-01 -1.0410000e+01]
 [ 4.9869520e-02  3.0006680e-01  9.5252596e-01  1.5081000e+02]
 [ 9.9529064e-01  6.3071480e-02 -7.1850000e-02 -1.1681800e+03]
 [ 0.0000000e+00  0.0000000e+00  0.0000000e+00  1.0000000e+00]]
[-0106.38, +0027.38, -1091.77]
1750, 1750, 1750
[[-8.1964200e-02  9.5164400e-01 -2.9529180e-01 -1.0410000e+01]
 [ 4.9893480e-02  3.0006444e-01  9.5245760e-01  1.5077000e+02]
 [ 9.9515536e-01  6.3549480e-02 -7.1925000e-02 -1.1681700e+03]
 [ 0.0000000e+00  0.0000000e+00  0.0000000e+00  1.0000000e+00]]
[-0096.79, +0046.46, -1082.22]
1750, 1500, 1500
[[-8.1819080e-02  9.5181246e-01 -2.9482734e-01 -1.0380000e+01]
 [ 4.9633860e-02  2.9956118e-01  9.5263718e-01  1.5076000e+02]
 [ 9.9519174e-01  6.3515020e-02 -7.1608900e-02 -1.1681600e+03]
 [ 0.0000000e+00  0.0000000e+00  0.0000000e+00  1.0000000e+00]]
[-0083.69, +0066.56, -1078.37]
1500, 1250, 1250
[[-8.1264640e-02  9.5199552e-01 -2.9437504e-01 -1.0300000e+01]
 [ 4.9434240e-02  2.9906016e-01  9.5280192e-01  1.5074000e+02]
 [ 9.9524288e-01  6.3085440e-02 -7.1218240e-02 -1.1681500e+03]
 [ 0.0000000e+00  0.0000000e+00  0.0000000e+00  1.0000000e+00]]
[-0083.79, +0068.42, -1069.45]
1500, 1000, 1000
[[-8.1361060e-02  9.5216258e-01 -2.9389694e-01 -1.0250000e+01]
 [ 4.9341860e-02  2.9855654e-01  9.5298242e-01  1.5070000e+02]
 [ 9.9526598e-01  6.3218140e-02 -7.1143560e-02 -1.1681500e+03]
 [ 0.0000000e+00  0.0000000e+00  0.0000000e+00  1.0000000e+00]]
[-0070.33, +0091.84, -1073.58]
1500, 750, 750
[[-8.0156960e-02  9.5248140e-01 -2.9338548e-01 -1.0160000e+01]
 [ 4.9154520e-02  2.9789110e-01  9.5323836e-01  1.5064000e+02]
 [ 9.9542940e-01  6.2118600e-02 -7.0604900e-02 -1.1681500e+03]
 [ 0.0000000e+00  0.0000000e+00  0.0000000e+00  1.0000000e+00]]
[-0057.51, +0114.39, -1086.50]
1500, 2250, 2250
[[-8.4568900e-02  9.5013230e-01 -2.9938310e-01 -1.0870000e+01]
 [ 5.3455100e-02  3.0458678e-01  9.5082614e-01  1.5099000e+02]
 [ 9.9474830e-01  6.4625140e-02 -7.6396680e-02 -1.1681300e+03]
 [ 0.0000000e+00  0.0000000e+00  0.0000000e+00  1.0000000e+00]]
[-0117.83, -0004.33, -1115.05]
1500, 2000, 2000
[[-8.1627240e-02  9.5175534e-01 -2.9541006e-01 -1.0380000e+01]
 [ 5.0264460e-02  3.0006908e-01  9.5251358e-01  1.5076000e+02]
 [ 9.9527826e-01  6.3011180e-02 -7.2257320e-02 -1.1681500e+03]
 [ 0.0000000e+00  0.0000000e+00  0.0000000e+00  1.0000000e+00]]
[-0114.11, +0009.96, -1096.73]
1500, 1750, 1750
[[-8.1386100e-02  9.5182914e-01 -2.9501402e-01 -1.0360000e+01]
 [ 5.0506700e-02  2.9973660e-01  9.5256030e-01  1.5075000e+02]
 [ 9.9521910e-01  6.2796020e-02 -7.2348660e-02 -1.1681500e+03]
 [ 0.0000000e+00  0.0000000e+00  0.0000000e+00  1.0000000e+00]]
[-0106.20, +0027.87, -1081.86]
1250, 1500, 1500
[[-8.1096020e-02  9.5193660e-01 -2.9478342e-01 -1.0290000e+01]
 [ 4.9252200e-02  2.9939500e-01  9.5274060e-01  1.5072000e+02]
 [ 9.9531642e-01  6.2905800e-02 -7.1052020e-02 -1.1681700e+03]
 [ 0.0000000e+00  0.0000000e+00  0.0000000e+00  1.0000000e+00]]
[-0107.75, +0022.44, -1072.99]
1250, 1250, 1250
[[-8.1096020e-02  9.5204514e-01 -2.9416908e-01 -1.0250000e+01]
 [ 4.9866540e-02  2.9889622e-01  9.5281236e-01  1.5069000e+02]
 [ 9.9520788e-01  6.2834040e-02 -7.1550800e-02 -1.1681500e+03]
 [ 0.0000000e+00  0.0000000e+00  0.0000000e+00  1.0000000e+00]]
[-0096.74, +0045.15, -1063.29]
1250, 1000, 1000
[[-7.9963920e-02  9.5233992e-01 -2.9384824e-01 -1.0220000e+01]
 [ 4.9869680e-02  2.9839920e-01  9.5303256e-01  1.5063000e+02]
 [ 9.9539496e-01  6.1698640e-02 -7.1252880e-02 -1.1681300e+03]
 [ 0.0000000e+00  0.0000000e+00  0.0000000e+00  1.0000000e+00]]
[-0083.29, +0070.99, -1060.33]
1250, 750, 750
[[-8.0422600e-02  9.5263500e-01 -2.9290840e-01 -1.0130000e+01]
 [ 4.8834480e-02  2.9738476e-01  9.5343180e-01  1.5060000e+02]
 [ 9.9545164e-01  6.2478480e-02 -7.0364200e-02 -1.1681600e+03]
 [ 0.0000000e+00  0.0000000e+00  0.0000000e+00  1.0000000e+00]]
[-0068.72, +0097.45, -1065.94]
1250, 2250, 2250
[[-8.4029480e-02  9.4924854e-01 -3.0252150e-01 -1.1040000e+01]
 [ 5.2821540e-02  3.0758558e-01  9.4993650e-01  1.5105000e+02]
 [ 9.9488790e-01  6.4005300e-02 -7.5874900e-02 -1.1681600e+03]
 [ 0.0000000e+00  0.0000000e+00  0.0000000e+00  1.0000000e+00]]
[-0121.74, -0017.34, -1126.52]
1250, 2000, 2000
[[-7.9963920e-02  9.5195464e-01 -2.9483552e-01 -1.0220000e+01]
 [ 4.8810160e-02  2.9939736e-01  9.5272256e-01  1.5061000e+02]
 [ 9.9537088e-01  6.2008640e-02 -7.0254720e-02 -1.1681700e+03]
 [ 0.0000000e+00  0.0000000e+00  0.0000000e+00  1.0000000e+00]]
[-0122.43, -0008.79, -1109.10]
1000, 1750, 1750
[[-7.9097620e-02  9.5216260e-01 -2.9420544e-01 -1.0120000e+01]
 [ 4.8252200e-02  2.9872760e-01  9.5292240e-01  1.5058000e+02]
 [ 9.9541056e-01  6.1447200e-02 -6.9383780e-02 -1.1681900e+03]
 [ 0.0000000e+00  0.0000000e+00  0.0000000e+00  1.0000000e+00]]
[-0125.80, -0015.33, -1103.37]
1000, 1500, 1500
[[-7.9363140e-02  9.5236514e-01 -2.9405342e-01 -1.0100000e+01]
 [ 4.7642780e-02  2.9838780e-01  9.5317486e-01  1.5055000e+02]
 [ 9.9558874e-01  6.1747780e-02 -6.8976900e-02 -1.1682200e+03]
 [ 0.0000000e+00  0.0000000e+00  0.0000000e+00  1.0000000e+00]]
[-0118.85, -0001.64, -1081.21]
1000, 1250, 1250
[[-7.8401220e-02  9.5247756e-01 -2.9349160e-01 -1.0050000e+01]
 [ 4.7586440e-02  2.9788878e-01  9.5324220e-01  1.5054000e+02]
 [ 9.9553320e-01  6.1005400e-02 -6.8514000e-02 -1.1682200e+03]
 [ 0.0000000e+00  0.0000000e+00  0.0000000e+00  1.0000000e+00]]
[-0110.63, +0018.81, -1064.71]
1000, 1000, 1000
[[-7.8472900e-02  9.5256110e-01 -2.9306830e-01 -1.0030000e+01]
 [ 4.8390620e-02  2.9755814e-01  9.5327830e-01  1.5051000e+02]
 [ 9.9544966e-01  6.0897620e-02 -6.9253800e-02 -1.1681900e+03]
 [ 0.0000000e+00  0.0000000e+00  0.0000000e+00  1.0000000e+00]]
[-0098.04, +0044.52, -1053.80]
1000, 750, 750
[[-7.9005140e-02  9.5295318e-01 -2.9223420e-01 -9.9700000e+00]
 [ 4.7665500e-02  2.9654510e-01  9.5374740e-01  1.5047000e+02]
 [ 9.9561468e-01  6.1533240e-02 -6.8773000e-02 -1.1681900e+03]
 [ 0.0000000e+00  0.0000000e+00  0.0000000e+00  1.0000000e+00]]
[-0083.09, +0072.90, -1050.73]
750, 2000, 2000
[[-7.9989480e-02  9.5158376e-01 -2.9615780e-01 -1.0350000e+01]
 [ 4.9771240e-02  3.0074252e-01  9.5227640e-01  1.5068000e+02]
 [ 9.9536120e-01  6.1610600e-02 -7.1293000e-02 -1.1682000e+03]
 [ 0.0000000e+00  0.0000000e+00  0.0000000e+00  1.0000000e+00]]
[-0129.95, -0034.01, -1147.40]
750, 1750, 1750
[[-7.9025700e-02  9.5234286e-01 -2.9372612e-01 -1.0090000e+01]
 [ 4.8386740e-02  2.9822622e-01  9.5308956e-01  1.5055000e+02]
 [ 9.9543492e-01  6.1351960e-02 -6.9475920e-02 -1.1681800e+03]
 [ 0.0000000e+00  0.0000000e+00  0.0000000e+00  1.0000000e+00]]
[-0131.66, -0030.42, -1123.51]
750, 1500, 1500
[[-7.8616500e-02  9.5247732e-01 -2.9365376e-01 -1.0050000e+01]
 [ 4.8566920e-02  2.9806200e-01  9.5318256e-01  1.5054000e+02]
 [ 9.9553344e-01  6.0849760e-02 -6.9568260e-02 -1.1681600e+03]
 [ 0.0000000e+00  0.0000000e+00  0.0000000e+00  1.0000000e+00]]
[-0128.20, -0022.71, -1097.82]
750, 1250, 1250
[[-7.8810420e-02  9.5261942e-01 -2.9319080e-01 -1.0030000e+01]
 [ 4.7851420e-02  2.9755358e-01  9.5338760e-01  1.5049000e+02]
 [ 9.9556760e-01  6.1269200e-02 -6.8920840e-02 -1.1682000e+03]
 [ 0.0000000e+00  0.0000000e+00  0.0000000e+00  1.0000000e+00]]
[-0123.41, -0007.01, -1074.96]
750, 1000, 1000
[[-7.8329620e-02  9.5281352e-01 -2.9272320e-01 -9.9700000e+00]
 [ 4.8045520e-02  2.9705408e-01  9.5354040e-01  1.5049000e+02]
 [ 9.9560640e-01  6.0778800e-02 -6.8939540e-02 -1.1681700e+03]
 [ 0.0000000e+00  0.0000000e+00  0.0000000e+00  1.0000000e+00]]
[-0113.37, +0016.50, -1055.93]
750, 750, 750
[[-7.7706180e-02  9.5301944e-01 -2.9207906e-01 -9.9000000e+00]
 [ 4.7653760e-02  2.9638320e-01  9.5374072e-01  1.5042000e+02]
 [ 9.9563314e-01  6.0383680e-02 -6.8311620e-02 -1.1682000e+03]
 [ 0.0000000e+00  0.0000000e+00  0.0000000e+00  1.0000000e+00]]
[-0099.13, +0044.32, -1044.09]
2250, 2250, 2250
[[-8.2884360e-02  9.5101512e-01 -2.9674140e-01 -1.0580000e+01]
 [ 5.0885400e-02  3.0173900e-01  9.5181320e-01  1.5079000e+02]
 [ 9.9493512e-01  6.4093160e-02 -7.3191400e-02 -1.1681500e+03]
 [ 0.0000000e+00  0.0000000e+00  0.0000000e+00  1.0000000e+00]]
[-0094.79, +0043.10, -1101.66]
2000, 2250, 2000
[[-8.0831380e-02  9.5158968e-01 -2.9575402e-01 -1.0360000e+01]
 [ 4.9042320e-02  3.0039904e-01  9.5239128e-01  1.5074000e+02]
 [ 9.9528298e-01  6.2700720e-02 -7.0794580e-02 -1.1682100e+03]
 [ 0.0000000e+00  0.0000000e+00  0.0000000e+00  1.0000000e+00]]
[-0082.40, +0021.98, -1096.86]
1750, 2250, 1750
[[-8.0349460e-02  9.5174876e-01 -2.9549172e-01 -1.0300000e+01]
 [ 4.9032920e-02  3.0006680e-01  9.5252016e-01  1.5071000e+02]
 [ 9.9535764e-01  6.2234880e-02 -7.0644900e-02 -1.1682000e+03]
 [ 0.0000000e+00  0.0000000e+00  0.0000000e+00  1.0000000e+00]]
[-0070.30, +0003.58, -1098.39]
1500, 2250, 1500
[[-8.0445600e-02  9.5175956e-01 -2.9530268e-01 -1.0270000e+01]
 [ 4.8615080e-02  2.9989590e-01  9.5256964e-01  1.5072000e+02]
 [ 9.9533236e-01  6.2498680e-02 -7.0237860e-02 -1.1682100e+03]
 [ 0.0000000e+00  0.0000000e+00  0.0000000e+00  1.0000000e+00]]
[-0057.21, -0010.62, -1106.04]
1250, 2250, 1250
[[-8.0349460e-02  9.5190544e-01 -2.9520278e-01 -1.0260000e+01]
 [ 4.9358080e-02  2.9973440e-01  9.5265136e-01  1.5072000e+02]
 [ 9.9540566e-01  6.2103680e-02 -7.0977300e-02 -1.1681800e+03]
 [ 0.0000000e+00  0.0000000e+00  0.0000000e+00  1.0000000e+00]]
[-0048.74, -0024.10, -1119.23]
1000, 2250, 1000
[[-7.9482400e-02  9.5207732e-01 -2.9477764e-01 -1.0150000e+01]
 [ 4.8595720e-02  2.9923110e-01  9.5282744e-01  1.5072000e+02]
 [ 9.9548156e-01  6.1566640e-02 -6.9939460e-02 -1.1681700e+03]
 [ 0.0000000e+00  0.0000000e+00  0.0000000e+00  1.0000000e+00]]
[-0040.94, -0033.66, -1136.12]
750, 2000, 750
[[-7.6765220e-02  9.5284536e-01 -2.9296128e-01 -9.7600000e+00]
 [ 4.8474960e-02  2.9723102e-01  9.5344884e-01  1.5052000e+02]
 [ 9.9568608e-01  5.9162760e-02 -6.8885200e-02 -1.1680700e+03]
 [ 0.0000000e+00  0.0000000e+00  0.0000000e+00  1.0000000e+00]]
[-0039.33, -0039.03, -1128.82]
2250, 2000, 2250
[[-8.2496740e-02  9.5146286e-01 -2.9591778e-01 -1.0500000e+01]
 [ 5.0905220e-02  3.0073820e-01  9.5223006e-01  1.5070000e+02]
 [ 9.9511686e-01  6.3654180e-02 -7.3131300e-02 -1.1681300e+03]
 [ 0.0000000e+00  0.0000000e+00  0.0000000e+00  1.0000000e+00]]
[-0106.16, +0063.24, -1103.06]
2000, 2000, 2000
[[-8.1337000e-02  9.5181490e-01 -2.9485430e-01 -1.0330000e+01]
 [ 4.9299100e-02  2.9956118e-01  9.5263474e-01  1.5064000e+02]
 [ 9.9521870e-01  6.3180260e-02 -7.1126820e-02 -1.1682000e+03]
 [ 0.0000000e+00  0.0000000e+00  0.0000000e+00  1.0000000e+00]]
[-0095.69, +0042.72, -1092.00]
1750, 2000, 1750
[[-8.0782800e-02  9.5196180e-01 -2.9460660e-01 -1.0280000e+01]
 [ 4.8894600e-02  2.9922638e-01  9.5277554e-01  1.5064000e+02]
 [ 9.9530580e-01  6.2774540e-02 -7.0570180e-02 -1.1682100e+03]
 [ 0.0000000e+00  0.0000000e+00  0.0000000e+00  1.0000000e+00]]
[-0084.71, +0022.57, -1086.82]
1500, 2000, 1500
[[-8.0229000e-02  9.5210866e-01 -2.9435862e-01 -1.0250000e+01]
 [ 4.8489900e-02  2.9889150e-01  9.5291630e-01  1.5064000e+02]
 [ 9.9539270e-01  6.2368620e-02 -7.0013940e-02 -1.1682200e+03]
 [ 0.0000000e+00  0.0000000e+00  0.0000000e+00  1.0000000e+00]]
[-0070.01, +0005.30, -1087.68]
1250, 2000, 1250
[[-8.0879300e-02  9.5212896e-01 -2.9412852e-01 -1.0210000e+01]
 [ 4.8802080e-02  2.9872280e-01  9.5295604e-01  1.5063000e+02]
 [ 9.9532884e-01  6.2907080e-02 -7.0495540e-02 -1.1682000e+03]
 [ 0.0000000e+00  0.0000000e+00  0.0000000e+00  1.0000000e+00]]
[-0058.78, -0012.28, -1095.70]
1000, 1750, 1000
[[-7.8953860e-02  9.5233094e-01 -2.9374036e-01 -1.0120000e+01]
 [ 4.7991740e-02  2.9822390e-01  9.5310148e-01  1.5058000e+02]
 [ 9.9544684e-01  6.1411880e-02 -6.9069000e-02 -1.1682000e+03]
 [ 0.0000000e+00  0.0000000e+00  0.0000000e+00  1.0000000e+00]]
[-0057.59, -0016.46, -1087.17]
750, 1750, 750
[[-7.8401220e-02  9.5258502e-01 -2.9287786e-01 -1.0000000e+01]
 [ 4.8200180e-02  2.9738940e-01  9.5331414e-01  1.5057000e+02]
 [ 9.9542574e-01  6.0933460e-02 -6.9013380e-02 -1.1682100e+03]
 [ 0.0000000e+00  0.0000000e+00  0.0000000e+00  1.0000000e+00]]
[-0045.38, -0034.51, -1104.44]
2250, 1750, 2250
[[-8.3872420e-02  9.5120180e-01 -2.9601832e-01 -1.0660000e+01]
 [ 5.1272200e-02  3.0106800e-01  9.5203580e-01  1.5073000e+02]
 [ 9.9487832e-01  6.4931800e-02 -7.3840420e-02 -1.1681600e+03]
 [ 0.0000000e+00  0.0000000e+00  0.0000000e+00  1.0000000e+00]]
[-0114.05, +0076.66, -1108.36]
2000, 1750, 2000
[[-8.1481960e-02  9.5168268e-01 -2.9511404e-01 -1.0400000e+01]
 [ 4.9763640e-02  2.9989830e-01  9.5247918e-01  1.5069000e+02]
 [ 9.9514612e-01  6.3190860e-02 -7.1608900e-02 -1.1681800e+03]
 [ 0.0000000e+00  0.0000000e+00  0.0000000e+00  1.0000000e+00]]
[-0107.24, +0059.48, -1092.72]
1750, 1750, 1750
[[-8.1096020e-02  9.5193660e-01 -2.9478342e-01 -1.0340000e+01]
 [ 4.9252200e-02  2.9939500e-01  9.5274060e-01  1.5067000e+02]
 [ 9.9531642e-01  6.2905800e-02 -7.1052020e-02 -1.1682000e+03]
 [ 0.0000000e+00  0.0000000e+00  0.0000000e+00  1.0000000e+00]]
[-0096.47, +0041.49, -1082.28]
1500, 1750, 1500
[[-8.0301120e-02  9.5200032e-01 -2.9442848e-01 -1.0290000e+01]
 [ 4.8764480e-02  2.9906016e-01  9.5279712e-01  1.5065000e+02]
 [ 9.9529632e-01  6.2415680e-02 -7.0254720e-02 -1.1682100e+03]
 [ 0.0000000e+00  0.0000000e+00  0.0000000e+00  1.0000000e+00]]
[-0082.48, +0022.29, -1077.20]
1250, 1500, 1250
[[-8.1048040e-02  9.5227208e-01 -2.9384060e-01 -1.0230000e+01]
 [ 4.8899800e-02  2.9838780e-01  9.5310040e-01  1.5064000e+02]
 [ 9.9537592e-01  6.3003560e-02 -7.0661800e-02 -1.1682000e+03]
 [ 0.0000000e+00  0.0000000e+00  0.0000000e+00  1.0000000e+00]]
[-0082.86, +0021.97, -1067.82]
1000, 1500, 1000
[[-7.9603720e-02  9.5243574e-01 -2.9363098e-01 -1.0130000e+01]
 [ 4.8219660e-02  2.9805516e-01  9.5322414e-01  1.5060000e+02]
 [ 9.9550382e-01  6.1867260e-02 -6.9550120e-02 -1.1682000e+03]
 [ 0.0000000e+00  0.0000000e+00  0.0000000e+00  1.0000000e+00]]
[-0068.36, -0001.54, -1070.45]
750, 1500, 750
[[-7.8810420e-02  9.5269106e-01 -2.9278156e-01 -1.0030000e+01]
 [ 4.8260660e-02  2.9722062e-01  9.5343548e-01  1.5059000e+02]
 [ 9.9549596e-01  6.1221320e-02 -6.9253800e-02 -1.1682200e+03]
 [ 0.0000000e+00  0.0000000e+00  0.0000000e+00  1.0000000e+00]]
[-0054.25, -0024.85, -1082.73]
2250, 1500, 2250
[[-8.5932520e-02  9.5060088e-01 -2.9773640e-01 -1.1030000e+01]
 [ 5.2412880e-02  3.0290478e-01  9.5146830e-01  1.5079000e+02]
 [ 9.9475720e-01  6.6309900e-02 -7.5746740e-02 -1.1681700e+03]
 [ 0.0000000e+00  0.0000000e+00  0.0000000e+00  1.0000000e+00]]
[-0120.32, +0086.56, -1115.16]
2000, 1500, 2000
[[-8.1481960e-02  9.5173066e-01 -2.9543938e-01 -1.0450000e+01]
 [ 4.9474580e-02  3.0006444e-01  9.5253826e-01  1.5071000e+02]
 [ 9.9530294e-01  6.3131780e-02 -7.1442760e-02 -1.1682000e+03]
 [ 0.0000000e+00  0.0000000e+00  0.0000000e+00  1.0000000e+00]]
[-0118.25, +0076.82, -1099.93]
1750, 1500, 1750
[[-8.1168420e-02  9.5175590e-01 -2.9526266e-01 -1.0410000e+01]
 [ 4.9117100e-02  2.9989590e-01  9.5257330e-01  1.5070000e+02]
 [ 9.9529234e-01  6.3000700e-02 -7.0960680e-02 -1.1682100e+03]
 [ 0.0000000e+00  0.0000000e+00  0.0000000e+00  1.0000000e+00]]
[-0108.65, +0061.01, -1083.27]
1500, 1250, 1500
[[-8.1096020e-02  9.5197278e-01 -2.9457864e-01 -1.0320000e+01]
 [ 4.9456980e-02  2.9922878e-01  9.5276456e-01  1.5064000e+02]
 [ 9.9528024e-01  6.2881840e-02 -7.1218240e-02 -1.1681700e+03]
 [ 0.0000000e+00  0.0000000e+00  0.0000000e+00  1.0000000e+00]]
[-0109.03, +0065.45, -1074.22]
1250, 1250, 1250
[[-8.1529800e-02  9.5207698e-01 -2.9430786e-01 -1.0280000e+01]
 [ 4.8704700e-02  2.9888646e-01  9.5294798e-01  1.5064000e+02]
 [ 9.9533690e-01  6.3493500e-02 -7.0644900e-02 -1.1682000e+03]
 [ 0.0000000e+00  0.0000000e+00  0.0000000e+00  1.0000000e+00]]
[-0097.08, +0044.28, -1063.31]
1000, 1250, 1000
[[-7.9988260e-02  9.5218192e-01 -2.9396244e-01 -1.0200000e+01]
 [ 4.8731840e-02  2.9855894e-01  9.5296308e-01  1.5063000e+02]
 [ 9.9533388e-01  6.2153160e-02 -7.0105760e-02 -1.1681900e+03]
 [ 0.0000000e+00  0.0000000e+00  0.0000000e+00  1.0000000e+00]]
[-0082.48, +0018.81, -1058.61]
750, 1250, 750
[[-7.8641640e-02  9.5254806e-01 -2.9306942e-01 -1.0060000e+01]
 [ 4.8163220e-02  2.9755590e-01  9.5329134e-01  1.5059000e+02]
 [ 9.9544854e-01  6.1125020e-02 -6.9087300e-02 -1.1682000e+03]
 [ 0.0000000e+00  0.0000000e+00  0.0000000e+00  1.0000000e+00]]
[-0066.87, -0007.78, -1062.90]
2250, 1250, 2250
[[-8.1772840e-02  9.5146622e-01 -2.9595870e-01 -1.0530000e+01]
 [ 5.0403500e-02  3.0073820e-01  9.5222670e-01  1.5070000e+02]
 [ 9.9515778e-01  6.3152460e-02 -7.2407400e-02 -1.1681700e+03]
 [ 0.0000000e+00  0.0000000e+00  0.0000000e+00  1.0000000e+00]]
[-0094.62, +0111.22, -1118.32]
2000, 1250, 2000
[[-8.0349460e-02  9.5178498e-01 -2.9528702e-01 -1.0370000e+01]
 [ 4.9237620e-02  2.9990062e-01  9.5254422e-01  1.5064000e+02]
 [ 9.9532142e-01  6.2210820e-02 -7.0811080e-02 -1.1681500e+03]
 [ 0.0000000e+00  0.0000000e+00  0.0000000e+00  1.0000000e+00]]
[-0102.98, +0097.19, -1100.22]
1750, 1000, 1750
[[-8.0132500e-02  9.5217010e-01 -2.9413830e-01 -1.0340000e+01]
 [ 4.9317100e-02  2.9872988e-01  9.5291490e-01  1.5057000e+02]
 [ 9.9534570e-01  6.2057100e-02 -7.0753620e-02 -1.1681800e+03]
 [ 0.0000000e+00  0.0000000e+00  0.0000000e+00  1.0000000e+00]]
[-0129.72, +0101.14, -1108.43]
1500, 1000, 1500
[[-7.9747560e-02  9.5233944e-01 -2.9368664e-01 -1.0300000e+01]
 [ 4.8889360e-02  2.9822622e-01  9.5309298e-01  1.5050000e+02]
 [ 9.9539544e-01  6.1854580e-02 -7.0197780e-02 -1.1682000e+03]
 [ 0.0000000e+00  0.0000000e+00  0.0000000e+00  1.0000000e+00]]
[-0121.57, +0087.36, -1083.96]
1250, 1000, 1250
[[-8.001312e-02  9.524932e-01 -2.932096e-01 -1.024000e+01]
 [ 4.856920e-02  2.977200e-01  9.532864e-01  1.504800e+02]
 [ 9.954176e-01  6.221440e-02 -6.995712e-02 -1.168200e+03]
 [ 0.000000e+00  0.000000e+00  0.000000e+00  1.000000e+00]]
[-0111.84, +0068.55, -1065.77]
1000, 1000, 1000
[[-7.8738820e-02  9.5267918e-01 -2.9279576e-01 -1.0160000e+01]
 [ 4.7865620e-02  2.9721830e-01  9.5344736e-01  1.5045000e+02]
 [ 9.9550784e-01  6.1281040e-02 -6.8846880e-02 -1.1682200e+03]
 [ 0.0000000e+00  0.0000000e+00  0.0000000e+00  1.0000000e+00]]
[-0098.47, +0043.97, -1053.75]
750, 1000, 750
[[-7.7030980e-02  9.5295086e-01 -2.9215926e-01 -1.0030000e+01]
 [ 4.8442940e-02  2.9655830e-01  9.5358198e-01  1.5043000e+02]
 [ 9.9555294e-01  5.9581620e-02 -6.8811720e-02 -1.1682100e+03]
 [ 0.0000000e+00  0.0000000e+00  0.0000000e+00  1.0000000e+00]]
[-0082.79, +0015.43, -1049.39]
2000, 750, 2000
[[-8.4524040e-02  9.5134284e-01 -2.9570240e-01 -1.0830000e+01]
 [ 5.1704800e-02  3.0073356e-01  9.5218284e-01  1.5059000e+02]
 [ 9.9489684e-01  6.5363200e-02 -7.4489640e-02 -1.1681800e+03]
 [ 0.0000000e+00  0.0000000e+00  0.0000000e+00  1.0000000e+00]]
[-0134.69, +0115.20, -1148.70]
1750, 750, 1750
[[-8.0469780e-02  9.5214350e-01 -2.9414062e-01 -1.0370000e+01]
 [ 4.8862100e-02  2.9872524e-01  9.5294150e-01  1.5052000e+02]
 [ 9.9534338e-01  6.2512100e-02 -7.0420980e-02 -1.1682200e+03]
 [ 0.0000000e+00  0.0000000e+00  0.0000000e+00  1.0000000e+00]]
[-0135.13, +0112.99, -1126.86]
1500, 750, 1500
[[-8.0735220e-02  9.5226128e-01 -2.9386850e-01 -1.0330000e+01]
 [ 4.8337280e-02  2.9838528e-01  9.5311120e-01  1.5052000e+02]
 [ 9.9540130e-01  6.2896000e-02 -7.0013940e-02 -1.1682400e+03]
 [ 0.0000000e+00  0.0000000e+00  0.0000000e+00  1.0000000e+00]]
[-0131.25, +0106.20, -1100.63]
1250, 750, 1250
[[-7.9747560e-02  9.5245978e-01 -2.9360230e-01 -1.0260000e+01]
 [ 4.9009700e-02  2.9805980e-01  9.5320010e-01  1.5053000e+02]
 [ 9.9547978e-01  6.1747460e-02 -7.0364200e-02 -1.1682100e+03]
 [ 0.0000000e+00  0.0000000e+00  0.0000000e+00  1.0000000e+00]]
[-0125.10, +0091.78, -1076.82]
1000, 750, 1000
[[-7.9194400e-02  9.5255780e-01 -2.9302900e-01 -1.0180000e+01]
 [ 4.8893480e-02  2.9755814e-01  9.5328160e-01  1.5048000e+02]
 [ 9.9541036e-01  6.1400480e-02 -6.9975300e-02 -1.1682100e+03]
 [ 0.0000000e+00  0.0000000e+00  0.0000000e+00  1.0000000e+00]]
[-0114.00, +0069.84, -1056.71]
750, 750, 750
[[-7.8017800e-02  9.5283858e-01 -2.9254566e-01 -1.0060000e+01]
 [ 4.7687340e-02  2.9688526e-01  9.5357502e-01  1.5047000e+02]
 [ 9.9559542e-01  6.0646860e-02 -6.8458900e-02 -1.1682400e+03]
 [ 0.0000000e+00  0.0000000e+00  0.0000000e+00  1.0000000e+00]]
[-0099.47, +0042.17, -1044.03]
2250, 2250, 2250
[[-8.2957600e-02  9.5088120e-01 -2.9754600e-01 -1.0760000e+01]
 [ 5.0460720e-02  3.0240496e-01  9.5170440e-01  1.5083000e+02]
 [ 9.9506904e-01  6.4128720e-02 -7.2935200e-02 -1.1682100e+03]
 [ 0.0000000e+00  0.0000000e+00  0.0000000e+00  1.0000000e+00]]
[-0095.07, +0042.70, -1101.63]
2000, 2000, 2250
[[-8.1458820e-02  9.5153916e-01 -2.9610750e-01 -1.0560000e+01]
 [ 4.9757160e-02  3.0073592e-01  9.5232100e-01  1.5071000e+02]
 [ 9.9530430e-01  6.2962600e-02 -7.1758900e-02 -1.1682200e+03]
 [ 0.0000000e+00  0.0000000e+00  0.0000000e+00  1.0000000e+00]]
[-0120.36, +0043.41, -1101.98]
1750, 1750, 2250
[[-8.0808200e-02  9.5159124e-01 -2.9592852e-01 -1.0530000e+01]
 [ 4.9855080e-02  3.0057206e-01  9.5232934e-01  1.5066000e+02]
 [ 9.9529596e-01  6.2376380e-02 -7.1608900e-02 -1.1682200e+03]
 [ 0.0000000e+00  0.0000000e+00  0.0000000e+00  1.0000000e+00]]
[-0140.65, +0041.24, -1107.75]
1500, 1500, 2250
[[-8.0421940e-02  9.5164046e-01 -2.9556148e-01 -1.0520000e+01]
 [ 4.9307380e-02  3.0023526e-01  9.5240084e-01  1.5065000e+02]
 [ 9.9526124e-01  6.2281720e-02 -7.0885840e-02 -1.1682100e+03]
 [ 0.0000000e+00  0.0000000e+00  0.0000000e+00  1.0000000e+00]]
[-0157.11, +0041.12, -1118.44]
1250, 1250, 2250
[[-8.1168420e-02  9.5184018e-01 -2.9538316e-01 -1.0490000e+01]
 [ 4.9032820e-02  2.9989590e-01  9.5265636e-01  1.5063000e+02]
 [ 9.9541284e-01  6.2917640e-02 -7.0960680e-02 -1.1682300e+03]
 [ 0.0000000e+00  0.0000000e+00  0.0000000e+00  1.0000000e+00]]
[-0170.56, +0040.41, -1134.34]
1000, 1000, 2250
[[-7.9313860e-02  9.5193402e-01 -2.9506540e-01 -1.0400000e+01]
 [ 4.8498300e-02  2.9956590e-01  9.5268300e-01  1.5057000e+02]
 [ 9.9543452e-01  6.1470360e-02 -6.9773200e-02 -1.1682600e+03]
 [ 0.0000000e+00  0.0000000e+00  0.0000000e+00  1.0000000e+00]]
[-0179.58, +0039.81, -1154.49]
750, 750, 2000
[[-7.8953860e-02  9.5245120e-01 -2.9365600e-01 -1.0220000e+01]
 [ 4.8112000e-02  2.9805752e-01  9.5320868e-01  1.5050000e+02]
 [ 9.9553120e-01  6.1304680e-02 -6.9235380e-02 -1.1682300e+03]
 [ 0.0000000e+00  0.0000000e+00  0.0000000e+00  1.0000000e+00]]
[-0187.07, +0039.41, -1151.12]
2250, 2250, 2000
[[-8.2182480e-02  9.5122152e-01 -2.9664496e-01 -1.0630000e+01]
 [ 4.9607920e-02  3.0139992e-01  9.5206224e-01  1.5082000e+02]
 [ 9.9516816e-01  6.3726560e-02 -7.1818560e-02 -1.1682400e+03]
 [ 0.0000000e+00  0.0000000e+00  0.0000000e+00  1.0000000e+00]]
[-0073.78, +0044.13, -1098.82]
2000, 2000, 2000
[[-8.0662920e-02  9.5179610e-01 -2.9525918e-01 -1.0480000e+01]
 [ 4.9799900e-02  2.9990286e-01  9.5253310e-01  1.5067000e+02]
 [ 9.9529582e-01  6.2317900e-02 -7.1459220e-02 -1.1682000e+03]
 [ 0.0000000e+00  0.0000000e+00  0.0000000e+00  1.0000000e+00]]
[-0099.80, +0043.58, -1092.55]
1750, 1750, 2000
[[-8.1168420e-02  9.5167162e-01 -2.9514216e-01 -1.0460000e+01]
 [ 4.9201380e-02  2.9989590e-01  9.5249024e-01  1.5067000e+02]
 [ 9.9517184e-01  6.3083760e-02 -7.0960680e-02 -1.1682300e+03]
 [ 0.0000000e+00  0.0000000e+00  0.0000000e+00  1.0000000e+00]]
[-0122.59, +0042.38, -1092.50]
1500, 1500, 2000
[[-8.0469780e-02  9.5187886e-01 -2.9504392e-01 -1.0390000e+01]
 [ 4.7922740e-02  2.9955614e-01  9.5273816e-01  1.5062000e+02]
 [ 9.9540328e-01  6.2715440e-02 -6.9590080e-02 -1.1682600e+03]
 [ 0.0000000e+00  0.0000000e+00  0.0000000e+00  1.0000000e+00]]
[-0142.54, +0041.39, -1097.90]
1250, 1250, 2000
[[-8.0373320e-02  9.5197632e-01 -2.9461872e-01 -1.0390000e+01]
 [ 4.8954720e-02  2.9922878e-01  9.5276102e-01  1.5062000e+02]
 [ 9.9532032e-01  6.2379580e-02 -7.0495540e-02 -1.1682100e+03]
 [ 0.0000000e+00  0.0000000e+00  0.0000000e+00  1.0000000e+00]]
[-0161.78, +0041.08, -1110.13]
1000, 1000, 1750
[[-7.9675600e-02  9.5229144e-01 -2.9390568e-01 -1.0280000e+01]
 [ 4.8289680e-02  2.9839024e-01  9.5308104e-01  1.5055000e+02]
 [ 9.9544344e-01  6.1938480e-02 -6.9624400e-02 -1.1682400e+03]
 [ 0.0000000e+00  0.0000000e+00  0.0000000e+00  1.0000000e+00]]
[-0167.28, +0040.56, -1102.53]
750, 750, 1750
[[-7.8232480e-02  9.5264656e-01 -2.9320152e-01 -1.0180000e+01]
 [ 4.8138640e-02  2.9755814e-01  9.5336046e-01  1.5051000e+02]
 [ 9.9558288e-01  6.0646740e-02 -6.9013380e-02 -1.1682300e+03]
 [ 0.0000000e+00  0.0000000e+00  0.0000000e+00  1.0000000e+00]]
[-0185.03, +0039.50, -1123.83]
2250, 2250, 1750
[[-8.2087060e-02  9.5136814e-01 -2.9654482e-01 -1.0590000e+01]
 [ 5.0351180e-02  3.0123870e-01  9.5214334e-01  1.5087000e+02]
 [ 9.9524114e-01  6.3331220e-02 -7.2557800e-02 -1.1682000e+03]
 [ 0.0000000e+00  0.0000000e+00  0.0000000e+00  1.0000000e+00]]
[-0055.23, +0044.85, -1101.01]
2000, 2000, 1750
[[-8.085508e-02  9.519378e-01 -2.947968e-01 -1.042000e+01]
 [ 4.908480e-02  2.993950e-01  9.527394e-01  1.506700e+02]
 [ 9.953298e-01  6.273840e-02 -7.081108e-02 -1.168230e+03]
 [ 0.000000e+00  0.000000e+00  0.000000e+00  1.000000e+00]]
[-0078.29, +0044.99, -1088.96]
1750, 1750, 1750
[[-8.0686500e-02  9.5186688e-01 -2.9467516e-01 -1.0420000e+01]
 [ 4.9396640e-02  2.9939736e-01  9.5264292e-01  1.5066000e+02]
 [ 9.9521052e-01  6.2593960e-02 -7.0977300e-02 -1.1682200e+03]
 [ 0.0000000e+00  0.0000000e+00  0.0000000e+00  1.0000000e+00]]
[-0100.01, +0043.88, -1082.71]
1500, 1500, 1750
[[-8.0229000e-02  9.5202432e-01 -2.9423824e-01 -1.0380000e+01]
 [ 4.8574240e-02  2.9889150e-01  9.5283318e-01  1.5063000e+02]
 [ 9.9527232e-01  6.2451740e-02 -7.0013940e-02 -1.1682200e+03]
 [ 0.0000000e+00  0.0000000e+00  0.0000000e+00  1.0000000e+00]]
[-0122.35, +0042.51, -1082.31]
1250, 1250, 1500
[[-7.9506900e-02  9.5230460e-01 -2.9390450e-01 -1.0310000e+01]
 [ 4.8517160e-02  2.9839260e-01  9.5306788e-01  1.5059000e+02]
 [ 9.9544462e-01  6.1711000e-02 -6.9790740e-02 -1.1682200e+03]
 [ 0.0000000e+00  0.0000000e+00  0.0000000e+00  1.0000000e+00]]
[-0122.77, +0043.39, -1072.26]
1000, 1000, 1500
[[-7.9363140e-02  9.5235256e-01 -2.9352382e-01 -1.0240000e+01]
 [ 4.8136480e-02  2.9805516e-01  9.5313976e-01  1.5055000e+02]
 [ 9.9539666e-01  6.1782880e-02 -6.9309540e-02 -1.1682300e+03]
 [ 0.0000000e+00  0.0000000e+00  0.0000000e+00  1.0000000e+00]]
[-0149.88, +0041.47, -1079.93]
750, 750, 1500
[[-7.8570000e-02  9.5257200e-01 -2.9287900e-01 -1.0180000e+01]
 [ 4.7972800e-02  2.9738712e-01  9.5332716e-01  1.5047000e+02]
 [ 9.9542460e-01  6.1160840e-02 -6.8846880e-02 -1.1682600e+03]
 [ 0.0000000e+00  0.0000000e+00  0.0000000e+00  1.0000000e+00]]
[-0174.49, +0039.75, -1096.30]
2250, 2250, 1500
[[-8.2182480e-02  9.5106444e-01 -2.9693400e-01 -1.0620000e+01]
 [ 4.9282440e-02  3.0173168e-01  9.5193100e-01  1.5098000e+02]
 [ 9.9512040e-01  6.3857800e-02 -7.1486800e-02 -1.1682400e+03]
 [ 0.0000000e+00  0.0000000e+00  0.0000000e+00  1.0000000e+00]]
[-0041.86, +0044.77, -1105.20]
2000, 2000, 1500
[[-8.0638480e-02  9.5208188e-01 -2.9381668e-01 -1.0370000e+01]
 [ 4.8923720e-02  2.9855654e-01  9.5289562e-01  1.5062000e+02]
 [ 9.9518572e-01  6.2798780e-02 -7.0420980e-02 -1.1682200e+03]
 [ 0.0000000e+00  0.0000000e+00  0.0000000e+00  1.0000000e+00]]
[-0054.33, +0045.73, -1092.03]
1750, 1750, 1500
[[-8.0422600e-02  9.5240690e-01 -2.9360710e-01 -1.0340000e+01]
 [ 4.8099860e-02  2.9805020e-01  9.5325298e-01  1.5059000e+02]
 [ 9.9547498e-01  6.2657300e-02 -6.9698760e-02 -1.1682300e+03]
 [ 0.0000000e+00  0.0000000e+00  0.0000000e+00  1.0000000e+00]]
[-0075.05, +0045.13, -1079.44]
1500, 1500, 1250
[[-8.001312e-02  9.524932e-01 -2.932096e-01 -1.030000e+01]
 [ 4.856920e-02  2.977200e-01  9.532864e-01  1.505400e+02]
 [ 9.954176e-01  6.221440e-02 -6.995712e-02 -1.168210e+03]
 [ 0.000000e+00  0.000000e+00  0.000000e+00  1.000000e+00]]
[-0072.42, +0045.19, -1070.38]
1250, 1250, 1250
[[-7.9869600e-02  9.5254100e-01 -2.9282900e-01 -1.0260000e+01]
 [ 4.8188600e-02  2.9738232e-01  9.5335816e-01  1.5054000e+02]
 [ 9.9536980e-01  6.2286160e-02 -6.9475920e-02 -1.1682300e+03]
 [ 0.0000000e+00  0.0000000e+00  0.0000000e+00  1.0000000e+00]]
[-0097.98, +0044.40, -1063.41]
1000, 1000, 1250
[[-7.8498440e-02  9.5295648e-01 -2.9243532e-01 -1.0190000e+01]
 [ 4.8142920e-02  2.9671868e-01  9.5368448e-01  1.5048000e+02]
 [ 9.9565392e-01  6.0875080e-02 -6.9106120e-02 -1.1682300e+03]
 [ 0.0000000e+00  0.0000000e+00  0.0000000e+00  1.0000000e+00]]
[-0127.24, +0042.46, -1063.94]
750, 750, 1250
[[-7.8115300e-02  9.5304106e-01 -2.9186272e-01 -1.0100000e+01]
 [ 4.7798780e-02  2.9621430e-01  9.5377864e-01  1.5042000e+02]
 [ 9.9558344e-01  6.0754880e-02 -6.8551840e-02 -1.1682400e+03]
 [ 0.0000000e+00  0.0000000e+00  0.0000000e+00  1.0000000e+00]]
[-0156.85, +0040.58, -1073.53]
2250, 2250, 1250
[[-7.7749780e-02  9.5147282e-01 -2.9690344e-01 -1.0550000e+01]
 [ 4.7257780e-02  3.0123870e-01  9.5220584e-01  1.5095000e+02]
 [ 9.9559976e-01  6.0238960e-02 -6.8220520e-02 -1.1683100e+03]
 [ 0.0000000e+00  0.0000000e+00  0.0000000e+00  1.0000000e+00]]
[-0027.67, +0042.46, -1112.71]
2000, 2000, 1250
[[-7.4516200e-02  9.5303654e-01 -2.9278498e-01 -1.0160000e+01]
 [ 4.4584780e-02  2.9671404e-01  9.5377214e-01  1.5042000e+02]
 [ 9.9599894e-01  5.8227580e-02 -6.4453000e-02 -1.1683700e+03]
 [ 0.0000000e+00  0.0000000e+00  0.0000000e+00  1.0000000e+00]]
[-0033.66, +0045.91, -1100.89]
1750, 1750, 1000
[[-7.4347300e-02  9.5327476e-01 -2.9208658e-01 -1.0110000e+01]
 [ 4.5544760e-02  2.9604984e-01  9.5394004e-01  1.5037000e+02]
 [ 9.9597842e-01  5.7820040e-02 -6.5286100e-02 -1.1683200e+03]
 [ 0.0000000e+00  0.0000000e+00  0.0000000e+00  1.0000000e+00]]
[-0028.55, +0047.67, -1093.94]
1500, 1500, 1000
[[-7.4276580e-02  9.5329890e-01 -2.9189572e-01 -1.0100000e+01]
 [ 4.5353900e-02  2.9588094e-01  9.5397540e-01  1.5033000e+02]
 [ 9.9595428e-01  5.7855400e-02 -6.5046480e-02 -1.1683400e+03]
 [ 0.0000000e+00  0.0000000e+00  0.0000000e+00  1.0000000e+00]]
[-0046.21, +0046.44, -1075.20]
1250, 1250, 1000
[[-7.3868100e-02  9.5338294e-01 -2.9149848e-01 -1.0080000e+01]
 [ 4.5821820e-02  2.9554950e-01  9.5401024e-01  1.5030000e+02]
 [ 9.9589696e-01  5.7412080e-02 -6.5307240e-02 -1.1683400e+03]
 [ 0.0000000e+00  0.0000000e+00  0.0000000e+00  1.0000000e+00]]
[-0070.02, +0045.50, -1061.24]
1000, 1000, 1000
[[-7.3079080e-02  9.5364952e-01 -2.9117532e-01 -1.0000000e+01]
 [ 4.5366680e-02  2.9504684e-01  9.5425752e-01  1.5027000e+02]
 [ 9.9607848e-01  5.6728680e-02 -6.4683080e-02 -1.1683400e+03]
 [ 0.0000000e+00  0.0000000e+00  0.0000000e+00  1.0000000e+00]]
[-0099.76, +0043.92, -1053.90]
750, 750, 1000
[[-7.2896820e-02  9.5392702e-01 -2.9046064e-01 -9.9300000e+00]
 [ 4.4015380e-02  2.9419950e-01  9.5461216e-01  1.5020000e+02]
 [ 9.9619616e-01  5.6964640e-02 -6.3319680e-02 -1.1683900e+03]
 [ 0.0000000e+00  0.0000000e+00  0.0000000e+00  1.0000000e+00]]
[-0132.31, +0041.99, -1055.49]
2000, 2000, 750
[[-7.5759240e-02  9.5292168e-01 -2.9296988e-01 -1.0230000e+01]
 [ 4.6511720e-02  2.9705628e-01  9.5359992e-01  1.5057000e+02]
 [ 9.9585528e-01  5.8791320e-02 -6.6704520e-02 -1.1683200e+03]
 [ 0.0000000e+00  0.0000000e+00  0.0000000e+00  1.0000000e+00]]
[-0004.79, +0046.80, -1132.03]
1750, 1750, 750
[[-7.5644020e-02  9.5335174e-01 -2.9142608e-01 -1.0120000e+01]
 [ 4.6374460e-02  2.9554526e-01  9.5404144e-01  1.5036000e+02]
 [ 9.9582032e-01  5.8873760e-02 -6.6411720e-02 -1.1683400e+03]
 [ 0.0000000e+00  0.0000000e+00  0.0000000e+00  1.0000000e+00]]
[-0010.85, +0046.83, -1109.97]
1500, 1500, 750
[[-7.461450e-02  9.535000e-01 -2.912006e-01 -1.007000e+01]
 [ 4.563200e-02  2.952095e-01  9.541798e-01  1.503100e+02]
 [ 9.959306e-01  5.813020e-02 -6.538000e-02 -1.168350e+03]
 [ 0.000000e+00  0.000000e+00  0.000000e+00  1.000000e+00]]
[-0022.11, +0046.82, -1087.57]
1250, 1250, 750
[[-7.3966400e-02  9.5378928e-01 -2.9085096e-01 -1.0050000e+01]
 [ 4.5967200e-02  2.9471096e-01  9.5440428e-01  1.5028000e+02]
 [ 9.9609000e-01  5.7328200e-02 -6.5568400e-02 -1.1683200e+03]
 [ 0.0000000e+00  0.0000000e+00  0.0000000e+00  1.0000000e+00]]
[-0041.51, +0046.33, -1067.19]
1000, 1000, 750
[[-7.3994500e-02  9.5386016e-01 -2.9026588e-01 -1.0000000e+01]
 [ 4.5562400e-02  2.9420390e-01  9.5451100e-01  1.5023000e+02]
 [ 9.9600580e-01  5.7601880e-02 -6.5089440e-02 -1.1683300e+03]
 [ 0.0000000e+00  0.0000000e+00  0.0000000e+00  1.0000000e+00]]
[-0069.03, +0044.83, -1051.68]
750, 750, 750
[[-7.2558580e-02  9.5405624e-01 -2.8984602e-01 -9.9100000e+00]
 [ 4.5082160e-02  2.9370284e-01  9.5466024e-01  1.5018000e+02]
 [ 9.9609318e-01  5.6438160e-02 -6.4154580e-02 -1.1683400e+03]
 [ 0.0000000e+00  0.0000000e+00  0.0000000e+00  1.0000000e+00]]
[-0102.23, +0043.18, -1044.32]
750, 875, 1000
[[-7.3417000e-02  9.5369560e-01 -2.9076900e-01 -1.0030000e+01]
 [ 4.5320600e-02  2.9470892e-01  9.5433000e-01  1.5023000e+02]
 [ 9.9600600e-01  5.7135000e-02 -6.4683080e-02 -1.1683500e+03]
 [ 0.0000000e+00  0.0000000e+00  0.0000000e+00  1.0000000e+00]]
[-0123.88, +0026.03, -1055.22]
750, 1000, 1250
[[-7.4233960e-02  9.5378870e-01 -2.9066214e-01 -1.0060000e+01]
 [ 4.5321860e-02  2.9453774e-01  9.5446410e-01  1.5024000e+02]
 [ 9.9606390e-01  5.7817860e-02 -6.4995060e-02 -1.1683600e+03]
 [ 0.0000000e+00  0.0000000e+00  0.0000000e+00  1.0000000e+00]]
[-0140.34, +0013.39, -1070.50]
750, 1125, 1500
[[-7.5023140e-02  9.5360632e-01 -2.9110482e-01 -1.0090000e+01]
 [ 4.5692480e-02  2.9504048e-01  9.5430072e-01  1.5026000e+02]
 [ 9.9600162e-01  5.8417920e-02 -6.5619620e-02 -1.1683700e+03]
 [ 0.0000000e+00  0.0000000e+00  0.0000000e+00  1.0000000e+00]]
[-0154.39, +0003.53, -1091.47]
750, 1250, 1750
[[-7.5475080e-02  9.5336428e-01 -2.9142500e-01 -1.0150000e+01]
 [ 4.6601720e-02  2.9554742e-01  9.5402890e-01  1.5026000e+02]
 [ 9.9582140e-01  5.8646500e-02 -6.6578500e-02 -1.1683200e+03]
 [ 0.0000000e+00  0.0000000e+00  0.0000000e+00  1.0000000e+00]]
[-0163.72, -0002.83, -1115.14]
750, 1375, 2000
[[-7.6265700e-02  9.5330166e-01 -2.9178232e-01 -1.0210000e+01]
 [ 4.7091580e-02  2.9588310e-01  9.5397264e-01  1.5027000e+02]
 [ 9.9584304e-01  5.9138480e-02 -6.7371240e-02 -1.1683100e+03]
 [ 0.0000000e+00  0.0000000e+00  0.0000000e+00  1.0000000e+00]]
[-0167.49, -0005.91, -1140.03]
1000, 875, 750
[[-7.5192200e-02  9.5377032e-01 -2.9008416e-01 -1.0010000e+01]
 [ 4.6487040e-02  2.9420390e-01  9.5443282e-01  1.5019000e+02]
 [ 9.9582408e-01  5.8525460e-02 -6.6287140e-02 -1.1682800e+03]
 [ 0.0000000e+00  0.0000000e+00  0.0000000e+00  1.0000000e+00]]
[-0075.39, +0059.34, -1050.27]
1000, 1000, 1000
[[-7.5671560e-02  9.5354238e-01 -2.9075682e-01 -1.0080000e+01]
 [ 4.6090020e-02  2.9487142e-01  9.5425602e-01  1.5024000e+02]
 [ 9.9582042e-01  5.9040420e-02 -6.6098980e-02 -1.1683300e+03]
 [ 0.0000000e+00  0.0000000e+00  0.0000000e+00  1.0000000e+00]]
[-0099.21, +0042.82, -1054.00]
1000, 1125, 1250
[[-7.5404240e-02  9.5350812e-01 -2.9114976e-01 -1.0130000e+01]
 [ 4.6530840e-02  2.9521166e-01  9.5417168e-01  1.5025000e+02]
 [ 9.9588192e-01  5.8574560e-02 -6.6505540e-02 -1.1683100e+03]
 [ 0.0000000e+00  0.0000000e+00  0.0000000e+00  1.0000000e+00]]
[-0118.63, +0029.84, -1063.31]
1000, 1250, 1500
[[-7.6941540e-02  9.5344192e-01 -2.9129336e-01 -1.0190000e+01]
 [ 4.6711360e-02  2.9537400e-01  9.5417852e-01  1.5025000e+02]
 [ 9.9585208e-01  5.9892440e-02 -6.7204500e-02 -1.1682900e+03]
 [ 0.0000000e+00  0.0000000e+00  0.0000000e+00  1.0000000e+00]]
[-0136.21, +0018.25, -1078.32]
1000, 1375, 1750
[[-7.6096840e-02  9.5319434e-01 -2.9186570e-01 -1.0220000e+01]
 [ 4.7198900e-02  2.9605196e-01  9.5385266e-01  1.5028000e+02]
 [ 9.9575966e-01  5.9018500e-02 -6.7371240e-02 -1.1683000e+03]
 [ 0.0000000e+00  0.0000000e+00  0.0000000e+00  1.0000000e+00]]
[-0150.43, +0009.32, -1098.10]
1250, 1625, 2000
[[-7.6168000e-02  9.5305040e-01 -2.9214080e-01 -1.0260000e+01]
 [ 4.7269600e-02  2.9638752e-01  9.5370976e-01  1.5033000e+02]
 [ 9.9569920e-01  5.9090240e-02 -6.7444480e-02 -1.1683200e+03]
 [ 0.0000000e+00  0.0000000e+00  0.0000000e+00  1.0000000e+00]]
[-0145.61, +0012.74, -1105.46]
1250, 1750, 2250
[[-7.6862280e-02  9.5273636e-01 -2.9285596e-01 -1.0350000e+01]
 [ 4.7936840e-02  2.9722710e-01  9.5339018e-01  1.5037000e+02]
 [ 9.9557684e-01  5.9533220e-02 -6.8311620e-02 -1.1683000e+03]
 [ 0.0000000e+00  0.0000000e+00  0.0000000e+00  1.0000000e+00]]
[-0152.32, +0008.15, -1124.69]
1250, 1000, 750
[[-7.5530440e-02  9.5379466e-01 -2.9041058e-01 -1.0070000e+01]
 [ 4.5743780e-02  2.9436636e-01  9.5451734e-01  1.5022000e+02]
 [ 9.9597694e-01  5.8920220e-02 -6.5786440e-02 -1.1683400e+03]
 [ 0.0000000e+00  0.0000000e+00  0.0000000e+00  1.0000000e+00]]
[-0053.83, +0071.41, -1062.81]
1250, 1125, 1000
[[-7.5644020e-02  9.5342258e-01 -2.9101732e-01 -1.0140000e+01]
 [ 4.6783220e-02  2.9521166e-01  9.5408932e-01  1.5027000e+02]
 [ 9.9574948e-01  5.8825880e-02 -6.6745320e-02 -1.1682800e+03]
 [ 0.0000000e+00  0.0000000e+00  0.0000000e+00  1.0000000e+00]]
[-0076.50, +0057.03, -1060.06]
1250, 1250, 1250
[[-7.5644020e-02  9.5335174e-01 -2.9142608e-01 -1.0160000e+01]
 [ 4.6374460e-02  2.9554526e-01  9.5404144e-01  1.5027000e+02]
 [ 9.9582032e-01  5.8873760e-02 -6.6411720e-02 -1.1683000e+03]
 [ 0.0000000e+00  0.0000000e+00  0.0000000e+00  1.0000000e+00]]
[-0096.94, +0044.35, -1063.50]
1250, 1375, 1500
[[-7.6434600e-02  9.5328900e-01 -2.9178340e-01 -1.0210000e+01]
 [ 4.6864280e-02  2.9588094e-01  9.5398530e-01  1.5028000e+02]
 [ 9.9584196e-01  5.9365780e-02 -6.7204500e-02 -1.1683000e+03]
 [ 0.0000000e+00  0.0000000e+00  0.0000000e+00  1.0000000e+00]]
[-0116.94, +0033.03, -1072.62]
1500, 1625, 1750
[[-7.6576840e-02  9.5303664e-01 -2.9212916e-01 -1.0270000e+01]
 [ 4.7210040e-02  2.9638540e-01  9.5372352e-01  1.5034000e+02]
 [ 9.9568544e-01  5.9485320e-02 -6.7517800e-02 -1.1683100e+03]
 [ 0.0000000e+00  0.0000000e+00  0.0000000e+00  1.0000000e+00]]
[-0115.05, +0035.14, -1082.01]
1500, 1750, 2000
[[-7.7368500e-02  9.5288940e-01 -2.9236580e-01 -1.0340000e+01]
 [ 4.7783800e-02  2.9672088e-01  9.5358384e-01  1.5035000e+02]
 [ 9.9558660e-01  6.0060160e-02 -6.8311620e-02 -1.1683000e+03]
 [ 0.0000000e+00  0.0000000e+00  0.0000000e+00  1.0000000e+00]]
[-0131.03, +0025.11, -1095.74]
1500, 1875, 2250
[[-7.7414400e-02  9.5279472e-01 -2.9314096e-01 -1.0400000e+01]
 [ 4.8378400e-02  2.9739576e-01  9.5343972e-01  1.5037000e+02]
 [ 9.9569520e-01  5.9749400e-02 -6.9032400e-02 -1.1683000e+03]
 [ 0.0000000e+00  0.0000000e+00  0.0000000e+00  1.0000000e+00]]
[-0140.11, +0016.42, -1112.10]
1500, 1125, 750
[[-7.5502500e-02  9.5355490e-01 -2.9075570e-01 -1.0070000e+01]
 [ 4.6317220e-02  2.9487366e-01  9.5424350e-01  1.5024000e+02]
 [ 9.9582154e-01  5.8813220e-02 -6.6265800e-02 -1.1683000e+03]
 [ 0.0000000e+00  0.0000000e+00  0.0000000e+00  1.0000000e+00]]
[-0035.28, +0080.84, -1080.61]
1500, 1250, 1000
[[-7.5982020e-02  9.5336204e-01 -2.9122394e-01 -1.0140000e+01]
 [ 4.6124360e-02  2.9537400e-01  9.5409052e-01  1.5028000e+02]
 [ 9.9578266e-01  5.9304280e-02 -6.6244980e-02 -1.1683300e+03]
 [ 0.0000000e+00  0.0000000e+00  0.0000000e+00  1.0000000e+00]]
[-0056.35, +0069.55, -1071.97]
1500, 1375, 1250
[[-7.5688080e-02  9.5336352e-01 -2.9158856e-01 -1.0200000e+01]
 [ 4.7582720e-02  2.9572032e-01  9.5397024e-01  1.5028000e+02]
 [ 9.9582216e-01  5.8492160e-02 -6.7631760e-02 -1.1682600e+03]
 [ 0.0000000e+00  0.0000000e+00  0.0000000e+00  1.0000000e+00]]
[-0076.34, +0058.29, -1069.75]
1750, 1625, 1500
[[-7.6985760e-02  9.5314284e-01 -2.9203308e-01 -1.0280000e+01]
 [ 4.7270520e-02  2.9621654e-01  9.5384464e-01  1.5033000e+02]
 [ 9.9575604e-01  5.9773120e-02 -6.7757860e-02 -1.1683100e+03]
 [ 0.0000000e+00  0.0000000e+00  0.0000000e+00  1.0000000e+00]]
[-0077.39, +0059.47, -1079.05]
1750, 1750, 1750
[[-7.6576840e-02  9.5300104e-01 -2.9233360e-01 -1.0310000e+01]
 [ 4.7005600e-02  2.9655206e-01  9.5369954e-01  1.5035000e+02]
 [ 9.9572104e-01  5.9509300e-02 -6.7351140e-02 -1.1683200e+03]
 [ 0.0000000e+00  0.0000000e+00  0.0000000e+00  1.0000000e+00]]
[-0096.78, +0047.10, -1082.67]
1750, 1875, 2000
[[-7.6550660e-02  9.5293008e-01 -2.9291826e-01 -1.0360000e+01]
 [ 4.7409840e-02  2.9705840e-01  9.5359152e-01  1.5035000e+02]
 [ 9.9580578e-01  5.9234640e-02 -6.7831300e-02 -1.1683000e+03]
 [ 0.0000000e+00  0.0000000e+00  0.0000000e+00  1.0000000e+00]]
[-0113.63, +0035.17, -1091.46]
1750, 2000, 2250
[[-7.7511460e-02  9.5277000e-01 -2.9315592e-01 -1.0400000e+01]
 [ 4.7755920e-02  2.9739160e-01  9.5346444e-01  1.5039000e+02]
 [ 9.9570600e-01  6.0036600e-02 -6.8458900e-02 -1.1682900e+03]
 [ 0.0000000e+00  0.0000000e+00  0.0000000e+00  1.0000000e+00]]
[-0125.91, +0025.90, -1103.91]
1750, 1250, 750
[[-7.5742240e-02  9.5360296e-01 -2.9106744e-01 -1.0130000e+01]
 [ 4.6196240e-02  2.9504048e-01  9.5430408e-01  1.5026000e+02]
 [ 9.9596424e-01  5.8921680e-02 -6.6338720e-02 -1.1683300e+03]
 [ 0.0000000e+00  0.0000000e+00  0.0000000e+00  1.0000000e+00]]
[-0021.73, +0087.51, -1101.63]
1750, 1375, 1000
[[-7.6123700e-02  9.5331408e-01 -2.9160534e-01 -1.0190000e+01]
 [ 4.6505760e-02  2.9571200e-01  9.5401968e-01  1.5030000e+02]
 [ 9.9583062e-01  5.9233440e-02 -6.6724660e-02 -1.1683100e+03]
 [ 0.0000000e+00  0.0000000e+00  0.0000000e+00  1.0000000e+00]]
[-0039.56, +0078.98, -1088.24]
2000, 1625, 1250
[[-7.6914600e-02  9.5297564e-01 -2.9233588e-01 -1.0290000e+01]
 [ 4.6550920e-02  2.9654750e-01  9.5372494e-01  1.5034000e+02]
 [ 9.9571876e-01  5.9963980e-02 -6.7017940e-02 -1.1683200e+03]
 [ 0.0000000e+00  0.0000000e+00  0.0000000e+00  1.0000000e+00]]
[-0041.52, +0078.57, -1097.16]
2000, 1750, 1500
[[-7.6719400e-02  9.5286866e-01 -2.9259482e-01 -1.0320000e+01]
 [ 4.7471260e-02  2.9688966e-01  9.5354494e-01  1.5036000e+02]
 [ 9.9564898e-01  5.9521340e-02 -6.7831300e-02 -1.1683100e+03]
 [ 0.0000000e+00  0.0000000e+00  0.0000000e+00  1.0000000e+00]]
[-0058.97, +0068.06, -1090.16]
2000, 1875, 1750
[[-7.6765220e-02  9.5276106e-01 -2.9284116e-01 -1.0360000e+01]
 [ 4.8559260e-02  2.9723102e-01  9.5336548e-01  1.5037000e+02]
 [ 9.9556596e-01  5.9246120e-02 -6.8885200e-02 -1.1682800e+03]
 [ 0.0000000e+00  0.0000000e+00  0.0000000e+00  1.0000000e+00]]
[-0078.13, +0057.01, -1088.51]
2000, 2000, 2000
[[-7.7342760e-02  9.5269852e-01 -2.9303472e-01 -1.0390000e+01]
 [ 4.8067680e-02  2.9739372e-01  9.5336828e-01  1.5039000e+02]
 [ 9.9558692e-01  5.9892480e-02 -6.8625480e-02 -1.1683100e+03]
 [ 0.0000000e+00  0.0000000e+00  0.0000000e+00  1.0000000e+00]]
[-0095.71, +0045.76, -1092.30]
2000, 2125, 2250
[[-7.7583060e-02  9.5238552e-01 -2.9359950e-01 -1.0450000e+01]
 [ 4.7586000e-02  2.9805980e-01  9.5310680e-01  1.5041000e+02]
 [ 9.9547698e-01  6.0322640e-02 -6.8199700e-02 -1.1683200e+03]
 [ 0.0000000e+00  0.0000000e+00  0.0000000e+00  1.0000000e+00]]
[-0109.27, +0035.34, -1100.49]
2000, 1375, 750
[[-7.5982020e-02  9.5332666e-01 -2.9142836e-01 -1.0180000e+01]
 [ 4.5919940e-02  2.9554070e-01  9.5406652e-01  1.5027000e+02]
 [ 9.9581804e-01  5.9328280e-02 -6.6078280e-02 -1.1683400e+03]
 [ 0.0000000e+00  0.0000000e+00  0.0000000e+00  1.0000000e+00]]
[-0013.56, +0090.97, -1124.87]
2250, 1625, 1000
[[-7.6888180e-02  9.5297596e-01 -2.9251150e-01 -1.0330000e+01]
 [ 4.7363960e-02  2.9672088e-01  9.5366500e-01  1.5038000e+02]
 [ 9.9573230e-01  5.9641400e-02 -6.7831300e-02 -1.1683000e+03]
 [ 0.0000000e+00  0.0000000e+00  0.0000000e+00  1.0000000e+00]]
[-0023.37, +0085.38, -1123.74]
2250, 1750, 1250
[[-7.7030980e-02  9.5284364e-01 -2.9277264e-01 -1.0330000e+01]
 [ 4.7829560e-02  2.9705840e-01  9.5351028e-01  1.5038000e+02]
 [ 9.9566016e-01  5.9653320e-02 -6.8311620e-02 -1.1683100e+03]
 [ 0.0000000e+00  0.0000000e+00  0.0000000e+00  1.0000000e+00]]
[-0034.41, +0079.74, -1111.59]
2250, 1875, 1500
[[-7.7583060e-02  9.5278182e-01 -2.9314198e-01 -1.0370000e+01]
 [ 4.8150980e-02  2.9739372e-01  9.5345262e-01  1.5041000e+02]
 [ 9.9569418e-01  5.9976820e-02 -6.8865780e-02 -1.1683100e+03]
 [ 0.0000000e+00  0.0000000e+00  0.0000000e+00  1.0000000e+00]]
[-0048.42, +0072.24, -1102.57]
2250, 2000, 1750
[[-7.7439940e-02  9.5263814e-01 -2.9325424e-01 -1.0390000e+01]
 [ 4.7240740e-02  2.9755590e-01  9.5336888e-01  1.5041000e+02]
 [ 9.9563336e-01  6.0203680e-02 -6.7885600e-02 -1.1683200e+03]
 [ 0.0000000e+00  0.0000000e+00  0.0000000e+00  1.0000000e+00]]
[-0064.59, +0062.08, -1097.57]
2250, 2125, 2000
[[-7.8232480e-02  9.5249052e-01 -2.9349044e-01 -1.0430000e+01]
 [ 4.7813880e-02  2.9789110e-01  9.5322924e-01  1.5043000e+02]
 [ 9.9553436e-01  6.0777960e-02 -6.8680420e-02 -1.1682800e+03]
 [ 0.0000000e+00  0.0000000e+00  0.0000000e+00  1.0000000e+00]]
[-0080.94, +0051.88, -1097.54]
2250, 2250, 2250
[[-7.7077200e-02  9.5259272e-01 -2.9383664e-01 -1.0270000e+01]
 [ 4.8099760e-02  2.9806616e-01  9.5323472e-01  1.5044000e+02]
 [ 9.9572048e-01  5.9473760e-02 -6.8699200e-02 -1.1681900e+03]
 [ 0.0000000e+00  0.0000000e+00  0.0000000e+00  1.0000000e+00]]
[-0094.80, +0042.82, -1101.73]
750, 750, 750
[[-7.2010260e-02  9.5423678e-01 -2.8939034e-01 -9.6600000e+00]
 [ 4.4878540e-02  2.9319950e-01  9.5482478e-01  1.5006000e+02]
 [ 9.9614282e-01  5.6005460e-02 -6.3771400e-02 -1.1682000e+03]
 [ 0.0000000e+00  0.0000000e+00  0.0000000e+00  1.0000000e+00]]
[-0100.15, +0043.12, -1044.02]
875, 750, 1000
[[-7.5290820e-02  9.5371124e-01 -2.9030322e-01 -9.9600000e+00]
 [ 4.5660360e-02  2.9436636e-01  9.5443276e-01  1.5010000e+02]
 [ 9.9586958e-01  5.8835640e-02 -6.5546820e-02 -1.1682900e+03]
 [ 0.0000000e+00  0.0000000e+00  0.0000000e+00  1.0000000e+00]]
[-0125.01, +0057.39, -1055.37]
1000, 750, 1250
[[-7.5361300e-02  9.5372256e-01 -2.9028962e-01 -9.9000000e+00]
 [ 4.6055520e-02  2.9436864e-01  9.5442144e-01  1.5012000e+02]
 [ 9.9585826e-01  5.8776480e-02 -6.5953300e-02 -1.1682500e+03]
 [ 0.0000000e+00  0.0000000e+00  0.0000000e+00  1.0000000e+00]]
[-0141.66, +0069.66, -1071.16]
1125, 750, 1500
[[-7.5742240e-02  9.5355380e-01 -2.9074316e-01 -1.0100000e+01]
 [ 4.6485160e-02  2.9487366e-01  9.5424460e-01  1.5016000e+02]
 [ 9.9580900e-01  5.8981160e-02 -6.6505540e-02 -1.1683100e+03]
 [ 0.0000000e+00  0.0000000e+00  0.0000000e+00  1.0000000e+00]]
[-0155.46, +0078.42, -1091.94]
1250, 750, 1750
[[-7.6151080e-02  9.5354010e-01 -2.9073170e-01 -1.0130000e+01]
 [ 4.6425900e-02  2.9487142e-01  9.5425830e-01  1.5018000e+02]
 [ 9.9579530e-01  5.9376300e-02 -6.6578500e-02 -1.1683100e+03]
 [ 0.0000000e+00  0.0000000e+00  0.0000000e+00  1.0000000e+00]]
[-0165.04, +0083.99, -1116.41]
1375, 750, 2000
[[-7.6914600e-02  9.5351350e-01 -2.9106010e-01 -1.0190000e+01]
 [ 4.7933380e-02  2.9521374e-01  9.5416630e-01  1.5020000e+02]
 [ 9.9579434e-01  5.9522620e-02 -6.8351700e-02 -1.1682600e+03]
 [ 0.0000000e+00  0.0000000e+00  0.0000000e+00  1.0000000e+00]]
[-0167.72, +0087.56, -1140.56]
875, 1000, 750
[[-7.5460000e-02  9.5385380e-01 -2.9001540e-01 -9.9400000e+00]
 [ 4.5757400e-02  2.9403032e-01  9.5457648e-01  1.5016000e+02]
 [ 9.9591780e-01  5.8931520e-02 -6.5713680e-02 -1.1683100e+03]
 [ 0.0000000e+00  0.0000000e+00  0.0000000e+00  1.0000000e+00]]
[-0074.24, +0027.65, -1049.75]
1000, 1000, 1000
[[-7.5262800e-02  9.5371116e-01 -2.9047932e-01 -1.0050000e+01]
 [ 4.6473480e-02  2.9453990e-01  9.5437366e-01  1.5018000e+02]
 [ 9.9588324e-01  5.8514020e-02 -6.6359860e-02 -1.1683100e+03]
 [ 0.0000000e+00  0.0000000e+00  0.0000000e+00  1.0000000e+00]]
[-0098.51, +0042.92, -1053.96]
1125, 1000, 1250
[[-7.5742240e-02  9.5358916e-01 -2.9053876e-01 -1.0070000e+01]
 [ 4.6689560e-02  2.9470680e-01  9.5426848e-01  1.5021000e+02]
 [ 9.9577364e-01  5.8957280e-02 -6.6672400e-02 -1.1683000e+03]
 [ 0.0000000e+00  0.0000000e+00  0.0000000e+00  1.0000000e+00]]
[-0118.60, +0055.15, -1063.51]
1250, 1000, 1500
[[-7.7378080e-02  9.5346316e-01 -2.9090188e-01 -1.0140000e+01]
 [ 4.6043560e-02  2.9503088e-01  9.5427596e-01  1.5021000e+02]
 [ 9.9578908e-01  6.0585640e-02 -6.6631200e-02 -1.1683400e+03]
 [ 0.0000000e+00  0.0000000e+00  0.0000000e+00  1.0000000e+00]]
[-0136.25, +0065.99, -1078.70]
1375, 1000, 1750
[[-7.5954760e-02  9.5343312e-01 -2.9099104e-01 -1.0170000e+01]
 [ 4.7346240e-02  2.9521374e-01  9.5407878e-01  1.5023000e+02]
 [ 9.9572528e-01  5.8934460e-02 -6.7391860e-02 -1.1683000e+03]
 [ 0.0000000e+00  0.0000000e+00  0.0000000e+00  1.0000000e+00]]
[-0150.29, +0074.67, -1099.04]
1625, 1250, 2000
[[-7.6719400e-02  9.5318014e-01 -2.9201718e-01 -1.0300000e+01]
 [ 4.8120260e-02  2.9622278e-01  9.5380734e-01  1.5023000e+02]
 [ 9.9574638e-01  5.9258940e-02 -6.8498180e-02 -1.1682800e+03]
 [ 0.0000000e+00  0.0000000e+00  0.0000000e+00  1.0000000e+00]]
[-0146.06, +0073.50, -1107.25]
1750, 1250, 2250
[[-7.8186660e-02  9.5289706e-01 -2.9213766e-01 -1.0390000e+01]
 [ 4.7869140e-02  2.9654982e-01  9.5363578e-01  1.5028000e+02]
 [ 9.9552286e-01  6.0826380e-02 -6.8625480e-02 -1.1683100e+03]
 [ 0.0000000e+00  0.0000000e+00  0.0000000e+00  1.0000000e+00]]
[-0152.23, +0076.05, -1125.68]
1000, 1250, 750
[[-7.5939280e-02  9.5369640e-01 -2.9027944e-01 -9.9800000e+00]
 [ 4.5769200e-02  2.9436400e-01  9.5444760e-01  1.5018000e+02]
 [ 9.9584344e-01  5.9398800e-02 -6.5859280e-02 -1.1683100e+03]
 [ 0.0000000e+00  0.0000000e+00  0.0000000e+00  1.0000000e+00]]
[-0052.72, +0019.62, -1061.07]
1125, 1250, 1000
[[-7.5164500e-02  9.5354456e-01 -2.9095792e-01 -1.0070000e+01]
 [ 4.6567280e-02  2.9504480e-01  9.5419456e-01  1.5022000e+02]
 [ 9.9585904e-01  5.8382720e-02 -6.6432660e-02 -1.1683100e+03]
 [ 0.0000000e+00  0.0000000e+00  0.0000000e+00  1.0000000e+00]]
[-0076.55, +0032.08, -1059.22]
1250, 1250, 1250
[[-7.6729140e-02  9.5335842e-01 -2.9101052e-01 -1.0120000e+01]
 [ 4.5815020e-02  2.9520006e-01  9.5415348e-01  1.5021000e+02]
 [ 9.9573108e-01  6.0129880e-02 -6.6151440e-02 -1.1683200e+03]
 [ 0.0000000e+00  0.0000000e+00  0.0000000e+00  1.0000000e+00]]
[-0096.65, +0044.45, -1063.44]
1375, 1250, 1500
[[-7.6532580e-02  9.5337124e-01 -2.9118494e-01 -1.0150000e+01]
 [ 4.6855240e-02  2.9537628e-01  9.5408132e-01  1.5024000e+02]
 [ 9.9574594e-01  5.9580680e-02 -6.7131300e-02 -1.1683000e+03]
 [ 0.0000000e+00  0.0000000e+00  0.0000000e+00  1.0000000e+00]]
[-0116.42, +0056.25, -1073.29]
1625, 1500, 1750
[[-7.6576840e-02  9.5322786e-01 -2.9163586e-01 -1.0220000e+01]
 [ 4.7738940e-02  2.9588518e-01  9.5387862e-01  1.5027000e+02]
 [ 9.9569866e-01  5.9330220e-02 -6.8018020e-02 -1.1682700e+03]
 [ 0.0000000e+00  0.0000000e+00  0.0000000e+00  1.0000000e+00]]
[-0114.61, +0055.24, -1082.56]
1750, 1500, 2000
[[-7.7466000e-02  9.5305620e-01 -2.9188740e-01 -1.0300000e+01]
 [ 4.7690520e-02  2.9621654e-01  9.5376350e-01  1.5029000e+02]
 [ 9.9561036e-01  6.0192020e-02 -6.8238100e-02 -1.1683000e+03]
 [ 0.0000000e+00  0.0000000e+00  0.0000000e+00  1.0000000e+00]]
[-0130.34, +0064.88, -1097.04]
1875, 1500, 2250
[[-7.7680200e-02  9.5290018e-01 -2.9233894e-01 -1.0380000e+01]
 [ 4.8346580e-02  2.9672300e-01  9.5357306e-01  1.5028000e+02]
 [ 9.9556186e-01  6.0168260e-02 -6.8958760e-02 -1.1682700e+03]
 [ 0.0000000e+00  0.0000000e+00  0.0000000e+00  1.0000000e+00]]
[-0140.47, +0069.96, -1113.59]
1125, 1500, 750
[[-7.5290820e-02  9.5376060e-01 -2.9062740e-01 -1.0020000e+01]
 [ 4.5371400e-02  2.9453318e-01  9.5449220e-01  1.5020000e+02]
 [ 9.9602460e-01  5.8776200e-02 -6.5380000e-02 -1.1683100e+03]
 [ 0.0000000e+00  0.0000000e+00  0.0000000e+00  1.0000000e+00]]
[-0034.44, +0011.29, -1077.58]
1250, 1500, 1000
[[-7.5573220e-02  9.5346022e-01 -2.9135522e-01 -1.0100000e+01]
 [ 4.6099220e-02  2.9537628e-01  9.5416022e-01  1.5024000e+02]
 [ 9.9591622e-01  5.8825780e-02 -6.6171940e-02 -1.1683200e+03]
 [ 0.0000000e+00  0.0000000e+00  0.0000000e+00  1.0000000e+00]]
[-0056.06, +0022.03, -1069.89]
1375, 1500, 1250
[[-7.6461700e-02  9.5332430e-01 -2.9140320e-01 -1.0140000e+01]
 [ 4.6255660e-02  2.9554070e-01  9.5406888e-01  1.5026000e+02]
 [ 9.9579288e-01  5.9664000e-02 -6.6557960e-02 -1.1683100e+03]
 [ 0.0000000e+00  0.0000000e+00  0.0000000e+00  1.0000000e+00]]
[-0075.41, +0034.03, -1068.87]
1625, 1750, 1500
[[-7.6843520e-02  9.5315520e-01 -2.9185632e-01 -1.0220000e+01]
 [ 4.6684800e-02  2.9604536e-01  9.5389180e-01  1.5030000e+02]
 [ 9.9574368e-01  5.9868200e-02 -6.7111120e-02 -1.1683200e+03]
 [ 0.0000000e+00  0.0000000e+00  0.0000000e+00  1.0000000e+00]]
[-0076.04, +0035.95, -1077.96]
1750, 1750, 1750
[[-7.6505680e-02  9.5314504e-01 -2.9205852e-01 -1.0250000e+01]
 [ 4.6934960e-02  2.9621654e-01  9.5384244e-01  1.5029000e+02]
 [ 9.9578148e-01  5.9437560e-02 -6.7277780e-02 -1.1683100e+03]
 [ 0.0000000e+00  0.0000000e+00  0.0000000e+00  1.0000000e+00]]
[-0096.12, +0046.99, -1082.74]
1875, 1750, 2000
[[-7.7466000e-02  9.5298492e-01 -2.9229644e-01 -1.0310000e+01]
 [ 4.7281480e-02  2.9654982e-01  9.5371566e-01  1.5031000e+02]
 [ 9.9568164e-01  6.0239860e-02 -6.7904820e-02 -1.1683200e+03]
 [ 0.0000000e+00  0.0000000e+00  0.0000000e+00  1.0000000e+00]]
[-0113.00, +0056.55, -1092.04]
2000, 1750, 2250
[[-7.7751760e-02  9.5275616e-01 -2.9261384e-01 -1.0400000e+01]
 [ 4.8416960e-02  2.9705840e-01  9.5343008e-01  1.5031000e+02]
 [ 9.9550136e-01  6.0239680e-02 -6.9032400e-02 -1.1682700e+03]
 [ 0.0000000e+00  0.0000000e+00  0.0000000e+00  1.0000000e+00]]
[-0126.02, +0063.58, -1105.36]
1250, 1750, 750
[[-7.5530440e-02  9.5351978e-01 -2.9078414e-01 -1.0040000e+01]
 [ 4.5299740e-02  2.9486670e-01  9.5427862e-01  1.5024000e+02]
 [ 9.9584302e-01  5.9158940e-02 -6.5286100e-02 -1.1683300e+03]
 [ 0.0000000e+00  0.0000000e+00  0.0000000e+00  1.0000000e+00]]
[-0020.80, +0006.23, -1096.74]
1375, 1750, 1000
[[-7.6390900e-02  9.5343282e-01 -2.9133246e-01 -1.0140000e+01]
 [ 4.5980460e-02  2.9537164e-01  9.5418762e-01  1.5028000e+02]
 [ 9.9588882e-01  5.9616060e-02 -6.6318100e-02 -1.1683400e+03]
 [ 0.0000000e+00  0.0000000e+00  0.0000000e+00  1.0000000e+00]]
[-0038.75, +0015.62, -1084.43]
1625, 2000, 1250
[[-7.7012500e-02  9.5310700e-01 -2.9206200e-01 -1.0220000e+01]
 [ 4.6253000e-02  2.9620958e-01  9.5388048e-01  1.5032000e+02]
 [ 9.9577800e-01  6.0119520e-02 -6.6777920e-02 -1.1683300e+03]
 [ 0.0000000e+00  0.0000000e+00  0.0000000e+00  1.0000000e+00]]
[-0040.20, +0017.45, -1093.19]
1750, 2000, 1500
[[-7.6648080e-02  9.5301268e-01 -2.9231980e-01 -1.0260000e+01]
 [ 4.7400680e-02  2.9655422e-01  9.5368790e-01  1.5032000e+02]
 [ 9.9570940e-01  5.9449700e-02 -6.7757860e-02 -1.1683000e+03]
 [ 0.0000000e+00  0.0000000e+00  0.0000000e+00  1.0000000e+00]]
[-0058.55, +0027.30, -1087.44]
1875, 2000, 1750
[[-7.6790800e-02  9.5300048e-01 -2.9249664e-01 -1.0290000e+01]
 [ 4.7986400e-02  2.9672504e-01  9.5364048e-01  1.5034000e+02]
 [ 9.9572160e-01  5.9354400e-02 -6.8404800e-02 -1.1683000e+03]
 [ 0.0000000e+00  0.0000000e+00  0.0000000e+00  1.0000000e+00]]
[-0077.94, +0037.23, -1087.32]
2000, 2000, 2000
[[-7.8329620e-02  9.5281352e-01 -2.9272320e-01 -1.0370000e+01]
 [ 4.8045520e-02  2.9705408e-01  9.5354040e-01  1.5034000e+02]
 [ 9.9560640e-01  6.0778800e-02 -6.8939540e-02 -1.1682800e+03]
 [ 0.0000000e+00  0.0000000e+00  0.0000000e+00  1.0000000e+00]]
[-0095.82, +0047.04, -1092.38]
2125, 2000, 2250
[[-7.8232480e-02  9.5256220e-01 -2.9308132e-01 -1.0440000e+01]
 [ 4.8223000e-02  2.9755814e-01  9.5327720e-01  1.5035000e+02]
 [ 9.9546268e-01  6.0730000e-02 -6.9013380e-02 -1.1682800e+03]
 [ 0.0000000e+00  0.0000000e+00  0.0000000e+00  1.0000000e+00]]
[-0110.41, +0054.00, -1101.09]
1375, 2000, 750
[[-7.5333480e-02  9.5337684e-01 -2.9124784e-01 -1.0080000e+01]
 [ 4.6015840e-02  2.9537628e-01  9.5407572e-01  1.5029000e+02]
 [ 9.9580884e-01  5.8741280e-02 -6.5932200e-02 -1.1683100e+03]
 [ 0.0000000e+00  0.0000000e+00  0.0000000e+00  1.0000000e+00]]
[-0011.26, +0003.33, -1119.64]
1625, 2250, 1000
[[-7.6790800e-02  9.5284468e-01 -2.9278544e-01 -1.0260000e+01]
 [ 4.7661880e-02  2.9705840e-01  9.5350924e-01  1.5045000e+02]
 [ 9.9567296e-01  5.9485640e-02 -6.8071440e-02 -1.1683100e+03]
 [ 0.0000000e+00  0.0000000e+00  0.0000000e+00  1.0000000e+00]]
[-0020.25, +0006.18, -1122.23]
1750, 2250, 1250
[[-7.6888180e-02  9.5282024e-01 -2.9280036e-01 -1.0260000e+01]
 [ 4.7039440e-02  2.9705408e-01  9.5353368e-01  1.5043000e+02]
 [ 9.9568356e-01  5.9772720e-02 -6.7498100e-02 -1.1683200e+03]
 [ 0.0000000e+00  0.0000000e+00  0.0000000e+00  1.0000000e+00]]
[-0031.66, +0011.90, -1110.20]
1875, 2250, 1500
[[-7.7537320e-02  9.5280518e-01 -2.9277594e-01 -1.0300000e+01]
 [ 4.7147420e-02  2.9705180e-01  9.5354874e-01  1.5040000e+02]
 [ 9.9565686e-01  6.0335460e-02 -6.7811880e-02 -1.1683300e+03]
 [ 0.0000000e+00  0.0000000e+00  0.0000000e+00  1.0000000e+00]]
[-0046.38, +0019.69, -1101.14]
2000, 2250, 1750
[[-7.7030980e-02  9.5272354e-01 -2.9285700e-01 -1.0310000e+01]
 [ 4.7709460e-02  2.9722502e-01  9.5340300e-01  1.5042000e+02]
 [ 9.9557580e-01  5.9760600e-02 -6.8145000e-02 -1.1683000e+03]
 [ 0.0000000e+00  0.0000000e+00  0.0000000e+00  1.0000000e+00]]
[-0063.35, +0028.64, -1096.64]
2125, 2250, 2000
[[-7.8570000e-02  9.5274080e-01 -2.9311940e-01 -1.0420000e+01]
 [ 4.7804000e-02  2.9738712e-01  9.5349364e-01  1.5041000e+02]
 [ 9.9566500e-01  6.0994360e-02 -6.8846880e-02 -1.1682800e+03]
 [ 0.0000000e+00  0.0000000e+00  0.0000000e+00  1.0000000e+00]]
[-0080.65, +0036.99, -1097.18]
2250, 2250, 2250
[[-7.8857040e-02  9.5251220e-01 -2.9343608e-01 -1.0480000e+01]
 [ 4.8939080e-02  2.9789550e-01  9.5320756e-01  1.5040000e+02]
 [ 9.9548440e-01  6.0993400e-02 -6.9975300e-02 -1.1682600e+03]
 [ 0.0000000e+00  0.0000000e+00  0.0000000e+00  1.0000000e+00]]
[-0095.43, +0043.49, -1101.92]
750, 750, 750
[[-7.3953000e-02  9.5410956e-01 -2.8920108e-01 -9.8500000e+00]
 [ 4.5290760e-02  2.9319326e-01  9.5478386e-01  1.5008000e+02]
 [ 9.9594732e-01  5.7779060e-02 -6.4705300e-02 -1.1683000e+03]
 [ 0.0000000e+00  0.0000000e+00  0.0000000e+00  1.0000000e+00]]
[-0100.52, +0043.40, -1044.27]
875, 1000, 750
[[-7.6108500e-02  9.5378954e-01 -2.8966728e-01 -9.9500000e+00]
 [ 4.6155420e-02  2.9386110e-01  9.5453176e-01  1.5016000e+02]
 [ 9.9573656e-01  5.9554320e-02 -6.6192960e-02 -1.1683100e+03]
 [ 0.0000000e+00  0.0000000e+00  0.0000000e+00  1.0000000e+00]]
[-0072.70, +0029.08, -1049.99]
1000, 1250, 750
[[-7.5530440e-02  9.5386514e-01 -2.9000178e-01 -9.9700000e+00]
 [ 4.6152580e-02  2.9403260e-01  9.5456514e-01  1.5020000e+02]
 [ 9.9590646e-01  5.8872420e-02 -6.6120200e-02 -1.1683100e+03]
 [ 0.0000000e+00  0.0000000e+00  0.0000000e+00  1.0000000e+00]]
[-0051.50, +0019.98, -1061.25]
1125, 1500, 750
[[-7.5840660e-02  9.5372032e-01 -2.9026458e-01 -1.0010000e+01]
 [ 4.6391520e-02  2.9436864e-01  9.5442368e-01  1.5023000e+02]
 [ 9.9583322e-01  5.9112480e-02 -6.6432660e-02 -1.1683000e+03]
 [ 0.0000000e+00  0.0000000e+00  0.0000000e+00  1.0000000e+00]]
[-0033.21, +0010.58, -1078.38]
1250, 1750, 750
[[-7.5502500e-02  9.5347038e-01 -2.9063584e-01 -1.0030000e+01]
 [ 4.6401740e-02  2.9487366e-01  9.5416008e-01  1.5025000e+02]
 [ 9.9570168e-01  5.8896640e-02 -6.6265800e-02 -1.1683000e+03]
 [ 0.0000000e+00  0.0000000e+00  0.0000000e+00  1.0000000e+00]]
[-0019.66, +0006.46, -1097.18]
1375, 2000, 750
[[-7.5475080e-02  9.5343516e-01 -2.9101628e-01 -1.0060000e+01]
 [ 4.7010440e-02  2.9521374e-01  9.5407674e-01  1.5027000e+02]
 [ 9.9575052e-01  5.8598660e-02 -6.6912180e-02 -1.1682700e+03]
 [ 0.0000000e+00  0.0000000e+00  0.0000000e+00  1.0000000e+00]]
[-0010.81, +0002.88, -1120.00]
875, 750, 1000
[[-7.4882100e-02  9.5391502e-01 -2.8982126e-01 -9.9400000e+00]
 [ 4.6247980e-02  2.9386782e-01  9.5457434e-01  1.5014000e+02]
 [ 9.9589726e-01  5.8285340e-02 -6.5974920e-02 -1.1683100e+03]
 [ 0.0000000e+00  0.0000000e+00  0.0000000e+00  1.0000000e+00]]
[-0125.73, +0055.89, -1055.38]
1000, 1000, 1000
[[-7.5840660e-02  9.5356516e-01 -2.9055356e-01 -1.0020000e+01]
 [ 4.6067240e-02  2.9470232e-01  9.5429248e-01  1.5017000e+02]
 [ 9.9578396e-01  5.9243680e-02 -6.6098980e-02 -1.1683100e+03]
 [ 0.0000000e+00  0.0000000e+00  0.0000000e+00  1.0000000e+00]]
[-0099.04, +0042.71, -1054.22]
1125, 1250, 1000
[[-7.5982020e-02  9.5367260e-01 -2.9064606e-01 -1.0050000e+01]
 [ 4.6773000e-02  2.9470680e-01  9.5435300e-01  1.5020000e+02]
 [ 9.9588094e-01  5.9041800e-02 -6.6912180e-02 -1.1683200e+03]
 [ 0.0000000e+00  0.0000000e+00  0.0000000e+00  1.0000000e+00]]
[-0077.23, +0031.99, -1059.29]
1250, 1500, 1000
[[-7.5911300e-02  9.5354124e-01 -2.9074428e-01 -1.0050000e+01]
 [ 4.6257960e-02  2.9487142e-01  9.5425716e-01  1.5024000e+02]
 [ 9.9580788e-01  5.9208360e-02 -6.6338720e-02 -1.1683200e+03]
 [ 0.0000000e+00  0.0000000e+00  0.0000000e+00  1.0000000e+00]]
[-0057.26, +0023.04, -1069.29]
1375, 1750, 1000
[[-7.6390900e-02  9.5350358e-01 -2.9092354e-01 -1.0070000e+01]
 [ 4.6389380e-02  2.9503820e-01  9.5423554e-01  1.5026000e+02]
 [ 9.9581806e-01  5.9568140e-02 -6.6651540e-02 -1.1683000e+03]
 [ 0.0000000e+00  0.0000000e+00  0.0000000e+00  1.0000000e+00]]
[-0037.56, +0015.60, -1084.84]
1625, 2000, 1250
[[-7.6674580e-02  9.5316790e-01 -2.9185518e-01 -1.0180000e+01]
 [ 4.6912100e-02  2.9604764e-01  9.5387910e-01  1.5031000e+02]
 [ 9.9574482e-01  5.9640900e-02 -6.7277780e-02 -1.1683000e+03]
 [ 0.0000000e+00  0.0000000e+00  0.0000000e+00  1.0000000e+00]]
[-0039.72, +0017.24, -1093.57]
1750, 2250, 1250
[[-7.7706180e-02  9.5294812e-01 -2.9248814e-01 -1.0240000e+01]
 [ 4.7244680e-02  2.9671640e-01  9.5369284e-01  1.5041000e+02]
 [ 9.9570446e-01  6.0431560e-02 -6.7978420e-02 -1.1682900e+03]
 [ 0.0000000e+00  0.0000000e+00  0.0000000e+00  1.0000000e+00]]
[-0031.52, +0011.74, -1110.48]
1000, 750, 1250
[[-7.5798480e-02  9.5370908e-01 -2.9010244e-01 -1.0010000e+01]
 [ 4.5183320e-02  2.9419230e-01  9.5449406e-01  1.5014000e+02]
 [ 9.9583076e-01  5.9493140e-02 -6.5213220e-02 -1.1683300e+03]
 [ 0.0000000e+00  0.0000000e+00  0.0000000e+00  1.0000000e+00]]
[-0142.36, +0068.63, -1071.39]
1125, 1000, 1250
[[-7.5600960e-02  9.5365088e-01 -2.9068592e-01 -1.0080000e+01]
 [ 4.5814720e-02  2.9470232e-01  9.5437472e-01  1.5019000e+02]
 [ 9.9591632e-01  5.8992320e-02 -6.5859280e-02 -1.1683000e+03]
 [ 0.0000000e+00  0.0000000e+00  0.0000000e+00  1.0000000e+00]]
[-0118.54, +0054.45, -1063.65]
1250, 1250, 1250
[[-7.5911300e-02  9.5342136e-01 -2.9082882e-01 -1.0080000e+01]
 [ 4.6138080e-02  2.9503820e-01  9.5414984e-01  1.5022000e+02]
 [ 9.9572334e-01  5.9315680e-02 -6.6171940e-02 -1.1683100e+03]
 [ 0.0000000e+00  0.0000000e+00  0.0000000e+00  1.0000000e+00]]
[-0096.85, +0044.35, -1063.60]
1375, 1500, 1250
[[-7.5742240e-02  9.5327868e-01 -2.9111660e-01 -1.0110000e+01]
 [ 4.6041000e-02  2.9537400e-01  9.5400600e-01  1.5023000e+02]
 [ 9.9567532e-01  5.9219760e-02 -6.6005200e-02 -1.1683200e+03]
 [ 0.0000000e+00  0.0000000e+00  0.0000000e+00  1.0000000e+00]]
[-0076.43, +0035.62, -1068.50]
1625, 1750, 1500
[[-7.6985760e-02  9.5317844e-01 -2.9182860e-01 -1.0210000e+01]
 [ 4.7475000e-02  2.9604984e-01  9.5386856e-01  1.5027000e+02]
 [ 9.9572044e-01  5.9749200e-02 -6.7924560e-02 -1.1682800e+03]
 [ 0.0000000e+00  0.0000000e+00  0.0000000e+00  1.0000000e+00]]
[-0076.16, +0036.18, -1077.96]
1750, 2000, 1500
[[-7.6576840e-02  9.5312106e-01 -2.9224918e-01 -1.0230000e+01]
 [ 4.7125620e-02  2.9638540e-01  9.5380686e-01  1.5032000e+02]
 [ 9.9580546e-01  5.9401980e-02 -6.7517800e-02 -1.1683100e+03]
 [ 0.0000000e+00  0.0000000e+00  0.0000000e+00  1.0000000e+00]]
[-0057.61, +0026.80, -1087.68]
1875, 2250, 1500
[[-7.7680200e-02  9.5282866e-01 -2.9274798e-01 -1.0290000e+01]
 [ 4.7937540e-02  2.9705628e-01  9.5352526e-01  1.5036000e+02]
 [ 9.9563338e-01  6.0216060e-02 -6.8625480e-02 -1.1682900e+03]
 [ 0.0000000e+00  0.0000000e+00  0.0000000e+00  1.0000000e+00]]
[-0045.42, +0019.34, -1101.28]
1125, 750, 1500
[[-7.5530440e-02  9.5351978e-01 -2.9078414e-01 -1.0060000e+01]
 [ 4.5299740e-02  2.9486670e-01  9.5427862e-01  1.5013000e+02]
 [ 9.9584302e-01  5.9158940e-02 -6.5286100e-02 -1.1683300e+03]
 [ 0.0000000e+00  0.0000000e+00  0.0000000e+00  1.0000000e+00]]
[-0155.91, +0078.07, -1092.32]
1250, 1000, 1500
[[-7.5813000e-02  9.5352990e-01 -2.9093390e-01 -1.0100000e+01]
 [ 4.6675900e-02  2.9504268e-01  9.5420922e-01  1.5020000e+02]
 [ 9.9583290e-01  5.8945780e-02 -6.6745320e-02 -1.1683100e+03]
 [ 0.0000000e+00  0.0000000e+00  0.0000000e+00  1.0000000e+00]]
[-0136.40, +0065.04, -1078.65]
1375, 1250, 1500
[[-7.6052820e-02  9.5333806e-01 -2.9141464e-01 -1.0130000e+01]
 [ 4.6315060e-02  2.9554302e-01  9.5405512e-01  1.5020000e+02]
 [ 9.9580664e-01  5.9268880e-02 -6.6484800e-02 -1.1683200e+03]
 [ 0.0000000e+00  0.0000000e+00  0.0000000e+00  1.0000000e+00]]
[-0116.11, +0056.07, -1073.23]
1625, 1500, 1750
[[-7.6674580e-02  9.5316790e-01 -2.9185518e-01 -1.0180000e+01]
 [ 4.6912100e-02  2.9604764e-01  9.5387910e-01  1.5026000e+02]
 [ 9.9574482e-01  5.9640900e-02 -6.7277780e-02 -1.1682900e+03]
 [ 0.0000000e+00  0.0000000e+00  0.0000000e+00  1.0000000e+00]]
[-0115.05, +0055.76, -1082.66]
1750, 1750, 1750
[[-7.6985760e-02  9.5305840e-01 -2.9191304e-01 -1.0210000e+01]
 [ 4.7354960e-02  2.9621654e-01  9.5376130e-01  1.5029000e+02]
 [ 9.9563600e-01  5.9856460e-02 -6.7757860e-02 -1.1682900e+03]
 [ 0.0000000e+00  0.0000000e+00  0.0000000e+00  1.0000000e+00]]
[-0095.01, +0046.46, -1082.56]
1875, 2000, 1750
[[-7.6959540e-02  9.5305908e-01 -2.9208874e-01 -1.0240000e+01]
 [ 4.8167960e-02  2.9638956e-01  9.5370108e-01  1.5032000e+02]
 [ 9.9564918e-01  5.9533960e-02 -6.8571540e-02 -1.1682600e+03]
 [ 0.0000000e+00  0.0000000e+00  0.0000000e+00  1.0000000e+00]]
[-0076.12, +0036.57, -1087.39]
2000, 2250, 1750
[[-7.7439940e-02  9.5267388e-01 -2.9304974e-01 -1.0310000e+01]
 [ 4.7445240e-02  2.9738940e-01  9.5339292e-01  1.5040000e+02]
 [ 9.9559762e-01  6.0179640e-02 -6.8052100e-02 -1.1683000e+03]
 [ 0.0000000e+00  0.0000000e+00  0.0000000e+00  1.0000000e+00]]
[-0061.43, +0027.96, -1096.85]
1250, 750, 1750
[[-7.5911300e-02  9.5362578e-01 -2.9086416e-01 -1.0090000e+01]
 [ 4.6173420e-02  2.9487142e-01  9.5434056e-01  1.5016000e+02]
 [ 9.9592776e-01  5.9124960e-02 -6.6338720e-02 -1.1682900e+03]
 [ 0.0000000e+00  0.0000000e+00  0.0000000e+00  1.0000000e+00]]
[-0164.58, +0084.06, -1116.06]
1375, 1000, 1750
[[-7.6052820e-02  9.5349340e-01 -2.9112572e-01 -1.0140000e+01]
 [ 4.6639400e-02  2.9520950e-01  9.5418640e-01  1.5021000e+02]
 [ 9.9585572e-01  5.9137600e-02 -6.6818320e-02 -1.1682800e+03]
 [ 0.0000000e+00  0.0000000e+00  0.0000000e+00  1.0000000e+00]]
[-0149.67, +0074.46, -1098.62]
1625, 1250, 2000
[[-7.6505680e-02  9.5318060e-01 -2.9185408e-01 -1.0230000e+01]
 [ 4.7139400e-02  2.9604984e-01  9.5386640e-01  1.5026000e+02]
 [ 9.9574592e-01  5.9413600e-02 -6.7444480e-02 -1.1683100e+03]
 [ 0.0000000e+00  0.0000000e+00  0.0000000e+00  1.0000000e+00]]
[-0145.83, +0073.03, -1106.85]
1750, 1500, 2000
[[-7.6408020e-02  9.5304936e-01 -2.9212810e-01 -1.0260000e+01]
 [ 4.7437360e-02  2.9638752e-01  9.5371080e-01  1.5027000e+02]
 [ 9.9568650e-01  5.9258000e-02 -6.7684500e-02 -1.1682900e+03]
 [ 0.0000000e+00  0.0000000e+00  0.0000000e+00  1.0000000e+00]]
[-0129.53, +0065.17, -1096.71]
1875, 1750, 2000
[[-7.7154660e-02  9.5293888e-01 -2.9252766e-01 -1.0270000e+01]
 [ 4.6514160e-02  2.9671404e-01  9.5370208e-01  1.5030000e+02]
 [ 9.9574162e-01  6.0155760e-02 -6.7091460e-02 -1.1683300e+03]
 [ 0.0000000e+00  0.0000000e+00  0.0000000e+00  1.0000000e+00]]
[-0111.94, +0055.64, -1091.78]
2000, 2000, 2000
[[-7.736850e-02  9.529381e-01 -2.926904e-01 -1.030000e+01]
 [ 4.749490e-02  2.968875e-01  9.536432e-01  1.503400e+02]
 [ 9.957424e-01  6.000080e-02 -6.814500e-02 -1.168300e+03]
 [ 0.000000e+00  0.000000e+00  0.000000e+00  1.000000e+00]]
[-0093.61, +0045.96, -1092.04]
2125, 2250, 2000
[[-7.8232480e-02  9.5273092e-01 -2.9332172e-01 -1.0370000e+01]
 [ 4.8054280e-02  2.9755814e-01  9.5344372e-01  1.5040000e+02]
 [ 9.9570308e-01  6.0563480e-02 -6.9013380e-02 -1.1682700e+03]
 [ 0.0000000e+00  0.0000000e+00  0.0000000e+00  1.0000000e+00]]
[-0078.45, +0036.10, -1097.09]
1375, 750, 2000
[[-7.6461700e-02  9.5335972e-01 -2.9119874e-01 -1.0170000e+01]
 [ 4.6460120e-02  2.9537400e-01  9.5409284e-01  1.5015000e+02]
 [ 9.9575746e-01  5.9640040e-02 -6.6724660e-02 -1.1682900e+03]
 [ 0.0000000e+00  0.0000000e+00  0.0000000e+00  1.0000000e+00]]
[-0167.60, +0086.95, -1139.74]
1625, 1000, 2250
[[-7.8401220e-02  9.5286124e-01 -2.9250452e-01 -1.0380000e+01]
 [ 4.8645160e-02  2.9688966e-01  9.5355236e-01  1.5025000e+02]
 [ 9.9555868e-01  6.0695240e-02 -6.9513120e-02 -1.1682800e+03]
 [ 0.0000000e+00  0.0000000e+00  0.0000000e+00  1.0000000e+00]]
[-0160.64, +0080.73, -1139.82]
1750, 1250, 2250
[[-7.6816900e-02  9.5296432e-01 -2.9252534e-01 -1.0320000e+01]
 [ 4.6968880e-02  2.9671868e-01  9.5367664e-01  1.5026000e+02]
 [ 9.9574394e-01  5.9701040e-02 -6.7424580e-02 -1.1683200e+03]
 [ 0.0000000e+00  0.0000000e+00  0.0000000e+00  1.0000000e+00]]
[-0151.88, +0076.06, -1125.36]
1875, 1500, 2250
[[-7.7271200e-02  9.5275824e-01 -2.9263968e-01 -1.0340000e+01]
 [ 4.8081600e-02  2.9705840e-01  9.5342800e-01  1.5028000e+02]
 [ 9.9552720e-01  5.9904320e-02 -6.8551840e-02 -1.1682900e+03]
 [ 0.0000000e+00  0.0000000e+00  0.0000000e+00  1.0000000e+00]]
[-0139.47, +0069.92, -1113.07]
2000, 1750, 2250
[[-7.7583060e-02  9.5281764e-01 -2.9293748e-01 -1.0360000e+01]
 [ 4.8355480e-02  2.9722710e-01  9.5347656e-01  1.5031000e+02]
 [ 9.9565836e-01  5.9952880e-02 -6.9032400e-02 -1.1682900e+03]
 [ 0.0000000e+00  0.0000000e+00  0.0000000e+00  1.0000000e+00]]
[-0124.61, +0062.59, -1104.62]
2125, 2000, 2250
[[-7.8401220e-02  9.5275378e-01 -2.9311826e-01 -1.0390000e+01]
 [ 4.8031420e-02  2.9738940e-01  9.5348066e-01  1.5037000e+02]
 [ 9.9566614e-01  6.0766940e-02 -6.9013380e-02 -1.1682900e+03]
 [ 0.0000000e+00  0.0000000e+00  0.0000000e+00  1.0000000e+00]]
[-0108.53, +0053.19, -1100.58]
2250, 2250, 2250
[[-7.8616500e-02  9.5247732e-01 -2.9365376e-01 -1.0430000e+01]
 [ 4.8566920e-02  2.9806200e-01  9.5318256e-01  1.5043000e+02]
 [ 9.9553344e-01  6.0849760e-02 -6.9568260e-02 -1.1682700e+03]
 [ 0.0000000e+00  0.0000000e+00  0.0000000e+00  1.0000000e+00]]
[-0094.21, +0042.79, -1101.72]
2250, 2000, 2125
[[-7.7680200e-02  9.5291304e-01 -2.9286812e-01 -1.0350000e+01]
 [ 4.7853160e-02  2.9705628e-01  9.5360856e-01  1.5031000e+02]
 [ 9.9575352e-01  6.0132760e-02 -6.8625480e-02 -1.1682900e+03]
 [ 0.0000000e+00  0.0000000e+00  0.0000000e+00  1.0000000e+00]]
[-0094.34, +0065.55, -1099.68]
2250, 1750, 2000
[[-7.7199720e-02  9.5278216e-01 -2.9244912e-01 -1.0320000e+01]
 [ 4.7891040e-02  2.9688966e-01  9.5346374e-01  1.5028000e+02]
 [ 9.9550328e-01  5.9940060e-02 -6.8311620e-02 -1.1682700e+03]
 [ 0.0000000e+00  0.0000000e+00  0.0000000e+00  1.0000000e+00]]
[-0095.05, +0083.34, -1102.42]
2250, 1500, 1875
[[-7.7634900e-02  9.5309218e-01 -2.9221314e-01 -1.0290000e+01]
 [ 4.7174220e-02  2.9638092e-01  9.5383574e-01  1.5029000e+02]
 [ 9.9576494e-01  6.0359940e-02 -6.7904820e-02 -1.1683000e+03]
 [ 0.0000000e+00  0.0000000e+00  0.0000000e+00  1.0000000e+00]]
[-0093.39, +0098.94, -1109.04]
2250, 1250, 1750
[[-7.7563700e-02  9.5303166e-01 -2.9190252e-01 -1.0280000e+01]
 [ 4.7068140e-02  2.9621198e-01  9.5378804e-01  1.5026000e+02]
 [ 9.9562092e-01  6.0478840e-02 -6.7664680e-02 -1.1682800e+03]
 [ 0.0000000e+00  0.0000000e+00  0.0000000e+00  1.0000000e+00]]
[-0092.33, +0111.83, -1119.00]
2250, 1000, 1625
[[-7.7706180e-02  9.5297066e-01 -2.9175442e-01 -1.0300000e+01]
 [ 4.7942740e-02  2.9621654e-01  9.5368126e-01  1.5023000e+02]
 [ 9.9547738e-01  6.0443140e-02 -6.8478280e-02 -1.1682600e+03]
 [ 0.0000000e+00  0.0000000e+00  0.0000000e+00  1.0000000e+00]]
[-0091.22, +0123.62, -1133.37]
2000, 750, 1375
[[-7.6489320e-02  9.5351490e-01 -2.9073406e-01 -1.0100000e+01]
 [ 4.5971500e-02  2.9486670e-01  9.5428350e-01  1.5015000e+02]
 [ 9.9579294e-01  5.9830700e-02 -6.6244980e-02 -1.1683300e+03]
 [ 0.0000000e+00  0.0000000e+00  0.0000000e+00  1.0000000e+00]]
[-0094.77, +0129.71, -1129.28]
2000, 2250, 2125
[[-7.8401220e-02  9.5251338e-01 -2.9328702e-01 -1.0360000e+01]
 [ 4.7791020e-02  2.9772236e-01  9.5326622e-01  1.5038000e+02]
 [ 9.9549738e-01  6.0981380e-02 -6.8680420e-02 -1.1682800e+03]
 [ 0.0000000e+00  0.0000000e+00  0.0000000e+00  1.0000000e+00]]
[-0095.68, +0023.31, -1099.00]
2000, 2000, 2000
[[-7.7706180e-02  9.5301944e-01 -2.9207906e-01 -1.0250000e+01]
 [ 4.7653760e-02  2.9638320e-01  9.5374072e-01  1.5030000e+02]
 [ 9.9563314e-01  6.0383680e-02 -6.8311620e-02 -1.1682800e+03]
 [ 0.0000000e+00  0.0000000e+00  0.0000000e+00  1.0000000e+00]]
[-0097.15, +0047.60, -1092.33]
2000, 1750, 1875
[[-7.7154660e-02  9.5304562e-01 -2.9191416e-01 -1.0240000e+01]
 [ 4.7127660e-02  2.9621430e-01  9.5377408e-01  1.5027000e+02]
 [ 9.9563488e-01  6.0083760e-02 -6.7591200e-02 -1.1683100e+03]
 [ 0.0000000e+00  0.0000000e+00  0.0000000e+00  1.0000000e+00]]
[-0096.71, +0067.00, -1090.64]
2000, 1500, 1750
[[-7.6505680e-02  9.5326504e-01 -2.9197408e-01 -1.0200000e+01]
 [ 4.7054960e-02  2.9604984e-01  9.5394976e-01  1.5026000e+02]
 [ 9.9586592e-01  5.9330240e-02 -6.7444480e-02 -1.1683000e+03]
 [ 0.0000000e+00  0.0000000e+00  0.0000000e+00  1.0000000e+00]]
[-0095.96, +0084.97, -1093.47]
2000, 1250, 1625
[[-7.6843520e-02  9.5331072e-01 -2.9156736e-01 -1.0200000e+01]
 [ 4.7009280e-02  2.9571200e-01  9.5402304e-01  1.5024000e+02]
 [ 9.9579264e-01  5.9736960e-02 -6.7444480e-02 -1.1683000e+03]
 [ 0.0000000e+00  0.0000000e+00  0.0000000e+00  1.0000000e+00]]
[-0094.50, +0101.94, -1100.90]
1750, 1000, 1375
[[-7.6390900e-02  9.5346820e-01 -2.9112800e-01 -1.0130000e+01]
 [ 4.6184920e-02  2.9520494e-01  9.5421160e-01  1.5021000e+02]
 [ 9.9585344e-01  5.9592080e-02 -6.6484800e-02 -1.1683000e+03]
 [ 0.0000000e+00  0.0000000e+00  0.0000000e+00  1.0000000e+00]]
[-0096.49, +0106.40, -1093.04]
1750, 750, 1250
[[-7.5742240e-02  9.5355380e-01 -2.9074316e-01 -1.0080000e+01]
 [ 4.6485160e-02  2.9487366e-01  9.5424460e-01  1.5016000e+02]
 [ 9.9580900e-01  5.8981160e-02 -6.6505540e-02 -1.1682900e+03]
 [ 0.0000000e+00  0.0000000e+00  0.0000000e+00  1.0000000e+00]]
[-0096.51, +0124.91, -1108.75]
1750, 2250, 2000
[[-7.7271200e-02  9.5268672e-01 -2.9304864e-01 -1.0320000e+01]
 [ 4.7672640e-02  2.9739160e-01  9.5338008e-01  1.5037000e+02]
 [ 9.9559872e-01  5.9952240e-02 -6.8218640e-02 -1.1683100e+03]
 [ 0.0000000e+00  0.0000000e+00  0.0000000e+00  1.0000000e+00]]
[-0094.60, +0005.86, -1100.03]
1750, 2000, 1875
[[-7.6843520e-02  9.5315520e-01 -2.9185632e-01 -1.0200000e+01]
 [ 4.6684800e-02  2.9604536e-01  9.5389180e-01  1.5028000e+02]
 [ 9.9574368e-01  5.9868200e-02 -6.7111120e-02 -1.1683000e+03]
 [ 0.0000000e+00  0.0000000e+00  0.0000000e+00  1.0000000e+00]]
[-0095.89, +0028.07, -1088.29]
1750, 1750, 1750
[[-7.6096840e-02  9.5319434e-01 -2.9186570e-01 -1.0190000e+01]
 [ 4.7198900e-02  2.9605196e-01  9.5385266e-01  1.5027000e+02]
 [ 9.9575966e-01  5.9018500e-02 -6.7371240e-02 -1.1682900e+03]
 [ 0.0000000e+00  0.0000000e+00  0.0000000e+00  1.0000000e+00]]
[-0097.03, +0047.35, -1082.54]
1750, 1500, 1625
[[-7.6532580e-02  9.5321582e-01 -2.9147390e-01 -1.0170000e+01]
 [ 4.6530820e-02  2.9570972e-01  9.5395010e-01  1.5026000e+02]
 [ 9.9569690e-01  5.9711900e-02 -6.6797860e-02 -1.1683000e+03]
 [ 0.0000000e+00  0.0000000e+00  0.0000000e+00  1.0000000e+00]]
[-0096.34, +0066.86, -1080.69]
1500, 1250, 1375
[[-7.6151080e-02  9.5334948e-01 -2.9122512e-01 -1.0120000e+01]
 [ 4.5897120e-02  2.9537164e-01  9.5410308e-01  1.5021000e+02]
 [ 9.9578148e-01  5.9531520e-02 -6.6078280e-02 -1.1683000e+03]
 [ 0.0000000e+00  0.0000000e+00  0.0000000e+00  1.0000000e+00]]
[-0097.24, +0067.17, -1071.20]
1500, 1000, 1250
[[-7.5813000e-02  9.5352990e-01 -2.9093390e-01 -1.0090000e+01]
 [ 4.6675900e-02  2.9504268e-01  9.5420922e-01  1.5018000e+02]
 [ 9.9583290e-01  5.8945780e-02 -6.6745320e-02 -1.1682900e+03]
 [ 0.0000000e+00  0.0000000e+00  0.0000000e+00  1.0000000e+00]]
[-0097.69, +0090.44, -1075.49]
1500, 750, 1125
[[-7.6418720e-02  9.5353884e-01 -2.9054340e-01 -1.0080000e+01]
 [ 4.5780840e-02  2.9469752e-01  9.5431880e-01  1.5013000e+02]
 [ 9.9576900e-01  5.9866000e-02 -6.6005200e-02 -1.1683100e+03]
 [ 0.0000000e+00  0.0000000e+00  0.0000000e+00  1.0000000e+00]]
[-0098.17, +0112.91, -1086.67]
1500, 2250, 1875
[[-7.7439940e-02  9.5267388e-01 -2.9304974e-01 -1.0330000e+01]
 [ 4.7445240e-02  2.9738940e-01  9.5339292e-01  1.5039000e+02]
 [ 9.9559762e-01  6.0179640e-02 -6.8052100e-02 -1.1683000e+03]
 [ 0.0000000e+00  0.0000000e+00  0.0000000e+00  1.0000000e+00]]
[-0092.73, -0011.89, -1106.48]
1500, 2000, 1750
[[-7.6096840e-02  9.5315878e-01 -2.9207010e-01 -1.0190000e+01]
 [ 4.6994500e-02  2.9621870e-01  9.5382870e-01  1.5027000e+02]
 [ 9.9579522e-01  5.9042460e-02 -6.7204500e-02 -1.1682700e+03]
 [ 0.0000000e+00  0.0000000e+00  0.0000000e+00  1.0000000e+00]]
[-0095.11, +0009.30, -1088.52]
1500, 1750, 1625
[[-7.6363600e-02  9.5315752e-01 -2.9188164e-01 -1.0180000e+01]
 [ 4.6349200e-02  2.9604536e-01  9.5388948e-01  1.5026000e+02]
 [ 9.9576900e-01  5.9532600e-02 -6.6631200e-02 -1.1683100e+03]
 [ 0.0000000e+00  0.0000000e+00  0.0000000e+00  1.0000000e+00]]
[-0095.49, +0026.81, -1078.56]
1250, 1500, 1375
[[-7.5883840e-02  9.5347056e-01 -2.9132904e-01 -1.0110000e+01]
 [ 4.6662240e-02  2.9537848e-01  9.5414988e-01  1.5023000e+02]
 [ 9.9589224e-01  5.8934280e-02 -6.6818320e-02 -1.1682900e+03]
 [ 0.0000000e+00  0.0000000e+00  0.0000000e+00  1.0000000e+00]]
[-0096.63, +0022.43, -1069.76]
1250, 1250, 1250
[[-7.5982020e-02  9.5351732e-01 -2.9093500e-01 -1.0110000e+01]
 [ 4.6448680e-02  2.9504048e-01  9.5422180e-01  1.5022000e+02]
 [ 9.9583180e-01  5.9173000e-02 -6.6578500e-02 -1.1682900e+03]
 [ 0.0000000e+00  0.0000000e+00  0.0000000e+00  1.0000000e+00]]
[-0097.25, +0044.85, -1063.41]
1250, 1000, 1125
[[-7.6009800e-02  9.5360192e-01 -2.9087904e-01 -1.0070000e+01]
 [ 4.5551040e-02  2.9486670e-01  9.5436442e-01  1.5017000e+02]
 [ 9.9593792e-01  5.9411460e-02 -6.5765460e-02 -1.1683100e+03]
 [ 0.0000000e+00  0.0000000e+00  0.0000000e+00  1.0000000e+00]]
[-0097.98, +0070.02, -1062.20]
1250, 750, 1000
[[-7.5671560e-02  9.5381742e-01 -2.9038334e-01 -1.0020000e+01]
 [ 4.6534140e-02  2.9437084e-01  9.5449458e-01  1.5015000e+02]
 [ 9.9595418e-01  5.8801860e-02 -6.6599560e-02 -1.1682700e+03]
 [ 0.0000000e+00  0.0000000e+00  0.0000000e+00  1.0000000e+00]]
[-0098.87, +0095.97, -1067.85]
1250, 2250, 1750
[[-7.6765220e-02  9.5280954e-01 -2.9316570e-01 -1.0300000e+01]
 [ 4.8270540e-02  2.9739772e-01  9.5342490e-01  1.5039000e+02]
 [ 9.9572190e-01  5.9186700e-02 -6.8718500e-02 -1.1682800e+03]
 [ 0.0000000e+00  0.0000000e+00  0.0000000e+00  1.0000000e+00]]
[-0090.62, -0026.59, -1117.04]
1250, 2000, 1625
[[-7.6434600e-02  9.5320454e-01 -2.9166342e-01 -1.0150000e+01]
 [ 4.6948740e-02  2.9588094e-01  9.5390194e-01  1.5027000e+02]
 [ 9.9572198e-01  5.9449140e-02 -6.7204500e-02 -1.1682800e+03]
 [ 0.0000000e+00  0.0000000e+00  0.0000000e+00  1.0000000e+00]]
[-0093.54, -0011.14, -1094.95]
1000, 1750, 1375
[[-7.5982020e-02  9.5348194e-01 -2.9113942e-01 -1.0070000e+01]
 [ 4.6244260e-02  2.9520726e-01  9.5419786e-01  1.5024000e+02]
 [ 9.9586718e-01  5.9196940e-02 -6.6411720e-02 -1.1683100e+03]
 [ 0.0000000e+00  0.0000000e+00  0.0000000e+00  1.0000000e+00]]
[-0095.19, -0018.37, -1088.67]
1000, 1500, 1250
[[-7.6320180e-02  9.5337226e-01 -2.9102188e-01 -1.0060000e+01]
 [ 4.5874340e-02  2.9520254e-01  9.5413964e-01  1.5021000e+02]
 [ 9.9574492e-01  5.9734760e-02 -6.6078280e-02 -1.1683100e+03]
 [ 0.0000000e+00  0.0000000e+00  0.0000000e+00  1.0000000e+00]]
[-0096.39, -0002.62, -1072.91]
1000, 1250, 1125
[[-7.6009800e-02  9.5343276e-01 -2.9063932e-01 -1.0040000e+01]
 [ 4.5720200e-02  2.9486670e-01  9.5419770e-01  1.5020000e+02]
 [ 9.9569820e-01  5.9578180e-02 -6.5765460e-02 -1.1683100e+03]
 [ 0.0000000e+00  0.0000000e+00  0.0000000e+00  1.0000000e+00]]
[-0097.31, +0018.35, -1060.87]
1000, 1000, 1000
[[-7.6009800e-02  9.5370776e-01 -2.9026572e-01 -1.0000000e+01]
 [ 4.6164360e-02  2.9436636e-01  9.5443624e-01  1.5017000e+02]
 [ 9.9583208e-01  5.9339640e-02 -6.6265800e-02 -1.1682800e+03]
 [ 0.0000000e+00  0.0000000e+00  0.0000000e+00  1.0000000e+00]]
[-0098.67, +0043.96, -1053.77]
1000, 750, 875
[[-7.5220420e-02  9.5377036e-01 -2.8990806e-01 -9.9500000e+00]
 [ 4.5673960e-02  2.9403032e-01  9.5449188e-01  1.5012000e+02]
 [ 9.9581046e-01  5.8846920e-02 -6.5474100e-02 -1.1683100e+03]
 [ 0.0000000e+00  0.0000000e+00  0.0000000e+00  1.0000000e+00]]
[-0099.59, +0071.70, -1052.66]
750, 2000, 1375
[[-7.5856900e-02  9.5335088e-01 -2.9158954e-01 -1.0070000e+01]
 [ 4.7355440e-02  2.9571836e-01  9.5398288e-01  1.5027000e+02]
 [ 9.9582118e-01  5.8719440e-02 -6.7464900e-02 -1.1682700e+03]
 [ 0.0000000e+00  0.0000000e+00  0.0000000e+00  1.0000000e+00]]
[-0088.94, -0049.06, -1129.08]
750, 1750, 1250
[[-7.5600960e-02  9.5344648e-01 -2.9065064e-01 -9.9900000e+00]
 [ 4.5779440e-02  2.9486910e-01  9.5418398e-01  1.5021000e+02]
 [ 9.9571192e-01  5.9183060e-02 -6.5692500e-02 -1.1683400e+03]
 [ 0.0000000e+00  0.0000000e+00  0.0000000e+00  1.0000000e+00]]
[-0094.26, -0038.18, -1103.70]
750, 1500, 1125
[[-7.5121680e-02  9.5368844e-01 -2.9050644e-01 -9.9700000e+00]
 [ 4.5683160e-02  2.9453550e-01  9.5439638e-01  1.5018000e+02]
 [ 9.9590596e-01  5.8632420e-02 -6.5546820e-02 -1.1683300e+03]
 [ 0.0000000e+00  0.0000000e+00  0.0000000e+00  1.0000000e+00]]
[-0095.80, -0026.43, -1083.24]
750, 1250, 1000
[[-7.4501920e-02  9.5390792e-01 -2.9038896e-01 -9.9500000e+00]
 [ 4.4796320e-02  2.9419718e-01  9.5463126e-01  1.5016000e+02]
 [ 9.9612216e-01  5.8199940e-02 -6.4588740e-02 -1.1683200e+03]
 [ 0.0000000e+00  0.0000000e+00  0.0000000e+00  1.0000000e+00]]
[-0096.71, -0008.81, -1065.30]
750, 1000, 875
[[-7.4840400e-02  9.5391848e-01 -2.9018704e-01 -9.9100000e+00]
 [ 4.4546320e-02  2.9402552e-01  9.5467984e-01  1.5014000e+02]
 [ 9.9608464e-01  5.8630240e-02 -6.4421920e-02 -1.1683300e+03]
 [ 0.0000000e+00  0.0000000e+00  0.0000000e+00  1.0000000e+00]]
[-0098.80, +0015.38, -1051.68]
750, 750, 750
[[-7.4291560e-02  9.5405004e-01 -2.8940768e-01 -9.8400000e+00]
 [ 4.4632320e-02  2.9335564e-01  9.5478444e-01  1.5009000e+02]
 [ 9.9598004e-01  5.8257120e-02 -6.4204360e-02 -1.1683200e+03]
 [ 0.0000000e+00  0.0000000e+00  0.0000000e+00  1.0000000e+00]]
[-0100.01, +0043.09, -1044.07]
2250, 2250, 2250
[[-7.8544660e-02  9.5230924e-01 -2.9395682e-01 -1.0510000e+01]
 [ 4.7847080e-02  2.9839260e-01  9.5306324e-01  1.5044000e+02]
 [ 9.9549694e-01  6.1040920e-02 -6.8828500e-02 -1.1683200e+03]
 [ 0.0000000e+00  0.0000000e+00  0.0000000e+00  1.0000000e+00]]
[-0095.10, +0042.82, -1101.77]
2000, 2250, 2125
[[-7.7102500e-02  9.5266378e-01 -2.9325204e-01 -1.0330000e+01]
 [ 4.7695580e-02  2.9756030e-01  9.5334324e-01  1.5039000e+02]
 [ 9.9563556e-01  5.9748840e-02 -6.8218640e-02 -1.1683000e+03]
 [ 0.0000000e+00  0.0000000e+00  0.0000000e+00  1.0000000e+00]]
[-0092.62, +0021.45, -1098.80]
1750, 2250, 2000
[[-7.7225860e-02  9.5279476e-01 -2.9280268e-01 -1.0260000e+01]
 [ 4.6584680e-02  2.9704944e-01  9.5355916e-01  1.5037000e+02]
 [ 9.9568124e-01  6.0227480e-02 -6.7165060e-02 -1.1683100e+03]
 [ 0.0000000e+00  0.0000000e+00  0.0000000e+00  1.0000000e+00]]
[-0092.52, +0002.85, -1100.90]
1500, 2250, 1875
[[-7.6719400e-02  9.5283298e-01 -2.9279926e-01 -1.0240000e+01]
 [ 4.7266820e-02  2.9705628e-01  9.5352094e-01  1.5037000e+02]
 [ 9.9568466e-01  5.9545340e-02 -6.7664680e-02 -1.1682900e+03]
 [ 0.0000000e+00  0.0000000e+00  0.0000000e+00  1.0000000e+00]]
[-0089.44, -0011.70, -1105.91]
1250, 2250, 1750
[[-7.6479300e-02  9.5295410e-01 -2.9272760e-01 -1.0220000e+01]
 [ 4.7219180e-02  2.9688966e-01  9.5362720e-01  1.5037000e+02]
 [ 9.9578176e-01  5.9270320e-02 -6.7591200e-02 -1.1682800e+03]
 [ 0.0000000e+00  0.0000000e+00  0.0000000e+00  1.0000000e+00]]
[-0088.23, -0026.85, -1117.07]
1000, 2250, 1625
[[-7.6745700e-02  9.5295276e-01 -2.9253918e-01 -1.0160000e+01]
 [ 4.6573800e-02  2.9671640e-01  9.5368820e-01  1.5036000e+02]
 [ 9.9575550e-01  5.9760680e-02 -6.7017940e-02 -1.1683000e+03]
 [ 0.0000000e+00  0.0000000e+00  0.0000000e+00  1.0000000e+00]]
[-0086.76, -0038.92, -1131.30]
750, 2000, 1375
[[-7.509378e-02  9.534978e-01 -2.911758e-01 -1.001000e+01]
 [ 4.596780e-02  2.952095e-01  9.541820e-01  1.502300e+02]
 [ 9.959058e-01  5.846600e-02 -6.585928e-02 -1.168320e+03]
 [ 0.000000e+00  0.000000e+00  0.000000e+00  1.000000e+00]]
[-0090.80, -0044.84, -1125.95]
2250, 2000, 2125
[[-7.8232480e-02  9.5280260e-01 -2.9291260e-01 -1.0390000e+01]
 [ 4.8463400e-02  2.9722502e-01  9.5349160e-01  1.5033000e+02]
 [ 9.9563140e-01  6.0515600e-02 -6.9346500e-02 -1.1682500e+03]
 [ 0.0000000e+00  0.0000000e+00  0.0000000e+00  1.0000000e+00]]
[-0097.54, +0064.20, -1099.85]
2000, 2000, 2000
[[-7.7154660e-02  9.5301004e-01 -2.9211866e-01 -1.0230000e+01]
 [ 4.6923160e-02  2.9638092e-01  9.5375012e-01  1.5029000e+02]
 [ 9.9567046e-01  6.0107720e-02 -6.7424580e-02 -1.1682900e+03]
 [ 0.0000000e+00  0.0000000e+00  0.0000000e+00  1.0000000e+00]]
[-0097.51, +0042.38, -1092.19]
1750, 2000, 1875
[[-7.6025760e-02  9.5314724e-01 -2.9208380e-01 -1.0170000e+01]
 [ 4.6599400e-02  2.9621654e-01  9.5384024e-01  1.5027000e+02]
 [ 9.9580676e-01  5.9102000e-02 -6.6797860e-02 -1.1683000e+03]
 [ 0.0000000e+00  0.0000000e+00  0.0000000e+00  1.0000000e+00]]
[-0096.68, +0022.50, -1089.08]
1500, 2000, 1750
[[-7.6532580e-02  9.5318036e-01 -2.9167836e-01 -1.0150000e+01]
 [ 4.6326360e-02  2.9587638e-01  9.5392612e-01  1.5028000e+02]
 [ 9.9573236e-01  5.9735880e-02 -6.6631200e-02 -1.1683000e+03]
 [ 0.0000000e+00  0.0000000e+00  0.0000000e+00  1.0000000e+00]]
[-0095.01, +0004.77, -1090.08]
1250, 2000, 1625
[[-7.5475080e-02  9.5329340e-01 -2.9183372e-01 -1.0120000e+01]
 [ 4.6193000e-02  2.9588094e-01  9.5398090e-01  1.5027000e+02]
 [ 9.9589228e-01  5.8694500e-02 -6.6244980e-02 -1.1683000e+03]
 [ 0.0000000e+00  0.0000000e+00  0.0000000e+00  1.0000000e+00]]
[-0092.61, -0013.72, -1096.43]
1000, 1750, 1375
[[-7.6390900e-02  9.5334828e-01 -2.9121254e-01 -1.0080000e+01]
 [ 4.6065000e-02  2.9537164e-01  9.5410428e-01  1.5022000e+02]
 [ 9.9576890e-01  5.9699400e-02 -6.6318100e-02 -1.1683200e+03]
 [ 0.0000000e+00  0.0000000e+00  0.0000000e+00  1.0000000e+00]]
[-0095.18, -0018.75, -1089.01]
750, 1750, 1250
[[-7.5262800e-02  9.5352068e-01 -2.9097256e-01 -9.9700000e+00]
 [ 4.5944920e-02  2.9504048e-01  9.5421844e-01  1.5021000e+02]
 [ 9.9586936e-01  5.8669240e-02 -6.5859280e-02 -1.1683000e+03]
 [ 0.0000000e+00  0.0000000e+00  0.0000000e+00  1.0000000e+00]]
[-0093.73, -0038.44, -1103.97]
2250, 1750, 2000
[[-7.8498440e-02  9.5283630e-01 -2.9251974e-01 -1.0370000e+01]
 [ 4.8022740e-02  2.9688526e-01  9.5357730e-01  1.5030000e+02]
 [ 9.9556950e-01  6.0982260e-02 -6.8939540e-02 -1.1683000e+03]
 [ 0.0000000e+00  0.0000000e+00  0.0000000e+00  1.0000000e+00]]
[-0097.16, +0081.91, -1102.09]
2000, 1750, 1875
[[-7.6745700e-02  9.5314394e-01 -2.9204582e-01 -1.0200000e+01]
 [ 4.7102740e-02  2.9621654e-01  9.5384354e-01  1.5028000e+02]
 [ 9.9576878e-01  5.9605340e-02 -6.7517800e-02 -1.1683100e+03]
 [ 0.0000000e+00  0.0000000e+00  0.0000000e+00  1.0000000e+00]]
[-0097.55, +0060.98, -1089.53]
1750, 1750, 1750
[[-7.5856900e-02  9.5319538e-01 -2.9187834e-01 -1.0160000e+01]
 [ 4.7031100e-02  2.9605196e-01  9.5385162e-01  1.5025000e+02]
 [ 9.9577230e-01  5.8850700e-02 -6.7131300e-02 -1.1682800e+03]
 [ 0.0000000e+00  0.0000000e+00  0.0000000e+00  1.0000000e+00]]
[-0097.93, +0041.56, -1082.36]
1500, 1750, 1625
[[-7.6025760e-02  9.5321828e-01 -2.9167500e-01 -1.0140000e+01]
 [ 4.7008200e-02  2.9588310e-01  9.5388820e-01  1.5025000e+02]
 [ 9.9573572e-01  5.9054040e-02 -6.7131300e-02 -1.1683000e+03]
 [ 0.0000000e+00  0.0000000e+00  0.0000000e+00  1.0000000e+00]]
[-0096.27, +0022.52, -1079.19]
1250, 1500, 1375
[[-7.5813000e-02  9.5345910e-01 -2.9134270e-01 -1.0100000e+01]
 [ 4.6267100e-02  2.9537628e-01  9.5416134e-01  1.5022000e+02]
 [ 9.9590370e-01  5.8993660e-02 -6.6411720e-02 -1.1683000e+03]
 [ 0.0000000e+00  0.0000000e+00  0.0000000e+00  1.0000000e+00]]
[-0097.00, +0021.51, -1069.97]
1000, 1500, 1250
[[-7.5982020e-02  9.5348194e-01 -2.9113942e-01 -1.0040000e+01]
 [ 4.6244260e-02  2.9520726e-01  9.5419786e-01  1.5022000e+02]
 [ 9.9586718e-01  5.9196940e-02 -6.6411720e-02 -1.1682900e+03]
 [ 0.0000000e+00  0.0000000e+00  0.0000000e+00  1.0000000e+00]]
[-0096.17, -0002.63, -1072.79]
750, 1500, 1125
[[-7.4403060e-02  9.5365668e-01 -2.9074782e-01 -9.9600000e+00]
 [ 4.4974920e-02  2.9470232e-01  9.5436892e-01  1.5019000e+02]
 [ 9.9597822e-01  5.8152520e-02 -6.4661380e-02 -1.1683000e+03]
 [ 0.0000000e+00  0.0000000e+00  0.0000000e+00  1.0000000e+00]]
[-0095.55, -0026.69, -1083.34]
2250, 1500, 1875
[[-7.7342760e-02  9.5301040e-01 -2.9245708e-01 -1.0340000e+01]
 [ 4.8716920e-02  2.9672700e-01  9.5363056e-01  1.5028000e+02]
 [ 9.9568400e-01  5.9630200e-02 -6.9292200e-02 -1.1682500e+03]
 [ 0.0000000e+00  0.0000000e+00  0.0000000e+00  1.0000000e+00]]
[-0095.64, +0098.12, -1108.73]
2000, 1500, 1750
[[-7.6194660e-02  9.5332560e-01 -2.9159162e-01 -1.0170000e+01]
 [ 4.6900880e-02  2.9571420e-01  9.5400816e-01  1.5025000e+02]
 [ 9.9581910e-01  5.9174000e-02 -6.7131300e-02 -1.1682900e+03]
 [ 0.0000000e+00  0.0000000e+00  0.0000000e+00  1.0000000e+00]]
[-0097.32, +0079.83, -1091.66]
1750, 1500, 1625
[[-7.5856900e-02  9.5323092e-01 -2.9167396e-01 -1.0150000e+01]
 [ 4.7235480e-02  2.9588518e-01  9.5387556e-01  1.5025000e+02]
 [ 9.9573676e-01  5.8826760e-02 -6.7298080e-02 -1.1682600e+03]
 [ 0.0000000e+00  0.0000000e+00  0.0000000e+00  1.0000000e+00]]
[-0096.66, +0064.06, -1080.30]
1500, 1250, 1375
[[-7.581300e-02  9.534945e-01 -2.911383e-01 -1.009000e+01]
 [ 4.647150e-02  2.952095e-01  9.541853e-01  1.502100e+02]
 [ 9.958683e-01  5.896970e-02 -6.657850e-02 -1.168290e+03]
 [ 0.000000e+00  0.000000e+00  0.000000e+00  1.000000e+00]]
[-0096.84, +0066.79, -1071.13]
1250, 1250, 1250
[[-7.5883840e-02  9.5354144e-01 -2.9092024e-01 -1.0060000e+01]
 [ 4.7071040e-02  2.9504480e-01  9.5419768e-01  1.5020000e+02]
 [ 9.9582136e-01  5.8886480e-02 -6.7152000e-02 -1.1682800e+03]
 [ 0.0000000e+00  0.0000000e+00  0.0000000e+00  1.0000000e+00]]
[-0097.36, +0044.40, -1063.42]
1000, 1250, 1125
[[-7.5671560e-02  9.5354238e-01 -2.9075682e-01 -1.0010000e+01]
 [ 4.6090020e-02  2.9487142e-01  9.5425602e-01  1.5021000e+02]
 [ 9.9582042e-01  5.9040420e-02 -6.6098980e-02 -1.1682900e+03]
 [ 0.0000000e+00  0.0000000e+00  0.0000000e+00  1.0000000e+00]]
[-0097.34, +0018.49, -1060.82]
750, 1250, 1000
[[-7.5290820e-02  9.5367602e-01 -2.9050760e-01 -9.9400000e+00]
 [ 4.5455980e-02  2.9453318e-01  9.5440880e-01  1.5015000e+02]
 [ 9.9590480e-01  5.8859600e-02 -6.5380000e-02 -1.1683000e+03]
 [ 0.0000000e+00  0.0000000e+00  0.0000000e+00  1.0000000e+00]]
[-0096.96, -0008.73, -1065.20]
2250, 1250, 1750
[[-7.8570000e-02  9.5291980e-01 -2.9209640e-01 -1.0330000e+01]
 [ 4.8827000e-02  2.9655422e-01  9.5361304e-01  1.5027000e+02]
 [ 9.9548600e-01  6.0874960e-02 -6.9679780e-02 -1.1682600e+03]
 [ 0.0000000e+00  0.0000000e+00  0.0000000e+00  1.0000000e+00]]
[-0094.19, +0111.87, -1119.01]
2000, 1250, 1625
[[-7.6674580e-02  9.5335898e-01 -2.9136180e-01 -1.0160000e+01]
 [ 4.7441020e-02  2.9554742e-01  9.5403420e-01  1.5023000e+02]
 [ 9.9575820e-01  5.9485800e-02 -6.7778000e-02 -1.1682700e+03]
 [ 0.0000000e+00  0.0000000e+00  0.0000000e+00  1.0000000e+00]]
[-0096.27, +0098.63, -1099.01]
1750, 1000, 1375
[[-7.5573220e-02  9.5341110e-01 -2.9103096e-01 -1.0110000e+01]
 [ 4.6388100e-02  2.9520950e-01  9.5410080e-01  1.5019000e+02]
 [ 9.9576096e-01  5.8885200e-02 -6.6338720e-02 -1.1682900e+03]
 [ 0.0000000e+00  0.0000000e+00  0.0000000e+00  1.0000000e+00]]
[-0096.80, +0105.52, -1092.27]
1500, 1000, 1250
[[-7.6080400e-02  9.5349336e-01 -2.9094988e-01 -1.0070000e+01]
 [ 4.5826320e-02  2.9503584e-01  9.5424576e-01  1.5018000e+02]
 [ 9.9584204e-01  5.9459520e-02 -6.6005200e-02 -1.1683100e+03]
 [ 0.0000000e+00  0.0000000e+00  0.0000000e+00  1.0000000e+00]]
[-0097.85, +0090.41, -1075.57]
1250, 1000, 1125
[[-7.5840660e-02  9.5344530e-01 -2.9063812e-01 -1.0060000e+01]
 [ 4.5947380e-02  2.9486910e-01  9.5418516e-01  1.5017000e+02]
 [ 9.9569940e-01  5.9351000e-02 -6.5932200e-02 -1.1683000e+03]
 [ 0.0000000e+00  0.0000000e+00  0.0000000e+00  1.0000000e+00]]
[-0098.26, +0069.99, -1062.20]
1000, 1000, 1000
[[-7.5192200e-02  9.5361522e-01 -2.9037306e-01 -9.9900000e+00]
 [ 4.6162860e-02  2.9453774e-01  9.5430162e-01  1.5014000e+02]
 [ 9.9577482e-01  5.8656660e-02 -6.5953300e-02 -1.1683000e+03]
 [ 0.0000000e+00  0.0000000e+00  0.0000000e+00  1.0000000e+00]]
[-0098.73, +0044.30, -1053.82]
750, 1000, 875
[[-7.4332740e-02  9.5387074e-01 -2.9006378e-01 -9.9000000e+00]
 [ 4.5312380e-02  2.9403260e-01  9.5455954e-01  1.5014000e+02]
 [ 9.9596846e-01  5.8032220e-02 -6.4922500e-02 -1.1683000e+03]
 [ 0.0000000e+00  0.0000000e+00  0.0000000e+00  1.0000000e+00]]
[-0098.96, +0015.43, -1051.65]
2000, 750, 1375
[[-7.6772520e-02  9.5340560e-01 -2.9096776e-01 -1.0160000e+01]
 [ 4.7227600e-02  2.9520950e-01  9.5410630e-01  1.5019000e+02]
 [ 9.9569776e-01  5.9724700e-02 -6.7538020e-02 -1.1682900e+03]
 [ 0.0000000e+00  0.0000000e+00  0.0000000e+00  1.0000000e+00]]
[-0092.94, +0134.26, -1134.32]
1750, 750, 1250
[[-7.5262800e-02  9.5359132e-01 -2.9056384e-01 -1.0040000e+01]
 [ 4.6353640e-02  2.9470680e-01  9.5426632e-01  1.5014000e+02]
 [ 9.9579872e-01  5.8621360e-02 -6.6192960e-02 -1.1682800e+03]
 [ 0.0000000e+00  0.0000000e+00  0.0000000e+00  1.0000000e+00]]
[-0097.01, +0123.75, -1107.23]
1500, 750, 1125
[[-7.5600960e-02  9.5372144e-01 -2.9027712e-01 -1.0030000e+01]
 [ 4.6223520e-02  2.9436864e-01  9.5442256e-01  1.5013000e+02]
 [ 9.9584576e-01  5.8944480e-02 -6.6192960e-02 -1.1682900e+03]
 [ 0.0000000e+00  0.0000000e+00  0.0000000e+00  1.0000000e+00]]
[-0098.14, +0112.93, -1086.88]
1250, 750, 1000
[[-7.5121680e-02  9.5384348e-01 -2.9021752e-01 -9.9800000e+00]
 [ 4.6007320e-02  2.9420174e-01  9.5452768e-01  1.5013000e+02]
 [ 9.9595528e-01  5.8501120e-02 -6.5880580e-02 -1.1683100e+03]
 [ 0.0000000e+00  0.0000000e+00  0.0000000e+00  1.0000000e+00]]
[-0098.37, +0095.73, -1067.72]
1000, 750, 875
[[-7.4572200e-02  9.5390478e-01 -2.8984714e-01 -9.9300000e+00]
 [ 4.5684740e-02  2.9386566e-01  9.5458458e-01  1.5011000e+02]
 [ 9.9592098e-01  5.8176340e-02 -6.5328900e-02 -1.1683000e+03]
 [ 0.0000000e+00  0.0000000e+00  0.0000000e+00  1.0000000e+00]]
[-0099.50, +0071.89, -1052.77]
750, 750, 750
[[-7.3813000e-02  9.5405244e-01 -2.8943208e-01 -9.8600000e+00]
 [ 4.4296080e-02  2.9335564e-01  9.5478204e-01  1.5007000e+02]
 [ 9.9600444e-01  5.7920880e-02 -6.3725800e-02 -1.1683200e+03]
 [ 0.0000000e+00  0.0000000e+00  0.0000000e+00  1.0000000e+00]]
[-0100.15, +0042.99, -1044.06]
2250, 2250, 2250
[[-7.9338240e-02  9.5228176e-01 -2.9410800e-01 -1.0510000e+01]
 [ 4.8540000e-02  2.9856126e-01  9.5303074e-01  1.5044000e+02]
 [ 9.9548176e-01  6.1507500e-02 -6.9790740e-02 -1.1682800e+03]
 [ 0.0000000e+00  0.0000000e+00  0.0000000e+00  1.0000000e+00]]
[-0094.93, +0043.01, -1101.61]
2000, 2125, 2250
[[-7.7537320e-02  9.5276950e-01 -2.9298046e-01 -1.0330000e+01]
 [ 4.6942900e-02  2.9721830e-01  9.5352470e-01  1.5031000e+02]
 [ 9.9569254e-01  6.0359500e-02 -6.7645380e-02 -1.1683200e+03]
 [ 0.0000000e+00  0.0000000e+00  0.0000000e+00  1.0000000e+00]]
[-0114.32, +0034.26, -1101.62]
1750, 2000, 2250
[[-7.6381960e-02  9.5297852e-01 -2.9271284e-01 -1.0300000e+01]
 [ 4.7841640e-02  2.9689374e-01  9.5360278e-01  1.5029000e+02]
 [ 9.9577108e-01  5.8983260e-02 -6.8164660e-02 -1.1682900e+03]
 [ 0.0000000e+00  0.0000000e+00  0.0000000e+00  1.0000000e+00]]
[-0130.01, +0023.65, -1106.00]
1500, 1875, 2250
[[-7.6888180e-02  9.5294030e-01 -2.9271596e-01 -1.0300000e+01]
 [ 4.7159500e-02  2.9688750e-01  9.5364100e-01  1.5029000e+02]
 [ 9.9576796e-01  5.9665400e-02 -6.7664680e-02 -1.1682900e+03]
 [ 0.0000000e+00  0.0000000e+00  0.0000000e+00  1.0000000e+00]]
[-0142.13, +0016.92, -1113.01]
1250, 1750, 2250
[[-7.6888180e-02  9.5294030e-01 -2.9271596e-01 -1.0280000e+01]
 [ 4.7159500e-02  2.9688750e-01  9.5364100e-01  1.5028000e+02]
 [ 9.9576796e-01  5.9665400e-02 -6.7664680e-02 -1.1682900e+03]
 [ 0.0000000e+00  0.0000000e+00  0.0000000e+00  1.0000000e+00]]
[-0153.20, +0008.19, -1125.38]
1000, 1625, 2250
[[-7.5954760e-02  9.5310030e-01 -2.9230190e-01 -1.0200000e+01]
 [ 4.5999900e-02  2.9638092e-01  9.5382762e-01  1.5025000e+02]
 [ 9.9585370e-01  5.9185620e-02 -6.6224680e-02 -1.1683300e+03]
 [ 0.0000000e+00  0.0000000e+00  0.0000000e+00  1.0000000e+00]]
[-0160.65, +0000.76, -1140.69]
750, 1375, 2000
[[-7.5911300e-02  9.5350590e-01 -2.9094870e-01 -1.0040000e+01]
 [ 4.6053540e-02  2.9503820e-01  9.5423322e-01  1.5019000e+02]
 [ 9.9584322e-01  5.9232300e-02 -6.6171940e-02 -1.1683200e+03]
 [ 0.0000000e+00  0.0000000e+00  0.0000000e+00  1.0000000e+00]]
[-0165.49, -0005.67, -1137.48]
2250, 2125, 2000
[[-7.8498440e-02  9.5264460e-01 -2.9301336e-01 -1.0320000e+01]
 [ 4.7493360e-02  2.9738476e-01  9.5342220e-01  1.5037000e+02]
 [ 9.9555660e-01  6.1137360e-02 -6.8440040e-02 -1.1682800e+03]
 [ 0.0000000e+00  0.0000000e+00  0.0000000e+00  1.0000000e+00]]
[-0078.20, +0052.71, -1097.25]
2000, 2000, 2000
[[-7.6239240e-02  9.5321774e-01 -2.9183830e-01 -1.0210000e+01]
 [ 4.7989100e-02  2.9605596e-01  9.5382926e-01  1.5029000e+02]
 [ 9.9573626e-01  5.8899500e-02 -6.8184840e-02 -1.1682700e+03]
 [ 0.0000000e+00  0.0000000e+00  0.0000000e+00  1.0000000e+00]]
[-0098.19, +0042.07, -1092.28]
1750, 1875, 2000
[[-7.6336820e-02  9.5315772e-01 -2.9205744e-01 -1.0180000e+01]
 [ 4.7162280e-02  2.9621870e-01  9.5382976e-01  1.5026000e+02]
 [ 9.9578256e-01  5.9210240e-02 -6.7444480e-02 -1.1682900e+03]
 [ 0.0000000e+00  0.0000000e+00  0.0000000e+00  1.0000000e+00]]
[-0115.99, +0032.18, -1092.14]
1500, 1750, 2000
[[-7.6194660e-02  9.5325460e-01 -2.9200046e-01 -1.0180000e+01]
 [ 4.6492040e-02  2.9604764e-01  9.5396020e-01  1.5026000e+02]
 [ 9.9589010e-01  5.9221960e-02 -6.6797860e-02 -1.1683000e+03]
 [ 0.0000000e+00  0.0000000e+00  0.0000000e+00  1.0000000e+00]]
[-0131.14, +0023.58, -1095.89]
1250, 1625, 2000
[[-7.6025760e-02  9.5318276e-01 -2.9187940e-01 -1.0170000e+01]
 [ 4.6803800e-02  2.9604984e-01  9.5386424e-01  1.5023000e+02]
 [ 9.9577124e-01  5.9078000e-02 -6.6964560e-02 -1.1682900e+03]
 [ 0.0000000e+00  0.0000000e+00  0.0000000e+00  1.0000000e+00]]
[-0145.04, +0012.94, -1104.75]
1000, 1375, 1750
[[-7.5813000e-02  9.5345910e-01 -2.9134270e-01 -1.0090000e+01]
 [ 4.6267100e-02  2.9537628e-01  9.5416134e-01  1.5020000e+02]
 [ 9.9590370e-01  5.8993660e-02 -6.6411720e-02 -1.1683100e+03]
 [ 0.0000000e+00  0.0000000e+00  0.0000000e+00  1.0000000e+00]]
[-0148.43, +0008.76, -1096.83]
750, 1250, 1750
[[-7.5600960e-02  9.5353104e-01 -2.9077048e-01 -1.0010000e+01]
 [ 4.5694880e-02  2.9486910e-01  9.5426736e-01  1.5018000e+02]
 [ 9.9583176e-01  5.9099680e-02 -6.5692500e-02 -1.1683000e+03]
 [ 0.0000000e+00  0.0000000e+00  0.0000000e+00  1.0000000e+00]]
[-0162.31, -0002.88, -1113.68]
2250, 2000, 1750
[[-7.7439940e-02  9.5270962e-01 -2.9284524e-01 -1.0290000e+01]
 [ 4.7649740e-02  2.9722286e-01  9.5341692e-01  1.5036000e+02]
 [ 9.9556188e-01  6.0155640e-02 -6.8218640e-02 -1.1682900e+03]
 [ 0.0000000e+00  0.0000000e+00  0.0000000e+00  1.0000000e+00]]
[-0062.11, +0062.71, -1097.67]
2000, 1875, 1750
[[-7.6408020e-02  9.5308498e-01 -2.9192368e-01 -1.0190000e+01]
 [ 4.7641780e-02  2.9622078e-01  9.5373472e-01  1.5027000e+02]
 [ 9.9565088e-01  5.9234080e-02 -6.7851240e-02 -1.1682700e+03]
 [ 0.0000000e+00  0.0000000e+00  0.0000000e+00  1.0000000e+00]]
[-0082.29, +0052.56, -1087.69]
1750, 1750, 1750
[[-7.6096840e-02  9.5310992e-01 -2.9174572e-01 -1.0160000e+01]
 [ 4.7283320e-02  2.9605196e-01  9.5376928e-01  1.5024000e+02]
 [ 9.9563968e-01  5.9101880e-02 -6.7371240e-02 -1.1683000e+03]
 [ 0.0000000e+00  0.0000000e+00  0.0000000e+00  1.0000000e+00]]
[-0100.01, +0042.70, -1082.68]
1500, 1625, 1750
[[-7.6505680e-02  9.5321616e-01 -2.9164964e-01 -1.0150000e+01]
 [ 4.7343840e-02  2.9588310e-01  9.5389032e-01  1.5025000e+02]
 [ 9.9571036e-01  5.9389680e-02 -6.7611220e-02 -1.1682700e+03]
 [ 0.0000000e+00  0.0000000e+00  0.0000000e+00  1.0000000e+00]]
[-0115.87, +0032.53, -1082.05]
1250, 1375, 1500
[[-7.5573220e-02  9.5346022e-01 -2.9135522e-01 -1.0080000e+01]
 [ 4.6099220e-02  2.9537628e-01  9.5416022e-01  1.5022000e+02]
 [ 9.9591622e-01  5.8825780e-02 -6.6171940e-02 -1.1683200e+03]
 [ 0.0000000e+00  0.0000000e+00  0.0000000e+00  1.0000000e+00]]
[-0115.37, +0031.71, -1071.99]
1000, 1250, 1500
[[-7.5573220e-02  9.5349560e-01 -2.9115084e-01 -1.0040000e+01]
 [ 4.6303600e-02  2.9520950e-01  9.5418420e-01  1.5019000e+02]
 [ 9.9588084e-01  5.8801800e-02 -6.6338720e-02 -1.1682900e+03]
 [ 0.0000000e+00  0.0000000e+00  0.0000000e+00  1.0000000e+00]]
[-0135.00, +0017.87, -1077.47]
750, 1125, 1500
[[-7.5290820e-02  9.5364080e-01 -2.9071198e-01 -9.9900000e+00]
 [ 4.5251600e-02  2.9469996e-01  9.5438480e-01  1.5015000e+02]
 [ 9.9594002e-01  5.8883600e-02 -6.5213220e-02 -1.1683400e+03]
 [ 0.0000000e+00  0.0000000e+00  0.0000000e+00  1.0000000e+00]]
[-0153.28, +0003.74, -1090.02]
2250, 1875, 1500
[[-7.7537320e-02  9.5296096e-01 -2.9248700e-01 -1.0260000e+01]
 [ 4.7472040e-02  2.9671868e-01  9.5368000e-01  1.5035000e+02]
 [ 9.9570560e-01  6.0204200e-02 -6.8145000e-02 -1.1683000e+03]
 [ 0.0000000e+00  0.0000000e+00  0.0000000e+00  1.0000000e+00]]
[-0046.50, +0072.07, -1102.90]
2000, 1750, 1500
[[-7.6505680e-02  9.5321616e-01 -2.9164964e-01 -1.0160000e+01]
 [ 4.7343840e-02  2.9588310e-01  9.5389032e-01  1.5027000e+02]
 [ 9.9571036e-01  5.9389680e-02 -6.7611220e-02 -1.1682700e+03]
 [ 0.0000000e+00  0.0000000e+00  0.0000000e+00  1.0000000e+00]]
[-0063.59, +0063.18, -1088.23]
1750, 1625, 1500
[[-7.6505680e-02  9.5321616e-01 -2.9164964e-01 -1.0150000e+01]
 [ 4.7343840e-02  2.9588310e-01  9.5389032e-01  1.5025000e+02]
 [ 9.9571036e-01  5.9389680e-02 -6.7611220e-02 -1.1682700e+03]
 [ 0.0000000e+00  0.0000000e+00  0.0000000e+00  1.0000000e+00]]
[-0079.60, +0054.02, -1078.28]
1500, 1375, 1250
[[-7.581300e-02  9.534945e-01 -2.911383e-01 -1.007000e+01]
 [ 4.647150e-02  2.952095e-01  9.541853e-01  1.502300e+02]
 [ 9.958683e-01  5.896970e-02 -6.657850e-02 -1.168300e+03]
 [ 0.000000e+00  0.000000e+00  0.000000e+00  1.000000e+00]]
[-0077.56, +0055.73, -1069.31]
1250, 1250, 1250
[[-7.5262800e-02  9.5352068e-01 -2.9097256e-01 -9.9800000e+00]
 [ 4.5944920e-02  2.9504048e-01  9.5421844e-01  1.5015000e+02]
 [ 9.9586936e-01  5.8669240e-02 -6.5859280e-02 -1.1682800e+03]
 [ 0.0000000e+00  0.0000000e+00  0.0000000e+00  1.0000000e+00]]
[-0097.16, +0044.18, -1063.31]
1000, 1125, 1250
[[-7.5192200e-02  9.5366448e-01 -2.9069724e-01 -9.8900000e+00]
 [ 4.5873960e-02  2.9470460e-01  9.5436112e-01  1.5013000e+02]
 [ 9.9592992e-01  5.8597160e-02 -6.5786440e-02 -1.1682700e+03]
 [ 0.0000000e+00  0.0000000e+00  0.0000000e+00  1.0000000e+00]]
[-0118.67, +0029.60, -1063.34]
750, 1000, 1250
[[-7.5361300e-02  9.5372256e-01 -2.9028962e-01 -9.9400000e+00]
 [ 4.6055520e-02  2.9436864e-01  9.5442144e-01  1.5015000e+02]
 [ 9.9585826e-01  5.8776480e-02 -6.5953300e-02 -1.1683000e+03]
 [ 0.0000000e+00  0.0000000e+00  0.0000000e+00  1.0000000e+00]]
[-0140.75, +0014.74, -1070.51]
2250, 1750, 1250
[[-7.7466000e-02  9.5302056e-01 -2.9209192e-01 -1.0240000e+01]
 [ 4.7486000e-02  2.9638320e-01  9.5373960e-01  1.5033000e+02]
 [ 9.9564600e-01  6.0215920e-02 -6.8071440e-02 -1.1683100e+03]
 [ 0.0000000e+00  0.0000000e+00  0.0000000e+00  1.0000000e+00]]
[-0034.19, +0080.33, -1111.84]
2000, 1625, 1250
[[-7.6265700e-02  9.5325276e-01 -2.9145792e-01 -1.0110000e+01]
 [ 4.7380440e-02  2.9571632e-01  9.5391316e-01  1.5024000e+02]
 [ 9.9568752e-01  5.9197960e-02 -6.7538020e-02 -1.1682800e+03]
 [ 0.0000000e+00  0.0000000e+00  0.0000000e+00  1.0000000e+00]]
[-0047.22, +0073.10, -1093.58]
1750, 1375, 1000
[[-7.5742240e-02  9.5351844e-01 -2.9094756e-01 -1.0060000e+01]
 [ 4.6280760e-02  2.9504048e-01  9.5422068e-01  1.5021000e+02]
 [ 9.9584436e-01  5.9005080e-02 -6.6338720e-02 -1.1683300e+03]
 [ 0.0000000e+00  0.0000000e+00  0.0000000e+00  1.0000000e+00]]
[-0042.16, +0075.08, -1085.85]
1500, 1250, 1000
[[-7.5883840e-02  9.5357688e-01 -2.9071584e-01 -1.0050000e+01]
 [ 4.7275440e-02  2.9487790e-01  9.5422152e-01  1.5019000e+02]
 [ 9.9578592e-01  5.8862640e-02 -6.7318900e-02 -1.1682600e+03]
 [ 0.0000000e+00  0.0000000e+00  0.0000000e+00  1.0000000e+00]]
[-0057.32, +0067.82, -1071.06]
1250, 1125, 1000
[[-7.5671560e-02  9.5357770e-01 -2.9055242e-01 -1.0030000e+01]
 [ 4.6294420e-02  2.9470460e-01  9.5427994e-01  1.5019000e+02]
 [ 9.9578510e-01  5.9016500e-02 -6.6265800e-02 -1.1683100e+03]
 [ 0.0000000e+00  0.0000000e+00  0.0000000e+00  1.0000000e+00]]
[-0075.81, +0057.40, -1060.10]
1000, 1000, 1000
[[-7.4952580e-02  9.5370086e-01 -2.9050532e-01 -9.9700000e+00]
 [ 4.5910340e-02  2.9453774e-01  9.5438396e-01  1.5016000e+02]
 [ 9.9590708e-01  5.8405240e-02 -6.5713680e-02 -1.1683000e+03]
 [ 0.0000000e+00  0.0000000e+00  0.0000000e+00  1.0000000e+00]]
[-0098.94, +0044.41, -1053.82]
750, 875, 1000
[[-7.4741380e-02  9.5397702e-01 -2.8996800e-01 -9.9200000e+00]
 [ 4.5373020e-02  2.9386342e-01  9.5468040e-01  1.5012000e+02]
 [ 9.9603960e-01  5.8320000e-02 -6.5161960e-02 -1.1683100e+03]
 [ 0.0000000e+00  0.0000000e+00  0.0000000e+00  1.0000000e+00]]
[-0122.84, +0028.19, -1054.64]
2000, 1375, 750
[[-7.6461700e-02  9.5347966e-01 -2.9111422e-01 -1.0100000e+01]
 [ 4.6580060e-02  2.9520726e-01  9.5420014e-01  1.5023000e+02]
 [ 9.9584198e-01  5.9532740e-02 -6.6891400e-02 -1.1683200e+03]
 [ 0.0000000e+00  0.0000000e+00  0.0000000e+00  1.0000000e+00]]
[-0013.12, +0090.93, -1124.66]
1750, 1250, 750
[[-7.5939280e-02  9.5369640e-01 -2.9027944e-01 -9.9900000e+00]
 [ 4.5769200e-02  2.9436400e-01  9.5444760e-01  1.5019000e+02]
 [ 9.9584344e-01  5.9398800e-02 -6.5859280e-02 -1.1683300e+03]
 [ 0.0000000e+00  0.0000000e+00  0.0000000e+00  1.0000000e+00]]
[-0024.42, +0084.33, -1098.51]
1500, 1125, 750
[[-7.6108500e-02  9.5380372e-01 -2.9019604e-01 -9.9900000e+00]
 [ 4.5661880e-02  2.9419478e-01  9.5456744e-01  1.5018000e+02]
 [ 9.9592684e-01  5.9518640e-02 -6.5859280e-02 -1.1683200e+03]
 [ 0.0000000e+00  0.0000000e+00  0.0000000e+00  1.0000000e+00]]
[-0036.41, +0078.97, -1079.50]
1250, 1000, 750
[[-7.5220420e-02  9.5381978e-01 -2.9023222e-01 -9.9400000e+00]
 [ 4.5384980e-02  2.9419718e-01  9.5455138e-01  1.5013000e+02]
 [ 9.9596542e-01  5.8787420e-02 -6.5307240e-02 -1.1683000e+03]
 [ 0.0000000e+00  0.0000000e+00  0.0000000e+00  1.0000000e+00]]
[-0053.73, +0071.07, -1062.76]
1000, 875, 750
[[-7.5051240e-02  9.5390258e-01 -2.8982234e-01 -9.9100000e+00]
 [ 4.6020860e-02  2.9386566e-01  9.5458678e-01  1.5009000e+02]
 [ 9.9589618e-01  5.8512460e-02 -6.5807940e-02 -1.1682800e+03]
 [ 0.0000000e+00  0.0000000e+00  0.0000000e+00  1.0000000e+00]]
[-0075.69, +0058.95, -1050.30]
750, 750, 750
[[-7.3783780e-02  9.5408676e-01 -2.8940426e-01 -9.8100000e+00]
 [ 4.5313560e-02  2.9336248e-01  9.5474772e-01  1.5008000e+02]
 [ 9.9598346e-01  5.7575880e-02 -6.4705300e-02 -1.1682900e+03]
 [ 0.0000000e+00  0.0000000e+00  0.0000000e+00  1.0000000e+00]]
[-0100.73, +0043.27, -1044.07]
750, 1000, 1000
[[-7.5389640e-02  9.5368760e-01 -2.9031804e-01 -9.9300000e+00]
 [ 4.5038040e-02  2.9436156e-01  9.5445640e-01  1.5014000e+02]
 [ 9.9587960e-01  5.9121960e-02 -6.4973640e-02 -1.1683500e+03]
 [ 0.0000000e+00  0.0000000e+00  0.0000000e+00  1.0000000e+00]]
[-0114.37, +0013.24, -1056.66]
750, 1250, 1250
[[-7.5600960e-02  9.5365088e-01 -2.9068592e-01 -9.9800000e+00]
 [ 4.5814720e-02  2.9470232e-01  9.5437472e-01  1.5017000e+02]
 [ 9.9591632e-01  5.8992320e-02 -6.5859280e-02 -1.1683300e+03]
 [ 0.0000000e+00  0.0000000e+00  0.0000000e+00  1.0000000e+00]]
[-0123.84, -0008.19, -1075.34]
750, 1500, 1500
[[-7.5982020e-02  9.5363722e-01 -2.9085048e-01 -1.0020000e+01]
 [ 4.6568580e-02  2.9487366e-01  9.5432912e-01  1.5022000e+02]
 [ 9.9591632e-01  5.9065680e-02 -6.6745320e-02 -1.1683000e+03]
 [ 0.0000000e+00  0.0000000e+00  0.0000000e+00  1.0000000e+00]]
[-0131.14, -0024.01, -1100.43]
750, 1750, 1750
[[-7.6123700e-02  9.5334954e-01 -2.9140092e-01 -1.0080000e+01]
 [ 4.6710180e-02  2.9554526e-01  9.5404364e-01  1.5022000e+02]
 [ 9.9579516e-01  5.9209480e-02 -6.6891400e-02 -1.1683100e+03]
 [ 0.0000000e+00  0.0000000e+00  0.0000000e+00  1.0000000e+00]]
[-0133.61, -0033.74, -1128.03]
750, 2000, 2000
[[-7.7629800e-02  9.5236224e-01 -2.9396548e-01 -1.0370000e+01]
 [ 4.8589480e-02  2.9840124e-01  9.5301024e-01  1.5034000e+02]
 [ 9.9551424e-01  5.9963480e-02 -6.9253800e-02 -1.1683000e+03]
 [ 0.0000000e+00  0.0000000e+00  0.0000000e+00  1.0000000e+00]]
[-0130.18, -0034.64, -1149.16]
1000, 750, 750
[[-7.4671140e-02  9.5419088e-01 -2.8928384e-01 -9.8500000e+00]
 [ 4.5710560e-02  2.9319326e-01  9.5487068e-01  1.5006000e+02]
 [ 9.9603008e-01  5.8199960e-02 -6.5423440e-02 -1.1682800e+03]
 [ 0.0000000e+00  0.0000000e+00  0.0000000e+00  1.0000000e+00]]
[-0083.01, +0073.98, -1051.00]
1000, 1000, 1000
[[-7.5530440e-02  9.5382990e-01 -2.9020618e-01 -9.9700000e+00]
 [ 4.5948180e-02  2.9419950e-01  9.5454126e-01  1.5013000e+02]
 [ 9.9594170e-01  5.8896300e-02 -6.5953300e-02 -1.1683200e+03]
 [ 0.0000000e+00  0.0000000e+00  0.0000000e+00  1.0000000e+00]]
[-0099.27, +0042.78, -1054.23]
1000, 1250, 1250
[[-7.5742240e-02  9.5358916e-01 -2.9053876e-01 -9.9900000e+00]
 [ 4.6689560e-02  2.9470680e-01  9.5426848e-01  1.5016000e+02]
 [ 9.9577364e-01  5.8957280e-02 -6.6672400e-02 -1.1682700e+03]
 [ 0.0000000e+00  0.0000000e+00  0.0000000e+00  1.0000000e+00]]
[-0110.70, +0018.18, -1064.94]
1000, 1500, 1500
[[-7.6363600e-02  9.5353936e-01 -2.9089492e-01 -1.0040000e+01]
 [ 4.7406880e-02  2.9504480e-01  9.5419976e-01  1.5018000e+02]
 [ 9.9579604e-01  5.9222320e-02 -6.7631760e-02 -1.1682700e+03]
 [ 0.0000000e+00  0.0000000e+00  0.0000000e+00  1.0000000e+00]]
[-0120.98, -0001.89, -1082.22]
1000, 1750, 1750
[[-7.6505680e-02  9.5337172e-01 -2.9136076e-01 -1.0110000e+01]
 [ 4.7668280e-02  2.9554950e-01  9.5402146e-01  1.5019000e+02]
 [ 9.9575924e-01  5.9258540e-02 -6.7944820e-02 -1.1682500e+03]
 [ 0.0000000e+00  0.0000000e+00  0.0000000e+00  1.0000000e+00]]
[-0127.50, -0018.39, -1106.18]
1250, 2000, 2000
[[-7.7394760e-02  9.5300888e-01 -2.9210588e-01 -1.0190000e+01]
 [ 4.7090920e-02  2.9638092e-01  9.5375128e-01  1.5026000e+02]
 [ 9.9565768e-01  6.0275480e-02 -6.7664680e-02 -1.1683200e+03]
 [ 0.0000000e+00  0.0000000e+00  0.0000000e+00  1.0000000e+00]]
[-0124.62, -0012.25, -1112.61]
1250, 2250, 2250
[[-7.8235600e-02  9.5097768e-01 -2.9845964e-01 -1.0750000e+01]
 [ 4.9247280e-02  3.0291990e-01  9.5159244e-01  1.5045000e+02]
 [ 9.9549556e-01  5.9957640e-02 -7.0387540e-02 -1.1683100e+03]
 [ 0.0000000e+00  0.0000000e+00  0.0000000e+00  1.0000000e+00]]
[-0121.46, -0015.81, -1124.98]
1250, 750, 750
[[-7.3404480e-02  9.5422032e-01 -2.8915416e-01 -9.7900000e+00]
 [ 4.4678880e-02  2.9302400e-01  9.5490016e-01  1.4990000e+02]
 [ 9.9606744e-01  5.7394240e-02 -6.3987520e-02 -1.1683200e+03]
 [ 0.0000000e+00  0.0000000e+00  0.0000000e+00  1.0000000e+00]]
[-0068.23, +0097.11, -1066.17]
1250, 1000, 1000
[[-7.4332740e-02  9.5382130e-01 -2.8973976e-01 -9.8900000e+00]
 [ 4.5601260e-02  2.9386566e-01  9.5450000e-01  1.4997000e+02]
 [ 9.9581360e-01  5.8091760e-02 -6.5089440e-02 -1.1683100e+03]
 [ 0.0000000e+00  0.0000000e+00  0.0000000e+00  1.0000000e+00]]
[-0083.11, +0068.97, -1060.26]
1250, 1250, 1250
[[-7.4572200e-02  9.5383446e-01 -2.9025578e-01 -9.9300000e+00]
 [ 4.5276100e-02  2.9419950e-01  9.5453670e-01  1.4999000e+02]
 [ 9.9599130e-01  5.8224220e-02 -6.4995060e-02 -1.1683300e+03]
 [ 0.0000000e+00  0.0000000e+00  0.0000000e+00  1.0000000e+00]]
[-0096.82, +0044.09, -1063.45]
1250, 1500, 1500
[[-7.4783520e-02  9.5379780e-01 -2.9062404e-01 -9.9600000e+00]
 [ 4.6053000e-02  2.9453990e-01  9.5445500e-01  1.5001000e+02]
 [ 9.9602796e-01  5.8094600e-02 -6.5880580e-02 -1.1683100e+03]
 [ 0.0000000e+00  0.0000000e+00  0.0000000e+00  1.0000000e+00]]
[-0108.94, +0020.62, -1074.00]
1500, 1750, 1750
[[-7.605282e-02  9.534089e-01 -2.910058e-01 -1.007000e+01]
 [ 4.672390e-02  2.952095e-01  9.541030e-01  1.500700e+02]
 [ 9.957358e-01  5.922100e-02 -6.681832e-02 -1.168300e+03]
 [ 0.000000e+00  0.000000e+00  0.000000e+00  1.000000e+00]]
[-0108.38, +0024.34, -1083.11]
1500, 2000, 2000
[[-7.5617000e-02  9.5331636e-01 -2.9180652e-01 -1.0130000e+01]
 [ 4.6983240e-02  2.9588518e-01  9.5395794e-01  1.5010000e+02]
 [ 9.9586932e-01  5.8575540e-02 -6.7058180e-02 -1.1683000e+03]
 [ 0.0000000e+00  0.0000000e+00  0.0000000e+00  1.0000000e+00]]
[-0116.93, +0004.92, -1099.50]
1500, 2250, 2250
[[-7.8567780e-02  9.5190218e-01 -2.9548436e-01 -1.0560000e+01]
 [ 4.8604580e-02  2.9990502e-01  9.5259436e-01  1.5033000e+02]
 [ 9.9552316e-01  6.0668440e-02 -6.9698760e-02 -1.1682900e+03]
 [ 0.0000000e+00  0.0000000e+00  0.0000000e+00  1.0000000e+00]]
[-0117.94, -0004.70, -1115.29]
1500, 750, 750
[[-7.4700240e-02  9.5419124e-01 -2.8910760e-01 -9.8300000e+00]
 [ 4.4897400e-02  2.9301936e-01  9.5492924e-01  1.4990000e+02]
 [ 9.9601624e-01  5.8521000e-02 -6.4610640e-02 -1.1683300e+03]
 [ 0.0000000e+00  0.0000000e+00  0.0000000e+00  1.0000000e+00]]
[-0056.45, +0115.03, -1088.02]
1500, 1000, 1000
[[-7.5530440e-02  9.5378056e-01 -2.8988196e-01 -9.9600000e+00]
 [ 4.6237160e-02  2.9403260e-01  9.5448168e-01  1.4998000e+02]
 [ 9.9578664e-01  5.8955880e-02 -6.6120200e-02 -1.1683100e+03]
 [ 0.0000000e+00  0.0000000e+00  0.0000000e+00  1.0000000e+00]]
[-0069.43, +0091.48, -1074.22]
1500, 1250, 1250
[[-7.5840660e-02  9.5368502e-01 -2.9046900e-01 -9.9900000e+00]
 [ 4.6187100e-02  2.9453550e-01  9.5439980e-01  1.5000000e+02]
 [ 9.9586852e-01  5.9136360e-02 -6.6265800e-02 -1.1683100e+03]
 [ 0.0000000e+00  0.0000000e+00  0.0000000e+00  1.0000000e+00]]
[-0082.67, +0068.77, -1069.95]
1750, 1500, 1500
[[-7.6292680e-02  9.5352774e-01 -2.9090866e-01 -1.0060000e+01]
 [ 4.7011740e-02  2.9504268e-01  9.5421138e-01  1.5005000e+02]
 [ 9.9580766e-01  5.9281620e-02 -6.7225000e-02 -1.1682900e+03]
 [ 0.0000000e+00  0.0000000e+00  0.0000000e+00  1.0000000e+00]]
[-0082.98, +0066.92, -1079.07]
1750, 1750, 1750
[[-7.6052820e-02  9.5337348e-01 -2.9121022e-01 -1.0100000e+01]
 [ 4.6519480e-02  2.9537628e-01  9.5407908e-01  1.5005000e+02]
 [ 9.9577122e-01  5.9244920e-02 -6.6651540e-02 -1.1683000e+03]
 [ 0.0000000e+00  0.0000000e+00  0.0000000e+00  1.0000000e+00]]
[-0096.08, +0044.91, -1082.63]
1750, 2000, 2000
[[-7.6336820e-02  9.5322888e-01 -2.9164860e-01 -1.0160000e+01]
 [ 4.7571120e-02  2.9588518e-01  9.5387760e-01  1.5010000e+02]
 [ 9.9571140e-01  5.9162400e-02 -6.7778000e-02 -1.1682700e+03]
 [ 0.0000000e+00  0.0000000e+00  0.0000000e+00  1.0000000e+00]]
[-0107.22, +0024.03, -1092.76]
1750, 2250, 2250
[[-7.6862280e-02  9.5266484e-01 -2.9326484e-01 -1.0320000e+01]
 [ 4.7527960e-02  2.9756030e-01  9.5334218e-01  1.5019000e+02]
 [ 9.9564836e-01  5.9581220e-02 -6.7978420e-02 -1.1683000e+03]
 [ 0.0000000e+00  0.0000000e+00  0.0000000e+00  1.0000000e+00]]
[-0112.32, +0008.61, -1107.27]
1750, 750, 750
[[-7.4291560e-02  9.5408504e-01 -2.8920336e-01 -9.8900000e+00]
 [ 4.4836640e-02  2.9318870e-01  9.5480838e-01  1.4991000e+02]
 [ 9.9594504e-01  5.8233180e-02 -6.4371300e-02 -1.1683300e+03]
 [ 0.0000000e+00  0.0000000e+00  0.0000000e+00  1.0000000e+00]]
[-0047.51, +0126.36, -1113.69]
1750, 1000, 1000
[[-7.5051240e-02  9.5383218e-01 -2.9023106e-01 -1.0000000e+01]
 [ 4.5612140e-02  2.9419950e-01  9.5453898e-01  1.4996000e+02]
 [ 9.9596658e-01  5.8560260e-02 -6.5474100e-02 -1.1683300e+03]
 [ 0.0000000e+00  0.0000000e+00  0.0000000e+00  1.0000000e+00]]
[-0058.57, +0108.31, -1093.84]
2000, 1250, 1250
[[-7.6080400e-02  9.5356400e-01 -2.9054100e-01 -1.0060000e+01]
 [ 4.6235200e-02  2.9470232e-01  9.5429364e-01  1.5002000e+02]
 [ 9.9577140e-01  5.9411640e-02 -6.6338720e-02 -1.1683000e+03]
 [ 0.0000000e+00  0.0000000e+00  0.0000000e+00  1.0000000e+00]]
[-0058.29, +0105.39, -1102.58]
2000, 1500, 1500
[[-7.5982020e-02  9.5351732e-01 -2.9093500e-01 -1.0100000e+01]
 [ 4.6448680e-02  2.9504048e-01  9.5422180e-01  1.5003000e+02]
 [ 9.9583180e-01  5.9173000e-02 -6.6578500e-02 -1.1683000e+03]
 [ 0.0000000e+00  0.0000000e+00  0.0000000e+00  1.0000000e+00]]
[-0069.95, +0085.51, -1091.62]
2000, 1750, 1750
[[-7.7110600e-02  9.5330924e-01 -2.9137908e-01 -1.0130000e+01]
 [ 4.6364120e-02  2.9553830e-01  9.5408394e-01  1.5006000e+02]
 [ 9.9576636e-01  6.0226980e-02 -6.6871140e-02 -1.1683000e+03]
 [ 0.0000000e+00  0.0000000e+00  0.0000000e+00  1.0000000e+00]]
[-0083.66, +0065.94, -1088.65]
2000, 2000, 2000
[[-7.6434600e-02  9.5308456e-01 -2.9174788e-01 -1.0170000e+01]
 [ 4.6828760e-02  2.9604764e-01  9.5379464e-01  1.5008000e+02]
 [ 9.9563752e-01  5.9556440e-02 -6.7037800e-02 -1.1682900e+03]
 [ 0.0000000e+00  0.0000000e+00  0.0000000e+00  1.0000000e+00]]
[-0095.67, +0044.75, -1092.33]
2000, 2250, 2250
[[-7.6933840e-02  9.5286832e-01 -2.9275780e-01 -1.0300000e+01]
 [ 4.8452000e-02  2.9706240e-01  9.5348560e-01  1.5017000e+02]
 [ 9.9564932e-01  5.9366240e-02 -6.8885200e-02 -1.1682700e+03]
 [ 0.0000000e+00  0.0000000e+00  0.0000000e+00  1.0000000e+00]]
[-0103.46, +0026.51, -1101.88]
2000, 750, 750
[[-7.5319360e-02  9.5405648e-01 -2.8934480e-01 -9.9000000e+00]
 [ 4.5700000e-02  2.9335800e-01  9.5477800e-01  1.4993000e+02]
 [ 9.9591952e-01  5.8870640e-02 -6.5568400e-02 -1.1683100e+03]
 [ 0.0000000e+00  0.0000000e+00  0.0000000e+00  1.0000000e+00]]
[-0041.90, +0130.77, -1140.95]
2250, 1000, 1000
[[-7.6532580e-02  9.5359758e-01 -2.9048706e-01 -1.0100000e+01]
 [ 4.7588580e-02  2.9470892e-01  9.5426006e-01  1.5003000e+02]
 [ 9.9572406e-01  5.9401940e-02 -6.7798660e-02 -1.1682500e+03]
 [ 0.0000000e+00  0.0000000e+00  0.0000000e+00  1.0000000e+00]]
[-0045.81, +0121.22, -1138.47]
2250, 1250, 1250
[[-7.7279700e-02  9.5343822e-01 -2.9056216e-01 -1.0130000e+01]
 [ 4.6955020e-02  2.9486910e-01  9.5419224e-01  1.5005000e+02]
 [ 9.9562344e-01  6.0358640e-02 -6.7371240e-02 -1.1683000e+03]
 [ 0.0000000e+00  0.0000000e+00  0.0000000e+00  1.0000000e+00]]
[-0052.64, +0111.74, -1121.55]
2250, 1500, 1500
[[-7.701250e-02  9.534045e-01 -2.909550e-01 -1.014000e+01]
 [ 4.739550e-02  2.952095e-01  9.541074e-01  1.500700e+02]
 [ 9.956850e-01  5.989260e-02 -6.777800e-02 -1.168270e+03]
 [ 0.000000e+00  0.000000e+00  0.000000e+00  1.000000e+00]]
[-0061.98, +0097.19, -1107.36]
2250, 1750, 1750
[[-7.6745700e-02  9.5325068e-01 -2.9143244e-01 -1.0210000e+01]
 [ 4.7716120e-02  2.9571632e-01  9.5391524e-01  1.5010000e+02]
 [ 9.9566204e-01  5.9533640e-02 -6.8018020e-02 -1.1682700e+03]
 [ 0.0000000e+00  0.0000000e+00  0.0000000e+00  1.0000000e+00]]
[-0074.34, +0080.32, -1099.05]
2250, 2000, 2000
[[-7.8426960e-02  9.5301608e-01 -2.9204024e-01 -1.0280000e+01]
 [ 4.8157040e-02  2.9638320e-01  9.5374408e-01  1.5014000e+02]
 [ 9.9559432e-01  6.0886960e-02 -6.9032400e-02 -1.1682600e+03]
 [ 0.0000000e+00  0.0000000e+00  0.0000000e+00  1.0000000e+00]]
[-0085.93, +0061.30, -1097.40]
2250, 2250, 2250
[[-7.7654740e-02  9.5270940e-01 -2.9300786e-01 -1.0370000e+01]
 [ 4.8630360e-02  2.9739576e-01  9.5335740e-01  1.5022000e+02]
 [ 9.9556210e-01  6.0000360e-02 -6.9272740e-02 -1.1682700e+03]
 [ 0.0000000e+00  0.0000000e+00  0.0000000e+00  1.0000000e+00]]
[-0094.93, +0043.06, -1101.93]
750, 750, 750
[[-7.3364500e-02  9.5463868e-01 -2.8832826e-01 -9.7200000e+00]
 [ 4.4237560e-02  2.9201240e-01  9.5533932e-01  1.4988000e+02]
 [ 9.9624858e-01  5.7403560e-02 -6.3604260e-02 -1.1683300e+03]
 [ 0.0000000e+00  0.0000000e+00  0.0000000e+00  1.0000000e+00]]
[-0099.83, +0043.36, -1044.19]
1000, 750, 1000
[[-7.4530900e-02  9.5416852e-01 -2.8931076e-01 -9.8800000e+00]
 [ 4.4920120e-02  2.9318870e-01  9.5489304e-01  1.4993000e+02]
 [ 9.9605244e-01  5.8317840e-02 -6.4610640e-02 -1.1683300e+03]
 [ 0.0000000e+00  0.0000000e+00  0.0000000e+00  1.0000000e+00]]
[-0116.37, +0071.51, -1057.60]
1250, 750, 1250
[[-7.5220420e-02  9.5392532e-01 -2.8961908e-01 -9.9500000e+00]
 [ 4.5998120e-02  2.9369648e-01  9.5462308e-01  1.4993000e+02]
 [ 9.9585988e-01  5.8715720e-02 -6.5807940e-02 -1.1683100e+03]
 [ 0.0000000e+00  0.0000000e+00  0.0000000e+00  1.0000000e+00]]
[-0125.57, +0093.66, -1077.96]
1500, 750, 1500
[[-7.4952580e-02  9.5392644e-01 -2.8980776e-01 -9.9900000e+00]
 [ 4.6643160e-02  2.9386990e-01  9.5456292e-01  1.4995000e+02]
 [ 9.9588584e-01  5.8226280e-02 -6.6381520e-02 -1.1682900e+03]
 [ 0.0000000e+00  0.0000000e+00  0.0000000e+00  1.0000000e+00]]
[-0132.09, +0109.30, -1104.07]
1750, 750, 1750
[[-7.6080400e-02  9.5387440e-01 -2.8996300e-01 -1.0070000e+01]
 [ 4.6883840e-02  2.9403480e-01  9.5455588e-01  1.4998000e+02]
 [ 9.9586988e-01  5.9149400e-02 -6.7006240e-02 -1.1682800e+03]
 [ 0.0000000e+00  0.0000000e+00  0.0000000e+00  1.0000000e+00]]
[-0135.60, +0117.27, -1132.25]
2000, 750, 2000
[[-8.0832160e-02  9.5283600e-01 -2.9166752e-01 -1.0570000e+01]
 [ 5.0003520e-02  2.9638320e-01  9.5358864e-01  1.5002000e+02]
 [ 9.9522160e-01  6.2731200e-02 -7.1437600e-02 -1.1682100e+03]
 [ 0.0000000e+00  0.0000000e+00  0.0000000e+00  1.0000000e+00]]
[-0134.62, +0115.33, -1150.01]
750, 1000, 750
[[-7.3813000e-02  9.5427694e-01 -2.8873458e-01 -9.7800000e+00]
 [ 4.5028540e-02  2.9268764e-01  9.5496126e-01  1.4986000e+02]
 [ 9.9598422e-01  5.7741660e-02 -6.4393800e-02 -1.1682800e+03]
 [ 0.0000000e+00  0.0000000e+00  0.0000000e+00  1.0000000e+00]]
[-0080.85, +0013.23, -1050.06]
1000, 1000, 1000
[[-7.450192e-02  9.541330e-01 -2.896914e-01 -9.740000e+00]
 [ 4.552900e-02  2.935295e-01  9.548106e-01  1.498700e+02]
 [ 9.961014e-01  5.802060e-02 -6.525642e-02 -1.168200e+03]
 [ 0.000000e+00  0.000000e+00  0.000000e+00  1.000000e+00]]
[-0098.58, +0042.27, -1053.90]
1250, 1000, 1250
[[-7.3895880e-02  9.5391898e-01 -2.9004730e-01 -9.7700000e+00]
 [ 4.6388980e-02  2.9404092e-01  9.5451130e-01  1.4990000e+02]
 [ 9.9596030e-01  5.7291700e-02 -6.5829960e-02 -1.1681600e+03]
 [ 0.0000000e+00  0.0000000e+00  0.0000000e+00  1.0000000e+00]]
[-0110.50, +0067.75, -1065.54]
1500, 1000, 1500
[[-7.4685140e-02  9.5377248e-01 -2.9028546e-01 -9.8300000e+00]
 [ 4.6964160e-02  2.9437696e-01  9.5437152e-01  1.4991000e+02]
 [ 9.9586242e-01  5.7867840e-02 -6.6621140e-02 -1.1681700e+03]
 [ 0.0000000e+00  0.0000000e+00  0.0000000e+00  1.0000000e+00]]
[-0121.11, +0088.34, -1084.61]
1750, 1000, 1750
[[-7.5502500e-02  9.5371010e-01 -2.9046680e-01 -9.9000000e+00]
 [ 4.6641460e-02  2.9453990e-01  9.5437472e-01  1.4992000e+02]
 [ 9.9587072e-01  5.8682000e-02 -6.6599560e-02 -1.1681700e+03]
 [ 0.0000000e+00  0.0000000e+00  0.0000000e+00  1.0000000e+00]]
[-0128.83, +0103.11, -1109.17]
2000, 1250, 2000
[[-7.6914600e-02  9.5327346e-01 -2.9122902e-01 -1.0030000e+01]
 [ 4.7693340e-02  2.9554742e-01  9.5395186e-01  1.4997000e+02]
 [ 9.9562542e-01  5.9737060e-02 -6.8018020e-02 -1.1681400e+03]
 [ 0.0000000e+00  0.0000000e+00  0.0000000e+00  1.0000000e+00]]
[-0124.89, +0097.89, -1115.51]
2250, 1250, 2250
[[-8.2350900e-02  9.5174060e-01 -2.9483890e-01 -1.0920000e+01]
 [ 5.1260360e-02  2.9973660e-01  9.5248148e-01  1.4997000e+02]
 [ 9.9504398e-01  6.3548600e-02 -7.3313460e-02 -1.1681000e+03]
 [ 0.0000000e+00  0.0000000e+00  0.0000000e+00  1.0000000e+00]]
[-0126.03, +0096.82, -1125.33]
750, 1250, 750
[[-7.1661460e-02  9.5474968e-01 -2.8797666e-01 -9.5800000e+00]
 [ 4.4485360e-02  2.9168444e-01  9.5534568e-01  1.4968000e+02]
 [ 9.9624222e-01  5.5833360e-02 -6.3245460e-02 -1.1682400e+03]
 [ 0.0000000e+00  0.0000000e+00  0.0000000e+00  1.0000000e+00]]
[-0067.79, -0007.52, -1062.16]
1000, 1250, 1000
[[-7.3713700e-02  9.5430034e-01 -2.8872018e-01 -9.7600000e+00]
 [ 4.5650780e-02  2.9269196e-01  9.5493786e-01  1.4969000e+02]
 [ 9.9597414e-01  5.7455820e-02 -6.4967300e-02 -1.1682400e+03]
 [ 0.0000000e+00  0.0000000e+00  0.0000000e+00  1.0000000e+00]]
[-0083.66, +0019.13, -1058.48]
1250, 1250, 1250
[[-7.4431720e-02  9.5426214e-01 -2.8888754e-01 -9.7900000e+00]
 [ 4.5951060e-02  2.9285910e-01  9.5491722e-01  1.4971000e+02]
 [ 9.9597226e-01  5.7984180e-02 -6.5518180e-02 -1.1682300e+03]
 [ 0.0000000e+00  0.0000000e+00  0.0000000e+00  1.0000000e+00]]
[-0096.95, +0045.29, -1063.30]
1500, 1250, 1500
[[-7.3924180e-02  9.5414438e-01 -2.8917336e-01 -9.8400000e+00]
 [ 4.6308220e-02  2.9319950e-01  9.5474904e-01  1.4972000e+02]
 [ 9.9592584e-01  5.7434160e-02 -6.5685320e-02 -1.1682300e+03]
 [ 0.0000000e+00  0.0000000e+00  0.0000000e+00  1.0000000e+00]]
[-0109.90, +0068.36, -1075.45]
1750, 1500, 1750
[[-7.5600960e-02  9.5394712e-01 -2.8957936e-01 -1.0060000e+01]
 [ 4.6956560e-02  2.9370080e-01  9.5460128e-01  1.4983000e+02]
 [ 9.9582448e-01  5.8765760e-02 -6.6860800e-02 -1.1683000e+03]
 [ 0.0000000e+00  0.0000000e+00  0.0000000e+00  1.0000000e+00]]
[-0108.45, +0067.12, -1084.88]
2000, 1500, 2000
[[-7.7519680e-02  9.5362792e-01 -2.9005568e-01 -1.0180000e+01]
 [ 4.7652080e-02  2.9436864e-01  9.5434808e-01  1.4981000e+02]
 [ 9.9562432e-01  6.0371920e-02 -6.8111680e-02 -1.1683100e+03]
 [ 0.0000000e+00  0.0000000e+00  0.0000000e+00  1.0000000e+00]]
[-0117.56, +0084.24, -1102.95]
2250, 1500, 2250
[[-8.1313680e-02  9.5268992e-01 -2.9245992e-01 -1.0690000e+01]
 [ 4.9519680e-02  2.9704944e-01  9.5349632e-01  1.4989000e+02]
 [ 9.9533848e-01  6.3161280e-02 -7.1252880e-02 -1.1682400e+03]
 [ 0.0000000e+00  0.0000000e+00  0.0000000e+00  1.0000000e+00]]
[-0120.95, +0086.14, -1115.40]
750, 1500, 750
[[-7.3503940e-02  9.5468070e-01 -2.8756942e-01 -9.7400000e+00]
 [ 4.5725580e-02  2.9151510e-01  9.5530494e-01  1.4973000e+02]
 [ 9.9600230e-01  5.7298500e-02 -6.4918600e-02 -1.1682900e+03]
 [ 0.0000000e+00  0.0000000e+00  0.0000000e+00  1.0000000e+00]]
[-0054.72, -0025.51, -1082.88]
1000, 1500, 1000
[[-7.5179040e-02  9.5434360e-01 -2.8879384e-01 -9.9000000e+00]
 [ 4.5557840e-02  2.9268536e-01  9.5506280e-01  1.4976000e+02]
 [ 9.9604120e-01  5.8726160e-02 -6.5423440e-02 -1.1683300e+03]
 [ 0.0000000e+00  0.0000000e+00  0.0000000e+00  1.0000000e+00]]
[-0069.28, -0002.33, -1070.61]
1250, 1500, 1250
[[-7.5629220e-02  9.5422166e-01 -2.8902966e-01 -9.9400000e+00]
 [ 4.6587540e-02  2.9302620e-01  9.5489882e-01  1.4978000e+02]
 [ 9.9594514e-01  5.8848780e-02 -6.6548580e-02 -1.1683100e+03]
 [ 0.0000000e+00  0.0000000e+00  0.0000000e+00  1.0000000e+00]]
[-0082.43, +0022.40, -1067.84]
1500, 1750, 1500
[[-7.6080400e-02  9.5402960e-01 -2.8967400e-01 -1.0030000e+01]
 [ 4.7208160e-02  2.9370080e-01  9.5468688e-01  1.4982000e+02]
 [ 9.9591912e-01  5.9018400e-02 -6.7340240e-02 -1.1682700e+03]
 [ 0.0000000e+00  0.0000000e+00  0.0000000e+00  1.0000000e+00]]
[-0082.45, +0024.68, -1077.16]
1750, 1750, 1750
[[-7.7138180e-02  9.5388102e-01 -2.8972266e-01 -1.0070000e+01]
 [ 4.7138220e-02  2.9386342e-01  9.5460834e-01  1.4984000e+02]
 [ 9.9579426e-01  6.0084060e-02 -6.7558760e-02 -1.1682800e+03]
 [ 0.0000000e+00  0.0000000e+00  0.0000000e+00  1.0000000e+00]]
[-0096.25, +0047.18, -1082.79]
2000, 1750, 2000
[[-7.7181520e-02  9.5361816e-01 -2.9025804e-01 -1.0190000e+01]
 [ 4.7901840e-02  2.9453990e-01  9.5429868e-01  1.4985000e+02]
 [ 9.9566196e-01  5.9941320e-02 -6.8278580e-02 -1.1682900e+03]
 [ 0.0000000e+00  0.0000000e+00  0.0000000e+00  1.0000000e+00]]
[-0107.45, +0066.52, -1094.51]
2250, 1750, 2250
[[-7.9993000e-02  9.5312552e-01 -2.9098336e-01 -1.0420000e+01]
 [ 4.8547520e-02  2.9553830e-01  9.5393194e-01  1.4986000e+02]
 [ 9.9537064e-01  6.2407940e-02 -6.9753540e-02 -1.1682600e+03]
 [ 0.0000000e+00  0.0000000e+00  0.0000000e+00  1.0000000e+00]]
[-0114.87, +0076.48, -1108.77]
750, 1750, 750
[[-7.4151720e-02  9.5451180e-01 -2.8783492e-01 -9.7300000e+00]
 [ 4.5511400e-02  2.9184750e-01  9.5518830e-01  1.4973000e+02]
 [ 9.9592692e-01  5.7993100e-02 -6.4895220e-02 -1.1683000e+03]
 [ 0.0000000e+00  0.0000000e+00  0.0000000e+00  1.0000000e+00]]
[-0044.63, -0037.09, -1107.36]
1000, 1750, 1000
[[-7.5319360e-02  9.5416184e-01 -2.8873160e-01 -9.9000000e+00]
 [ 4.6313200e-02  2.9285694e-01  9.5484934e-01  1.4980000e+02]
 [ 9.9581416e-01  5.8799300e-02 -6.6069460e-02 -1.1683100e+03]
 [ 0.0000000e+00  0.0000000e+00  0.0000000e+00  1.0000000e+00]]
[-0056.93, -0019.04, -1089.30]
1250, 2000, 1250
[[-7.6418720e-02  9.5403960e-01 -2.8947168e-01 -9.9700000e+00]
 [ 4.6958400e-02  2.9352950e-01  9.5473590e-01  1.4984000e+02]
 [ 9.9588168e-01  5.9448900e-02 -6.7173220e-02 -1.1682700e+03]
 [ 0.0000000e+00  0.0000000e+00  0.0000000e+00  1.0000000e+00]]
[-0056.71, -0014.68, -1097.10]
1500, 2000, 1500
[[-7.6729140e-02  9.5377496e-01 -2.8981886e-01 -1.0020000e+01]
 [ 4.7077360e-02  2.9403260e-01  9.5448728e-01  1.4983000e+02]
 [ 9.9572354e-01  5.9796080e-02 -6.7318900e-02 -1.1682700e+03]
 [ 0.0000000e+00  0.0000000e+00  0.0000000e+00  1.0000000e+00]]
[-0069.81, +0005.12, -1087.74]
1750, 2000, 1750
[[-7.6969000e-02  9.5373848e-01 -2.9001064e-01 -1.0080000e+01]
 [ 4.7040880e-02  2.9419950e-01  9.5446466e-01  1.4986000e+02]
 [ 9.9574616e-01  5.9987860e-02 -6.7391860e-02 -1.1683100e+03]
 [ 0.0000000e+00  0.0000000e+00  0.0000000e+00  1.0000000e+00]]
[-0083.64, +0026.61, -1086.54]
2000, 2000, 2000
[[-7.8070760e-02  9.5344644e-01 -2.9050956e-01 -1.0180000e+01]
 [ 4.7853960e-02  2.9487142e-01  9.5418402e-01  1.4986000e+02]
 [ 9.9557316e-01  6.0803220e-02 -6.8498180e-02 -1.1682500e+03]
 [ 0.0000000e+00  0.0000000e+00  0.0000000e+00  1.0000000e+00]]
[-0095.95, +0046.88, -1092.39]
2250, 2000, 2250
[[-7.8791300e-02  9.5337186e-01 -2.9087988e-01 -1.0280000e+01]
 [ 4.7948460e-02  2.9520494e-01  9.5414004e-01  1.4990000e+02]
 [ 9.9560532e-01  6.1354440e-02 -6.8885200e-02 -1.1682800e+03]
 [ 0.0000000e+00  0.0000000e+00  0.0000000e+00  1.0000000e+00]]
[-0105.87, +0060.58, -1102.60]
750, 2000, 750
[[-7.4321140e-02  9.5454932e-01 -2.8816000e-01 -9.7200000e+00]
 [ 4.4995400e-02  2.9201240e-01  9.5526040e-01  1.4978000e+02]
 [ 9.9608032e-01  5.8160240e-02 -6.4560900e-02 -1.1683100e+03]
 [ 0.0000000e+00  0.0000000e+00  0.0000000e+00  1.0000000e+00]]
[-0037.81, -0042.59, -1133.97]
1000, 2250, 1000
[[-7.5431860e-02  9.5383986e-01 -2.8966288e-01 -9.9300000e+00]
 [ 4.7063820e-02  2.9386990e-01  9.5448144e-01  1.4987000e+02]
 [ 9.9574096e-01  5.8645920e-02 -6.6860800e-02 -1.1682200e+03]
 [ 0.0000000e+00  0.0000000e+00  0.0000000e+00  1.0000000e+00]]
[-0042.25, -0034.26, -1135.76]
1250, 2250, 1250
[[-7.6320180e-02  9.5385944e-01 -2.8942154e-01 -1.0000000e+01]
 [ 4.7545360e-02  2.9370080e-01  9.5452088e-01  1.4989000e+02]
 [ 9.9566666e-01  5.9353520e-02 -6.7580020e-02 -1.1682600e+03]
 [ 0.0000000e+00  0.0000000e+00  0.0000000e+00  1.0000000e+00]]
[-0049.78, -0023.52, -1118.38]
1500, 2250, 1500
[[-7.7448840e-02  9.5377160e-01 -2.8978052e-01 -1.0110000e+01]
 [ 4.7581480e-02  2.9403260e-01  9.5449064e-01  1.4988000e+02]
 [ 9.9568520e-01  6.0300200e-02 -6.8038600e-02 -1.1682800e+03]
 [ 0.0000000e+00  0.0000000e+00  0.0000000e+00  1.0000000e+00]]
[-0060.09, -0008.76, -1104.65]
1750, 2250, 1750
[[-7.7787240e-02  9.5362594e-01 -2.8986746e-01 -1.0130000e+01]
 [ 4.7007260e-02  2.9419478e-01  9.5440918e-01  1.4989000e+02]
 [ 9.9559826e-01  6.0861580e-02 -6.7538020e-02 -1.1683300e+03]
 [ 0.0000000e+00  0.0000000e+00  0.0000000e+00  1.0000000e+00]]
[-0072.65, +0009.38, -1096.82]
2000, 2250, 2000
[[-7.8141840e-02  9.5345828e-01 -2.9049548e-01 -1.0240000e+01]
 [ 4.8249080e-02  2.9487366e-01  9.5417218e-01  1.4988000e+02]
 [ 9.9556132e-01  6.0743980e-02 -6.8905140e-02 -1.1682700e+03]
 [ 0.0000000e+00  0.0000000e+00  0.0000000e+00  1.0000000e+00]]
[-0084.91, +0028.15, -1096.47]
2250, 2250, 2250
[[-7.9031560e-02  9.5337068e-01 -2.9086684e-01 -1.0330000e+01]
 [ 4.8116360e-02  2.9520494e-01  9.5414122e-01  1.4993000e+02]
 [ 9.9559228e-01  6.1522340e-02 -6.9125460e-02 -1.1682800e+03]
 [ 0.0000000e+00  0.0000000e+00  0.0000000e+00  1.0000000e+00]]
[-0095.53, +0042.83, -1101.93]
750, 750, 750
[[-7.4142800e-02  9.5511876e-01 -2.8633908e-01 -9.6700000e+00]
 [ 4.4785560e-02  2.9015894e-01  9.5583974e-01  1.4961000e+02]
 [ 9.9611052e-01  5.8167940e-02 -6.4201300e-02 -1.1683100e+03]
 [ 0.0000000e+00  0.0000000e+00  0.0000000e+00  1.0000000e+00]]
[-0099.92, +0042.74, -1044.27]
1000, 1000, 750
[[-7.4969160e-02  9.5470926e-01 -2.8711458e-01 -9.7900000e+00]
 [ 4.6126980e-02  2.9117414e-01  9.5539346e-01  1.4966000e+02]
 [ 9.9587994e-01  5.8605380e-02 -6.5708260e-02 -1.1682800e+03]
 [ 0.0000000e+00  0.0000000e+00  0.0000000e+00  1.0000000e+00]]
[-0065.44, +0042.82, -1052.36]
1250, 1250, 750
[[-7.5278420e-02  9.5464962e-01 -2.8749738e-01 -9.8300000e+00]
 [ 4.6281780e-02  2.9151086e-01  9.5533602e-01  1.4970000e+02]
 [ 9.9592602e-01  5.8762380e-02 -6.6019720e-02 -1.1683000e+03]
 [ 0.0000000e+00  0.0000000e+00  0.0000000e+00  1.0000000e+00]]
[-0038.86, +0045.57, -1068.32]
1500, 1500, 750
[[-7.5418500e-02  9.5460242e-01 -2.8787906e-01 -9.8600000e+00]
 [ 4.6663460e-02  2.9184966e-01  9.5526598e-01  1.4974000e+02]
 [ 9.9597322e-01  5.8692340e-02 -6.6498600e-02 -1.1683100e+03]
 [ 0.0000000e+00  0.0000000e+00  0.0000000e+00  1.0000000e+00]]
[-0018.27, +0047.30, -1090.02]
1750, 1750, 750
[[-7.6376740e-02  9.5440808e-01 -2.8832234e-01 -9.9300000e+00]
 [ 4.6807840e-02  2.9235120e-01  9.5511592e-01  1.4977000e+02]
 [ 9.9590842e-01  5.9519840e-02 -6.6955300e-02 -1.1682900e+03]
 [ 0.0000000e+00  0.0000000e+00  0.0000000e+00  1.0000000e+00]]
[-0005.10, +0046.87, -1115.57]
2000, 2000, 750
[[-7.7547300e-02  9.5371178e-01 -2.9000024e-01 -1.0030000e+01]
 [ 4.6754620e-02  2.9419478e-01  9.5449136e-01  1.5001000e+02]
 [ 9.9573104e-01  6.0610160e-02 -6.7298080e-02 -1.1683100e+03]
 [ 0.0000000e+00  0.0000000e+00  0.0000000e+00  1.0000000e+00]]
[-0004.32, +0045.75, -1133.20]
750, 750, 1000
[[-7.4181700e-02  9.5497536e-01 -2.8679128e-01 -9.7300000e+00]
 [ 4.5670080e-02  2.9067000e-01  9.5563956e-01  1.4963000e+02]
 [ 9.9606296e-01  5.7920520e-02 -6.5085940e-02 -1.1682900e+03]
 [ 0.0000000e+00  0.0000000e+00  0.0000000e+00  1.0000000e+00]]
[-0134.21, +0041.68, -1056.13]
1000, 1000, 1000
[[-7.5208500e-02  9.5451860e-01 -2.8759570e-01 -9.8300000e+00]
 [ 4.5766840e-02  2.9167580e-01  9.5524012e-01  1.4968000e+02]
 [ 9.9585262e-01  5.8928200e-02 -6.5445940e-02 -1.1683100e+03]
 [ 0.0000000e+00  0.0000000e+00  0.0000000e+00  1.0000000e+00]]
[-0100.07, +0042.31, -1054.31]
1250, 1250, 1000
[[-7.5687300e-02  9.5448130e-01 -2.8777520e-01 -9.8500000e+00]
 [ 4.5899020e-02  2.9184294e-01  9.5521880e-01  1.4970000e+02]
 [ 9.9586264e-01  5.9288480e-02 -6.5757600e-02 -1.1683200e+03]
 [ 0.0000000e+00  0.0000000e+00  0.0000000e+00  1.0000000e+00]]
[-0070.59, +0045.05, -1061.67]
1500, 1500, 1000
[[-7.6066920e-02  9.5431306e-01 -2.8822890e-01 -9.9100000e+00]
 [ 4.6329060e-02  2.9234892e-01  9.5504270e-01  1.4975000e+02]
 [ 9.9581270e-01  5.9493900e-02 -6.6309000e-02 -1.1683100e+03]
 [ 0.0000000e+00  0.0000000e+00  0.0000000e+00  1.0000000e+00]]
[-0045.08, +0046.68, -1076.06]
1750, 1750, 1000
[[-7.6447060e-02  9.5426462e-01 -2.8859774e-01 -9.9500000e+00]
 [ 4.6878740e-02  2.9268764e-01  9.5497358e-01  1.4977000e+02]
 [ 9.9584738e-01  5.9591860e-02 -6.7027860e-02 -1.1682800e+03]
 [ 0.0000000e+00  0.0000000e+00  0.0000000e+00  1.0000000e+00]]
[-0024.62, +0047.43, -1095.94]
2000, 2000, 1250
[[-7.6757200e-02  9.5408476e-01 -2.8906492e-01 -1.0030000e+01]
 [ 4.6913240e-02  2.9319102e-01  9.5480866e-01  1.4982000e+02]
 [ 9.9580892e-01  5.9855660e-02 -6.7173220e-02 -1.1682800e+03]
 [ 0.0000000e+00  0.0000000e+00  0.0000000e+00  1.0000000e+00]]
[-0029.71, +0047.10, -1103.48]
2250, 2250, 1250
[[-7.6221840e-02  9.5336088e-01 -2.9121136e-01 -1.0180000e+01]
 [ 4.6292240e-02  2.9537400e-01  9.5409168e-01  1.5006000e+02]
 [ 9.9577008e-01  5.9472160e-02 -6.6484800e-02 -1.1683400e+03]
 [ 0.0000000e+00  0.0000000e+00  0.0000000e+00  1.0000000e+00]]
[-0033.26, +0046.88, -1109.30]
750, 750, 1250
[[-7.3924180e-02  9.5391926e-01 -2.8987070e-01 -9.9200000e+00]
 [ 4.5575740e-02  2.9386782e-01  9.5457010e-01  1.4992000e+02]
 [ 9.9594670e-01  5.7613100e-02 -6.5017000e-02 -1.1683300e+03]
 [ 0.0000000e+00  0.0000000e+00  0.0000000e+00  1.0000000e+00]]
[-0069.29, -0045.81, -1150.29]
1000, 1000, 1250
[[-7.5939280e-02  9.5380212e-01 -2.8966612e-01 -1.0020000e+01]
 [ 4.6382520e-02  2.9386342e-01  9.5451918e-01  1.4991000e+02]
 [ 9.9573772e-01  5.9327220e-02 -6.6359860e-02 -1.1682900e+03]
 [ 0.0000000e+00  0.0000000e+00  0.0000000e+00  1.0000000e+00]]
[-0062.62, -0038.25, -1136.83]
1250, 1250, 1250
[[-7.4312500e-02  9.5498702e-01 -2.8642514e-01 -9.8100000e+00]
 [ 4.4439220e-02  2.9032380e-01  9.5574466e-01  1.4954000e+02]
 [ 9.9602446e-01  5.8502060e-02 -6.3866740e-02 -1.1683200e+03]
 [ 0.0000000e+00  0.0000000e+00  0.0000000e+00  1.0000000e+00]]
[-0095.86, +0044.79, -1063.54]
1500, 1500, 1250
[[-7.5068900e-02  9.5472042e-01 -2.8692486e-01 -9.8500000e+00]
 [ 4.5709260e-02  2.9100236e-01  9.5544078e-01  1.4956000e+02]
 [ 9.9585522e-01  5.8867140e-02 -6.5301700e-02 -1.1683100e+03]
 [ 0.0000000e+00  0.0000000e+00  0.0000000e+00  1.0000000e+00]]
[-0068.37, +0048.11, -1071.42]
1750, 1750, 1500
[[-7.5617380e-02  9.5462466e-01 -2.8749966e-01 -9.9600000e+00]
 [ 4.5827940e-02  2.9150630e-01  9.5536098e-01  1.4960000e+02]
 [ 9.9592374e-01  5.9216220e-02 -6.5685320e-02 -1.1683200e+03]
 [ 0.0000000e+00  0.0000000e+00  0.0000000e+00  1.0000000e+00]]
[-0070.12, +0048.56, -1080.64]
2000, 2000, 1500
[[-7.5926760e-02  9.5432538e-01 -2.8805190e-01 -9.9900000e+00]
 [ 4.5743100e-02  2.9217710e-01  9.5508910e-01  1.4964000e+02]
 [ 9.9580038e-01  5.9587660e-02 -6.5662900e-02 -1.1683300e+03]
 [ 0.0000000e+00  0.0000000e+00  0.0000000e+00  1.0000000e+00]]
[-0048.48, +0047.46, -1094.06]
2250, 2250, 1500
[[-7.6799860e-02  9.5352514e-01 -2.9070758e-01 -1.0170000e+01]
 [ 4.6534580e-02  2.9486910e-01  9.5427326e-01  1.4990000e+02]
 [ 9.9576886e-01  5.9939380e-02 -6.6891400e-02 -1.1683400e+03]
 [ 0.0000000e+00  0.0000000e+00  0.0000000e+00  1.0000000e+00]]
[-0042.85, +0043.64, -1105.04]
750, 750, 1500
[[-7.3457320e-02  9.5543100e-01 -2.8562064e-01 -9.6500000e+00]
 [ 4.4114400e-02  2.8931500e-01  9.5615580e-01  1.4938000e+02]
 [ 9.9623364e-01  5.7720000e-02 -6.3341320e-02 -1.1683500e+03]
 [ 0.0000000e+00  0.0000000e+00  0.0000000e+00  1.0000000e+00]]
[-0174.94, +0040.57, -1096.26]
1000, 1000, 1500
[[-7.4381860e-02  9.5506744e-01 -2.8600292e-01 -9.7800000e+00]
 [ 4.5243280e-02  2.8999160e-01  9.5578084e-01  1.4947000e+02]
 [ 9.9594404e-01  5.8396520e-02 -6.4607700e-02 -1.1683300e+03]
 [ 0.0000000e+00  0.0000000e+00  0.0000000e+00  1.0000000e+00]]
[-0148.97, +0040.67, -1079.43]
1250, 1250, 1500
[[-7.3394920e-02  9.5512176e-01 -2.8655220e-01 -9.7000000e+00]
 [ 4.5093240e-02  2.9033308e-01  9.5577840e-01  1.4946000e+02]
 [ 9.9616080e-01  5.7342600e-02 -6.4297000e-02 -1.1683000e+03]
 [ 0.0000000e+00  0.0000000e+00  0.0000000e+00  1.0000000e+00]]
[-0121.56, +0043.86, -1072.07]
1500, 1500, 1750
[[-7.4151720e-02  9.5485580e-01 -2.8705256e-01 -9.8100000e+00]
 [ 4.6363600e-02  2.9101100e-01  9.5547380e-01  1.4951000e+02]
 [ 9.9599156e-01  5.7707600e-02 -6.5731720e-02 -1.1682800e+03]
 [ 0.0000000e+00  0.0000000e+00  0.0000000e+00  1.0000000e+00]]
[-0120.40, +0044.45, -1082.24]
1750, 1750, 1750
[[-7.5617380e-02  9.5465960e-01 -2.8729520e-01 -9.8700000e+00]
 [ 4.6032400e-02  2.9133912e-01  9.5538460e-01  1.4957000e+02]
 [ 9.9588880e-01  5.9192600e-02 -6.5852500e-02 -1.1683000e+03]
 [ 0.0000000e+00  0.0000000e+00  0.0000000e+00  1.0000000e+00]]
[-0094.84, +0047.12, -1082.67]
2000, 2000, 1750
[[-7.5827380e-02  9.5438434e-01 -2.8783254e-01 -1.0010000e+01]
 [ 4.6569740e-02  2.9201468e-01  9.5508882e-01  1.4960000e+02]
 [ 9.9575514e-01  5.9278380e-02 -6.6403700e-02 -1.1683000e+03]
 [ 0.0000000e+00  0.0000000e+00  0.0000000e+00  1.0000000e+00]]
[-0070.63, +0046.84, -1090.02]
2250, 2250, 1750
[[-7.7575440e-02  9.5397224e-01 -2.8892188e-01 -1.0110000e+01]
 [ 4.6880080e-02  2.9318630e-01  9.5475304e-01  1.4974000e+02]
 [ 9.9566116e-01  6.0729520e-02 -6.7318900e-02 -1.1683000e+03]
 [ 0.0000000e+00  0.0000000e+00  0.0000000e+00  1.0000000e+00]]
[-0056.64, +0043.73, -1101.04]
750, 750, 1750
[[-7.3356660e-02  9.5533460e-01 -2.8569108e-01 -9.6900000e+00]
 [ 4.4617080e-02  2.8948710e-01  9.5602544e-01  1.4940000e+02]
 [ 9.9613900e-01  5.7542400e-02 -6.3747600e-02 -1.1683200e+03]
 [ 0.0000000e+00  0.0000000e+00  0.0000000e+00  1.0000000e+00]]
[-0186.00, +0040.07, -1125.57]
1000, 1000, 1750
[[-7.4760000e-02  9.5481480e-01 -2.8633760e-01 -9.8100000e+00]
 [ 4.5758800e-02  2.9049822e-01  9.5552160e-01  1.4947000e+02]
 [ 9.9577440e-01  5.8686400e-02 -6.5157780e-02 -1.1683100e+03]
 [ 0.0000000e+00  0.0000000e+00  0.0000000e+00  1.0000000e+00]]
[-0168.06, +0039.89, -1103.66]
1250, 1250, 2000
[[-7.4729860e-02  9.5478016e-01 -2.8671824e-01 -9.7800000e+00]
 [ 4.6367360e-02  2.9083950e-01  9.5543948e-01  1.4944000e+02]
 [ 9.9582256e-01  5.8389880e-02 -6.5803600e-02 -1.1682600e+03]
 [ 0.0000000e+00  0.0000000e+00  0.0000000e+00  1.0000000e+00]]
[-0162.66, +0041.82, -1111.04]
1500, 1500, 2000
[[-7.4490600e-02  9.5479620e-01 -2.8725900e-01 -9.8500000e+00]
 [ 4.5705480e-02  2.9117414e-01  9.5547490e-01  1.4949000e+02]
 [ 9.9602436e-01  5.8184980e-02 -6.5229700e-02 -1.1682800e+03]
 [ 0.0000000e+00  0.0000000e+00  0.0000000e+00  1.0000000e+00]]
[-0140.92, +0043.26, -1097.34]
1750, 1750, 2000
[[-7.5138660e-02  9.5466192e-01 -2.8732012e-01 -9.8500000e+00]
 [ 4.5695680e-02  2.9133912e-01  9.5538228e-01  1.4954000e+02]
 [ 9.9591372e-01  5.8855880e-02 -6.5373780e-02 -1.1682800e+03]
 [ 0.0000000e+00  0.0000000e+00  0.0000000e+00  1.0000000e+00]]
[-0117.40, +0046.34, -1091.13]
2000, 2000, 2000
[[-7.6066920e-02  9.5438322e-01 -2.8781994e-01 -9.9500000e+00]
 [ 4.6738020e-02  2.9201468e-01  9.5508994e-01  1.4957000e+02]
 [ 9.9574254e-01  5.9446660e-02 -6.6643240e-02 -1.1682600e+03]
 [ 0.0000000e+00  0.0000000e+00  0.0000000e+00  1.0000000e+00]]
[-0093.32, +0046.08, -1091.96]
2250, 2250, 2000
[[-7.7645960e-02  9.5398386e-01 -2.8890786e-01 -1.0100000e+01]
 [ 4.7275260e-02  2.9318870e-01  9.5474142e-01  1.4965000e+02]
 [ 9.9564954e-01  6.0670620e-02 -6.7725700e-02 -1.1682700e+03]
 [ 0.0000000e+00  0.0000000e+00  0.0000000e+00  1.0000000e+00]]
[-0075.44, +0043.12, -1098.93]
750, 750, 2000
[[-7.2847680e-02  9.5525152e-01 -2.8577264e-01 -9.7000000e+00]
 [ 4.5177920e-02  2.8966112e-01  9.5588176e-01  1.4940000e+02]
 [ 9.9605744e-01  5.6969440e-02 -6.4082560e-02 -1.1683200e+03]
 [ 0.0000000e+00  0.0000000e+00  0.0000000e+00  1.0000000e+00]]
[-0188.35, +0040.20, -1152.99]
1000, 1000, 2250
[[-7.5926760e-02  9.5458512e-01 -2.8714924e-01 -9.9600000e+00]
 [ 4.6680760e-02  2.9134140e-01  9.5529072e-01  1.4946000e+02]
 [ 9.9574512e-01  5.9386040e-02 -6.6498600e-02 -1.1683000e+03]
 [ 0.0000000e+00  0.0000000e+00  0.0000000e+00  1.0000000e+00]]
[-0179.56, +0039.38, -1153.53]
1250, 1250, 2250
[[-7.6505300e-02  9.5455872e-01 -2.8713894e-01 -9.9500000e+00]
 [ 4.6395360e-02  2.9133676e-01  9.5531712e-01  1.4949000e+02]
 [ 9.9573018e-01  6.0008160e-02 -6.6403700e-02 -1.1683200e+03]
 [ 0.0000000e+00  0.0000000e+00  0.0000000e+00  1.0000000e+00]]
[-0170.31, +0041.06, -1133.82]
1500, 1500, 2250
[[-7.630650e-02  9.544172e-01 -2.876028e-01 -1.000000e+01]
 [ 4.711080e-02  2.918475e-01  9.551146e-01  1.495300e+02]
 [ 9.956948e-01  5.959140e-02 -6.705000e-02 -1.168280e+03]
 [ 0.000000e+00  0.000000e+00  0.000000e+00  1.000000e+00]]
[-0155.16, +0043.03, -1116.87]
1750, 1750, 2250
[[-7.7533860e-02  9.5425564e-01 -2.8765282e-01 -1.0020000e+01]
 [ 4.6815080e-02  2.9200760e-01  9.5504924e-01  1.4955000e+02]
 [ 9.9556834e-01  6.0884120e-02 -6.7100500e-02 -1.1683000e+03]
 [ 0.0000000e+00  0.0000000e+00  0.0000000e+00  1.0000000e+00]]
[-0135.98, +0045.10, -1105.54]
2000, 2000, 2250
[[-7.7194900e-02  9.5417582e-01 -2.8826416e-01 -1.0080000e+01]
 [ 4.6655180e-02  2.9251358e-01  9.5495296e-01  1.4959000e+02]
 [ 9.9567616e-01  6.0500960e-02 -6.6933480e-02 -1.1683000e+03]
 [ 0.0000000e+00  0.0000000e+00  0.0000000e+00  1.0000000e+00]]
[-0114.09, +0045.04, -1100.30]
2250, 2250, 2250
[[-7.7787240e-02  9.5397198e-01 -2.8908442e-01 -1.0190000e+01]
 [ 4.7861020e-02  2.9336028e-01  9.5469438e-01  1.4968000e+02]
 [ 9.9566142e-01  6.0576380e-02 -6.8372520e-02 -1.1682700e+03]
 [ 0.0000000e+00  0.0000000e+00  0.0000000e+00  1.0000000e+00]]
[-0094.80, +0042.54, -1101.79]
2250, 2000, 2000
[[-7.7194900e-02  9.5433082e-01 -2.8797486e-01 -1.0070000e+01]
 [ 4.6979620e-02  2.9217950e-01  9.5508366e-01  1.4958000e+02]
 [ 9.9572574e-01  6.0370260e-02 -6.7267560e-02 -1.1682800e+03]
 [ 0.0000000e+00  0.0000000e+00  0.0000000e+00  1.0000000e+00]]
[-0084.32, +0066.00, -1098.12]
2250, 1750, 1750
[[-7.6885000e-02  9.5435558e-01 -2.8779694e-01 -1.0030000e+01]
 [ 4.6620700e-02  2.9201004e-01  9.5511758e-01  1.4955000e+02]
 [ 9.9571490e-01  6.0237100e-02 -6.6788200e-02 -1.1683000e+03]
 [ 0.0000000e+00  0.0000000e+00  0.0000000e+00  1.0000000e+00]]
[-0073.56, +0084.49, -1100.47]
2250, 1500, 1500
[[-7.6575300e-02  9.5461994e-01 -2.8744942e-01 -9.9800000e+00]
 [ 4.6501300e-02  2.9150630e-01  9.5536570e-01  1.4954000e+02]
 [ 9.9587350e-01  5.9889580e-02 -6.6643240e-02 -1.1682700e+03]
 [ 0.0000000e+00  0.0000000e+00  0.0000000e+00  1.0000000e+00]]
[-0061.45, +0099.57, -1108.91]
2250, 1250, 1250
[[-7.6774660e-02  9.5452212e-01 -2.8715534e-01 -9.9700000e+00]
 [ 4.5546360e-02  2.9132920e-01  9.5535372e-01  1.4952000e+02]
 [ 9.9573902e-01  6.0520440e-02 -6.5662900e-02 -1.1683200e+03]
 [ 0.0000000e+00  0.0000000e+00  0.0000000e+00  1.0000000e+00]]
[-0052.69, +0111.95, -1122.29]
2250, 1000, 1000
[[-7.6944360e-02  9.5481876e-01 -2.8657776e-01 -9.9500000e+00]
 [ 4.5968160e-02  2.9065820e-01  9.5562772e-01  1.4949000e+02]
 [ 9.9583764e-01  6.0485920e-02 -6.6164200e-02 -1.1683000e+03]
 [ 0.0000000e+00  0.0000000e+00  0.0000000e+00  1.0000000e+00]]
[-0046.27, +0121.85, -1140.26]
2000, 750, 750
[[-7.4821840e-02  9.5524288e-01 -2.8532192e-01 -9.7300000e+00]
 [ 4.4900480e-02  2.8931256e-01  9.5600672e-01  1.4939000e+02]
 [ 9.9593248e-01  5.8957120e-02 -6.4368640e-02 -1.1683100e+03]
 [ 0.0000000e+00  0.0000000e+00  0.0000000e+00  1.0000000e+00]]
[-0044.04, +0127.16, -1135.72]
2000, 2250, 2250
[[-7.7236800e-02  9.5411776e-01 -2.8883488e-01 -1.0130000e+01]
 [ 4.7454080e-02  2.9302400e-01  9.5483456e-01  1.4964000e+02]
 [ 9.9574816e-01  6.0168320e-02 -6.7819840e-02 -1.1682900e+03]
 [ 0.0000000e+00  0.0000000e+00  0.0000000e+00  1.0000000e+00]]
[-0105.24, +0023.62, -1102.47]
2000, 2000, 2000
[[-7.6645380e-02  9.5447658e-01 -2.8772488e-01 -9.9700000e+00]
 [ 4.6572220e-02  2.9184294e-01  9.5522352e-01  1.4956000e+02]
 [ 9.9581232e-01  5.9961680e-02 -6.6715680e-02 -1.1683000e+03]
 [ 0.0000000e+00  0.0000000e+00  0.0000000e+00  1.0000000e+00]]
[-0095.85, +0045.54, -1091.97]
2000, 1750, 1750
[[-7.6265800e-02  9.5464470e-01 -2.8727130e-01 -9.9600000e+00]
 [ 4.6142220e-02  2.9133676e-01  9.5539950e-01  1.4953000e+02]
 [ 9.9586254e-01  5.9756220e-02 -6.6164200e-02 -1.1682900e+03]
 [ 0.0000000e+00  0.0000000e+00  0.0000000e+00  1.0000000e+00]]
[-0085.97, +0065.66, -1088.20]
2000, 1500, 1500
[[-7.6435380e-02  9.5478680e-01 -2.8698318e-01 -9.9200000e+00]
 [ 4.6239600e-02  2.9100000e-01  9.5554280e-01  1.4952000e+02]
 [ 9.9591118e-01  5.9852400e-02 -6.6331380e-02 -1.1683100e+03]
 [ 0.0000000e+00  0.0000000e+00  0.0000000e+00  1.0000000e+00]]
[-0073.11, +0083.82, -1090.35]
2000, 1250, 1250
[[-7.5886740e-02  9.5472796e-01 -2.8669784e-01 -9.8900000e+00]
 [ 4.5796840e-02  2.9083038e-01  9.5549168e-01  1.4948000e+02]
 [ 9.9579304e-01  5.9634080e-02 -6.5613120e-02 -1.1682900e+03]
 [ 0.0000000e+00  0.0000000e+00  0.0000000e+00  1.0000000e+00]]
[-0061.89, +0100.86, -1099.08]
1750, 1000, 1000
[[-7.5338500e-02  9.5494318e-01 -2.8603824e-01 -9.8300000e+00]
 [ 4.5797740e-02  2.9015894e-01  9.5567832e-01  1.4945000e+02]
 [ 9.9580968e-01  5.9177760e-02 -6.5397000e-02 -1.1682900e+03]
 [ 0.0000000e+00  0.0000000e+00  0.0000000e+00  1.0000000e+00]]
[-0060.24, +0105.97, -1091.78]
1750, 750, 750
[[-7.4991700e-02  9.5514562e-01 -2.8520366e-01 -9.7400000e+00]
 [ 4.4758700e-02  2.8931004e-01  9.5593538e-01  1.4938000e+02]
 [ 9.9581170e-01  5.9267500e-02 -6.4201300e-02 -1.1683200e+03]
 [ 0.0000000e+00  0.0000000e+00  0.0000000e+00  1.0000000e+00]]
[-0049.30, +0123.27, -1109.90]
1750, 2250, 2250
[[-7.7279700e-02  9.5373530e-01 -2.8945490e-01 -1.0210000e+01]
 [ 4.8097700e-02  2.9386782e-01  9.5441794e-01  1.4968000e+02]
 [ 9.9553090e-01  6.0132940e-02 -6.8372520e-02 -1.1682700e+03]
 [ 0.0000000e+00  0.0000000e+00  0.0000000e+00  1.0000000e+00]]
[-0113.60, +0006.57, -1108.13]
1750, 2000, 2000
[[-7.6575300e-02  9.5446514e-01 -2.8773872e-01 -9.9900000e+00]
 [ 4.6176980e-02  2.9184054e-01  9.5523496e-01  1.4955000e+02]
 [ 9.9582376e-01  6.0020320e-02 -6.6309000e-02 -1.1683000e+03]
 [ 0.0000000e+00  0.0000000e+00  0.0000000e+00  1.0000000e+00]]
[-0106.11, +0025.97, -1091.98]
1750, 1750, 1750
[[-7.6674880e-02  9.5451112e-01 -2.8734472e-01 -9.9500000e+00]
 [ 4.5963920e-02  2.9150142e-01  9.5530618e-01  1.4954000e+02]
 [ 9.9576392e-01  6.0258620e-02 -6.6069460e-02 -1.1683000e+03]
 [ 0.0000000e+00  0.0000000e+00  0.0000000e+00  1.0000000e+00]]
[-0097.65, +0046.27, -1082.39]
1750, 1500, 1500
[[-7.6365540e-02  9.5465572e-01 -2.8708180e-01 -9.9300000e+00]
 [ 4.5724600e-02  2.9116470e-01  9.5544700e-01  1.4950000e+02]
 [ 9.9583772e-01  6.0018040e-02 -6.5757600e-02 -1.1683000e+03]
 [ 0.0000000e+00  0.0000000e+00  0.0000000e+00  1.0000000e+00]]
[-0084.04, +0065.81, -1078.51]
1500, 1250, 1250
[[-7.5577760e-02  9.5471796e-01 -2.8672404e-01 -9.8700000e+00]
 [ 4.5233160e-02  2.9082790e-01  9.5550168e-01  1.4946000e+02]
 [ 9.9581676e-01  5.9524080e-02 -6.4967300e-02 -1.1683200e+03]
 [ 0.0000000e+00  0.0000000e+00  0.0000000e+00  1.0000000e+00]]
[-0083.94, +0067.74, -1069.61]
1500, 1000, 1000
[[-7.6086980e-02  9.5502414e-01 -2.8594458e-01 -9.8200000e+00]
 [ 4.5405540e-02  2.8998428e-01  9.5582414e-01  1.4946000e+02]
 [ 9.9587838e-01  5.9919460e-02 -6.5301700e-02 -1.1683000e+03]
 [ 0.0000000e+00  0.0000000e+00  0.0000000e+00  1.0000000e+00]]
[-0070.67, +0091.23, -1073.82]
1500, 750, 750
[[-7.5300000e-02  9.5520576e-01 -2.8550168e-01 -9.7400000e+00]
 [ 4.5033200e-02  2.8947990e-01  9.5598570e-01  1.4940000e+02]
 [ 9.9594240e-01  5.9317820e-02 -6.4679460e-02 -1.1682900e+03]
 [ 0.0000000e+00  0.0000000e+00  0.0000000e+00  1.0000000e+00]]
[-0057.18, +0113.40, -1086.63]
1500, 2250, 2250
[[-7.9629060e-02  9.5292604e-01 -2.9185448e-01 -1.0470000e+01]
 [ 4.9080280e-02  2.9638320e-01  9.5366636e-01  1.4978000e+02]
 [ 9.9540856e-01  6.1809080e-02 -7.0234500e-02 -1.1682800e+03]
 [ 0.0000000e+00  0.0000000e+00  0.0000000e+00  1.0000000e+00]]
[-0118.51, -0004.45, -1115.02]
1500, 2000, 2000
[[-7.6645380e-02  9.5447658e-01 -2.8772488e-01 -9.9800000e+00]
 [ 4.6572220e-02  2.9184294e-01  9.5522352e-01  1.4953000e+02]
 [ 9.9581232e-01  5.9961680e-02 -6.6715680e-02 -1.1682800e+03]
 [ 0.0000000e+00  0.0000000e+00  0.0000000e+00  1.0000000e+00]]
[-0114.91, +0010.28, -1096.64]
1500, 1750, 1750
[[-7.6505300e-02  9.5448876e-01 -2.8754802e-01 -9.9600000e+00]
 [ 4.5986280e-02  2.9167100e-01  9.5526996e-01  1.4951000e+02]
 [ 9.9580014e-01  6.0055320e-02 -6.6069460e-02 -1.1682700e+03]
 [ 0.0000000e+00  0.0000000e+00  0.0000000e+00  1.0000000e+00]]
[-0106.54, +0027.90, -1081.91]
1250, 1500, 1500
[[-7.6365540e-02  9.5457090e-01 -2.8696208e-01 -9.9300000e+00]
 [ 4.5809420e-02  2.9116470e-01  9.5536344e-01  1.4947000e+02]
 [ 9.9571800e-01  6.0101600e-02 -6.5757600e-02 -1.1682900e+03]
 [ 0.0000000e+00  0.0000000e+00  0.0000000e+00  1.0000000e+00]]
[-0108.05, +0022.10, -1073.17]
1250, 1250, 1250
[[-7.5817060e-02  9.5483636e-01 -2.8662674e-01 -9.8800000e+00]
 [ 4.5521240e-02  2.9066072e-01  9.5561012e-01  1.4944000e+02]
 [ 9.9588914e-01  5.9585320e-02 -6.5373780e-02 -1.1682800e+03]
 [ 0.0000000e+00  0.0000000e+00  0.0000000e+00  1.0000000e+00]]
[-0096.95, +0044.76, -1063.56]
1250, 1000, 1000
[[-7.5817060e-02  9.5506048e-01 -2.8592840e-01 -9.8400000e+00]
 [ 4.6254400e-02  2.8999160e-01  9.5578780e-01  1.4944000e+02]
 [ 9.9586952e-01  5.9407640e-02 -6.6042900e-02 -1.1682900e+03]
 [ 0.0000000e+00  0.0000000e+00  0.0000000e+00  1.0000000e+00]]
[-0083.44, +0070.72, -1060.62]
1250, 750, 750
[[-7.5060900e-02  9.5515672e-01 -2.8519004e-01 -9.7600000e+00]
 [ 4.5154000e-02  2.8931256e-01  9.5592428e-01  1.4936000e+02]
 [ 9.9580060e-01  5.9209400e-02 -6.4607700e-02 -1.1683100e+03]
 [ 0.0000000e+00  0.0000000e+00  0.0000000e+00  1.0000000e+00]]
[-0068.44, +0096.82, -1066.31]
1250, 2250, 2250
[[-7.8808480e-02  9.5212996e-01 -2.9477340e-01 -1.0720000e+01]
 [ 4.9505960e-02  2.9923958e-01  9.5277480e-01  1.4976000e+02]
 [ 9.9548580e-01  6.0656400e-02 -7.0604900e-02 -1.1683000e+03]
 [ 0.0000000e+00  0.0000000e+00  0.0000000e+00  1.0000000e+00]]
[-0122.72, -0017.60, -1126.40]
1250, 2000, 2000
[[-7.3912500e-02  9.5470230e-01 -2.8735390e-01 -9.8600000e+00]
 [ 4.5871300e-02  2.9134572e-01  9.5534190e-01  1.4938000e+02]
 [ 9.9595410e-01  5.7670100e-02 -6.5157780e-02 -1.1683100e+03]
 [ 0.0000000e+00  0.0000000e+00  0.0000000e+00  1.0000000e+00]]
[-0123.15, -0009.19, -1109.42]
1000, 1750, 1750
[[-7.4042580e-02  9.5507262e-01 -2.8673324e-01 -9.7700000e+00]
 [ 4.4999020e-02  2.9049822e-01  9.5576916e-01  1.4934000e+02]
 [ 9.9617004e-01  5.7930040e-02 -6.4440360e-02 -1.1683500e+03]
 [ 0.0000000e+00  0.0000000e+00  0.0000000e+00  1.0000000e+00]]
[-0126.91, -0015.33, -1103.25]
1000, 1500, 1500
[[-7.356450e-02  9.550595e-01 -2.862295e-01 -9.770000e+00]
 [ 4.515550e-02  2.901635e-01  9.557305e-01  1.493200e+02]
 [ 9.960055e-01  5.762950e-02 -6.429700e-02 -1.168300e+03]
 [ 0.000000e+00  0.000000e+00  0.000000e+00  1.000000e+00]]
[-0120.10, -0001.77, -1081.54]
1000, 1250, 1250
[[-7.4142800e-02  9.5510328e-01 -2.8581084e-01 -9.7400000e+00]
 [ 4.5279120e-02  2.8982422e-01  9.5580324e-01  1.4929000e+02]
 [ 9.9592164e-01  5.8204440e-02 -6.4536020e-02 -1.1683000e+03]
 [ 0.0000000e+00  0.0000000e+00  0.0000000e+00  1.0000000e+00]]
[-0111.18, +0018.70, -1064.77]
1000, 1000, 1000
[[-7.4004240e-02  9.5535472e-01 -2.8546356e-01 -9.7200000e+00]
 [ 4.4931840e-02  2.8931736e-01  9.5606348e-01  1.4926000e+02]
 [ 9.9607892e-01  5.8082760e-02 -6.4225440e-02 -1.1683200e+03]
 [ 0.0000000e+00  0.0000000e+00  0.0000000e+00  1.0000000e+00]]
[-0098.67, +0044.17, -1054.06]
1000, 750, 750
[[-7.3627140e-02  9.5559142e-01 -2.8460016e-01 -9.6200000e+00]
 [ 4.4909340e-02  2.8847526e-01  9.5628568e-01  1.4922000e+02]
 [ 9.9605992e-01  5.7828960e-02 -6.4011240e-02 -1.1683000e+03]
 [ 0.0000000e+00  0.0000000e+00  0.0000000e+00  1.0000000e+00]]
[-0083.17, +0072.63, -1051.03]
750, 2000, 2000
[[-7.5728200e-02  9.5430310e-01 -2.8843110e-01 -1.0010000e+01]
 [ 4.6578580e-02  2.9252054e-01  9.5499390e-01  1.4944000e+02]
 [ 9.9585006e-01  5.9063580e-02 -6.6476100e-02 -1.1683200e+03]
 [ 0.0000000e+00  0.0000000e+00  0.0000000e+00  1.0000000e+00]]
[-0130.91, -0034.27, -1147.26]
750, 1750, 1750
[[-7.4690440e-02  9.5507750e-01 -2.8597710e-01 -9.7500000e+00]
 [ 4.5807100e-02  2.8999388e-01  9.5577078e-01  1.4931000e+02]
 [ 9.9592050e-01  5.8506780e-02 -6.5253320e-02 -1.1682800e+03]
 [ 0.0000000e+00  0.0000000e+00  0.0000000e+00  1.0000000e+00]]
[-0132.65, -0030.69, -1123.98]
750, 1500, 1500
[[-7.4243220e-02  9.5523406e-01 -2.8553620e-01 -9.7100000e+00]
 [ 4.4980940e-02  2.8948478e-01  9.5595740e-01  1.4929000e+02]
 [ 9.9598180e-01  5.8358600e-02 -6.4297000e-02 -1.1682900e+03]
 [ 0.0000000e+00  0.0000000e+00  0.0000000e+00  1.0000000e+00]]
[-0129.55, -0022.70, -1098.06]
750, 1250, 1250
[[-7.4073480e-02  9.5540046e-01 -2.8524582e-01 -9.7000000e+00]
 [ 4.5531540e-02  2.8915214e-01  9.5607586e-01  1.4927000e+02]
 [ 9.9603318e-01  5.8001140e-02 -6.4799380e-02 -1.1682900e+03]
 [ 0.0000000e+00  0.0000000e+00  0.0000000e+00  1.0000000e+00]]
[-0124.13, -0007.55, -1075.21]
750, 1000, 1000
[[-7.4274760e-02  9.5538838e-01 -2.8507062e-01 -9.6700000e+00]
 [ 4.4491820e-02  2.8897532e-01  9.5614602e-01  1.4921000e+02]
 [ 9.9601842e-01  5.8547220e-02 -6.3819080e-02 -1.1683200e+03]
 [ 0.0000000e+00  0.0000000e+00  0.0000000e+00  1.0000000e+00]]
[-0113.71, +0015.96, -1055.96]
750, 750, 750
[[-7.3728080e-02  9.5579100e-01 -2.8391664e-01 -9.5800000e+00]
 [ 4.5019800e-02  2.8780030e-01  9.5648640e-01  1.4919000e+02]
 [ 9.9605136e-01  5.7936000e-02 -6.4107620e-02 -1.1682900e+03]
 [ 0.0000000e+00  0.0000000e+00  0.0000000e+00  1.0000000e+00]]
[-0099.52, +0043.94, -1044.19]
2250, 2250, 2250
[[-7.9113940e-02  9.5385542e-01 -2.8873988e-01 -1.0260000e+01]
 [ 4.7351420e-02  2.9318126e-01  9.5470172e-01  1.4951000e+02]
 [ 9.9547412e-01  6.2107720e-02 -6.8184840e-02 -1.1682900e+03]
 [ 0.0000000e+00  0.0000000e+00  0.0000000e+00  1.0000000e+00]]
[-0095.36, +0042.34, -1101.80]
2000, 2250, 2000
[[-7.6984420e-02  9.5433146e-01 -2.8781210e-01 -1.0010000e+01]
 [ 4.5998540e-02  2.9200508e-01  9.5514170e-01  1.4946000e+02]
 [ 9.9572510e-01  6.0522700e-02 -6.6214500e-02 -1.1683200e+03]
 [ 0.0000000e+00  0.0000000e+00  0.0000000e+00  1.0000000e+00]]
[-0083.06, +0021.17, -1097.10]
1750, 2250, 1750
[[-7.6914420e-02  9.5450986e-01 -2.8733208e-01 -9.9600000e+00]
 [ 4.6132260e-02  2.9150142e-01  9.5530744e-01  1.4946000e+02]
 [ 9.9575128e-01  6.0426960e-02 -6.6309000e-02 -1.1683000e+03]
 [ 0.0000000e+00  0.0000000e+00  0.0000000e+00  1.0000000e+00]]
[-0071.26, +0002.74, -1098.71]
1500, 2250, 1500
[[-7.6575300e-02  9.5453518e-01 -2.8732964e-01 -9.9400000e+00]
 [ 4.6586060e-02  2.9150630e-01  9.5528212e-01  1.4946000e+02]
 [ 9.9575372e-01  5.9973160e-02 -6.6643240e-02 -1.1682800e+03]
 [ 0.0000000e+00  0.0000000e+00  0.0000000e+00  1.0000000e+00]]
[-0058.56, -0011.53, -1106.26]
1250, 2250, 1250
[[-7.6096260e-02  9.5453754e-01 -2.8735488e-01 -9.9100000e+00]
 [ 4.6249380e-02  2.9150630e-01  9.5527976e-01  1.4947000e+02]
 [ 9.9577896e-01  5.9636480e-02 -6.6164200e-02 -1.1682700e+03]
 [ 0.0000000e+00  0.0000000e+00  0.0000000e+00  1.0000000e+00]]
[-0049.86, -0025.03, -1119.62]
1000, 2250, 1000
[[-7.6226100e-02  9.5478778e-01 -2.8682004e-01 -9.8500000e+00]
 [ 4.5258300e-02  2.9082534e-01  9.5560028e-01  1.4943000e+02]
 [ 9.9591020e-01  6.0004200e-02 -6.5278800e-02 -1.1683000e+03]
 [ 0.0000000e+00  0.0000000e+00  0.0000000e+00  1.0000000e+00]]
[-0042.15, -0034.72, -1136.60]
750, 2000, 750
[[-7.4752680e-02  9.5542046e-01 -2.8484166e-01 -9.6300000e+00]
 [ 4.5033540e-02  2.8880790e-01  9.5617198e-01  1.4931000e+02]
 [ 9.9595934e-01  5.8861020e-02 -6.4464420e-02 -1.1682900e+03]
 [ 0.0000000e+00  0.0000000e+00  0.0000000e+00  1.0000000e+00]]
[-0040.67, -0040.00, -1129.52]
2250, 2000, 2250
[[-7.8493060e-02  9.5425068e-01 -2.8760130e-01 -1.0190000e+01]
 [ 4.7488200e-02  2.9200760e-01  9.5505420e-01  1.4940000e+02]
 [ 9.9551682e-01  6.1557240e-02 -6.8059700e-02 -1.1682500e+03]
 [ 0.0000000e+00  0.0000000e+00  0.0000000e+00  1.0000000e+00]]
[-0106.62, +0062.70, -1103.18]
2000, 2000, 2000
[[-7.6674880e-02  9.5458104e-01 -2.8693560e-01 -9.9500000e+00]
 [ 4.6373040e-02  2.9116718e-01  9.5535330e-01  1.4935000e+02]
 [ 9.9569400e-01  6.0211500e-02 -6.6403700e-02 -1.1682700e+03]
 [ 0.0000000e+00  0.0000000e+00  0.0000000e+00  1.0000000e+00]]
[-0096.92, +0041.77, -1092.05]
1750, 2000, 1750
[[-7.6365540e-02  9.5484524e-01 -2.8658790e-01 -9.8900000e+00]
 [ 4.6253400e-02  2.9066316e-01  9.5560124e-01  1.4935000e+02]
 [ 9.9585274e-01  5.9863800e-02 -6.6259140e-02 -1.1682700e+03]
 [ 0.0000000e+00  0.0000000e+00  0.0000000e+00  1.0000000e+00]]
[-0085.65, +0022.32, -1086.83]
1500, 2000, 1500
[[-7.6056400e-02  9.5486996e-01 -2.8640972e-01 -9.8400000e+00]
 [ 4.5894200e-02  2.9049350e-01  9.5563490e-01  1.4936000e+02]
 [ 9.9584180e-01  5.9730220e-02 -6.5780340e-02 -1.1682900e+03]
 [ 0.0000000e+00  0.0000000e+00  0.0000000e+00  1.0000000e+00]]
[-0071.81, +0004.90, -1087.55]
1250, 2000, 1250
[[-7.6635220e-02  9.5484358e-01 -2.8639968e-01 -9.8400000e+00]
 [ 4.5609020e-02  2.9048846e-01  9.5566128e-01  1.4934000e+02]
 [ 9.9582672e-01  6.0352320e-02 -6.5685320e-02 -1.1683000e+03]
 [ 0.0000000e+00  0.0000000e+00  0.0000000e+00  1.0000000e+00]]
[-0060.18, -0012.90, -1095.49]
1000, 1750, 1000
[[-7.6187400e-02  9.5506986e-01 -2.8555058e-01 -9.7700000e+00]
 [ 4.5192580e-02  2.8964460e-01  9.5589486e-01  1.4931000e+02]
 [ 9.9581886e-01  6.0157420e-02 -6.5062440e-02 -1.1683100e+03]
 [ 0.0000000e+00  0.0000000e+00  0.0000000e+00  1.0000000e+00]]
[-0058.30, -0017.43, -1087.76]
750, 1750, 750
[[-7.4444660e-02  9.5549562e-01 -2.8498692e-01 -9.6400000e+00]
 [ 4.4384580e-02  2.8880542e-01  9.5626548e-01  1.4929000e+02]
 [ 9.9610212e-01  5.8666680e-02 -6.3819080e-02 -1.1683300e+03]
 [ 0.0000000e+00  0.0000000e+00  0.0000000e+00  1.0000000e+00]]
[-0046.54, -0035.95, -1105.44]
2250, 1750, 2250
[[-8.0003700e-02  9.5406448e-01 -2.8800276e-01 -1.0290000e+01]
 [ 4.8363360e-02  2.9251110e-01  9.5489608e-01  1.4939000e+02]
 [ 9.9541228e-01  6.2661840e-02 -6.9405840e-02 -1.1682500e+03]
 [ 0.0000000e+00  0.0000000e+00  0.0000000e+00  1.0000000e+00]]
[-0114.31, +0075.92, -1108.34]
2000, 1750, 2000
[[-7.7154000e-02  9.5454360e-01 -2.8711480e-01 -1.0020000e+01]
 [ 4.6505200e-02  2.9133432e-01  9.5533224e-01  1.4935000e+02]
 [ 9.9570360e-01  6.0571760e-02 -6.6715680e-02 -1.1682900e+03]
 [ 0.0000000e+00  0.0000000e+00  0.0000000e+00  1.0000000e+00]]
[-0108.09, +0059.06, -1093.01]
1750, 1750, 1750
[[-7.6744840e-02  9.5474730e-01 -2.8663238e-01 -9.9400000e+00]
 [ 4.7092620e-02  2.9083510e-01  9.5547234e-01  1.4938000e+02]
 [ 9.9573230e-01  6.0022500e-02 -6.7144900e-02 -1.1682700e+03]
 [ 0.0000000e+00  0.0000000e+00  0.0000000e+00  1.0000000e+00]]
[-0096.96, +0041.66, -1082.49]
1500, 1750, 1500
[[-7.6704900e-02  9.5482004e-01 -2.8659038e-01 -9.9200000e+00]
 [ 4.5799720e-02  2.9065820e-01  9.5562644e-01  1.4930000e+02]
 [ 9.9585026e-01  6.0317480e-02 -6.5924740e-02 -1.1683100e+03]
 [ 0.0000000e+00  0.0000000e+00  0.0000000e+00  1.0000000e+00]]
[-0083.52, +0021.50, -1077.26]
1250, 1500, 1250
[[-7.5986760e-02  9.5504794e-01 -2.8592958e-01 -9.8600000e+00]
 [ 4.6027620e-02  2.8998924e-01  9.5580034e-01  1.4931000e+02]
 [ 9.9586834e-01  5.9634420e-02 -6.5875560e-02 -1.1682700e+03]
 [ 0.0000000e+00  0.0000000e+00  0.0000000e+00  1.0000000e+00]]
[-0083.43, +0021.16, -1068.01]
1000, 1500, 1000
[[-7.5778320e-02  9.5520324e-01 -2.8547684e-01 -9.7800000e+00]
 [ 4.5370360e-02  2.8947990e-01  9.5598822e-01  1.4929000e+02]
 [ 9.9591756e-01  5.9654980e-02 -6.5157780e-02 -1.1683100e+03]
 [ 0.0000000e+00  0.0000000e+00  0.0000000e+00  1.0000000e+00]]
[-0069.41, -0002.79, -1070.80]
750, 1500, 750
[[-7.4174020e-02  9.5548082e-01 -2.8464722e-01 -9.6400000e+00]
 [ 4.5522620e-02  2.8864508e-01  9.5616962e-01  1.4927000e+02]
 [ 9.9593942e-01  5.8215580e-02 -6.4727940e-02 -1.1682900e+03]
 [ 0.0000000e+00  0.0000000e+00  0.0000000e+00  1.0000000e+00]]
[-0055.43, -0025.90, -1083.04]
2250, 1500, 2250
[[-8.2139620e-02  9.5358816e-01 -2.8892550e-01 -1.0610000e+01]
 [ 4.9713840e-02  2.9368688e-01  9.5445600e-01  1.4935000e+02]
 [ 9.9515670e-01  6.4244400e-02 -7.1382500e-02 -1.1682200e+03]
 [ 0.0000000e+00  0.0000000e+00  0.0000000e+00  1.0000000e+00]]
[-0120.84, +0085.80, -1115.21]
2000, 1500, 2000
[[-7.7972560e-02  9.5455052e-01 -2.8688716e-01 -1.0030000e+01]
 [ 4.6592840e-02  2.9116214e-01  9.5538382e-01  1.4926000e+02]
 [ 9.9564052e-01  6.1338740e-02 -6.7027860e-02 -1.1682900e+03]
 [ 0.0000000e+00  0.0000000e+00  0.0000000e+00  1.0000000e+00]]
[-0117.99, +0076.36, -1099.68]
1750, 1500, 1750
[[-7.6774660e-02  9.5483140e-01 -2.8657650e-01 -9.9600000e+00]
 [ 4.6195000e-02  2.9066072e-01  9.5561508e-01  1.4924000e+02]
 [ 9.9583890e-01  6.0259080e-02 -6.6331380e-02 -1.1682800e+03]
 [ 0.0000000e+00  0.0000000e+00  0.0000000e+00  1.0000000e+00]]
[-0109.47, +0059.68, -1083.30]
1500, 1250, 1500
[[-7.6395840e-02  9.5491448e-01 -2.8600312e-01 -9.8900000e+00]
 [ 4.5849680e-02  2.9015406e-01  9.5570702e-01  1.4923000e+02]
 [ 9.9576968e-01  6.0136820e-02 -6.5780340e-02 -1.1682800e+03]
 [ 0.0000000e+00  0.0000000e+00  0.0000000e+00  1.0000000e+00]]
[-0109.34, +0064.35, -1074.22]
1250, 1250, 1250
[[-7.6226100e-02  9.5496188e-01 -2.8579734e-01 -9.8400000e+00]
 [ 4.6281000e-02  2.8998924e-01  9.5571788e-01  1.4921000e+02]
 [ 9.9573610e-01  5.9886600e-02 -6.6114900e-02 -1.1682600e+03]
 [ 0.0000000e+00  0.0000000e+00  0.0000000e+00  1.0000000e+00]]
[-0097.63, +0043.32, -1063.43]
1000, 1250, 1000
[[-7.6426660e-02  9.5522288e-01 -2.8524854e-01 -9.7800000e+00]
 [ 4.5685360e-02  2.8931004e-01  9.5602672e-01  1.4919000e+02]
 [ 9.9585658e-01  6.0195440e-02 -6.5636260e-02 -1.1682900e+03]
 [ 0.0000000e+00  0.0000000e+00  0.0000000e+00  1.0000000e+00]]
[-0083.26, +0017.94, -1058.87]
750, 1250, 750
[[-7.4784580e-02  9.5569402e-01 -2.8429114e-01 -9.6400000e+00]
 [ 4.4664020e-02  2.8813062e-01  9.5646766e-01  1.4916000e+02]
 [ 9.9608114e-01  5.8942340e-02 -6.4153960e-02 -1.1683100e+03]
 [ 0.0000000e+00  0.0000000e+00  0.0000000e+00  1.0000000e+00]]
[-0067.67, -0008.97, -1063.27]
2250, 1250, 2250
[[-8.3097040e-02  9.5290764e-01 -2.9094604e-01 -1.0990000e+01]
 [ 5.1506040e-02  2.9587870e-01  9.5369538e-01  1.4930000e+02]
 [ 9.9500236e-01  6.4457580e-02 -7.3531300e-02 -1.1682100e+03]
 [ 0.0000000e+00  0.0000000e+00  0.0000000e+00  1.0000000e+00]]
[-0127.89, +0094.67, -1124.38]
2000, 1250, 2000
[[-7.5587880e-02  9.5469502e-01 -2.8726682e-01 -1.0100000e+01]
 [ 4.7049820e-02  2.9134572e-01  9.5534918e-01  1.4915000e+02]
 [ 9.9586702e-01  5.8848620e-02 -6.6833160e-02 -1.1683100e+03]
 [ 0.0000000e+00  0.0000000e+00  0.0000000e+00  1.0000000e+00]]
[-0125.73, +0093.75, -1112.59]
1750, 1000, 1750
[[-7.5617380e-02  9.5483430e-01 -2.8627290e-01 -9.9600000e+00]
 [ 4.7054700e-02  2.9050262e-01  9.5550210e-01  1.4911000e+02]
 [ 9.9571410e-01  5.9075100e-02 -6.6689000e-02 -1.1682600e+03]
 [ 0.0000000e+00  0.0000000e+00  0.0000000e+00  1.0000000e+00]]
[-0129.48, +0098.43, -1106.13]
1500, 1000, 1500
[[-7.4520820e-02  9.5513990e-01 -2.8629996e-01 -9.9400000e+00]
 [ 4.5744700e-02  2.9016350e-01  9.5581860e-01  1.4910000e+02]
 [ 9.9607596e-01  5.8219800e-02 -6.5253320e-02 -1.1683100e+03]
 [ 0.0000000e+00  0.0000000e+00  0.0000000e+00  1.0000000e+00]]
[-0121.33, +0086.55, -1083.67]
1250, 1000, 1250
[[-7.4760000e-02  9.5508880e-01 -2.8596360e-01 -9.8900000e+00]
 [ 4.6202400e-02  2.8999608e-01  9.5575948e-01  1.4911000e+02]
 [ 9.9590920e-01  5.8448520e-02 -6.5659920e-02 -1.1682900e+03]
 [ 0.0000000e+00  0.0000000e+00  0.0000000e+00  1.0000000e+00]]
[-0112.07, +0067.48, -1065.82]
1000, 1000, 1000
[[-7.3325520e-02  9.5540360e-01 -2.8545924e-01 -9.8000000e+00]
 [ 4.5838800e-02  2.8932600e-01  9.5601460e-01  1.4908000e+02]
 [ 9.9608324e-01  5.7175800e-02 -6.4895520e-02 -1.1683000e+03]
 [ 0.0000000e+00  0.0000000e+00  0.0000000e+00  1.0000000e+00]]
[-0098.87, +0042.68, -1053.89]
750, 1000, 750
[[-7.3287540e-02  9.5576974e-01 -2.8430878e-01 -9.6700000e+00]
 [ 4.5686380e-02  2.8814430e-01  9.5639194e-01  1.4906000e+02]
 [ 9.9611246e-01  5.7245020e-02 -6.4681800e-02 -1.1683000e+03]
 [ 0.0000000e+00  0.0000000e+00  0.0000000e+00  1.0000000e+00]]
[-0083.22, +0014.19, -1049.65]
2000, 750, 2000
[[-8.1855300e-02  9.5414856e-01 -2.8729572e-01 -1.0450000e+01]
 [ 4.9928880e-02  2.9200760e-01  9.5498804e-01  1.4915000e+02]
 [ 9.9521124e-01  6.3996680e-02 -7.1421940e-02 -1.1682100e+03]
 [ 0.0000000e+00  0.0000000e+00  0.0000000e+00  1.0000000e+00]]
[-0134.60, +0114.82, -1148.77]
1750, 750, 1750
[[-7.691442e-02  9.549593e-01 -2.859350e-01 -9.990000e+00]
 [ 4.759930e-02  2.901635e-01  9.556622e-01  1.490900e+02]
 [ 9.957110e-01  6.007220e-02 -6.764692e-02 -1.168240e+03]
 [ 0.000000e+00  0.000000e+00  0.000000e+00  1.000000e+00]]
[-0134.32, +0113.47, -1127.08]
1500, 750, 1500
[[-7.6435380e-02  9.5503138e-01 -2.8555140e-01 -9.9300000e+00]
 [ 4.7671380e-02  2.8982862e-01  9.5570660e-01  1.4908000e+02]
 [ 9.9566660e-01  5.9688600e-02 -6.7502760e-02 -1.1682500e+03]
 [ 0.0000000e+00  0.0000000e+00  0.0000000e+00  1.0000000e+00]]
[-0131.74, +0105.90, -1100.93]
1250, 750, 1250
[[-7.5747460e-02  9.5518826e-01 -2.8512410e-01 -9.8500000e+00]
 [ 4.6677100e-02  2.8931964e-01  9.5589274e-01  1.4909000e+02]
 [ 9.9574174e-01  5.9372300e-02 -6.6305860e-02 -1.1682600e+03]
 [ 0.0000000e+00  0.0000000e+00  0.0000000e+00  1.0000000e+00]]
[-0125.68, +0091.61, -1077.20]
1000, 750, 1000
[[-7.6017540e-02  9.5546040e-01 -2.8456128e-01 -9.7800000e+00]
 [ 4.6476720e-02  2.8864280e-01  9.5619004e-01  1.4905000e+02]
 [ 9.9585120e-01  5.9623000e-02 -6.6234100e-02 -1.1682700e+03]
 [ 0.0000000e+00  0.0000000e+00  0.0000000e+00  1.0000000e+00]]
[-0114.57, +0069.81, -1056.93]
750, 750, 750
[[-7.4991700e-02  9.5579660e-01 -2.8384160e-01 -9.6800000e+00]
 [ 4.6259080e-02  2.8780254e-01  9.5648080e-01  1.4902000e+02]
 [ 9.9597856e-01  5.8722080e-02 -6.5708800e-02 -1.1682500e+03]
 [ 0.0000000e+00  0.0000000e+00  0.0000000e+00  1.0000000e+00]]
[-0100.23, +0041.88, -1044.10]
2250, 2250, 2250
[[-7.9467940e-02  9.5363928e-01 -2.8904226e-01 -1.0350000e+01]
 [ 4.8882240e-02  2.9369420e-01  9.5440488e-01  1.4938000e+02]
 [ 9.9528078e-01  6.2050560e-02 -6.9719300e-02 -1.1682200e+03]
 [ 0.0000000e+00  0.0000000e+00  0.0000000e+00  1.0000000e+00]]
[-0095.69, +0042.01, -1101.83]
2000, 2000, 2250
[[-7.7645960e-02  9.5440014e-01 -2.8771554e-01 -1.0160000e+01]
 [ 4.8538140e-02  2.9201900e-01  9.5507302e-01  1.4925000e+02]
 [ 9.9564246e-01  6.0339020e-02 -6.8895400e-02 -1.1682400e+03]
 [ 0.0000000e+00  0.0000000e+00  0.0000000e+00  1.0000000e+00]]
[-0121.37, +0043.02, -1102.35]
1750, 1750, 2250
[[-7.8013380e-02  9.5449296e-01 -2.8745762e-01 -1.0120000e+01]
 [ 4.7391440e-02  2.9167344e-01  9.5526576e-01  1.4922000e+02]
 [ 9.9571218e-01  6.1006640e-02 -6.7914180e-02 -1.1682500e+03]
 [ 0.0000000e+00  0.0000000e+00  0.0000000e+00  1.0000000e+00]]
[-0141.36, +0041.60, -1108.03]
1500, 1500, 2250
[[-7.6785780e-02  9.5445014e-01 -2.8737282e-01 -1.0110000e+01]
 [ 4.7651940e-02  2.9168028e-01  9.5514026e-01  1.4920000e+02]
 [ 9.9563422e-01  5.9904540e-02 -6.7696500e-02 -1.1682600e+03]
 [ 0.0000000e+00  0.0000000e+00  0.0000000e+00  1.0000000e+00]]
[-0157.81, +0041.15, -1118.79]
1250, 1250, 2250
[[-7.7124660e-02  9.5457952e-01 -2.8708574e-01 -1.0080000e+01]
 [ 4.7522560e-02  2.9134140e-01  9.5529632e-01  1.4918000e+02]
 [ 9.9568162e-01  6.0227840e-02 -6.7696500e-02 -1.1682500e+03]
 [ 0.0000000e+00  0.0000000e+00  0.0000000e+00  1.0000000e+00]]
[-0171.19, +0040.49, -1134.71]
1000, 1000, 2250
[[-7.6814880e-02  9.5467416e-01 -2.8649872e-01 -1.0030000e+01]
 [ 4.7572640e-02  2.9083734e-01  9.5537706e-01  1.4915000e+02]
 [ 9.9560088e-01  6.0047740e-02 -6.7551780e-02 -1.1682600e+03]
 [ 0.0000000e+00  0.0000000e+00  0.0000000e+00  1.0000000e+00]]
[-0180.19, +0039.93, -1154.86]
750, 750, 2000
[[-7.4860100e-02  9.5520408e-01 -2.8516056e-01 -9.8000000e+00]
 [ 4.6398000e-02  2.8932184e-01  9.5587692e-01  1.4904000e+02]
 [ 9.9578040e-01  5.8639800e-02 -6.5755700e-02 -1.1682700e+03]
 [ 0.0000000e+00  0.0000000e+00  0.0000000e+00  1.0000000e+00]]
[-0187.78, +0039.55, -1151.06]
2250, 2250, 2000
[[-7.9495440e-02  9.5406868e-01 -2.8820392e-01 -1.0230000e+01]
 [ 4.8839480e-02  2.9268536e-01  9.5483312e-01  1.4938000e+02]
 [ 9.9545128e-01  6.2004320e-02 -6.9739840e-02 -1.1682100e+03]
 [ 0.0000000e+00  0.0000000e+00  0.0000000e+00  1.0000000e+00]]
[-0074.15, +0043.05, -1098.93]
2000, 2000, 2000
[[-7.7124660e-02  9.5469936e-01 -2.8700100e-01 -1.0060000e+01]
 [ 4.7642400e-02  2.9117414e-01  9.5540336e-01  1.4923000e+02]
 [ 9.9576636e-01  6.0120800e-02 -6.7863760e-02 -1.1682500e+03]
 [ 0.0000000e+00  0.0000000e+00  0.0000000e+00  1.0000000e+00]]
[-0100.69, +0043.88, -1092.61]
1750, 1750, 2000
[[-7.7025480e-02  9.5467440e-01 -2.8666164e-01 -1.0040000e+01]
 [ 4.8553800e-02  2.9101100e-01  9.5531840e-01  1.4921000e+02]
 [ 9.9560064e-01  5.9895800e-02 -6.8605480e-02 -1.1682100e+03]
 [ 0.0000000e+00  0.0000000e+00  0.0000000e+00  1.0000000e+00]]
[-0123.05, +0041.78, -1092.49]
1500, 1500, 2000
[[-7.7224040e-02  9.5486484e-01 -2.8652208e-01 -1.0020000e+01]
 [ 4.7549280e-02  2.9066780e-01  9.5558164e-01  1.4920000e+02]
 [ 9.9579156e-01  6.0252320e-02 -6.7791400e-02 -1.1682300e+03]
 [ 0.0000000e+00  0.0000000e+00  0.0000000e+00  1.0000000e+00]]
[-0143.15, +0041.25, -1097.95]
1250, 1250, 2000
[[-7.6645380e-02  9.5492654e-01 -2.8632816e-01 -1.0000000e+01]
 [ 4.8039060e-02  2.9050470e-01  9.5557832e-01  1.4917000e+02]
 [ 9.9577144e-01  5.9606880e-02 -6.8053920e-02 -1.1682300e+03]
 [ 0.0000000e+00  0.0000000e+00  0.0000000e+00  1.0000000e+00]]
[-0162.28, +0040.93, -1110.07]
1000, 1000, 1750
[[-7.6126120e-02  9.5502084e-01 -2.8557788e-01 -9.9000000e+00]
 [ 4.7107560e-02  2.8982646e-01  9.5571714e-01  1.4910000e+02]
 [ 9.9569092e-01  5.9578260e-02 -6.6856420e-02 -1.1682500e+03]
 [ 0.0000000e+00  0.0000000e+00  0.0000000e+00  1.0000000e+00]]
[-0167.82, +0040.54, -1102.56]
750, 750, 1750
[[-7.5986760e-02  9.5546126e-01 -2.8473726e-01 -9.7700000e+00]
 [ 4.7289540e-02  2.8881702e-01  9.5613118e-01  1.4906000e+02]
 [ 9.9586406e-01  5.9303580e-02 -6.7047780e-02 -1.1682200e+03]
 [ 0.0000000e+00  0.0000000e+00  0.0000000e+00  1.0000000e+00]]
[-0185.62, +0039.26, -1123.83]
2250, 2250, 1750
[[-7.9015200e-02  9.5419104e-01 -2.8814552e-01 -1.0180000e+01]
 [ 4.8623120e-02  2.9251830e-01  9.5493774e-01  1.4942000e+02]
 [ 9.9556224e-01  6.1560980e-02 -6.9426660e-02 -1.1682200e+03]
 [ 0.0000000e+00  0.0000000e+00  0.0000000e+00  1.0000000e+00]]
[-0055.89, +0043.53, -1101.08]
2000, 2000, 1750
[[-7.6505300e-02  9.5490318e-01 -2.8635576e-01 -1.0000000e+01]
 [ 4.7248500e-02  2.9050046e-01  9.5560168e-01  1.4923000e+02]
 [ 9.9579480e-01  5.9723600e-02 -6.7240000e-02 -1.1682500e+03]
 [ 0.0000000e+00  0.0000000e+00  0.0000000e+00  1.0000000e+00]]
[-0078.61, +0043.73, -1089.22]
1750, 1750, 1750
[[-7.6984420e-02  9.5481620e-01 -2.8621048e-01 -9.9800000e+00]
 [ 4.7670200e-02  2.9050046e-01  9.5552020e-01  1.4920000e+02]
 [ 9.9564952e-01  6.0144200e-02 -6.7719120e-02 -1.1682400e+03]
 [ 0.0000000e+00  0.0000000e+00  0.0000000e+00  1.0000000e+00]]
[-0101.08, +0042.66, -1082.81]
1500, 1500, 1750
[[-7.7183860e-02  9.5500704e-01 -2.8607100e-01 -9.9800000e+00]
 [ 4.6665600e-02  2.9015654e-01  9.5578296e-01  1.4917000e+02]
 [ 9.9584004e-01  6.0500400e-02 -6.6905360e-02 -1.1682700e+03]
 [ 0.0000000e+00  0.0000000e+00  0.0000000e+00  1.0000000e+00]]
[-0122.87, +0041.80, -1082.38]
1250, 1250, 1500
[[-7.6674880e-02  9.5511512e-01 -2.8565840e-01 -9.9200000e+00]
 [ 4.7755120e-02  2.8982862e-01  9.5579140e-01  1.4913000e+02]
 [ 9.9577360e-01  5.9773400e-02 -6.7742260e-02 -1.1682200e+03]
 [ 0.0000000e+00  0.0000000e+00  0.0000000e+00  1.0000000e+00]]
[-0123.70, +0042.71, -1072.56]
1000, 1000, 1500
[[-7.5817060e-02  9.5519976e-01 -2.8511040e-01 -9.8500000e+00]
 [ 4.7072400e-02  2.8932184e-01  9.5588124e-01  1.4910000e+02]
 [ 9.9573024e-01  5.9314200e-02 -6.6712660e-02 -1.1682500e+03]
 [ 0.0000000e+00  0.0000000e+00  0.0000000e+00  1.0000000e+00]]
[-0150.66, +0041.54, -1080.24]
750, 750, 1500
[[-7.5438720e-02  9.5564096e-01 -2.8428224e-01 -9.7600000e+00]
 [ 4.7085440e-02  2.8831200e-01  9.5629408e-01  1.4905000e+02]
 [ 9.9591616e-01  5.8870720e-02 -6.6665280e-02 -1.1682500e+03]
 [ 0.0000000e+00  0.0000000e+00  0.0000000e+00  1.0000000e+00]]
[-0175.26, +0039.56, -1096.70]
2250, 2250, 1500
[[-7.9905000e-02  9.5386340e-01 -2.8868620e-01 -1.0240000e+01]
 [ 4.8251000e-02  2.9318382e-01  9.5469374e-01  1.4954000e+02]
 [ 9.9542300e-01  6.2553260e-02 -6.9312180e-02 -1.1682500e+03]
 [ 0.0000000e+00  0.0000000e+00  0.0000000e+00  1.0000000e+00]]
[-0042.74, +0043.38, -1105.17]
2000, 2000, 1500
[[-7.7084040e-02  9.5505140e-01 -2.8532232e-01 -9.9400000e+00]
 [ 4.7986320e-02  2.8965900e-01  9.5574476e-01  1.4918000e+02]
 [ 9.9560500e-01  6.0229200e-02 -6.7981800e-02 -1.1682200e+03]
 [ 0.0000000e+00  0.0000000e+00  0.0000000e+00  1.0000000e+00]]
[-0055.74, +0044.58, -1091.78]
1750, 1750, 1500
[[-7.6704900e-02  9.5526864e-01 -2.8519318e-01 -9.9000000e+00]
 [ 4.7266640e-02  2.8931964e-01  9.5598096e-01  1.4916000e+02]
 [ 9.9581082e-01  5.9962960e-02 -6.7263300e-02 -1.1682400e+03]
 [ 0.0000000e+00  0.0000000e+00  0.0000000e+00  1.0000000e+00]]
[-0076.20, +0043.69, -1079.52]
1500, 1500, 1250
[[-7.6735440e-02  9.5542216e-01 -2.8472796e-01 -9.8700000e+00]
 [ 4.6778160e-02  2.8881030e-01  9.5617028e-01  1.4912000e+02]
 [ 9.9584804e-01  6.0152280e-02 -6.6784500e-02 -1.1682500e+03]
 [ 0.0000000e+00  0.0000000e+00  0.0000000e+00  1.0000000e+00]]
[-0072.78, +0043.83, -1070.52]
1250, 1250, 1250
[[-7.6395840e-02  9.5527776e-01 -2.8448632e-01 -9.8400000e+00]
 [ 4.7401280e-02  2.8881486e-01  9.5597736e-01  1.4909000e+02]
 [ 9.9561096e-01  5.9866480e-02 -6.7119540e-02 -1.1682200e+03]
 [ 0.0000000e+00  0.0000000e+00  0.0000000e+00  1.0000000e+00]]
[-0098.43, +0043.39, -1063.45]
1000, 1000, 1250
[[-7.6596560e-02  9.5550336e-01 -2.8414188e-01 -9.7900000e+00]
 [ 4.6601280e-02  2.8830304e-01  9.5626296e-01  1.4905000e+02]
 [ 9.9576684e-01  6.0198480e-02 -6.6473360e-02 -1.1682500e+03]
 [ 0.0000000e+00  0.0000000e+00  0.0000000e+00  1.0000000e+00]]
[-0127.91, +0042.31, -1064.00]
750, 750, 1250
[[-7.4582820e-02  9.5603334e-01 -2.8315476e-01 -9.6700000e+00]
 [ 4.7049660e-02  2.8713350e-01  9.5664388e-01  1.4903000e+02]
 [ 9.9597324e-01  5.8150120e-02 -6.6308680e-02 -1.1682000e+03]
 [ 0.0000000e+00  0.0000000e+00  0.0000000e+00  1.0000000e+00]]
[-0157.62, +0040.47, -1073.72]
2250, 2250, 1250
[[-7.6885000e-02  9.5439066e-01 -2.8759238e-01 -1.0140000e+01]
 [ 4.6825260e-02  2.9184294e-01  9.5514114e-01  1.4943000e+02]
 [ 9.9567982e-01  6.0213540e-02 -6.6955300e-02 -1.1683000e+03]
 [ 0.0000000e+00  0.0000000e+00  0.0000000e+00  1.0000000e+00]]
[-0038.12, +0042.42, -1106.93]
2000, 2000, 1250
[[-7.4551560e-02  9.5576056e-01 -2.8370552e-01 -9.7600000e+00]
 [ 4.7419120e-02  2.8781070e-01  9.5634806e-01  1.4897000e+02]
 [ 9.9585064e-01  5.8068380e-02 -6.6618900e-02 -1.1682100e+03]
 [ 0.0000000e+00  0.0000000e+00  0.0000000e+00  1.0000000e+00]]
[-0050.47, +0044.77, -1093.22]
1750, 1750, 1000
[[-7.4375700e-02  9.5603372e-01 -2.8299066e-01 -9.7400000e+00]
 [ 4.6067880e-02  2.8695948e-01  9.5670116e-01  1.4894000e+02]
 [ 9.9597286e-01  5.8299960e-02 -6.5256180e-02 -1.1682700e+03]
 [ 0.0000000e+00  0.0000000e+00  0.0000000e+00  1.0000000e+00]]
[-0030.30, +0044.73, -1093.03]
1500, 1500, 1000
[[-7.4375700e-02  9.5598320e-01 -2.8266680e-01 -9.7500000e+00]
 [ 4.6357280e-02  2.8679166e-01  9.5664040e-01  1.4891000e+02]
 [ 9.9581896e-01  5.8360720e-02 -6.5424000e-02 -1.1682500e+03]
 [ 0.0000000e+00  0.0000000e+00  0.0000000e+00  1.0000000e+00]]
[-0047.09, +0045.17, -1075.11]
1250, 1250, 1000
[[-7.4136840e-02  9.5634252e-01 -2.8242424e-01 -9.7300000e+00]
 [ 4.6546640e-02  2.8628796e-01  9.5696052e-01  1.4887000e+02]
 [ 9.9608628e-01  5.7870640e-02 -6.5688840e-02 -1.1682400e+03]
 [ 0.0000000e+00  0.0000000e+00  0.0000000e+00  1.0000000e+00]]
[-0070.20, +0044.03, -1061.45]
1000, 1000, 1000
[[-7.3999240e-02  9.5630366e-01 -2.8192278e-01 -9.6800000e+00]
 [ 4.6249580e-02  2.8594796e-01  9.5694534e-01  1.4883000e+02]
 [ 9.9592074e-01  5.8023420e-02 -6.5211240e-02 -1.1682600e+03]
 [ 0.0000000e+00  0.0000000e+00  0.0000000e+00  1.0000000e+00]]
[-0100.10, +0043.28, -1053.95]
750, 750, 1000
[[-7.3214580e-02  9.5675632e-01 -2.8110474e-01 -9.6000000e+00]
 [ 4.6318080e-02  2.8493760e-01  9.5734384e-01  1.4878000e+02]
 [ 9.9612106e-01  5.7183360e-02 -6.5096820e-02 -1.1682600e+03]
 [ 0.0000000e+00  0.0000000e+00  0.0000000e+00  1.0000000e+00]]
[-0132.61, +0041.49, -1055.46]
2000, 2000, 750
[[-7.8782440e-02  9.5556042e-01 -2.8344166e-01 -9.8900000e+00]
 [ 4.7716860e-02  2.8779310e-01  9.5637942e-01  1.4915000e+02]
 [ 9.9556918e-01  6.1990140e-02 -6.8149300e-02 -1.1682300e+03]
 [ 0.0000000e+00  0.0000000e+00  0.0000000e+00  1.0000000e+00]]
[-0005.55, +0045.12, -1131.76]
1750, 1750, 750
[[-7.7478720e-02  9.5614320e-01 -2.8167072e-01 -9.7500000e+00]
 [ 4.7061600e-02  2.8593656e-01  9.5693680e-01  1.4892000e+02]
 [ 9.9565728e-01  6.1098400e-02 -6.7000720e-02 -1.1682400e+03]
 [ 0.0000000e+00  0.0000000e+00  0.0000000e+00  1.0000000e+00]]
[-0011.78, +0045.90, -1110.10]
1500, 1500, 750
[[-7.6250760e-02  9.5621944e-01 -2.8150080e-01 -9.7400000e+00]
 [ 4.7438400e-02  2.8577574e-01  9.5691794e-01  1.4890000e+02]
 [ 9.9566456e-01  5.9889300e-02 -6.6954660e-02 -1.1682000e+03]
 [ 0.0000000e+00  0.0000000e+00  0.0000000e+00  1.0000000e+00]]
[-0022.94, +0045.70, -1087.51]
1250, 1250, 750
[[-7.6011700e-02  9.5622054e-01 -2.8151348e-01 -9.7400000e+00]
 [ 4.7269380e-02  2.8577574e-01  9.5691684e-01  1.4886000e+02]
 [ 9.9567724e-01  5.9720280e-02 -6.6715600e-02 -1.1682100e+03]
 [ 0.0000000e+00  0.0000000e+00  0.0000000e+00  1.0000000e+00]]
[-0042.44, +0045.28, -1067.18]
1000, 1000, 750
[[-7.6862800e-02  9.5637984e-01 -2.8082028e-01 -9.6700000e+00]
 [ 4.6871040e-02  2.8509254e-01  9.5715576e-01  1.4882000e+02]
 [ 9.9565332e-01  6.0676560e-02 -6.6547700e-02 -1.1682200e+03]
 [ 0.0000000e+00  0.0000000e+00  0.0000000e+00  1.0000000e+00]]
[-0069.85, +0044.05, -1051.80]
750, 750, 750
[[-7.5020200e-02  9.5682744e-01 -2.8024268e-01 -9.5900000e+00]
 [ 4.6680840e-02  2.8425484e-01  9.5750136e-01  1.4875000e+02]
 [ 9.9592952e-01  5.8899960e-02 -6.5883400e-02 -1.1682100e+03]
 [ 0.0000000e+00  0.0000000e+00  0.0000000e+00  1.0000000e+00]]
[-0103.08, +0042.04, -1044.46]
750, 875, 1000
[[-7.6352020e-02  9.5638358e-01 -2.8102142e-01 -9.6800000e+00]
 [ 4.7345380e-02  2.8526748e-01  9.5709478e-01  1.4882000e+02]
 [ 9.9569122e-01  6.0020420e-02 -6.6883540e-02 -1.1682200e+03]
 [ 0.0000000e+00  0.0000000e+00  0.0000000e+00  1.0000000e+00]]
[-0124.83, +0025.47, -1055.34]
750, 1000, 1250
[[-7.6660000e-02  9.5632516e-01 -2.8140412e-01 -9.7300000e+00]
 [ 4.7500600e-02  2.8560560e-01  9.5703860e-01  1.4882000e+02]
 [ 9.9573580e-01  6.0177880e-02 -6.7193760e-02 -1.1682100e+03]
 [ 0.0000000e+00  0.0000000e+00  0.0000000e+00  1.0000000e+00]]
[-0141.44, +0012.70, -1070.85]
750, 1125, 1500
[[-7.6867240e-02  9.5624076e-01 -2.8144756e-01 -9.7700000e+00]
 [ 4.8567240e-02  2.8577998e-01  9.5689662e-01  1.4884000e+02]
 [ 9.9561556e-01  6.0112620e-02 -6.8247220e-02 -1.1681800e+03]
 [ 0.0000000e+00  0.0000000e+00  0.0000000e+00  1.0000000e+00]]
[-0155.59, +0003.22, -1091.83]
750, 1250, 1750
[[-7.7446660e-02  9.5614478e-01 -2.8184620e-01 -9.8100000e+00]
 [ 4.7874100e-02  2.8611150e-01  9.5687780e-01  1.4884000e+02]
 [ 9.9566972e-01  6.0780040e-02 -6.7814800e-02 -1.1682000e+03]
 [ 0.0000000e+00  0.0000000e+00  0.0000000e+00  1.0000000e+00]]
[-0165.46, -0002.83, -1116.21]
750, 1375, 2000
[[-7.8234000e-02  9.5596416e-01 -2.8228788e-01 -9.8600000e+00]
 [ 4.8247200e-02  2.8661720e-01  9.5671700e-01  1.4886000e+02]
 [ 9.9560340e-01  6.1381880e-02 -6.8436640e-02 -1.1681600e+03]
 [ 0.0000000e+00  0.0000000e+00  0.0000000e+00  1.0000000e+00]]
[-0168.42, -0006.29, -1140.24]
1000, 875, 750
[[-7.6692500e-02  9.5654646e-01 -2.8052928e-01 -9.6700000e+00]
 [ 4.7421540e-02  2.8475902e-01  9.5727264e-01  1.4878000e+02]
 [ 9.9570528e-01  6.0320640e-02 -6.7051520e-02 -1.1681800e+03]
 [ 0.0000000e+00  0.0000000e+00  0.0000000e+00  1.0000000e+00]]
[-0075.58, +0058.40, -1050.39]
1000, 1000, 1000
[[-7.7717940e-02  9.5633058e-01 -2.8116330e-01 -9.7600000e+00]
 [ 4.7759700e-02  2.8543310e-01  9.5709050e-01  1.4881000e+02]
 [ 9.9566058e-01  6.1114940e-02 -6.7743400e-02 -1.1681900e+03]
 [ 0.0000000e+00  0.0000000e+00  0.0000000e+00  1.0000000e+00]]
[-0100.27, +0042.30, -1054.15]
1000, 1125, 1250
[[-7.826562e-02  9.560661e-01 -2.814983e-01 -9.800000e+00]
 [ 4.804910e-02  2.859390e-01  9.568449e-01  1.488400e+02]
 [ 9.954873e-01  6.163190e-02 -6.812562e-02 -1.168220e+03]
 [ 0.000000e+00  0.000000e+00  0.000000e+00  1.000000e+00]]
[-0119.42, +0029.20, -1063.49]
1000, 1250, 1500
[[-7.7925300e-02  9.5605744e-01 -2.8170072e-01 -9.8300000e+00]
 [ 4.8297120e-02  2.8611150e-01  9.5679616e-01  1.4885000e+02]
 [ 9.9552424e-01  6.1201920e-02 -6.8293440e-02 -1.1681800e+03]
 [ 0.0000000e+00  0.0000000e+00  0.0000000e+00  1.0000000e+00]]
[-0137.41, +0018.25, -1078.53]
1000, 1375, 1750
[[-7.8202900e-02  9.5583106e-01 -2.8201902e-01 -9.8800000e+00]
 [ 4.9434380e-02  2.8662380e-01  9.5651226e-01  1.4887000e+02]
 [ 9.9534114e-01  6.1208220e-02 -6.9419060e-02 -1.1681500e+03]
 [ 0.0000000e+00  0.0000000e+00  0.0000000e+00  1.0000000e+00]]
[-0151.59, +0008.84, -1098.68]
1250, 1625, 2000
[[-7.9022020e-02  9.5569828e-01 -2.8260936e-01 -9.9500000e+00]
 [ 4.8704920e-02  2.8712270e-01  9.5647236e-01  1.4890000e+02]
 [ 9.9541704e-01  6.2067240e-02 -6.9059280e-02 -1.1681800e+03]
 [ 0.0000000e+00  0.0000000e+00  0.0000000e+00  1.0000000e+00]]
[-0147.71, +0013.77, -1105.82]
1250, 1750, 2250
[[-8.0050500e-02  9.5544620e-01 -2.8344670e-01 -1.0050000e+01]
 [ 4.8836200e-02  2.8796312e-01  9.5626708e-01  1.4894000e+02]
 [ 9.9540670e-01  6.2882920e-02 -6.9587380e-02 -1.1682000e+03]
 [ 0.0000000e+00  0.0000000e+00  0.0000000e+00  1.0000000e+00]]
[-0152.84, +0007.24, -1125.05]
1250, 1000, 750
[[-7.7478720e-02  9.5636624e-01 -2.8097144e-01 -9.7300000e+00]
 [ 4.7795360e-02  2.8526520e-01  9.5711212e-01  1.4880000e+02]
 [ 9.9563896e-01  6.0923080e-02 -6.7672080e-02 -1.1681700e+03]
 [ 0.0000000e+00  0.0000000e+00  0.0000000e+00  1.0000000e+00]]
[-0054.14, +0070.25, -1062.87]
1250, 1125, 1000
[[-7.8026280e-02  9.5615240e-01 -2.8163092e-01 -9.8000000e+00]
 [ 4.7795000e-02  2.8593900e-01  9.5692760e-01  1.4884000e+02]
 [ 9.9561992e-01  6.1379000e-02 -6.7886280e-02 -1.1681800e+03]
 [ 0.0000000e+00  0.0000000e+00  0.0000000e+00  1.0000000e+00]]
[-0076.84, +0056.00, -1060.13]
1250, 1250, 1250
[[-7.8845480e-02  9.5608944e-01 -2.8181232e-01 -9.8500000e+00]
 [ 4.7475360e-02  2.8610174e-01  9.5693314e-01  1.4884000e+02]
 [ 9.9562608e-01  6.2192660e-02 -6.7861780e-02 -1.1682000e+03]
 [ 0.0000000e+00  0.0000000e+00  0.0000000e+00  1.0000000e+00]]
[-0097.80, +0043.80, -1063.58]
1250, 1375, 1500
[[-7.8303400e-02  9.5601074e-01 -2.8206898e-01 -9.8700000e+00]
 [ 4.8847340e-02  2.8645166e-01  9.5672794e-01  1.4887000e+02]
 [ 9.9555682e-01  6.1301540e-02 -6.9011700e-02 -1.1681700e+03]
 [ 0.0000000e+00  0.0000000e+00  0.0000000e+00  1.0000000e+00]]
[-0117.43, +0032.22, -1072.65]
1500, 1625, 1750
[[-7.9022020e-02  9.5573306e-01 -2.8240454e-01 -9.9500000e+00]
 [ 4.8909740e-02  2.8695500e-01  9.5649518e-01  1.4891000e+02]
 [ 9.9538226e-01  6.2044420e-02 -6.9226980e-02 -1.1681800e+03]
 [ 0.0000000e+00  0.0000000e+00  0.0000000e+00  1.0000000e+00]]
[-0116.83, +0036.55, -1082.16]
1500, 1750, 2000
[[-7.9570980e-02  9.5551840e-01 -2.8306338e-01 -9.9800000e+00]
 [ 4.8908400e-02  2.8762800e-01  9.5631040e-01  1.4892000e+02]
 [ 9.9536338e-01  6.2499600e-02 -6.9442980e-02 -1.1681900e+03]
 [ 0.0000000e+00  0.0000000e+00  0.0000000e+00  1.0000000e+00]]
[-0131.41, +0024.26, -1095.86]
1500, 1875, 2250
[[-7.9980740e-02  9.5543424e-01 -2.8346118e-01 -1.0060000e+01]
 [ 4.8440880e-02  2.8796060e-01  9.5627904e-01  1.4895000e+02]
 [ 9.9541866e-01  6.2940720e-02 -6.9180100e-02 -1.1682200e+03]
 [ 0.0000000e+00  0.0000000e+00  0.0000000e+00  1.0000000e+00]]
[-0140.93, +0016.15, -1112.23]
1500, 1125, 750
[[-7.7989620e-02  9.5632766e-01 -2.8097510e-01 -9.7600000e+00]
 [ 4.7116340e-02  2.8525788e-01  9.5715070e-01  1.4883000e+02]
 [ 9.9563530e-01  6.1602100e-02 -6.7168500e-02 -1.1682100e+03]
 [ 0.0000000e+00  0.0000000e+00  0.0000000e+00  1.0000000e+00]]
[-0035.62, +0079.12, -1080.55]
1500, 1250, 1000
[[-7.8265620e-02  9.5603152e-01 -2.8170308e-01 -9.8200000e+00]
 [ 4.7844320e-02  2.8610678e-01  9.5682208e-01  1.4887000e+02]
 [ 9.9552188e-01  6.1654720e-02 -6.7957840e-02 -1.1681900e+03]
 [ 0.0000000e+00  0.0000000e+00  0.0000000e+00  1.0000000e+00]]
[-0056.76, +0068.27, -1072.00]
1500, 1375, 1250
[[-7.7824520e-02  9.5592792e-01 -2.8197528e-01 -9.8600000e+00]
 [ 4.8594480e-02  2.8645166e-01  9.5664182e-01  1.4888000e+02]
 [ 9.9546312e-01  6.1047580e-02 -6.8532820e-02 -1.1681800e+03]
 [ 0.0000000e+00  0.0000000e+00  0.0000000e+00  1.0000000e+00]]
[-0077.12, +0057.38, -1069.81]
1750, 1625, 1500
[[-7.9741000e-02  9.5560972e-01 -2.8244996e-01 -9.9400000e+00]
 [ 4.9296520e-02  2.8712270e-01  9.5639206e-01  1.4892000e+02]
 [ 9.9525764e-01  6.2657660e-02 -6.9778260e-02 -1.1681600e+03]
 [ 0.0000000e+00  0.0000000e+00  0.0000000e+00  1.0000000e+00]]
[-0077.72, +0058.12, -1079.17]
1750, 1750, 1750
[[-7.9401000e-02  9.5568634e-01 -2.8277238e-01 -9.9700000e+00]
 [ 4.9459620e-02  2.8729500e-01  9.5642666e-01  1.4894000e+02]
 [ 9.9541466e-01  6.2143620e-02 -6.9945960e-02 -1.1681600e+03]
 [ 0.0000000e+00  0.0000000e+00  0.0000000e+00  1.0000000e+00]]
[-0096.80, +0045.65, -1082.77]
1750, 1875, 2000
[[-8.0220520e-02  9.5546784e-01 -2.8324304e-01 -1.0010000e+01]
 [ 4.8814560e-02  2.8779310e-01  9.5630322e-01  1.4894000e+02]
 [ 9.9537056e-01  6.3086580e-02 -6.9587380e-02 -1.1681900e+03]
 [ 0.0000000e+00  0.0000000e+00  0.0000000e+00  1.0000000e+00]]
[-0114.28, +0034.77, -1091.55]
1750, 2000, 2250
[[-8.0430160e-02  9.5543420e-01 -2.8360932e-01 -1.0090000e+01]
 [ 4.9590680e-02  2.8813550e-01  9.5622126e-01  1.4897000e+02]
 [ 9.9540420e-01  6.2958900e-02 -7.0474500e-02 -1.1681500e+03]
 [ 0.0000000e+00  0.0000000e+00  0.0000000e+00  1.0000000e+00]]
[-0126.61, +0025.50, -1104.02]
1750, 1250, 750
[[-7.8026280e-02  9.5618696e-01 -2.8142616e-01 -9.8000000e+00]
 [ 4.7999760e-02  2.8577118e-01  9.5695042e-01  1.4883000e+02]
 [ 9.9558536e-01  6.1356180e-02 -6.8054100e-02 -1.1681800e+03]
 [ 0.0000000e+00  0.0000000e+00  0.0000000e+00  1.0000000e+00]]
[-0021.86, +0086.28, -1101.81]
1750, 1375, 1000
[[-7.8643560e-02  9.5610440e-01 -2.8198620e-01 -9.8800000e+00]
 [ 4.8514200e-02  2.8627932e-01  9.5686072e-01  1.4887000e+02]
 [ 9.9563960e-01  6.1647720e-02 -6.8843880e-02 -1.1681700e+03]
 [ 0.0000000e+00  0.0000000e+00  0.0000000e+00  1.0000000e+00]]
[-0040.07, +0077.97, -1088.38]
2000, 1625, 1250
[[-7.9601800e-02  9.5567078e-01 -2.8259866e-01 -9.9600000e+00]
 [ 4.8420820e-02  2.8711782e-01  9.5649986e-01  1.4893000e+02]
 [ 9.9540146e-01  6.2689060e-02 -6.8963620e-02 -1.1681900e+03]
 [ 0.0000000e+00  0.0000000e+00  0.0000000e+00  1.0000000e+00]]
[-0041.91, +0077.20, -1097.13]
2000, 1750, 1500
[[-7.9161300e-02  9.5565260e-01 -2.8299040e-01 -9.9800000e+00]
 [ 4.9085960e-02  2.8746270e-01  9.5640272e-01  1.4894000e+02]
 [ 9.9546272e-01  6.1997600e-02 -6.9538560e-02 -1.1681500e+03]
 [ 0.0000000e+00  0.0000000e+00  0.0000000e+00  1.0000000e+00]]
[-0059.42, +0066.94, -1090.27]
2000, 1875, 1750
[[-8.0050500e-02  9.5548110e-01 -2.8324180e-01 -1.0020000e+01]
 [ 4.9041100e-02  2.8779558e-01  9.5628996e-01  1.4896000e+02]
 [ 9.9537180e-01  6.2860040e-02 -6.9754920e-02 -1.1681700e+03]
 [ 0.0000000e+00  0.0000000e+00  0.0000000e+00  1.0000000e+00]]
[-0078.76, +0056.14, -1088.62]
2000, 2000, 2000
[[-8.0360200e-02  9.5533710e-01 -2.8350390e-01 -1.0050000e+01]
 [ 4.9280340e-02  2.8813310e-01  9.5614962e-01  1.4897000e+02]
 [ 9.9529638e-01  6.3100500e-02 -7.0067060e-02 -1.1681800e+03]
 [ 0.0000000e+00  0.0000000e+00  0.0000000e+00  1.0000000e+00]]
[-0096.38, +0044.99, -1092.43]
2000, 2125, 2250
[[-7.9990740e-02  9.5521148e-01 -2.8396618e-01 -1.0130000e+01]
 [ 5.0220920e-02  2.8864728e-01  9.5593292e-01  1.4900000e+02]
 [ 9.9526058e-01  6.2457320e-02 -7.0882020e-02 -1.1681300e+03]
 [ 0.0000000e+00  0.0000000e+00  0.0000000e+00  1.0000000e+00]]
[-0109.94, +0034.84, -1100.51]
2000, 1375, 750
[[-7.8808900e-02  9.5607632e-01 -2.8165174e-01 -9.8500000e+00]
 [ 4.6267600e-02  2.8592316e-01  9.5700368e-01  1.4885000e+02]
 [ 9.9562490e-01  6.2568400e-02 -6.6640900e-02 -1.1682300e+03]
 [ 0.0000000e+00  0.0000000e+00  0.0000000e+00  1.0000000e+00]]
[-0013.77, +0089.62, -1124.89]
2250, 1625, 1000
[[-7.9570980e-02  9.5551840e-01 -2.8306338e-01 -1.0010000e+01]
 [ 4.8908400e-02  2.8762800e-01  9.5631040e-01  1.4896000e+02]
 [ 9.9536338e-01  6.2499600e-02 -6.9442980e-02 -1.1681800e+03]
 [ 0.0000000e+00  0.0000000e+00  0.0000000e+00  1.0000000e+00]]
[-0024.02, +0084.54, -1123.61]
2250, 1750, 1250
[[-8.0220520e-02  9.5558774e-01 -2.8315802e-01 -1.0010000e+01]
 [ 4.8934460e-02  2.8762556e-01  9.5640986e-01  1.4898000e+02]
 [ 9.9545558e-01  6.2979940e-02 -6.9754920e-02 -1.1681800e+03]
 [ 0.0000000e+00  0.0000000e+00  0.0000000e+00  1.0000000e+00]]
[-0034.78, +0078.55, -1111.74]
2250, 1875, 1500
[[-8.0290320e-02  9.5544496e-01 -2.8343344e-01 -1.0040000e+01]
 [ 4.9004960e-02  2.8796312e-01  9.5626832e-01  1.4898000e+02]
 [ 9.9539344e-01  6.3051680e-02 -6.9827200e-02 -1.1681800e+03]
 [ 0.0000000e+00  0.0000000e+00  0.0000000e+00  1.0000000e+00]]
[-0048.80, +0070.83, -1102.59]
2250, 2000, 1750
[[-8.0840040e-02  9.5541964e-01 -2.8359716e-01 -1.0090000e+01]
 [ 4.9532840e-02  2.8813310e-01  9.5623582e-01  1.4899000e+02]
 [ 9.9538964e-01  6.3354220e-02 -7.0546900e-02 -1.1681800e+03]
 [ 0.0000000e+00  0.0000000e+00  0.0000000e+00  1.0000000e+00]]
[-0065.19, +0061.17, -1097.65]
2250, 2125, 2000
[[-8.125000e-02  9.551650e-01 -2.837550e-01 -1.014000e+01]
 [ 4.923500e-02  2.884655e-01  9.560373e-01  1.490100e+02]
 [ 9.952050e-01  6.396270e-02 -7.028450e-02 -1.168170e+03]
 [ 0.000000e+00  0.000000e+00  0.000000e+00  1.000000e+00]]
[-0081.72, +0051.04, -1097.69]
2250, 2250, 2250
[[-8.1360820e-02  9.5484682e-01 -2.8468472e-01 -1.0210000e+01]
 [ 4.9982620e-02  2.8948238e-01  9.5567032e-01  1.4906000e+02]
 [ 9.9512792e-01  6.3808880e-02 -7.1077440e-02 -1.1681800e+03]
 [ 0.0000000e+00  0.0000000e+00  0.0000000e+00  1.0000000e+00]]
[-0095.85, +0042.18, -1102.09]
750, 750, 750
[[-7.648658e-02  9.567000e-01 -2.800764e-01 -9.580000e+00]
 [ 4.676400e-02  2.842480e-01  9.574596e-01  1.487300e+02]
 [ 9.957564e-01  6.033960e-02 -6.633458e-02 -1.168210e+03]
 [ 0.000000e+00  0.000000e+00  0.000000e+00  1.000000e+00]]
[-0100.88, +0042.38, -1044.34]
875, 750, 1000
[[-7.7239540e-02  9.5643632e-01 -2.8057488e-01 -9.7300000e+00]
 [ 4.8035680e-02  2.8492928e-01  9.5715648e-01  1.4877000e+02]
 [ 9.9558288e-01  6.0708480e-02 -6.7768820e-02 -1.1681600e+03]
 [ 0.0000000e+00  0.0000000e+00  0.0000000e+00  1.0000000e+00]]
[-0126.24, +0057.29, -1055.87]
1000, 750, 1250
[[-7.8026280e-02  9.5637574e-01 -2.8093154e-01 -9.7900000e+00]
 [ 4.8528940e-02  2.8526748e-01  9.5710262e-01  1.4877000e+02]
 [ 9.9560134e-01  6.1203980e-02 -6.8557800e-02 -1.1681700e+03]
 [ 0.0000000e+00  0.0000000e+00  0.0000000e+00  1.0000000e+00]]
[-0142.83, +0069.02, -1071.55]
1125, 750, 1500
[[-7.8265620e-02  9.5625494e-01 -2.8100364e-01 -9.8200000e+00]
 [ 4.8578340e-02  2.8543542e-01  9.5699708e-01  1.4880000e+02]
 [ 9.9550324e-01  6.1479720e-02 -6.8629200e-02 -1.1681700e+03]
 [ 0.0000000e+00  0.0000000e+00  0.0000000e+00  1.0000000e+00]]
[-0156.32, +0077.98, -1092.33]
1250, 750, 1750
[[-7.9223380e-02  9.5594154e-01 -2.8153116e-01 -9.8700000e+00]
 [ 4.8605340e-02  2.8610678e-01  9.5674308e-01  1.4876000e+02]
 [ 9.9534996e-01  6.2414520e-02 -6.8915600e-02 -1.1681700e+03]
 [ 0.0000000e+00  0.0000000e+00  0.0000000e+00  1.0000000e+00]]
[-0165.11, +0084.43, -1116.67]
1375, 750, 2000
[[-7.8542900e-02  9.5607912e-01 -2.8164636e-01 -9.9100000e+00]
 [ 4.9425840e-02  2.8611590e-01  9.5677448e-01  1.4880000e+02]
 [ 9.9547428e-01  6.1425040e-02 -6.9586960e-02 -1.1681600e+03]
 [ 0.0000000e+00  0.0000000e+00  0.0000000e+00  1.0000000e+00]]
[-0168.16, +0087.40, -1140.76]
875, 1000, 750
[[-7.6830180e-02  9.5656982e-01 -2.8050152e-01 -9.6700000e+00]
 [ 4.8212420e-02  2.8476342e-01  9.5724928e-01  1.4878000e+02]
 [ 9.9568192e-01  6.0206320e-02 -6.7865760e-02 -1.1681800e+03]
 [ 0.0000000e+00  0.0000000e+00  0.0000000e+00  1.0000000e+00]]
[-0075.31, +0026.89, -1049.82]
1000, 1000, 1000
[[-7.8164680e-02  9.5624528e-01 -2.8119316e-01 -9.7700000e+00]
 [ 4.8995320e-02  2.8560780e-01  9.5694944e-01  1.4881000e+02]
 [ 9.9552704e-01  6.1218760e-02 -6.9036520e-02 -1.1681600e+03]
 [ 0.0000000e+00  0.0000000e+00  0.0000000e+00  1.0000000e+00]]
[-0099.50, +0042.14, -1054.10]
1125, 1000, 1250
[[-7.8505000e-02  9.5618460e-01 -2.8140020e-01 -9.8300000e+00]
 [ 4.8337800e-02  2.8577118e-01  9.5695278e-01  1.4882000e+02]
 [ 9.9555940e-01  6.1694220e-02 -6.8532820e-02 -1.1681800e+03]
 [ 0.0000000e+00  0.0000000e+00  0.0000000e+00  1.0000000e+00]]
[-0119.38, +0054.80, -1063.77]
1250, 1000, 1500
[[-7.8813700e-02  9.5619534e-01 -2.8137292e-01 -9.8500000e+00]
 [ 4.8902220e-02  2.8577350e-01  9.5694204e-01  1.4884000e+02]
 [ 9.9553444e-01  6.1805880e-02 -6.9179560e-02 -1.1681600e+03]
 [ 0.0000000e+00  0.0000000e+00  0.0000000e+00  1.0000000e+00]]
[-0136.99, +0065.69, -1079.01]
1375, 1000, 1750
[[-7.8952500e-02  9.5606490e-01 -2.8163430e-01 -9.8800000e+00]
 [ 4.9368420e-02  2.8611374e-01  9.5678870e-01  1.4884000e+02]
 [ 9.9546006e-01  6.1820420e-02 -6.9658600e-02 -1.1681700e+03]
 [ 0.0000000e+00  0.0000000e+00  0.0000000e+00  1.0000000e+00]]
[-0150.62, +0074.80, -1099.32]
1625, 1250, 2000
[[-8.0251300e-02  9.5565502e-01 -2.8257354e-01 -1.0000000e+01]
 [ 4.8532060e-02  2.8711526e-01  9.5651562e-01  1.4886000e+02]
 [ 9.9537378e-01  6.3253260e-02 -6.9275400e-02 -1.1682000e+03]
 [ 0.0000000e+00  0.0000000e+00  0.0000000e+00  1.0000000e+00]]
[-0146.49, +0073.09, -1107.31]
1750, 1250, 2250
[[-8.0530180e-02  9.5551360e-01 -2.8301026e-01 -1.0100000e+01]
 [ 4.9583600e-02  2.8762800e-01  9.5631520e-01  1.4888000e+02]
 [ 9.9531026e-01  6.3174800e-02 -7.0402180e-02 -1.1681600e+03]
 [ 0.0000000e+00  0.0000000e+00  0.0000000e+00  1.0000000e+00]]
[-0152.45, +0075.89, -1125.60]
1000, 1250, 750
[[-7.7409800e-02  9.5638902e-01 -2.8078074e-01 -9.7100000e+00]
 [ 4.7604660e-02  2.8509494e-01  9.5714658e-01  1.4880000e+02]
 [ 9.9561618e-01  6.0957540e-02 -6.7432900e-02 -1.1681800e+03]
 [ 0.0000000e+00  0.0000000e+00  0.0000000e+00  1.0000000e+00]]
[-0053.54, +0018.38, -1061.17]
1125, 1250, 1000
[[-7.8265620e-02  9.5615120e-01 -2.8161798e-01 -9.8200000e+00]
 [ 4.7964000e-02  2.8593900e-01  9.5692880e-01  1.4883000e+02]
 [ 9.9560698e-01  6.1548000e-02 -6.8125620e-02 -1.1681800e+03]
 [ 0.0000000e+00  0.0000000e+00  0.0000000e+00  1.0000000e+00]]
[-0077.13, +0031.09, -1059.31]
1250, 1250, 1250
[[-7.9053200e-02  9.5603976e-01 -2.8164972e-01 -9.8500000e+00]
 [ 4.8746640e-02  2.8610918e-01  9.5681384e-01  1.4885000e+02]
 [ 9.9547092e-01  6.2104240e-02 -6.9083380e-02 -1.1681400e+03]
 [ 0.0000000e+00  0.0000000e+00  0.0000000e+00  1.0000000e+00]]
[-0097.41, +0043.70, -1063.57]
1375, 1250, 1500
[[-7.9292740e-02  9.5600388e-01 -2.8184144e-01 -9.8800000e+00]
 [ 4.8710760e-02  2.8627696e-01  9.5679228e-01  1.4886000e+02]
 [ 9.9549248e-01  6.2295960e-02 -6.9155140e-02 -1.1681800e+03]
 [ 0.0000000e+00  0.0000000e+00  0.0000000e+00  1.0000000e+00]]
[-0116.94, +0055.64, -1073.32]
1625, 1500, 1750
[[-8.0320900e-02  9.5578688e-01 -2.8247394e-01 -9.9600000e+00]
 [ 4.9047280e-02  2.8695020e-01  9.5661024e-01  1.4890000e+02]
 [ 9.9544686e-01  6.3089040e-02 -6.9850340e-02 -1.1681700e+03]
 [ 0.0000000e+00  0.0000000e+00  0.0000000e+00  1.0000000e+00]]
[-0115.90, +0056.64, -1083.07]
1750, 1500, 2000
[[-8.0220520e-02  9.5569238e-01 -2.8254326e-01 -1.0010000e+01]
 [ 4.9549220e-02  2.8712270e-01  9.5647826e-01  1.4889000e+02]
 [ 9.9535094e-01  6.2911540e-02 -7.0257780e-02 -1.1681600e+03]
 [ 0.0000000e+00  0.0000000e+00  0.0000000e+00  1.0000000e+00]]
[-0131.58, +0065.73, -1097.84]
1875, 1500, 2250
[[-8.0670100e-02  9.5541810e-01 -2.8306610e-01 -1.0100000e+01]
 [ 5.0254260e-02  2.8780030e-01  9.5618418e-01  1.4890000e+02]
 [ 9.9520082e-01  6.3165900e-02 -7.1049640e-02 -1.1681300e+03]
 [ 0.0000000e+00  0.0000000e+00  0.0000000e+00  1.0000000e+00]]
[-0141.29, +0070.73, -1114.39]
1125, 1500, 750
[[-7.8058500e-02  9.5618520e-01 -2.8125090e-01 -9.7500000e+00]
 [ 4.7187360e-02  2.8559600e-01  9.5700952e-01  1.4884000e+02]
 [ 9.9557298e-01  6.1674400e-02 -6.7239940e-02 -1.1682000e+03]
 [ 0.0000000e+00  0.0000000e+00  0.0000000e+00  1.0000000e+00]]
[-0036.11, +0011.23, -1076.52]
1250, 1500, 1000
[[-7.8574240e-02  9.5612720e-01 -2.8179560e-01 -9.8200000e+00]
 [ 4.8323600e-02  2.8610918e-01  9.5689538e-01  1.4888000e+02]
 [ 9.9561680e-01  6.1682380e-02 -6.8604420e-02 -1.1681800e+03]
 [ 0.0000000e+00  0.0000000e+00  0.0000000e+00  1.0000000e+00]]
[-0057.19, +0022.90, -1069.30]
1375, 1500, 1250
[[-7.8612420e-02  9.5593666e-01 -2.8192196e-01 -9.8600000e+00]
 [ 4.9496660e-02  2.8645382e-01  9.5663308e-01  1.4888000e+02]
 [ 9.9541196e-01  6.1496920e-02 -6.9658600e-02 -1.1681400e+03]
 [ 0.0000000e+00  0.0000000e+00  0.0000000e+00  1.0000000e+00]]
[-0077.15, +0034.68, -1068.61]
1625, 1750, 1500
[[-7.9911060e-02  9.5568150e-01 -2.8257102e-01 -9.9700000e+00]
 [ 4.8985020e-02  2.8712030e-01  9.5648914e-01  1.4890000e+02]
 [ 9.9537630e-01  6.2800300e-02 -6.9610600e-02 -1.1681700e+03]
 [ 0.0000000e+00  0.0000000e+00  0.0000000e+00  1.0000000e+00]]
[-0077.32, +0035.16, -1077.98]
1750, 1750, 1750
[[-7.9911060e-02  9.5556164e-01 -2.8265606e-01 -9.9700000e+00]
 [ 4.8865160e-02  2.8728792e-01  9.5638252e-01  1.4892000e+02]
 [ 9.9529126e-01  6.2906920e-02 -6.9442980e-02 -1.1681800e+03]
 [ 0.0000000e+00  0.0000000e+00  0.0000000e+00  1.0000000e+00]]
[-0096.85, +0046.32, -1082.78]
1875, 1750, 2000
[[-8.0600100e-02  9.5564576e-01 -2.8291072e-01 -1.0050000e+01]
 [ 5.0098880e-02  2.8746270e-01  9.5640956e-01  1.4891000e+02]
 [ 9.9538304e-01  6.3010520e-02 -7.0977360e-02 -1.1681300e+03]
 [ 0.0000000e+00  0.0000000e+00  0.0000000e+00  1.0000000e+00]]
[-0114.42, +0055.99, -1092.49]
2000, 1750, 2250
[[-8.1560100e-02  9.5528108e-01 -2.8311174e-01 -1.0140000e+01]
 [ 5.0414040e-02  2.8796556e-01  9.5609468e-01  1.4892000e+02]
 [ 9.9507418e-01  6.4005240e-02 -7.1434500e-02 -1.1681500e+03]
 [ 0.0000000e+00  0.0000000e+00  0.0000000e+00  1.0000000e+00]]
[-0126.57, +0063.01, -1105.44]
1250, 1750, 750
[[-7.8675220e-02  9.5605188e-01 -2.8148652e-01 -9.7900000e+00]
 [ 4.7991720e-02  2.8593656e-01  9.5685912e-01  1.4887000e+02]
 [ 9.9547308e-01  6.2027280e-02 -6.8197220e-02 -1.1681700e+03]
 [ 0.0000000e+00  0.0000000e+00  0.0000000e+00  1.0000000e+00]]
[-0021.60, +0004.94, -1096.98]
1375, 1750, 1000
[[-7.8782440e-02  9.5592352e-01 -2.8192304e-01 -9.8600000e+00]
 [ 4.9270240e-02  2.8645166e-01  9.5664622e-01  1.4891000e+02]
 [ 9.9541088e-01  6.1723340e-02 -6.9490740e-02 -1.1681600e+03]
 [ 0.0000000e+00  0.0000000e+00  0.0000000e+00  1.0000000e+00]]
[-0039.33, +0014.67, -1084.66]
1625, 2000, 1250
[[-7.9501300e-02  9.5566110e-01 -2.8278790e-01 -9.9500000e+00]
 [ 4.8837780e-02  2.8729036e-01  9.5645190e-01  1.4893000e+02]
 [ 9.9542554e-01  6.2427780e-02 -6.9370900e-02 -1.1681900e+03]
 [ 0.0000000e+00  0.0000000e+00  0.0000000e+00  1.0000000e+00]]
[-0041.23, +0016.15, -1093.21]
1750, 2000, 1500
[[-8.0220520e-02  9.5562262e-01 -2.8295310e-01 -9.9700000e+00]
 [ 4.9139380e-02  2.8745798e-01  9.5643270e-01  1.4898000e+02]
 [ 9.9542070e-01  6.2957100e-02 -6.9922500e-02 -1.1681800e+03]
 [ 0.0000000e+00  0.0000000e+00  0.0000000e+00  1.0000000e+00]]
[-0059.46, +0026.14, -1087.51]
1875, 2000, 1750
[[-8.0770080e-02  9.5559740e-01 -2.8311684e-01 -1.0030000e+01]
 [ 4.9667400e-02  2.8762800e-01  9.5640020e-01  1.4895000e+02]
 [ 9.9541684e-01  6.3259800e-02 -7.0642080e-02 -1.1681700e+03]
 [ 0.0000000e+00  0.0000000e+00  0.0000000e+00  1.0000000e+00]]
[-0078.93, +0036.27, -1087.41]
2000, 2000, 2000
[[-8.0020360e-02  9.5551868e-01 -2.8321172e-01 -1.0070000e+01]
 [ 5.0058280e-02  2.8780254e-01  9.5625238e-01  1.4895000e+02]
 [ 9.9534868e-01  6.2517980e-02 -7.0737460e-02 -1.1681500e+03]
 [ 0.0000000e+00  0.0000000e+00  0.0000000e+00  1.0000000e+00]]
[-0096.48, +0046.41, -1092.48]
2125, 2000, 2250
[[-8.1530640e-02  9.5517896e-01 -2.8390112e-01 -1.0170000e+01]
 [ 5.0611120e-02  2.8864280e-01  9.5596544e-01  1.4897000e+02]
 [ 9.9519104e-01  6.3753920e-02 -7.1747200e-02 -1.1681500e+03]
 [ 0.0000000e+00  0.0000000e+00  0.0000000e+00  1.0000000e+00]]
[-0110.98, +0053.54, -1101.22]
1375, 2000, 750
[[-7.7755200e-02  9.5600112e-01 -2.8210904e-01 -9.8100000e+00]
 [ 4.8114080e-02  2.8644942e-01  9.5673756e-01  1.4890000e+02]
 [ 9.9559464e-01  6.1021160e-02 -6.8125620e-02 -1.1681700e+03]
 [ 0.0000000e+00  0.0000000e+00  0.0000000e+00  1.0000000e+00]]
[-0012.34, +0001.41, -1119.85]
1625, 2250, 1000
[[-8.0430160e-02  9.5534924e-01 -2.8348936e-01 -9.9800000e+00]
 [ 4.9675640e-02  2.8813550e-01  9.5613748e-01  1.4907000e+02]
 [ 9.9528424e-01  6.3042680e-02 -7.0474500e-02 -1.1681500e+03]
 [ 0.0000000e+00  0.0000000e+00  0.0000000e+00  1.0000000e+00]]
[-0021.45, +0004.76, -1122.10]
1750, 2250, 1250
[[-8.0190260e-02  9.5547036e-01 -2.8341774e-01 -9.9900000e+00]
 [ 4.9626840e-02  2.8796792e-01  9.5624292e-01  1.4904000e+02]
 [ 9.9538254e-01  6.2767320e-02 -7.0402180e-02 -1.1681700e+03]
 [ 0.0000000e+00  0.0000000e+00  0.0000000e+00  1.0000000e+00]]
[-0032.76, +0010.69, -1110.15]
1875, 2250, 1500
[[-8.0330340e-02  9.5533980e-01 -2.8367860e-01 -1.0040000e+01]
 [ 5.0092600e-02  2.8830768e-01  9.5608908e-01  1.4903000e+02]
 [ 9.9530820e-01  6.2781080e-02 -7.0882020e-02 -1.1681700e+03]
 [ 0.0000000e+00  0.0000000e+00  0.0000000e+00  1.0000000e+00]]
[-0047.36, +0018.40, -1101.16]
2000, 2250, 1750
[[-8.0980200e-02  9.5532410e-01 -2.8365290e-01 -1.0070000e+01]
 [ 5.0203460e-02  2.8830540e-01  9.5610478e-01  1.4902000e+02]
 [ 9.9528022e-01  6.3345100e-02 -7.1194440e-02 -1.1681400e+03]
 [ 0.0000000e+00  0.0000000e+00  0.0000000e+00  1.0000000e+00]]
[-0064.25, +0027.78, -1096.73]
2125, 2250, 2000
[[-8.1460360e-02  9.5516660e-01 -2.8391584e-01 -1.0150000e+01]
 [ 5.0215840e-02  2.8864044e-01  9.5597780e-01  1.4903000e+02]
 [ 9.9520340e-01  6.3811840e-02 -7.1339560e-02 -1.1681400e+03]
 [ 0.0000000e+00  0.0000000e+00  0.0000000e+00  1.0000000e+00]]
[-0079.20, +0036.19, -1097.20]
2250, 2250, 2250
[[-8.1530640e-02  9.5510864e-01 -2.8431112e-01 -1.0210000e+01]
 [ 5.0201120e-02  2.8897776e-01  9.5591984e-01  1.4905000e+02]
 [ 9.9526136e-01  6.3799520e-02 -7.1412240e-02 -1.1681700e+03]
 [ 0.0000000e+00  0.0000000e+00  0.0000000e+00  1.0000000e+00]]
[-0096.18, +0042.71, -1102.03]
750, 750, 750
[[-7.6964500e-02  9.5673190e-01 -2.7984630e-01 -9.5700000e+00]
 [ 4.7307100e-02  2.8407998e-01  9.5748474e-01  1.4872000e+02]
 [ 9.9569670e-01  6.0655260e-02 -6.6980520e-02 -1.1681700e+03]
 [ 0.0000000e+00  0.0000000e+00  0.0000000e+00  1.0000000e+00]]
[-0100.72, +0042.21, -1044.25]
875, 1000, 750
[[-7.7717940e-02  9.5655370e-01 -2.8046396e-01 -9.6800000e+00]
 [ 4.8493540e-02  2.8476126e-01  9.5726540e-01  1.4879000e+02]
 [ 9.9564220e-01  6.0940040e-02 -6.8415240e-02 -1.1681500e+03]
 [ 0.0000000e+00  0.0000000e+00  0.0000000e+00  1.0000000e+00]]
[-0073.41, +0027.72, -1050.13]
1000, 1250, 750
[[-7.8196500e-02  9.5648242e-01 -2.8084756e-01 -9.7100000e+00]
 [ 4.8422260e-02  2.8509726e-01  9.5722228e-01  1.4882000e+02]
 [ 9.9568532e-01  6.1323640e-02 -6.8557800e-02 -1.1681700e+03]
 [ 0.0000000e+00  0.0000000e+00  0.0000000e+00  1.0000000e+00]]
[-0052.38, +0018.68, -1061.35]
1125, 1500, 750
[[-7.8505000e-02  9.5616870e-01 -2.8087090e-01 -9.7400000e+00]
 [ 4.8832500e-02  2.8543542e-01  9.5691426e-01  1.4884000e+02]
 [ 9.9537050e-01  6.1732740e-02 -6.8868580e-02 -1.1681700e+03]
 [ 0.0000000e+00  0.0000000e+00  0.0000000e+00  1.0000000e+00]]
[-0034.81, +0011.02, -1077.08]
1250, 1750, 750
[[-7.8776400e-02  9.5618136e-01 -2.8121208e-01 -9.7600000e+00]
 [ 4.7694480e-02  2.8559600e-01  9.5701336e-01  1.4888000e+02]
 [ 9.9553416e-01  6.2181520e-02 -6.7957840e-02 -1.1682400e+03]
 [ 0.0000000e+00  0.0000000e+00  0.0000000e+00  1.0000000e+00]]
[-0020.48, +0005.20, -1097.36]
1375, 2000, 750
[[-7.8782440e-02  9.5599304e-01 -2.8151344e-01 -9.8000000e+00]
 [ 4.9679840e-02  2.8611590e-01  9.5669158e-01  1.4891000e+02]
 [ 9.9534136e-01  6.1677980e-02 -6.9826500e-02 -1.1681400e+03]
 [ 0.0000000e+00  0.0000000e+00  0.0000000e+00  1.0000000e+00]]
[-0011.78, +0001.46, -1120.17]
875, 750, 1000
[[-7.7580100e-02  9.5644502e-01 -2.8037246e-01 -9.6800000e+00]
 [ 4.7787820e-02  2.8475670e-01  9.5720494e-01  1.4876000e+02]
 [ 9.9554614e-01  6.1138340e-02 -6.7600840e-02 -1.1682000e+03]
 [ 0.0000000e+00  0.0000000e+00  0.0000000e+00  1.0000000e+00]]
[-0126.14, +0055.28, -1055.43]
1000, 1000, 1000
[[-7.8196500e-02  9.5624310e-01 -2.8101780e-01 -9.7600000e+00]
 [ 4.8182940e-02  2.8543310e-01  9.5700892e-01  1.4880000e+02]
 [ 9.9551508e-01  6.1537000e-02 -6.8221960e-02 -1.1681700e+03]
 [ 0.0000000e+00  0.0000000e+00  0.0000000e+00  1.0000000e+00]]
[-0099.69, +0041.51, -1054.31]
1125, 1250, 1000
[[-7.8744420e-02  9.5621804e-01 -2.8118234e-01 -9.7900000e+00]
 [ 4.8711640e-02  2.8560332e-01  9.5697668e-01  1.4883000e+02]
 [ 9.9551174e-01  6.1840520e-02 -6.8940100e-02 -1.1681600e+03]
 [ 0.0000000e+00  0.0000000e+00  0.0000000e+00  1.0000000e+00]]
[-0077.92, +0030.79, -1059.46]
1250, 1500, 1000
[[-7.8983880e-02  9.5606250e-01 -2.8145918e-01 -9.8100000e+00]
 [ 4.8556100e-02  2.8593900e-01  9.5684850e-01  1.4886000e+02]
 [ 9.9544818e-01  6.2138900e-02 -6.8843880e-02 -1.1681600e+03]
 [ 0.0000000e+00  0.0000000e+00  0.0000000e+00  1.0000000e+00]]
[-0058.43, +0022.36, -1069.13]
1375, 1750, 1000
[[-7.8983880e-02  9.5602786e-01 -2.8166402e-01 -9.8200000e+00]
 [ 4.8351260e-02  2.8610678e-01  9.5682574e-01  1.4888000e+02]
 [ 9.9548282e-01  6.2161660e-02 -6.8676100e-02 -1.1682000e+03]
 [ 0.0000000e+00  0.0000000e+00  0.0000000e+00  1.0000000e+00]]
[-0040.19, +0014.09, -1084.34]
1625, 2000, 1250
[[-7.8542900e-02  9.5582040e-01 -2.8255050e-01 -9.8500000e+00]
 [ 4.8486960e-02  2.8695500e-01  9.5657672e-01  1.4889000e+02]
 [ 9.9552822e-01  6.1622800e-02 -6.8747860e-02 -1.1681200e+03]
 [ 0.0000000e+00  0.0000000e+00  0.0000000e+00  1.0000000e+00]]
[-0040.64, +0016.11, -1093.46]
1750, 2250, 1250
[[-7.8751700e-02  9.5563200e-01 -2.8320720e-01 -9.8000000e+00]
 [ 4.8938880e-02  2.8763264e-01  9.5636560e-01  1.4903000e+02]
 [ 9.9551184e-01  6.1625120e-02 -6.9298900e-02 -1.1680700e+03]
 [ 0.0000000e+00  0.0000000e+00  0.0000000e+00  1.0000000e+00]]
[-0032.47, +0010.34, -1110.31]
1000, 750, 1250
[[-7.6591080e-02  9.5641690e-01 -2.8080406e-01 -9.5800000e+00]
 [ 4.7719100e-02  2.8509950e-01  9.5711870e-01  1.4871000e+02]
 [ 9.9564406e-01  6.0166700e-02 -6.7290580e-02 -1.1680900e+03]
 [ 0.0000000e+00  0.0000000e+00  0.0000000e+00  1.0000000e+00]]
[-0142.68, +0068.05, -1071.35]
1125, 1000, 1250
[[-7.7685960e-02  9.5624744e-01 -2.8121916e-01 -9.6500000e+00]
 [ 4.8657240e-02  2.8560780e-01  9.5694728e-01  1.4878000e+02]
 [ 9.9555304e-01  6.0880680e-02 -6.8557800e-02 -1.1680900e+03]
 [ 0.0000000e+00  0.0000000e+00  0.0000000e+00  1.0000000e+00]]
[-0119.23, +0054.09, -1063.78]
1250, 1250, 1250
[[-7.7856100e-02  9.5619990e-01 -2.8142500e-01 -9.6100000e+00]
 [ 4.8226140e-02  2.8577350e-01  9.5693748e-01  1.4879000e+02]
 [ 9.9558652e-01  6.1129800e-02 -6.8221960e-02 -1.1680600e+03]
 [ 0.0000000e+00  0.0000000e+00  0.0000000e+00  1.0000000e+00]]
[-0097.43, +0043.62, -1063.53]
1375, 1500, 1250
[[-7.7106500e-02  9.5608548e-01 -2.8172436e-01 -9.6300000e+00]
 [ 4.8411960e-02  2.8611590e-01  9.5676812e-01  1.4881000e+02]
 [ 9.9555228e-01  6.0411160e-02 -6.8150560e-02 -1.1680400e+03]
 [ 0.0000000e+00  0.0000000e+00  0.0000000e+00  1.0000000e+00]]
[-0076.88, +0034.25, -1068.51]
1625, 1750, 1500
[[-7.7723940e-02  9.5588338e-01 -2.8236956e-01 -9.7200000e+00]
 [ 4.8806860e-02  2.8679166e-01  9.5657132e-01  1.4886000e+02]
 [ 9.9552172e-01  6.0809240e-02 -6.8772240e-02 -1.1680500e+03]
 [ 0.0000000e+00  0.0000000e+00  0.0000000e+00  1.0000000e+00]]
[-0076.64, +0035.52, -1077.74]
1750, 2000, 1500
[[-7.8921640e-02  9.5560360e-01 -2.8267892e-01 -9.7700000e+00]
 [ 4.9206920e-02  2.8729500e-01  9.5634056e-01  1.4888000e+02]
 [ 9.9532120e-01  6.1889800e-02 -6.9466600e-02 -1.1680300e+03]
 [ 0.0000000e+00  0.0000000e+00  0.0000000e+00  1.0000000e+00]]
[-0058.20, +0025.62, -1087.69]
1875, 2250, 1500
[[-7.9401000e-02  9.5546184e-01 -2.8347188e-01 -9.8300000e+00]
 [ 4.8725240e-02  2.8796556e-01  9.5625144e-01  1.4896000e+02]
 [ 9.9543432e-01  6.2318840e-02 -6.9275400e-02 -1.1680700e+03]
 [ 0.0000000e+00  0.0000000e+00  0.0000000e+00  1.0000000e+00]]
[-0046.16, +0018.09, -1101.37]
1125, 750, 1500
[[-7.8468100e-02  9.5629064e-01 -2.8115412e-01 -9.8200000e+00]
 [ 4.7249680e-02  2.8542566e-01  9.5713044e-01  1.4877000e+02]
 [ 9.9564396e-01  6.1963080e-02 -6.7479200e-02 -1.1682300e+03]
 [ 0.0000000e+00  0.0000000e+00  0.0000000e+00  1.0000000e+00]]
[-0156.51, +0077.68, -1092.50]
1250, 1000, 1500
[[-7.8643560e-02  9.5605402e-01 -2.8166166e-01 -9.8600000e+00]
 [ 4.8804060e-02  2.8611150e-01  9.5679958e-01  1.4884000e+02]
 [ 9.9548518e-01  6.1708860e-02 -6.9011700e-02 -1.1681700e+03]
 [ 0.0000000e+00  0.0000000e+00  0.0000000e+00  1.0000000e+00]]
[-0136.86, +0065.17, -1078.96]
1375, 1250, 1500
[[-7.9192080e-02  9.5594400e-01 -2.8170616e-01 -9.8900000e+00]
 [ 4.9417600e-02  2.8628160e-01  9.5668320e-01  1.4887000e+02]
 [ 9.9536184e-01  6.2096000e-02 -6.9730320e-02 -1.1681700e+03]
 [ 0.0000000e+00  0.0000000e+00  0.0000000e+00  1.0000000e+00]]
[-0116.93, +0055.41, -1073.43]
1625, 1500, 1750
[[-8.0320900e-02  9.5582170e-01 -2.8226900e-01 -9.9600000e+00]
 [ 4.9252220e-02  2.8678254e-01  9.5663300e-01  1.4891000e+02]
 [ 9.9541204e-01  6.3066280e-02 -7.0018000e-02 -1.1682100e+03]
 [ 0.0000000e+00  0.0000000e+00  0.0000000e+00  1.0000000e+00]]
[-0115.14, +0054.96, -1082.75]
1750, 1750, 1750
[[-8.0220520e-02  9.5565750e-01 -2.8274818e-01 -9.9900000e+00]
 [ 4.9344300e-02  2.8729036e-01  9.5645550e-01  1.4893000e+02]
 [ 9.9538582e-01  6.2934300e-02 -7.0090120e-02 -1.1682000e+03]
 [ 0.0000000e+00  0.0000000e+00  0.0000000e+00  1.0000000e+00]]
[-0095.60, +0045.66, -1082.71]
1875, 2000, 1750
[[-8.0600100e-02  9.5552580e-01 -2.8299570e-01 -1.0020000e+01]
 [ 4.9978920e-02  2.8763036e-01  9.5630300e-01  1.4896000e+02]
 [ 9.9529806e-01  6.3117080e-02 -7.0809700e-02 -1.1681500e+03]
 [ 0.0000000e+00  0.0000000e+00  0.0000000e+00  1.0000000e+00]]
[-0076.80, +0035.62, -1087.52]
2000, 2250, 1750
[[-8.0740180e-02  9.5524032e-01 -2.8354634e-01 -1.0070000e+01]
 [ 5.0119680e-02  2.8830540e-01  9.5601984e-01  1.4905000e+02]
 [ 9.9517366e-01  6.3260160e-02 -7.0954420e-02 -1.1681700e+03]
 [ 0.0000000e+00  0.0000000e+00  0.0000000e+00  1.0000000e+00]]
[-0062.52, +0026.95, -1096.94]
1250, 750, 1750
[[-7.9154100e-02  9.5613452e-01 -2.8158014e-01 -9.8600000e+00]
 [ 4.8244600e-02  2.8593656e-01  9.5694548e-01  1.4879000e+02]
 [ 9.9556670e-01  6.2281400e-02 -6.8676100e-02 -1.1682000e+03]
 [ 0.0000000e+00  0.0000000e+00  0.0000000e+00  1.0000000e+00]]
[-0165.07, +0083.74, -1116.23]
1375, 1000, 1750
[[-7.8712960e-02  9.5587680e-01 -2.8214208e-01 -9.9100000e+00]
 [ 4.8670080e-02  2.8661720e-01  9.5663544e-01  1.4883000e+02]
 [ 9.9545760e-01  6.1803600e-02 -6.8915600e-02 -1.1682000e+03]
 [ 0.0000000e+00  0.0000000e+00  0.0000000e+00  1.0000000e+00]]
[-0149.98, +0074.14, -1098.72]
1625, 1250, 2000
[[-8.0390580e-02  9.5567906e-01 -2.8254446e-01 -1.0000000e+01]
 [ 4.9322740e-02  2.8712030e-01  9.5649158e-01  1.4889000e+02]
 [ 9.9534974e-01  6.3138020e-02 -7.0090120e-02 -1.1682000e+03]
 [ 0.0000000e+00  0.0000000e+00  0.0000000e+00  1.0000000e+00]]
[-0146.47, +0072.61, -1107.06]
1750, 1500, 2000
[[-8.0290320e-02  9.5554972e-01 -2.8281868e-01 -1.0040000e+01]
 [ 4.9619720e-02  2.8746038e-01  9.5633678e-01  1.4890000e+02]
 [ 9.9528868e-01  6.2983220e-02 -7.0329940e-02 -1.1681900e+03]
 [ 0.0000000e+00  0.0000000e+00  0.0000000e+00  1.0000000e+00]]
[-0130.65, +0064.99, -1097.28]
1875, 1750, 2000
[[-8.0360200e-02  9.5552696e-01 -2.8300908e-01 -1.0040000e+01]
 [ 4.9810120e-02  2.8763036e-01  9.5630184e-01  1.4895000e+02]
 [ 9.9531144e-01  6.2948280e-02 -7.0569800e-02 -1.1681700e+03]
 [ 0.0000000e+00  0.0000000e+00  0.0000000e+00  1.0000000e+00]]
[-0112.76, +0055.06, -1092.01]
2000, 2000, 2000
[[-8.0500200e-02  9.5548144e-01 -2.8338988e-01 -1.0110000e+01]
 [ 5.0190920e-02  2.8797020e-01  9.5623184e-01  1.4895000e+02]
 [ 9.9535696e-01  6.2878280e-02 -7.1049640e-02 -1.1681700e+03]
 [ 0.0000000e+00  0.0000000e+00  0.0000000e+00  1.0000000e+00]]
[-0094.16, +0045.58, -1092.24]
2125, 2250, 2000
[[-8.1290500e-02  9.5514498e-01 -2.8411964e-01 -1.0140000e+01]
 [ 5.0237460e-02  2.8881030e-01  9.5594148e-01  1.4905000e+02]
 [ 9.9523972e-01  6.3608040e-02 -7.1339560e-02 -1.1681900e+03]
 [ 0.0000000e+00  0.0000000e+00  0.0000000e+00  1.0000000e+00]]
[-0079.21, +0035.34, -1097.24]
1375, 750, 2000
[[-7.9223380e-02  9.5602664e-01 -2.8165092e-01 -9.9200000e+00]
 [ 4.8520240e-02  2.8610678e-01  9.5682696e-01  1.4880000e+02]
 [ 9.9546972e-01  6.2330640e-02 -6.8915600e-02 -1.1681800e+03]
 [ 0.0000000e+00  0.0000000e+00  0.0000000e+00  1.0000000e+00]]
[-0167.58, +0087.19, -1139.72]
1625, 1000, 2250
[[-8.0740180e-02  9.5539538e-01 -2.8325646e-01 -1.0140000e+01]
 [ 5.0444620e-02  2.8797020e-01  9.5614914e-01  1.4889000e+02]
 [ 9.9522354e-01  6.3130860e-02 -7.1289620e-02 -1.1681800e+03]
 [ 0.0000000e+00  0.0000000e+00  0.0000000e+00  1.0000000e+00]]
[-0160.99, +0080.57, -1139.77]
1750, 1250, 2250
[[-8.0120340e-02  9.5540820e-01 -2.8310740e-01 -1.0100000e+01]
 [ 4.9521400e-02  2.8779798e-01  9.5619408e-01  1.4890000e+02]
 [ 9.9523980e-01  6.2886080e-02 -7.0162320e-02 -1.1681900e+03]
 [ 0.0000000e+00  0.0000000e+00  0.0000000e+00  1.0000000e+00]]
[-0152.29, +0075.66, -1125.39]
1875, 1500, 2250
[[-8.1010020e-02  9.5535624e-01 -2.8327344e-01 -1.0130000e+01]
 [ 4.9596240e-02  2.8796312e-01  9.5618828e-01  1.4891000e+02]
 [ 9.9523344e-01  6.3641720e-02 -7.0546900e-02 -1.1682000e+03]
 [ 0.0000000e+00  0.0000000e+00  0.0000000e+00  1.0000000e+00]]
[-0140.28, +0069.87, -1113.58]
2000, 1750, 2250
[[-8.0600100e-02  9.5521592e-01 -2.8357554e-01 -1.0130000e+01]
 [ 4.9329120e-02  2.8830060e-01  9.5604424e-01  1.4894000e+02]
 [ 9.9519806e-01  6.3375840e-02 -7.0139460e-02 -1.1681800e+03]
 [ 0.0000000e+00  0.0000000e+00  0.0000000e+00  1.0000000e+00]]
[-0125.01, +0062.33, -1104.79]
2125, 2000, 2250
[[-8.1700500e-02  9.5516540e-01 -2.8390230e-01 -1.0170000e+01]
 [ 5.0384520e-02  2.8864044e-01  9.5597900e-01  1.4898000e+02]
 [ 9.9518986e-01  6.3980520e-02 -7.1579700e-02 -1.1681600e+03]
 [ 0.0000000e+00  0.0000000e+00  0.0000000e+00  1.0000000e+00]]
[-0109.24, +0052.71, -1100.79]
2250, 2250, 2250
[[-8.1841220e-02  9.5484438e-01 -2.8465764e-01 -1.0230000e+01]
 [ 5.0319780e-02  2.8948238e-01  9.5567276e-01  1.4906000e+02]
 [ 9.9510084e-01  6.4146040e-02 -7.1557840e-02 -1.1681700e+03]
 [ 0.0000000e+00  0.0000000e+00  0.0000000e+00  1.0000000e+00]]
[-0094.86, +0042.14, -1101.85]
2250, 2000, 2125
[[-7.9950400e-02  9.5547152e-01 -2.8343104e-01 -1.0100000e+01]
 [ 4.9458080e-02  2.8796792e-01  9.5624176e-01  1.4895000e+02]
 [ 9.9539584e-01  6.2598560e-02 -7.0162320e-02 -1.1681800e+03]
 [ 0.0000000e+00  0.0000000e+00  0.0000000e+00  1.0000000e+00]]
[-0094.85, +0065.39, -1100.02]
2250, 1750, 2000
[[-8.0360200e-02  9.5540702e-01 -2.8309406e-01 -1.0110000e+01]
 [ 4.9690180e-02  2.8779798e-01  9.5619526e-01  1.4893000e+02]
 [ 9.9522646e-01  6.3054860e-02 -7.0402180e-02 -1.1682000e+03]
 [ 0.0000000e+00  0.0000000e+00  0.0000000e+00  1.0000000e+00]]
[-0095.32, +0083.08, -1102.90]
2250, 1500, 1875
[[-8.0700200e-02  9.5550024e-01 -2.8301148e-01 -1.0090000e+01]
 [ 4.9357080e-02  2.8762556e-01  9.5632856e-01  1.4892000e+02]
 [ 9.9530904e-01  6.3401320e-02 -7.0234600e-02 -1.1681900e+03]
 [ 0.0000000e+00  0.0000000e+00  0.0000000e+00  1.0000000e+00]]
[-0093.87, +0098.47, -1109.48]
2250, 1250, 1750
[[-8.0700200e-02  9.5553516e-01 -2.8280652e-01 -1.0070000e+01]
 [ 4.9562040e-02  2.8745798e-01  9.5635134e-01  1.4891000e+02]
 [ 9.9527412e-01  6.3378540e-02 -7.0402180e-02 -1.1681900e+03]
 [ 0.0000000e+00  0.0000000e+00  0.0000000e+00  1.0000000e+00]]
[-0092.24, +0111.13, -1119.10]
2250, 1000, 1625
[[-8.0630400e-02  9.5567784e-01 -2.8253112e-01 -1.0060000e+01]
 [ 4.9491600e-02  2.8712030e-01  9.5649280e-01  1.4888000e+02]
 [ 9.9533640e-01  6.3306880e-02 -7.0329940e-02 -1.1682000e+03]
 [ 0.0000000e+00  0.0000000e+00  0.0000000e+00  1.0000000e+00]]
[-0090.93, +0122.86, -1133.30]
2000, 750, 1375
[[-7.9154100e-02  9.5604940e-01 -2.8146040e-01 -9.8500000e+00]
 [ 4.8329720e-02  2.8593656e-01  9.5686160e-01  1.4880000e+02]
 [ 9.9544696e-01  6.2365280e-02 -6.8676100e-02 -1.1682000e+03]
 [ 0.0000000e+00  0.0000000e+00  0.0000000e+00  1.0000000e+00]]
[-0094.61, +0128.73, -1129.14]
2000, 2250, 2125
[[-8.1150100e-02  9.5512050e-01 -2.8414900e-01 -1.0130000e+01]
 [ 4.9446900e-02  2.8880542e-01  9.5596596e-01  1.4902000e+02]
 [ 9.9526420e-01  6.3723960e-02 -7.0524520e-02 -1.1681900e+03]
 [ 0.0000000e+00  0.0000000e+00  0.0000000e+00  1.0000000e+00]]
[-0097.11, +0022.00, -1099.31]
2000, 2000, 2000
[[-7.9671360e-02  9.5561312e-01 -2.8299400e-01 -1.0010000e+01]
 [ 4.8406400e-02  2.8745550e-01  9.5644220e-01  1.4894000e+02]
 [ 9.9545912e-01  6.2677160e-02 -6.9035700e-02 -1.1682300e+03]
 [ 0.0000000e+00  0.0000000e+00  0.0000000e+00  1.0000000e+00]]
[-0098.19, +0045.42, -1092.36]
2000, 1750, 1875
[[-7.9911060e-02  9.5564668e-01 -2.8277592e-01 -1.0010000e+01]
 [ 4.8780120e-02  2.8728792e-01  9.5646632e-01  1.4891000e+02]
 [ 9.9541112e-01  6.2823120e-02 -6.9442980e-02 -1.1682300e+03]
 [ 0.0000000e+00  0.0000000e+00  0.0000000e+00  1.0000000e+00]]
[-0098.31, +0064.61, -1090.32]
2000, 1500, 1750
[[-7.9431700e-02  9.5568394e-01 -2.8259742e-01 -9.9900000e+00]
 [ 4.8647300e-02  2.8712030e-01  9.5648670e-01  1.4889000e+02]
 [ 9.9540270e-01  6.2462580e-02 -6.9131240e-02 -1.1682100e+03]
 [ 0.0000000e+00  0.0000000e+00  0.0000000e+00  1.0000000e+00]]
[-0097.55, +0082.52, -1092.72]
2000, 1250, 1625
[[-7.8883060e-02  9.5574396e-01 -2.8222832e-01 -9.9500000e+00]
 [ 4.8323880e-02  2.8678254e-01  9.5654184e-01  1.4888000e+02]
 [ 9.9537136e-01  6.2136720e-02 -6.8580160e-02 -1.1682000e+03]
 [ 0.0000000e+00  0.0000000e+00  0.0000000e+00  1.0000000e+00]]
[-0095.49, +0099.70, -1099.73]
1750, 1000, 1375
[[-7.9223380e-02  9.5599198e-01 -2.8185578e-01 -9.8800000e+00]
 [ 4.8315380e-02  2.8627452e-01  9.5680418e-01  1.4882000e+02]
 [ 9.9550438e-01  6.2353420e-02 -6.8747860e-02 -1.1681900e+03]
 [ 0.0000000e+00  0.0000000e+00  0.0000000e+00  1.0000000e+00]]
[-0097.46, +0104.76, -1092.45]
1750, 750, 1250
[[-7.9186120e-02  9.5613252e-01 -2.8140524e-01 -9.8600000e+00]
 [ 4.7432280e-02  2.8576110e-01  9.5700486e-01  1.4879000e+02]
 [ 9.9555436e-01  6.2599740e-02 -6.7861780e-02 -1.1682300e+03]
 [ 0.0000000e+00  0.0000000e+00  0.0000000e+00  1.0000000e+00]]
[-0097.17, +0123.33, -1107.69]
1750, 2250, 2000
[[-8.0400500e-02  9.5511210e-01 -2.8383390e-01 -1.0120000e+01]
 [ 5.0247900e-02  2.8864508e-01  9.5586362e-01  1.4901000e+02]
 [ 9.9512610e-01  6.2936380e-02 -7.0954420e-02 -1.1681600e+03]
 [ 0.0000000e+00  0.0000000e+00  0.0000000e+00  1.0000000e+00]]
[-0095.99, +0004.26, -1100.48]
1750, 2000, 1875
[[-7.9331280e-02  9.5567428e-01 -2.8278672e-01 -9.9800000e+00]
 [ 4.9064280e-02  2.8729272e-01  9.5643872e-01  1.4892000e+02]
 [ 9.9542672e-01  6.2201280e-02 -6.9538560e-02 -1.1681900e+03]
 [ 0.0000000e+00  0.0000000e+00  0.0000000e+00  1.0000000e+00]]
[-0097.35, +0026.66, -1088.52]
1750, 1750, 1750
[[-7.9261640e-02  9.5578212e-01 -2.8271604e-01 -9.9600000e+00]
 [ 4.8788760e-02  2.8712270e-01  9.5655738e-01  1.4892000e+02]
 [ 9.9552372e-01  6.2152260e-02 -6.9298900e-02 -1.1681900e+03]
 [ 0.0000000e+00  0.0000000e+00  0.0000000e+00  1.0000000e+00]]
[-0097.94, +0045.98, -1082.51]
1750, 1500, 1625
[[-7.9841460e-02  9.5570430e-01 -2.8238058e-01 -9.9600000e+00]
 [ 4.8794580e-02  2.8695020e-01  9.5652394e-01  1.4890000e+02]
 [ 9.9535350e-01  6.2835100e-02 -6.9370900e-02 -1.1681900e+03]
 [ 0.0000000e+00  0.0000000e+00  0.0000000e+00  1.0000000e+00]]
[-0097.14, +0065.09, -1080.54]
1500, 1250, 1375
[[-7.9122600e-02  9.5598230e-01 -2.8204510e-01 -9.8900000e+00]
 [ 4.8732340e-02  2.8644710e-01  9.5675638e-01  1.4886000e+02]
 [ 9.9552838e-01  6.2092300e-02 -6.9155140e-02 -1.1681900e+03]
 [ 0.0000000e+00  0.0000000e+00  0.0000000e+00  1.0000000e+00]]
[-0097.81, +0066.54, -1071.38]
1500, 1000, 1250
[[-7.8265620e-02  9.5615120e-01 -2.8161798e-01 -9.8700000e+00]
 [ 4.7964000e-02  2.8593900e-01  9.5692880e-01  1.4883000e+02]
 [ 9.9560698e-01  6.1548000e-02 -6.8125620e-02 -1.1682100e+03]
 [ 0.0000000e+00  0.0000000e+00  0.0000000e+00  1.0000000e+00]]
[-0098.01, +0089.81, -1075.64]
1500, 750, 1125
[[-7.8366760e-02  9.5628074e-01 -2.8134346e-01 -9.8300000e+00]
 [ 4.7666660e-02  2.8559852e-01  9.5708302e-01  1.4878000e+02]
 [ 9.9566806e-01  6.1702220e-02 -6.7886280e-02 -1.1682100e+03]
 [ 0.0000000e+00  0.0000000e+00  0.0000000e+00  1.0000000e+00]]
[-0098.03, +0112.29, -1086.78]
1500, 2250, 1875
[[-8.0500200e-02  9.5520644e-01 -2.8376468e-01 -1.0110000e+01]
 [ 4.9746040e-02  2.8847294e-01  9.5599586e-01  1.4903000e+02]
 [ 9.9522212e-01  6.3114260e-02 -7.0546900e-02 -1.1681700e+03]
 [ 0.0000000e+00  0.0000000e+00  0.0000000e+00  1.0000000e+00]]
[-0094.06, -0012.55, -1106.61]
1500, 2000, 1750
[[-7.9022020e-02  9.5566350e-01 -2.8281418e-01 -9.9700000e+00]
 [ 4.8500100e-02  2.8729036e-01  9.5644950e-01  1.4892000e+02]
 [ 9.9545182e-01  6.2090100e-02 -6.8891620e-02 -1.1682100e+03]
 [ 0.0000000e+00  0.0000000e+00  0.0000000e+00  1.0000000e+00]]
[-0096.27, +0006.85, -1089.29]
1500, 1750, 1625
[[-7.9091620e-02  9.5562526e-01 -2.8247524e-01 -9.9500000e+00]
 [ 4.9185260e-02  2.8712502e-01  9.5637652e-01  1.4891000e+02]
 [ 9.9528524e-01  6.2093480e-02 -6.9466600e-02 -1.1681800e+03]
 [ 0.0000000e+00  0.0000000e+00  0.0000000e+00  1.0000000e+00]]
[-0097.42, +0024.69, -1078.92]
1250, 1500, 1375
[[-7.9292740e-02  9.5584940e-01 -2.8213138e-01 -9.9000000e+00]
 [ 4.8386120e-02  2.8661240e-01  9.5666284e-01  1.4886000e+02]
 [ 9.9544210e-01  6.2425400e-02 -6.8819700e-02 -1.1681900e+03]
 [ 0.0000000e+00  0.0000000e+00  0.0000000e+00  1.0000000e+00]]
[-0097.29, +0021.11, -1070.10]
1250, 1250, 1250
[[-7.7755200e-02  9.5615544e-01 -2.8181928e-01 -9.8800000e+00]
 [ 4.8438480e-02  2.8611374e-01  9.5686714e-01  1.4884000e+02]
 [ 9.9564504e-01  6.0891580e-02 -6.8461300e-02 -1.1681700e+03]
 [ 0.0000000e+00  0.0000000e+00  0.0000000e+00  1.0000000e+00]]
[-0098.15, +0043.87, -1063.58]
1250, 1000, 1125
[[-7.8505000e-02  9.5618460e-01 -2.8140020e-01 -9.8600000e+00]
 [ 4.8337800e-02  2.8577118e-01  9.5695278e-01  1.4882000e+02]
 [ 9.9555940e-01  6.1694220e-02 -6.8532820e-02 -1.1681900e+03]
 [ 0.0000000e+00  0.0000000e+00  0.0000000e+00  1.0000000e+00]]
[-0098.52, +0069.31, -1062.30]
1250, 750, 1000
[[-7.8196500e-02  9.5624310e-01 -2.8101780e-01 -9.8100000e+00]
 [ 4.8182940e-02  2.8543310e-01  9.5700892e-01  1.4877000e+02]
 [ 9.9551508e-01  6.1537000e-02 -6.8221960e-02 -1.1681900e+03]
 [ 0.0000000e+00  0.0000000e+00  0.0000000e+00  1.0000000e+00]]
[-0098.83, +0094.75, -1067.71]
1250, 2250, 1750
[[-8.0400500e-02  9.5519700e-01 -2.8395390e-01 -1.0090000e+01]
 [ 5.0163000e-02  2.8864508e-01  9.5594740e-01  1.4902000e+02]
 [ 9.9524610e-01  6.2852600e-02 -7.0954420e-02 -1.1681800e+03]
 [ 0.0000000e+00  0.0000000e+00  0.0000000e+00  1.0000000e+00]]
[-0091.95, -0027.41, -1117.27]
1250, 2000, 1625
[[-7.9261640e-02  9.5581692e-01 -2.8251120e-01 -9.9500000e+00]
 [ 4.8993600e-02  2.8695500e-01  9.5658020e-01  1.4891000e+02]
 [ 9.9548892e-01  6.2129440e-02 -6.9466600e-02 -1.1682000e+03]
 [ 0.0000000e+00  0.0000000e+00  0.0000000e+00  1.0000000e+00]]
[-0094.26, -0012.60, -1095.79]
1000, 1750, 1375
[[-7.8744420e-02  9.5599446e-01 -2.8188190e-01 -9.8500000e+00]
 [ 4.7977460e-02  2.8627452e-01  9.5680170e-01  1.4888000e+02]
 [ 9.9553050e-01  6.2015500e-02 -6.8268900e-02 -1.1682000e+03]
 [ 0.0000000e+00  0.0000000e+00  0.0000000e+00  1.0000000e+00]]
[-0096.84, -0018.79, -1088.69]
1000, 1500, 1250
[[-7.8366760e-02  9.5600690e-01 -2.8171854e-01 -9.8400000e+00]
 [ 4.7222540e-02  2.8610174e-01  9.5684670e-01  1.4885000e+02]
 [ 9.9553230e-01  6.1938540e-02 -6.7383060e-02 -1.1682300e+03]
 [ 0.0000000e+00  0.0000000e+00  0.0000000e+00  1.0000000e+00]]
[-0097.65, -0002.82, -1072.88]
1000, 1250, 1125
[[-7.8366760e-02  9.5619560e-01 -2.8122380e-01 -9.8100000e+00]
 [ 4.7751800e-02  2.8559852e-01  9.5699912e-01  1.4884000e+02]
 [ 9.9554840e-01  6.1786120e-02 -6.7886280e-02 -1.1682100e+03]
 [ 0.0000000e+00  0.0000000e+00  0.0000000e+00  1.0000000e+00]]
[-0098.50, +0017.81, -1061.07]
1000, 1000, 1000
[[-7.7616800e-02  9.5623560e-01 -2.8123320e-01 -9.7900000e+00]
 [ 4.8261840e-02  2.8560560e-01  9.5695912e-01  1.4878000e+02]
 [ 9.9556488e-01  6.0938000e-02 -6.8150560e-02 -1.1681800e+03]
 [ 0.0000000e+00  0.0000000e+00  0.0000000e+00  1.0000000e+00]]
[-0099.32, +0043.25, -1054.01]
1000, 750, 875
[[-7.7511300e-02  9.5639898e-01 -2.8059126e-01 -9.7400000e+00]
 [ 4.7187660e-02  2.8492220e-01  9.5719382e-01  1.4874000e+02]
 [ 9.9559218e-01  6.1218260e-02 -6.7025860e-02 -1.1682300e+03]
 [ 0.0000000e+00  0.0000000e+00  0.0000000e+00  1.0000000e+00]]
[-0099.91, +0070.96, -1052.80]
750, 2000, 1375
[[-7.8712960e-02  9.5591152e-01 -2.8193728e-01 -9.8100000e+00]
 [ 4.8874880e-02  2.8644942e-01  9.5665822e-01  1.4891000e+02]
 [ 9.9542288e-01  6.1780820e-02 -6.9083380e-02 -1.1681800e+03]
 [ 0.0000000e+00  0.0000000e+00  0.0000000e+00  1.0000000e+00]]
[-0090.20, -0049.88, -1129.40]
750, 1750, 1250
[[-7.7856100e-02  9.5623448e-01 -2.8122026e-01 -9.7500000e+00]
 [ 4.8430880e-02  2.8560560e-01  9.5696024e-01  1.4887000e+02]
 [ 9.9555194e-01  6.1107040e-02 -6.8389860e-02 -1.1682100e+03]
 [ 0.0000000e+00  0.0000000e+00  0.0000000e+00  1.0000000e+00]]
[-0095.91, -0038.85, -1103.65]
750, 1500, 1125
[[-7.7786980e-02  9.5622268e-01 -2.8123434e-01 -9.7800000e+00]
 [ 4.8035480e-02  2.8560332e-01  9.5697204e-01  1.4882000e+02]
 [ 9.9556374e-01  6.1164360e-02 -6.7982660e-02 -1.1682000e+03]
 [ 0.0000000e+00  0.0000000e+00  0.0000000e+00  1.0000000e+00]]
[-0097.22, -0027.09, -1083.44]
750, 1250, 1000
[[-7.7409800e-02  9.5635458e-01 -2.8098546e-01 -9.7400000e+00]
 [ 4.7399940e-02  2.8526284e-01  9.5712378e-01  1.4881000e+02]
 [ 9.9565062e-01  6.0980340e-02 -6.7265000e-02 -1.1682400e+03]
 [ 0.0000000e+00  0.0000000e+00  0.0000000e+00  1.0000000e+00]]
[-0097.96, -0009.60, -1065.62]
750, 1000, 875
[[-7.7580100e-02  9.5653018e-01 -2.8049204e-01 -9.7100000e+00]
 [ 4.7702660e-02  2.8475670e-01  9.5728892e-01  1.4878000e+02]
 [ 9.9566572e-01  6.1054360e-02 -6.7600840e-02 -1.1682100e+03]
 [ 0.0000000e+00  0.0000000e+00  0.0000000e+00  1.0000000e+00]]
[-0099.66, +0014.49, -1051.95]
750, 750, 750
[[-7.7783460e-02  9.5678910e-01 -2.7994268e-01 -9.6700000e+00]
 [ 4.7107820e-02  2.8407510e-01  9.5759676e-01  1.4873000e+02]
 [ 9.9578820e-01  6.1362200e-02 -6.7122600e-02 -1.1682400e+03]
 [ 0.0000000e+00  0.0000000e+00  0.0000000e+00  1.0000000e+00]]
[-0100.38, +0041.94, -1044.23]
2250, 2250, 2250
[[-8.2731940e-02  9.5470684e-01 -2.8470288e-01 -1.0320000e+01]
 [ 5.0478680e-02  2.8964720e-01  9.5558364e-01  1.4909000e+02]
 [ 9.9497376e-01  6.4984920e-02 -7.1944100e-02 -1.1682000e+03]
 [ 0.0000000e+00  0.0000000e+00  0.0000000e+00  1.0000000e+00]]
[-0095.77, +0042.21, -1101.82]
2000, 2250, 2125
[[-8.0090400e-02  9.5522096e-01 -2.8377688e-01 -1.0100000e+01]
 [ 4.9803920e-02  2.8847526e-01  9.5598134e-01  1.4903000e+02]
 [ 9.9523664e-01  6.2718980e-02 -7.0474500e-02 -1.1681900e+03]
 [ 0.0000000e+00  0.0000000e+00  0.0000000e+00  1.0000000e+00]]
[-0093.60, +0020.93, -1098.99]
1750, 2250, 2000
[[-7.9570980e-02  9.5541382e-01 -2.8367796e-01 -1.0050000e+01]
 [ 4.8293820e-02  2.8813062e-01  9.5624164e-01  1.4901000e+02]
 [ 9.9546796e-01  6.2568360e-02 -6.8940360e-02 -1.1682300e+03]
 [ 0.0000000e+00  0.0000000e+00  0.0000000e+00  1.0000000e+00]]
[-0093.71, +0002.15, -1101.09]
1500, 2250, 1875
[[-7.9470800e-02  9.5543892e-01 -2.8366236e-01 -1.0050000e+01]
 [ 4.8915720e-02  2.8813550e-01  9.5621654e-01  1.4900000e+02]
 [ 9.9545724e-01  6.2283940e-02 -6.9515140e-02 -1.1682100e+03]
 [ 0.0000000e+00  0.0000000e+00  0.0000000e+00  1.0000000e+00]]
[-0090.63, -0012.49, -1106.11]
1250, 2250, 1750
[[-7.9570980e-02  9.5544868e-01 -2.8347310e-01 -1.0030000e+01]
 [ 4.8498680e-02  2.8796312e-01  9.5626460e-01  1.4901000e+02]
 [ 9.9543310e-01  6.2545400e-02 -6.9107860e-02 -1.1682400e+03]
 [ 0.0000000e+00  0.0000000e+00  0.0000000e+00  1.0000000e+00]]
[-0089.69, -0027.68, -1117.37]
1000, 2250, 1625
[[-7.9470800e-02  9.5550876e-01 -2.8325268e-01 -9.9500000e+00]
 [ 4.9325400e-02  2.8780030e-01  9.5626230e-01  1.4902000e+02]
 [ 9.9538740e-01  6.2238180e-02 -6.9850340e-02 -1.1682000e+03]
 [ 0.0000000e+00  0.0000000e+00  0.0000000e+00  1.0000000e+00]]
[-0087.76, -0039.43, -1131.02]
750, 2000, 1375
[[-7.8026280e-02  9.5611784e-01 -2.8183568e-01 -9.8000000e+00]
 [ 4.7590240e-02  2.8610678e-01  9.5690474e-01  1.4888000e+02]
 [ 9.9565448e-01  6.1401860e-02 -6.7718500e-02 -1.1682400e+03]
 [ 0.0000000e+00  0.0000000e+00  0.0000000e+00  1.0000000e+00]]
[-0092.52, -0045.48, -1126.11]
2250, 2000, 2125
[[-8.1700500e-02  9.5532062e-01 -2.8361234e-01 -1.0210000e+01]
 [ 5.0709620e-02  2.8830540e-01  9.5610826e-01  1.4896000e+02]
 [ 9.9523966e-01  6.3851260e-02 -7.1914740e-02 -1.1681700e+03]
 [ 0.0000000e+00  0.0000000e+00  0.0000000e+00  1.0000000e+00]]
[-0098.22, +0063.45, -1099.95]
2000, 2000, 2000
[[-7.9741000e-02  9.5565990e-01 -2.8277470e-01 -1.0020000e+01]
 [ 4.9006620e-02  2.8729036e-01  9.5645310e-01  1.4893000e+02]
 [ 9.9541234e-01  6.2596620e-02 -6.9610600e-02 -1.1682300e+03]
 [ 0.0000000e+00  0.0000000e+00  0.0000000e+00  1.0000000e+00]]
[-0098.18, +0041.90, -1092.35]
1750, 2000, 1875
[[-7.9192080e-02  9.5565040e-01 -2.8281540e-01 -9.9900000e+00]
 [ 4.8273600e-02  2.8728792e-01  9.5646260e-01  1.4890000e+02]
 [ 9.9545060e-01  6.2316600e-02 -6.8724000e-02 -1.1682400e+03]
 [ 0.0000000e+00  0.0000000e+00  0.0000000e+00  1.0000000e+00]]
[-0097.74, +0022.07, -1089.26]
1500, 2000, 1750
[[-7.9192080e-02  9.5568516e-01 -2.8261056e-01 -9.9400000e+00]
 [ 4.8478440e-02  2.8712030e-01  9.5648548e-01  1.4891000e+02]
 [ 9.9541584e-01  6.2293720e-02 -6.8891620e-02 -1.1682200e+03]
 [ 0.0000000e+00  0.0000000e+00  0.0000000e+00  1.0000000e+00]]
[-0095.81, +0003.99, -1090.13]
1250, 2000, 1625
[[-7.9501300e-02  9.5573074e-01 -2.8237818e-01 -9.9400000e+00]
 [ 4.9247500e-02  2.8695500e-01  9.5649750e-01  1.4891000e+02]
 [ 9.9535590e-01  6.2382180e-02 -6.9706260e-02 -1.1681800e+03]
 [ 0.0000000e+00  0.0000000e+00  0.0000000e+00  1.0000000e+00]]
[-0093.77, -0014.30, -1096.51]
1000, 1750, 1375
[[-7.8883060e-02  9.5589842e-01 -2.8193844e-01 -9.8600000e+00]
 [ 4.8648460e-02  2.8644710e-01  9.5667132e-01  1.4885000e+02]
 [ 9.9542172e-01  6.2007240e-02 -6.8915600e-02 -1.1681900e+03]
 [ 0.0000000e+00  0.0000000e+00  0.0000000e+00  1.0000000e+00]]
[-0096.90, -0018.86, -1088.69]
750, 1750, 1250
[[-7.8196500e-02  9.5622460e-01 -2.8175180e-01 -9.8100000e+00]
 [ 4.7483480e-02  2.8593656e-01  9.5702440e-01  1.4884000e+02]
 [ 9.9573836e-01  6.1521520e-02 -6.7718500e-02 -1.1682300e+03]
 [ 0.0000000e+00  0.0000000e+00  0.0000000e+00  1.0000000e+00]]
[-0095.34, -0039.52, -1104.53]
2250, 1750, 2000
[[-8.1320040e-02  9.5533222e-01 -2.8345030e-01 -1.0170000e+01]
 [ 4.9955300e-02  2.8813310e-01  9.5615450e-01  1.4895000e+02]
 [ 9.9524278e-01  6.3775460e-02 -7.1026900e-02 -1.1681800e+03]
 [ 0.0000000e+00  0.0000000e+00  0.0000000e+00  1.0000000e+00]]
[-0097.09, +0081.00, -1101.95]
2000, 1750, 1875
[[-7.9980740e-02  9.5569356e-01 -2.8255656e-01 -9.9800000e+00]
 [ 4.9380360e-02  2.8712270e-01  9.5647708e-01  1.4890000e+02]
 [ 9.9536424e-01  6.2742680e-02 -7.0018000e-02 -1.1681800e+03]
 [ 0.0000000e+00  0.0000000e+00  0.0000000e+00  1.0000000e+00]]
[-0097.89, +0060.00, -1089.63]
1750, 1750, 1750
[[-7.9741000e-02  9.5572958e-01 -2.8236494e-01 -9.9600000e+00]
 [ 4.9416380e-02  2.8695500e-01  9.5649866e-01  1.4891000e+02]
 [ 9.9534266e-01  6.2551060e-02 -6.9945960e-02 -1.1681900e+03]
 [ 0.0000000e+00  0.0000000e+00  0.0000000e+00  1.0000000e+00]]
[-0098.78, +0040.67, -1082.64]
1500, 1750, 1625
[[-7.8852000e-02  9.5583120e-01 -2.8252320e-01 -9.9400000e+00]
 [ 4.9051200e-02  2.8695728e-01  9.5656592e-01  1.4891000e+02]
 [ 9.9550320e-01  6.1734080e-02 -6.9394720e-02 -1.1682100e+03]
 [ 0.0000000e+00  0.0000000e+00  0.0000000e+00  1.0000000e+00]]
[-0097.03, +0021.49, -1079.43]
1250, 1500, 1375
[[-7.8883060e-02  9.5610324e-01 -2.8197314e-01 -9.8600000e+00]
 [ 4.8683160e-02  2.8627932e-01  9.5686188e-01  1.4889000e+02]
 [ 9.9562654e-01  6.1816680e-02 -6.9083380e-02 -1.1681900e+03]
 [ 0.0000000e+00  0.0000000e+00  0.0000000e+00  1.0000000e+00]]
[-0097.85, +0020.84, -1070.07]
1000, 1500, 1250
[[-7.8675220e-02  9.5601730e-01 -2.8169134e-01 -9.8400000e+00]
 [ 4.7786900e-02  2.8610430e-01  9.5683630e-01  1.4885000e+02]
 [ 9.9550766e-01  6.2050100e-02 -6.8029480e-02 -1.1681900e+03]
 [ 0.0000000e+00  0.0000000e+00  0.0000000e+00  1.0000000e+00]]
[-0097.53, -0003.12, -1072.93]
750, 1500, 1125
[[-7.8127460e-02  9.5604270e-01 -2.8152666e-01 -9.7500000e+00]
 [ 4.7258340e-02  2.8593404e-01  9.5686830e-01  1.4882000e+02]
 [ 9.9551070e-01  6.1746660e-02 -6.7311460e-02 -1.1682200e+03]
 [ 0.0000000e+00  0.0000000e+00  0.0000000e+00  1.0000000e+00]]
[-0097.14, -0027.42, -1083.57]
2250, 1500, 1875
[[-8.1080020e-02  9.5552348e-01 -2.8296882e-01 -1.0150000e+01]
 [ 5.0316520e-02  2.8763036e-01  9.5630532e-01  1.4893000e+02]
 [ 9.9527118e-01  6.3454680e-02 -7.1289620e-02 -1.1681600e+03]
 [ 0.0000000e+00  0.0000000e+00  0.0000000e+00  1.0000000e+00]]
[-0095.92, +0097.54, -1108.85]
2000, 1500, 1750
[[-7.9911060e-02  9.5571632e-01 -2.8236612e-01 -9.9600000e+00]
 [ 4.9189920e-02  2.8695264e-01  9.5651192e-01  1.4891000e+02]
 [ 9.9534148e-01  6.2777520e-02 -6.9778260e-02 -1.1682000e+03]
 [ 0.0000000e+00  0.0000000e+00  0.0000000e+00  1.0000000e+00]]
[-0097.78, +0079.28, -1091.86]
1750, 1500, 1625
[[-7.9192080e-02  9.5583972e-01 -2.8232068e-01 -9.9500000e+00]
 [ 4.8803080e-02  2.8678494e-01  9.5661498e-01  1.4889000e+02]
 [ 9.9546612e-01  6.2164220e-02 -6.9226980e-02 -1.1682000e+03]
 [ 0.0000000e+00  0.0000000e+00  0.0000000e+00  1.0000000e+00]]
[-0097.80, +0061.84, -1080.00]
1500, 1250, 1375
[[-7.8473460e-02  9.5603240e-01 -2.8186532e-01 -9.8900000e+00]
 [ 4.8825680e-02  2.8628160e-01  9.5676376e-01  1.4886000e+02]
 [ 9.9552100e-01  6.1505200e-02 -6.9011700e-02 -1.1681900e+03]
 [ 0.0000000e+00  0.0000000e+00  0.0000000e+00  1.0000000e+00]]
[-0097.56, +0066.00, -1071.24]
1250, 1250, 1250
[[-7.8574240e-02  9.5604212e-01 -2.8167588e-01 -9.8800000e+00]
 [ 4.8408680e-02  2.8610918e-01  9.5681148e-01  1.4886000e+02]
 [ 9.9549708e-01  6.1766280e-02 -6.8604420e-02 -1.1682100e+03]
 [ 0.0000000e+00  0.0000000e+00  0.0000000e+00  1.0000000e+00]]
[-0098.27, +0043.61, -1063.55]
1000, 1250, 1125
[[-7.7654500e-02  9.5624970e-01 -2.8139480e-01 -9.8200000e+00]
 [ 4.9469700e-02  2.8578198e-01  9.5688768e-01  1.4884000e+02]
 [ 9.9556480e-01  6.0562320e-02 -6.9372520e-02 -1.1681500e+03]
 [ 0.0000000e+00  0.0000000e+00  0.0000000e+00  1.0000000e+00]]
[-0098.22, +0018.17, -1060.95]
750, 1250, 1000
[[-7.7478720e-02  9.5645136e-01 -2.8109104e-01 -9.7300000e+00]
 [ 4.7710240e-02  2.8526520e-01  9.5719608e-01  1.4882000e+02]
 [ 9.9575856e-01  6.0839120e-02 -6.7672080e-02 -1.1682000e+03]
 [ 0.0000000e+00  0.0000000e+00  0.0000000e+00  1.0000000e+00]]
[-0098.19, -0009.46, -1065.39]
2250, 1250, 1750
[[-8.1010020e-02  9.5554618e-01 -2.8277848e-01 -1.0110000e+01]
 [ 5.0126180e-02  2.8746038e-01  9.5634032e-01  1.4892000e+02]
 [ 9.9524848e-01  6.3489680e-02 -7.1049640e-02 -1.1682000e+03]
 [ 0.0000000e+00  0.0000000e+00  0.0000000e+00  1.0000000e+00]]
[-0094.31, +0111.19, -1119.05]
2000, 1250, 1625
[[-7.9601800e-02  9.5577506e-01 -2.8198402e-01 -9.9400000e+00]
 [ 4.9035460e-02  2.8661484e-01  9.5656826e-01  1.4886000e+02]
 [ 9.9529718e-01  6.2620660e-02 -6.9466600e-02 -1.1681900e+03]
 [ 0.0000000e+00  0.0000000e+00  0.0000000e+00  1.0000000e+00]]
[-0096.43, +0097.82, -1099.03]
1750, 1000, 1375
[[-7.9393600e-02  9.5601352e-01 -2.8165216e-01 -9.8700000e+00]
 [ 4.8293840e-02  2.8610430e-01  9.5684008e-01  1.4882000e+02]
 [ 9.9546848e-01  6.2557040e-02 -6.8747860e-02 -1.1681900e+03]
 [ 0.0000000e+00  0.0000000e+00  0.0000000e+00  1.0000000e+00]]
[-0097.18, +0104.27, -1092.03]
1500, 1000, 1250
[[-7.8914640e-02  9.5605064e-01 -2.8147348e-01 -9.8400000e+00]
 [ 4.8160720e-02  2.8593656e-01  9.5686036e-01  1.4882000e+02]
 [ 9.9546004e-01  6.2196280e-02 -6.8436640e-02 -1.1682000e+03]
 [ 0.0000000e+00  0.0000000e+00  0.0000000e+00  1.0000000e+00]]
[-0098.20, +0089.40, -1075.52]
1250, 1000, 1125
[[-7.8574240e-02  9.5607676e-01 -2.8147108e-01 -9.8500000e+00]
 [ 4.8613480e-02  2.8594136e-01  9.5683424e-01  1.4881000e+02]
 [ 9.9546244e-01  6.1743520e-02 -6.8772240e-02 -1.1681900e+03]
 [ 0.0000000e+00  0.0000000e+00  0.0000000e+00  1.0000000e+00]]
[-0098.65, +0069.10, -1062.30]
1000, 1000, 1000
[[-7.8675220e-02  9.5612104e-01 -2.8107688e-01 -9.7900000e+00]
 [ 4.8401360e-02  2.8560096e-01  9.5690464e-01  1.4879000e+02]
 [ 9.9540392e-01  6.1981760e-02 -6.8532820e-02 -1.1682000e+03]
 [ 0.0000000e+00  0.0000000e+00  0.0000000e+00  1.0000000e+00]]
[-0099.04, +0043.56, -1053.93]
750, 1000, 875
[[-7.7340960e-02  9.5653136e-01 -2.8050488e-01 -9.6800000e+00]
 [ 4.7533520e-02  2.8475670e-01  9.5728774e-01  1.4880000e+02]
 [ 9.9567856e-01  6.0885220e-02 -6.7361700e-02 -1.1682100e+03]
 [ 0.0000000e+00  0.0000000e+00  0.0000000e+00  1.0000000e+00]]
[-0099.77, +0014.46, -1051.87]
2000, 750, 1375
[[-8.0112340e-02  9.5597504e-01 -2.8181756e-01 -9.9400000e+00]
 [ 4.8595840e-02  2.8627200e-01  9.5682112e-01  1.4882000e+02]
 [ 9.9546364e-01  6.3086720e-02 -6.9298900e-02 -1.1682100e+03]
 [ 0.0000000e+00  0.0000000e+00  0.0000000e+00  1.0000000e+00]]
[-0092.99, +0133.58, -1134.34]
1750, 750, 1250
[[-7.9084900e-02  9.5631160e-01 -2.8109960e-01 -9.8200000e+00]
 [ 4.8378640e-02  2.8543070e-01  9.5710948e-01  1.4878000e+02]
 [ 9.9559448e-01  6.2186600e-02 -6.8772240e-02 -1.1681900e+03]
 [ 0.0000000e+00  0.0000000e+00  0.0000000e+00  1.0000000e+00]]
[-0096.80, +0123.22, -1107.45]
1500, 750, 1125
[[-7.8675220e-02  9.5615562e-01 -2.8087206e-01 -9.8100000e+00]
 [ 4.8606180e-02  2.8543310e-01  9.5692734e-01  1.4878000e+02]
 [ 9.9536934e-01  6.1959060e-02 -6.8700680e-02 -1.1681800e+03]
 [ 0.0000000e+00  0.0000000e+00  0.0000000e+00  1.0000000e+00]]
[-0098.29, +0112.22, -1086.90]
1250, 750, 1000
[[-7.7786980e-02  9.5637686e-01 -2.8094450e-01 -9.7800000e+00]
 [ 4.8359860e-02  2.8526748e-01  9.5710150e-01  1.4875000e+02]
 [ 9.9561430e-01  6.1034900e-02 -6.8318500e-02 -1.1681700e+03]
 [ 0.0000000e+00  0.0000000e+00  0.0000000e+00  1.0000000e+00]]
[-0098.98, +0095.12, -1067.96]
1000, 750, 875
[[-7.7920820e-02  9.5650446e-01 -2.8049448e-01 -9.7200000e+00]
 [ 4.7250060e-02  2.8475182e-01  9.5731464e-01  1.4875000e+02]
 [ 9.9566328e-01  6.1506960e-02 -6.7265000e-02 -1.1682200e+03]
 [ 0.0000000e+00  0.0000000e+00  0.0000000e+00  1.0000000e+00]]
[-0099.95, +0071.15, -1052.88]
750, 750, 750
[[-7.6862800e-02  9.5660244e-01 -2.8012108e-01 -9.6400000e+00]
 [ 4.7604600e-02  2.8442070e-01  9.5733090e-01  1.4873000e+02]
 [ 9.9563540e-01  6.0501420e-02 -6.7219540e-02 -1.1681800e+03]
 [ 0.0000000e+00  0.0000000e+00  0.0000000e+00  1.0000000e+00]]
[-0100.82, +0042.25, -1044.17]
2250, 2250, 2250
[[-8.2533700e-02  9.5480886e-01 -2.8499588e-01 -1.0300000e+01]
 [ 5.1432540e-02  2.8982422e-01  9.5559204e-01  1.4908000e+02]
 [ 9.9510668e-01  6.4354440e-02 -7.2926920e-02 -1.1681300e+03]
 [ 0.0000000e+00  0.0000000e+00  0.0000000e+00  1.0000000e+00]]
[-0095.61, +0042.42, -1101.79]
2000, 2125, 2250
[[-8.0360200e-02  9.5530214e-01 -2.8370882e-01 -1.0110000e+01]
 [ 4.9075420e-02  2.8830060e-01  9.5612674e-01  1.4896000e+02]
 [ 9.9533134e-01  6.3123380e-02 -6.9899560e-02 -1.1682000e+03]
 [ 0.0000000e+00  0.0000000e+00  0.0000000e+00  1.0000000e+00]]
[-0115.26, +0033.84, -1101.73]
1750, 2000, 2250
[[-8.0430160e-02  9.5534924e-01 -2.8348936e-01 -1.0080000e+01]
 [ 4.9675640e-02  2.8813550e-01  9.5613748e-01  1.4894000e+02]
 [ 9.9528424e-01  6.3042680e-02 -7.0474500e-02 -1.1681800e+03]
 [ 0.0000000e+00  0.0000000e+00  0.0000000e+00  1.0000000e+00]]
[-0130.69, +0023.51, -1106.03]
1500, 1875, 2250
[[-7.9610640e-02  9.5534316e-01 -2.8371856e-01 -1.0080000e+01]
 [ 4.9586440e-02  2.8830768e-01  9.5608572e-01  1.4893000e+02]
 [ 9.9534816e-01  6.2274920e-02 -7.0162320e-02 -1.1681800e+03]
 [ 0.0000000e+00  0.0000000e+00  0.0000000e+00  1.0000000e+00]]
[-0143.11, +0016.76, -1113.13]
1250, 1750, 2250
[[-8.0120340e-02  9.5537326e-01 -2.8331230e-01 -1.0080000e+01]
 [ 4.9316500e-02  2.8796556e-01  9.5617126e-01  1.4893000e+02]
 [ 9.9527474e-01  6.2908900e-02 -6.9994740e-02 -1.1681800e+03]
 [ 0.0000000e+00  0.0000000e+00  0.0000000e+00  1.0000000e+00]]
[-0154.27, +0008.13, -1125.53]
1000, 1625, 2250
[[-7.8891300e-02  9.5553626e-01 -2.8326368e-01 -1.0000000e+01]
 [ 4.9609700e-02  2.8780470e-01  9.5623480e-01  1.4890000e+02]
 [ 9.9540280e-01  6.1616320e-02 -6.9945960e-02 -1.1681800e+03]
 [ 0.0000000e+00  0.0000000e+00  0.0000000e+00  1.0000000e+00]]
[-0161.93, +0000.88, -1140.91]
750, 1375, 2000
[[-7.8505000e-02  9.5599570e-01 -2.8189490e-01 -9.8200000e+00]
 [ 4.7808500e-02  2.8627452e-01  9.5680046e-01  1.4883000e+02]
 [ 9.9554350e-01  6.1846540e-02 -6.8029480e-02 -1.1682100e+03]
 [ 0.0000000e+00  0.0000000e+00  0.0000000e+00  1.0000000e+00]]
[-0166.67, -0005.60, -1137.65]
2250, 2125, 2000
[[-8.1050400e-02  9.5521640e-01 -2.8372320e-01 -1.0130000e+01]
 [ 5.0478720e-02  2.8847526e-01  9.5598590e-01  1.4902000e+02]
 [ 9.9518296e-01  6.3393780e-02 -7.1434500e-02 -1.1681500e+03]
 [ 0.0000000e+00  0.0000000e+00  0.0000000e+00  1.0000000e+00]]
[-0078.90, +0052.01, -1097.41]
2000, 2000, 2000
[[-8.0460340e-02  9.5562140e-01 -2.8293980e-01 -1.0000000e+01]
 [ 4.9308200e-02  2.8745798e-01  9.5643392e-01  1.4893000e+02]
 [ 9.9540740e-01  6.3125920e-02 -7.0162320e-02 -1.1681700e+03]
 [ 0.0000000e+00  0.0000000e+00  0.0000000e+00  1.0000000e+00]]
[-0099.01, +0042.34, -1092.46]
1750, 1875, 2000
[[-7.9741000e-02  9.5565990e-01 -2.8277470e-01 -9.9800000e+00]
 [ 4.9006620e-02  2.8729036e-01  9.5645310e-01  1.4890000e+02]
 [ 9.9541234e-01  6.2596620e-02 -6.9610600e-02 -1.1681800e+03]
 [ 0.0000000e+00  0.0000000e+00  0.0000000e+00  1.0000000e+00]]
[-0117.17, +0032.02, -1092.40]
1500, 1750, 2000
[[-7.9161300e-02  9.5568746e-01 -2.8278558e-01 -9.9700000e+00]
 [ 4.9290780e-02  2.8729500e-01  9.5642554e-01  1.4890000e+02]
 [ 9.9542786e-01  6.1974780e-02 -6.9706260e-02 -1.1681900e+03]
 [ 0.0000000e+00  0.0000000e+00  0.0000000e+00  1.0000000e+00]]
[-0132.21, +0023.24, -1096.08]
1250, 1625, 2000
[[-7.9261640e-02  9.5578212e-01 -2.8271604e-01 -9.9500000e+00]
 [ 4.8788760e-02  2.8712270e-01  9.5655738e-01  1.4889000e+02]
 [ 9.9552372e-01  6.2152260e-02 -6.9298900e-02 -1.1681900e+03]
 [ 0.0000000e+00  0.0000000e+00  0.0000000e+00  1.0000000e+00]]
[-0146.24, +0012.88, -1105.01]
1000, 1375, 1750
[[-7.8952500e-02  9.5591038e-01 -2.8192416e-01 -9.8600000e+00]
 [ 4.9043820e-02  2.8644942e-01  9.5665936e-01  1.4884000e+02]
 [ 9.9540976e-01  6.1949760e-02 -6.9322920e-02 -1.1681700e+03]
 [ 0.0000000e+00  0.0000000e+00  0.0000000e+00  1.0000000e+00]]
[-0149.28, +0008.83, -1096.79]
750, 1250, 1750
[[-7.8435840e-02  9.5605312e-01 -2.8149952e-01 -9.8000000e+00]
 [ 4.7822720e-02  2.8593656e-01  9.5685788e-01  1.4881000e+02]
 [ 9.9548608e-01  6.1858280e-02 -6.7957840e-02 -1.1681900e+03]
 [ 0.0000000e+00  0.0000000e+00  0.0000000e+00  1.0000000e+00]]
[-0163.40, -0002.89, -1113.80]
2250, 2000, 1750
[[-8.1320040e-02  9.5521220e-01 -2.8353528e-01 -1.0100000e+01]
 [ 4.9835280e-02  2.8830060e-01  9.5604796e-01  1.4900000e+02]
 [ 9.9515780e-01  6.3882000e-02 -7.0859400e-02 -1.1681400e+03]
 [ 0.0000000e+00  0.0000000e+00  0.0000000e+00  1.0000000e+00]]
[-0062.83, +0062.18, -1097.78]
2000, 1875, 1750
[[-8.0320900e-02  9.5551230e-01 -2.8284900e-01 -9.9800000e+00]
 [ 4.8602580e-02  2.8745294e-01  9.5637420e-01  1.4891000e+02]
 [ 9.9531156e-01  6.3325080e-02 -6.9347600e-02 -1.1681900e+03]
 [ 0.0000000e+00  0.0000000e+00  0.0000000e+00  1.0000000e+00]]
[-0082.82, +0051.63, -1087.76]
1750, 1750, 1750
[[-7.9741000e-02  9.5572958e-01 -2.8236494e-01 -9.9500000e+00]
 [ 4.9416380e-02  2.8695500e-01  9.5649866e-01  1.4891000e+02]
 [ 9.9534266e-01  6.2551060e-02 -6.9945960e-02 -1.1681800e+03]
 [ 0.0000000e+00  0.0000000e+00  0.0000000e+00  1.0000000e+00]]
[-0100.61, +0042.19, -1082.80]
1500, 1625, 1750
[[-7.8852000e-02  9.5574620e-01 -2.8240340e-01 -9.9400000e+00]
 [ 4.9136200e-02  2.8695728e-01  9.5648204e-01  1.4889000e+02]
 [ 9.9538340e-01  6.1817960e-02 -6.9394720e-02 -1.1681800e+03]
 [ 0.0000000e+00  0.0000000e+00  0.0000000e+00  1.0000000e+00]]
[-0116.82, +0032.51, -1082.16]
1250, 1375, 1500
[[-7.9431700e-02  9.5590810e-01 -2.8189780e-01 -9.8800000e+00]
 [ 4.9381700e-02  2.8644942e-01  9.5666164e-01  1.4887000e+02]
 [ 9.9538340e-01  6.2287640e-02 -6.9802120e-02 -1.1681700e+03]
 [ 0.0000000e+00  0.0000000e+00  0.0000000e+00  1.0000000e+00]]
[-0116.29, +0031.33, -1072.20]
1000, 1250, 1500
[[-7.8574240e-02  9.5604212e-01 -2.8167588e-01 -9.8300000e+00]
 [ 4.8408680e-02  2.8610918e-01  9.5681148e-01  1.4886000e+02]
 [ 9.9549708e-01  6.1766280e-02 -6.8604420e-02 -1.1682100e+03]
 [ 0.0000000e+00  0.0000000e+00  0.0000000e+00  1.0000000e+00]]
[-0136.09, +0017.90, -1077.59]
750, 1125, 1500
[[-7.7888200e-02  9.5619808e-01 -2.8124964e-01 -9.7600000e+00]
 [ 4.7413720e-02  2.8559852e-01  9.5699664e-01  1.4881000e+02]
 [ 9.9557424e-01  6.1448040e-02 -6.7407720e-02 -1.1682100e+03]
 [ 0.0000000e+00  0.0000000e+00  0.0000000e+00  1.0000000e+00]]
[-0154.28, +0003.57, -1090.23]
2250, 1875, 1500
[[-8.1110160e-02  9.5545068e-01 -2.8320436e-01 -1.0060000e+01]
 [ 4.9094360e-02  2.8779054e-01  9.5632038e-01  1.4899000e+02]
 [ 9.9532932e-01  6.3819460e-02 -7.0139460e-02 -1.1681800e+03]
 [ 0.0000000e+00  0.0000000e+00  0.0000000e+00  1.0000000e+00]]
[-0046.97, +0070.74, -1102.93]
2000, 1750, 1500
[[-7.9841460e-02  9.5570430e-01 -2.8238058e-01 -9.9300000e+00]
 [ 4.8794580e-02  2.8695020e-01  9.5652394e-01  1.4891000e+02]
 [ 9.9535350e-01  6.2835100e-02 -6.9370900e-02 -1.1681900e+03]
 [ 0.0000000e+00  0.0000000e+00  0.0000000e+00  1.0000000e+00]]
[-0064.66, +0062.24, -1088.20]
1750, 1625, 1500
[[-7.9261640e-02  9.5576670e-01 -2.8218654e-01 -9.9100000e+00]
 [ 4.9283460e-02  2.8678726e-01  9.5651910e-01  1.4889000e+02]
 [ 9.9533430e-01  6.2190540e-02 -6.9634340e-02 -1.1681600e+03]
 [ 0.0000000e+00  0.0000000e+00  0.0000000e+00  1.0000000e+00]]
[-0080.47, +0053.14, -1078.32]
1500, 1375, 1250
[[-7.9292740e-02  9.5591880e-01 -2.8172166e-01 -9.8600000e+00]
 [ 4.8795840e-02  2.8627696e-01  9.5670840e-01  1.4887000e+02]
 [ 9.9537270e-01  6.2379840e-02 -6.9155140e-02 -1.1681900e+03]
 [ 0.0000000e+00  0.0000000e+00  0.0000000e+00  1.0000000e+00]]
[-0078.34, +0055.23, -1069.37]
1250, 1250, 1250
[[-7.8473460e-02  9.5594736e-01 -2.8174558e-01 -9.8500000e+00]
 [ 4.8910720e-02  2.8628160e-01  9.5667984e-01  1.4885000e+02]
 [ 9.9540126e-01  6.1589120e-02 -6.9011700e-02 -1.1681800e+03]
 [ 0.0000000e+00  0.0000000e+00  0.0000000e+00  1.0000000e+00]]
[-0097.85, +0043.51, -1063.53]
1000, 1125, 1250
[[-7.8095440e-02  9.5611368e-01 -2.8129236e-01 -9.8100000e+00]
 [ 4.8480240e-02  2.8577350e-01  9.5685468e-01  1.4883000e+02]
 [ 9.9545388e-01  6.1382760e-02 -6.8461300e-02 -1.1681700e+03]
 [ 0.0000000e+00  0.0000000e+00  0.0000000e+00  1.0000000e+00]]
[-0119.49, +0029.40, -1063.50]
750, 1000, 1250
[[-7.7648980e-02  9.5635338e-01 -2.8097262e-01 -9.7300000e+00]
 [ 4.7569020e-02  2.8526284e-01  9.5712498e-01  1.4879000e+02]
 [ 9.9563778e-01  6.1149420e-02 -6.7504180e-02 -1.1682000e+03]
 [ 0.0000000e+00  0.0000000e+00  0.0000000e+00  1.0000000e+00]]
[-0141.79, +0014.54, -1070.66]
2250, 1750, 1250
[[-8.0530180e-02  9.5542860e-01 -2.8289032e-01 -1.0030000e+01]
 [ 4.9668600e-02  2.8762800e-01  9.5623140e-01  1.4897000e+02]
 [ 9.9519032e-01  6.3258600e-02 -7.0402180e-02 -1.1681600e+03]
 [ 0.0000000e+00  0.0000000e+00  0.0000000e+00  1.0000000e+00]]
[-0034.28, +0078.38, -1111.86]
2000, 1625, 1250
[[-7.9362180e-02  9.5589606e-01 -2.8191216e-01 -9.8900000e+00]
 [ 4.8986340e-02  2.8644710e-01  9.5667368e-01  1.4889000e+02]
 [ 9.9539544e-01  6.2345120e-02 -6.9394720e-02 -1.1681900e+03]
 [ 0.0000000e+00  0.0000000e+00  0.0000000e+00  1.0000000e+00]]
[-0047.90, +0071.77, -1093.67]
1750, 1375, 1000
[[-7.9053200e-02  9.5600508e-01 -2.8185456e-01 -9.8500000e+00]
 [ 4.8541800e-02  2.8627696e-01  9.5679108e-01  1.4885000e+02]
 [ 9.9550560e-01  6.2127000e-02 -6.8915600e-02 -1.1681900e+03]
 [ 0.0000000e+00  0.0000000e+00  0.0000000e+00  1.0000000e+00]]
[-0042.58, +0074.23, -1086.17]
1500, 1250, 1000
[[-7.9393600e-02  9.5613328e-01 -2.8156704e-01 -9.8400000e+00]
 [ 4.8413600e-02  2.8593656e-01  9.5694672e-01  1.4884000e+02]
 [ 9.9555360e-01  6.2450400e-02 -6.8915600e-02 -1.1682000e+03]
 [ 0.0000000e+00  0.0000000e+00  0.0000000e+00  1.0000000e+00]]
[-0057.64, +0066.98, -1071.33]
1250, 1125, 1000
[[-7.8675220e-02  9.5608646e-01 -2.8128170e-01 -9.8200000e+00]
 [ 4.8196540e-02  2.8576878e-01  9.5688190e-01  1.4883000e+02]
 [ 9.9543850e-01  6.2004500e-02 -6.8365000e-02 -1.1682000e+03]
 [ 0.0000000e+00  0.0000000e+00  0.0000000e+00  1.0000000e+00]]
[-0076.43, +0056.21, -1060.14]
1000, 1000, 1000
[[-7.8366760e-02  9.5623012e-01 -2.8101900e-01 -9.7700000e+00]
 [ 4.7956600e-02  2.8543070e-01  9.5702190e-01  1.4879000e+02]
 [ 9.9551388e-01  6.1763340e-02 -6.8054100e-02 -1.1682100e+03]
 [ 0.0000000e+00  0.0000000e+00  0.0000000e+00  1.0000000e+00]]
[-0099.32, +0043.37, -1053.97]
750, 875, 1000
[[-7.7989620e-02  9.5648168e-01 -2.8068514e-01 -9.7000000e+00]
 [ 4.7440720e-02  2.8492220e-01  9.5728024e-01  1.4877000e+02]
 [ 9.9568606e-01  6.1472560e-02 -6.7504180e-02 -1.1682200e+03]
 [ 0.0000000e+00  0.0000000e+00  0.0000000e+00  1.0000000e+00]]
[-0123.63, +0027.34, -1054.82]
2000, 1375, 750
[[-7.9223380e-02  9.5590688e-01 -2.8173602e-01 -9.8600000e+00]
 [ 4.8400480e-02  2.8627452e-01  9.5672032e-01  1.4888000e+02]
 [ 9.9538462e-01  6.2437280e-02 -6.8747860e-02 -1.1682100e+03]
 [ 0.0000000e+00  0.0000000e+00  0.0000000e+00  1.0000000e+00]]
[-0013.11, +0088.91, -1124.61]
1750, 1250, 750
[[-7.8366760e-02  9.5611046e-01 -2.8110414e-01 -9.7700000e+00]
 [ 4.7836940e-02  2.8559852e-01  9.5691522e-01  1.4882000e+02]
 [ 9.9542874e-01  6.1870020e-02 -6.7886280e-02 -1.1681900e+03]
 [ 0.0000000e+00  0.0000000e+00  0.0000000e+00  1.0000000e+00]]
[-0024.88, +0083.03, -1098.59]
1500, 1125, 750
[[-7.8606100e-02  9.5622890e-01 -2.8100600e-01 -9.7900000e+00]
 [ 4.8125660e-02  2.8543070e-01  9.5702312e-01  1.4881000e+02]
 [ 9.9550088e-01  6.1932400e-02 -6.8293440e-02 -1.1681700e+03]
 [ 0.0000000e+00  0.0000000e+00  0.0000000e+00  1.0000000e+00]]
[-0036.89, +0077.80, -1079.68]
1250, 1000, 750
[[-7.7819280e-02  9.5625536e-01 -2.8085424e-01 -9.7400000e+00]
 [ 4.7427840e-02  2.8526040e-01  9.5705392e-01  1.4879000e+02]
 [ 9.9551696e-01  6.1459680e-02 -6.7336320e-02 -1.1682100e+03]
 [ 0.0000000e+00  0.0000000e+00  0.0000000e+00  1.0000000e+00]]
[-0054.32, +0069.81, -1062.86]
1000, 875, 750
[[-7.7580100e-02  9.5644502e-01 -2.8037246e-01 -9.6900000e+00]
 [ 4.7787820e-02  2.8475670e-01  9.5720494e-01  1.4877000e+02]
 [ 9.9554614e-01  6.1138340e-02 -6.7600840e-02 -1.1682000e+03]
 [ 0.0000000e+00  0.0000000e+00  0.0000000e+00  1.0000000e+00]]
[-0076.17, +0058.22, -1050.55]
