950, 950, 950
[[-2.2436058e-01  6.1363288e-01 -7.5677500e-01  9.6070000e+01]
 [-3.3968800e-03  7.7627942e-01  6.3032060e-01  1.4084000e+02]
 [ 9.7429060e-01  1.4411900e-01 -1.7203600e-01 -1.1801300e+03]
 [ 0.0000000e+00  0.0000000e+00  0.0000000e+00  1.0000000e+00]]
[+0069.68, +0004.86, -1066.12]
1859, 1278, 2172
[[-2.2866250e-01  6.1024160e-01 -7.5809620e-01  9.5560000e+01]
 [-4.5896000e-03  7.7834742e-01  6.2772956e-01  1.4069000e+02]
 [ 9.7318220e-01  1.4720956e-01 -1.7510992e-01 -1.1801400e+03]
 [ 0.0000000e+00  0.0000000e+00  0.0000000e+00  1.0000000e+00]]
[+0019.59, +0009.67, -1140.38]
1868, 1270, 1009
[[-2.2672026e-01  6.1202568e-01 -7.5740710e-01  9.5840000e+01]
 [-4.3736000e-03  7.7718780e-01  6.2920200e-01  1.4081000e+02]
 [ 9.7376682e-01  1.4607824e-01 -1.7348730e-01 -1.1801600e+03]
 [ 0.0000000e+00  0.0000000e+00  0.0000000e+00  1.0000000e+00]]
[+0095.77, +0078.00, -1108.51]
1859, 1278, 2172
[[-2.2847202e-01  6.1027506e-01 -7.5828588e-01  9.5580000e+01]
 [-5.0004600e-03  7.7832446e-01  6.2778956e-01  1.4067000e+02]
 [ 9.7334892e-01  1.4734004e-01 -1.7473252e-01 -1.1801500e+03]
 [ 0.0000000e+00  0.0000000e+00  0.0000000e+00  1.0000000e+00]]
[+0019.71, +0010.55, -1140.55]
1623, 1563, 2168
[[-2.2670034e-01  6.1083928e-01 -7.5845806e-01  9.5680000e+01]
 [-5.1709600e-03  7.7807840e-01  6.2811368e-01  1.4074000e+02]
 [ 9.7383598e-01  1.4638616e-01 -1.7320690e-01 -1.1801900e+03]
 [ 0.0000000e+00  0.0000000e+00  0.0000000e+00  1.0000000e+00]]
[+0037.05, -0023.14, -1126.29]
1859, 1278, 2172
[[-2.2885306e-01  6.1040844e-01 -7.5800178e-01  9.5590000e+01]
 [-4.0834800e-03  7.7828824e-01  6.2782764e-01  1.4071000e+02]
 [ 9.7321554e-01  1.4692092e-01 -1.7556946e-01 -1.1801300e+03]
 [ 0.0000000e+00  0.0000000e+00  0.0000000e+00  1.0000000e+00]]
[+0019.28, +0010.21, -1141.28]
2058, 1442, 2172
[[-2.2984458e-01  6.1004796e-01 -7.5802626e-01  9.5520000e+01]
 [-4.3635600e-03  7.7842940e-01  6.2765828e-01  1.4070000e+02]
 [ 9.7300734e-01  1.4770052e-01 -1.7621002e-01 -1.1801400e+03]
 [ 0.0000000e+00  0.0000000e+00  0.0000000e+00  1.0000000e+00]]
[+0029.42, +0019.80, -1134.02]
1859, 1278, 2172
[[-2.2689058e-01  6.1095322e-01 -7.5821636e-01  9.5690000e+01]
 [-4.6124200e-03  7.7801910e-01  6.2817116e-01  1.4072000e+02]
 [ 9.7372204e-01  1.4613844e-01 -1.7366632e-01 -1.1801700e+03]
 [ 0.0000000e+00  0.0000000e+00  0.0000000e+00  1.0000000e+00]]
[+0019.00, +0008.04, -1141.85]
1022, 1141, 2205
[[-2.2621508e-01  6.1131720e-01 -7.5802476e-01  9.5790000e+01]
 [-4.9278000e-03  7.7772700e-01  6.2850840e-01  1.4073000e+02]
 [ 9.7379976e-01  1.4607660e-01 -1.7286308e-01 -1.1801600e+03]
 [ 0.0000000e+00  0.0000000e+00  0.0000000e+00  1.0000000e+00]]
[+0023.86, -0051.16, -1164.73]
1333, 1787, 2093
[[-2.2602504e-01  6.1144600e-01 -7.5801380e-01  9.5800000e+01]
 [-5.1388000e-03  7.7762198e-01  6.2864452e-01  1.4082000e+02]
 [ 9.7387100e-01  1.4613052e-01 -1.7256802e-01 -1.1801900e+03]
 [ 0.0000000e+00  0.0000000e+00  0.0000000e+00  1.0000000e+00]]
[+0064.23, -0046.51, -1122.11]
1022, 1141, 2205
[[-2.2621508e-01  6.1116966e-01 -7.5807726e-01  9.5740000e+01]
 [-5.0753400e-03  7.7780918e-01  6.2839102e-01  1.4071000e+02]
 [ 9.7374726e-01  1.4619398e-01 -1.7278090e-01 -1.1802100e+03]
 [ 0.0000000e+00  0.0000000e+00  0.0000000e+00  1.0000000e+00]]
[+0023.60, -0051.06, -1165.14]
999, 1017, 1428
[[-2.2495026e-01  6.1292594e-01 -7.5712514e-01  9.5970000e+01]
 [-3.9987400e-03  7.7669292e-01  6.2979718e-01  1.4080000e+02]
 [ 9.7411534e-01  1.4485258e-01 -1.7221218e-01 -1.1801900e+03]
 [ 0.0000000e+00  0.0000000e+00  0.0000000e+00  1.0000000e+00]]
[+0038.35, -0024.67, -1093.42]
1022, 1141, 2205
[[-2.2600516e-01  6.1098736e-01 -7.5830696e-01  9.5690000e+01]
 [-4.8930400e-03  7.7801910e-01  6.2813702e-01  1.4071000e+02]
 [ 9.7381264e-01  1.4585782e-01 -1.7278090e-01 -1.1802300e+03]
 [ 0.0000000e+00  0.0000000e+00  0.0000000e+00  1.0000000e+00]]
[+0023.86, -0051.19, -1164.51]
1800, 772, 2241
[[-2.3367232e-01  6.0683712e-01 -7.5950416e-01  9.5070000e+01]
 [-5.9284800e-03  7.8037518e-01  6.2524086e-01  1.4041000e+02]
 [ 9.7214336e-01  1.5069834e-01 -1.7872114e-01 -1.1801200e+03]
 [ 0.0000000e+00  0.0000000e+00  0.0000000e+00  1.0000000e+00]]
[+0007.12, +0014.47, -1175.53]
1022, 1141, 2205
[[-2.2550034e-01  6.1111136e-01 -7.5846192e-01  9.5770000e+01]
 [-4.5091200e-03  7.7806446e-01  6.2810656e-01  1.4079000e+02]
 [ 9.7401296e-01  1.4519328e-01 -1.7265024e-01 -1.1802000e+03]
 [ 0.0000000e+00  0.0000000e+00  0.0000000e+00  1.0000000e+00]]
[+0025.16, -0050.32, -1161.00]
1796, 882, 1467
[[-2.2729074e-01  6.1139706e-01 -7.5769232e-01  9.5760000e+01]
 [-4.0883800e-03  7.7766750e-01  6.2859984e-01  1.4083000e+02]
 [ 9.7359504e-01  1.4610992e-01 -1.7420820e-01 -1.1801700e+03]
 [ 0.0000000e+00  0.0000000e+00  0.0000000e+00  1.0000000e+00]]
[+0028.52, +0061.82, -1128.61]
2217, 777, 1352
[[-2.2849170e-01  6.1073348e-01 -7.5799316e-01  9.5680000e+01]
 [-5.2454800e-03  7.7792742e-01  6.2829736e-01  1.4078000e+02]
 [ 9.7340716e-01  1.4761336e-01 -1.7451912e-01 -1.1802500e+03]
 [ 0.0000000e+00  0.0000000e+00  0.0000000e+00  1.0000000e+00]]
[+0044.62, +0085.81, -1162.25]
1796, 882, 1467
[[-2.2691034e-01  6.1102152e-01 -7.5822840e-01  9.5750000e+01]
 [-5.3532000e-03  7.7786840e-01  6.2836780e-01  1.4080000e+02]
 [ 9.7377048e-01  1.4672236e-01 -1.7320690e-01 -1.1802000e+03]
 [ 0.0000000e+00  0.0000000e+00  0.0000000e+00  1.0000000e+00]]
[+0029.30, +0056.29, -1126.08]
1997, 1789, 1379
[[-2.2746178e-01  6.1047198e-01 -7.5844870e-01  9.5640000e+01]
 [-4.1800200e-03  7.7841582e-01  6.2768610e-01  1.4089000e+02]
 [ 9.7360310e-01  1.4605230e-01 -1.7446996e-01 -1.1802200e+03]
 [ 0.0000000e+00  0.0000000e+00  0.0000000e+00  1.0000000e+00]]
[+0107.26, +0049.28, -1102.14]
1796, 882, 1467
[[-2.2640520e-01  6.1109336e-01 -7.5823572e-01  9.5740000e+01]
 [-4.9168800e-03  7.7791416e-01  6.2829596e-01  1.4079000e+02]
 [ 9.7382356e-01  1.4609892e-01 -1.7307600e-01 -1.1802100e+03]
 [ 0.0000000e+00  0.0000000e+00  0.0000000e+00  1.0000000e+00]]
[+0027.72, +0056.77, -1126.90]
1883, 892, 1778
[[-2.2748106e-01  6.1068764e-01 -7.5840832e-01  9.5630000e+01]
 [-4.7730800e-03  7.7818334e-01  6.2800036e-01  1.4076000e+02]
 [ 9.7370416e-01  1.4651908e-01 -1.7409256e-01 -1.1802300e+03]
 [ 0.0000000e+00  0.0000000e+00  0.0000000e+00  1.0000000e+00]]
[+0015.27, +0047.42, -1148.78]
1796, 882, 1467
[[-2.2621508e-01  6.1161228e-01 -7.5791976e-01  9.5800000e+01]
 [-4.6327200e-03  7.7756252e-01  6.2874316e-01  1.4084000e+02]
 [ 9.7390476e-01  1.4584184e-01 -1.7302756e-01 -1.1802100e+03]
 [ 0.0000000e+00  0.0000000e+00  0.0000000e+00  1.0000000e+00]]
[+0030.22, +0058.84, -1125.97]
1925, 1444, 2246
[[-2.2881554e-01  6.0920550e-01 -7.5918732e-01  9.5430000e+01]
 [-4.1941800e-03  7.7932670e-01  6.2658276e-01  1.4074000e+02]
 [ 9.7338540e-01  1.4660220e-01 -1.7575060e-01 -1.1802000e+03]
 [ 0.0000000e+00  0.0000000e+00  0.0000000e+00  1.0000000e+00]]
[+0026.14, +0005.36, -1136.36]
1901, 1643, 2000
[[-2.2727130e-01  6.1021014e-01 -7.5874288e-01  9.5610000e+01]
 [-4.8861400e-03  7.7855718e-01  6.2751144e-01  1.4085000e+02]
 [ 9.7366488e-01  1.4641744e-01 -1.7392848e-01 -1.1802300e+03]
 [ 0.0000000e+00  0.0000000e+00  0.0000000e+00  1.0000000e+00]]
[+0051.56, +0012.45, -1110.18]
1925, 1444, 2246
[[-2.2951140e-01  6.0919526e-01 -7.5878958e-01  9.5430000e+01]
 [-4.0201800e-03  7.7922204e-01  6.2667146e-01  1.4071000e+02]
 [ 9.7306954e-01  1.4701842e-01 -1.7634180e-01 -1.1801800e+03]
 [ 0.0000000e+00  0.0000000e+00  0.0000000e+00  1.0000000e+00]]
[+0025.82, +0006.16, -1136.75]
2184, 1455, 2230
[[-2.3109480e-01  6.0827224e-01 -7.5910928e-01  9.5280000e+01]
 [-4.7586400e-03  7.7968952e-01  6.2609776e-01  1.4065000e+02]
 [ 9.7273808e-01  1.4841136e-01 -1.7724832e-01 -1.1801800e+03]
 [ 0.0000000e+00  0.0000000e+00  0.0000000e+00  1.0000000e+00]]
[+0033.55, +0024.77, -1134.52]
1925, 1444, 2246
[[-2.2727130e-01  6.0952436e-01 -7.5915262e-01  9.5550000e+01]
 [-5.6767600e-03  7.7896668e-01  6.2696564e-01  1.4076000e+02]
 [ 9.7355042e-01  1.4696324e-01 -1.7351898e-01 -1.1802200e+03]
 [ 0.0000000e+00  0.0000000e+00  0.0000000e+00  1.0000000e+00]]
[+0026.35, +0004.55, -1136.85]
1921, 872, 1781
[[-2.2670034e-01  6.1117706e-01 -7.5800546e-01  9.5750000e+01]
 [-4.6232600e-03  7.7783198e-01  6.2838362e-01  1.4078000e+02]
 [ 9.7369826e-01  1.4611622e-01 -1.7345332e-01 -1.1802000e+03]
 [ 0.0000000e+00  0.0000000e+00  0.0000000e+00  1.0000000e+00]]
[+0018.63, +0048.16, -1149.03]
1925, 1444, 2246
[[-2.2714756e-01  6.0924348e-01 -7.5938124e-01  9.5490000e+01]
 [-5.0187600e-03  7.7930390e-01  6.2654478e-01  1.4071000e+02]
 [ 9.7355652e-01  1.4630766e-01 -1.7389610e-01 -1.1802300e+03]
 [ 0.0000000e+00  0.0000000e+00  0.0000000e+00  1.0000000e+00]]
[+0026.12, +0003.89, -1136.93]
1887, 1182, 1564
[[-2.2659540e-01  6.1091214e-01 -7.5809902e-01  9.5730000e+01]
 [-4.6535000e-03  7.7801910e-01  6.2811870e-01  1.4083000e+02]
 [ 9.7360470e-01  1.4608598e-01 -1.7337114e-01 -1.1801900e+03]
 [ 0.0000000e+00  0.0000000e+00  0.0000000e+00  1.0000000e+00]]
[+0044.96, +0048.12, -1112.12]
1265, 1096, 1891
[[-2.2640520e-01  6.1070316e-01 -7.5854072e-01  9.5700000e+01]
 [-5.4120400e-03  7.7816046e-01  6.2798484e-01  1.4079000e+02]
 [ 9.7381368e-01  1.4641004e-01 -1.7282970e-01 -1.1802200e+03]
 [ 0.0000000e+00  0.0000000e+00  0.0000000e+00  1.0000000e+00]]
[+0017.67, -0023.44, -1128.64]
1887, 1182, 1564
[[-2.2748106e-01  6.1063518e-01 -7.5826068e-01  9.5680000e+01]
 [-4.7206200e-03  7.7818334e-01  6.2795932e-01  1.4084000e+02]
 [ 9.7355652e-01  1.4656012e-01 -1.7409256e-01 -1.1802000e+03]
 [ 0.0000000e+00  0.0000000e+00  0.0000000e+00  1.0000000e+00]]
[+0044.53, +0054.18, -1114.57]
1535, 777, 789
[[-2.2564520e-01  6.1267332e-01 -7.5698136e-01  9.5950000e+01]
 [-4.1708400e-03  7.7675294e-01  6.2969112e-01  1.4089000e+02]
 [ 9.7384392e-01  1.4546376e-01 -1.7263690e-01 -1.1801700e+03]
 [ 0.0000000e+00  0.0000000e+00  0.0000000e+00  1.0000000e+00]]
[+0068.64, +0084.41, -1103.13]
1887, 1182, 1564
[[-2.2718580e-01  6.1064660e-01 -7.5829100e-01  9.5660000e+01]
 [-4.8141200e-03  7.7818334e-01  6.2794790e-01  1.4084000e+02]
 [ 9.7358684e-01  1.4646662e-01 -1.7379730e-01 -1.1802200e+03]
 [ 0.0000000e+00  0.0000000e+00  0.0000000e+00  1.0000000e+00]]
[+0042.45, +0051.92, -1115.03]
1591, 2068, 1235
[[-2.2598568e-01  6.1082380e-01 -7.5849520e-01  9.5700000e+01]
 [-4.3522000e-03  7.7825150e-01  6.2786420e-01  1.4089000e+02]
 [ 9.7385920e-01  1.4535020e-01 -1.7315818e-01 -1.1802300e+03]
 [ 0.0000000e+00  0.0000000e+00  0.0000000e+00  1.0000000e+00]]
[+0143.82, +0006.65, -1103.78]
1887, 1182, 1564
[[-2.2748106e-01  6.1039236e-01 -7.5851324e-01  9.5640000e+01]
 [-5.0683600e-03  7.7834742e-01  6.2776572e-01  1.4079000e+02]
 [ 9.7359924e-01  1.4675372e-01 -1.7392848e-01 -1.1802300e+03]
 [ 0.0000000e+00  0.0000000e+00  0.0000000e+00  1.0000000e+00]]
[+0041.66, +0052.62, -1115.86]
970, 1046, 1883
[[-2.2659540e-01  6.1111218e-01 -7.5819414e-01  9.5770000e+01]
 [-4.5583800e-03  7.7793692e-01  6.2827714e-01  1.4084000e+02]
 [ 9.7380474e-01  1.4592754e-01 -1.7345332e-01 -1.1801800e+03]
 [ 0.0000000e+00  0.0000000e+00  0.0000000e+00  1.0000000e+00]]
[+0020.79, -0048.75, -1140.22]
862, 1115, 1193
[[-2.2455034e-01  6.1233510e-01 -7.5770136e-01  9.5920000e+01]
 [-4.6698600e-03  7.7712806e-01  6.2925120e-01  1.4090000e+02]
 [ 9.7418880e-01  1.4499864e-01 -1.7158724e-01 -1.1802100e+03]
 [ 0.0000000e+00  0.0000000e+00  0.0000000e+00  1.0000000e+00]]
[+0070.00, -0032.24, -1078.36]
970, 1046, 1883
[[-2.2649050e-01  6.1089968e-01 -7.5843526e-01  9.5730000e+01]
 [-4.6410400e-03  7.7812400e-01  6.2805328e-01  1.4077000e+02]
 [ 9.7385878e-01  1.4585624e-01 -1.7337114e-01 -1.1801800e+03]
 [ 0.0000000e+00  0.0000000e+00  0.0000000e+00  1.0000000e+00]]
[+0020.74, -0048.67, -1140.27]
1120, 1894, 1945
[[-2.2634772e-01  6.1006486e-01 -7.5915750e-01  9.5590000e+01]
 [-3.9371400e-03  7.7893932e-01  6.2704850e-01  1.4083000e+02]
 [ 9.7390130e-01  1.4500410e-01 -1.7387940e-01 -1.1801900e+03]
 [ 0.0000000e+00  0.0000000e+00  0.0000000e+00  1.0000000e+00]]
[+0084.37, -0064.05, -1128.52]
970, 1046, 1883
[[-2.2493010e-01  6.1168772e-01 -7.5802874e-01  9.5880000e+01]
 [-4.7423600e-03  7.7758520e-01  6.2866772e-01  1.4087000e+02]
 [ 9.7403642e-01  1.4520236e-01 -1.7192986e-01 -1.1802200e+03]
 [ 0.0000000e+00  0.0000000e+00  0.0000000e+00  1.0000000e+00]]
[+0022.11, -0047.87, -1138.80]
1831, 904, 1734
[[-2.2748106e-01  6.1093046e-01 -7.5815576e-01  9.5720000e+01]
 [-4.4253400e-03  7.7801910e-01  6.2819392e-01  1.4080000e+02]
 [ 9.7366144e-01  1.4632552e-01 -1.7425680e-01 -1.1802100e+03]
 [ 0.0000000e+00  0.0000000e+00  0.0000000e+00  1.0000000e+00]]
[+0016.49, +0046.62, -1142.60]
970, 1046, 1883
[[-2.2520532e-01  6.1121774e-01 -7.5829206e-01  9.5770000e+01]
 [-4.4027400e-03  7.7798220e-01  6.2817158e-01  1.4081000e+02]
 [ 9.7394794e-01  1.4502342e-01 -1.7243748e-01 -1.1801900e+03]
 [ 0.0000000e+00  0.0000000e+00  0.0000000e+00  1.0000000e+00]]
[+0021.81, -0048.99, -1139.35]
829, 1931, 1609
[[-2.2402564e-01  6.1151512e-01 -7.5865440e-01  9.5870000e+01]
 [-4.7344000e-03  7.7789990e-01  6.2832630e-01  1.4094000e+02]
 [ 9.7441512e-01  1.4444934e-01 -1.7134010e-01 -1.1802600e+03]
 [ 0.0000000e+00  0.0000000e+00  0.0000000e+00  1.0000000e+00]]
[+0116.68, -0071.25, -1132.04]
949, 2193, 1674
[[-2.2594792e-01  6.1010628e-01 -7.5917648e-01  9.5610000e+01]
 [-3.7654800e-03  7.7896176e-01  6.2700708e-01  1.4091000e+02]
 [ 9.7394272e-01  1.4464572e-01 -1.7366632e-01 -1.1802100e+03]
 [ 0.0000000e+00  0.0000000e+00  0.0000000e+00  1.0000000e+00]]
[+0128.02, -0062.54, -1138.54]
829, 1931, 1609
[[-2.2491034e-01  6.1181894e-01 -7.5811242e-01  9.5880000e+01]
 [-3.9063800e-03  7.7765276e-01  6.2863014e-01  1.4092000e+02]
 [ 9.7418766e-01  1.4446002e-01 -1.7247194e-01 -1.1802200e+03]
 [ 0.0000000e+00  0.0000000e+00  0.0000000e+00  1.0000000e+00]]
[+0114.07, -0068.77, -1129.39]
755, 2043, 1292
[[-2.2461540e-01  6.1158764e-01 -7.5839472e-01  9.5880000e+01]
 [-4.3473600e-03  7.7781756e-01  6.2842516e-01  1.4099000e+02]
 [ 9.7426028e-01  1.4456016e-01 -1.7201220e-01 -1.1802400e+03]
 [ 0.0000000e+00  0.0000000e+00  0.0000000e+00  1.0000000e+00]]
[+0145.33, -0062.11, -1134.96]
829, 1931, 1609
[[-2.2598568e-01  6.1082380e-01 -7.5849520e-01  9.5720000e+01]
 [-4.3522000e-03  7.7825150e-01  6.2786420e-01  1.4089000e+02]
 [ 9.7385920e-01  1.4535020e-01 -1.7315818e-01 -1.1802000e+03]
 [ 0.0000000e+00  0.0000000e+00  0.0000000e+00  1.0000000e+00]]
[+0112.62, -0070.17, -1130.90]
1779, 1578, 1264
[[-2.2710050e-01  6.1084020e-01 -7.5809160e-01  9.5720000e+01]
 [-5.0898000e-03  7.7797342e-01  6.2819064e-01  1.4090000e+02]
 [ 9.7355160e-01  1.4670936e-01 -1.7350208e-01 -1.1802400e+03]
 [ 0.0000000e+00  0.0000000e+00  0.0000000e+00  1.0000000e+00]]
[+0096.62, +0048.25, -1093.51]
829, 1931, 1609
[[-2.2548106e-01  6.1094770e-01 -7.5865036e-01  9.5760000e+01]
 [-3.9681400e-03  7.7829654e-01  6.2783380e-01  1.4092000e+02]
 [ 9.7405940e-01  1.4468564e-01 -1.7302756e-01 -1.1802100e+03]
 [ 0.0000000e+00  0.0000000e+00  0.0000000e+00  1.0000000e+00]]
[+0116.08, -0073.08, -1133.26]
1157, 1591, 2136
[[-2.2626178e-01  6.0996340e-01 -7.5906266e-01  9.5610000e+01]
 [-4.5082000e-03  7.7889420e-01  6.2705660e-01  1.4080000e+02]
 [ 9.7376134e-01  1.4548180e-01 -1.7342002e-01 -1.1802200e+03]
 [ 0.0000000e+00  0.0000000e+00  0.0000000e+00  1.0000000e+00]]
[+0048.17, -0057.61, -1141.17]
810, 1821, 1985
[[-2.2449130e-01  6.1140144e-01 -7.5842478e-01  9.5840000e+01]
 [-3.4888800e-03  7.7807180e-01  6.2808144e-01  1.4093000e+02]
 [ 9.7417026e-01  1.4382888e-01 -1.7247194e-01 -1.1802200e+03]
 [ 0.0000000e+00  0.0000000e+00  0.0000000e+00  1.0000000e+00]]
[+0085.77, -0078.18, -1151.37]
1157, 1591, 2136
[[-2.2617604e-01  6.0991440e-01 -7.5911556e-01  9.5620000e+01]
 [-5.1315600e-03  7.7884876e-01  6.2710560e-01  1.4080000e+02]
 [ 9.7376880e-01  1.4591844e-01 -1.7296084e-01 -1.1802400e+03]
 [ 0.0000000e+00  0.0000000e+00  0.0000000e+00  1.0000000e+00]]
[+0048.23, -0057.38, -1140.85]
1570, 1901, 1658
[[-2.2628082e-01  6.1051734e-01 -7.5856982e-01  9.5680000e+01]
 [-4.5538600e-03  7.7841582e-01  6.2764074e-01  1.4090000e+02]
 [ 9.7372422e-01  1.4567846e-01 -1.7328900e-01 -1.1802600e+03]
 [ 0.0000000e+00  0.0000000e+00  0.0000000e+00  1.0000000e+00]]
[+0098.10, -0006.72, -1093.76]
1157, 1591, 2136
[[-2.2628082e-01  6.1017940e-01 -7.5902218e-01  9.5640000e+01]
 [-5.1014000e-03  7.7866200e-01  6.2737060e-01  1.4081000e+02]
 [ 9.7386218e-01  1.4594860e-01 -1.7304282e-01 -1.1802200e+03]
 [ 0.0000000e+00  0.0000000e+00  0.0000000e+00  1.0000000e+00]]
[+0048.37, -0058.40, -1141.45]
1047, 1194, 1782
[[-2.2600516e-01  6.1142998e-01 -7.5814958e-01  9.5850000e+01]
 [-4.4504200e-03  7.7777244e-01  6.2848922e-01  1.4089000e+02]
 [ 9.7397002e-01  1.4550562e-01 -1.7302756e-01 -1.1802000e+03]
 [ 0.0000000e+00  0.0000000e+00  0.0000000e+00  1.0000000e+00]]
[+0036.66, -0042.07, -1116.18]
1157, 1591, 2136
[[-2.2617604e-01  6.0976682e-01 -7.5916794e-01  9.5610000e+01]
 [-5.2791400e-03  7.7893070e-01  6.2698818e-01  1.4080000e+02]
 [ 9.7371642e-01  1.4603586e-01 -1.7287890e-01 -1.1802700e+03]
 [ 0.0000000e+00  0.0000000e+00  0.0000000e+00  1.0000000e+00]]
[+0049.11, -0058.40, -1141.31]
1955, 2242, 1750
[[-2.2822450e-01  6.0947142e-01 -7.5899594e-01  9.5510000e+01]
 [-4.0329000e-03  7.7916286e-01  6.2675358e-01  1.4094000e+02]
 [ 9.7340330e-01  1.4622210e-01 -1.7532340e-01 -1.1802500e+03]
 [ 0.0000000e+00  0.0000000e+00  0.0000000e+00  1.0000000e+00]]
[+0114.60, +0008.32, -1105.15]
1250, 1983, 1555
[[-2.2499572e-01  6.1118274e-01 -7.5846946e-01  9.5770000e+01]
 [-4.0727400e-03  7.7810950e-01  6.2803518e-01  1.4092000e+02]
 [ 9.7406554e-01  1.4456982e-01 -1.7251978e-01 -1.1802100e+03]
 [ 0.0000000e+00  0.0000000e+00  0.0000000e+00  1.0000000e+00]]
[+0114.37, -0035.77, -1102.61]
1955, 2242, 1750
[[-2.2852000e-01  6.0892136e-01 -7.5932248e-01  9.5460000e+01]
 [-4.5829600e-03  7.7949038e-01  6.2633686e-01  1.4087000e+02]
 [ 9.7331128e-01  1.4674346e-01 -1.7529138e-01 -1.1802500e+03]
 [ 0.0000000e+00  0.0000000e+00  0.0000000e+00  1.0000000e+00]]
[+0112.51, +0007.04, -1105.14]
2208, 1737, 1504
[[-2.2794772e-01  6.1027966e-01 -7.5828126e-01  9.5590000e+01]
 [-3.8234600e-03  7.7852060e-01  6.2752002e-01  1.4087000e+02]
 [ 9.7335354e-01  1.4613258e-01 -1.7506068e-01 -1.1802300e+03]
 [ 0.0000000e+00  0.0000000e+00  0.0000000e+00  1.0000000e+00]]
[+0089.90, +0060.42, -1112.51]
1955, 2242, 1750
[[-2.2693828e-01  6.0954710e-01 -7.5910622e-01  9.5550000e+01]
 [-4.1411000e-03  7.7918550e-01  6.2667790e-01  1.4090000e+02]
 [ 9.7353622e-01  1.4558390e-01 -1.7422378e-01 -1.1802400e+03]
 [ 0.0000000e+00  0.0000000e+00  0.0000000e+00  1.0000000e+00]]
[+0113.38, +0003.34, -1105.64]
1935, 2118, 1984
[[-2.2746178e-01  6.0969082e-01 -7.5905842e-01  9.5580000e+01]
 [-5.1707800e-03  7.7890782e-01  6.2706418e-01  1.4085000e+02]
 [ 9.7358402e-01  1.4667422e-01 -1.7397796e-01 -1.1802400e+03]
 [ 0.0000000e+00  0.0000000e+00  0.0000000e+00  1.0000000e+00]]
[+0082.81, -0005.84, -1106.59]
1955, 2242, 1750
[[-2.2714756e-01  6.0972944e-01 -7.5887656e-01  9.5570000e+01]
 [-4.3234400e-03  7.7897622e-01  6.2693222e-01  1.4093000e+02]
 [ 9.7347056e-01  1.4592022e-01 -1.7422378e-01 -1.1802400e+03]
 [ 0.0000000e+00  0.0000000e+00  0.0000000e+00  1.0000000e+00]]
[+0116.77, +0004.19, -1105.63]
1861, 2228, 1670
[[-2.2636648e-01  6.1037600e-01 -7.5891692e-01  9.5670000e+01]
 [-4.3304000e-03  7.7862534e-01  6.2743900e-01  1.4093000e+02]
 [ 9.7390708e-01  1.4539460e-01 -1.7358418e-01 -1.1802400e+03]
 [ 0.0000000e+00  0.0000000e+00  0.0000000e+00  1.0000000e+00]]
[+0120.40, +0000.79, -1104.33]
2183, 1728, 1237
[[-2.2794772e-01  6.1027966e-01 -7.5828126e-01  9.5630000e+01]
 [-3.8234600e-03  7.7852060e-01  6.2752002e-01  1.4089000e+02]
 [ 9.7335354e-01  1.4613258e-01 -1.7506068e-01 -1.1802300e+03]
 [ 0.0000000e+00  0.0000000e+00  0.0000000e+00  1.0000000e+00]]
[+0107.85, +0069.38, -1117.92]
1861, 2228, 1670
[[-2.2645234e-01  6.0968708e-01 -7.5912578e-01  9.5590000e+01]
 [-4.4450800e-03  7.7908088e-01  6.2680292e-01  1.4091000e+02]
 [ 9.7363778e-01  1.4554492e-01 -1.7363322e-01 -1.1802400e+03]
 [ 0.0000000e+00  0.0000000e+00  0.0000000e+00  1.0000000e+00]]
[+0119.84, -0002.19, -1105.37]
1567, 1561, 2219
[[-2.2685226e-01  6.0969782e-01 -7.5925450e-01  9.5580000e+01]
 [-4.6691000e-03  7.7905820e-01  6.2688550e-01  1.4078000e+02]
 [ 9.7374382e-01  1.4586226e-01 -1.7384650e-01 -1.1802200e+03]
 [ 0.0000000e+00  0.0000000e+00  0.0000000e+00  1.0000000e+00]]
[+0034.54, -0028.71, -1132.53]
1861, 2228, 1670
[[-2.2794772e-01  6.0955060e-01 -7.5903864e-01  9.5570000e+01]
 [-4.8668000e-03  7.7901260e-01  6.2693940e-01  1.4094000e+02]
 [ 9.7348236e-01  1.4671320e-01 -1.7456868e-01 -1.1802800e+03]
 [ 0.0000000e+00  0.0000000e+00  0.0000000e+00  1.0000000e+00]]
[+0121.83, +0005.24, -1104.88]
1071, 2157, 1163
[[-2.2489098e-01  6.1160292e-01 -7.5815368e-01  9.5850000e+01]
 [-3.3129200e-03  7.7788464e-01  6.2831628e-01  1.4096000e+02]
 [ 9.7408632e-01  1.4399372e-01 -1.7284938e-01 -1.1802200e+03]
 [ 0.0000000e+00  0.0000000e+00  0.0000000e+00  1.0000000e+00]]
[+0155.06, -0031.95, -1121.17]
1861, 2228, 1670
[[-2.2782442e-01  6.0966092e-01 -7.5896278e-01  9.5520000e+01]
 [-3.7134800e-03  7.7910348e-01  6.2682908e-01  1.4091000e+02]
 [ 9.7349738e-01  1.4574652e-01 -1.7519194e-01 -1.1802500e+03]
 [ 0.0000000e+00  0.0000000e+00  0.0000000e+00  1.0000000e+00]]
[+0118.61, +0004.43, -1104.62]
2148, 1267, 1080
[[-2.2748106e-01  6.1102564e-01 -7.5795566e-01  9.5700000e+01]
 [-4.2252400e-03  7.7793692e-01  6.2827012e-01  1.4089000e+02]
 [ 9.7356626e-01  1.4624932e-01 -1.7433898e-01 -1.1802300e+03]
 [ 0.0000000e+00  0.0000000e+00  0.0000000e+00  1.0000000e+00]]
[+0089.70, +0089.15, -1130.82]
1692, 1225, 1379
[[-2.2611010e-01  6.1110476e-01 -7.5826588e-01  9.5750000e+01]
 [-5.0104400e-03  7.7791416e-01  6.2828456e-01  1.4088000e+02]
 [ 9.7385372e-01  1.4600536e-01 -1.7278090e-01 -1.1802200e+03]
 [ 0.0000000e+00  0.0000000e+00  0.0000000e+00  1.0000000e+00]]
[+0058.02, +0041.57, -1095.42]
2148, 1267, 1080
[[-2.2807170e-01  6.1070756e-01 -7.5799978e-01  9.5680000e+01]
 [-4.3334800e-03  7.7810124e-01  6.2805836e-01  1.4088000e+02]
 [ 9.7340054e-01  1.4667092e-01 -1.7476530e-01 -1.1802300e+03]
 [ 0.0000000e+00  0.0000000e+00  0.0000000e+00  1.0000000e+00]]
[+0090.58, +0088.98, -1130.85]
1943, 1228, 764
[[-2.2621508e-01  6.1214994e-01 -7.5756222e-01  9.5880000e+01]
 [-3.9900600e-03  7.7723308e-01  6.2917146e-01  1.4090000e+02]
 [ 9.7396722e-01  1.4541354e-01 -1.7335700e-01 -1.1801800e+03]
 [ 0.0000000e+00  0.0000000e+00  0.0000000e+00  1.0000000e+00]]
[+0110.62, +0088.93, -1124.30]
2148, 1267, 1080
[[-2.2826218e-01  6.1057894e-01 -7.5801038e-01  9.5650000e+01]
 [-4.1227400e-03  7.7820614e-01  6.2792206e-01  1.4087000e+02]
 [ 9.7332902e-01  1.4661674e-01 -1.7506068e-01 -1.1802100e+03]
 [ 0.0000000e+00  0.0000000e+00  0.0000000e+00  1.0000000e+00]]
[+0090.15, +0088.97, -1130.94]
2112, 1558, 1067
[[-2.2807170e-01  6.1070756e-01 -7.5799978e-01  9.5700000e+01]
 [-4.3334800e-03  7.7810124e-01  6.2805836e-01  1.4091000e+02]
 [ 9.7340054e-01  1.4667092e-01 -1.7476530e-01 -1.1802000e+03]
 [ 0.0000000e+00  0.0000000e+00  0.0000000e+00  1.0000000e+00]]
[+0111.37, +0078.81, -1123.83]
2148, 1267, 1080
[[-2.2750074e-01  6.1104114e-01 -7.5782012e-01  9.5710000e+01]
 [-4.9134200e-03  7.7778630e-01  6.2842596e-01  1.4089000e+02]
 [ 9.7346724e-01  1.4687428e-01 -1.7387940e-01 -1.1802300e+03]
 [ 0.0000000e+00  0.0000000e+00  0.0000000e+00  1.0000000e+00]]
[+0090.30, +0089.41, -1131.66]
2049, 925, 1510
[[-2.2718580e-01  6.1094184e-01 -7.5818608e-01  9.5720000e+01]
 [-4.5188800e-03  7.7801910e-01  6.2818254e-01  1.4083000e+02]
 [ 9.7369176e-01  1.4623198e-01 -1.7396154e-01 -1.1801900e+03]
 [ 0.0000000e+00  0.0000000e+00  0.0000000e+00  1.0000000e+00]]
[+0035.75, +0071.61, -1144.52]
2181, 1246, 1551
[[-2.2864338e-01  6.1037422e-01 -7.5817920e-01  9.5600000e+01]
 [-3.7537800e-03  7.7841582e-01  6.2769040e-01  1.4084000e+02]
 [ 9.7333360e-01  1.4646720e-01 -1.7565156e-01 -1.1801900e+03]
 [ 0.0000000e+00  0.0000000e+00  0.0000000e+00  1.0000000e+00]]
[+0054.37, +0069.63, -1129.41]
2049, 925, 1510
[[-2.2659540e-01  6.1120730e-01 -7.5799410e-01  9.5770000e+01]
 [-4.3583400e-03  7.7785470e-01  6.2835338e-01  1.4083000e+02]
 [ 9.7370962e-01  1.4585130e-01 -1.7353554e-01 -1.1801900e+03]
 [ 0.0000000e+00  0.0000000e+00  0.0000000e+00  1.0000000e+00]]
[+0036.55, +0070.74, -1143.17]
1212, 1329, 1051
[[-2.2512010e-01  6.1185392e-01 -7.5793496e-01  9.5850000e+01]
 [-4.2363200e-03  7.7752542e-01  6.2876644e-01  1.4089000e+02]
 [ 9.7407016e-01  1.4491364e-01 -1.7238952e-01 -1.1802000e+03]
 [ 0.0000000e+00  0.0000000e+00  0.0000000e+00  1.0000000e+00]]
[+0097.30, +0011.65, -1073.24]
2049, 925, 1510
[[-2.2817664e-01  6.1052944e-01 -7.5806368e-01  9.5660000e+01]
 [-4.7460800e-03  7.7816046e-01  6.2797156e-01  1.4082000e+02]
 [ 9.7333664e-01  1.4705308e-01 -1.7460114e-01 -1.1802100e+03]
 [ 0.0000000e+00  0.0000000e+00  0.0000000e+00  1.0000000e+00]]
[+0035.13, +0073.31, -1144.94]
1735, 974, 2126
[[-2.2725226e-01  6.0989912e-01 -7.5898322e-01  9.5550000e+01]
 [-4.4931200e-03  7.7887152e-01  6.2712088e-01  1.4072000e+02]
 [ 9.7365922e-01  1.4602688e-01 -1.7422378e-01 -1.1801900e+03]
 [ 0.0000000e+00  0.0000000e+00  0.0000000e+00  1.0000000e+00]]
[+0008.47, +0011.93, -1158.70]
2049, 925, 1510
[[-2.2729074e-01  6.1085906e-01 -7.5804986e-01  9.5700000e+01]
 [-4.7313400e-03  7.7799630e-01  6.2817178e-01  1.4083000e+02]
 [ 9.7353274e-01  1.4653798e-01 -1.7387940e-01 -1.1802200e+03]
 [ 0.0000000e+00  0.0000000e+00  0.0000000e+00  1.0000000e+00]]
[+0036.42, +0073.88, -1144.38]
2061, 2048, 1680
[[-2.2834792e-01  6.0965644e-01 -7.5896728e-01  9.5520000e+01]
 [-4.8907600e-03  7.7890782e-01  6.2709856e-01  1.4087000e+02]
 [ 9.7349288e-01  1.4695424e-01 -1.7486410e-01 -1.1802600e+03]
 [ 0.0000000e+00  0.0000000e+00  0.0000000e+00  1.0000000e+00]]
[+0102.82, +0026.73, -1102.76]
1192, 2118, 1712
[[-2.2586194e-01  6.1000488e-01 -7.5908154e-01  9.5650000e+01]
 [-4.3365600e-03  7.7891680e-01  6.2701512e-01  1.4091000e+02]
 [ 9.7380282e-01  1.4512344e-01 -1.7320690e-01 -1.1802500e+03]
 [ 0.0000000e+00  0.0000000e+00  0.0000000e+00  1.0000000e+00]]
[+0117.86, -0052.34, -1119.75]
2061, 2048, 1680
[[-2.2892020e-01  6.0960906e-01 -7.5854602e-01  9.5530000e+01]
 [-3.7110600e-03  7.7897622e-01  6.2695926e-01  1.4088000e+02]
 [ 9.7314002e-01  1.4652126e-01 -1.7599642e-01 -1.1802100e+03]
 [ 0.0000000e+00  0.0000000e+00  0.0000000e+00  1.0000000e+00]]
[+0102.22, +0029.48, -1103.22]
1952, 1014, 1019
[[-2.2613010e-01  6.1180590e-01 -7.5772010e-01  9.5830000e+01]
 [-4.9086200e-03  7.7735244e-01  6.2898570e-01  1.4089000e+02]
 [ 9.7386966e-01  1.4608438e-01 -1.7273250e-01 -1.1802300e+03]
 [ 0.0000000e+00  0.0000000e+00  0.0000000e+00  1.0000000e+00]]
[+0074.32, +0090.89, -1127.49]
2061, 2048, 1680
[[-2.2784298e-01  6.0958100e-01 -7.5902722e-01  9.5540000e+01]
 [-4.6018000e-03  7.7903544e-01  6.2690900e-01  1.4088000e+02]
 [ 9.7349378e-01  1.4644820e-01 -1.7465058e-01 -1.1802400e+03]
 [ 0.0000000e+00  0.0000000e+00  0.0000000e+00  1.0000000e+00]]
[+0102.38, +0026.92, -1102.87]
2056, 1836, 2011
[[-2.2843386e-01  6.0935810e-01 -7.5887096e-01  9.5500000e+01]
 [-4.5105400e-03  7.7911734e-01  6.2677360e-01  1.4082000e+02]
 [ 9.7323280e-01  1.4679304e-01 -1.7515956e-01 -1.1802200e+03]
 [ 0.0000000e+00  0.0000000e+00  0.0000000e+00  1.0000000e+00]]
[+0058.29, +0018.46, -1111.52]
2061, 2048, 1680
[[-2.2714756e-01  6.0992944e-01 -7.5897188e-01  9.5580000e+01]
 [-4.2281200e-03  7.7889420e-01  6.2709056e-01  1.4091000e+02]
 [ 9.7367056e-01  1.4576188e-01 -1.7430580e-01 -1.1802500e+03]
 [ 0.0000000e+00  0.0000000e+00  0.0000000e+00  1.0000000e+00]]
[+0104.76, +0030.11, -1103.31]
1049, 1257, 1302
[[-2.2491034e-01  6.1220896e-01 -7.5780768e-01  9.5900000e+01]
 [-3.4115200e-03  7.7740526e-01  6.2894124e-01  1.4092000e+02]
 [ 9.7419744e-01  1.4414892e-01 -1.7271944e-01 -1.1801800e+03]
 [ 0.0000000e+00  0.0000000e+00  0.0000000e+00  1.0000000e+00]]
[+0070.08, -0021.38, -1080.63]
1054, 871, 1075
[[-2.2463520e-01  6.1253120e-01 -7.5759640e-01  9.5940000e+01]
 [-3.8988800e-03  7.7709056e-01  6.2932000e-01  1.4090000e+02]
 [ 9.7423384e-01  1.4444512e-01 -1.7212960e-01 -1.1802000e+03]
 [ 0.0000000e+00  0.0000000e+00  0.0000000e+00  1.0000000e+00]]
[+0048.65, +0012.46, -1075.20]
1049, 1257, 1302
[[-2.2560520e-01  6.1171400e-01 -7.5791600e-01  9.5830000e+01]
 [-3.9316000e-03  7.7763032e-01  6.2864144e-01  1.4090000e+02]
 [ 9.7396880e-01  1.4495344e-01 -1.7297952e-01 -1.1802000e+03]
 [ 0.0000000e+00  0.0000000e+00  0.0000000e+00  1.0000000e+00]]
[+0071.22, -0022.36, -1080.61]
1091, 1502, 884
[[-2.2550034e-01  6.1183922e-01 -7.5770484e-01  9.5860000e+01]
 [-3.4667400e-03  7.7757030e-01  6.2868748e-01  1.4092000e+02]
 [ 9.7388492e-01  1.4461236e-01 -1.7314440e-01 -1.1801800e+03]
 [ 0.0000000e+00  0.0000000e+00  0.0000000e+00  1.0000000e+00]]
[+0134.01, +0001.40, -1079.79]
1049, 1257, 1302
[[-2.2522504e-01  6.1172888e-01 -7.5814620e-01  9.5850000e+01]
 [-4.7012000e-03  7.7758520e-01  6.2872020e-01  1.4088000e+02]
 [ 9.7415388e-01  1.4525484e-01 -1.7222480e-01 -1.1802100e+03]
 [ 0.0000000e+00  0.0000000e+00  0.0000000e+00  1.0000000e+00]]
[+0070.05, -0021.27, -1080.24]
1799, 1231, 1363
[[-2.2668082e-01  6.1086614e-01 -7.5824610e-01  9.5720000e+01]
 [-4.2301400e-03  7.7814668e-01  6.2799330e-01  1.4085000e+02]
 [ 9.7369230e-01  1.4572590e-01 -1.7374850e-01 -1.1802000e+03]
 [ 0.0000000e+00  0.0000000e+00  0.0000000e+00  1.0000000e+00]]
[+0059.97, +0056.22, -1102.77]
1049, 1257, 1302
[[-2.2482516e-01  6.1201264e-01 -7.5791252e-01  9.5880000e+01]
 [-4.1825200e-03  7.7744300e-01  6.2887264e-01  1.4090000e+02]
 [ 9.7415264e-01  1.4470252e-01 -1.7217700e-01 -1.1802100e+03]
 [ 0.0000000e+00  0.0000000e+00  0.0000000e+00  1.0000000e+00]]
[+0070.12, -0021.61, -1080.63]
965, 2238, 932
[[-2.2489098e-01  6.1111764e-01 -7.5865812e-01  9.5780000e+01]
 [-4.0076400e-03  7.7821424e-01  6.2792884e-01  1.4104000e+02]
 [ 9.7417188e-01  1.4438116e-01 -1.7251978e-01 -1.1802400e+03]
 [ 0.0000000e+00  0.0000000e+00  0.0000000e+00  1.0000000e+00]]
[+0172.86, -0027.35, -1139.62]
757, 1624, 1000
[[-2.2434034e-01  6.1230004e-01 -7.5787874e-01  9.5950000e+01]
 [-4.3399600e-03  7.7725560e-01  6.2911508e-01  1.4098000e+02]
 [ 9.7430626e-01  1.4454508e-01 -1.7166970e-01 -1.1802000e+03]
 [ 0.0000000e+00  0.0000000e+00  0.0000000e+00  1.0000000e+00]]
[+0134.67, -0044.85, -1095.40]
965, 2238, 932
[[-2.2535760e-01  6.1066664e-01 -7.5888008e-01  9.5690000e+01]
 [-3.3096800e-03  7.7863280e-01  6.2741336e-01  1.4103000e+02]
 [ 9.7406456e-01  1.4403032e-01 -1.7340496e-01 -1.1802200e+03]
 [ 0.0000000e+00  0.0000000e+00  0.0000000e+00  1.0000000e+00]]
[+0172.55, -0027.43, -1139.77]
1386, 2237, 2200
[[-2.2775418e-01  6.0597386e-01 -7.6194788e-01  9.5100000e+01]
 [-5.3146600e-03  7.8190734e-01  6.2332084e-01  1.4070000e+02]
 [ 9.7351972e-01  1.4612596e-01 -1.7482248e-01 -1.1802700e+03]
 [ 0.0000000e+00  0.0000000e+00  0.0000000e+00  1.0000000e+00]]
[+0092.25, -0051.19, -1129.90]
965, 2238, 932
[[-2.2447242e-01  6.1148044e-01 -7.5836158e-01  9.5830000e+01]
 [-2.6004400e-03  7.7813816e-01  6.2800244e-01  1.4104000e+02]
 [ 9.7417342e-01  1.4312756e-01 -1.7301442e-01 -1.1802100e+03]
 [ 0.0000000e+00  0.0000000e+00  0.0000000e+00  1.0000000e+00]]
[+0172.81, -0027.22, -1139.87]
1212, 2145, 849
[[-2.2501520e-01  6.1154640e-01 -7.5837600e-01  9.5840000e+01]
 [-4.5187200e-03  7.7779504e-01  6.2846640e-01  1.4099000e+02]
 [ 9.7421904e-01  1.4491872e-01 -1.7222480e-01 -1.1802500e+03]
 [ 0.0000000e+00  0.0000000e+00  0.0000000e+00  1.0000000e+00]]
[+0171.45, -0003.21, -1126.09]
965, 2238, 932
[[-2.2497664e-01  6.1092384e-01 -7.5885792e-01  9.5780000e+01]
 [-3.7315200e-03  7.7842360e-01  6.2768616e-01  1.4104000e+02]
 [ 9.7420704e-01  1.4413848e-01 -1.7281480e-01 -1.1802500e+03]
 [ 0.0000000e+00  0.0000000e+00  0.0000000e+00  1.0000000e+00]]
[+0172.80, -0026.56, -1139.83]
1188, 1156, 789
[[-2.2562500e-01  6.1226750e-01 -7.5742250e-01  9.5910000e+01]
 [-3.9775000e-03  7.7715062e-01  6.2922506e-01  1.4090000e+02]
 [ 9.7393250e-01  1.4514994e-01 -1.7284938e-01 -1.1802000e+03]
 [ 0.0000000e+00  0.0000000e+00  0.0000000e+00  1.0000000e+00]]
[+0106.97, +0034.33, -1070.76]
1114, 1346, 1614
[[-2.2491034e-01  6.1157640e-01 -7.5836474e-01  9.5780000e+01]
 [-4.2537600e-03  7.7781756e-01  6.2843640e-01  1.4089000e+02]
 [ 9.7423030e-01  1.4465376e-01 -1.7230714e-01 -1.1802000e+03]
 [ 0.0000000e+00  0.0000000e+00  0.0000000e+00  1.0000000e+00]]
[+0055.13, -0035.84, -1098.59]
1188, 1156, 789
[[-2.2543504e-01  6.1230120e-01 -7.5761136e-01  9.5910000e+01]
 [-4.3886400e-03  7.7712806e-01  6.2928510e-01  1.4088000e+02]
 [ 9.7409880e-01  1.4527986e-01 -1.7247194e-01 -1.1802200e+03]
 [ 0.0000000e+00  0.0000000e+00  0.0000000e+00  1.0000000e+00]]
[+0107.24, +0033.95, -1070.73]
1816, 1102, 857
[[-2.2720552e-01  6.1149540e-01 -7.5769288e-01  9.5780000e+01]
 [-4.5642000e-03  7.7753976e-01  6.2876640e-01  1.4091000e+02]
 [ 9.7365512e-01  1.4642880e-01 -1.7383072e-01 -1.1802000e+03]
 [ 0.0000000e+00  0.0000000e+00  0.0000000e+00  1.0000000e+00]]
[+0094.02, +0089.07, -1115.02]
1188, 1156, 789
[[-2.2474018e-01  6.1244872e-01 -7.5746018e-01  9.5930000e+01]
 [-4.1112800e-03  7.7706812e-01  6.2930872e-01  1.4093000e+02]
 [ 9.7407518e-01  1.4475128e-01 -1.7204706e-01 -1.1801800e+03]
 [ 0.0000000e+00  0.0000000e+00  0.0000000e+00  1.0000000e+00]]
[+0107.81, +0035.18, -1071.25]
1147, 783, 871
[[-2.2484520e-01  6.1241872e-01 -7.5747144e-01  9.5950000e+01]
 [-4.3761600e-03  7.7704560e-01  6.2933872e-01  1.4087000e+02]
 [ 9.7406392e-01  1.4501616e-01 -1.7196456e-01 -1.1801800e+03]
 [ 0.0000000e+00  0.0000000e+00  0.0000000e+00  1.0000000e+00]]
[+0056.27, +0043.34, -1074.89]
1188, 1156, 789
[[-2.2583508e-01  6.1220726e-01 -7.5744510e-01  9.5910000e+01]
 [-4.5072600e-03  7.7710542e-01  6.2928530e-01  1.4091000e+02]
 [ 9.7390990e-01  1.4567970e-01 -1.7268450e-01 -1.1801700e+03]
 [ 0.0000000e+00  0.0000000e+00  0.0000000e+00  1.0000000e+00]]
[+0107.36, +0033.84, -1070.60]
1833, 1197, 1785
[[-2.2756660e-01  6.1029396e-01 -7.5851248e-01  9.5640000e+01]
 [-4.5926400e-03  7.7847516e-01  6.2759916e-01  1.4079000e+02]
 [ 9.7353932e-01  1.4643456e-01 -1.7430580e-01 -1.1802200e+03]
 [ 0.0000000e+00  0.0000000e+00  0.0000000e+00  1.0000000e+00]]
[+0027.70, +0034.07, -1122.93]
1485, 1074, 1632
[[-2.2632010e-01  6.1128704e-01 -7.5803618e-01  9.5800000e+01]
 [-5.1927200e-03  7.7770416e-01  6.2853856e-01  1.4085000e+02]
 [ 9.7378834e-01  1.4634152e-01 -1.7278090e-01 -1.1802200e+03]
 [ 0.0000000e+00  0.0000000e+00  0.0000000e+00  1.0000000e+00]]
[+0028.40, +0014.43, -1107.10]
1833, 1197, 1785
[[-2.2788130e-01  6.1044572e-01 -7.5829424e-01  9.5640000e+01]
 [-5.0397200e-03  7.7824248e-01  6.2788384e-01  1.4082000e+02]
 [ 9.7346224e-01  1.4703584e-01 -1.7422378e-01 -1.1802100e+03]
 [ 0.0000000e+00  0.0000000e+00  0.0000000e+00  1.0000000e+00]]
[+0028.33, +0034.13, -1122.12]
1994, 1012, 1565
[[-2.2756660e-01  6.1092742e-01 -7.5795506e-01  9.5690000e+01]
 [-3.7495000e-03  7.7806446e-01  6.2810342e-01  1.4084000e+02]
 [ 9.7350610e-01  1.4593030e-01 -1.7471650e-01 -1.1801900e+03]
 [ 0.0000000e+00  0.0000000e+00  0.0000000e+00  1.0000000e+00]]
[+0036.22, +0067.24, -1135.05]
1833, 1197, 1785
[[-2.2678568e-01  6.1064556e-01 -7.5865752e-01  9.5670000e+01]
 [-4.8951600e-03  7.7828824e-01  6.2787096e-01  1.4083000e+02]
 [ 9.7387128e-01  1.4614344e-01 -1.7350208e-01 -1.1802100e+03]
 [ 0.0000000e+00  0.0000000e+00  0.0000000e+00  1.0000000e+00]]
[+0028.74, +0030.24, -1121.17]
1838, 1687, 1377
[[-2.2659540e-01  6.1072190e-01 -7.5849910e-01  9.5730000e+01]
 [-5.0535800e-03  7.7818334e-01  6.2796610e-01  1.4090000e+02]
 [ 9.7379494e-01  1.4623858e-01 -1.7320690e-01 -1.1802500e+03]
 [ 0.0000000e+00  0.0000000e+00  0.0000000e+00  1.0000000e+00]]
[+0099.35, +0037.95, -1093.90]
1833, 1197, 1785
[[-2.2727130e-01  6.1045300e-01 -7.5849040e-01  9.5660000e+01]
 [-4.5384400e-03  7.7839310e-01  6.2770508e-01  1.4081000e+02]
 [ 9.7362208e-01  1.4622380e-01 -1.7409256e-01 -1.1801900e+03]
 [ 0.0000000e+00  0.0000000e+00  0.0000000e+00  1.0000000e+00]]
[+0028.00, +0031.33, -1122.15]
2219, 1640, 1442
[[-2.2853860e-01  6.1025702e-01 -7.5822026e-01  9.5610000e+01]
 [-3.6365800e-03  7.7852060e-01  6.2754266e-01  1.4089000e+02]
 [ 9.7329254e-01  1.4631946e-01 -1.7565156e-01 -1.1802000e+03]
 [ 0.0000000e+00  0.0000000e+00  0.0000000e+00  1.0000000e+00]]
[+0090.34, +0066.55, -1116.14]
1605, 1204, 1287
[[-2.2581504e-01  6.1170624e-01 -7.5808608e-01  9.5810000e+01]
 [-4.5139200e-03  7.7758520e-01  6.2874284e-01  1.4090000e+02]
 [ 9.7409376e-01  1.4544212e-01 -1.7281480e-01 -1.1802200e+03]
 [ 0.0000000e+00  0.0000000e+00  0.0000000e+00  1.0000000e+00]]
[+0063.43, +0041.74, -1090.30]
2219, 1640, 1442
[[-2.2824314e-01  6.1002528e-01 -7.5850326e-01  9.5580000e+01]
 [-4.0778400e-03  7.7868476e-01  6.2733792e-01  1.4086000e+02]
 [ 9.7336602e-01  1.4641944e-01 -1.7519194e-01 -1.1802200e+03]
 [ 0.0000000e+00  0.0000000e+00  0.0000000e+00  1.0000000e+00]]
[+0089.29, +0065.24, -1115.54]
2099, 1684, 1792
[[-2.2727130e-01  6.0991486e-01 -7.5884772e-01  9.5620000e+01]
 [-5.1814200e-03  7.7872110e-01  6.2727676e-01  1.4085000e+02]
 [ 9.7356004e-01  1.4665212e-01 -1.7376456e-01 -1.1802200e+03]
 [ 0.0000000e+00  0.0000000e+00  0.0000000e+00  1.0000000e+00]]
[+0064.61, +0035.24, -1108.83]
2219, 1640, 1442
[[-2.2756660e-01  6.1044162e-01 -7.5846006e-01  9.5640000e+01]
 [-4.4449800e-03  7.7839310e-01  6.2771646e-01  1.4086000e+02]
 [ 9.7359174e-01  1.4631726e-01 -1.7438786e-01 -1.1802500e+03]
 [ 0.0000000e+00  0.0000000e+00  0.0000000e+00  1.0000000e+00]]
[+0089.42, +0066.93, -1116.45]
2058, 1896, 1354
[[-2.2708090e-01  6.1082452e-01 -7.5822716e-01  9.5730000e+01]
 [-4.4015600e-03  7.7812400e-01  6.2803492e-01  1.4087000e+02]
 [ 9.7365068e-01  1.4608436e-01 -1.7396154e-01 -1.1802000e+03]
 [ 0.0000000e+00  0.0000000e+00  0.0000000e+00  1.0000000e+00]]
[+0116.13, +0046.95, -1106.29]
2219, 1640, 1442
[[-2.2777636e-01  6.1071896e-01 -7.5803020e-01  9.5680000e+01]
 [-4.4270000e-03  7.7810124e-01  6.2804696e-01  1.4081000e+02]
 [ 9.7343096e-01  1.4657740e-01 -1.7446996e-01 -1.1802200e+03]
 [ 0.0000000e+00  0.0000000e+00  0.0000000e+00  1.0000000e+00]]
[+0086.88, +0066.15, -1116.48]
1839, 1953, 766
[[-2.2592002e-01  6.1225624e-01 -7.5739236e-01  9.5900000e+01]
 [-3.8837600e-03  7.7715062e-01  6.2923632e-01  1.4095000e+02]
 [ 9.7390236e-01  1.4524368e-01 -1.7314440e-01 -1.1801700e+03]
 [ 0.0000000e+00  0.0000000e+00  0.0000000e+00  1.0000000e+00]]
[+0157.72, +0051.67, -1128.27]
1082, 1273, 799
[[-2.2455034e-01  6.1340942e-01 -7.5698636e-01  9.6040000e+01]
 [-3.3854600e-03  7.7646726e-01  6.3010828e-01  1.4091000e+02]
 [ 9.7431412e-01  1.4414156e-01 -1.7224804e-01 -1.1801800e+03]
 [ 0.0000000e+00  0.0000000e+00  0.0000000e+00  1.0000000e+00]]
[+0117.78, +0015.57, -1070.60]
1839, 1953, 766
[[-2.2699552e-01  6.1194632e-01 -7.5736512e-01  9.5830000e+01]
 [-3.5391200e-03  7.7733806e-01  6.2901648e-01  1.4095000e+02]
 [ 9.7368768e-01  1.4558832e-01 -1.7424242e-01 -1.1802100e+03]
 [ 0.0000000e+00  0.0000000e+00  0.0000000e+00  1.0000000e+00]]
[+0157.75, +0052.63, -1128.41]
1609, 2239, 1408
[[-2.2609050e-01  6.1108876e-01 -7.5840168e-01  9.5710000e+01]
 [-4.3220400e-03  7.7806446e-01  6.2812916e-01  1.4091000e+02]
 [ 9.7395272e-01  1.4538036e-01 -1.7324040e-01 -1.1802200e+03]
 [ 0.0000000e+00  0.0000000e+00  0.0000000e+00  1.0000000e+00]]
[+0140.88, -0006.50, -1109.79]
1839, 1953, 766
[[-2.2691034e-01  6.1213966e-01 -7.5716540e-01  9.5870000e+01]
 [-3.8149000e-03  7.7712806e-01  6.2925916e-01  1.4092000e+02]
 [ 9.7365284e-01  1.4583100e-01 -1.7394724e-01 -1.1802000e+03]
 [ 0.0000000e+00  0.0000000e+00  0.0000000e+00  1.0000000e+00]]
[+0156.36, +0053.12, -1127.89]
2125, 1645, 1005
[[-2.2798628e-01  6.1129146e-01 -7.5749526e-01  9.5750000e+01]
 [-4.1135400e-03  7.7764478e-01  6.2861182e-01  1.4084000e+02]
 [ 9.7337526e-01  1.4660318e-01 -1.7471650e-01 -1.1802200e+03]
 [ 0.0000000e+00  0.0000000e+00  0.0000000e+00  1.0000000e+00]]
[+0119.28, +0076.45, -1124.79]
1839, 1953, 766
[[-2.2621508e-01  6.1224498e-01 -7.5736218e-01  9.5890000e+01]
 [-3.7900200e-03  7.7715062e-01  6.2924758e-01  1.4094000e+02]
 [ 9.7387218e-01  1.4533742e-01 -1.7343946e-01 -1.1801600e+03]
 [ 0.0000000e+00  0.0000000e+00  0.0000000e+00  1.0000000e+00]]
[+0157.87, +0051.93, -1128.58]
907, 1657, 935
[[-2.2387616e-01  6.1308840e-01 -7.5720360e-01  9.6040000e+01]
 [-4.4916000e-03  7.7658782e-01  6.2989958e-01  1.4094000e+02]
 [ 9.7427640e-01  1.4462458e-01 -1.7103298e-01 -1.1802100e+03]
 [ 0.0000000e+00  0.0000000e+00  0.0000000e+00  1.0000000e+00]]
[+0138.70, -0026.66, -1090.06]
2137, 1176, 782
[[-2.2800616e-01  6.1228764e-01 -7.5684424e-01  9.5850000e+01]
 [-3.7155600e-03  7.7691790e-01  6.2954712e-01  1.4083000e+02]
 [ 9.7349656e-01  1.4644872e-01 -1.7483290e-01 -1.1801700e+03]
 [ 0.0000000e+00  0.0000000e+00  0.0000000e+00  1.0000000e+00]]
[+0106.03, +0098.77, -1144.97]
907, 1657, 935
[[-2.2465540e-01  6.1293718e-01 -7.5715514e-01  9.6010000e+01]
 [-4.0925800e-03  7.7669292e-01  6.2978594e-01  1.4091000e+02]
 [ 9.7414534e-01  1.4475874e-01 -1.7191732e-01 -1.1801900e+03]
 [ 0.0000000e+00  0.0000000e+00  0.0000000e+00  1.0000000e+00]]
[+0140.76, -0027.35, -1090.37]
987, 1618, 1706
[[-2.2533002e-01  6.1179384e-01 -7.5795756e-01  9.5820000e+01]
 [-4.7661600e-03  7.7748022e-01  6.2882652e-01  1.4080000e+02]
 [ 9.7404756e-01  1.4544348e-01 -1.7222480e-01 -1.1801900e+03]
 [ 0.0000000e+00  0.0000000e+00  0.0000000e+00  1.0000000e+00]]
[+0076.52, -0060.84, -1113.97]
907, 1657, 935
[[-2.2396074e-01  6.1343170e-01 -7.5704624e-01  9.6040000e+01]
 [-3.5732600e-03  7.7646726e-01  6.3008600e-01  1.4091000e+02]
 [ 9.7437400e-01  1.4395376e-01 -1.7165844e-01 -1.1801600e+03]
 [ 0.0000000e+00  0.0000000e+00  0.0000000e+00  1.0000000e+00]]
[+0143.68, -0027.18, -1091.60]
782, 1339, 932
[[-2.2347636e-01  6.1386618e-01 -7.5695950e-01  9.6090000e+01]
 [-3.5839000e-03  7.7619660e-01  6.3044610e-01  1.4089000e+02]
 [ 9.7458018e-01  1.4367826e-01 -1.7123460e-01 -1.1801800e+03]
 [ 0.0000000e+00  0.0000000e+00  0.0000000e+00  1.0000000e+00]]
[+0116.05, -0032.18, -1076.36]
907, 1657, 935
[[-2.2484520e-01  6.1286104e-01 -7.5731388e-01  9.5960000e+01]
 [-3.9338400e-03  7.7679798e-01  6.2969104e-01  1.4089000e+02]
 [ 9.7422148e-01  1.4466384e-01 -1.7221218e-01 -1.1801800e+03]
 [ 0.0000000e+00  0.0000000e+00  0.0000000e+00  1.0000000e+00]]
[+0142.85, -0025.88, -1090.64]
2164, 1233, 1351
[[-2.2868202e-01  6.1138588e-01 -7.5739318e-01  9.5710000e+01]
 [-4.0434800e-03  7.7753976e-01  6.2878228e-01  1.4076000e+02]
 [ 9.7335542e-01  1.4693812e-01 -1.7530722e-01 -1.1801800e+03]
 [ 0.0000000e+00  0.0000000e+00  0.0000000e+00  1.0000000e+00]]
[+0067.04, +0079.65, -1128.78]
1860, 1309, 1264
[[-2.2613010e-01  6.1219592e-01 -7.5741496e-01  9.5890000e+01]
 [-4.4135200e-03  7.7710542e-01  6.2929664e-01  1.4085000e+02]
 [ 9.7387976e-01  1.4577344e-01 -1.7297952e-01 -1.1801900e+03]
 [ 0.0000000e+00  0.0000000e+00  0.0000000e+00  1.0000000e+00]]
[+0076.01, +0059.69, -1101.27]
2164, 1233, 1351
[[-2.2731058e-01  6.1141256e-01 -7.5755670e-01  9.5750000e+01]
 [-4.7765600e-03  7.7751692e-01  6.2875560e-01  1.4077000e+02]
 [ 9.7349610e-01  1.4673480e-01 -1.7374850e-01 -1.1802100e+03]
 [ 0.0000000e+00  0.0000000e+00  0.0000000e+00  1.0000000e+00]]
[+0067.54, +0079.75, -1128.63]
2080, 877, 1327
[[-2.2684580e-01  6.1225362e-01 -7.5703014e-01  9.5900000e+01]
 [-4.9789800e-03  7.7684950e-01  6.2958114e-01  1.4078000e+02]
 [ 9.7361406e-01  1.4677434e-01 -1.7310986e-01 -1.1801700e+03]
 [ 0.0000000e+00  0.0000000e+00  0.0000000e+00  1.0000000e+00]]
[+0047.22, +0084.87, -1148.57]
2164, 1233, 1351
[[-2.2809130e-01  6.1155634e-01 -7.5740162e-01  9.5740000e+01]
 [-4.0831000e-03  7.7745750e-01  6.2887670e-01  1.4077000e+02]
 [ 9.7346890e-01  1.4663362e-01 -1.7479876e-01 -1.1801800e+03]
 [ 0.0000000e+00  0.0000000e+00  0.0000000e+00  1.0000000e+00]]
[+0068.02, +0079.49, -1128.50]
2066, 1233, 1695
[[-2.2670034e-01  6.1132464e-01 -7.5795298e-01  9.5760000e+01]
 [-4.4756800e-03  7.7774976e-01  6.2850096e-01  1.4077000e+02]
 [ 9.7375074e-01  1.4599888e-01 -1.7353554e-01 -1.1801700e+03]
 [ 0.0000000e+00  0.0000000e+00  0.0000000e+00  1.0000000e+00]]
[+0041.14, +0054.69, -1127.20]
2164, 1233, 1351
[[-2.2790106e-01  6.1168496e-01 -7.5739090e-01  9.5760000e+01]
 [-4.2940000e-03  7.7735244e-01  6.2901296e-01  1.4078000e+02]
 [ 9.7354046e-01  1.4668760e-01 -1.7450346e-01 -1.1801900e+03]
 [ 0.0000000e+00  0.0000000e+00  0.0000000e+00  1.0000000e+00]]
[+0068.48, +0080.08, -1128.98]
1359, 1615, 2090
[[-2.2581504e-01  6.1102112e-01 -7.5849600e-01  9.5740000e+01]
 [-5.3040000e-03  7.7799630e-01  6.2819680e-01  1.4075000e+02]
 [ 9.7397888e-01  1.4598816e-01 -1.7240370e-01 -1.1802400e+03]
 [ 0.0000000e+00  0.0000000e+00  0.0000000e+00  1.0000000e+00]]
[+0045.37, -0042.50, -1127.00]
1490, 1713, 1214
[[-2.2621508e-01  6.1200240e-01 -7.5761472e-01  9.5860000e+01]
 [-4.1376000e-03  7.7731550e-01  6.2905410e-01  1.4086000e+02]
 [ 9.7391472e-01  1.4553090e-01 -1.7327458e-01 -1.1801900e+03]
 [ 0.0000000e+00  0.0000000e+00  0.0000000e+00  1.0000000e+00]]
[+0116.07, +0016.36, -1086.18]
1359, 1615, 2090
[[-2.2552002e-01  6.1118004e-01 -7.5847358e-01  9.5740000e+01]
 [-5.2500400e-03  7.7791416e-01  6.2830284e-01  1.4076000e+02]
 [ 9.7406142e-01  1.4577716e-01 -1.7219082e-01 -1.1802300e+03]
 [ 0.0000000e+00  0.0000000e+00  0.0000000e+00  1.0000000e+00]]
[+0044.82, -0041.98, -1127.10]
1520, 1351, 2084
[[-2.2670034e-01  6.1132464e-01 -7.5795298e-01  9.5730000e+01]
 [-4.4756800e-03  7.7774976e-01  6.2850096e-01  1.4074000e+02]
 [ 9.7375074e-01  1.4599888e-01 -1.7353554e-01 -1.1802100e+03]
 [ 0.0000000e+00  0.0000000e+00  0.0000000e+00  1.0000000e+00]]
[+0023.69, -0017.44, -1132.19]
1359, 1615, 2090
[[-2.2602504e-01  6.1105596e-01 -7.5831888e-01  9.5750000e+01]
 [-5.6338800e-03  7.7786840e-01  6.2833336e-01  1.4077000e+02]
 [ 9.7386096e-01  1.4644168e-01 -1.7232160e-01 -1.1802400e+03]
 [ 0.0000000e+00  0.0000000e+00  0.0000000e+00  1.0000000e+00]]
[+0045.49, -0042.31, -1126.94]
1604, 1764, 2143
[[-2.2706170e-01  6.1051364e-01 -7.5846772e-01  9.5660000e+01]
 [-4.0085200e-03  7.7843846e-01  6.2764444e-01  1.4076000e+02]
 [ 9.7364476e-01  1.4569388e-01 -1.7425680e-01 -1.1802100e+03]
 [ 0.0000000e+00  0.0000000e+00  0.0000000e+00  1.0000000e+00]]
[+0050.65, -0027.81, -1119.84]
1359, 1615, 2090
[[-2.2581504e-01  6.1150624e-01 -7.5799104e-01  9.5810000e+01]
 [-4.6089600e-03  7.7766750e-01  6.2858428e-01  1.4080000e+02]
 [ 9.7389376e-01  1.4560068e-01 -1.7273250e-01 -1.1802000e+03]
 [ 0.0000000e+00  0.0000000e+00  0.0000000e+00  1.0000000e+00]]
[+0046.60, -0040.40, -1124.44]
1669, 847, 1784
[[-2.2623520e-01  6.1226072e-01 -7.5722624e-01  9.5890000e+01]
 [-4.4783200e-03  7.7700032e-01  6.2940296e-01  1.4078000e+02]
 [ 9.7377344e-01  1.4596216e-01 -1.7297952e-01 -1.1801900e+03]
 [ 0.0000000e+00  0.0000000e+00  0.0000000e+00  1.0000000e+00]]
[+0010.23, +0033.33, -1141.97]
1475, 959, 1476
[[-2.2604532e-01  6.1238944e-01 -7.5721520e-01  9.5940000e+01]
 [-4.6894400e-03  7.7689518e-01  6.2953910e-01  1.4081000e+02]
 [ 9.7384480e-01  1.4601590e-01 -1.7268450e-01 -1.1801800e+03]
 [ 0.0000000e+00  0.0000000e+00  0.0000000e+00  1.0000000e+00]]
[+0030.65, +0028.33, -1103.01]
1669, 847, 1784
[[-2.2611010e-01  6.1198010e-01 -7.5745590e-01  9.5830000e+01]
 [-3.8202200e-03  7.7733806e-01  6.2898270e-01  1.4074000e+02]
 [ 9.7377846e-01  1.4530722e-01 -1.7335700e-01 -1.1801900e+03]
 [ 0.0000000e+00  0.0000000e+00  0.0000000e+00  1.0000000e+00]]
[+0007.88, +0032.88, -1144.35]
1881, 1490, 1886
[[-2.2729074e-01  6.1071144e-01 -7.5810234e-01  9.5690000e+01]
 [-4.8789600e-03  7.7807840e-01  6.2805448e-01  1.4078000e+02]
 [ 9.7348026e-01  1.4665528e-01 -1.7379730e-01 -1.1802300e+03]
 [ 0.0000000e+00  0.0000000e+00  0.0000000e+00  1.0000000e+00]]
[+0041.95, +0021.72, -1112.76]
1669, 847, 1784
[[-2.2634034e-01  6.1223054e-01 -7.5723762e-01  9.5890000e+01]
 [-4.7431800e-03  7.7697756e-01  6.2943314e-01  1.4074000e+02]
 [ 9.7376206e-01  1.4622702e-01 -1.7289714e-01 -1.1801700e+03]
 [ 0.0000000e+00  0.0000000e+00  0.0000000e+00  1.0000000e+00]]
[+0010.17, +0030.98, -1142.09]
1034, 984, 2233
[[-2.2651018e-01  6.1106318e-01 -7.5824714e-01  9.5770000e+01]
 [-5.1818200e-03  7.7789132e-01  6.2832614e-01  1.4069000e+02]
 [ 9.7381214e-01  1.4636386e-01 -1.7299386e-01 -1.1801800e+03]
 [ 0.0000000e+00  0.0000000e+00  0.0000000e+00  1.0000000e+00]]
[+0016.13, -0042.95, -1173.27]
1669, 847, 1784
[[-2.2623520e-01  6.1240824e-01 -7.5717368e-01  9.5890000e+01]
 [-4.3308000e-03  7.7691790e-01  6.2952030e-01  1.4079000e+02]
 [ 9.7382600e-01  1.4584482e-01 -1.7306194e-01 -1.1801700e+03]
 [ 0.0000000e+00  0.0000000e+00  0.0000000e+00  1.0000000e+00]]
[+0010.60, +0033.81, -1141.35]
1797, 1173, 1278
[[-2.2613010e-01  6.1204840e-01 -7.5746750e-01  9.5870000e+01]
 [-4.5610400e-03  7.7718780e-01  6.2917928e-01  1.4080000e+02]
 [ 9.7382722e-01  1.4589080e-01 -1.7289714e-01 -1.1802200e+03]
 [ 0.0000000e+00  0.0000000e+00  0.0000000e+00  1.0000000e+00]]
[+0063.72, +0062.94, -1103.64]
903, 1004, 1082
[[-2.2457082e-01  6.1342556e-01 -7.5684994e-01  9.6070000e+01]
 [-4.0739600e-03  7.7631740e-01  6.3026308e-01  1.4083000e+02]
 [ 9.7421566e-01  1.4476612e-01 -1.7178778e-01 -1.1801700e+03]
 [ 0.0000000e+00  0.0000000e+00  0.0000000e+00  1.0000000e+00]]
[+0065.14, -0013.89, -1071.77]
1797, 1173, 1278
[[-2.2712050e-01  6.1193148e-01 -7.5724064e-01  9.5840000e+01]
 [-4.4922000e-03  7.7716504e-01  6.2920248e-01  1.4078000e+02]
 [ 9.7357760e-01  1.4647800e-01 -1.7370010e-01 -1.1801900e+03]
 [ 0.0000000e+00  0.0000000e+00  0.0000000e+00  1.0000000e+00]]
[+0062.28, +0062.99, -1104.41]
1868, 833, 1246
[[-2.2693050e-01  6.1239770e-01 -7.5677690e-01  9.5900000e+01]
 [-4.1553800e-03  7.7681276e-01  6.2960810e-01  1.4080000e+02]
 [ 9.7351166e-01  1.4626238e-01 -1.7365210e-01 -1.1801900e+03]
 [ 0.0000000e+00  0.0000000e+00  0.0000000e+00  1.0000000e+00]]
[+0041.26, +0080.61, -1133.40]
1797, 1173, 1278
[[-2.2632010e-01  6.1206724e-01 -7.5742598e-01  9.5860000e+01]
 [-4.2024400e-03  7.7721048e-01  6.2916044e-01  1.4079000e+02]
 [ 9.7380838e-01  1.4571964e-01 -1.7327458e-01 -1.1801800e+03]
 [ 0.0000000e+00  0.0000000e+00  0.0000000e+00  1.0000000e+00]]
[+0063.17, +0062.28, -1103.99]
1692, 1100, 1819
[[-2.2632010e-01  6.1167714e-01 -7.5773108e-01  9.5830000e+01]
 [-4.6975800e-03  7.7745750e-01  6.2884956e-01  1.4076000e+02]
 [ 9.7379836e-01  1.4603052e-01 -1.7302756e-01 -1.1801700e+03]
 [ 0.0000000e+00  0.0000000e+00  0.0000000e+00  1.0000000e+00]]
[+0019.18, +0020.12, -1126.49]
1797, 1173, 1278
[[-2.2701540e-01  6.1216190e-01 -7.5732430e-01  9.5880000e+01]
 [-4.1323000e-03  7.7710542e-01  6.2933066e-01  1.4083000e+02]
 [ 9.7378910e-01  1.4605466e-01 -1.7386482e-01 -1.1801700e+03]
 [ 0.0000000e+00  0.0000000e+00  0.0000000e+00  1.0000000e+00]]
[+0062.67, +0062.51, -1103.87]
1721, 1951, 952
[[-2.2602504e-01  6.1207856e-01 -7.5745616e-01  9.5870000e+01]
 [-4.2961600e-03  7.7721048e-01  6.2914912e-01  1.4089000e+02]
 [ 9.7383856e-01  1.4562592e-01 -1.7297952e-01 -1.1801900e+03]
 [ 0.0000000e+00  0.0000000e+00  0.0000000e+00  1.0000000e+00]]
[+0151.95, +0037.76, -1111.85]
1901, 2133, 1214
[[-2.2786194e-01  6.1067318e-01 -7.5817716e-01  9.5700000e+01]
 [-4.0037400e-03  7.7822886e-01  6.2792132e-01  1.4088000e+02]
 [ 9.7351852e-01  1.4621724e-01 -1.7484744e-01 -1.1802100e+03]
 [ 0.0000000e+00  0.0000000e+00  0.0000000e+00  1.0000000e+00]]
[+0142.01, +0031.23, -1112.00]
1721, 1951, 952
[[-2.2613010e-01  6.1204840e-01 -7.5746750e-01  9.5900000e+01]
 [-4.5610400e-03  7.7718780e-01  6.2917928e-01  1.4087000e+02]
 [ 9.7382722e-01  1.4589080e-01 -1.7289714e-01 -1.1801800e+03]
 [ 0.0000000e+00  0.0000000e+00  0.0000000e+00  1.0000000e+00]]
[+0147.54, +0037.43, -1109.90]
1955, 791, 1599
[[-2.2819636e-01  6.1152590e-01 -7.5741302e-01  9.5750000e+01]
 [-4.3479800e-03  7.7743470e-01  6.2890714e-01  1.4072000e+02]
 [ 9.7345750e-01  1.4689850e-01 -1.7471650e-01 -1.1801600e+03]
 [ 0.0000000e+00  0.0000000e+00  0.0000000e+00  1.0000000e+00]]
[+0021.32, +0064.76, -1154.25]
1721, 1951, 952
[[-2.2592002e-01  6.1201370e-01 -7.5764488e-01  9.5870000e+01]
 [-4.2313000e-03  7.7731550e-01  6.2904280e-01  1.4090000e+02]
 [ 9.7394488e-01  1.4543720e-01 -1.7297952e-01 -1.1801900e+03]
 [ 0.0000000e+00  0.0000000e+00  0.0000000e+00  1.0000000e+00]]
[+0151.60, +0037.38, -1111.92]
1487, 1981, 1091
[[-2.2592002e-01  6.1171866e-01 -7.5774988e-01  9.5850000e+01]
 [-4.5263400e-03  7.7748022e-01  6.2880804e-01  1.4085000e+02]
 [ 9.7383988e-01  1.4567196e-01 -1.7281480e-01 -1.1801800e+03]
 [ 0.0000000e+00  0.0000000e+00  0.0000000e+00  1.0000000e+00]]
[+0148.20, +0009.06, -1102.34]
1721, 1951, 952
[[-2.2661520e-01  6.1176080e-01 -7.5750080e-01  9.5840000e+01]
 [-4.4038400e-03  7.7737520e-01  6.2893712e-01  1.4087000e+02]
 [ 9.7367312e-01  1.4604800e-01 -1.7340496e-01 -1.1802200e+03]
 [ 0.0000000e+00  0.0000000e+00  0.0000000e+00  1.0000000e+00]]
[+0151.20, +0039.70, -1111.77]
1957, 1759, 1494
[[-2.2718580e-01  6.1127978e-01 -7.5773346e-01  9.5730000e+01]
 [-3.9711000e-03  7.7777244e-01  6.2845222e-01  1.4081000e+02]
 [ 9.7355390e-01  1.4596230e-01 -1.7420820e-01 -1.1801800e+03]
 [ 0.0000000e+00  0.0000000e+00  0.0000000e+00  1.0000000e+00]]
[+0090.15, +0042.00, -1099.39]
2215, 1624, 1831
[[-2.2807170e-01  6.1080278e-01 -7.5779964e-01  9.5660000e+01]
 [-4.1333400e-03  7.7801910e-01  6.2813452e-01  1.4077000e+02]
 [ 9.7330532e-01  1.4659476e-01 -1.7484744e-01 -1.1802000e+03]
 [ 0.0000000e+00  0.0000000e+00  0.0000000e+00  1.0000000e+00]]
[+0057.96, +0046.85, -1117.65]
1957, 1759, 1494
[[-2.2689058e-01  6.1143870e-01 -7.5771132e-01  9.5800000e+01]
 [-3.9171000e-03  7.7769014e-01  6.2855820e-01  1.4084000e+02]
 [ 9.7363668e-01  1.4575140e-01 -1.7399528e-01 -1.1801900e+03]
 [ 0.0000000e+00  0.0000000e+00  0.0000000e+00  1.0000000e+00]]
[+0095.62, +0036.78, -1097.77]
1517, 830, 1460
[[-2.261505e-01  6.125068e-01 -7.571740e-01  9.594000e+01]
 [-4.806800e-03  7.767900e-01  6.296866e-01  1.407700e+02]
 [ 9.738860e-01  1.461634e-01 -1.726845e-01 -1.180150e+03]
 [ 0.000000e+00  0.000000e+00  0.000000e+00  1.000000e+00]]
[+0020.52, +0038.87, -1115.58]
1957, 1759, 1494
[[-2.2758600e-01  6.1084764e-01 -7.5801952e-01  9.5730000e+01]
 [-4.6378000e-03  7.7799630e-01  6.2818320e-01  1.4078000e+02]
 [ 9.7350240e-01  1.4663152e-01 -1.7417466e-01 -1.1802100e+03]
 [ 0.0000000e+00  0.0000000e+00  0.0000000e+00  1.0000000e+00]]
[+0095.16, +0041.10, -1098.62]
1297, 2048, 2116
[[-2.2569058e-01  6.1049728e-01 -7.5897762e-01  9.5690000e+01]
 [-4.9931200e-03  7.7849792e-01  6.2758272e-01  1.4077000e+02]
 [ 9.7402722e-01  1.4552688e-01 -1.7261666e-01 -1.1802300e+03]
 [ 0.0000000e+00  0.0000000e+00  0.0000000e+00  1.0000000e+00]]
[+0082.90, -0056.09, -1129.26]
1957, 1759, 1494
[[-2.2750074e-01  6.1133638e-01 -7.5771508e-01  9.5760000e+01]
 [-4.6181800e-03  7.7762198e-01  6.2866052e-01  1.4084000e+02]
 [ 9.7357228e-01  1.4663972e-01 -1.7404372e-01 -1.1802100e+03]
 [ 0.0000000e+00  0.0000000e+00  0.0000000e+00  1.0000000e+00]]
[+0092.80, +0044.79, -1099.76]
1348, 1339, 1725
[[-2.2623520e-01  6.1162824e-01 -7.5778408e-01  9.5840000e+01]
 [-5.3210400e-03  7.7741182e-01  6.2889846e-01  1.4079000e+02]
 [ 9.7380568e-01  1.4646666e-01 -1.7256802e-01 -1.1802100e+03]
 [ 0.0000000e+00  0.0000000e+00  0.0000000e+00  1.0000000e+00]]
[+0042.17, -0015.93, -1102.94]
1099, 1792, 1413
[[-2.2493010e-01  6.1246752e-01 -7.5741894e-01  9.5920000e+01]
 [-3.7526400e-03  7.7709056e-01  6.2928992e-01  1.4090000e+02]
 [ 9.7405638e-01  1.4458016e-01 -1.7242450e-01 -1.1801800e+03]
 [ 0.0000000e+00  0.0000000e+00  0.0000000e+00  1.0000000e+00]]
[+0114.07, -0039.79, -1096.92]
1348, 1339, 1725
[[-2.2562500e-01  6.1193000e-01 -7.5787500e-01  9.5840000e+01]
 [-4.5250000e-03  7.7739788e-01  6.2895528e-01  1.4079000e+02]
 [ 9.7407000e-01  1.4541972e-01 -1.7260212e-01 -1.1802000e+03]
 [ 0.0000000e+00  0.0000000e+00  0.0000000e+00  1.0000000e+00]]
[+0042.27, -0015.43, -1102.64]
1653, 1448, 1641
[[-2.2600516e-01  6.1191522e-01 -7.5764466e-01  9.5830000e+01]
 [-3.7553400e-03  7.7744300e-01  6.2887638e-01  1.4081000e+02]
 [ 9.7388478e-01  1.4511846e-01 -1.7335700e-01 -1.1802100e+03]
 [ 0.0000000e+00  0.0000000e+00  0.0000000e+00  1.0000000e+00]]
[+0058.09, +0018.11, -1095.53]
1348, 1339, 1725
[[-2.2623520e-01  6.1177576e-01 -7.5773152e-01  9.5840000e+01]
 [-5.1735200e-03  7.7732960e-01  6.2901584e-01  1.4080000e+02]
 [ 9.7385824e-01  1.4634928e-01 -1.7265024e-01 -1.1802100e+03]
 [ 0.0000000e+00  0.0000000e+00  0.0000000e+00  1.0000000e+00]]
[+0043.17, -0016.86, -1102.67]
1354, 1521, 1986
[[-2.2501520e-01  6.1149396e-01 -7.5822852e-01  9.5790000e+01]
 [-4.4662800e-03  7.7779504e-01  6.2842524e-01  1.4077000e+02]
 [ 9.7407156e-01  1.4495988e-01 -1.7222480e-01 -1.1801900e+03]
 [ 0.0000000e+00  0.0000000e+00  0.0000000e+00  1.0000000e+00]]
[+0042.83, -0036.03, -1119.64]
1348, 1339, 1725
[[-2.2613010e-01  6.1210094e-01 -7.5761502e-01  9.5890000e+01]
 [-4.6135800e-03  7.7718780e-01  6.2922046e-01  1.4081000e+02]
 [ 9.7397474e-01  1.4584962e-01 -1.7289714e-01 -1.1802000e+03]
 [ 0.0000000e+00  0.0000000e+00  0.0000000e+00  1.0000000e+00]]
[+0044.33, -0014.60, -1101.13]
1384, 1669, 2038
[[-2.2699552e-01  6.1092296e-01 -7.5822776e-01  9.5730000e+01]
 [-4.8773600e-03  7.7799630e-01  6.2820142e-01  1.4077000e+02]
 [ 9.7371064e-01  1.4640338e-01 -1.7358418e-01 -1.1801800e+03]
 [ 0.0000000e+00  0.0000000e+00  0.0000000e+00  1.0000000e+00]]
[+0052.70, -0041.02, -1120.31]
1868, 1059, 1095
[[-2.2693050e-01  6.1235530e-01 -7.5712460e-01  9.5900000e+01]
 [-4.4081000e-03  7.7689518e-01  6.2957324e-01  1.4082000e+02]
 [ 9.7375420e-01  1.4629724e-01 -1.7356968e-01 -1.1801800e+03]
 [ 0.0000000e+00  0.0000000e+00  0.0000000e+00  1.0000000e+00]]
[+0069.54, +0082.50, -1116.06]
1384, 1669, 2038
[[-2.2651018e-01  6.1091562e-01 -7.5829964e-01  9.5750000e+01]
 [-5.3293800e-03  7.7797342e-01  6.2820876e-01  1.4077000e+02]
 [ 9.7375964e-01  1.4648124e-01 -1.7291176e-01 -1.1801900e+03]
 [ 0.0000000e+00  0.0000000e+00  0.0000000e+00  1.0000000e+00]]
[+0052.77, -0041.04, -1120.10]
1616, 1555, 2231
[[-2.2737616e-01  6.1042268e-01 -7.5850180e-01  9.5640000e+01]
 [-4.8034000e-03  7.7837030e-01  6.2773540e-01  1.4069000e+02]
 [ 9.7361068e-01  1.4648876e-01 -1.7401050e-01 -1.1802400e+03]
 [ 0.0000000e+00  0.0000000e+00  0.0000000e+00  1.0000000e+00]]
[+0032.12, -0021.26, -1132.59]
1384, 1669, 2038
[[-2.2623520e-01  6.1138576e-01 -7.5803672e-01  9.5790000e+01]
 [-5.6686400e-03  7.7757614e-01  6.2870476e-01  1.4080000e+02]
 [ 9.7384808e-01  1.4666036e-01 -1.7240370e-01 -1.1802200e+03]
 [ 0.0000000e+00  0.0000000e+00  0.0000000e+00  1.0000000e+00]]
[+0056.23, -0037.55, -1116.42]
1673, 2072, 1925
[[-2.2630026e-01  6.1097598e-01 -7.5827680e-01  9.5750000e+01]
 [-4.7995000e-03  7.7801910e-01  6.2814840e-01  1.4084000e+02]
 [ 9.7378248e-01  1.4595136e-01 -1.7307600e-01 -1.1802400e+03]
 [ 0.0000000e+00  0.0000000e+00  0.0000000e+00  1.0000000e+00]]
[+0094.62, -0017.89, -1103.81]
1384, 1669, 2038
[[-2.2611010e-01  6.1139984e-01 -7.5816092e-01  9.5800000e+01]
 [-4.7153600e-03  7.7774976e-01  6.2851936e-01  1.4079000e+02]
 [ 9.7395868e-01  1.4577056e-01 -1.7294530e-01 -1.1802000e+03]
 [ 0.0000000e+00  0.0000000e+00  0.0000000e+00  1.0000000e+00]]
[+0051.76, -0038.44, -1119.22]
1872, 1653, 1360
[[-2.2691034e-01  6.1150680e-01 -7.5772316e-01  9.5810000e+01]
 [-4.6578400e-03  7.7753976e-01  6.2875500e-01  1.4085000e+02]
 [ 9.7368540e-01  1.4633516e-01 -1.7353554e-01 -1.1802000e+03]
 [ 0.0000000e+00  0.0000000e+00  0.0000000e+00  1.0000000e+00]]
[+0096.22, +0047.08, -1096.73]
1966, 2213, 998
[[-2.2824314e-01  6.1119762e-01 -7.5758868e-01  9.5640000e+01]
 [-2.5912200e-03  7.7794478e-01  6.2826948e-01  1.4106000e+02]
 [ 9.7339428e-01  1.4548788e-01 -1.7593192e-01 -1.1802400e+03]
 [ 0.0000000e+00  0.0000000e+00  0.0000000e+00  1.0000000e+00]]
[+0152.22, +0037.66, -1123.39]
1872, 1653, 1360
[[-2.2625572e-01  6.1257154e-01 -7.5698530e-01  9.5920000e+01]
 [-4.8715400e-03  7.7668478e-01  6.2979290e-01  1.4079000e+02]
 [ 9.7377970e-01  1.4635210e-01 -1.7268450e-01 -1.1802200e+03]
 [ 0.0000000e+00  0.0000000e+00  0.0000000e+00  1.0000000e+00]]
[+0092.91, +0043.07, -1095.92]
1937, 2004, 1921
[[-2.2720552e-01  6.1173808e-01 -7.5744024e-01  9.5750000e+01]
 [-4.2164800e-03  7.7737520e-01  6.2895984e-01  1.4076000e+02]
 [ 9.7361256e-01  1.4623536e-01 -1.7399528e-01 -1.1802100e+03]
 [ 0.0000000e+00  0.0000000e+00  0.0000000e+00  1.0000000e+00]]
[+0081.65, +0002.70, -1103.22]
1872, 1653, 1360
[[-2.2604532e-01  6.1307436e-01 -7.5680480e-01  9.5960000e+01]
 [-3.8993600e-03  7.7648268e-01  6.3008460e-01  1.4081000e+02]
 [ 9.7396020e-01  1.4547040e-01 -1.7309700e-01 -1.1801800e+03]
 [ 0.0000000e+00  0.0000000e+00  0.0000000e+00  1.0000000e+00]]
[+0093.97, +0044.27, -1096.10]
1073, 1791, 1366
[[-2.2436058e-01  6.1363288e-01 -7.5677500e-01  9.6040000e+01]
 [-3.3968800e-03  7.7627942e-01  6.3032060e-01  1.4085000e+02]
 [ 9.7429060e-01  1.4411900e-01 -1.7203600e-01 -1.1801700e+03]
 [ 0.0000000e+00  0.0000000e+00  0.0000000e+00  1.0000000e+00]]
[+0117.59, -0039.00, -1096.23]
1872, 1653, 1360
[[-2.2663540e-01  6.1275672e-01 -7.5684956e-01  9.5890000e+01]
 [-4.0066800e-03  7.7664780e-01  6.2987256e-01  1.4079000e+02]
 [ 9.7379464e-01  1.4589276e-01 -1.7352196e-01 -1.1801700e+03]
 [ 0.0000000e+00  0.0000000e+00  0.0000000e+00  1.0000000e+00]]
[+0093.93, +0047.01, -1096.75]
1151, 1397, 1198
[[-2.2400226e-01  6.1390648e-01 -7.5661564e-01  9.6080000e+01]
 [-4.5082400e-03  7.7591904e-01  6.3074752e-01  1.4082000e+02]
 [ 9.7433468e-01  1.4485024e-01 -1.7098626e-01 -1.1801700e+03]
 [ 0.0000000e+00  0.0000000e+00  0.0000000e+00  1.0000000e+00]]
[+0091.12, -0008.53, -1076.56]
2066, 2099, 1486
[[-2.2779600e-01  6.1156772e-01 -7.5743204e-01  9.5740000e+01]
 [-4.1767600e-03  7.7745750e-01  6.2886532e-01  1.4084000e+02]
 [ 9.7349932e-01  1.4653996e-01 -1.7450346e-01 -1.1802200e+03]
 [ 0.0000000e+00  0.0000000e+00  0.0000000e+00  1.0000000e+00]]
[+0119.72, +0034.80, -1106.83]
1151, 1397, 1198
[[-2.2516050e-01  6.1374024e-01 -7.5633732e-01  9.6070000e+01]
 [-3.3386400e-03  7.7606918e-01  6.3055496e-01  1.4083000e+02]
 [ 9.7401852e-01  1.4468456e-01 -1.7262568e-01 -1.1801400e+03]
 [ 0.0000000e+00  0.0000000e+00  0.0000000e+00  1.0000000e+00]]
[+0092.72, -0008.89, -1076.66]
1003, 1610, 1148
[[-2.2427604e-01  6.1387894e-01 -7.5672214e-01  9.6090000e+01]
 [-3.7257400e-03  7.7606918e-01  6.3060422e-01  1.4083000e+02]
 [ 9.7440334e-01  1.4431982e-01 -1.7174122e-01 -1.1801800e+03]
 [ 0.0000000e+00  0.0000000e+00  0.0000000e+00  1.0000000e+00]]
[+0120.10, -0028.56, -1085.67]
1151, 1397, 1198
[[-2.2518130e-01  6.1356652e-01 -7.5660116e-01  9.6020000e+01]
 [-4.4270800e-03  7.7608440e-01  6.3055784e-01  1.4079000e+02]
 [ 9.7410964e-01  1.4546104e-01 -1.7199994e-01 -1.1801700e+03]
 [ 0.0000000e+00  0.0000000e+00  0.0000000e+00  1.0000000e+00]]
[+0090.55, -0008.02, -1076.36]
902, 1403, 1971
[[-2.2566580e-01  6.1274184e-01 -7.5699292e-01  9.5970000e+01]
 [-4.9117200e-03  7.7660236e-01  6.2988744e-01  1.4074000e+02]
 [ 9.7389256e-01  1.4604708e-01 -1.7217700e-01 -1.1801400e+03]
 [ 0.0000000e+00  0.0000000e+00  0.0000000e+00  1.0000000e+00]]
[+0047.72, -0069.01, -1144.45]
1151, 1397, 1198
[[-2.2497082e-01  6.1372138e-01 -7.5637858e-01  9.6050000e+01]
 [-3.6974200e-03  7.7604678e-01  6.3057382e-01  1.4081000e+02]
 [ 9.7403738e-01  1.4485538e-01 -1.7224804e-01 -1.1801500e+03]
 [ 0.0000000e+00  0.0000000e+00  0.0000000e+00  1.0000000e+00]]
[+0091.43, -0008.56, -1076.53]
1412, 912, 1714
[[-2.2646628e-01  6.1295372e-01 -7.5685024e-01  9.5950000e+01]
 [-4.9587200e-03  7.7639180e-01  6.3020524e-01  1.4071000e+02]
 [ 9.7391476e-01  1.4652976e-01 -1.7276692e-01 -1.1801600e+03]
 [ 0.0000000e+00  0.0000000e+00  0.0000000e+00  1.0000000e+00]]
[+0009.73, +0010.58, -1126.48]
1469, 968, 2211
[[-2.2693050e-01  6.1181764e-01 -7.5748248e-01  9.5760000e+01]
 [-5.0509200e-03  7.7722446e-01  6.2914516e-01  1.4063000e+02]
 [ 9.7369144e-01  1.4672532e-01 -1.7324040e-01 -1.1801700e+03]
 [ 0.0000000e+00  0.0000000e+00  0.0000000e+00  1.0000000e+00]]
[+0007.09, -0009.86, -1163.98]
1412, 912, 1714
[[-2.2488648e-01  6.1343044e-01 -7.5668380e-01  9.6040000e+01]
 [-4.6684400e-03  7.7616702e-01  6.3042910e-01  1.4074000e+02]
 [ 9.7408700e-01  1.4548450e-01 -1.7162250e-01 -1.1801800e+03]
 [ 0.0000000e+00  0.0000000e+00  0.0000000e+00  1.0000000e+00]]
[+0013.53, +0011.42, -1122.32]
1516, 1689, 1614
[[-2.2665600e-01  6.1277232e-01 -7.5671376e-01  9.5920000e+01]
 [-4.6948800e-03  7.7649710e-01  6.3002794e-01  1.4077000e+02]
 [ 9.7369584e-01  1.4651734e-01 -1.7306194e-01 -1.1801900e+03]
 [ 0.0000000e+00  0.0000000e+00  0.0000000e+00  1.0000000e+00]]
[+0081.68, -0003.28, -1090.35]
1412, 912, 1714
[[-2.2617130e-01  6.1305998e-01 -7.5668024e-01  9.5960000e+01]
 [-4.8524600e-03  7.7630934e-01  6.3026992e-01  1.4071000e+02]
 [ 9.7385008e-01  1.4635976e-01 -1.7255440e-01 -1.1801500e+03]
 [ 0.0000000e+00  0.0000000e+00  0.0000000e+00  1.0000000e+00]]
[+0010.38, +0009.22, -1125.93]
1150, 950, 1739
[[-2.2558146e-01  6.1323026e-01 -7.5668778e-01  9.5990000e+01]
 [-4.8928200e-03  7.7622684e-01  6.3036446e-01  1.4073000e+02]
 [ 9.7396294e-01  1.4605458e-01 -1.7204706e-01 -1.1801500e+03]
 [ 0.0000000e+00  0.0000000e+00  0.0000000e+00  1.0000000e+00]]
[+0014.33, -0021.52, -1123.42]
1412, 912, 1714
[[-2.2646628e-01  6.1314340e-01 -7.5644992e-01  9.6010000e+01]
 [-4.5584000e-03  7.7622684e-01  6.3035740e-01  1.4071000e+02]
 [ 9.7372508e-01  1.4637760e-01 -1.7293188e-01 -1.1801500e+03]
 [ 0.0000000e+00  0.0000000e+00  0.0000000e+00  1.0000000e+00]]
[+0011.33, +0011.53, -1124.65]
1624, 1487, 1462
[[-2.2625572e-01  6.1310892e-01 -7.5662732e-01  9.5960000e+01]
 [-4.2289200e-03  7.7635486e-01  6.3022098e-01  1.4077000e+02]
 [ 9.7384268e-01  1.4592402e-01 -1.7301442e-01 -1.1801900e+03]
 [ 0.0000000e+00  0.0000000e+00  0.0000000e+00  1.0000000e+00]]
[+0074.75, +0025.32, -1088.77]
1762, 812, 1484
[[-2.2625572e-01  6.1325642e-01 -7.5657470e-01  9.5960000e+01]
 [-4.0814200e-03  7.7627228e-01  6.3033830e-01  1.4071000e+02]
 [ 9.7389530e-01  1.4580670e-01 -1.7309700e-01 -1.1801700e+03]
 [ 0.0000000e+00  0.0000000e+00  0.0000000e+00  1.0000000e+00]]
[+0021.34, +0059.76, -1134.93]
1624, 1487, 1462
[[-2.2566580e-01  6.1313160e-01 -7.5668760e-01  9.5970000e+01]
 [-4.4167200e-03  7.7635486e-01  6.3019830e-01  1.4080000e+02]
 [ 9.7390296e-01  1.4573622e-01 -1.7242450e-01 -1.1801500e+03]
 [ 0.0000000e+00  0.0000000e+00  0.0000000e+00  1.0000000e+00]]
[+0074.83, +0022.18, -1088.37]
1972, 1558, 1480
[[-2.2663540e-01  6.1236668e-01 -7.5715484e-01  9.5860000e+01]
 [-4.5018800e-03  7.7689518e-01  6.2956186e-01  1.4074000e+02]
 [ 9.7378444e-01  1.4620346e-01 -1.7327458e-01 -1.1801900e+03]
 [ 0.0000000e+00  0.0000000e+00  0.0000000e+00  1.0000000e+00]]
[+0079.28, +0051.72, -1102.32]
1624, 1487, 1462
[[-2.2596074e-01  6.1317288e-01 -7.5680496e-01  9.5970000e+01]
 [-4.3754400e-03  7.7635486e-01  6.3025092e-01  1.4078000e+02]
 [ 9.7402032e-01  1.4578884e-01 -1.7271944e-01 -1.1801700e+03]
 [ 0.0000000e+00  0.0000000e+00  0.0000000e+00  1.0000000e+00]]
[+0075.19, +0021.18, -1088.23]
1649, 1477, 1025
[[-2.2549732e-01  6.1342376e-01 -7.5648788e-01  9.6030000e+01]
 [-5.1688400e-03  7.7601612e-01  6.3060664e-01  1.4081000e+02]
 [ 9.7392808e-01  1.4629676e-01 -1.7175220e-01 -1.1801700e+03]
 [ 0.0000000e+00  0.0000000e+00  0.0000000e+00  1.0000000e+00]]
[+0110.43, +0050.07, -1090.57]
1624, 1487, 1462
[[-2.2646628e-01  6.1275356e-01 -7.5675540e-01  9.5950000e+01]
 [-5.0535600e-03  7.7647422e-01  6.3004670e-01  1.4077000e+02]
 [ 9.7371460e-01  1.4668830e-01 -1.7268450e-01 -1.1801600e+03]
 [ 0.0000000e+00  0.0000000e+00  0.0000000e+00  1.0000000e+00]]
[+0072.82, +0019.94, -1088.66]
1749, 1056, 1339
[[-2.2667700e-01  6.1337800e-01 -7.5636740e-01  9.6000000e+01]
 [-4.7930000e-03  7.7601612e-01  6.3065240e-01  1.4076000e+02]
 [ 9.7380760e-01  1.4667260e-01 -1.7293188e-01 -1.1801600e+03]
 [ 0.0000000e+00  0.0000000e+00  0.0000000e+00  1.0000000e+00]]
[+0048.03, +0059.44, -1108.06]
2042, 861, 832
[[-2.2735146e-01  6.1388924e-01 -7.5574806e-01  9.6030000e+01]
 [-3.2859600e-03  7.7573100e-01  6.3101228e-01  1.4076000e+02]
 [ 9.7365514e-01  1.4603868e-01 -1.7431290e-01 -1.1801300e+03]
 [ 0.0000000e+00  0.0000000e+00  0.0000000e+00  1.0000000e+00]]
[+0079.63, +0104.54, -1149.28]
1749, 1056, 1339
[[-2.2558146e-01  6.1323026e-01 -7.5668778e-01  9.5990000e+01]
 [-4.8928200e-03  7.7622684e-01  6.3036446e-01  1.4077000e+02]
 [ 9.7396294e-01  1.4605458e-01 -1.7204706e-01 -1.1801700e+03]
 [ 0.0000000e+00  0.0000000e+00  0.0000000e+00  1.0000000e+00]]
[+0049.20, +0055.95, -1106.15]
1803, 1402, 1237
[[-2.2644552e-01  6.1298028e-01 -7.5663840e-01  9.5970000e+01]
 [-4.0177200e-03  7.7646008e-01  6.3008480e-01  1.4079000e+02]
 [ 9.7377120e-01  1.4587040e-01 -1.7330944e-01 -1.1801500e+03]
 [ 0.0000000e+00  0.0000000e+00  0.0000000e+00  1.0000000e+00]]
[+0085.58, +0055.38, -1096.14]
1749, 1056, 1339
[[-2.2716170e-01  6.1309032e-01 -7.5640086e-01  9.6000000e+01]
 [-4.6353600e-03  7.7620400e-01  6.3041048e-01  1.4075000e+02]
 [ 9.7365318e-01  1.4683024e-01 -1.7343946e-01 -1.1801200e+03]
 [ 0.0000000e+00  0.0000000e+00  0.0000000e+00  1.0000000e+00]]
[+0047.69, +0056.16, -1106.85]
1142, 1050, 989
[[-2.2459170e-01  6.1451554e-01 -7.5599788e-01  9.6140000e+01]
 [-3.4780600e-03  7.7550494e-01  6.3127436e-01  1.4079000e+02]
 [ 9.7424332e-01  1.4453396e-01 -1.7198980e-01 -1.1801300e+03]
 [ 0.0000000e+00  0.0000000e+00  0.0000000e+00  1.0000000e+00]]
[+0075.85, +0020.57, -1070.11]
1749, 1056, 1339
[[-2.2636098e-01  6.1322624e-01 -7.5658604e-01  9.5970000e+01]
 [-4.3462400e-03  7.7624960e-01  6.3036848e-01  1.4075000e+02]
 [ 9.7388396e-01  1.4607152e-01 -1.7301442e-01 -1.1801700e+03]
 [ 0.0000000e+00  0.0000000e+00  0.0000000e+00  1.0000000e+00]]
[+0047.40, +0059.58, -1108.53]
1060, 973, 933
[[-2.2410756e-01  6.1465534e-01 -7.5601630e-01  9.6190000e+01]
 [-3.7837000e-03  7.7539964e-01  6.3139934e-01  1.4081000e+02]
 [ 9.7434466e-01  1.4449310e-01 -1.7140036e-01 -1.1801600e+03]
 [ 0.0000000e+00  0.0000000e+00  0.0000000e+00  1.0000000e+00]]
[+0073.51, +0018.97, -1067.54]
1281, 1069, 1088
[[-2.2459170e-01  6.1383128e-01 -7.5640846e-01  9.6060000e+01]
 [-4.2676000e-03  7.7591904e-01  6.3072872e-01  1.4078000e+02]
 [ 9.7412750e-01  1.4507960e-01 -1.7157570e-01 -1.1801500e+03]
 [ 0.0000000e+00  0.0000000e+00  0.0000000e+00  1.0000000e+00]]
[+0068.03, +0027.96, -1076.19]
1060, 973, 933
[[-2.2391824e-01  6.1463668e-01 -7.5605740e-01  9.6180000e+01]
 [-4.1426000e-03  7.7537720e-01  6.3141800e-01  1.4082000e+02]
 [ 9.7436332e-01  1.4466376e-01 -1.7102280e-01 -1.1801400e+03]
 [ 0.0000000e+00  0.0000000e+00  0.0000000e+00  1.0000000e+00]]
[+0072.96, +0019.33, -1067.59]
996, 777, 1144
[[-2.2469700e-01  6.1433818e-01 -7.5606174e-01  9.6160000e+01]
 [-3.8902200e-03  7.7556540e-01  6.3118694e-01  1.4074000e+02]
 [ 9.7417946e-01  1.4491614e-01 -1.7182404e-01 -1.1801100e+03]
 [ 0.0000000e+00  0.0000000e+00  0.0000000e+00  1.0000000e+00]]
[+0031.21, +0004.75, -1083.48]
1060, 973, 933
[[-2.2440226e-01  6.1434942e-01 -7.5609170e-01  9.6120000e+01]
 [-3.9843000e-03  7.7556540e-01  6.3117570e-01  1.4079000e+02]
 [ 9.7420942e-01  1.4482206e-01 -1.7152930e-01 -1.1801600e+03]
 [ 0.0000000e+00  0.0000000e+00  0.0000000e+00  1.0000000e+00]]
[+0074.75, +0017.96, -1067.27]
1225, 787, 811
[[-2.2412904e-01  6.1467156e-01 -7.5587992e-01  9.6190000e+01]
 [-4.4721200e-03  7.7524926e-01  6.3155376e-01  1.4078000e+02]
 [ 9.7424616e-01  1.4511728e-01 -1.7093994e-01 -1.1801300e+03]
 [ 0.0000000e+00  0.0000000e+00  0.0000000e+00  1.0000000e+00]]
[+0063.96, +0057.69, -1078.66]
1060, 973, 933
[[-2.2438122e-01  6.1428074e-01 -7.5608080e-01  9.6130000e+01]
 [-3.2432600e-03  7.7571542e-01  6.3097960e-01  1.4080000e+02]
 [ 9.7416040e-01  1.4423920e-01 -1.7198980e-01 -1.1801100e+03]
 [ 0.0000000e+00  0.0000000e+00  0.0000000e+00  1.0000000e+00]]
[+0072.87, +0016.76, -1067.54]
1566, 1980, 1153
[[-2.2693050e-01  6.1259784e-01 -7.5687188e-01  9.5910000e+01]
 [-4.0604000e-03  7.7673030e-01  6.2976660e-01  1.4083000e+02]
 [ 9.7371180e-01  1.4610388e-01 -1.7373456e-01 -1.1801700e+03]
 [ 0.0000000e+00  0.0000000e+00  0.0000000e+00  1.0000000e+00]]
[+0142.98, +0015.67, -1100.76]
978, 1883, 1134
[[-2.2448644e-01  6.1376648e-01 -7.5659720e-01  9.6090000e+01]
 [-4.2028000e-03  7.7602430e-01  6.3062270e-01  1.4084000e+02]
 [ 9.7423352e-01  1.4489086e-01 -1.7157570e-01 -1.1801500e+03]
 [ 0.0000000e+00  0.0000000e+00  0.0000000e+00  1.0000000e+00]]
[+0140.58, -0035.96, -1103.46]
1566, 1980, 1153
[[-2.2653026e-01  6.1278696e-01 -7.5683826e-01  9.5910000e+01]
 [-3.7418400e-03  7.7667040e-01  6.2984232e-01  1.4082000e+02]
 [ 9.7380594e-01  1.4562792e-01 -1.7360450e-01 -1.1801400e+03]
 [ 0.0000000e+00  0.0000000e+00  0.0000000e+00  1.0000000e+00]]
[+0142.38, +0015.89, -1100.49]
1694, 1188, 1216
[[-2.2665600e-01  6.1330976e-01 -7.5635568e-01  9.5980000e+01]
 [-4.0521600e-03  7.7616702e-01  6.3045584e-01  1.4078000e+02]
 [ 9.7375888e-01  1.4608944e-01 -1.7339202e-01 -1.1801400e+03]
 [ 0.0000000e+00  0.0000000e+00  0.0000000e+00  1.0000000e+00]]
[+0068.46, +0057.29, -1095.84]
1566, 1980, 1153
[[-2.2653026e-01  6.1293450e-01 -7.5678570e-01  9.5950000e+01]
 [-3.5943000e-03  7.7658782e-01  6.2995962e-01  1.4083000e+02]
 [ 9.7385850e-01  1.4551062e-01 -1.7368708e-01 -1.1801200e+03]
 [ 0.0000000e+00  0.0000000e+00  0.0000000e+00  1.0000000e+00]]
[+0142.60, +0014.20, -1100.56]
1527, 2044, 2032
[[-2.2640520e-01  6.1157864e-01 -7.5773068e-01  9.5770000e+01]
 [-4.2216800e-03  7.7758520e-01  6.2868316e-01  1.4074000e+02]
 [ 9.7373836e-01  1.4571172e-01 -1.7340496e-01 -1.1801600e+03]
 [ 0.0000000e+00  0.0000000e+00  0.0000000e+00  1.0000000e+00]]
[+0082.66, -0040.64, -1115.00]
1566, 1980, 1153
[[-2.2615050e-01  6.1299160e-01 -7.5666860e-01  9.5980000e+01]
 [-4.1116000e-03  7.7646008e-01  6.3007348e-01  1.4083000e+02]
 [ 9.7380140e-01  1.4577652e-01 -1.7301442e-01 -1.1801700e+03]
 [ 0.0000000e+00  0.0000000e+00  0.0000000e+00  1.0000000e+00]]
[+0139.92, +0014.84, -1099.69]
1135, 1421, 1582
[[-2.2507604e-01  6.1330170e-01 -7.5669510e-01  9.6000000e+01]
 [-4.4571000e-03  7.7627228e-01  6.3029302e-01  1.4077000e+02]
 [ 9.7401570e-01  1.4543102e-01 -1.7191732e-01 -1.1801400e+03]
 [ 0.0000000e+00  0.0000000e+00  0.0000000e+00  1.0000000e+00]]
[+0062.99, -0034.95, -1095.46]
1337, 1616, 1115
[[-2.2558146e-01  6.1323026e-01 -7.5668778e-01  9.6030000e+01]
 [-4.8928200e-03  7.7622684e-01  6.3036446e-01  1.4079000e+02]
 [ 9.7396294e-01  1.4605458e-01 -1.7204706e-01 -1.1801700e+03]
 [ 0.0000000e+00  0.0000000e+00  0.0000000e+00  1.0000000e+00]]
[+0117.30, +0009.35, -1081.90]
1135, 1421, 1582
[[-2.2499178e-01  6.1315832e-01 -7.5694788e-01  9.5990000e+01]
 [-5.2807200e-03  7.7630934e-01  6.3026548e-01  1.4077000e+02]
 [ 9.7411772e-01  1.4594292e-01 -1.7137488e-01 -1.1801800e+03]
 [ 0.0000000e+00  0.0000000e+00  0.0000000e+00  1.0000000e+00]]
[+0062.90, -0034.84, -1095.49]
1367, 1328, 1644
[[-2.2577106e-01  6.1300668e-01 -7.5689906e-01  9.5960000e+01]
 [-4.8816400e-03  7.7641464e-01  6.3015228e-01  1.4075000e+02]
 [ 9.7398642e-01  1.4607716e-01 -1.7225946e-01 -1.1801800e+03]
 [ 0.0000000e+00  0.0000000e+00  0.0000000e+00  1.0000000e+00]]
[+0046.41, -0008.46, -1097.10]
1135, 1421, 1582
[[-2.2457082e-01  6.1372036e-01 -7.5674478e-01  9.6030000e+01]
 [-3.7791600e-03  7.7615196e-01  6.3049796e-01  1.4079000e+02]
 [ 9.7432082e-01  1.4453124e-01 -1.7195322e-01 -1.1801600e+03]
 [ 0.0000000e+00  0.0000000e+00  0.0000000e+00  1.0000000e+00]]
[+0064.04, -0033.21, -1094.22]
1292, 2037, 1907
[[-2.2653026e-01  6.1161678e-01 -7.5775392e-01  9.5800000e+01]
 [-5.2273800e-03  7.7741182e-01  6.2890992e-01  1.4078000e+02]
 [ 9.7377552e-01  1.4656032e-01 -1.7286308e-01 -1.1801700e+03]
 [ 0.0000000e+00  0.0000000e+00  0.0000000e+00  1.0000000e+00]]
[+0095.05, -0052.59, -1119.08]
1135, 1421, 1582
[[-2.2526568e-01  6.1346788e-01 -7.5660116e-01  9.6020000e+01]
 [-3.9509200e-03  7.7621222e-01  6.3039166e-01  1.4075000e+02]
 [ 9.7404956e-01  1.4514274e-01 -1.7237746e-01 -1.1801400e+03]
 [ 0.0000000e+00  0.0000000e+00  0.0000000e+00  1.0000000e+00]]
[+0064.94, -0033.31, -1093.99]
1307, 2157, 1365
[[-2.2594018e-01  6.1261964e-01 -7.5729878e-01  9.5910000e+01]
 [-4.3296400e-03  7.7683544e-01  6.2966756e-01  1.4085000e+02]
 [ 9.7405622e-01  1.4559244e-01 -1.7284938e-01 -1.1801900e+03]
 [ 0.0000000e+00  0.0000000e+00  0.0000000e+00  1.0000000e+00]]
[+0143.65, -0025.02, -1111.62]
1360, 1994, 958
[[-2.2547616e-01  6.1340776e-01 -7.5662376e-01  9.6030000e+01]
 [-4.4805600e-03  7.7616702e-01  6.3045178e-01  1.4083000e+02]
 [ 9.7402696e-01  1.4567238e-01 -1.7221218e-01 -1.1801800e+03]
 [ 0.0000000e+00  0.0000000e+00  0.0000000e+00  1.0000000e+00]]
[+0155.57, +0008.20, -1106.32]
1307, 2157, 1365
[[-2.2623520e-01  6.1231328e-01 -7.5737376e-01  9.5890000e+01]
 [-4.5308800e-03  7.7700032e-01  6.2944416e-01  1.4081000e+02]
 [ 9.7392096e-01  1.4592096e-01 -1.7297952e-01 -1.1801500e+03]
 [ 0.0000000e+00  0.0000000e+00  0.0000000e+00  1.0000000e+00]]
[+0143.55, -0025.32, -1111.84]
2038, 2124, 1474
[[-2.2722564e-01  6.1171118e-01 -7.5765238e-01  9.5780000e+01]
 [-5.1573800e-03  7.7730668e-01  6.2908042e-01  1.4080000e+02]
 [ 9.7375618e-01  1.4689522e-01 -1.7345332e-01 -1.1802200e+03]
 [ 0.0000000e+00  0.0000000e+00  0.0000000e+00  1.0000000e+00]]
[+0121.60, +0032.74, -1106.71]
1307, 2157, 1365
[[-2.2543504e-01  6.1278608e-01 -7.5710632e-01  9.5960000e+01]
 [-3.6936800e-03  7.7679798e-01  6.2967218e-01  1.4086000e+02]
 [ 9.7401392e-01  1.4489278e-01 -1.7280202e-01 -1.1801500e+03]
 [ 0.0000000e+00  0.0000000e+00  0.0000000e+00  1.0000000e+00]]
[+0143.49, -0026.01, -1112.02]
1219, 1304, 1694
[[-2.2499178e-01  6.1301092e-01 -7.5700054e-01  9.5980000e+01]
 [-5.4281200e-03  7.7639180e-01  6.3014804e-01  1.4076000e+02]
 [ 9.7406506e-01  1.4606036e-01 -1.7129242e-01 -1.1801800e+03]
 [ 0.0000000e+00  0.0000000e+00  0.0000000e+00  1.0000000e+00]]
[+0043.37, -0027.11, -1103.17]
1307, 2157, 1365
[[-2.2543504e-01  6.1249112e-01 -7.5721136e-01  9.5920000e+01]
 [-3.9886400e-03  7.7696310e-01  6.2943742e-01  1.4086000e+02]
 [ 9.7390888e-01  1.4512754e-01 -1.7263690e-01 -1.1801700e+03]
 [ 0.0000000e+00  0.0000000e+00  0.0000000e+00  1.0000000e+00]]
[+0143.88, -0025.20, -1111.79]
975, 1835, 1227
[[-2.2438122e-01  6.1394380e-01 -7.5653336e-01  9.6120000e+01]
 [-3.7906000e-03  7.7596400e-01  6.3071020e-01  1.4086000e+02]
 [ 9.7429736e-01  1.4450860e-01 -1.7174122e-01 -1.1801600e+03]
 [ 0.0000000e+00  0.0000000e+00  0.0000000e+00  1.0000000e+00]]
[+0130.09, -0040.63, -1101.04]
1363, 2211, 1545
[[-2.2680532e-01  6.1192730e-01 -7.5740670e-01  9.5820000e+01]
 [-3.8977000e-03  7.7731550e-01  6.2903550e-01  1.4082000e+02]
 [ 9.7370670e-01  1.4575950e-01 -1.7386482e-01 -1.1801800e+03]
 [ 0.0000000e+00  0.0000000e+00  0.0000000e+00  1.0000000e+00]]
[+0132.74, -0030.45, -1112.78]
975, 1835, 1227
[[-2.2408648e-01  6.1395500e-01 -7.5656328e-01  9.6100000e+01]
 [-3.8846000e-03  7.7596400e-01  6.3069900e-01  1.4084000e+02]
 [ 9.7432728e-01  1.4441460e-01 -1.7144648e-01 -1.1801500e+03]
 [ 0.0000000e+00  0.0000000e+00  0.0000000e+00  1.0000000e+00]]
[+0129.95, -0040.57, -1100.99]
1867, 897, 1246
[[-2.2665600e-01  6.1301472e-01 -7.5646096e-01  9.5980000e+01]
 [-4.3472000e-03  7.7633214e-01  6.3022128e-01  1.4075000e+02]
 [ 9.7365360e-01  1.4632400e-01 -1.7322690e-01 -1.1801600e+03]
 [ 0.0000000e+00  0.0000000e+00  0.0000000e+00  1.0000000e+00]]
[+0045.69, +0079.45, -1127.73]
975, 1835, 1227
[[-2.2446568e-01  6.1375032e-01 -7.5673360e-01  9.6090000e+01]
 [-3.5143200e-03  7.7617432e-01  6.3046800e-01  1.4084000e+02]
 [ 9.7433200e-01  1.4426640e-01 -1.7203600e-01 -1.1801400e+03]
 [ 0.0000000e+00  0.0000000e+00  0.0000000e+00  1.0000000e+00]]
[+0133.91, -0042.52, -1102.32]
785, 1663, 1660
[[-2.2427604e-01  6.1328942e-01 -7.5693246e-01  9.6050000e+01]
 [-4.3152600e-03  7.7640006e-01  6.3013438e-01  1.4078000e+02]
 [ 9.7419302e-01  1.4478966e-01 -1.7141034e-01 -1.1801400e+03]
 [ 0.0000000e+00  0.0000000e+00  0.0000000e+00  1.0000000e+00]]
[+0088.68, -0075.45, -1127.29]
975, 1835, 1227
[[-2.2505536e-01  6.1343312e-01 -7.5677872e-01  9.6020000e+01]
 [-3.6212800e-03  7.7633984e-01  6.3025552e-01  1.4083000e+02]
 [ 9.7416688e-01  1.4468912e-01 -1.7246016e-01 -1.1801400e+03]
 [ 0.0000000e+00  0.0000000e+00  0.0000000e+00  1.0000000e+00]]
[+0133.45, -0041.58, -1101.94]
1497, 1704, 1925
[[-2.2653026e-01  6.1224936e-01 -7.5719604e-01  9.5870000e+01]
 [-4.3845600e-03  7.7700032e-01  6.2941432e-01  1.4073000e+02]
 [ 9.7374324e-01  1.4605592e-01 -1.7327458e-01 -1.1801800e+03]
 [ 0.0000000e+00  0.0000000e+00  0.0000000e+00  1.0000000e+00]]
[+0057.27, -0023.47, -1107.48]
1760, 1126, 2013
[[-2.2731058e-01  6.1209802e-01 -7.5714640e-01  9.5830000e+01]
 [-3.9860200e-03  7.7710542e-01  6.2930080e-01  1.4067000e+02]
 [ 9.7361120e-01  1.4618960e-01 -1.7416000e-01 -1.1801300e+03]
 [ 0.0000000e+00  0.0000000e+00  0.0000000e+00  1.0000000e+00]]
[+0014.01, +0016.42, -1140.52]
1497, 1704, 1925
[[-2.2497082e-01  6.1255240e-01 -7.5729424e-01  9.5940000e+01]
 [-5.1820000e-03  7.7679000e-01  6.2964100e-01  1.4076000e+02]
 [ 9.7400624e-01  1.4578820e-01 -1.7150482e-01 -1.1802100e+03]
 [ 0.0000000e+00  0.0000000e+00  0.0000000e+00  1.0000000e+00]]
[+0062.17, -0026.64, -1106.52]
1456, 1543, 999
[[-2.2547616e-01  6.1355520e-01 -7.5657112e-01  9.6060000e+01]
 [-4.3331200e-03  7.7608440e-01  6.3056916e-01  1.4081000e+02]
 [ 9.7407960e-01  1.4555500e-01 -1.7229480e-01 -1.1801500e+03]
 [ 0.0000000e+00  0.0000000e+00  0.0000000e+00  1.0000000e+00]]
[+0119.06, +0030.31, -1084.13]
1497, 1704, 1925
[[-2.2594018e-01  6.1232464e-01 -7.5740390e-01  9.5870000e+01]
 [-4.6246400e-03  7.7700032e-01  6.2943280e-01  1.4074000e+02]
 [ 9.7395110e-01  1.4582720e-01 -1.7268450e-01 -1.1801900e+03]
 [ 0.0000000e+00  0.0000000e+00  0.0000000e+00  1.0000000e+00]]
[+0059.84, -0026.34, -1107.26]
762, 1382, 2012
[[-2.2404552e-01  6.1309072e-01 -7.5729896e-01  9.6030000e+01]
 [-3.4443200e-03  7.7676000e-01  6.2972624e-01  1.4069000e+02]
 [ 9.7435624e-01  1.4382896e-01 -1.7187048e-01 -1.1801300e+03]
 [ 0.0000000e+00  0.0000000e+00  0.0000000e+00  1.0000000e+00]]
[+0050.85, -0076.45, -1158.51]
1497, 1704, 1925
[[-2.2653026e-01  6.1234434e-01 -7.5699594e-01  9.5900000e+01]
 [-4.1844600e-03  7.7691790e-01  6.2949042e-01  1.4076000e+02]
 [ 9.7364826e-01  1.4597982e-01 -1.7335700e-01 -1.1801700e+03]
 [ 0.0000000e+00  0.0000000e+00  0.0000000e+00  1.0000000e+00]]
[+0060.74, -0023.05, -1105.82]
1835, 1782, 926
[[-2.2663540e-01  6.1299922e-01 -7.5659686e-01  9.5960000e+01]
 [-3.6590200e-03  7.7648268e-01  6.3006586e-01  1.4085000e+02]
 [ 9.7375226e-01  1.4569946e-01 -1.7368708e-01 -1.1801400e+03]
 [ 0.0000000e+00  0.0000000e+00  0.0000000e+00  1.0000000e+00]]
[+0140.69, +0057.77, -1112.67]
1160, 1682, 2104
[[-2.2564520e-01  6.1218852e-01 -7.5748656e-01  9.5900000e+01]
 [-4.8658800e-03  7.7708270e-01  6.2930404e-01  1.4071000e+02]
 [ 9.7392864e-01  1.4585084e-01 -1.7230714e-01 -1.1801500e+03]
 [ 0.0000000e+00  0.0000000e+00  0.0000000e+00  1.0000000e+00]]
[+0055.84, -0059.98, -1137.21]
1835, 1782, 926
[[-2.2703568e-01  6.1281008e-01 -7.5663048e-01  9.5960000e+01]
 [-3.9775200e-03  7.7654262e-01  6.2999018e-01  1.4081000e+02]
 [ 9.7365808e-01  1.4617542e-01 -1.7381706e-01 -1.1801700e+03]
 [ 0.0000000e+00  0.0000000e+00  0.0000000e+00  1.0000000e+00]]
[+0140.51, +0057.88, -1112.75]
1617, 1629, 788
[[-2.2518130e-01  6.1395614e-01 -7.5629582e-01  9.6110000e+01]
 [-3.9321800e-03  7.7583630e-01  6.3086866e-01  1.4083000e+02]
 [ 9.7412014e-01  1.4515022e-01 -1.7224804e-01 -1.1801200e+03]
 [ 0.0000000e+00  0.0000000e+00  0.0000000e+00  1.0000000e+00]]
[+0140.84, +0052.35, -1102.71]
1835, 1782, 926
[[-2.2594018e-01  6.1266202e-01 -7.5695122e-01  9.5940000e+01]
 [-4.0770200e-03  7.7675294e-01  6.2970242e-01  1.4082000e+02]
 [ 9.7381378e-01  1.4555758e-01 -1.7293188e-01 -1.1801800e+03]
 [ 0.0000000e+00  0.0000000e+00  0.0000000e+00  1.0000000e+00]]
[+0139.77, +0057.09, -1112.35]
2011, 1463, 1000
[[-2.2644552e-01  6.1283276e-01 -7.5669100e-01  9.5930000e+01]
 [-4.1652400e-03  7.7654262e-01  6.2996750e-01  1.4078000e+02]
 [ 9.7371860e-01  1.4598770e-01 -1.7322690e-01 -1.1801500e+03]
 [ 0.0000000e+00  0.0000000e+00  0.0000000e+00  1.0000000e+00]]
[+0108.43, +0080.52, -1118.67]
1835, 1782, 926
[[-2.2587636e-01  6.1312406e-01 -7.5685782e-01  9.6000000e+01]
 [-4.9990200e-03  7.7630934e-01  6.3029974e-01  1.4083000e+02]
 [ 9.7402766e-01  1.4622462e-01 -1.7225946e-01 -1.1801800e+03]
 [ 0.0000000e+00  0.0000000e+00  0.0000000e+00  1.0000000e+00]]
[+0139.94, +0055.63, -1112.03]
1188, 1395, 1703
[[-2.2556058e-01  6.1291938e-01 -7.5692894e-01  9.5980000e+01]
 [-4.4994200e-03  7.7654262e-01  6.2997474e-01  1.4074000e+02]
 [ 9.7395654e-01  1.4566486e-01 -1.7234196e-01 -1.1801600e+03]
 [ 0.0000000e+00  0.0000000e+00  0.0000000e+00  1.0000000e+00]]
[+0050.91, -0033.62, -1102.87]
1139, 1879, 1416
[[-2.2516050e-01  6.1325564e-01 -7.5684252e-01  9.6030000e+01]
 [-4.0335600e-03  7.7640006e-01  6.3016816e-01  1.4080000e+02]
 [ 9.7410308e-01  1.4507136e-01 -1.7229480e-01 -1.1801400e+03]
 [ 0.0000000e+00  0.0000000e+00  0.0000000e+00  1.0000000e+00]]
[+0120.77, -0038.28, -1099.83]
1188, 1395, 1703
[[-2.2486564e-01  6.1302464e-01 -7.5712512e-01  9.5960000e+01]
 [-4.4748800e-03  7.7656526e-01  6.2996334e-01  1.4074000e+02]
 [ 9.7417536e-01  1.4517102e-01 -1.7183474e-01 -1.1801600e+03]
 [ 0.0000000e+00  0.0000000e+00  0.0000000e+00  1.0000000e+00]]
[+0051.23, -0035.35, -1103.37]
1043, 1256, 1492
[[-2.2478122e-01  6.1399740e-01 -7.5631460e-01  9.6090000e+01]
 [-3.7614000e-03  7.7585878e-01  6.3082740e-01  1.4079000e+02]
 [ 9.7416140e-01  1.4479140e-01 -1.7203600e-01 -1.1801200e+03]
 [ 0.0000000e+00  0.0000000e+00  0.0000000e+00  1.0000000e+00]]
[+0056.78, -0032.07, -1091.58]
1188, 1395, 1703
[[-2.2507604e-01  6.1291206e-01 -7.5700038e-01  9.5960000e+01]
 [-4.9519800e-03  7.7651990e-01  6.2998206e-01  1.4075000e+02]
 [ 9.7400526e-01  1.4574198e-01 -1.7166970e-01 -1.1801700e+03]
 [ 0.0000000e+00  0.0000000e+00  0.0000000e+00  1.0000000e+00]]
[+0052.63, -0035.90, -1103.19]
1638, 1295, 1458
[[-2.2625572e-01  6.1320380e-01 -7.5642720e-01  9.5980000e+01]
 [-4.0288000e-03  7.7627228e-01  6.3029700e-01  1.4075000e+02]
 [ 9.7374780e-01  1.4584800e-01 -1.7309700e-01 -1.1801500e+03]
 [ 0.0000000e+00  0.0000000e+00  0.0000000e+00  1.0000000e+00]]
[+0057.82, +0034.51, -1093.82]
1188, 1395, 1703
[[-2.2518130e-01  6.1308212e-01 -7.5710656e-01  9.5970000e+01]
 [-5.1220400e-03  7.7641464e-01  6.3017072e-01  1.4074000e+02]
 [ 9.7419392e-01  1.4584816e-01 -1.7166970e-01 -1.1801800e+03]
 [ 0.0000000e+00  0.0000000e+00  0.0000000e+00  1.0000000e+00]]
[+0051.31, -0034.05, -1102.89]
2139, 1275, 1456
[[-2.2703568e-01  6.1281008e-01 -7.5663048e-01  9.5900000e+01]
 [-3.9775200e-03  7.7654262e-01  6.2999018e-01  1.4074000e+02]
 [ 9.7365808e-01  1.4617542e-01 -1.7381706e-01 -1.1801600e+03]
 [ 0.0000000e+00  0.0000000e+00  0.0000000e+00  1.0000000e+00]]
[+0062.69, +0073.97, -1125.46]
1092, 1314, 1897
[[-2.2577106e-01  6.1291186e-01 -7.5709916e-01  9.5960000e+01]
 [-5.0817400e-03  7.7649710e-01  6.3007612e-01  1.4073000e+02]
 [ 9.7408124e-01  1.4615332e-01 -1.7217700e-01 -1.1801600e+03]
 [ 0.0000000e+00  0.0000000e+00  0.0000000e+00  1.0000000e+00]]
[+0036.92, -0048.64, -1126.20]
2139, 1275, 1456
[[-2.2684580e-01  6.1264362e-01 -7.5672474e-01  9.5900000e+01]
 [-4.4837400e-03  7.7660236e-01  6.2989182e-01  1.4074000e+02]
 [ 9.7362438e-01  1.4646366e-01 -1.7335700e-01 -1.1801800e+03]
 [ 0.0000000e+00  0.0000000e+00  0.0000000e+00  1.0000000e+00]]
[+0062.83, +0074.06, -1125.23]
2245, 1255, 1710
[[-2.2870194e-01  6.1173882e-01 -7.5680470e-01  9.5760000e+01]
 [-4.1833000e-03  7.7714220e-01  6.2920770e-01  1.4067000e+02]
 [ 9.7311882e-01  1.4729374e-01 -1.7509410e-01 -1.1801600e+03]
 [ 0.0000000e+00  0.0000000e+00  0.0000000e+00  1.0000000e+00]]
[+0045.83, +0063.19, -1135.13]
2139, 1275, 1456
[[-2.2665600e-01  6.1321488e-01 -7.5655584e-01  9.5990000e+01]
 [-4.2523200e-03  7.7624960e-01  6.3037984e-01  1.4077000e+02]
 [ 9.7385376e-01  1.4616544e-01 -1.7330944e-01 -1.1801300e+03]
 [ 0.0000000e+00  0.0000000e+00  0.0000000e+00  1.0000000e+00]]
[+0063.41, +0070.59, -1123.65]
2120, 969, 1440
[[-2.2718290e-01  6.1310582e-01 -7.5626536e-01  9.6020000e+01]
 [-5.3234200e-03  7.7605262e-01  6.3056584e-01  1.4075000e+02]
 [ 9.7355416e-01  1.4745464e-01 -1.7297952e-01 -1.1801600e+03]
 [ 0.0000000e+00  0.0000000e+00  0.0000000e+00  1.0000000e+00]]
[+0046.22, +0077.94, -1144.25]
2139, 1275, 1456
[[-2.2655074e-01  6.1256012e-01 -7.5695512e-01  9.5910000e+01]
 [-4.7777200e-03  7.7668478e-01  6.2980432e-01  1.4075000e+02]
 [ 9.7374952e-01  1.4644592e-01 -1.7297952e-01 -1.1801500e+03]
 [ 0.0000000e+00  0.0000000e+00  0.0000000e+00  1.0000000e+00]]
[+0062.90, +0069.69, -1123.22]
1789, 1423, 2177
[[-2.2634034e-01  6.1169304e-01 -7.5759546e-01  9.5810000e+01]
 [-5.3858400e-03  7.7730668e-01  6.2900488e-01  1.4066000e+02]
 [ 9.7369926e-01  1.4665528e-01 -1.7256802e-01 -1.1801600e+03]
 [ 0.0000000e+00  0.0000000e+00  0.0000000e+00  1.0000000e+00]]
[+0026.08, -0004.89, -1133.42]
1655, 810, 1990
[[-2.2587636e-01  6.1331366e-01 -7.5645758e-01  9.6010000e+01]
 [-4.5987800e-03  7.7614430e-01  6.3045194e-01  1.4070000e+02]
 [ 9.7383806e-01  1.4607242e-01 -1.7242450e-01 -1.1801300e+03]
 [ 0.0000000e+00  0.0000000e+00  0.0000000e+00  1.0000000e+00]]
[+0005.65, +0019.60, -1159.59]
1789, 1423, 2177
[[-2.2750074e-01  6.1172672e-01 -7.5740990e-01  9.5760000e+01]
 [-4.1228000e-03  7.7737520e-01  6.2897120e-01  1.4067000e+02]
 [ 9.7358222e-01  1.4632904e-01 -1.7429050e-01 -1.1801400e+03]
 [ 0.0000000e+00  0.0000000e+00  0.0000000e+00  1.0000000e+00]]
[+0025.24, -0002.09, -1133.46]
1888, 1643, 1378
[[-2.2634034e-01  6.1262052e-01 -7.5693236e-01  9.5910000e+01]
 [-4.2480400e-03  7.7673030e-01  6.2974392e-01  1.4076000e+02]
 [ 9.7377228e-01  1.4591624e-01 -1.7314440e-01 -1.1801800e+03]
 [ 0.0000000e+00  0.0000000e+00  0.0000000e+00  1.0000000e+00]]
[+0095.62, +0046.08, -1096.71]
1789, 1423, 2177
[[-2.2642516e-01  6.1188950e-01 -7.5748986e-01  9.5800000e+01]
 [-4.6148600e-03  7.7727014e-01  6.2907330e-01  1.4066000e+02]
 [ 9.7374450e-01  1.4610186e-01 -1.7310986e-01 -1.1801300e+03]
 [ 0.0000000e+00  0.0000000e+00  0.0000000e+00  1.0000000e+00]]
[+0024.73, -0002.31, -1133.81]
1056, 1596, 2133
[[-2.2575034e-01  6.1293816e-01 -7.5688752e-01  9.6010000e+01]
 [-4.1407200e-03  7.7656526e-01  6.2995596e-01  1.4076000e+02]
 [ 9.7393776e-01  1.4549388e-01 -1.7271944e-01 -1.1801300e+03]
 [ 0.0000000e+00  0.0000000e+00  0.0000000e+00  1.0000000e+00]]
[+0054.37, -0063.54, -1143.46]
1789, 1423, 2177
[[-2.2758600e-01  6.1177616e-01 -7.5735688e-01  9.5760000e+01]
 [-3.4993600e-03  7.7742048e-01  6.2892176e-01  1.4068000e+02]
 [ 9.7357448e-01  1.4589296e-01 -1.7475048e-01 -1.1801300e+03]
 [ 0.0000000e+00  0.0000000e+00  0.0000000e+00  1.0000000e+00]]
[+0024.97, -0000.31, -1133.37]
1141, 1075, 1931
[[-2.2490772e-01  6.1364672e-01 -7.5664256e-01  9.6070000e+01]
 [-5.2620800e-03  7.7593358e-01  6.3074246e-01  1.4076000e+02]
 [ 9.7418816e-01  1.4595014e-01 -1.7124514e-01 -1.1801700e+03]
 [ 0.0000000e+00  0.0000000e+00  0.0000000e+00  1.0000000e+00]]
[+0020.49, -0032.27, -1132.21]
966, 1327, 1913
[[-2.2408648e-01  6.1356552e-01 -7.5686844e-01  9.6100000e+01]
 [-4.3792800e-03  7.7621222e-01  6.3038796e-01  1.4076000e+02]
 [ 9.7431684e-01  1.4472564e-01 -1.7119826e-01 -1.1801500e+03]
 [ 0.0000000e+00  0.0000000e+00  0.0000000e+00  1.0000000e+00]]
[+0044.92, -0057.19, -1130.01]
1141, 1075, 1931
[[-2.2558146e-01  6.1328292e-01 -7.5683522e-01  9.6010000e+01]
 [-4.9454800e-03  7.7622684e-01  6.3040572e-01  1.4075000e+02]
 [ 9.7411038e-01  1.4601332e-01 -1.7204706e-01 -1.1801700e+03]
 [ 0.0000000e+00  0.0000000e+00  0.0000000e+00  1.0000000e+00]]
[+0019.38, -0032.76, -1133.85]
881, 873, 1613
[[-2.2383442e-01  6.1444098e-01 -7.5616252e-01  9.6210000e+01]
 [-4.9135800e-03  7.7541486e-01  6.3134892e-01  1.4079000e+02]
 [ 9.7431788e-01  1.4521668e-01 -1.7047972e-01 -1.1801000e+03]
 [ 0.0000000e+00  0.0000000e+00  0.0000000e+00  1.0000000e+00]]
[+0018.91, -0036.85, -1118.01]
1141, 1075, 1931
[[-2.2585552e-01  6.1266568e-01 -7.5715152e-01  9.5940000e+01]
 [-4.7531200e-03  7.7670758e-01  6.2979258e-01  1.4065000e+02]
 [ 9.7396872e-01  1.4595222e-01 -1.7247194e-01 -1.1800800e+03]
 [ 0.0000000e+00  0.0000000e+00  0.0000000e+00  1.0000000e+00]]
[+0018.20, -0035.86, -1136.30]
1426, 1248, 1587
[[-2.2497082e-01  6.1347914e-01 -7.5663120e-01  9.6000000e+01]
 [-4.0448600e-03  7.7621222e-01  6.3038040e-01  1.4080000e+02]
 [ 9.7407960e-01  1.4504880e-01 -1.7208260e-01 -1.1801300e+03]
 [ 0.0000000e+00  0.0000000e+00  0.0000000e+00  1.0000000e+00]]
[+0046.09, +0006.20, -1094.51]
1141, 1075, 1931
[[-2.2537090e-01  6.1290068e-01 -7.5697036e-01  9.6020000e+01]
 [-4.8581200e-03  7.7651990e-01  6.2999344e-01  1.4071000e+02]
 [ 9.7397524e-01  1.4583584e-01 -1.7196456e-01 -1.1801100e+03]
 [ 0.0000000e+00  0.0000000e+00  0.0000000e+00  1.0000000e+00]]
[+0017.13, -0035.77, -1137.48]
1372, 891, 1758
[[-2.2558146e-01  6.1347248e-01 -7.5643502e-01  9.6060000e+01]
 [-4.5452800e-03  7.7606172e-01  6.3055792e-01  1.4072000e+02]
 [ 9.7392082e-01  1.4586112e-01 -1.7221218e-01 -1.1801100e+03]
 [ 0.0000000e+00  0.0000000e+00  0.0000000e+00  1.0000000e+00]]
[+0009.76, +0006.73, -1127.93]
849, 1222, 1633
[[-2.2368660e-01  6.1429074e-01 -7.5647682e-01  9.6150000e+01]
 [-3.4191000e-03  7.7582060e-01  6.3089290e-01  1.4084000e+02]
 [ 9.7447350e-01  1.4382082e-01 -1.7140036e-01 -1.1800900e+03]
 [ 0.0000000e+00  0.0000000e+00  0.0000000e+00  1.0000000e+00]]
[+0051.58, -0057.79, -1112.25]
1372, 891, 1758
[[-2.2587636e-01  6.1321886e-01 -7.5665770e-01  9.6000000e+01]
 [-4.7989000e-03  7.7622684e-01  6.3037586e-01  1.4072000e+02]
 [ 9.7393286e-01  1.4614850e-01 -1.7234196e-01 -1.1800800e+03]
 [ 0.0000000e+00  0.0000000e+00  0.0000000e+00  1.0000000e+00]]
[+0007.18, +0004.91, -1130.96]
1371, 777, 1457
[[-2.2410756e-01  6.1397130e-01 -7.5642694e-01  9.6130000e+01]
 [-4.5730600e-03  7.7581374e-01  6.3085350e-01  1.4074000e+02]
 [ 9.7422870e-01  1.4503894e-01 -1.7098626e-01 -1.1801000e+03]
 [ 0.0000000e+00  0.0000000e+00  0.0000000e+00  1.0000000e+00]]
[+0014.53, +0028.93, -1114.61]
1372, 891, 1758
[[-2.2549732e-01  6.1293948e-01 -7.5699352e-01  9.6010000e+01]
 [-5.8639200e-03  7.7634588e-01  6.3021948e-01  1.4066000e+02]
 [ 9.7401212e-01  1.4668392e-01 -1.7142244e-01 -1.1801400e+03]
 [ 0.0000000e+00  0.0000000e+00  0.0000000e+00  1.0000000e+00]]
[+0007.60, +0004.42, -1130.69]
1900, 1620, 1483
[[-2.2674058e-01  6.1248400e-01 -7.5711364e-01  9.5910000e+01]
 [-4.6192000e-03  7.7679000e-01  6.2970940e-01  1.4075000e+02]
 [ 9.7382564e-01  1.4635100e-01 -1.7327458e-01 -1.1801200e+03]
 [ 0.0000000e+00  0.0000000e+00  0.0000000e+00  1.0000000e+00]]
[+0085.59, +0043.85, -1097.31]
1372, 891, 1758
[[-2.2547616e-01  6.1287064e-01 -7.5698176e-01  9.5990000e+01]
 [-5.1229600e-03  7.7649710e-01  6.3002348e-01  1.4065000e+02]
 [ 9.7396384e-01  1.4610068e-01 -1.7188210e-01 -1.1801200e+03]
 [ 0.0000000e+00  0.0000000e+00  0.0000000e+00  1.0000000e+00]]
[+0007.35, +0003.93, -1131.05]
1249, 990, 1527
[[-2.2507604e-01  6.1383876e-01 -7.5633720e-01  9.6090000e+01]
 [-3.8148000e-03  7.7594156e-01  6.3072124e-01  1.4075000e+02]
 [ 9.7407876e-01  1.4500280e-01 -1.7224804e-01 -1.1800800e+03]
 [ 0.0000000e+00  0.0000000e+00  0.0000000e+00  1.0000000e+00]]
[+0028.72, -0000.11, -1099.86]
1081, 1023, 1757
[[-2.2497082e-01  6.1347914e-01 -7.5663120e-01  9.6070000e+01]
 [-4.0448600e-03  7.7621222e-01  6.3038040e-01  1.4074000e+02]
 [ 9.7407960e-01  1.4504880e-01 -1.7208260e-01 -1.1800700e+03]
 [ 0.0000000e+00  0.0000000e+00  0.0000000e+00  1.0000000e+00]]
[+0020.58, -0033.50, -1122.83]
1249, 990, 1527
[[-2.2478122e-01  6.1385000e-01 -7.5636722e-01  9.6080000e+01]
 [-3.9088000e-03  7.7594156e-01  6.3071000e-01  1.4076000e+02]
 [ 9.7410878e-01  1.4490880e-01 -1.7195322e-01 -1.1800900e+03]
 [ 0.0000000e+00  0.0000000e+00  0.0000000e+00  1.0000000e+00]]
[+0027.20, +0000.85, -1100.57]
1060, 1127, 1370
[[-2.2429696e-01  6.1398992e-01 -7.5638576e-01  9.6120000e+01]
 [-4.2142400e-03  7.7583630e-01  6.3083488e-01  1.4079000e+02]
 [ 9.7421008e-01  1.4486816e-01 -1.7136370e-01 -1.1801100e+03]
 [ 0.0000000e+00  0.0000000e+00  0.0000000e+00  1.0000000e+00]]
[+0052.78, -0018.79, -1085.22]
1249, 990, 1527
[[-2.2467600e-01  6.1378520e-01 -7.5655600e-01  9.6080000e+01]
 [-3.8440000e-03  7.7604678e-01  6.3060398e-01  1.4077000e+02]
 [ 9.7421480e-01  1.4472002e-01 -1.7195322e-01 -1.1801000e+03]
 [ 0.0000000e+00  0.0000000e+00  0.0000000e+00  1.0000000e+00]]
[+0025.22, -0000.43, -1102.33]
1123, 753, 1470
[[-2.2490772e-01  6.1403616e-01 -7.5633708e-01  9.6160000e+01]
 [-4.7672400e-03  7.7568572e-01  6.3105344e-01  1.4076000e+02]
 [ 9.7419888e-01  1.4563916e-01 -1.7149300e-01 -1.1801200e+03]
 [ 0.0000000e+00  0.0000000e+00  0.0000000e+00  1.0000000e+00]]
[+0010.64, +0001.81, -1111.22]
1249, 990, 1527
[[-2.2448644e-01  6.1361910e-01 -7.5664982e-01  9.6050000e+01]
 [-4.3501800e-03  7.7610700e-01  6.3050526e-01  1.4074000e+02]
 [ 9.7418090e-01  1.4500830e-01 -1.7149300e-01 -1.1801100e+03]
 [ 0.0000000e+00  0.0000000e+00  0.0000000e+00  1.0000000e+00]]
[+0026.98, -0001.09, -1101.23]
1480, 794, 1366
[[-2.2608708e-01  6.1393802e-01 -7.5606946e-01  9.6080000e+01]
 [-4.3383800e-03  7.7568572e-01  6.3105754e-01  1.4077000e+02]
 [ 9.7393126e-01  1.4605666e-01 -1.7267236e-01 -1.1800800e+03]
 [ 0.0000000e+00  0.0000000e+00  0.0000000e+00  1.0000000e+00]]
[+0021.82, +0044.68, -1113.24]
1482, 795, 983
[[-2.2522410e-01  6.1418828e-01 -7.5611844e-01  9.6160000e+01]
 [-5.2141200e-03  7.7545200e-01  6.3133684e-01  1.4073000e+02]
 [ 9.7412276e-01  1.4624004e-01 -1.7141034e-01 -1.1801400e+03]
 [ 0.0000000e+00  0.0000000e+00  0.0000000e+00  1.0000000e+00]]
[+0051.17, +0069.85, -1099.37]
1480, 794, 1366
[[-2.2558146e-01  6.1361992e-01 -7.5638236e-01  9.6060000e+01]
 [-4.3978400e-03  7.7597910e-01  6.3067528e-01  1.4072000e+02]
 [ 9.7397348e-01  1.4574376e-01 -1.7229480e-01 -1.1801100e+03]
 [ 0.0000000e+00  0.0000000e+00  0.0000000e+00  1.0000000e+00]]
[+0021.10, +0044.22, -1113.65]
1044, 954, 1363
[[-2.2459170e-01  6.1388392e-01 -7.5655584e-01  9.6120000e+01]
 [-4.3202400e-03  7.7591904e-01  6.3077008e-01  1.4077000e+02]
 [ 9.7427488e-01  1.4503824e-01 -1.7157570e-01 -1.1801100e+03]
 [ 0.0000000e+00  0.0000000e+00  0.0000000e+00  1.0000000e+00]]
[+0035.24, -0012.10, -1090.27]
1480, 794, 1366
[[-2.2568680e-01  6.1368460e-01 -7.5619360e-01  9.6060000e+01]
 [-4.4625200e-03  7.7587376e-01  6.3078140e-01  1.4074000e+02]
 [ 9.7386736e-01  1.4593252e-01 -1.7229480e-01 -1.1800900e+03]
 [ 0.0000000e+00  0.0000000e+00  0.0000000e+00  1.0000000e+00]]
[+0021.04, +0044.30, -1113.61]
1742, 1503, 1369
[[-2.2604532e-01  6.1292686e-01 -7.5685738e-01  9.5960000e+01]
 [-4.0468600e-03  7.7656526e-01  6.2996726e-01  1.4081000e+02]
 [ 9.7390762e-01  1.4558774e-01 -1.7301442e-01 -1.1800300e+03]
 [ 0.0000000e+00  0.0000000e+00  0.0000000e+00  1.0000000e+00]]
[+0082.63, +0039.60, -1091.34]
1480, 794, 1366
[[-2.2568680e-01  6.1349508e-01 -7.5659384e-01  9.6080000e+01]
 [-4.8627600e-03  7.7603896e-01  6.3062928e-01  1.4078000e+02]
 [ 9.7405688e-01  1.4608464e-01 -1.7212960e-01 -1.1800300e+03]
 [ 0.0000000e+00  0.0000000e+00  0.0000000e+00  1.0000000e+00]]
[+0021.45, +0042.22, -1112.79]
1694, 1616, 1369
[[-2.2655074e-01  6.1231770e-01 -7.5720788e-01  9.5940000e+01]
 [-5.1253800e-03  7.7684950e-01  6.2961084e-01  1.4080000e+02]
 [ 9.7379180e-01  1.4663940e-01 -1.7281480e-01 -1.1800600e+03]
 [ 0.0000000e+00  0.0000000e+00  0.0000000e+00  1.0000000e+00]]
[+0093.04, +0030.92, -1088.90]
1046, 1790, 1318
[[-2.2438122e-01  6.1331210e-01 -7.5709112e-01  9.6070000e+01]
 [-4.6327000e-03  7.7637750e-01  6.3020560e-01  1.4087000e+02]
 [ 9.7432912e-01  1.4501320e-01 -1.7132772e-01 -1.1800700e+03]
 [ 0.0000000e+00  0.0000000e+00  0.0000000e+00  1.0000000e+00]]
[+0122.24, -0039.87, -1097.22]
1694, 1616, 1369
[[-2.2625572e-01  6.1257154e-01 -7.5698530e-01  9.5940000e+01]
 [-4.8715400e-03  7.7668478e-01  6.2979290e-01  1.4081000e+02]
 [ 9.7377970e-01  1.4635210e-01 -1.7268450e-01 -1.1800800e+03]
 [ 0.0000000e+00  0.0000000e+00  0.0000000e+00  1.0000000e+00]]
[+0091.23, +0031.52, -1089.18]
1551, 1301, 2109
[[-2.2596074e-01  6.1180332e-01 -7.5762612e-01  9.5850000e+01]
 [-5.9554800e-03  7.7717846e-01  6.2915948e-01  1.4071000e+02]
 [ 9.7378908e-01  1.4688028e-01 -1.7189584e-01 -1.1801000e+03]
 [ 0.0000000e+00  0.0000000e+00  0.0000000e+00  1.0000000e+00]]
[+0020.20, -0013.95, -1135.56]
1694, 1616, 1369
[[-2.2604532e-01  6.1277936e-01 -7.5690996e-01  9.5970000e+01]
 [-4.1943600e-03  7.7664780e-01  6.2984992e-01  1.4081000e+02]
 [ 9.7385504e-01  1.4570508e-01 -1.7293188e-01 -1.1800900e+03]
 [ 0.0000000e+00  0.0000000e+00  0.0000000e+00  1.0000000e+00]]
[+0093.38, +0031.96, -1089.01]
1591, 1178, 1163
[[-2.2509712e-01  6.1351788e-01 -7.5665388e-01  9.6080000e+01]
 [-5.0506800e-03  7.7603896e-01  6.3060648e-01  1.4081000e+02]
 [ 9.7411692e-01  1.4589672e-01 -1.7153992e-01 -1.1800700e+03]
 [ 0.0000000e+00  0.0000000e+00  0.0000000e+00  1.0000000e+00]]
[+0071.45, +0050.16, -1089.13]
1694, 1616, 1369
[[-2.2644552e-01  6.1249540e-01 -7.5714384e-01  9.5940000e+01]
 [-4.7130000e-03  7.7679000e-01  6.2969800e-01  1.4081000e+02]
 [ 9.7385584e-01  1.4625720e-01 -1.7297952e-01 -1.1800800e+03]
 [ 0.0000000e+00  0.0000000e+00  0.0000000e+00  1.0000000e+00]]
[+0092.64, +0030.56, -1088.94]
1881, 1183, 1839
[[-2.2642516e-01  6.1188950e-01 -7.5748986e-01  9.5840000e+01]
 [-4.6148600e-03  7.7727014e-01  6.2907330e-01  1.4072000e+02]
 [ 9.7374450e-01  1.4610186e-01 -1.7310986e-01 -1.1800800e+03]
 [ 0.0000000e+00  0.0000000e+00  0.0000000e+00  1.0000000e+00]]
[+0024.80, +0035.32, -1128.67]
1802, 1411, 1626
[[-2.2585552e-01  6.1261308e-01 -7.5700404e-01  9.5960000e+01]
 [-4.7005200e-03  7.7670758e-01  6.2975136e-01  1.4081000e+02]
 [ 9.7382124e-01  1.4599344e-01 -1.7247194e-01 -1.1800800e+03]
 [ 0.0000000e+00  0.0000000e+00  0.0000000e+00  1.0000000e+00]]
[+0057.25, +0035.23, -1100.69]
1881, 1183, 1839
[[-2.2674058e-01  6.1218892e-01 -7.5721884e-01  9.5830000e+01]
 [-4.9142800e-03  7.7695472e-01  6.2947476e-01  1.4073000e+02]
 [ 9.7372044e-01  1.4658564e-01 -1.7310986e-01 -1.1800600e+03]
 [ 0.0000000e+00  0.0000000e+00  0.0000000e+00  1.0000000e+00]]
[+0024.76, +0034.93, -1128.40]
2141, 935, 1477
[[-2.2733082e-01  6.1235600e-01 -7.5675796e-01  9.5910000e+01]
 [-4.3264000e-03  7.7679000e-01  6.2964980e-01  1.4071000e+02]
 [ 9.7346996e-01  1.4662100e-01 -1.7386482e-01 -1.1800600e+03]
 [ 0.0000000e+00  0.0000000e+00  0.0000000e+00  1.0000000e+00]]
[+0042.60, +0079.06, -1148.55]
1881, 1183, 1839
[[-2.2634034e-01  6.1228312e-01 -7.5738514e-01  9.5920000e+01]
 [-4.7957600e-03  7.7697756e-01  6.2947432e-01  1.4076000e+02]
 [ 9.7390958e-01  1.4618584e-01 -1.7289714e-01 -1.1800400e+03]
 [ 0.0000000e+00  0.0000000e+00  0.0000000e+00  1.0000000e+00]]
[+0027.14, +0028.96, -1125.23]
1594, 1005, 1753
[[-2.2577106e-01  6.1295404e-01 -7.5675160e-01  9.6000000e+01]
 [-4.8290000e-03  7.7641464e-01  6.3011104e-01  1.4072000e+02]
 [ 9.7383896e-01  1.4611840e-01 -1.7225946e-01 -1.1800500e+03]
 [ 0.0000000e+00  0.0000000e+00  0.0000000e+00  1.0000000e+00]]
[+0017.79, +0019.16, -1123.54]
1881, 1183, 1839
[[-2.2733082e-01  6.1192348e-01 -7.5741110e-01  9.5830000e+01]
 [-5.0745200e-03  7.7711928e-01  6.2930420e-01  1.4071000e+02]
 [ 9.7370230e-01  1.4696660e-01 -1.7353554e-01 -1.1800700e+03]
 [ 0.0000000e+00  0.0000000e+00  0.0000000e+00  1.0000000e+00]]
[+0025.51, +0034.76, -1127.85]
1227, 865, 1754
[[-2.2490772e-01  6.1349934e-01 -7.5669526e-01  9.6080000e+01]
 [-5.4094600e-03  7.7601612e-01  6.3062502e-01  1.4074000e+02]
 [ 9.7413546e-01  1.4606758e-01 -1.7116260e-01 -1.1800600e+03]
 [ 0.0000000e+00  0.0000000e+00  0.0000000e+00  1.0000000e+00]]
[+0008.27, -0007.69, -1129.22]
2008, 1454, 2177
[[-2.2868202e-01  6.1099530e-01 -7.5769844e-01  9.5660000e+01]
 [-4.5391000e-03  7.7778630e-01  6.2847180e-01  1.4065000e+02]
 [ 9.7334556e-01  1.4724860e-01 -1.7506068e-01 -1.1800400e+03]
 [ 0.0000000e+00  0.0000000e+00  0.0000000e+00  1.0000000e+00]]
[+0029.57, +0016.26, -1132.50]
1227, 865, 1754
[[-2.2478122e-01  6.1346042e-01 -7.5667248e-01  9.6090000e+01]
 [-4.4036200e-03  7.7618966e-01  6.3039912e-01  1.4077000e+02]
 [ 9.7409832e-01  1.4521968e-01 -1.7170512e-01 -1.1800300e+03]
 [ 0.0000000e+00  0.0000000e+00  0.0000000e+00  1.0000000e+00]]
[+0009.34, -0006.82, -1127.61]
785, 1548, 1617
[[-2.2400226e-01  6.1375914e-01 -7.5666828e-01  9.6140000e+01]
 [-4.6555800e-03  7.7600174e-01  6.3063004e-01  1.4085000e+02]
 [ 9.7428204e-01  1.4496772e-01 -1.7090356e-01 -1.1800700e+03]
 [ 0.0000000e+00  0.0000000e+00  0.0000000e+00  1.0000000e+00]]
[+0084.14, -0070.73, -1118.32]
1227, 865, 1754
[[-2.2537090e-01  6.1295330e-01 -7.5711780e-01  9.6000000e+01]
 [-4.9107400e-03  7.7651990e-01  6.3003468e-01  1.4069000e+02]
 [ 9.7412268e-01  1.4579460e-01 -1.7196456e-01 -1.1800600e+03]
 [ 0.0000000e+00  0.0000000e+00  0.0000000e+00  1.0000000e+00]]
[+0005.96, -0008.89, -1131.86]
1553, 936, 1053
[[-2.2530792e-01  6.1370000e-01 -7.5642392e-01  9.6080000e+01]
 [-5.2328000e-03  7.7582816e-01  6.3086000e-01  1.4077000e+02]
 [ 9.7405208e-01  1.4623280e-01 -1.7153992e-01 -1.1800700e+03]
 [ 0.0000000e+00  0.0000000e+00  0.0000000e+00  1.0000000e+00]]
[+0059.21, +0065.53, -1096.49]
1227, 865, 1754
[[-2.2528660e-01  6.1285206e-01 -7.5702322e-01  9.6020000e+01]
 [-5.4816600e-03  7.7647422e-01  6.3004206e-01  1.4075000e+02]
 [ 9.7398242e-01  1.4627166e-01 -1.7150482e-01 -1.1800600e+03]
 [ 0.0000000e+00  0.0000000e+00  0.0000000e+00  1.0000000e+00]]
[+0005.82, -0009.26, -1132.18]
1504, 855, 1038
[[-2.2501314e-01  6.1380610e-01 -7.5625380e-01  9.6120000e+01]
 [-5.1267000e-03  7.7574558e-01  6.3092468e-01  1.4079000e+02]
 [ 9.7398740e-01  1.4606268e-01 -1.7132772e-01 -1.1800700e+03]
 [ 0.0000000e+00  0.0000000e+00  0.0000000e+00  1.0000000e+00]]
[+0052.29, +0065.68, -1097.72]
1435, 995, 1371
[[-2.2528660e-01  6.1329432e-01 -7.5686524e-01  9.6040000e+01]
 [-5.0394000e-03  7.7622684e-01  6.3039432e-01  1.4079000e+02]
 [ 9.7414040e-01  1.4591940e-01 -1.7175220e-01 -1.1800600e+03]
 [ 0.0000000e+00  0.0000000e+00  0.0000000e+00  1.0000000e+00]]
[+0037.31, +0029.09, -1095.86]
1504, 855, 1038
[[-2.2549732e-01  6.1381332e-01 -7.5618236e-01  9.6120000e+01]
 [-4.6738800e-03  7.7576838e-01  6.3091746e-01  1.4081000e+02]
 [ 9.7393876e-01  1.4598594e-01 -1.7199994e-01 -1.1800400e+03]
 [ 0.0000000e+00  0.0000000e+00  0.0000000e+00  1.0000000e+00]]
[+0051.94, +0065.92, -1097.98]
1376, 1220, 858
[[-2.2499178e-01  6.1384266e-01 -7.5653718e-01  9.6130000e+01]
 [-4.4910600e-03  7.7589644e-01  6.3081134e-01  1.4083000e+02]
 [ 9.7423362e-01  1.4539706e-01 -1.7178778e-01 -1.1800400e+03]
 [ 0.0000000e+00  0.0000000e+00  0.0000000e+00  1.0000000e+00]]
[+0105.28, +0046.89, -1078.68]
1504, 855, 1038
[[-2.2560274e-01  6.1339372e-01 -7.5649934e-01  9.6080000e+01]
 [-5.4336400e-03  7.7599320e-01  6.3063668e-01  1.4077000e+02]
 [ 9.7391662e-01  1.4656156e-01 -1.7166970e-01 -1.1800700e+03]
 [ 0.0000000e+00  0.0000000e+00  0.0000000e+00  1.0000000e+00]]
[+0050.83, +0065.42, -1098.07]
2243, 1130, 1072
[[-2.2783648e-01  6.1228384e-01 -7.5675048e-01  9.5890000e+01]
 [-4.7622400e-03  7.7674424e-01  6.2972196e-01  1.4076000e+02]
 [ 9.7341672e-01  1.4724444e-01 -1.7399528e-01 -1.1800800e+03]
 [ 0.0000000e+00  0.0000000e+00  0.0000000e+00  1.0000000e+00]]
[+0082.44, +0093.44, -1143.64]
1504, 855, 1038
[[-2.2518130e-01  6.1395614e-01 -7.5629582e-01  9.6110000e+01]
 [-3.9321800e-03  7.7583630e-01  6.3086866e-01  1.4079000e+02]
 [ 9.7412014e-01  1.4515022e-01 -1.7224804e-01 -1.1800100e+03]
 [ 0.0000000e+00  0.0000000e+00  0.0000000e+00  1.0000000e+00]]
[+0051.29, +0063.09, -1096.98]
1075, 1937, 2135
[[-2.2560520e-01  6.1156648e-01 -7.5796844e-01  9.5820000e+01]
 [-4.0791200e-03  7.7771270e-01  6.2852404e-01  1.4075000e+02]
 [ 9.7391636e-01  1.4507084e-01 -1.7289714e-01 -1.1800400e+03]
 [ 0.0000000e+00  0.0000000e+00  0.0000000e+00  1.0000000e+00]]
[+0078.34, -0067.16, -1142.38]
826, 1503, 2158
[[-2.2413050e-01  6.1245486e-01 -7.5765648e-01  9.5970000e+01]
 [-3.6102600e-03  7.7721782e-01  6.2913144e-01  1.4075000e+02]
 [ 9.7423368e-01  1.4393904e-01 -1.7191732e-01 -1.1800400e+03]
 [ 0.0000000e+00  0.0000000e+00  0.0000000e+00  1.0000000e+00]]
[+0054.15, -0073.29, -1162.64]
1075, 1937, 2135
[[-2.2590026e-01  6.1185030e-01 -7.5783342e-01  9.5860000e+01]
 [-3.6904200e-03  7.7754790e-01  6.2877006e-01  1.4080000e+02]
 [ 9.7399110e-01  1.4492970e-01 -1.7335700e-01 -1.1800300e+03]
 [ 0.0000000e+00  0.0000000e+00  0.0000000e+00  1.0000000e+00]]
[+0079.42, -0067.27, -1142.74]
1993, 1363, 1262
[[-2.2663540e-01  6.1275672e-01 -7.5684956e-01  9.5950000e+01]
 [-4.0066800e-03  7.7664780e-01  6.2987256e-01  1.4083000e+02]
 [ 9.7379464e-01  1.4589276e-01 -1.7352196e-01 -1.1800300e+03]
 [ 0.0000000e+00  0.0000000e+00  0.0000000e+00  1.0000000e+00]]
[+0080.69, +0074.06, -1112.44]
1075, 1937, 2135
[[-2.2493010e-01  6.1159274e-01 -7.5822868e-01  9.5860000e+01]
 [-4.9423000e-03  7.7766750e-01  6.2859140e-01  1.4079000e+02]
 [ 9.7413140e-01  1.4527868e-01 -1.7184756e-01 -1.1800900e+03]
 [ 0.0000000e+00  0.0000000e+00  0.0000000e+00  1.0000000e+00]]
[+0078.10, -0067.10, -1142.55]
770, 2088, 1714
[[-2.2316130e-01  6.1327142e-01 -7.5733606e-01  9.6110000e+01]
 [-3.5785000e-03  7.7667726e-01  6.2981042e-01  1.4091000e+02]
 [ 9.7449830e-01  1.4342990e-01 -1.7106900e-01 -1.1800800e+03]
 [ 0.0000000e+00  0.0000000e+00  0.0000000e+00  1.0000000e+00]]
[+0121.90, -0072.72, -1147.53]
1075, 1937, 2135
[[-2.2661520e-01  6.1118056e-01 -7.5820608e-01  9.5790000e+01]
 [-5.2992000e-03  7.7778630e-01  6.2847370e-01  1.4071000e+02]
 [ 9.7385320e-01  1.4651142e-01 -1.7299386e-01 -1.1800700e+03]
 [ 0.0000000e+00  0.0000000e+00  0.0000000e+00  1.0000000e+00]]
[+0077.21, -0067.14, -1143.53]
2084, 960, 764
[[-2.2684580e-01  6.1357116e-01 -7.5606132e-01  9.6040000e+01]
 [-3.3457200e-03  7.7602430e-01  6.3063006e-01  1.4082000e+02]
 [ 9.7369764e-01  1.4572542e-01 -1.7393506e-01 -1.1800400e+03]
 [ 0.0000000e+00  0.0000000e+00  0.0000000e+00  1.0000000e+00]]
[+0091.85, +0105.00, -1149.70]
2094, 966, 1769
[[-2.2800616e-01  6.1160200e-01 -7.5725468e-01  9.5770000e+01]
 [-4.5063200e-03  7.7732960e-01  6.2900224e-01  1.4068000e+02]
 [ 9.7338140e-01  1.4699360e-01 -1.7442120e-01 -1.1800400e+03]
 [ 0.0000000e+00  0.0000000e+00  0.0000000e+00  1.0000000e+00]]
[+0025.16, +0058.24, -1152.34]
2084, 960, 764
[[-2.2598170e-01  6.1352578e-01 -7.5621616e-01  9.6050000e+01]
 [-4.5159800e-03  7.7595638e-01  6.3067544e-01  1.4079000e+02]
 [ 9.7378456e-01  1.4614384e-01 -1.7250708e-01 -1.1800600e+03]
 [ 0.0000000e+00  0.0000000e+00  0.0000000e+00  1.0000000e+00]]
[+0091.68, +0104.14, -1150.13]
1455, 755, 772
[[-2.2452916e-01  6.1448300e-01 -7.5591408e-01  9.6220000e+01]
 [-4.7900800e-03  7.7530940e-01  6.3147756e-01  1.4085000e+02]
 [ 9.7415220e-01  1.4559360e-01 -1.7106900e-01 -1.1800300e+03]
 [ 0.0000000e+00  0.0000000e+00  0.0000000e+00  1.0000000e+00]]
[+0066.99, +0082.06, -1098.80]
2084, 960, 764
[[-2.2695106e-01  6.1339332e-01 -7.5612524e-01  9.6000000e+01]
 [-3.7580400e-03  7.7608440e-01  6.3054312e-01  1.4081000e+02]
 [ 9.7363372e-01  1.4610744e-01 -1.7376970e-01 -1.1800200e+03]
 [ 0.0000000e+00  0.0000000e+00  0.0000000e+00  1.0000000e+00]]
[+0092.93, +0104.52, -1149.14]
1961, 1336, 763
[[-2.2558146e-01  6.1347248e-01 -7.5643502e-01  9.6070000e+01]
 [-4.5452800e-03  7.7606172e-01  6.3055792e-01  1.4087000e+02]
 [ 9.7392082e-01  1.4586112e-01 -1.7221218e-01 -1.1800400e+03]
 [ 0.0000000e+00  0.0000000e+00  0.0000000e+00  1.0000000e+00]]
[+0118.41, +0087.85, -1127.12]
2084, 960, 764
[[-2.2686664e-01  6.1363916e-01 -7.5607288e-01  9.6030000e+01]
 [-4.0865200e-03  7.7587376e-01  6.3082684e-01  1.4084000e+02]
 [ 9.7374664e-01  1.4630852e-01 -1.7347464e-01 -1.1800300e+03]
 [ 0.0000000e+00  0.0000000e+00  0.0000000e+00  1.0000000e+00]]
[+0092.33, +0104.56, -1149.45]
1389, 1577, 1478
[[-2.2556058e-01  6.1277192e-01 -7.5698154e-01  9.5930000e+01]
 [-4.6468800e-03  7.7662512e-01  6.2985736e-01  1.4081000e+02]
 [ 9.7390394e-01  1.4578224e-01 -1.7225946e-01 -1.1800600e+03]
 [ 0.0000000e+00  0.0000000e+00  0.0000000e+00  1.0000000e+00]]
[+0083.27, -0006.74, -1085.94]
1897, 1220, 2226
[[-2.2897744e-01  6.1083612e-01 -7.5772044e-01  9.5620000e+01]
 [-4.5932400e-03  7.7786840e-01  6.2836608e-01  1.4065000e+02]
 [ 9.7326252e-01  1.4745936e-01 -1.7527400e-01 -1.1800300e+03]
 [ 0.0000000e+00  0.0000000e+00  0.0000000e+00  1.0000000e+00]]
[+0017.87, +0011.39, -1146.65]
1389, 1577, 1478
[[-2.2545540e-01  6.1300204e-01 -7.5706508e-01  9.5990000e+01]
 [-4.2871600e-03  7.7656526e-01  6.2998594e-01  1.4083000e+02]
 [ 9.7411532e-01  1.4535874e-01 -1.7242450e-01 -1.1800500e+03]
 [ 0.0000000e+00  0.0000000e+00  0.0000000e+00  1.0000000e+00]]
[+0083.15, -0004.80, -1085.27]
1276, 1287, 1416
[[-2.2497082e-01  6.1323690e-01 -7.5688382e-01  9.6040000e+01]
 [-4.3923000e-03  7.7637750e-01  6.3018690e-01  1.4079000e+02]
 [ 9.7412182e-01  1.4524230e-01 -1.7191732e-01 -1.1800400e+03]
 [ 0.0000000e+00  0.0000000e+00  0.0000000e+00  1.0000000e+00]]
[+0062.10, -0002.48, -1083.70]
1389, 1577, 1478
[[-2.261505e-01  6.125068e-01 -7.571740e-01  9.594000e+01]
 [-4.806800e-03  7.767900e-01  6.296866e-01  1.407700e+02]
 [ 9.738860e-01  1.461634e-01 -1.726845e-01 -1.180070e+03]
 [ 0.000000e+00  0.000000e+00  0.000000e+00  1.000000e+00]]
[+0083.30, -0006.24, -1085.77]
921, 1681, 1845
[[-2.2417090e-01  6.1259274e-01 -7.5767872e-01  9.5970000e+01]
 [-5.0923800e-03  7.7691790e-01  6.2952336e-01  1.4081000e+02]
 [ 9.7433104e-01  1.4510592e-01 -1.7099764e-01 -1.1800700e+03]
 [ 0.0000000e+00  0.0000000e+00  0.0000000e+00  1.0000000e+00]]
[+0077.00, -0072.18, -1131.50]
1389, 1577, 1478
[[-2.2556058e-01  6.1291938e-01 -7.5692894e-01  9.5980000e+01]
 [-4.4994200e-03  7.7654262e-01  6.2997474e-01  1.4082000e+02]
 [ 9.7395654e-01  1.4566486e-01 -1.7234196e-01 -1.1800600e+03]
 [ 0.0000000e+00  0.0000000e+00  0.0000000e+00  1.0000000e+00]]
[+0083.17, -0004.06, -1085.34]
956, 1143, 789
[[-2.2353984e-01  6.1450504e-01 -7.5633960e-01  9.6250000e+01]
 [-5.0604000e-03  7.7541486e-01  6.3137896e-01  1.4085000e+02]
 [ 9.7449496e-01  1.4508120e-01 -1.7018514e-01 -1.1800900e+03]
 [ 0.0000000e+00  0.0000000e+00  0.0000000e+00  1.0000000e+00]]
[+0107.86, +0008.23, -1064.99]
1171, 1681, 1118
[[-2.2516050e-01  6.1310820e-01 -7.5689510e-01  9.6000000e+01]
 [-4.1810000e-03  7.7648268e-01  6.3005076e-01  1.4083000e+02]
 [ 9.7405050e-01  1.4518876e-01 -1.7221218e-01 -1.1800800e+03]
 [ 0.0000000e+00  0.0000000e+00  0.0000000e+00  1.0000000e+00]]
[+0125.42, -0012.05, -1084.84]
956, 1143, 789
[[-2.2322370e-01  6.1474160e-01 -7.5625310e-01  9.6250000e+01]
 [-4.1187200e-03  7.7539964e-01  6.3140720e-01  1.4086000e+02]
 [ 9.7458146e-01  1.4416928e-01 -1.7051650e-01 -1.1800400e+03]
 [ 0.0000000e+00  0.0000000e+00  0.0000000e+00  1.0000000e+00]]
[+0107.70, +0007.83, -1064.81]
1460, 802, 1015
[[-2.2570820e-01  6.1356384e-01 -7.5660552e-01  9.6080000e+01]
 [-5.6037600e-03  7.7588774e-01  6.3082534e-01  1.4075000e+02]
 [ 9.7410528e-01  1.4666774e-01 -1.7166970e-01 -1.1800900e+03]
 [ 0.0000000e+00  0.0000000e+00  0.0000000e+00  1.0000000e+00]]
[+0046.96, +0065.25, -1098.33]
956, 1143, 789
[[-2.2383442e-01  6.1434640e-01 -7.5636254e-01  9.6240000e+01]
 [-5.1136000e-03  7.7549760e-01  6.3127280e-01  1.4084000e+02]
 [ 9.7441246e-01  1.4529280e-01 -1.7039698e-01 -1.1800600e+03]
 [ 0.0000000e+00  0.0000000e+00  0.0000000e+00  1.0000000e+00]]
[+0109.58, +0006.99, -1065.16]
811, 1070, 1002
[[-2.2360234e-01  6.1424222e-01 -7.5652898e-01  9.6170000e+01]
 [-4.0427800e-03  7.7577596e-01  6.3094142e-01  1.4080000e+02]
 [ 9.7448102e-01  1.4425642e-01 -1.7093994e-01 -1.1800400e+03]
 [ 0.0000000e+00  0.0000000e+00  0.0000000e+00  1.0000000e+00]]
[+0079.09, -0025.26, -1069.83]
956, 1143, 789
[[-2.2421290e-01  6.1457276e-01 -7.5588018e-01  9.6210000e+01]
 [-3.9958000e-03  7.7537720e-01  6.3138780e-01  1.4093000e+02]
 [ 9.7418610e-01  1.4479932e-01 -1.7131746e-01 -1.1800300e+03]
 [ 0.0000000e+00  0.0000000e+00  0.0000000e+00  1.0000000e+00]]
[+0108.15, +0009.08, -1064.87]
1140, 758, 1347
[[-2.2499178e-01  6.1364260e-01 -7.5644244e-01  9.6090000e+01]
 [-4.5858000e-03  7.7597910e-01  6.3065260e-01  1.4075000e+02]
 [ 9.7403356e-01  1.4555580e-01 -1.7170512e-01 -1.1800500e+03]
 [ 0.0000000e+00  0.0000000e+00  0.0000000e+00  1.0000000e+00]]
[+0016.13, +0010.54, -1101.75]
1759, 927, 1302
[[-2.2766760e-01  6.1316580e-01 -7.5634080e-01  9.5990000e+01]
 [-4.9234800e-03  7.7607566e-01  6.3059980e-01  1.4079000e+02]
 [ 9.7365264e-01  1.4733652e-01 -1.7365210e-01 -1.1800500e+03]
 [ 0.0000000e+00  0.0000000e+00  0.0000000e+00  1.0000000e+00]]
[+0041.54, +0067.05, -1116.91]
1140, 758, 1347
[[-2.2400226e-01  6.1390648e-01 -7.5661564e-01  9.6120000e+01]
 [-4.5082400e-03  7.7591904e-01  6.3074752e-01  1.4078000e+02]
 [ 9.7433468e-01  1.4485024e-01 -1.7098626e-01 -1.1800300e+03]
 [ 0.0000000e+00  0.0000000e+00  0.0000000e+00  1.0000000e+00]]
[+0016.38, +0009.96, -1101.56]
1153, 773, 1601
[[-2.2537090e-01  6.1314294e-01 -7.5671768e-01  9.6040000e+01]
 [-4.5106200e-03  7.7635486e-01  6.3018696e-01  1.4073000e+02]
 [ 9.7393304e-01  1.4564232e-01 -1.7212960e-01 -1.1800200e+03]
 [ 0.0000000e+00  0.0000000e+00  0.0000000e+00  1.0000000e+00]]
[+0004.30, -0005.26, -1124.78]
1140, 758, 1347
[[-2.2488648e-01  6.1382000e-01 -7.5637848e-01  9.6160000e+01]
 [-4.1736000e-03  7.7591904e-01  6.3074000e-01  1.4077000e+02]
 [ 9.7409752e-01  1.4517360e-01 -1.7187048e-01 -1.1800100e+03]
 [ 0.0000000e+00  0.0000000e+00  0.0000000e+00  1.0000000e+00]]
[+0017.45, +0010.33, -1101.07]
808, 1958, 1290
[[-2.2427604e-01  6.1328942e-01 -7.5693246e-01  9.6100000e+01]
 [-4.3152600e-03  7.7640006e-01  6.3013438e-01  1.4091000e+02]
 [ 9.7419302e-01  1.4478966e-01 -1.7141034e-01 -1.1800700e+03]
 [ 0.0000000e+00  0.0000000e+00  0.0000000e+00  1.0000000e+00]]
[+0140.29, -0060.40, -1124.32]
1140, 758, 1347
[[-2.2419170e-01  6.1368300e-01 -7.5682710e-01  9.6090000e+01]
 [-4.4967600e-03  7.7610700e-01  6.3053532e-01  1.4076000e+02]
 [ 9.7435818e-01  1.4487300e-01 -1.7119826e-01 -1.1800500e+03]
 [ 0.0000000e+00  0.0000000e+00  0.0000000e+00  1.0000000e+00]]
[+0016.69, +0009.67, -1101.19]
1003, 1848, 1338
[[-2.2505536e-01  6.1294848e-01 -7.5728384e-01  9.6010000e+01]
 [-4.3161600e-03  7.7667040e-01  6.2986848e-01  1.4085000e+02]
 [ 9.7425152e-01  1.4507616e-01 -1.7212960e-01 -1.1800600e+03]
 [ 0.0000000e+00  0.0000000e+00  0.0000000e+00  1.0000000e+00]]
[+0125.76, -0046.61, -1103.73]
1033, 1870, 1877
[[-2.2573002e-01  6.1169990e-01 -7.5779136e-01  9.5860000e+01]
 [-4.8849000e-03  7.7745750e-01  6.2882680e-01  1.4078000e+02]
 [ 9.7385864e-01  1.4584320e-01 -1.7243748e-01 -1.1800700e+03]
 [ 0.0000000e+00  0.0000000e+00  0.0000000e+00  1.0000000e+00]]
[+0088.37, -0067.82, -1129.46]
1003, 1848, 1338
[[-2.2406580e-01  6.1340180e-01 -7.5705740e-01  9.6040000e+01]
 [-3.8381200e-03  7.7644494e-01  6.3011590e-01  1.4086000e+02]
 [ 9.7436284e-01  1.4421862e-01 -1.7157570e-01 -1.1800600e+03]
 [ 0.0000000e+00  0.0000000e+00  0.0000000e+00  1.0000000e+00]]
[+0124.12, -0044.72, -1102.30]
1423, 931, 1351
[[-2.2558146e-01  6.1352514e-01 -7.5658246e-01  9.6070000e+01]
 [-4.5979400e-03  7.7606172e-01  6.3059922e-01  1.4083000e+02]
 [ 9.7406826e-01  1.4581982e-01 -1.7221218e-01 -1.1800600e+03]
 [ 0.0000000e+00  0.0000000e+00  0.0000000e+00  1.0000000e+00]]
[+0033.46, +0035.53, -1098.65]
1003, 1848, 1338
[[-2.2379178e-01  6.1309262e-01 -7.5740338e-01  9.6040000e+01]
 [-5.1677800e-03  7.7654262e-01  6.2998922e-01  1.4083000e+02]
 [ 9.7443098e-01  1.4501918e-01 -1.7057316e-01 -1.1800900e+03]
 [ 0.0000000e+00  0.0000000e+00  0.0000000e+00  1.0000000e+00]]
[+0126.28, -0045.77, -1103.13]
1268, 1969, 1317
[[-2.2575034e-01  6.1254830e-01 -7.5719274e-01  9.5960000e+01]
 [-4.6357400e-03  7.7681276e-01  6.2964510e-01  1.4085000e+02]
 [ 9.7392750e-01  1.4580474e-01 -1.7247194e-01 -1.1800800e+03]
 [ 0.0000000e+00  0.0000000e+00  0.0000000e+00  1.0000000e+00]]
[+0133.93, -0022.14, -1099.41]
1003, 1848, 1338
[[-2.2486564e-01  6.1326690e-01 -7.5687254e-01  9.6040000e+01]
 [-4.1274600e-03  7.7640006e-01  6.3015690e-01  1.4087000e+02]
 [ 9.7413310e-01  1.4497746e-01 -1.7199994e-01 -1.1800600e+03]
 [ 0.0000000e+00  0.0000000e+00  0.0000000e+00  1.0000000e+00]]
[+0122.81, -0044.08, -1101.95]
2025, 1479, 1856
[[-2.2720552e-01  6.1134780e-01 -7.5774540e-01  9.5740000e+01]
 [-4.7118000e-03  7.7762198e-01  6.2864910e-01  1.4073000e+02]
 [ 9.7360260e-01  1.4654610e-01 -1.7374850e-01 -1.1800700e+03]
 [ 0.0000000e+00  0.0000000e+00  0.0000000e+00  1.0000000e+00]]
[+0043.61, +0037.97, -1117.83]
2138, 1668, 2197
[[-2.2845274e-01  6.1045036e-01 -7.5802094e-01  9.5610000e+01]
 [-3.9120400e-03  7.7831100e-01  6.2778572e-01  1.4066000e+02]
 [ 9.7325746e-01  1.4656252e-01 -1.7535610e-01 -1.1800400e+03]
 [ 0.0000000e+00  0.0000000e+00  0.0000000e+00  1.0000000e+00]]
[+0041.66, +0018.56, -1125.37]
2025, 1479, 1856
[[-2.2636098e-01  6.1239388e-01 -7.5704938e-01  9.5900000e+01]
 [-5.2838800e-03  7.7674424e-01  6.2970572e-01  1.4084000e+02]
 [ 9.7371562e-01  1.4673428e-01 -1.7251978e-01 -1.1800700e+03]
 [ 0.0000000e+00  0.0000000e+00  0.0000000e+00  1.0000000e+00]]
[+0047.59, +0038.68, -1116.10]
1786, 1376, 1992
[[-2.2606600e-01  6.1192072e-01 -7.5758504e-01  9.5870000e+01]
 [-6.0728800e-03  7.7707320e-01  6.2930696e-01  1.4075000e+02]
 [ 9.7383016e-01  1.4702776e-01 -1.7189584e-01 -1.1801000e+03]
 [ 0.0000000e+00  0.0000000e+00  0.0000000e+00  1.0000000e+00]]
[+0029.11, +0006.65, -1122.69]
2025, 1479, 1856
[[-2.2722564e-01  6.1204876e-01 -7.5719948e-01  9.5840000e+01]
 [-4.6094800e-03  7.7705990e-01  6.2935006e-01  1.4083000e+02]
 [ 9.7361876e-01  1.4662558e-01 -1.7370010e-01 -1.1800800e+03]
 [ 0.0000000e+00  0.0000000e+00  0.0000000e+00  1.0000000e+00]]
[+0047.63, +0036.65, -1115.28]
1823, 1799, 1744
[[-2.2594018e-01  6.1232464e-01 -7.5740390e-01  9.5900000e+01]
 [-4.6246400e-03  7.7700032e-01  6.2943280e-01  1.4085000e+02]
 [ 9.7395110e-01  1.4582720e-01 -1.7268450e-01 -1.1800600e+03]
 [ 0.0000000e+00  0.0000000e+00  0.0000000e+00  1.0000000e+00]]
[+0080.38, +0010.52, -1096.65]
2025, 1479, 1856
[[-2.2710050e-01  6.1162080e-01 -7.5748140e-01  9.5790000e+01]
 [-4.0992000e-03  7.7748022e-01  6.2881224e-01  1.4072000e+02]
 [ 9.7357140e-01  1.4608776e-01 -1.7399528e-01 -1.1800800e+03]
 [ 0.0000000e+00  0.0000000e+00  0.0000000e+00  1.0000000e+00]]
[+0043.72, +0035.96, -1117.31]
755, 1771, 834
[[-2.2271860e-01  6.1457034e-01 -7.5651302e-01  9.6270000e+01]
 [-4.0303800e-03  7.7561020e-01  6.3114294e-01  1.4094000e+02]
 [ 9.7467554e-01  1.4373918e-01 -1.7022196e-01 -1.1800700e+03]
 [ 0.0000000e+00  0.0000000e+00  0.0000000e+00  1.0000000e+00]]
[+0162.00, -0036.97, -1109.16]
934, 1534, 777
[[-2.2421290e-01  6.1414144e-01 -7.5653292e-01  9.6150000e+01]
 [-4.7432000e-03  7.7570840e-01  6.3104220e-01  1.4085000e+02]
 [ 9.7441740e-01  1.4514492e-01 -1.7098626e-01 -1.1800700e+03]
 [ 0.0000000e+00  0.0000000e+00  0.0000000e+00  1.0000000e+00]]
[+0145.45, -0008.57, -1083.68]
755, 1771, 834
[[-2.2309732e-01  6.1392366e-01 -7.5684150e-01  9.6160000e+01]
 [-4.1016600e-03  7.7606918e-01  6.3055950e-01  1.4090000e+02]
 [ 9.7452270e-01  1.4394390e-01 -1.7056250e-01 -1.1800800e+03]
 [ 0.0000000e+00  0.0000000e+00  0.0000000e+00  1.0000000e+00]]
[+0162.48, -0036.93, -1109.65]
1154, 2077, 820
[[-2.2476050e-01  6.1295976e-01 -7.5731382e-01  9.6020000e+01]
 [-4.4100000e-03  7.7667040e-01  6.2985720e-01  1.4093000e+02]
 [ 9.7428150e-01  1.4498232e-01 -1.7183474e-01 -1.1800800e+03]
 [ 0.0000000e+00  0.0000000e+00  0.0000000e+00  1.0000000e+00]]
[+0174.60, -0006.11, -1124.79]
755, 1771, 834
[[-2.2231888e-01  6.1446392e-01 -7.5658416e-01  9.6230000e+01]
 [-4.0068800e-03  7.7571542e-01  6.3098454e-01  1.4097000e+02]
 [ 9.7466376e-01  1.4349786e-01 -1.6992746e-01 -1.1800600e+03]
 [ 0.0000000e+00  0.0000000e+00  0.0000000e+00  1.0000000e+00]]
[+0157.49, -0035.85, -1106.81]
844, 1683, 1490
[[-2.2497082e-01  6.1308948e-01 -7.5693642e-01  9.6010000e+01]
 [-4.5397200e-03  7.7646008e-01  6.3006948e-01  1.4082000e+02]
 [ 9.7406922e-01  1.4535972e-01 -1.7183474e-01 -1.1800700e+03]
 [ 0.0000000e+00  0.0000000e+00  0.0000000e+00  1.0000000e+00]]
[+0099.48, -0063.74, -1110.84]
755, 1771, 834
[[-2.2320250e-01  6.1437790e-01 -7.5634770e-01  9.6210000e+01]
 [-3.6721000e-03  7.7571542e-01  6.3097650e-01  1.4092000e+02]
 [ 9.7442730e-01  1.4382150e-01 -1.7081108e-01 -1.1800400e+03]
 [ 0.0000000e+00  0.0000000e+00  0.0000000e+00  1.0000000e+00]]
[+0161.32, -0037.79, -1109.20]
1202, 2083, 933
[[-2.2526568e-01  6.1254100e-01 -7.5726424e-01  9.5970000e+01]
 [-5.0882000e-03  7.7679000e-01  6.2965240e-01  1.4091000e+02]
 [ 9.7397624e-01  1.4588200e-01 -1.7179968e-01 -1.1800900e+03]
 [ 0.0000000e+00  0.0000000e+00  0.0000000e+00  1.0000000e+00]]
[+0168.26, -0008.53, -1119.30]
1494, 1951, 879
[[-2.2604532e-01  6.1322186e-01 -7.5675222e-01  9.5980000e+01]
 [-3.7518600e-03  7.7640006e-01  6.3020194e-01  1.4089000e+02]
 [ 9.7401278e-01  1.4535306e-01 -1.7317962e-01 -1.1800500e+03]
 [ 0.0000000e+00  0.0000000e+00  0.0000000e+00  1.0000000e+00]]
[+0157.34, +0026.07, -1109.06]
1202, 2083, 933
[[-2.2455034e-01  6.1301968e-01 -7.5729134e-01  9.6000000e+01]
 [-3.8802400e-03  7.7671536e-01  6.2979728e-01  1.4090000e+02]
 [ 9.7430398e-01  1.4445256e-01 -1.7199994e-01 -1.1800700e+03]
 [ 0.0000000e+00  0.0000000e+00  0.0000000e+00  1.0000000e+00]]
[+0168.19, -0008.38, -1119.50]
1092, 1869, 859
[[-2.2389700e-01  6.1364166e-01 -7.5670962e-01  9.6120000e+01]
 [-4.5381000e-03  7.7610700e-01  6.3048270e-01  1.4091000e+02]
 [ 9.7424070e-01  1.4482038e-01 -1.7090356e-01 -1.1800900e+03]
 [ 0.0000000e+00  0.0000000e+00  0.0000000e+00  1.0000000e+00]]
[+0158.73, -0008.32, -1102.96]
1202, 2083, 933
[[-2.2556058e-01  6.1243474e-01 -7.5743426e-01  9.5950000e+01]
 [-5.1944600e-03  7.7687238e-01  6.2958758e-01  1.4091000e+02]
 [ 9.7404106e-01  1.4605202e-01 -1.7201220e-01 -1.1801000e+03]
 [ 0.0000000e+00  0.0000000e+00  0.0000000e+00  1.0000000e+00]]
[+0168.23, -0009.18, -1119.51]
1209, 1979, 1223
[[-2.2573002e-01  6.1277486e-01 -7.5707620e-01  9.5950000e+01]
 [-3.5998600e-03  7.7679798e-01  6.2968340e-01  1.4087000e+02]
 [ 9.7398380e-01  1.4498660e-01 -1.7309700e-01 -1.1800300e+03]
 [ 0.0000000e+00  0.0000000e+00  0.0000000e+00  1.0000000e+00]]
[+0138.75, -0020.49, -1100.97]
1202, 2083, 933
[[-2.2575034e-01  6.1264320e-01 -7.5699268e-01  9.5970000e+01]
 [-4.4356800e-03  7.7673030e-01  6.2972124e-01  1.4091000e+02]
 [ 9.7383260e-01  1.4572860e-01 -1.7255440e-01 -1.1800700e+03]
 [ 0.0000000e+00  0.0000000e+00  0.0000000e+00  1.0000000e+00]]
[+0168.77, -0007.63, -1119.67]
1986, 1400, 1928
[[-2.2790106e-01  6.1114694e-01 -7.5774870e-01  9.5730000e+01]
 [-4.9371000e-03  7.7768124e-01  6.2858506e-01  1.4073000e+02]
 [ 9.7347794e-01  1.4711550e-01 -1.7417466e-01 -1.1800800e+03]
 [ 0.0000000e+00  0.0000000e+00  0.0000000e+00  1.0000000e+00]]
[+0035.10, +0032.03, -1122.98]
2062, 950, 1464
[[-2.2724616e-01  6.1245436e-01 -7.5675852e-01  9.5900000e+01]
 [-4.8022800e-03  7.7666190e-01  6.2981626e-01  1.4076000e+02]
 [ 9.7353004e-01  1.4693958e-01 -1.7348730e-01 -1.1800800e+03]
 [ 0.0000000e+00  0.0000000e+00  0.0000000e+00  1.0000000e+00]]
[+0041.21, +0077.44, -1142.73]
1986, 1400, 1928
[[-2.2672026e-01  6.1178310e-01 -7.5765974e-01  9.5830000e+01]
 [-4.7212600e-03  7.7735244e-01  6.2900850e-01  1.4075000e+02]
 [ 9.7380930e-01  1.4627174e-01 -1.7332266e-01 -1.1800500e+03]
 [ 0.0000000e+00  0.0000000e+00  0.0000000e+00  1.0000000e+00]]
[+0035.41, +0031.75, -1123.38]
1490, 1587, 1664
[[-2.2585552e-01  6.1242332e-01 -7.5740420e-01  9.5930000e+01]
 [-5.1006800e-03  7.7687238e-01  6.2959900e-01  1.4076000e+02]
 [ 9.7401100e-01  1.4614580e-01 -1.7230714e-01 -1.1800900e+03]
 [ 0.0000000e+00  0.0000000e+00  0.0000000e+00  1.0000000e+00]]
[+0069.26, -0008.19, -1092.65]
1986, 1400, 1928
[[-2.2701540e-01  6.1147654e-01 -7.5773458e-01  9.5760000e+01]
 [-4.9227400e-03  7.7751692e-01  6.2878526e-01  1.4073000e+02]
 [ 9.7367398e-01  1.4660006e-01 -1.7345332e-01 -1.1801100e+03]
 [ 0.0000000e+00  0.0000000e+00  0.0000000e+00  1.0000000e+00]]
[+0034.20, +0032.52, -1123.83]
2230, 1697, 1679
[[-2.2741568e-01  6.1182504e-01 -7.5741048e-01  9.5810000e+01]
 [-4.5986400e-03  7.7724734e-01  6.2913776e-01  1.4082000e+02]
 [ 9.7364232e-01  1.4664784e-01 -1.7391298e-01 -1.1801100e+03]
 [ 0.0000000e+00  0.0000000e+00  0.0000000e+00  1.0000000e+00]]
[+0077.95, +0054.30, -1113.05]
1986, 1400, 1928
[[-2.2594018e-01  6.1222970e-01 -7.5760396e-01  9.5850000e+01]
 [-4.8247000e-03  7.7708270e-01  6.2935660e-01  1.4074000e+02]
 [ 9.7404604e-01  1.4590340e-01 -1.7260212e-01 -1.1800700e+03]
 [ 0.0000000e+00  0.0000000e+00  0.0000000e+00  1.0000000e+00]]
[+0034.63, +0027.07, -1123.15]
1828, 1762, 1173
[[-2.2575034e-01  6.1279068e-01 -7.5694010e-01  9.5970000e+01]
 [-4.2882000e-03  7.7664780e-01  6.2983860e-01  1.4085000e+02]
 [ 9.7388518e-01  1.4561124e-01 -1.7263690e-01 -1.1800700e+03]
 [ 0.0000000e+00  0.0000000e+00  0.0000000e+00  1.0000000e+00]]
[+0120.74, +0041.72, -1098.20]
1553, 1639, 2092
[[-2.2613010e-01  6.1180590e-01 -7.5772010e-01  9.5830000e+01]
 [-4.9086200e-03  7.7735244e-01  6.2898570e-01  1.4075000e+02]
 [ 9.7386966e-01  1.4608438e-01 -1.7273250e-01 -1.1800700e+03]
 [ 0.0000000e+00  0.0000000e+00  0.0000000e+00  1.0000000e+00]]
[+0043.32, -0028.42, -1121.37]
1828, 1762, 1173
[[-2.2663540e-01  6.1241926e-01 -7.5730238e-01  9.5870000e+01]
 [-4.5544600e-03  7.7689518e-01  6.2960306e-01  1.4081000e+02]
 [ 9.7393198e-01  1.4616226e-01 -1.7327458e-01 -1.1801100e+03]
 [ 0.0000000e+00  0.0000000e+00  0.0000000e+00  1.0000000e+00]]
[+0121.10, +0047.46, -1099.53]
1509, 1409, 1030
[[-2.2509712e-01  6.1322308e-01 -7.5675924e-01  9.6050000e+01]
 [-5.3454800e-03  7.7620400e-01  6.3037164e-01  1.4083000e+02]
 [ 9.7401156e-01  1.4613156e-01 -1.7137488e-01 -1.1800800e+03]
 [ 0.0000000e+00  0.0000000e+00  0.0000000e+00  1.0000000e+00]]
[+0104.80, +0040.22, -1083.13]
1828, 1762, 1173
[[-2.2634034e-01  6.1223054e-01 -7.5723762e-01  9.5890000e+01]
 [-4.7431800e-03  7.7697756e-01  6.2943314e-01  1.4082000e+02]
 [ 9.7376206e-01  1.4622702e-01 -1.7289714e-01 -1.1800900e+03]
 [ 0.0000000e+00  0.0000000e+00  0.0000000e+00  1.0000000e+00]]
[+0121.20, +0047.29, -1099.27]
1625, 1958, 1139
[[-2.2543504e-01  6.1239616e-01 -7.5741136e-01  9.5940000e+01]
 [-4.1886400e-03  7.7704560e-01  6.2936128e-01  1.4080000e+02]
 [ 9.7400384e-01  1.4520368e-01 -1.7255440e-01 -1.1800600e+03]
 [ 0.0000000e+00  0.0000000e+00  0.0000000e+00  1.0000000e+00]]
[+0141.39, +0020.22, -1100.54]
1828, 1762, 1173
[[-2.2663540e-01  6.1251422e-01 -7.5710226e-01  9.5910000e+01]
 [-4.3543400e-03  7.7681276e-01  6.2967918e-01  1.4083000e+02]
 [ 9.7383702e-01  1.4608614e-01 -1.7335700e-01 -1.1800700e+03]
 [ 0.0000000e+00  0.0000000e+00  0.0000000e+00  1.0000000e+00]]
[+0118.48, +0048.47, -1099.60]
1057, 1837, 1334
[[-2.2476050e-01  6.1275978e-01 -7.5721896e-01  9.6020000e+01]
 [-4.5048600e-03  7.7675294e-01  6.2969848e-01  1.4086000e+02]
 [ 9.7408152e-01  1.4514104e-01 -1.7175220e-01 -1.1800700e+03]
 [ 0.0000000e+00  0.0000000e+00  0.0000000e+00  1.0000000e+00]]
[+0122.95, -0040.90, -1099.63]
810, 2154, 1033
[[-2.2347636e-01  6.1332936e-01 -7.5731700e-01  9.6110000e+01]
 [-4.2258000e-03  7.7652764e-01  6.3001736e-01  1.4099000e+02]
 [ 9.7451736e-01  1.4410700e-01 -1.7090356e-01 -1.1801000e+03]
 [ 0.0000000e+00  0.0000000e+00  0.0000000e+00  1.0000000e+00]]
[+0166.44, -0044.37, -1140.02]
1057, 1837, 1334
[[-2.2577106e-01  6.1291186e-01 -7.5709916e-01  9.5990000e+01]
 [-5.0817400e-03  7.7649710e-01  6.3007612e-01  1.4083000e+02]
 [ 9.7408124e-01  1.4615332e-01 -1.7217700e-01 -1.1800800e+03]
 [ 0.0000000e+00  0.0000000e+00  0.0000000e+00  1.0000000e+00]]
[+0120.12, -0038.81, -1098.25]
1610, 2153, 1214
[[-2.261505e-01  6.118745e-01 -7.577320e-01  9.587000e+01]
 [-5.649500e-03  7.772015e-01  6.291820e-01  1.408900e+02]
 [ 9.739180e-01  1.466680e-01 -1.722730e-01 -1.180150e+03]
 [ 0.000000e+00  0.000000e+00  0.000000e+00  1.000000e+00]]
[+0149.65, +0009.00, -1109.87]
1057, 1837, 1334
[[-2.2446568e-01  6.1306588e-01 -7.5714380e-01  9.6020000e+01]
 [-4.3038800e-03  7.7658782e-01  6.2992210e-01  1.4088000e+02]
 [ 9.7421660e-01  1.4481230e-01 -1.7162250e-01 -1.1800800e+03]
 [ 0.0000000e+00  0.0000000e+00  0.0000000e+00  1.0000000e+00]]
[+0120.36, -0039.47, -1098.69]
1129, 1589, 1013
[[-2.2457082e-01  6.1357296e-01 -7.5679736e-01  9.6050000e+01]
 [-3.9265600e-03  7.7623470e-01  6.3038052e-01  1.4087000e+02]
 [ 9.7426824e-01  1.4464868e-01 -1.7187048e-01 -1.1800600e+03]
 [ 0.0000000e+00  0.0000000e+00  0.0000000e+00  1.0000000e+00]]
[+0125.79, -0005.59, -1080.83]
1057, 1837, 1334
[[-2.2444532e-01  6.1290222e-01 -7.5733266e-01  9.5980000e+01]
 [-3.7627800e-03  7.7682038e-01  6.2964986e-01  1.4085000e+02]
 [ 9.7426266e-01  1.4430514e-01 -1.7199994e-01 -1.1800500e+03]
 [ 0.0000000e+00  0.0000000e+00  0.0000000e+00  1.0000000e+00]]
[+0124.27, -0041.35, -1099.89]
1191, 1867, 2072
[[-2.2663540e-01  6.1134410e-01 -7.5801810e-01  9.5780000e+01]
 [-5.8399400e-03  7.7755310e-01  6.2874642e-01  1.4077000e+02]
 [ 9.7380642e-01  1.4701890e-01 -1.7261666e-01 -1.1801100e+03]
 [ 0.0000000e+00  0.0000000e+00  0.0000000e+00  1.0000000e+00]]
[+0072.96, -0061.79, -1132.93]
1056, 1418, 2095
[[-2.2505536e-01  6.1211640e-01 -7.5774664e-01  9.5890000e+01]
 [-5.2533600e-03  7.7716504e-01  6.2920500e-01  1.4073000e+02]
 [ 9.7408360e-01  1.4573964e-01 -1.7163496e-01 -1.1800900e+03]
 [ 0.0000000e+00  0.0000000e+00  0.0000000e+00  1.0000000e+00]]
[+0040.19, -0059.73, -1146.56]
1191, 1867, 2072
[[-2.2581504e-01  6.1204384e-01 -7.5763360e-01  9.5860000e+01]
 [-3.9664000e-03  7.7733806e-01  6.2901266e-01  1.4081000e+02]
 [ 9.7395616e-01  1.4517230e-01 -1.7306194e-01 -1.1800500e+03]
 [ 0.0000000e+00  0.0000000e+00  0.0000000e+00  1.0000000e+00]]
[+0074.15, -0060.78, -1131.22]
1137, 1818, 844
[[-2.2379178e-01  6.1357678e-01 -7.5689830e-01  9.6110000e+01]
 [-4.4732200e-03  7.7621222e-01  6.3037670e-01  1.4089000e+02]
 [ 9.7434670e-01  1.4463170e-01 -1.7090356e-01 -1.1800700e+03]
 [ 0.0000000e+00  0.0000000e+00  0.0000000e+00  1.0000000e+00]]
[+0158.37, -0001.54, -1100.06]
1191, 1867, 2072
[[-2.2613010e-01  6.1141588e-01 -7.5802524e-01  9.5800000e+01]
 [-5.4037200e-03  7.7759910e-01  6.2867464e-01  1.4075000e+02]
 [ 9.7385956e-01  1.4639544e-01 -1.7248584e-01 -1.1801000e+03]
 [ 0.0000000e+00  0.0000000e+00  0.0000000e+00  1.0000000e+00]]
[+0073.11, -0061.52, -1132.34]
2009, 1620, 2045
[[-2.2760580e-01  6.1130604e-01 -7.5772652e-01  9.5770000e+01]
 [-4.8830800e-03  7.7759910e-01  6.2869086e-01  1.4077000e+02]
 [ 9.7356084e-01  1.4690462e-01 -1.7396154e-01 -1.1800700e+03]
 [ 0.0000000e+00  0.0000000e+00  0.0000000e+00  1.0000000e+00]]
[+0043.25, +0021.26, -1117.92]
1191, 1867, 2072
[[-2.2514010e-01  6.1182770e-01 -7.5814640e-01  9.5880000e+01]
 [-5.1772600e-03  7.7745750e-01  6.2888632e-01  1.4081000e+02]
 [ 9.7421368e-01  1.4557360e-01 -1.7184756e-01 -1.1800800e+03]
 [ 0.0000000e+00  0.0000000e+00  0.0000000e+00  1.0000000e+00]]
[+0073.13, -0060.89, -1131.47]
1966, 949, 846
[[-2.2686664e-01  6.1349164e-01 -7.5612556e-01  9.6020000e+01]
 [-4.2340400e-03  7.7595638e-01  6.3070958e-01  1.4082000e+02]
 [ 9.7369396e-01  1.4642578e-01 -1.7339202e-01 -1.1800700e+03]
 [ 0.0000000e+00  0.0000000e+00  0.0000000e+00  1.0000000e+00]]
[+0083.31, +0101.17, -1136.23]
2098, 966, 1087
[[-2.2783648e-01  6.1243144e-01 -7.5669784e-01  9.5890000e+01]
 [-4.6146400e-03  7.7666190e-01  6.2983918e-01  1.4078000e+02]
 [ 9.7346936e-01  1.4712722e-01 -1.7407762e-01 -1.1800700e+03]
 [ 0.0000000e+00  0.0000000e+00  0.0000000e+00  1.0000000e+00]]
[+0067.60, +0095.45, -1143.84]
1966, 949, 846
[[-2.2558146e-01  6.1386214e-01 -7.5612960e-01  9.6090000e+01]
 [-4.0503000e-03  7.7581374e-01  6.3086864e-01  1.4084000e+02]
 [ 9.7393136e-01  1.4555040e-01 -1.7246016e-01 -1.1800200e+03]
 [ 0.0000000e+00  0.0000000e+00  0.0000000e+00  1.0000000e+00]]
[+0083.55, +0097.62, -1134.12]
1014, 1836, 1305
[[-2.2484520e-01  6.1295596e-01 -7.5711392e-01  9.5990000e+01]
 [-3.7338800e-03  7.7671536e-01  6.2976716e-01  1.4086000e+02]
 [ 9.7412656e-01  1.4458772e-01 -1.7229480e-01 -1.1800800e+03]
 [ 0.0000000e+00  0.0000000e+00  0.0000000e+00  1.0000000e+00]]
[+0126.56, -0043.40, -1101.08]
1966, 949, 846
[[-2.2667700e-01  6.1337800e-01 -7.5636740e-01  9.6020000e+01]
 [-4.7930000e-03  7.7601612e-01  6.3065240e-01  1.4082000e+02]
 [ 9.7380760e-01  1.4667260e-01 -1.7293188e-01 -1.1800700e+03]
 [ 0.0000000e+00  0.0000000e+00  0.0000000e+00  1.0000000e+00]]
[+0083.68, +0101.51, -1137.17]
2112, 1155, 750
[[-2.2684580e-01  6.1332870e-01 -7.5631410e-01  9.5960000e+01]
 [-3.6934200e-03  7.7618966e-01  6.3043690e-01  1.4086000e+02]
 [ 9.7373994e-01  1.4591858e-01 -1.7376970e-01 -1.1800800e+03]
 [ 0.0000000e+00  0.0000000e+00  0.0000000e+00  1.0000000e+00]]
[+0107.46, +0099.67, -1145.10]
1966, 949, 846
[[-2.2587636e-01  6.1336632e-01 -7.5660504e-01  9.6040000e+01]
 [-4.6514400e-03  7.7614430e-01  6.3049322e-01  1.4082000e+02]
 [ 9.7398552e-01  1.4603114e-01 -1.7242450e-01 -1.1800500e+03]
 [ 0.0000000e+00  0.0000000e+00  0.0000000e+00  1.0000000e+00]]
[+0083.43, +0096.62, -1134.51]
1245, 1108, 2206
[[-2.2581504e-01  6.1165376e-01 -7.5793856e-01  9.5810000e+01]
 [-4.4614400e-03  7.7758520e-01  6.2870168e-01  1.4070000e+02]
 [ 9.7394624e-01  1.4548328e-01 -1.7281480e-01 -1.1800600e+03]
 [ 0.0000000e+00  0.0000000e+00  0.0000000e+00  1.0000000e+00]]
[+0015.26, -0033.73, -1158.79]
1313, 1520, 2231
[[-2.2680532e-01  6.1099924e-01 -7.5806936e-01  9.5750000e+01]
 [-5.0357600e-03  7.7789132e-01  6.2829652e-01  1.4071000e+02]
 [ 9.7363436e-01  1.4649848e-01 -1.7328900e-01 -1.1800800e+03]
 [ 0.0000000e+00  0.0000000e+00  0.0000000e+00  1.0000000e+00]]
[+0037.35, -0045.13, -1141.66]
1245, 1108, 2206
[[-2.2634034e-01  6.1213560e-01 -7.5743772e-01  9.5910000e+01]
 [-4.9432800e-03  7.7705990e-01  6.2935696e-01  1.4073000e+02]
 [ 9.7385700e-01  1.4630320e-01 -1.7281480e-01 -1.1800700e+03]
 [ 0.0000000e+00  0.0000000e+00  0.0000000e+00  1.0000000e+00]]
[+0015.84, -0032.73, -1156.93]
1132, 1153, 1784
[[-2.2507604e-01  6.1325952e-01 -7.5704256e-01  9.6020000e+01]
 [-4.7097600e-03  7.7635486e-01  6.3025818e-01  1.4080000e+02]
 [ 9.7425792e-01  1.4546586e-01 -1.7183474e-01 -1.1800800e+03]
 [ 0.0000000e+00  0.0000000e+00  0.0000000e+00  1.0000000e+00]]
[+0031.27, -0031.46, -1114.47]
1245, 1108, 2206
[[-2.2642516e-01  6.1164696e-01 -7.5774248e-01  9.5800000e+01]
 [-4.9624800e-03  7.7743470e-01  6.2887974e-01  1.4068000e+02]
 [ 9.7378696e-01  1.4629542e-01 -1.7294530e-01 -1.1800900e+03]
 [ 0.0000000e+00  0.0000000e+00  0.0000000e+00  1.0000000e+00]]
[+0015.42, -0034.03, -1158.88]
1713, 1038, 2073
[[-2.2674058e-01  6.1233646e-01 -7.5716624e-01  9.5870000e+01]
 [-4.7667400e-03  7.7687238e-01  6.2959208e-01  1.4077000e+02]
 [ 9.7377304e-01  1.4646832e-01 -1.7319220e-01 -1.1801000e+03]
 [ 0.0000000e+00  0.0000000e+00  0.0000000e+00  1.0000000e+00]]
[+0011.51, +0013.51, -1147.21]
1245, 1108, 2206
[[-2.2594018e-01  6.1163970e-01 -7.5781420e-01  9.5850000e+01]
 [-5.4147000e-03  7.7741182e-01  6.2888700e-01  1.4069000e+02]
 [ 9.7383580e-01  1.4637300e-01 -1.7227300e-01 -1.1800700e+03]
 [ 0.0000000e+00  0.0000000e+00  0.0000000e+00  1.0000000e+00]]
[+0015.17, -0033.43, -1158.83]
1245, 1437, 1846
[[-2.2516050e-01  6.1271846e-01 -7.5720028e-01  9.5970000e+01]
 [-4.6759000e-03  7.7673030e-01  6.2973980e-01  1.4080000e+02]
 [ 9.7404020e-01  1.4549972e-01 -1.7196456e-01 -1.1801000e+03]
 [ 0.0000000e+00  0.0000000e+00  0.0000000e+00  1.0000000e+00]]
[+0049.29, -0034.13, -1108.81]
1370, 1539, 1278
[[-2.2575034e-01  6.1279068e-01 -7.5694010e-01  9.5980000e+01]
 [-4.2882000e-03  7.7664780e-01  6.2983860e-01  1.4081000e+02]
 [ 9.7388518e-01  1.4561124e-01 -1.7263690e-01 -1.1800800e+03]
 [ 0.0000000e+00  0.0000000e+00  0.0000000e+00  1.0000000e+00]]
[+0095.81, +0006.64, -1080.64]
1245, 1437, 1846
[[-2.2583508e-01  6.1244972e-01 -7.5719252e-01  9.5890000e+01]
 [-4.1597200e-03  7.7694054e-01  6.2947882e-01  1.4079000e+02]
 [ 9.7386748e-01  1.4548618e-01 -1.7284938e-01 -1.1800600e+03]
 [ 0.0000000e+00  0.0000000e+00  0.0000000e+00  1.0000000e+00]]
[+0046.14, -0037.75, -1112.62]
1449, 1228, 1853
[[-2.2556058e-01  6.1243474e-01 -7.5743426e-01  9.5890000e+01]
 [-5.1944600e-03  7.7687238e-01  6.2958758e-01  1.4075000e+02]
 [ 9.7404106e-01  1.4605202e-01 -1.7201220e-01 -1.1801300e+03]
 [ 0.0000000e+00  0.0000000e+00  0.0000000e+00  1.0000000e+00]]
[+0024.82, -0006.69, -1117.55]
1245, 1437, 1846
[[-2.2535026e-01  6.1264228e-01 -7.5735894e-01  9.5940000e+01]
 [-4.5172400e-03  7.7683544e-01  6.2964492e-01  1.4079000e+02]
 [ 9.7411638e-01  1.4540484e-01 -1.7225946e-01 -1.1800800e+03]
 [ 0.0000000e+00  0.0000000e+00  0.0000000e+00  1.0000000e+00]]
[+0046.17, -0037.24, -1112.41]
1968, 2157, 2135
[[-2.2807170e-01  6.1046466e-01 -7.5825238e-01  9.5620000e+01]
 [-4.6813000e-03  7.7826540e-01  6.2786490e-01  1.4077000e+02]
 [ 9.7344330e-01  1.4686438e-01 -1.7460114e-01 -1.1801300e+03]
 [ 0.0000000e+00  0.0000000e+00  0.0000000e+00  1.0000000e+00]]
[+0079.68, -0008.64, -1110.84]
1245, 1437, 1846
[[-2.2516050e-01  6.1286590e-01 -7.5714770e-01  9.5980000e+01]
 [-4.5284600e-03  7.7664780e-01  6.2985722e-01  1.4081000e+02]
 [ 9.7409278e-01  1.4538230e-01 -1.7204706e-01 -1.1800800e+03]
 [ 0.0000000e+00  0.0000000e+00  0.0000000e+00  1.0000000e+00]]
[+0048.27, -0034.28, -1109.57]
1351, 2142, 1374
[[-2.2594018e-01  6.1232464e-01 -7.5740390e-01  9.5880000e+01]
 [-4.6246400e-03  7.7700032e-01  6.2943280e-01  1.4088000e+02]
 [ 9.7395110e-01  1.4582720e-01 -1.7268450e-01 -1.1801000e+03]
 [ 0.0000000e+00  0.0000000e+00  0.0000000e+00  1.0000000e+00]]
[+0141.76, -0021.42, -1108.96]
1084, 2239, 1368
[[-2.2493010e-01  6.1222508e-01 -7.5767136e-01  9.5920000e+01]
 [-4.1000400e-03  7.7725560e-01  6.2909632e-01  1.4094000e+02]
 [ 9.7409888e-01  1.4477376e-01 -1.7225946e-01 -1.1800900e+03]
 [ 0.0000000e+00  0.0000000e+00  0.0000000e+00  1.0000000e+00]]
[+0148.65, -0042.37, -1127.65]
1351, 2142, 1374
[[-2.2556058e-01  6.1258220e-01 -7.5738166e-01  9.5940000e+01]
 [-5.0470000e-03  7.7679000e-01  6.2970500e-01  1.4087000e+02]
 [ 9.7409366e-01  1.4593460e-01 -1.7209458e-01 -1.1801200e+03]
 [ 0.0000000e+00  0.0000000e+00  0.0000000e+00  1.0000000e+00]]
[+0136.41, -0018.35, -1106.01]
1201, 1750, 1666
[[-2.2575034e-01  6.1240082e-01 -7.5724532e-01  9.5920000e+01]
 [-4.7832200e-03  7.7689518e-01  6.2952772e-01  1.4082000e+02]
 [ 9.7387492e-01  1.4592212e-01 -1.7238952e-01 -1.1800800e+03]
 [ 0.0000000e+00  0.0000000e+00  0.0000000e+00  1.0000000e+00]]
[+0084.83, -0042.20, -1101.20]
1351, 2142, 1374
[[-2.2613010e-01  6.1219592e-01 -7.5741496e-01  9.5870000e+01]
 [-4.4135200e-03  7.7710542e-01  6.2929664e-01  1.4089000e+02]
 [ 9.7387976e-01  1.4577344e-01 -1.7297952e-01 -1.1801000e+03]
 [ 0.0000000e+00  0.0000000e+00  0.0000000e+00  1.0000000e+00]]
[+0142.08, -0021.37, -1109.26]
1242, 1815, 880
[[-2.2427604e-01  6.1353160e-01 -7.5667992e-01  9.6070000e+01]
 [-3.9679200e-03  7.7623470e-01  6.3032794e-01  1.4089000e+02]
 [ 9.7415080e-01  1.4459610e-01 -1.7157570e-01 -1.1800700e+03]
 [ 0.0000000e+00  0.0000000e+00  0.0000000e+00  1.0000000e+00]]
[+0151.66, +0007.60, -1096.36]
1351, 2142, 1374
[[-2.2564520e-01  6.1179864e-01 -7.5779172e-01  9.5860000e+01]
 [-5.3608800e-03  7.7732960e-01  6.2899296e-01  1.4087000e+02]
 [ 9.7391844e-01  1.4616192e-01 -1.7206024e-01 -1.1801200e+03]
 [ 0.0000000e+00  0.0000000e+00  0.0000000e+00  1.0000000e+00]]
[+0141.71, -0021.54, -1109.18]
1513, 1669, 927
[[-2.2615050e-01  6.1333920e-01 -7.5671090e-01  9.5980000e+01]
 [-3.8692000e-03  7.7629488e-01  6.3034944e-01  1.4087000e+02]
 [ 9.7405410e-01  1.4550056e-01 -1.7317962e-01 -1.1800500e+03]
 [ 0.0000000e+00  0.0000000e+00  0.0000000e+00  1.0000000e+00]]
[+0134.51, +0038.39, -1092.68]
1468, 1095, 2008
[[-2.2644552e-01  6.1195792e-01 -7.5750176e-01  9.5870000e+01]
 [-5.3556800e-03  7.7711928e-01  6.2926976e-01  1.4074000e+02]
 [ 9.7379296e-01  1.4668544e-01 -1.7265024e-01 -1.1800800e+03]
 [ 0.0000000e+00  0.0000000e+00  0.0000000e+00  1.0000000e+00]]
[+0012.03, -0007.97, -1139.05]
1513, 1669, 927
[[-2.2526568e-01  6.1307816e-01 -7.5690640e-01  9.6000000e+01]
 [-4.4458400e-03  7.7646008e-01  6.3008080e-01  1.4087000e+02]
 [ 9.7403920e-01  1.4545360e-01 -1.7212960e-01 -1.1801000e+03]
 [ 0.0000000e+00  0.0000000e+00  0.0000000e+00  1.0000000e+00]]
[+0136.58, +0036.39, -1093.04]
1512, 1425, 797
[[-2.2539194e-01  6.1365390e-01 -7.5657120e-01  9.6050000e+01]
 [-4.8093000e-03  7.7595638e-01  6.3073528e-01  1.4086000e+02]
 [ 9.7413960e-01  1.4587328e-01 -1.7191732e-01 -1.1800800e+03]
 [ 0.0000000e+00  0.0000000e+00  0.0000000e+00  1.0000000e+00]]
[+0126.78, +0055.02, -1091.47]
1513, 1669, 927
[[-2.2545540e-01  6.1285458e-01 -7.5711766e-01  9.5990000e+01]
 [-4.4346200e-03  7.7664780e-01  6.2986854e-01  1.4088000e+02]
 [ 9.7406274e-01  1.4547614e-01 -1.7234196e-01 -1.1800900e+03]
 [ 0.0000000e+00  0.0000000e+00  0.0000000e+00  1.0000000e+00]]
[+0135.57, +0035.54, -1092.91]
1842, 1662, 937
[[-2.2644552e-01  6.1259032e-01 -7.5694372e-01  9.5920000e+01]
 [-4.5128800e-03  7.7670758e-01  6.2977412e-01  1.4087000e+02]
 [ 9.7376092e-01  1.4618108e-01 -1.7306194e-01 -1.1801200e+03]
 [ 0.0000000e+00  0.0000000e+00  0.0000000e+00  1.0000000e+00]]
[+0131.60, +0062.57, -1109.49]
1513, 1669, 927
[[-2.2467600e-01  6.1300600e-01 -7.5716640e-01  9.6000000e+01]
 [-4.8336000e-03  7.7654262e-01  6.2998198e-01  1.4087000e+02]
 [ 9.7419400e-01  1.4534202e-01 -1.7145738e-01 -1.1800900e+03]
 [ 0.0000000e+00  0.0000000e+00  0.0000000e+00  1.0000000e+00]]
[+0134.33, +0032.95, -1092.14]
1492, 2138, 1477
[[-2.2583508e-01  6.1176476e-01 -7.5760272e-01  9.5850000e+01]
 [-4.9497600e-03  7.7735244e-01  6.2893316e-01  1.4086000e+02]
 [ 9.7375228e-01  1.4603184e-01 -1.7243748e-01 -1.1801100e+03]
 [ 0.0000000e+00  0.0000000e+00  0.0000000e+00  1.0000000e+00]]
[+0132.11, -0016.63, -1104.63]
1290, 1925, 1957
[[-2.2632010e-01  6.1177216e-01 -7.5753102e-01  9.5830000e+01]
 [-4.4975200e-03  7.7737520e-01  6.2892576e-01  1.4080000e+02]
 [ 9.7370334e-01  1.4595432e-01 -1.7310986e-01 -1.1800900e+03]
 [ 0.0000000e+00  0.0000000e+00  0.0000000e+00  1.0000000e+00]]
[+0078.43, -0051.71, -1119.02]
1492, 2138, 1477
[[-2.2613010e-01  6.1219592e-01 -7.5741496e-01  9.5870000e+01]
 [-4.4135200e-03  7.7710542e-01  6.2929664e-01  1.4088000e+02]
 [ 9.7387976e-01  1.4577344e-01 -1.7297952e-01 -1.1801200e+03]
 [ 0.0000000e+00  0.0000000e+00  0.0000000e+00  1.0000000e+00]]
[+0133.42, -0013.61, -1104.23]
1532, 1826, 1356
[[-2.2625572e-01  6.1242404e-01 -7.5703792e-01  9.5930000e+01]
 [-5.0190400e-03  7.7676716e-01  6.2967556e-01  1.4086000e+02]
 [ 9.7372708e-01  1.4646944e-01 -1.7260212e-01 -1.1801200e+03]
 [ 0.0000000e+00  0.0000000e+00  0.0000000e+00  1.0000000e+00]]
[+0111.77, +0009.37, -1088.96]
1492, 2138, 1477
[[-2.2621508e-01  6.1185486e-01 -7.5766722e-01  9.5840000e+01]
 [-4.2851400e-03  7.7739788e-01  6.2893674e-01  1.4086000e+02]
 [ 9.7386222e-01  1.4564826e-01 -1.7319220e-01 -1.1800800e+03]
 [ 0.0000000e+00  0.0000000e+00  0.0000000e+00  1.0000000e+00]]
[+0132.08, -0015.12, -1104.39]
2027, 2122, 1695
[[-2.2720552e-01  6.1110512e-01 -7.5799804e-01  9.5710000e+01]
 [-5.0595200e-03  7.7778630e-01  6.2845556e-01  1.4081000e+02]
 [ 9.7364516e-01  1.4673964e-01 -1.7358418e-01 -1.1801200e+03]
 [ 0.0000000e+00  0.0000000e+00  0.0000000e+00  1.0000000e+00]]
[+0106.00, +0020.92, -1103.08]
1492, 2138, 1477
[[-2.2583508e-01  6.1220726e-01 -7.5744510e-01  9.5920000e+01]
 [-4.5072600e-03  7.7710542e-01  6.2928530e-01  1.4091000e+02]
 [ 9.7390990e-01  1.4567970e-01 -1.7268450e-01 -1.1800600e+03]
 [ 0.0000000e+00  0.0000000e+00  0.0000000e+00  1.0000000e+00]]
[+0133.96, -0015.24, -1104.89]
1049, 953, 2174
[[-2.2547616e-01  6.1194384e-01 -7.5764512e-01  9.5910000e+01]
 [-6.2603200e-03  7.7707320e-01  6.2928384e-01  1.4073000e+02]
 [ 9.7389024e-01  1.4684032e-01 -1.7130600e-01 -1.1800900e+03]
 [ 0.0000000e+00  0.0000000e+00  0.0000000e+00  1.0000000e+00]]
[+0012.57, -0040.31, -1171.22]
1223, 804, 1986
[[-2.2518130e-01  6.1302948e-01 -7.5695914e-01  9.6040000e+01]
 [-5.0694000e-03  7.7641464e-01  6.3012948e-01  1.4076000e+02]
 [ 9.7404650e-01  1.4588940e-01 -1.7166970e-01 -1.1800400e+03]
 [ 0.0000000e+00  0.0000000e+00  0.0000000e+00  1.0000000e+00]]
[+0003.90, -0014.16, -1154.36]
1049, 953, 2174
[[-2.2524516e-01  6.1213502e-01 -7.5770526e-01  9.5890000e+01]
 [-4.8947400e-03  7.7718780e-01  6.2918638e-01  1.4073000e+02]
 [ 9.7406498e-01  1.4556846e-01 -1.7201220e-01 -1.1800400e+03]
 [ 0.0000000e+00  0.0000000e+00  0.0000000e+00  1.0000000e+00]]
[+0013.94, -0041.65, -1169.90]
781, 754, 2083
[[-2.2362362e-01  6.1392216e-01 -7.5684522e-01  9.6200000e+01]
 [-5.2785600e-03  7.7587376e-01  6.3082584e-01  1.4080000e+02]
 [ 9.7451898e-01  1.4515056e-01 -1.7023162e-01 -1.1800700e+03]
 [ 0.0000000e+00  0.0000000e+00  0.0000000e+00  1.0000000e+00]]
[+0013.02, -0047.54, -1180.99]
1049, 953, 2174
[[-2.2623520e-01  6.1192328e-01 -7.5767896e-01  9.5860000e+01]
 [-5.0260000e-03  7.7724734e-01  6.2913322e-01  1.4070000e+02]
 [ 9.7391080e-01  1.4623190e-01 -1.7273250e-01 -1.1800500e+03]
 [ 0.0000000e+00  0.0000000e+00  0.0000000e+00  1.0000000e+00]]
[+0013.66, -0041.32, -1170.70]
896, 1374, 1696
[[-2.2398130e-01  6.1335326e-01 -7.5710972e-01  9.6100000e+01]
 [-4.4617400e-03  7.7640006e-01  6.3016444e-01  1.4084000e+02]
 [ 9.7437028e-01  1.4465444e-01 -1.7111560e-01 -1.1800600e+03]
 [ 0.0000000e+00  0.0000000e+00  0.0000000e+00  1.0000000e+00]]
[+0060.59, -0059.95, -1114.16]
1049, 953, 2174
[[-2.2535026e-01  6.1186264e-01 -7.5796922e-01  9.5910000e+01]
 [-5.5071200e-03  7.7732960e-01  6.2902264e-01  1.4073000e+02]
 [ 9.7409594e-01  1.4602712e-01 -1.7176530e-01 -1.1800500e+03]
 [ 0.0000000e+00  0.0000000e+00  0.0000000e+00  1.0000000e+00]]
[+0012.92, -0040.83, -1171.46]
1127, 1586, 2075
[[-2.2545540e-01  6.1246478e-01 -7.5742286e-01  9.5920000e+01]
 [-4.9295800e-03  7.7689518e-01  6.2955754e-01  1.4084000e+02]
 [ 9.7405246e-01  1.4578714e-01 -1.7209458e-01 -1.1800700e+03]
 [ 0.0000000e+00  0.0000000e+00  0.0000000e+00  1.0000000e+00]]
[+0053.87, -0057.31, -1134.30]
1056, 1842, 1646
[[-2.2425552e-01  6.1303088e-01 -7.5732128e-01  9.6030000e+01]
 [-3.9740800e-03  7.7671536e-01  6.2978608e-01  1.4086000e+02]
 [ 9.7433392e-01  1.4435872e-01 -1.7170512e-01 -1.1800600e+03]
 [ 0.0000000e+00  0.0000000e+00  0.0000000e+00  1.0000000e+00]]
[+0103.00, -0055.79, -1110.71]
1127, 1586, 2075
[[-2.2505536e-01  6.1172664e-01 -7.5805176e-01  9.5880000e+01]
 [-5.7482400e-03  7.7741182e-01  6.2889372e-01  1.4073000e+02]
 [ 9.7407336e-01  1.4605092e-01 -1.7138818e-01 -1.1800900e+03]
 [ 0.0000000e+00  0.0000000e+00  0.0000000e+00  1.0000000e+00]]
[+0050.50, -0059.14, -1137.47]
1480, 1089, 1719
[[-2.2486564e-01  6.1311948e-01 -7.5692512e-01  9.6010000e+01]
 [-4.2748800e-03  7.7648268e-01  6.3003948e-01  1.4079000e+02]
 [ 9.7408052e-01  1.4509488e-01 -1.7191732e-01 -1.1800700e+03]
 [ 0.0000000e+00  0.0000000e+00  0.0000000e+00  1.0000000e+00]]
[+0024.58, +0011.40, -1112.50]
1127, 1586, 2075
[[-2.256250e-01  6.120250e-01 -7.576750e-01  9.588000e+01]
 [-4.325000e-03  7.773155e-01  6.290315e-01  1.407600e+02]
 [ 9.739750e-01  1.453435e-01 -1.726845e-01 -1.180040e+03]
 [ 0.000000e+00  0.000000e+00  0.000000e+00  1.000000e+00]]
[+0050.87, -0059.27, -1136.81]
2010, 2098, 2236
[[-2.2775712e-01  6.1026056e-01 -7.5832304e-01  9.5620000e+01]
 [-4.1818400e-03  7.7849792e-01  6.2753912e-01  1.4075000e+02]
 [ 9.7337264e-01  1.4630408e-01 -1.7468320e-01 -1.1801000e+03]
 [ 0.0000000e+00  0.0000000e+00  0.0000000e+00  1.0000000e+00]]
[+0069.61, -0007.11, -1114.44]
1127, 1586, 2075
[[-2.2446568e-01  6.1277108e-01 -7.5724892e-01  9.6010000e+01]
 [-4.5986800e-03  7.7675294e-01  6.2968718e-01  1.4081000e+02]
 [ 9.7411148e-01  1.4504722e-01 -1.7145738e-01 -1.1800900e+03]
 [ 0.0000000e+00  0.0000000e+00  0.0000000e+00  1.0000000e+00]]
[+0053.05, -0056.01, -1133.52]
1591, 1606, 785
[[-2.2566580e-01  6.1327906e-01 -7.5663498e-01  9.6050000e+01]
 [-4.2692600e-03  7.7627228e-01  6.3031566e-01  1.4090000e+02]
 [ 9.7395558e-01  1.4561886e-01 -1.7250708e-01 -1.1800700e+03]
 [ 0.0000000e+00  0.0000000e+00  0.0000000e+00  1.0000000e+00]]
[+0142.27, +0053.90, -1101.85]
1202, 1864, 790
[[-2.2427604e-01  6.1348938e-01 -7.5702726e-01  9.6080000e+01]
 [-4.2204600e-03  7.7631740e-01  6.3029318e-01  1.4088000e+02]
 [ 9.7439298e-01  1.4463086e-01 -1.7149300e-01 -1.1800800e+03]
 [ 0.0000000e+00  0.0000000e+00  0.0000000e+00  1.0000000e+00]]
[+0166.11, +0006.27, -1106.93]
1591, 1606, 785
[[-2.2547616e-01  6.1350256e-01 -7.5642368e-01  9.6050000e+01]
 [-4.2804800e-03  7.7608440e-01  6.3052784e-01  1.4091000e+02]
 [ 9.7393216e-01  1.4559632e-01 -1.7229480e-01 -1.1800600e+03]
 [ 0.0000000e+00  0.0000000e+00  0.0000000e+00  1.0000000e+00]]
[+0140.67, +0054.78, -1101.75]
1655, 1679, 1903
[[-2.2682536e-01  6.1184788e-01 -7.5747104e-01  9.5840000e+01]
 [-4.7860400e-03  7.7724734e-01  6.2911492e-01  1.4082000e+02]
 [ 9.7370288e-01  1.4646044e-01 -1.7332266e-01 -1.1800900e+03]
 [ 0.0000000e+00  0.0000000e+00  0.0000000e+00  1.0000000e+00]]
[+0056.71, -0007.92, -1104.29]
1591, 1606, 785
[[-2.2457082e-01  6.1366778e-01 -7.5659738e-01  9.6090000e+01]
 [-3.7265800e-03  7.7615196e-01  6.3045658e-01  1.4088000e+02]
 [ 9.7417342e-01  1.4457262e-01 -1.7195322e-01 -1.1800500e+03]
 [ 0.0000000e+00  0.0000000e+00  0.0000000e+00  1.0000000e+00]]
[+0140.21, +0053.40, -1101.43]
1744, 1837, 760
[[-2.2625572e-01  6.1301404e-01 -7.5682744e-01  9.5990000e+01]
 [-4.4290400e-03  7.7643740e-01  6.3014492e-01  1.4090000e+02]
 [ 9.7393756e-01  1.4600008e-01 -1.7293188e-01 -1.1801000e+03]
 [ 0.0000000e+00  0.0000000e+00  0.0000000e+00  1.0000000e+00]]
[+0155.59, +0054.37, -1120.48]
1591, 1606, 785
[[-2.2467600e-01  6.1339560e-01 -7.5686120e-01  9.6050000e+01]
 [-4.3388000e-03  7.7629488e-01  6.3029304e-01  1.4088000e+02]
 [ 9.7420440e-01  1.4503096e-01 -1.7170512e-01 -1.1800700e+03]
 [ 0.0000000e+00  0.0000000e+00  0.0000000e+00  1.0000000e+00]]
[+0141.18, +0052.98, -1102.01]
1342, 1263, 756
[[-2.2450760e-01  6.1393008e-01 -7.5640836e-01  9.6140000e+01]
 [-4.7438400e-03  7.7579110e-01  6.3089472e-01  1.4088000e+02]
 [ 9.7418748e-01  1.4539776e-01 -1.7119826e-01 -1.1800700e+03]
 [ 0.0000000e+00  0.0000000e+00  0.0000000e+00  1.0000000e+00]]
[+0118.16, +0048.26, -1080.46]
1336, 1204, 1217
[[-2.2478122e-01  6.1336564e-01 -7.5687250e-01  9.6040000e+01]
 [-4.6036400e-03  7.7627228e-01  6.3032300e-01  1.4086000e+02]
 [ 9.7419310e-01  1.4529580e-01 -1.7162250e-01 -1.1800500e+03]
 [ 0.0000000e+00  0.0000000e+00  0.0000000e+00  1.0000000e+00]]
[+0069.34, +0020.70, -1079.13]
1342, 1263, 756
[[-2.2429696e-01  6.1389520e-01 -7.5658576e-01  9.6130000e+01]
 [-4.4142400e-03  7.7591904e-01  6.3075880e-01  1.4087000e+02]
 [ 9.7430480e-01  1.4494424e-01 -1.7128096e-01 -1.1800600e+03]
 [ 0.0000000e+00  0.0000000e+00  0.0000000e+00  1.0000000e+00]]
[+0119.85, +0048.09, -1080.78]
1594, 1354, 770
[[-2.2587636e-01  6.1321886e-01 -7.5665770e-01  9.6050000e+01]
 [-4.7989000e-03  7.7622684e-01  6.3037586e-01  1.4086000e+02]
 [ 9.7393286e-01  1.4614850e-01 -1.7234196e-01 -1.1800600e+03]
 [ 0.0000000e+00  0.0000000e+00  0.0000000e+00  1.0000000e+00]]
[+0125.01, +0067.29, -1098.00]
1342, 1263, 756
[[-2.2469700e-01  6.1409608e-01 -7.5631444e-01  9.6130000e+01]
 [-4.2376400e-03  7.7573100e-01  6.3099352e-01  1.4087000e+02]
 [ 9.7422152e-01  1.4510956e-01 -1.7165844e-01 -1.1800400e+03]
 [ 0.0000000e+00  0.0000000e+00  0.0000000e+00  1.0000000e+00]]
[+0118.61, +0048.58, -1080.69]
1255, 1497, 784
[[-2.2448644e-01  6.1337696e-01 -7.5690244e-01  9.6090000e+01]
 [-4.6975600e-03  7.7627228e-01  6.3031168e-01  1.4088000e+02]
 [ 9.7422304e-01  1.4520188e-01 -1.7132772e-01 -1.1800900e+03]
 [ 0.0000000e+00  0.0000000e+00  0.0000000e+00  1.0000000e+00]]
[+0136.31, +0027.09, -1083.14]
1342, 1263, 756
[[-2.2480234e-01  6.1406612e-01 -7.5632574e-01  9.6120000e+01]
 [-4.5024400e-03  7.7570840e-01  6.3102348e-01  1.4089000e+02]
 [ 9.7421022e-01  1.4537436e-01 -1.7157570e-01 -1.1800500e+03]
 [ 0.0000000e+00  0.0000000e+00  0.0000000e+00  1.0000000e+00]]
[+0118.01, +0048.54, -1080.11]
882, 1975, 1207
[[-2.2427604e-01  6.1295244e-01 -7.5738496e-01  9.6060000e+01]
 [-4.8625600e-03  7.7664780e-01  6.2986452e-01  1.4090000e+02]
 [ 9.7433004e-01  1.4505952e-01 -1.7116260e-01 -1.1800500e+03]
 [ 0.0000000e+00  0.0000000e+00  0.0000000e+00  1.0000000e+00]]
[+0146.96, -0050.10, -1118.60]
1347, 1948, 1219
[[-2.2585552e-01  6.1261308e-01 -7.5700404e-01  9.5950000e+01]
 [-4.7005200e-03  7.7670758e-01  6.2975136e-01  1.4090000e+02]
 [ 9.7382124e-01  1.4599344e-01 -1.7247194e-01 -1.1800900e+03]
 [ 0.0000000e+00  0.0000000e+00  0.0000000e+00  1.0000000e+00]]
[+0136.77, -0007.04, -1096.21]
882, 1975, 1207
[[-2.2398130e-01  6.1344804e-01 -7.5690978e-01  9.6110000e+01]
 [-4.2618000e-03  7.7631740e-01  6.3024060e-01  1.4101000e+02]
 [ 9.7427550e-01  1.4457828e-01 -1.7119826e-01 -1.1800600e+03]
 [ 0.0000000e+00  0.0000000e+00  0.0000000e+00  1.0000000e+00]]
[+0145.96, -0050.21, -1118.32]
864, 2070, 2048
[[-2.2485346e-01  6.0893356e-01 -7.6035708e-01  9.5540000e+01]
 [-5.1998800e-03  7.7982680e-01  6.2590224e-01  1.4072000e+02]
 [ 9.7412316e-01  1.4484672e-01 -1.7212490e-01 -1.1801000e+03]
 [ 0.0000000e+00  0.0000000e+00  0.0000000e+00  1.0000000e+00]]
[+0099.37, -0074.48, -1152.60]
882, 1975, 1207
[[-2.2368660e-01  6.1336452e-01 -7.5713956e-01  9.6100000e+01]
 [-4.5556400e-03  7.7640006e-01  6.3015318e-01  1.4087000e+02]
 [ 9.7440012e-01  1.4456054e-01 -1.7082090e-01 -1.1800800e+03]
 [ 0.0000000e+00  0.0000000e+00  0.0000000e+00  1.0000000e+00]]
[+0141.92, -0048.12, -1116.44]
839, 1264, 1286
[[-2.2400226e-01  6.1351710e-01 -7.5692090e-01  9.6120000e+01]
 [-5.0029000e-03  7.7616702e-01  6.3043638e-01  1.4082000e+02]
 [ 9.7432410e-01  1.4516138e-01 -1.7073828e-01 -1.1800800e+03]
 [ 0.0000000e+00  0.0000000e+00  0.0000000e+00  1.0000000e+00]]
[+0076.60, -0044.64, -1085.84]
882, 1975, 1207
[[-2.2465540e-01  6.1284230e-01 -7.5735510e-01  9.6000000e+01]
 [-4.2925400e-03  7.7677550e-01  6.2970978e-01  1.4087000e+02]
 [ 9.7424022e-01  1.4483490e-01 -1.7183474e-01 -1.1800600e+03]
 [ 0.0000000e+00  0.0000000e+00  0.0000000e+00  1.0000000e+00]]
[+0147.04, -0049.97, -1119.14]
2067, 1858, 1182
[[-2.2682536e-01  6.1184788e-01 -7.5747104e-01  9.5850000e+01]
 [-4.7860400e-03  7.7724734e-01  6.2911492e-01  1.4084000e+02]
 [ 9.7370288e-01  1.4646044e-01 -1.7332266e-01 -1.1801000e+03]
 [ 0.0000000e+00  0.0000000e+00  0.0000000e+00  1.0000000e+00]]
[+0123.01, +0058.60, -1112.54]
1830, 2046, 850
[[-2.2564520e-01  6.1272588e-01 -7.5712884e-01  9.5960000e+01]
 [-4.2234000e-03  7.7675294e-01  6.2973238e-01  1.4093000e+02]
 [ 9.7399140e-01  1.4542250e-01 -1.7263690e-01 -1.1800700e+03]
 [ 0.0000000e+00  0.0000000e+00  0.0000000e+00  1.0000000e+00]]
[+0158.18, +0044.31, -1126.17]
2067, 1858, 1182
[[-2.2720552e-01  6.1188568e-01 -7.5738772e-01  9.5830000e+01]
 [-4.0688800e-03  7.7729286e-01  6.2907712e-01  1.4082000e+02]
 [ 9.7366508e-01  1.4611808e-01 -1.7407762e-01 -1.1800800e+03]
 [ 0.0000000e+00  0.0000000e+00  0.0000000e+00  1.0000000e+00]]
[+0122.01, +0059.38, -1113.21]
1022, 1586, 1772
[[-2.2467600e-01  6.1285860e-01 -7.5721900e-01  9.6020000e+01]
 [-4.9810000e-03  7.7662512e-01  6.2986452e-01  1.4083000e+02]
 [ 9.7414140e-01  1.4545948e-01 -1.7137488e-01 -1.1800900e+03]
 [ 0.0000000e+00  0.0000000e+00  0.0000000e+00  1.0000000e+00]]
[+0068.29, -0058.62, -1115.35]
2067, 1858, 1182
[[-2.2762600e-01  6.1161680e-01 -7.5748600e-01  9.5820000e+01]
 [-5.2760000e-03  7.7728368e-01  6.2908112e-01  1.4084000e+02]
 [ 9.7356680e-01  1.4729488e-01 -1.7366632e-01 -1.1801200e+03]
 [ 0.0000000e+00  0.0000000e+00  0.0000000e+00  1.0000000e+00]]
[+0123.17, +0058.38, -1112.66]
2077, 2085, 1303
[[-2.2758600e-01  6.1123808e-01 -7.5771444e-01  9.5770000e+01]
 [-4.1424000e-03  7.7774976e-01  6.2849392e-01  1.4089000e+02]
 [ 9.7351220e-01  1.4632080e-01 -1.7442120e-01 -1.1801100e+03]
 [ 0.0000000e+00  0.0000000e+00  0.0000000e+00  1.0000000e+00]]
[+0129.50, +0042.58, -1112.26]
2067, 1858, 1182
[[-2.2781604e-01  6.1202592e-01 -7.5713880e-01  9.5850000e+01]
 [-4.4220000e-03  7.7705990e-01  6.2937290e-01  1.4082000e+02]
 [ 9.7355808e-01  1.4681306e-01 -1.7429050e-01 -1.1800800e+03]
 [ 0.0000000e+00  0.0000000e+00  0.0000000e+00  1.0000000e+00]]
[+0121.88, +0059.75, -1113.64]
2208, 1879, 1068
[[-2.2817664e-01  6.1160592e-01 -7.5734848e-01  9.5770000e+01]
 [-3.4596800e-03  7.7750286e-01  6.2882712e-01  1.4087000e+02]
 [ 9.7346112e-01  1.4619752e-01 -1.7525874e-01 -1.1801200e+03]
 [ 0.0000000e+00  0.0000000e+00  0.0000000e+00  1.0000000e+00]]
[+0127.26, +0066.20, -1124.45]
1180, 1675, 2101
[[-2.2554010e-01  6.1182870e-01 -7.5778030e-01  9.5850000e+01]
 [-5.0959800e-03  7.7735244e-01  6.2896290e-01  1.4074000e+02]
 [ 9.7392986e-01  1.4589702e-01 -1.7214250e-01 -1.1800900e+03]
 [ 0.0000000e+00  0.0000000e+00  0.0000000e+00  1.0000000e+00]]
[+0054.50, -0058.04, -1135.72]
2208, 1879, 1068
[[-2.2798628e-01  6.1158678e-01 -7.5739026e-01  9.5780000e+01]
 [-3.8182200e-03  7.7748022e-01  6.2884626e-01  1.4087000e+02]
 [ 9.7348026e-01  1.4636874e-01 -1.7488106e-01 -1.1801300e+03]
 [ 0.0000000e+00  0.0000000e+00  0.0000000e+00  1.0000000e+00]]
[+0127.35, +0066.02, -1124.31]
2022, 2102, 927
[[-2.2712050e-01  6.1246924e-01 -7.5688282e-01  9.5810000e+01]
 [-3.8493200e-03  7.7683544e-01  6.2963036e-01  1.4103000e+02]
 [ 9.7364026e-01  1.4605012e-01 -1.7402970e-01 -1.1801100e+03]
 [ 0.0000000e+00  0.0000000e+00  0.0000000e+00  1.0000000e+00]]
[+0150.43, +0049.35, -1126.63]
2208, 1879, 1068
[[-2.2731058e-01  6.1248828e-01 -7.5684118e-01  9.5850000e+01]
 [-3.4906800e-03  7.7685804e-01  6.2961132e-01  1.4084000e+02]
 [ 9.7362122e-01  1.4587908e-01 -1.7440738e-01 -1.1801000e+03]
 [ 0.0000000e+00  0.0000000e+00  0.0000000e+00  1.0000000e+00]]
[+0127.23, +0066.68, -1124.94]
2098, 1697, 923
[[-2.2608708e-01  6.1354834e-01 -7.5637502e-01  9.6040000e+01]
 [-4.8334600e-03  7.7593358e-01  6.3074686e-01  1.4090000e+02]
 [ 9.7392062e-01  1.4636734e-01 -1.7242450e-01 -1.1800600e+03]
 [ 0.0000000e+00  0.0000000e+00  0.0000000e+00  1.0000000e+00]]
[+0127.59, +0074.79, -1127.64]
2208, 1879, 1068
[[-2.2828162e-01  6.1167062e-01 -7.5715962e-01  9.5760000e+01]
 [-3.5243800e-03  7.7739788e-01  6.2893362e-01  1.4088000e+02]
 [ 9.7335462e-01  1.4638638e-01 -1.7525874e-01 -1.1801100e+03]
 [ 0.0000000e+00  0.0000000e+00  0.0000000e+00  1.0000000e+00]]
[+0127.89, +0065.64, -1124.66]
1042, 1778, 2019
[[-2.2505536e-01  6.1235872e-01 -7.5749408e-01  9.5940000e+01]
 [-4.9059200e-03  7.7700032e-01  6.2939872e-01  1.4076000e+02]
 [ 9.7404128e-01  1.4554592e-01 -1.7179968e-01 -1.1800700e+03]
 [ 0.0000000e+00  0.0000000e+00  0.0000000e+00  1.0000000e+00]]
[+0071.34, -0067.85, -1137.25]
1517, 1718, 910
[[-2.2488648e-01  6.1363048e-01 -7.5677856e-01  9.6060000e+01]
 [-4.5736800e-03  7.7608440e-01  6.3058784e-01  1.4085000e+02]
 [ 9.7428704e-01  1.4532576e-01 -1.7170512e-01 -1.1800900e+03]
 [ 0.0000000e+00  0.0000000e+00  0.0000000e+00  1.0000000e+00]]
[+0139.90, +0036.48, -1095.86]
1042, 1778, 2019
[[-2.2573002e-01  6.1238488e-01 -7.5738126e-01  9.5920000e+01]
 [-4.0948800e-03  7.7704560e-01  6.2937256e-01  1.4077000e+02]
 [ 9.7397374e-01  1.4529744e-01 -1.7284938e-01 -1.1800300e+03]
 [ 0.0000000e+00  0.0000000e+00  0.0000000e+00  1.0000000e+00]]
[+0071.55, -0068.25, -1137.18]
817, 1988, 1911
[[-2.2337130e-01  6.1335916e-01 -7.5730582e-01  9.6110000e+01]
 [-3.9609200e-03  7.7655000e-01  6.2998756e-01  1.4089000e+02]
 [ 9.7452854e-01  1.4384212e-01 -1.7098626e-01 -1.1800900e+03]
 [ 0.0000000e+00  0.0000000e+00  0.0000000e+00  1.0000000e+00]]
[+0101.01, -0076.51, -1149.15]
1042, 1778, 2019
[[-2.2613010e-01  6.1219592e-01 -7.5741496e-01  9.5920000e+01]
 [-4.4135200e-03  7.7710542e-01  6.2929664e-01  1.4078000e+02]
 [ 9.7387976e-01  1.4577344e-01 -1.7297952e-01 -1.1800500e+03]
 [ 0.0000000e+00  0.0000000e+00  0.0000000e+00  1.0000000e+00]]
[+0070.29, -0067.00, -1137.01]
769, 1436, 1920
[[-2.2360234e-01  6.1400020e-01 -7.5678154e-01  9.6180000e+01]
 [-4.3900400e-03  7.7594156e-01  6.3074780e-01  1.4084000e+02]
 [ 9.7452310e-01  1.4445004e-01 -1.7077434e-01 -1.1800600e+03]
 [ 0.0000000e+00  0.0000000e+00  0.0000000e+00  1.0000000e+00]]
[+0058.62, -0074.83, -1145.00]
1042, 1778, 2019
[[-2.2585552e-01  6.1203348e-01 -7.5770948e-01  9.5880000e+01]
 [-5.5957200e-03  7.7711928e-01  6.2928792e-01  1.4077000e+02]
 [ 9.7400068e-01  1.4645688e-01 -1.7206024e-01 -1.1800900e+03]
 [ 0.0000000e+00  0.0000000e+00  0.0000000e+00  1.0000000e+00]]
[+0072.06, -0068.00, -1137.33]
1968, 1576, 2047
[[-2.2760580e-01  6.1154874e-01 -7.5747382e-01  9.5770000e+01]
 [-4.5353000e-03  7.7743470e-01  6.2888430e-01  1.4071000e+02]
 [ 9.7351830e-01  1.4671118e-01 -1.7412594e-01 -1.1800800e+03]
 [ 0.0000000e+00  0.0000000e+00  0.0000000e+00  1.0000000e+00]]
[+0038.57, +0017.92, -1120.31]
1931, 1884, 1879
[[-2.2613010e-01  6.1234344e-01 -7.5736242e-01  9.5900000e+01]
 [-4.2660000e-03  7.7702300e-01  6.2941400e-01  1.4081000e+02]
 [ 9.7393230e-01  1.4565608e-01 -1.7306194e-01 -1.1800800e+03]
 [ 0.0000000e+00  0.0000000e+00  0.0000000e+00  1.0000000e+00]]
[+0076.90, +0017.64, -1102.06]
1968, 1576, 2047
[[-2.2731058e-01  6.1170776e-01 -7.5745162e-01  9.5780000e+01]
 [-4.4813600e-03  7.7735244e-01  6.2899016e-01  1.4070000e+02]
 [ 9.7360118e-01  1.4650024e-01 -1.7391298e-01 -1.1800800e+03]
 [ 0.0000000e+00  0.0000000e+00  0.0000000e+00  1.0000000e+00]]
[+0038.20, +0018.00, -1120.60]
1096, 1275, 1685
[[-2.2419170e-01  6.1383036e-01 -7.5677448e-01  9.6110000e+01]
 [-4.3494000e-03  7.7602430e-01  6.3065280e-01  1.4081000e+02]
 [ 9.7441080e-01  1.4475552e-01 -1.7128096e-01 -1.1800900e+03]
 [ 0.0000000e+00  0.0000000e+00  0.0000000e+00  1.0000000e+00]]
[+0046.14, -0036.63, -1104.46]
1968, 1576, 2047
[[-2.2779600e-01  6.1147260e-01 -7.5763220e-01  9.5760000e+01]
 [-4.3769200e-03  7.7753976e-01  6.2878920e-01  1.4072000e+02]
 [ 9.7359444e-01  1.4661608e-01 -1.7442120e-01 -1.1800800e+03]
 [ 0.0000000e+00  0.0000000e+00  0.0000000e+00  1.0000000e+00]]
[+0039.51, +0017.58, -1119.62]
2085, 1479, 1843
[[-2.2703568e-01  6.1212488e-01 -7.5704104e-01  9.5860000e+01]
 [-4.7679200e-03  7.7695472e-01  6.2944504e-01  1.4076000e+02]
 [ 9.7354264e-01  1.4672056e-01 -1.7340496e-01 -1.1800800e+03]
 [ 0.0000000e+00  0.0000000e+00  0.0000000e+00  1.0000000e+00]]
[+0048.39, +0044.84, -1118.47]
1968, 1576, 2047
[[-2.2634034e-01  6.1198808e-01 -7.5749030e-01  9.5850000e+01]
 [-5.0908000e-03  7.7714220e-01  6.2923960e-01  1.4078000e+02]
 [ 9.7380442e-01  1.4642056e-01 -1.7273250e-01 -1.1800700e+03]
 [ 0.0000000e+00  0.0000000e+00  0.0000000e+00  1.0000000e+00]]
[+0040.12, +0016.27, -1119.66]
1544, 1343, 857
[[-2.2469700e-01  6.1394870e-01 -7.5636710e-01  9.6140000e+01]
 [-4.3850200e-03  7.7581374e-01  6.3087610e-01  1.4084000e+02]
 [ 9.7416886e-01  1.4522698e-01 -1.7157570e-01 -1.1800400e+03]
 [ 0.0000000e+00  0.0000000e+00  0.0000000e+00  1.0000000e+00]]
[+0113.97, +0055.78, -1088.66]
1204, 1714, 1251
[[-2.2465540e-01  6.1337944e-01 -7.5699752e-01  9.6040000e+01]
 [-3.6503200e-03  7.7644494e-01  6.3013826e-01  1.4085000e+02]
 [ 9.7430296e-01  1.4440642e-01 -1.7216530e-01 -1.1800500e+03]
 [ 0.0000000e+00  0.0000000e+00  0.0000000e+00  1.0000000e+00]]
[+0117.13, -0017.69, -1086.53]
1544, 1343, 857
[[-2.2509712e-01  6.1400212e-01 -7.5614836e-01  9.6120000e+01]
 [-4.3557200e-03  7.7570840e-01  6.3099344e-01  1.4085000e+02]
 [ 9.7403284e-01  1.4550976e-01 -1.7187048e-01 -1.1800500e+03]
 [ 0.0000000e+00  0.0000000e+00  0.0000000e+00  1.0000000e+00]]
[+0113.48, +0058.97, -1089.33]
2019, 1183, 1415
[[-2.2665600e-01  6.1267744e-01 -7.5691392e-01  9.5920000e+01]
 [-4.8950400e-03  7.7657952e-01  6.2995184e-01  1.4077000e+02]
 [ 9.7379072e-01  1.4659344e-01 -1.7297952e-01 -1.1800800e+03]
 [ 0.0000000e+00  0.0000000e+00  0.0000000e+00  1.0000000e+00]]
[+0056.02, +0071.49, -1121.67]
1544, 1343, 857
[[-2.2469700e-01  6.1380132e-01 -7.5641976e-01  9.6140000e+01]
 [-4.5324000e-03  7.7589644e-01  6.3075868e-01  1.4086000e+02]
 [ 9.7411620e-01  1.4534440e-01 -1.7149300e-01 -1.1800400e+03]
 [ 0.0000000e+00  0.0000000e+00  0.0000000e+00  1.0000000e+00]]
[+0114.29, +0055.98, -1088.66]
1294, 994, 970
[[-2.2459170e-01  6.1397866e-01 -7.5635582e-01  9.6140000e+01]
 [-4.1202200e-03  7.7583630e-01  6.3084614e-01  1.4082000e+02]
 [ 9.7418014e-01  1.4496218e-01 -1.7165844e-01 -1.1800100e+03]
 [ 0.0000000e+00  0.0000000e+00  0.0000000e+00  1.0000000e+00]]
[+0068.39, +0042.06, -1077.41]
1544, 1343, 857
[[-2.2568680e-01  6.1373728e-01 -7.5634104e-01  9.6090000e+01]
 [-4.5152000e-03  7.7587376e-01  6.3082272e-01  1.4083000e+02]
 [ 9.7401480e-01  1.4589120e-01 -1.7229480e-01 -1.1800500e+03]
 [ 0.0000000e+00  0.0000000e+00  0.0000000e+00  1.0000000e+00]]
[+0114.96, +0058.29, -1089.40]
2084, 908, 1191
[[-2.2684580e-01  6.1288608e-01 -7.5647196e-01  9.5930000e+01]
 [-4.1360400e-03  7.7643740e-01  6.3008512e-01  1.4074000e+02]
 [ 9.7358208e-01  1.4627036e-01 -1.7352196e-01 -1.1800600e+03]
 [ 0.0000000e+00  0.0000000e+00  0.0000000e+00  1.0000000e+00]]
[+0056.79, +0091.15, -1144.69]
2126, 1030, 1663
[[-2.2821648e-01  6.1183644e-01 -7.5717244e-01  9.5780000e+01]
 [-4.7407600e-03  7.7711928e-01  6.2929752e-01  1.4068000e+02]
 [ 9.7346364e-01  1.4728888e-01 -1.7442120e-01 -1.1800800e+03]
 [ 0.0000000e+00  0.0000000e+00  0.0000000e+00  1.0000000e+00]]
[+0034.90, +0064.94, -1143.12]
2084, 908, 1191
[[-2.2627664e-01  6.1332480e-01 -7.5658632e-01  9.6040000e+01]
 [-4.8223200e-03  7.7612150e-01  6.3053474e-01  1.4077000e+02]
 [ 9.7394400e-01  1.4638990e-01 -1.7263690e-01 -1.1800500e+03]
 [ 0.0000000e+00  0.0000000e+00  0.0000000e+00  1.0000000e+00]]
[+0057.78, +0091.57, -1147.43]
1492, 1311, 1138
[[-2.2539194e-01  6.1335906e-01 -7.5667656e-01  9.6070000e+01]
 [-5.1041400e-03  7.7612150e-01  6.3050048e-01  1.4082000e+02]
 [ 9.7403424e-01  1.4610808e-01 -1.7175220e-01 -1.1800400e+03]
 [ 0.0000000e+00  0.0000000e+00  0.0000000e+00  1.0000000e+00]]
[+0085.75, +0036.39, -1081.72]
2084, 908, 1191
[[-2.2695106e-01  6.1290844e-01 -7.5663088e-01  9.5940000e+01]
 [-4.4534800e-03  7.7641464e-01  6.3015664e-01  1.4075000e+02]
 [ 9.7371824e-01  1.4649392e-01 -1.7343946e-01 -1.1800400e+03]
 [ 0.0000000e+00  0.0000000e+00  0.0000000e+00  1.0000000e+00]]
[+0056.69, +0091.11, -1144.71]
2226, 1109, 1126
[[-2.2754130e-01  6.1268542e-01 -7.5647534e-01  9.5930000e+01]
 [-4.3606600e-03  7.7649710e-01  6.3002098e-01  1.4078000e+02]
 [ 9.7345742e-01  1.4684014e-01 -1.7394724e-01 -1.1800700e+03]
 [ 0.0000000e+00  0.0000000e+00  0.0000000e+00  1.0000000e+00]]
[+0077.68, +0092.23, -1142.14]
2084, 908, 1191
[[-2.2528660e-01  6.1353650e-01 -7.5661250e-01  9.6070000e+01]
 [-4.6919000e-03  7.7606172e-01  6.3058786e-01  1.4078000e+02]
 [ 9.7409830e-01  1.4572586e-01 -1.7191732e-01 -1.1800400e+03]
 [ 0.0000000e+00  0.0000000e+00  0.0000000e+00  1.0000000e+00]]
[+0057.47, +0087.76, -1143.41]
2132, 1577, 790
[[-2.2695106e-01  6.1315088e-01 -7.5637806e-01  9.5990000e+01]
 [-4.1057600e-03  7.7624960e-01  6.3034992e-01  1.4086000e+02]
 [ 9.7367598e-01  1.4630064e-01 -1.7360450e-01 -1.1800600e+03]
 [ 0.0000000e+00  0.0000000e+00  0.0000000e+00  1.0000000e+00]]
[+0129.10, +0083.15, -1137.22]
1150, 1611, 1140
[[-2.2497082e-01  6.1347914e-01 -7.5663120e-01  9.6080000e+01]
 [-4.0448600e-03  7.7621222e-01  6.3038040e-01  1.4086000e+02]
 [ 9.7407960e-01  1.4504880e-01 -1.7208260e-01 -1.1800700e+03]
 [ 0.0000000e+00  0.0000000e+00  0.0000000e+00  1.0000000e+00]]
[+0117.81, -0013.11, -1082.22]
2132, 1577, 790
[[-2.2674058e-01  6.1296896e-01 -7.5660816e-01  9.5950000e+01]
 [-3.9238400e-03  7.7646008e-01  6.3009612e-01  1.4086000e+02]
 [ 9.7374096e-01  1.4596428e-01 -1.7360450e-01 -1.1800600e+03]
 [ 0.0000000e+00  0.0000000e+00  0.0000000e+00  1.0000000e+00]]
[+0129.51, +0082.74, -1136.21]
2148, 1862, 807
[[-2.2737616e-01  6.1168932e-01 -7.5738684e-01  9.5810000e+01]
 [-3.1172400e-03  7.7754790e-01  6.2874372e-01  1.4099000e+02]
 [ 9.7354452e-01  1.4548044e-01 -1.7483290e-01 -1.1801400e+03]
 [ 0.0000000e+00  0.0000000e+00  0.0000000e+00  1.0000000e+00]]
[+0142.51, +0070.10, -1136.31]
2132, 1577, 790
[[-2.2724616e-01  6.1313952e-01 -7.5634776e-01  9.5940000e+01]
 [-4.0118400e-03  7.7624960e-01  6.3036128e-01  1.4085000e+02]
 [ 9.7364568e-01  1.4639456e-01 -1.7389960e-01 -1.1800200e+03]
 [ 0.0000000e+00  0.0000000e+00  0.0000000e+00  1.0000000e+00]]
[+0128.79, +0083.01, -1136.84]
2234, 1553, 1080
[[-2.2800616e-01  6.1228764e-01 -7.5684424e-01  9.5870000e+01]
 [-3.7155600e-03  7.7691790e-01  6.2954712e-01  1.4082000e+02]
 [ 9.7349656e-01  1.4644872e-01 -1.7483290e-01 -1.1800700e+03]
 [ 0.0000000e+00  0.0000000e+00  0.0000000e+00  1.0000000e+00]]
[+0107.93, +0081.07, -1129.03]
2132, 1577, 790
[[-2.2547616e-01  6.1365000e-01 -7.5637104e-01  9.6070000e+01]
 [-4.1330400e-03  7.7600174e-01  6.3064520e-01  1.4092000e+02]
 [ 9.7398480e-01  1.4547896e-01 -1.7237746e-01 -1.1800400e+03]
 [ 0.0000000e+00  0.0000000e+00  0.0000000e+00  1.0000000e+00]]
[+0128.69, +0083.28, -1138.66]
1743, 1660, 1150
[[-2.2587636e-01  6.1307140e-01 -7.5671036e-01  9.5990000e+01]
 [-4.9463600e-03  7.7630934e-01  6.3025850e-01  1.4086000e+02]
 [ 9.7388020e-01  1.4626586e-01 -1.7225946e-01 -1.1800600e+03]
 [ 0.0000000e+00  0.0000000e+00  0.0000000e+00  1.0000000e+00]]
[+0113.41, +0040.94, -1092.92]
1679, 1094, 1069
[[-2.2518130e-01  6.1386136e-01 -7.5649588e-01  9.6090000e+01]
 [-4.1322400e-03  7.7591904e-01  6.3079264e-01  1.4084000e+02]
 [ 9.7421492e-01  1.4522624e-01 -1.7216530e-01 -1.1800400e+03]
 [ 0.0000000e+00  0.0000000e+00  0.0000000e+00  1.0000000e+00]]
[+0072.77, +0065.99, -1097.63]
1743, 1660, 1150
[[-2.2596074e-01  6.1287792e-01 -7.5691020e-01  9.5970000e+01]
 [-4.6704000e-03  7.7651990e-01  6.3001620e-01  1.4086000e+02]
 [ 9.7391508e-01  1.4602356e-01 -1.7255440e-01 -1.1800800e+03]
 [ 0.0000000e+00  0.0000000e+00  0.0000000e+00  1.0000000e+00]]
[+0114.31, +0042.90, -1093.30]
1274, 1690, 1301
[[-2.2457082e-01  6.1303594e-01 -7.5715508e-01  9.6020000e+01]
 [-4.5687400e-03  7.7656526e-01  6.2995204e-01  1.4085000e+02]
 [ 9.7420532e-01  1.4507716e-01 -1.7153992e-01 -1.1800700e+03]
 [ 0.0000000e+00  0.0000000e+00  0.0000000e+00  1.0000000e+00]]
[+0109.09, -0012.56, -1084.88]
1743, 1660, 1150
[[-2.2615050e-01  6.1289670e-01 -7.5686870e-01  9.5990000e+01]
 [-4.3117000e-03  7.7654262e-01  6.2999742e-01  1.4085000e+02]
 [ 9.7389630e-01  1.4585258e-01 -1.7293188e-01 -1.1800700e+03]
 [ 0.0000000e+00  0.0000000e+00  0.0000000e+00  1.0000000e+00]]
[+0113.42, +0046.48, -1094.13]
2064, 1477, 2179
[[-2.2859680e-01  6.1089328e-01 -7.5760424e-01  9.5650000e+01]
 [-5.1099200e-03  7.7774030e-01  6.2848024e-01  1.4066000e+02]
 [ 9.7320536e-01  1.4772584e-01 -1.7460114e-01 -1.1800600e+03]
 [ 0.0000000e+00  0.0000000e+00  0.0000000e+00  1.0000000e+00]]
[+0031.55, +0018.90, -1131.63]
1743, 1660, 1150
[[-2.2585552e-01  6.1305552e-01 -7.5684624e-01  9.6010000e+01]
 [-4.2580800e-03  7.7646008e-01  6.3010344e-01  1.4085000e+02]
 [ 9.7397904e-01  1.4564136e-01 -1.7271944e-01 -1.1800500e+03]
 [ 0.0000000e+00  0.0000000e+00  0.0000000e+00  1.0000000e+00]]
[+0114.41, +0041.61, -1093.46]
1364, 2004, 2161
[[-2.2533002e-01  6.1140390e-01 -7.5826254e-01  9.5810000e+01]
 [-5.2611000e-03  7.7772700e-01  6.2851530e-01  1.4076000e+02]
 [ 9.7403754e-01  1.4575470e-01 -1.7197802e-01 -1.1800900e+03]
 [ 0.0000000e+00  0.0000000e+00  0.0000000e+00  1.0000000e+00]]
[+0075.19, -0052.53, -1128.05]
1187, 2021, 1801
[[-2.2516050e-01  6.1301334e-01 -7.5709512e-01  9.6010000e+01]
 [-4.3810200e-03  7.7656526e-01  6.2997464e-01  1.4087000e+02]
 [ 9.7414536e-01  1.4526488e-01 -1.7212960e-01 -1.1800600e+03]
 [ 0.0000000e+00  0.0000000e+00  0.0000000e+00  1.0000000e+00]]
[+0105.12, -0052.61, -1116.89]
1364, 2004, 2161
[[-2.2630026e-01  6.1127110e-01 -7.5817188e-01  9.5770000e+01]
 [-4.5043800e-03  7.7785470e-01  6.2838316e-01  1.4073000e+02]
 [ 9.7388740e-01  1.4571660e-01 -1.7324040e-01 -1.1800800e+03]
 [ 0.0000000e+00  0.0000000e+00  0.0000000e+00  1.0000000e+00]]
[+0075.23, -0052.49, -1128.62]
1736, 1352, 1946
[[-2.2636098e-01  6.1254138e-01 -7.5699674e-01  9.5930000e+01]
 [-5.1363800e-03  7.7666190e-01  6.2982306e-01  1.4078000e+02]
 [ 9.7376826e-01  1.4661694e-01 -1.7260212e-01 -1.1801000e+03]
 [ 0.0000000e+00  0.0000000e+00  0.0000000e+00  1.0000000e+00]]
[+0032.14, +0013.98, -1117.66]
1364, 2004, 2161
[[-2.2581504e-01  6.1135872e-01 -7.5804352e-01  9.5830000e+01]
 [-4.7564800e-03  7.7774976e-01  6.2846688e-01  1.4078000e+02]
 [ 9.7384128e-01  1.4571808e-01 -1.7265024e-01 -1.1800800e+03]
 [ 0.0000000e+00  0.0000000e+00  0.0000000e+00  1.0000000e+00]]
[+0075.47, -0052.28, -1127.77]
1631, 2197, 2038
[[-2.2611010e-01  6.1158996e-01 -7.5776088e-01  9.5830000e+01]
 [-4.3153200e-03  7.7758520e-01  6.2867184e-01  1.4084000e+02]
 [ 9.7376856e-01  1.4561808e-01 -1.7310986e-01 -1.1801000e+03]
 [ 0.0000000e+00  0.0000000e+00  0.0000000e+00  1.0000000e+00]]
[+0097.08, -0030.30, -1112.40]
1364, 2004, 2161
[[-2.2474018e-01  6.1196396e-01 -7.5796506e-01  9.5860000e+01]
 [-4.8060400e-03  7.7739788e-01  6.2892132e-01  1.4077000e+02]
 [ 9.7416006e-01  1.4513868e-01 -1.7171730e-01 -1.1801000e+03]
 [ 0.0000000e+00  0.0000000e+00  0.0000000e+00  1.0000000e+00]]
[+0074.18, -0052.57, -1128.72]
824, 2113, 2059
[[-2.1933962e-01  6.1227720e-01 -7.5927774e-01  9.6100000e+01]
 [-2.9520000e-03  7.7806000e-01  6.2811000e-01  1.4097000e+02]
 [ 9.7538574e-01  1.4016960e-01 -1.6879562e-01 -1.1802000e+03]
 [ 0.0000000e+00  0.0000000e+00  0.0000000e+00  1.0000000e+00]]
[+0099.57, -0073.29, -1151.42]
1111, 2211, 1910
[[-2.2461540e-01  6.1168268e-01 -7.5819484e-01  9.5880000e+01]
 [-4.1474800e-03  7.7773518e-01  6.2850146e-01  1.4089000e+02]
 [ 9.7416524e-01  1.4448386e-01 -1.7209458e-01 -1.1800700e+03]
 [ 0.0000000e+00  0.0000000e+00  0.0000000e+00  1.0000000e+00]]
[+0113.43, -0060.12, -1134.36]
824, 2113, 2059
[[-2.1822948e-01  6.1142418e-01 -7.6014102e-01  9.6080000e+01]
 [-3.1474200e-03  7.7882972e-01  6.2712302e-01  1.4073000e+02]
 [ 9.7552242e-01  1.3947638e-01 -1.6795876e-01 -1.1801100e+03]
 [ 0.0000000e+00  0.0000000e+00  0.0000000e+00  1.0000000e+00]]
[+0101.05, -0073.62, -1151.44]
763, 1889, 1795
[[-2.2101514e-01  6.1457336e-01 -7.5697560e-01  9.6380000e+01]
 [-3.4820000e-03  7.7588696e-01  6.3079836e-01  1.4089000e+02]
 [ 9.7503864e-01  1.4219100e-01 -1.6929314e-01 -1.1800900e+03]
 [ 0.0000000e+00  0.0000000e+00  0.0000000e+00  1.0000000e+00]]
[+0100.46, -0074.80, -1139.62]
824, 2113, 2059
[[-2.2332468e-01  6.0806266e-01 -7.6172230e-01  9.5510000e+01]
 [-4.7876600e-03  7.8084732e-01  6.2467990e-01  1.4063000e+02]
 [ 9.7464770e-01  1.4320510e-01 -1.7145300e-01 -1.1801100e+03]
 [ 0.0000000e+00  0.0000000e+00  0.0000000e+00  1.0000000e+00]]
[+0102.75, -0074.83, -1155.06]
984, 1882, 2217
[[-2.2438664e-01  6.1070352e-01 -7.5917004e-01  9.5820000e+01]
 [-4.2657600e-03  7.7858816e-01  6.2746992e-01  1.4064000e+02]
 [ 9.7430988e-01  1.4414544e-01 -1.7206024e-01 -1.1800700e+03]
 [ 0.0000000e+00  0.0000000e+00  0.0000000e+00  1.0000000e+00]]
[+0073.28, -0069.87, -1151.37]
824, 2113, 2059
[[-2.1954850e-01  6.1182926e-01 -7.5960332e-01  9.6120000e+01]
 [-3.9758600e-03  7.7826462e-01  6.2785636e-01  1.4094000e+02]
 [ 9.7535452e-01  1.4101196e-01 -1.6838212e-01 -1.1802000e+03]
 [ 0.0000000e+00  0.0000000e+00  0.0000000e+00  1.0000000e+00]]
[+0100.83, -0073.12, -1151.54]
2087, 2190, 1891
[[-2.2630026e-01  6.1127110e-01 -7.5817188e-01  9.5830000e+01]
 [-4.5043800e-03  7.7785470e-01  6.2838316e-01  1.4081000e+02]
 [ 9.7388740e-01  1.4571660e-01 -1.7324040e-01 -1.1801000e+03]
 [ 0.0000000e+00  0.0000000e+00  0.0000000e+00  1.0000000e+00]]
[+0100.15, +0015.50, -1105.90]
2230, 1972, 1972
[[-2.2699552e-01  6.1111320e-01 -7.5782760e-01  9.5800000e+01]
 [-4.4772000e-03  7.7783198e-01  6.2835390e-01  1.4071000e+02]
 [ 9.7352040e-01  1.4625090e-01 -1.7374850e-01 -1.1800700e+03]
 [ 0.0000000e+00  0.0000000e+00  0.0000000e+00  1.0000000e+00]]
[+0072.52, +0028.48, -1111.11]
2087, 2190, 1891
[[-2.2562500e-01  6.1193000e-01 -7.5787500e-01  9.5930000e+01]
 [-4.5250000e-03  7.7739788e-01  6.2895528e-01  1.4082000e+02]
 [ 9.7407000e-01  1.4541972e-01 -1.7260212e-01 -1.1800700e+03]
 [ 0.0000000e+00  0.0000000e+00  0.0000000e+00  1.0000000e+00]]
[+0101.63, +0012.40, -1105.96]
1834, 2140, 2200
[[-2.2514010e-01  6.1138532e-01 -7.5830396e-01  9.5860000e+01]
 [-5.6196400e-03  7.7770416e-01  6.2853388e-01  1.4077000e+02]
 [ 9.7405612e-01  1.4592604e-01 -1.7160090e-01 -1.1801000e+03]
 [ 0.0000000e+00  0.0000000e+00  0.0000000e+00  1.0000000e+00]]
[+0075.62, -0026.24, -1116.10]
2087, 2190, 1891
[[-2.2602504e-01  6.1144600e-01 -7.5801380e-01  9.5860000e+01]
 [-5.1388000e-03  7.7762198e-01  6.2864452e-01  1.4077000e+02]
 [ 9.7387100e-01  1.4613052e-01 -1.7256802e-01 -1.1801000e+03]
 [ 0.0000000e+00  0.0000000e+00  0.0000000e+00  1.0000000e+00]]
[+0102.41, +0013.30, -1105.89]
1691, 1784, 1503
[[-2.2465540e-01  6.1293718e-01 -7.5715514e-01  9.6070000e+01]
 [-4.0925800e-03  7.7669292e-01  6.2978594e-01  1.4080000e+02]
 [ 9.7414534e-01  1.4475874e-01 -1.7191732e-01 -1.1800300e+03]
 [ 0.0000000e+00  0.0000000e+00  0.0000000e+00  1.0000000e+00]]
[+0095.95, +0011.93, -1090.58]
2087, 2190, 1891
[[-2.2678568e-01  6.1083588e-01 -7.5825744e-01  9.5750000e+01]
 [-4.4950800e-03  7.7812400e-01  6.2802356e-01  1.4076000e+02]
 [ 9.7368096e-01  1.4599084e-01 -1.7366632e-01 -1.1800800e+03]
 [ 0.0000000e+00  0.0000000e+00  0.0000000e+00  1.0000000e+00]]
[+0098.01, +0012.67, -1106.14]
921, 1520, 1984
[[-2.2288708e-01  6.1296240e-01 -7.5768144e-01  9.6110000e+01]
 [-4.9080000e-03  7.7677550e-01  6.2968350e-01  1.4073000e+02]
 [ 9.7456656e-01  1.4423070e-01 -1.7006642e-01 -1.1800700e+03]
 [ 0.0000000e+00  0.0000000e+00  0.0000000e+00  1.0000000e+00]]
[+0056.16, -0069.80, -1141.44]
1272, 827, 1455
[[-2.2341298e-01  6.1392904e-01 -7.5667528e-01  9.6200000e+01]
 [-4.6962400e-03  7.7591904e-01  6.3072496e-01  1.4075000e+02]
 [ 9.7439432e-01  1.4466224e-01 -1.7039698e-01 -1.1800400e+03]
 [ 0.0000000e+00  0.0000000e+00  0.0000000e+00  1.0000000e+00]]
[+0017.13, +0015.84, -1107.57]
921, 1520, 1984
[[-2.2385572e-01  6.1268232e-01 -7.5764488e-01  9.6050000e+01]
 [-4.2976800e-03  7.7698558e-01  6.2943378e-01  1.4070000e+02]
 [ 9.7436488e-01  1.4431122e-01 -1.7124514e-01 -1.1800400e+03]
 [ 0.0000000e+00  0.0000000e+00  0.0000000e+00  1.0000000e+00]]
[+0056.50, -0070.65, -1142.56]
1082, 1716, 1833
[[-2.2415050e-01  6.1291340e-01 -7.5736260e-01  9.6050000e+01]
 [-3.8566000e-03  7.7682038e-01  6.2963868e-01  1.4078000e+02]
 [ 9.7429260e-01  1.4421132e-01 -1.7170512e-01 -1.1800300e+03]
 [ 0.0000000e+00  0.0000000e+00  0.0000000e+00  1.0000000e+00]]
[+0078.10, -0056.97, -1116.17]
921, 1520, 1984
[[-2.2337130e-01  6.1302218e-01 -7.5775806e-01  9.6060000e+01]
 [-4.5079800e-03  7.7679798e-01  6.2971754e-01  1.4070000e+02]
 [ 9.7466566e-01  1.4411214e-01 -1.7073828e-01 -1.1800600e+03]
 [ 0.0000000e+00  0.0000000e+00  0.0000000e+00  1.0000000e+00]]
[+0056.38, -0070.26, -1142.30]
1199, 1476, 2226
[[-2.2463520e-01  6.1184648e-01 -7.5800624e-01  9.5910000e+01]
 [-4.6885600e-03  7.7750286e-01  6.2877388e-01  1.4066000e+02]
 [ 9.7411888e-01  1.4499124e-01 -1.7171730e-01 -1.1800500e+03]
 [ 0.0000000e+00  0.0000000e+00  0.0000000e+00  1.0000000e+00]]
[+0037.91, -0051.31, -1147.11]
921, 1520, 1984
[[-2.2290792e-01  6.1351588e-01 -7.5718752e-01  9.6190000e+01]
 [-4.9549200e-03  7.7629488e-01  6.3026668e-01  1.4080000e+02]
 [ 9.7453072e-01  1.4442612e-01 -1.6993704e-01 -1.1800800e+03]
 [ 0.0000000e+00  0.0000000e+00  0.0000000e+00  1.0000000e+00]]
[+0059.45, -0066.75, -1137.34]
1393, 1593, 1052
[[-2.2398130e-01  6.1359540e-01 -7.5685720e-01  9.6140000e+01]
 [-4.1144400e-03  7.7623470e-01  6.3035808e-01  1.4082000e+02]
 [ 9.7432808e-01  1.4446080e-01 -1.7128096e-01 -1.1800700e+03]
 [ 0.0000000e+00  0.0000000e+00  0.0000000e+00  1.0000000e+00]]
[+0121.00, +0021.79, -1083.19]
1743, 804, 1174
[[-2.2528660e-01  6.1338908e-01 -7.5666516e-01  9.6130000e+01]
 [-4.8393200e-03  7.7614430e-01  6.3047046e-01  1.4075000e+02]
 [ 9.7404564e-01  1.4584326e-01 -1.7183474e-01 -1.1800300e+03]
 [ 0.0000000e+00  0.0000000e+00  0.0000000e+00  1.0000000e+00]]
[+0041.01, +0077.90, -1124.21]
1393, 1593, 1052
[[-2.2408648e-01  6.1356552e-01 -7.5686844e-01  9.6130000e+01]
 [-4.3792800e-03  7.7621222e-01  6.3038796e-01  1.4079000e+02]
 [ 9.7431684e-01  1.4472564e-01 -1.7119826e-01 -1.1800400e+03]
 [ 0.0000000e+00  0.0000000e+00  0.0000000e+00  1.0000000e+00]]
[+0120.65, +0019.88, -1082.95]
1283, 1584, 1311
[[-2.2406580e-01  6.1315958e-01 -7.5730986e-01  9.6080000e+01]
 [-4.1854200e-03  7.7661030e-01  6.2992226e-01  1.4077000e+02]
 [ 9.7440514e-01  1.4441226e-01 -1.7141034e-01 -1.1800400e+03]
 [ 0.0000000e+00  0.0000000e+00  0.0000000e+00  1.0000000e+00]]
[+0099.20, -0009.37, -1082.20]
1393, 1593, 1052
[[-2.2349712e-01  6.1334600e-01 -7.5718064e-01  9.6120000e+01]
 [-4.9144000e-03  7.7637750e-01  6.3017170e-01  1.4080000e+02]
 [ 9.7441864e-01  1.4473150e-01 -1.7044362e-01 -1.1800800e+03]
 [ 0.0000000e+00  0.0000000e+00  0.0000000e+00  1.0000000e+00]]
[+0120.40, +0021.10, -1082.95]
946, 1364, 857
[[-2.2156240e-01  6.1483196e-01 -7.5658932e-01  9.6310000e+01]
 [-5.0009200e-03  7.7537720e-01  6.3141096e-01  1.4082000e+02]
 [ 9.7489524e-01  1.4382792e-01 -1.6866696e-01 -1.1800800e+03]
 [ 0.0000000e+00  0.0000000e+00  0.0000000e+00  1.0000000e+00]]
[+0123.15, -0006.99, -1072.71]
1393, 1593, 1052
[[-2.2465540e-01  6.1337944e-01 -7.5699752e-01  9.6100000e+01]
 [-3.6503200e-03  7.7644494e-01  6.3013826e-01  1.4082000e+02]
 [ 9.7430296e-01  1.4440642e-01 -1.7216530e-01 -1.1800400e+03]
 [ 0.0000000e+00  0.0000000e+00  0.0000000e+00  1.0000000e+00]]
[+0120.29, +0020.58, -1083.11]
2161, 1349, 1784
[[-2.2720552e-01  6.1159048e-01 -7.5749276e-01  9.5830000e+01]
 [-4.3640800e-03  7.7745750e-01  6.2884256e-01  1.4065000e+02]
 [ 9.7356004e-01  1.4635264e-01 -1.7391298e-01 -1.1800300e+03]
 [ 0.0000000e+00  0.0000000e+00  0.0000000e+00  1.0000000e+00]]
[+0043.46, +0052.93, -1127.48]
2067, 1496, 1503
[[-2.2556058e-01  6.1282452e-01 -7.5712900e-01  9.6020000e+01]
 [-4.6994800e-03  7.7662512e-01  6.2989860e-01  1.4079000e+02]
 [ 9.7405140e-01  1.4574100e-01 -1.7225946e-01 -1.1800200e+03]
 [ 0.0000000e+00  0.0000000e+00  0.0000000e+00  1.0000000e+00]]
[+0075.52, +0058.81, -1109.86]
2161, 1349, 1784
[[-2.2682536e-01  6.1184788e-01 -7.5747104e-01  9.5850000e+01]
 [-4.7860400e-03  7.7724734e-01  6.2911492e-01  1.4066000e+02]
 [ 9.7370288e-01  1.4646044e-01 -1.7332266e-01 -1.1800600e+03]
 [ 0.0000000e+00  0.0000000e+00  0.0000000e+00  1.0000000e+00]]
[+0043.18, +0053.03, -1127.83]
2052, 1122, 1701
[[-2.2606600e-01  6.1270032e-01 -7.5697424e-01  9.6010000e+01]
 [-5.0827200e-03  7.7657952e-01  6.2992896e-01  1.4072000e+02]
 [ 9.7385104e-01  1.4640576e-01 -1.7238952e-01 -1.1800200e+03]
 [ 0.0000000e+00  0.0000000e+00  0.0000000e+00  1.0000000e+00]]
[+0035.24, +0056.90, -1133.90]
2161, 1349, 1784
[[-2.2623520e-01  6.1172320e-01 -7.5758400e-01  9.5880000e+01]
 [-5.1209600e-03  7.7732960e-01  6.2897472e-01  1.4069000e+02]
 [ 9.7371072e-01  1.4639040e-01 -1.7265024e-01 -1.1800700e+03]
 [ 0.0000000e+00  0.0000000e+00  0.0000000e+00  1.0000000e+00]]
[+0043.72, +0052.89, -1127.45]
1842, 1444, 1939
[[-2.2674058e-01  6.1218892e-01 -7.5721884e-01  9.5890000e+01]
 [-4.9142800e-03  7.7695472e-01  6.2947476e-01  1.4069000e+02]
 [ 9.7372044e-01  1.4658564e-01 -1.7310986e-01 -1.1800600e+03]
 [ 0.0000000e+00  0.0000000e+00  0.0000000e+00  1.0000000e+00]]
[+0036.43, +0011.14, -1116.46]
2161, 1349, 1784
[[-2.2733082e-01  6.1226102e-01 -7.5695814e-01  9.5970000e+01]
 [-4.5265800e-03  7.7687238e-01  6.2957374e-01  1.4074000e+02]
 [ 9.7356494e-01  1.4669706e-01 -1.7378244e-01 -1.1799300e+03]
 [ 0.0000000e+00  0.0000000e+00  0.0000000e+00  1.0000000e+00]]
[+0045.73, +0055.43, -1127.17]
2144, 1322, 1516
[[-2.2636098e-01  6.1287860e-01 -7.5654382e-01  9.6020000e+01]
 [-4.5886000e-03  7.7641464e-01  6.3009260e-01  1.4074000e+02]
 [ 9.7363118e-01  1.4634740e-01 -1.7284938e-01 -1.1801200e+03]
 [ 0.0000000e+00  0.0000000e+00  0.0000000e+00  1.0000000e+00]]
[+0062.33, +0070.85, -1124.46]
2070, 1068, 1212
[[-2.2558146e-01  6.1376736e-01 -7.5632970e-01  9.6130000e+01]
 [-4.2504000e-03  7.7589644e-01  6.3079264e-01  1.4074000e+02]
 [ 9.7402614e-01  1.4562640e-01 -1.7237746e-01 -1.1801100e+03]
 [ 0.0000000e+00  0.0000000e+00  0.0000000e+00  1.0000000e+00]]
[+0065.45, +0085.39, -1132.81]
2144, 1322, 1516
[[-2.2615050e-01  6.1289670e-01 -7.5686870e-01  9.5990000e+01]
 [-4.3117000e-03  7.7654262e-01  6.2999742e-01  1.4074000e+02]
 [ 9.7389630e-01  1.4585258e-01 -1.7293188e-01 -1.1801500e+03]
 [ 0.0000000e+00  0.0000000e+00  0.0000000e+00  1.0000000e+00]]
[+0060.14, +0068.00, -1123.23]
1753, 991, 1886
[[-2.2558146e-01  6.1274582e-01 -7.5719330e-01  9.6000000e+01]
 [-5.5879000e-03  7.7655660e-01  6.2997730e-01  1.4064000e+02]
 [ 9.7404718e-01  1.4644174e-01 -1.7171730e-01 -1.1801300e+03]
 [ 0.0000000e+00  0.0000000e+00  0.0000000e+00  1.0000000e+00]]
[+0012.24, +0024.49, -1141.51]
2144, 1322, 1516
[[-2.2663540e-01  6.1270414e-01 -7.5670202e-01  9.5940000e+01]
 [-3.9541000e-03  7.7664780e-01  6.2983130e-01  1.4064000e+02]
 [ 9.7364710e-01  1.4593402e-01 -1.7352196e-01 -1.1801700e+03]
 [ 0.0000000e+00  0.0000000e+00  0.0000000e+00  1.0000000e+00]]
[+0062.41, +0069.70, -1123.25]
1581, 1743, 1298
[[-2.2459170e-01  6.1358916e-01 -7.5666112e-01  9.6140000e+01]
 [-4.6150000e-03  7.7608440e-01  6.3053520e-01  1.4086000e+02]
 [ 9.7416960e-01  1.4527312e-01 -1.7141034e-01 -1.1800900e+03]
 [ 0.0000000e+00  0.0000000e+00  0.0000000e+00  1.0000000e+00]]
[+0112.15, +0014.69, -1087.95]
2144, 1322, 1516
[[-2.2703568e-01  6.1290504e-01 -7.5643032e-01  9.5970000e+01]
 [-3.7773600e-03  7.7646008e-01  6.3006616e-01  1.4077000e+02]
 [ 9.7356312e-01  1.4609944e-01 -1.7389960e-01 -1.1801200e+03]
 [ 0.0000000e+00  0.0000000e+00  0.0000000e+00  1.0000000e+00]]
[+0059.63, +0068.88, -1124.04]
1052, 1550, 1024
[[-2.2292916e-01  6.1451094e-01 -7.5653542e-01  9.6330000e+01]
 [-4.5600200e-03  7.7556540e-01  6.3120234e-01  1.4081000e+02]
 [ 9.7465314e-01  1.4426882e-01 -1.7005620e-01 -1.1799700e+03]
 [ 0.0000000e+00  0.0000000e+00  0.0000000e+00  1.0000000e+00]]
[+0124.05, -0013.72, -1080.10]
1756, 2074, 1006
[[-2.2514010e-01  6.1284982e-01 -7.5728386e-01  9.6040000e+01]
 [-3.8400200e-03  7.7679798e-01  6.2970226e-01  1.4080000e+02]
 [ 9.7419146e-01  1.4475766e-01 -1.7250708e-01 -1.1799800e+03]
 [ 0.0000000e+00  0.0000000e+00  0.0000000e+00  1.0000000e+00]]
[+0154.20, +0032.91, -1116.16]
1052, 1550, 1024
[[-2.2202442e-01  6.1438044e-01 -7.5681362e-01  9.6340000e+01]
 [-4.3007600e-03  7.7579832e-01  6.3089724e-01  1.4079000e+02]
 [ 9.7478802e-01  1.4347996e-01 -1.6955010e-01 -1.1799400e+03]
 [ 0.0000000e+00  0.0000000e+00  0.0000000e+00  1.0000000e+00]]
[+0122.60, -0013.21, -1079.74]
1200, 1358, 1265
[[-2.2360234e-01  6.1414752e-01 -7.5672892e-01  9.6230000e+01]
 [-4.2427200e-03  7.7585878e-01  6.3086532e-01  1.4079000e+02]
 [ 9.7457572e-01  1.4433252e-01 -1.7085712e-01 -1.1799300e+03]
 [ 0.0000000e+00  0.0000000e+00  0.0000000e+00  1.0000000e+00]]
[+0080.46, -0004.47, -1077.66]
1052, 1550, 1024
[[-2.2221370e-01  6.1434634e-01 -7.5662562e-01  9.6320000e+01]
 [-3.8893000e-03  7.7582060e-01  6.3083730e-01  1.4081000e+02]
 [ 9.7462230e-01  1.4335062e-01 -1.6992746e-01 -1.1799500e+03]
 [ 0.0000000e+00  0.0000000e+00  0.0000000e+00  1.0000000e+00]]
[+0125.21, -0014.00, -1080.51]
1198, 1344, 771
[[-2.2223490e-01  6.1480484e-01 -7.5633102e-01  9.6360000e+01]
 [-4.1362800e-03  7.7542200e-01  6.3134396e-01  1.4079000e+02]
 [ 9.7468174e-01  1.4362212e-01 -1.6971594e-01 -1.1799100e+03]
 [ 0.0000000e+00  0.0000000e+00  0.0000000e+00  1.0000000e+00]]
[+0125.30, +0028.86, -1075.74]
1052, 1550, 1024
[[-2.2440226e-01  6.1396000e-01 -7.5639704e-01  9.6110000e+01]
 [-4.4790400e-03  7.7581374e-01  6.3086480e-01  1.4076000e+02]
 [ 9.7419880e-01  1.4513296e-01 -1.7128096e-01 -1.1802000e+03]
 [ 0.0000000e+00  0.0000000e+00  0.0000000e+00  1.0000000e+00]]
[+0123.51, -0015.28, -1080.92]
1120, 1720, 1363
[[-2.2526568e-01  6.1337304e-01 -7.5680120e-01  9.6070000e+01]
 [-4.1509600e-03  7.7629488e-01  6.3031560e-01  1.4074000e+02]
 [ 9.7414440e-01  1.4521880e-01 -1.7229480e-01 -1.1800800e+03]
 [ 0.0000000e+00  0.0000000e+00  0.0000000e+00  1.0000000e+00]]
[+0109.61, -0033.30, -1091.24]
1073, 1606, 1052
[[-2.2410756e-01  6.1426598e-01 -7.5632162e-01  9.6170000e+01]
 [-4.2783800e-03  7.7564822e-01  6.3108842e-01  1.4078000e+02]
 [ 9.7433402e-01  1.4480402e-01 -1.7115178e-01 -1.1801200e+03]
 [ 0.0000000e+00  0.0000000e+00  0.0000000e+00  1.0000000e+00]]
[+0124.10, -0015.08, -1082.23]
1120, 1720, 1363
[[-2.2526568e-01  6.1322560e-01 -7.5685380e-01  9.6060000e+01]
 [-4.2984000e-03  7.7637750e-01  6.3019820e-01  1.4074000e+02]
 [ 9.7409180e-01  1.4533620e-01 -1.7221218e-01 -1.1801200e+03]
 [ 0.0000000e+00  0.0000000e+00  0.0000000e+00  1.0000000e+00]]
[+0109.57, -0032.91, -1091.17]
1256, 772, 1689
[[-2.2499178e-01  6.1369526e-01 -7.5658984e-01  9.6070000e+01]
 [-4.6384600e-03  7.7597910e-01  6.3069392e-01  1.4063000e+02]
 [ 9.7418096e-01  1.4551448e-01 -1.7170512e-01 -1.1800900e+03]
 [ 0.0000000e+00  0.0000000e+00  0.0000000e+00  1.0000000e+00]]
[+0002.38, +0002.01, -1132.99]
1120, 1720, 1363
[[-2.2400226e-01  6.1366444e-01 -7.5686826e-01  9.6130000e+01]
 [-4.8555600e-03  7.7608440e-01  6.3055388e-01  1.4082000e+02]
 [ 9.7437674e-01  1.4504388e-01 -1.7082090e-01 -1.1800800e+03]
 [ 0.0000000e+00  0.0000000e+00  0.0000000e+00  1.0000000e+00]]
[+0110.55, -0033.88, -1091.57]
759, 1690, 1428
[[-2.2410756e-01  6.1387662e-01 -7.5662694e-01  9.6210000e+01]
 [-4.7730600e-03  7.7589644e-01  6.3077738e-01  1.4073000e+02]
 [ 9.7432338e-01  1.4511506e-01 -1.7090356e-01 -1.1801200e+03]
 [ 0.0000000e+00  0.0000000e+00  0.0000000e+00  1.0000000e+00]]
[+0107.51, -0068.21, -1114.16]
1120, 1720, 1363
[[-2.2440226e-01  6.1357058e-01 -7.5670238e-01  9.6120000e+01]
 [-4.9737800e-03  7.7606172e-01  6.3055378e-01  1.4078000e+02]
 [ 9.7418818e-01  1.4544398e-01 -1.7103298e-01 -1.1801400e+03]
 [ 0.0000000e+00  0.0000000e+00  0.0000000e+00  1.0000000e+00]]
[+0109.94, -0032.49, -1091.19]
2102, 1445, 1282
[[-2.2714090e-01  6.1287472e-01 -7.5644166e-01  9.5980000e+01]
 [-4.0421600e-03  7.7643740e-01  6.3009648e-01  1.4072000e+02]
 [ 9.7355178e-01  1.4636424e-01 -1.7381706e-01 -1.1800900e+03]
 [ 0.0000000e+00  0.0000000e+00  0.0000000e+00  1.0000000e+00]]
[+0086.30, +0075.05, -1117.02]
1547, 882, 1925
[[-2.2629796e-01  6.1280354e-01 -7.5680910e-01  9.6000000e+01]
 [-6.1531000e-03  7.7629964e-01  6.3026154e-01  1.4064000e+02]
 [ 9.7378146e-01  1.4744250e-01 -1.7184756e-01 -1.1801000e+03]
 [ 0.0000000e+00  0.0000000e+00  0.0000000e+00  1.0000000e+00]]
[+0004.24, +0010.55, -1149.33]
2102, 1445, 1282
[[-2.2676130e-01  6.1274210e-01 -7.5672520e-01  9.5980000e+01]
 [-4.9597000e-03  7.7647422e-01  6.3005816e-01  1.4073000e+02]
 [ 9.7368440e-01  1.4678216e-01 -1.7297952e-01 -1.1801200e+03]
 [ 0.0000000e+00  0.0000000e+00  0.0000000e+00  1.0000000e+00]]
[+0087.53, +0074.88, -1117.00]
1855, 1230, 882
[[-2.2520250e-01  6.1417220e-01 -7.5625440e-01  9.6160000e+01]
 [-4.5258000e-03  7.7560302e-01  6.3118220e-01  1.4075000e+02]
 [ 9.7422160e-01  1.4561580e-01 -1.7187048e-01 -1.1800900e+03]
 [ 0.0000000e+00  0.0000000e+00  0.0000000e+00  1.0000000e+00]]
[+0101.07, +0081.34, -1111.83]
2102, 1445, 1282
[[-2.2655074e-01  6.1280254e-01 -7.5670236e-01  9.6000000e+01]
 [-4.4300600e-03  7.7651990e-01  6.2999772e-01  1.4072000e+02]
 [ 9.7370724e-01  1.4625252e-01 -1.7314440e-01 -1.1801200e+03]
 [ 0.0000000e+00  0.0000000e+00  0.0000000e+00  1.0000000e+00]]
[+0087.11, +0074.42, -1117.00]
1677, 1889, 1304
[[-2.2526568e-01  6.1293072e-01 -7.5695900e-01  9.6000000e+01]
 [-4.5932800e-03  7.7654262e-01  6.2996340e-01  1.4073000e+02]
 [ 9.7398660e-01  1.4557100e-01 -1.7204706e-01 -1.1800900e+03]
 [ 0.0000000e+00  0.0000000e+00  0.0000000e+00  1.0000000e+00]]
[+0123.25, +0016.28, -1093.88]
2102, 1445, 1282
[[-2.2665600e-01  6.1291984e-01 -7.5666112e-01  9.6010000e+01]
 [-4.5473600e-03  7.7641464e-01  6.3014524e-01  1.4074000e+02]
 [ 9.7374848e-01  1.4640004e-01 -1.7314440e-01 -1.1800900e+03]
 [ 0.0000000e+00  0.0000000e+00  0.0000000e+00  1.0000000e+00]]
[+0086.50, +0075.47, -1117.79]
1659, 1458, 1418
[[-2.2469700e-01  6.1331712e-01 -7.5692516e-01  9.6090000e+01]
 [-5.2272400e-03  7.7622684e-01  6.3037152e-01  1.4071000e+02]
 [ 9.7420032e-01  1.4573156e-01 -1.7116260e-01 -1.1800900e+03]
 [ 0.0000000e+00  0.0000000e+00  0.0000000e+00  1.0000000e+00]]
[+0074.79, +0027.43, -1089.08]
1645, 1484, 1135
[[-2.2478122e-01  6.1360782e-01 -7.5661986e-01  9.6140000e+01]
 [-4.2562200e-03  7.7610700e-01  6.3051654e-01  1.4071000e+02]
 [ 9.7415094e-01  1.4510226e-01 -1.7178778e-01 -1.1800700e+03]
 [ 0.0000000e+00  0.0000000e+00  0.0000000e+00  1.0000000e+00]]
[+0101.45, +0042.85, -1088.03]
1659, 1458, 1418
[[-2.2627664e-01  6.1327212e-01 -7.5643884e-01  9.6050000e+01]
 [-4.7696400e-03  7.7612150e-01  6.3049348e-01  1.4073000e+02]
 [ 9.7379652e-01  1.4643116e-01 -1.7263690e-01 -1.1801200e+03]
 [ 0.0000000e+00  0.0000000e+00  0.0000000e+00  1.0000000e+00]]
[+0073.35, +0028.80, -1089.67]
1347, 1317, 1419
[[-2.2480234e-01  6.1382404e-01 -7.5657848e-01  9.6110000e+01]
 [-4.8498800e-03  7.7587376e-01  6.3082996e-01  1.4073000e+02]
 [ 9.7425224e-01  1.4556788e-01 -1.7141034e-01 -1.1801200e+03]
 [ 0.0000000e+00  0.0000000e+00  0.0000000e+00  1.0000000e+00]]
[+0062.36, +0002.52, -1084.89]
1659, 1458, 1418
[[-2.2617130e-01  6.1300732e-01 -7.5653276e-01  9.6050000e+01]
 [-4.7998000e-03  7.7630934e-01  6.3022868e-01  1.4073000e+02]
 [ 9.7370260e-01  1.4640100e-01 -1.7255440e-01 -1.1801100e+03]
 [ 0.0000000e+00  0.0000000e+00  0.0000000e+00  1.0000000e+00]]
[+0074.80, +0030.96, -1089.69]
1325, 2196, 1503
[[-2.2545540e-01  6.1246478e-01 -7.5742286e-01  9.5990000e+01]
 [-4.9295800e-03  7.7689518e-01  6.2955754e-01  1.4079000e+02]
 [ 9.7405246e-01  1.4578714e-01 -1.7209458e-01 -1.1801200e+03]
 [ 0.0000000e+00  0.0000000e+00  0.0000000e+00  1.0000000e+00]]
[+0135.98, -0032.07, -1113.26]
1659, 1458, 1418
[[-2.2608708e-01  6.1340088e-01 -7.5642772e-01  9.6080000e+01]
 [-4.9809200e-03  7.7601612e-01  6.3062952e-01  1.4074000e+02]
 [ 9.7386792e-01  1.4648468e-01 -1.7234196e-01 -1.1801000e+03]
 [ 0.0000000e+00  0.0000000e+00  0.0000000e+00  1.0000000e+00]]
[+0074.54, +0032.96, -1089.88]
1485, 1792, 1237
[[-2.2537090e-01  6.1343782e-01 -7.5661244e-01  9.6110000e+01]
 [-4.2157400e-03  7.7618966e-01  6.3042172e-01  1.4077000e+02]
 [ 9.7403828e-01  1.4540756e-01 -1.7229480e-01 -1.1800900e+03]
 [ 0.0000000e+00  0.0000000e+00  0.0000000e+00  1.0000000e+00]]
[+0121.58, +0008.61, -1088.71]
1315, 782, 1876
[[-2.2528660e-01  6.1324166e-01 -7.5671782e-01  9.6070000e+01]
 [-4.9867400e-03  7.7622684e-01  6.3035306e-01  1.4065000e+02]
 [ 9.7399298e-01  1.4596066e-01 -1.7175220e-01 -1.1800600e+03]
 [ 0.0000000e+00  0.0000000e+00  0.0000000e+00  1.0000000e+00]]
[-0000.28, -0002.29, -1150.85]
1485, 1792, 1237
[[-2.2547616e-01  6.1346040e-01 -7.5677120e-01  9.6100000e+01]
 [-4.5332000e-03  7.7616702e-01  6.3049308e-01  1.4078000e+02]
 [ 9.7417440e-01  1.4563108e-01 -1.7221218e-01 -1.1800800e+03]
 [ 0.0000000e+00  0.0000000e+00  0.0000000e+00  1.0000000e+00]]
[+0121.90, +0011.32, -1088.72]
1126, 1770, 1108
[[-2.2488648e-01  6.1402004e-01 -7.5647324e-01  9.6160000e+01]
 [-4.0788400e-03  7.7583630e-01  6.3089878e-01  1.4078000e+02]
 [ 9.7429756e-01  1.4501482e-01 -1.7195322e-01 -1.1801000e+03]
 [ 0.0000000e+00  0.0000000e+00  0.0000000e+00  1.0000000e+00]]
[+0134.56, -0018.33, -1090.98]
1485, 1792, 1237
[[-2.2528660e-01  6.1324166e-01 -7.5671782e-01  9.6060000e+01]
 [-4.9867400e-03  7.7622684e-01  6.3035306e-01  1.4076000e+02]
 [ 9.7399298e-01  1.4596066e-01 -1.7175220e-01 -1.1801200e+03]
 [ 0.0000000e+00  0.0000000e+00  0.0000000e+00  1.0000000e+00]]
[+0121.77, +0011.73, -1088.78]
1615, 1564, 912
[[-2.2539194e-01  6.1374864e-01 -7.5637110e-01  9.6140000e+01]
 [-4.6092000e-03  7.7587376e-01  6.3081136e-01  1.4076000e+02]
 [ 9.7404486e-01  1.4579720e-01 -1.7199994e-01 -1.1801100e+03]
 [ 0.0000000e+00  0.0000000e+00  0.0000000e+00  1.0000000e+00]]
[+0126.86, +0052.76, -1095.14]
1485, 1792, 1237
[[-2.2478122e-01  6.1360782e-01 -7.5661986e-01  9.6100000e+01]
 [-4.2562200e-03  7.7610700e-01  6.3051654e-01  1.4081000e+02]
 [ 9.7415094e-01  1.4510226e-01 -1.7178778e-01 -1.1801000e+03]
 [ 0.0000000e+00  0.0000000e+00  0.0000000e+00  1.0000000e+00]]
[+0121.50, +0009.74, -1088.81]
871, 1367, 1017
[[-2.2303450e-01  6.1481766e-01 -7.5609412e-01  9.6300000e+01]
 [-4.2777000e-03  7.7529430e-01  6.3150180e-01  1.4073000e+02]
 [ 9.7450540e-01  1.4426388e-01 -1.7022196e-01 -1.1801000e+03]
 [ 0.0000000e+00  0.0000000e+00  0.0000000e+00  1.0000000e+00]]
[+0109.50, -0027.80, -1076.17]
962, 1138, 1109
[[-2.2421290e-01  6.1438344e-01 -7.5628022e-01  9.6210000e+01]
 [-4.3958400e-03  7.7554288e-01  6.3123576e-01  1.4076000e+02]
 [ 9.7437542e-01  1.4495136e-01 -1.7115178e-01 -1.1800900e+03]
 [ 0.0000000e+00  0.0000000e+00  0.0000000e+00  1.0000000e+00]]
[+0074.61, -0013.21, -1072.28]
871, 1367, 1017
[[-2.2372900e-01  6.1467080e-01 -7.5624580e-01  9.6290000e+01]
 [-4.5542000e-03  7.7535468e-01  6.3147800e-01  1.4078000e+02]
 [ 9.7452920e-01  1.4479300e-01 -1.7064532e-01 -1.1800900e+03]
 [ 0.0000000e+00  0.0000000e+00  0.0000000e+00  1.0000000e+00]]
[+0110.69, -0028.47, -1076.53]
1230, 1429, 818
[[-2.2461298e-01  6.1443690e-01 -7.5606156e-01  9.6220000e+01]
 [-4.3665000e-03  7.7543750e-01  6.3135300e-01  1.4079000e+02]
 [ 9.7423956e-01  1.4523420e-01 -1.7144648e-01 -1.1801000e+03]
 [ 0.0000000e+00  0.0000000e+00  0.0000000e+00  1.0000000e+00]]
[+0130.17, +0025.62, -1079.23]
871, 1367, 1017
[[-2.2353984e-01  6.1479960e-01 -7.5623416e-01  9.6320000e+01]
 [-4.7658400e-03  7.7524926e-01  6.3161400e-01  1.4083000e+02]
 [ 9.7460040e-01  1.4484616e-01 -1.7035074e-01 -1.1801000e+03]
 [ 0.0000000e+00  0.0000000e+00  0.0000000e+00  1.0000000e+00]]
[+0108.25, -0030.01, -1076.87]
1191, 1780, 1727
[[-2.2566580e-01  6.1279446e-01 -7.5714038e-01  9.6010000e+01]
 [-4.9643400e-03  7.7660236e-01  6.2992866e-01  1.4073000e+02]
 [ 9.7404002e-01  1.4600586e-01 -1.7217700e-01 -1.1800800e+03]
 [ 0.0000000e+00  0.0000000e+00  0.0000000e+00  1.0000000e+00]]
[+0086.05, -0048.44, -1106.59]
871, 1367, 1017
[[-2.2351828e-01  6.1497234e-01 -7.5597070e-01  9.6290000e+01]
 [-3.6773400e-03  7.7523372e-01  6.3161190e-01  1.4080000e+02]
 [ 9.7450970e-01  1.4406990e-01 -1.7097700e-01 -1.1800700e+03]
 [ 0.0000000e+00  0.0000000e+00  0.0000000e+00  1.0000000e+00]]
[+0110.00, -0028.41, -1076.41]
2238, 1443, 1529
[[-2.2773122e-01  6.1231422e-01 -7.5673902e-01  9.5920000e+01]
 [-4.4974200e-03  7.7676716e-01  6.2969158e-01  1.4069000e+02]
 [ 9.7342818e-01  1.4697962e-01 -1.7407762e-01 -1.1801000e+03]
 [ 0.0000000e+00  0.0000000e+00  0.0000000e+00  1.0000000e+00]]
[+0068.38, +0068.25, -1123.14]
1662, 1464, 1437
[[-2.2558146e-01  6.1352514e-01 -7.5658246e-01  9.6100000e+01]
 [-4.5979400e-03  7.7606172e-01  6.3059922e-01  1.4073000e+02]
 [ 9.7406826e-01  1.4581982e-01 -1.7221218e-01 -1.1800900e+03]
 [ 0.0000000e+00  0.0000000e+00  0.0000000e+00  1.0000000e+00]]
[+0074.82, +0025.31, -1088.88]
2238, 1443, 1529
[[-2.2764660e-01  6.1241256e-01 -7.5673968e-01  9.5930000e+01]
 [-4.9732800e-03  7.7663894e-01  6.2985806e-01  1.4066000e+02]
 [ 9.7348824e-01  1.4729822e-01 -1.7370010e-01 -1.1801300e+03]
 [ 0.0000000e+00  0.0000000e+00  0.0000000e+00  1.0000000e+00]]
[+0067.93, +0068.53, -1123.74]
2124, 1463, 2246
[[-2.2893290e-01  6.1081716e-01 -7.5750432e-01  9.5660000e+01]
 [-6.5924400e-03  7.7751856e-01  6.2872764e-01  1.4048000e+02]
 [ 9.7307088e-01  1.4914524e-01 -1.7389610e-01 -1.1800400e+03]
 [ 0.0000000e+00  0.0000000e+00  0.0000000e+00  1.0000000e+00]]
[+0031.17, +0018.97, -1135.57]
2238, 1443, 1529
[[-2.2707744e-01  6.1357864e-01 -7.5609568e-01  9.6030000e+01]
 [-4.6160800e-03  7.7582816e-01  6.3088736e-01  1.4071000e+02]
 [ 9.7372384e-01  1.4683808e-01 -1.7330944e-01 -1.1800800e+03]
 [ 0.0000000e+00  0.0000000e+00  0.0000000e+00  1.0000000e+00]]
[+0070.96, +0069.91, -1123.33]
2215, 889, 1541
[[-2.2768900e-01  6.1357106e-01 -7.5589958e-01  9.6030000e+01]
 [-5.1161000e-03  7.7567670e-01  6.3106570e-01  1.4062000e+02]
 [ 9.7356430e-01  1.4765042e-01 -1.7343946e-01 -1.1800700e+03]
 [ 0.0000000e+00  0.0000000e+00  0.0000000e+00  1.0000000e+00]]
[+0040.39, +0077.20, -1158.48]
2238, 1443, 1529
[[-2.2638202e-01  6.1338944e-01 -7.5639758e-01  9.6010000e+01]
 [-4.8869600e-03  7.7601612e-01  6.3064096e-01  1.4068000e+02]
 [ 9.7383778e-01  1.4657864e-01 -1.7263690e-01 -1.1801100e+03]
 [ 0.0000000e+00  0.0000000e+00  0.0000000e+00  1.0000000e+00]]
[+0069.24, +0067.81, -1123.17]
1679, 1389, 2199
[[-2.2627664e-01  6.1288236e-01 -7.5674436e-01  9.5950000e+01]
 [-5.2647600e-03  7.7636888e-01  6.3018272e-01  1.4059000e+02]
 [ 9.7378596e-01  1.4674192e-01 -1.7238952e-01 -1.1801100e+03]
 [ 0.0000000e+00  0.0000000e+00  0.0000000e+00  1.0000000e+00]]
[+0023.58, -0012.42, -1136.68]
1775, 1759, 873
[[-2.2530792e-01  6.1408948e-01 -7.5611836e-01  9.6140000e+01]
 [-4.7378800e-03  7.7558030e-01  6.3117086e-01  1.4077000e+02]
 [ 9.7406284e-01  1.4592194e-01 -1.7178778e-01 -1.1800800e+03]
 [ 0.0000000e+00  0.0000000e+00  0.0000000e+00  1.0000000e+00]]
[+0143.50, +0054.56, -1111.27]
1679, 1389, 2199
[[-2.2568680e-01  6.1295800e-01 -7.5695200e-01  9.5950000e+01]
 [-5.5052000e-03  7.7636888e-01  6.3020096e-01  1.4064000e+02]
 [ 9.7399360e-01  1.4651296e-01 -1.7179968e-01 -1.1801000e+03]
 [ 0.0000000e+00  0.0000000e+00  0.0000000e+00  1.0000000e+00]]
[+0022.74, -0010.96, -1137.27]
1298, 1560, 2219
[[-2.2528660e-01  6.1275730e-01 -7.5722330e-01  9.5970000e+01]
 [-5.6817400e-03  7.7655660e-01  6.2996582e-01  1.4062000e+02]
 [ 9.7407718e-01  1.4634790e-01 -1.7142244e-01 -1.1801000e+03]
 [ 0.0000000e+00  0.0000000e+00  0.0000000e+00  1.0000000e+00]]
[+0040.51, -0047.68, -1140.22]
1679, 1389, 2199
[[-2.2606600e-01  6.1333244e-01 -7.5641608e-01  9.6000000e+01]
 [-4.2400400e-03  7.7616702e-01  6.3043316e-01  1.4065000e+02]
 [ 9.7381928e-01  1.4590156e-01 -1.7280202e-01 -1.1800700e+03]
 [ 0.0000000e+00  0.0000000e+00  0.0000000e+00  1.0000000e+00]]
[+0023.26, -0007.39, -1135.57]
1397, 788, 2010
[[-2.2492936e-01  6.1458904e-01 -7.5584276e-01  9.6170000e+01]
 [-4.8133600e-03  7.7520390e-01  6.3163628e-01  1.4067000e+02]
 [ 9.7416364e-01  1.4583508e-01 -1.7136370e-01 -1.1800400e+03]
 [ 0.0000000e+00  0.0000000e+00  0.0000000e+00  1.0000000e+00]]
[+0003.13, +0001.14, -1158.25]
1679, 1389, 2199
[[-2.2665600e-01  6.1262480e-01 -7.5676640e-01  9.5910000e+01]
 [-4.8424000e-03  7.7657952e-01  6.2991064e-01  1.4060000e+02]
 [ 9.7364320e-01  1.4663464e-01 -1.7297952e-01 -1.1801100e+03]
 [ 0.0000000e+00  0.0000000e+00  0.0000000e+00  1.0000000e+00]]
[+0023.05, -0008.98, -1136.63]
967, 1633, 1694
[[-2.2450760e-01  6.1431948e-01 -7.5610296e-01  9.6210000e+01]
 [-4.2490800e-03  7.7554288e-01  6.3120564e-01  1.4062000e+02]
 [ 9.7419816e-01  1.4508684e-01 -1.7144648e-01 -1.1801000e+03]
 [ 0.0000000e+00  0.0000000e+00  0.0000000e+00  1.0000000e+00]]
[+0081.96, -0060.19, -1111.95]
2090, 1310, 2201
[[-2.3030466e-01  6.1088412e-01 -7.5713936e-01  9.5630000e+01]
 [-5.6591600e-03  7.7746014e-01  6.2883192e-01  1.4050000e+02]
 [ 9.7283472e-01  1.4927224e-01 -1.7553696e-01 -1.1800700e+03]
 [ 0.0000000e+00  0.0000000e+00  0.0000000e+00  1.0000000e+00]]
[+0025.72, +0023.58, -1140.68]
967, 1633, 1694
[[-2.2343442e-01  6.1462938e-01 -7.5612830e-01  9.6240000e+01]
 [-4.5956200e-03  7.7535468e-01  6.3142530e-01  1.4074000e+02]
 [ 9.7441170e-01  1.4474030e-01 -1.7035074e-01 -1.1801000e+03]
 [ 0.0000000e+00  0.0000000e+00  0.0000000e+00  1.0000000e+00]]
[+0081.96, -0060.04, -1111.93]
1161, 1461, 1155
[[-2.2434000e-01  6.1485368e-01 -7.5564976e-01  9.6220000e+01]
 [-4.6542400e-03  7.7503830e-01  6.3180698e-01  1.4074000e+02]
 [ 9.7418168e-01  1.4545334e-01 -1.7093994e-01 -1.1800900e+03]
 [ 0.0000000e+00  0.0000000e+00  0.0000000e+00  1.0000000e+00]]
[+0101.18, -0006.40, -1076.82]
967, 1633, 1694
[[-2.2450760e-01  6.1422480e-01 -7.5630300e-01  9.6150000e+01]
 [-4.4491200e-03  7.7562566e-01  6.3112960e-01  1.4074000e+02]
 [ 9.7429284e-01  1.4516288e-01 -1.7136370e-01 -1.1800800e+03]
 [ 0.0000000e+00  0.0000000e+00  0.0000000e+00  1.0000000e+00]]
[+0080.66, -0063.29, -1114.95]
767, 1095, 1793
[[-2.2343442e-01  6.1477666e-01 -7.5607560e-01  9.6240000e+01]
 [-4.4483400e-03  7.7527182e-01  6.3154280e-01  1.4070000e+02]
 [ 9.7446440e-01  1.4462280e-01 -1.7043360e-01 -1.1800600e+03]
 [ 0.0000000e+00  0.0000000e+00  0.0000000e+00  1.0000000e+00]]
[+0033.69, -0066.06, -1139.77]
967, 1633, 1694
[[-2.2482386e-01  6.1422966e-01 -7.5613698e-01  9.6170000e+01]
 [-5.0434200e-03  7.7547484e-01  6.3129546e-01  1.4074000e+02]
 [ 9.7416414e-01  1.4588118e-01 -1.7119826e-01 -1.1800900e+03]
 [ 0.0000000e+00  0.0000000e+00  0.0000000e+00  1.0000000e+00]]
[+0080.37, -0059.98, -1112.49]
1757, 1413, 1224
[[-2.2661458e-01  6.1397664e-01 -7.5572624e-01  9.6120000e+01]
 [-5.2617600e-03  7.7540608e-01  6.3136032e-01  1.4071000e+02]
 [ 9.7368464e-01  1.4722848e-01 -1.7242450e-01 -1.1800900e+03]
 [ 0.0000000e+00  0.0000000e+00  0.0000000e+00  1.0000000e+00]]
[+0086.80, +0054.76, -1094.39]
1447, 1286, 1305
[[-2.2404538e-01  6.1462318e-01 -7.5593246e-01  9.6190000e+01]
 [-5.0957800e-03  7.7520390e-01  6.3160214e-01  1.4081000e+02]
 [ 9.7425334e-01  1.4555266e-01 -1.7047972e-01 -1.1800600e+03]
 [ 0.0000000e+00  0.0000000e+00  0.0000000e+00  1.0000000e+00]]
[+0068.24, +0022.46, -1083.22]
1757, 1413, 1224
[[-2.2560274e-01  6.1417280e-01 -7.5588818e-01  9.6120000e+01]
 [-4.4436800e-03  7.7549760e-01  6.3125824e-01  1.4073000e+02]
 [ 9.7393810e-01  1.4594000e-01 -1.7216530e-01 -1.1800300e+03]
 [ 0.0000000e+00  0.0000000e+00  0.0000000e+00  1.0000000e+00]]
[+0087.14, +0054.62, -1094.35]
1597, 1971, 1488
[[-2.2558146e-01  6.1337770e-01 -7.5663512e-01  9.6070000e+01]
 [-4.7453800e-03  7.7614430e-01  6.3048184e-01  1.4067000e+02]
 [ 9.7401560e-01  1.4593720e-01 -1.7212960e-01 -1.1800900e+03]
 [ 0.0000000e+00  0.0000000e+00  0.0000000e+00  1.0000000e+00]]
[+0116.20, -0002.96, -1094.63]
1757, 1413, 1224
[[-2.2570820e-01  6.1414272e-01 -7.5589956e-01  9.6130000e+01]
 [-4.7084400e-03  7.7547484e-01  6.3128832e-01  1.4072000e+02]
 [ 9.7392672e-01  1.4620476e-01 -1.7208260e-01 -1.1800700e+03]
 [ 0.0000000e+00  0.0000000e+00  0.0000000e+00  1.0000000e+00]]
[+0086.49, +0054.38, -1094.43]
1901, 1287, 1577
[[-2.2659290e-01  6.1357134e-01 -7.5616758e-01  9.6040000e+01]
 [-5.0688600e-03  7.7580524e-01  6.3089466e-01  1.4068000e+02]
 [ 9.7377282e-01  1.4691486e-01 -1.7263690e-01 -1.1800900e+03]
 [ 0.0000000e+00  0.0000000e+00  0.0000000e+00  1.0000000e+00]]
[+0048.36, +0050.53, -1111.53]
1757, 1413, 1224
[[-2.2530792e-01  6.1433156e-01 -7.5586552e-01  9.6170000e+01]
 [-4.3903600e-03  7.7541486e-01  6.3136424e-01  1.4076000e+02]
 [ 9.7402088e-01  1.4572856e-01 -1.7195322e-01 -1.1800400e+03]
 [ 0.0000000e+00  0.0000000e+00  0.0000000e+00  1.0000000e+00]]
[+0087.56, +0051.10, -1093.13]
2078, 2192, 1601
[[-2.2773122e-01  6.1221924e-01 -7.5693924e-01  9.5850000e+01]
 [-4.6976400e-03  7.7684950e-01  6.2961552e-01  1.4076000e+02]
 [ 9.7352316e-01  1.4705568e-01 -1.7399528e-01 -1.1801200e+03]
 [ 0.0000000e+00  0.0000000e+00  0.0000000e+00  1.0000000e+00]]
[+0117.49, +0025.85, -1107.10]
1894, 2240, 1385
[[-2.2636098e-01  6.1293124e-01 -7.5669132e-01  9.5980000e+01]
 [-4.6412400e-03  7.7641464e-01  6.3013384e-01  1.4080000e+02]
 [ 9.7377868e-01  1.4630616e-01 -1.7284938e-01 -1.1801000e+03]
 [ 0.0000000e+00  0.0000000e+00  0.0000000e+00  1.0000000e+00]]
[+0138.81, +0017.70, -1110.69]
2078, 2192, 1601
[[-2.2663540e-01  6.1260918e-01 -7.5690214e-01  9.5890000e+01]
 [-4.1542200e-03  7.7673030e-01  6.2975526e-01  1.4072000e+02]
 [ 9.7374206e-01  1.4601006e-01 -1.7343946e-01 -1.1800800e+03]
 [ 0.0000000e+00  0.0000000e+00  0.0000000e+00  1.0000000e+00]]
[+0115.03, +0028.11, -1107.03]
1817, 1988, 1777
[[-2.2619250e-01  6.1331804e-01 -7.5629172e-01  9.6030000e+01]
 [-5.1930000e-03  7.7599320e-01  6.3061840e-01  1.4074000e+02]
 [ 9.7370900e-01  1.4679072e-01 -1.7225946e-01 -1.1800400e+03]
 [ 0.0000000e+00  0.0000000e+00  0.0000000e+00  1.0000000e+00]]
[+0087.84, +0000.48, -1099.26]
2078, 2192, 1601
[[-2.2733082e-01  6.1235600e-01 -7.5675796e-01  9.5880000e+01]
 [-4.3264000e-03  7.7679000e-01  6.2964980e-01  1.4074000e+02]
 [ 9.7346996e-01  1.4662100e-01 -1.7386482e-01 -1.1801200e+03]
 [ 0.0000000e+00  0.0000000e+00  0.0000000e+00  1.0000000e+00]]
[+0118.80, +0026.27, -1107.38]
2177, 1941, 1460
[[-2.2676130e-01  6.1322686e-01 -7.5621952e-01  9.5970000e+01]
 [-4.2643000e-03  7.7614430e-01  6.3044480e-01  1.4073000e+02]
 [ 9.7360000e-01  1.4639552e-01 -1.7330944e-01 -1.1801100e+03]
 [ 0.0000000e+00  0.0000000e+00  0.0000000e+00  1.0000000e+00]]
[+0106.70, +0052.11, -1110.38]
2078, 2192, 1601
[[-2.2655074e-01  6.1270764e-01 -7.5690250e-01  9.5940000e+01]
 [-4.6302000e-03  7.7660236e-01  6.2992164e-01  1.4075000e+02]
 [ 9.7380214e-01  1.4632860e-01 -1.7306194e-01 -1.1800900e+03]
 [ 0.0000000e+00  0.0000000e+00  0.0000000e+00  1.0000000e+00]]
[+0118.66, +0025.48, -1107.68]
1526, 1460, 2216
[[-2.2608708e-01  6.1291644e-01 -7.5693344e-01  9.5950000e+01]
 [-5.6761600e-03  7.7634588e-01  6.3024252e-01  1.4063000e+02]
 [ 9.7395204e-01  1.4687168e-01 -1.7201220e-01 -1.1800900e+03]
 [ 0.0000000e+00  0.0000000e+00  0.0000000e+00  1.0000000e+00]]
[+0028.29, -0026.44, -1136.57]
1142, 1087, 1766
[[-2.2474020e-01  6.1451772e-01 -7.5573676e-01  9.6200000e+01]
 [-5.1194800e-03  7.7518110e-01  6.3161346e-01  1.4069000e+02]
 [ 9.7403484e-01  1.4604706e-01 -1.7098626e-01 -1.1800900e+03]
 [ 0.0000000e+00  0.0000000e+00  0.0000000e+00  1.0000000e+00]]
[+0026.26, -0026.52, -1115.18]
1526, 1460, 2216
[[-2.2646628e-01  6.1280622e-01 -7.5690290e-01  9.5920000e+01]
 [-5.1062200e-03  7.7647422e-01  6.3008790e-01  1.4063000e+02]
 [ 9.7386210e-01  1.4664710e-01 -1.7268450e-01 -1.1801100e+03]
 [ 0.0000000e+00  0.0000000e+00  0.0000000e+00  1.0000000e+00]]
[+0028.65, -0024.44, -1135.62]
1574, 1796, 1895
[[-2.2608708e-01  6.1354834e-01 -7.5637502e-01  9.6030000e+01]
 [-4.8334600e-03  7.7593358e-01  6.3074686e-01  1.4072000e+02]
 [ 9.7392062e-01  1.4636734e-01 -1.7242450e-01 -1.1801100e+03]
 [ 0.0000000e+00  0.0000000e+00  0.0000000e+00  1.0000000e+00]]
[+0072.12, -0015.55, -1101.15]
1526, 1460, 2216
[[-2.2638202e-01  6.1290492e-01 -7.5690334e-01  9.5960000e+01]
 [-5.5822800e-03  7.7634588e-01  6.3025404e-01  1.4065000e+02]
 [ 9.7392194e-01  1.4696556e-01 -1.7230714e-01 -1.1800900e+03]
 [ 0.0000000e+00  0.0000000e+00  0.0000000e+00  1.0000000e+00]]
[+0028.48, -0024.82, -1135.90]
2064, 1172, 1994
[[-2.2785732e-01  6.1298438e-01 -7.5620410e-01  9.5940000e+01]
 [-4.6596200e-03  7.7618108e-01  6.3042250e-01  1.4062000e+02]
 [ 9.7343350e-01  1.4732410e-01 -1.7394724e-01 -1.1800700e+03]
 [ 0.0000000e+00  0.0000000e+00  0.0000000e+00  1.0000000e+00]]
[+0025.73, +0040.71, -1140.97]
1526, 1460, 2216
[[-2.2598170e-01  6.1294652e-01 -7.5692194e-01  9.5960000e+01]
 [-5.4113200e-03  7.7636888e-01  6.3021244e-01  1.4064000e+02]
 [ 9.7396354e-01  1.4660684e-01 -1.7209458e-01 -1.1800800e+03]
 [ 0.0000000e+00  0.0000000e+00  0.0000000e+00  1.0000000e+00]]
[+0030.16, -0027.11, -1135.44]
1899, 1845, 2031
[[-2.2657162e-01  6.1287088e-01 -7.5671420e-01  9.5940000e+01]
 [-5.1708800e-03  7.7636888e-01  6.3019420e-01  1.4070000e+02]
 [ 9.7375580e-01  1.4683580e-01 -1.7268450e-01 -1.1801300e+03]
 [ 0.0000000e+00  0.0000000e+00  0.0000000e+00  1.0000000e+00]]
[+0064.93, +0005.29, -1106.86]
1958, 1629, 2147
[[-2.2735146e-01  6.1242406e-01 -7.5677000e-01  9.5860000e+01]
 [-5.0671000e-03  7.7663894e-01  6.2984656e-01  1.4062000e+02]
 [ 9.7351856e-01  1.4720440e-01 -1.7340496e-01 -1.1800900e+03]
 [ 0.0000000e+00  0.0000000e+00  0.0000000e+00  1.0000000e+00]]
[+0037.64, +0009.71, -1123.17]
1899, 1845, 2031
[[-2.2657162e-01  6.1316588e-01 -7.5660884e-01  9.5950000e+01]
 [-4.8758800e-03  7.7620400e-01  6.3042884e-01  1.4073000e+02]
 [ 9.7386116e-01  1.4660116e-01 -1.7284938e-01 -1.1800800e+03]
 [ 0.0000000e+00  0.0000000e+00  0.0000000e+00  1.0000000e+00]]
[+0064.95, +0005.74, -1106.83]
2235, 1567, 1347
[[-2.2716170e-01  6.1372266e-01 -7.5584238e-01  9.6020000e+01]
 [-3.7923000e-03  7.7579110e-01  6.3091410e-01  1.4073000e+02]
 [ 9.7362150e-01  1.4632662e-01 -1.7385236e-01 -1.1800900e+03]
 [ 0.0000000e+00  0.0000000e+00  0.0000000e+00  1.0000000e+00]]
[+0089.99, +0073.25, -1121.32]
1899, 1845, 2031
[[-2.2558146e-01  6.1308282e-01 -7.5674044e-01  9.5980000e+01]
 [-5.0402600e-03  7.7630934e-01  6.3024708e-01  1.4072000e+02]
 [ 9.7391028e-01  1.4617196e-01 -1.7196456e-01 -1.1800900e+03]
 [ 0.0000000e+00  0.0000000e+00  0.0000000e+00  1.0000000e+00]]
[+0061.53, -0004.63, -1109.48]
2179, 1969, 2118
[[-2.2783648e-01  6.1218888e-01 -7.5695072e-01  9.5830000e+01]
 [-4.9624800e-03  7.7682654e-01  6.2964588e-01  1.4067000e+02]
 [ 9.7351168e-01  1.4732052e-01 -1.7391298e-01 -1.1801100e+03]
 [ 0.0000000e+00  0.0000000e+00  0.0000000e+00  1.0000000e+00]]
[+0064.62, +0014.21, -1113.59]
1899, 1845, 2031
[[-2.2627664e-01  6.1356708e-01 -7.5633348e-01  9.6010000e+01]
 [-4.4746800e-03  7.7595638e-01  6.3072812e-01  1.4073000e+02]
 [ 9.7390188e-01  1.4619652e-01 -1.7280202e-01 -1.1801000e+03]
 [ 0.0000000e+00  0.0000000e+00  0.0000000e+00  1.0000000e+00]]
[+0062.45, -0002.71, -1108.12]
1290, 1965, 2030
[[-2.2547616e-01  6.1340776e-01 -7.5662376e-01  9.6040000e+01]
 [-4.4805600e-03  7.7616702e-01  6.3045178e-01  1.4073000e+02]
 [ 9.7402696e-01  1.4567238e-01 -1.7221218e-01 -1.1800800e+03]
 [ 0.0000000e+00  0.0000000e+00  0.0000000e+00  1.0000000e+00]]
[+0082.59, -0054.22, -1122.58]
918, 1339, 1528
[[-2.2383442e-01  6.1512476e-01 -7.5575162e-01  9.6290000e+01]
 [-4.1243600e-03  7.7500056e-01  6.3189484e-01  1.4075000e+02]
 [ 9.7443418e-01  1.4467076e-01 -1.7089402e-01 -1.1800600e+03]
 [ 0.0000000e+00  0.0000000e+00  0.0000000e+00  1.0000000e+00]]
[+0065.09, -0050.97, -1099.79]
1290, 1965, 2030
[[-2.2577106e-01  6.1300668e-01 -7.5689906e-01  9.5980000e+01]
 [-4.8816400e-03  7.7641464e-01  6.3015228e-01  1.4068000e+02]
 [ 9.7398642e-01  1.4607716e-01 -1.7225946e-01 -1.1800900e+03]
 [ 0.0000000e+00  0.0000000e+00  0.0000000e+00  1.0000000e+00]]
[+0080.22, -0054.71, -1124.33]
1197, 2231, 1765
[[-2.2488648e-01  6.1318828e-01 -7.5693648e-01  9.6050000e+01]
 [-5.0158800e-03  7.7633214e-01  6.3023552e-01  1.4081000e+02]
 [ 9.7412912e-01  1.4567808e-01 -1.7145738e-01 -1.1801200e+03]
 [ 0.0000000e+00  0.0000000e+00  0.0000000e+00  1.0000000e+00]]
[+0123.09, -0051.15, -1125.72]
1290, 1965, 2030
[[-2.2587636e-01  6.1277648e-01 -7.5681568e-01  9.5990000e+01]
 [-5.2412800e-03  7.7647422e-01  6.3002378e-01  1.4066000e+02]
 [ 9.7377488e-01  1.4650058e-01 -1.7209458e-01 -1.1801100e+03]
 [ 0.0000000e+00  0.0000000e+00  0.0000000e+00  1.0000000e+00]]
[+0077.18, -0053.36, -1124.32]
1916, 1856, 1700
[[-2.2627664e-01  6.1366188e-01 -7.5613332e-01  9.6020000e+01]
 [-4.2745200e-03  7.7587376e-01  6.3080412e-01  1.4077000e+02]
 [ 9.7380708e-01  1.4612052e-01 -1.7288464e-01 -1.1801200e+03]
 [ 0.0000000e+00  0.0000000e+00  0.0000000e+00  1.0000000e+00]]
[+0084.36, +0026.07, -1098.81]
1290, 1965, 2030
[[-2.2577106e-01  6.1295404e-01 -7.5675160e-01  9.6020000e+01]
 [-4.8290000e-03  7.7641464e-01  6.3011104e-01  1.4071000e+02]
 [ 9.7383896e-01  1.4611840e-01 -1.7225946e-01 -1.1800900e+03]
 [ 0.0000000e+00  0.0000000e+00  0.0000000e+00  1.0000000e+00]]
[+0079.86, -0055.35, -1124.39]
840, 1283, 2014
[[-2.2353984e-01  6.1504144e-01 -7.5598144e-01  9.6250000e+01]
 [-4.4185600e-03  7.7508350e-01  6.3180758e-01  1.4070000e+02]
 [ 9.7455856e-01  1.4465258e-01 -1.7051650e-01 -1.1801000e+03]
 [ 0.0000000e+00  0.0000000e+00  0.0000000e+00  1.0000000e+00]]
[+0041.28, -0068.20, -1152.08]
1312, 1241, 2030
[[-2.2551888e-01  6.1378740e-01 -7.5639412e-01  9.6060000e+01]
 [-5.6150000e-03  7.7569974e-01  6.3103740e-01  1.4067000e+02]
 [ 9.7408188e-01  1.4664500e-01 -1.7145738e-01 -1.1800800e+03]
 [ 0.0000000e+00  0.0000000e+00  0.0000000e+00  1.0000000e+00]]
[+0022.22, -0029.02, -1134.13]
840, 1283, 2014
[[-2.2492936e-01  6.1458904e-01 -7.5584276e-01  9.6260000e+01]
 [-4.8133600e-03  7.7520390e-01  6.3163628e-01  1.4074000e+02]
 [ 9.7416364e-01  1.4583508e-01 -1.7136370e-01 -1.1800600e+03]
 [ 0.0000000e+00  0.0000000e+00  0.0000000e+00  1.0000000e+00]]
[+0040.83, -0068.18, -1153.07]
862, 1277, 1344
[[-2.2434000e-01  6.1500100e-01 -7.5559700e-01  9.6280000e+01]
 [-4.5069200e-03  7.7495544e-01  6.3192440e-01  1.4075000e+02]
 [ 9.7423444e-01  1.4533592e-01 -1.7102280e-01 -1.1801000e+03]
 [ 0.0000000e+00  0.0000000e+00  0.0000000e+00  1.0000000e+00]]
[+0073.96, -0048.18, -1090.26]
840, 1283, 2014
[[-2.2522410e-01  6.1404090e-01 -7.5617120e-01  9.6140000e+01]
 [-5.3615000e-03  7.7553462e-01  6.3121944e-01  1.4069000e+02]
 [ 9.7407000e-01  1.4635744e-01 -1.7132772e-01 -1.1800900e+03]
 [ 0.0000000e+00  0.0000000e+00  0.0000000e+00  1.0000000e+00]]
[+0040.37, -0068.88, -1154.04]
870, 1631, 2012
[[-2.2509712e-01  6.1342316e-01 -7.5685396e-01  9.6040000e+01]
 [-5.2507600e-03  7.7612150e-01  6.3053032e-01  1.4066000e+02]
 [ 9.7421164e-01  1.4597288e-01 -1.7145738e-01 -1.1801100e+03]
 [ 0.0000000e+00  0.0000000e+00  0.0000000e+00  1.0000000e+00]]
[+0066.85, -0075.32, -1148.91]
840, 1283, 2014
[[-2.2480234e-01  6.1416082e-01 -7.5612568e-01  9.6160000e+01]
 [-4.3023800e-03  7.7562566e-01  6.3109952e-01  1.4068000e+02]
 [ 9.7411552e-01  1.4529832e-01 -1.7165844e-01 -1.1800600e+03]
 [ 0.0000000e+00  0.0000000e+00  0.0000000e+00  1.0000000e+00]]
[+0040.35, -0068.69, -1153.92]
1963, 984, 1110
[[-2.2610856e-01  6.1454352e-01 -7.5572260e-01  9.6140000e+01]
 [-4.4368000e-03  7.7520390e-01  6.3168180e-01  1.4070000e+02]
 [ 9.7404348e-01  1.4621164e-01 -1.7254290e-01 -1.1800800e+03]
 [ 0.0000000e+00  0.0000000e+00  0.0000000e+00  1.0000000e+00]]
[+0064.15, +0089.53, -1130.07]
1148, 825, 929
[[-2.2446778e-01  6.1567100e-01 -7.5506084e-01  9.6360000e+01]
 [-4.6706000e-03  7.7436720e-01  6.3265420e-01  1.4076000e+02]
 [ 9.7424116e-01  1.4567900e-01 -1.7089402e-01 -1.1800500e+03]
 [ 0.0000000e+00  0.0000000e+00  0.0000000e+00  1.0000000e+00]]
[+0056.90, +0037.67, -1074.58]
1963, 984, 1110
[[-2.2551888e-01  6.1412408e-01 -7.5594104e-01  9.6090000e+01]
 [-5.0672800e-03  7.7545200e-01  6.3130696e-01  1.4070000e+02]
 [ 9.7394536e-01  1.4637544e-01 -1.7170512e-01 -1.1801100e+03]
 [ 0.0000000e+00  0.0000000e+00  0.0000000e+00  1.0000000e+00]]
[+0065.67, +0088.72, -1128.65]
1875, 1560, 1001
[[-2.2591924e-01  6.1437740e-01 -7.5581688e-01  9.6150000e+01]
 [-4.9431200e-03  7.7526380e-01  6.3158316e-01  1.4075000e+02]
 [ 9.7400940e-01  1.4649960e-01 -1.7208260e-01 -1.1800800e+03]
 [ 0.0000000e+00  0.0000000e+00  0.0000000e+00  1.0000000e+00]]
[+0116.84, +0065.74, -1106.20]
1963, 984, 1110
[[-2.2659290e-01  6.1420326e-01 -7.5560892e-01  9.6110000e+01]
 [-4.2259800e-03  7.7539214e-01  6.3139844e-01  1.4069000e+02]
 [ 9.7374156e-01  1.4641108e-01 -1.7305000e-01 -1.1800500e+03]
 [ 0.0000000e+00  0.0000000e+00  0.0000000e+00  1.0000000e+00]]
[+0064.31, +0089.12, -1129.79]
1800, 1081, 1758
[[-2.2541338e-01  6.1346986e-01 -7.5634072e-01  9.6040000e+01]
 [-5.5922600e-03  7.7588774e-01  6.3073136e-01  1.4064000e+02]
 [ 9.7384048e-01  1.4665624e-01 -1.7137488e-01 -1.1801100e+03]
 [ 0.0000000e+00  0.0000000e+00  0.0000000e+00  1.0000000e+00]]
[+0023.41, +0033.86, -1126.88]
1963, 984, 1110
[[-2.2629796e-01  6.1450956e-01 -7.5553364e-01  9.6150000e+01]
 [-4.0251600e-03  7.7522662e-01  6.3162162e-01  1.4069000e+02]
 [ 9.7387724e-01  1.4608242e-01 -1.7292058e-01 -1.1800600e+03]
 [ 0.0000000e+00  0.0000000e+00  0.0000000e+00  1.0000000e+00]]
[+0064.30, +0088.93, -1129.53]
1795, 1032, 835
[[-2.2514048e-01  6.1501296e-01 -7.5535968e-01  9.6270000e+01]
 [-4.6478400e-03  7.7482718e-01  6.3208296e-01  1.4071000e+02]
 [ 9.7405728e-01  1.4597784e-01 -1.7152930e-01 -1.1800300e+03]
 [ 0.0000000e+00  0.0000000e+00  0.0000000e+00  1.0000000e+00]]
[+0089.94, +0087.19, -1113.26]
1707, 1360, 854
[[-2.2514048e-01  6.1462368e-01 -7.5566544e-01  9.6220000e+01]
 [-5.1427200e-03  7.7507552e-01  6.3177224e-01  1.4076000e+02]
 [ 9.7404624e-01  1.4628856e-01 -1.7128096e-01 -1.1800500e+03]
 [ 0.0000000e+00  0.0000000e+00  0.0000000e+00  1.0000000e+00]]
[+0116.49, +0068.40, -1100.98]
1795, 1032, 835
[[-2.2556320e-01  6.1522928e-01 -7.5495216e-01  9.6260000e+01]
 [-5.1588800e-03  7.7448728e-01  6.3247224e-01  1.4083000e+02]
 [ 9.7387536e-01  1.4676744e-01 -1.7144648e-01 -1.1800200e+03]
 [ 0.0000000e+00  0.0000000e+00  0.0000000e+00  1.0000000e+00]]
[+0089.10, +0090.12, -1115.44]
1812, 1007, 1334
[[-2.2591924e-01  6.1417720e-01 -7.5572224e-01  9.6160000e+01]
 [-5.0377600e-03  7.7534646e-01  6.3142450e-01  1.4073000e+02]
 [ 9.7380920e-01  1.4665826e-01 -1.7199994e-01 -1.1800700e+03]
 [ 0.0000000e+00  0.0000000e+00  0.0000000e+00  1.0000000e+00]]
[+0045.51, +0065.54, -1115.74]
1795, 1032, 835
[[-2.2514048e-01  6.1516032e-01 -7.5530688e-01  9.6250000e+01]
 [-4.5004800e-03  7.7474432e-01  6.3220032e-01  1.4075000e+02]
 [ 9.7411008e-01  1.4586048e-01 -1.7161216e-01 -1.1800300e+03]
 [ 0.0000000e+00  0.0000000e+00  0.0000000e+00  1.0000000e+00]]
[+0090.08, +0090.48, -1116.42]
1092, 844, 850
[[-2.2350114e-01  6.1600428e-01 -7.5524438e-01  9.6400000e+01]
 [-5.3357200e-03  7.7415576e-01  6.3294468e-01  1.4077000e+02]
 [ 9.7459062e-01  1.4555468e-01 -1.6971594e-01 -1.1800700e+03]
 [ 0.0000000e+00  0.0000000e+00  0.0000000e+00  1.0000000e+00]]
[+0067.83, +0036.96, -1069.26]
1795, 1032, 835
[[-2.2594128e-01  6.1487720e-01 -7.5517504e-01  9.6250000e+01]
 [-4.9360000e-03  7.7478150e-01  6.3212450e-01  1.4076000e+02]
 [ 9.7382696e-01  1.4673710e-01 -1.7195322e-01 -1.1800100e+03]
 [ 0.0000000e+00  0.0000000e+00  0.0000000e+00  1.0000000e+00]]
[+0090.31, +0091.54, -1116.17]
969, 1759, 1032
[[-2.2393988e-01  6.1465302e-01 -7.5592110e-01  9.6260000e+01]
 [-4.8310200e-03  7.7522662e-01  6.3157230e-01  1.4078000e+02]
 [ 9.7426470e-01  1.4528790e-01 -1.7056250e-01 -1.1800800e+03]
 [ 0.0000000e+00  0.0000000e+00  0.0000000e+00  1.0000000e+00]]
[+0142.48, -0030.26, -1096.19]
1158, 1271, 843
[[-2.2356180e-01  6.1544696e-01 -7.5553952e-01  9.6290000e+01]
 [-4.6124800e-03  7.7468406e-01  6.3227266e-01  1.4076000e+02]
 [ 9.7447096e-01  1.4496562e-01 -1.7030490e-01 -1.1800700e+03]
 [ 0.0000000e+00  0.0000000e+00  0.0000000e+00  1.0000000e+00]]
[+0112.16, +0022.62, -1071.39]
969, 1759, 1032
[[-2.2393988e-01  6.1485306e-01 -7.5601566e-01  9.6260000e+01]
 [-4.7364600e-03  7.7514380e-01  6.3173118e-01  1.4080000e+02]
 [ 9.7446474e-01  1.4512902e-01 -1.7064532e-01 -1.1800800e+03]
 [ 0.0000000e+00  0.0000000e+00  0.0000000e+00  1.0000000e+00]]
[+0142.36, -0030.42, -1096.20]
1120, 1469, 1931
[[-2.2551888e-01  6.1349260e-01 -7.5649964e-01  9.6070000e+01]
 [-5.9098000e-03  7.7586470e-01  6.3080260e-01  1.4067000e+02]
 [ 9.7397636e-01  1.4687980e-01 -1.7129242e-01 -1.1800800e+03]
 [ 0.0000000e+00  0.0000000e+00  0.0000000e+00  1.0000000e+00]]
[+0047.35, -0053.35, -1125.75]
969, 1759, 1032
[[-2.2423450e-01  6.1503090e-01 -7.5558570e-01  9.6280000e+01]
 [-4.2421800e-03  7.7497804e-01  6.3189450e-01  1.4080000e+02]
 [ 9.7424574e-01  1.4507118e-01 -1.7110570e-01 -1.1800500e+03]
 [ 0.0000000e+00  0.0000000e+00  0.0000000e+00  1.0000000e+00]]
[+0142.76, -0029.90, -1096.05]
1447, 1952, 1013
[[-2.2570820e-01  6.1399530e-01 -7.5595230e-01  9.6130000e+01]
 [-4.8558600e-03  7.7555750e-01  6.3117098e-01  1.4081000e+02]
 [ 9.7387398e-01  1.4632210e-01 -1.7199994e-01 -1.1800800e+03]
 [ 0.0000000e+00  0.0000000e+00  0.0000000e+00  1.0000000e+00]]
[+0152.06, +0014.33, -1102.98]
969, 1759, 1032
[[-2.2356180e-01  6.1515244e-01 -7.5564508e-01  9.6290000e+01]
 [-4.9070000e-03  7.7484990e-01  6.3203770e-01  1.4081000e+02]
 [ 9.7436540e-01  1.4520058e-01 -1.7013906e-01 -1.1800800e+03]
 [ 0.0000000e+00  0.0000000e+00  0.0000000e+00  1.0000000e+00]]
[+0140.98, -0027.36, -1094.96]
991, 1194, 958
[[-2.2436212e-01  6.1545912e-01 -7.5530244e-01  9.6320000e+01]
 [-4.7533200e-03  7.7455580e-01  6.3243096e-01  1.4079000e+02]
 [ 9.7429416e-01  1.4560764e-01 -1.7081108e-01 -1.1800600e+03]
 [ 0.0000000e+00  0.0000000e+00  0.0000000e+00  1.0000000e+00]]
[+0096.22, -0002.51, -1068.05]
1356, 1783, 950
[[-2.2492936e-01  6.1434708e-01 -7.5609564e-01  9.6180000e+01]
 [-5.1608400e-03  7.7536934e-01  6.3144282e-01  1.4077000e+02]
 [ 9.7420548e-01  1.4602854e-01 -1.7119826e-01 -1.1801000e+03]
 [ 0.0000000e+00  0.0000000e+00  0.0000000e+00  1.0000000e+00]]
[+0145.90, +0015.87, -1094.12]
991, 1194, 958
[[-2.2396192e-01  6.1550032e-01 -7.5532096e-01  9.6320000e+01]
 [-4.5828800e-03  7.7457848e-01  6.3238976e-01  1.4078000e+02]
 [ 9.7433536e-01  1.4524864e-01 -1.7059944e-01 -1.1800600e+03]
 [ 0.0000000e+00  0.0000000e+00  0.0000000e+00  1.0000000e+00]]
[+0096.71, -0003.10, -1067.95]
1118, 1131, 2199
[[-2.2619250e-01  6.1288636e-01 -7.5694498e-01  9.5990000e+01]
 [-5.9410000e-03  7.7632280e-01  6.3027260e-01  1.4060000e+02]
 [ 9.7394050e-01  1.4713652e-01 -1.7192986e-01 -1.1800800e+03]
 [ 0.0000000e+00  0.0000000e+00  0.0000000e+00  1.0000000e+00]]
[+0019.84, -0044.17, -1161.28]
991, 1194, 958
[[-2.2415092e-01  6.1527706e-01 -7.5553266e-01  9.6300000e+01]
 [-4.5712600e-03  7.7476700e-01  6.3217782e-01  1.4070000e+02]
 [ 9.7435854e-01  1.4527158e-01 -1.7081108e-01 -1.1800700e+03]
 [ 0.0000000e+00  0.0000000e+00  0.0000000e+00  1.0000000e+00]]
[+0096.62, -0004.09, -1068.09]
1368, 958, 907
[[-2.2505706e-01  6.1525910e-01 -7.5530682e-01  9.6290000e+01]
 [-4.9768200e-03  7.7461590e-01  6.3236626e-01  1.4073000e+02]
 [ 9.7417010e-01  1.4617830e-01 -1.7123460e-01 -1.1800600e+03]
 [ 0.0000000e+00  0.0000000e+00  0.0000000e+00  1.0000000e+00]]
[+0072.77, +0057.40, -1082.24]
991, 1194, 958
[[-2.2412904e-01  6.1545004e-01 -7.5526896e-01  9.6320000e+01]
 [-3.4827600e-03  7.7475150e-01  6.3217532e-01  1.4081000e+02]
 [ 9.7426784e-01  1.4449572e-01 -1.7143770e-01 -1.1800300e+03]
 [ 0.0000000e+00  0.0000000e+00  0.0000000e+00  1.0000000e+00]]
[+0096.24, -0005.02, -1068.27]
1780, 926, 2223
[[-2.2943904e-01  6.1157776e-01 -7.5703344e-01  9.5750000e+01]
 [-6.0897600e-03  7.7698008e-01  6.2946248e-01  1.4046000e+02]
 [ 9.7318544e-01  1.4910648e-01 -1.7451912e-01 -1.1800300e+03]
 [ 0.0000000e+00  0.0000000e+00  0.0000000e+00  1.0000000e+00]]
[+0008.71, +0012.69, -1164.78]
1344, 1868, 1997
[[-2.2560274e-01  6.1363584e-01 -7.5624648e-01  9.6070000e+01]
 [-5.0860800e-03  7.7582816e-01  6.3083016e-01  1.4073000e+02]
 [ 9.7387464e-01  1.4636808e-01 -1.7183474e-01 -1.1800700e+03]
 [ 0.0000000e+00  0.0000000e+00  0.0000000e+00  1.0000000e+00]]
[+0077.56, -0045.50, -1114.86]
1780, 926, 2223
[[-2.2952362e-01  6.1147946e-01 -7.5703222e-01  9.5720000e+01]
 [-5.6140600e-03  7.7710886e-01  6.2929594e-01  1.4047000e+02]
 [ 9.7312558e-01  1.4878766e-01 -1.7489652e-01 -1.1800200e+03]
 [ 0.0000000e+00  0.0000000e+00  0.0000000e+00  1.0000000e+00]]
[+0008.75, +0012.02, -1164.87]
1483, 774, 2160
[[-2.2524610e-01  6.1522486e-01 -7.5511808e-01  9.6170000e+01]
 [-4.5650200e-03  7.7463870e-01  6.3230624e-01  1.4073000e+02]
 [ 9.7400416e-01  1.4604928e-01 -1.7161216e-01 -1.1800100e+03]
 [ 0.0000000e+00  0.0000000e+00  0.0000000e+00  1.0000000e+00]]
[+0003.60, +0001.29, -1173.15]
1780, 926, 2223
[[-2.2884840e-01  6.1232888e-01 -7.5633516e-01  9.5740000e+01]
 [-5.2332000e-03  7.7648736e-01  6.3001888e-01  1.4054000e+02]
 [ 9.7311980e-01  1.4833920e-01 -1.7442120e-01 -1.1800500e+03]
 [ 0.0000000e+00  0.0000000e+00  0.0000000e+00  1.0000000e+00]]
[+0009.26, +0012.02, -1164.05]
1862, 890, 1915
[[-2.2623610e-01  6.1471832e-01 -7.5519776e-01  9.6110000e+01]
 [-4.9892000e-03  7.7486424e-01  6.3201868e-01  1.4077000e+02]
 [ 9.7374400e-01  1.4694860e-01 -1.7216530e-01 -1.1800600e+03]
 [ 0.0000000e+00  0.0000000e+00  0.0000000e+00  1.0000000e+00]]
[+0013.09, +0038.50, -1152.74]
1780, 926, 2223
[[-2.2876410e-01  6.1203708e-01 -7.5664206e-01  9.5760000e+01]
 [-6.2046000e-03  7.7660504e-01  6.2987492e-01  1.4052000e+02]
 [ 9.7316910e-01  1.4896820e-01 -1.7379730e-01 -1.1799900e+03]
 [ 0.0000000e+00  0.0000000e+00  0.0000000e+00  1.0000000e+00]]
[+0008.87, +0012.75, -1164.63]
1981, 1295, 1910
[[-2.2650900e-01  6.1405960e-01 -7.5586220e-01  9.6050000e+01]
 [-5.0498000e-03  7.7542908e-01  6.3137144e-01  1.4069000e+02]
 [ 9.7384360e-01  1.4692244e-01 -1.7250708e-01 -1.1800700e+03]
 [ 0.0000000e+00  0.0000000e+00  0.0000000e+00  1.0000000e+00]]
[+0033.87, +0038.05, -1126.15]
1880, 2194, 1842
[[-2.2617130e-01  6.1369206e-01 -7.5612198e-01  9.6020000e+01]
 [-4.0097400e-03  7.7589644e-01  6.3077394e-01  1.4080000e+02]
 [ 9.7381842e-01  1.4585574e-01 -1.7296730e-01 -1.1800600e+03]
 [ 0.0000000e+00  0.0000000e+00  0.0000000e+00  1.0000000e+00]]
[+0107.59, -0001.96, -1104.01]
1981, 1295, 1910
[[-2.2680394e-01  6.1414282e-01 -7.5563176e-01  9.6060000e+01]
 [-4.7554600e-03  7.7534646e-01  6.3145888e-01  1.4080000e+02]
 [ 9.7371872e-01  1.4694056e-01 -1.7288464e-01 -1.1800000e+03]
 [ 0.0000000e+00  0.0000000e+00  0.0000000e+00  1.0000000e+00]]
[+0030.79, +0037.15, -1128.42]
1023, 1185, 1871
[[-2.2495140e-01  6.1538358e-01 -7.5509526e-01  9.6180000e+01]
 [-4.5119400e-03  7.7455580e-01  6.3241222e-01  1.4075000e+02]
 [ 9.7408698e-01  1.4583766e-01 -1.7140036e-01 -1.1801200e+03]
 [ 0.0000000e+00  0.0000000e+00  0.0000000e+00  1.0000000e+00]]
[+0032.19, -0046.67, -1127.55]
1981, 1295, 1910
[[-2.2790020e-01  6.1345760e-01 -7.5577520e-01  9.5910000e+01]
 [-5.5928000e-03  7.7563038e-01  6.3108514e-01  1.4065000e+02]
 [ 9.7339360e-01  1.4822114e-01 -1.7327458e-01 -1.1801800e+03]
 [ 0.0000000e+00  0.0000000e+00  0.0000000e+00  1.0000000e+00]]
[+0030.09, +0037.62, -1129.13]
2034, 1217, 806
[[-2.2634180e-01  6.1531956e-01 -7.5465012e-01  9.6140000e+01]
 [-4.4110800e-03  7.7442734e-01  6.3255234e-01  1.4076000e+02]
 [ 9.7370196e-01  1.4670978e-01 -1.7249650e-01 -1.1801500e+03]
 [ 0.0000000e+00  0.0000000e+00  0.0000000e+00  1.0000000e+00]]
[+0107.25, +0096.16, -1135.06]
1981, 1295, 1910
[[-2.2701514e-01  6.1369276e-01 -7.5596070e-01  9.5970000e+01]
 [-5.7802000e-03  7.7554796e-01  6.3120876e-01  1.4069000e+02]
 [ 9.7368474e-01  1.4778060e-01 -1.7247194e-01 -1.1801500e+03]
 [ 0.0000000e+00  0.0000000e+00  0.0000000e+00  1.0000000e+00]]
[+0029.25, +0035.49, -1129.56]
1209, 1590, 1831
[[-2.2532964e-01  6.1493702e-01 -7.5551846e-01  9.6150000e+01]
 [-4.4890600e-03  7.7493276e-01  6.3198838e-01  1.4082000e+02]
 [ 9.7413322e-01  1.4588326e-01 -1.7182404e-01 -1.1800500e+03]
 [ 0.0000000e+00  0.0000000e+00  0.0000000e+00  1.0000000e+00]]
[+0063.14, -0044.02, -1109.55]
1022, 1233, 1839
[[-2.2417320e-01  6.1519892e-01 -7.5559664e-01  9.6220000e+01]
 [-5.4597200e-03  7.7469872e-01  6.3225596e-01  1.4072000e+02]
 [ 9.7435424e-01  1.4597156e-01 -1.7026792e-01 -1.1800800e+03]
 [ 0.0000000e+00  0.0000000e+00  0.0000000e+00  1.0000000e+00]]
[+0035.81, -0047.73, -1123.41]
1209, 1590, 1831
[[-2.2602482e-01  6.1429452e-01 -7.5568092e-01  9.6150000e+01]
 [-5.1550800e-03  7.7524088e-01  6.3157192e-01  1.4063000e+02]
 [ 9.7385052e-01  1.4680568e-01 -1.7199994e-01 -1.1800500e+03]
 [ 0.0000000e+00  0.0000000e+00  0.0000000e+00  1.0000000e+00]]
[+0061.55, -0042.62, -1109.24]
1715, 1301, 807
[[-2.2615272e-01  6.1564852e-01 -7.5473336e-01  9.6270000e+01]
 [-4.5281200e-03  7.7423870e-01  6.3284704e-01  1.4080000e+02]
 [ 9.7397384e-01  1.4660416e-01 -1.7228458e-01 -1.1800600e+03]
 [ 0.0000000e+00  0.0000000e+00  0.0000000e+00  1.0000000e+00]]
[+0114.02, +0077.36, -1104.70]
1209, 1590, 1831
[[-2.2543522e-01  6.1412832e-01 -7.5614140e-01  9.6150000e+01]
 [-5.7436800e-03  7.7540608e-01  6.3139680e-01  1.4069000e+02]
 [ 9.7409980e-01  1.4676960e-01 -1.7124514e-01 -1.1800900e+03]
 [ 0.0000000e+00  0.0000000e+00  0.0000000e+00  1.0000000e+00]]
[+0060.71, -0045.27, -1110.78]
1704, 1338, 2147
[[-2.2728840e-01  6.1346536e-01 -7.5597112e-01  9.5950000e+01]
 [-5.0928800e-03  7.7578224e-01  6.3090664e-01  1.4064000e+02]
 [ 9.7355336e-01  1.4740888e-01 -1.7314440e-01 -1.1800800e+03]
 [ 0.0000000e+00  0.0000000e+00  0.0000000e+00  1.0000000e+00]]
[+0020.70, -0002.77, -1135.90]
1209, 1590, 1831
[[-2.2543522e-01  6.1461224e-01 -7.5563544e-01  9.6170000e+01]
 [-5.0485600e-03  7.7507552e-01  6.3178368e-01  1.4074000e+02]
 [ 9.7401624e-01  1.4638272e-01 -1.7157570e-01 -1.1800500e+03]
 [ 0.0000000e+00  0.0000000e+00  0.0000000e+00  1.0000000e+00]]
[+0063.86, -0042.50, -1108.14]
2020, 2093, 938
[[-2.2775194e-01  6.1418494e-01 -7.5527578e-01  9.6010000e+01]
 [-2.9085800e-03  7.7546006e-01  6.3132266e-01  1.4091000e+02]
 [ 9.7347634e-01  1.4612878e-01 -1.7477364e-01 -1.1801200e+03]
 [ 0.0000000e+00  0.0000000e+00  0.0000000e+00  1.0000000e+00]]
[+0149.36, +0048.68, -1125.17]
1897, 2215, 1268
[[-2.2613044e-01  6.1455926e-01 -7.5558678e-01  9.6070000e+01]
 [-5.1249800e-03  7.7505260e-01  6.3183666e-01  1.4089000e+02]
 [ 9.7394466e-01  1.4683578e-01 -1.7208260e-01 -1.1801000e+03]
 [ 0.0000000e+00  0.0000000e+00  0.0000000e+00  1.0000000e+00]]
[+0142.80, +0025.28, -1113.73]
2020, 2093, 938
[[-2.2808968e-01  6.1464600e-01 -7.5481536e-01  9.6080000e+01]
 [-3.7476000e-03  7.7491000e-01  6.3199680e-01  1.4092000e+02]
 [ 9.7340736e-01  1.4712000e-01 -1.7439568e-01 -1.1801100e+03]
 [ 0.0000000e+00  0.0000000e+00  0.0000000e+00  1.0000000e+00]]
[+0149.30, +0049.45, -1125.28]
1863, 1544, 1083
[[-2.2577480e-01  6.1570572e-01 -7.5461616e-01  9.6240000e+01]
 [-5.0458800e-03  7.7411000e-01  6.3296016e-01  1.4077000e+02]
 [ 9.7391664e-01  1.4686896e-01 -1.7161216e-01 -1.1800600e+03]
 [ 0.0000000e+00  0.0000000e+00  0.0000000e+00  1.0000000e+00]]
[+0108.03, +0059.05, -1101.22]
2020, 2093, 938
[[-2.2756218e-01  6.1431336e-01 -7.5526478e-01  9.6010000e+01]
 [-3.1198400e-03  7.7535468e-01  6.3145896e-01  1.4095000e+02]
 [ 9.7354818e-01  1.4618224e-01 -1.7447850e-01 -1.1801100e+03]
 [ 0.0000000e+00  0.0000000e+00  0.0000000e+00  1.0000000e+00]]
[+0149.63, +0048.90, -1125.72]
1781, 2133, 834
[[-2.2537428e-01  6.1643102e-01 -7.5422290e-01  9.6290000e+01]
 [-4.0859800e-03  7.7371782e-01  6.3346370e-01  1.4086000e+02]
 [ 9.7407530e-01  1.4596490e-01 -1.7181546e-01 -1.1800600e+03]
 [ 0.0000000e+00  0.0000000e+00  0.0000000e+00  1.0000000e+00]]
[+0163.45, +0036.72, -1129.46]
2020, 2093, 938
[[-2.2749952e-01  6.1466880e-01 -7.5487616e-01  9.6110000e+01]
 [-3.9360000e-03  7.7491000e-01  6.3197400e-01  1.4086000e+02]
 [ 9.7346816e-01  1.4693160e-01 -1.7380552e-01 -1.1801500e+03]
 [ 0.0000000e+00  0.0000000e+00  0.0000000e+00  1.0000000e+00]]
[+0150.55, +0048.10, -1126.42]
1810, 2014, 1894
[[-2.2606954e-01  6.1559978e-01 -7.5478638e-01  9.6190000e+01]
 [-5.1518200e-03  7.7419286e-01  6.3289578e-01  1.4062000e+02]
 [ 9.7398102e-01  1.4703918e-01 -1.7182404e-01 -1.1800500e+03]
 [ 0.0000000e+00  0.0000000e+00  0.0000000e+00  1.0000000e+00]]
[+0080.92, -0008.92, -1103.32]
2056, 1776, 1878
[[-2.2695400e-01  6.1575432e-01 -7.5429524e-01  9.6190000e+01]
 [-4.4680800e-03  7.7402710e-01  6.3308184e-01  1.4069000e+02]
 [ 9.7370156e-01  1.4717064e-01 -1.7287426e-01 -1.1800700e+03]
 [ 0.0000000e+00  0.0000000e+00  0.0000000e+00  1.0000000e+00]]
[+0063.14, +0028.27, -1107.89]
1810, 2014, 1894
[[-2.2548010e-01  6.1571720e-01 -7.5464620e-01  9.6230000e+01]
 [-5.1402400e-03  7.7411000e-01  6.3294868e-01  1.4068000e+02]
 [ 9.7394668e-01  1.4677460e-01 -1.7131746e-01 -1.1800800e+03]
 [ 0.0000000e+00  0.0000000e+00  0.0000000e+00  1.0000000e+00]]
[+0085.66, -0010.72, -1102.83]
1194, 1408, 1405
[[-2.2451346e-01  6.1731164e-01 -7.5371170e-01  9.6440000e+01]
 [-4.1210000e-03  7.7306744e-01  6.3424636e-01  1.4068000e+02]
 [ 9.7423714e-01  1.4564260e-01 -1.7096986e-01 -1.1800200e+03]
 [ 0.0000000e+00  0.0000000e+00  0.0000000e+00  1.0000000e+00]]
[+0073.99, -0016.88, -1083.81]
1810, 2014, 1894
[[-2.2714308e-01  6.1528910e-01 -7.5476006e-01  9.6160000e+01]
 [-4.8047000e-03  7.7438150e-01  6.3267710e-01  1.4060000e+02]
 [ 9.7376606e-01  1.4738630e-01 -1.7292058e-01 -1.1800800e+03]
 [ 0.0000000e+00  0.0000000e+00  0.0000000e+00  1.0000000e+00]]
[+0084.54, -0005.07, -1102.07]
1705, 1886, 2184
[[-2.2647018e-01  6.1526336e-01 -7.5487368e-01  9.6180000e+01]
 [-5.6169600e-03  7.7433534e-01  6.3270284e-01  1.4060000e+02]
 [ 9.7383352e-01  1.4763276e-01 -1.7187048e-01 -1.1800400e+03]
 [ 0.0000000e+00  0.0000000e+00  0.0000000e+00  1.0000000e+00]]
[+0055.03, -0023.35, -1118.47]
1810, 2014, 1894
[[-2.2575220e-01  6.1602644e-01 -7.5429872e-01  9.6270000e+01]
 [-3.8099200e-03  7.7401244e-01  6.3307436e-01  1.4066000e+02]
 [ 9.7387916e-01  1.4597632e-01 -1.7232180e-01 -1.1800200e+03]
 [ 0.0000000e+00  0.0000000e+00  0.0000000e+00  1.0000000e+00]]
[+0089.24, -0001.14, -1100.93]
1683, 1432, 1349
[[-2.2542052e-01  6.1699868e-01 -7.5359164e-01  9.6430000e+01]
 [-4.8198800e-03  7.7308230e-01  6.3420014e-01  1.4077000e+02]
 [ 9.7394276e-01  1.4678446e-01 -1.7122618e-01 -1.1800000e+03]
 [ 0.0000000e+00  0.0000000e+00  0.0000000e+00  1.0000000e+00]]
[+0077.53, +0039.34, -1090.37]
1349, 1030, 1412
[[-2.2445460e-01  6.1733230e-01 -7.5377550e-01  9.6440000e+01]
 [-5.4859800e-03  7.7287014e-01  6.3449030e-01  1.4070000e+02]
 [ 9.7429286e-01  1.4665902e-01 -1.7004810e-01 -1.1800300e+03]
 [ 0.0000000e+00  0.0000000e+00  0.0000000e+00  1.0000000e+00]]
[+0036.83, +0017.20, -1093.86]
1683, 1432, 1349
[[-2.2569186e-01  6.1682434e-01 -7.5375058e-01  9.6370000e+01]
 [-4.1846200e-03  7.7331710e-01  6.3393986e-01  1.4065000e+02]
 [ 9.7395826e-01  1.4637278e-01 -1.7189860e-01 -1.1800200e+03]
 [ 0.0000000e+00  0.0000000e+00  0.0000000e+00  1.0000000e+00]]
[+0078.99, +0038.26, -1089.74]
1259, 1806, 1492
[[-2.2461940e-01  6.1679864e-01 -7.5422948e-01  9.6360000e+01]
 [-5.0806000e-03  7.7337740e-01  6.3389000e-01  1.4073000e+02]
 [ 9.7430840e-01  1.4629348e-01 -1.7055396e-01 -1.1800300e+03]
 [ 0.0000000e+00  0.0000000e+00  0.0000000e+00  1.0000000e+00]]
[+0104.93, -0029.56, -1093.52]
1683, 1432, 1349
[[-2.2539720e-01  6.1698304e-01 -7.5372768e-01  9.6380000e+01]
 [-4.1318400e-03  7.7323392e-01  6.3404576e-01  1.4067000e+02]
 [ 9.7404128e-01  1.4616096e-01 -1.7168712e-01 -1.1800400e+03]
 [ 0.0000000e+00  0.0000000e+00  0.0000000e+00  1.0000000e+00]]
[+0077.78, +0039.18, -1090.08]
1841, 1391, 1920
[[-2.2716576e-01  6.1569384e-01 -7.5431824e-01  9.6200000e+01]
 [-4.9973600e-03  7.7398110e-01  6.3314232e-01  1.4059000e+02]
 [ 9.7367856e-01  1.4769992e-01 -1.7270850e-01 -1.1800400e+03]
 [ 0.0000000e+00  0.0000000e+00  0.0000000e+00  1.0000000e+00]]
[+0032.68, +0020.22, -1118.74]
1683, 1432, 1349
[[-2.2453690e-01  6.1684462e-01 -7.5408204e-01  9.6380000e+01]
 [-5.5041400e-03  7.7324846e-01  6.3401412e-01  1.4065000e+02]
 [ 9.7422108e-01  1.4665236e-01 -1.7017640e-01 -1.1800700e+03]
 [ 0.0000000e+00  0.0000000e+00  0.0000000e+00  1.0000000e+00]]
[+0079.05, +0036.85, -1089.60]
1667, 1687, 1090
[[-2.2470210e-01  6.1694138e-01 -7.5397656e-01  9.6390000e+01]
 [-4.2565800e-03  7.7333982e-01  6.3391736e-01  1.4072000e+02]
 [ 9.7420696e-01  1.4578296e-01 -1.7109792e-01 -1.1800300e+03]
 [ 0.0000000e+00  0.0000000e+00  0.0000000e+00  1.0000000e+00]]
[+0122.30, +0038.50, -1093.02]
1645, 1443, 963
[[-2.2531450e-01  6.1702870e-01 -7.5358020e-01  9.6430000e+01]
 [-4.5553000e-03  7.7310518e-01  6.3417012e-01  1.4066000e+02]
 [ 9.7395420e-01  1.4651988e-01 -1.7130932e-01 -1.1800400e+03]
 [ 0.0000000e+00  0.0000000e+00  0.0000000e+00  1.0000000e+00]]
[+0112.20, +0053.93, -1091.92]
1667, 1687, 1090
[[-2.2518544e-01  6.1665408e-01 -7.5401112e-01  9.6340000e+01]
 [-4.0975200e-03  7.7352886e-01  6.3367542e-01  1.4069000e+02]
 [ 9.7405248e-01  1.4594202e-01 -1.7160394e-01 -1.1800200e+03]
 [ 0.0000000e+00  0.0000000e+00  0.0000000e+00  1.0000000e+00]]
[+0122.25, +0038.31, -1092.95]
1951, 1556, 1294
[[-2.2727170e-01  6.1614740e-01 -7.5382300e-01  9.6270000e+01]
 [-4.5662800e-03  7.7362646e-01  6.3355840e-01  1.4066000e+02]
 [ 9.7358404e-01  1.4757872e-01 -1.7295720e-01 -1.1800200e+03]
 [ 0.0000000e+00  0.0000000e+00  0.0000000e+00  1.0000000e+00]]
[+0092.00, +0060.52, -1103.30]
1667, 1687, 1090
[[-2.2491394e-01  6.1688150e-01 -7.5399932e-01  9.6400000e+01]
 [-4.7858200e-03  7.7329430e-01  6.3397724e-01  1.4071000e+02]
 [ 9.7418420e-01  1.4631220e-01 -1.7093160e-01 -1.1800300e+03]
 [ 0.0000000e+00  0.0000000e+00  0.0000000e+00  1.0000000e+00]]
[+0122.08, +0036.59, -1092.50]
1335, 1529, 1448
[[-2.2512594e-01  6.1667434e-01 -7.5407526e-01  9.6380000e+01]
 [-5.4623400e-03  7.7333148e-01  6.3391978e-01  1.4067000e+02]
 [ 9.7410826e-01  1.4695878e-01 -1.7068242e-01 -1.1800400e+03]
 [ 0.0000000e+00  0.0000000e+00  0.0000000e+00  1.0000000e+00]]
[+0079.69, -0009.26, -1085.10]
1667, 1687, 1090
[[-2.2558596e-01  6.1661268e-01 -7.5399244e-01  9.6330000e+01]
 [-4.2676400e-03  7.7350614e-01  6.3371682e-01  1.4069000e+02]
 [ 9.7401108e-01  1.4630114e-01 -1.7181546e-01 -1.1800300e+03]
 [ 0.0000000e+00  0.0000000e+00  0.0000000e+00  1.0000000e+00]]
[+0122.71, +0040.95, -1093.35]
1701, 1858, 1137
[[-2.2588066e-01  6.1635952e-01 -7.5421560e-01  9.6320000e+01]
 [-4.5208000e-03  7.7367230e-01  6.3353520e-01  1.4071000e+02]
 [ 9.7402248e-01  1.4658864e-01 -1.7194400e-01 -1.1800300e+03]
 [ 0.0000000e+00  0.0000000e+00  0.0000000e+00  1.0000000e+00]]
[+0132.54, +0033.21, -1098.27]
1153, 904, 2041
[[-2.2579780e-01  6.1640522e-01 -7.5406826e-01  9.6320000e+01]
 [-4.9442200e-03  7.7354348e-01  6.3365966e-01  1.4057000e+02]
 [ 9.7393526e-01  1.4694766e-01 -1.7156628e-01 -1.1799900e+03]
 [ 0.0000000e+00  0.0000000e+00  0.0000000e+00  1.0000000e+00]]
[+0005.63, -0028.41, -1160.16]
1701, 1858, 1137
[[-2.2539720e-01  6.1644672e-01 -7.5408684e-01  9.6310000e+01]
 [-4.7740800e-03  7.7356640e-01  6.3361816e-01  1.4070000e+02]
 [ 9.7397676e-01  1.4658856e-01 -1.7135464e-01 -1.1801400e+03]
 [ 0.0000000e+00  0.0000000e+00  0.0000000e+00  1.0000000e+00]]
[+0132.73, +0032.95, -1098.13]
1938, 2237, 1681
[[-2.2731012e-01  6.1509238e-01 -7.5475946e-01  9.6100000e+01]
 [-3.8523800e-03  7.7463870e-01  6.3234446e-01  1.4067000e+02]
 [ 9.7364554e-01  1.4675054e-01 -1.7367618e-01 -1.1801300e+03]
 [ 0.0000000e+00  0.0000000e+00  0.0000000e+00  1.0000000e+00]]
[+0116.54, +0008.37, -1105.35]
1701, 1858, 1137
[[-2.2480800e-01  6.1661688e-01 -7.5409384e-01  9.6400000e+01]
 [-4.8157600e-03  7.7348334e-01  6.3371262e-01  1.4071000e+02]
 [ 9.7408968e-01  1.4628226e-01 -1.7084850e-01 -1.1800300e+03]
 [ 0.0000000e+00  0.0000000e+00  0.0000000e+00  1.0000000e+00]]
[+0128.64, +0031.91, -1097.38]
2015, 1671, 1130
[[-2.2716576e-01  6.1632512e-01 -7.5375856e-01  9.6290000e+01]
 [-4.1542400e-03  7.7356640e-01  6.3364528e-01  1.4071000e+02]
 [ 9.7364848e-01  1.4719696e-01 -1.7312320e-01 -1.1800100e+03]
 [ 0.0000000e+00  0.0000000e+00  0.0000000e+00  1.0000000e+00]]
[+0113.49, +0068.12, -1112.51]
1701, 1858, 1137
[[-2.2459624e-01  6.1687696e-01 -7.5416544e-01  9.6390000e+01]
 [-4.1921600e-03  7.7344568e-01  6.3381168e-01  1.4073000e+02]
 [ 9.7431264e-01  1.4559408e-01 -1.7109792e-01 -1.1800000e+03]
 [ 0.0000000e+00  0.0000000e+00  0.0000000e+00  1.0000000e+00]]
[+0132.50, +0029.88, -1097.96]
782, 1668, 1134
[[-2.2266472e-01  6.1806720e-01 -7.5367788e-01  9.6600000e+01]
 [-4.5768000e-03  7.7260550e-01  6.3481380e-01  1.4075000e+02]
 [ 9.7468788e-01  1.4492220e-01 -1.6915922e-01 -1.1800400e+03]
 [ 0.0000000e+00  0.0000000e+00  0.0000000e+00  1.0000000e+00]]
[+0127.08, -0051.25, -1099.71]
764, 1414, 1321
[[-2.2255874e-01  6.1780260e-01 -7.5377256e-01  9.6560000e+01]
 [-4.6064400e-03  7.7279486e-01  6.3454920e-01  1.4070000e+02]
 [ 9.7459320e-01  1.4489256e-01 -1.6907584e-01 -1.1800400e+03]
 [ 0.0000000e+00  0.0000000e+00  0.0000000e+00  1.0000000e+00]]
[+0089.57, -0059.85, -1096.88]
782, 1668, 1134
[[-2.2363008e-01  6.1754576e-01 -7.5389552e-01  9.6500000e+01]
 [-4.3105600e-03  7.7298414e-01  6.3437146e-01  1.4072000e+02]
 [ 9.7452688e-01  1.4519974e-01 -1.7016978e-01 -1.1800300e+03]
 [ 0.0000000e+00  0.0000000e+00  0.0000000e+00  1.0000000e+00]]
[+0129.57, -0053.92, -1101.79]
1519, 2132, 1833
[[-2.2644754e-01  6.1548968e-01 -7.5475610e-01  9.6160000e+01]
 [-4.5812000e-03  7.7432160e-01  6.3274120e-01  1.4066000e+02]
 [ 9.7389082e-01  1.4681576e-01 -1.7249650e-01 -1.1800700e+03]
 [ 0.0000000e+00  0.0000000e+00  0.0000000e+00  1.0000000e+00]]
[+0103.51, -0031.19, -1107.88]
782, 1668, 1134
[[-2.2325328e-01  6.1799160e-01 -7.5347136e-01  9.6590000e+01]
 [-4.3344000e-03  7.7260550e-01  6.3479470e-01  1.4076000e+02]
 [ 9.7448136e-01  1.4515330e-01 -1.6974778e-01 -1.1800200e+03]
 [ 0.0000000e+00  0.0000000e+00  0.0000000e+00  1.0000000e+00]]
[+0126.21, -0051.54, -1099.50]
1334, 1353, 759
[[-2.2407812e-01  6.1792548e-01 -7.5329832e-01  9.6550000e+01]
 [-5.3623200e-03  7.7240828e-01  6.3503068e-01  1.4073000e+02]
 [ 9.7430052e-01  1.4649512e-01 -1.6970884e-01 -1.1800400e+03]
 [ 0.0000000e+00  0.0000000e+00  0.0000000e+00  1.0000000e+00]]
[+0125.71, +0044.36, -1082.14]
782, 1668, 1134
[[-2.2354762e-01  6.1749758e-01 -7.5394796e-01  9.6530000e+01]
 [-4.9344200e-03  7.7293878e-01  6.3441964e-01  1.4074000e+02]
 [ 9.7453396e-01  1.4563436e-01 -1.6970884e-01 -1.1800400e+03]
 [ 0.0000000e+00  0.0000000e+00  0.0000000e+00  1.0000000e+00]]
[+0128.95, -0053.57, -1101.23]
1880, 1774, 1429
[[-2.2617540e-01  6.1575858e-01 -7.5439726e-01  9.6250000e+01]
 [-5.0158600e-03  7.7400414e-01  6.3307758e-01  1.4065000e+02]
 [ 9.7378062e-01  1.4715214e-01 -1.7190690e-01 -1.1800400e+03]
 [ 0.0000000e+00  0.0000000e+00  0.0000000e+00  1.0000000e+00]]
[+0100.36, +0038.76, -1096.44]
1132, 2000, 1975
[[-2.2497384e-01  6.1554688e-01 -7.5490640e-01  9.6260000e+01]
 [-5.0528000e-03  7.7432160e-01  6.3268400e-01  1.4064000e+02]
 [ 9.7404112e-01  1.4634416e-01 -1.7102280e-01 -1.1800300e+03]
 [ 0.0000000e+00  0.0000000e+00  0.0000000e+00  1.0000000e+00]]
[+0090.41, -0064.19, -1131.66]
1880, 1774, 1429
[[-2.2628130e-01  6.1621206e-01 -7.5390218e-01  9.6300000e+01]
 [-4.5850600e-03  7.7364942e-01  6.3349374e-01  1.4068000e+02]
 [ 9.7368618e-01  1.4703074e-01 -1.7215572e-01 -1.1800300e+03]
 [ 0.0000000e+00  0.0000000e+00  0.0000000e+00  1.0000000e+00]]
[+0099.24, +0041.10, -1097.14]
1509, 1812, 907
[[-2.2421896e-01  6.1717572e-01 -7.5379456e-01  9.6450000e+01]
 [-4.3628400e-03  7.7315070e-01  6.3411768e-01  1.4073000e+02]
 [ 9.7421408e-01  1.4566536e-01 -1.7059210e-01 -1.1800100e+03]
 [ 0.0000000e+00  0.0000000e+00  0.0000000e+00  1.0000000e+00]]
[+0146.56, +0028.57, -1099.59]
1880, 1774, 1429
[[-2.2588066e-01  6.1615922e-01 -7.5412118e-01  9.6260000e+01]
 [-4.6152200e-03  7.7375532e-01  6.3337642e-01  1.4066000e+02]
 [ 9.7382218e-01  1.4674742e-01 -1.7186098e-01 -1.1800500e+03]
 [ 0.0000000e+00  0.0000000e+00  0.0000000e+00  1.0000000e+00]]
[+0098.33, +0038.85, -1096.67]
1807, 1465, 1457
[[-2.2542052e-01  6.1636822e-01 -7.5415134e-01  9.6330000e+01]
 [-5.6624200e-03  7.7349740e-01  6.3369666e-01  1.4066000e+02]
 [ 9.7397226e-01  1.4728794e-01 -1.7081108e-01 -1.1800600e+03]
 [ 0.0000000e+00  0.0000000e+00  0.0000000e+00  1.0000000e+00]]
[+0070.76, +0042.14, -1096.54]
1880, 1774, 1429
[[-2.2558596e-01  6.1622360e-01 -7.5429860e-01  9.6300000e+01]
 [-4.7626000e-03  7.7375532e-01  6.3340648e-01  1.4066000e+02]
 [ 9.7399960e-01  1.4661148e-01 -1.7156628e-01 -1.1800500e+03]
 [ 0.0000000e+00  0.0000000e+00  0.0000000e+00  1.0000000e+00]]
[+0101.41, +0038.71, -1096.42]
1460, 759, 2225
[[-2.2615272e-01  6.1472248e-01 -7.5539832e-01  9.6170000e+01]
 [-5.6656800e-03  7.7481816e-01  6.3210872e-01  1.4045000e+02]
 [ 9.7389848e-01  1.4734248e-01 -1.7170512e-01 -1.1799700e+03]
 [ 0.0000000e+00  0.0000000e+00  0.0000000e+00  1.0000000e+00]]
[+0003.63, -0001.64, -1179.29]
1852, 907, 2225
[[-2.3074738e-01  6.1263344e-01 -7.5572220e-01  9.5790000e+01]
 [-5.1265600e-03  7.7606528e-01  6.3058560e-01  1.4039000e+02]
 [ 9.7283580e-01  1.4948160e-01 -1.7589810e-01 -1.1799400e+03]
 [ 0.0000000e+00  0.0000000e+00  0.0000000e+00  1.0000000e+00]]
[+0010.15, +0015.33, -1164.49]
1460, 759, 2225
[[-2.2594128e-01  6.1487720e-01 -7.5517504e-01  9.6150000e+01]
 [-4.9360000e-03  7.7478150e-01  6.3212450e-01  1.4058000e+02]
 [ 9.7382696e-01  1.4673710e-01 -1.7195322e-01 -1.1800100e+03]
 [ 0.0000000e+00  0.0000000e+00  0.0000000e+00  1.0000000e+00]]
[+0003.76, -0002.05, -1179.43]
1118, 1660, 2223
[[-2.2524610e-01  6.1459370e-01 -7.5567690e-01  9.6200000e+01]
 [-5.4074600e-03  7.7505260e-01  6.3180222e-01  1.4070000e+02]
 [ 9.7403478e-01  1.4655330e-01 -1.7119826e-01 -1.1800500e+03]
 [ 0.0000000e+00  0.0000000e+00  0.0000000e+00  1.0000000e+00]]
[+0053.35, -0061.86, -1147.69]
1460, 759, 2225
[[-2.2615272e-01  6.1491152e-01 -7.5499776e-01  9.6160000e+01]
 [-5.2651200e-03  7.7465280e-01  6.3226064e-01  1.4059000e+02]
 [ 9.7370944e-01  1.4719056e-01 -1.7187048e-01 -1.1800300e+03]
 [ 0.0000000e+00  0.0000000e+00  0.0000000e+00  1.0000000e+00]]
[+0004.43, -0003.19, -1179.80]
1462, 757, 815
[[-2.2424244e-01  6.1748618e-01 -7.5355234e-01  9.6520000e+01]
 [-4.7565400e-03  7.7283276e-01  6.3450638e-01  1.4076000e+02]
 [ 9.7422158e-01  1.4605406e-01 -1.7029764e-01 -1.1800300e+03]
 [ 0.0000000e+00  0.0000000e+00  0.0000000e+00  1.0000000e+00]]
[+0063.41, +0079.32, -1098.65]
1460, 759, 2225
[[-2.2703730e-01  6.1439288e-01 -7.5541366e-01  9.6080000e+01]
 [-5.6780000e-03  7.7498336e-01  6.3190888e-01  1.4055000e+02]
 [ 9.7370230e-01  1.4785960e-01 -1.7242450e-01 -1.1800100e+03]
 [ 0.0000000e+00  0.0000000e+00  0.0000000e+00  1.0000000e+00]]
[+0003.72, -0000.62, -1179.76]
