950, 950, 950
[[-8.103202e-02  9.956705e-01 -4.343420e-02 -6.118000e+01]
 [ 2.576950e-02  4.574550e-02  9.985378e-01  1.322000e+02]
 [ 9.962842e-01  7.988780e-02 -2.927752e-02 -1.171600e+03]
 [ 0.000000e+00  0.000000e+00  0.000000e+00  1.000000e+00]]
[-0171.61, +0045.22, -1059.84]
1059, 1136, 1956
[[-8.2597800e-02  9.9537408e-01 -4.5363960e-02 -6.1410000e+01]
 [ 2.6647560e-02  4.7876600e-02  9.9834352e-01  1.3232000e+02]
 [ 9.9605088e-01  8.1426760e-02 -3.0316360e-02 -1.1715800e+03]
 [ 0.0000000e+00  0.0000000e+00  0.0000000e+00  1.0000000e+00]]
[-0244.54, +0054.99, -1125.00]
1369, 1496, 975
[[-8.0704500e-02  9.9546860e-01 -4.4582700e-02 -6.1270000e+01]
 [ 2.6921400e-02  4.7148720e-02  9.9828596e-01  1.3232000e+02]
 [ 9.9610270e-01  7.9635960e-02 -3.0353220e-02 -1.1715600e+03]
 [ 0.0000000e+00  0.0000000e+00  0.0000000e+00  1.0000000e+00]]
[-0123.13, +0025.81, -1081.28]
1231, 1874, 1000
[[-8.0704500e-02  9.9545368e-01 -4.4998260e-02 -6.1280000e+01]
 [ 2.6505840e-02  4.7528640e-02  9.9828248e-01  1.3236000e+02]
 [ 9.9611762e-01  7.9639440e-02 -2.9973300e-02 -1.1716000e+03]
 [ 0.0000000e+00  0.0000000e+00  0.0000000e+00  1.0000000e+00]]
[-0128.18, -0016.24, -1104.04]
2227, 1931, 2150
[[-8.5048900e-02  9.9505934e-01 -4.7229120e-02 -6.1640000e+01]
 [ 2.8701100e-02  5.0015900e-02  9.9816360e-01  1.3256000e+02]
 [ 9.9576600e-01  8.3733120e-02 -3.2631560e-02 -1.1715500e+03]
 [ 0.0000000e+00  0.0000000e+00  0.0000000e+00  1.0000000e+00]]
[-0170.29, +0068.55, -1107.10]
1872, 2113, 1781
[[-8.2212160e-02  9.9527152e-01 -4.6060880e-02 -6.1420000e+01]
 [ 2.6724320e-02  4.8667440e-02  9.9821348e-01  1.3245000e+02]
 [ 9.9597832e-01  8.1110680e-02 -3.0342160e-02 -1.1715800e+03]
 [ 0.0000000e+00  0.0000000e+00  0.0000000e+00  1.0000000e+00]]
[-0155.59, +0018.53, -1100.38]
1464, 1084, 1246
[[-8.0674820e-02  9.9546462e-01 -4.4407080e-02 -6.1270000e+01]
 [ 2.6330220e-02  4.6937980e-02  9.9829908e-01  1.3228000e+02]
 [ 9.9610668e-01  7.9652520e-02 -2.9732840e-02 -1.1715800e+03]
 [ 0.0000000e+00  0.0000000e+00  0.0000000e+00  1.0000000e+00]]
[-0159.08, +0078.46, -1076.82]
1618, 1543, 909
[[-8.1751120e-02  9.9542356e-01 -4.4768040e-02 -6.1310000e+01]
 [ 2.6890360e-02  4.7317820e-02  9.9832182e-01  1.3235000e+02]
 [ 9.9606684e-01  8.0631780e-02 -3.0429300e-02 -1.1715700e+03]
 [ 0.0000000e+00  0.0000000e+00  0.0000000e+00  1.0000000e+00]]
[-0100.48, +0039.83, -1095.28]
1272, 2130, 1916
[[-8.2643280e-02  9.9533812e-01 -4.6770360e-02 -6.1480000e+01]
 [ 2.6390280e-02  4.9236300e-02  9.9831326e-01  1.3246000e+02]
 [ 9.9608684e-01  8.1411540e-02 -3.0204420e-02 -1.1715700e+03]
 [ 0.0000000e+00  0.0000000e+00  0.0000000e+00  1.0000000e+00]]
[-0197.26, -0011.65, -1123.66]
1536, 1342, 1578
[[-8.2152000e-02  9.9549432e-01 -4.5094240e-02 -6.1370000e+01]
 [ 2.6173520e-02  4.7486400e-02  9.9843696e-01  1.3235000e+02]
 [ 9.9617136e-01  8.0947360e-02 -2.9859840e-02 -1.1715800e+03]
 [ 0.0000000e+00  0.0000000e+00  0.0000000e+00  1.0000000e+00]]
[-0176.86, +0067.61, -1083.58]
1612, 1897, 2241
[[-8.2843620e-02  9.9511908e-01 -4.6768140e-02 -6.1560000e+01]
 [ 2.6178120e-02  4.9415000e-02  9.9813284e-01  1.3248000e+02]
 [ 9.9587346e-01  8.1807560e-02 -2.9825380e-02 -1.1715900e+03]
 [ 0.0000000e+00  0.0000000e+00  0.0000000e+00  1.0000000e+00]]
[-0211.89, +0035.59, -1115.52]
909, 1737, 1190
[[-8.0630900e-02  9.9545532e-01 -4.4247540e-02 -6.1220000e+01]
 [ 2.5339560e-02  4.6716440e-02  9.9831748e-01  1.3228000e+02]
 [ 9.9611598e-01  7.9678040e-02 -2.8707700e-02 -1.1716100e+03]
 [ 0.0000000e+00  0.0000000e+00  0.0000000e+00  1.0000000e+00]]
[-0172.02, -0025.00, -1102.07]
858, 1827, 1787
[[-8.1305640e-02  9.9541364e-01 -4.5221880e-02 -6.1290000e+01]
 [ 2.5684920e-02  4.7686860e-02  9.9831326e-01  1.3233000e+02]
 [ 9.9610924e-01  8.0254380e-02 -2.9213940e-02 -1.1716200e+03]
 [ 0.0000000e+00  0.0000000e+00  0.0000000e+00  1.0000000e+00]]
[-0218.20, -0017.90, -1133.49]
950, 1494, 2131
[[-8.2166920e-02  9.9547006e-01 -4.5909580e-02 -6.1450000e+01]
 [ 2.5741340e-02  4.8255960e-02  9.9842386e-01  1.3235000e+02]
 [ 9.9619562e-01  8.0945540e-02 -2.9506120e-02 -1.1715900e+03]
 [ 0.0000000e+00  0.0000000e+00  0.0000000e+00  1.0000000e+00]]
[-0244.89, +0023.33, -1144.34]
2033, 1760, 1005
[[-8.2612880e-02  9.9527208e-01 -4.5447720e-02 -6.1360000e+01]
 [ 2.6939280e-02  4.8077020e-02  9.9824112e-01  1.3243000e+02]
 [ 9.9594492e-01  8.1514080e-02 -3.0531860e-02 -1.1716200e+03]
 [ 0.0000000e+00  0.0000000e+00  0.0000000e+00  1.0000000e+00]]
[-0089.11, +0050.50, -1119.27]
1527, 1757, 1651
[[-8.1751120e-02  9.9529344e-01 -4.5491880e-02 -6.1360000e+01]
 [ 2.6159040e-02  4.8077020e-02  9.9821976e-01  1.3237000e+02]
 [ 9.9598908e-01  8.0733840e-02 -2.9670100e-02 -1.1715900e+03]
 [ 0.0000000e+00  0.0000000e+00  0.0000000e+00  1.0000000e+00]]
[-0177.33, +0027.34, -1088.95]
759, 997, 2109
[[-8.1090420e-02  9.9552658e-01 -4.5132500e-02 -6.1340000e+01]
 [ 2.5597420e-02  4.7497080e-02  9.9840470e-01  1.3226000e+02]
 [ 9.9622030e-01  7.9962500e-02 -2.9188500e-02 -1.1715500e+03]
 [ 0.0000000e+00  0.0000000e+00  0.0000000e+00  1.0000000e+00]]
[-0258.80, +0048.50, -1163.77]
1371, 2167, 1723
[[-8.179636e-02  9.953880e-01 -4.617436e-02 -6.139000e+01]
 [ 2.663364e-02  4.867804e-02  9.982920e-01  1.324400e+02]
 [ 9.961024e-01  8.061636e-02 -3.031636e-02 -1.171590e+03]
 [ 0.000000e+00  0.000000e+00  0.000000e+00  1.000000e+00]]
[-0172.07, -0012.37, -1113.64]
1174, 1876, 1574
[[-8.1335400e-02  9.9543232e-01 -4.4981640e-02 -6.1310000e+01]
 [ 2.6691720e-02  4.7518200e-02  9.9830384e-01  1.3235000e+02]
 [ 9.9609056e-01  8.0234040e-02 -3.0213960e-02 -1.1715800e+03]
 [ 0.0000000e+00  0.0000000e+00  0.0000000e+00  1.0000000e+00]]
[-0184.88, -0007.77, -1102.30]
1458, 891, 989
[[-8.1061060e-02  9.9555954e-01 -4.3917860e-02 -6.1240000e+01]
 [ 2.6045340e-02  4.6336600e-02  9.9842658e-01  1.3224000e+02]
 [ 9.9618734e-01  7.9969980e-02 -2.9517700e-02 -1.1715800e+03]
 [ 0.0000000e+00  0.0000000e+00  0.0000000e+00  1.0000000e+00]]
[-0135.92, +0095.28, -1081.29]
1249, 1004, 1427
[[-8.1506100e-02  9.9542492e-01 -4.4603660e-02 -6.1320000e+01]
 [ 2.6104120e-02  4.7106800e-02  9.9832964e-01  1.3228000e+02]
 [ 9.9608174e-01  8.0453240e-02 -2.9593540e-02 -1.1715900e+03]
 [ 0.0000000e+00  0.0000000e+00  0.0000000e+00  1.0000000e+00]]
[-0196.36, +0073.49, -1080.43]
2078, 2030, 1544
[[-8.2905220e-02  9.9515784e-01 -4.6286100e-02 -6.1480000e+01]
 [ 2.8191840e-02  4.9078520e-02  9.9811320e-01  1.3252000e+02]
 [ 9.9583470e-01  8.1765600e-02 -3.1825700e-02 -1.1715700e+03]
 [ 0.0000000e+00  0.0000000e+00  0.0000000e+00  1.0000000e+00]]
[-0122.63, +0040.79, -1103.96]
1805, 2117, 1188
[[-8.1781200e-02  9.9539744e-01 -4.5774880e-02 -6.1340000e+01]
 [ 2.6649920e-02  4.8288000e-02  9.9830144e-01  1.3244000e+02]
 [ 9.9609296e-01  8.0622080e-02 -3.0290640e-02 -1.1715800e+03]
 [ 0.0000000e+00  0.0000000e+00  0.0000000e+00  1.0000000e+00]]
[-0109.48, +0008.38, -1115.07]
1295, 825, 897
[[-8.0415880e-02  9.9558986e-01 -4.3534740e-02 -6.1210000e+01]
 [ 2.5875140e-02  4.5956600e-02  9.9841422e-01  1.3221000e+02]
 [ 9.9620526e-01  7.9380780e-02 -2.9252520e-02 -1.1715600e+03]
 [ 0.0000000e+00  0.0000000e+00  0.0000000e+00  1.0000000e+00]]
[-0140.62, +0088.50, -1072.52]
1229, 1149, 2041
[[-8.2382340e-02  9.9537194e-01 -4.5582960e-02 -6.1440000e+01]
 [ 2.6244540e-02  4.8066300e-02  9.9833632e-01  1.3234000e+02]
 [ 9.9606944e-01  8.1233520e-02 -2.9911200e-02 -1.1715500e+03]
 [ 0.0000000e+00  0.0000000e+00  0.0000000e+00  1.0000000e+00]]
[-0239.91, +0066.37, -1127.43]
1950, 1229, 1767
[[-8.2828420e-02  9.9537452e-01 -4.5336380e-02 -6.1420000e+01]
 [ 2.7242120e-02  4.7887280e-02  9.9834308e-01  1.3237000e+02]
 [ 9.9603398e-01  8.1612520e-02 -3.0937140e-02 -1.1715700e+03]
 [ 0.0000000e+00  0.0000000e+00  0.0000000e+00  1.0000000e+00]]
[-0166.80, +0105.07, -1108.70]
2155, 833, 1608
[[-8.4277200e-02  9.9523584e-01 -4.4592120e-02 -6.1560000e+01]
 [ 2.7734400e-02  4.7275100e-02  9.9831440e-01  1.3235000e+02]
 [ 9.9584820e-01  8.3105120e-02 -3.1394260e-02 -1.1715200e+03]
 [ 0.0000000e+00  0.0000000e+00  0.0000000e+00  1.0000000e+00]]
[-0152.30, +0130.64, -1143.61]
2216, 1931, 1420
[[-8.3737300e-02  9.9524034e-01 -4.5965820e-02 -6.1550000e+01]
 [ 2.8488780e-02  4.8678040e-02  9.9824466e-01  1.3251000e+02]
 [ 9.9589386e-01  8.2466220e-02 -3.2257300e-02 -1.1715500e+03]
 [ 0.0000000e+00  0.0000000e+00  0.0000000e+00  1.0000000e+00]]
[-0110.75, +0054.16, -1111.09]
901, 767, 2111
[[-8.2709700e-02  9.9536666e-01 -4.4428320e-02 -6.1420000e+01]
 [ 2.5086180e-02  4.6851900e-02  9.9839704e-01  1.3221000e+02]
 [ 9.9604184e-01  8.1677280e-02 -2.8644840e-02 -1.1715700e+03]
 [ 0.0000000e+00  0.0000000e+00  0.0000000e+00  1.0000000e+00]]
[-0254.76, +0074.81, -1165.39]
2070, 1715, 1516
[[-8.3706340e-02  9.9524370e-01 -4.5583020e-02 -6.1520000e+01]
 [ 2.8105980e-02  4.8277400e-02  9.9826014e-01  1.3245000e+02]
 [ 9.9589050e-01  8.2481700e-02 -3.1825700e-02 -1.1715200e+03]
 [ 0.0000000e+00  0.0000000e+00  0.0000000e+00  1.0000000e+00]]
[-0124.47, +0067.63, -1100.69]
1844, 2192, 1234
[[-8.2412500e-02  9.9536822e-01 -4.5966040e-02 -6.1420000e+01]
 [ 2.6627620e-02  4.8467100e-02  9.9832124e-01  1.3247000e+02]
 [ 9.9607316e-01  8.1218440e-02 -3.0342160e-02 -1.1715500e+03]
 [ 0.0000000e+00  0.0000000e+00  0.0000000e+00  1.0000000e+00]]
[-0111.33, +0006.89, -1117.32]
878, 1840, 1713
[[-8.1706600e-02  9.9550690e-01 -4.4924500e-02 -6.1370000e+01]
 [ 2.5591660e-02  4.7285900e-02  9.9843362e-01  1.3231000e+02]
 [ 9.9619138e-01  8.0564500e-02 -2.9213940e-02 -1.1715500e+03]
 [ 0.0000000e+00  0.0000000e+00  0.0000000e+00  1.0000000e+00]]
[-0213.91, -0018.39, -1129.27]
2026, 754, 2159
[[-8.2910440e-02  9.9543536e-01 -4.2145880e-02 -6.1430000e+01]
 [ 2.7169880e-02  4.4752760e-02  9.9842624e-01  1.3216000e+02]
 [ 9.9595664e-01  8.1863320e-02 -3.0543240e-02 -1.1715000e+03]
 [ 0.0000000e+00  0.0000000e+00  0.0000000e+00  1.0000000e+00]]
[-0187.82, +0125.82, -1136.79]
1807, 1516, 2114
[[-8.2523600e-02  9.9540504e-01 -4.3782480e-02 -6.1450000e+01]
 [ 2.6313840e-02  4.6304560e-02  9.9838584e-01  1.3229000e+02]
 [ 9.9601992e-01  8.1458640e-02 -2.9808800e-02 -1.1715300e+03]
 [ 0.0000000e+00  0.0000000e+00  0.0000000e+00  1.0000000e+00]]
[-0161.82, +0065.36, -1088.31]
1068, 1462, 1393
[[-8.2078600e-02  9.9543928e-01 -4.2989160e-02 -6.1350000e+01]
 [ 2.6355560e-02  4.5534200e-02  9.9838728e-01  1.3223000e+02]
 [ 9.9601848e-01  8.1070440e-02 -2.9732840e-02 -1.1715200e+03]
 [ 0.0000000e+00  0.0000000e+00  0.0000000e+00  1.0000000e+00]]
[-0212.14, +0017.92, -1094.80]
2037, 1592, 1103
[[-8.3645380e-02  9.9537330e-01 -4.4301040e-02 -6.1520000e+01]
 [ 2.7864300e-02  4.6906300e-02  9.9839040e-01  1.3237000e+02]
 [ 9.9596896e-01  8.2412400e-02 -3.1532320e-02 -1.1715000e+03]
 [ 0.0000000e+00  0.0000000e+00  0.0000000e+00  1.0000000e+00]]
[-0140.01, +0078.84, -1098.46]
956, 2227, 1732
[[-8.1535780e-02  9.9541390e-01 -4.5194760e-02 -6.1280000e+01]
 [ 2.6279500e-02  4.7697500e-02  9.9831300e-01  1.3241000e+02]
 [ 9.9609276e-01  8.0440200e-02 -2.9834280e-02 -1.1715900e+03]
 [ 0.0000000e+00  0.0000000e+00  0.0000000e+00  1.0000000e+00]]
[-0183.19, -0034.77, -1142.97]
1635, 2238, 2067
[[-8.2998760e-02  9.9535192e-01 -4.5374760e-02 -6.1400000e+01]
 [ 2.6238760e-02  4.7855000e-02  9.9836568e-01  1.3243000e+02]
 [ 9.9604008e-01  8.1835560e-02 -2.9937000e-02 -1.1715600e+03]
 [ 0.0000000e+00  0.0000000e+00  0.0000000e+00  1.0000000e+00]]
[-0148.21, -0001.88, -1108.86]
1897, 1021, 1364
[[-8.2553040e-02  9.9550936e-01 -4.4065240e-02 -6.1400000e+01]
 [ 2.6804560e-02  4.6515900e-02  9.9846772e-01  1.3231000e+02]
 [ 9.9612356e-01  8.1347320e-02 -3.0429300e-02 -1.1715400e+03]
 [ 0.0000000e+00  0.0000000e+00  0.0000000e+00  1.0000000e+00]]
[-0164.51, +0117.79, -1114.91]
1696, 1288, 1264
[[-8.2337700e-02  9.9541442e-01 -4.3968640e-02 -6.1370000e+01]
 [ 2.6709620e-02  4.6515900e-02  9.9836744e-01  1.3229000e+02]
 [ 9.9602696e-01  8.1247040e-02 -3.0213960e-02 -1.1715400e+03]
 [ 0.0000000e+00  0.0000000e+00  0.0000000e+00  1.0000000e+00]]
[-0174.20, +0081.43, -1090.01]
1676, 2236, 2107
[[-8.2412500e-02  9.9539096e-01 -4.5342220e-02 -6.1410000e+01]
 [ 2.7251440e-02  4.7897880e-02  9.9832664e-01  1.3244000e+02]
 [ 9.9605042e-01  8.1213040e-02 -3.0911380e-02 -1.1715600e+03]
 [ 0.0000000e+00  0.0000000e+00  0.0000000e+00  1.0000000e+00]]
[-0147.99, -0002.26, -1108.81]
1649, 1392, 954
[[-8.2137160e-02  9.9531782e-01 -4.4063580e-02 -6.1370000e+01]
 [ 2.6806220e-02  4.6716440e-02  9.9825978e-01  1.3231000e+02]
 [ 9.9593202e-01  8.1139380e-02 -3.0213960e-02 -1.1715500e+03]
 [ 0.0000000e+00  0.0000000e+00  0.0000000e+00  1.0000000e+00]]
[-0175.79, +0068.67, -1086.50]
1792, 1174, 2108
[[-8.3013760e-02  9.9530248e-01 -4.4002480e-02 -6.1420000e+01]
 [ 2.7986480e-02  4.6727040e-02  9.9827512e-01  1.3232000e+02]
 [ 9.9588152e-01  8.1911120e-02 -3.1480960e-02 -1.1715100e+03]
 [ 0.0000000e+00  0.0000000e+00  0.0000000e+00  1.0000000e+00]]
[-0168.90, +0098.63, -1098.46]
1988, 2234, 1420
[[-8.2458340e-02  9.9528562e-01 -4.5809020e-02 -6.1470000e+01]
 [ 2.7926180e-02  4.8498780e-02  9.9820882e-01  1.3252000e+02]
 [ 9.9594782e-01  8.1285020e-02 -3.1558120e-02 -1.1715400e+03]
 [ 0.0000000e+00  0.0000000e+00  0.0000000e+00  1.0000000e+00]]
[-0130.31, +0020.61, -1107.03]
1560, 2243, 1736
[[-8.2612880e-02  9.9538740e-01 -4.5139560e-02 -6.1400000e+01]
 [ 2.7255000e-02  4.7697500e-02  9.9833950e-01  1.3243000e+02]
 [ 9.9603756e-01  8.1415700e-02 -3.0911380e-02 -1.1715400e+03]
 [ 0.0000000e+00  0.0000000e+00  0.0000000e+00  1.0000000e+00]]
[-0154.76, -0009.40, -1112.10]
1502, 888, 1946
[[-8.1877940e-02  9.9553608e-01 -4.3507200e-02 -6.1320000e+01]
 [ 2.6043600e-02  4.5924800e-02  9.9846800e-01  1.3224000e+02]
 [ 9.9614592e-01  8.0774560e-02 -2.9542900e-02 -1.1715500e+03]
 [ 0.0000000e+00  0.0000000e+00  0.0000000e+00  1.0000000e+00]]
[-0197.52, +0105.32, -1104.80]
1922, 1667, 895
[[-8.3229300e-02  9.9526704e-01 -4.4823280e-02 -6.1440000e+01]
 [ 2.7349600e-02  4.7486400e-02  9.9827400e-01  1.3238000e+02]
 [ 9.9590040e-01  8.2112720e-02 -3.0937140e-02 -1.1715300e+03]
 [ 0.0000000e+00  0.0000000e+00  0.0000000e+00  1.0000000e+00]]
[-0145.58, +0065.03, -1092.42]
1622, 1465, 1441
[[-8.2337700e-02  9.9530676e-01 -4.4068920e-02 -6.1360000e+01]
 [ 2.6601960e-02  4.6705760e-02  9.9827084e-01  1.3230000e+02]
 [ 9.9592668e-01  8.1343640e-02 -3.0024100e-02 -1.1715200e+03]
 [ 0.0000000e+00  0.0000000e+00  0.0000000e+00  1.0000000e+00]]
[-0175.53, +0059.66, -1085.21]
1588, 1664, 1035
[[-8.2137160e-02  9.9551834e-01 -4.4278900e-02 -6.1380000e+01]
 [ 2.6605700e-02  4.6716440e-02  9.9844966e-01  1.3232000e+02]
 [ 9.9614734e-01  8.0949500e-02 -3.0213960e-02 -1.1715400e+03]
 [ 0.0000000e+00  0.0000000e+00  0.0000000e+00  1.0000000e+00]]
[-0172.16, +0038.10, -1085.89]
2246, 912, 1202
[[-8.4708640e-02  9.9534048e-01 -4.4260880e-02 -6.1600000e+01]
 [ 2.8440720e-02  4.6895580e-02  9.9842322e-01  1.3235000e+02]
 [ 9.9591808e-01  8.3397420e-02 -3.2205220e-02 -1.1714800e+03]
 [ 0.0000000e+00  0.0000000e+00  0.0000000e+00  1.0000000e+00]]
[-0149.14, +0127.34, -1142.92]
1198, 1477, 1805
[[-8.2553040e-02  9.9540908e-01 -4.3957560e-02 -6.1430000e+01]
 [ 2.6904840e-02  4.6515900e-02  9.9837278e-01  1.3229000e+02]
 [ 9.9601588e-01  8.1442260e-02 -3.0429300e-02 -1.1714800e+03]
 [ 0.0000000e+00  0.0000000e+00  0.0000000e+00  1.0000000e+00]]
[-0203.19, +0027.82, -1088.91]
1526, 1170, 1622
[[-8.3600500e-02  9.9537804e-01 -4.3726780e-02 -6.1450000e+01]
 [ 2.7290040e-02  4.6304560e-02  9.9841284e-01  1.3229000e+02]
 [ 9.9596422e-01  8.2434840e-02 -3.0885700e-02 -1.1714800e+03]
 [ 0.0000000e+00  0.0000000e+00  0.0000000e+00  1.0000000e+00]]
[-0187.88, +0083.72, -1090.11]
994, 1477, 1280
[[-8.2093120e-02  9.9552344e-01 -4.3704160e-02 -6.1350000e+01]
 [ 2.6030960e-02  4.6114700e-02  9.9847168e-01  1.3225000e+02]
 [ 9.9614224e-01  8.0971520e-02 -2.9568180e-02 -1.1715200e+03]
 [ 0.0000000e+00  0.0000000e+00  0.0000000e+00  1.0000000e+00]]
[-0216.27, +0010.74, -1099.52]
1286, 1850, 1149
[[-8.3385040e-02  9.9536124e-01 -4.4362120e-02 -6.1430000e+01]
 [ 2.6470680e-02  4.6873900e-02  9.9840246e-01  1.3234000e+02]
 [ 9.9599764e-01  8.2244580e-02 -3.0100900e-02 -1.1715600e+03]
 [ 0.0000000e+00  0.0000000e+00  0.0000000e+00  1.0000000e+00]]
[-0182.20, +0001.46, -1097.26]
1610, 2120, 957
[[-8.3645380e-02  9.9525042e-01 -4.4817420e-02 -6.1480000e+01]
 [ 2.7340380e-02  4.7475640e-02  9.9829062e-01  1.3241000e+02]
 [ 9.9588378e-01  8.2512180e-02 -3.0962980e-02 -1.1715300e+03]
 [ 0.0000000e+00  0.0000000e+00  0.0000000e+00  1.0000000e+00]]
[-0152.22, +0003.19, -1102.26]
1467, 1626, 849
[[-8.2553040e-02  9.9539428e-01 -4.4373480e-02 -6.1440000e+01]
 [ 2.6488920e-02  4.6895580e-02  9.9836942e-01  1.3229000e+02]
 [ 9.9603068e-01  8.1445620e-02 -3.0049620e-02 -1.1715300e+03]
 [ 0.0000000e+00  0.0000000e+00  0.0000000e+00  1.0000000e+00]]
[-0179.31, +0035.48, -1085.52]
2215, 1497, 1910
[[-8.4107140e-02  9.9514378e-01 -4.4861560e-02 -6.1560000e+01]
 [ 2.8421660e-02  4.7686860e-02  9.9819292e-01  1.3240000e+02]
 [ 9.9574892e-01  8.2980440e-02 -3.2015440e-02 -1.1715100e+03]
 [ 0.0000000e+00  0.0000000e+00  0.0000000e+00  1.0000000e+00]]
[-0135.20, +0093.96, -1110.10]
1007, 1497, 918
[[-8.2494480e-02  9.9550876e-01 -4.3507040e-02 -6.1350000e+01]
 [ 2.5830440e-02  4.5903200e-02  9.9849532e-01  1.3225000e+02]
 [ 9.9612416e-01  8.1378280e-02 -2.9378320e-02 -1.1715500e+03]
 [ 0.0000000e+00  0.0000000e+00  0.0000000e+00  1.0000000e+00]]
[-0214.16, +0010.37, -1098.99]
1453, 798, 883
[[-8.2480040e-02  9.9542448e-01 -4.2792000e-02 -6.1320000e+01]
 [ 2.6155200e-02  4.5322700e-02  9.9841090e-01  1.3225000e+02]
 [ 9.9600048e-01  8.1477140e-02 -2.9542900e-02 -1.1715300e+03]
 [ 0.0000000e+00  0.0000000e+00  0.0000000e+00  1.0000000e+00]]
[-0200.85, +0112.43, -1110.95]
1510, 1156, 1648
[[-8.3184420e-02  9.9529434e-01 -4.3624900e-02 -6.1430000e+01]
 [ 2.7399340e-02  4.6315320e-02  9.9830130e-01  1.3223000e+02]
 [ 9.9587310e-01  8.2130300e-02 -3.0860100e-02 -1.1715000e+03]
 [ 0.0000000e+00  0.0000000e+00  0.0000000e+00  1.0000000e+00]]
[-0189.13, +0083.15, -1090.02]
1816, 1825, 1942
[[-8.3845920e-02  9.9525420e-01 -4.4406680e-02 -6.1420000e+01]
 [ 2.7552200e-02  4.7085360e-02  9.9830520e-01  1.3238000e+02]
 [ 9.9586332e-01  8.2713200e-02 -3.1152720e-02 -1.1715100e+03]
 [ 0.0000000e+00  0.0000000e+00  0.0000000e+00  1.0000000e+00]]
[-0147.65, +0042.47, -1090.92]
1446, 1375, 1069
[[-8.1907140e-02  9.9543978e-01 -4.3574880e-02 -6.1360000e+01]
 [ 2.6734980e-02  4.6136060e-02  9.9836008e-01  1.3225000e+02]
 [ 9.9603432e-01  8.0853280e-02 -3.0163240e-02 -1.1715300e+03]
 [ 0.0000000e+00  0.0000000e+00  0.0000000e+00  1.0000000e+00]]
[-0189.40, +0056.63, -1084.57]
1339, 1305, 1258
[[-8.2738900e-02  9.9540698e-01 -4.3563440e-02 -6.1370000e+01]
 [ 2.6717060e-02  4.6114700e-02  9.9839288e-01  1.3223000e+02]
 [ 9.9600152e-01  8.1652240e-02 -3.0213960e-02 -1.1715500e+03]
 [ 0.0000000e+00  0.0000000e+00  0.0000000e+00  1.0000000e+00]]
[-0199.25, +0054.92, -1085.62]
1357, 2087, 1064
[[-8.2597800e-02  9.9540416e-01 -4.4532120e-02 -6.1390000e+01]
 [ 2.7479400e-02  4.7117400e-02  9.9835040e-01  1.3235000e+02]
 [ 9.9602080e-01  8.1419880e-02 -3.1075560e-02 -1.1715000e+03]
 [ 0.0000000e+00  0.0000000e+00  0.0000000e+00  1.0000000e+00]]
[-0169.20, -0012.45, -1109.03]
980, 1841, 2224
[[-8.2093120e-02  9.9531552e-01 -4.3696880e-02 -6.1300000e+01]
 [ 2.6023680e-02  4.6304560e-02  9.9828012e-01  1.3226000e+02]
 [ 9.9593432e-01  8.1163080e-02 -2.9378320e-02 -1.1715500e+03]
 [ 0.0000000e+00  0.0000000e+00  0.0000000e+00  1.0000000e+00]]
[-0201.17, -0015.62, -1115.25]
1747, 1432, 1760
[[-8.2352500e-02  9.9531250e-01 -4.4052500e-02 -6.1410000e+01]
 [ 2.7001420e-02  4.6716440e-02  9.9826510e-01  1.3233000e+02]
 [ 9.9592094e-01  8.1334580e-02 -3.0429300e-02 -1.1715400e+03]
 [ 0.0000000e+00  0.0000000e+00  0.0000000e+00  1.0000000e+00]]
[-0163.68, +0075.82, -1088.95]
1329, 1743, 2223
[[-8.2753620e-02  9.9539798e-01 -4.3962920e-02 -6.1380000e+01]
 [ 2.6700580e-02  4.6505180e-02  9.9838388e-01  1.3228000e+02]
 [ 9.9601052e-01  8.1646520e-02 -3.0239440e-02 -1.1715200e+03]
 [ 0.0000000e+00  0.0000000e+00  0.0000000e+00  1.0000000e+00]]
[-0185.40, +0012.49, -1091.66]
1898, 1099, 1714
[[-8.3570980e-02  9.9526616e-01 -4.3652360e-02 -6.1410000e+01]
 [ 2.6591440e-02  4.6282800e-02  9.9832948e-01  1.3230000e+02]
 [ 9.9586804e-01  8.2547720e-02 -3.0075220e-02 -1.1715500e+03]
 [ 0.0000000e+00  0.0000000e+00  0.0000000e+00  1.0000000e+00]]
[-0162.54, +0112.35, -1109.75]
1977, 955, 884
[[-8.4001860e-02  9.9525520e-01 -4.3629920e-02 -6.1420000e+01]
 [ 2.6981920e-02  4.6282800e-02  9.9834044e-01  1.3228000e+02]
 [ 9.9584560e-01  8.2938200e-02 -3.0506100e-02 -1.1715300e+03]
 [ 0.0000000e+00  0.0000000e+00  0.0000000e+00  1.0000000e+00]]
[-0161.56, +0125.11, -1125.46]
2157, 1850, 1339
[[-8.410714e-02  9.952440e-01 -4.496944e-02 -6.152000e+01]
 [ 2.832144e-02  4.768686e-02  9.982878e-01  1.324200e+02]
 [ 9.958568e-01  8.288556e-02 -3.201544e-02 -1.171530e+03]
 [ 0.000000e+00  0.000000e+00  0.000000e+00  1.000000e+00]]
[-0127.96, +0061.65, -1102.54]
1851, 1208, 2041
[[-8.2567880e-02  9.9542232e-01 -4.3733160e-02 -6.1420000e+01]
 [ 2.7512280e-02  4.6336600e-02  9.9836856e-01  1.3228000e+02]
 [ 9.9600264e-01  8.1431640e-02 -3.1024520e-02 -1.1714700e+03]
 [ 0.0000000e+00  0.0000000e+00  0.0000000e+00  1.0000000e+00]]
[-0167.89, +0095.48, -1098.29]
1325, 1157, 1563
[[-8.2738900e-02  9.9529932e-01 -4.3663760e-02 -6.1370000e+01]
 [ 2.6609400e-02  4.6304560e-02  9.9829632e-01  1.3228000e+02]
 [ 9.9590120e-01  8.1748800e-02 -3.0024100e-02 -1.1715000e+03]
 [ 0.0000000e+00  0.0000000e+00  0.0000000e+00  1.0000000e+00]]
[-0204.23, +0068.26, -1088.29]
977, 830, 1543
[[-8.2250580e-02  9.9541724e-01 -4.3027340e-02 -6.1300000e+01]
 [ 2.5352440e-02  4.5501680e-02  9.9840932e-01  1.3216000e+02]
 [ 9.9602414e-01  8.1292280e-02 -2.8732900e-02 -1.1715600e+03]
 [ 0.0000000e+00  0.0000000e+00  0.0000000e+00  1.0000000e+00]]
[-0236.95, +0074.09, -1105.77]
1921, 2040, 1032
[[-8.3675700e-02  9.9524706e-01 -4.5200220e-02 -6.1510000e+01]
 [ 2.7723180e-02  4.7876600e-02  9.9827546e-01  1.3243000e+02]
 [ 9.9588714e-01  8.2497020e-02 -3.1394260e-02 -1.1715200e+03]
 [ 0.0000000e+00  0.0000000e+00  0.0000000e+00  1.0000000e+00]]
[-0135.51, +0030.83, -1098.61]
2188, 1858, 1623
[[-8.3490600e-02  9.9526438e-01 -4.5178260e-02 -6.1550000e+01]
 [ 2.8327020e-02  4.7897880e-02  9.9825814e-01  1.3244000e+02]
 [ 9.9588646e-01  8.2283340e-02 -3.1989480e-02 -1.1714800e+03]
 [ 0.0000000e+00  0.0000000e+00  0.0000000e+00  1.0000000e+00]]
[-0128.09, +0065.79, -1104.18]
1397, 1908, 1524
[[-8.2738900e-02  9.9527730e-01 -4.4287700e-02 -6.1410000e+01]
 [ 2.5985460e-02  4.6873900e-02  9.9829122e-01  1.3233000e+02]
 [ 9.9592322e-01  8.1753900e-02 -2.9454760e-02 -1.1715400e+03]
 [ 0.0000000e+00  0.0000000e+00  0.0000000e+00  1.0000000e+00]]
[-0175.26, +0007.49, -1095.07]
1721, 2178, 1242
[[-8.4122500e-02  9.9513450e-01 -4.5261000e-02 -6.1500000e+01]
 [ 2.8404900e-02  4.8077020e-02  9.9818364e-01  1.3246000e+02]
 [ 9.9575820e-01  8.2974360e-02 -3.2041480e-02 -1.1714700e+03]
 [ 0.0000000e+00  0.0000000e+00  0.0000000e+00  1.0000000e+00]]
[-0144.08, +0005.96, -1104.63]
1241, 948, 1897
[[-8.2308340e-02  9.9542504e-01 -4.3377620e-02 -6.1370000e+01]
 [ 2.6534480e-02  4.5924800e-02  9.9838376e-01  1.3224000e+02]
 [ 9.9601634e-01  8.1260080e-02 -2.9973300e-02 -1.1715000e+03]
 [ 0.0000000e+00  0.0000000e+00  0.0000000e+00  1.0000000e+00]]
[-0215.25, +0083.40, -1096.70]
1881, 887, 922
[[-8.2983840e-02  9.9529812e-01 -4.3827560e-02 -6.1460000e+01]
 [ 2.7395560e-02  4.6515900e-02  9.9828852e-01  1.3229000e+02]
 [ 9.9588588e-01  8.1927640e-02 -3.0860100e-02 -1.1714900e+03]
 [ 0.0000000e+00  0.0000000e+00  0.0000000e+00  1.0000000e+00]]
[-0169.14, +0126.37, -1125.10]
1512, 1264, 848
[[-8.2122400e-02  9.9552740e-01 -4.3879400e-02 -6.1400000e+01]
 [ 2.6622040e-02  4.6326000e-02  9.9845872e-01  1.3227000e+02]
 [ 9.9613828e-01  8.0955200e-02 -3.0188560e-02 -1.1714800e+03]
 [ 0.0000000e+00  0.0000000e+00  0.0000000e+00  1.0000000e+00]]
[-0188.27, +0070.57, -1086.45]
2136, 1317, 2024
[[-8.3876160e-02  9.9515072e-01 -4.4681600e-02 -6.1540000e+01]
 [ 2.8035200e-02  4.7486400e-02  9.9819520e-01  1.3238000e+02]
 [ 9.9575872e-01  8.2792960e-02 -3.1584000e-02 -1.1714800e+03]
 [ 0.0000000e+00  0.0000000e+00  0.0000000e+00  1.0000000e+00]]
[-0142.83, +0104.62, -1112.60]
1428, 1870, 1974
[[-8.3429800e-02  9.9527838e-01 -4.4204540e-02 -6.1420000e+01]
 [ 2.7769380e-02  4.6906300e-02  9.9829014e-01  1.3233000e+02]
 [ 9.9587246e-01  8.2312140e-02 -3.1316740e-02 -1.1714900e+03]
 [ 0.0000000e+00  0.0000000e+00  0.0000000e+00  1.0000000e+00]]
[-0173.53, +0008.57, -1093.80]
1698, 960, 1707
[[-8.3786400e-02  9.9526068e-01 -4.3641160e-02 -6.1450000e+01]
 [ 2.6786680e-02  4.6282800e-02  9.9833496e-01  1.3229000e+02]
 [ 9.9585684e-01  8.2742960e-02 -3.0290640e-02 -1.1714900e+03]
 [ 0.0000000e+00  0.0000000e+00  0.0000000e+00  1.0000000e+00]]
[-0180.25, +0112.92, -1108.17]
1246, 1759, 1317
[[-8.2553040e-02  9.9539428e-01 -4.4373480e-02 -6.1400000e+01]
 [ 2.6488920e-02  4.6895580e-02  9.9836942e-01  1.3231000e+02]
 [ 9.9603068e-01  8.1445620e-02 -3.0049620e-02 -1.1715100e+03]
 [ 0.0000000e+00  0.0000000e+00  0.0000000e+00  1.0000000e+00]]
[-0189.21, +0005.48, -1095.17]
1370, 1412, 1440
[[-8.3169620e-02  9.9538146e-01 -4.3957200e-02 -6.1420000e+01]
 [ 2.6691540e-02  4.6494380e-02  9.9840040e-01  1.3229000e+02]
 [ 9.9599400e-01  8.2046000e-02 -3.0265000e-02 -1.1714900e+03]
 [ 0.0000000e+00  0.0000000e+00  0.0000000e+00  1.0000000e+00]]
[-0192.35, +0048.13, -1084.55]
915, 1763, 2171
[[-8.2107720e-02  9.9542144e-01 -4.3788120e-02 -6.1320000e+01]
 [ 2.6322840e-02  4.6315320e-02  9.9836944e-01  1.3226000e+02]
 [ 9.9603632e-01  8.1059160e-02 -2.9783400e-02 -1.1715000e+03]
 [ 0.0000000e+00  0.0000000e+00  0.0000000e+00  1.0000000e+00]]
[-0207.80, -0016.71, -1117.04]
1553, 820, 974
[[-8.2337700e-02  9.9543656e-01 -4.3344820e-02 -6.1400000e+01]
 [ 2.7333440e-02  4.5946080e-02  9.9837224e-01  1.3224000e+02]
 [ 9.9600482e-01  8.1242240e-02 -3.0783780e-02 -1.1714700e+03]
 [ 0.0000000e+00  0.0000000e+00  0.0000000e+00  1.0000000e+00]]
[-0192.90, +0116.53, -1112.93]
1286, 1412, 2143
[[-8.2567880e-02  9.9542232e-01 -4.3733160e-02 -6.1390000e+01]
 [ 2.7512280e-02  4.6336600e-02  9.9836856e-01  1.3227000e+02]
 [ 9.9600264e-01  8.1431640e-02 -3.1024520e-02 -1.1714700e+03]
 [ 0.0000000e+00  0.0000000e+00  0.0000000e+00  1.0000000e+00]]
[-0200.10, +0040.23, -1086.22]
1196, 1944, 1175
[[-8.2753620e-02  9.9538322e-01 -4.4378880e-02 -6.1400000e+01]
 [ 2.6284620e-02  4.6884780e-02  9.9838048e-01  1.3232000e+02]
 [ 9.9602528e-01  8.1649920e-02 -2.9859840e-02 -1.1715200e+03]
 [ 0.0000000e+00  0.0000000e+00  0.0000000e+00  1.0000000e+00]]
[-0185.27, -0011.85, -1107.07]
1997, 2149, 1624
[[-8.3922120e-02  9.9524610e-01 -4.5363580e-02 -6.1500000e+01]
 [ 2.8509100e-02  4.8087660e-02  9.9826710e-01  1.3248000e+02]
 [ 9.9587142e-01  8.2675100e-02 -3.2231220e-02 -1.1715100e+03]
 [ 0.0000000e+00  0.0000000e+00  0.0000000e+00  1.0000000e+00]]
[-0130.23, +0027.15, -1104.16]
1175, 1113, 2226
[[-8.2523600e-02  9.9541968e-01 -4.3366560e-02 -6.1360000e+01]
 [ 2.6729760e-02  4.5924800e-02  9.9838912e-01  1.3224000e+02]
 [ 9.9600528e-01  8.1455360e-02 -3.0188560e-02 -1.1714800e+03]
 [ 0.0000000e+00  0.0000000e+00  0.0000000e+00  1.0000000e+00]]
[-0216.88, +0060.18, -1091.00]
2020, 1372, 1552
[[-8.4247120e-02  9.9533940e-01 -4.4317240e-02 -6.1490000e+01]
 [ 2.7251400e-02  4.6873900e-02  9.9842430e-01  1.3236000e+02]
 [ 9.9595276e-01  8.3025300e-02 -3.0962980e-02 -1.1715200e+03]
 [ 0.0000000e+00  0.0000000e+00  0.0000000e+00  1.0000000e+00]]
[-0147.06, +0096.87, -1103.51]
1506, 872, 2206
[[-8.2293780e-02  9.9552700e-01 -4.3293680e-02 -6.1370000e+01]
 [ 2.6242600e-02  4.5724140e-02  9.9848600e-01  1.3222000e+02]
 [ 9.9612232e-01  8.1172400e-02 -2.9758080e-02 -1.1715100e+03]
 [ 0.0000000e+00  0.0000000e+00  0.0000000e+00  1.0000000e+00]]
[-0197.50, +0107.27, -1106.19]
1401, 990, 931
[[-8.2523600e-02  9.9552000e-01 -4.3474200e-02 -6.1380000e+01]
 [ 2.6629440e-02  4.5924800e-02  9.9848408e-01  1.3224000e+02]
 [ 9.9611292e-01  8.1360400e-02 -3.0188560e-02 -1.1714800e+03]
 [ 0.0000000e+00  0.0000000e+00  0.0000000e+00  1.0000000e+00]]
[-0202.18, +0089.39, -1095.37]
1924, 2192, 1806
[[-8.3490600e-02  9.9525670e-01 -4.5386300e-02 -6.1510000e+01]
 [ 2.8118980e-02  4.8087660e-02  9.9825650e-01  1.3248000e+02]
 [ 9.9589414e-01  8.2284980e-02 -3.1799700e-02 -1.1715000e+03]
 [ 0.0000000e+00  0.0000000e+00  0.0000000e+00  1.0000000e+00]]
[-0133.21, +0018.96, -1104.96]
1652, 1092, 1778
[[-8.2724260e-02  9.9540130e-01 -4.3579920e-02 -6.1380000e+01]
 [ 2.6317580e-02  4.6103900e-02  9.9839856e-01  1.3225000e+02]
 [ 9.9600720e-01  8.1661200e-02 -2.9808800e-02 -1.1714700e+03]
 [ 0.0000000e+00  0.0000000e+00  0.0000000e+00  1.0000000e+00]]
[-0182.76, +0095.78, -1096.63]
1260, 1837, 912
[[-8.2152000e-02  9.9552408e-01 -4.4262560e-02 -6.1400000e+01]
 [ 2.7005200e-02  4.6727040e-02  9.9844392e-01  1.3232000e+02]
 [ 9.9614160e-01  8.0940400e-02 -3.0619200e-02 -1.1715000e+03]
 [ 0.0000000e+00  0.0000000e+00  0.0000000e+00  1.0000000e+00]]
[-0185.51, +0000.00, -1098.12]
1789, 1208, 2231
[[-8.4016660e-02  9.9525360e-01 -4.3821280e-02 -6.1450000e+01]
 [ 2.7173280e-02  4.6483500e-02  9.9833304e-01  1.3232000e+02]
 [ 9.9584720e-01  8.2930800e-02 -3.0721600e-02 -1.1714700e+03]
 [ 0.0000000e+00  0.0000000e+00  0.0000000e+00  1.0000000e+00]]
[-0167.60, +0097.40, -1097.38]
1660, 2066, 1538
[[-8.3214260e-02  9.9526872e-01 -4.4631840e-02 -6.1440000e+01]
 [ 2.7158160e-02  4.7285900e-02  9.9828152e-01  1.3237000e+02]
 [ 9.9589872e-01  8.2120240e-02 -3.0721600e-02 -1.1714900e+03]
 [ 0.0000000e+00  0.0000000e+00  0.0000000e+00  1.0000000e+00]]
[-0152.65, +0007.72, -1099.24]
1641, 1053, 1031
[[-8.2494480e-02  9.9550876e-01 -4.3507040e-02 -6.1390000e+01]
 [ 2.5830440e-02  4.5903200e-02  9.9849532e-01  1.3225000e+02]
 [ 9.9612416e-01  8.1378280e-02 -2.9378320e-02 -1.1715100e+03]
 [ 0.0000000e+00  0.0000000e+00  0.0000000e+00  1.0000000e+00]]
[-0183.99, +0098.89, -1098.28]
1358, 829, 1794
[[-8.2480040e-02  9.9541008e-01 -4.3207920e-02 -6.1370000e+01]
 [ 2.5739280e-02  4.5702460e-02  9.9840762e-01  1.3221000e+02]
 [ 9.9601488e-01  8.1480420e-02 -2.9163140e-02 -1.1715100e+03]
 [ 0.0000000e+00  0.0000000e+00  0.0000000e+00  1.0000000e+00]]
[-0208.58, +0102.44, -1105.53]
784, 1154, 1052
[[-8.1634000e-02  9.9544448e-01 -4.3027360e-02 -6.1260000e+01]
 [ 2.5565440e-02  4.5523440e-02  9.9838208e-01  1.3219000e+02]
 [ 9.9604592e-01  8.0688640e-02 -2.8897600e-02 -1.1715300e+03]
 [ 0.0000000e+00  0.0000000e+00  0.0000000e+00  1.0000000e+00]]
[-0239.60, +0024.54, -1108.06]
1588, 1063, 1303
[[-8.2538280e-02  9.9531042e-01 -4.3658380e-02 -6.1410000e+01]
 [ 2.6813620e-02  4.6315320e-02  9.9828522e-01  1.3228000e+02]
 [ 9.9590658e-01  8.1544580e-02 -3.0213960e-02 -1.1714900e+03]
 [ 0.0000000e+00  0.0000000e+00  0.0000000e+00  1.0000000e+00]]
[-0185.64, +0097.74, -1096.83]
1336, 1312, 1089
[[-8.2939560e-02  9.9538856e-01 -4.3776840e-02 -6.1390000e+01]
 [ 2.6304840e-02  4.6293720e-02  9.9840232e-01  1.3226000e+02]
 [ 9.9600344e-01  8.1858120e-02 -2.9834280e-02 -1.1715100e+03]
 [ 0.0000000e+00  0.0000000e+00  0.0000000e+00  1.0000000e+00]]
[-0199.63, +0053.56, -1085.61]
2163, 2209, 1372
[[-8.3984520e-02  9.9513164e-01 -4.6229200e-02 -6.1550000e+01]
 [ 2.9166640e-02  4.9078520e-02  9.9813940e-01  1.3257000e+02]
 [ 9.9577780e-01  8.2740400e-02 -3.2905000e-02 -1.1714800e+03]
 [ 0.0000000e+00  0.0000000e+00  0.0000000e+00  1.0000000e+00]]
[-0124.43, +0032.86, -1109.25]
920, 1523, 1987
[[-8.2293780e-02  9.9541940e-01 -4.3394020e-02 -6.1280000e+01]
 [ 2.6135000e-02  4.5914040e-02  9.9838940e-01  1.3224000e+02]
 [ 9.9602198e-01  8.1269000e-02 -2.9568180e-02 -1.1715300e+03]
 [ 0.0000000e+00  0.0000000e+00  0.0000000e+00  1.0000000e+00]]
[-0218.51, +0002.92, -1105.59]
2100, 990, 1359
[[-8.4076660e-02  9.9526236e-01 -4.4170520e-02 -6.1520000e+01]
 [ 2.8354920e-02  4.6906300e-02  9.9830616e-01  1.3235000e+02]
 [ 9.9583844e-01  8.2897680e-02 -3.1963600e-02 -1.1714500e+03]
 [ 0.0000000e+00  0.0000000e+00  0.0000000e+00  1.0000000e+00]]
[-0153.86, +0124.50, -1129.84]
1695, 2038, 757
[[-8.2397380e-02  9.9540778e-01 -4.4734800e-02 -6.1430000e+01]
 [ 2.7475780e-02  4.7317820e-02  9.9833760e-01  1.3236000e+02]
 [ 9.9603360e-01  8.1217200e-02 -3.1075560e-02 -1.1714800e+03]
 [ 0.0000000e+00  0.0000000e+00  0.0000000e+00  1.0000000e+00]]
[-0152.99, +0010.52, -1098.08]
1658, 909, 1656
[[-8.2924960e-02  9.9549788e-01 -4.3485000e-02 -6.1390000e+01]
 [ 2.6221000e-02  4.5903200e-02  9.9850620e-01  1.3224000e+02]
 [ 9.9610212e-01  8.1768840e-02 -2.9808800e-02 -1.1715000e+03]
 [ 0.0000000e+00  0.0000000e+00  0.0000000e+00  1.0000000e+00]]
[-0185.93, +0111.72, -1109.13]
1488, 1720, 1723
[[-8.3169620e-02  9.9537408e-01 -4.4165220e-02 -6.1420000e+01]
 [ 2.6483520e-02  4.6684160e-02  9.9839872e-01  1.3232000e+02]
 [ 9.9600138e-01  8.2047680e-02 -3.0075220e-02 -1.1715100e+03]
 [ 0.0000000e+00  0.0000000e+00  0.0000000e+00  1.0000000e+00]]
[-0176.67, +0026.32, -1087.51]
1995, 1407, 1612
[[-8.3429800e-02  9.9527086e-01 -4.4412580e-02 -6.1480000e+01]
 [ 2.7561340e-02  4.7096120e-02  9.9828854e-01  1.3235000e+02]
 [ 9.9587998e-01  8.2313740e-02 -3.1126920e-02 -1.1714800e+03]
 [ 0.0000000e+00  0.0000000e+00  0.0000000e+00  1.0000000e+00]]
[-0148.08, +0092.85, -1100.72]
1419, 1603, 2048
[[-8.2768420e-02  9.9540374e-01 -4.3946440e-02 -6.1390000e+01]
 [ 2.7100060e-02  4.6515900e-02  9.9837812e-01  1.3230000e+02]
 [ 9.9600476e-01  8.1637480e-02 -3.0644680e-02 -1.1714800e+03]
 [ 0.0000000e+00  0.0000000e+00  0.0000000e+00  1.0000000e+00]]
[-0184.84, +0033.50, -1085.82]
1861, 1393, 1276
[[-8.401666e-02  9.953391e-01 -4.434524e-02 -6.146000e+01]
 [ 2.665674e-02  4.686294e-02  9.984246e-01  1.323400e+02]
 [ 9.959698e-01  8.283924e-02 -3.034216e-02 -1.171490e+03]
 [ 0.000000e+00  0.000000e+00  0.000000e+00  1.000000e+00]]
[-0157.67, +0086.64, -1094.25]
2171, 1174, 1081
[[-8.4693480e-02  9.9532688e-01 -4.4485880e-02 -6.1540000e+01]
 [ 2.7833080e-02  4.7074520e-02  9.9842768e-01  1.3238000e+02]
 [ 9.9593168e-01  8.3408120e-02 -3.1609960e-02 -1.1714800e+03]
 [ 0.0000000e+00  0.0000000e+00  0.0000000e+00  1.0000000e+00]]
[-0145.44, +0114.26, -1121.39]
1148, 1744, 1242
[[-8.275362e-02  9.953906e-01 -4.417090e-02 -6.140000e+01]
 [ 2.649260e-02  4.669500e-02  9.983822e-01  1.323200e+02]
 [ 9.960179e-01  8.164820e-02 -3.004962e-02 -1.171480e+03]
 [ 0.000000e+00  0.000000e+00  0.000000e+00  1.000000e+00]]
[-0195.93, -0000.72, -1099.84]
938, 2183, 1356
[[-8.1736200e-02  9.9531762e-01 -4.4676660e-02 -6.1330000e+01]
 [ 2.6591100e-02  4.7307260e-02  9.9823262e-01  1.3237000e+02]
 [ 9.9596490e-01  8.0735900e-02 -3.0024100e-02 -1.1715100e+03]
 [ 0.0000000e+00  0.0000000e+00  0.0000000e+00  1.0000000e+00]]
[-0185.87, -0034.64, -1141.65]
1429, 893, 2180
[[-8.2308340e-02  9.9531742e-01 -4.3477940e-02 -6.1370000e+01]
 [ 2.6426860e-02  4.6114700e-02  9.9828718e-01  1.3222000e+02]
 [ 9.9591602e-01  8.1356660e-02 -2.9783400e-02 -1.1714700e+03]
 [ 0.0000000e+00  0.0000000e+00  0.0000000e+00  1.0000000e+00]]
[-0201.26, +0102.78, -1102.98]
1039, 890, 1372
[[-8.2064160e-02  9.9543368e-01 -4.3005520e-02 -6.1310000e+01]
 [ 2.5956080e-02  4.5523440e-02  9.9839288e-01  1.3219000e+02]
 [ 9.9602408e-01  8.1079280e-02 -2.9327760e-02 -1.1715100e+03]
 [ 0.0000000e+00  0.0000000e+00  0.0000000e+00  1.0000000e+00]]
[-0231.64, +0073.02, -1101.62]
1291, 1900, 1893
[[-8.2553040e-02  9.9539428e-01 -4.4373480e-02 -6.1400000e+01]
 [ 2.6488920e-02  4.6895580e-02  9.9836942e-01  1.3233000e+02]
 [ 9.9603068e-01  8.1445620e-02 -3.0049620e-02 -1.1715100e+03]
 [ 0.0000000e+00  0.0000000e+00  0.0000000e+00  1.0000000e+00]]
[-0180.58, -0000.78, -1098.91]
1469, 940, 883
[[-8.2538280e-02  9.9541808e-01 -4.3558080e-02 -6.1400000e+01]
 [ 2.6921280e-02  4.6125420e-02  9.9838178e-01  1.3226000e+02]
 [ 9.9600688e-01  8.1448020e-02 -3.0403860e-02 -1.1714700e+03]
 [ 0.0000000e+00  0.0000000e+00  0.0000000e+00  1.0000000e+00]]
[-0196.79, +0101.69, -1101.04]
1863, 1764, 1737
[[-8.3199300e-02  9.9537068e-01 -4.4548140e-02 -6.1460000e+01]
 [ 2.6866440e-02  4.7085360e-02  9.9838388e-01  1.3237000e+02]
 [ 9.9600478e-01  8.2032840e-02 -3.0506100e-02 -1.1714900e+03]
 [ 0.0000000e+00  0.0000000e+00  0.0000000e+00  1.0000000e+00]]
[-0146.31, +0051.84, -1091.06]
1747, 1304, 1730
[[-8.1936660e-02  9.9533630e-01 -4.3850380e-02 -6.1400000e+01]
 [ 2.7218380e-02  4.6537100e-02  9.9825034e-01  1.3229000e+02]
 [ 9.9592990e-01  8.0933500e-02 -3.0593800e-02 -1.1714500e+03]
 [ 0.0000000e+00  0.0000000e+00  0.0000000e+00  1.0000000e+00]]
[-0170.39, +0085.63, -1091.77]
1502, 1492, 2207
[[-8.2538280e-02  9.9540336e-01 -4.3974000e-02 -6.1400000e+01]
 [ 2.6505360e-02  4.6505180e-02  9.9837850e-01  1.3228000e+02]
 [ 9.9602160e-01  8.1451300e-02 -3.0024100e-02 -1.1714900e+03]
 [ 0.0000000e+00  0.0000000e+00  0.0000000e+00  1.0000000e+00]]
[-0182.64, +0048.59, -1084.34]
2082, 1284, 1582
[[-8.3675700e-02  9.9527754e-01 -4.4367980e-02 -6.1510000e+01]
 [ 2.8555420e-02  4.7117400e-02  9.9828186e-01  1.3237000e+02]
 [ 9.9585666e-01  8.2490620e-02 -3.2153460e-02 -1.1714400e+03]
 [ 0.0000000e+00  0.0000000e+00  0.0000000e+00  1.0000000e+00]]
[-0146.45, +0106.02, -1111.01]
1174, 985, 1954
[[-8.3111220e-02  9.9538088e-01 -4.3399380e-02 -6.1350000e+01]
 [ 2.5717680e-02  4.5881280e-02  9.9842792e-01  1.3222000e+02]
 [ 9.9599458e-01  8.2076880e-02 -2.9213940e-02 -1.1715100e+03]
 [ 0.0000000e+00  0.0000000e+00  0.0000000e+00  1.0000000e+00]]
[-0220.02, +0074.01, -1095.33]
2019, 1152, 1835
[[-8.4262120e-02  9.9524498e-01 -4.4192660e-02 -6.1490000e+01]
 [ 2.7751180e-02  4.6884780e-02  9.9832354e-01  1.3234000e+02]
 [ 9.9583906e-01  8.3111060e-02 -3.1368340e-02 -1.1714700e+03]
 [ 0.0000000e+00  0.0000000e+00  0.0000000e+00  1.0000000e+00]]
[-0153.16, +0112.86, -1114.06]
1506, 1856, 902
[[-8.2998760e-02  9.9528906e-01 -4.4227020e-02 -6.1410000e+01]
 [ 2.7379020e-02  4.6906300e-02  9.9827946e-01  1.3233000e+02]
 [ 9.9589494e-01  8.1921780e-02 -3.0885700e-02 -1.1714800e+03]
 [ 0.0000000e+00  0.0000000e+00  0.0000000e+00  1.0000000e+00]]
[-0170.04, +0014.32, -1091.90]
2055, 1951, 988
[[-8.3891400e-02  9.9514148e-01 -4.5081040e-02 -6.1510000e+01]
 [ 2.8018480e-02  4.7876600e-02  9.9818596e-01  1.3243000e+02]
 [ 9.9576796e-01  8.2786960e-02 -3.1609960e-02 -1.1714800e+03]
 [ 0.0000000e+00  0.0000000e+00  0.0000000e+00  1.0000000e+00]]
[-0130.69, +0048.55, -1099.66]
1899, 1965, 1316
[[-8.2798260e-02  9.9527776e-01 -4.4845640e-02 -6.1440000e+01]
 [ 2.6959360e-02  4.7486400e-02  9.9826328e-01  1.3239000e+02]
 [ 9.9592276e-01  8.1722480e-02 -3.0506100e-02 -1.1714700e+03]
 [ 0.0000000e+00  0.0000000e+00  0.0000000e+00  1.0000000e+00]]
[-0142.41, +0031.52, -1095.56]
2073, 1877, 2225
[[-8.4091860e-02  9.9523798e-01 -4.4986180e-02 -6.1530000e+01]
 [ 2.7921980e-02  4.7676140e-02  9.9829382e-01  1.3243000e+02]
 [ 9.9586282e-01  8.2894820e-02 -3.1609960e-02 -1.1714800e+03]
 [ 0.0000000e+00  0.0000000e+00  0.0000000e+00  1.0000000e+00]]
[-0131.44, +0056.46, -1099.66]
1918, 1461, 814
[[-8.2567880e-02  9.9540744e-01 -4.4149080e-02 -6.1420000e+01]
 [ 2.7096360e-02  4.6716440e-02  9.9836536e-01  1.3231000e+02]
 [ 9.9601752e-01  8.1434840e-02 -3.0644680e-02 -1.1714700e+03]
 [ 0.0000000e+00  0.0000000e+00  0.0000000e+00  1.0000000e+00]]
[-0155.24, +0080.83, -1093.86]
1862, 1934, 1447
[[-8.2983840e-02  9.9537608e-01 -4.4559280e-02 -6.1430000e+01]
 [ 2.6671280e-02  4.7085360e-02  9.9837848e-01  1.3235000e+02]
 [ 9.9601592e-01  8.1837680e-02 -3.0290640e-02 -1.1714900e+03]
 [ 0.0000000e+00  0.0000000e+00  0.0000000e+00  1.0000000e+00]]
[-0145.68, +0033.03, -1093.93]
1044, 1108, 1602
[[-8.3786400e-02  9.9538312e-01 -4.3124640e-02 -6.1530000e+01]
 [ 2.7310560e-02  4.5713340e-02  9.9843458e-01  1.3229000e+02]
 [ 9.9594248e-01  8.2643340e-02 -3.0860100e-02 -1.1716800e+03]
 [ 0.0000000e+00  0.0000000e+00  0.0000000e+00  1.0000000e+00]]
[-0225.77, +0050.48, -1094.81]
2213, 1401, 1680
[[-8.5356100e-02  9.9500052e-01 -4.4527160e-02 -6.1750000e+01]
 [ 2.8702440e-02  4.7464800e-02  9.9815028e-01  1.3247000e+02]
 [ 9.9558268e-01  8.4272040e-02 -3.2283460e-02 -1.1716900e+03]
 [ 0.0000000e+00  0.0000000e+00  0.0000000e+00  1.0000000e+00]]
[-0137.84, +0100.17, -1113.50]
1618, 1114, 2064
[[-8.3801160e-02  9.9526646e-01 -4.3624460e-02 -6.1610000e+01]
 [ 2.7186140e-02  4.6293720e-02  9.9832918e-01  1.3231000e+02]
 [ 9.9585106e-01  8.2733980e-02 -3.0695880e-02 -1.1717000e+03]
 [ 0.0000000e+00  0.0000000e+00  0.0000000e+00  1.0000000e+00]]
[-0185.12, +0091.69, -1094.65]
1868, 877, 970
[[-8.4247120e-02  9.9525404e-01 -4.3793200e-02 -6.1660000e+01]
 [ 2.7767960e-02  4.6494380e-02  9.9833260e-01  1.3233000e+02]
 [ 9.9583000e-01  8.3117000e-02 -3.1342500e-02 -1.1716700e+03]
 [ 0.0000000e+00  0.0000000e+00  0.0000000e+00  1.0000000e+00]]
[-0170.35, +0126.65, -1125.65]
1454, 1123, 1681
[[-8.3987140e-02  9.9524946e-01 -4.3646660e-02 -6.1600000e+01]
 [ 2.6582460e-02  4.6271800e-02  9.9834618e-01  1.3231000e+02]
 [ 9.9585134e-01  8.2947180e-02 -3.0100900e-02 -1.1717200e+03]
 [ 0.0000000e+00  0.0000000e+00  0.0000000e+00  1.0000000e+00]]
[-0195.39, +0080.58, -1090.48]
1780, 1004, 1232
[[-8.3845920e-02  9.9527676e-01 -4.3782440e-02 -6.1650000e+01]
 [ 2.8176440e-02  4.6515900e-02  9.9830988e-01  1.3236000e+02]
 [ 9.9584076e-01  8.2708520e-02 -3.1722180e-02 -1.1716600e+03]
 [ 0.0000000e+00  0.0000000e+00  0.0000000e+00  1.0000000e+00]]
[-0173.67, +0113.83, -1109.76]
2069, 2244, 1495
[[-8.5433700e-02  9.9497720e-01 -4.5899600e-02 -6.1750000e+01]
 [ 2.9242000e-02  4.8846380e-02  9.9810836e-01  1.3262000e+02]
 [ 9.9560600e-01  8.4236360e-02 -3.2984080e-02 -1.1717000e+03]
 [ 0.0000000e+00  0.0000000e+00  0.0000000e+00  1.0000000e+00]]
[-0127.50, +0025.26, -1109.05]
1653, 1816, 1131
[[-8.4477780e-02  9.9533986e-01 -4.4289120e-02 -6.1600000e+01]
 [ 2.7846060e-02  4.6884780e-02  9.9842384e-01  1.3237000e+02]
 [ 9.9593552e-01  8.3211360e-02 -3.1584000e-02 -1.1716600e+03]
 [ 0.0000000e+00  0.0000000e+00  0.0000000e+00  1.0000000e+00]]
[-0165.37, +0032.29, -1089.16]
1073, 1894, 1518
[[-8.3385040e-02  9.9526832e-01 -4.4046360e-02 -6.1560000e+01]
 [ 2.6779040e-02  4.6684160e-02  9.9830928e-01  1.3235000e+02]
 [ 9.9588252e-01  8.2337760e-02 -3.0290640e-02 -1.1717000e+03]
 [ 0.0000000e+00  0.0000000e+00  0.0000000e+00  1.0000000e+00]]
[-0194.82, -0014.70, -1112.30]
850, 2011, 757
[[-8.3184420e-02  9.9527950e-01 -4.4040940e-02 -6.1500000e+01]
 [ 2.6983300e-02  4.6695000e-02  9.9829810e-01  1.3236000e+02]
 [ 9.9588794e-01  8.2133500e-02 -3.0480420e-02 -1.1716900e+03]
 [ 0.0000000e+00  0.0000000e+00  0.0000000e+00  1.0000000e+00]]
[-0198.62, -0033.26, -1139.10]
2199, 1659, 2216
[[-8.5572000e-02  9.9508768e-01 -4.4831760e-02 -6.1720000e+01]
 [ 2.8589040e-02  4.7654460e-02  9.9824902e-01  1.3249000e+02]
 [ 9.9568672e-01  8.4373860e-02 -3.2309700e-02 -1.1716600e+03]
 [ 0.0000000e+00  0.0000000e+00  0.0000000e+00  1.0000000e+00]]
[-0132.67, +0082.28, -1106.21]
1258, 1167, 1811
[[-8.4202600e-02  9.9534432e-01 -4.3743160e-02 -6.1600000e+01]
 [ 2.6677320e-02  4.6271800e-02  9.9844656e-01  1.3229000e+02]
 [ 9.9594784e-01  8.3047560e-02 -3.0316360e-02 -1.1717000e+03]
 [ 0.0000000e+00  0.0000000e+00  0.0000000e+00  1.0000000e+00]]
[-0208.99, +0061.64, -1088.79]
1447, 1189, 1549
[[-8.5265620e-02  9.9520302e-01 -4.3803820e-02 -6.1610000e+01]
 [ 2.7146220e-02  4.6450380e-02  9.9838362e-01  1.3234000e+02]
 [ 9.9579662e-01  8.4129180e-02 -3.0799240e-02 -1.1716800e+03]
 [ 0.0000000e+00  0.0000000e+00  0.0000000e+00  1.0000000e+00]]
[-0193.37, +0076.06, -1088.46]
1107, 941, 1601
[[-8.3757120e-02  9.9536432e-01 -4.3366080e-02 -6.1560000e+01]
 [ 2.6303520e-02  4.5881280e-02  9.9844448e-01  1.3229000e+02]
 [ 9.9596128e-01  8.2662720e-02 -2.9859840e-02 -1.1716900e+03]
 [ 0.0000000e+00  0.0000000e+00  0.0000000e+00  1.0000000e+00]]
[-0225.84, +0073.50, -1098.41]
1497, 872, 2192
[[-8.3801160e-02  9.9527386e-01 -4.3416380e-02 -6.1590000e+01]
 [ 2.7394220e-02  4.6103900e-02  9.9833074e-01  1.3231000e+02]
 [ 9.9584366e-01  8.2732420e-02 -3.0885700e-02 -1.1716600e+03]
 [ 0.0000000e+00  0.0000000e+00  0.0000000e+00  1.0000000e+00]]
[-0197.09, +0109.38, -1107.46]
911, 897, 2082
[[-8.3527300e-02  9.9538594e-01 -4.2769680e-02 -6.1480000e+01]
 [ 2.6332940e-02  4.5300860e-02  9.9844944e-01  1.3224000e+02]
 [ 9.9595632e-01  8.2471440e-02 -2.9808800e-02 -1.1717000e+03]
 [ 0.0000000e+00  0.0000000e+00  0.0000000e+00  1.0000000e+00]]
[-0240.51, +0060.73, -1105.43]
1441, 2100, 1622
[[-8.3845920e-02  9.9523164e-01 -4.5030920e-02 -6.1640000e+01]
 [ 2.6927960e-02  4.7654460e-02  9.9830016e-01  1.3246000e+02]
 [ 9.9588588e-01  8.2718240e-02 -3.0583620e-02 -1.1717000e+03]
 [ 0.0000000e+00  0.0000000e+00  0.0000000e+00  1.0000000e+00]]
[-0162.80, -0006.19, -1105.86]
2027, 1748, 1569
[[-8.4894100e-02  9.9520762e-01 -4.4591660e-02 -6.1690000e+01]
 [ 2.7520900e-02  4.7253260e-02  9.9834262e-01  1.3245000e+02]
 [ 9.9582590e-01  8.3708900e-02 -3.1230600e-02 -1.1717000e+03]
 [ 0.0000000e+00  0.0000000e+00  0.0000000e+00  1.0000000e+00]]
[-0138.17, +0068.45, -1097.80]
886, 1424, 1752
[[-8.3341000e-02  9.9528058e-01 -4.3264060e-02 -6.1500000e+01]
 [ 2.6412820e-02  4.5892280e-02  9.9833294e-01  1.3229000e+02]
 [ 9.9587026e-01  8.2358140e-02 -2.9834280e-02 -1.1717000e+03]
 [ 0.0000000e+00  0.0000000e+00  0.0000000e+00  1.0000000e+00]]
[-0224.24, +0008.27, -1105.55]
2218, 1401, 1711
[[-8.5155560e-02  9.9511236e-01 -4.4629680e-02 -6.1740000e+01]
 [ 2.8806480e-02  4.7475640e-02  9.9823356e-01  1.3246000e+02]
 [ 9.9569604e-01  8.3972880e-02 -3.2473160e-02 -1.1716400e+03]
 [ 0.0000000e+00  0.0000000e+00  0.0000000e+00  1.0000000e+00]]
[-0137.86, +0101.00, -1114.00]
1677, 875, 1610
[[-8.3771720e-02  9.9526230e-01 -4.3449780e-02 -6.1590000e+01]
 [ 2.6595300e-02  4.6082060e-02  9.9834230e-01  1.3230000e+02]
 [ 9.9585522e-01  8.2750300e-02 -3.0075220e-02 -1.1716700e+03]
 [ 0.0000000e+00  0.0000000e+00  0.0000000e+00  1.0000000e+00]]
[-0186.41, +0115.13, -1112.77]
1814, 1751, 1624
[[-8.4894100e-02  9.9499190e-01 -4.4792300e-02 -6.1680000e+01]
 [ 2.7305180e-02  4.7632460e-02  9.9814970e-01  1.3243000e+02]
 [ 9.9562526e-01  8.3901820e-02 -3.0851400e-02 -1.1716900e+03]
 [ 0.0000000e+00  0.0000000e+00  0.0000000e+00  1.0000000e+00]]
[-0151.42, +0048.07, -1089.91]
1882, 1156, 2131
[[-8.4678400e-02  9.9523568e-01 -4.3978560e-02 -6.1660000e+01]
 [ 2.7950240e-02  4.6684160e-02  9.9834192e-01  1.3238000e+02]
 [ 9.9581472e-01  8.3508960e-02 -3.1584000e-02 -1.1716600e+03]
 [ 0.0000000e+00  0.0000000e+00  0.0000000e+00  1.0000000e+00]]
[-0162.98, +0106.66, -1105.33]
1482, 1430, 1910
[[-8.3385040e-02  9.9537604e-01 -4.3946040e-02 -6.1610000e+01]
 [ 2.6886760e-02  4.6494380e-02  9.9840582e-01  1.3235000e+02]
 [ 9.9598284e-01  8.2241220e-02 -3.0480420e-02 -1.1716700e+03]
 [ 0.0000000e+00  0.0000000e+00  0.0000000e+00  1.0000000e+00]]
[-0186.17, +0053.27, -1084.73]
1023, 1348, 1916
[[-8.3355600e-02  9.9527896e-01 -4.3455480e-02 -6.1530000e+01]
 [ 2.6604240e-02  4.6093020e-02  9.9832564e-01  1.3230000e+02]
 [ 9.9587188e-01  8.2350840e-02 -3.0049620e-02 -1.1716900e+03]
 [ 0.0000000e+00  0.0000000e+00  0.0000000e+00  1.0000000e+00]]
[-0219.14, +0025.68, -1095.31]
1993, 1875, 838
[[-8.4739200e-02  9.9522184e-01 -4.4951920e-02 -6.1680000e+01]
 [ 2.8507280e-02  4.7676140e-02  9.9830996e-01  1.3248000e+02]
 [ 9.9582856e-01  8.3480120e-02 -3.2257300e-02 -1.1716800e+03]
 [ 0.0000000e+00  0.0000000e+00  0.0000000e+00  1.0000000e+00]]
[-0135.16, +0051.22, -1096.99]
1906, 1997, 1599
[[-8.4492900e-02  9.9511498e-01 -4.4889160e-02 -6.1650000e+01]
 [ 2.7613540e-02  4.7654460e-02  9.9822172e-01  1.3245000e+02]
 [ 9.9574412e-01  8.3398360e-02 -3.1230600e-02 -1.1716700e+03]
 [ 0.0000000e+00  0.0000000e+00  0.0000000e+00  1.0000000e+00]]
[-0140.17, +0030.89, -1096.78]
840, 2157, 1298
[[-8.3615380e-02  9.9525378e-01 -4.4434620e-02 -6.1510000e+01]
 [ 2.6957580e-02  4.7074520e-02  9.9830562e-01  1.3242000e+02]
 [ 9.9588042e-01  8.2527180e-02 -3.0531860e-02 -1.1716900e+03]
 [ 0.0000000e+00  0.0000000e+00  0.0000000e+00  1.0000000e+00]]
[-0190.65, -0036.51, -1147.93]
1051, 966, 1938
[[-8.397250e-02  9.953661e-01 -4.314680e-02 -6.154000e+01]
 [ 2.670690e-02  4.569150e-02  9.984516e-01  1.322800e+02]
 [ 9.959428e-01  8.285640e-02 -3.026500e-02 -1.171680e+03]
 [ 0.000000e+00  0.000000e+00  0.000000e+00  1.000000e+00]]
[-0228.95, +0066.79, -1098.39]
2185, 1384, 774
[[-8.5787940e-02  9.9508992e-01 -4.4611900e-02 -6.1750000e+01]
 [ 2.8992400e-02  4.7464800e-02  9.9825600e-01  1.3247000e+02]
 [ 9.9566742e-01  8.4567440e-02 -3.2715300e-02 -1.1716300e+03]
 [ 0.0000000e+00  0.0000000e+00  0.0000000e+00  1.0000000e+00]]
[-0139.49, +0100.84, -1112.49]
771, 2205, 1969
[[-8.3214260e-02  9.9525372e-01 -4.5047880e-02 -6.1500000e+01]
 [ 2.6742120e-02  4.7665340e-02  9.9827808e-01  1.3246000e+02]
 [ 9.9591372e-01  8.2123680e-02 -3.0342160e-02 -1.1717100e+03]
 [ 0.0000000e+00  0.0000000e+00  0.0000000e+00  1.0000000e+00]]
[-0190.01, -0037.79, -1154.56]
2032, 2088, 815
[[-8.4955060e-02  9.9520876e-01 -4.5148600e-02 -6.1710000e+01]
 [ 2.8494200e-02  4.7865840e-02  9.9831376e-01  1.3249000e+02]
 [ 9.9582476e-01  8.3676800e-02 -3.2283460e-02 -1.1716800e+03]
 [ 0.0000000e+00  0.0000000e+00  0.0000000e+00  1.0000000e+00]]
[-0130.67, +0040.05, -1102.44]
1178, 907, 1957
[[-8.3987140e-02  9.9536452e-01 -4.3338180e-02 -6.1540000e+01]
 [ 2.6898280e-02  4.5892280e-02  9.9844428e-01  1.3228000e+02]
 [ 9.9594438e-01  8.2849080e-02 -3.0480420e-02 -1.1716600e+03]
 [ 0.0000000e+00  0.0000000e+00  0.0000000e+00  1.0000000e+00]]
[-0221.71, +0082.03, -1099.38]
1661, 1870, 1583
[[-8.4091860e-02  9.9514536e-01 -4.4670220e-02 -6.1650000e+01]
 [ 2.8230320e-02  4.7486400e-02  9.9820056e-01  1.3244000e+02]
 [ 9.9574734e-01  8.2988080e-02 -3.1799700e-02 -1.1716700e+03]
 [ 0.0000000e+00  0.0000000e+00  0.0000000e+00  1.0000000e+00]]
[-0157.22, +0029.14, -1090.25]
866, 2009, 793
[[-8.3355600e-02  9.9536468e-01 -4.3979240e-02 -6.1500000e+01]
 [ 2.6087800e-02  4.6472540e-02  9.9841718e-01  1.3236000e+02]
 [ 9.9599420e-01  8.2259300e-02 -2.9670100e-02 -1.1717100e+03]
 [ 0.0000000e+00  0.0000000e+00  0.0000000e+00  1.0000000e+00]]
[-0197.63, -0032.79, -1137.59]
1505, 1170, 1954
[[-8.4247120e-02  9.9535436e-01 -4.3901000e-02 -6.1600000e+01]
 [ 2.7667640e-02  4.6494380e-02  9.9842750e-01  1.3235000e+02]
 [ 9.9593780e-01  8.3022100e-02 -3.1342500e-02 -1.1716600e+03]
 [ 0.0000000e+00  0.0000000e+00  0.0000000e+00  1.0000000e+00]]
[-0189.06, +0082.09, -1089.88]
838, 2105, 1844
[[-8.3184420e-02  9.9526466e-01 -4.4456980e-02 -6.1510000e+01]
 [ 2.6567260e-02  4.7074520e-02  9.9829474e-01  1.3240000e+02]
 [ 9.9590278e-01  8.2136860e-02 -3.0100900e-02 -1.1717000e+03]
 [ 0.0000000e+00  0.0000000e+00  0.0000000e+00  1.0000000e+00]]
[-0193.31, -0035.89, -1145.04]
1734, 2067, 1053
[[-8.4292360e-02  9.9522662e-01 -4.4991580e-02 -6.1670000e+01]
 [ 2.7717620e-02  4.7665340e-02  9.9830518e-01  1.3248000e+02]
 [ 9.9585742e-01  8.3099180e-02 -3.1420260e-02 -1.1716900e+03]
 [ 0.0000000e+00  0.0000000e+00  0.0000000e+00  1.0000000e+00]]
[-0146.59, +0018.41, -1097.94]
2006, 1195, 1104
[[-8.4061540e-02  9.9514852e-01 -4.4287540e-02 -6.1670000e+01]
 [ 2.7847640e-02  4.7085360e-02  9.9821572e-01  1.3241000e+02]
 [ 9.9574418e-01  8.3003240e-02 -3.1368340e-02 -1.1716700e+03]
 [ 0.0000000e+00  0.0000000e+00  0.0000000e+00  1.0000000e+00]]
[-0152.81, +0109.64, -1111.10]
1327, 1377, 957
[[-8.4001860e-02  9.9534818e-01 -4.3945760e-02 -6.1580000e+01]
 [ 2.6673460e-02  4.6472540e-02  9.9843368e-01  1.3234000e+02]
 [ 9.9596072e-01  8.2844960e-02 -3.0316360e-02 -1.1716800e+03]
 [ 0.0000000e+00  0.0000000e+00  0.0000000e+00  1.0000000e+00]]
[-0197.91, +0047.68, -1085.64]
2182, 1217, 1824
[[-8.5772580e-02  9.9519172e-01 -4.4528680e-02 -6.1730000e+01]
 [ 2.8700920e-02  4.7264220e-02  9.9835852e-01  1.3245000e+02]
 [ 9.9577388e-01  8.4480280e-02 -3.2499360e-02 -1.1716300e+03]
 [ 0.0000000e+00  0.0000000e+00  0.0000000e+00  1.0000000e+00]]
[-0143.78, +0111.65, -1120.03]
2044, 1127, 884
[[-8.4432900e-02  9.9523682e-01 -4.3815460e-02 -6.1630000e+01]
 [ 2.7164260e-02  4.6472540e-02  9.9834982e-01  1.3233000e+02]
 [ 9.9583042e-01  8.3330260e-02 -3.0747400e-02 -1.1716700e+03]
 [ 0.0000000e+00  0.0000000e+00  0.0000000e+00  1.0000000e+00]]
[-0155.98, +0111.67, -1115.09]
1483, 1554, 1841
[[-8.4447780e-02  9.9522776e-01 -4.4214920e-02 -6.1600000e+01]
 [ 2.7147440e-02  4.6862940e-02  9.9834076e-01  1.3236000e+02]
 [ 9.9583948e-01  8.3324440e-02 -3.0773280e-02 -1.1716900e+03]
 [ 0.0000000e+00  0.0000000e+00  0.0000000e+00  1.0000000e+00]]
[-0182.44, +0041.20, -1085.13]
1046, 1050, 1343
[[-8.3541780e-02  9.9537710e-01 -4.3169160e-02 -6.1520000e+01]
 [ 2.6316300e-02  4.5691500e-02  9.9844060e-01  1.3227000e+02]
 [ 9.9596516e-01  8.2465800e-02 -2.9834280e-02 -1.1716900e+03]
 [ 0.0000000e+00  0.0000000e+00  0.0000000e+00  1.0000000e+00]]
[-0227.15, +0056.70, -1095.75]
946, 1893, 1918
[[-8.3600500e-02  9.9526288e-01 -4.4035160e-02 -6.1520000e+01]
 [ 2.6974240e-02  4.6684160e-02  9.9831472e-01  1.3236000e+02]
 [ 9.9587132e-01  8.2532960e-02 -3.0506100e-02 -1.1716800e+03]
 [ 0.0000000e+00  0.0000000e+00  0.0000000e+00  1.0000000e+00]]
[-0200.04, -0023.63, -1122.83]
1042, 1935, 805
[[-8.3615380e-02  9.9536154e-01 -4.4334320e-02 -6.1580000e+01]
 [ 2.7065340e-02  4.6884780e-02  9.9840216e-01  1.3239000e+02]
 [ 9.9598072e-01  8.2430640e-02 -3.0721600e-02 -1.1716900e+03]
 [ 0.0000000e+00  0.0000000e+00  0.0000000e+00  1.0000000e+00]]
[-0193.42, -0019.44, -1116.59]
1106, 1180, 1636
[[-8.4016660e-02  9.9526102e-01 -4.3613180e-02 -6.1550000e+01]
 [ 2.7381380e-02  4.6293720e-02  9.9833462e-01  1.3230000e+02]
 [ 9.9583978e-01  8.2929220e-02 -3.0911380e-02 -1.1716600e+03]
 [ 0.0000000e+00  0.0000000e+00  0.0000000e+00  1.0000000e+00]]
[-0219.06, +0048.60, -1091.66]
2004, 1134, 1461
[[-8.3861000e-02  9.9526014e-01 -4.4389980e-02 -6.1670000e+01]
 [ 2.7951660e-02  4.7096120e-02  9.9829926e-01  1.3239000e+02]
 [ 9.9585738e-01  8.2704060e-02 -3.1558120e-02 -1.1716600e+03]
 [ 0.0000000e+00  0.0000000e+00  0.0000000e+00  1.0000000e+00]]
[-0154.76, +0114.17, -1114.90]
1686, 1985, 1922
[[-8.4262120e-02  9.9522994e-01 -4.4608900e-02 -6.1610000e+01]
 [ 2.7334940e-02  4.7264220e-02  9.9832030e-01  1.3241000e+02]
 [ 9.9585410e-01  8.3114300e-02 -3.0988900e-02 -1.1716900e+03]
 [ 0.0000000e+00  0.0000000e+00  0.0000000e+00  1.0000000e+00]]
[-0155.19, +0014.84, -1095.79]
1938, 2153, 1464
[[-8.4322920e-02  9.9522330e-01 -4.5374260e-02 -6.1670000e+01]
 [ 2.8100300e-02  4.8066300e-02  9.9828990e-01  1.3250000e+02]
 [ 9.9586074e-01  8.3083900e-02 -3.1851780e-02 -1.1716900e+03]
 [ 0.0000000e+00  0.0000000e+00  0.0000000e+00  1.0000000e+00]]
[-0133.87, +0023.17, -1103.20]
2132, 769, 1233
[[-8.5541440e-02  9.9510600e-01 -4.4032880e-02 -6.1750000e+01]
 [ 2.8623120e-02  4.6873900e-02  9.9826734e-01  1.3238000e+02]
 [ 9.9566840e-01  8.4386100e-02 -3.2257300e-02 -1.1716300e+03]
 [ 0.0000000e+00  0.0000000e+00  0.0000000e+00  1.0000000e+00]]
[-0157.32, +0132.70, -1147.88]
965, 1250, 1765
[[-8.3541780e-02  9.9536984e-01 -4.3377220e-02 -6.1510000e+01]
 [ 2.6108240e-02  4.5881280e-02  9.9843896e-01  1.3228000e+02]
 [ 9.9597242e-01  8.2467440e-02 -2.9644500e-02 -1.1717000e+03]
 [ 0.0000000e+00  0.0000000e+00  0.0000000e+00  1.0000000e+00]]
[-0226.04, +0029.74, -1097.49]
1176, 993, 2071
[[-8.357098e-02  9.952735e-01 -4.344430e-02 -6.154000e+01]
 [ 2.679950e-02  4.609302e-02  9.983311e-01  1.322800e+02]
 [ 9.958607e-01  8.254610e-02 -3.026500e-02 -1.171660e+03]
 [ 0.000000e+00  0.000000e+00  0.000000e+00  1.000000e+00]]
[-0219.40, +0074.06, -1095.29]
865, 1033, 1929
[[-8.3527300e-02  9.9537872e-01 -4.2977740e-02 -6.1480000e+01]
 [ 2.6124880e-02  4.5490680e-02  9.9844784e-01  1.3224000e+02]
 [ 9.9596354e-01  8.2473040e-02 -2.9618980e-02 -1.1717000e+03]
 [ 0.0000000e+00  0.0000000e+00  0.0000000e+00  1.0000000e+00]]
[-0239.46, +0042.18, -1104.01]
989, 1970, 850
[[-8.4031540e-02  9.9523708e-01 -4.4428840e-02 -6.1610000e+01]
 [ 2.6948440e-02  4.7063600e-02  9.9832232e-01  1.3235000e+02]
 [ 9.9586372e-01  8.2926640e-02 -3.0557700e-02 -1.1717300e+03]
 [ 0.0000000e+00  0.0000000e+00  0.0000000e+00  1.0000000e+00]]
[-0194.41, -0025.17, -1124.16]
750, 1164, 1958
[[-8.3312040e-02  9.9538424e-01 -4.2988840e-02 -6.1450000e+01]
 [ 2.5929560e-02  4.5490680e-02  9.9844232e-01  1.3224000e+02]
 [ 9.9597464e-01  8.2277720e-02 -2.9403720e-02 -1.1716800e+03]
 [ 0.0000000e+00  0.0000000e+00  0.0000000e+00  1.0000000e+00]]
[-0241.35, +0021.02, -1111.27]
2127, 759, 1648
[[-8.5757300e-02  9.9510054e-01 -4.4021280e-02 -6.1740000e+01]
 [ 2.8818300e-02  4.6873900e-02  9.9827280e-01  1.3238000e+02]
 [ 9.9565680e-01  8.4581280e-02 -3.2473160e-02 -1.1716100e+03]
 [ 0.0000000e+00  0.0000000e+00  0.0000000e+00  1.0000000e+00]]
[-0157.95, +0133.17, -1148.72]
2065, 1338, 2156
[[-8.4262120e-02  9.9523746e-01 -4.4400780e-02 -6.1670000e+01]
 [ 2.7543060e-02  4.7074520e-02  9.9832194e-01  1.3239000e+02]
 [ 9.9584658e-01  8.3112660e-02 -3.1178600e-02 -1.1716500e+03]
 [ 0.0000000e+00  0.0000000e+00  0.0000000e+00  1.0000000e+00]]
[-0148.56, +0096.84, -1105.28]
810, 1309, 2242
[[-8.3326480e-02  9.9528220e-01 -4.3072640e-02 -6.1460000e+01]
 [ 2.6221400e-02  4.5691500e-02  9.9834020e-01  1.3226000e+02]
 [ 9.9586864e-01  8.2365400e-02 -2.9618980e-02 -1.1716700e+03]
 [ 0.0000000e+00  0.0000000e+00  0.0000000e+00  1.0000000e+00]]
[-0232.68, +0012.18, -1108.69]
2232, 2044, 1333
[[-8.5649800e-02  9.9519582e-01 -4.5479340e-02 -6.1740000e+01]
 [ 2.9861340e-02  4.8277400e-02  9.9830802e-01  1.3256000e+02]
 [ 9.9578682e-01  8.4237060e-02 -3.3769160e-02 -1.1716400e+03]
 [ 0.0000000e+00  0.0000000e+00  0.0000000e+00  1.0000000e+00]]
[-0123.14, +0049.75, -1107.83]
1173, 1915, 2095
[[-8.4202600e-02  9.9523658e-01 -4.3843540e-02 -6.1560000e+01]
 [ 2.6569580e-02  4.6461500e-02  9.9835006e-01  1.3236000e+02]
 [ 9.9584746e-01  8.3144060e-02 -3.0126660e-02 -1.1716700e+03]
 [ 0.0000000e+00  0.0000000e+00  0.0000000e+00  1.0000000e+00]]
[-0189.36, -0008.61, -1106.81]
864, 1479, 1164
[[-8.3556340e-02  9.9537548e-01 -4.3360580e-02 -6.1400000e+01]
 [ 2.6507720e-02  4.5892280e-02  9.9843332e-01  1.3228000e+02]
 [ 9.9596678e-01  8.2458520e-02 -3.0049620e-02 -1.1716900e+03]
 [ 0.0000000e+00  0.0000000e+00  0.0000000e+00  1.0000000e+00]]
[-0223.51, +0002.48, -1108.93]
1102, 1962, 1923
[[-8.3414800e-02  9.9527248e-01 -4.4221160e-02 -6.1530000e+01]
 [ 2.7369920e-02  4.6895580e-02  9.9829604e-01  1.3241000e+02]
 [ 9.9587836e-01  8.2321240e-02 -3.0911380e-02 -1.1716200e+03]
 [ 0.0000000e+00  0.0000000e+00  0.0000000e+00  1.0000000e+00]]
[-0189.48, -0018.88, -1115.36]
2046, 2053, 2019
[[-8.4538740e-02  9.9511770e-01 -4.5254920e-02 -6.1700000e+01]
 [ 2.8395580e-02  4.8066300e-02  9.9820044e-01  1.3250000e+02]
 [ 9.9574140e-01  8.3373800e-02 -3.2067600e-02 -1.1716600e+03]
 [ 0.0000000e+00  0.0000000e+00  0.0000000e+00  1.0000000e+00]]
[-0129.44, +0039.20, -1102.18]
1140, 1766, 946
[[-8.3801160e-02  9.9525166e-01 -4.4040620e-02 -6.1550000e+01]
 [ 2.6769980e-02  4.6673240e-02  9.9832594e-01  1.3235000e+02]
 [ 9.9586586e-01  8.2737220e-02 -3.0316360e-02 -1.1716700e+03]
 [ 0.0000000e+00  0.0000000e+00  0.0000000e+00  1.0000000e+00]]
[-0196.76, -0000.08, -1100.80]
1844, 2137, 851
[[-8.4708640e-02  9.9520220e-01 -4.5193800e-02 -6.1660000e+01]
 [ 2.7500200e-02  4.7844080e-02  9.9832032e-01  1.3250000e+02]
 [ 9.9584820e-01  8.3500320e-02 -3.1256720e-02 -1.1716900e+03]
 [ 0.0000000e+00  0.0000000e+00  0.0000000e+00  1.0000000e+00]]
[-0138.13, +0018.57, -1101.94]
1883, 1325, 1647
[[-8.4492900e-02  9.9513772e-01 -4.4264740e-02 -6.1640000e+01]
 [ 2.8237960e-02  4.7085360e-02  9.9822652e-01  1.3238000e+02]
 [ 9.9572138e-01  8.3393560e-02 -3.1799700e-02 -1.1716300e+03]
 [ 0.0000000e+00  0.0000000e+00  0.0000000e+00  1.0000000e+00]]
[-0157.80, +0094.41, -1098.14]
2080, 877, 1040
[[-8.5094760e-02  9.9521878e-01 -4.3972580e-02 -6.1700000e+01]
 [ 2.7941180e-02  4.6673240e-02  9.9835882e-01  1.3238000e+02]
 [ 9.9579782e-01  8.3908420e-02 -3.1609960e-02 -1.1716400e+03]
 [ 0.0000000e+00  0.0000000e+00  0.0000000e+00  1.0000000e+00]]
[-0157.60, +0129.74, -1137.94]
1184, 1310, 2189
[[-8.4418100e-02  9.9533880e-01 -4.3731900e-02 -6.1570000e+01]
 [ 2.6872560e-02  4.6271800e-02  9.9845208e-01  1.3232000e+02]
 [ 9.9593658e-01  8.3242800e-02 -3.0531860e-02 -1.1716400e+03]
 [ 0.0000000e+00  0.0000000e+00  0.0000000e+00  1.0000000e+00]]
[-0210.23, +0042.68, -1088.73]
2043, 1719, 2060
[[-8.5155560e-02  9.9520494e-01 -4.4945820e-02 -6.1700000e+01]
 [ 2.8498020e-02  4.7665340e-02  9.9832686e-01  1.3246000e+02]
 [ 9.9581166e-01  8.3879580e-02 -3.2283460e-02 -1.1716500e+03]
 [ 0.0000000e+00  0.0000000e+00  0.0000000e+00  1.0000000e+00]]
[-0136.55, +0068.19, -1098.00]
1601, 1390, 1785
[[-8.4016660e-02  9.9535394e-01 -4.3929040e-02 -6.1590000e+01]
 [ 2.7072940e-02  4.6483500e-02  9.9842792e-01  1.3235000e+02]
 [ 9.9595496e-01  8.2835920e-02 -3.0721600e-02 -1.1716500e+03]
 [ 0.0000000e+00  0.0000000e+00  0.0000000e+00  1.0000000e+00]]
[-0179.55, +0065.94, -1086.03]
885, 1499, 860
[[-8.357098e-02  9.952735e-01 -4.344430e-02 -6.149000e+01]
 [ 2.679950e-02  4.609302e-02  9.983311e-01  1.322900e+02]
 [ 9.958607e-01  8.254610e-02 -3.026500e-02 -1.171670e+03]
 [ 0.000000e+00  0.000000e+00  0.000000e+00  1.000000e+00]]
[-0220.86, +0001.76, -1107.49]
1688, 1704, 1342
[[-8.4492900e-02  9.9513014e-01 -4.4472880e-02 -6.1630000e+01]
 [ 2.8029820e-02  4.7275100e-02  9.9822496e-01  1.3243000e+02]
 [ 9.9572896e-01  8.3395120e-02 -3.1609960e-02 -1.1716300e+03]
 [ 0.0000000e+00  0.0000000e+00  0.0000000e+00  1.0000000e+00]]
[-0159.84, +0046.84, -1087.18]
1279, 1559, 1058
[[-8.4001860e-02  9.9524782e-01 -4.3838020e-02 -6.1550000e+01]
 [ 2.6773820e-02  4.6472540e-02  9.9833882e-01  1.3235000e+02]
 [ 9.9585298e-01  8.2939820e-02 -3.0316360e-02 -1.1716600e+03]
 [ 0.0000000e+00  0.0000000e+00  0.0000000e+00  1.0000000e+00]]
[-0195.10, +0026.25, -1088.36]
933, 1687, 1475
[[-8.4173320e-02  9.9523990e-01 -4.3460860e-02 -6.1490000e+01]
 [ 2.6186900e-02  4.6059900e-02  9.9836470e-01  1.3234000e+02]
 [ 9.9584414e-01  8.3158700e-02 -2.9695780e-02 -1.1717000e+03]
 [ 0.0000000e+00  0.0000000e+00  0.0000000e+00  1.0000000e+00]]
[-0210.66, -0009.53, -1111.46]
2001, 759, 1914
[[-8.4864100e-02  9.9533364e-01 -4.3692380e-02 -6.1650000e+01]
 [ 2.7662520e-02  4.6282800e-02  9.9845724e-01  1.3234000e+02]
 [ 9.9590806e-01  8.3624280e-02 -3.1368340e-02 -1.1716600e+03]
 [ 0.0000000e+00  0.0000000e+00  0.0000000e+00  1.0000000e+00]]
[-0164.25, +0133.96, -1142.87]
911, 1450, 1593
[[-8.2709700e-02  9.9551058e-01 -4.3288060e-02 -6.1380000e+01]
 [ 2.6233700e-02  4.5713340e-02  9.9850242e-01  1.3225000e+02]
 [ 9.9610590e-01  8.1571900e-02 -2.9783400e-02 -1.1716000e+03]
 [ 0.0000000e+00  0.0000000e+00  0.0000000e+00  1.0000000e+00]]
[-0221.78, +0007.98, -1104.02]
1656, 2051, 1733
[[-8.4262120e-02  9.9512212e-01 -4.4709200e-02 -6.1520000e+01]
 [ 2.7227120e-02  4.7453880e-02  9.9822380e-01  1.3241000e+02]
 [ 9.9575380e-01  8.3210800e-02 -3.0799240e-02 -1.1715700e+03]
 [ 0.0000000e+00  0.0000000e+00  0.0000000e+00  1.0000000e+00]]
[-0151.13, +0011.97, -1097.91]
1492, 1194, 2076
[[-8.3556340e-02  9.9536088e-01 -4.3776700e-02 -6.1440000e+01]
 [ 2.6091600e-02  4.6271800e-02  9.9843000e-01  1.3227000e+02]
 [ 9.9598138e-01  8.2461840e-02 -2.9670100e-02 -1.1715900e+03]
 [ 0.0000000e+00  0.0000000e+00  0.0000000e+00  1.0000000e+00]]
[-0189.93, +0078.14, -1088.68]
1641, 1769, 1054
[[-8.3830920e-02  9.9535612e-01 -4.4323080e-02 -6.1540000e+01]
 [ 2.7260520e-02  4.6884780e-02  9.9840758e-01  1.3239000e+02]
 [ 9.9596948e-01  8.2625820e-02 -3.0937140e-02 -1.1715800e+03]
 [ 0.0000000e+00  0.0000000e+00  0.0000000e+00  1.0000000e+00]]
[-0161.29, +0036.29, -1087.69]
1137, 1160, 1222
[[-8.3341000e-02  9.9527330e-01 -4.3472100e-02 -6.1430000e+01]
 [ 2.6204780e-02  4.6082060e-02  9.9833130e-01  1.3226000e+02]
 [ 9.9587754e-01  8.2359780e-02 -2.9644500e-02 -1.1715800e+03]
 [ 0.0000000e+00  0.0000000e+00  0.0000000e+00  1.0000000e+00]]
[-0217.37, +0053.24, -1090.86]
1629, 1214, 943
[[-8.4247120e-02  9.9525404e-01 -4.3793200e-02 -6.1620000e+01]
 [ 2.7767960e-02  4.6494380e-02  9.9833260e-01  1.3238000e+02]
 [ 9.9583000e-01  8.3117000e-02 -3.1342500e-02 -1.1716500e+03]
 [ 0.0000000e+00  0.0000000e+00  0.0000000e+00  1.0000000e+00]]
[-0178.57, +0087.68, -1091.75]
1743, 1552, 2106
[[-8.4477780e-02  9.9523202e-01 -4.4389420e-02 -6.1660000e+01]
 [ 2.7738220e-02  4.7074520e-02  9.9832738e-01  1.3240000e+02]
 [ 9.9583522e-01  8.3307820e-02 -3.1394260e-02 -1.1716800e+03]
 [ 0.0000000e+00  0.0000000e+00  0.0000000e+00  1.0000000e+00]]
[-0160.45, +0063.17, -1087.57]
775, 1193, 1884
[[-8.3125700e-02  9.9529332e-01 -4.3067160e-02 -6.1440000e+01]
 [ 2.6425560e-02  4.5702460e-02  9.9832908e-01  1.3223000e+02]
 [ 9.9587412e-01  8.2161240e-02 -2.9808800e-02 -1.1716700e+03]
 [ 0.0000000e+00  0.0000000e+00  0.0000000e+00  1.0000000e+00]]
[-0238.75, +0020.77, -1109.20]
1338, 1676, 1014
[[-8.4217360e-02  9.9524232e-01 -4.3826760e-02 -6.1590000e+01]
 [ 2.6969040e-02  4.6472540e-02  9.9834432e-01  1.3242000e+02]
 [ 9.9584172e-01  8.3135040e-02 -3.0531860e-02 -1.1716900e+03]
 [ 0.0000000e+00  0.0000000e+00  0.0000000e+00  1.0000000e+00]]
[-0186.16, +0022.16, -1088.70]
1150, 1350, 1295
[[-8.3757120e-02  9.9525664e-01 -4.3466480e-02 -6.1540000e+01]
 [ 2.6195840e-02  4.6071020e-02  9.9834796e-01  1.3236000e+02]
 [ 9.9586088e-01  8.2759240e-02 -2.9670100e-02 -1.1717100e+03]
 [ 0.0000000e+00  0.0000000e+00  0.0000000e+00  1.0000000e+00]]
[-0211.12, +0035.89, -1089.97]
1107, 1890, 865
[[-8.4447780e-02  9.9523522e-01 -4.4006780e-02 -6.1560000e+01]
 [ 2.7355580e-02  4.6673240e-02  9.9834238e-01  1.3241000e+02]
 [ 9.9583202e-01  8.3322820e-02 -3.0962980e-02 -1.1716500e+03]
 [ 0.0000000e+00  0.0000000e+00  0.0000000e+00  1.0000000e+00]]
[-0192.54, -0014.47, -1110.53]
1338, 1722, 1378
[[-8.4232200e-02  9.9523326e-01 -4.4226220e-02 -6.1590000e+01]
 [ 2.6952260e-02  4.6862940e-02  9.9833526e-01  1.3233000e+02]
 [ 9.9585078e-01  8.3129260e-02 -3.0557700e-02 -1.1716800e+03]
 [ 0.0000000e+00  0.0000000e+00  0.0000000e+00  1.0000000e+00]]
[-0184.75, +0019.32, -1089.87]
1066, 1047, 1188
[[-8.3570980e-02  9.9538854e-01 -4.3135880e-02 -6.1490000e+01]
 [ 2.7115260e-02  4.5713340e-02  9.9842916e-01  1.3227000e+02]
 [ 9.9595372e-01  8.2448040e-02 -3.0644680e-02 -1.1716400e+03]
 [ 0.0000000e+00  0.0000000e+00  0.0000000e+00  1.0000000e+00]]
[-0226.04, +0058.46, -1095.34]
1177, 1875, 2114
[[-8.4016660e-02  9.9523876e-01 -4.4237480e-02 -6.1570000e+01]
 [ 2.6757080e-02  4.6862940e-02  9.9832976e-01  1.3238000e+02]
 [ 9.9586204e-01  8.2934080e-02 -3.0342160e-02 -1.1716900e+03]
 [ 0.0000000e+00  0.0000000e+00  0.0000000e+00  1.0000000e+00]]
[-0188.85, -0008.20, -1104.81]
1240, 1535, 981
[[-8.3830920e-02  9.9526330e-01 -4.4007220e-02 -6.1560000e+01]
 [ 2.7568900e-02  4.6695000e-02  9.9831430e-01  1.3232000e+02]
 [ 9.9585422e-01  8.2719100e-02 -3.1126920e-02 -1.1716500e+03]
 [ 0.0000000e+00  0.0000000e+00  0.0000000e+00  1.0000000e+00]]
[-0198.15, +0026.48, -1088.78]
1337, 1979, 1233
[[-8.4678400e-02  9.9522064e-01 -4.4394880e-02 -6.1580000e+01]
 [ 2.7533920e-02  4.7063600e-02  9.9833876e-01  1.3239000e+02]
 [ 9.9582976e-01  8.3512120e-02 -3.1204560e-02 -1.1716600e+03]
 [ 0.0000000e+00  0.0000000e+00  0.0000000e+00  1.0000000e+00]]
[-0174.47, -0003.77, -1101.73]
2234, 1315, 1117
[[-8.5572000e-02  9.9510304e-01 -4.4415280e-02 -6.1720000e+01]
 [ 2.9005520e-02  4.7275100e-02  9.9825206e-01  1.3245000e+02]
 [ 9.9567136e-01  8.4370820e-02 -3.2689060e-02 -1.1716400e+03]
 [ 0.0000000e+00  0.0000000e+00  0.0000000e+00  1.0000000e+00]]
[-0139.23, +0106.64, -1118.58]
2025, 2226, 1553
[[-8.4708640e-02  9.9508672e-01 -4.5502240e-02 -6.1670000e+01]
 [ 2.7184160e-02  4.8223200e-02  9.9822208e-01  1.3253000e+02]
 [ 9.9575552e-01  8.3598560e-02 -3.0877600e-02 -1.1717200e+03]
 [ 0.0000000e+00  0.0000000e+00  0.0000000e+00  1.0000000e+00]]
[-0131.55, +0019.27, -1108.11]
1248, 1846, 798
[[-8.4016660e-02  9.9524618e-01 -4.4029380e-02 -6.1560000e+01]
 [ 2.6965180e-02  4.6673240e-02  9.9833142e-01  1.3237000e+02]
 [ 9.9585462e-01  8.2932420e-02 -3.0531860e-02 -1.1716500e+03]
 [ 0.0000000e+00  0.0000000e+00  0.0000000e+00  1.0000000e+00]]
[-0187.16, +0001.39, -1098.83]
1419, 1895, 1557
[[-8.3615380e-02  9.9535408e-01 -4.4542380e-02 -6.1490000e+01]
 [ 2.6857280e-02  4.7074520e-02  9.9840048e-01  1.3236000e+02]
 [ 9.9598818e-01  8.2432320e-02 -3.0531860e-02 -1.1715700e+03]
 [ 0.0000000e+00  0.0000000e+00  0.0000000e+00  1.0000000e+00]]
[-0173.04, +0011.34, -1093.49]
2098, 1054, 1894
[[-8.4277200e-02  9.9524340e-01 -4.4384000e-02 -6.1590000e+01]
 [ 2.7942520e-02  4.7085360e-02  9.9831600e-01  1.3235000e+02]
 [ 9.9584064e-01  8.3103520e-02 -3.1584000e-02 -1.1715400e+03]
 [ 0.0000000e+00  0.0000000e+00  0.0000000e+00  1.0000000e+00]]
[-0152.09, +0120.70, -1125.07]
1724, 1115, 1936
[[-8.3570980e-02  9.9526616e-01 -4.3652360e-02 -6.1460000e+01]
 [ 2.6591440e-02  4.6282800e-02  9.9832948e-01  1.3228000e+02]
 [ 9.9586804e-01  8.2547720e-02 -3.0075220e-02 -1.1715300e+03]
 [ 0.0000000e+00  0.0000000e+00  0.0000000e+00  1.0000000e+00]]
[-0177.54, +0096.17, -1097.30]
799, 1027, 1914
[[-8.3512900e-02  9.9538034e-01 -4.2786320e-02 -6.1430000e+01]
 [ 2.5933460e-02  4.5289820e-02  9.9845504e-01  1.3221000e+02]
 [ 9.9596192e-01  8.2480240e-02 -2.9403720e-02 -1.1716700e+03]
 [ 0.0000000e+00  0.0000000e+00  0.0000000e+00  1.0000000e+00]]
[-0243.34, +0038.30, -1107.76]
2093, 1804, 837
[[-8.5155560e-02  9.9520494e-01 -4.4945820e-02 -6.1710000e+01]
 [ 2.8498020e-02  4.7665340e-02  9.9832686e-01  1.3249000e+02]
 [ 9.9581166e-01  8.3879580e-02 -3.2283460e-02 -1.1716300e+03]
 [ 0.0000000e+00  0.0000000e+00  0.0000000e+00  1.0000000e+00]]
[-0132.14, +0063.07, -1099.91]
1318, 1060, 767
[[-8.4001860e-02  9.9535556e-01 -4.3737660e-02 -6.1570000e+01]
 [ 2.6881560e-02  4.6282800e-02  9.9843532e-01  1.3224000e+02]
 [ 9.9595334e-01  8.2843320e-02 -3.0506100e-02 -1.1716300e+03]
 [ 0.0000000e+00  0.0000000e+00  0.0000000e+00  1.0000000e+00]]
[-0207.56, +0077.42, -1092.00]
964, 2057, 843
[[-8.4187920e-02  9.9511588e-01 -4.4168840e-02 -6.1520000e+01]
 [ 2.5854280e-02  4.6829580e-02  9.9825746e-01  1.3238000e+02]
 [ 9.9576004e-01  8.3251340e-02 -2.9342340e-02 -1.1717100e+03]
 [ 0.0000000e+00  0.0000000e+00  0.0000000e+00  1.0000000e+00]]
[-0191.20, -0030.93, -1132.51]
1681, 2230, 850
[[-8.4739200e-02  9.9520648e-01 -4.5368240e-02 -6.1670000e+01]
 [ 2.8090960e-02  4.8055500e-02  9.9830672e-01  1.3251000e+02]
 [ 9.9584392e-01  8.3483360e-02 -3.1877940e-02 -1.1716500e+03]
 [ 0.0000000e+00  0.0000000e+00  0.0000000e+00  1.0000000e+00]]
[-0145.85, +0001.53, -1107.68]
1775, 1336, 2121
[[-8.4879060e-02  9.9521676e-01 -4.4192200e-02 -6.1620000e+01]
 [ 2.7537800e-02  4.6862940e-02  9.9835176e-01  1.3238000e+02]
 [ 9.9581676e-01  8.3714800e-02 -3.1204560e-02 -1.1716600e+03]
 [ 0.0000000e+00  0.0000000e+00  0.0000000e+00  1.0000000e+00]]
[-0164.85, +0086.85, -1092.72]
1146, 1045, 1424
[[-8.3771720e-02  9.9526230e-01 -4.3449780e-02 -6.1520000e+01]
 [ 2.6595300e-02  4.6082060e-02  9.9834230e-01  1.3229000e+02]
 [ 9.9585522e-01  8.2750300e-02 -3.0075220e-02 -1.1716400e+03]
 [ 0.0000000e+00  0.0000000e+00  0.0000000e+00  1.0000000e+00]]
[-0220.16, +0065.64, -1093.53]
2207, 931, 1398
[[-8.6374560e-02  9.9506416e-01 -4.4228960e-02 -6.1740000e+01]
 [ 2.8396640e-02  4.7041520e-02  9.9830008e-01  1.3241000e+02]
 [ 9.9564176e-01  8.5186480e-02 -3.2120080e-02 -1.1716200e+03]
 [ 0.0000000e+00  0.0000000e+00  0.0000000e+00  1.0000000e+00]]
[-0150.88, +0127.04, -1139.60]
858, 1659, 1369
[[-8.3370280e-02  9.9527734e-01 -4.3646900e-02 -6.1480000e+01]
 [ 2.6795660e-02  4.6293720e-02  9.9831830e-01  1.3231000e+02]
 [ 9.9587350e-01  8.2343500e-02 -3.0265000e-02 -1.1716700e+03]
 [ 0.0000000e+00  0.0000000e+00  0.0000000e+00  1.0000000e+00]]
[-0215.48, -0011.95, -1116.03]
1617, 2155, 1799
[[-8.470864e-02  9.952098e-01 -4.498564e-02 -6.165000e+01]
 [ 2.770836e-02  4.765446e-02  9.983220e-01  1.324800e+02]
 [ 9.958406e-01  8.349864e-02 -3.144634e-02 -1.171680e+03]
 [ 0.000000e+00  0.000000e+00  0.000000e+00  1.000000e+00]]
[-0151.09, +0002.68, -1103.87]
1493, 765, 2078
[[-8.3757120e-02  9.9527120e-01 -4.3050320e-02 -6.1530000e+01]
 [ 2.6612000e-02  4.5691500e-02  9.9835120e-01  1.3226000e+02]
 [ 9.9584632e-01  8.2756000e-02 -3.0049620e-02 -1.1716400e+03]
 [ 0.0000000e+00  0.0000000e+00  0.0000000e+00  1.0000000e+00]]
[-0199.29, +0116.01, -1114.95]
1677, 1248, 2097
[[-8.4849220e-02  9.9522738e-01 -4.3601460e-02 -6.1530000e+01]
 [ 2.7363420e-02  4.6271800e-02  9.9836826e-01  1.3243000e+02]
 [ 9.9580614e-01  8.3728140e-02 -3.0962980e-02 -1.1716200e+03]
 [ 0.0000000e+00  0.0000000e+00  0.0000000e+00  1.0000000e+00]]
[-0174.11, +0086.77, -1091.49]
2202, 1003, 1063
[[-8.4955060e-02  9.9513162e-01 -4.4416120e-02 -6.1730000e+01]
 [ 2.9218980e-02  4.7296620e-02  9.9822348e-01  1.3238000e+02]
 [ 9.9569372e-01  8.3767080e-02 -3.2852680e-02 -1.1715800e+03]
 [ 0.0000000e+00  0.0000000e+00  0.0000000e+00  1.0000000e+00]]
[-0149.00, +0123.82, -1134.28]
1300, 2086, 1468
[[-8.4462740e-02  9.9531894e-01 -4.4722200e-02 -6.1580000e+01]
 [ 2.7030300e-02  4.7253260e-02  9.9842644e-01  1.3243000e+02]
 [ 9.9595644e-01  8.3223800e-02 -3.0799240e-02 -1.1716300e+03]
 [ 0.0000000e+00  0.0000000e+00  0.0000000e+00  1.0000000e+00]]
[-0172.77, -0016.44, -1112.38]
774, 784, 1498
[[-8.3512900e-02  9.9528708e-01 -4.2470640e-02 -6.1410000e+01]
 [ 2.6241960e-02  4.5100000e-02  9.9836172e-01  1.3218000e+02]
 [ 9.9584712e-01  8.2573560e-02 -2.9593540e-02 -1.1716500e+03]
 [ 0.0000000e+00  0.0000000e+00  0.0000000e+00  1.0000000e+00]]
[-0250.48, +0061.50, -1115.13]
1536, 1923, 936
[[-8.4247120e-02  9.9523160e-01 -4.4417560e-02 -6.1570000e+01]
 [ 2.7143600e-02  4.7063600e-02  9.9832780e-01  1.3243000e+02]
 [ 9.9585244e-01  8.3121800e-02 -3.0773280e-02 -1.1716300e+03]
 [ 0.0000000e+00  0.0000000e+00  0.0000000e+00  1.0000000e+00]]
[-0163.06, +0014.48, -1093.35]
2146, 2197, 1422
[[-8.5017300e-02  9.9509434e-01 -4.6013880e-02 -6.1700000e+01]
 [ 2.9151300e-02  4.8857100e-02  9.9818620e-01  1.3260000e+02]
 [ 9.9573100e-01  8.3742120e-02 -3.2957640e-02 -1.1716400e+03]
 [ 0.0000000e+00  0.0000000e+00  0.0000000e+00  1.0000000e+00]]
[-0125.08, +0033.01, -1108.82]
2180, 1618, 1416
[[-8.5556680e-02  9.9518954e-01 -4.4748500e-02 -6.1710000e+01]
 [ 2.8297540e-02  4.7453880e-02  9.9835150e-01  1.3248000e+02]
 [ 9.9579310e-01  8.4286700e-02 -3.2093800e-02 -1.1716400e+03]
 [ 0.0000000e+00  0.0000000e+00  0.0000000e+00  1.0000000e+00]]
[-0134.47, +0084.78, -1105.95]
1843, 1210, 1573
[[-8.3370280e-02  9.9527734e-01 -4.3646900e-02 -6.1430000e+01]
 [ 2.6795660e-02  4.6293720e-02  9.9831830e-01  1.3230000e+02]
 [ 9.9587350e-01  8.2343500e-02 -3.0265000e-02 -1.1714700e+03]
 [ 0.0000000e+00  0.0000000e+00  0.0000000e+00  1.0000000e+00]]
[-0168.36, +0094.79, -1097.84]
2101, 1921, 1283
[[-8.4523380e-02  9.9521956e-01 -4.5171520e-02 -6.1520000e+01]
 [ 2.8104040e-02  4.7865840e-02  9.9830296e-01  1.3246000e+02]
 [ 9.9584768e-01  8.3286640e-02 -3.1851780e-02 -1.1714600e+03]
 [ 0.0000000e+00  0.0000000e+00  0.0000000e+00  1.0000000e+00]]
[-0129.05, +0053.69, -1101.03]
2205, 799, 1616
[[-8.4924420e-02  9.9513454e-01 -4.4033600e-02 -6.1560000e+01]
 [ 2.8836460e-02  4.6895580e-02  9.9823880e-01  1.3233000e+02]
 [ 9.9569080e-01  8.3782400e-02 -3.2421000e-02 -1.1714300e+03]
 [ 0.0000000e+00  0.0000000e+00  0.0000000e+00  1.0000000e+00]]
[-0153.48, +0131.21, -1148.36]
1028, 1616, 1162
[[-8.3140260e-02  9.9537748e-01 -4.3782300e-02 -6.1340000e+01]
 [ 2.6100600e-02  4.6282800e-02  9.9841340e-01  1.3226000e+02]
 [ 9.9599798e-01  8.2062360e-02 -2.9644500e-02 -1.1714900e+03]
 [ 0.0000000e+00  0.0000000e+00  0.0000000e+00  1.0000000e+00]]
[-0208.10, +0002.37, -1101.08]
1671, 1251, 1859
[[-8.3199300e-02  9.9539306e-01 -4.3924080e-02 -6.1410000e+01]
 [ 2.7490500e-02  4.6515900e-02  9.9838880e-01  1.3231000e+02]
 [ 9.9598240e-01  8.2027920e-02 -3.1075560e-02 -1.1714400e+03]
 [ 0.0000000e+00  0.0000000e+00  0.0000000e+00  1.0000000e+00]]
[-0174.44, +0087.23, -1091.43]
2242, 1088, 1310
[[-8.4091860e-02  9.9526084e-01 -4.4361880e-02 -6.1520000e+01]
 [ 2.8546280e-02  4.7106800e-02  9.9829856e-01  1.3236000e+02]
 [ 9.9583996e-01  8.2890080e-02 -3.2179300e-02 -1.1714300e+03]
 [ 0.0000000e+00  0.0000000e+00  0.0000000e+00  1.0000000e+00]]
[-0144.56, +0119.50, -1131.07]
1324, 2073, 1485
[[-8.2969000e-02  9.9526270e-01 -4.4676100e-02 -6.1390000e+01]
 [ 2.6164100e-02  4.7264220e-02  9.9828754e-01  1.3235000e+02]
 [ 9.9592130e-01  8.1943460e-02 -2.9695780e-02 -1.1714800e+03]
 [ 0.0000000e+00  0.0000000e+00  0.0000000e+00  1.0000000e+00]]
[-0172.09, -0014.36, -1109.87]
1442, 1898, 1885
[[-8.3184420e-02  9.9537238e-01 -4.4356680e-02 -6.1390000e+01]
 [ 2.6674980e-02  4.6884780e-02  9.9839132e-01  1.3232000e+02]
 [ 9.9600308e-01  8.2040280e-02 -3.0290640e-02 -1.1714600e+03]
 [ 0.0000000e+00  0.0000000e+00  0.0000000e+00  1.0000000e+00]]
[-0171.55, +0012.23, -1093.40]
1464, 2087, 790
[[-8.3830920e-02  9.9523338e-01 -4.4839540e-02 -6.1430000e+01]
 [ 2.6736580e-02  4.7453880e-02  9.9830766e-01  1.3239000e+02]
 [ 9.9588414e-01  8.2725740e-02 -3.0368040e-02 -1.1714700e+03]
 [ 0.0000000e+00  0.0000000e+00  0.0000000e+00  1.0000000e+00]]
[-0162.43, -0005.35, -1104.53]
1652, 2079, 1010
[[-8.3845920e-02  9.9523916e-01 -4.4822840e-02 -6.1440000e+01]
 [ 2.7136040e-02  4.7464800e-02  9.9830188e-01  1.3240000e+02]
 [ 9.9587836e-01  8.2716520e-02 -3.0773280e-02 -1.1714700e+03]
 [ 0.0000000e+00  0.0000000e+00  0.0000000e+00  1.0000000e+00]]
[-0150.57, +0009.42, -1099.26]
816, 879, 1551
[[-8.1863460e-02  9.9555942e-01 -4.2691900e-02 -6.1210000e+01]
 [ 2.6475700e-02  4.5154200e-02  9.9848010e-01  1.3214000e+02]
 [ 9.9612258e-01  8.0776940e-02 -2.9897700e-02 -1.1714700e+03]
 [ 0.0000000e+00  0.0000000e+00  0.0000000e+00  1.0000000e+00]]
[-0246.37, +0055.13, -1109.79]
1200, 1546, 1216
[[-8.2337700e-02  9.9531414e-01 -4.3860980e-02 -6.1350000e+01]
 [ 2.6809900e-02  4.6515900e-02  9.9827250e-01  1.3228000e+02]
 [ 9.9591930e-01  8.1341980e-02 -3.0213960e-02 -1.1714300e+03]
 [ 0.0000000e+00  0.0000000e+00  0.0000000e+00  1.0000000e+00]]
[-0200.25, +0022.21, -1090.00]
1001, 2081, 1089
[[-8.2538280e-02  9.9538864e-01 -4.4389920e-02 -6.1320000e+01]
 [ 2.6089440e-02  4.6884780e-02  9.9837506e-01  1.3233000e+02]
 [ 9.9603632e-01  8.1454740e-02 -2.9644500e-02 -1.1714900e+03]
 [ 0.0000000e+00  0.0000000e+00  0.0000000e+00  1.0000000e+00]]
[-0188.35, -0030.56, -1131.31]
1254, 1697, 2107
[[-8.2509000e-02  9.9549978e-01 -4.3906540e-02 -6.1350000e+01]
 [ 2.5814020e-02  4.6293720e-02  9.9848634e-01  1.3229000e+02]
 [ 9.9613314e-01  8.1372740e-02 -2.9403720e-02 -1.1714900e+03]
 [ 0.0000000e+00  0.0000000e+00  0.0000000e+00  1.0000000e+00]]
[-0190.81, +0014.72, -1091.61]
1790, 1996, 1499
[[-8.3861000e-02  9.9524502e-01 -4.4806140e-02 -6.1450000e+01]
 [ 2.7535500e-02  4.7475640e-02  9.9829602e-01  1.3240000e+02]
 [ 9.9587250e-01  8.2707300e-02 -3.1178600e-02 -1.1714600e+03]
 [ 0.0000000e+00  0.0000000e+00  0.0000000e+00  1.0000000e+00]]
[-0143.88, +0026.43, -1095.33]
1622, 1344, 856
[[-8.2753620e-02  9.9540536e-01 -4.3754940e-02 -6.1370000e+01]
 [ 2.6908560e-02  4.6315320e-02  9.9838552e-01  1.3229000e+02]
 [ 9.9600314e-01  8.1644880e-02 -3.0429300e-02 -1.1714500e+03]
 [ 0.0000000e+00  0.0000000e+00  0.0000000e+00  1.0000000e+00]]
[-0176.71, +0073.18, -1086.92]
1264, 1509, 2168
[[-8.1907140e-02  9.9552538e-01 -4.4098300e-02 -6.1350000e+01]
 [ 2.6218900e-02  4.6515900e-02  9.9845170e-01  1.3228000e+02]
 [ 9.9615662e-01  8.0761660e-02 -2.9783400e-02 -1.1714600e+03]
 [ 0.0000000e+00  0.0000000e+00  0.0000000e+00  1.0000000e+00]]
[-0197.43, +0030.09, -1087.38]
1413, 2249, 2194
[[-8.3675700e-02  9.9523944e-01 -4.5408280e-02 -6.1450000e+01]
 [ 2.7515120e-02  4.8066300e-02  9.9827376e-01  1.3246000e+02]
 [ 9.9589476e-01  8.2498720e-02 -3.1204560e-02 -1.1714600e+03]
 [ 0.0000000e+00  0.0000000e+00  0.0000000e+00  1.0000000e+00]]
[-0160.40, -0015.68, -1116.73]
1255, 1858, 2202
[[-8.2122400e-02  9.9541240e-01 -4.4187600e-02 -6.1350000e+01]
 [ 2.6306480e-02  4.6705760e-02  9.9836040e-01  1.3230000e+02]
 [ 9.9604536e-01  8.1053520e-02 -2.9808800e-02 -1.1714600e+03]
 [ 0.0000000e+00  0.0000000e+00  0.0000000e+00  1.0000000e+00]]
[-0185.78, +0001.28, -1098.48]
1097, 788, 1556
[[-8.2250580e-02  9.9541724e-01 -4.3027340e-02 -6.1290000e+01]
 [ 2.5352440e-02  4.5501680e-02  9.9840932e-01  1.3218000e+02]
 [ 9.9602414e-01  8.1292280e-02 -2.8732900e-02 -1.1714700e+03]
 [ 0.0000000e+00  0.0000000e+00  0.0000000e+00  1.0000000e+00]]
[-0228.79, +0087.37, -1106.03]
1533, 981, 1130
[[-8.3987140e-02  9.9545756e-01 -4.3654000e-02 -6.1380000e+01]
 [ 2.6589800e-02  4.6082060e-02  9.9853756e-01  1.3227000e+02]
 [ 9.9605944e-01  8.2755800e-02 -3.0290640e-02 -1.1714600e+03]
 [ 0.0000000e+00  0.0000000e+00  0.0000000e+00  1.0000000e+00]]
[-0191.19, +0100.57, -1099.41]
1790, 2050, 2199
[[-8.3444880e-02  9.9525412e-01 -4.5020080e-02 -6.1460000e+01]
 [ 2.7336680e-02  4.7676140e-02  9.9827768e-01  1.3242000e+02]
 [ 9.9589672e-01  8.2309520e-02 -3.0962980e-02 -1.1714500e+03]
 [ 0.0000000e+00  0.0000000e+00  0.0000000e+00  1.0000000e+00]]
[-0142.64, +0020.63, -1097.65]
1589, 1462, 1198
[[-8.3585700e-02  9.9547258e-01 -4.3851140e-02 -6.1360000e+01]
 [ 2.6790220e-02  4.6293720e-02  9.9851354e-01  1.3229000e+02]
 [ 9.9607774e-01  8.2348940e-02 -3.0480420e-02 -1.1714500e+03]
 [ 0.0000000e+00  0.0000000e+00  0.0000000e+00  1.0000000e+00]]
[-0176.27, +0059.39, -1084.90]
1414, 1190, 1063
[[-8.3326480e-02  9.9536812e-01 -4.3596360e-02 -6.1420000e+01]
 [ 2.5704920e-02  4.6071020e-02  9.9843174e-01  1.3225000e+02]
 [ 9.9599076e-01  8.2273860e-02 -2.9239460e-02 -1.1715800e+03]
 [ 0.0000000e+00  0.0000000e+00  0.0000000e+00  1.0000000e+00]]
[-0197.02, +0071.17, -1087.72]
1190, 1683, 920
[[-8.2753620e-02  9.9529030e-01 -4.4063220e-02 -6.1440000e+01]
 [ 2.6592900e-02  4.6695000e-02  9.9828730e-01  1.3233000e+02]
 [ 9.9591022e-01  8.1743100e-02 -3.0049620e-02 -1.1715400e+03]
 [ 0.0000000e+00  0.0000000e+00  0.0000000e+00  1.0000000e+00]]
[-0196.07, +0009.34, -1094.40]
1695, 1825, 2005
[[-8.3615380e-02  9.9513856e-01 -4.4742980e-02 -6.1490000e+01]
 [ 2.6641760e-02  4.7453880e-02  9.9820736e-01  1.3239000e+02]
 [ 9.9578758e-01  8.2625440e-02 -3.0152500e-02 -1.1715500e+03]
 [ 0.0000000e+00  0.0000000e+00  0.0000000e+00  1.0000000e+00]]
[-0155.74, +0035.10, -1089.20]
757, 1367, 1500
[[-8.3125700e-02  9.9539370e-01 -4.3174800e-02 -6.1360000e+01]
 [ 2.6325180e-02  4.5702460e-02  9.9842400e-01  1.3222000e+02]
 [ 9.9598176e-01  8.2066320e-02 -2.9808800e-02 -1.1715900e+03]
 [ 0.0000000e+00  0.0000000e+00  0.0000000e+00  1.0000000e+00]]
[-0232.68, +0003.69, -1114.09]
1620, 1305, 779
[[-8.4648480e-02  9.9522388e-01 -4.4012280e-02 -6.1520000e+01]
 [ 2.7151320e-02  4.6662240e-02  9.9835372e-01  1.3235000e+02]
 [ 9.9582652e-01  8.3527080e-02 -3.0773280e-02 -1.1715900e+03]
 [ 0.0000000e+00  0.0000000e+00  0.0000000e+00  1.0000000e+00]]
[-0176.82, +0078.72, -1088.35]
2124, 1257, 1870
[[-8.510984e-02  9.951018e-01 -4.447236e-02 -6.164000e+01]
 [ 2.781636e-02  4.725326e-02  9.982533e-01  1.324000e+02]
 [ 9.957066e-01  8.399886e-02 -3.144634e-02 -1.171580e+03]
 [ 0.000000e+00  0.000000e+00  0.000000e+00  1.000000e+00]]
[-0145.21, +0108.50, -1114.72]
1264, 2233, 2158
[[-8.3876160e-02  9.9513552e-01 -4.5097760e-02 -6.1540000e+01]
 [ 2.7619040e-02  4.7865840e-02  9.9819192e-01  1.3248000e+02]
 [ 9.9577392e-01  8.2796240e-02 -3.1204560e-02 -1.1715900e+03]
 [ 0.0000000e+00  0.0000000e+00  0.0000000e+00  1.0000000e+00]]
[-0169.91, -0024.12, -1124.14]
1332, 2099, 1397
[[-8.4232200e-02  9.9522582e-01 -4.4434340e-02 -6.1500000e+01]
 [ 2.6744140e-02  4.7052600e-02  9.9833358e-01  1.3238000e+02]
 [ 9.9585822e-01  8.3130940e-02 -3.0368040e-02 -1.1716200e+03]
 [ 0.0000000e+00  0.0000000e+00  0.0000000e+00  1.0000000e+00]]
[-0172.43, -0008.48, -1107.87]
2162, 1121, 1965
[[-8.5340820e-02  9.9520264e-01 -4.4551800e-02 -6.1640000e+01]
 [ 2.8310640e-02  4.7264220e-02  9.9834760e-01  1.3242000e+02]
 [ 9.9579700e-01  8.4090000e-02 -3.2067600e-02 -1.1715900e+03]
 [ 0.0000000e+00  0.0000000e+00  0.0000000e+00  1.0000000e+00]]
[-0147.38, +0117.47, -1124.37]
1360, 840, 2119
[[-8.3987140e-02  9.9536452e-01 -4.3338180e-02 -6.1480000e+01]
 [ 2.6898280e-02  4.5892280e-02  9.9844428e-01  1.3226000e+02]
 [ 9.9594438e-01  8.2849080e-02 -3.0480420e-02 -1.1716000e+03]
 [ 0.0000000e+00  0.0000000e+00  0.0000000e+00  1.0000000e+00]]
[-0207.61, +0101.98, -1104.99]
1307, 892, 1752
[[-8.4187920e-02  9.9535328e-01 -4.3343680e-02 -6.1490000e+01]
 [ 2.6694080e-02  4.5881280e-02  9.9845552e-01  1.3226000e+02]
 [ 9.9593888e-01  8.3053280e-02 -3.0290640e-02 -1.1716100e+03]
 [ 0.0000000e+00  0.0000000e+00  0.0000000e+00  1.0000000e+00]]
[-0210.94, +0092.98, -1100.30]
1279, 1613, 1105
[[-8.3801160e-02  9.9525906e-01 -4.3832540e-02 -6.1450000e+01]
 [ 2.6978060e-02  4.6483500e-02  9.9832758e-01  1.3232000e+02]
 [ 9.9585846e-01  8.2735580e-02 -3.0506100e-02 -1.1715500e+03]
 [ 0.0000000e+00  0.0000000e+00  0.0000000e+00  1.0000000e+00]]
[-0193.29, +0021.77, -1089.08]
1529, 1988, 2151
[[-8.4232200e-02  9.9521838e-01 -4.4642460e-02 -6.1490000e+01]
 [ 2.6536020e-02  4.7242220e-02  9.9833186e-01  1.3240000e+02]
 [ 9.9586566e-01  8.3132660e-02 -3.0178420e-02 -1.1715600e+03]
 [ 0.0000000e+00  0.0000000e+00  0.0000000e+00  1.0000000e+00]]
[-0161.02, +0008.70, -1096.24]
829, 1226, 1541
[[-8.2680820e-02  9.9551386e-01 -4.2905020e-02 -6.1280000e+01]
 [ 2.5850660e-02  4.5311820e-02  9.9851686e-01  1.3228000e+02]
 [ 9.9610262e-01  8.1586340e-02 -2.9353000e-02 -1.1715400e+03]
 [ 0.0000000e+00  0.0000000e+00  0.0000000e+00  1.0000000e+00]]
[-0235.11, +0021.48, -1105.99]
1728, 1056, 2232
[[-8.4016660e-02  9.9525360e-01 -4.3821280e-02 -6.1490000e+01]
 [ 2.7173280e-02  4.6483500e-02  9.9833304e-01  1.3232000e+02]
 [ 9.9584720e-01  8.2930800e-02 -3.0721600e-02 -1.1715200e+03]
 [ 0.0000000e+00  0.0000000e+00  0.0000000e+00  1.0000000e+00]]
[-0175.64, +0106.87, -1103.21]
1774, 1794, 2065
[[-8.3861000e-02  9.9535284e-01 -4.4705880e-02 -6.1500000e+01]
 [ 2.7643320e-02  4.7285900e-02  9.9839254e-01  1.3240000e+02]
 [ 9.9597276e-01  8.2610780e-02 -3.1368340e-02 -1.1714900e+03]
 [ 0.0000000e+00  0.0000000e+00  0.0000000e+00  1.0000000e+00]]
[-0151.10, +0043.15, -1090.00]
1409, 1197, 840
[[-8.3370280e-02  9.9537768e-01 -4.3754600e-02 -6.1410000e+01]
 [ 2.6695320e-02  4.6293720e-02  9.9841320e-01  1.3227000e+02]
 [ 9.9598120e-01  8.2248600e-02 -3.0265000e-02 -1.1715000e+03]
 [ 0.0000000e+00  0.0000000e+00  0.0000000e+00  1.0000000e+00]]
[-0196.82, +0070.71, -1087.49]
1371, 1879, 977
[[-8.3600500e-02  9.9525546e-01 -4.4243220e-02 -6.1440000e+01]
 [ 2.6766180e-02  4.6873900e-02  9.9831306e-01  1.3235000e+02]
 [ 9.9587874e-01  8.2534620e-02 -3.0316360e-02 -1.1715000e+03]
 [ 0.0000000e+00  0.0000000e+00  0.0000000e+00  1.0000000e+00]]
[-0177.30, +0004.24, -1095.84]
770, 1703, 2031
[[-8.2093120e-02  9.9543040e-01 -4.3388640e-02 -6.1310000e+01]
 [ 2.6339200e-02  4.5924800e-02  9.9837840e-01  1.3225000e+02]
 [ 9.9602736e-01  8.1064800e-02 -2.9758080e-02 -1.1715000e+03]
 [ 0.0000000e+00  0.0000000e+00  0.0000000e+00  1.0000000e+00]]
[-0216.25, -0018.36, -1125.04]
1333, 1784, 806
[[-8.3600500e-02  9.9535578e-01 -4.4350960e-02 -6.1430000e+01]
 [ 2.6665860e-02  4.6873900e-02  9.9840792e-01  1.3234000e+02]
 [ 9.9598648e-01  8.2439760e-02 -3.0316360e-02 -1.1715100e+03]
 [ 0.0000000e+00  0.0000000e+00  0.0000000e+00  1.0000000e+00]]
[-0181.70, +0011.89, -1092.06]
857, 1965, 758
[[-8.2137160e-02  9.9531782e-01 -4.4063580e-02 -6.1340000e+01]
 [ 2.6806220e-02  4.6716440e-02  9.9825978e-01  1.3231000e+02]
 [ 9.9593202e-01  8.1139380e-02 -3.0213960e-02 -1.1715000e+03]
 [ 0.0000000e+00  0.0000000e+00  0.0000000e+00  1.0000000e+00]]
[-0200.23, -0031.15, -1134.82]
974, 1115, 1208
[[-8.2709700e-02  9.9540296e-01 -4.3388420e-02 -6.1360000e+01]
 [ 2.6126080e-02  4.5903200e-02  9.9840584e-01  1.3224000e+02]
 [ 9.9600554e-01  8.1668480e-02 -2.9593540e-02 -1.1715100e+03]
 [ 0.0000000e+00  0.0000000e+00  0.0000000e+00  1.0000000e+00]]
[-0229.68, +0044.52, -1097.09]
1598, 1749, 2159
[[-8.4232200e-02  9.9522582e-01 -4.4434340e-02 -6.1480000e+01]
 [ 2.6744140e-02  4.7052600e-02  9.9833358e-01  1.3238000e+02]
 [ 9.9585822e-01  8.3130940e-02 -3.0368040e-02 -1.1715100e+03]
 [ 0.0000000e+00  0.0000000e+00  0.0000000e+00  1.0000000e+00]]
[-0164.70, +0034.79, -1087.10]
1906, 1490, 1606
[[-8.4232200e-02  9.9533360e-01 -4.4334000e-02 -6.1500000e+01]
 [ 2.6851920e-02  4.6862940e-02  9.9843010e-01  1.3236000e+02]
 [ 9.9595856e-01  8.3034420e-02 -3.0557700e-02 -1.1715200e+03]
 [ 0.0000000e+00  0.0000000e+00  0.0000000e+00  1.0000000e+00]]
[-0151.71, +0081.46, -1094.24]
2231, 1484, 1831
[[-8.4508100e-02  9.9522882e-01 -4.4772060e-02 -6.1560000e+01]
 [ 2.8120860e-02  4.7475640e-02  9.9831222e-01  1.3242000e+02]
 [ 9.9583842e-01  8.3292660e-02 -3.1825700e-02 -1.1715100e+03]
 [ 0.0000000e+00  0.0000000e+00  0.0000000e+00  1.0000000e+00]]
[-0134.70, +0095.41, -1111.89]
1570, 1868, 1944
[[-8.3414800e-02  9.9537276e-01 -4.4328920e-02 -6.1450000e+01]
 [ 2.7269640e-02  4.6895580e-02  9.9839094e-01  1.3235000e+02]
 [ 9.9598612e-01  8.2226340e-02 -3.0911380e-02 -1.1714900e+03]
 [ 0.0000000e+00  0.0000000e+00  0.0000000e+00  1.0000000e+00]]
[-0166.15, +0017.16, -1091.69]
1360, 1987, 1297
[[-8.2998760e-02  9.9538932e-01 -4.4334760e-02 -6.1440000e+01]
 [ 2.7278760e-02  4.6906300e-02  9.9837438e-01  1.3236000e+02]
 [ 9.9600268e-01  8.1826860e-02 -3.0885700e-02 -1.1714900e+03]
 [ 0.0000000e+00  0.0000000e+00  0.0000000e+00  1.0000000e+00]]
[-0173.21, -0005.44, -1102.17]
1599, 1257, 1394
[[-8.3600500e-02  9.9515514e-01 -4.4135480e-02 -6.1470000e+01]
 [ 2.6866500e-02  4.6873900e-02  9.9821820e-01  1.3232000e+02]
 [ 9.9577100e-01  8.2629480e-02 -3.0316360e-02 -1.1714900e+03]
 [ 0.0000000e+00  0.0000000e+00  0.0000000e+00  1.0000000e+00]]
[-0179.68, +0080.83, -1088.89]
1893, 958, 826
[[-8.3816000e-02  9.9536520e-01 -4.3923600e-02 -6.1480000e+01]
 [ 2.7277200e-02  4.6494380e-02  9.9841666e-01  1.3231000e+02]
 [ 9.9596040e-01  8.2631660e-02 -3.0911380e-02 -1.1714900e+03]
 [ 0.0000000e+00  0.0000000e+00  0.0000000e+00  1.0000000e+00]]
[-0166.48, +0122.44, -1120.18]
952, 1485, 1803
[[-8.2680820e-02  9.9549232e-01 -4.3528960e-02 -6.1350000e+01]
 [ 2.5226720e-02  4.5881280e-02  9.9851176e-01  1.3226000e+02]
 [ 9.9612416e-01  8.1591440e-02 -2.8783540e-02 -1.1715500e+03]
 [ 0.0000000e+00  0.0000000e+00  0.0000000e+00  1.0000000e+00]]
[-0217.88, +0008.33, -1101.69]
2078, 2160, 1528
[[-8.3537040e-02  9.9515940e-01 -4.5644600e-02 -6.1550000e+01]
 [ 2.9001400e-02  4.8498780e-02  9.9814002e-01  1.3252000e+02]
 [ 9.9578340e-01  8.2355020e-02 -3.2636820e-02 -1.1714900e+03]
 [ 0.0000000e+00  0.0000000e+00  0.0000000e+00  1.0000000e+00]]
[-0127.30, +0031.61, -1106.00]
1381, 2202, 2211
[[-8.302884e-02  9.952707e-01 -4.502594e-02 -6.145000e+01]
 [ 2.734594e-02  4.768686e-02  9.982611e-01  1.324200e+02]
 [ 9.959133e-01  8.191006e-02 -3.093714e-02 -1.171480e+03]
 [ 0.000000e+00  0.000000e+00  0.000000e+00  1.000000e+00]]
[-0164.51, -0016.99, -1115.95]
1155, 1634, 1683
[[-8.255304e-02  9.953014e-01 -4.405784e-02 -6.140000e+01]
 [ 2.679716e-02  4.670576e-02  9.982762e-01  1.323100e+02]
 [ 9.959156e-01  8.153884e-02 -3.023944e-02 -1.171490e+03]
 [ 0.000000e+00  0.000000e+00  0.000000e+00  1.000000e+00]]
[-0200.86, +0010.88, -1095.01]
1925, 1664, 873
[[-8.3429800e-02  9.9526334e-01 -4.4620620e-02 -6.1490000e+01]
 [ 2.7353300e-02  4.7285900e-02  9.9828690e-01  1.3239000e+02]
 [ 9.9588750e-01  8.2315380e-02 -3.0937140e-02 -1.1714800e+03]
 [ 0.0000000e+00  0.0000000e+00  0.0000000e+00  1.0000000e+00]]
[-0145.66, +0067.23, -1093.04]
1630, 759, 849
[[-8.3312040e-02  9.9527662e-01 -4.3089260e-02 -6.1400000e+01]
 [ 2.5821940e-02  4.5680460e-02  9.9834578e-01  1.3221000e+02]
 [ 9.9587422e-01  8.2374260e-02 -2.9213940e-02 -1.1715300e+03]
 [ 0.0000000e+00  0.0000000e+00  0.0000000e+00  1.0000000e+00]]
[-0190.42, +0121.29, -1119.92]
1892, 1777, 2186
[[-8.4262120e-02  9.9522994e-01 -4.4608900e-02 -6.1510000e+01]
 [ 2.7334940e-02  4.7264220e-02  9.9832030e-01  1.3240000e+02]
 [ 9.9585410e-01  8.3114300e-02 -3.0988900e-02 -1.1715000e+03]
 [ 0.0000000e+00  0.0000000e+00  0.0000000e+00  1.0000000e+00]]
[-0144.48, +0052.50, -1092.01]
2108, 2195, 1666
[[-8.4153460e-02  9.9523142e-01 -4.5751620e-02 -6.1570000e+01]
 [ 2.8687420e-02  4.8477740e-02  9.9826302e-01  1.3256000e+02]
 [ 9.9586938e-01  8.2864020e-02 -3.2473160e-02 -1.1715000e+03]
 [ 0.0000000e+00  0.0000000e+00  0.0000000e+00  1.0000000e+00]]
[-0125.96, +0030.60, -1107.96]
1759, 1562, 824
[[-8.2753620e-02  9.9529030e-01 -4.4063220e-02 -6.1420000e+01]
 [ 2.6592900e-02  4.6695000e-02  9.9828730e-01  1.3233000e+02]
 [ 9.9591022e-01  8.1743100e-02 -3.0049620e-02 -1.1715100e+03]
 [ 0.0000000e+00  0.0000000e+00  0.0000000e+00  1.0000000e+00]]
[-0164.49, +0061.19, -1087.64]
1405, 923, 1760
[[-8.293956e-02  9.954032e-01 -4.336084e-02 -6.140000e+01]
 [ 2.672084e-02  4.591404e-02  9.984056e-01  1.322500e+02]
 [ 9.959888e-01  8.185484e-02 -3.021396e-02 -1.171500e+03]
 [ 0.000000e+00  0.000000e+00  0.000000e+00  1.000000e+00]]
[-0203.35, +0097.69, -1100.62]
979, 1417, 1660
[[-8.2293780e-02  9.9541214e-01 -4.3601960e-02 -6.1330000e+01]
 [ 2.5927060e-02  4.6103900e-02  9.9838772e-01  1.3225000e+02]
 [ 9.9602924e-01  8.1270680e-02 -2.9378320e-02 -1.1715100e+03]
 [ 0.0000000e+00  0.0000000e+00  0.0000000e+00  1.0000000e+00]]
[-0219.38, +0016.19, -1098.60]
1445, 1375, 2146
[[-8.3585700e-02  9.9537224e-01 -4.3743420e-02 -6.1420000e+01]
 [ 2.6890560e-02  4.6293720e-02  9.9841864e-01  1.3231000e+02]
 [ 9.9597002e-01  8.2443840e-02 -3.0480420e-02 -1.1715200e+03]
 [ 0.0000000e+00  0.0000000e+00  0.0000000e+00  1.0000000e+00]]
[-0187.62, +0058.27, -1084.52]
1958, 2014, 1272
[[-8.4061540e-02  9.9522618e-01 -4.5019660e-02 -6.1500000e+01]
 [ 2.7123060e-02  4.7654460e-02  9.9830562e-01  1.3245000e+02]
 [ 9.9587462e-01  8.2913340e-02 -3.0799240e-02 -1.1715500e+03]
 [ 0.0000000e+00  0.0000000e+00  0.0000000e+00  1.0000000e+00]]
[-0134.06, +0035.38, -1098.73]
2052, 1980, 2093
[[-8.369098e-02  9.952607e-01 -4.497550e-02 -6.153000e+01]
 [ 2.833070e-02  4.769750e-02  9.982711e-01  1.324500e+02]
 [ 9.958735e-01  8.248610e-02 -3.198948e-02 -1.171490e+03]
 [ 0.000000e+00  0.000000e+00  0.000000e+00  1.000000e+00]]
[-0130.33, +0045.62, -1100.31]
1665, 2046, 1673
[[-8.3214260e-02  9.9537648e-01 -4.4531580e-02 -6.1430000e+01]
 [ 2.7265920e-02  4.7096120e-02  9.9837808e-01  1.3238000e+02]
 [ 9.9599898e-01  8.2023680e-02 -3.0911380e-02 -1.1714800e+03]
 [ 0.0000000e+00  0.0000000e+00  0.0000000e+00  1.0000000e+00]]
[-0154.70, +0008.56, -1098.59]
1239, 1708, 1545
[[-8.295424e-02  9.952792e-01 -4.406864e-02 -6.141000e+01]
 [ 2.638864e-02  4.668416e-02  9.982984e-01  1.323200e+02]
 [ 9.959048e-01  8.194736e-02 -2.985984e-02 -1.171520e+03]
 [ 0.000000e+00  0.000000e+00  0.000000e+00  1.000000e+00]]
[-0192.33, +0011.62, -1093.13]
1597, 1434, 1890
[[-8.4031540e-02  9.9535232e-01 -4.4120420e-02 -6.1450000e+01]
 [ 2.7264320e-02  4.6684160e-02  9.9842048e-01  1.3235000e+02]
 [ 9.9595658e-01  8.2828480e-02 -3.0937140e-02 -1.1715000e+03]
 [ 0.0000000e+00  0.0000000e+00  0.0000000e+00  1.0000000e+00]]
[-0175.15, +0064.22, -1085.28]
1981, 1990, 1987
[[-8.4091860e-02  9.9523798e-01 -4.4986180e-02 -6.1520000e+01]
 [ 2.7921980e-02  4.7676140e-02  9.9829382e-01  1.3245000e+02]
 [ 9.9586282e-01  8.2894820e-02 -3.1609960e-02 -1.1715200e+03]
 [ 0.0000000e+00  0.0000000e+00  0.0000000e+00  1.0000000e+00]]
[-0132.89, +0040.20, -1098.79]
1239, 1642, 1760
[[-8.3154900e-02  9.9527544e-01 -4.3866080e-02 -6.1410000e+01]
 [ 2.6392400e-02  4.6483500e-02  9.9831120e-01  1.3232000e+02]
 [ 9.9589200e-01  8.2149920e-02 -2.9859840e-02 -1.1715300e+03]
 [ 0.0000000e+00  0.0000000e+00  0.0000000e+00  1.0000000e+00]]
[-0194.58, +0016.86, -1091.15]
1983, 966, 1772
[[-8.4447780e-02  9.9524268e-01 -4.3798640e-02 -6.1490000e+01]
 [ 2.7563720e-02  4.6483500e-02  9.9834396e-01  1.3232000e+02]
 [ 9.9582456e-01  8.3321240e-02 -3.1152720e-02 -1.1715100e+03]
 [ 0.0000000e+00  0.0000000e+00  0.0000000e+00  1.0000000e+00]]
[-0160.61, +0124.59, -1125.32]
1700, 1695, 1571
[[-8.3385040e-02  9.9526092e-01 -4.4254400e-02 -6.1440000e+01]
 [ 2.6571000e-02  4.6873900e-02  9.9830760e-01  1.3233000e+02]
 [ 9.9588992e-01  8.2339440e-02 -3.0100900e-02 -1.1715100e+03]
 [ 0.0000000e+00  0.0000000e+00  0.0000000e+00  1.0000000e+00]]
[-0163.62, +0043.34, -1087.11]
928, 2239, 930
[[-8.2166920e-02  9.9529206e-01 -4.5070420e-02 -6.1350000e+01]
 [ 2.6565540e-02  4.7686860e-02  9.9823974e-01  1.3242000e+02]
 [ 9.9595778e-01  8.1129660e-02 -3.0075220e-02 -1.1715200e+03]
 [ 0.0000000e+00  0.0000000e+00  0.0000000e+00  1.0000000e+00]]
[-0183.32, -0035.07, -1144.39]
2076, 2053, 782
[[-8.4338320e-02  9.9523708e-01 -4.5149360e-02 -6.1550000e+01]
 [ 2.8707880e-02  4.7887280e-02  9.9828544e-01  1.3246000e+02]
 [ 9.9584696e-01  8.3072960e-02 -3.2447040e-02 -1.1714800e+03]
 [ 0.0000000e+00  0.0000000e+00  0.0000000e+00  1.0000000e+00]]
[-0129.06, +0044.96, -1102.85]
1832, 2107, 2100
[[-8.3214260e-02  9.9537648e-01 -4.4531580e-02 -6.1450000e+01]
 [ 2.7265920e-02  4.7096120e-02  9.9837808e-01  1.3239000e+02]
 [ 9.9599898e-01  8.2023680e-02 -3.0911380e-02 -1.1714900e+03]
 [ 0.0000000e+00  0.0000000e+00  0.0000000e+00  1.0000000e+00]]
[-0143.94, +0019.40, -1099.98]
2024, 1227, 1245
[[-8.4061540e-02  9.9535662e-01 -4.4295080e-02 -6.1500000e+01]
 [ 2.7855180e-02  4.6895580e-02  9.9840708e-01  1.3236000e+02]
 [ 9.9595228e-01  8.2811880e-02 -3.1558120e-02 -1.1714600e+03]
 [ 0.0000000e+00  0.0000000e+00  0.0000000e+00  1.0000000e+00]]
[-0150.87, +0107.44, -1110.17]
1972, 835, 894
[[-8.3154900e-02  9.9549814e-01 -4.3457380e-02 -6.1430000e+01]
 [ 2.6815780e-02  4.5914040e-02  9.9850594e-01  1.3225000e+02]
 [ 9.9608534e-01  8.1955180e-02 -3.0429300e-02 -1.1714900e+03]
 [ 0.0000000e+00  0.0000000e+00  0.0000000e+00  1.0000000e+00]]
[-0165.27, +0129.75, -1133.79]
1041, 1117, 902
[[-8.2910440e-02  9.9539192e-01 -4.3393880e-02 -6.1340000e+01]
 [ 2.5921880e-02  4.5892280e-02  9.9841688e-01  1.3223000e+02]
 [ 9.9600008e-01  8.1872680e-02 -2.9403720e-02 -1.1715300e+03]
 [ 0.0000000e+00  0.0000000e+00  0.0000000e+00  1.0000000e+00]]
[-0224.92, +0048.69, -1094.19]
959, 765, 2127
[[-8.2049800e-02  9.9542816e-01 -4.3021880e-02 -6.1300000e+01]
 [ 2.5556600e-02  4.5512600e-02  9.9839840e-01  1.3216000e+02]
 [ 9.9602960e-01  8.1088120e-02 -2.8922760e-02 -1.1715400e+03]
 [ 0.0000000e+00  0.0000000e+00  0.0000000e+00  1.0000000e+00]]
[-0238.85, +0078.93, -1109.47]
2137, 2012, 1273
[[-8.4554180e-02  9.9511608e-01 -4.5446220e-02 -6.1580000e+01]
 [ 2.8586880e-02  4.8266720e-02  9.9819272e-01  1.3251000e+02]
 [ 9.9574302e-01  8.3366080e-02 -3.2283460e-02 -1.1715200e+03]
 [ 0.0000000e+00  0.0000000e+00  0.0000000e+00  1.0000000e+00]]
[-0126.14, +0047.16, -1103.90]
998, 1248, 788
[[-8.289600e-02  9.953936e-01 -4.320240e-02 -6.133000e+01]
 [ 2.573040e-02  4.569150e-02  9.984241e-01  1.322400e+02]
 [ 9.959984e-01  8.187990e-02 -2.918850e-02 -1.171520e+03]
 [ 0.000000e+00  0.000000e+00  0.000000e+00  1.000000e+00]]
[-0223.98, +0033.96, -1095.43]
1106, 1388, 1376
[[-8.3801160e-02  9.9536680e-01 -4.3732200e-02 -6.1500000e+01]
 [ 2.7085800e-02  4.6293720e-02  9.9842408e-01  1.3229000e+02]
 [ 9.9595880e-01  8.2639080e-02 -3.0695880e-02 -1.1716200e+03]
 [ 0.0000000e+00  0.0000000e+00  0.0000000e+00  1.0000000e+00]]
[-0212.19, +0028.89, -1091.69]
1833, 1350, 1282
[[-8.4462740e-02  9.9523362e-01 -4.4198100e-02 -6.1620000e+01]
 [ 2.7546900e-02  4.6873900e-02  9.9833490e-01  1.3239000e+02]
 [ 9.9583362e-01  8.3315340e-02 -3.1178600e-02 -1.1716500e+03]
 [ 0.0000000e+00  0.0000000e+00  0.0000000e+00  1.0000000e+00]]
[-0160.40, +0088.24, -1094.44]
1764, 1615, 1323
[[-8.3199300e-02  9.9538560e-01 -4.4132100e-02 -6.1460000e+01]
 [ 2.7282480e-02  4.6705760e-02  9.9838720e-01  1.3234000e+02]
 [ 9.9598986e-01  8.2029520e-02 -3.0885700e-02 -1.1715400e+03]
 [ 0.0000000e+00  0.0000000e+00  0.0000000e+00  1.0000000e+00]]
[-0159.43, +0058.35, -1087.65]
1281, 2000, 1183
[[-8.3801160e-02  9.9533720e-01 -4.4564520e-02 -6.1460000e+01]
 [ 2.6253480e-02  4.7052600e-02  9.9841736e-01  1.3234000e+02]
 [ 9.9598840e-01  8.2645800e-02 -2.9937000e-02 -1.1716100e+03]
 [ 0.0000000e+00  0.0000000e+00  0.0000000e+00  1.0000000e+00]]
[-0177.71, -0012.10, -1107.43]
1100, 1122, 2029
[[-8.3140260e-02  9.9539938e-01 -4.3158240e-02 -6.1390000e+01]
 [ 2.6724660e-02  4.5713340e-02  9.9841832e-01  1.3229000e+02]
 [ 9.9597608e-01  8.2057440e-02 -3.0213960e-02 -1.1715600e+03]
 [ 0.0000000e+00  0.0000000e+00  0.0000000e+00  1.0000000e+00]]
[-0221.17, +0053.72, -1092.61]
1437, 1441, 1328
[[-8.4462740e-02  9.9524112e-01 -4.3989960e-02 -6.1520000e+01]
 [ 2.7755040e-02  4.6684160e-02  9.9833648e-01  1.3233000e+02]
 [ 9.9582612e-01  8.3313760e-02 -3.1368340e-02 -1.1716100e+03]
 [ 0.0000000e+00  0.0000000e+00  0.0000000e+00  1.0000000e+00]]
[-0186.47, +0051.64, -1084.47]
1618, 1803, 895
[[-8.3615380e-02  9.9524632e-01 -4.4642680e-02 -6.1470000e+01]
 [ 2.6749520e-02  4.7264220e-02  9.9830392e-01  1.3236000e+02]
 [ 9.9588788e-01  8.2528880e-02 -3.0342160e-02 -1.1715200e+03]
 [ 0.0000000e+00  0.0000000e+00  0.0000000e+00  1.0000000e+00]]
[-0161.56, +0031.39, -1088.33]
1850, 1002, 1413
[[-8.3169620e-02  9.9538884e-01 -4.3749180e-02 -6.1450000e+01]
 [ 2.6899560e-02  4.6304560e-02  9.9840204e-01  1.3230000e+02]
 [ 9.9598662e-01  8.2044360e-02 -3.0454820e-02 -1.1715400e+03]
 [ 0.0000000e+00  0.0000000e+00  0.0000000e+00  1.0000000e+00]]
[-0167.72, +0117.48, -1113.99]
1442, 2185, 1774
[[-8.3630340e-02  9.9524460e-01 -4.4834080e-02 -6.1450000e+01]
 [ 2.6940920e-02  4.7464800e-02  9.9829644e-01  1.3242000e+02]
 [ 9.9588960e-01  8.2521400e-02 -3.0557700e-02 -1.1715200e+03]
 [ 0.0000000e+00  0.0000000e+00  0.0000000e+00  1.0000000e+00]]
[-0161.48, -0013.19, -1112.27]
976, 1582, 1015
[[-8.2695220e-02  9.9539018e-01 -4.3612880e-02 -6.1320000e+01]
 [ 2.5518620e-02  4.6082060e-02  9.9840968e-01  1.3225000e+02]
 [ 9.9601832e-01  8.1679120e-02 -2.8998720e-02 -1.1715400e+03]
 [ 0.0000000e+00  0.0000000e+00  0.0000000e+00  1.0000000e+00]]
[-0212.83, +0002.86, -1103.13]
946, 1053, 1578
[[-8.3125700e-02  9.9538644e-01 -4.3382820e-02 -6.1450000e+01]
 [ 2.6117160e-02  4.5892280e-02  9.9842236e-01  1.3216000e+02]
 [ 9.9598902e-01  8.2067960e-02 -2.9618980e-02 -1.1716500e+03]
 [ 0.0000000e+00  0.0000000e+00  0.0000000e+00  1.0000000e+00]]
[-0233.61, +0047.92, -1099.46]
1929, 979, 764
[[-8.4247120e-02  9.9525404e-01 -4.3793200e-02 -6.1540000e+01]
 [ 2.7767960e-02  4.6494380e-02  9.9833260e-01  1.3234000e+02]
 [ 9.9583000e-01  8.3117000e-02 -3.1342500e-02 -1.1716000e+03]
 [ 0.0000000e+00  0.0000000e+00  0.0000000e+00  1.0000000e+00]]
[-0163.65, +0122.30, -1121.05]
2067, 1034, 1620
[[-8.4663400e-02  9.9522226e-01 -4.4203580e-02 -6.1490000e+01]
 [ 2.7342620e-02  4.6862940e-02  9.9834626e-01  1.3235000e+02]
 [ 9.9582814e-01  8.3519620e-02 -3.0988900e-02 -1.1715600e+03]
 [ 0.0000000e+00  0.0000000e+00  0.0000000e+00  1.0000000e+00]]
[-0153.67, +0120.89, -1124.55]
1205, 779, 1595
[[-8.2896000e-02  9.9540080e-01 -4.2994400e-02 -6.1350000e+01]
 [ 2.5938400e-02  4.5501680e-02  9.9842576e-01  1.3219000e+02]
 [ 9.9599120e-01  8.1878240e-02 -2.9378320e-02 -1.1715000e+03]
 [ 0.0000000e+00  0.0000000e+00  0.0000000e+00  1.0000000e+00]]
[-0220.37, +0097.06, -1107.05]
930, 1821, 1732
[[-8.3370280e-02  9.9526998e-01 -4.3854940e-02 -6.1400000e+01]
 [ 2.6587620e-02  4.6483500e-02  9.9831666e-01  1.3231000e+02]
 [ 9.9588086e-01  8.2345140e-02 -3.0075220e-02 -1.1715800e+03]
 [ 0.0000000e+00  0.0000000e+00  0.0000000e+00  1.0000000e+00]]
[-0204.36, -0020.01, -1119.55]
1877, 1861, 2012
[[-8.4061540e-02  9.9522618e-01 -4.5019660e-02 -6.1540000e+01]
 [ 2.7123060e-02  4.7654460e-02  9.9830562e-01  1.3239000e+02]
 [ 9.9587462e-01  8.2913340e-02 -3.0799240e-02 -1.1716000e+03]
 [ 0.0000000e+00  0.0000000e+00  0.0000000e+00  1.0000000e+00]]
[-0142.37, +0045.34, -1093.23]
1410, 1091, 2243
[[-8.3585700e-02  9.9537962e-01 -4.3535360e-02 -6.1440000e+01]
 [ 2.7098620e-02  4.6103900e-02  9.9842024e-01  1.3227000e+02]
 [ 9.9596264e-01  8.2442240e-02 -3.0670240e-02 -1.1715700e+03]
 [ 0.0000000e+00  0.0000000e+00  0.0000000e+00  1.0000000e+00]]
[-0199.50, +0081.20, -1091.35]
1986, 1790, 963
[[-8.3861000e-02  9.9514476e-01 -4.4698320e-02 -6.1540000e+01]
 [ 2.7635760e-02  4.7475640e-02  9.9820116e-01  1.3242000e+02]
 [ 9.9576468e-01  8.2802160e-02 -3.1178600e-02 -1.1716200e+03]
 [ 0.0000000e+00  0.0000000e+00  0.0000000e+00  1.0000000e+00]]
[-0137.48, +0058.09, -1095.74]
1779, 1067, 1402
[[-8.4618880e-02  9.9523448e-01 -4.3421520e-02 -6.1460000e+01]
 [ 2.6976880e-02  4.6071020e-02  9.9837012e-01  1.3227000e+02]
 [ 9.9581592e-01  8.3540280e-02 -3.0531860e-02 -1.1715800e+03]
 [ 0.0000000e+00  0.0000000e+00  0.0000000e+00  1.0000000e+00]]
[-0173.76, +0105.50, -1103.86]
2031, 1097, 1333
[[-8.4477780e-02  9.9523956e-01 -4.4181280e-02 -6.1550000e+01]
 [ 2.7946360e-02  4.6884780e-02  9.9832896e-01  1.3237000e+02]
 [ 9.9582768e-01  8.3306240e-02 -3.1584000e-02 -1.1715800e+03]
 [ 0.0000000e+00  0.0000000e+00  0.0000000e+00  1.0000000e+00]]
[-0153.65, +0116.40, -1118.19]
1061, 2005, 1616
[[-8.3987140e-02  9.9522744e-01 -4.4270960e-02 -6.1410000e+01]
 [ 2.5958160e-02  4.6840780e-02  9.9834108e-01  1.3233000e+02]
 [ 9.9587336e-01  8.2952280e-02 -2.9531920e-02 -1.1716100e+03]
 [ 0.0000000e+00  0.0000000e+00  0.0000000e+00  1.0000000e+00]]
[-0189.03, -0024.32, -1121.34]
1384, 1033, 763
[[-8.3771720e-02  9.9536268e-01 -4.3557480e-02 -6.1420000e+01]
 [ 2.6494920e-02  4.6082060e-02  9.9843718e-01  1.3226000e+02]
 [ 9.9596292e-01  8.2655420e-02 -3.0075220e-02 -1.1715700e+03]
 [ 0.0000000e+00  0.0000000e+00  0.0000000e+00  1.0000000e+00]]
[-0201.70, +0086.33, -1093.69]
1411, 1443, 1330
[[-8.3786400e-02  9.9535368e-01 -4.3956960e-02 -6.1450000e+01]
 [ 2.6478240e-02  4.6472540e-02  9.9842818e-01  1.3232000e+02]
 [ 9.9597192e-01  8.2649740e-02 -3.0100900e-02 -1.1715700e+03]
 [ 0.0000000e+00  0.0000000e+00  0.0000000e+00  1.0000000e+00]]
[-0188.32, +0049.33, -1084.44]
1627, 1740, 1170
[[-8.4879060e-02  9.9520926e-01 -4.4400380e-02 -6.1500000e+01]
 [ 2.7329620e-02  4.7052600e-02  9.9835014e-01  1.3238000e+02]
 [ 9.9582426e-01  8.3716420e-02 -3.1014900e-02 -1.1715700e+03]
 [ 0.0000000e+00  0.0000000e+00  0.0000000e+00  1.0000000e+00]]
[-0162.83, +0037.85, -1087.10]
960, 1774, 894
[[-8.3154900e-02  9.9548346e-01 -4.3873420e-02 -6.1360000e+01]
 [ 2.6399740e-02  4.6293720e-02  9.9850266e-01  1.3229000e+02]
 [ 9.9610002e-01  8.1958460e-02 -3.0049620e-02 -1.1715800e+03]
 [ 0.0000000e+00  0.0000000e+00  0.0000000e+00  1.0000000e+00]]
[-0204.89, -0014.76, -1114.04]
1670, 1192, 1521
[[-8.4418100e-02  9.9523104e-01 -4.3832280e-02 -6.1470000e+01]
 [ 2.6764800e-02  4.6461500e-02  9.9835560e-01  1.3231000e+02]
 [ 9.9583620e-01  8.3339280e-02 -3.0342160e-02 -1.1715800e+03]
 [ 0.0000000e+00  0.0000000e+00  0.0000000e+00  1.0000000e+00]]
[-0175.88, +0091.95, -1093.69]
922, 1683, 1882
[[-8.2695220e-02  9.9539018e-01 -4.3612880e-02 -6.1350000e+01]
 [ 2.5518620e-02  4.6082060e-02  9.9840968e-01  1.3227000e+02]
 [ 9.9601832e-01  8.1679120e-02 -2.8998720e-02 -1.1716100e+03]
 [ 0.0000000e+00  0.0000000e+00  0.0000000e+00  1.0000000e+00]]
[-0211.44, -0009.43, -1111.60]
1132, 1178, 896
[[-8.3541780e-02  9.9526944e-01 -4.3269560e-02 -6.1400000e+01]
 [ 2.6208640e-02  4.5881280e-02  9.9834408e-01  1.3227000e+02]
 [ 9.9586476e-01  8.2562320e-02 -2.9644500e-02 -1.1715800e+03]
 [ 0.0000000e+00  0.0000000e+00  0.0000000e+00  1.0000000e+00]]
[-0217.06, +0050.88, -1090.75]
1803, 762, 1666
[[-8.3816000e-02  9.9527976e-01 -4.3399680e-02 -6.1470000e+01]
 [ 2.7793680e-02  4.6114700e-02  9.9832484e-01  1.3226000e+02]
 [ 9.9583776e-01  8.2723480e-02 -3.1291060e-02 -1.1715400e+03]
 [ 0.0000000e+00  0.0000000e+00  0.0000000e+00  1.0000000e+00]]
[-0176.45, +0131.06, -1131.39]
1343, 2115, 774
[[-8.3816000e-02  9.9533544e-01 -4.4755920e-02 -6.1460000e+01]
 [ 2.6444880e-02  4.7253260e-02  9.9840994e-01  1.3239000e+02]
 [ 9.9599016e-01  8.2638380e-02 -3.0152500e-02 -1.1715900e+03]
 [ 0.0000000e+00  0.0000000e+00  0.0000000e+00  1.0000000e+00]]
[-0168.98, -0015.33, -1111.93]
2033, 1933, 1281
[[-8.4292360e-02  9.9523422e-01 -4.4783460e-02 -6.1540000e+01]
 [ 2.7925740e-02  4.7475640e-02  9.9830682e-01  1.3242000e+02]
 [ 9.9584982e-01  8.3097540e-02 -3.1609960e-02 -1.1715600e+03]
 [ 0.0000000e+00  0.0000000e+00  0.0000000e+00  1.0000000e+00]]
[-0133.11, +0052.72, -1099.34]
1025, 1839, 1105
[[-8.3355600e-02  9.9537200e-01 -4.3771200e-02 -6.1360000e+01]
 [ 2.6295840e-02  4.6282800e-02  9.9841888e-01  1.3228000e+02]
 [ 9.9598688e-01  8.2257600e-02 -2.9859840e-02 -1.1715900e+03]
 [ 0.0000000e+00  0.0000000e+00  0.0000000e+00  1.0000000e+00]]
[-0198.42, -0012.53, -1111.72]
972, 1126, 1567
[[-8.3096820e-02  9.9538258e-01 -4.3207920e-02 -6.1340000e+01]
 [ 2.5526220e-02  4.5680460e-02  9.9843512e-01  1.3221000e+02]
 [ 9.9599288e-01  8.2084080e-02 -2.8998720e-02 -1.1716000e+03]
 [ 0.0000000e+00  0.0000000e+00  0.0000000e+00  1.0000000e+00]]
[-0229.79, +0042.93, -1097.40]
2113, 2025, 2033
[[-8.4754600e-02  9.9521254e-01 -4.5351380e-02 -6.1570000e+01]
 [ 2.8490420e-02  4.8066300e-02  9.9830066e-01  1.3249000e+02]
 [ 9.9583786e-01  8.3474020e-02 -3.2283460e-02 -1.1715500e+03]
 [ 0.0000000e+00  0.0000000e+00  0.0000000e+00  1.0000000e+00]]
[-0126.94, +0044.51, -1103.43]
1829, 782, 2017
[[-8.3972500e-02  9.9537340e-01 -4.2938700e-02 -6.1400000e+01]
 [ 2.6915000e-02  4.5501680e-02  9.9845316e-01  1.3224000e+02]
 [ 9.9593550e-01  8.2854840e-02 -3.0454820e-02 -1.1715500e+03]
 [ 0.0000000e+00  0.0000000e+00  0.0000000e+00  1.0000000e+00]]
[-0176.35, +0126.11, -1127.64]
876, 2240, 1725
[[-8.2813300e-02  9.9527604e-01 -4.5037120e-02 -6.1370000e+01]
 [ 2.7150840e-02  4.7686860e-02  9.9825576e-01  1.3244000e+02]
 [ 9.9592448e-01  8.1714960e-02 -3.0721600e-02 -1.1715800e+03]
 [ 0.0000000e+00  0.0000000e+00  0.0000000e+00  1.0000000e+00]]
[-0185.09, -0036.22, -1148.26]
1145, 950, 1585
[[-8.2724260e-02  9.9530826e-01 -4.3264300e-02 -6.1390000e+01]
 [ 2.6625900e-02  4.5914040e-02  9.9830526e-01  1.3224000e+02]
 [ 9.9589226e-01  8.1754500e-02 -2.9998660e-02 -1.1715500e+03]
 [ 0.0000000e+00  0.0000000e+00  0.0000000e+00  1.0000000e+00]]
[-0222.20, +0076.20, -1097.30]
1778, 1219, 1030
[[-8.4648480e-02  9.9511608e-01 -4.4112640e-02 -6.1490000e+01]
 [ 2.7043520e-02  4.6851900e-02  9.9825726e-01  1.3233000e+02]
 [ 9.9572616e-01  8.3623540e-02 -3.0583620e-02 -1.1715700e+03]
 [ 0.0000000e+00  0.0000000e+00  0.0000000e+00  1.0000000e+00]]
[-0168.05, +0095.53, -1096.50]
1373, 832, 1467
[[-8.3771720e-02  9.9526962e-01 -4.3241700e-02 -6.1400000e+01]
 [ 2.6803380e-02  4.5892280e-02  9.9834390e-01  1.3221000e+02]
 [ 9.9584790e-01  8.2748700e-02 -3.0265000e-02 -1.1715700e+03]
 [ 0.0000000e+00  0.0000000e+00  0.0000000e+00  1.0000000e+00]]
[-0207.41, +0103.31, -1105.93]
999, 840, 861
[[-8.2480040e-02  9.9541728e-01 -4.2999960e-02 -6.1340000e+01]
 [ 2.5947240e-02  4.5512600e-02  9.9840928e-01  1.3217000e+02]
 [ 9.9600768e-01  8.1478760e-02 -2.9353000e-02 -1.1715600e+03]
 [ 0.0000000e+00  0.0000000e+00  0.0000000e+00  1.0000000e+00]]
[-0234.99, +0075.78, -1105.11]
1682, 1457, 1600
[[-8.4031540e-02  9.9535232e-01 -4.4120420e-02 -6.1480000e+01]
 [ 2.7264320e-02  4.6684160e-02  9.9842048e-01  1.3234000e+02]
 [ 9.9595658e-01  8.2828480e-02 -3.0937140e-02 -1.1715400e+03]
 [ 0.0000000e+00  0.0000000e+00  0.0000000e+00  1.0000000e+00]]
[-0167.82, +0067.94, -1086.70]
2039, 1089, 1494
[[-8.4462740e-02  9.9534144e-01 -4.4097780e-02 -6.1530000e+01]
 [ 2.7654720e-02  4.6684160e-02  9.9843136e-01  1.3236000e+02]
 [ 9.9593394e-01  8.3218880e-02 -3.1368340e-02 -1.1715800e+03]
 [ 0.0000000e+00  0.0000000e+00  0.0000000e+00  1.0000000e+00]]
[-0153.87, +0118.24, -1120.16]
917, 1852, 2107
[[-8.2954240e-02  9.9549456e-01 -4.3868000e-02 -6.1370000e+01]
 [ 2.6604000e-02  4.6304560e-02  9.9849156e-01  1.3229000e+02]
 [ 9.9610544e-01  8.1754200e-02 -3.0239440e-02 -1.1715700e+03]
 [ 0.0000000e+00  0.0000000e+00  0.0000000e+00  1.0000000e+00]]
[-0203.12, -0022.74, -1122.39]
2087, 1597, 1681
[[-8.4492900e-02  9.9522284e-01 -4.4788880e-02 -6.1560000e+01]
 [ 2.7721400e-02  4.7464800e-02  9.9831820e-01  1.3241000e+02]
 [ 9.9584440e-01  8.3301880e-02 -3.1420260e-02 -1.1715700e+03]
 [ 0.0000000e+00  0.0000000e+00  0.0000000e+00  1.0000000e+00]]
[-0138.15, +0082.95, -1101.72]
1248, 1572, 1061
[[-8.4232200e-02  9.9534848e-01 -4.3917760e-02 -6.1420000e+01]
 [ 2.7268160e-02  4.6483500e-02  9.9843338e-01  1.3231000e+02]
 [ 9.9594368e-01  8.3031140e-02 -3.0937140e-02 -1.1715400e+03]
 [ 0.0000000e+00  0.0000000e+00  0.0000000e+00  1.0000000e+00]]
[-0196.45, +0023.34, -1089.27]
773, 1881, 1995
[[-8.2553040e-02  9.9531620e-01 -4.3641920e-02 -6.1330000e+01]
 [ 2.7213080e-02  4.6326000e-02  9.9827944e-01  1.3230000e+02]
 [ 9.9590080e-01  8.1535600e-02 -3.0619200e-02 -1.1715600e+03]
 [ 0.0000000e+00  0.0000000e+00  0.0000000e+00  1.0000000e+00]]
[-0207.47, -0030.11, -1136.25]
1501, 1856, 1693
[[-8.4031540e-02  9.9523708e-01 -4.4428840e-02 -6.1460000e+01]
 [ 2.6948440e-02  4.7063600e-02  9.9832232e-01  1.3238000e+02]
 [ 9.9586372e-01  8.2926640e-02 -3.0557700e-02 -1.1715900e+03]
 [ 0.0000000e+00  0.0000000e+00  0.0000000e+00  1.0000000e+00]]
[-0167.81, +0019.53, -1090.63]
1357, 1796, 1537
[[-8.3801160e-02  9.9535940e-01 -4.3940280e-02 -6.1420000e+01]
 [ 2.6877720e-02  4.6483500e-02  9.9842246e-01  1.3236000e+02]
 [ 9.9596620e-01  8.2640700e-02 -3.0506100e-02 -1.1715800e+03]
 [ 0.0000000e+00  0.0000000e+00  0.0000000e+00  1.0000000e+00]]
[-0181.82, +0012.64, -1092.27]
1063, 833, 950
[[-8.2910440e-02  9.9551402e-01 -4.2877500e-02 -6.1370000e+01]
 [ 2.6445500e-02  4.5322700e-02  9.9851670e-01  1.3218000e+02]
 [ 9.9608598e-01  8.1772860e-02 -2.9973300e-02 -1.1715600e+03]
 [ 0.0000000e+00  0.0000000e+00  0.0000000e+00  1.0000000e+00]]
[-0230.65, +0080.94, -1104.23]
1446, 778, 2015
[[-8.3972500e-02  9.9525840e-01 -4.3247200e-02 -6.1490000e+01]
 [ 2.6599200e-02  4.5881280e-02  9.9835512e-01  1.3223000e+02]
 [ 9.9584240e-01  8.2952880e-02 -3.0075220e-02 -1.1716200e+03]
 [ 0.0000000e+00  0.0000000e+00  0.0000000e+00  1.0000000e+00]]
[-0201.64, +0113.58, -1112.63]
1186, 1176, 848
[[-8.3370280e-02  9.9527734e-01 -4.3646900e-02 -6.1460000e+01]
 [ 2.6795660e-02  4.6293720e-02  9.9831830e-01  1.3228000e+02]
 [ 9.9587350e-01  8.2343500e-02 -3.0265000e-02 -1.1716000e+03]
 [ 0.0000000e+00  0.0000000e+00  0.0000000e+00  1.0000000e+00]]
[-0213.16, +0055.83, -1089.54]
1090, 1756, 2097
[[-8.3585700e-02  9.9546520e-01 -4.4059200e-02 -6.1470000e+01]
 [ 2.6582160e-02  4.6483500e-02  9.9851188e-01  1.3236000e+02]
 [ 9.9608512e-01  8.2350600e-02 -3.0290640e-02 -1.1716300e+03]
 [ 0.0000000e+00  0.0000000e+00  0.0000000e+00  1.0000000e+00]]
[-0199.15, -0005.23, -1103.89]
1025, 2107, 1399
[[-8.3414800e-02  9.9525752e-01 -4.4637240e-02 -6.1480000e+01]
 [ 2.6953840e-02  4.7275100e-02  9.9829272e-01  1.3238000e+02]
 [ 9.9589332e-01  8.2324560e-02 -3.0531860e-02 -1.1716100e+03]
 [ 0.0000000e+00  0.0000000e+00  0.0000000e+00  1.0000000e+00]]
[-0186.06, -0030.57, -1131.62]
1395, 1807, 2242
[[-8.3830920e-02  9.9525582e-01 -4.4215300e-02 -6.1480000e+01]
 [ 2.7360820e-02  4.6884780e-02  9.9831270e-01  1.3237000e+02]
 [ 9.9586170e-01  8.2720700e-02 -3.0937140e-02 -1.1716100e+03]
 [ 0.0000000e+00  0.0000000e+00  0.0000000e+00  1.0000000e+00]]
[-0177.72, +0017.16, -1090.82]
1428, 893, 1413
[[-8.4604200e-02  9.9523606e-01 -4.3230220e-02 -6.1470000e+01]
 [ 2.6785580e-02  4.5870200e-02  9.9837746e-01  1.3230000e+02]
 [ 9.9581434e-01  8.3547620e-02 -3.0316360e-02 -1.1716100e+03]
 [ 0.0000000e+00  0.0000000e+00  0.0000000e+00  1.0000000e+00]]
[-0201.27, +0103.06, -1103.42]
836, 1679, 1551
[[-8.3355600e-02  9.9537932e-01 -4.3563160e-02 -6.1390000e+01]
 [ 2.6503880e-02  4.6093020e-02  9.9842054e-01  1.3230000e+02]
 [ 9.9597956e-01  8.2255940e-02 -3.0049620e-02 -1.1716300e+03]
 [ 0.0000000e+00  0.0000000e+00  0.0000000e+00  1.0000000e+00]]
[-0215.52, -0013.83, -1118.21]
945, 2005, 1233
[[-8.3615380e-02  9.9536154e-01 -4.4334320e-02 -6.1480000e+01]
 [ 2.7065340e-02  4.6884780e-02  9.9840216e-01  1.3240000e+02]
 [ 9.9598072e-01  8.2430640e-02 -3.0721600e-02 -1.1716200e+03]
 [ 0.0000000e+00  0.0000000e+00  0.0000000e+00  1.0000000e+00]]
[-0194.34, -0028.92, -1130.31]
1424, 1065, 855
[[-8.3570980e-02  9.9526616e-01 -4.3652360e-02 -6.1480000e+01]
 [ 2.6591440e-02  4.6282800e-02  9.9832948e-01  1.3229000e+02]
 [ 9.9586804e-01  8.2547720e-02 -3.0075220e-02 -1.1716000e+03]
 [ 0.0000000e+00  0.0000000e+00  0.0000000e+00  1.0000000e+00]]
[-0197.78, +0086.55, -1092.96]
1590, 2032, 2236
[[-8.4894100e-02  9.9520008e-01 -4.4799840e-02 -6.1560000e+01]
 [ 2.7312720e-02  4.7442880e-02  9.9834096e-01  1.3243000e+02]
 [ 9.9583344e-01  8.3710560e-02 -3.1040980e-02 -1.1716200e+03]
 [ 0.0000000e+00  0.0000000e+00  0.0000000e+00  1.0000000e+00]]
[-0155.86, +0008.55, -1097.97]
1479, 1343, 1059
[[-8.4633640e-02  9.9522550e-01 -4.3820980e-02 -6.1490000e+01]
 [ 2.6960020e-02  4.6461500e-02  9.9836114e-01  1.3230000e+02]
 [ 9.9582490e-01  8.3534500e-02 -3.0557700e-02 -1.1716200e+03]
 [ 0.0000000e+00  0.0000000e+00  0.0000000e+00  1.0000000e+00]]
[-0187.52, +0062.65, -1085.21]
1967, 1117, 2066
[[-8.4678400e-02  9.9523568e-01 -4.3978560e-02 -6.1560000e+01]
 [ 2.7950240e-02  4.6684160e-02  9.9834192e-01  1.3234000e+02]
 [ 9.9581472e-01  8.3508960e-02 -3.1584000e-02 -1.1716000e+03]
 [ 0.0000000e+00  0.0000000e+00  0.0000000e+00  1.0000000e+00]]
[-0157.36, +0114.10, -1113.55]
1483, 1785, 1620
[[-8.4217360e-02  9.9522752e-01 -4.4243000e-02 -6.1500000e+01]
 [ 2.6552800e-02  4.6851900e-02  9.9834100e-01  1.3236000e+02]
 [ 9.9585652e-01  8.3138360e-02 -3.0152500e-02 -1.1716300e+03]
 [ 0.0000000e+00  0.0000000e+00  0.0000000e+00  1.0000000e+00]]
[-0174.17, +0019.19, -1089.95]
1185, 1837, 1572
[[-8.4247120e-02  9.9513128e-01 -4.4309760e-02 -6.1500000e+01]
 [ 2.7243920e-02  4.7063600e-02  9.9823296e-01  1.3233000e+02]
 [ 9.9574464e-01  8.3216640e-02 -3.0773280e-02 -1.1716100e+03]
 [ 0.0000000e+00  0.0000000e+00  0.0000000e+00  1.0000000e+00]]
[-0189.98, -0004.98, -1102.11]
868, 2061, 1486
[[-8.301376e-02  9.953952e-01 -4.431824e-02 -6.141000e+01]
 [ 2.767824e-02  4.691694e-02  9.983685e-01  1.323600e+02]
 [ 9.959968e-01  8.181774e-02 -3.129106e-02 -1.171610e+03]
 [ 0.000000e+00  0.000000e+00  0.000000e+00  1.000000e+00]]
[-0194.65, -0034.61, -1141.12]
1438, 1103, 1529
[[-8.3987140e-02  9.9524946e-01 -4.3646660e-02 -6.1470000e+01]
 [ 2.6582460e-02  4.6271800e-02  9.9834618e-01  1.3230000e+02]
 [ 9.9585134e-01  8.2947180e-02 -3.0100900e-02 -1.1716300e+03]
 [ 0.0000000e+00  0.0000000e+00  0.0000000e+00  1.0000000e+00]]
[-0195.28, +0083.98, -1091.40]
1739, 1796, 770
[[-8.5109840e-02  9.9520212e-01 -4.4580240e-02 -6.1550000e+01]
 [ 2.7716040e-02  4.7253260e-02  9.9834812e-01  1.3245000e+02]
 [ 9.9581448e-01  8.3904040e-02 -3.1446340e-02 -1.1716100e+03]
 [ 0.0000000e+00  0.0000000e+00  0.0000000e+00  1.0000000e+00]]
[-0153.56, +0040.43, -1089.33]
2187, 2249, 1659
[[-8.528100e-02  9.949761e-01 -4.667610e-02 -6.162000e+01]
 [ 2.981190e-02  4.964750e-02  9.980713e-01  1.326500e+02]
 [ 9.956241e-01  8.400970e-02 -3.363250e-02 -1.171590e+03]
 [ 0.000000e+00  0.000000e+00  0.000000e+00  1.000000e+00]]
[-0125.45, +0032.02, -1110.25]
886, 1233, 1557
[[-8.2695220e-02  9.9541184e-01 -4.2988940e-02 -6.1330000e+01]
 [ 2.6142560e-02  4.5512600e-02  9.9841472e-01  1.3224000e+02]
 [ 9.9599666e-01  8.1674080e-02 -2.9568180e-02 -1.1716100e+03]
 [ 0.0000000e+00  0.0000000e+00  0.0000000e+00  1.0000000e+00]]
[-0231.54, +0025.88, -1102.20]
1999, 1799, 1113
[[-8.4492900e-02  9.9521526e-01 -4.4997020e-02 -6.1560000e+01]
 [ 2.7513260e-02  4.7654460e-02  9.9831654e-01  1.3242000e+02]
 [ 9.9585198e-01  8.3303540e-02 -3.1230600e-02 -1.1716200e+03]
 [ 0.0000000e+00  0.0000000e+00  0.0000000e+00  1.0000000e+00]]
[-0137.29, +0059.76, -1096.27]
1449, 837, 858
[[-8.4187920e-02  9.9536060e-01 -4.3135560e-02 -6.1420000e+01]
 [ 2.6902200e-02  4.5691500e-02  9.9845710e-01  1.3226000e+02]
 [ 9.9593156e-01  8.3051700e-02 -3.0480420e-02 -1.1715800e+03]
 [ 0.0000000e+00  0.0000000e+00  0.0000000e+00  1.0000000e+00]]
[-0201.66, +0107.60, -1107.92]
1545, 923, 1607
[[-8.4232200e-02  9.9535592e-01 -4.3709640e-02 -6.1470000e+01]
 [ 2.7476280e-02  4.6293720e-02  9.9843496e-01  1.3227000e+02]
 [ 9.9593624e-01  8.3029560e-02 -3.1126920e-02 -1.1715700e+03]
 [ 0.0000000e+00  0.0000000e+00  0.0000000e+00  1.0000000e+00]]
[-0192.12, +0106.03, -1104.03]
1443, 1140, 1376
[[-8.4618880e-02  9.9522712e-01 -4.3629680e-02 -6.1460000e+01]
 [ 2.6768720e-02  4.6260720e-02  9.9836852e-01  1.3232000e+02]
 [ 9.9582328e-01  8.3541880e-02 -3.0342160e-02 -1.1716000e+03]
 [ 0.0000000e+00  0.0000000e+00  0.0000000e+00  1.0000000e+00]]
[-0195.70, +0078.42, -1089.80]
1298, 1069, 1251
[[-8.3786400e-02  9.9536840e-01 -4.3540800e-02 -6.1430000e+01]
 [ 2.6894400e-02  4.6093020e-02  9.9843146e-01  1.3228000e+02]
 [ 9.9595720e-01  8.2646460e-02 -3.0480420e-02 -1.1715900e+03]
 [ 0.0000000e+00  0.0000000e+00  0.0000000e+00  1.0000000e+00]]
[-0208.56, +0075.15, -1091.70]
1004, 1118, 1212
[[-8.3341000e-02  9.9528058e-01 -4.3264060e-02 -6.1370000e+01]
 [ 2.6412820e-02  4.5892280e-02  9.9833294e-01  1.3223000e+02]
 [ 9.9587026e-01  8.2358140e-02 -2.9834280e-02 -1.1716200e+03]
 [ 0.0000000e+00  0.0000000e+00  0.0000000e+00  1.0000000e+00]]
[-0227.78, +0046.57, -1096.13]
1199, 1691, 786
[[-8.4016660e-02  9.9534652e-01 -4.4137140e-02 -6.1530000e+01]
 [ 2.6864840e-02  4.6673240e-02  9.9842628e-01  1.3236000e+02]
 [ 9.9596238e-01  8.2837560e-02 -3.0531860e-02 -1.1716200e+03]
 [ 0.0000000e+00  0.0000000e+00  0.0000000e+00  1.0000000e+00]]
[-0195.91, +0008.36, -1095.16]
2245, 794, 1634
[[-8.514024e-02  9.951368e-01 -4.381384e-02 -6.165000e+01]
 [ 2.923984e-02  4.670576e-02  9.982456e-01  1.323400e+02]
 [ 9.956716e-01  8.397616e-02 -3.282664e-02 -1.171580e+03]
 [ 0.000000e+00  0.000000e+00  0.000000e+00  1.000000e+00]]
[-0140.99, +0130.63, -1149.67]
2131, 1225, 802
[[-8.4462740e-02  9.9524862e-01 -4.3781820e-02 -6.1530000e+01]
 [ 2.7963180e-02  4.6494380e-02  9.9833802e-01  1.3233000e+02]
 [ 9.9581862e-01  8.3312220e-02 -3.1558120e-02 -1.1716000e+03]
 [ 0.0000000e+00  0.0000000e+00  0.0000000e+00  1.0000000e+00]]
[-0135.45, +0103.62, -1113.22]
1871, 1888, 875
[[-8.3845920e-02  9.9525420e-01 -4.4406680e-02 -6.1440000e+01]
 [ 2.7552200e-02  4.7085360e-02  9.9830520e-01  1.3239000e+02]
 [ 9.9586332e-01  8.2713200e-02 -3.1152720e-02 -1.1715600e+03]
 [ 0.0000000e+00  0.0000000e+00  0.0000000e+00  1.0000000e+00]]
[-0133.35, +0031.58, -1095.23]
1005, 1455, 812
[[-8.3355600e-02  9.9537932e-01 -4.3563160e-02 -6.1410000e+01]
 [ 2.6503880e-02  4.6093020e-02  9.9842054e-01  1.3226000e+02]
 [ 9.9597956e-01  8.2255940e-02 -3.0049620e-02 -1.1716300e+03]
 [ 0.0000000e+00  0.0000000e+00  0.0000000e+00  1.0000000e+00]]
[-0202.20, +0010.62, -1088.87]
1777, 1040, 1072
[[-8.4849220e-02  9.9522738e-01 -4.3601460e-02 -6.1520000e+01]
 [ 2.7363420e-02  4.6271800e-02  9.9836826e-01  1.3234000e+02]
 [ 9.9580614e-01  8.3728140e-02 -3.0962980e-02 -1.1716300e+03]
 [ 0.0000000e+00  0.0000000e+00  0.0000000e+00  1.0000000e+00]]
[-0158.51, +0108.53, -1101.08]
846, 1633, 2170
[[-8.3169620e-02  9.9540360e-01 -4.3333140e-02 -6.1360000e+01]
 [ 2.7315600e-02  4.5924800e-02  9.9840520e-01  1.3230000e+02]
 [ 9.9597186e-01  8.2041200e-02 -3.0834580e-02 -1.1716000e+03]
 [ 0.0000000e+00  0.0000000e+00  0.0000000e+00  1.0000000e+00]]
[-0204.30, -0017.22, -1108.39]
793, 1889, 1676
[[-8.3140260e-02  9.9537748e-01 -4.3782300e-02 -6.1370000e+01]
 [ 2.6100600e-02  4.6282800e-02  9.9841340e-01  1.3230000e+02]
 [ 9.9599798e-01  8.2062360e-02 -2.9644500e-02 -1.1716500e+03]
 [ 0.0000000e+00  0.0000000e+00  0.0000000e+00  1.0000000e+00]]
[-0195.09, -0035.30, -1129.97]
1187, 2132, 2005
[[-8.4262120e-02  9.9522994e-01 -4.4608900e-02 -6.1480000e+01]
 [ 2.7334940e-02  4.7264220e-02  9.9832030e-01  1.3241000e+02]
 [ 9.9585410e-01  8.3114300e-02 -3.0988900e-02 -1.1716200e+03]
 [ 0.0000000e+00  0.0000000e+00  0.0000000e+00  1.0000000e+00]]
[-0164.20, -0027.56, -1121.31]
1722, 772, 1361
[[-8.3786400e-02  9.9537576e-01 -4.3332720e-02 -6.1480000e+01]
 [ 2.7102480e-02  4.5903200e-02  9.9843304e-01  1.3228000e+02]
 [ 9.9594984e-01  8.2644880e-02 -3.0670240e-02 -1.1716000e+03]
 [ 0.0000000e+00  0.0000000e+00  0.0000000e+00  1.0000000e+00]]
[-0168.97, +0127.42, -1117.85]
1937, 1202, 1996
[[-8.3830920e-02  9.9537108e-01 -4.3906920e-02 -6.1520000e+01]
 [ 2.7676680e-02  4.6505180e-02  9.9841078e-01  1.3234000e+02]
 [ 9.9595452e-01  8.2622620e-02 -3.1316740e-02 -1.1716000e+03]
 [ 0.0000000e+00  0.0000000e+00  0.0000000e+00  1.0000000e+00]]
[-0142.36, +0102.99, -1103.83]
1716, 1435, 1755
[[-8.4432900e-02  9.9523682e-01 -4.3815460e-02 -6.1480000e+01]
 [ 2.7164260e-02  4.6472540e-02  9.9834982e-01  1.3230000e+02]
 [ 9.9583042e-01  8.3330260e-02 -3.0747400e-02 -1.1716100e+03]
 [ 0.0000000e+00  0.0000000e+00  0.0000000e+00  1.0000000e+00]]
[-0154.13, +0065.28, -1084.53]
1538, 877, 2007
[[-8.3987140e-02  9.9537186e-01 -4.3130080e-02 -6.1420000e+01]
 [ 2.7106380e-02  4.5702460e-02  9.9844584e-01  1.3227000e+02]
 [ 9.9593704e-01  8.2847520e-02 -3.0670240e-02 -1.1715800e+03]
 [ 0.0000000e+00  0.0000000e+00  0.0000000e+00  1.0000000e+00]]
[-0181.83, +0107.68, -1098.11]
1206, 1455, 894
[[-8.357098e-02  9.952735e-01 -4.344430e-02 -6.144000e+01]
 [ 2.679950e-02  4.609302e-02  9.983311e-01  1.323300e+02]
 [ 9.958607e-01  8.254610e-02 -3.026500e-02 -1.171610e+03]
 [ 0.000000e+00  0.000000e+00  0.000000e+00  1.000000e+00]]
[-0188.57, +0027.02, -1081.45]
1534, 809, 1846
[[-8.4432900e-02  9.9535944e-01 -4.3298820e-02 -6.1470000e+01]
 [ 2.7688320e-02  4.5903200e-02  9.9844936e-01  1.3227000e+02]
 [ 9.9591594e-01  8.3230720e-02 -3.1316740e-02 -1.1716000e+03]
 [ 0.0000000e+00  0.0000000e+00  0.0000000e+00  1.0000000e+00]]
[-0181.70, +0116.05, -1104.20]
835, 1082, 2050
[[-8.3512900e-02  9.9548078e-01 -4.2893940e-02 -6.1340000e+01]
 [ 2.5833020e-02  4.5289820e-02  9.9854994e-01  1.3222000e+02]
 [ 9.9606954e-01  8.2385340e-02 -2.9403720e-02 -1.1716500e+03]
 [ 0.0000000e+00  0.0000000e+00  0.0000000e+00  1.0000000e+00]]
[-0228.14, +0030.94, -1091.67]
1914, 1887, 2037
[[-8.4492900e-02  9.9522284e-01 -4.4788880e-02 -6.1550000e+01]
 [ 2.7721400e-02  4.7464800e-02  9.9831820e-01  1.3245000e+02]
 [ 9.9584440e-01  8.3301880e-02 -3.1420260e-02 -1.1716400e+03]
 [ 0.0000000e+00  0.0000000e+00  0.0000000e+00  1.0000000e+00]]
[-0125.59, +0040.88, -1097.19]
1272, 1572, 1006
[[-8.4001860e-02  9.9535556e-01 -4.3737660e-02 -6.1370000e+01]
 [ 2.6881560e-02  4.6282800e-02  9.9843532e-01  1.3230000e+02]
 [ 9.9595334e-01  8.2843320e-02 -3.0506100e-02 -1.1715500e+03]
 [ 0.0000000e+00  0.0000000e+00  0.0000000e+00  1.0000000e+00]]
[-0179.92, +0021.67, -1082.87]
2095, 1503, 1293
[[-8.4924420e-02  9.9521958e-01 -4.4557860e-02 -6.1500000e+01]
 [ 2.8319820e-02  4.7275100e-02  9.9833066e-01  1.3240000e+02]
 [ 9.9581394e-01  8.3690540e-02 -3.2041480e-02 -1.1715500e+03]
 [ 0.0000000e+00  0.0000000e+00  0.0000000e+00  1.0000000e+00]]
[-0126.07, +0086.29, -1104.89]
1720, 969, 777
[[-8.3771720e-02  9.9526962e-01 -4.3241700e-02 -6.1390000e+01]
 [ 2.6803380e-02  4.5892280e-02  9.9834390e-01  1.3225000e+02]
 [ 9.9584790e-01  8.2748700e-02 -3.0265000e-02 -1.1715600e+03]
 [ 0.0000000e+00  0.0000000e+00  0.0000000e+00  1.0000000e+00]]
[-0167.07, +0108.74, -1100.75]
1463, 1366, 1895
[[-8.3556340e-02  9.9536818e-01 -4.3568640e-02 -6.1360000e+01]
 [ 2.6299660e-02  4.6082060e-02  9.9843168e-01  1.3230000e+02]
 [ 9.9597408e-01  8.2460160e-02 -2.9859840e-02 -1.1715500e+03]
 [ 0.0000000e+00  0.0000000e+00  0.0000000e+00  1.0000000e+00]]
[-0172.99, +0056.04, -1079.37]
1532, 1837, 2081
[[-8.4477780e-02  9.9523956e-01 -4.4181280e-02 -6.1510000e+01]
 [ 2.7946360e-02  4.6884780e-02  9.9832896e-01  1.3239000e+02]
 [ 9.9582768e-01  8.3306240e-02 -3.1584000e-02 -1.1715900e+03]
 [ 0.0000000e+00  0.0000000e+00  0.0000000e+00  1.0000000e+00]]
[-0151.97, +0017.28, -1089.29]
1937, 1794, 2106
[[-8.4894100e-02  9.9521516e-01 -4.4383480e-02 -6.1540000e+01]
 [ 2.7729080e-02  4.7063600e-02  9.9834424e-01  1.3240000e+02]
 [ 9.9581836e-01  8.3707280e-02 -3.1420260e-02 -1.1716100e+03]
 [ 0.0000000e+00  0.0000000e+00  0.0000000e+00  1.0000000e+00]]
[-0126.77, +0052.02, -1096.24]
2005, 1521, 2146
[[-8.487906e-02  9.953171e-01 -4.430004e-02 -6.154000e+01]
 [ 2.743746e-02  4.686294e-02  9.984466e-01  1.323700e+02]
 [ 9.959246e-01  8.361996e-02 -3.120456e-02 -1.171630e+03]
 [ 0.000000e+00  0.000000e+00  0.000000e+00  1.000000e+00]]
[-0129.98, +0081.74, -1099.95]
1493, 2245, 921
[[-8.4292360e-02  9.9511116e-01 -4.5299960e-02 -6.1510000e+01]
 [ 2.7401640e-02  4.8044620e-02  9.9820698e-01  1.3249000e+02]
 [ 9.9576476e-01  8.3197380e-02 -3.1040980e-02 -1.1716200e+03]
 [ 0.0000000e+00  0.0000000e+00  0.0000000e+00  1.0000000e+00]]
[-0143.85, -0014.38, -1116.01]
1422, 1303, 1685
[[-8.4604200e-02  9.9522874e-01 -4.3438380e-02 -6.1440000e+01]
 [ 2.6577420e-02  4.6059900e-02  9.9837586e-01  1.3232000e+02]
 [ 9.9582166e-01  8.3549220e-02 -3.0126660e-02 -1.1716200e+03]
 [ 0.0000000e+00  0.0000000e+00  0.0000000e+00  1.0000000e+00]]
[-0177.83, +0059.73, -1079.27]
1302, 1955, 808
[[-8.3585700e-02  9.9525714e-01 -4.4051820e-02 -6.1460000e+01]
 [ 2.6574780e-02  4.6673240e-02  9.9832046e-01  1.3238000e+02]
 [ 9.9587706e-01  8.2542020e-02 -3.0100900e-02 -1.1716000e+03]
 [ 0.0000000e+00  0.0000000e+00  0.0000000e+00  1.0000000e+00]]
[-0163.82, -0009.96, -1100.89]
959, 2237, 1328
[[-8.3845920e-02  9.9533944e-01 -4.4930640e-02 -6.1430000e+01]
 [ 2.7035760e-02  4.7464800e-02  9.9839672e-01  1.3244000e+02]
 [ 9.9598616e-01  8.2621680e-02 -3.0773280e-02 -1.1716300e+03]
 [ 0.0000000e+00  0.0000000e+00  0.0000000e+00  1.0000000e+00]]
[-0171.43, -0038.30, -1142.12]
1646, 1738, 860
[[-8.4046500e-02  9.9525040e-01 -4.4204000e-02 -6.1500000e+01]
 [ 2.7556000e-02  4.6884780e-02  9.9831812e-01  1.3238000e+02]
 [ 9.9585040e-01  8.2915880e-02 -3.1152720e-02 -1.1716300e+03]
 [ 0.0000000e+00  0.0000000e+00  0.0000000e+00  1.0000000e+00]]
[-0147.71, +0038.50, -1086.42]
1335, 2149, 1127
[[-8.4016660e-02  9.9523134e-01 -4.4445580e-02 -6.1460000e+01]
 [ 2.6548980e-02  4.7052600e-02  9.9832806e-01  1.3238000e+02]
 [ 9.9586946e-01  8.2935780e-02 -3.0152500e-02 -1.1716300e+03]
 [ 0.0000000e+00  0.0000000e+00  0.0000000e+00  1.0000000e+00]]
[-0155.57, -0018.79, -1113.38]
1382, 1650, 1458
[[-8.3370280e-02  9.9537032e-01 -4.3962640e-02 -6.1450000e+01]
 [ 2.6487280e-02  4.6483500e-02  9.9841154e-01  1.3233000e+02]
 [ 9.9598856e-01  8.2250260e-02 -3.0075220e-02 -1.1716100e+03]
 [ 0.0000000e+00  0.0000000e+00  0.0000000e+00  1.0000000e+00]]
[-0170.19, +0023.87, -1083.38]
1578, 2052, 1767
[[-8.4678400e-02  9.9510528e-01 -4.4703360e-02 -6.1520000e+01]
 [ 2.7217920e-02  4.7442880e-02  9.9824064e-01  1.3244000e+02]
 [ 9.9573696e-01  8.3610240e-02 -3.0825280e-02 -1.1716400e+03]
 [ 0.0000000e+00  0.0000000e+00  0.0000000e+00  1.0000000e+00]]
[-0142.14, +0003.75, -1100.25]
1722, 1646, 1396
[[-8.4678400e-02  9.9522064e-01 -4.4394880e-02 -6.1510000e+01]
 [ 2.7533920e-02  4.7063600e-02  9.9833876e-01  1.3238000e+02]
 [ 9.9582976e-01  8.3512120e-02 -3.1204560e-02 -1.1716100e+03]
 [ 0.0000000e+00  0.0000000e+00  0.0000000e+00  1.0000000e+00]]
[-0145.14, +0051.95, -1086.41]
1260, 1343, 1341
[[-8.3355600e-02  9.9537932e-01 -4.3563160e-02 -6.1430000e+01]
 [ 2.6503880e-02  4.6093020e-02  9.9842054e-01  1.3233000e+02]
 [ 9.9597956e-01  8.2255940e-02 -3.0049620e-02 -1.1716400e+03]
 [ 0.0000000e+00  0.0000000e+00  0.0000000e+00  1.0000000e+00]]
[-0188.49, +0042.11, -1079.18]
1140, 1973, 1943
[[-8.3585700e-02  9.9524976e-01 -4.4259880e-02 -6.1440000e+01]
 [ 2.6366720e-02  4.6862940e-02  9.9831876e-01  1.3236000e+02]
 [ 9.9588444e-01  8.2543720e-02 -2.9911200e-02 -1.1716300e+03]
 [ 0.0000000e+00  0.0000000e+00  0.0000000e+00  1.0000000e+00]]
[-0173.14, -0021.95, -1110.67]
1083, 905, 1004
[[-8.3757120e-02  9.9537888e-01 -4.2949920e-02 -6.1410000e+01]
 [ 2.6719680e-02  4.5501680e-02  9.9844768e-01  1.3224000e+02]
 [ 9.9594672e-01  8.2659520e-02 -3.0239440e-02 -1.1716200e+03]
 [ 0.0000000e+00  0.0000000e+00  0.0000000e+00  1.0000000e+00]]
[-0215.98, +0073.39, -1087.25]
1657, 879, 1593
[[-8.4447780e-02  9.9535794e-01 -4.3490160e-02 -6.1490000e+01]
 [ 2.7879660e-02  4.6103900e-02  9.9844192e-01  1.3230000e+02]
 [ 9.9591744e-01  8.3223280e-02 -3.1532320e-02 -1.1716000e+03]
 [ 0.0000000e+00  0.0000000e+00  0.0000000e+00  1.0000000e+00]]
[-0171.09, +0116.61, -1105.36]
1904, 1287, 1640
[[-8.5079760e-02  9.9521284e-01 -4.3989520e-02 -6.1520000e+01]
 [ 2.7541720e-02  4.6662240e-02  9.9836476e-01  1.3235000e+02]
 [ 9.9580376e-01  8.3917480e-02 -3.1204560e-02 -1.1716300e+03]
 [ 0.0000000e+00  0.0000000e+00  0.0000000e+00  1.0000000e+00]]
[-0142.81, +0093.34, -1097.49]
1759, 1444, 1085
[[-8.4418100e-02  9.9523104e-01 -4.3832280e-02 -6.1470000e+01]
 [ 2.6764800e-02  4.6461500e-02  9.9835560e-01  1.3232000e+02]
 [ 9.9583620e-01  8.3339280e-02 -3.0342160e-02 -1.1716300e+03]
 [ 0.0000000e+00  0.0000000e+00  0.0000000e+00  1.0000000e+00]]
[-0150.32, +0068.16, -1086.31]
1012, 1833, 1324
[[-8.3786400e-02  9.9525332e-01 -4.3849240e-02 -6.1400000e+01]
 [ 2.6578600e-02  4.6472540e-02  9.9833332e-01  1.3233000e+02]
 [ 9.9586420e-01  8.2744600e-02 -3.0100900e-02 -1.1716500e+03]
 [ 0.0000000e+00  0.0000000e+00  0.0000000e+00  1.0000000e+00]]
[-0185.69, -0020.00, -1107.80]
1084, 1974, 1574
[[-8.4016660e-02  9.9523876e-01 -4.4237480e-02 -6.1450000e+01]
 [ 2.6757080e-02  4.6862940e-02  9.9832976e-01  1.3237000e+02]
 [ 9.9586204e-01  8.2934080e-02 -3.0342160e-02 -1.1716100e+03]
 [ 0.0000000e+00  0.0000000e+00  0.0000000e+00  1.0000000e+00]]
[-0175.93, -0024.98, -1114.18]
2027, 1864, 1571
[[-8.4708640e-02  9.9510952e-01 -4.4877760e-02 -6.1560000e+01]
 [ 2.7808640e-02  4.7654460e-02  9.9822718e-01  1.3243000e+02]
 [ 9.9573272e-01  8.3593460e-02 -3.1446340e-02 -1.1716400e+03]
 [ 0.0000000e+00  0.0000000e+00  0.0000000e+00  1.0000000e+00]]
[-0120.64, +0052.05, -1101.34]
1527, 1640, 1763
[[-8.3600500e-02  9.9526288e-01 -4.4035160e-02 -6.1470000e+01]
 [ 2.6974240e-02  4.6684160e-02  9.9831472e-01  1.3232000e+02]
 [ 9.9587132e-01  8.2532960e-02 -3.0506100e-02 -1.1716100e+03]
 [ 0.0000000e+00  0.0000000e+00  0.0000000e+00  1.0000000e+00]]
[-0161.90, +0034.19, -1082.97]
1197, 1567, 1874
[[-8.3987140e-02  9.9534984e-01 -4.3754380e-02 -6.1440000e+01]
 [ 2.6482080e-02  4.6271800e-02  9.9844104e-01  1.3230000e+02]
 [ 9.9595906e-01  8.2852320e-02 -3.0100900e-02 -1.1716200e+03]
 [ 0.0000000e+00  0.0000000e+00  0.0000000e+00  1.0000000e+00]]
[-0185.37, +0015.94, -1084.76]
1961, 2035, 1655
[[-8.3675700e-02  9.9525468e-01 -4.4992160e-02 -6.1500000e+01]
 [ 2.7931240e-02  4.7686860e-02  9.9827712e-01  1.3247000e+02]
 [ 9.9587952e-01  8.2495360e-02 -3.1584000e-02 -1.1716200e+03]
 [ 0.0000000e+00  0.0000000e+00  0.0000000e+00  1.0000000e+00]]
[-0121.15, +0031.29, -1103.18]
2023, 1759, 978
[[-8.4492900e-02  9.9522284e-01 -4.4788880e-02 -6.1540000e+01]
 [ 2.7721400e-02  4.7464800e-02  9.9831820e-01  1.3241000e+02]
 [ 9.9584440e-01  8.3301880e-02 -3.1420260e-02 -1.1716200e+03]
 [ 0.0000000e+00  0.0000000e+00  0.0000000e+00  1.0000000e+00]]
[-0123.73, +0062.92, -1100.08]
1598, 1888, 1691
[[-8.4217360e-02  9.9512716e-01 -4.4135240e-02 -6.1460000e+01]
 [ 2.6653160e-02  4.6851900e-02  9.9824618e-01  1.3237000e+02]
 [ 9.9574876e-01  8.3233180e-02 -3.0152500e-02 -1.1716300e+03]
 [ 0.0000000e+00  0.0000000e+00  0.0000000e+00  1.0000000e+00]]
[-0149.53, +0016.23, -1091.53]
2111, 801, 916
[[-8.554144e-02  9.951136e-01 -4.382464e-02 -6.158000e+01]
 [ 2.883136e-02  4.668416e-02  9.982688e-01  1.323500e+02]
 [ 9.956608e-01  8.438464e-02 -3.244704e-02 -1.171590e+03]
 [ 0.000000e+00  0.000000e+00  0.000000e+00  1.000000e+00]]
[-0145.69, +0132.08, -1142.06]
2100, 2205, 1934
[[-8.4817000e-02  9.9510592e-01 -4.6008560e-02 -6.1580000e+01]
 [ 2.9355760e-02  4.8867740e-02  9.9817462e-01  1.3263000e+02]
 [ 9.9573632e-01  8.3537660e-02 -3.3147300e-02 -1.1716400e+03]
 [ 0.0000000e+00  0.0000000e+00  0.0000000e+00  1.0000000e+00]]
[-0117.83, +0028.85, -1112.05]
1626, 1335, 878
[[-8.4403380e-02  9.9523268e-01 -4.3640960e-02 -6.1450000e+01]
 [ 2.6573480e-02  4.6260720e-02  9.9836296e-01  1.3233000e+02]
 [ 9.9583456e-01  8.3346640e-02 -3.0126660e-02 -1.1716500e+03]
 [ 0.0000000e+00  0.0000000e+00  0.0000000e+00  1.0000000e+00]]
[-0164.05, +0070.82, -1083.06]
1124, 834, 2051
[[-8.3943460e-02  9.9526160e-01 -4.2864480e-02 -6.1390000e+01]
 [ 2.6216480e-02  4.5479600e-02  9.9836964e-01  1.3222000e+02]
 [ 9.9583920e-01  8.2967400e-02 -2.9644500e-02 -1.1716300e+03]
 [ 0.0000000e+00  0.0000000e+00  0.0000000e+00  1.0000000e+00]]
[-0214.53, +0084.54, -1090.65]
1444, 2129, 890
[[-8.447778e-02  9.951091e-01 -4.490600e-02 -6.153000e+01]
 [ 2.721410e-02  4.764350e-02  9.982276e-01  1.324400e+02]
 [ 9.957500e-01  8.340760e-02 -3.082528e-02 -1.171650e+03]
 [ 0.000000e+00  0.000000e+00  0.000000e+00  1.000000e+00]]
[-0147.75, -0011.16, -1108.99]
1425, 793, 1140
[[-8.3972500e-02  9.9527300e-01 -4.2831000e-02 -6.1400000e+01]
 [ 2.7015400e-02  4.5501680e-02  9.9835824e-01  1.3225000e+02]
 [ 9.9582780e-01  8.2949760e-02 -3.0454820e-02 -1.1716200e+03]
 [ 0.0000000e+00  0.0000000e+00  0.0000000e+00  1.0000000e+00]]
[-0191.47, +0109.55, -1099.86]
1685, 2189, 984
[[-8.4076660e-02  9.9512420e-01 -4.5103180e-02 -6.1550000e+01]
 [ 2.7414680e-02  4.7855000e-02  9.9820324e-01  1.3248000e+02]
 [ 9.9576850e-01  8.3000600e-02 -3.1014900e-02 -1.1716200e+03]
 [ 0.0000000e+00  0.0000000e+00  0.0000000e+00  1.0000000e+00]]
[-0134.19, +0002.72, -1107.20]
776, 1525, 1018
[[-8.3355600e-02  9.9550164e-01 -4.3046720e-02 -6.1330000e+01]
 [ 2.7027640e-02  4.5523440e-02  9.9852024e-01  1.3227000e+02]
 [ 9.9606528e-01  8.2156240e-02 -3.0619200e-02 -1.1716200e+03]
 [ 0.0000000e+00  0.0000000e+00  0.0000000e+00  1.0000000e+00]]
[-0213.52, -0011.61, -1107.45]
1487, 1931, 1420
[[-8.4262120e-02  9.9513716e-01 -4.4292960e-02 -6.1500000e+01]
 [ 2.7643360e-02  4.7074520e-02  9.9822708e-01  1.3242000e+02]
 [ 9.9573876e-01  8.3207520e-02 -3.1178600e-02 -1.1716200e+03]
 [ 0.0000000e+00  0.0000000e+00  0.0000000e+00  1.0000000e+00]]
[-0151.56, +0007.55, -1093.94]
1270, 2148, 1587
[[-8.4693480e-02  9.9521146e-01 -4.4794340e-02 -6.1480000e+01]
 [ 2.7517060e-02  4.7453880e-02  9.9832958e-01  1.3241000e+02]
 [ 9.9583894e-01  8.3506220e-02 -3.1230600e-02 -1.1716300e+03]
 [ 0.0000000e+00  0.0000000e+00  0.0000000e+00  1.0000000e+00]]
[-0158.85, -0024.21, -1118.47]
2176, 1032, 1044
[[-8.5340820e-02  9.9510996e-01 -4.4235660e-02 -6.1590000e+01]
 [ 2.8619160e-02  4.7074520e-02  9.9825428e-01  1.3241000e+02]
 [ 9.9568146e-01  8.4183320e-02 -3.2257300e-02 -1.1715900e+03]
 [ 0.0000000e+00  0.0000000e+00  0.0000000e+00  1.0000000e+00]]
[-0136.38, +0120.65, -1129.70]
2194, 2234, 1998
[[-8.4080520e-02  9.9498934e-01 -4.8101580e-02 -6.1460000e+01]
 [ 2.9582460e-02  5.1037560e-02  9.9798974e-01  1.3284000e+02]
 [ 9.9571202e-01  8.2794060e-02 -3.3442920e-02 -1.1716400e+03]
 [ 0.0000000e+00  0.0000000e+00  0.0000000e+00  1.0000000e+00]]
[-0116.48, +0032.32, -1113.35]
1856, 1338, 2077
[[-8.4016660e-02  9.9522392e-01 -4.4653680e-02 -6.1430000e+01]
 [ 2.6340880e-02  4.7242220e-02  9.9832632e-01  1.3237000e+02]
 [ 9.9587688e-01  8.2937520e-02 -2.9962880e-02 -1.1716200e+03]
 [ 0.0000000e+00  0.0000000e+00  0.0000000e+00  1.0000000e+00]]
[-0149.81, +0084.01, -1091.97]
1071, 1052, 1963
[[-8.3630340e-02  9.9524460e-01 -4.4834080e-02 -6.1500000e+01]
 [ 2.6940920e-02  4.7464800e-02  9.9829644e-01  1.3229000e+02]
 [ 9.9588960e-01  8.2521400e-02 -3.0557700e-02 -1.1715700e+03]
 [ 0.0000000e+00  0.0000000e+00  0.0000000e+00  1.0000000e+00]]
[-0245.73, +0063.09, -1128.70]
839, 2105, 1468
[[-8.2783300e-02  9.9527202e-01 -4.4862140e-02 -6.1350000e+01]
 [ 2.6559900e-02  4.7475640e-02  9.9826902e-01  1.3238000e+02]
 [ 9.9592850e-01  8.1731700e-02 -3.0100900e-02 -1.1716100e+03]
 [ 0.0000000e+00  0.0000000e+00  0.0000000e+00  1.0000000e+00]]
[-0182.06, -0040.43, -1141.96]
1176, 975, 2196
[[-8.4247120e-02  9.9510136e-01 -4.5142240e-02 -6.1560000e+01]
 [ 2.6411440e-02  4.7822000e-02  9.9822608e-01  1.3233000e+02]
 [ 9.9577456e-01  8.3223520e-02 -3.0014880e-02 -1.1715800e+03]
 [ 0.0000000e+00  0.0000000e+00  0.0000000e+00  1.0000000e+00]]
[-0245.56, +0077.14, -1151.44]
1878, 1646, 1596
[[-8.4523380e-02  9.9511166e-01 -4.5271760e-02 -6.1530000e+01]
 [ 2.7996140e-02  4.8055500e-02  9.9820648e-01  1.3241000e+02]
 [ 9.9574744e-01  8.3383120e-02 -3.1662120e-02 -1.1715800e+03]
 [ 0.0000000e+00  0.0000000e+00  0.0000000e+00  1.0000000e+00]]
[-0144.31, +0062.35, -1091.23]
858, 1701, 1301
[[-8.2709700e-02  9.9538118e-01 -4.4012360e-02 -6.1320000e+01]
 [ 2.5502140e-02  4.6472540e-02  9.9840068e-01  1.3228000e+02]
 [ 9.9602732e-01  8.1673640e-02 -2.9024200e-02 -1.1716600e+03]
 [ 0.0000000e+00  0.0000000e+00  0.0000000e+00  1.0000000e+00]]
[-0186.21, -0025.02, -1105.25]
1808, 1391, 1903
[[-8.4723880e-02  9.9509260e-01 -4.5485360e-02 -6.1600000e+01]
 [ 2.7583600e-02  4.8234200e-02  9.9821620e-01  1.3243000e+02]
 [ 9.9574964e-01  8.3589200e-02 -3.1282920e-02 -1.1716000e+03]
 [ 0.0000000e+00  0.0000000e+00  0.0000000e+00  1.0000000e+00]]
[-0187.26, +0087.92, -1103.42]
1271, 1408, 1495
[[-8.3385040e-02  9.9525352e-01 -4.4462440e-02 -6.1440000e+01]
 [ 2.6362960e-02  4.7063600e-02  9.9830588e-01  1.3232000e+02]
 [ 9.9589732e-01  8.2341160e-02 -2.9911200e-02 -1.1716300e+03]
 [ 0.0000000e+00  0.0000000e+00  0.0000000e+00  1.0000000e+00]]
[-0186.99, +0036.76, -1080.29]
838, 2125, 1084
[[-8.3199300e-02  9.9537068e-01 -4.4548140e-02 -6.1330000e+01]
 [ 2.6866440e-02  4.7085360e-02  9.9838388e-01  1.3239000e+02]
 [ 9.9600478e-01  8.2032840e-02 -3.0506100e-02 -1.1716600e+03]
 [ 0.0000000e+00  0.0000000e+00  0.0000000e+00  1.0000000e+00]]
[-0151.74, -0046.89, -1143.72]
1470, 1617, 1105
[[-8.3414800e-02  9.9536528e-01 -4.4536960e-02 -6.1420000e+01]
 [ 2.7061600e-02  4.7085360e-02  9.9838928e-01  1.3236000e+02]
 [ 9.9599360e-01  8.2228000e-02 -3.0721600e-02 -1.1716200e+03]
 [ 0.0000000e+00  0.0000000e+00  0.0000000e+00  1.0000000e+00]]
[-0126.98, +0027.77, -1084.65]
857, 1473, 1016
[[-8.2910440e-02  9.9539192e-01 -4.3393880e-02 -6.1290000e+01]
 [ 2.5921880e-02  4.5892280e-02  9.9841688e-01  1.3228000e+02]
 [ 9.9600008e-01  8.1872680e-02 -2.9403720e-02 -1.1716300e+03]
 [ 0.0000000e+00  0.0000000e+00  0.0000000e+00  1.0000000e+00]]
[-0166.54, -0014.95, -1084.65]
1178, 982, 2039
[[-8.4277200e-02  9.9512800e-01 -4.4692400e-02 -6.1540000e+01]
 [ 2.7626560e-02  4.7464800e-02  9.9821792e-01  1.3233000e+02]
 [ 9.9574792e-01  8.3201600e-02 -3.1204560e-02 -1.1715800e+03]
 [ 0.0000000e+00  0.0000000e+00  0.0000000e+00  1.0000000e+00]]
[-0243.44, +0077.50, -1136.99]
1183, 975, 1750
[[-8.4418100e-02  9.9533142e-01 -4.3940040e-02 -6.1450000e+01]
 [ 2.6664420e-02  4.6461500e-02  9.9845044e-01  1.3228000e+02]
 [ 9.9594396e-01  8.3244440e-02 -3.0342160e-02 -1.1716200e+03]
 [ 0.0000000e+00  0.0000000e+00  0.0000000e+00  1.0000000e+00]]
[-0227.20, +0075.98, -1105.57]
1825, 1931, 2032
[[-8.5186440e-02  9.9507052e-01 -4.6053160e-02 -6.1640000e+01]
 [ 2.8147960e-02  4.8824700e-02  9.9821002e-01  1.3249000e+02]
 [ 9.9573788e-01  8.3965540e-02 -3.1956900e-02 -1.1716100e+03]
 [ 0.0000000e+00  0.0000000e+00  0.0000000e+00  1.0000000e+00]]
[-0183.57, +0043.11, -1100.50]
1807, 1748, 935
[[-8.3600500e-02  9.9536320e-01 -4.4142900e-02 -6.1410000e+01]
 [ 2.6873920e-02  4.6684160e-02  9.9840960e-01  1.3234000e+02]
 [ 9.9597906e-01  8.2438080e-02 -3.0506100e-02 -1.1716300e+03]
 [ 0.0000000e+00  0.0000000e+00  0.0000000e+00  1.0000000e+00]]
[-0091.27, +0036.86, -1111.88]
2042, 1562, 839
[[-8.3861000e-02  9.9515988e-01 -4.4282160e-02 -6.1460000e+01]
 [ 2.8051920e-02  4.7096120e-02  9.9820436e-01  1.3238000e+02]
 [ 9.9574956e-01  8.2798960e-02 -3.1558120e-02 -1.1716300e+03]
 [ 0.0000000e+00  0.0000000e+00  0.0000000e+00  1.0000000e+00]]
[-0080.94, +0062.51, -1128.57]
2026, 1502, 1303
[[-8.4508100e-02  9.9512094e-01 -4.4872320e-02 -6.1530000e+01]
 [ 2.8012980e-02  4.7665340e-02  9.9821576e-01  1.3239000e+02]
 [ 9.9573816e-01  8.3389120e-02 -3.1636000e-02 -1.1716000e+03]
 [ 0.0000000e+00  0.0000000e+00  0.0000000e+00  1.0000000e+00]]
[-0115.20, +0079.28, -1104.84]
1451, 1817, 1295
[[-8.3429800e-02  9.9525582e-01 -4.4828660e-02 -6.1470000e+01]
 [ 2.7145260e-02  4.7475640e-02  9.9828522e-01  1.3236000e+02]
 [ 9.9589502e-01  8.2317060e-02 -3.0747400e-02 -1.1716100e+03]
 [ 0.0000000e+00  0.0000000e+00  0.0000000e+00  1.0000000e+00]]
[-0143.08, +0009.60, -1089.95]
1070, 894, 782
[[-8.2494480e-02  9.9553048e-01 -4.2883160e-02 -6.1270000e+01]
 [ 2.6454320e-02  4.5333500e-02  9.9850024e-01  1.3219000e+02]
 [ 9.9610244e-01  8.1373360e-02 -2.9948020e-02 -1.1716100e+03]
 [ 0.0000000e+00  0.0000000e+00  0.0000000e+00  1.0000000e+00]]
[-0143.01, +0058.70, -1060.80]
1626, 1958, 988
[[-8.4292360e-02  9.9511876e-01 -4.5091840e-02 -6.1470000e+01]
 [ 2.7609760e-02  4.7855000e-02  9.9820868e-01  1.3244000e+02]
 [ 9.9575716e-01  8.3195680e-02 -3.1230600e-02 -1.1716200e+03]
 [ 0.0000000e+00  0.0000000e+00  0.0000000e+00  1.0000000e+00]]
[-0101.12, +0007.82, -1113.35]
2181, 863, 1692
[[-8.7007220e-02  9.9514932e-01 -4.4110800e-02 -6.1760000e+01]
 [ 2.8690680e-02  4.6840780e-02  9.9841920e-01  1.3235000e+02]
 [ 9.9571320e-01  8.5684800e-02 -3.2552000e-02 -1.1715100e+03]
 [ 0.0000000e+00  0.0000000e+00  0.0000000e+00  1.0000000e+00]]
[-0158.32, +0129.17, -1144.29]
1281, 802, 929
[[-8.4130000e-02  9.9538116e-01 -4.1953880e-02 -6.1400000e+01]
 [ 2.6553000e-02  4.4508300e-02  9.9848910e-01  1.3217000e+02]
 [ 9.9591100e-01  8.3077620e-02 -2.9998660e-02 -1.1715900e+03]
 [ 0.0000000e+00  0.0000000e+00  0.0000000e+00  1.0000000e+00]]
[-0145.80, +0089.71, -1072.23]
1393, 1070, 1877
[[-8.5064840e-02  9.9522186e-01 -4.3590060e-02 -6.1520000e+01]
 [ 2.7558660e-02  4.6271800e-02  9.9837378e-01  1.3227000e+02]
 [ 9.9579474e-01  8.3923380e-02 -3.1178600e-02 -1.1714800e+03]
 [ 0.0000000e+00  0.0000000e+00  0.0000000e+00  1.0000000e+00]]
[-0221.21, +0084.74, -1112.21]
1242, 1471, 1735
[[-8.4834420e-02  9.9522894e-01 -4.3410180e-02 -6.1440000e+01]
 [ 2.7172140e-02  4.6071020e-02  9.9837566e-01  1.3226000e+02]
 [ 9.9580458e-01  8.3735540e-02 -3.0747400e-02 -1.1715100e+03]
 [ 0.0000000e+00  0.0000000e+00  0.0000000e+00  1.0000000e+00]]
[-0209.35, +0034.38, -1093.91]
1811, 1312, 805
[[-8.4805060e-02  9.9525396e-01 -4.2403080e-02 -6.1380000e+01]
 [ 2.7414120e-02  4.5100000e-02  9.9839484e-01  1.3235000e+02]
 [ 9.9577956e-01  8.3745720e-02 -3.0885700e-02 -1.1715800e+03]
 [ 0.0000000e+00  0.0000000e+00  0.0000000e+00  1.0000000e+00]]
[-0086.83, +0070.26, -1110.81]
816, 1322, 1377
[[-8.3541780e-02  9.9528396e-01 -4.2853440e-02 -6.1380000e+01]
 [ 2.6624760e-02  4.5501680e-02  9.9834728e-01  1.3222000e+02]
 [ 9.9585024e-01  8.2559120e-02 -3.0024100e-02 -1.1716100e+03]
 [ 0.0000000e+00  0.0000000e+00  0.0000000e+00  1.0000000e+00]]
[-0214.48, +0004.98, -1091.37]
1245, 1626, 1361
[[-8.4217360e-02  9.9526452e-01 -4.3202400e-02 -6.1450000e+01]
 [ 2.7593400e-02  4.5903200e-02  9.9834900e-01  1.3235000e+02]
 [ 9.9581952e-01  8.3130360e-02 -3.1101200e-02 -1.1715700e+03]
 [ 0.0000000e+00  0.0000000e+00  0.0000000e+00  1.0000000e+00]]
[-0171.04, +0012.91, -1083.10]
1155, 1427, 1051
[[-8.3957940e-02  9.9536768e-01 -4.2955420e-02 -6.1400000e+01]
 [ 2.6515520e-02  4.5490680e-02  9.9845888e-01  1.3224000e+02]
 [ 9.9594122e-01  8.2863680e-02 -3.0049620e-02 -1.1716100e+03]
 [ 0.0000000e+00  0.0000000e+00  0.0000000e+00  1.0000000e+00]]
[-0150.17, +0015.33, -1074.53]
970, 2125, 1225
[[-8.4403380e-02  9.9521800e-01 -4.4057240e-02 -6.1330000e+01]
 [ 2.6157200e-02  4.6640000e-02  9.9835960e-01  1.3235000e+02]
 [ 9.9584924e-01  8.3350000e-02 -2.9747380e-02 -1.1715300e+03]
 [ 0.0000000e+00  0.0000000e+00  0.0000000e+00  1.0000000e+00]]
[-0156.02, -0040.90, -1134.04]
940, 1048, 2104
[[-8.4604200e-02  9.9522142e-01 -4.3646540e-02 -6.1540000e+01]
 [ 2.6369260e-02  4.6249560e-02  9.9837422e-01  1.3226000e+02]
 [ 9.9582898e-01  8.3550860e-02 -2.9937000e-02 -1.1715500e+03]
 [ 0.0000000e+00  0.0000000e+00  0.0000000e+00  1.0000000e+00]]
[-0253.98, +0056.11, -1149.81]
1831, 1080, 1764
[[-8.4648480e-02  9.9523132e-01 -4.3804120e-02 -6.1550000e+01]
 [ 2.7359480e-02  4.6472540e-02  9.9835532e-01  1.3234000e+02]
 [ 9.9581908e-01  8.3525480e-02 -3.0962980e-02 -1.1716000e+03]
 [ 0.0000000e+00  0.0000000e+00  0.0000000e+00  1.0000000e+00]]
[-0178.31, +0110.13, -1112.26]
1886, 959, 918
[[-8.4187920e-02  9.9538256e-01 -4.2511200e-02 -6.1440000e+01]
 [ 2.7526560e-02  4.5121920e-02  9.9846160e-01  1.3226000e+02]
 [ 9.9590960e-01  8.3047200e-02 -3.1050000e-02 -1.1715900e+03]
 [ 0.0000000e+00  0.0000000e+00  0.0000000e+00  1.0000000e+00]]
[-0103.86, +0108.32, -1117.20]
1262, 1236, 1824
[[-8.5236100e-02  9.9530666e-01 -4.3529120e-02 -6.1510000e+01]
 [ 2.6663300e-02  4.6048700e-02  9.9849320e-01  1.3228000e+02]
 [ 9.9590120e-01  8.4049120e-02 -3.0368040e-02 -1.1716000e+03]
 [ 0.0000000e+00  0.0000000e+00  0.0000000e+00  1.0000000e+00]]
[-0223.14, +0059.40, -1102.59]
1917, 2248, 752
[[-8.3137680e-02  9.9495412e-01 -5.2814640e-02 -6.1420000e+01]
 [ 3.1810680e-02  5.5796400e-02  9.9777584e-01  1.3329000e+02]
 [ 9.9584696e-01  8.1454560e-02 -3.6121920e-02 -1.1716400e+03]
 [ 0.0000000e+00  0.0000000e+00  0.0000000e+00  1.0000000e+00]]
[-0085.18, +0012.15, -1143.86]
1712, 904, 1286
[[-8.4462740e-02  9.9508830e-01 -4.5339120e-02 -6.1570000e+01]
 [ 2.6398380e-02  4.8011500e-02  9.9822984e-01  1.3236000e+02]
 [ 9.9577080e-01  8.3420400e-02 -3.0041000e-02 -1.1715700e+03]
 [ 0.0000000e+00  0.0000000e+00  0.0000000e+00  1.0000000e+00]]
[-0152.80, +0111.22, -1099.38]
1263, 2099, 1597
[[-8.455418e-02  9.950619e-01 -4.690320e-02 -6.164000e+01]
 [ 2.712990e-02  4.959350e-02  9.981804e-01  1.325200e+02]
 [ 9.957972e-01  8.337840e-02 -3.095668e-02 -1.171580e+03]
 [ 0.000000e+00  0.000000e+00  0.000000e+00  1.000000e+00]]
[-0173.78, -0019.41, -1114.84]
1603, 1067, 1808
[[-8.5371460e-02  9.9505306e-01 -4.6075640e-02 -6.1690000e+01]
 [ 2.7544060e-02  4.8802700e-02  9.9822748e-01  1.3242000e+02]
 [ 9.9573836e-01  8.4179480e-02 -3.1362000e-02 -1.1715500e+03]
 [ 0.0000000e+00  0.0000000e+00  0.0000000e+00  1.0000000e+00]]
[-0201.22, +0099.31, -1109.34]
1077, 2013, 1781
[[-8.453874e-02  9.950715e-01 -4.650376e-02 -6.160000e+01]
 [ 2.714674e-02  4.920366e-02  9.981900e-01  1.324700e+02]
 [ 9.957876e-01  8.338424e-02 -3.093024e-02 -1.171580e+03]
 [ 0.000000e+00  0.000000e+00  0.000000e+00  1.000000e+00]]
[-0200.30, -0019.46, -1126.58]
2122, 1098, 1160
[[-8.5634080e-02  9.9497340e-01 -4.5696760e-02 -6.1680000e+01]
 [ 2.9245800e-02  4.8646000e-02  9.9812160e-01  1.3246000e+02]
 [ 9.9559276e-01  8.4439200e-02 -3.2984080e-02 -1.1715500e+03]
 [ 0.0000000e+00  0.0000000e+00  0.0000000e+00  1.0000000e+00]]
[-0111.36, +0110.14, -1126.23]
1337, 2181, 1553
[[-8.5386900e-02  9.9492008e-01 -4.6991760e-02 -6.1670000e+01]
 [ 2.7002640e-02  4.9760640e-02  9.9811768e-01  1.3253000e+02]
 [ 9.9566312e-01  8.4273840e-02 -3.0820500e-02 -1.1716300e+03]
 [ 0.0000000e+00  0.0000000e+00  0.0000000e+00  1.0000000e+00]]
[-0162.92, -0019.68, -1116.33]
1129, 1377, 1740
[[-8.4307600e-02  9.9519440e-01 -4.6015400e-02 -6.1630000e+01]
 [ 2.7076480e-02  4.8624240e-02  9.9829060e-01  1.3239000e+02]
 [ 9.9588964e-01  8.3098520e-02 -3.0877600e-02 -1.1715600e+03]
 [ 0.0000000e+00  0.0000000e+00  0.0000000e+00  1.0000000e+00]]
[-0222.97, +0035.32, -1100.02]
785, 1801, 1542
[[-8.4462740e-02  9.9529644e-01 -4.5346620e-02 -6.1490000e+01]
 [ 2.6405880e-02  4.7822000e-02  9.9842116e-01  1.3238000e+02]
 [ 9.9597894e-01  8.3229080e-02 -3.0230500e-02 -1.1716100e+03]
 [ 0.0000000e+00  0.0000000e+00  0.0000000e+00  1.0000000e+00]]
[-0205.11, -0028.43, -1126.77]
2053, 1609, 1873
[[-8.6482920e-02  9.9489026e-01 -4.7125260e-02 -6.1790000e+01]
 [ 2.8168140e-02  4.9961100e-02  9.9813782e-01  1.3253000e+02]
 [ 9.9560734e-01  8.5240380e-02 -3.2116980e-02 -1.1715700e+03]
 [ 0.0000000e+00  0.0000000e+00  0.0000000e+00  1.0000000e+00]]
[-0164.04, +0085.04, -1102.71]
1364, 1004, 2174
[[-8.4739200e-02  9.9516808e-01 -4.6409040e-02 -6.1730000e+01]
 [ 2.7050160e-02  4.9003200e-02  9.9829792e-01  1.3239000e+02]
 [ 9.9588232e-01  8.3492160e-02 -3.0930240e-02 -1.1715700e+03]
 [ 0.0000000e+00  0.0000000e+00  0.0000000e+00  1.0000000e+00]]
[-0236.46, +0087.11, -1144.04]
993, 1983, 1198
[[-8.3861000e-02  9.9520722e-01 -4.5846540e-02 -6.1500000e+01]
 [ 2.6495100e-02  4.8423740e-02  9.9828722e-01  1.3241000e+02]
 [ 9.9591030e-01  8.2716100e-02 -3.0230500e-02 -1.1716100e+03]
 [ 0.0000000e+00  0.0000000e+00  0.0000000e+00  1.0000000e+00]]
[-0157.92, -0036.05, -1119.97]
893, 2145, 1008
[[-8.3861000e-02  9.9520722e-01 -4.5846540e-02 -6.1470000e+01]
 [ 2.6495100e-02  4.8423740e-02  9.9828722e-01  1.3246000e+02]
 [ 9.9591030e-01  8.2716100e-02 -3.0230500e-02 -1.1716000e+03]
 [ 0.0000000e+00  0.0000000e+00  0.0000000e+00  1.0000000e+00]]
[-0142.87, -0045.32, -1144.00]
1062, 897, 1556
[[-8.4663400e-02  9.9519234e-01 -4.5036220e-02 -6.1560000e+01]
 [ 2.6509980e-02  4.7621340e-02  9.9833946e-01  1.3230000e+02]
 [ 9.9585806e-01  8.3526420e-02 -3.0230500e-02 -1.1715800e+03]
 [ 0.0000000e+00  0.0000000e+00  0.0000000e+00  1.0000000e+00]]
[-0225.30, +0074.23, -1095.63]
1011, 1181, 1449
[[-8.3830920e-02  9.9522590e-01 -4.5047620e-02 -6.1580000e+01]
 [ 2.6528500e-02  4.7643500e-02  9.9830590e-01  1.3230000e+02]
 [ 9.9589162e-01  8.2727500e-02 -3.0178420e-02 -1.1716200e+03]
 [ 0.0000000e+00  0.0000000e+00  0.0000000e+00  1.0000000e+00]]
[-0209.72, +0035.81, -1082.52]
2212, 1560, 1282
[[-8.5834500e-02  9.9514654e-01 -4.6334780e-02 -6.1690000e+01]
 [ 2.8424420e-02  4.9014200e-02  9.9831946e-01  1.3255000e+02]
 [ 9.9581906e-01  8.4457420e-02 -3.2415460e-02 -1.1715700e+03]
 [ 0.0000000e+00  0.0000000e+00  0.0000000e+00  1.0000000e+00]]
[-0105.93, +0079.39, -1116.01]
1584, 1546, 1783
[[-8.4107140e-02  9.9519038e-01 -4.6426140e-02 -6.1510000e+01]
 [ 2.6864740e-02  4.9014200e-02  9.9827562e-01  1.3240000e+02]
 [ 9.9591042e-01  8.2897740e-02 -3.0688100e-02 -1.1714100e+03]
 [ 0.0000000e+00  0.0000000e+00  0.0000000e+00  1.0000000e+00]]
[-0190.85, +0050.30, -1091.19]
2198, 1364, 1507
[[-8.4385000e-02  9.9510868e-01 -4.6239760e-02 -6.1560000e+01]
 [ 2.8757680e-02  4.9057400e-02  9.9816236e-01  1.3244000e+02]
 [ 9.9576724e-01  8.3149360e-02 -3.2525640e-02 -1.1713800e+03]
 [ 0.0000000e+00  0.0000000e+00  0.0000000e+00  1.0000000e+00]]
[-0128.73, +0100.60, -1114.39]
1116, 1950, 2245
[[-8.0949840e-02  9.9549972e-01 -4.6725200e-02 -6.1240000e+01]
 [ 2.5737400e-02  4.9068000e-02  9.9835620e-01  1.3238000e+02]
 [ 9.9626328e-01  7.9735960e-02 -2.9480400e-02 -1.1715000e+03]
 [ 0.0000000e+00  0.0000000e+00  0.0000000e+00  1.0000000e+00]]
[-0226.20, +0006.76, -1140.03]
1618, 1000, 1357
[[-8.2724260e-02  9.9539400e-01 -4.3787900e-02 -6.1250000e+01]
 [ 2.6109600e-02  4.6293720e-02  9.9839688e-01  1.3224000e+02]
 [ 9.9601450e-01  8.1662880e-02 -2.9618980e-02 -1.1714500e+03]
 [ 0.0000000e+00  0.0000000e+00  0.0000000e+00  1.0000000e+00]]
[-0159.42, +0101.53, -1090.83]
1028, 1645, 2115
[[-8.3399880e-02  9.9533720e-01 -4.5177680e-02 -6.1420000e+01]
 [ 2.6038000e-02  4.7643500e-02  9.9838970e-01  1.3233000e+02]
 [ 9.9602168e-01  8.2242500e-02 -2.9747380e-02 -1.1715500e+03]
 [ 0.0000000e+00  0.0000000e+00  0.0000000e+00  1.0000000e+00]]
[-0238.26, +0016.17, -1138.35]
1023, 2073, 1277
[[-8.2137160e-02  9.9541068e-01 -4.4379160e-02 -6.1260000e+01]
 [ 2.6498040e-02  4.6906300e-02  9.9835302e-01  1.3234000e+02]
 [ 9.9604708e-01  8.1046140e-02 -3.0024100e-02 -1.1715300e+03]
 [ 0.0000000e+00  0.0000000e+00  0.0000000e+00  1.0000000e+00]]
[-0159.20, -0036.38, -1125.59]
1232, 1736, 1310
[[-8.3801160e-02  9.9524426e-01 -4.4248700e-02 -6.1360000e+01]
 [ 2.6561900e-02  4.6862940e-02  9.9832426e-01  1.3234000e+02]
 [ 9.9587326e-01  8.2738900e-02 -3.0126660e-02 -1.1716000e+03]
 [ 0.0000000e+00  0.0000000e+00  0.0000000e+00  1.0000000e+00]]
[-0161.57, +0002.41, -1087.54]
1924, 1251, 1108
[[-8.4663400e-02  9.9522974e-01 -4.3995420e-02 -6.1430000e+01]
 [ 2.7550780e-02  4.6673240e-02  9.9834786e-01  1.3235000e+02]
 [ 9.9582066e-01  8.3518020e-02 -3.1178600e-02 -1.1716200e+03]
 [ 0.0000000e+00  0.0000000e+00  0.0000000e+00  1.0000000e+00]]
[-0109.17, +0090.55, -1106.05]
1930, 1953, 2046
[[-8.4523380e-02  9.9508102e-01 -4.6104320e-02 -6.1600000e+01]
 [ 2.7163580e-02  4.8813740e-02  9.9819952e-01  1.3247000e+02]
 [ 9.9577808e-01  8.3390080e-02 -3.0903880e-02 -1.1716100e+03]
 [ 0.0000000e+00  0.0000000e+00  0.0000000e+00  1.0000000e+00]]
[-0178.81, +0048.61, -1101.02]
1826, 861, 1334
[[-8.3355600e-02  9.9537932e-01 -4.3563160e-02 -6.1380000e+01]
 [ 2.6503880e-02  4.6093020e-02  9.9842054e-01  1.3223000e+02]
 [ 9.9597956e-01  8.2255940e-02 -3.0049620e-02 -1.1716100e+03]
 [ 0.0000000e+00  0.0000000e+00  0.0000000e+00  1.0000000e+00]]
[-0149.34, +0121.64, -1113.27]
1833, 1491, 1180
[[-8.3816000e-02  9.9525000e-01 -4.4232000e-02 -6.1380000e+01]
 [ 2.6961360e-02  4.6873900e-02  9.9831852e-01  1.3230000e+02]
 [ 9.9586752e-01  8.2729800e-02 -3.0531860e-02 -1.1715900e+03]
 [ 0.0000000e+00  0.0000000e+00  0.0000000e+00  1.0000000e+00]]
[-0116.42, +0062.56, -1093.83]
1103, 1795, 1418
[[-8.3184420e-02  9.9537238e-01 -4.4356680e-02 -6.1390000e+01]
 [ 2.6674980e-02  4.6884780e-02  9.9839132e-01  1.3233000e+02]
 [ 9.9600308e-01  8.2040280e-02 -3.0290640e-02 -1.1716100e+03]
 [ 0.0000000e+00  0.0000000e+00  0.0000000e+00  1.0000000e+00]]
[-0178.82, -0012.43, -1098.81]
1691, 1841, 2166
[[-8.4723880e-02  9.9507732e-01 -4.5901680e-02 -6.1600000e+01]
 [ 2.7167280e-02  4.8613240e-02  9.9821268e-01  1.3249000e+02]
 [ 9.9576492e-01  8.3592720e-02 -3.0903880e-02 -1.1716100e+03]
 [ 0.0000000e+00  0.0000000e+00  0.0000000e+00  1.0000000e+00]]
[-0204.52, +0044.98, -1108.81]
2064, 1017, 1248
[[-8.4292360e-02  9.9525702e-01 -4.4159100e-02 -6.1480000e+01]
 [ 2.8550100e-02  4.6906300e-02  9.9831150e-01  1.3236000e+02]
 [ 9.9582702e-01  8.3092860e-02 -3.2179300e-02 -1.1715600e+03]
 [ 0.0000000e+00  0.0000000e+00  0.0000000e+00  1.0000000e+00]]
[-0122.03, +0117.00, -1124.19]
1050, 839, 2089
[[-8.380116e-02  9.953446e-01 -4.435644e-02 -6.146000e+01]
 [ 2.646156e-02  4.686294e-02  9.984191e-01  1.322700e+02]
 [ 9.959810e-01  8.264406e-02 -3.012666e-02 -1.171580e+03]
 [ 0.000000e+00  0.000000e+00  0.000000e+00  1.000000e+00]]
[-0249.67, +0079.47, -1153.83]
1124, 1241, 2046
[[-8.484922e-02  9.953055e-01 -4.433380e-02 -6.146000e+01]
 [ 2.663850e-02  4.684078e-02  9.984582e-01  1.323100e+02]
 [ 9.959362e-01  8.363820e-02 -3.039400e-02 -1.171620e+03]
 [ 0.000000e+00  0.000000e+00  0.000000e+00  1.000000e+00]]
[-0240.55, +0051.72, -1125.69]
1025, 808, 848
[[-8.265226e-02  9.954167e-01 -4.241444e-02 -6.124000e+01]
 [ 2.556806e-02  4.491014e-02  9.984362e-01  1.321400e+02]
 [ 9.959918e-01  8.169556e-02 -2.892276e-02 -1.171600e+03]
 [ 0.000000e+00  0.000000e+00  0.000000e+00  1.000000e+00]]
[-0157.72, +0066.79, -1059.50]
1105, 1045, 1624
[[-8.4403380e-02  9.9532574e-01 -4.3956840e-02 -6.1420000e+01]
 [ 2.6264940e-02  4.6450380e-02  9.9845612e-01  1.3227000e+02]
 [ 9.9594964e-01  8.3253480e-02 -2.9937000e-02 -1.1716100e+03]
 [ 0.0000000e+00  0.0000000e+00  0.0000000e+00  1.0000000e+00]]
[-0223.58, +0062.00, -1094.65]
1471, 1975, 1567
[[-8.447778e-02  9.951091e-01 -4.490600e-02 -6.148000e+01]
 [ 2.721410e-02  4.764350e-02  9.982276e-01  1.324000e+02]
 [ 9.957500e-01  8.340760e-02 -3.082528e-02 -1.171600e+03]
 [ 0.000000e+00  0.000000e+00  0.000000e+00  1.000000e+00]]
[-0159.95, +0004.45, -1096.58]
1131, 1246, 1449
[[-8.3556340e-02  9.9526050e-01 -4.3669020e-02 -6.1350000e+01]
 [ 2.6191980e-02  4.6271800e-02  9.9833514e-01  1.3229000e+02]
 [ 9.9587370e-01  8.2556700e-02 -2.9670100e-02 -1.1716000e+03]
 [ 0.0000000e+00  0.0000000e+00  0.0000000e+00  1.0000000e+00]]
[-0199.34, +0040.86, -1079.57]
2104, 1536, 1305
[[-8.4723880e-02  9.9521578e-01 -4.4968780e-02 -6.1510000e+01]
 [ 2.8107820e-02  4.7665340e-02  9.9831602e-01  1.3246000e+02]
 [ 9.9583462e-01  8.3489380e-02 -3.1851780e-02 -1.1715900e+03]
 [ 0.0000000e+00  0.0000000e+00  0.0000000e+00  1.0000000e+00]]
[-0111.08, +0079.86, -1109.07]
1245, 1980, 1922
[[-8.4508100e-02  9.9509046e-01 -4.5704880e-02 -6.1540000e+01]
 [ 2.7180420e-02  4.8423740e-02  9.9820896e-01  1.3244000e+02]
 [ 9.9576864e-01  8.3395920e-02 -3.0877600e-02 -1.1716100e+03]
 [ 0.0000000e+00  0.0000000e+00  0.0000000e+00  1.0000000e+00]]
[-0206.50, -0003.50, -1118.94]
1937, 1151, 1337
[[-8.404650e-02  9.953582e-01 -4.410370e-02 -6.144000e+01]
 [ 2.766380e-02  4.669500e-02  9.984146e-01  1.323500e+02]
 [ 9.959507e-01  8.281940e-02 -3.134250e-02 -1.171590e+03]
 [ 0.000000e+00  0.000000e+00  0.000000e+00  1.000000e+00]]
[-0131.67, +0105.34, -1106.06]
2218, 1240, 1484
[[-8.4955060e-02  9.9520876e-01 -4.5148600e-02 -6.1600000e+01]
 [ 2.8494200e-02  4.7865840e-02  9.9831376e-01  1.3243000e+02]
 [ 9.9582476e-01  8.3676800e-02 -3.2283460e-02 -1.1715800e+03]
 [ 0.0000000e+00  0.0000000e+00  0.0000000e+00  1.0000000e+00]]
[-0130.46, +0108.17, -1120.49]
1795, 1537, 1256
[[-8.4232200e-02  9.9534104e-01 -4.4125880e-02 -6.1420000e+01]
 [ 2.7060040e-02  4.6673240e-02  9.9843176e-01  1.3237000e+02]
 [ 9.9595112e-01  8.3032760e-02 -3.0747400e-02 -1.1715900e+03]
 [ 0.0000000e+00  0.0000000e+00  0.0000000e+00  1.0000000e+00]]
[-0126.76, +0056.11, -1089.42]
849, 1038, 1950
[[-8.3771720e-02  9.9524766e-01 -4.3865940e-02 -6.1380000e+01]
 [ 2.6179140e-02  4.6461500e-02  9.9833898e-01  1.3228000e+02]
 [ 9.9586986e-01  8.2753620e-02 -2.9695780e-02 -1.1716000e+03]
 [ 0.0000000e+00  0.0000000e+00  0.0000000e+00  1.0000000e+00]]
[-0255.26, +0048.81, -1139.63]
1837, 1932, 1807
[[-8.410714e-02  9.951208e-01 -4.548586e-02 -6.152000e+01]
 [ 2.779736e-02  4.825596e-02  9.981880e-01  1.324500e+02]
 [ 9.957719e-01  8.298536e-02 -3.144634e-02 -1.171600e+03]
 [ 0.000000e+00  0.000000e+00  0.000000e+00  1.000000e+00]]
[-0158.97, +0039.33, -1094.39]
1468, 1624, 2027
[[-8.4262120e-02  9.9521490e-01 -4.5025140e-02 -6.1510000e+01]
 [ 2.6918700e-02  4.7643500e-02  9.9831690e-01  1.3237000e+02]
 [ 9.9586914e-01  8.3117700e-02 -3.0609620e-02 -1.1716000e+03]
 [ 0.0000000e+00  0.0000000e+00  0.0000000e+00  1.0000000e+00]]
[-0216.75, +0044.39, -1108.16]
2060, 1126, 2082
[[-8.6467200e-02  9.9493128e-01 -4.5892560e-02 -6.1770000e+01]
 [ 2.9018640e-02  4.8813740e-02  9.9815428e-01  1.3246000e+02]
 [ 9.9556632e-01  8.5239640e-02 -3.2847700e-02 -1.1715500e+03]
 [ 0.0000000e+00  0.0000000e+00  0.0000000e+00  1.0000000e+00]]
[-0188.00, +0112.10, -1132.33]
1615, 1742, 1926
[[-8.4247120e-02  9.9522412e-01 -4.4625680e-02 -6.1470000e+01]
 [ 2.6935480e-02  4.7253260e-02  9.9832612e-01  1.3239000e+02]
 [ 9.9585992e-01  8.3123480e-02 -3.0583620e-02 -1.1716000e+03]
 [ 0.0000000e+00  0.0000000e+00  0.0000000e+00  1.0000000e+00]]
[-0194.05, +0038.11, -1097.32]
956, 911, 1383
[[-8.3297680e-02  9.9538588e-01 -4.2797400e-02 -6.1280000e+01]
 [ 2.5738120e-02  4.5289820e-02  9.9844950e-01  1.3221000e+02]
 [ 9.9597300e-01  8.2284900e-02 -2.9188500e-02 -1.1716300e+03]
 [ 0.0000000e+00  0.0000000e+00  0.0000000e+00  1.0000000e+00]]
[-0218.60, +0060.23, -1082.67]
2199, 1939, 1389
[[-8.5602880e-02  9.9516928e-01 -4.5738640e-02 -6.1570000e+01]
 [ 2.8454720e-02  4.8434700e-02  9.9832516e-01  1.3254000e+02]
 [ 9.9581336e-01  8.4266840e-02 -3.2362420e-02 -1.1716200e+03]
 [ 0.0000000e+00  0.0000000e+00  0.0000000e+00  1.0000000e+00]]
[-0109.28, +0052.31, -1111.71]
850, 2065, 1795
[[-8.4031540e-02  9.9530756e-01 -4.5369020e-02 -6.1430000e+01]
 [ 2.6015720e-02  4.7822000e-02  9.9841004e-01  1.3239000e+02]
 [ 9.9600134e-01  8.2838920e-02 -2.9799300e-02 -1.1716500e+03]
 [ 0.0000000e+00  0.0000000e+00  0.0000000e+00  1.0000000e+00]]
[-0206.08, -0027.83, -1146.35]
1592, 1957, 2202
[[-8.4739200e-02  9.9508320e-01 -4.5884800e-02 -6.1620000e+01]
 [ 2.7566720e-02  4.8624240e-02  9.9820680e-01  1.3246000e+02]
 [ 9.9575904e-01  8.3583280e-02 -3.1309200e-02 -1.1716000e+03]
 [ 0.0000000e+00  0.0000000e+00  0.0000000e+00  1.0000000e+00]]
[-0208.62, +0031.34, -1114.53]
1211, 1573, 1093
[[-8.3169620e-02  9.9538884e-01 -4.3749180e-02 -6.1350000e+01]
 [ 2.6899560e-02  4.6304560e-02  9.9840204e-01  1.3231000e+02]
 [ 9.9598662e-01  8.2044360e-02 -3.0454820e-02 -1.1716100e+03]
 [ 0.0000000e+00  0.0000000e+00  0.0000000e+00  1.0000000e+00]]
[-0145.81, +0008.95, -1080.68]
2030, 1186, 840
[[-8.3615380e-02  9.9538392e-01 -4.3710140e-02 -6.1400000e+01]
 [ 2.7689520e-02  4.6315320e-02  9.9840696e-01  1.3233000e+02]
 [ 9.9595834e-01  8.2425840e-02 -3.1291060e-02 -1.1716000e+03]
 [ 0.0000000e+00  0.0000000e+00  0.0000000e+00  1.0000000e+00]]
[-0086.06, +0091.05, -1129.14]
1514, 2197, 1926
[[-8.4307600e-02  9.9518676e-01 -4.6223520e-02 -6.1580000e+01]
 [ 2.6868360e-02  4.8813740e-02  9.9828876e-01  1.3248000e+02]
 [ 9.9589728e-01  8.3100360e-02 -3.0688100e-02 -1.1715800e+03]
 [ 0.0000000e+00  0.0000000e+00  0.0000000e+00  1.0000000e+00]]
[-0184.51, -0002.71, -1114.42]
876, 1389, 2016
[[-8.4232200e-02  9.9534104e-01 -4.4125880e-02 -6.1400000e+01]
 [ 2.7060040e-02  4.6673240e-02  9.9843176e-01  1.3229000e+02]
 [ 9.9595112e-01  8.3032760e-02 -3.0747400e-02 -1.1715900e+03]
 [ 0.0000000e+00  0.0000000e+00  0.0000000e+00  1.0000000e+00]]
[-0248.15, +0023.95, -1140.67]
1056, 2102, 1411
[[-8.4232200e-02  9.9521838e-01 -4.4642460e-02 -6.1390000e+01]
 [ 2.6536020e-02  4.7242220e-02  9.9833186e-01  1.3241000e+02]
 [ 9.9586566e-01  8.3132660e-02 -3.0178420e-02 -1.1716100e+03]
 [ 0.0000000e+00  0.0000000e+00  0.0000000e+00  1.0000000e+00]]
[-0167.81, -0033.20, -1125.99]
1722, 776, 1093
[[-8.4432900e-02  9.9535944e-01 -4.3298820e-02 -6.1360000e+01]
 [ 2.7688320e-02  4.5903200e-02  9.9844936e-01  1.3227000e+02]
 [ 9.9591594e-01  8.3230720e-02 -3.1316740e-02 -1.1715600e+03]
 [ 0.0000000e+00  0.0000000e+00  0.0000000e+00  1.0000000e+00]]
[-0134.37, +0121.93, -1108.52]
1457, 1551, 1548
[[-8.3600500e-02  9.9536320e-01 -4.4142900e-02 -6.1400000e+01]
 [ 2.6873920e-02  4.6684160e-02  9.9840960e-01  1.3239000e+02]
 [ 9.9597906e-01  8.2438080e-02 -3.0506100e-02 -1.1715900e+03]
 [ 0.0000000e+00  0.0000000e+00  0.0000000e+00  1.0000000e+00]]
[-0176.31, +0039.40, -1082.88]
2197, 1544, 1295
[[-8.4939700e-02  9.9511010e-01 -4.4849400e-02 -6.1530000e+01]
 [ 2.8403180e-02  4.7665340e-02  9.9822660e-01  1.3249000e+02]
 [ 9.9571524e-01  8.3779320e-02 -3.2067600e-02 -1.1715900e+03]
 [ 0.0000000e+00  0.0000000e+00  0.0000000e+00  1.0000000e+00]]
[-0107.69, +0081.42, -1114.92]
1541, 1790, 1646
[[-8.4076660e-02  9.9523962e-01 -4.4794820e-02 -6.1440000e+01]
 [ 2.7730620e-02  4.7475640e-02  9.9830142e-01  1.3240000e+02]
 [ 9.9586118e-01  8.2902420e-02 -3.1394260e-02 -1.1715700e+03]
 [ 0.0000000e+00  0.0000000e+00  0.0000000e+00  1.0000000e+00]]
[-0173.21, +0023.85, -1089.83]
1236, 800, 1401
[[-8.3742600e-02  9.9526554e-01 -4.3067020e-02 -6.1330000e+01]
 [ 2.6212540e-02  4.5680460e-02  9.9835686e-01  1.3227000e+02]
 [ 9.9585198e-01  8.2764860e-02 -2.9644500e-02 -1.1716200e+03]
 [ 0.0000000e+00  0.0000000e+00  0.0000000e+00  1.0000000e+00]]
[-0199.48, +0096.05, -1088.89]
1563, 1814, 993
[[-8.4262120e-02  9.9513716e-01 -4.4292960e-02 -6.1420000e+01]
 [ 2.7643360e-02  4.7074520e-02  9.9822708e-01  1.3239000e+02]
 [ 9.9573876e-01  8.3207520e-02 -3.1178600e-02 -1.1715900e+03]
 [ 0.0000000e+00  0.0000000e+00  0.0000000e+00  1.0000000e+00]]
[-0106.05, +0013.83, -1102.16]
1000, 1492, 2166
[[-8.4016660e-02  9.9521650e-01 -4.4861780e-02 -6.1470000e+01]
 [ 2.6132780e-02  4.7431800e-02  9.9832454e-01  1.3232000e+02]
 [ 9.9588430e-01  8.2939300e-02 -2.9773300e-02 -1.1716100e+03]
 [ 0.0000000e+00  0.0000000e+00  0.0000000e+00  1.0000000e+00]]
[-0244.85, +0027.30, -1144.11]
1458, 1471, 1644
[[-8.4061540e-02  9.9523372e-01 -4.4811560e-02 -6.1450000e+01]
 [ 2.7331160e-02  4.7464800e-02  9.9830732e-01  1.3227000e+02]
 [ 9.9586708e-01  8.2911640e-02 -3.0988900e-02 -1.1716000e+03]
 [ 0.0000000e+00  0.0000000e+00  0.0000000e+00  1.0000000e+00]]
[-0184.45, +0049.66, -1084.78]
943, 991, 768
[[-8.2451400e-02  9.9553522e-01 -4.2308540e-02 -6.1160000e+01]
 [ 2.5879700e-02  4.4731160e-02  9.9852178e-01  1.3223000e+02]
 [ 9.9609770e-01  8.1394900e-02 -2.9302600e-02 -1.1716100e+03]
 [ 0.0000000e+00  0.0000000e+00  0.0000000e+00  1.0000000e+00]]
[-0148.96, +0035.11, -1059.05]
1263, 1749, 1026
[[-8.3399880e-02  9.9536696e-01 -4.4345520e-02 -6.1390000e+01]
 [ 2.6870160e-02  4.6884780e-02  9.9839674e-01  1.3236000e+02]
 [ 9.9599192e-01  8.2235460e-02 -3.0506100e-02 -1.1715900e+03]
 [ 0.0000000e+00  0.0000000e+00  0.0000000e+00  1.0000000e+00]]
[-0130.79, -0003.92, -1093.00]
2141, 874, 1933
[[-8.8288500e-02  9.9490870e-01 -4.3841100e-02 -6.1870000e+01]
 [ 2.9663100e-02  4.6829580e-02  9.9826946e-01  1.3238000e+02]
 [ 9.9543230e-01  8.7054540e-02 -3.3442920e-02 -1.1714600e+03]
 [ 0.0000000e+00  0.0000000e+00  0.0000000e+00  1.0000000e+00]]
[-0176.12, +0125.97, -1145.05]
778, 1492, 1133
[[-8.369952e-02  9.953780e-01 -4.239240e-02 -6.125000e+01]
 [ 2.574600e-02  4.488798e-02  9.984749e-01  1.322300e+02]
 [ 9.959476e-01  8.268990e-02 -2.918850e-02 -1.171620e+03]
 [ 0.000000e+00  0.000000e+00  0.000000e+00  1.000000e+00]]
[-0183.87, -0020.27, -1092.35]
1047, 2009, 1243
[[-8.3154900e-02  9.9538312e-01 -4.3765740e-02 -6.1360000e+01]
 [ 2.6500080e-02  4.6293720e-02  9.9840776e-01  1.3236000e+02]
 [ 9.9599234e-01  8.2053360e-02 -3.0049620e-02 -1.1715900e+03]
 [ 0.0000000e+00  0.0000000e+00  0.0000000e+00  1.0000000e+00]]
[-0157.06, -0033.12, -1118.99]
1561, 1418, 1379
[[-8.4834420e-02  9.9532934e-01 -4.3517960e-02 -6.1450000e+01]
 [ 2.7071740e-02  4.6071020e-02  9.9847052e-01  1.3235000e+02]
 [ 9.9591236e-01  8.3640680e-02 -3.0747400e-02 -1.1716000e+03]
 [ 0.0000000e+00  0.0000000e+00  0.0000000e+00  1.0000000e+00]]
[-0154.33, +0058.25, -1080.01]
1643, 921, 2217
[[-8.5140240e-02  9.9499832e-01 -4.4746920e-02 -6.1650000e+01]
 [ 2.8299120e-02  4.7654460e-02  9.9814328e-01  1.3233000e+02]
 [ 9.9560188e-01  8.4078480e-02 -3.1877940e-02 -1.1715300e+03]
 [ 0.0000000e+00  0.0000000e+00  0.0000000e+00  1.0000000e+00]]
[-0220.51, +0104.96, -1149.28]
1601, 1987, 1255
[[-8.2983840e-02  9.9529812e-01 -4.3827560e-02 -6.1410000e+01]
 [ 2.7395560e-02  4.6515900e-02  9.9828852e-01  1.3235000e+02]
 [ 9.9588588e-01  8.1927640e-02 -3.0860100e-02 -1.1715700e+03]
 [ 0.0000000e+00  0.0000000e+00  0.0000000e+00  1.0000000e+00]]
[-0125.08, +0004.67, -1102.02]
998, 1255, 856
[[-8.3096820e-02  9.9541848e-01 -4.2167820e-02 -6.1260000e+01]
 [ 2.6566320e-02  4.4731160e-02  9.9844312e-01  1.3218000e+02]
 [ 9.9595698e-01  8.2076080e-02 -2.9948020e-02 -1.1715900e+03]
 [ 0.0000000e+00  0.0000000e+00  0.0000000e+00  1.0000000e+00]]
[-0145.52, +0013.66, -1068.70]
1464, 1439, 1329
[[-8.3585700e-02  9.9527928e-01 -4.3427640e-02 -6.1410000e+01]
 [ 2.7198960e-02  4.6103900e-02  9.9832532e-01  1.3229000e+02]
 [ 9.9585492e-01  8.2537160e-02 -3.0670240e-02 -1.1715600e+03]
 [ 0.0000000e+00  0.0000000e+00  0.0000000e+00  1.0000000e+00]]
[-0155.51, +0047.80, -1077.82]
1728, 1552, 2225
[[-8.4894100e-02  9.9518500e-01 -4.5216200e-02 -6.1610000e+01]
 [ 2.6896360e-02  4.7822000e-02  9.9833752e-01  1.3240000e+02]
 [ 9.9584852e-01  8.3714000e-02 -3.0661860e-02 -1.1715800e+03]
 [ 0.0000000e+00  0.0000000e+00  0.0000000e+00  1.0000000e+00]]
[-0212.91, +0071.14, -1117.20]
2047, 1738, 904
[[-8.4477780e-02  9.9524710e-01 -4.3973140e-02 -6.1420000e+01]
 [ 2.8154500e-02  4.6695000e-02  9.9833050e-01  1.3241000e+02]
 [ 9.9582014e-01  8.3304700e-02 -3.1773780e-02 -1.1716000e+03]
 [ 0.0000000e+00  0.0000000e+00  0.0000000e+00  1.0000000e+00]]
[-0084.04, +0050.66, -1126.10]
779, 1965, 1720
[[-8.3786400e-02  9.9534632e-01 -4.4165040e-02 -6.1380000e+01]
 [ 2.6270160e-02  4.6662240e-02  9.9842648e-01  1.3233000e+02]
 [ 9.9597928e-01  8.2651440e-02 -2.9911200e-02 -1.1716100e+03]
 [ 0.0000000e+00  0.0000000e+00  0.0000000e+00  1.0000000e+00]]
[-0209.89, -0029.78, -1145.50]
1377, 1424, 969
[[-8.3556340e-02  9.9539008e-01 -4.2944460e-02 -6.1320000e+01]
 [ 2.6923840e-02  4.5512600e-02  9.9843648e-01  1.3229000e+02]
 [ 9.9595218e-01  8.2455360e-02 -3.0429300e-02 -1.1715900e+03]
 [ 0.0000000e+00  0.0000000e+00  0.0000000e+00  1.0000000e+00]]
[-0123.94, +0033.85, -1079.26]
1262, 1781, 1106
[[-8.3757120e-02  9.9536432e-01 -4.3366080e-02 -6.1350000e+01]
 [ 2.6303520e-02  4.5881280e-02  9.9844448e-01  1.3231000e+02]
 [ 9.9596128e-01  8.2662720e-02 -2.9859840e-02 -1.1716100e+03]
 [ 0.0000000e+00  0.0000000e+00  0.0000000e+00  1.0000000e+00]]
[-0138.01, -0005.24, -1092.99]
1973, 1376, 1256
[[-8.4447780e-02  9.9514234e-01 -4.3690840e-02 -6.1450000e+01]
 [ 2.7664060e-02  4.6483500e-02  9.9824908e-01  1.3237000e+02]
 [ 9.9571676e-01  8.3416120e-02 -3.1152720e-02 -1.1716200e+03]
 [ 0.0000000e+00  0.0000000e+00  0.0000000e+00  1.0000000e+00]]
[-0116.86, +0086.51, -1103.20]
1064, 976, 1394
[[-8.3541780e-02  9.9529122e-01 -4.2645380e-02 -6.1330000e+01]
 [ 2.6832820e-02  4.5311820e-02  9.9834882e-01  1.3220000e+02]
 [ 9.9584298e-01  8.2557580e-02 -3.0213960e-02 -1.1715900e+03]
 [ 0.0000000e+00  0.0000000e+00  0.0000000e+00  1.0000000e+00]]
[-0209.48, +0062.88, -1080.21]
909, 1496, 1941
[[-8.4187920e-02  9.9523824e-01 -4.3652200e-02 -6.1410000e+01]
 [ 2.6378240e-02  4.6260720e-02  9.9835740e-01  1.3230000e+02]
 [ 9.9584580e-01  8.3151400e-02 -2.9911200e-02 -1.1716100e+03]
 [ 0.0000000e+00  0.0000000e+00  0.0000000e+00  1.0000000e+00]]
[-0240.62, +0013.86, -1132.13]
762, 1099, 1511
[[-8.3498580e-02  9.9538196e-01 -4.2594900e-02 -6.1260000e+01]
 [ 2.5742040e-02  4.5088920e-02  9.9846220e-01  1.3218000e+02]
 [ 9.9596030e-01  8.2487400e-02 -2.9188500e-02 -1.1716100e+03]
 [ 0.0000000e+00  0.0000000e+00  0.0000000e+00  1.0000000e+00]]
[-0235.19, +0025.09, -1099.23]
1507, 1415, 905
[[-8.4202600e-02  9.9537376e-01 -4.2910680e-02 -6.1340000e+01]
 [ 2.7509800e-02  4.5512600e-02  9.9845280e-01  1.3230000e+02]
 [ 9.9591840e-01  8.3041320e-02 -3.1075560e-02 -1.1716000e+03]
 [ 0.0000000e+00  0.0000000e+00  0.0000000e+00  1.0000000e+00]]
[-0108.87, +0043.61, -1086.71]
2214, 1882, 1538
[[-8.4970500e-02  9.9511468e-01 -4.5023740e-02 -6.1570000e+01]
 [ 2.8993880e-02  4.7876600e-02  9.9821276e-01  1.3250000e+02]
 [ 9.9571066e-01  8.3762360e-02 -3.2689060e-02 -1.1715800e+03]
 [ 0.0000000e+00  0.0000000e+00  0.0000000e+00  1.0000000e+00]]
[-0120.60, +0060.68, -1106.97]
1325, 1760, 889
[[-8.3541780e-02  9.9538436e-01 -4.2961100e-02 -6.1320000e+01]
 [ 2.6524360e-02  4.5501680e-02  9.9844220e-01  1.3228000e+02]
 [ 9.9595790e-01  8.2464200e-02 -3.0024100e-02 -1.1715900e+03]
 [ 0.0000000e+00  0.0000000e+00  0.0000000e+00  1.0000000e+00]]
[-0114.32, -0000.05, -1099.26]
2046, 1135, 1268
[[-8.446274e-02  9.951558e-01 -4.346586e-02 -6.147000e+01]
 [ 2.827164e-02  4.630456e-02  9.982446e-01  1.323800e+02]
 [ 9.957033e-01  8.340564e-02 -3.174794e-02 -1.171580e+03]
 [ 0.000000e+00  0.000000e+00  0.000000e+00  1.000000e+00]]
[-0121.31, +0108.25, -1115.91]
2238, 831, 1405
[[-8.554144e-02  9.951136e-01 -4.382464e-02 -6.154000e+01]
 [ 2.883136e-02  4.668416e-02  9.982688e-01  1.323000e+02]
 [ 9.956608e-01  8.438464e-02 -3.244704e-02 -1.171550e+03]
 [ 0.000000e+00  0.000000e+00  0.000000e+00  1.000000e+00]]
[-0135.59, +0128.69, -1146.40]
1084, 948, 2021
[[-8.4001860e-02  9.9525520e-01 -4.3629920e-02 -6.1460000e+01]
 [ 2.6981920e-02  4.6282800e-02  9.9834044e-01  1.3223000e+02]
 [ 9.9584560e-01  8.2938200e-02 -3.0506100e-02 -1.1715900e+03]
 [ 0.0000000e+00  0.0000000e+00  0.0000000e+00  1.0000000e+00]]
[-0247.35, +0073.26, -1139.14]
1409, 1004, 1609
[[-8.483442e-02  9.953441e-01 -4.310160e-02 -6.143000e+01]
 [ 2.748810e-02  4.569150e-02  9.984736e-01  1.322900e+02]
 [ 9.958976e-01  8.363760e-02 -3.112692e-02 -1.171570e+03]
 [ 0.000000e+00  0.000000e+00  0.000000e+00  1.000000e+00]]
[-0197.52, +0089.62, -1093.37]
1374, 1302, 1467
[[-8.4173320e-02  9.9525446e-01 -4.3044620e-02 -6.1360000e+01]
 [ 2.6603140e-02  4.5680460e-02  9.9836794e-01  1.3228000e+02]
 [ 9.9582958e-01  8.3155460e-02 -3.0075220e-02 -1.1716000e+03]
 [ 0.0000000e+00  0.0000000e+00  0.0000000e+00  1.0000000e+00]]
[-0181.38, +0054.37, -1078.41]
2178, 1397, 1132
[[-8.469348e-02  9.952417e-01 -4.396170e-02 -6.149000e+01]
 [ 2.834970e-02  4.669500e-02  9.983359e-01  1.324300e+02]
 [ 9.958087e-01  8.349990e-02 -3.198948e-02 -1.171600e+03]
 [ 0.000000e+00  0.000000e+00  0.000000e+00  1.000000e+00]]
[-0099.95, +0088.29, -1122.14]
1434, 940, 2013
[[-8.5064840e-02  9.9521442e-01 -4.3798260e-02 -6.1490000e+01]
 [ 2.7350460e-02  4.6461500e-02  9.9837222e-01  1.3226000e+02]
 [ 9.9580218e-01  8.3924940e-02 -3.0988900e-02 -1.1715600e+03]
 [ 0.0000000e+00  0.0000000e+00  0.0000000e+00  1.0000000e+00]]
[-0227.14, +0097.32, -1133.20]
1021, 1694, 1006
[[-8.3527300e-02  9.9537872e-01 -4.2977740e-02 -6.1270000e+01]
 [ 2.6124880e-02  4.5490680e-02  9.9844784e-01  1.3226000e+02]
 [ 9.9596354e-01  8.2473040e-02 -2.9618980e-02 -1.1716100e+03]
 [ 0.0000000e+00  0.0000000e+00  0.0000000e+00  1.0000000e+00]]
[-0147.01, -0019.05, -1094.15]
885, 1197, 2090
[[-8.4388740e-02  9.9534204e-01 -4.3349220e-02 -6.1380000e+01]
 [ 2.6489880e-02  4.5870200e-02  9.9846676e-01  1.3228000e+02]
 [ 9.9593334e-01  8.3257480e-02 -3.0100900e-02 -1.1715900e+03]
 [ 0.0000000e+00  0.0000000e+00  0.0000000e+00  1.0000000e+00]]
[-0253.37, +0040.78, -1148.75]
1018, 1721, 1749
[[-8.4202600e-02  9.9523658e-01 -4.3843540e-02 -6.1380000e+01]
 [ 2.6569580e-02  4.6461500e-02  9.9835006e-01  1.3229000e+02]
 [ 9.9584746e-01  8.3144060e-02 -3.0126660e-02 -1.1716200e+03]
 [ 0.0000000e+00  0.0000000e+00  0.0000000e+00  1.0000000e+00]]
[-0212.71, -0002.56, -1112.73]
1679, 1843, 928
[[-8.4648480e-02  9.9512352e-01 -4.3904480e-02 -6.1400000e+01]
 [ 2.7251680e-02  4.6662240e-02  9.9825888e-01  1.3235000e+02]
 [ 9.9571872e-01  8.3621920e-02 -3.0773280e-02 -1.1716300e+03]
 [ 0.0000000e+00  0.0000000e+00  0.0000000e+00  1.0000000e+00]]
[-0094.42, +0019.58, -1111.59]
996, 1279, 1681
[[-8.3541780e-02  9.9538436e-01 -4.2961100e-02 -6.1320000e+01]
 [ 2.6524360e-02  4.5501680e-02  9.9844220e-01  1.3228000e+02]
 [ 9.9595790e-01  8.2464200e-02 -3.0024100e-02 -1.1716000e+03]
 [ 0.0000000e+00  0.0000000e+00  0.0000000e+00  1.0000000e+00]]
[-0228.56, +0032.31, -1101.16]
1696, 811, 1997
[[-8.5526280e-02  9.9520026e-01 -4.4157820e-02 -6.1560000e+01]
 [ 2.8123340e-02  4.6862940e-02  9.9836826e-01  1.3229000e+02]
 [ 9.9578238e-01  8.4300340e-02 -3.1851780e-02 -1.1715400e+03]
 [ 0.0000000e+00  0.0000000e+00  0.0000000e+00  1.0000000e+00]]
[-0208.48, +0118.35, -1144.57]
1934, 1145, 1361
[[-8.4418100e-02  9.9525318e-01 -4.3207860e-02 -6.1410000e+01]
 [ 2.7389220e-02  4.5892280e-02  9.9836034e-01  1.3231000e+02]
 [ 9.9581406e-01  8.3334540e-02 -3.0911380e-02 -1.1715900e+03]
 [ 0.0000000e+00  0.0000000e+00  0.0000000e+00  1.0000000e+00]]
[-0133.97, +0105.09, -1105.56]
1453, 1663, 1226
[[-8.3786400e-02  9.9526804e-01 -4.3433080e-02 -6.1370000e+01]
 [ 2.6994760e-02  4.6093020e-02  9.9833656e-01  1.3231000e+02]
 [ 9.9584948e-01  8.2741360e-02 -3.0480420e-02 -1.1716100e+03]
 [ 0.0000000e+00  0.0000000e+00  0.0000000e+00  1.0000000e+00]]
[-0140.10, +0022.09, -1083.69]
1671, 1900, 1654
[[-8.4663400e-02  9.9520730e-01 -4.4619900e-02 -6.1490000e+01]
 [ 2.6926300e-02  4.7242220e-02  9.9834294e-01  1.3239000e+02]
 [ 9.9584310e-01  8.3522940e-02 -3.0609620e-02 -1.1716200e+03]
 [ 0.0000000e+00  0.0000000e+00  0.0000000e+00  1.0000000e+00]]
[-0159.43, +0026.48, -1091.75]
1393, 929, 1947
[[-8.4432900e-02  9.9524424e-01 -4.3607320e-02 -6.1470000e+01]
 [ 2.7372400e-02  4.6282800e-02  9.9835140e-01  1.3229000e+02]
 [ 9.9582300e-01  8.3328680e-02 -3.0937140e-02 -1.1715900e+03]
 [ 0.0000000e+00  0.0000000e+00  0.0000000e+00  1.0000000e+00]]
[-0225.89, +0096.92, -1127.84]
1842, 1429, 1871
[[-8.5295460e-02  9.9519982e-01 -4.4186300e-02 -6.1500000e+01]
 [ 2.7528700e-02  4.6851900e-02  9.9836870e-01  1.3237000e+02]
 [ 9.9579982e-01  8.4114260e-02 -3.1230600e-02 -1.1716300e+03]
 [ 0.0000000e+00  0.0000000e+00  0.0000000e+00  1.0000000e+00]]
[-0178.58, +0084.91, -1099.97]
1671, 931, 1316
[[-8.3957940e-02  9.9527452e-01 -4.2639640e-02 -6.1360000e+01]
 [ 2.6824040e-02  4.5300860e-02  9.9836552e-01  1.3224000e+02]
 [ 9.9582628e-01  8.2957040e-02 -3.0239440e-02 -1.1716100e+03]
 [ 0.0000000e+00  0.0000000e+00  0.0000000e+00  1.0000000e+00]]
[-0156.26, +0108.46, -1096.60]
1238, 1366, 1936
[[-8.5064840e-02  9.9531480e-01 -4.3906080e-02 -6.1500000e+01]
 [ 2.7250080e-02  4.6461500e-02  9.9846706e-01  1.3232000e+02]
 [ 9.9591000e-01  8.3830100e-02 -3.0988900e-02 -1.1716000e+03]
 [ 0.0000000e+00  0.0000000e+00  0.0000000e+00  1.0000000e+00]]
[-0229.33, +0048.22, -1110.93]
752, 1376, 1754
[[-8.3742600e-02  9.9538044e-01 -4.2758520e-02 -6.1310000e+01]
 [ 2.6528280e-02  4.5300860e-02  9.9845494e-01  1.3225000e+02]
 [ 9.9594516e-01  8.2666780e-02 -3.0024100e-02 -1.1716400e+03]
 [ 0.0000000e+00  0.0000000e+00  0.0000000e+00  1.0000000e+00]]
[-0239.26, +0007.89, -1124.27]
1419, 2164, 1306
[[-8.4492900e-02  9.9533828e-01 -4.4480460e-02 -6.1450000e+01]
 [ 2.8037400e-02  4.7085360e-02  9.9841628e-01  1.3248000e+02]
 [ 9.9593710e-01  8.3203800e-02 -3.1799700e-02 -1.1716000e+03]
 [ 0.0000000e+00  0.0000000e+00  0.0000000e+00  1.0000000e+00]]
[-0135.43, -0015.59, -1115.21]
1373, 1692, 1935
[[-8.5079760e-02  9.9509752e-01 -4.4298080e-02 -6.1520000e+01]
 [ 2.7225680e-02  4.7041520e-02  9.9826672e-01  1.3233000e+02]
 [ 9.9571088e-01  8.4015520e-02 -3.0825280e-02 -1.1716200e+03]
 [ 0.0000000e+00  0.0000000e+00  0.0000000e+00  1.0000000e+00]]
[-0212.31, +0031.45, -1104.52]
1302, 1117, 891
[[-8.3326480e-02  9.9541880e-01 -4.2140080e-02 -6.1310000e+01]
 [ 2.7161200e-02  4.4742000e-02  9.9844280e-01  1.3224000e+02]
 [ 9.9594008e-01  8.2262800e-02 -3.0568480e-02 -1.1716000e+03]
 [ 0.0000000e+00  0.0000000e+00  0.0000000e+00  1.0000000e+00]]
[-0130.24, +0055.77, -1071.22]
1410, 2247, 2078
[[-8.6034960e-02  9.9491108e-01 -4.6749040e-02 -6.1710000e+01]
 [ 2.7795560e-02  4.9571340e-02  9.9813632e-01  1.3255000e+02]
 [ 9.9562088e-01  8.4856640e-02 -3.1657860e-02 -1.1716200e+03]
 [ 0.0000000e+00  0.0000000e+00  0.0000000e+00  1.0000000e+00]]
[-0196.46, -0004.29, -1125.55]
1726, 1819, 1172
[[-8.363034e-02  9.952746e-01 -4.400184e-02 -6.145000e+01]
 [ 2.777316e-02  4.670576e-02  9.983030e-01  1.323700e+02]
 [ 9.958596e-01  8.251484e-02 -3.131674e-02 -1.171600e+03]
 [ 0.000000e+00  0.000000e+00  0.000000e+00  1.000000e+00]]
[-0113.73, +0032.36, -1097.29]
1664, 1283, 1345
[[-8.4202600e-02  9.9525130e-01 -4.3427300e-02 -6.1410000e+01]
 [ 2.6985820e-02  4.6082060e-02  9.9835330e-01  1.3231000e+02]
 [ 9.9583274e-01  8.3140820e-02 -3.0506100e-02 -1.1716200e+03]
 [ 0.0000000e+00  0.0000000e+00  0.0000000e+00  1.0000000e+00]]
[-0147.91, +0077.76, -1084.37]
1924, 1216, 757
[[-8.4173320e-02  9.9526902e-01 -4.2628380e-02 -6.1350000e+01]
 [ 2.7019380e-02  4.5300860e-02  9.9837102e-01  1.3228000e+02]
 [ 9.9581502e-01  8.3152380e-02 -3.0454820e-02 -1.1716400e+03]
 [ 0.0000000e+00  0.0000000e+00  0.0000000e+00  1.0000000e+00]]
[-0081.69, +0082.24, -1124.39]
2223, 1431, 1541
[[-8.5572000e-02  9.9511072e-01 -4.4207040e-02 -6.1570000e+01]
 [ 2.9213760e-02  4.7085360e-02  9.9825352e-01  1.3245000e+02]
 [ 9.9566368e-01  8.4369360e-02 -3.2878800e-02 -1.1716000e+03]
 [ 0.0000000e+00  0.0000000e+00  0.0000000e+00  1.0000000e+00]]
[-0130.11, +0097.08, -1113.81]
1053, 824, 2195
[[-8.4819700e-02  9.9531624e-01 -4.3743020e-02 -6.1490000e+01]
 [ 2.6464080e-02  4.6249560e-02  9.9847464e-01  1.3224000e+02]
 [ 9.9592546e-01  8.3651280e-02 -3.0152500e-02 -1.1716000e+03]
 [ 0.0000000e+00  0.0000000e+00  0.0000000e+00  1.0000000e+00]]
[-0249.17, +0079.91, -1164.06]
2086, 1047, 1135
[[-8.4894100e-02  9.9524532e-01 -4.3550760e-02 -6.1480000e+01]
 [ 2.8561800e-02  4.6304560e-02  9.9835032e-01  1.3234000e+02]
 [ 9.9578820e-01  8.3701200e-02 -3.2179300e-02 -1.1715800e+03]
 [ 0.0000000e+00  0.0000000e+00  0.0000000e+00  1.0000000e+00]]
[-0111.92, +0111.69, -1125.51]
1802, 1658, 1587
[[-8.4418100e-02  9.9533142e-01 -4.3940040e-02 -6.1440000e+01]
 [ 2.6664420e-02  4.6461500e-02  9.9845044e-01  1.3232000e+02]
 [ 9.9594396e-01  8.3244440e-02 -3.0342160e-02 -1.1716300e+03]
 [ 0.0000000e+00  0.0000000e+00  0.0000000e+00  1.0000000e+00]]
[-0154.96, +0054.52, -1088.56]
1324, 2048, 1766
[[-8.4693480e-02  9.9521146e-01 -4.4794340e-02 -6.1490000e+01]
 [ 2.7517060e-02  4.7453880e-02  9.9832958e-01  1.3239000e+02]
 [ 9.9583894e-01  8.3506220e-02 -3.1230600e-02 -1.1715800e+03]
 [ 0.0000000e+00  0.0000000e+00  0.0000000e+00  1.0000000e+00]]
[-0187.33, -0008.40, -1111.72]
883, 1506, 1374
[[-8.3312040e-02  9.9539144e-01 -4.2780800e-02 -6.1280000e+01]
 [ 2.6137600e-02  4.5300860e-02  9.9844394e-01  1.3223000e+02]
 [ 9.9596744e-01  8.2276100e-02 -2.9593540e-02 -1.1716500e+03]
 [ 0.0000000e+00  0.0000000e+00  0.0000000e+00  1.0000000e+00]]
[-0200.54, -0005.44, -1094.22]
1524, 1830, 1844
[[-8.446274e-02  9.951183e-01 -4.450656e-02 -6.148000e+01]
 [ 2.723094e-02  4.725326e-02  9.982368e-01  1.324100e+02]
 [ 9.957408e-01  8.341344e-02 -3.079924e-02 -1.171620e+03]
 [ 0.000000e+00  0.000000e+00  0.000000e+00  1.000000e+00]]
[-0189.47, +0028.01, -1096.33]
1099, 1572, 945
[[-8.3742600e-02  9.9538044e-01 -4.2758520e-02 -6.1290000e+01]
 [ 2.6528280e-02  4.5300860e-02  9.9845494e-01  1.3225000e+02]
 [ 9.9594516e-01  8.2666780e-02 -3.0024100e-02 -1.1716200e+03]
 [ 0.0000000e+00  0.0000000e+00  0.0000000e+00  1.0000000e+00]]
[-0138.62, -0003.58, -1084.35]
823, 1169, 1308
[[-8.4115720e-02  9.9535416e-01 -4.2595000e-02 -6.1270000e+01]
 [ 2.5529160e-02  4.5066520e-02  9.9849000e-01  1.3221000e+02]
 [ 9.9593800e-01  8.3091000e-02 -2.9024200e-02 -1.1716500e+03]
 [ 0.0000000e+00  0.0000000e+00  0.0000000e+00  1.0000000e+00]]
[-0213.84, +0016.74, -1083.20]
1921, 1179, 936
[[-8.3987140e-02  9.9537920e-01 -4.2921980e-02 -6.1370000e+01]
 [ 2.7314480e-02  4.5512600e-02  9.9844736e-01  1.3230000e+02]
 [ 9.9592970e-01  8.2846000e-02 -3.0860100e-02 -1.1716100e+03]
 [ 0.0000000e+00  0.0000000e+00  0.0000000e+00  1.0000000e+00]]
[-0096.82, +0092.37, -1114.38]
1678, 2232, 1905
[[-8.4492900e-02  9.9530038e-01 -4.5521160e-02 -6.1530000e+01]
 [ 2.6996700e-02  4.8033660e-02  9.9840788e-01  1.3246000e+02]
 [ 9.9597500e-01  8.3212200e-02 -3.0851400e-02 -1.1716200e+03]
 [ 0.0000000e+00  0.0000000e+00  0.0000000e+00  1.0000000e+00]]
[-0174.68, +0003.38, -1109.89]
1476, 780, 809
[[-8.3269200e-02  9.9541040e-01 -4.1790400e-02 -6.1240000e+01]
 [ 2.5979360e-02  4.4318400e-02  9.9846848e-01  1.3217000e+02]
 [ 9.9594848e-01  8.2294400e-02 -2.9327760e-02 -1.1716200e+03]
 [ 0.0000000e+00  0.0000000e+00  0.0000000e+00  1.0000000e+00]]
[-0120.85, +0101.60, -1088.10]
1105, 777, 2168
[[-8.5221460e-02  9.9519322e-01 -4.3646540e-02 -6.1480000e+01]
 [ 2.6156060e-02  4.6227000e-02  9.9840242e-01  1.3223000e+02]
 [ 9.9580642e-01  8.4154540e-02 -2.9773300e-02 -1.1716100e+03]
 [ 0.0000000e+00  0.0000000e+00  0.0000000e+00  1.0000000e+00]]
[-0246.40, +0086.37, -1162.61]
1754, 1139, 1341
[[-8.3801160e-02  9.9528126e-01 -4.3208300e-02 -6.1400000e+01]
 [ 2.7602300e-02  4.5914040e-02  9.9833226e-01  1.3230000e+02]
 [ 9.9583626e-01  8.2730900e-02 -3.1075560e-02 -1.1716000e+03]
 [ 0.0000000e+00  0.0000000e+00  0.0000000e+00  1.0000000e+00]]
[-0144.56, +0095.71, -1092.79]
1480, 877, 1768
[[-8.4388740e-02  9.9524892e-01 -4.3033360e-02 -6.1410000e+01]
 [ 2.6798440e-02  4.5680460e-02  9.9837348e-01  1.3223000e+02]
 [ 9.9581832e-01  8.3350760e-02 -3.0290640e-02 -1.1716300e+03]
 [ 0.0000000e+00  0.0000000e+00  0.0000000e+00  1.0000000e+00]]
[-0210.79, +0105.78, -1117.25]
1287, 1768, 769
[[-8.3512900e-02  9.9538034e-01 -4.2786320e-02 -6.1270000e+01]
 [ 2.5933460e-02  4.5289820e-02  9.9845504e-01  1.3231000e+02]
 [ 9.9596192e-01  8.2480240e-02 -2.9403720e-02 -1.1716200e+03]
 [ 0.0000000e+00  0.0000000e+00  0.0000000e+00  1.0000000e+00]]
[-0104.66, -0005.50, -1107.03]
1860, 1965, 2141
[[-8.514024e-02  9.951836e-01 -4.537916e-02 -6.157000e+01]
 [ 2.768216e-02  4.803366e-02  9.983296e-01  1.324600e+02]
 [ 9.958330e-01  8.389216e-02 -3.149874e-02 -1.171580e+03]
 [ 0.000000e+00  0.000000e+00  0.000000e+00  1.000000e+00]]
[-0189.73, +0044.60, -1104.95]
2070, 854, 811
[[-8.4834420e-02  9.9525846e-01 -4.2577460e-02 -6.1360000e+01]
 [ 2.8004860e-02  4.5311820e-02  9.9838158e-01  1.3223000e+02]
 [ 9.9577506e-01  8.3729620e-02 -3.1506600e-02 -1.1715900e+03]
 [ 0.0000000e+00  0.0000000e+00  0.0000000e+00  1.0000000e+00]]
[-0094.75, +0115.14, -1144.82]
905, 2185, 1440
[[-8.3845920e-02  9.9524668e-01 -4.4614760e-02 -6.1360000e+01]
 [ 2.7344120e-02  4.7275100e-02  9.9830356e-01  1.3238000e+02]
 [ 9.9587084e-01  8.2714840e-02 -3.0962980e-02 -1.1715900e+03]
 [ 0.0000000e+00  0.0000000e+00  0.0000000e+00  1.0000000e+00]]
[-0174.13, -0040.11, -1142.05]
1198, 1163, 962
[[-8.4158800e-02  9.9537096e-01 -4.2544720e-02 -6.1290000e+01]
 [ 2.6727600e-02  4.5100000e-02  9.9847320e-01  1.3224000e+02]
 [ 9.9592120e-01  8.3064720e-02 -3.0239440e-02 -1.1716100e+03]
 [ 0.0000000e+00  0.0000000e+00  0.0000000e+00  1.0000000e+00]]
[-0145.03, +0042.85, -1067.33]
1207, 1689, 1862
[[-8.403154e-02  9.952520e-01 -4.401264e-02 -6.142000e+01]
 [ 2.736464e-02  4.668416e-02  9.983256e-01  1.323300e+02]
 [ 9.958488e-01  8.292336e-02 -3.093714e-02 -1.171590e+03]
 [ 0.000000e+00  0.000000e+00  0.000000e+00  1.000000e+00]]
[-0215.25, +0016.62, -1107.21]
1307, 1849, 2113
[[-8.4708640e-02  9.9510192e-01 -4.5085920e-02 -6.1530000e+01]
 [ 2.7600480e-02  4.7844080e-02  9.9822552e-01  1.3240000e+02]
 [ 9.9574032e-01  8.3595120e-02 -3.1256720e-02 -1.1715900e+03]
 [ 0.0000000e+00  0.0000000e+00  0.0000000e+00  1.0000000e+00]]
[-0220.86, +0017.69, -1121.97]
1738, 1592, 1294
[[-8.4849220e-02  9.9521996e-01 -4.3809640e-02 -6.1450000e+01]
 [ 2.7155240e-02  4.6461500e-02  9.9836668e-01  1.3234000e+02]
 [ 9.9581356e-01  8.3729720e-02 -3.0773280e-02 -1.1716600e+03]
 [ 0.0000000e+00  0.0000000e+00  0.0000000e+00  1.0000000e+00]]
[-0127.98, +0054.03, -1088.60]
1593, 790, 2043
[[-8.4849220e-02  9.9512700e-01 -4.3493660e-02 -6.1490000e+01]
 [ 2.7463800e-02  4.6271800e-02  9.9827340e-01  1.3226000e+02]
 [ 9.9569834e-01  8.3823000e-02 -3.0962980e-02 -1.1715900e+03]
 [ 0.0000000e+00  0.0000000e+00  0.0000000e+00  1.0000000e+00]]
[-0216.99, +0113.98, -1148.34]
1934, 859, 1089
[[-8.4388740e-02  9.9536394e-01 -4.2724800e-02 -6.1380000e+01]
 [ 2.7114300e-02  4.5300860e-02  9.9847144e-01  1.3229000e+02]
 [ 9.9591144e-01  8.3252800e-02 -3.0670240e-02 -1.1716200e+03]
 [ 0.0000000e+00  0.0000000e+00  0.0000000e+00  1.0000000e+00]]
[-0119.86, +0121.48, -1123.43]
1916, 1963, 1419
[[-8.4262120e-02  9.9513716e-01 -4.4292960e-02 -6.1430000e+01]
 [ 2.7643360e-02  4.7074520e-02  9.9822708e-01  1.3244000e+02]
 [ 9.9573876e-01  8.3207520e-02 -3.1178600e-02 -1.1716100e+03]
 [ 0.0000000e+00  0.0000000e+00  0.0000000e+00  1.0000000e+00]]
[-0122.29, +0032.08, -1100.32]
1142, 1981, 1531
[[-8.4388740e-02  9.9522702e-01 -4.3657780e-02 -6.1360000e+01]
 [ 2.6174020e-02  4.6249560e-02  9.9836862e-01  1.3242000e+02]
 [ 9.9584022e-01  8.3355620e-02 -2.9721540e-02 -1.1716200e+03]
 [ 0.0000000e+00  0.0000000e+00  0.0000000e+00  1.0000000e+00]]
[-0179.62, -0020.58, -1112.26]
1579, 1201, 1626
[[-8.4477780e-02  9.9525464e-01 -4.3765000e-02 -6.1440000e+01]
 [ 2.8362640e-02  4.6505180e-02  9.9833200e-01  1.3232000e+02]
 [ 9.9581260e-01  8.3303200e-02 -3.1963600e-02 -1.1715900e+03]
 [ 0.0000000e+00  0.0000000e+00  0.0000000e+00  1.0000000e+00]]
[-0183.94, +0084.85, -1091.06]
931, 838, 859
[[-8.2638100e-02  9.9543950e-01 -4.1599000e-02 -6.1190000e+01]
 [ 2.6000500e-02  4.4139420e-02  9.9844796e-01  1.3214000e+02]
 [ 9.9596900e-01  8.1697960e-02 -2.9277520e-02 -1.1716300e+03]
 [ 0.0000000e+00  0.0000000e+00  0.0000000e+00  1.0000000e+00]]
[-0166.35, +0054.57, -1057.31]
1396, 1846, 1599
[[-8.4879060e-02  9.9511642e-01 -4.4084360e-02 -6.1460000e+01]
 [ 2.7638140e-02  4.6862940e-02  9.9825692e-01  1.3238000e+02]
 [ 9.9570892e-01  8.3809640e-02 -3.1204560e-02 -1.1716300e+03]
 [ 0.0000000e+00  0.0000000e+00  0.0000000e+00  1.0000000e+00]]
[-0174.14, +0010.16, -1092.88]
764, 853, 1888
[[-8.3713800e-02  9.9526162e-01 -4.2892340e-02 -6.1340000e+01]
 [ 2.5621700e-02  4.5468440e-02  9.9836962e-01  1.3219000e+02]
 [ 9.9585590e-01  8.2780900e-02 -2.9024200e-02 -1.1716400e+03]
 [ 0.0000000e+00  0.0000000e+00  0.0000000e+00  1.0000000e+00]]
[-0259.44, +0057.84, -1144.15]
2120, 1642, 2032
[[-8.5787940e-02  9.9506682e-01 -4.5236680e-02 -6.1660000e+01]
 [ 2.8367620e-02  4.8033660e-02  9.9825132e-01  1.3247000e+02]
 [ 9.9569052e-01  8.4572120e-02 -3.2146440e-02 -1.1715700e+03]
 [ 0.0000000e+00  0.0000000e+00  0.0000000e+00  1.0000000e+00]]
[-0172.63, +0085.22, -1108.14]
797, 2238, 1105
[[-8.2582800e-02  9.9540580e-01 -4.4340600e-02 -6.1260000e+01]
 [ 2.7287880e-02  4.6916940e-02  9.9835790e-01  1.3242000e+02]
 [ 9.9601916e-01  8.1427380e-02 -3.0860100e-02 -1.1716200e+03]
 [ 0.0000000e+00  0.0000000e+00  0.0000000e+00  1.0000000e+00]]
[-0152.77, -0046.74, -1154.16]
1460, 1589, 1079
[[-8.3801160e-02  9.9535940e-01 -4.3940280e-02 -6.1370000e+01]
 [ 2.6877720e-02  4.6483500e-02  9.9842246e-01  1.3236000e+02]
 [ 9.9596620e-01  8.2640700e-02 -3.0506100e-02 -1.1716200e+03]
 [ 0.0000000e+00  0.0000000e+00  0.0000000e+00  1.0000000e+00]]
[-0126.04, +0029.06, -1084.02]
976, 1536, 1400
[[-8.3154900e-02  9.9538312e-01 -4.3765740e-02 -6.1340000e+01]
 [ 2.6500080e-02  4.6293720e-02  9.9840776e-01  1.3231000e+02]
 [ 9.9599234e-01  8.2053360e-02 -3.0049620e-02 -1.1716400e+03]
 [ 0.0000000e+00  0.0000000e+00  0.0000000e+00  1.0000000e+00]]
[-0196.06, -0000.23, -1090.95]
1347, 1719, 1203
[[-8.4016660e-02  9.9534652e-01 -4.4137140e-02 -6.1370000e+01]
 [ 2.6864840e-02  4.6673240e-02  9.9842628e-01  1.3236000e+02]
 [ 9.9596238e-01  8.2837560e-02 -3.0531860e-02 -1.1716400e+03]
 [ 0.0000000e+00  0.0000000e+00  0.0000000e+00  1.0000000e+00]]
[-0141.81, +0009.28, -1086.39]
2231, 1851, 1954
[[-8.6266740e-02  9.9514344e-01 -4.6103240e-02 -6.1670000e+01]
 [ 2.9022640e-02  4.8824700e-02  9.9833208e-01  1.3255000e+02]
 [ 9.9578796e-01  8.4845680e-02 -3.3037200e-02 -1.1715600e+03]
 [ 0.0000000e+00  0.0000000e+00  0.0000000e+00  1.0000000e+00]]
[-0156.15, +0072.30, -1104.77]
1278, 1895, 1673
[[-8.3830920e-02  9.9513308e-01 -4.4731760e-02 -6.1430000e+01]
 [ 2.6836880e-02  4.7453880e-02  9.9821284e-01  1.3238000e+02]
 [ 9.9577636e-01  8.2820560e-02 -3.0368040e-02 -1.1716400e+03]
 [ 0.0000000e+00  0.0000000e+00  0.0000000e+00  1.0000000e+00]]
[-0186.16, -0002.18, -1101.92]
1095, 2248, 1380
[[-8.4061540e-02  9.9531892e-01 -4.5335580e-02 -6.1400000e+01]
 [ 2.6814680e-02  4.7844080e-02  9.9839868e-01  1.3248000e+02]
 [ 9.9598998e-01  8.2820280e-02 -3.0609620e-02 -1.1716200e+03]
 [ 0.0000000e+00  0.0000000e+00  0.0000000e+00  1.0000000e+00]]
[-0158.40, -0035.28, -1134.75]
1317, 1996, 1717
[[-8.5109840e-02  9.9497880e-01 -4.4989080e-02 -6.1470000e+01]
 [ 2.7292080e-02  4.7822000e-02  9.9815356e-01  1.3240000e+02]
 [ 9.9562140e-01  8.4098600e-02 -3.0877600e-02 -1.1716200e+03]
 [ 0.0000000e+00  0.0000000e+00  0.0000000e+00  1.0000000e+00]]
[-0185.94, -0000.95, -1105.48]
887, 963, 1791
[[-8.3541780e-02  9.9526944e-01 -4.3269560e-02 -6.1330000e+01]
 [ 2.6208640e-02  4.5881280e-02  9.9834408e-01  1.3225000e+02]
 [ 9.9586476e-01  8.2562320e-02 -2.9644500e-02 -1.1716500e+03]
 [ 0.0000000e+00  0.0000000e+00  0.0000000e+00  1.0000000e+00]]
[-0249.85, +0056.02, -1122.93]
1028, 2230, 853
[[-8.3645380e-02  9.9524288e-01 -4.5025480e-02 -6.1370000e+01]
 [ 2.7132320e-02  4.7665340e-02  9.9828892e-01  1.3248000e+02]
 [ 9.9589132e-01  8.2513880e-02 -3.0773280e-02 -1.1716200e+03]
 [ 0.0000000e+00  0.0000000e+00  0.0000000e+00  1.0000000e+00]]
[-0124.00, -0037.76, -1149.12]
1327, 1079, 1862
[[-8.4232200e-02  9.9534104e-01 -4.4125880e-02 -6.1430000e+01]
 [ 2.7060040e-02  4.6673240e-02  9.9843176e-01  1.3231000e+02]
 [ 9.9595112e-01  8.3032760e-02 -3.0747400e-02 -1.1716100e+03]
 [ 0.0000000e+00  0.0000000e+00  0.0000000e+00  1.0000000e+00]]
[-0223.72, +0079.89, -1110.66]
1400, 1263, 924
[[-8.4001860e-02  9.9526258e-01 -4.3421820e-02 -6.1350000e+01]
 [ 2.7190020e-02  4.6093020e-02  9.9834202e-01  1.3229000e+02]
 [ 9.9583822e-01  8.2936620e-02 -3.0695880e-02 -1.1716100e+03]
 [ 0.0000000e+00  0.0000000e+00  0.0000000e+00  1.0000000e+00]]
[-0121.86, +0049.51, -1077.29]
1975, 1766, 893
[[-8.4061540e-02  9.9524126e-01 -4.4603460e-02 -6.1420000e+01]
 [ 2.7539260e-02  4.7275100e-02  9.9830898e-01  1.3243000e+02]
 [ 9.9585954e-01  8.2909980e-02 -3.1178600e-02 -1.1716500e+03]
 [ 0.0000000e+00  0.0000000e+00  0.0000000e+00  1.0000000e+00]]
[-0084.00, +0044.45, -1123.93]
1055, 1359, 1979
[[-8.4016660e-02  9.9533168e-01 -4.4553340e-02 -6.1460000e+01]
 [ 2.6448640e-02  4.7052600e-02  9.9842288e-01  1.3234000e+02]
 [ 9.9597722e-01  8.2840960e-02 -3.0152500e-02 -1.1716200e+03]
 [ 0.0000000e+00  0.0000000e+00  0.0000000e+00  1.0000000e+00]]
[-0241.53, +0036.36, -1125.08]
1221, 989, 1049
[[-8.4173320e-02  9.9535488e-01 -4.3152320e-02 -6.1320000e+01]
 [ 2.6502720e-02  4.5680460e-02  9.9846282e-01  1.3227000e+02]
 [ 9.9593728e-01  8.3060580e-02 -3.0075220e-02 -1.1716500e+03]
 [ 0.0000000e+00  0.0000000e+00  0.0000000e+00  1.0000000e+00]]
[-0159.12, +0068.05, -1067.29]
1535, 2003, 979
[[-8.4477780e-02  9.9521694e-01 -4.4805700e-02 -6.1420000e+01]
 [ 2.7321940e-02  4.7453880e-02  9.9832410e-01  1.3242000e+02]
 [ 9.9585030e-01  8.3311100e-02 -3.1014900e-02 -1.1716400e+03]
 [ 0.0000000e+00  0.0000000e+00  0.0000000e+00  1.0000000e+00]]
[-0104.74, -0001.88, -1116.06]
1572, 2155, 2161
[[-8.5602880e-02  9.9503024e-01 -4.6671840e-02 -6.1660000e+01]
 [ 2.7513760e-02  4.9382000e-02  9.9822168e-01  1.3253000e+02]
 [ 9.9574416e-01  8.4370320e-02 -3.1415120e-02 -1.1716200e+03]
 [ 0.0000000e+00  0.0000000e+00  0.0000000e+00  1.0000000e+00]]
[-0199.61, +0011.28, -1117.94]
1208, 1884, 1322
[[-8.3385040e-02  9.9526832e-01 -4.4046360e-02 -6.1360000e+01]
 [ 2.6779040e-02  4.6684160e-02  9.9830928e-01  1.3235000e+02]
 [ 9.9588252e-01  8.2337760e-02 -3.0290640e-02 -1.1716100e+03]
 [ 0.0000000e+00  0.0000000e+00  0.0000000e+00  1.0000000e+00]]
[-0159.94, -0009.96, -1097.68]
1641, 1362, 990
[[-8.4447780e-02  9.9535048e-01 -4.3698300e-02 -6.1390000e+01]
 [ 2.7671520e-02  4.6293720e-02  9.9844040e-01  1.3233000e+02]
 [ 9.9592490e-01  8.3224800e-02 -3.1342500e-02 -1.1716100e+03]
 [ 0.0000000e+00  0.0000000e+00  0.0000000e+00  1.0000000e+00]]
[-0110.47, +0060.51, -1089.24]
1976, 1709, 1729
[[-8.5371460e-02  9.9517642e-01 -4.5558940e-02 -6.1550000e+01]
 [ 2.8068460e-02  4.8234200e-02  9.9832742e-01  1.3246000e+02]
 [ 9.9582322e-01  8.4079540e-02 -3.1930500e-02 -1.1716100e+03]
 [ 0.0000000e+00  0.0000000e+00  0.0000000e+00  1.0000000e+00]]
[-0152.46, +0067.35, -1095.29]
1428, 955, 1090
[[-8.3541780e-02  9.9526944e-01 -4.3269560e-02 -6.1340000e+01]
 [ 2.6208640e-02  4.5881280e-02  9.9834408e-01  1.3226000e+02]
 [ 9.9586476e-01  8.2562320e-02 -2.9644500e-02 -1.1716400e+03]
 [ 0.0000000e+00  0.0000000e+00  0.0000000e+00  1.0000000e+00]]
[-0148.59, +0088.35, -1077.69]
777, 1468, 1618
[[-8.3771720e-02  9.9524766e-01 -4.3865940e-02 -6.1340000e+01]
 [ 2.6179140e-02  4.6461500e-02  9.9833898e-01  1.3226000e+02]
 [ 9.9586986e-01  8.2753620e-02 -2.9695780e-02 -1.1716500e+03]
 [ 0.0000000e+00  0.0000000e+00  0.0000000e+00  1.0000000e+00]]
[-0229.03, -0002.73, -1116.11]
1403, 1795, 771
[[-8.4633640e-02  9.9532588e-01 -4.3928760e-02 -6.1340000e+01]
 [ 2.6859640e-02  4.6461500e-02  9.9845598e-01  1.3235000e+02]
 [ 9.9593268e-01  8.3439660e-02 -3.0557700e-02 -1.1716400e+03]
 [ 0.0000000e+00  0.0000000e+00  0.0000000e+00  1.0000000e+00]]
[-0096.74, +0001.75, -1111.30]
1277, 1498, 1110
[[-8.3600500e-02  9.9527030e-01 -4.3827100e-02 -6.1360000e+01]
 [ 2.7182300e-02  4.6494380e-02  9.9831634e-01  1.3232000e+02]
 [ 9.9586390e-01  8.2531340e-02 -3.0695880e-02 -1.1716300e+03]
 [ 0.0000000e+00  0.0000000e+00  0.0000000e+00  1.0000000e+00]]
[-0145.82, +0020.20, -1077.29]
1711, 1189, 1122
[[-8.3600500e-02  9.9537062e-01 -4.3934840e-02 -6.1310000e+01]
 [ 2.7081980e-02  4.6494380e-02  9.9841124e-01  1.3233000e+02]
 [ 9.9597164e-01  8.2436440e-02 -3.0695880e-02 -1.1715000e+03]
 [ 0.0000000e+00  0.0000000e+00  0.0000000e+00  1.0000000e+00]]
[-0124.65, +0083.80, -1089.89]
1678, 1066, 1903
[[-8.2998760e-02  9.9528158e-01 -4.4435020e-02 -6.1320000e+01]
 [ 2.7171020e-02  4.7096120e-02  9.9827782e-01  1.3228000e+02]
 [ 9.9590242e-01  8.1923420e-02 -3.0695880e-02 -1.1714500e+03]
 [ 0.0000000e+00  0.0000000e+00  0.0000000e+00  1.0000000e+00]]
[-0203.33, +0102.68, -1117.28]
1674, 2183, 1573
[[-8.3013760e-02  9.9525736e-01 -4.5250480e-02 -6.1270000e+01]
 [ 2.6738480e-02  4.7865840e-02  9.9826516e-01  1.3240000e+02]
 [ 9.9592664e-01  8.1921080e-02 -3.0342160e-02 -1.1714900e+03]
 [ 0.0000000e+00  0.0000000e+00  0.0000000e+00  1.0000000e+00]]
[-0142.81, +0000.94, -1106.16]
1659, 1713, 794
[[-8.2264900e-02  9.9550874e-01 -4.3534380e-02 -6.1130000e+01]
 [ 2.5235660e-02  4.5892280e-02  9.9849534e-01  1.3226000e+02]
 [ 9.9614058e-01  8.1191940e-02 -2.8758180e-02 -1.1715100e+03]
 [ 0.0000000e+00  0.0000000e+00  0.0000000e+00  1.0000000e+00]]
[-0089.63, +0027.13, -1111.19]
1654, 999, 1724
[[-8.3600500e-02  9.9537062e-01 -4.3934840e-02 -6.1350000e+01]
 [ 2.7081980e-02  4.6494380e-02  9.9841124e-01  1.3231000e+02]
 [ 9.9597164e-01  8.2436440e-02 -3.0695880e-02 -1.1715700e+03]
 [ 0.0000000e+00  0.0000000e+00  0.0000000e+00  1.0000000e+00]]
[-0192.52, +0106.84, -1110.07]
1390, 1107, 811
[[-8.3312040e-02  9.9539144e-01 -4.2780800e-02 -6.1240000e+01]
 [ 2.6137600e-02  4.5300860e-02  9.9844394e-01  1.3225000e+02]
 [ 9.9596744e-01  8.2276100e-02 -2.9593540e-02 -1.1716000e+03]
 [ 0.0000000e+00  0.0000000e+00  0.0000000e+00  1.0000000e+00]]
[-0114.90, +0060.51, -1078.06]
1048, 1477, 1386
[[-8.4202600e-02  9.9533696e-01 -4.3951280e-02 -6.1330000e+01]
 [ 2.6469200e-02  4.6461500e-02  9.9844490e-01  1.3230000e+02]
 [ 9.9595520e-01  8.3049220e-02 -3.0126660e-02 -1.1715900e+03]
 [ 0.0000000e+00  0.0000000e+00  0.0000000e+00  1.0000000e+00]]
[-0192.08, +0009.64, -1084.41]
1457, 1443, 1090
[[-8.4849220e-02  9.9532776e-01 -4.3709260e-02 -6.1340000e+01]
 [ 2.7263040e-02  4.6271800e-02  9.9846312e-01  1.3231000e+02]
 [ 9.9591394e-01  8.3633280e-02 -3.0962980e-02 -1.1715800e+03]
 [ 0.0000000e+00  0.0000000e+00  0.0000000e+00  1.0000000e+00]]
[-0130.76, +0040.50, -1079.40]
1044, 850, 1763
[[-8.4173320e-02  9.9534032e-01 -4.3568560e-02 -6.1330000e+01]
 [ 2.6086480e-02  4.6059900e-02  9.9845954e-01  1.3223000e+02]
 [ 9.9595184e-01  8.3063860e-02 -2.9695780e-02 -1.1716200e+03]
 [ 0.0000000e+00  0.0000000e+00  0.0000000e+00  1.0000000e+00]]
[-0241.08, +0078.70, -1119.10]
888, 874, 1568
[[-8.2509000e-02  9.9532094e-01 -4.3067420e-02 -6.1260000e+01]
 [ 2.6638580e-02  4.5724140e-02  9.9830146e-01  1.3218000e+02]
 [ 9.9589606e-01  8.1557620e-02 -2.9973300e-02 -1.1715900e+03]
 [ 0.0000000e+00  0.0000000e+00  0.0000000e+00  1.0000000e+00]]
[-0238.40, +0063.36, -1101.28]
957, 1455, 1939
[[-8.4046500e-02  9.9522790e-01 -4.4828300e-02 -6.1430000e+01]
 [ 2.6931700e-02  4.7453880e-02  9.9831314e-01  1.3232000e+02]
 [ 9.9587290e-01  8.2920860e-02 -3.0583620e-02 -1.1715700e+03]
 [ 0.0000000e+00  0.0000000e+00  0.0000000e+00  1.0000000e+00]]
[-0240.18, +0020.25, -1127.91]
804, 1185, 2234
[[-8.4001860e-02  9.9521830e-01 -4.4670420e-02 -6.1420000e+01]
 [ 2.5941420e-02  4.7231100e-02  9.9833194e-01  1.3224000e+02]
 [ 9.9588250e-01  8.2946700e-02 -2.9557800e-02 -1.1715900e+03]
 [ 0.0000000e+00  0.0000000e+00  0.0000000e+00  1.0000000e+00]]
[-0254.02, +0039.30, -1166.51]
1577, 836, 1803
[[-8.446274e-02  9.951408e-01 -4.388214e-02 -6.142000e+01]
 [ 2.785536e-02  4.668416e-02  9.982416e-01  1.322900e+02]
 [ 9.957183e-01  8.340864e-02 -3.136834e-02 -1.171550e+03]
 [ 0.000000e+00  0.000000e+00  0.000000e+00  1.000000e+00]]
[-0203.40, +0115.19, -1124.37]
1473, 1900, 1582
[[-8.3630340e-02  9.9525210e-01 -4.4626020e-02 -6.1370000e+01]
 [ 2.7148980e-02  4.7275100e-02  9.9829814e-01  1.3236000e+02]
 [ 9.9588210e-01  8.2519700e-02 -3.0747400e-02 -1.1716000e+03]
 [ 0.0000000e+00  0.0000000e+00  0.0000000e+00  1.0000000e+00]]
[-0164.37, +0009.12, -1093.34]
1164, 1133, 2045
[[-8.4633640e-02  9.9531108e-01 -4.4345080e-02 -6.1440000e+01]
 [ 2.6443320e-02  4.6840780e-02  9.9845262e-01  1.3231000e+02]
 [ 9.9594748e-01  8.3443020e-02 -3.0178420e-02 -1.1716100e+03]
 [ 0.0000000e+00  0.0000000e+00  0.0000000e+00  1.0000000e+00]]
[-0243.24, +0063.98, -1131.23]
1331, 1102, 1165
[[-8.4001860e-02  9.9526258e-01 -4.3421820e-02 -6.1330000e+01]
 [ 2.7190020e-02  4.6093020e-02  9.9834202e-01  1.3225000e+02]
 [ 9.9583822e-01  8.2936620e-02 -3.0695880e-02 -1.1715800e+03]
 [ 0.0000000e+00  0.0000000e+00  0.0000000e+00  1.0000000e+00]]
[-0158.75, +0065.93, -1071.61]
1996, 1335, 1466
[[-8.4939700e-02  9.9521802e-01 -4.4749140e-02 -6.1460000e+01]
 [ 2.8511100e-02  4.7475640e-02  9.9832302e-01  1.3237000e+02]
 [ 9.9581550e-01  8.3682900e-02 -3.2257300e-02 -1.1715800e+03]
 [ 0.0000000e+00  0.0000000e+00  0.0000000e+00  1.0000000e+00]]
[-0135.77, +0095.55, -1102.88]
1179, 1405, 1614
[[-8.3816000e-02  9.9525000e-01 -4.4232000e-02 -6.1380000e+01]
 [ 2.6961360e-02  4.6873900e-02  9.9831852e-01  1.3228000e+02]
 [ 9.9586752e-01  8.2729800e-02 -3.0531860e-02 -1.1716000e+03]
 [ 0.0000000e+00  0.0000000e+00  0.0000000e+00  1.0000000e+00]]
[-0207.41, +0033.57, -1089.14]
871, 1447, 1632
[[-8.3355600e-02  9.9536468e-01 -4.3979240e-02 -6.1310000e+01]
 [ 2.6087800e-02  4.6472540e-02  9.9841718e-01  1.3223000e+02]
 [ 9.9599420e-01  8.2259300e-02 -2.9670100e-02 -1.1716200e+03]
 [ 0.0000000e+00  0.0000000e+00  0.0000000e+00  1.0000000e+00]]
[-0225.61, +0005.13, -1108.62]
1059, 2002, 2164
[[-8.5602880e-02  9.9489120e-01 -4.7605040e-02 -6.1660000e+01]
 [ 2.6572800e-02  5.0328300e-02  9.9811740e-01  1.3249000e+02]
 [ 9.9567496e-01  8.4474600e-02 -3.0468820e-02 -1.1715800e+03]
 [ 0.0000000e+00  0.0000000e+00  0.0000000e+00  1.0000000e+00]]
[-0222.24, -0002.75, -1142.79]
895, 809, 2205
[[-8.4202600e-02  9.9522186e-01 -4.4259780e-02 -6.1400000e+01]
 [ 2.6153340e-02  4.6840780e-02  9.9834666e-01  1.3222000e+02]
 [ 9.9586218e-01  8.3147460e-02 -2.9747380e-02 -1.1716100e+03]
 [ 0.0000000e+00  0.0000000e+00  0.0000000e+00  1.0000000e+00]]
[-0253.74, +0070.93, -1171.26]
1734, 1912, 2162
[[-8.5140240e-02  9.9517596e-01 -4.5587360e-02 -6.1510000e+01]
 [ 2.7473960e-02  4.8223200e-02  9.9832788e-01  1.3245000e+02]
 [ 9.9584064e-01  8.3893880e-02 -3.1309200e-02 -1.1716000e+03]
 [ 0.0000000e+00  0.0000000e+00  0.0000000e+00  1.0000000e+00]]
[-0195.99, +0040.62, -1106.00]
1305, 993, 1463
[[-8.4173320e-02  9.9533304e-01 -4.3776680e-02 -6.1340000e+01]
 [ 2.5878360e-02  4.6249560e-02  9.9845784e-01  1.3227000e+02]
 [ 9.9595912e-01  8.3065560e-02 -2.9506120e-02 -1.1716200e+03]
 [ 0.0000000e+00  0.0000000e+00  0.0000000e+00  1.0000000e+00]]
[-0195.96, +0082.23, -1084.68]
1602, 1334, 1539
[[-8.4648480e-02  9.9510864e-01 -4.4320800e-02 -6.1410000e+01]
 [ 2.6835360e-02  4.7041520e-02  9.9825560e-01  1.3234000e+02]
 [ 9.9573360e-01  8.3625200e-02 -3.0394000e-02 -1.1716100e+03]
 [ 0.0000000e+00  0.0000000e+00  0.0000000e+00  1.0000000e+00]]
[-0169.73, +0072.59, -1084.57]
1243, 1406, 1240
[[-8.3771720e-02  9.9535536e-01 -4.3765560e-02 -6.1310000e+01]
 [ 2.6286840e-02  4.6271800e-02  9.9843552e-01  1.3229000e+02]
 [ 9.9597024e-01  8.2657080e-02 -2.9885480e-02 -1.1716100e+03]
 [ 0.0000000e+00  0.0000000e+00  0.0000000e+00  1.0000000e+00]]
[-0164.29, +0029.40, -1074.32]
1428, 2239, 833
[[-8.4292360e-02  9.9521902e-01 -4.5199700e-02 -6.1360000e+01]
 [ 2.7509500e-02  4.7855000e-02  9.9830350e-01  1.3252000e+02]
 [ 9.9586502e-01  8.3100860e-02 -3.1230600e-02 -1.1716100e+03]
 [ 0.0000000e+00  0.0000000e+00  0.0000000e+00  1.0000000e+00]]
[-0103.79, -0017.14, -1142.08]
783, 2099, 1544
[[-8.2969000e-02  9.9527750e-01 -4.4260100e-02 -6.1290000e+01]
 [ 2.6580100e-02  4.6884780e-02  9.9829102e-01  1.3232000e+02]
 [ 9.9590650e-01  8.1939980e-02 -3.0075220e-02 -1.1716000e+03]
 [ 0.0000000e+00  0.0000000e+00  0.0000000e+00  1.0000000e+00]]
[-0191.64, -0036.15, -1144.41]
1156, 1510, 981
[[-8.3757120e-02  9.9525664e-01 -4.3466480e-02 -6.1270000e+01]
 [ 2.6195840e-02  4.6071020e-02  9.9834796e-01  1.3228000e+02]
 [ 9.9586088e-01  8.2759240e-02 -2.9670100e-02 -1.1716200e+03]
 [ 0.0000000e+00  0.0000000e+00  0.0000000e+00  1.0000000e+00]]
[-0140.57, +0007.40, -1079.06]
894, 1589, 1057
[[-8.2939560e-02  9.9538856e-01 -4.3776840e-02 -6.1250000e+01]
 [ 2.6304840e-02  4.6293720e-02  9.9840232e-01  1.3227000e+02]
 [ 9.9600344e-01  8.1858120e-02 -2.9834280e-02 -1.1716300e+03]
 [ 0.0000000e+00  0.0000000e+00  0.0000000e+00  1.0000000e+00]]
[-0165.69, -0020.43, -1091.49]
2219, 1798, 1363
[[-8.4600980e-02  9.9512694e-01 -4.5603840e-02 -6.1500000e+01]
 [ 2.9577060e-02  4.8488300e-02  9.9817248e-01  1.3247000e+02]
 [ 9.9573216e-01  8.3339520e-02 -3.3310720e-02 -1.1715500e+03]
 [ 0.0000000e+00  0.0000000e+00  0.0000000e+00  1.0000000e+00]]
[-0108.47, +0064.34, -1112.38]
1812, 2152, 1519
[[-8.3876160e-02  9.9523576e-01 -4.5205600e-02 -6.1400000e+01]
 [ 2.7518800e-02  4.7865840e-02  9.9828676e-01  1.3241000e+02]
 [ 9.9588176e-01  8.2701400e-02 -3.1204560e-02 -1.1715900e+03]
 [ 0.0000000e+00  0.0000000e+00  0.0000000e+00  1.0000000e+00]]
[-0136.38, +0009.08, -1104.98]
1296, 1434, 1731
[[-8.4016660e-02  9.9523134e-01 -4.4445580e-02 -6.1400000e+01]
 [ 2.6548980e-02  4.7052600e-02  9.9832806e-01  1.3235000e+02]
 [ 9.9586946e-01  8.2935780e-02 -3.0152500e-02 -1.1716200e+03]
 [ 0.0000000e+00  0.0000000e+00  0.0000000e+00  1.0000000e+00]]
[-0209.08, +0041.97, -1093.26]
2188, 773, 1393
[[-8.5109840e-02  9.9511692e-01 -4.4055960e-02 -6.1470000e+01]
 [ 2.8232760e-02  4.6873900e-02  9.9825642e-01  1.3234000e+02]
 [ 9.9569148e-01  8.3995740e-02 -3.1825700e-02 -1.1715800e+03]
 [ 0.0000000e+00  0.0000000e+00  0.0000000e+00  1.0000000e+00]]
[-0137.31, +0131.40, -1147.64]
1620, 1386, 1323
[[-8.3801160e-02  9.9535940e-01 -4.3940280e-02 -6.1350000e+01]
 [ 2.6877720e-02  4.6483500e-02  9.9842246e-01  1.3230000e+02]
 [ 9.9596620e-01  8.2640700e-02 -3.0506100e-02 -1.1716000e+03]
 [ 0.0000000e+00  0.0000000e+00  0.0000000e+00  1.0000000e+00]]
[-0147.61, +0061.03, -1080.87]
801, 1820, 1564
[[-8.380116e-02  9.953520e-01 -4.414836e-02 -6.128000e+01]
 [ 2.666964e-02  4.667324e-02  9.984208e-01  1.323000e+02]
 [ 9.959736e-01  8.264236e-02 -3.031636e-02 -1.171610e+03]
 [ 0.000000e+00  0.000000e+00  0.000000e+00  1.000000e+00]]
[-0207.29, -0028.15, -1128.97]
973, 1874, 2091
[[-8.5140240e-02  9.9516068e-01 -4.6003760e-02 -6.1540000e+01]
 [ 2.7057560e-02  4.8602160e-02  9.9832432e-01  1.3238000e+02]
 [ 9.9585592e-01  8.3897440e-02 -3.0930240e-02 -1.1716100e+03]
 [ 0.0000000e+00  0.0000000e+00  0.0000000e+00  1.0000000e+00]]
[-0228.01, -0001.81, -1144.13]
1068, 845, 1234
[[-8.3326480e-02  9.9528220e-01 -4.3072640e-02 -6.1280000e+01]
 [ 2.6221400e-02  4.5691500e-02  9.9834020e-01  1.3219000e+02]
 [ 9.9586864e-01  8.2365400e-02 -2.9618980e-02 -1.1716100e+03]
 [ 0.0000000e+00  0.0000000e+00  0.0000000e+00  1.0000000e+00]]
[-0196.86, +0074.77, -1073.81]
1408, 1103, 1082
[[-8.377172e-02  9.953700e-01 -4.334940e-02 -6.133000e+01]
 [ 2.670300e-02  4.589228e-02  9.984388e-01  1.322500e+02]
 [ 9.959556e-01  8.265380e-02 -3.026500e-02 -1.171610e+03]
 [ 0.000000e+00  0.000000e+00  0.000000e+00  1.000000e+00]]
[-0143.56, +0069.55, -1073.92]
1222, 1259, 1581
[[-8.3816000e-02  9.9536520e-01 -4.3923600e-02 -6.1360000e+01]
 [ 2.7277200e-02  4.6494380e-02  9.9841666e-01  1.3228000e+02]
 [ 9.9596040e-01  8.2631660e-02 -3.0911380e-02 -1.1715800e+03]
 [ 0.0000000e+00  0.0000000e+00  0.0000000e+00  1.0000000e+00]]
[-0205.67, +0048.99, -1085.81]
1539, 1517, 1159
[[-8.4016660e-02  9.9524618e-01 -4.4029380e-02 -6.1350000e+01]
 [ 2.6965180e-02  4.6673240e-02  9.9833142e-01  1.3234000e+02]
 [ 9.9585462e-01  8.2932420e-02 -3.0531860e-02 -1.1716100e+03]
 [ 0.0000000e+00  0.0000000e+00  0.0000000e+00  1.0000000e+00]]
[-0129.48, +0041.55, -1082.43]
1059, 769, 1891
[[-8.4232200e-02  9.9524814e-01 -4.3809980e-02 -6.1380000e+01]
 [ 2.7368500e-02  4.6483500e-02  9.9833850e-01  1.3224000e+02]
 [ 9.9583590e-01  8.3126020e-02 -3.0937140e-02 -1.1715700e+03]
 [ 0.0000000e+00  0.0000000e+00  0.0000000e+00  1.0000000e+00]]
[-0245.35, +0086.21, -1136.47]
996, 2104, 2005
[[-8.410714e-02  9.950825e-01 -4.652636e-02 -6.153000e+01]
 [ 2.675686e-02  4.920366e-02  9.981790e-01  1.324300e+02]
 [ 9.958102e-01  8.299436e-02 -3.049864e-02 -1.171590e+03]
 [ 0.000000e+00  0.000000e+00  0.000000e+00  1.000000e+00]]
[-0211.27, -0016.62, -1143.33]
1888, 1118, 1600
[[-8.4678400e-02  9.9522064e-01 -4.4394880e-02 -6.1440000e+01]
 [ 2.7533920e-02  4.7063600e-02  9.9833876e-01  1.3233000e+02]
 [ 9.9582976e-01  8.3512120e-02 -3.1204560e-02 -1.1716100e+03]
 [ 0.0000000e+00  0.0000000e+00  0.0000000e+00  1.0000000e+00]]
[-0159.55, +0110.22, -1107.60]
2167, 1535, 2129
[[-8.6482920e-02  9.9492178e-01 -4.6291980e-02 -6.1690000e+01]
 [ 2.9001420e-02  4.9203660e-02  9.9814478e-01  1.3246000e+02]
 [ 9.9557582e-01  8.5233420e-02 -3.2874420e-02 -1.1715200e+03]
 [ 0.0000000e+00  0.0000000e+00  0.0000000e+00  1.0000000e+00]]
[-0179.67, +0092.67, -1116.28]
1680, 994, 765
[[-8.3957940e-02  9.9527452e-01 -4.2639640e-02 -6.1260000e+01]
 [ 2.6824040e-02  4.5300860e-02  9.9836552e-01  1.3225000e+02]
 [ 9.9582628e-01  8.2957040e-02 -3.0239440e-02 -1.1716000e+03]
 [ 0.0000000e+00  0.0000000e+00  0.0000000e+00  1.0000000e+00]]
[-0100.64, +0089.01, -1099.86]
1728, 1373, 975
[[-8.446274e-02  9.951408e-01 -4.388214e-02 -6.137000e+01]
 [ 2.785536e-02  4.668416e-02  9.982416e-01  1.323300e+02]
 [ 9.957183e-01  8.340864e-02 -3.136834e-02 -1.171590e+03]
 [ 0.000000e+00  0.000000e+00  0.000000e+00  1.000000e+00]]
[-0106.60, +0062.88, -1094.23]
1079, 1668, 948
[[-8.2709700e-02  9.9539570e-01 -4.3596400e-02 -6.1190000e+01]
 [ 2.5918100e-02  4.6093020e-02  9.9840416e-01  1.3226000e+02]
 [ 9.9601280e-01  8.1670160e-02 -2.9403720e-02 -1.1715800e+03]
 [ 0.0000000e+00  0.0000000e+00  0.0000000e+00  1.0000000e+00]]
[-0137.81, -0013.62, -1091.46]
944, 789, 1108
[[-8.3082500e-02  9.9539142e-01 -4.2808440e-02 -6.1240000e+01]
 [ 2.5542780e-02  4.5289820e-02  9.9844396e-01  1.3218000e+02]
 [ 9.9598404e-01  8.2089560e-02 -2.8973320e-02 -1.1716200e+03]
 [ 0.0000000e+00  0.0000000e+00  0.0000000e+00  1.0000000e+00]]
[-0197.92, +0067.93, -1067.79]
1266, 1307, 1907
[[-8.4477780e-02  9.9522448e-01 -4.4597560e-02 -6.1470000e+01]
 [ 2.7530080e-02  4.7264220e-02  9.9832576e-01  1.3233000e+02]
 [ 9.9584276e-01  8.3309440e-02 -3.1204560e-02 -1.1716100e+03]
 [ 0.0000000e+00  0.0000000e+00  0.0000000e+00  1.0000000e+00]]
[-0227.53, +0055.50, -1108.72]
1737, 983, 994
[[-8.4173320e-02  9.9524718e-01 -4.3252740e-02 -6.1350000e+01]
 [ 2.6395020e-02  4.5870200e-02  9.9836634e-01  1.3229000e+02]
 [ 9.9583686e-01  8.3157060e-02 -2.9885480e-02 -1.1716500e+03]
 [ 0.0000000e+00  0.0000000e+00  0.0000000e+00  1.0000000e+00]]
[-0116.62, +0102.49, -1100.41]
1712, 887, 1891
[[-8.4447780e-02  9.9532810e-01 -4.4322720e-02 -6.1480000e+01]
 [ 2.7047100e-02  4.6862940e-02  9.9843560e-01  1.3231000e+02]
 [ 9.9594728e-01  8.3229600e-02 -3.0773280e-02 -1.1716000e+03]
 [ 0.0000000e+00  0.0000000e+00  0.0000000e+00  1.0000000e+00]]
[-0201.73, +0116.75, -1131.44]
1941, 2161, 1566
[[-8.4970500e-02  9.9519168e-01 -4.5756240e-02 -6.1490000e+01]
 [ 2.8269120e-02  4.8445580e-02  9.9830276e-01  1.3248000e+02]
 [ 9.9584184e-01  8.3672360e-02 -3.2120080e-02 -1.1716300e+03]
 [ 0.0000000e+00  0.0000000e+00  0.0000000e+00  1.0000000e+00]]
[-0128.21, +0021.37, -1105.36]
2177, 791, 1495
[[-8.5356100e-02  9.9522406e-01 -4.4118380e-02 -6.1530000e+01]
 [ 2.9126540e-02  4.6895580e-02  9.9834446e-01  1.3234000e+02]
 [ 9.9577558e-01  8.4077860e-02 -3.2852680e-02 -1.1715400e+03]
 [ 0.0000000e+00  0.0000000e+00  0.0000000e+00  1.0000000e+00]]
[-0145.23, +0131.79, -1146.62]
1505, 1173, 1421
[[-8.3801160e-02  9.9536680e-01 -4.3732200e-02 -6.1370000e+01]
 [ 2.7085800e-02  4.6293720e-02  9.9842408e-01  1.3230000e+02]
 [ 9.9595880e-01  8.2639080e-02 -3.0695880e-02 -1.1716100e+03]
 [ 0.0000000e+00  0.0000000e+00  0.0000000e+00  1.0000000e+00]]
[-0170.15, +0075.70, -1080.82]
1995, 1376, 1756
[[-8.4924420e-02  9.9520434e-01 -4.4974220e-02 -6.1530000e+01]
 [ 2.7903460e-02  4.7654460e-02  9.9832746e-01  1.3241000e+02]
 [ 9.9582918e-01  8.3693740e-02 -3.1662120e-02 -1.1716000e+03]
 [ 0.0000000e+00  0.0000000e+00  0.0000000e+00  1.0000000e+00]]
[-0161.62, +0097.03, -1104.80]
2134, 1853, 1155
[[-8.4970500e-02  9.9510694e-01 -4.5231920e-02 -6.1500000e+01]
 [ 2.8785700e-02  4.8066300e-02  9.9821120e-01  1.3250000e+02]
 [ 9.9571840e-01  8.3763920e-02 -3.2499360e-02 -1.1716200e+03]
 [ 0.0000000e+00  0.0000000e+00  0.0000000e+00  1.0000000e+00]]
[-0096.41, +0051.06, -1118.02]
759, 1274, 1802
[[-8.3556340e-02  9.9526050e-01 -4.3669020e-02 -6.1300000e+01]
 [ 2.6191980e-02  4.6271800e-02  9.9833514e-01  1.3222000e+02]
 [ 9.9587370e-01  8.2556700e-02 -2.9670100e-02 -1.1716400e+03]
 [ 0.0000000e+00  0.0000000e+00  0.0000000e+00  1.0000000e+00]]
[-0247.57, +0018.38, -1129.24]
1591, 806, 1475
[[-8.4834420e-02  9.9522894e-01 -4.3410180e-02 -6.1390000e+01]
 [ 2.7172140e-02  4.6071020e-02  9.9837566e-01  1.3228000e+02]
 [ 9.9580458e-01  8.3735540e-02 -3.0747400e-02 -1.1716100e+03]
 [ 0.0000000e+00  0.0000000e+00  0.0000000e+00  1.0000000e+00]]
[-0177.23, +0119.08, -1107.27]
1975, 1158, 1261
[[-8.4477780e-02  9.9523956e-01 -4.4181280e-02 -6.1420000e+01]
 [ 2.7946360e-02  4.6884780e-02  9.9832896e-01  1.3233000e+02]
 [ 9.9582768e-01  8.3306240e-02 -3.1584000e-02 -1.1716200e+03]
 [ 0.0000000e+00  0.0000000e+00  0.0000000e+00  1.0000000e+00]]
[-0122.50, +0104.05, -1109.55]
1063, 948, 2218
[[-8.4462740e-02  9.9521862e-01 -4.4614380e-02 -6.1490000e+01]
 [ 2.7130620e-02  4.7253260e-02  9.9833162e-01  1.3229000e+02]
 [ 9.9584862e-01  8.3318620e-02 -3.0799240e-02 -1.1716100e+03]
 [ 0.0000000e+00  0.0000000e+00  0.0000000e+00  1.0000000e+00]]
[-0249.59, +0071.96, -1158.98]
1541, 1687, 1093
[[-8.3845920e-02  9.9526172e-01 -4.4198600e-02 -6.1380000e+01]
 [ 2.7760280e-02  4.6895580e-02  9.9830680e-01  1.3235000e+02]
 [ 9.9585580e-01  8.2711600e-02 -3.1342500e-02 -1.1716100e+03]
 [ 0.0000000e+00  0.0000000e+00  0.0000000e+00  1.0000000e+00]]
[-0119.50, +0025.93, -1089.54]
1526, 1220, 1469
[[-8.4016660e-02  9.9524618e-01 -4.4029380e-02 -6.1390000e+01]
 [ 2.6965180e-02  4.6673240e-02  9.9833142e-01  1.3231000e+02]
 [ 9.9585462e-01  8.2932420e-02 -3.0531860e-02 -1.1716000e+03]
 [ 0.0000000e+00  0.0000000e+00  0.0000000e+00  1.0000000e+00]]
[-0171.66, +0077.55, -1083.16]
1438, 943, 953
[[-8.3742600e-02  9.9537320e-01 -4.2966600e-02 -6.1300000e+01]
 [ 2.6320200e-02  4.5490680e-02  9.9845336e-01  1.3223000e+02]
 [ 9.9595240e-01  8.2668360e-02 -2.9834280e-02 -1.1716300e+03]
 [ 0.0000000e+00  0.0000000e+00  0.0000000e+00  1.0000000e+00]]
[-0133.00, +0086.88, -1078.81]
1868, 807, 1608
[[-8.4678400e-02  9.9523568e-01 -4.3978560e-02 -6.1480000e+01]
 [ 2.7950240e-02  4.6684160e-02  9.9834192e-01  1.3230000e+02]
 [ 9.9581472e-01  8.3508960e-02 -3.1584000e-02 -1.1716100e+03]
 [ 0.0000000e+00  0.0000000e+00  0.0000000e+00  1.0000000e+00]]
[-0170.79, +0130.42, -1131.08]
2237, 1998, 1392
[[-8.5433700e-02  9.9508524e-01 -4.5799420e-02 -6.1540000e+01]
 [ 2.9350040e-02  4.8656760e-02  9.9820476e-01  1.3255000e+02]
 [ 9.9570618e-01  8.4139960e-02 -3.3173700e-02 -1.1716200e+03]
 [ 0.0000000e+00  0.0000000e+00  0.0000000e+00  1.0000000e+00]]
[-0109.49, +0049.81, -1113.51]
2215, 1127, 1006
[[-8.4909220e-02  9.9523630e-01 -4.3950220e-02 -6.1440000e+01]
 [ 2.8544900e-02  4.6695000e-02  9.9834130e-01  1.3236000e+02]
 [ 9.9579722e-01  8.3695100e-02 -3.2205220e-02 -1.1716200e+03]
 [ 0.0000000e+00  0.0000000e+00  0.0000000e+00  1.0000000e+00]]
[-0098.56, +0104.13, -1138.22]
2105, 1684, 935
[[-8.3830920e-02  9.9524834e-01 -4.4423380e-02 -6.1370000e+01]
 [ 2.7152740e-02  4.7074520e-02  9.9831106e-01  1.3236000e+02]
 [ 9.9586918e-01  8.2722340e-02 -3.0747400e-02 -1.1716200e+03]
 [ 0.0000000e+00  0.0000000e+00  0.0000000e+00  1.0000000e+00]]
[-0086.06, +0057.54, -1127.28]
1624, 1526, 1442
[[-8.3845920e-02  9.9526172e-01 -4.4198600e-02 -6.1400000e+01]
 [ 2.7760280e-02  4.6895580e-02  9.9830680e-01  1.3234000e+02]
 [ 9.9585580e-01  8.2711600e-02 -3.1342500e-02 -1.1715900e+03]
 [ 0.0000000e+00  0.0000000e+00  0.0000000e+00  1.0000000e+00]]
[-0156.02, +0051.00, -1082.40]
1429, 2024, 1170
[[-8.4247120e-02  9.9522412e-01 -4.4625680e-02 -6.1370000e+01]
 [ 2.6935480e-02  4.7253260e-02  9.9832612e-01  1.3238000e+02]
 [ 9.9585992e-01  8.3123480e-02 -3.0583620e-02 -1.1716500e+03]
 [ 0.0000000e+00  0.0000000e+00  0.0000000e+00  1.0000000e+00]]
[-0126.78, -0010.09, -1108.51]
1082, 1183, 837
[[-8.3125700e-02  9.9540822e-01 -4.2758760e-02 -6.1220000e+01]
 [ 2.6741220e-02  4.5322700e-02  9.9842716e-01  1.3224000e+02]
 [ 9.9596724e-01  8.2063160e-02 -3.0188560e-02 -1.1716100e+03]
 [ 0.0000000e+00  0.0000000e+00  0.0000000e+00  1.0000000e+00]]
[-0139.21, +0027.08, -1066.87]
1471, 921, 1561
[[-8.5250820e-02  9.9509682e-01 -4.3713000e-02 -6.1400000e+01]
 [ 2.6847180e-02  4.6439180e-02  9.9829460e-01  1.3228000e+02]
 [ 9.9569460e-01  8.4233000e-02 -3.0394000e-02 -1.1716200e+03]
 [ 0.0000000e+00  0.0000000e+00  0.0000000e+00  1.0000000e+00]]
[-0192.89, +0103.01, -1099.17]
1898, 1114, 1902
[[-8.5140240e-02  9.9519124e-01 -4.5170960e-02 -6.1550000e+01]
 [ 2.7890360e-02  4.7844080e-02  9.9833128e-01  1.3239000e+02]
 [ 9.9582536e-01  8.3890480e-02 -3.1688320e-02 -1.1715900e+03]
 [ 0.0000000e+00  0.0000000e+00  0.0000000e+00  1.0000000e+00]]
[-0187.02, +0110.92, -1120.88]
1287, 1780, 1750
[[-8.4046500e-02  9.9523540e-01 -4.4620200e-02 -6.1400000e+01]
 [ 2.7139800e-02  4.7264220e-02  9.9831484e-01  1.3236000e+02]
 [ 9.9586540e-01  8.2919160e-02 -3.0773280e-02 -1.1716000e+03]
 [ 0.0000000e+00  0.0000000e+00  0.0000000e+00  1.0000000e+00]]
[-0196.31, +0010.16, -1099.37]
799, 1317, 1444
[[-8.3326480e-02  9.9549024e-01 -4.3079880e-02 -6.1250000e+01]
 [ 2.6228640e-02  4.5501680e-02  9.9853164e-01  1.3225000e+02]
 [ 9.9607668e-01  8.2173960e-02 -2.9808800e-02 -1.1716300e+03]
 [ 0.0000000e+00  0.0000000e+00  0.0000000e+00  1.0000000e+00]]
[-0219.99, +0006.46, -1096.23]
1976, 755, 2106
[[-9.0003700e-02  9.9476452e-01 -4.3445140e-02 -6.2030000e+01]
 [ 3.1134200e-02  4.6628760e-02  9.9822748e-01  1.3230000e+02]
 [ 9.9522590e-01  8.8718600e-02 -3.4957300e-02 -1.1713500e+03]
 [ 0.0000000e+00  0.0000000e+00  0.0000000e+00  1.0000000e+00]]
[-0196.99, +0123.02, -1154.07]
1796, 1070, 814
[[-8.3757120e-02  9.9529304e-01 -4.2426080e-02 -6.1340000e+01]
 [ 2.7236240e-02  4.5121920e-02  9.9835576e-01  1.3222000e+02]
 [ 9.9582448e-01  8.2751440e-02 -3.0619200e-02 -1.1715900e+03]
 [ 0.0000000e+00  0.0000000e+00  0.0000000e+00  1.0000000e+00]]
[-0097.96, +0087.09, -1106.52]
1377, 909, 1818
[[-8.5265620e-02  9.9521044e-01 -4.3595600e-02 -6.1510000e+01]
 [ 2.7354440e-02  4.6260720e-02  9.9838520e-01  1.3224000e+02]
 [ 9.9578920e-01  8.4127600e-02 -3.0988900e-02 -1.1715500e+03]
 [ 0.0000000e+00  0.0000000e+00  0.0000000e+00  1.0000000e+00]]
[-0220.54, +0097.11, -1117.69]
1946, 1561, 1359
[[-8.5526280e-02  9.9509992e-01 -4.4049920e-02 -6.1500000e+01]
 [ 2.8223680e-02  4.6862940e-02  9.9827342e-01  1.3237000e+02]
 [ 9.9567448e-01  8.4395180e-02 -3.1851780e-02 -1.1715900e+03]
 [ 0.0000000e+00  0.0000000e+00  0.0000000e+00  1.0000000e+00]]
[-0121.61, +0069.17, -1097.17]
1854, 1150, 1091
[[-8.463364e-02  9.952551e-01 -4.298834e-02 -6.140000e+01]
 [ 2.779266e-02  4.570246e-02  9.983673e-01  1.322600e+02]
 [ 9.957953e-01  8.352834e-02 -3.131674e-02 -1.171570e+03]
 [ 0.000000e+00  0.000000e+00  0.000000e+00  1.000000e+00]]
[-0116.62, +0092.94, -1100.99]
1569, 1715, 1014
[[-8.4633640e-02  9.9513252e-01 -4.3505040e-02 -6.1410000e+01]
 [ 2.7268560e-02  4.6271800e-02  9.9826788e-01  1.3232000e+02]
 [ 9.9570972e-01  8.3627760e-02 -3.0747400e-02 -1.1716200e+03]
 [ 0.0000000e+00  0.0000000e+00  0.0000000e+00  1.0000000e+00]]
[-0112.25, +0020.50, -1095.16]
1434, 1923, 2133
[[-8.5541440e-02  9.9506040e-01 -4.5282320e-02 -6.1600000e+01]
 [ 2.7373680e-02  4.8011500e-02  9.9825774e-01  1.3241000e+02]
 [ 9.9571400e-01  8.4395700e-02 -3.1119700e-02 -1.1716000e+03]
 [ 0.0000000e+00  0.0000000e+00  0.0000000e+00  1.0000000e+00]]
[-0214.94, +0018.69, -1118.40]
1493, 1147, 1501
[[-8.506484e-02  9.952293e-01 -4.338186e-02 -6.145000e+01]
 [ 2.776686e-02  4.608206e-02  9.983753e-01  1.322800e+02]
 [ 9.957873e-01  8.392186e-02 -3.136834e-02 -1.171570e+03]
 [ 0.000000e+00  0.000000e+00  0.000000e+00  1.000000e+00]]
[-0179.47, +0079.81, -1084.21]
1245, 1009, 1178
[[-8.3957940e-02  9.9536768e-01 -4.2955420e-02 -6.1380000e+01]
 [ 2.6515520e-02  4.5490680e-02  9.9845888e-01  1.3224000e+02]
 [ 9.9594122e-01  8.2863680e-02 -3.0049620e-02 -1.1716100e+03]
 [ 0.0000000e+00  0.0000000e+00  0.0000000e+00  1.0000000e+00]]
[-0170.95, +0069.46, -1070.43]
1445, 853, 1133
[[-8.4418100e-02  9.9536832e-01 -4.2899340e-02 -6.1400000e+01]
 [ 2.7705120e-02  4.5512600e-02  9.9845824e-01  1.3222000e+02]
 [ 9.9590706e-01  8.3236640e-02 -3.1291060e-02 -1.1715600e+03]
 [ 0.0000000e+00  0.0000000e+00  0.0000000e+00  1.0000000e+00]]
[-0154.96, +0101.64, -1083.65]
1561, 1212, 2118
[[-8.5325620e-02  9.9508872e-01 -4.4669100e-02 -6.1610000e+01]
 [ 2.7803280e-02  4.7442880e-02  9.9825720e-01  1.3238000e+02]
 [ 9.9570270e-01  8.4195600e-02 -3.1472500e-02 -1.1715700e+03]
 [ 0.0000000e+00  0.0000000e+00  0.0000000e+00  1.0000000e+00]]
[-0222.54, +0085.23, -1125.35]
1751, 1797, 1097
[[-8.4894100e-02  9.9522270e-01 -4.4175300e-02 -6.1480000e+01]
 [ 2.7937260e-02  4.6873900e-02  9.9834582e-01  1.3239000e+02]
 [ 9.9581082e-01  8.3705700e-02 -3.1609960e-02 -1.1716100e+03]
 [ 0.0000000e+00  0.0000000e+00  0.0000000e+00  1.0000000e+00]]
[-0105.26, +0030.36, -1101.63]
1677, 1940, 2171
[[-8.5340820e-02  9.9507186e-01 -4.5276760e-02 -6.1600000e+01]
 [ 2.7578060e-02  4.8022620e-02  9.9824628e-01  1.3242000e+02]
 [ 9.9571956e-01  8.4191320e-02 -3.1309200e-02 -1.1716000e+03]
 [ 0.0000000e+00  0.0000000e+00  0.0000000e+00  1.0000000e+00]]
[-0204.54, +0033.45, -1110.78]
1587, 814, 1478
[[-8.400186e-02  9.953777e-01 -4.311336e-02 -6.141000e+01]
 [ 2.750586e-02  4.571334e-02  9.984400e-01  1.322100e+02]
 [ 9.959312e-01  8.283864e-02 -3.107556e-02 -1.171570e+03]
 [ 0.000000e+00  0.000000e+00  0.000000e+00  1.000000e+00]]
[-0179.17, +0115.60, -1105.30]
1340, 1662, 2225
[[-8.5125000e-02  9.9508500e-01 -4.5080000e-02 -6.1600000e+01]
 [ 2.7591200e-02  4.7833080e-02  9.9824244e-01  1.3239000e+02]
 [ 9.9572340e-01  8.3994560e-02 -3.1282920e-02 -1.1715700e+03]
 [ 0.0000000e+00  0.0000000e+00  0.0000000e+00  1.0000000e+00]]
[-0231.56, +0036.75, -1128.01]
2121, 821, 1453
[[-8.6158660e-02  9.9519282e-01 -4.3723620e-02 -6.1550000e+01]
 [ 2.8726020e-02  4.6472540e-02  9.9839382e-01  1.3232000e+02]
 [ 9.9573858e-01  8.4892020e-02 -3.2473160e-02 -1.1715600e+03]
 [ 0.0000000e+00  0.0000000e+00  0.0000000e+00  1.0000000e+00]]
[-0142.72, +0130.92, -1140.93]
2035, 2233, 1582
[[-8.5340820e-02  9.9516454e-01 -4.5592900e-02 -6.1570000e+01]
 [ 2.7269540e-02  4.8212120e-02  9.9833930e-01  1.3251000e+02]
 [ 9.9583510e-01  8.4098300e-02 -3.1119700e-02 -1.1716300e+03]
 [ 0.0000000e+00  0.0000000e+00  0.0000000e+00  1.0000000e+00]]
[-0127.49, +0021.07, -1108.84]
1216, 1972, 1850
[[-8.5912720e-02  9.9504848e-01 -4.4702960e-02 -6.1530000e+01]
 [ 2.6790880e-02  4.7398080e-02  9.9829744e-01  1.3237000e+02]
 [ 9.9569176e-01  8.4817760e-02 -3.0498640e-02 -1.1716300e+03]
 [ 0.0000000e+00  0.0000000e+00  0.0000000e+00  1.0000000e+00]]
[-0204.34, -0002.95, -1116.34]
1857, 1140, 2078
[[-8.637456e-02  9.949410e-01 -4.474596e-02 -6.164000e+01]
 [ 2.787204e-02  4.761014e-02  9.982006e-01  1.323800e+02]
 [ 9.955566e-01  8.528596e-02 -3.155146e-02 -1.171590e+03]
 [ 0.000000e+00  0.000000e+00  0.000000e+00  1.000000e+00]]
[-0201.69, +0105.96, -1128.90]
1677, 2103, 1082
[[-8.4262120e-02  9.9534528e-01 -4.4300480e-02 -6.1420000e+01]
 [ 2.7650880e-02  4.6884780e-02  9.9841842e-01  1.3242000e+02]
 [ 9.9594688e-01  8.3016180e-02 -3.1368340e-02 -1.1716100e+03]
 [ 0.0000000e+00  0.0000000e+00  0.0000000e+00  1.0000000e+00]]
[-0107.76, +0000.51, -1118.36]
1927, 1217, 1513
[[-8.4462740e-02  9.9513330e-01 -4.4090280e-02 -6.1500000e+01]
 [ 2.7647220e-02  4.6873900e-02  9.9824004e-01  1.3235000e+02]
 [ 9.9572580e-01  8.3410200e-02 -3.1178600e-02 -1.1715800e+03]
 [ 0.0000000e+00  0.0000000e+00  0.0000000e+00  1.0000000e+00]]
[-0148.46, +0102.37, -1102.76]
967, 1671, 922
[[-8.4158800e-02  9.9535648e-01 -4.2960960e-02 -6.1280000e+01]
 [ 2.6311360e-02  4.5479600e-02  9.9847008e-01  1.3225000e+02]
 [ 9.9593568e-01  8.3067840e-02 -2.9859840e-02 -1.1716200e+03]
 [ 0.0000000e+00  0.0000000e+00  0.0000000e+00  1.0000000e+00]]
[-0142.52, -0023.01, -1096.23]
1190, 1835, 2142
[[-8.5125000e-02  9.9507740e-01 -4.5288200e-02 -6.1580000e+01]
 [ 2.7383000e-02  4.8022620e-02  9.9824074e-01  1.3241000e+02]
 [ 9.9573100e-01  8.3996260e-02 -3.1093380e-02 -1.1716000e+03]
 [ 0.0000000e+00  0.0000000e+00  0.0000000e+00  1.0000000e+00]]
[-0227.58, +0011.99, -1132.22]
1683, 1151, 2108
[[-8.5757300e-02  9.9508530e-01 -4.4437800e-02 -6.1580000e+01]
 [ 2.8401780e-02  4.7253260e-02  9.9826980e-01  1.3237000e+02]
 [ 9.9567204e-01  8.4584280e-02 -3.2093800e-02 -1.1715500e+03]
 [ 0.0000000e+00  0.0000000e+00  0.0000000e+00  1.0000000e+00]]
[-0213.29, +0097.02, -1126.75]
1326, 1168, 1804
[[-8.4202600e-02  9.9524394e-01 -4.3635420e-02 -6.1440000e+01]
 [ 2.6777700e-02  4.6271800e-02  9.9835170e-01  1.3228000e+02]
 [ 9.9584010e-01  8.3142420e-02 -3.0316360e-02 -1.1716200e+03]
 [ 0.0000000e+00  0.0000000e+00  0.0000000e+00  1.0000000e+00]]
[-0217.33, +0069.82, -1100.90]
2143, 1199, 1333
[[-8.5526280e-02  9.9520782e-01 -4.3949580e-02 -6.1530000e+01]
 [ 2.8331580e-02  4.6673240e-02  9.9836978e-01  1.3238000e+02]
 [ 9.9577482e-01  8.4298820e-02 -3.2041480e-02 -1.1715700e+03]
 [ 0.0000000e+00  0.0000000e+00  0.0000000e+00  1.0000000e+00]]
[-0121.44, +0107.23, -1119.33]
987, 1376, 2029
[[-8.3600500e-02  9.9527030e-01 -4.3827100e-02 -6.1440000e+01]
 [ 2.7182300e-02  4.6494380e-02  9.9831634e-01  1.3231000e+02]
 [ 9.9586390e-01  8.2531340e-02 -3.0695880e-02 -1.1715900e+03]
 [ 0.0000000e+00  0.0000000e+00  0.0000000e+00  1.0000000e+00]]
[-0245.54, +0031.43, -1134.22]
2144, 2022, 809
[[-8.5530000e-02  9.9493460e-01 -4.9960800e-02 -6.1520000e+01]
 [ 3.2263800e-02  5.3025120e-02  9.9794348e-01  1.3298000e+02]
 [ 9.9566560e-01  8.3888520e-02 -3.6500880e-02 -1.1716900e+03]
 [ 0.0000000e+00  0.0000000e+00  0.0000000e+00  1.0000000e+00]]
[-0081.73, +0033.39, -1138.22]
2023, 2044, 1440
[[-8.4369360e-02  9.9518712e-01 -4.6780760e-02 -6.1490000e+01]
 [ 2.7841840e-02  4.9425840e-02  9.9825972e-01  1.3248000e+02]
 [ 9.9589692e-01  8.3067640e-02 -3.1740960e-02 -1.1715600e+03]
 [ 0.0000000e+00  0.0000000e+00  0.0000000e+00  1.0000000e+00]]
[-0119.65, +0032.89, -1104.98]
1968, 1532, 1016
[[-8.3444880e-02  9.9535436e-01 -4.5127880e-02 -6.1370000e+01]
 [ 2.7236440e-02  4.7676140e-02  9.9837254e-01  1.3231000e+02]
 [ 9.9600452e-01  8.2214660e-02 -3.0962980e-02 -1.1715400e+03]
 [ 0.0000000e+00  0.0000000e+00  0.0000000e+00  1.0000000e+00]]
[-0098.47, +0063.52, -1108.92]
2098, 1198, 1406
[[-8.6405120e-02  9.9493008e-01 -4.5336480e-02 -6.1590000e+01]
 [ 2.8045920e-02  4.8200960e-02  9.9818368e-01  1.3238000e+02]
 [ 9.9556752e-01  8.5272320e-02 -3.1793920e-02 -1.1715900e+03]
 [ 0.0000000e+00  0.0000000e+00  0.0000000e+00  1.0000000e+00]]
[-0130.85, +0107.21, -1114.56]
1163, 1931, 1183
[[-8.4477780e-02  9.9510156e-01 -4.5114140e-02 -6.1470000e+01]
 [ 2.7005960e-02  4.7833080e-02  9.9822588e-01  1.3236000e+02]
 [ 9.9575754e-01  8.3409320e-02 -3.0635700e-02 -1.1716300e+03]
 [ 0.0000000e+00  0.0000000e+00  0.0000000e+00  1.0000000e+00]]
[-0147.87, -0022.44, -1106.11]
989, 1502, 901
[[-8.3385040e-02  9.9537604e-01 -4.3946040e-02 -6.1340000e+01]
 [ 2.6886760e-02  4.6494380e-02  9.9840582e-01  1.3226000e+02]
 [ 9.9598284e-01  8.2241220e-02 -3.0480420e-02 -1.1716100e+03]
 [ 0.0000000e+00  0.0000000e+00  0.0000000e+00  1.0000000e+00]]
[-0145.28, -0009.22, -1082.75]
1261, 1943, 935
[[-8.4523380e-02  9.9521956e-01 -4.5171520e-02 -6.1460000e+01]
 [ 2.8104040e-02  4.7865840e-02  9.9830296e-01  1.3237000e+02]
 [ 9.9584768e-01  8.3286640e-02 -3.1851780e-02 -1.1715800e+03]
 [ 0.0000000e+00  0.0000000e+00  0.0000000e+00  1.0000000e+00]]
[-0119.04, -0018.09, -1112.73]
1738, 1873, 1328
[[-8.5140240e-02  9.9517596e-01 -4.5587360e-02 -6.1540000e+01]
 [ 2.7473960e-02  4.8223200e-02  9.9832788e-01  1.3242000e+02]
 [ 9.9584064e-01  8.3893880e-02 -3.1309200e-02 -1.1716100e+03]
 [ 0.0000000e+00  0.0000000e+00  0.0000000e+00  1.0000000e+00]]
[-0125.39, +0029.67, -1094.67]
1019, 1876, 1518
[[-8.4277200e-02  9.9511288e-01 -4.5108640e-02 -6.1460000e+01]
 [ 2.7210320e-02  4.7844080e-02  9.9821456e-01  1.3235000e+02]
 [ 9.9576304e-01  8.3204960e-02 -3.0825280e-02 -1.1716200e+03]
 [ 0.0000000e+00  0.0000000e+00  0.0000000e+00  1.0000000e+00]]
[-0190.57, -0019.20, -1111.72]
1029, 1601, 2213
[[-8.4955060e-02  9.9517026e-01 -4.6189500e-02 -6.1620000e+01]
 [ 2.7453300e-02  4.8813740e-02  9.9830526e-01  1.3238000e+02]
 [ 9.9586326e-01  8.3685300e-02 -3.1335560e-02 -1.1715800e+03]
 [ 0.0000000e+00  0.0000000e+00  0.0000000e+00  1.0000000e+00]]
[-0242.03, +0022.59, -1146.37]
975, 1593, 1111
[[-8.3816000e-02  9.9525000e-01 -4.4232000e-02 -6.1390000e+01]
 [ 2.6961360e-02  4.6873900e-02  9.9831852e-01  1.3228000e+02]
 [ 9.9586752e-01  8.2729800e-02 -3.0531860e-02 -1.1716200e+03]
 [ 0.0000000e+00  0.0000000e+00  0.0000000e+00  1.0000000e+00]]
[-0165.46, -0012.42, -1087.93]
1187, 1153, 1442
[[-8.5064840e-02  9.9518466e-01 -4.4631060e-02 -6.1470000e+01]
 [ 2.6517660e-02  4.7219900e-02  9.9836558e-01  1.3230000e+02]
 [ 9.9583194e-01  8.3931580e-02 -3.0230500e-02 -1.1716300e+03]
 [ 0.0000000e+00  0.0000000e+00  0.0000000e+00  1.0000000e+00]]
[-0199.64, +0054.07, -1079.32]
1163, 882, 1890
[[-8.5295460e-02  9.9507696e-01 -4.4703100e-02 -6.1530000e+01]
 [ 2.7004400e-02  4.7420640e-02  9.9826896e-01  1.3230000e+02]
 [ 9.9571446e-01  8.4214000e-02 -3.0661860e-02 -1.1716000e+03]
 [ 0.0000000e+00  0.0000000e+00  0.0000000e+00  1.0000000e+00]]
[-0239.24, +0084.34, -1127.39]
1642, 1036, 946
[[-8.4477780e-02  9.9513926e-01 -4.4073440e-02 -6.1440000e+01]
 [ 2.8046660e-02  4.6884780e-02  9.9823408e-01  1.3231000e+02]
 [ 9.9571984e-01  8.3401120e-02 -3.1584000e-02 -1.1715900e+03]
 [ 0.0000000e+00  0.0000000e+00  0.0000000e+00  1.0000000e+00]]
[-0115.34, +0089.71, -1091.56]
2048, 1906, 2239
[[-8.5865940e-02  9.9502712e-01 -4.7025620e-02 -6.1770000e+01]
 [ 2.8490480e-02  4.9793880e-02  9.9820552e-01  1.3252000e+02]
 [ 9.9573022e-01  8.4539920e-02 -3.2468820e-02 -1.1715300e+03]
 [ 0.0000000e+00  0.0000000e+00  0.0000000e+00  1.0000000e+00]]
[-0186.65, +0062.05, -1108.77]
851, 1630, 1489
[[-8.3370280e-02  9.9536296e-01 -4.4170680e-02 -6.1350000e+01]
 [ 2.6279240e-02  4.6673240e-02  9.9840984e-01  1.3227000e+02]
 [ 9.9599592e-01  8.2251960e-02 -2.9885480e-02 -1.1716200e+03]
 [ 0.0000000e+00  0.0000000e+00  0.0000000e+00  1.0000000e+00]]
[-0206.13, -0013.49, -1107.52]
1331, 775, 882
[[-8.3771720e-02  9.9526962e-01 -4.3241700e-02 -6.1360000e+01]
 [ 2.6803380e-02  4.5892280e-02  9.9834390e-01  1.3222000e+02]
 [ 9.9584790e-01  8.2748700e-02 -3.0265000e-02 -1.1716100e+03]
 [ 0.0000000e+00  0.0000000e+00  0.0000000e+00  1.0000000e+00]]
[-0138.02, +0096.27, -1076.62]
1205, 2111, 1780
[[-8.4723880e-02  9.9506968e-01 -4.6109840e-02 -6.1540000e+01]
 [ 2.6959120e-02  4.8802700e-02  9.9821086e-01  1.3243000e+02]
 [ 9.9577256e-01  8.3594540e-02 -3.0714420e-02 -1.1716200e+03]
 [ 0.0000000e+00  0.0000000e+00  0.0000000e+00  1.0000000e+00]]
[-0189.82, -0018.66, -1122.79]
1482, 1607, 1272
[[-8.4277200e-02  9.9522072e-01 -4.5008360e-02 -6.1480000e+01]
 [ 2.7318160e-02  4.7654460e-02  9.9831108e-01  1.3236000e+02]
 [ 9.9586332e-01  8.3108440e-02 -3.1014900e-02 -1.1716100e+03]
 [ 0.0000000e+00  0.0000000e+00  0.0000000e+00  1.0000000e+00]]
[-0143.28, +0033.80, -1081.31]
2131, 1173, 1159
[[-8.5155560e-02  9.9519726e-01 -4.5154020e-02 -6.1540000e+01]
 [ 2.8289820e-02  4.7855000e-02  9.9832526e-01  1.3240000e+02]
 [ 9.9581934e-01  8.3881180e-02 -3.2093800e-02 -1.1715600e+03]
 [ 0.0000000e+00  0.0000000e+00  0.0000000e+00  1.0000000e+00]]
[-0108.36, +0104.48, -1123.90]
1074, 1279, 1458
[[-8.4462740e-02  9.9521862e-01 -4.4614380e-02 -6.1450000e+01]
 [ 2.7130620e-02  4.7253260e-02  9.9833162e-01  1.3230000e+02]
 [ 9.9584862e-01  8.3318620e-02 -3.0799240e-02 -1.1715800e+03]
 [ 0.0000000e+00  0.0000000e+00  0.0000000e+00  1.0000000e+00]]
[-0204.82, +0032.77, -1082.46]
2063, 798, 1432
[[-8.5556680e-02  9.9518954e-01 -4.4748500e-02 -6.1550000e+01]
 [ 2.8297540e-02  4.7453880e-02  9.9835150e-01  1.3234000e+02]
 [ 9.9579310e-01  8.4286700e-02 -3.2093800e-02 -1.1715700e+03]
 [ 0.0000000e+00  0.0000000e+00  0.0000000e+00  1.0000000e+00]]
[-0144.90, +0132.25, -1139.53]
1474, 2195, 1071
[[-8.4739200e-02  9.9518344e-01 -4.5992720e-02 -6.1480000e+01]
 [ 2.7466480e-02  4.8624240e-02  9.9830156e-01  1.3247000e+02]
 [ 9.9586696e-01  8.3488520e-02 -3.1309200e-02 -1.1716300e+03]
 [ 0.0000000e+00  0.0000000e+00  0.0000000e+00  1.0000000e+00]]
[-0115.78, -0015.87, -1126.29]
1308, 1704, 1792
[[-8.4262120e-02  9.9519986e-01 -4.5441380e-02 -6.1520000e+01]
 [ 2.6502460e-02  4.8022620e-02  9.9831334e-01  1.3236000e+02]
 [ 9.9588418e-01  8.3121260e-02 -3.0230500e-02 -1.1716200e+03]
 [ 0.0000000e+00  0.0000000e+00  0.0000000e+00  1.0000000e+00]]
[-0205.08, +0022.27, -1098.91]
1064, 1609, 1012
[[-8.3385040e-02  9.9526092e-01 -4.4254400e-02 -6.1370000e+01]
 [ 2.6571000e-02  4.6873900e-02  9.9830760e-01  1.3228000e+02]
 [ 9.9588992e-01  8.2339440e-02 -3.0100900e-02 -1.1716200e+03]
 [ 0.0000000e+00  0.0000000e+00  0.0000000e+00  1.0000000e+00]]
[-0147.98, -0007.95, -1085.96]
1321, 916, 1579
[[-8.4663400e-02  9.9510696e-01 -4.4512080e-02 -6.1480000e+01]
 [ 2.7026640e-02  4.7242220e-02  9.9824814e-01  1.3228000e+02]
 [ 9.9573528e-01  8.3617740e-02 -3.0609620e-02 -1.1716000e+03]
 [ 0.0000000e+00  0.0000000e+00  0.0000000e+00  1.0000000e+00]]
[-0207.10, +0092.21, -1096.68]
1803, 1551, 1592
[[-8.5340820e-02  9.9516454e-01 -4.5592900e-02 -6.1550000e+01]
 [ 2.7269540e-02  4.8212120e-02  9.9833930e-01  1.3238000e+02]
 [ 9.9583510e-01  8.4098300e-02 -3.1119700e-02 -1.1716100e+03]
 [ 0.0000000e+00  0.0000000e+00  0.0000000e+00  1.0000000e+00]]
[-0155.05, +0067.05, -1088.92]
900, 1329, 995
[[-8.3385040e-02  9.9528312e-01 -4.3630280e-02 -6.1310000e+01]
 [ 2.7195120e-02  4.6304560e-02  9.9831252e-01  1.3224000e+02]
 [ 9.9586772e-01  8.2334520e-02 -3.0670240e-02 -1.1715900e+03]
 [ 0.0000000e+00  0.0000000e+00  0.0000000e+00  1.0000000e+00]]
[-0167.53, +0000.36, -1074.07]
1445, 1888, 1661
[[-8.4523380e-02  9.9509634e-01 -4.5688040e-02 -6.1510000e+01]
 [ 2.7579860e-02  4.8434700e-02  9.9820308e-01  1.3239000e+02]
 [ 9.9576276e-01  8.3386520e-02 -3.1282920e-02 -1.1716000e+03]
 [ 0.0000000e+00  0.0000000e+00  0.0000000e+00  1.0000000e+00]]
[-0175.65, +0012.26, -1094.33]
2229, 2007, 1374
[[-8.5681480e-02  9.9496070e-01 -4.6478540e-02 -6.1610000e+01]
 [ 2.9611100e-02  4.9436600e-02  9.9809630e-01  1.3256000e+02]
 [ 9.9560546e-01  8.4417100e-02 -3.3442920e-02 -1.1715800e+03]
 [ 0.0000000e+00  0.0000000e+00  0.0000000e+00  1.0000000e+00]]
[-0108.37, +0048.52, -1114.20]
1931, 870, 2153
[[-8.6976900e-02  9.9503678e-01 -4.4037440e-02 -6.1720000e+01]
 [ 2.7992180e-02  4.6818300e-02  9.9833656e-01  1.3226000e+02]
 [ 9.9561736e-01  8.5797760e-02 -3.1740960e-02 -1.1714800e+03]
 [ 0.0000000e+00  0.0000000e+00  0.0000000e+00  1.0000000e+00]]
[-0201.96, +0117.99, -1149.40]
1133, 2246, 1216
[[-8.3876160e-02  9.9522056e-01 -4.5621760e-02 -6.1350000e+01]
 [ 2.7102640e-02  4.8245120e-02  9.9828328e-01  1.3247000e+02]
 [ 9.9589696e-01  8.2704880e-02 -3.0825280e-02 -1.1716300e+03]
 [ 0.0000000e+00  0.0000000e+00  0.0000000e+00  1.0000000e+00]]
[-0144.24, -0035.06, -1134.80]
1226, 1023, 2231
[[-8.4492900e-02  9.9520768e-01 -4.5205160e-02 -6.1510000e+01]
 [ 2.7305120e-02  4.7844080e-02  9.9831484e-01  1.3232000e+02]
 [ 9.9585956e-01  8.3305240e-02 -3.1040980e-02 -1.1716100e+03]
 [ 0.0000000e+00  0.0000000e+00  0.0000000e+00  1.0000000e+00]]
[-0243.77, +0075.91, -1150.77]
1212, 750, 945
[[-8.3326480e-02  9.9538984e-01 -4.2972240e-02 -6.1250000e+01]
 [ 2.6329040e-02  4.5501680e-02  9.9843672e-01  1.3218000e+02]
 [ 9.9596904e-01  8.2268880e-02 -2.9808800e-02 -1.1716200e+03]
 [ 0.0000000e+00  0.0000000e+00  0.0000000e+00  1.0000000e+00]]
[-0155.39, +0092.42, -1070.94]
1599, 905, 1317
[[-8.4462740e-02  9.9513330e-01 -4.4090280e-02 -6.1400000e+01]
 [ 2.7647220e-02  4.6873900e-02  9.9824004e-01  1.3228000e+02]
 [ 9.9572580e-01  8.3410200e-02 -3.1178600e-02 -1.1715900e+03]
 [ 0.0000000e+00  0.0000000e+00  0.0000000e+00  1.0000000e+00]]
[-0160.66, +0107.70, -1093.85]
1372, 1281, 1831
[[-8.4046500e-02  9.9545100e-01 -4.4419600e-02 -6.1400000e+01]
 [ 2.7355400e-02  4.6884780e-02  9.9850788e-01  1.3230000e+02]
 [ 9.9606600e-01  8.2726120e-02 -3.1152720e-02 -1.1715800e+03]
 [ 0.0000000e+00  0.0000000e+00  0.0000000e+00  1.0000000e+00]]
[-0214.98, +0062.68, -1099.47]
1982, 1303, 1006
[[-8.4061540e-02  9.9525634e-01 -4.4187260e-02 -6.1370000e+01]
 [ 2.7955460e-02  4.6895580e-02  9.9831218e-01  1.3232000e+02]
 [ 9.9584446e-01  8.2906780e-02 -3.1558120e-02 -1.1715900e+03]
 [ 0.0000000e+00  0.0000000e+00  0.0000000e+00  1.0000000e+00]]
[-0097.19, +0086.43, -1114.53]
1572, 2162, 1297
[[-8.3876160e-02  9.9522816e-01 -4.5413680e-02 -6.1390000e+01]
 [ 2.7310720e-02  4.8055500e-02  9.9828504e-01  1.3242000e+02]
 [ 9.9588936e-01  8.2703120e-02 -3.1014900e-02 -1.1716200e+03]
 [ 0.0000000e+00  0.0000000e+00  0.0000000e+00  1.0000000e+00]]
[-0128.05, -0009.01, -1113.84]
2153, 1723, 1820
[[-8.6235460e-02  9.9504646e-01 -4.5612880e-02 -6.1570000e+01]
 [ 2.8740580e-02  4.8423740e-02  9.9825296e-01  1.3245000e+02]
 [ 9.9567664e-01  8.4956080e-02 -3.2604960e-02 -1.1715600e+03]
 [ 0.0000000e+00  0.0000000e+00  0.0000000e+00  1.0000000e+00]]
[-0149.93, +0079.93, -1103.12]
1683, 1978, 886
[[-8.3816000e-02  9.9534288e-01 -4.4547840e-02 -6.1310000e+01]
 [ 2.6652960e-02  4.7063600e-02  9.9841168e-01  1.3234000e+02]
 [ 9.9598272e-01  8.2636640e-02 -3.0342160e-02 -1.1716400e+03]
 [ 0.0000000e+00  0.0000000e+00  0.0000000e+00  1.0000000e+00]]
[-0094.31, +0008.13, -1121.89]
1945, 1398, 1777
[[-8.4939700e-02  9.9509478e-01 -4.5265760e-02 -6.1510000e+01]
 [ 2.7986820e-02  4.8044620e-02  9.9822336e-01  1.3237000e+02]
 [ 9.9573056e-01  8.3782560e-02 -3.1688320e-02 -1.1716100e+03]
 [ 0.0000000e+00  0.0000000e+00  0.0000000e+00  1.0000000e+00]]
[-0168.10, +0093.58, -1102.61]
1232, 2070, 1694
[[-8.3460040e-02  9.9536024e-01 -4.5111280e-02 -6.1380000e+01]
 [ 2.7635920e-02  4.7686860e-02  9.9836666e-01  1.3238000e+02]
 [ 9.9599864e-01  8.2205380e-02 -3.1368340e-02 -1.1715900e+03]
 [ 0.0000000e+00  0.0000000e+00  0.0000000e+00  1.0000000e+00]]
[-0182.55, -0017.37, -1116.12]
1295, 1141, 782
[[-8.3370280e-02  9.9529206e-01 -4.3230820e-02 -6.1240000e+01]
 [ 2.7211740e-02  4.5914040e-02  9.9832146e-01  1.3224000e+02]
 [ 9.9585878e-01  8.2340340e-02 -3.0644680e-02 -1.1716000e+03]
 [ 0.0000000e+00  0.0000000e+00  0.0000000e+00  1.0000000e+00]]
[-0118.43, +0049.04, -1073.66]
1065, 1407, 2211
[[-8.4277200e-02  9.9521316e-01 -4.5216480e-02 -6.1480000e+01]
 [ 2.7110040e-02  4.7844080e-02  9.9830936e-01  1.3233000e+02]
 [ 9.9587088e-01  8.3110160e-02 -3.0825280e-02 -1.1715900e+03]
 [ 0.0000000e+00  0.0000000e+00  0.0000000e+00  1.0000000e+00]]
[-0245.73, +0038.29, -1144.38]
1023, 954, 875
[[-8.3527300e-02  9.9537872e-01 -4.2977740e-02 -6.1200000e+01]
 [ 2.6124880e-02  4.5490680e-02  9.9844784e-01  1.3216000e+02]
 [ 9.9596354e-01  8.2473040e-02 -2.9618980e-02 -1.1716000e+03]
 [ 0.0000000e+00  0.0000000e+00  0.0000000e+00  1.0000000e+00]]
[-0156.61, +0049.31, -1060.02]
1260, 1176, 1655
[[-8.4879060e-02  9.9529460e-01 -4.4924580e-02 -6.1530000e+01]
 [ 2.6812920e-02  4.7431800e-02  9.9844156e-01  1.3216000e+02]
 [ 9.9594710e-01  8.3625000e-02 -3.0635700e-02 -1.1716700e+03]
 [ 0.0000000e+00  0.0000000e+00  0.0000000e+00  1.0000000e+00]]
[-0211.88, +0061.35, -1091.30]
1778, 1946, 1300
[[-8.4508100e-02  9.9522120e-01 -4.4980200e-02 -6.1400000e+01]
 [ 2.7912720e-02  4.7665340e-02  9.9831060e-01  1.3252000e+02]
 [ 9.9584604e-01  8.3294280e-02 -3.1636000e-02 -1.1716400e+03]
 [ 0.0000000e+00  0.0000000e+00  0.0000000e+00  1.0000000e+00]]
[-0117.84, +0023.96, -1100.28]
2080, 1762, 772
[[-8.4338320e-02  9.9514460e-01 -4.4833320e-02 -6.1430000e+01]
 [ 2.9016200e-02  4.7697500e-02  9.9819210e-01  1.3240000e+02]
 [ 9.9573132e-01  8.3166300e-02 -3.2636820e-02 -1.1716200e+03]
 [ 0.0000000e+00  0.0000000e+00  0.0000000e+00  1.0000000e+00]]
[-0078.87, +0048.43, -1136.70]
2019, 1834, 2229
[[-8.5602880e-02  9.9505352e-01 -4.6047120e-02 -6.1610000e+01]
 [ 2.8138480e-02  4.8813740e-02  9.9822702e-01  1.3244000e+02]
 [ 9.9572088e-01  8.4364980e-02 -3.1983380e-02 -1.1715900e+03]
 [ 0.0000000e+00  0.0000000e+00  0.0000000e+00  1.0000000e+00]]
[-0192.97, +0066.02, -1110.38]
2077, 1572, 1593
[[-8.4939700e-02  9.9510244e-01 -4.5057580e-02 -6.1500000e+01]
 [ 2.8195000e-02  4.7855000e-02  9.9822500e-01  1.3239000e+02]
 [ 9.9572290e-01  8.3780920e-02 -3.1877940e-02 -1.1716000e+03]
 [ 0.0000000e+00  0.0000000e+00  0.0000000e+00  1.0000000e+00]]
[-0136.10, +0082.49, -1101.65]
1413, 1618, 1288
[[-8.3630340e-02  9.9536738e-01 -4.4317680e-02 -6.1360000e+01]
 [ 2.7464820e-02  4.6895580e-02  9.9839632e-01  1.3232000e+02]
 [ 9.9597488e-01  8.2421520e-02 -3.1126920e-02 -1.1716300e+03]
 [ 0.0000000e+00  0.0000000e+00  0.0000000e+00  1.0000000e+00]]
[-0150.96, +0024.83, -1081.14]
1851, 876, 889
[[-8.397250e-02  9.953588e-01 -4.335490e-02 -6.134000e+01]
 [ 2.649880e-02  4.588128e-02  9.984500e-01  1.322500e+02]
 [ 9.959501e-01  8.285800e-02 -3.007522e-02 -1.171640e+03]
 [ 0.000000e+00  0.000000e+00  0.000000e+00  1.000000e+00]]
[-0105.31, +0113.45, -1118.90]
2014, 1173, 1112
[[-8.4909220e-02  9.9521356e-01 -4.4574760e-02 -6.1440000e+01]
 [ 2.7920360e-02  4.7264220e-02  9.9833668e-01  1.3235000e+02]
 [ 9.9581996e-01  8.3699720e-02 -3.1636000e-02 -1.1716400e+03]
 [ 0.0000000e+00  0.0000000e+00  0.0000000e+00  1.0000000e+00]]
[-0108.27, +0099.76, -1115.27]
878, 1068, 2115
[[-8.4016660e-02  9.9523876e-01 -4.4237480e-02 -6.1380000e+01]
 [ 2.6757080e-02  4.6862940e-02  9.9832976e-01  1.3227000e+02]
 [ 9.9586204e-01  8.2934080e-02 -3.0342160e-02 -1.1716200e+03]
 [ 0.0000000e+00  0.0000000e+00  0.0000000e+00  1.0000000e+00]]
[-0255.40, +0050.65, -1154.51]
2003, 1553, 1658
[[-8.4939700e-02  9.9520270e-01 -4.5165500e-02 -6.1490000e+01]
 [ 2.8094740e-02  4.7855000e-02  9.9831982e-01  1.3243000e+02]
 [ 9.9583082e-01  8.3686100e-02 -3.1877940e-02 -1.1716500e+03]
 [ 0.0000000e+00  0.0000000e+00  0.0000000e+00  1.0000000e+00]]
[-0143.68, +0079.26, -1097.74]
1373, 1967, 1238
[[-8.3845920e-02  9.9514640e-01 -4.4506960e-02 -6.1370000e+01]
 [ 2.7444400e-02  4.7275100e-02  9.9820870e-01  1.3236000e+02]
 [ 9.9576304e-01  8.2809700e-02 -3.0962980e-02 -1.1716300e+03]
 [ 0.0000000e+00  0.0000000e+00  0.0000000e+00  1.0000000e+00]]
[-0137.44, -0009.80, -1102.47]
1500, 1470, 1335
[[-8.4262120e-02  9.9533776e-01 -4.4508600e-02 -6.1410000e+01]
 [ 2.7442760e-02  4.7074520e-02  9.9841680e-01  1.3231000e+02]
 [ 9.9595440e-01  8.3017800e-02 -3.1178600e-02 -1.1716400e+03]
 [ 0.0000000e+00  0.0000000e+00  0.0000000e+00  1.0000000e+00]]
[-0153.02, +0047.19, -1078.87]
1395, 1067, 1792
[[-8.4232200e-02  9.9523326e-01 -4.4226220e-02 -6.1400000e+01]
 [ 2.6952260e-02  4.6862940e-02  9.9833526e-01  1.3230000e+02]
 [ 9.9585078e-01  8.3129260e-02 -3.0557700e-02 -1.1716200e+03]
 [ 0.0000000e+00  0.0000000e+00  0.0000000e+00  1.0000000e+00]]
[-0214.76, +0084.59, -1105.27]
1031, 1917, 1046
[[-8.296900e-02  9.953852e-01 -4.415980e-02 -6.130000e+01]
 [ 2.668780e-02  4.669500e-02  9.983876e-01  1.323200e+02]
 [ 9.960068e-01  8.184340e-02 -3.026500e-02 -1.171640e+03]
 [ 0.000000e+00  0.000000e+00  0.000000e+00  1.000000e+00]]
[-0143.50, -0032.00, -1113.47]
1731, 1582, 1433
[[-8.4909220e-02  9.9530628e-01 -4.4890820e-02 -6.1450000e+01]
 [ 2.7611880e-02  4.7453880e-02  9.9842988e-01  1.3239000e+02]
 [ 9.9593542e-01  8.3606520e-02 -3.1446340e-02 -1.1716300e+03]
 [ 0.0000000e+00  0.0000000e+00  0.0000000e+00  1.0000000e+00]]
[-0143.50, +0057.36, -1086.23]
2080, 979, 1798
[[-8.6621140e-02  9.9503250e-01 -4.5224520e-02 -6.1610000e+01]
 [ 2.8348980e-02  4.8011500e-02  9.9828564e-01  1.3240000e+02]
 [ 9.9565620e-01  8.5371000e-02 -3.2199400e-02 -1.1715900e+03]
 [ 0.0000000e+00  0.0000000e+00  0.0000000e+00  1.0000000e+00]]
[-0169.14, +0124.10, -1134.64]
1582, 1926, 1810
[[-8.4262120e-02  9.9521490e-01 -4.5025140e-02 -6.1400000e+01]
 [ 2.6918700e-02  4.7643500e-02  9.9831690e-01  1.3241000e+02]
 [ 9.9586914e-01  8.3117700e-02 -3.0609620e-02 -1.1716500e+03]
 [ 0.0000000e+00  0.0000000e+00  0.0000000e+00  1.0000000e+00]]
[-0181.48, +0017.52, -1097.69]
1771, 936, 1110
[[-8.4031540e-02  9.9535978e-01 -4.3912320e-02 -6.1410000e+01]
 [ 2.7472420e-02  4.6494380e-02  9.9842208e-01  1.3222000e+02]
 [ 9.9594912e-01  8.2826880e-02 -3.1126920e-02 -1.1716300e+03]
 [ 0.0000000e+00  0.0000000e+00  0.0000000e+00  1.0000000e+00]]
[-0128.92, +0110.44, -1102.83]
1281, 771, 1509
[[-8.4217360e-02  9.9535008e-01 -4.3726400e-02 -6.1370000e+01]
 [ 2.7076800e-02  4.6282800e-02  9.9844080e-01  1.3222000e+02]
 [ 9.9594208e-01  8.3038560e-02 -3.0721600e-02 -1.1716300e+03]
 [ 0.0000000e+00  0.0000000e+00  0.0000000e+00  1.0000000e+00]]
[-0207.13, +0102.38, -1100.08]
1357, 2161, 950
[[-8.4061540e-02  9.9522618e-01 -4.5019660e-02 -6.1360000e+01]
 [ 2.7123060e-02  4.7654460e-02  9.9830562e-01  1.3244000e+02]
 [ 9.9587462e-01  8.2913340e-02 -3.0799240e-02 -1.1716500e+03]
 [ 0.0000000e+00  0.0000000e+00  0.0000000e+00  1.0000000e+00]]
[-0112.75, -0021.11, -1131.36]
1515, 1538, 1544
[[-8.4262120e-02  9.9522994e-01 -4.4608900e-02 -6.1410000e+01]
 [ 2.7334940e-02  4.7264220e-02  9.9832030e-01  1.3235000e+02]
 [ 9.9585410e-01  8.3114300e-02 -3.0988900e-02 -1.1716300e+03]
 [ 0.0000000e+00  0.0000000e+00  0.0000000e+00  1.0000000e+00]]
[-0171.50, +0047.56, -1082.71]
1263, 1453, 861
[[-8.4187920e-02  9.9534596e-01 -4.3551800e-02 -6.1290000e+01]
 [ 2.6485960e-02  4.6071020e-02  9.9845390e-01  1.3230000e+02]
 [ 9.9594620e-01  8.3054900e-02 -3.0100900e-02 -1.1716500e+03]
 [ 0.0000000e+00  0.0000000e+00  0.0000000e+00  1.0000000e+00]]
[-0121.24, +0018.48, -1080.91]
1089, 1110, 1964
[[-8.4648480e-02  9.9510120e-01 -4.4528960e-02 -6.1440000e+01]
 [ 2.6627200e-02  4.7231100e-02  9.9825390e-01  1.3227000e+02]
 [ 9.9574104e-01  8.3626900e-02 -3.0204420e-02 -1.1716400e+03]
 [ 0.0000000e+00  0.0000000e+00  0.0000000e+00  1.0000000e+00]]
[-0244.43, +0059.52, -1126.94]
2009, 1210, 1756
[[-8.514024e-02  9.950986e-01 -4.485484e-02 -6.150000e+01]
 [ 2.819884e-02  4.765446e-02  9.982381e-01  1.323700e+02]
 [ 9.957098e-01  8.398366e-02 -3.187794e-02 -1.171630e+03]
 [ 0.000000e+00  0.000000e+00  0.000000e+00  1.000000e+00]]
[-0162.23, +0109.34, -1113.70]
2089, 879, 1181
[[-8.5109840e-02  9.9521724e-01 -4.4163840e-02 -6.1450000e+01]
 [ 2.8132440e-02  4.6873900e-02  9.9835128e-01  1.3232000e+02]
 [ 9.9579936e-01  8.3900880e-02 -3.1825700e-02 -1.1716000e+03]
 [ 0.0000000e+00  0.0000000e+00  0.0000000e+00  1.0000000e+00]]
[-0121.27, +0124.55, -1135.30]
1966, 813, 1963
[[-8.5325620e-02  9.9518146e-01 -4.4985220e-02 -6.1590000e+01]
 [ 2.7494740e-02  4.7632460e-02  9.9835034e-01  1.3232000e+02]
 [ 9.9581818e-01  8.4102460e-02 -3.1282920e-02 -1.1715900e+03]
 [ 0.0000000e+00  0.0000000e+00  0.0000000e+00  1.0000000e+00]]
[-0188.84, +0125.47, -1148.33]
1172, 1039, 1005
[[-8.4388740e-02  9.9524162e-01 -4.3241500e-02 -6.1310000e+01]
 [ 2.6590300e-02  4.5870200e-02  9.9837190e-01  1.3223000e+02]
 [ 9.9582562e-01  8.3352340e-02 -3.0100900e-02 -1.1716600e+03]
 [ 0.0000000e+00  0.0000000e+00  0.0000000e+00  1.0000000e+00]]
[-0156.49, +0054.13, -1065.13]
1466, 1983, 1095
[[-8.3830920e-02  9.9523338e-01 -4.4839540e-02 -6.1300000e+01]
 [ 2.6736580e-02  4.7453880e-02  9.9830766e-01  1.3235000e+02]
 [ 9.9588414e-01  8.2725740e-02 -3.0368040e-02 -1.1716000e+03]
 [ 0.0000000e+00  0.0000000e+00  0.0000000e+00  1.0000000e+00]]
[-0118.00, -0004.01, -1107.32]
1766, 1399, 1194
[[-8.4432900e-02  9.9522198e-01 -4.4231740e-02 -6.1350000e+01]
 [ 2.6747980e-02  4.6851900e-02  9.9834654e-01  1.3231000e+02]
 [ 9.9584526e-01  8.3333540e-02 -3.0368040e-02 -1.1716000e+03]
 [ 0.0000000e+00  0.0000000e+00  0.0000000e+00  1.0000000e+00]]
[-0121.90, +0070.11, -1090.36]
1754, 1668, 1821
[[-8.4462740e-02  9.9531144e-01 -4.4930340e-02 -6.1350000e+01]
 [ 2.6822160e-02  4.7442880e-02  9.9842472e-01  1.3233000e+02]
 [ 9.9596394e-01  8.3225520e-02 -3.0609620e-02 -1.1715600e+03]
 [ 0.0000000e+00  0.0000000e+00  0.0000000e+00  1.0000000e+00]]
[-0175.23, +0057.68, -1091.94]
1104, 1381, 808
[[-8.3570980e-02  9.9528084e-01 -4.3236240e-02 -6.1210000e+01]
 [ 2.7007560e-02  4.5903200e-02  9.9833268e-01  1.3224000e+02]
 [ 9.9585336e-01  8.2544520e-02 -3.0454820e-02 -1.1716100e+03]
 [ 0.0000000e+00  0.0000000e+00  0.0000000e+00  1.0000000e+00]]
[-0128.45, +0010.11, -1076.58]
910, 1907, 1004
[[-8.2969000e-02  9.9527750e-01 -4.4260100e-02 -6.1230000e+01]
 [ 2.6580100e-02  4.6884780e-02  9.9829102e-01  1.3230000e+02]
 [ 9.9590650e-01  8.1939980e-02 -3.0075220e-02 -1.1716100e+03]
 [ 0.0000000e+00  0.0000000e+00  0.0000000e+00  1.0000000e+00]]
[-0147.78, -0039.45, -1119.74]
1044, 1124, 1643
[[-8.4031540e-02  9.9535978e-01 -4.3912320e-02 -6.1310000e+01]
 [ 2.7472420e-02  4.6494380e-02  9.9842208e-01  1.3224000e+02]
 [ 9.9594912e-01  8.2826880e-02 -3.1126920e-02 -1.1715700e+03]
 [ 0.0000000e+00  0.0000000e+00  0.0000000e+00  1.0000000e+00]]
[-0227.66, +0049.99, -1097.00]
786, 1391, 948
[[-8.3341000e-02  9.9528058e-01 -4.3264060e-02 -6.1170000e+01]
 [ 2.6412820e-02  4.5892280e-02  9.9833294e-01  1.3221000e+02]
 [ 9.9587026e-01  8.2358140e-02 -2.9834280e-02 -1.1716200e+03]
 [ 0.0000000e+00  0.0000000e+00  0.0000000e+00  1.0000000e+00]]
[-0168.76, -0016.68, -1082.18]
1004, 1067, 1714
[[-8.4016660e-02  9.9535394e-01 -4.3929040e-02 -6.1330000e+01]
 [ 2.7072940e-02  4.6483500e-02  9.9842792e-01  1.3224000e+02]
 [ 9.9595496e-01  8.2835920e-02 -3.0721600e-02 -1.1715900e+03]
 [ 0.0000000e+00  0.0000000e+00  0.0000000e+00  1.0000000e+00]]
[-0237.24, +0053.23, -1106.65]
1948, 1385, 1154
[[-8.3645380e-02  9.9525796e-01 -4.4609360e-02 -6.1390000e+01]
 [ 2.7548440e-02  4.7285900e-02  9.9829228e-01  1.3230000e+02]
 [ 9.9587624e-01  8.2510520e-02 -3.1152720e-02 -1.1715900e+03]
 [ 0.0000000e+00  0.0000000e+00  0.0000000e+00  1.0000000e+00]]
[-0108.13, +0081.39, -1104.63]
899, 1375, 2003
[[-8.403154e-02  9.951293e-01 -4.452916e-02 -6.135000e+01]
 [ 2.684066e-02  4.725326e-02  9.982258e-01  1.322800e+02]
 [ 9.957634e-01  8.302316e-02 -3.036804e-02 -1.171590e+03]
 [ 0.000000e+00  0.000000e+00  0.000000e+00  1.000000e+00]]
[-0247.36, +0024.76, -1138.48]
1885, 1286, 2245
[[-8.5634080e-02  9.9506576e-01 -4.6013040e-02 -6.1630000e+01]
 [ 2.8937360e-02  4.8835580e-02  9.9821478e-01  1.3243000e+02]
 [ 9.9570864e-01  8.4346020e-02 -3.2794500e-02 -1.1715400e+03]
 [ 0.0000000e+00  0.0000000e+00  0.0000000e+00  1.0000000e+00]]
[-0207.21, +0094.82, -1129.19]
881, 1099, 1418
[[-8.3125700e-02  9.9528606e-01 -4.3275180e-02 -6.1220000e+01]
 [ 2.6217540e-02  4.5892280e-02  9.9832746e-01  1.3219000e+02]
 [ 9.9588138e-01  8.2162860e-02 -2.9618980e-02 -1.1716400e+03]
 [ 0.0000000e+00  0.0000000e+00  0.0000000e+00  1.0000000e+00]]
[-0220.69, +0032.92, -1085.96]
2215, 2069, 2221
[[-8.6931280e-02  9.9489324e-01 -4.6876240e-02 -6.1690000e+01]
 [ 2.9165640e-02  4.9782880e-02  9.9814452e-01  1.3255000e+02]
 [ 9.9556984e-01  8.5618680e-02 -3.3144400e-02 -1.1715800e+03]
 [ 0.0000000e+00  0.0000000e+00  0.0000000e+00  1.0000000e+00]]
[-0172.53, +0056.64, -1107.93]
1162, 1964, 1421
[[-8.3816000e-02  9.9524256e-01 -4.4440080e-02 -6.1320000e+01]
 [ 2.6753280e-02  4.7063600e-02  9.9831684e-01  1.3230000e+02]
 [ 9.9587496e-01  8.2731480e-02 -3.0342160e-02 -1.1716200e+03]
 [ 0.0000000e+00  0.0000000e+00  0.0000000e+00  1.0000000e+00]]
[-0168.24, -0019.34, -1107.84]
1405, 1957, 932
[[-8.4447780e-02  9.9522776e-01 -4.4214920e-02 -6.1320000e+01]
 [ 2.7147440e-02  4.6862940e-02  9.9834076e-01  1.3232000e+02]
 [ 9.9583948e-01  8.3324440e-02 -3.0773280e-02 -1.1716200e+03]
 [ 0.0000000e+00  0.0000000e+00  0.0000000e+00  1.0000000e+00]]
[-0109.50, -0007.79, -1114.10]
1087, 2102, 789
[[-8.3184420e-02  9.9527208e-01 -4.4248960e-02 -6.1240000e+01]
 [ 2.6775280e-02  4.6884780e-02  9.9829644e-01  1.3235000e+02]
 [ 9.9589536e-01  8.2135160e-02 -3.0290640e-02 -1.1716400e+03]
 [ 0.0000000e+00  0.0000000e+00  0.0000000e+00  1.0000000e+00]]
[-0115.91, -0034.85, -1140.45]
1251, 1764, 1909
[[-8.5340820e-02  9.9507948e-01 -4.5068540e-02 -6.1450000e+01]
 [ 2.7786280e-02  4.7833080e-02  9.9824796e-01  1.3237000e+02]
 [ 9.9571194e-01  8.4189640e-02 -3.1498740e-02 -1.1716000e+03]
 [ 0.0000000e+00  0.0000000e+00  0.0000000e+00  1.0000000e+00]]
[-0215.00, +0016.06, -1110.46]
1475, 1660, 901
[[-8.3615380e-02  9.9536900e-01 -4.4126260e-02 -6.1300000e+01]
 [ 2.7273400e-02  4.6695000e-02  9.9840380e-01  1.3230000e+02]
 [ 9.9597326e-01  8.2429000e-02 -3.0911380e-02 -1.1716100e+03]
 [ 0.0000000e+00  0.0000000e+00  0.0000000e+00  1.0000000e+00]]
[-0106.56, +0020.03, -1095.26]
1962, 844, 2111
[[-8.8952840e-02  9.9475896e-01 -4.4721960e-02 -6.2090000e+01]
 [ 2.9705640e-02  4.7788280e-02  9.9817832e-01  1.3199000e+02]
 [ 9.9532056e-01  8.7732520e-02 -3.3550120e-02 -1.1714500e+03]
 [ 0.0000000e+00  0.0000000e+00  0.0000000e+00  1.0000000e+00]]
[-0197.87, +0119.65, -1149.15]
2003, 1965, 1320
[[-8.5541440e-02  9.9518352e-01 -4.4765520e-02 -6.1450000e+01]
 [ 2.7898080e-02  4.7442880e-02  9.9835752e-01  1.3242000e+02]
 [ 9.9579912e-01  8.4295920e-02 -3.1688320e-02 -1.1716500e+03]
 [ 0.0000000e+00  0.0000000e+00  0.0000000e+00  1.0000000e+00]]
[-0109.60, +0037.92, -1107.15]
1083, 1911, 1097
[[-8.3140260e-02  9.9539938e-01 -4.3158240e-02 -6.1190000e+01]
 [ 2.6724660e-02  4.5713340e-02  9.9841832e-01  1.3228000e+02]
 [ 9.9597608e-01  8.2057440e-02 -3.0213960e-02 -1.1715700e+03]
 [ 0.0000000e+00  0.0000000e+00  0.0000000e+00  1.0000000e+00]]
[-0145.20, -0026.61, -1109.42]
2051, 2206, 2077
[[-8.5834500e-02  9.9495392e-01 -4.5910440e-02 -6.1550000e+01]
 [ 2.8833120e-02  4.8824700e-02  9.9813164e-01  1.3249000e+02]
 [ 9.9559516e-01  8.4645240e-02 -3.2604960e-02 -1.1715400e+03]
 [ 0.0000000e+00  0.0000000e+00  0.0000000e+00  1.0000000e+00]]
[-0166.79, +0035.37, -1105.37]
1283, 1520, 963
[[-8.3541780e-02  9.9538436e-01 -4.2961100e-02 -6.1180000e+01]
 [ 2.6524360e-02  4.5501680e-02  9.9844220e-01  1.3222000e+02]
 [ 9.9595790e-01  8.2464200e-02 -3.0024100e-02 -1.1715800e+03]
 [ 0.0000000e+00  0.0000000e+00  0.0000000e+00  1.0000000e+00]]
[-0129.04, +0015.87, -1080.90]
861, 1966, 1792
[[-8.3630340e-02  9.9525210e-01 -4.4626020e-02 -6.1360000e+01]
 [ 2.7148980e-02  4.7275100e-02  9.9829814e-01  1.3232000e+02]
 [ 9.9588210e-01  8.2519700e-02 -3.0747400e-02 -1.1716100e+03]
 [ 0.0000000e+00  0.0000000e+00  0.0000000e+00  1.0000000e+00]]
[-0212.55, -0024.22, -1142.03]
1800, 2098, 1750
[[-8.4538740e-02  9.9512540e-01 -4.5046780e-02 -6.1450000e+01]
 [ 2.8603720e-02  4.7876600e-02  9.9820204e-01  1.3240000e+02]
 [ 9.9573370e-01  8.3372200e-02 -3.2257300e-02 -1.1715800e+03]
 [ 0.0000000e+00  0.0000000e+00  0.0000000e+00  1.0000000e+00]]
[-0153.24, +0021.18, -1099.05]
1603, 1694, 1916
[[-8.4247120e-02  9.9533940e-01 -4.4317240e-02 -6.1410000e+01]
 [ 2.7251400e-02  4.6873900e-02  9.9842430e-01  1.3233000e+02]
 [ 9.9595276e-01  8.3025300e-02 -3.0962980e-02 -1.1716000e+03]
 [ 0.0000000e+00  0.0000000e+00  0.0000000e+00  1.0000000e+00]]
[-0197.22, +0046.36, -1097.47]
1454, 1354, 816
[[-8.3957940e-02  9.9538220e-01 -4.2539220e-02 -6.1210000e+01]
 [ 2.6931720e-02  4.5111000e-02  9.9846196e-01  1.3221000e+02]
 [ 9.9592670e-01  8.2860600e-02 -3.0429300e-02 -1.1716200e+03]
 [ 0.0000000e+00  0.0000000e+00  0.0000000e+00  1.0000000e+00]]
[-0106.81, +0042.13, -1085.72]
1847, 2066, 1715
[[-8.4909220e-02  9.9520598e-01 -4.4782940e-02 -6.1430000e+01]
 [ 2.7712180e-02  4.7453880e-02  9.9833506e-01  1.3243000e+02]
 [ 9.9582754e-01  8.3701340e-02 -3.1446340e-02 -1.1716000e+03]
 [ 0.0000000e+00  0.0000000e+00  0.0000000e+00  1.0000000e+00]]
[-0150.46, +0026.02, -1097.85]
1946, 2207, 973
[[-8.3448260e-02  9.9512736e-01 -4.7811420e-02 -6.1350000e+01]
 [ 2.9713680e-02  5.0668640e-02  9.9806624e-01  1.3277000e+02]
 [ 9.9583206e-01  8.2101520e-02 -3.3579460e-02 -1.1716900e+03]
 [ 0.0000000e+00  0.0000000e+00  0.0000000e+00  1.0000000e+00]]
[-0095.41, +0013.72, -1129.64]
893, 1099, 1815
[[-8.3615380e-02  9.9536154e-01 -4.4334320e-02 -6.1320000e+01]
 [ 2.7065340e-02  4.6884780e-02  9.9840216e-01  1.3225000e+02]
 [ 9.9598072e-01  8.2430640e-02 -3.0721600e-02 -1.1716000e+03]
 [ 0.0000000e+00  0.0000000e+00  0.0000000e+00  1.0000000e+00]]
[-0247.69, +0043.50, -1121.64]
1281, 2041, 1148
[[-8.4061540e-02  9.9521864e-01 -4.5227760e-02 -6.1340000e+01]
 [ 2.6914960e-02  4.7844080e-02  9.9830388e-01  1.3237000e+02]
 [ 9.9588216e-01  8.2915080e-02 -3.0609620e-02 -1.1716200e+03]
 [ 0.0000000e+00  0.0000000e+00  0.0000000e+00  1.0000000e+00]]
[-0133.14, -0020.55, -1113.07]
821, 1550, 1037
[[-8.296900e-02  9.952849e-01 -4.405210e-02 -6.125000e+01]
 [ 2.678810e-02  4.669500e-02  9.982927e-01  1.322300e+02]
 [ 9.958991e-01  8.193830e-02 -3.026500e-02 -1.171630e+03]
 [ 0.000000e+00  0.000000e+00  0.000000e+00  1.000000e+00]]
[-0170.45, -0023.09, -1092.58]
2135, 2023, 1067
[[-8.4680580e-02  9.9499502e-01 -4.7076660e-02 -6.1480000e+01]
 [ 3.0009180e-02  5.0058300e-02  9.9803306e-01  1.3264000e+02]
 [ 9.9565594e-01  8.3399340e-02 -3.3822120e-02 -1.1716300e+03]
 [ 0.0000000e+00  0.0000000e+00  0.0000000e+00  1.0000000e+00]]
[-0092.94, +0037.18, -1124.63]
2100, 1438, 1762
[[-8.4909220e-02  9.9506778e-01 -4.5715960e-02 -6.1480000e+01]
 [ 2.6771580e-02  4.8401580e-02  9.9823164e-01  1.3239000e+02]
 [ 9.9575756e-01  8.3804760e-02 -3.0498640e-02 -1.1716100e+03]
 [ 0.0000000e+00  0.0000000e+00  0.0000000e+00  1.0000000e+00]]
[-0153.96, +0096.88, -1107.86]
1367, 1093, 1677
[[-8.4076660e-02  9.9523204e-01 -4.5002920e-02 -6.1400000e+01]
 [ 2.7522520e-02  4.7665340e-02  9.9829976e-01  1.3228000e+02]
 [ 9.9586876e-01  8.2904080e-02 -3.1204560e-02 -1.1715700e+03]
 [ 0.0000000e+00  0.0000000e+00  0.0000000e+00  1.0000000e+00]]
[-0206.94, +0078.90, -1094.75]
1045, 783, 903
[[-8.372816e-02  9.953604e-01 -4.319136e-02 -6.124000e+01]
 [ 2.571264e-02  4.566934e-02  9.984573e-01  1.321800e+02]
 [ 9.959652e-01  8.267886e-02 -2.923946e-02 -1.171660e+03]
 [ 0.000000e+00  0.000000e+00  0.000000e+00  1.000000e+00]]
[-0164.30, +0072.58, -1061.51]
772, 1775, 832
[[-8.2352500e-02  9.9542018e-01 -4.3952240e-02 -6.1200000e+01]
 [ 2.7109100e-02  4.6526540e-02  9.9836168e-01  1.3228000e+02]
 [ 9.9602120e-01  8.1238000e-02 -3.0619200e-02 -1.1716000e+03]
 [ 0.0000000e+00  0.0000000e+00  0.0000000e+00  1.0000000e+00]]
[-0144.08, -0043.91, -1118.18]
1053, 1748, 762
[[-8.3184420e-02  9.9537980e-01 -4.4148660e-02 -6.1190000e+01]
 [ 2.6883000e-02  4.6695000e-02  9.9839300e-01  1.3230000e+02]
 [ 9.9599566e-01  8.2038600e-02 -3.0480420e-02 -1.1715500e+03]
 [ 0.0000000e+00  0.0000000e+00  0.0000000e+00  1.0000000e+00]]
[-0118.98, -0022.26, -1106.47]
878, 2169, 1884
[[-8.2674000e-02  9.9523408e-01 -4.7045560e-02 -6.1270000e+01]
 [ 2.6873440e-02  4.9636860e-02  9.9820312e-01  1.3245000e+02]
 [ 9.9598292e-01  8.1490960e-02 -3.0635700e-02 -1.1716400e+03]
 [ 0.0000000e+00  0.0000000e+00  0.0000000e+00  1.0000000e+00]]
[-0203.75, -0026.58, -1149.75]
1878, 1514, 1731
[[-8.3845920e-02  9.9534696e-01 -4.4722560e-02 -6.1270000e+01]
 [ 2.7243840e-02  4.7275100e-02  9.9839842e-01  1.3230000e+02]
 [ 9.9597864e-01  8.2619980e-02 -3.0962980e-02 -1.1714800e+03]
 [ 0.0000000e+00  0.0000000e+00  0.0000000e+00  1.0000000e+00]]
[-0161.35, +0079.77, -1094.50]
1267, 2010, 1300
[[-8.2567880e-02  9.9539256e-01 -4.4565000e-02 -6.1130000e+01]
 [ 2.6680440e-02  4.7096120e-02  9.9836200e-01  1.3230000e+02]
 [ 9.9603240e-01  8.1438200e-02 -3.0265000e-02 -1.1714800e+03]
 [ 0.0000000e+00  0.0000000e+00  0.0000000e+00  1.0000000e+00]]
[-0148.50, -0018.94, -1107.34]
1227, 1243, 893
[[-8.2494480e-02  9.9540116e-01 -4.3607400e-02 -6.1180000e+01]
 [ 2.5722840e-02  4.6093020e-02  9.9839870e-01  1.3222000e+02]
 [ 9.9602380e-01  8.1474900e-02 -2.9188500e-02 -1.1715800e+03]
 [ 0.0000000e+00  0.0000000e+00  0.0000000e+00  1.0000000e+00]]
[-0131.74, +0035.77, -1071.07]
2174, 1963, 1745
[[-8.4385000e-02  9.9510868e-01 -4.6239760e-02 -6.1420000e+01]
 [ 2.8757680e-02  4.9057400e-02  9.9816236e-01  1.3252000e+02]
 [ 9.9576724e-01  8.3149360e-02 -3.2525640e-02 -1.1714500e+03]
 [ 0.0000000e+00  0.0000000e+00  0.0000000e+00  1.0000000e+00]]
[-0137.08, +0056.32, -1102.29]
1165, 1522, 1576
[[-8.3399880e-02  9.9525922e-01 -4.4445820e-02 -6.1280000e+01]
 [ 2.6762420e-02  4.7074520e-02  9.9830018e-01  1.3230000e+02]
 [ 9.9589162e-01  8.2332020e-02 -3.0316360e-02 -1.1715400e+03]
 [ 0.0000000e+00  0.0000000e+00  0.0000000e+00  1.0000000e+00]]
[-0199.21, +0019.44, -1089.02]
2000, 2016, 1429
[[-8.4091860e-02  9.9521512e-01 -4.5610480e-02 -6.1370000e+01]
 [ 2.7297680e-02  4.8245120e-02  9.9828872e-01  1.3248000e+02]
 [ 9.9588568e-01  8.2899920e-02 -3.1040980e-02 -1.1716000e+03]
 [ 0.0000000e+00  0.0000000e+00  0.0000000e+00  1.0000000e+00]]
[-0116.12, +0035.61, -1105.33]
2095, 2166, 1741
[[-8.5033060e-02  9.9508482e-01 -4.6413320e-02 -6.1490000e+01]
 [ 2.9134380e-02  4.9247020e-02  9.9817668e-01  1.3256000e+02]
 [ 9.9574052e-01  8.3735880e-02 -3.2984080e-02 -1.1715400e+03]
 [ 0.0000000e+00  0.0000000e+00  0.0000000e+00  1.0000000e+00]]
[-0137.41, +0034.65, -1104.01]
1300, 799, 2233
[[-8.4648480e-02  9.9528704e-01 -4.5160880e-02 -6.1430000e+01]
 [ 2.6010160e-02  4.7610140e-02  9.9843986e-01  1.3228000e+02]
 [ 9.9597152e-01  8.3440940e-02 -2.9825380e-02 -1.1715500e+03]
 [ 0.0000000e+00  0.0000000e+00  0.0000000e+00  1.0000000e+00]]
[-0237.38, +0094.62, -1161.90]
1590, 800, 1124
[[-8.4202600e-02  9.9524394e-01 -4.3635420e-02 -6.1250000e+01]
 [ 2.6777700e-02  4.6271800e-02  9.9835170e-01  1.3224000e+02]
 [ 9.9584010e-01  8.3142420e-02 -3.0316360e-02 -1.1715400e+03]
 [ 0.0000000e+00  0.0000000e+00  0.0000000e+00  1.0000000e+00]]
[-0144.80, +0114.31, -1096.15]
1862, 1342, 1769
[[-8.4492900e-02  9.9521526e-01 -4.4997020e-02 -6.1360000e+01]
 [ 2.7513260e-02  4.7654460e-02  9.9831654e-01  1.3240000e+02]
 [ 9.9585198e-01  8.3303540e-02 -3.1230600e-02 -1.1715200e+03]
 [ 0.0000000e+00  0.0000000e+00  0.0000000e+00  1.0000000e+00]]
[-0173.63, +0091.87, -1100.45]
1546, 2100, 1971
[[-8.4322920e-02  9.9509236e-01 -4.6098840e-02 -6.1390000e+01]
 [ 2.7368040e-02  4.8824700e-02  9.9818818e-01  1.3243000e+02]
 [ 9.9578356e-01  8.3185620e-02 -3.1093380e-02 -1.1715400e+03]
 [ 0.0000000e+00  0.0000000e+00  0.0000000e+00  1.0000000e+00]]
[-0190.54, +0006.12, -1110.33]
1489, 1509, 1060
[[-8.3556340e-02  9.9525320e-01 -4.3877080e-02 -6.1200000e+01]
 [ 2.5983920e-02  4.6461500e-02  9.9833344e-01  1.3232000e+02]
 [ 9.9588100e-01  8.2558400e-02 -2.9480400e-02 -1.1716000e+03]
 [ 0.0000000e+00  0.0000000e+00  0.0000000e+00  1.0000000e+00]]
[-0125.86, +0035.66, -1082.44]
1706, 1053, 870
[[-8.2738900e-02  9.9540698e-01 -4.3563440e-02 -6.1170000e+01]
 [ 2.6717060e-02  4.6114700e-02  9.9839288e-01  1.3227000e+02]
 [ 9.9600152e-01  8.1652240e-02 -3.0213960e-02 -1.1714300e+03]
 [ 0.0000000e+00  0.0000000e+00  0.0000000e+00  1.0000000e+00]]
[-0103.82, +0089.72, -1098.90]
1844, 1804, 1669
[[-8.4061540e-02  9.9531138e-01 -4.5543680e-02 -6.1300000e+01]
 [ 2.6606580e-02  4.8033660e-02  9.9839688e-01  1.3241000e+02]
 [ 9.9599752e-01  8.2822080e-02 -3.0420040e-02 -1.1714500e+03]
 [ 0.0000000e+00  0.0000000e+00  0.0000000e+00  1.0000000e+00]]
[-0152.15, +0047.78, -1091.23]
1386, 1288, 1940
[[-8.3169620e-02  9.9535194e-01 -4.4789280e-02 -6.1240000e+01]
 [ 2.5859460e-02  4.7253260e-02  9.9839344e-01  1.3230000e+02]
 [ 9.9602352e-01  8.2052960e-02 -2.9506120e-02 -1.1714500e+03]
 [ 0.0000000e+00  0.0000000e+00  0.0000000e+00  1.0000000e+00]]
[-0222.01, +0066.56, -1108.57]
1597, 1953, 1659
[[-8.3244420e-02  9.9535800e-01 -4.5330540e-02 -6.1250000e+01]
 [ 2.7232800e-02  4.7876600e-02  9.9835960e-01  1.3239000e+02]
 [ 9.9601746e-01  8.2012000e-02 -3.0962980e-02 -1.1714200e+03]
 [ 0.0000000e+00  0.0000000e+00  0.0000000e+00  1.0000000e+00]]
[-0160.84, +0016.35, -1093.82]
2126, 1075, 1764
[[-8.4523380e-02  9.9520424e-01 -4.5587800e-02 -6.1390000e+01]
 [ 2.7687760e-02  4.8245120e-02  9.9829960e-01  1.3240000e+02]
 [ 9.9586300e-01  8.3290000e-02 -3.1472500e-02 -1.1714300e+03]
 [ 0.0000000e+00  0.0000000e+00  0.0000000e+00  1.0000000e+00]]
[-0161.69, +0120.02, -1128.71]
1313, 893, 1516
[[-8.2093120e-02  9.9541584e-01 -4.3804480e-02 -6.1140000e+01]
 [ 2.5923360e-02  4.6304560e-02  9.9837504e-01  1.3222000e+02]
 [ 9.9604192e-01  8.1068160e-02 -2.9378320e-02 -1.1714400e+03]
 [ 0.0000000e+00  0.0000000e+00  0.0000000e+00  1.0000000e+00]]
[-0201.09, +0093.23, -1092.46]
995, 1793, 1500
[[-8.2523600e-02  9.9527544e-01 -4.4506680e-02 -6.1100000e+01]
 [ 2.5582320e-02  4.7063600e-02  9.9828396e-01  1.3229000e+02]
 [ 9.9594156e-01  8.1560520e-02 -2.9049760e-02 -1.1714700e+03]
 [ 0.0000000e+00  0.0000000e+00  0.0000000e+00  1.0000000e+00]]
[-0191.31, -0017.93, -1107.47]
2024, 1341, 2106
[[-8.4153460e-02  9.9511570e-01 -4.6059880e-02 -6.1420000e+01]
 [ 2.8371380e-02  4.8857100e-02  9.9816484e-01  1.3241000e+02]
 [ 9.9577700e-01  8.2962200e-02 -3.2093800e-02 -1.1713900e+03]
 [ 0.0000000e+00  0.0000000e+00  0.0000000e+00  1.0000000e+00]]
[-0188.75, +0099.81, -1120.67]
910, 1585, 1740
[[-8.2308340e-02  9.9539584e-01 -4.4209380e-02 -6.1090000e+01]
 [ 2.5702720e-02  4.6684160e-02  9.9837696e-01  1.3226000e+02]
 [ 9.9604554e-01  8.1266880e-02 -2.9213940e-02 -1.1714800e+03]
 [ 0.0000000e+00  0.0000000e+00  0.0000000e+00  1.0000000e+00]]
[-0222.94, +0000.14, -1116.00]
1804, 1082, 1465
[[-8.3184420e-02  9.9537238e-01 -4.4356680e-02 -6.1200000e+01]
 [ 2.6674980e-02  4.6884780e-02  9.9839132e-01  1.3230000e+02]
 [ 9.9600308e-01  8.2040280e-02 -3.0290640e-02 -1.1714400e+03]
 [ 0.0000000e+00  0.0000000e+00  0.0000000e+00  1.0000000e+00]]
[-0153.42, +0106.58, -1100.50]
2151, 1382, 1790
[[-8.4338320e-02  9.9521392e-01 -4.5773720e-02 -6.1360000e+01]
 [ 2.8083520e-02  4.8456380e-02  9.9828052e-01  1.3242000e+02]
 [ 9.9587012e-01  8.3077880e-02 -3.1877940e-02 -1.1714100e+03]
 [ 0.0000000e+00  0.0000000e+00  0.0000000e+00  1.0000000e+00]]
[-0155.01, +0102.51, -1112.72]
966, 1480, 1186
[[-8.1476740e-02  9.9554336e-01 -4.3912280e-02 -6.1050000e+01]
 [ 2.6036320e-02  4.6326000e-02  9.9844276e-01  1.3223000e+02]
 [ 9.9617116e-01  8.0369480e-02 -2.9542900e-02 -1.1714400e+03]
 [ 0.0000000e+00  0.0000000e+00  0.0000000e+00  1.0000000e+00]]
[-0176.74, -0003.44, -1082.39]
2212, 2148, 1585
[[-8.3568400e-02  9.9513256e-01 -4.6651520e-02 -6.1350000e+01]
 [ 2.8760080e-02  4.9468400e-02  9.9811936e-01  1.3257000e+02]
 [ 9.9581024e-01  8.2344320e-02 -3.2499360e-02 -1.1714500e+03]
 [ 0.0000000e+00  0.0000000e+00  0.0000000e+00  1.0000000e+00]]
[-0121.25, +0040.06, -1109.65]
1826, 1761, 1005
[[-8.2954240e-02  9.9537952e-01 -4.4176320e-02 -6.1120000e+01]
 [ 2.6288320e-02  4.6684160e-02  9.9839328e-01  1.3230000e+02]
 [ 9.9601248e-01  8.1852480e-02 -2.9859840e-02 -1.1714700e+03]
 [ 0.0000000e+00  0.0000000e+00  0.0000000e+00  1.0000000e+00]]
[-0100.76, +0036.28, -1105.51]
1639, 1716, 1520
[[-8.2352500e-02  9.9528282e-01 -4.4884260e-02 -6.1190000e+01]
 [ 2.6169660e-02  4.7475640e-02  9.9825822e-01  1.3232000e+02]
 [ 9.9595062e-01  8.1341460e-02 -2.9670100e-02 -1.1714400e+03]
 [ 0.0000000e+00  0.0000000e+00  0.0000000e+00  1.0000000e+00]]
[-0158.42, +0037.83, -1085.85]
1780, 1012, 2094
[[-8.3675700e-02  9.9523182e-01 -4.5616340e-02 -6.1360000e+01]
 [ 2.7307060e-02  4.8255960e-02  9.9827202e-01  1.3234000e+02]
 [ 9.9590238e-01  8.2500460e-02 -3.1014900e-02 -1.1714100e+03]
 [ 0.0000000e+00  0.0000000e+00  0.0000000e+00  1.0000000e+00]]
[-0208.24, +0108.85, -1136.86]
1864, 1861, 2241
[[-8.4770080e-02  9.9507968e-01 -4.6267360e-02 -6.1400000e+01]
 [ 2.7949280e-02  4.9025120e-02  9.9819136e-01  1.3245000e+02]
 [ 9.9576256e-01  8.3567840e-02 -3.1740960e-02 -1.1714300e+03]
 [ 0.0000000e+00  0.0000000e+00  0.0000000e+00  1.0000000e+00]]
[-0199.16, +0054.26, -1109.93]
773, 2120, 854
[[-8.2107720e-02  9.9540680e-01 -4.4203960e-02 -6.1020000e+01]
 [ 2.5907000e-02  4.6695000e-02  9.9836600e-01  1.3234000e+02]
 [ 9.9605096e-01  8.1062600e-02 -2.9403720e-02 -1.1715300e+03]
 [ 0.0000000e+00  0.0000000e+00  0.0000000e+00  1.0000000e+00]]
[-0137.51, -0049.25, -1152.31]
2188, 1999, 975
[[-8.3648200e-02  9.9514012e-01 -4.7192440e-02 -6.1330000e+01]
 [ 3.0133160e-02  5.0089260e-02  9.9808282e-01  1.3268000e+02]
 [ 9.9580268e-01  8.2301060e-02 -3.3958900e-02 -1.1715200e+03]
 [ 0.0000000e+00  0.0000000e+00  0.0000000e+00  1.0000000e+00]]
[-0088.40, +0038.57, -1129.47]
2091, 863, 1653
[[-8.4061540e-02  9.9534154e-01 -4.4711280e-02 -6.1300000e+01]
 [ 2.7438980e-02  4.7275100e-02  9.9840384e-01  1.3231000e+02]
 [ 9.9596736e-01  8.2815120e-02 -3.1178600e-02 -1.1714500e+03]
 [ 0.0000000e+00  0.0000000e+00  0.0000000e+00  1.0000000e+00]]
[-0161.10, +0129.21, -1138.99]
1919, 852, 1236
[[-8.2509000e-02  9.9539944e-01 -4.3798920e-02 -6.1170000e+01]
 [ 2.5914360e-02  4.6293720e-02  9.9839144e-01  1.3222000e+02]
 [ 9.9602552e-01  8.1467640e-02 -2.9403720e-02 -1.1715300e+03]
 [ 0.0000000e+00  0.0000000e+00  0.0000000e+00  1.0000000e+00]]
[-0137.35, +0120.60, -1116.96]
1912, 1864, 1575
[[-8.3229300e-02  9.9515172e-01 -4.5131540e-02 -6.1270000e+01]
 [ 2.7033800e-02  4.7865840e-02  9.9817572e-01  1.3239000e+02]
 [ 9.9580770e-01  8.2211000e-02 -3.0557700e-02 -1.1715200e+03]
 [ 0.0000000e+00  0.0000000e+00  0.0000000e+00  1.0000000e+00]]
[-0141.37, +0040.81, -1093.82]
1789, 1321, 2232
[[-8.4508100e-02  9.9509046e-01 -4.5704880e-02 -6.1420000e+01]
 [ 2.7180420e-02  4.8423740e-02  9.9820896e-01  1.3232000e+02]
 [ 9.9576864e-01  8.3395920e-02 -3.0877600e-02 -1.1715000e+03]
 [ 0.0000000e+00  0.0000000e+00  0.0000000e+00  1.0000000e+00]]
[-0215.34, +0087.26, -1128.04]
1669, 763, 961
[[-8.2264900e-02  9.9551592e-01 -4.3326440e-02 -6.1140000e+01]
 [ 2.5443600e-02  4.5702460e-02  9.9849708e-01  1.3219000e+02]
 [ 9.9613340e-01  8.1190200e-02 -2.8948000e-02 -1.1715500e+03]
 [ 0.0000000e+00  0.0000000e+00  0.0000000e+00  1.0000000e+00]]
[-0127.69, +0114.76, -1102.06]
903, 2151, 979
[[-8.2337700e-02  9.9537752e-01 -4.5008340e-02 -6.1130000e+01]
 [ 2.5669920e-02  4.7464800e-02  9.9835864e-01  1.3239000e+02]
 [ 9.9606386e-01  8.1255840e-02 -2.9265060e-02 -1.1715800e+03]
 [ 0.0000000e+00  0.0000000e+00  0.0000000e+00  1.0000000e+00]]
[-0139.69, -0044.84, -1144.69]
1091, 2022, 2158
[[-8.4770080e-02  9.9503312e-01 -4.7516320e-02 -6.1520000e+01]
 [ 2.6700320e-02  5.0161520e-02  9.9818008e-01  1.3249000e+02]
 [ 9.9580912e-01  8.3579120e-02 -3.0604560e-02 -1.1715200e+03]
 [ 0.0000000e+00  0.0000000e+00  0.0000000e+00  1.0000000e+00]]
[-0221.14, -0002.30, -1141.11]
976, 1414, 1276
[[-8.2293780e-02  9.9539762e-01 -4.4017840e-02 -6.1130000e+01]
 [ 2.5511180e-02  4.6483500e-02  9.9838424e-01  1.3224000e+02]
 [ 9.9604376e-01  8.1274160e-02 -2.8998720e-02 -1.1715800e+03]
 [ 0.0000000e+00  0.0000000e+00  0.0000000e+00  1.0000000e+00]]
[-0187.82, +0006.57, -1081.12]
1841, 1245, 2029
[[-8.4924420e-02  9.9528938e-01 -4.5498480e-02 -6.1410000e+01]
 [ 2.7386820e-02  4.8033660e-02  9.9841888e-01  1.3240000e+02]
 [ 9.9595232e-01  8.3602320e-02 -3.1282920e-02 -1.1715200e+03]
 [ 0.0000000e+00  0.0000000e+00  0.0000000e+00  1.0000000e+00]]
[-0198.45, +0099.67, -1119.05]
1125, 934, 1656
[[-8.2107720e-02  9.9531382e-01 -4.3888420e-02 -6.1200000e+01]
 [ 2.6215220e-02  4.6505180e-02  9.9827282e-01  1.3225000e+02]
 [ 9.9593602e-01  8.1155780e-02 -2.9593540e-02 -1.1715200e+03]
 [ 0.0000000e+00  0.0000000e+00  0.0000000e+00  1.0000000e+00]]
[-0225.46, +0076.08, -1100.46]
1978, 2092, 1763
[[-8.3922120e-02  9.9511504e-01 -4.6088000e-02 -6.1370000e+01]
 [ 2.7776960e-02  4.8846380e-02  9.9816550e-01  1.3249000e+02]
 [ 9.9579440e-01  8.2776700e-02 -3.1472500e-02 -1.1715400e+03]
 [ 0.0000000e+00  0.0000000e+00  0.0000000e+00  1.0000000e+00]]
[-0144.64, +0033.87, -1099.89]
2141, 1315, 955
[[-8.4492900e-02  9.9523042e-01 -4.4580740e-02 -6.1280000e+01]
 [ 2.7929540e-02  4.7275100e-02  9.9831982e-01  1.3239000e+02]
 [ 9.9583682e-01  8.3300260e-02 -3.1609960e-02 -1.1715400e+03]
 [ 0.0000000e+00  0.0000000e+00  0.0000000e+00  1.0000000e+00]]
[-0090.25, +0088.42, -1129.10]
1173, 2137, 1716
[[-8.3861000e-02  9.9519966e-01 -4.6054620e-02 -6.1320000e+01]
 [ 2.6287020e-02  4.8613240e-02  9.9828534e-01  1.3242000e+02]
 [ 9.9591786e-01  8.2717980e-02 -3.0041000e-02 -1.1715600e+03]
 [ 0.0000000e+00  0.0000000e+00  0.0000000e+00  1.0000000e+00]]
[-0186.80, -0022.65, -1125.48]
1401, 982, 827
[[-8.2480040e-02  9.9530250e-01 -4.3308300e-02 -6.1110000e+01]
 [ 2.5631700e-02  4.5892280e-02  9.9831102e-01  1.3221000e+02]
 [ 9.9591450e-01  8.1577020e-02 -2.8973320e-02 -1.1715700e+03]
 [ 0.0000000e+00  0.0000000e+00  0.0000000e+00  1.0000000e+00]]
[-0119.70, +0077.46, -1077.94]
800, 1486, 1005
[[-8.2494480e-02  9.9539392e-01 -4.3815360e-02 -6.1090000e+01]
 [ 2.5514880e-02  4.6282800e-02  9.9839696e-01  1.3226000e+02]
 [ 9.9603104e-01  8.1476640e-02 -2.8998720e-02 -1.1715800e+03]
 [ 0.0000000e+00  0.0000000e+00  0.0000000e+00  1.0000000e+00]]
[-0170.84, -0022.07, -1089.05]
1661, 1861, 2069
[[-8.4693480e-02  9.9505824e-01 -4.6143600e-02 -6.1410000e+01]
 [ 2.6160240e-02  4.8780380e-02  9.9822230e-01  1.3243000e+02]
 [ 9.9578400e-01  8.3613500e-02 -2.9904100e-02 -1.1715700e+03]
 [ 0.0000000e+00  0.0000000e+00  0.0000000e+00  1.0000000e+00]]
[-0198.48, +0039.45, -1104.13]
827, 1335, 1208
[[-8.2279300e-02  9.9550698e-01 -4.3725940e-02 -6.1100000e+01]
 [ 2.5427220e-02  4.6093020e-02  9.9848814e-01  1.3223000e+02]
 [ 9.9614234e-01  8.1184740e-02 -2.8973320e-02 -1.1715800e+03]
 [ 0.0000000e+00  0.0000000e+00  0.0000000e+00  1.0000000e+00]]
[-0196.28, -0001.27, -1083.19]
1391, 814, 1558
[[-8.2954240e-02  9.9538688e-01 -4.3968320e-02 -6.1210000e+01]
 [ 2.6496320e-02  4.6494380e-02  9.9839498e-01  1.3225000e+02]
 [ 9.9600512e-01  8.1850780e-02 -3.0049620e-02 -1.1715500e+03]
 [ 0.0000000e+00  0.0000000e+00  0.0000000e+00  1.0000000e+00]]
[-0200.98, +0106.76, -1103.56]
1935, 1705, 1526
[[-8.4477780e-02  9.9519432e-01 -4.5430120e-02 -6.1320000e+01]
 [ 2.6697520e-02  4.8022620e-02  9.9831888e-01  1.3241000e+02]
 [ 9.9587292e-01  8.3316320e-02 -3.0446160e-02 -1.1715600e+03]
 [ 0.0000000e+00  0.0000000e+00  0.0000000e+00  1.0000000e+00]]
[-0134.66, +0060.29, -1093.82]
960, 1542, 1670
[[-8.2724260e-02  9.9536480e-01 -4.4619820e-02 -6.1200000e+01]
 [ 2.5277680e-02  4.7052600e-02  9.9838976e-01  1.3228000e+02]
 [ 9.9604370e-01  8.1670000e-02 -2.8860100e-02 -1.1715700e+03]
 [ 0.0000000e+00  0.0000000e+00  0.0000000e+00  1.0000000e+00]]
[-0220.13, +0005.82, -1107.26]
1005, 1421, 2105
[[-8.4247120e-02  9.9530948e-01 -4.5149720e-02 -6.1320000e+01]
 [ 2.6418920e-02  4.7632460e-02  9.9841742e-01  1.3234000e+02]
 [ 9.9598268e-01  8.3032180e-02 -3.0204420e-02 -1.1715500e+03]
 [ 0.0000000e+00  0.0000000e+00  0.0000000e+00  1.0000000e+00]]
[-0245.41, +0030.90, -1139.79]
800, 1979, 1481
[[-8.2352500e-02  9.9539792e-01 -4.4576060e-02 -6.1140000e+01]
 [ 2.6485280e-02  4.7096120e-02  9.9835664e-01  1.3232000e+02]
 [ 9.9604346e-01  8.1243040e-02 -3.0049620e-02 -1.1715400e+03]
 [ 0.0000000e+00  0.0000000e+00  0.0000000e+00  1.0000000e+00]]
[-0191.36, -0038.36, -1137.29]
765, 800, 2072
[[-8.3154900e-02  9.9526076e-01 -4.4282120e-02 -6.1210000e+01]
 [ 2.5976360e-02  4.6862940e-02  9.9830776e-01  1.3221000e+02]
 [ 9.9590668e-01  8.2153360e-02 -2.9480400e-02 -1.1715300e+03]
 [ 0.0000000e+00  0.0000000e+00  0.0000000e+00  1.0000000e+00]]
[-0259.08, +0063.22, -1166.80]
1539, 768, 1699
[[-8.3600500e-02  9.9536320e-01 -4.4142900e-02 -6.1260000e+01]
 [ 2.6873920e-02  4.6684160e-02  9.9840960e-01  1.3223000e+02]
 [ 9.9597906e-01  8.2438080e-02 -3.0506100e-02 -1.1715200e+03]
 [ 0.0000000e+00  0.0000000e+00  0.0000000e+00  1.0000000e+00]]
[-0199.52, +0118.36, -1121.09]
1029, 981, 1349
[[-8.2293780e-02  9.9541214e-01 -4.3601960e-02 -6.1150000e+01]
 [ 2.5927060e-02  4.6103900e-02  9.9838772e-01  1.3222000e+02]
 [ 9.9602924e-01  8.1270680e-02 -2.9378320e-02 -1.1715400e+03]
 [ 0.0000000e+00  0.0000000e+00  0.0000000e+00  1.0000000e+00]]
[-0207.01, +0055.81, -1077.40]
1640, 1447, 1489
[[-8.4232200e-02  9.9511804e-01 -4.4534680e-02 -6.1260000e+01]
 [ 2.6636360e-02  4.7242220e-02  9.9823706e-01  1.3235000e+02]
 [ 9.9575788e-01  8.3227460e-02 -3.0178420e-02 -1.1715700e+03]
 [ 0.0000000e+00  0.0000000e+00  0.0000000e+00  1.0000000e+00]]
[-0158.43, +0063.27, -1083.25]
1250, 1908, 1227
[[-8.3184420e-02  9.9526466e-01 -4.4456980e-02 -6.1210000e+01]
 [ 2.6567260e-02  4.7074520e-02  9.9829474e-01  1.3235000e+02]
 [ 9.9590278e-01  8.2136860e-02 -3.0100900e-02 -1.1715600e+03]
 [ 0.0000000e+00  0.0000000e+00  0.0000000e+00  1.0000000e+00]]
[-0145.81, -0014.37, -1100.71]
1839, 2056, 912
[[-8.4107140e-02  9.9523634e-01 -4.5177540e-02 -6.1230000e+01]
 [ 2.8113340e-02  4.7876600e-02  9.9828618e-01  1.3246000e+02]
 [ 9.9586446e-01  8.2887180e-02 -3.1825700e-02 -1.1715500e+03]
 [ 0.0000000e+00  0.0000000e+00  0.0000000e+00  1.0000000e+00]]
[-0090.73, +0015.70, -1128.14]
1055, 1676, 2238
[[-8.3429800e-02  9.9511796e-01 -4.5761080e-02 -6.1340000e+01]
 [ 2.6205320e-02  4.8423740e-02  9.9818146e-01  1.3236000e+02]
 [ 9.9582484e-01  8.2420820e-02 -2.9799300e-02 -1.1715400e+03]
 [ 0.0000000e+00  0.0000000e+00  0.0000000e+00  1.0000000e+00]]
[-0239.15, +0020.43, -1145.35]
1764, 767, 1865
[[-8.4262120e-02  9.9533776e-01 -4.4508600e-02 -6.1330000e+01]
 [ 2.7442760e-02  4.7074520e-02  9.9841680e-01  1.3230000e+02]
 [ 9.9595440e-01  8.3017800e-02 -3.1178600e-02 -1.1715200e+03]
 [ 0.0000000e+00  0.0000000e+00  0.0000000e+00  1.0000000e+00]]
[-0194.39, +0125.62, -1139.87]
1467, 2008, 1997
[[-8.4508100e-02  9.9519072e-01 -4.5812760e-02 -6.1360000e+01]
 [ 2.7080160e-02  4.8423740e-02  9.9830372e-01  1.3243000e+02]
 [ 9.9587652e-01  8.3301160e-02 -3.0877600e-02 -1.1715300e+03]
 [ 0.0000000e+00  0.0000000e+00  0.0000000e+00  1.0000000e+00]]
[-0199.98, +0009.06, -1111.43]
1178, 1372, 1463
[[-8.2538280e-02  9.9539600e-01 -4.4181960e-02 -6.1180000e+01]
 [ 2.6297400e-02  4.6695000e-02  9.9837680e-01  1.3228000e+02]
 [ 9.9602896e-01  8.1453000e-02 -2.9834280e-02 -1.1715600e+03]
 [ 0.0000000e+00  0.0000000e+00  0.0000000e+00  1.0000000e+00]]
[-0192.01, +0031.82, -1080.02]
1213, 2040, 1998
[[-8.412250e-02  9.951962e-01 -4.640940e-02 -6.139000e+01]
 [ 2.726420e-02  4.902512e-02  9.982698e-01  1.324400e+02]
 [ 9.959046e-01  8.288820e-02 -3.109338e-02 -1.171530e+03]
 [ 0.000000e+00  0.000000e+00  0.000000e+00  1.000000e+00]]
[-0209.61, -0006.04, -1127.83]
2222, 810, 1276
[[-8.4292360e-02  9.9514156e-01 -4.4467480e-02 -6.1320000e+01]
 [ 2.8234120e-02  4.7285900e-02  9.9821354e-01  1.3234000e+02]
 [ 9.9573436e-01  8.3190820e-02 -3.1799700e-02 -1.1715200e+03]
 [ 0.0000000e+00  0.0000000e+00  0.0000000e+00  1.0000000e+00]]
[-0127.00, +0128.00, -1147.26]
1077, 969, 1930
[[-8.3399880e-02  9.9525922e-01 -4.4445820e-02 -6.1260000e+01]
 [ 2.6762420e-02  4.7074520e-02  9.9830018e-01  1.3227000e+02]
 [ 9.9589162e-01  8.2332020e-02 -3.0316360e-02 -1.1715300e+03]
 [ 0.0000000e+00  0.0000000e+00  0.0000000e+00  1.0000000e+00]]
[-0244.81, +0070.21, -1128.69]
1440, 1455, 1148
[[-8.3184420e-02  9.9537980e-01 -4.4148660e-02 -6.1190000e+01]
 [ 2.6883000e-02  4.6695000e-02  9.9839300e-01  1.3230000e+02]
 [ 9.9599566e-01  8.2038600e-02 -3.0480420e-02 -1.1715400e+03]
 [ 0.0000000e+00  0.0000000e+00  0.0000000e+00  1.0000000e+00]]
[-0137.63, +0039.43, -1078.08]
2206, 1684, 1830
[[-8.4569700e-02  9.9509890e-01 -4.6053800e-02 -6.1440000e+01]
 [ 2.8361900e-02  4.8846380e-02  9.9818164e-01  1.3249000e+02]
 [ 9.9576020e-01  8.3361640e-02 -3.2120080e-02 -1.1715000e+03]
 [ 0.0000000e+00  0.0000000e+00  0.0000000e+00  1.0000000e+00]]
[-0148.16, +0081.67, -1104.96]
1832, 1596, 2069
[[-8.406154e-02  9.952111e-01 -4.543586e-02 -6.133000e+01]
 [ 2.670686e-02  4.803366e-02  9.983021e-01  1.323700e+02]
 [ 9.958897e-01  8.291686e-02 -3.042004e-02 -1.171520e+03]
 [ 0.000000e+00  0.000000e+00  0.000000e+00  1.000000e+00]]
[-0199.67, +0068.05, -1106.43]
1225, 819, 1823
[[-8.2724260e-02  9.9527906e-01 -4.4096220e-02 -6.1200000e+01]
 [ 2.5793980e-02  4.6673240e-02  9.9829854e-01  1.3220000e+02]
 [ 9.9592146e-01  8.1761220e-02 -2.9239460e-02 -1.1715100e+03]
 [ 0.0000000e+00  0.0000000e+00  0.0000000e+00  1.0000000e+00]]
[-0229.83, +0093.82, -1121.44]
2044, 1453, 1320
[[-8.4277200e-02  9.9522072e-01 -4.5008360e-02 -6.1320000e+01]
 [ 2.7318160e-02  4.7654460e-02  9.9831108e-01  1.3241000e+02]
 [ 9.9586332e-01  8.3108440e-02 -3.1014900e-02 -1.1715500e+03]
 [ 0.0000000e+00  0.0000000e+00  0.0000000e+00  1.0000000e+00]]
[-0116.31, +0083.88, -1105.47]
1205, 1809, 1781
[[-8.3429800e-02  9.9524830e-01 -4.5036700e-02 -6.1280000e+01]
 [ 2.6937220e-02  4.7665340e-02  9.9828350e-01  1.3236000e+02]
 [ 9.9590254e-01  8.2318780e-02 -3.0557700e-02 -1.1715200e+03]
 [ 0.0000000e+00  0.0000000e+00  0.0000000e+00  1.0000000e+00]]
[-0204.16, +0002.95, -1106.57]
1428, 1521, 1459
[[-8.3184420e-02  9.9526466e-01 -4.4456980e-02 -6.1220000e+01]
 [ 2.6567260e-02  4.7074520e-02  9.9829474e-01  1.3234000e+02]
 [ 9.9590278e-01  8.2136860e-02 -3.0100900e-02 -1.1715300e+03]
 [ 0.0000000e+00  0.0000000e+00  0.0000000e+00  1.0000000e+00]]
[-0167.93, +0039.21, -1079.89]
1930, 1668, 1321
[[-8.4292360e-02  9.9523422e-01 -4.4783460e-02 -6.1300000e+01]
 [ 2.7925740e-02  4.7475640e-02  9.9830682e-01  1.3240000e+02]
 [ 9.9584982e-01  8.3097540e-02 -3.1609960e-02 -1.1715400e+03]
 [ 0.0000000e+00  0.0000000e+00  0.0000000e+00  1.0000000e+00]]
[-0116.43, +0059.42, -1098.00]
1608, 2223, 801
[[-8.3768580e-02  9.9518196e-01 -4.7805040e-02 -6.1280000e+01]
 [ 2.7415160e-02  5.0405580e-02  9.9821628e-01  1.3266000e+02]
 [ 9.9595224e-01  8.2463320e-02 -3.1362000e-02 -1.1715700e+03]
 [ 0.0000000e+00  0.0000000e+00  0.0000000e+00  1.0000000e+00]]
[-0095.23, -0007.17, -1141.98]
880, 1166, 944
[[-8.2954240e-02  9.9525712e-01 -4.4692640e-02 -6.1230000e+01]
 [ 2.5764640e-02  4.7253260e-02  9.9829312e-01  1.3228000e+02]
 [ 9.9592688e-01  8.1952640e-02 -2.9290740e-02 -1.1715800e+03]
 [ 0.0000000e+00  0.0000000e+00  0.0000000e+00  1.0000000e+00]]
[-0171.04, +0012.96, -1066.55]
2078, 1894, 2060
[[-8.6082120e-02  9.9488978e-01 -4.7739020e-02 -6.1640000e+01]
 [ 2.7952420e-02  5.0551160e-02  9.9810902e-01  1.3258000e+02]
 [ 9.9564218e-01  8.4836780e-02 -3.1927720e-02 -1.1715000e+03]
 [ 0.0000000e+00  0.0000000e+00  0.0000000e+00  1.0000000e+00]]
[-0171.88, +0062.68, -1102.64]
1394, 2031, 1768
[[-8.4338320e-02  9.9518304e-01 -4.6606200e-02 -6.1420000e+01]
 [ 2.7251040e-02  4.9214620e-02  9.9827340e-01  1.3245000e+02]
 [ 9.9590100e-01  8.3085000e-02 -3.1119700e-02 -1.1715300e+03]
 [ 0.0000000e+00  0.0000000e+00  0.0000000e+00  1.0000000e+00]]
[-0180.55, -0003.40, -1106.17]
1433, 795, 1241
[[-8.4061540e-02  9.9523372e-01 -4.4811560e-02 -6.1330000e+01]
 [ 2.7331160e-02  4.7464800e-02  9.9830732e-01  1.3229000e+02]
 [ 9.9586708e-01  8.2911640e-02 -3.0988900e-02 -1.1715100e+03]
 [ 0.0000000e+00  0.0000000e+00  0.0000000e+00  1.0000000e+00]]
[-0169.24, +0107.61, -1088.94]
1369, 2095, 880
[[-8.3891400e-02  9.9520350e-01 -4.6229300e-02 -6.1330000e+01]
 [ 2.6877860e-02  4.8824700e-02  9.9827202e-01  1.3245000e+02]
 [ 9.9591402e-01  8.2700900e-02 -3.0661860e-02 -1.1715300e+03]
 [ 0.0000000e+00  0.0000000e+00  0.0000000e+00  1.0000000e+00]]
[-0106.39, -0017.95, -1129.81]
1066, 1914, 1259
[[-8.3244420e-02  9.9524262e-01 -4.5638780e-02 -6.1320000e+01]
 [ 2.6916980e-02  4.8255960e-02  9.9826122e-01  1.3238000e+02]
 [ 9.9592482e-01  8.2110380e-02 -3.0583620e-02 -1.1715400e+03]
 [ 0.0000000e+00  0.0000000e+00  0.0000000e+00  1.0000000e+00]]
[-0162.81, -0022.64, -1106.45]
1459, 1865, 1570
[[-8.4554180e-02  9.9517758e-01 -4.6594860e-02 -6.1420000e+01]
 [ 2.7445980e-02  4.9214620e-02  9.9827886e-01  1.3243000e+02]
 [ 9.9588966e-01  8.3279940e-02 -3.1335560e-02 -1.1715200e+03]
 [ 0.0000000e+00  0.0000000e+00  0.0000000e+00  1.0000000e+00]]
[-0167.36, +0015.45, -1091.19]
857, 1214, 1073
[[-8.3385040e-02  9.9525352e-01 -4.4462440e-02 -6.1220000e+01]
 [ 2.6362960e-02  4.7063600e-02  9.9830588e-01  1.3227000e+02]
 [ 9.9589732e-01  8.2341160e-02 -2.9911200e-02 -1.1715600e+03]
 [ 0.0000000e+00  0.0000000e+00  0.0000000e+00  1.0000000e+00]]
[-0183.40, +0009.04, -1071.80]
1641, 1234, 1232
[[-8.3876160e-02  9.9522056e-01 -4.5621760e-02 -6.1370000e+01]
 [ 2.7102640e-02  4.8245120e-02  9.9828328e-01  1.3237000e+02]
 [ 9.9589696e-01  8.2704880e-02 -3.0825280e-02 -1.1715300e+03]
 [ 0.0000000e+00  0.0000000e+00  0.0000000e+00  1.0000000e+00]]
[-0138.90, +0077.52, -1083.61]
1414, 1334, 766
[[-8.3816000e-02  9.9523512e-01 -4.4648160e-02 -6.1270000e+01]
 [ 2.6545200e-02  4.7253260e-02  9.9831512e-01  1.3232000e+02]
 [ 9.9588240e-01  8.2733200e-02 -3.0152500e-02 -1.1715700e+03]
 [ 0.0000000e+00  0.0000000e+00  0.0000000e+00  1.0000000e+00]]
[-0104.09, +0039.14, -1085.80]
1889, 1824, 2042
[[-8.5418020e-02  9.9502426e-01 -4.7273960e-02 -6.1580000e+01]
 [ 2.7493060e-02  4.9972220e-02  9.9819868e-01  1.3251000e+02]
 [ 9.9576716e-01  8.4161720e-02 -3.1441800e-02 -1.1715500e+03]
 [ 0.0000000e+00  0.0000000e+00  0.0000000e+00  1.0000000e+00]]
[-0184.60, +0056.81, -1100.92]
2188, 2161, 2129
[[-8.6146120e-02  9.9489026e-01 -4.8295300e-02 -6.1670000e+01]
 [ 2.8925260e-02  5.1163020e-02  9.9807890e-01  1.3265000e+02]
 [ 9.9564170e-01  8.4802900e-02 -3.2982100e-02 -1.1714900e+03]
 [ 0.0000000e+00  0.0000000e+00  0.0000000e+00  1.0000000e+00]]
[-0165.14, +0046.97, -1106.28]
1351, 1696, 1035
[[-8.3845920e-02  9.9531688e-01 -4.5554880e-02 -6.1330000e+01]
 [ 2.6411520e-02  4.8033660e-02  9.9839138e-01  1.3235000e+02]
 [ 9.9600872e-01  8.2627020e-02 -3.0204420e-02 -1.1715500e+03]
 [ 0.0000000e+00  0.0000000e+00  0.0000000e+00  1.0000000e+00]]
[-0126.95, +0009.00, -1089.02]
1825, 806, 2103
[[-8.6791240e-02  9.9492374e-01 -4.4739980e-02 -6.1620000e+01]
 [ 2.7862820e-02  4.7598860e-02  9.9821786e-01  1.3231000e+02]
 [ 9.9553934e-01  8.5685380e-02 -3.1577940e-02 -1.1714600e+03]
 [ 0.0000000e+00  0.0000000e+00  0.0000000e+00  1.0000000e+00]]
[-0205.29, +0118.30, -1151.26]
1147, 1136, 1370
[[-8.4158800e-02  9.9524880e-01 -4.3061400e-02 -6.1240000e+01]
 [ 2.6203680e-02  4.5669340e-02  9.9837360e-01  1.3221000e+02]
 [ 9.9583524e-01  8.3164320e-02 -2.9670100e-02 -1.1715400e+03]
 [ 0.0000000e+00  0.0000000e+00  0.0000000e+00  1.0000000e+00]]
[-0193.90, +0050.00, -1075.55]
1681, 1695, 1920
[[-8.4693480e-02  9.9510360e-01 -4.4894640e-02 -6.1430000e+01]
 [ 2.7409200e-02  4.7643500e-02  9.9823310e-01  1.3239000e+02]
 [ 9.9573864e-01  8.3602700e-02 -3.1040980e-02 -1.1715200e+03]
 [ 0.0000000e+00  0.0000000e+00  0.0000000e+00  1.0000000e+00]]
[-0190.75, +0053.23, -1096.42]
1208, 1058, 1247
[[-8.4158800e-02  9.9535648e-01 -4.2960960e-02 -6.1220000e+01]
 [ 2.6311360e-02  4.5479600e-02  9.9847008e-01  1.3222000e+02]
 [ 9.9593568e-01  8.3067840e-02 -2.9859840e-02 -1.1715200e+03]
 [ 0.0000000e+00  0.0000000e+00  0.0000000e+00  1.0000000e+00]]
[-0179.54, +0063.09, -1071.37]
1356, 2159, 1885
[[-8.4492900e-02  9.9518494e-01 -4.5829580e-02 -6.1420000e+01]
 [ 2.6680700e-02  4.8412700e-02  9.9830950e-01  1.3242000e+02]
 [ 9.9588230e-01  8.3310580e-02 -3.0472360e-02 -1.1715300e+03]
 [ 0.0000000e+00  0.0000000e+00  0.0000000e+00  1.0000000e+00]]
[-0189.65, -0009.13, -1119.19]
1806, 1303, 1334
[[-8.4232200e-02  9.9524814e-01 -4.3809980e-02 -6.1300000e+01]
 [ 2.7368500e-02  4.6483500e-02  9.9833850e-01  1.3231000e+02]
 [ 9.9583590e-01  8.3126020e-02 -3.0937140e-02 -1.1715200e+03]
 [ 0.0000000e+00  0.0000000e+00  0.0000000e+00  1.0000000e+00]]
[-0136.47, +0085.11, -1091.55]
1360, 1903, 1055
[[-8.3154900e-02  9.9527544e-01 -4.3866080e-02 -6.1230000e+01]
 [ 2.6392400e-02  4.6483500e-02  9.9831120e-01  1.3233000e+02]
 [ 9.9589200e-01  8.2149920e-02 -2.9859840e-02 -1.1715300e+03]
 [ 0.0000000e+00  0.0000000e+00  0.0000000e+00  1.0000000e+00]]
[-0123.17, -0007.45, -1103.11]
774, 1315, 1244
[[-8.3728160e-02  9.9536760e-01 -4.2983280e-02 -6.1150000e+01]
 [ 2.5920720e-02  4.5479600e-02  9.9845896e-01  1.3221000e+02]
 [ 9.9595800e-01  8.2677200e-02 -2.9429200e-02 -1.1715300e+03]
 [ 0.0000000e+00  0.0000000e+00  0.0000000e+00  1.0000000e+00]]
[-0204.38, -0002.10, -1086.75]
1011, 996, 930
[[-8.3096820e-02  9.9540412e-01 -4.2583860e-02 -6.1140000e+01]
 [ 2.6150280e-02  4.5111000e-02  9.9844004e-01  1.3218000e+02]
 [ 9.9597134e-01  8.2079160e-02 -2.9568180e-02 -1.1715200e+03]
 [ 0.0000000e+00  0.0000000e+00  0.0000000e+00  1.0000000e+00]]
[-0163.07, +0044.79, -1060.77]
1530, 2030, 1251
[[-8.5079760e-02  9.9519040e-01 -4.4614120e-02 -6.1310000e+01]
 [ 2.6917120e-02  4.7231100e-02  9.9835984e-01  1.3239000e+02]
 [ 9.9582620e-01  8.3922400e-02 -3.0635700e-02 -1.1715500e+03]
 [ 0.0000000e+00  0.0000000e+00  0.0000000e+00  1.0000000e+00]]
[-0125.80, -0001.62, -1105.29]
1679, 1471, 1529
[[-8.5295460e-02  9.9509946e-01 -4.4078440e-02 -6.1320000e+01]
 [ 2.7629060e-02  4.6851900e-02  9.9827388e-01  1.3235000e+02]
 [ 9.9569196e-01  8.4209080e-02 -3.1230600e-02 -1.1715200e+03]
 [ 0.0000000e+00  0.0000000e+00  0.0000000e+00  1.0000000e+00]]
[-0159.96, +0065.58, -1084.95]
838, 1962, 2046
[[-8.192186e-02  9.953865e-01 -4.522176e-02 -6.112000e+01]
 [ 2.547126e-02  4.766534e-02  9.983404e-01  1.323500e+02]
 [ 9.960876e-01  8.085824e-02 -2.904976e-02 -1.171640e+03]
 [ 0.000000e+00  0.000000e+00  0.000000e+00  1.000000e+00]]
[-0223.84, -0012.01, -1151.72]
944, 869, 2186
[[-8.2939560e-02  9.9539588e-01 -4.3568840e-02 -6.1150000e+01]
 [ 2.6512840e-02  4.6103900e-02  9.9840398e-01  1.3222000e+02]
 [ 9.9599612e-01  8.1856460e-02 -3.0024100e-02 -1.1715700e+03]
 [ 0.0000000e+00  0.0000000e+00  0.0000000e+00  1.0000000e+00]]
[-0252.92, +0069.72, -1165.05]
1469, 1425, 1338
[[-8.2279300e-02  9.9542106e-01 -4.3202480e-02 -6.1040000e+01]
 [ 2.5943460e-02  4.5713340e-02  9.9839664e-01  1.3226000e+02]
 [ 9.9602032e-01  8.1276240e-02 -2.9353000e-02 -1.1715900e+03]
 [ 0.0000000e+00  0.0000000e+00  0.0000000e+00  1.0000000e+00]]
[-0155.94, +0049.28, -1077.79]
1245, 1798, 1516
[[-8.2509000e-02  9.9540672e-01 -4.3590960e-02 -6.1070000e+01]
 [ 2.6122320e-02  4.6103900e-02  9.9839314e-01  1.3228000e+02]
 [ 9.9601824e-01  8.1465940e-02 -2.9593540e-02 -1.1716000e+03]
 [ 0.0000000e+00  0.0000000e+00  0.0000000e+00  1.0000000e+00]]
[-0178.90, +0000.15, -1094.29]
1223, 1525, 2066
[[-8.2709700e-02  9.9528082e-01 -4.3904740e-02 -6.1130000e+01]
 [ 2.5602500e-02  4.6472540e-02  9.9830582e-01  1.3229000e+02]
 [ 9.9591970e-01  8.1768500e-02 -2.9024200e-02 -1.1716100e+03]
 [ 0.0000000e+00  0.0000000e+00  0.0000000e+00  1.0000000e+00]]
[-0233.43, +0036.57, -1121.89]
1990, 2004, 1887
[[-8.3660500e-02  9.9536414e-01 -4.4700520e-02 -6.1200000e+01]
 [ 2.7847660e-02  4.7296620e-02  9.9838124e-01  1.3242000e+02]
 [ 9.9597812e-01  8.2406440e-02 -3.1558120e-02 -1.1715900e+03]
 [ 0.0000000e+00  0.0000000e+00  0.0000000e+00  1.0000000e+00]]
[-0154.53, +0044.20, -1098.41]
1213, 907, 2155
[[-8.2709700e-02  9.9539570e-01 -4.3596400e-02 -6.1160000e+01]
 [ 2.5918100e-02  4.6093020e-02  9.9840416e-01  1.3224000e+02]
 [ 9.9601280e-01  8.1670160e-02 -2.9403720e-02 -1.1715900e+03]
 [ 0.0000000e+00  0.0000000e+00  0.0000000e+00  1.0000000e+00]]
[-0242.67, +0085.01, -1151.36]
1771, 1770, 1036
[[-8.2768420e-02  9.9541116e-01 -4.3738460e-02 -6.1090000e+01]
 [ 2.7308040e-02  4.6326000e-02  9.9837972e-01  1.3233000e+02]
 [ 9.9599734e-01  8.1635880e-02 -3.0834580e-02 -1.1715700e+03]
 [ 0.0000000e+00  0.0000000e+00  0.0000000e+00  1.0000000e+00]]
[-0099.23, +0032.96, -1104.59]
971, 2017, 1436
[[-8.2509000e-02  9.9539944e-01 -4.3798920e-02 -6.1030000e+01]
 [ 2.5914360e-02  4.6293720e-02  9.9839144e-01  1.3233000e+02]
 [ 9.9602552e-01  8.1467640e-02 -2.9403720e-02 -1.1716000e+03]
 [ 0.0000000e+00  0.0000000e+00  0.0000000e+00  1.0000000e+00]]
[-0178.24, -0034.02, -1125.38]
1442, 1722, 1080
[[-8.268082e-02  9.953991e-01 -4.321340e-02 -6.102000e+01]
 [ 2.553510e-02  4.569150e-02  9.984186e-01  1.322900e+02]
 [ 9.960094e-01  8.168460e-02 -2.897332e-02 -1.171620e+03]
 [ 0.000000e+00  0.000000e+00  0.000000e+00  1.000000e+00]]
[-0124.40, +0016.45, -1089.31]
2155, 1819, 2004
[[-8.4955060e-02  9.9510082e-01 -4.5248840e-02 -6.1320000e+01]
 [ 2.8386260e-02  4.8055500e-02  9.9821732e-01  1.3247000e+02]
 [ 9.9572452e-01  8.3773240e-02 -3.2093800e-02 -1.1715400e+03]
 [ 0.0000000e+00  0.0000000e+00  0.0000000e+00  1.0000000e+00]]
[-0164.81, +0073.07, -1103.96]
944, 1558, 1521
[[-8.1820500e-02  9.9543530e-01 -4.2841200e-02 -6.0980000e+01]
 [ 2.5169700e-02  4.5311820e-02  9.9840008e-01  1.3222000e+02]
 [ 9.9603880e-01  8.0899920e-02 -2.8492680e-02 -1.1716200e+03]
 [ 0.0000000e+00  0.0000000e+00  0.0000000e+00  1.0000000e+00]]
[-0206.23, -0001.00, -1098.78]
1657, 1354, 1704
[[-8.3385040e-02  9.9527572e-01 -4.3838320e-02 -6.1170000e+01]
 [ 2.6987080e-02  4.6494380e-02  9.9831092e-01  1.3231000e+02]
 [ 9.9587512e-01  8.2336120e-02 -3.0480420e-02 -1.1715600e+03]
 [ 0.0000000e+00  0.0000000e+00  0.0000000e+00  1.0000000e+00]]
[-0180.93, +0078.42, -1091.65]
944, 2110, 1270
[[-8.2509000e-02  9.9539944e-01 -4.3798920e-02 -6.0970000e+01]
 [ 2.5914360e-02  4.6293720e-02  9.9839144e-01  1.3233000e+02]
 [ 9.9602552e-01  8.1467640e-02 -2.9403720e-02 -1.1716100e+03]
 [ 0.0000000e+00  0.0000000e+00  0.0000000e+00  1.0000000e+00]]
[-0161.62, -0041.02, -1134.22]
1384, 1769, 1444
[[-8.2308340e-02  9.9562568e-01 -4.3592860e-02 -6.1070000e+01]
 [ 2.6333840e-02  4.5924800e-02  9.9857368e-01  1.3231000e+02]
 [ 9.9623158e-01  8.1070160e-02 -2.9973300e-02 -1.1715700e+03]
 [ 0.0000000e+00  0.0000000e+00  0.0000000e+00  1.0000000e+00]]
[-0162.76, +0014.72, -1086.95]
2249, 2147, 1815
[[-8.3968800e-02  9.9524908e-01 -4.5729640e-02 -6.1310000e+01]
 [ 2.9291320e-02  4.8498780e-02  9.9824536e-01  1.3255000e+02]
 [ 9.9586844e-01  8.2650160e-02 -3.3068580e-02 -1.1715600e+03]
 [ 0.0000000e+00  0.0000000e+00  0.0000000e+00  1.0000000e+00]]
[-0137.23, +0045.67, -1106.34]
2224, 1853, 2189
[[-8.4292360e-02  9.9532688e-01 -4.5099440e-02 -6.1320000e+01]
 [ 2.7617360e-02  4.7665340e-02  9.9840002e-01  1.3242000e+02]
 [ 9.9596528e-01  8.3004340e-02 -3.1420260e-02 -1.1715400e+03]
 [ 0.0000000e+00  0.0000000e+00  0.0000000e+00  1.0000000e+00]]
[-0175.96, +0075.75, -1110.57]
1496, 2011, 807
[[-8.28960e-02  9.95494e-01 -4.33100e-02 -6.10000e+01]
 [ 2.56300e-02  4.56915e-02  9.98519e-01  1.32320e+02]
 [ 9.96106e-01  8.17850e-02 -2.91885e-02 -1.17161e+03]
 [ 0.00000e+00  0.00000e+00  0.00000e+00  1.00000e+00]]
[-0096.32, -0005.89, -1127.30]
1293, 1917, 1577
[[-8.2939560e-02  9.9538856e-01 -4.3776840e-02 -6.1110000e+01]
 [ 2.6304840e-02  4.6293720e-02  9.9840232e-01  1.3232000e+02]
 [ 9.9600344e-01  8.1858120e-02 -2.9834280e-02 -1.1715600e+03]
 [ 0.0000000e+00  0.0000000e+00  0.0000000e+00  1.0000000e+00]]
[-0177.88, -0002.29, -1099.65]
2122, 1676, 1748
[[-8.4091860e-02  9.9524560e-01 -4.4778080e-02 -6.1270000e+01]
 [ 2.8130080e-02  4.7486400e-02  9.9829544e-01  1.3241000e+02]
 [ 9.9585520e-01  8.2893200e-02 -3.1799700e-02 -1.1715400e+03]
 [ 0.0000000e+00  0.0000000e+00  0.0000000e+00  1.0000000e+00]]
[-0147.46, +0080.94, -1102.12]
957, 2107, 2034
[[-8.0029520e-02  9.9555120e-01 -4.5377880e-02 -6.0930000e+01]
 [ 2.4813600e-02  4.7697500e-02  9.9837080e-01  1.3235000e+02]
 [ 9.9627588e-01  7.8979600e-02 -2.8328020e-02 -1.1717000e+03]
 [ 0.0000000e+00  0.0000000e+00  0.0000000e+00  1.0000000e+00]]
[-0212.97, -0015.91, -1145.33]
1475, 1897, 2208
[[-8.3199300e-02  9.9527040e-01 -4.4440400e-02 -6.1140000e+01]
 [ 2.6966720e-02  4.7085360e-02  9.9828900e-01  1.3237000e+02]
 [ 9.9589704e-01  8.2127720e-02 -3.0506100e-02 -1.1715900e+03]
 [ 0.0000000e+00  0.0000000e+00  0.0000000e+00  1.0000000e+00]]
[-0216.34, +0029.68, -1119.15]
1074, 1919, 1644
[[-8.2264900e-02  9.9542272e-01 -4.3010940e-02 -6.0930000e+01]
 [ 2.5751920e-02  4.5512600e-02  9.9840384e-01  1.3227000e+02]
 [ 9.9601866e-01  8.1283440e-02 -2.9137860e-02 -1.1716300e+03]
 [ 0.0000000e+00  0.0000000e+00  0.0000000e+00  1.0000000e+00]]
[-0193.63, -0014.36, -1112.83]
1208, 1504, 1878
[[-8.2279300e-02  9.9551420e-01 -4.3518000e-02 -6.1040000e+01]
 [ 2.5635160e-02  4.5903200e-02  9.9848988e-01  1.3228000e+02]
 [ 9.9613512e-01  8.1183000e-02 -2.9163140e-02 -1.1716000e+03]
 [ 0.0000000e+00  0.0000000e+00  0.0000000e+00  1.0000000e+00]]
[-0222.90, +0033.45, -1106.70]
1589, 1838, 762
[[-8.2939560e-02  9.9528822e-01 -4.3669180e-02 -6.1090000e+01]
 [ 2.6405180e-02  4.6293720e-02  9.9830742e-01  1.3237000e+02]
 [ 9.9589578e-01  8.1953020e-02 -2.9834280e-02 -1.1715900e+03]
 [ 0.0000000e+00  0.0000000e+00  0.0000000e+00  1.0000000e+00]]
[-0086.99, +0012.40, -1119.86]
2194, 1295, 1307
[[-8.4492900e-02  9.9523800e-01 -4.4372600e-02 -6.1280000e+01]
 [ 2.8137680e-02  4.7085360e-02  9.9832140e-01  1.3240000e+02]
 [ 9.9582924e-01  8.3298680e-02 -3.1799700e-02 -1.1715300e+03]
 [ 0.0000000e+00  0.0000000e+00  0.0000000e+00  1.0000000e+00]]
[-0115.07, +0100.73, -1120.15]
1975, 1923, 1934
[[-8.3645380e-02  9.9524288e-01 -4.5025480e-02 -6.1280000e+01]
 [ 2.7132320e-02  4.7665340e-02  9.9828892e-01  1.3239000e+02]
 [ 9.9589132e-01  8.2513880e-02 -3.0773280e-02 -1.1715500e+03]
 [ 0.0000000e+00  0.0000000e+00  0.0000000e+00  1.0000000e+00]]
[-0170.92, +0046.00, -1098.61]
1285, 1334, 1976
[[-8.296900e-02  9.952849e-01 -4.405210e-02 -6.120000e+01]
 [ 2.678810e-02  4.669500e-02  9.982927e-01  1.323000e+02]
 [ 9.958991e-01  8.193830e-02 -3.026500e-02 -1.171540e+03]
 [ 0.000000e+00  0.000000e+00  0.000000e+00  1.000000e+00]]
[-0228.65, +0055.58, -1112.19]
1656, 1886, 2179
[[-8.4909220e-02  9.9518324e-01 -4.5407480e-02 -6.1350000e+01]
 [ 2.7087640e-02  4.8022620e-02  9.9832996e-01  1.3243000e+02]
 [ 9.9585028e-01  8.3706440e-02 -3.0877600e-02 -1.1715600e+03]
 [ 0.0000000e+00  0.0000000e+00  0.0000000e+00  1.0000000e+00]]
[-0205.90, +0039.00, -1110.68]
1260, 1116, 1976
[[-8.3169620e-02  9.9538884e-01 -4.3749180e-02 -6.1170000e+01]
 [ 2.6899560e-02  4.6304560e-02  9.9840204e-01  1.3228000e+02]
 [ 9.9598662e-01  8.2044360e-02 -3.0454820e-02 -1.1715500e+03]
 [ 0.0000000e+00  0.0000000e+00  0.0000000e+00  1.0000000e+00]]
[-0232.07, +0071.82, -1118.53]
2093, 1574, 1960
[[-8.4338320e-02  9.9522936e-01 -4.5357480e-02 -6.1340000e+01]
 [ 2.8499760e-02  4.8077020e-02  9.9828384e-01  1.3244000e+02]
 [ 9.9585468e-01  8.3074560e-02 -3.2257300e-02 -1.1715200e+03]
 [ 0.0000000e+00  0.0000000e+00  0.0000000e+00  1.0000000e+00]]
[-0166.22, +0086.83, -1105.75]
1870, 1883, 1839
[[-8.3414800e-02  9.9525004e-01 -4.4845280e-02 -6.1240000e+01]
 [ 2.6745800e-02  4.7464800e-02  9.9829100e-01  1.3238000e+02]
 [ 9.9590080e-01  8.2326280e-02 -3.0342160e-02 -1.1715600e+03]
 [ 0.0000000e+00  0.0000000e+00  0.0000000e+00  1.0000000e+00]]
[-0165.90, +0040.97, -1094.59]
1021, 1463, 1103
[[-8.2465680e-02  9.9541176e-01 -4.3016400e-02 -6.1040000e+01]
 [ 2.5547760e-02  4.5501680e-02  9.9841480e-01  1.3223000e+02]
 [ 9.9601320e-01  8.1487600e-02 -2.8948000e-02 -1.1715900e+03]
 [ 0.0000000e+00  0.0000000e+00  0.0000000e+00  1.0000000e+00]]
[-0164.79, +0002.11, -1078.23]
1182, 1652, 1585
[[-8.2969000e-02  9.9539260e-01 -4.3951800e-02 -6.1160000e+01]
 [ 2.6895800e-02  4.6505180e-02  9.9838926e-01  1.3232000e+02]
 [ 9.9599940e-01  8.1841740e-02 -3.0454820e-02 -1.1715500e+03]
 [ 0.0000000e+00  0.0000000e+00  0.0000000e+00  1.0000000e+00]]
[-0195.63, +0010.08, -1093.02]
1593, 1744, 1710
[[-8.4262120e-02  9.9523746e-01 -4.4400780e-02 -6.1220000e+01]
 [ 2.7543060e-02  4.7074520e-02  9.9832194e-01  1.3238000e+02]
 [ 9.9584658e-01  8.3112660e-02 -3.1178600e-02 -1.1715700e+03]
 [ 0.0000000e+00  0.0000000e+00  0.0000000e+00  1.0000000e+00]]
[-0175.51, +0037.20, -1089.35]
1893, 1263, 1285
[[-8.3370280e-02  9.9516964e-01 -4.3747240e-02 -6.1160000e+01]
 [ 2.6687960e-02  4.6483500e-02  9.9822178e-01  1.3233000e+02]
 [ 9.9577316e-01  8.2440020e-02 -3.0075220e-02 -1.1715800e+03]
 [ 0.0000000e+00  0.0000000e+00  0.0000000e+00  1.0000000e+00]]
[-0126.53, +0092.38, -1099.16]
1659, 1061, 772
[[-8.2465680e-02  9.9542608e-01 -4.2600480e-02 -6.1010000e+01]
 [ 2.5963680e-02  4.5121920e-02  9.9841808e-01  1.3223000e+02]
 [ 9.9599888e-01  8.1484320e-02 -2.9327760e-02 -1.1715800e+03]
 [ 0.0000000e+00  0.0000000e+00  0.0000000e+00  1.0000000e+00]]
[-0098.69, +0081.99, -1098.61]
2121, 751, 2053
[[-9.2789160e-02  9.9456858e-01 -4.3419460e-02 -6.2130000e+01]
 [ 3.2764540e-02  4.6795500e-02  9.9821922e-01  1.3233000e+02]
 [ 9.9497658e-01  9.1369940e-02 -3.6772500e-02 -1.1711700e+03]
 [ 0.0000000e+00  0.0000000e+00  0.0000000e+00  1.0000000e+00]]
[-0188.28, +0126.41, -1154.75]
1390, 1330, 1677
[[-8.4123060e-02  9.9605506e-01 -2.3672320e-02 -6.0890000e+01]
 [ 2.5129580e-02  2.5982540e-02  9.9923984e-01  1.3093000e+02]
 [ 9.9601936e-01  8.3582720e-02 -2.7103360e-02 -1.1713300e+03]
 [ 0.0000000e+00  0.0000000e+00  0.0000000e+00  1.0000000e+00]]
[-0199.26, +0058.90, -1087.70]
1908, 1506, 921
[[-8.435700e-02  9.959585e-01 -2.352090e-02 -6.092000e+01]
 [ 2.622750e-02  2.600550e-02  9.991391e-01  1.309900e+02]
 [ 9.958909e-01  8.386590e-02 -2.812650e-02 -1.171420e+03]
 [ 0.000000e+00  0.000000e+00  0.000000e+00  1.000000e+00]]
[-0090.18, +0060.56, -1112.17]
1564, 866, 1700
[[-8.4529300e-02  9.9604314e-01 -2.3267520e-02 -6.0930000e+01]
 [ 2.5141500e-02  2.5576300e-02  9.9926160e-01  1.3089000e+02]
 [ 9.9599760e-01  8.3987520e-02 -2.7103360e-02 -1.1714100e+03]
 [ 0.0000000e+00  0.0000000e+00  0.0000000e+00  1.0000000e+00]]
[-0199.91, +0112.19, -1114.59]
1693, 1021, 1633
[[-8.4549700e-02  9.9593682e-01 -2.3751740e-02 -6.0960000e+01]
 [ 2.5417500e-02  2.6174040e-02  9.9915582e-01  1.3095000e+02]
 [ 9.9589570e-01  8.4072900e-02 -2.7338500e-02 -1.1714000e+03]
 [ 0.0000000e+00  0.0000000e+00  0.0000000e+00  1.0000000e+00]]
[-0179.68, +0105.95, -1102.75]
2092, 1046, 1091
[[-8.6226420e-02  9.9577750e-01 -2.3398160e-02 -6.0970000e+01]
 [ 2.6107100e-02  2.5947500e-02  9.9912280e-01  1.3099000e+02]
 [ 9.9571016e-01  8.5762000e-02 -2.8022920e-02 -1.1714200e+03]
 [ 0.0000000e+00  0.0000000e+00  0.0000000e+00  1.0000000e+00]]
[-0108.28, +0109.93, -1126.71]
1902, 1731, 1063
[[-8.3930280e-02  9.9606624e-01 -2.3857960e-02 -6.0880000e+01]
 [ 2.5523240e-02  2.6197080e-02  9.9922368e-01  1.3096000e+02]
 [ 9.9602496e-01  8.3375320e-02 -2.7508200e-02 -1.1714300e+03]
 [ 0.0000000e+00  0.0000000e+00  0.0000000e+00  1.0000000e+00]]
[-0101.01, +0043.18, -1107.33]
1158, 1590, 1097
[[-8.3493520e-02  9.9608264e-01 -2.3480400e-02 -6.0850000e+01]
 [ 2.5145360e-02  2.5802480e-02  9.9921720e-01  1.3093000e+02]
 [ 9.9604200e-01  8.2986000e-02 -2.7060000e-02 -1.1714300e+03]
 [ 0.0000000e+00  0.0000000e+00  0.0000000e+00  1.0000000e+00]]
[-0152.93, +0002.58, -1082.61]
1321, 1952, 1071
[[-8.3920000e-02  9.9606096e-01 -2.3874720e-02 -6.0880000e+01]
 [ 2.5123680e-02  2.6185600e-02  9.9922896e-01  1.3100000e+02]
 [ 9.9603024e-01  8.3380320e-02 -2.7103360e-02 -1.1714700e+03]
 [ 0.0000000e+00  0.0000000e+00  0.0000000e+00  1.0000000e+00]]
[-0128.09, -0013.11, -1106.97]
1355, 1659, 1517
[[-8.3727300e-02  9.9597062e-01 -2.3953740e-02 -6.0930000e+01]
 [ 2.5618860e-02  2.6400060e-02  9.9911702e-01  1.3098000e+02]
 [ 9.9592918e-01  8.3268660e-02 -2.7508200e-02 -1.1714300e+03]
 [ 0.0000000e+00  0.0000000e+00  0.0000000e+00  1.0000000e+00]]
[-0179.18, +0023.71, -1085.49]
1896, 1150, 873
[[-8.4123060e-02  9.9607036e-01 -2.3047780e-02 -6.0870000e+01]
 [ 2.5754120e-02  2.5407800e-02  9.9923924e-01  1.3094000e+02]
 [ 9.9600406e-01  8.3583320e-02 -2.7678100e-02 -1.1714100e+03]
 [ 0.0000000e+00  0.0000000e+00  0.0000000e+00  1.0000000e+00]]
[-0093.81, +0088.99, -1114.22]
1319, 1938, 2236
[[-8.4591460e-02  9.9580420e-01 -2.5659580e-02 -6.1080000e+01]
 [ 2.5034920e-02  2.8134200e-02  9.9903956e-01  1.3107000e+02]
 [ 9.9582010e-01  8.4147400e-02 -2.7044100e-02 -1.1714400e+03]
 [ 0.0000000e+00  0.0000000e+00  0.0000000e+00  1.0000000e+00]]
[-0224.59, +0017.58, -1130.38]
1786, 962, 1460
[[-8.4367440e-02  9.9607072e-01 -2.3402560e-02 -6.0940000e+01]
 [ 2.6733760e-02  2.5825200e-02  9.9922912e-01  1.3095000e+02]
 [ 9.9598688e-01  8.3765440e-02 -2.8723200e-02 -1.1713900e+03]
 [ 0.0000000e+00  0.0000000e+00  0.0000000e+00  1.0000000e+00]]
[-0158.36, +0116.07, -1106.73]
1347, 1914, 2123
[[-8.4175060e-02  9.9593842e-01 -2.5147020e-02 -6.1040000e+01]
 [ 2.5563380e-02  2.7571820e-02  9.9911838e-01  1.3105000e+02]
 [ 9.9592782e-01  8.3652180e-02 -2.7595880e-02 -1.1714100e+03]
 [ 0.0000000e+00  0.0000000e+00  0.0000000e+00  1.0000000e+00]]
[-0219.75, +0016.26, -1122.08]
1086, 1241, 1177
[[-8.3250340e-02  9.9598636e-01 -2.2810440e-02 -6.0790000e+01]
 [ 2.4475240e-02  2.5193180e-02  9.9913068e-01  1.3086000e+02]
 [ 9.9594684e-01  8.2899480e-02 -2.6207520e-02 -1.1714600e+03]
 [ 0.0000000e+00  0.0000000e+00  0.0000000e+00  1.0000000e+00]]
[-0177.25, +0030.81, -1070.40]
1495, 1851, 786
[[-8.370674e-02  9.959703e-01 -2.357094e-02 -6.086000e+01]
 [ 2.523606e-02  2.599406e-02  9.991273e-01  1.309800e+02]
 [ 9.959295e-01  8.327894e-02 -2.708164e-02 -1.171450e+03]
 [ 0.000000e+00  0.000000e+00  0.000000e+00  1.000000e+00]]
[-0095.38, +0003.15, -1117.04]
921, 1061, 1575
[[-8.3057160e-02  9.9599742e-01 -2.2996140e-02 -6.0810000e+01]
 [ 2.4868860e-02  2.5407800e-02  9.9911482e-01  1.3085000e+02]
 [ 9.9595242e-01  8.2692340e-02 -2.6612200e-02 -1.1714400e+03]
 [ 0.0000000e+00  0.0000000e+00  0.0000000e+00  1.0000000e+00]]
[-0234.27, +0046.20, -1097.63]
1548, 1106, 1075
[[-8.3909800e-02  9.9597454e-01 -2.2952220e-02 -6.0870000e+01]
 [ 2.5658300e-02  2.5407800e-02  9.9913770e-01  1.3091000e+02]
 [ 9.9590850e-01  8.3481780e-02 -2.7464840e-02 -1.1714400e+03]
 [ 0.0000000e+00  0.0000000e+00  0.0000000e+00  1.0000000e+00]]
[-0133.10, +0079.43, -1081.41]
1463, 958, 1290
[[-8.3686500e-02  9.9607656e-01 -2.3086580e-02 -6.0880000e+01]
 [ 2.4959840e-02  2.5396320e-02  9.9923304e-01  1.3089000e+02]
 [ 9.9603138e-01  8.3193440e-02 -2.6846820e-02 -1.1714400e+03]
 [ 0.0000000e+00  0.0000000e+00  0.0000000e+00  1.0000000e+00]]
[-0167.82, +0095.13, -1083.55]
2095, 2035, 947
[[-8.4859200e-02  9.9586440e-01 -2.4106000e-02 -6.0920000e+01]
 [ 2.8687280e-02  2.6850540e-02  9.9901590e-01  1.3128000e+02]
 [ 9.9574296e-01  8.4319780e-02 -3.0623700e-02 -1.1714700e+03]
 [ 0.0000000e+00  0.0000000e+00  0.0000000e+00  1.0000000e+00]]
[-0090.10, +0031.93, -1129.58]
852, 1617, 1533
[[-8.3230740e-02  9.9600548e-01 -2.1595160e-02 -6.0740000e+01]
 [ 2.4924760e-02  2.4020060e-02  9.9913952e-01  1.3087000e+02]
 [ 9.9592772e-01  8.2910240e-02 -2.6548240e-02 -1.1714700e+03]
 [ 0.0000000e+00  0.0000000e+00  0.0000000e+00  1.0000000e+00]]
[-0214.91, -0009.03, -1110.33]
1254, 963, 1071
[[-8.3840640e-02  9.9599192e-01 -2.0779920e-02 -6.0740000e+01]
 [ 2.5151280e-02  2.3218380e-02  9.9917092e-01  1.3083000e+02]
 [ 9.9589112e-01  8.3517720e-02 -2.6740020e-02 -1.1714600e+03]
 [ 0.0000000e+00  0.0000000e+00  0.0000000e+00  1.0000000e+00]]
[-0160.12, +0075.03, -1069.36]
2114, 1786, 1829
[[-8.5830580e-02  9.9580574e-01 -2.3369280e-02 -6.1030000e+01]
 [ 2.6911060e-02  2.5982540e-02  9.9909456e-01  1.3108000e+02]
 [ 9.9571632e-01  8.5352640e-02 -2.8810880e-02 -1.1714300e+03]
 [ 0.0000000e+00  0.0000000e+00  0.0000000e+00  1.0000000e+00]]
[-0150.59, +0070.02, -1100.21]
2094, 1303, 1021
[[-8.4286160e-02  9.9607800e-01 -2.1455280e-02 -6.0820000e+01]
 [ 2.5619280e-02  2.3816800e-02  9.9926904e-01  1.3091000e+02]
 [ 9.9597960e-01  8.3806800e-02 -2.7400400e-02 -1.1714600e+03]
 [ 0.0000000e+00  0.0000000e+00  0.0000000e+00  1.0000000e+00]]
[-0095.98, +0089.50, -1123.49]
2078, 1616, 1111
[[-8.4092820e-02  9.9596798e-01 -2.2367060e-02 -6.0850000e+01]
 [ 2.5281580e-02  2.4798380e-02  9.9915854e-01  1.3096000e+02]
 [ 9.9589826e-01  8.3694260e-02 -2.7038440e-02 -1.1714600e+03]
 [ 0.0000000e+00  0.0000000e+00  0.0000000e+00  1.0000000e+00]]
[-0097.91, +0065.12, -1114.61]
1546, 1807, 814
[[-8.3230740e-02  9.9611196e-01 -2.1493540e-02 -6.0760000e+01]
 [ 2.5031240e-02  2.3828280e-02  9.9923508e-01  1.3091000e+02]
 [ 9.9602934e-01  8.2814680e-02 -2.6740020e-02 -1.1714800e+03]
 [ 0.0000000e+00  0.0000000e+00  0.0000000e+00  1.0000000e+00]]
[-0097.54, +0009.31, -1111.85]
824, 1078, 1167
[[-8.2369700e-02  9.9604242e-01 -2.0822940e-02 -6.0680000e+01]
 [ 2.4567300e-02  2.3241340e-02  9.9912042e-01  1.3080000e+02]
 [ 9.9595710e-01  8.2125900e-02 -2.6059400e-02 -1.1714500e+03]
 [ 0.0000000e+00  0.0000000e+00  0.0000000e+00  1.0000000e+00]]
[-0206.18, +0024.18, -1073.61]
1563, 1922, 1248
[[-8.3483400e-02  9.9589452e-01 -2.2451440e-02 -6.0850000e+01]
 [ 2.5781360e-02  2.5024440e-02  9.9902988e-01  1.3096000e+02]
 [ 9.9581388e-01  8.3183440e-02 -2.7421800e-02 -1.1714500e+03]
 [ 0.0000000e+00  0.0000000e+00  0.0000000e+00  1.0000000e+00]]
[-0128.48, +0009.35, -1097.72]
1040, 1292, 1964
[[-8.3463400e-02  9.9610696e-01 -2.1865480e-02 -6.0850000e+01]
 [ 2.5611640e-02  2.4234680e-02  9.9923096e-01  1.3090000e+02]
 [ 9.9601768e-01  8.3002360e-02 -2.7379080e-02 -1.1714200e+03]
 [ 0.0000000e+00  0.0000000e+00  0.0000000e+00  1.0000000e+00]]
[-0244.77, +0043.71, -1125.65]
782, 777, 924
[[-8.318314e-02  9.961289e-01 -1.970384e-02 -6.063000e+01]
 [ 2.490634e-02  2.204406e-02  9.992572e-01  1.307100e+02]
 [ 9.960124e-01  8.284016e-02 -2.644324e-02 -1.171450e+03]
 [ 0.000000e+00  0.000000e+00  0.000000e+00  1.000000e+00]]
[-0191.76, +0049.74, -1058.93]
1980, 1204, 2083
[[-8.5596200e-02  9.9592794e-01 -2.2480020e-02 -6.1050000e+01]
 [ 2.6854740e-02  2.5001560e-02  9.9919386e-01  1.3097000e+02]
 [ 9.9581958e-01  8.5071060e-02 -2.8745000e-02 -1.1714000e+03]
 [ 0.0000000e+00  0.0000000e+00  0.0000000e+00  1.0000000e+00]]
[-0192.80, +0106.86, -1126.34]
983, 1614, 2132
[[-8.3443720e-02  9.9609160e-01 -2.2106960e-02 -6.0860000e+01]
 [ 2.4604400e-02  2.4403500e-02  9.9924170e-01  1.3087000e+02]
 [ 9.9603304e-01  8.3011300e-02 -2.6377780e-02 -1.1714600e+03]
 [ 0.0000000e+00  0.0000000e+00  0.0000000e+00  1.0000000e+00]]
[-0242.62, +0018.75, -1143.93]
1680, 1680, 1560
[[-8.3879680e-02  9.9598864e-01 -2.1753600e-02 -6.0860000e+01]
 [ 2.5708640e-02  2.4223280e-02  9.9915180e-01  1.3094000e+02]
 [ 9.9589440e-01  8.3497800e-02 -2.7400400e-02 -1.1714400e+03]
 [ 0.0000000e+00  0.0000000e+00  0.0000000e+00  1.0000000e+00]]
[-0155.30, +0046.38, -1086.39]
1562, 1146, 1545
[[-8.3434000e-02  9.9611072e-01 -2.1083040e-02 -6.0780000e+01]
 [ 2.5245440e-02  2.3433200e-02  9.9924528e-01  1.3086000e+02]
 [ 9.9601392e-01  8.3017440e-02 -2.6931840e-02 -1.1714500e+03]
 [ 0.0000000e+00  0.0000000e+00  0.0000000e+00  1.0000000e+00]]
[-0179.05, +0087.20, -1088.45]
1140, 1227, 1766
[[-8.3869800e-02  9.9609972e-01 -2.1252440e-02 -6.0810000e+01]
 [ 2.5831960e-02  2.3636460e-02  9.9925182e-01  1.3084000e+02]
 [ 9.9599148e-01  8.3407660e-02 -2.7570900e-02 -1.1714400e+03]
 [ 0.0000000e+00  0.0000000e+00  0.0000000e+00  1.0000000e+00]]
[-0229.07, +0052.17, -1102.84]
2064, 1344, 1758
[[-8.5585920e-02  9.9583104e-01 -2.1973760e-02 -6.0980000e+01]
 [ 2.6973440e-02  2.4606720e-02  9.9910272e-01  1.3098000e+02]
 [ 9.9570816e-01  8.5172480e-02 -2.8723200e-02 -1.1714300e+03]
 [ 0.0000000e+00  0.0000000e+00  0.0000000e+00  1.0000000e+00]]
[-0159.74, +0103.34, -1110.10]
1563, 1206, 1455
[[-8.3008160e-02  9.9602052e-01 -2.0998440e-02 -6.0780000e+01]
 [ 2.4951960e-02  2.3433200e-02  9.9913792e-01  1.3084000e+02]
 [ 9.9592932e-01  8.2718240e-02 -2.6506000e-02 -1.1714500e+03]
 [ 0.0000000e+00  0.0000000e+00  0.0000000e+00  1.0000000e+00]]
[-0169.67, +0078.44, -1083.03]
2077, 1415, 2071
[[-8.6460960e-02  9.9569172e-01 -2.2828600e-02 -6.1070000e+01]
 [ 2.7621800e-02  2.5587900e-02  9.9902100e-01  1.3103000e+02]
 [ 9.9557028e-01  8.6046040e-02 -2.9429700e-02 -1.1714000e+03]
 [ 0.0000000e+00  0.0000000e+00  0.0000000e+00  1.0000000e+00]]
[-0182.52, +0100.11, -1118.04]
2116, 1429, 1366
[[-8.4742600e-02  9.9586464e-01 -2.1793680e-02 -6.0920000e+01]
 [ 2.6791440e-02  2.4426460e-02  9.9907374e-01  1.3097000e+02]
 [ 9.9574272e-01  8.4378540e-02 -2.8466500e-02 -1.1714300e+03]
 [ 0.0000000e+00  0.0000000e+00  0.0000000e+00  1.0000000e+00]]
[-0118.46, +0089.60, -1109.88]
1019, 1338, 1732
[[-8.3424360e-02  9.9600386e-01 -2.0993260e-02 -6.0770000e+01]
 [ 2.4947540e-02  2.3421720e-02  9.9915458e-01  1.3083000e+02]
 [ 9.9591266e-01  8.3117780e-02 -2.6527080e-02 -1.1714700e+03]
 [ 0.0000000e+00  0.0000000e+00  0.0000000e+00  1.0000000e+00]]
[-0230.63, +0031.50, -1104.81]
1273, 841, 1653
[[-8.4044020e-02  9.9608740e-01 -2.0684020e-02 -6.0780000e+01]
 [ 2.5055800e-02  2.3015000e-02  9.9927740e-01  1.3081000e+02]
 [ 9.9598702e-01  8.3624200e-02 -2.6740020e-02 -1.1714400e+03]
 [ 0.0000000e+00  0.0000000e+00  0.0000000e+00  1.0000000e+00]]
[-0217.25, +0097.94, -1106.32]
1866, 2096, 903
[[-8.369658e-02  9.960005e-01 -2.213070e-02 -6.080000e+01]
 [ 2.629350e-02  2.464092e-02  9.991307e-01  1.310700e+02]
 [ 9.958993e-01  8.328570e-02 -2.801850e-02 -1.171490e+03]
 [ 0.000000e+00  0.000000e+00  0.000000e+00  1.000000e+00]]
[-0093.15, +0013.91, -1130.63]
1646, 1094, 2116
[[-8.4509220e-02  9.9596606e-01 -2.1737140e-02 -6.0920000e+01]
 [ 2.5901540e-02  2.4211800e-02  9.9917438e-01  1.3089000e+02]
 [ 9.9586646e-01  8.4094820e-02 -2.7634980e-02 -1.1714100e+03]
 [ 0.0000000e+00  0.0000000e+00  0.0000000e+00  1.0000000e+00]]
[-0219.83, +0098.40, -1132.43]
2098, 815, 1845
[[-8.6836200e-02  9.9580492e-01 -2.0914760e-02 -6.1090000e+01]
 [ 2.8001720e-02  2.3613500e-02  9.9915154e-01  1.3089000e+02]
 [ 9.9563084e-01  8.6373940e-02 -2.9747140e-02 -1.1713100e+03]
 [ 0.0000000e+00  0.0000000e+00  0.0000000e+00  1.0000000e+00]]
[-0172.57, +0130.40, -1147.28]
1377, 1356, 959
[[-8.3608740e-02  9.9611742e-01 -1.9681960e-02 -6.0770000e+01]
 [ 2.5301740e-02  2.2044060e-02  9.9926868e-01  1.3079000e+02]
 [ 9.9599052e-01  8.3235560e-02 -2.6868840e-02 -1.1714100e+03]
 [ 0.0000000e+00  0.0000000e+00  0.0000000e+00  1.0000000e+00]]
[-0126.82, +0039.15, -1077.83]
1275, 2018, 1606
[[-8.4692800e-02  9.9595904e-01 -2.1152080e-02 -6.0890000e+01]
 [ 2.5525120e-02  2.3601900e-02  9.9919496e-01  1.3092000e+02]
 [ 9.9585656e-01  8.4307120e-02 -2.7208660e-02 -1.1714200e+03]
 [ 0.0000000e+00  0.0000000e+00  0.0000000e+00  1.0000000e+00]]
[-0180.45, -0012.59, -1109.40]
1373, 2018, 850
[[-8.4276360e-02  9.9599058e-01 -2.0532780e-02 -6.0790000e+01]
 [ 2.6154180e-02  2.3038040e-02  9.9917662e-01  1.3090000e+02]
 [ 9.9585882e-01  8.3909020e-02 -2.7762760e-02 -1.1714100e+03]
 [ 0.0000000e+00  0.0000000e+00  0.0000000e+00  1.0000000e+00]]
[-0107.18, -0015.17, -1125.34]
1720, 1985, 1225
[[-8.4092820e-02  9.9589128e-01 -2.1219580e-02 -6.0880000e+01]
 [ 2.6424080e-02  2.3839680e-02  9.9906072e-01  1.3095000e+02]
 [ 9.9576678e-01  8.3792080e-02 -2.7997140e-02 -1.1713900e+03]
 [ 0.0000000e+00  0.0000000e+00  0.0000000e+00  1.0000000e+00]]
[-0117.73, +0015.70, -1103.80]
1297, 1596, 1446
[[-8.3637300e-02  9.9600292e-01 -2.0774160e-02 -6.0840000e+01]
 [ 2.5353240e-02  2.3229900e-02  9.9915992e-01  1.3086000e+02]
 [ 9.9589688e-01  8.3315760e-02 -2.6931840e-02 -1.1714300e+03]
 [ 0.0000000e+00  0.0000000e+00  0.0000000e+00  1.0000000e+00]]
[-0178.59, +0022.86, -1083.09]
835, 1563, 1447
[[-8.3599380e-02  9.9610756e-01 -1.9906820e-02 -6.0720000e+01]
 [ 2.4694040e-02  2.2224440e-02  9.9927436e-01  1.3079000e+02]
 [ 9.9600038e-01  8.3239240e-02 -2.6272180e-02 -1.1714400e+03]
 [ 0.0000000e+00  0.0000000e+00  0.0000000e+00  1.0000000e+00]]
[-0210.10, -0009.48, -1104.44]
2236, 1814, 1781
[[-8.5159120e-02  9.9584256e-01 -2.1996400e-02 -6.1030000e+01]
 [ 2.6578560e-02  2.4606720e-02  9.9909120e-01  1.3102000e+02]
 [ 9.9573080e-01  8.4777600e-02 -2.8296400e-02 -1.1714200e+03]
 [ 0.0000000e+00  0.0000000e+00  0.0000000e+00  1.0000000e+00]]
[-0142.17, +0072.98, -1104.70]
969, 789, 1949
[[-8.3812200e-02  9.9610644e-01 -1.9687720e-02 -6.0760000e+01]
 [ 2.5099880e-02  2.2032540e-02  9.9927966e-01  1.3073000e+02]
 [ 9.9598476e-01  8.3437420e-02 -2.6676900e-02 -1.1713900e+03]
 [ 0.0000000e+00  0.0000000e+00  0.0000000e+00  1.0000000e+00]]
[-0252.04, +0081.42, -1144.49]
2150, 1917, 932
[[-8.4519220e-02  9.9609818e-01 -2.0785760e-02 -6.0820000e+01]
 [ 2.7240580e-02  2.3263980e-02  9.9926224e-01  1.3110000e+02]
 [ 9.9594256e-01  8.3996960e-02 -2.8999240e-02 -1.1714700e+03]
 [ 0.0000000e+00  0.0000000e+00  0.0000000e+00  1.0000000e+00]]
[-0087.69, +0043.03, -1130.59]
1802, 1854, 1429
[[-8.3627700e-02  9.9602160e-01 -1.9750200e-02 -6.0800000e+01]
 [ 2.5994400e-02  2.2258880e-02  9.9916264e-01  1.3090000e+02]
 [ 9.9587820e-01  8.3322640e-02 -2.7486580e-02 -1.1714400e+03]
 [ 0.0000000e+00  0.0000000e+00  0.0000000e+00  1.0000000e+00]]
[-0137.95, +0034.39, -1093.18]
1596, 983, 1918
[[-8.4867380e-02  9.9607218e-01 -1.9649280e-02 -6.0870000e+01]
 [ 2.5688820e-02  2.2020940e-02  9.9931392e-01  1.3084000e+02]
 [ 9.9593472e-01  8.4430080e-02 -2.7336680e-02 -1.1714200e+03]
 [ 0.0000000e+00  0.0000000e+00  0.0000000e+00  1.0000000e+00]]
[-0212.23, +0105.29, -1123.33]
1572, 1389, 788
[[-8.3164660e-02  9.9614622e-01 -1.8488520e-02 -6.0690000e+01]
 [ 2.5355820e-02  2.0868940e-02  9.9926412e-01  1.3079000e+02]
 [ 9.9599508e-01  8.2851720e-02 -2.6785960e-02 -1.1714300e+03]
 [ 0.0000000e+00  0.0000000e+00  0.0000000e+00  1.0000000e+00]]
[-0098.69, +0044.74, -1094.68]
1044, 1502, 1626
[[-8.4228560e-02  9.9609900e-01 -1.9266120e-02 -6.0780000e+01]
 [ 2.5512120e-02  2.1637100e-02  9.9929534e-01  1.3081000e+02]
 [ 9.9595860e-01  8.3838100e-02 -2.7081700e-02 -1.1714400e+03]
 [ 0.0000000e+00  0.0000000e+00  0.0000000e+00  1.0000000e+00]]
[-0216.27, +0015.96, -1098.26]
1413, 1832, 1869
[[-8.4470020e-02  9.9597410e-01 -2.0555420e-02 -6.0900000e+01]
 [ 2.5552700e-02  2.3015000e-02  9.9919310e-01  1.3091000e+02]
 [ 9.9585842e-01  8.4115300e-02 -2.7166020e-02 -1.1714400e+03]
 [ 0.0000000e+00  0.0000000e+00  0.0000000e+00  1.0000000e+00]]
[-0201.02, +0021.74, -1101.54]
1084, 1860, 1279
[[-8.2989120e-02  9.9614504e-01 -1.9681520e-02 -6.0730000e+01]
 [ 2.5507760e-02  2.2066860e-02  9.9924106e-01  1.3083000e+02]
 [ 9.9601288e-01  8.2634140e-02 -2.7040020e-02 -1.1714400e+03]
 [ 0.0000000e+00  0.0000000e+00  0.0000000e+00  1.0000000e+00]]
[-0167.07, -0021.08, -1104.06]
772, 1725, 1831
[[-8.319250e-02  9.961341e-01 -1.968720e-02 -6.077000e+01]
 [ 2.530590e-02  2.205550e-02  9.992520e-01  1.308100e+02]
 [ 9.960072e-01  8.283600e-02 -2.684800e-02 -1.171420e+03]
 [ 0.000000e+00  0.000000e+00  0.000000e+00  1.000000e+00]]
[-0232.27, -0009.56, -1141.58]
1605, 773, 1190
[[-8.4025060e-02  9.9602242e-01 -1.8529380e-02 -6.0770000e+01]
 [ 2.6440220e-02  2.1072440e-02  9.9918618e-01  1.3076000e+02]
 [ 9.9584382e-01  8.3734380e-02 -2.7849860e-02 -1.1714000e+03]
 [ 0.0000000e+00  0.0000000e+00  0.0000000e+00  1.0000000e+00]]
[-0151.09, +0120.34, -1101.27]
1892, 814, 1300
[[-8.4867380e-02  9.9597990e-01 -1.9126260e-02 -6.0840000e+01]
 [ 2.6207100e-02  2.1637100e-02  9.9921670e-01  1.3081000e+02]
 [ 9.9581874e-01  8.4527300e-02 -2.7720520e-02 -1.1714300e+03]
 [ 0.0000000e+00  0.0000000e+00  0.0000000e+00  1.0000000e+00]]
[-0141.59, +0127.97, -1122.25]
1213, 1986, 1533
[[-8.4044020e-02  9.9610174e-01 -2.0059480e-02 -6.0820000e+01]
 [ 2.5680340e-02  2.2439420e-02  9.9927596e-01  1.3087000e+02]
 [ 9.9597268e-01  8.3625640e-02 -2.7315600e-02 -1.1714400e+03]
 [ 0.0000000e+00  0.0000000e+00  0.0000000e+00  1.0000000e+00]]
[-0178.25, -0015.26, -1108.51]
831, 1153, 1636
[[-8.3377360e-02  9.9603416e-01 -1.8579320e-02 -6.0690000e+01]
 [ 2.5447280e-02  2.1061040e-02  9.9917444e-01  1.3074000e+02]
 [ 9.9588236e-01  8.3144920e-02 -2.6806560e-02 -1.1714300e+03]
 [ 0.0000000e+00  0.0000000e+00  0.0000000e+00  1.0000000e+00]]
[-0241.96, +0031.43, -1108.41]
962, 1826, 1035
[[-8.359938e-02  9.960198e-01 -1.917600e-02 -6.072000e+01]
 [ 2.542020e-02  2.164862e-02  9.991768e-01  1.308200e+02]
 [ 9.958800e-01  8.333680e-02 -2.684800e-02 -1.171450e+03]
 [ 0.000000e+00  0.000000e+00  0.000000e+00  1.000000e+00]]
[-0152.96, -0030.59, -1108.40]
1993, 767, 1210
[[-8.4441460e-02  9.9609792e-01 -1.9046820e-02 -6.0830000e+01]
 [ 2.5918080e-02  2.1445120e-02  9.9930048e-01  1.3080000e+02]
 [ 9.9594282e-01  8.4036480e-02 -2.7486580e-02 -1.1714100e+03]
 [ 0.0000000e+00  0.0000000e+00  0.0000000e+00  1.0000000e+00]]
[-0130.07, +0131.23, -1134.87]
1695, 1210, 1570
[[-8.4044020e-02  9.9611608e-01 -1.9434940e-02 -6.0820000e+01]
 [ 2.6304880e-02  2.1863480e-02  9.9927416e-01  1.3080000e+02]
 [ 9.9595834e-01  8.3627440e-02 -2.7891540e-02 -1.1713800e+03]
 [ 0.0000000e+00  0.0000000e+00  0.0000000e+00  1.0000000e+00]]
[-0172.90, +0087.92, -1091.19]
2124, 1595, 862
[[-8.5312740e-02  9.9596492e-01 -1.9694560e-02 -6.0850000e+01]
 [ 2.6776760e-02  2.2236000e-02  9.9921932e-01  1.3092000e+02]
 [ 9.9579968e-01  8.4912440e-02 -2.8380900e-02 -1.1714200e+03]
 [ 0.0000000e+00  0.0000000e+00  0.0000000e+00  1.0000000e+00]]
[-0083.37, +0063.20, -1131.86]
1863, 1796, 995
[[-8.3821600e-02  9.9600996e-01 -1.9564520e-02 -6.0760000e+01]
 [ 2.5601160e-02  2.2044060e-02  9.9917844e-01  1.3086000e+02]
 [ 9.9587308e-01  8.3529240e-02 -2.7081700e-02 -1.1714700e+03]
 [ 0.0000000e+00  0.0000000e+00  0.0000000e+00  1.0000000e+00]]
[-0098.50, +0032.95, -1110.89]
975, 1643, 1645
[[-8.3395920e-02  9.9612784e-01 -1.9484800e-02 -6.0780000e+01]
 [ 2.5312160e-02  2.1852080e-02  9.9926240e-01  1.3079000e+02]
 [ 9.9599680e-01  8.3038400e-02 -2.6848000e-02 -1.1714400e+03]
 [ 0.0000000e+00  0.0000000e+00  0.0000000e+00  1.0000000e+00]]
[-0216.40, +0000.75, -1108.34]
985, 1116, 2008
[[-8.4034500e-02  9.9600422e-01 -1.9553460e-02 -6.0810000e+01]
 [ 2.5798860e-02  2.2044060e-02  9.9918418e-01  1.3078000e+02]
 [ 9.9586202e-01  8.3726940e-02 -2.7294600e-02 -1.1714000e+03]
 [ 0.0000000e+00  0.0000000e+00  0.0000000e+00  1.0000000e+00]]
[-0252.04, +0055.00, -1137.37]
1344, 2014, 2154
[[-8.4712480e-02  9.9596484e-01 -2.1326440e-02 -6.0990000e+01]
 [ 2.6115960e-02  2.3816800e-02  9.9918468e-01  1.3095000e+02]
 [ 9.9585076e-01  8.4297720e-02 -2.7826720e-02 -1.1714200e+03]
 [ 0.0000000e+00  0.0000000e+00  0.0000000e+00  1.0000000e+00]]
[-0216.66, +0010.95, -1125.99]
1167, 1083, 1854
[[-8.3414800e-02  9.9614324e-01 -1.9243320e-02 -6.0780000e+01]
 [ 2.6319400e-02  2.1682700e-02  9.9925110e-01  1.3078000e+02]
 [ 9.9598140e-01  8.3030820e-02 -2.7849860e-02 -1.1714000e+03]
 [ 0.0000000e+00  0.0000000e+00  0.0000000e+00  1.0000000e+00]]
[-0233.90, +0068.28, -1111.79]
2070, 1957, 1672
[[-8.5352260e-02  9.9596262e-01 -2.0667820e-02 -6.0930000e+01]
 [ 2.7333420e-02  2.3241340e-02  9.9920022e-01  1.3100000e+02]
 [ 9.9580198e-01  8.4892020e-02 -2.9041960e-02 -1.1714200e+03]
 [ 0.0000000e+00  0.0000000e+00  0.0000000e+00  1.0000000e+00]]
[-0134.83, +0049.65, -1100.26]
761, 1430, 2233
[[-8.2979720e-02  9.9604278e-01 -1.9383660e-02 -6.0690000e+01]
 [ 2.5417980e-02  2.1863480e-02  9.9914974e-01  1.3075000e+02]
 [ 9.9590706e-01  8.2734860e-02 -2.6827240e-02 -1.1714300e+03]
 [ 0.0000000e+00  0.0000000e+00  0.0000000e+00  1.0000000e+00]]
[-0251.20, +0025.05, -1165.16]
1861, 1718, 1661
[[-8.3211460e-02  9.9604308e-01 -1.9547480e-02 -6.0740000e+01]
 [ 2.6206680e-02  2.2078140e-02  9.9914532e-01  1.3087000e+02]
 [ 9.9589012e-01  8.2923720e-02 -2.7657760e-02 -1.1714500e+03]
 [ 0.0000000e+00  0.0000000e+00  0.0000000e+00  1.0000000e+00]]
[-0151.09, +0058.18, -1091.40]
1077, 1455, 1793
[[-8.2961160e-02  9.9604622e-01 -1.8792660e-02 -6.0650000e+01]
 [ 2.5243140e-02  2.1264540e-02  9.9915842e-01  1.3076000e+02]
 [ 9.9590362e-01  8.2744740e-02 -2.6593860e-02 -1.1714600e+03]
 [ 0.0000000e+00  0.0000000e+00  0.0000000e+00  1.0000000e+00]]
[-0228.36, +0027.38, -1107.42]
1127, 2136, 1690
[[-8.3405320e-02  9.9613312e-01 -1.9468120e-02 -6.0700000e+01]
 [ 2.5711720e-02  2.1863480e-02  9.9925712e-01  1.3088000e+02]
 [ 9.9599152e-01  8.3034280e-02 -2.7252840e-02 -1.1714700e+03]
 [ 0.0000000e+00  0.0000000e+00  0.0000000e+00  1.0000000e+00]]
[-0188.09, -0023.45, -1127.77]
1164, 776, 1442
[[-8.2933920e-02  9.9615960e-01 -1.7700320e-02 -6.0610000e+01]
 [ 2.5191200e-02  2.0077500e-02  9.9926610e-01  1.3068000e+02]
 [ 9.9599832e-01  8.2664300e-02 -2.6532420e-02 -1.1714300e+03]
 [ 0.0000000e+00  0.0000000e+00  0.0000000e+00  1.0000000e+00]]
[-0209.81, +0094.91, -1091.61]
1469, 1245, 1474
[[-8.3793640e-02  9.9612380e-01 -1.8472280e-02 -6.0690000e+01]
 [ 2.5549720e-02  2.0857500e-02  9.9928654e-01  1.3080000e+02]
 [ 9.9596740e-01  8.3449100e-02 -2.7019300e-02 -1.1714700e+03]
 [ 0.0000000e+00  0.0000000e+00  0.0000000e+00  1.0000000e+00]]
[-0176.13, +0070.51, -1081.01]
827, 790, 807
[[-8.1633480e-02  9.9630658e-01 -1.6672420e-02 -6.0440000e+01]
 [ 2.3951020e-02  1.8889740e-02  9.9933898e-01  1.3058000e+02]
 [ 9.9615818e-01  8.1395620e-02 -2.5197780e-02 -1.1714800e+03]
 [ 0.0000000e+00  0.0000000e+00  0.0000000e+00  1.0000000e+00]]
[-0173.62, +0049.14, -1054.90]
1382, 1427, 1985
[[-8.4257000e-02  9.9600870e-01 -1.9317300e-02 -6.0780000e+01]
 [ 2.6604300e-02  2.1863480e-02  9.9918382e-01  1.3084000e+02]
 [ 9.9584070e-01  8.3921180e-02 -2.8104520e-02 -1.1714000e+03]
 [ 0.0000000e+00  0.0000000e+00  0.0000000e+00  1.0000000e+00]]
[-0223.10, +0057.79, -1109.13]
2052, 992, 1844
[[-8.4876900e-02  9.9608710e-01 -1.9215800e-02 -6.0830000e+01]
 [ 2.6504900e-02  2.1648620e-02  9.9930724e-01  1.3086000e+02]
 [ 9.9591980e-01  8.4427240e-02 -2.8125520e-02 -1.1714300e+03]
 [ 0.0000000e+00  0.0000000e+00  0.0000000e+00  1.0000000e+00]]
[-0172.22, +0123.82, -1132.99]
1005, 2167, 1024
[[-8.3164660e-02  9.9613248e-01 -1.9112820e-02 -6.0580000e+01]
 [ 2.4731520e-02  2.1445120e-02  9.9926592e-01  1.3087000e+02]
 [ 9.9600882e-01  8.2849920e-02 -2.6209780e-02 -1.1715000e+03]
 [ 0.0000000e+00  0.0000000e+00  0.0000000e+00  1.0000000e+00]]
[-0140.82, -0039.94, -1139.50]
1895, 1059, 2129
[[-8.4905940e-02  9.9597772e-01 -2.0099640e-02 -6.0940000e+01]
 [ 2.6763960e-02  2.2642800e-02  9.9919808e-01  1.3087000e+02]
 [ 9.9582092e-01  8.4507360e-02 -2.8380900e-02 -1.1714100e+03]
 [ 0.0000000e+00  0.0000000e+00  0.0000000e+00  1.0000000e+00]]
[-0201.83, +0111.69, -1136.35]
1319, 833, 1560
[[-8.3571780e-02  9.9613342e-01 -1.8083720e-02 -6.0670000e+01]
 [ 2.5368620e-02  2.0461820e-02  9.9928468e-01  1.3070000e+02]
 [ 9.9597452e-01  8.3256520e-02 -2.6785960e-02 -1.1714500e+03]
 [ 0.0000000e+00  0.0000000e+00  0.0000000e+00  1.0000000e+00]]
[-0205.34, +0101.50, -1099.25]
1009, 2133, 1742
[[-8.3211460e-02  9.9603352e-01 -1.9963680e-02 -6.0720000e+01]
 [ 2.5790480e-02  2.2462220e-02  9.9914652e-01  1.3089000e+02]
 [ 9.9589968e-01  8.2922520e-02 -2.7273680e-02 -1.1714500e+03]
 [ 0.0000000e+00  0.0000000e+00  0.0000000e+00  1.0000000e+00]]
[-0197.98, -0025.62, -1136.74]
1599, 840, 853
[[-8.3155540e-02  9.9627004e-01 -1.7362880e-02 -6.0600000e+01]
 [ 2.6103080e-02  1.9704300e-02  9.9936104e-01  1.3071000e+02]
 [ 9.9607936e-01  8.2763920e-02 -2.7534400e-02 -1.1714200e+03]
 [ 0.0000000e+00  0.0000000e+00  0.0000000e+00  1.0000000e+00]]
[-0114.54, +0104.73, -1096.73]
1974, 1150, 1525
[[-8.3831080e-02  9.9602482e-01 -1.9131420e-02 -6.0760000e+01]
 [ 2.6417020e-02  2.1671420e-02  9.9917178e-01  1.3083000e+02]
 [ 9.9585822e-01  8.3526420e-02 -2.7870660e-02 -1.1714300e+03]
 [ 0.0000000e+00  0.0000000e+00  0.0000000e+00  1.0000000e+00]]
[-0148.02, +0109.97, -1109.32]
1385, 2105, 1195
[[-8.3386600e-02  9.9622902e-01 -1.9399740e-02 -6.0660000e+01]
 [ 2.5018980e-02  2.1648620e-02  9.9936306e-01  1.3086000e+02]
 [ 9.9610374e-01  8.2947060e-02 -2.6635220e-02 -1.1714800e+03]
 [ 0.0000000e+00  0.0000000e+00  0.0000000e+00  1.0000000e+00]]
[-0133.19, -0017.40, -1115.68]
1788, 1097, 2131
[[-8.4867380e-02  9.9596568e-01 -1.9751040e-02 -6.0870000e+01]
 [ 2.5582320e-02  2.2212800e-02  9.9921856e-01  1.3087000e+02]
 [ 9.9583296e-01  8.4525440e-02 -2.7144820e-02 -1.1714400e+03]
 [ 0.0000000e+00  0.0000000e+00  0.0000000e+00  1.0000000e+00]]
[-0209.69, +0106.16, -1134.05]
997, 807, 1297
[[-8.3527380e-02  9.9612558e-01 -1.7334760e-02 -6.0540000e+01]
 [ 2.4203380e-02  1.9635420e-02  9.9930756e-01  1.3064000e+02]
 [ 9.9598236e-01  8.3278040e-02 -2.5530960e-02 -1.1715000e+03]
 [ 0.0000000e+00  0.0000000e+00  0.0000000e+00  1.0000000e+00]]
[-0211.01, +0076.33, -1079.29]
1186, 1584, 1617
[[-8.4025060e-02  9.9600832e-01 -1.9153920e-02 -6.0720000e+01]
 [ 2.5815680e-02  2.1648620e-02  9.9918828e-01  1.3081000e+02]
 [ 9.9585792e-01  8.3732280e-02 -2.7273680e-02 -1.1714400e+03]
 [ 0.0000000e+00  0.0000000e+00  0.0000000e+00  1.0000000e+00]]
[-0203.40, +0018.29, -1092.92]
1549, 2034, 1568
[[-8.4247440e-02  9.9620668e-01 -1.9547120e-02 -6.0740000e+01]
 [ 2.6001320e-02  2.1852080e-02  9.9938128e-01  1.3088000e+02]
 [ 9.9605912e-01  8.3733280e-02 -2.7699520e-02 -1.1714600e+03]
 [ 0.0000000e+00  0.0000000e+00  0.0000000e+00  1.0000000e+00]]
[-0155.44, +0005.33, -1099.15]
1820, 1098, 1984
[[-8.4470020e-02  9.9610472e-01 -1.9412620e-02 -6.0800000e+01]
 [ 2.6700320e-02  2.1863480e-02  9.9928552e-01  1.3085000e+02]
 [ 9.9593602e-01  8.4022880e-02 -2.8317540e-02 -1.1714000e+03]
 [ 0.0000000e+00  0.0000000e+00  0.0000000e+00  1.0000000e+00]]
[-0198.35, +0110.46, -1125.24]
1703, 1451, 1203
[[-8.3173860e-02  9.9604976e-01 -1.8365520e-02 -6.0650000e+01]
 [ 2.5857120e-02  2.0880300e-02  9.9916276e-01  1.3079000e+02]
 [ 9.9588344e-01  8.2943880e-02 -2.7190800e-02 -1.1714600e+03]
 [ 0.0000000e+00  0.0000000e+00  0.0000000e+00  1.0000000e+00]]
[-0128.71, +0058.74, -1086.35]
1424, 768, 1906
[[-8.3997220e-02  9.9621458e-01 -1.8584420e-02 -6.0730000e+01]
 [ 2.5246180e-02  2.0845980e-02  9.9939358e-01  1.3072000e+02]
 [ 9.9606802e-01  8.3554820e-02 -2.6827240e-02 -1.1714200e+03]
 [ 0.0000000e+00  0.0000000e+00  0.0000000e+00  1.0000000e+00]]
[-0221.87, +0111.99, -1136.39]
2158, 1380, 1173
[[-8.4257000e-02  9.9600870e-01 -1.9317300e-02 -6.0760000e+01]
 [ 2.6604300e-02  2.1863480e-02  9.9918382e-01  1.3087000e+02]
 [ 9.9584070e-01  8.3921180e-02 -2.8104520e-02 -1.1714500e+03]
 [ 0.0000000e+00  0.0000000e+00  0.0000000e+00  1.0000000e+00]]
[-0103.83, +0088.56, -1118.91]
1809, 1803, 1274
[[-8.2979720e-02  9.9615384e-01 -1.9073880e-02 -6.0670000e+01]
 [ 2.5732440e-02  2.1479320e-02  9.9924456e-01  1.3083000e+02]
 [ 9.9600408e-01  8.2640040e-02 -2.7211400e-02 -1.1714700e+03]
 [ 0.0000000e+00  0.0000000e+00  0.0000000e+00  1.0000000e+00]]
[-0122.37, +0032.97, -1096.21]
1842, 1394, 2235
[[-8.4905940e-02  9.9597772e-01 -2.0099640e-02 -6.0870000e+01]
 [ 2.6763960e-02  2.2642800e-02  9.9919808e-01  1.3087000e+02]
 [ 9.9582092e-01  8.4507360e-02 -2.8380900e-02 -1.1714000e+03]
 [ 0.0000000e+00  0.0000000e+00  0.0000000e+00  1.0000000e+00]]
[-0210.81, +0089.69, -1125.25]
1350, 1727, 1386
[[-8.316466e-02  9.962434e-01 -1.880296e-02 -6.066000e+01]
 [ 2.504596e-02  2.106104e-02  9.993608e-01  1.307900e+02]
 [ 9.961060e-01  8.275504e-02 -2.659386e-02 -1.171450e+03]
 [ 0.000000e+00  0.000000e+00  0.000000e+00  1.000000e+00]]
[-0162.83, +0012.30, -1086.36]
767, 1335, 2083
[[-8.2952000e-02  9.9614736e-01 -1.8707520e-02 -6.0650000e+01]
 [ 2.4949920e-02  2.1061040e-02  9.9925904e-01  1.3073000e+02]
 [ 9.9601056e-01  8.2653280e-02 -2.6381200e-02 -1.1714200e+03]
 [ 0.0000000e+00  0.0000000e+00  0.0000000e+00  1.0000000e+00]]
[-0254.56, +0027.56, -1155.44]
1950, 1308, 1611
[[-8.3831080e-02  9.9602482e-01 -1.9131420e-02 -6.0740000e+01]
 [ 2.6417020e-02  2.1671420e-02  9.9917178e-01  1.3083000e+02]
 [ 9.9585822e-01  8.3526420e-02 -2.7870660e-02 -1.1714400e+03]
 [ 0.0000000e+00  0.0000000e+00  0.0000000e+00  1.0000000e+00]]
[-0150.89, +0098.95, -1102.06]
1681, 1597, 842
[[-8.2925000e-02  9.9615000e-01 -1.7925000e-02 -6.0580000e+01]
 [ 2.4583560e-02  2.0258200e-02  9.9927192e-01  1.3078000e+02]
 [ 9.9600792e-01  8.2667400e-02 -2.5935560e-02 -1.1714800e+03]
 [ 0.0000000e+00  0.0000000e+00  0.0000000e+00  1.0000000e+00]]
[-0095.88, +0034.82, -1103.93]
1302, 1256, 1526
[[-8.3784480e-02  9.9622036e-01 -1.8595400e-02 -6.0670000e+01]
 [ 2.5048360e-02  2.0845980e-02  9.9938780e-01  1.3079000e+02]
 [ 9.9607900e-01  8.3357000e-02 -2.6614500e-02 -1.1714500e+03]
 [ 0.0000000e+00  0.0000000e+00  0.0000000e+00  1.0000000e+00]]
[-0196.07, +0057.39, -1082.08]
1947, 807, 805
[[-8.2517800e-02  9.9618512e-01 -1.7289440e-02 -6.0600000e+01]
 [ 2.5611040e-02  1.9704300e-02  9.9924802e-01  1.3072000e+02]
 [ 9.9600592e-01  8.2266260e-02 -2.6896660e-02 -1.1714500e+03]
 [ 0.0000000e+00  0.0000000e+00  0.0000000e+00  1.0000000e+00]]
[-0097.51, +0116.87, -1134.68]
1267, 1179, 1752
[[-8.3590100e-02  9.9602382e-01 -1.8776460e-02 -6.0710000e+01]
 [ 2.5436940e-02  2.1253100e-02  9.9918082e-01  1.3078000e+02]
 [ 9.9587598e-01  8.3342060e-02 -2.6827240e-02 -1.1714300e+03]
 [ 0.0000000e+00  0.0000000e+00  0.0000000e+00  1.0000000e+00]]
[-0220.19, +0066.49, -1098.99]
1187, 1561, 2009
[[-8.3831080e-02  9.9622346e-01 -1.9552500e-02 -6.0760000e+01]
 [ 2.6005460e-02  2.1863480e-02  9.9936450e-01  1.3081000e+02]
 [ 9.9607590e-01  8.3333700e-02 -2.7678600e-02 -1.1714100e+03]
 [ 0.0000000e+00  0.0000000e+00  0.0000000e+00  1.0000000e+00]]
[-0233.46, +0033.07, -1119.56]
2043, 2086, 2175
[[-8.4945780e-02  9.9598028e-01 -2.0864760e-02 -6.0940000e+01]
 [ 2.7529080e-02  2.3455920e-02  9.9917816e-01  1.3100000e+02]
 [ 9.9581836e-01  8.4487440e-02 -2.9233860e-02 -1.1714200e+03]
 [ 0.0000000e+00  0.0000000e+00  0.0000000e+00  1.0000000e+00]]
[-0179.28, +0047.05, -1106.19]
1939, 1283, 1505
[[-8.3164660e-02  9.9603988e-01 -1.8590280e-02 -6.0670000e+01]
 [ 2.5249480e-02  2.1061040e-02  9.9916872e-01  1.3079000e+02]
 [ 9.9589332e-01  8.2947120e-02 -2.6593860e-02 -1.1714400e+03]
 [ 0.0000000e+00  0.0000000e+00  0.0000000e+00  1.0000000e+00]]
[-0145.40, +0096.27, -1099.68]
1090, 1359, 1761
[[-8.3377360e-02  9.9614052e-01 -1.8477560e-02 -6.0660000e+01]
 [ 2.5553640e-02  2.0868940e-02  9.9926982e-01  1.3077000e+02]
 [ 9.9598412e-01  8.3049540e-02 -2.6998660e-02 -1.1714700e+03]
 [ 0.0000000e+00  0.0000000e+00  0.0000000e+00  1.0000000e+00]]
[-0228.44, +0036.36, -1103.73]
1027, 960, 1544
[[-8.3128660e-02  9.9613916e-01 -1.7930780e-02 -6.0590000e+01]
 [ 2.4381880e-02  2.0246640e-02  9.9928276e-01  1.3069000e+02]
 [ 9.9600214e-01  8.2869080e-02 -2.5743460e-02 -1.1714900e+03]
 [ 0.0000000e+00  0.0000000e+00  0.0000000e+00  1.0000000e+00]]
[-0225.97, +0066.44, -1092.52]
2235, 879, 1412
[[-8.5700580e-02  9.9595526e-01 -1.8698740e-02 -6.0800000e+01]
 [ 2.6615660e-02  2.1229980e-02  9.9924938e-01  1.3085000e+02]
 [ 9.9577514e-01  8.5327820e-02 -2.8146600e-02 -1.1714300e+03]
 [ 0.0000000e+00  0.0000000e+00  0.0000000e+00  1.0000000e+00]]
[-0133.97, +0127.32, -1143.35]
1696, 2153, 1639
[[-8.4015700e-02  9.9609080e-01 -1.9901700e-02 -6.0740000e+01]
 [ 2.4689840e-02  2.2212800e-02  9.9929112e-01  1.3091000e+02]
 [ 9.9598362e-01  8.3638800e-02 -2.6293140e-02 -1.1714800e+03]
 [ 0.0000000e+00  0.0000000e+00  0.0000000e+00  1.0000000e+00]]
[-0155.18, +0003.64, -1104.65]
1292, 2068, 1378
[[-8.3183140e-02  9.9624926e-01 -1.8977820e-02 -6.0650000e+01]
 [ 2.5637020e-02  2.1275900e-02  9.9935094e-01  1.3083000e+02]
 [ 9.9610014e-01  8.2746420e-02 -2.7211400e-02 -1.1714400e+03]
 [ 0.0000000e+00  0.0000000e+00  0.0000000e+00  1.0000000e+00]]
[-0156.63, -0016.32, -1109.43]
1213, 1270, 1128
[[-8.2730340e-02  9.9626778e-01 -1.8008980e-02 -6.0620000e+01]
 [ 2.5083020e-02  2.0281080e-02  9.9935202e-01  1.3074000e+02]
 [ 9.9611478e-01  8.2365820e-02 -2.6532420e-02 -1.1714500e+03]
 [ 0.0000000e+00  0.0000000e+00  0.0000000e+00  1.0000000e+00]]
[-0160.26, +0038.27, -1070.29]
1418, 1200, 1105
[[-8.3988100e-02  9.9611666e-01 -1.8078480e-02 -6.0630000e+01]
 [ 2.5364780e-02  2.0450300e-02  9.9930144e-01  1.3075000e+02]
 [ 9.9595776e-01  8.3656080e-02 -2.6806560e-02 -1.1714600e+03]
 [ 0.0000000e+00  0.0000000e+00  0.0000000e+00  1.0000000e+00]]
[-0143.16, +0062.15, -1074.58]
806, 1093, 1820
[[-8.3562740e-02  9.9612822e-01 -1.8100440e-02 -6.0560000e+01]
 [ 2.4969060e-02  2.0450300e-02  9.9928988e-01  1.3068000e+02]
 [ 9.9597972e-01  8.3260360e-02 -2.6381200e-02 -1.1714600e+03]
 [ 0.0000000e+00  0.0000000e+00  0.0000000e+00  1.0000000e+00]]
[-0253.87, +0040.88, -1128.81]
1849, 1845, 1454
[[-8.3821600e-02  9.9601468e-01 -1.9356360e-02 -6.0730000e+01]
 [ 2.5809320e-02  2.1852080e-02  9.9917784e-01  1.3089000e+02]
 [ 9.9586836e-01  8.3529840e-02 -2.7273680e-02 -1.1714800e+03]
 [ 0.0000000e+00  0.0000000e+00  0.0000000e+00  1.0000000e+00]]
[-0130.16, +0040.32, -1094.65]
1888, 2123, 1431
[[-8.4470020e-02  9.9609026e-01 -2.0037280e-02 -6.0760000e+01]
 [ 2.6075660e-02  2.2439420e-02  9.9928744e-01  1.3095000e+02]
 [ 9.9595048e-01  8.4020960e-02 -2.7741600e-02 -1.1714700e+03]
 [ 0.0000000e+00  0.0000000e+00  0.0000000e+00  1.0000000e+00]]
[-0123.38, +0018.88, -1106.63]
2054, 1331, 1003
[[-8.4228560e-02  9.9611304e-01 -1.8641520e-02 -6.0710000e+01]
 [ 2.6136720e-02  2.1061040e-02  9.9929336e-01  1.3083000e+02]
 [ 9.9594456e-01  8.3840080e-02 -2.7657760e-02 -1.1714500e+03]
 [ 0.0000000e+00  0.0000000e+00  0.0000000e+00  1.0000000e+00]]
[-0094.72, +0085.95, -1120.27]
1490, 1506, 2022
[[-8.4663880e-02  9.9608808e-01 -1.9435240e-02 -6.0790000e+01]
 [ 2.6098920e-02  2.1840600e-02  9.9930216e-01  1.3083000e+02]
 [ 9.9593576e-01  8.4228840e-02 -2.7720520e-02 -1.1714400e+03]
 [ 0.0000000e+00  0.0000000e+00  0.0000000e+00  1.0000000e+00]]
[-0219.07, +0056.73, -1108.59]
777, 1061, 1115
[[-8.2491280e-02  9.9616964e-01 -1.7339000e-02 -6.0510000e+01]
 [ 2.4412360e-02  1.9670220e-02  9.9926350e-01  1.3067000e+02]
 [ 9.9602140e-01  8.2277300e-02 -2.5682500e-02 -1.1714800e+03]
 [ 0.0000000e+00  0.0000000e+00  0.0000000e+00  1.0000000e+00]]
[-0202.76, +0021.95, -1071.73]
818, 2002, 1752
[[-8.4044020e-02  9.9610652e-01 -1.9851300e-02 -6.0760000e+01]
 [ 2.5888520e-02  2.2247480e-02  9.9927540e-01  1.3088000e+02]
 [ 9.9596790e-01  8.3626200e-02 -2.7507540e-02 -1.1714500e+03]
 [ 0.0000000e+00  0.0000000e+00  0.0000000e+00  1.0000000e+00]]
[-0211.74, -0026.49, -1146.60]
818, 1372, 805
[[-8.2916160e-02  9.9626440e-01 -1.7215520e-02 -6.0520000e+01]
 [ 2.4914480e-02  1.9478000e-02  9.9937036e-01  1.3072000e+02]
 [ 9.9610160e-01  8.2577800e-02 -2.6299600e-02 -1.1714700e+03]
 [ 0.0000000e+00  0.0000000e+00  0.0000000e+00  1.0000000e+00]]
[-0153.51, -0013.60, -1079.78]
2187, 754, 1178
[[-8.4867380e-02  9.9598938e-01 -1.8709740e-02 -6.0790000e+01]
 [ 2.6623620e-02  2.1253100e-02  9.9921526e-01  1.3082000e+02]
 [ 9.9580926e-01  8.4528740e-02 -2.8104520e-02 -1.1714300e+03]
 [ 0.0000000e+00  0.0000000e+00  0.0000000e+00  1.0000000e+00]]
[-0122.53, +0129.21, -1149.05]
2111, 1182, 1490
[[-8.4867380e-02  9.9598464e-01 -1.8918000e-02 -6.0740000e+01]
 [ 2.6415360e-02  2.1445120e-02  9.9921600e-01  1.3082000e+02]
 [ 9.9581400e-01  8.4528000e-02 -2.7912500e-02 -1.1714300e+03]
 [ 0.0000000e+00  0.0000000e+00  0.0000000e+00  1.0000000e+00]]
[-0138.56, +0108.23, -1114.91]
1693, 1986, 959
[[-8.3599380e-02  9.9613086e-01 -1.8866120e-02 -6.0630000e+01]
 [ 2.5734740e-02  2.1264540e-02  9.9927156e-01  1.3085000e+02]
 [ 9.9597708e-01  8.3242040e-02 -2.7232080e-02 -1.1714400e+03]
 [ 0.0000000e+00  0.0000000e+00  0.0000000e+00  1.0000000e+00]]
[-0100.96, +0007.67, -1118.43]
994, 2177, 1949
[[-8.1334600e-02  9.9619232e-01 -2.0725960e-02 -6.0580000e+01]
 [ 2.4884360e-02  2.3083160e-02  9.9917248e-01  1.3091000e+02]
 [ 9.9609712e-01  8.1029240e-02 -2.6401800e-02 -1.1715100e+03]
 [ 0.0000000e+00  0.0000000e+00  0.0000000e+00  1.0000000e+00]]
[-0207.25, -0018.91, -1143.22]
2072, 1379, 2154
[[-8.4915780e-02  9.9588164e-01 -1.9976060e-02 -6.0920000e+01]
 [ 2.7265160e-02  2.2654200e-02  9.9909652e-01  1.3091000e+02]
 [ 9.9570874e-01  8.4599080e-02 -2.8786020e-02 -1.1714000e+03]
 [ 0.0000000e+00  0.0000000e+00  0.0000000e+00  1.0000000e+00]]
[-0188.65, +0099.78, -1121.83]
1448, 1676, 1085
[[-8.1685800e-02  9.9631078e-01 -1.7822140e-02 -6.0530000e+01]
 [ 2.5100740e-02  2.0111340e-02  9.9931282e-01  1.3078000e+02]
 [ 9.9615398e-01  8.1369460e-02 -2.6471700e-02 -1.1714500e+03]
 [ 0.0000000e+00  0.0000000e+00  0.0000000e+00  1.0000000e+00]]
[-0128.89, +0016.77, -1088.02]
1626, 1872, 1921
[[-8.4257000e-02  9.9600870e-01 -1.9317300e-02 -6.0750000e+01]
 [ 2.6604300e-02  2.1863480e-02  9.9918382e-01  1.3088000e+02]
 [ 9.9584070e-01  8.3921180e-02 -2.8104520e-02 -1.1714300e+03]
 [ 0.0000000e+00  0.0000000e+00  0.0000000e+00  1.0000000e+00]]
[-0190.86, +0033.28, -1098.59]
1110, 1319, 1314
[[-8.2500040e-02  9.9617472e-01 -1.7322480e-02 -6.0500000e+01]
 [ 2.4811920e-02  1.9681660e-02  9.9925842e-01  1.3070000e+02]
 [ 9.9601632e-01  8.2273620e-02 -2.6087140e-02 -1.1714700e+03]
 [ 0.0000000e+00  0.0000000e+00  0.0000000e+00  1.0000000e+00]]
[-0187.82, +0030.03, -1075.86]
775, 1064, 924
[[-8.2465480e-02  9.9627798e-01 -1.6454500e-02 -6.0400000e+01]
 [ 2.4151980e-02  1.8674520e-02  9.9937110e-01  1.3062000e+02]
 [ 9.9612110e-01  8.2195500e-02 -2.5429960e-02 -1.1714900e+03]
 [ 0.0000000e+00  0.0000000e+00  0.0000000e+00  1.0000000e+00]]
[-0181.29, +0014.93, -1064.80]
2025, 1406, 1341
[[-8.4635680e-02  9.9599364e-01 -1.8338360e-02 -6.0690000e+01]
 [ 2.6043240e-02  2.0845980e-02  9.9921888e-01  1.3083000e+02]
 [ 9.9582196e-01  8.4340320e-02 -2.7465700e-02 -1.1714600e+03]
 [ 0.0000000e+00  0.0000000e+00  0.0000000e+00  1.0000000e+00]]
[-0120.70, +0088.18, -1105.07]
1657, 2057, 2197
[[-8.3627700e-02  9.9612328e-01 -1.9856660e-02 -6.0760000e+01]
 [ 2.5892720e-02  2.2258880e-02  9.9925864e-01  1.3089000e+02]
 [ 9.9598466e-01  8.3226640e-02 -2.7486580e-02 -1.1714300e+03]
 [ 0.0000000e+00  0.0000000e+00  0.0000000e+00  1.0000000e+00]]
[-0205.77, +0023.55, -1115.29]
2210, 1068, 756
[[-8.4006420e-02  9.9614116e-01 -1.7420340e-02 -6.0630000e+01]
 [ 2.6788440e-02  1.9896600e-02  9.9928828e-01  1.3078000e+02]
 [ 9.9593326e-01  8.3650920e-02 -2.8192980e-02 -1.1714700e+03]
 [ 0.0000000e+00  0.0000000e+00  0.0000000e+00  1.0000000e+00]]
[-0085.47, +0097.76, -1149.83]
899, 2191, 1101
[[-8.1925620e-02  9.9629812e-01 -1.8802120e-02 -6.0500000e+01]
 [ 2.5457480e-02  2.1106160e-02  9.9930608e-01  1.3085000e+02]
 [ 9.9615028e-01  8.1552320e-02 -2.6937220e-02 -1.1714800e+03]
 [ 0.0000000e+00  0.0000000e+00  0.0000000e+00  1.0000000e+00]]
[-0152.12, -0043.45, -1145.35]
1775, 1351, 1428
[[-8.3599380e-02  9.9614484e-01 -1.8241700e-02 -6.0630000e+01]
 [ 2.6359160e-02  2.0688120e-02  9.9926940e-01  1.3081000e+02]
 [ 9.9596310e-01  8.3244200e-02 -2.7808500e-02 -1.1714400e+03]
 [ 0.0000000e+00  0.0000000e+00  0.0000000e+00  1.0000000e+00]]
[-0147.83, +0080.60, -1088.85]
967, 1782, 1393
[[-8.2916160e-02  9.9614936e-01 -1.7733520e-02 -6.0480000e+01]
 [ 2.4392080e-02  2.0054540e-02  9.9927634e-01  1.3075000e+02]
 [ 9.9600856e-01  8.2671820e-02 -2.5723060e-02 -1.1715100e+03]
 [ 0.0000000e+00  0.0000000e+00  0.0000000e+00  1.0000000e+00]]
[-0187.88, -0019.67, -1106.18]
965, 1271, 2156
[[-8.3146500e-02  9.9624220e-01 -1.8420000e-02 -6.0650000e+01]
 [ 2.4663000e-02  2.0653920e-02  9.9936988e-01  1.3071000e+02]
 [ 9.9610720e-01  8.2764120e-02 -2.6168580e-02 -1.1714600e+03]
 [ 0.0000000e+00  0.0000000e+00  0.0000000e+00  1.0000000e+00]]
[-0252.20, +0044.63, -1148.74]
1231, 1036, 1244
[[-8.2916160e-02  9.9616256e-01 -1.7109280e-02 -6.0510000e+01]
 [ 2.5016320e-02  1.9478000e-02  9.9927424e-01  1.3068000e+02]
 [ 9.9599536e-01  8.2673920e-02 -2.6299600e-02 -1.1715000e+03]
 [ 0.0000000e+00  0.0000000e+00  0.0000000e+00  1.0000000e+00]]
[-0179.60, +0068.45, -1072.14]
871, 2142, 1125
[[-8.1907300e-02  9.9629684e-01 -1.8418920e-02 -6.0470000e+01]
 [ 2.5074280e-02  2.0699360e-02  9.9931524e-01  1.3082000e+02]
 [ 9.9615156e-01  8.1561480e-02 -2.6512100e-02 -1.1714800e+03]
 [ 0.0000000e+00  0.0000000e+00  0.0000000e+00  1.0000000e+00]]
[-0157.27, -0044.99, -1143.56]
1327, 1682, 1721
[[-8.3377360e-02  9.9614512e-01 -1.8269440e-02 -6.0590000e+01]
 [ 2.5761760e-02  2.0676800e-02  9.9926912e-01  1.3081000e+02]
 [ 9.9597952e-01  8.3050240e-02 -2.7190800e-02 -1.1714600e+03]
 [ 0.0000000e+00  0.0000000e+00  0.0000000e+00  1.0000000e+00]]
[-0199.51, +0026.32, -1094.06]
1776, 2244, 853
[[-8.3129120e-02  9.9603036e-01 -2.3087880e-02 -6.0660000e+01]
 [ 2.7457560e-02  2.5677820e-02  9.9907704e-01  1.3128000e+02]
 [ 9.9591948e-01  8.2658160e-02 -2.9255300e-02 -1.1715300e+03]
 [ 0.0000000e+00  0.0000000e+00  0.0000000e+00  1.0000000e+00]]
[-0097.25, +0000.82, -1137.77]
1971, 1009, 1314
[[-8.5283940e-02  9.9585162e-01 -1.9430920e-02 -6.0820000e+01]
 [ 2.5888220e-02  2.2009260e-02  9.9913908e-01  1.3085000e+02]
 [ 9.9570468e-01  8.5021480e-02 -2.7357840e-02 -1.1714400e+03]
 [ 0.0000000e+00  0.0000000e+00  0.0000000e+00  1.0000000e+00]]
[-0133.14, +0116.34, -1115.10]
2021, 1778, 1709
[[-8.5332340e-02  9.9595146e-01 -2.0701940e-02 -6.0930000e+01]
 [ 2.6534340e-02  2.3218380e-02  9.9921138e-01  1.3096000e+02]
 [ 9.9581314e-01  8.4900780e-02 -2.8231720e-02 -1.1714200e+03]
 [ 0.0000000e+00  0.0000000e+00  0.0000000e+00  1.0000000e+00]]
[-0147.91, +0063.22, -1096.56]
814, 1388, 1815
[[-8.3580900e-02  9.9612038e-01 -1.8899560e-02 -6.0680000e+01]
 [ 2.4935620e-02  2.1241580e-02  9.9928204e-01  1.3076000e+02]
 [ 9.9598756e-01  8.3250040e-02 -2.6422480e-02 -1.1714600e+03]
 [ 0.0000000e+00  0.0000000e+00  0.0000000e+00  1.0000000e+00]]
[-0244.38, +0015.18, -1127.94]
1516, 1181, 898
[[-8.4006420e-02  9.9601628e-01 -1.8354840e-02 -6.0710000e+01]
 [ 2.5849320e-02  2.0857500e-02  9.9919624e-01  1.3079000e+02]
 [ 9.9584996e-01  8.3742960e-02 -2.7232080e-02 -1.1714500e+03]
 [ 0.0000000e+00  0.0000000e+00  0.0000000e+00  1.0000000e+00]]
[-0114.73, +0065.69, -1083.59]
1079, 1245, 1927
[[-8.384064e-02  9.961224e-01 -1.963744e-02 -6.082000e+01]
 [ 2.629856e-02  2.206686e-02  9.992637e-01  1.308100e+02]
 [ 9.959688e-01  8.342494e-02 -2.789154e-02 -1.171400e+03]
 [ 0.000000e+00  0.000000e+00  0.000000e+00  1.000000e+00]]
[-0242.55, +0049.25, -1120.72]
1690, 977, 1756
[[-8.4247440e-02  9.9610496e-01 -1.9440640e-02 -6.0840000e+01]
 [ 2.6103040e-02  2.1852080e-02  9.9928528e-01  1.3084000e+02]
 [ 9.9595264e-01  8.3829280e-02 -2.7699520e-02 -1.1714100e+03]
 [ 0.0000000e+00  0.0000000e+00  0.0000000e+00  1.0000000e+00]]
[-0190.27, +0113.08, -1114.18]
1785, 921, 954
[[-8.4441460e-02  9.9600556e-01 -1.8523920e-02 -6.0740000e+01]
 [ 2.6436280e-02  2.1061040e-02  9.9920304e-01  1.3080000e+02]
 [ 9.9582696e-01  8.4133920e-02 -2.7870660e-02 -1.1714100e+03]
 [ 0.0000000e+00  0.0000000e+00  0.0000000e+00  1.0000000e+00]]
[-0112.49, +0108.59, -1107.95]
1092, 1327, 861
[[-8.3164660e-02  9.9625714e-01 -1.8178660e-02 -6.0630000e+01]
 [ 2.5670260e-02  2.0484620e-02  9.9935882e-01  1.3076000e+02]
 [ 9.9609226e-01  8.2757020e-02 -2.7170280e-02 -1.1714500e+03]
 [ 0.0000000e+00  0.0000000e+00  0.0000000e+00  1.0000000e+00]]
[-0138.77, +0014.87, -1072.72]
2225, 1903, 1547
[[-8.5565600e-02  9.9584520e-01 -2.0966400e-02 -6.0950000e+01]
 [ 2.7216000e-02  2.3625020e-02  9.9911126e-01  1.3102000e+02]
 [ 9.9569400e-01  8.5184260e-02 -2.8871620e-02 -1.1714200e+03]
 [ 0.0000000e+00  0.0000000e+00  0.0000000e+00  1.0000000e+00]]
[-0122.01, +0059.28, -1107.54]
1921, 804, 864
[[-8.2739380e-02  9.9617124e-01 -1.7886140e-02 -6.0600000e+01]
 [ 2.5584360e-02  2.0292400e-02  9.9925068e-01  1.3067000e+02]
 [ 9.9600326e-01  8.2458120e-02 -2.6937220e-02 -1.1714100e+03]
 [ 0.0000000e+00  0.0000000e+00  0.0000000e+00  1.0000000e+00]]
[-0107.09, +0114.95, -1125.38]
2098, 1484, 1865
[[-8.5362340e-02  9.9586164e-01 -2.0752380e-02 -6.0980000e+01]
 [ 2.7626280e-02  2.3444600e-02  9.9909924e-01  1.3095000e+02]
 [ 9.9569466e-01  8.4982920e-02 -2.9255300e-02 -1.1713700e+03]
 [ 0.0000000e+00  0.0000000e+00  0.0000000e+00  1.0000000e+00]]
[-0164.28, +0095.29, -1108.04]
1742, 2231, 1758
[[-8.4479700e-02  9.9597944e-01 -2.0538520e-02 -6.0790000e+01]
 [ 2.5952240e-02  2.3026560e-02  9.9918776e-01  1.3096000e+02]
 [ 9.9585308e-01  8.4110960e-02 -2.7570900e-02 -1.1714200e+03]
 [ 0.0000000e+00  0.0000000e+00  0.0000000e+00  1.0000000e+00]]
[-0159.19, +0003.97, -1107.35]
2078, 1336, 1577
[[-8.4896180e-02  9.9597708e-01 -1.9908360e-02 -6.0820000e+01]
 [ 2.6572680e-02  2.2439420e-02  9.9920296e-01  1.3087000e+02]
 [ 9.9582156e-01  8.4512240e-02 -2.8167760e-02 -1.1713700e+03]
 [ 0.0000000e+00  0.0000000e+00  0.0000000e+00  1.0000000e+00]]
[-0140.27, +0101.23, -1108.55]
2079, 1045, 1231
[[-8.4257000e-02  9.9600870e-01 -1.9317300e-02 -6.0730000e+01]
 [ 2.6604300e-02  2.1863480e-02  9.9918382e-01  1.3081000e+02]
 [ 9.9584070e-01  8.3921180e-02 -2.8104520e-02 -1.1713000e+03]
 [ 0.0000000e+00  0.0000000e+00  0.0000000e+00  1.0000000e+00]]
[-0119.33, +0114.33, -1123.68]
1015, 1708, 1900
[[-8.3183140e-02  9.9622596e-01 -2.0018320e-02 -6.0700000e+01]
 [ 2.4596520e-02  2.2236000e-02  9.9935364e-01  1.3081000e+02]
 [ 9.9612344e-01  8.2743720e-02 -2.6251300e-02 -1.1713400e+03]
 [ 0.0000000e+00  0.0000000e+00  0.0000000e+00  1.0000000e+00]]
[-0229.45, +0006.40, -1124.26]
1471, 1027, 1825
[[-8.3618180e-02  9.9603048e-01 -1.9142520e-02 -6.0720000e+01]
 [ 2.6219280e-02  2.1671420e-02  9.9916612e-01  1.3080000e+02]
 [ 9.9586932e-01  8.3328680e-02 -2.7657760e-02 -1.1713100e+03]
 [ 0.0000000e+00  0.0000000e+00  0.0000000e+00  1.0000000e+00]]
[-0210.78, +0096.53, -1109.94]
1296, 908, 2199
[[-8.3812200e-02  9.9610176e-01 -1.9895880e-02 -6.0780000e+01]
 [ 2.4891720e-02  2.2224440e-02  9.9928016e-01  1.3077000e+02]
 [ 9.9598944e-01  8.3436920e-02 -2.6485000e-02 -1.1713200e+03]
 [ 0.0000000e+00  0.0000000e+00  0.0000000e+00  1.0000000e+00]]
[-0239.21, +0092.37, -1153.06]
1809, 1043, 2111
[[-8.4692800e-02  9.9598344e-01 -2.0110880e-02 -6.0840000e+01]
 [ 2.6566320e-02  2.2642800e-02  9.9919236e-01  1.3086000e+02]
 [ 9.9583216e-01  8.4309720e-02 -2.8167760e-02 -1.1713100e+03]
 [ 0.0000000e+00  0.0000000e+00  0.0000000e+00  1.0000000e+00]]
[-0205.02, +0109.89, -1134.13]
1737, 793, 906
[[-8.2916160e-02  9.9614936e-01 -1.7733520e-02 -6.0560000e+01]
 [ 2.4392080e-02  2.0054540e-02  9.9927634e-01  1.3065000e+02]
 [ 9.9600856e-01  8.2671820e-02 -2.5723060e-02 -1.1713500e+03]
 [ 0.0000000e+00  0.0000000e+00  0.0000000e+00  1.0000000e+00]]
[-0115.89, +0114.83, -1109.60]
962, 1106, 1212
[[-8.2739380e-02  9.9626392e-01 -1.8408560e-02 -6.0560000e+01]
 [ 2.5066480e-02  2.0676800e-02  9.9934816e-01  1.3069000e+02]
 [ 9.9611864e-01  8.2360640e-02 -2.6552820e-02 -1.1713500e+03]
 [ 0.0000000e+00  0.0000000e+00  0.0000000e+00  1.0000000e+00]]
[-0197.18, +0035.76, -1071.33]
1341, 1583, 1281
[[-8.3580900e-02  9.9611122e-01 -1.9315840e-02 -6.0660000e+01]
 [ 2.4519340e-02  2.1625500e-02  9.9928312e-01  1.3080000e+02]
 [ 9.9599672e-01  8.3248960e-02 -2.6038560e-02 -1.1714000e+03]
 [ 0.0000000e+00  0.0000000e+00  0.0000000e+00  1.0000000e+00]]
[-0157.36, +0021.58, -1080.40]
1654, 1966, 1771
[[-8.4044020e-02  9.9599048e-01 -2.0369360e-02 -6.0770000e+01]
 [ 2.5365680e-02  2.2823180e-02  9.9918104e-01  1.3089000e+02]
 [ 9.9587576e-01  8.3720560e-02 -2.6931840e-02 -1.1713400e+03]
 [ 0.0000000e+00  0.0000000e+00  0.0000000e+00  1.0000000e+00]]
[-0169.97, +0023.37, -1095.28]
1307, 1817, 1784
[[-8.3395920e-02  9.9622488e-01 -1.9799320e-02 -6.0720000e+01]
 [ 2.5002320e-02  2.2044060e-02  9.9935892e-01  1.3082000e+02]
 [ 9.9610788e-01  8.2941880e-02 -2.6656020e-02 -1.1713800e+03]
 [ 0.0000000e+00  0.0000000e+00  0.0000000e+00  1.0000000e+00]]
[-0202.59, +0014.99, -1101.57]
1625, 2084, 890
[[-8.2795300e-02  9.9615656e-01 -1.9867380e-02 -6.0680000e+01]
 [ 2.5901120e-02  2.2281440e-02  9.9922536e-01  1.3090000e+02]
 [ 9.9601794e-01  8.2427520e-02 -2.7444900e-02 -1.1713700e+03]
 [ 0.0000000e+00  0.0000000e+00  0.0000000e+00  1.0000000e+00]]
[-0099.14, -0001.69, -1128.54]
796, 1718, 2121
[[-8.319250e-02  9.961247e-01 -2.010340e-02 -6.069000e+01]
 [ 2.488970e-02  2.243942e-02  9.992530e-01  1.307900e+02]
 [ 9.960166e-01  8.283500e-02 -2.646408e-02 -1.171350e+03]
 [ 0.000000e+00  0.000000e+00  0.000000e+00  1.000000e+00]]
[-0241.01, +0005.33, -1156.40]
1360, 1309, 1382
[[-8.2952000e-02  9.9614280e-01 -1.8915600e-02 -6.0650000e+01]
 [ 2.4741840e-02  2.1253100e-02  9.9925962e-01  1.3077000e+02]
 [ 9.9601512e-01  8.2652700e-02 -2.6189140e-02 -1.1714000e+03]
 [ 0.0000000e+00  0.0000000e+00  0.0000000e+00  1.0000000e+00]]
[-0174.29, +0054.03, -1076.19]
986, 1265, 1187
[[-8.2517800e-02  9.9616272e-01 -1.8329640e-02 -6.0560000e+01]
 [ 2.4570840e-02  2.0665400e-02  9.9925152e-01  1.3071000e+02]
 [ 9.9602832e-01  8.2262760e-02 -2.5935560e-02 -1.1713900e+03]
 [ 0.0000000e+00  0.0000000e+00  0.0000000e+00  1.0000000e+00]]
[-0186.35, +0020.21, -1073.20]
2058, 2127, 1185
[[-8.4529300e-02  9.9598710e-01 -2.1286900e-02 -6.0770000e+01]
 [ 2.7117060e-02  2.3851000e-02  9.9916242e-01  1.3110000e+02]
 [ 9.9584542e-01  8.4086700e-02 -2.8828660e-02 -1.1714400e+03]
 [ 0.0000000e+00  0.0000000e+00  0.0000000e+00  1.0000000e+00]]
[-0102.58, +0026.30, -1120.24]
1838, 1510, 1967
[[-8.3618180e-02  9.9611322e-01 -2.0081520e-02 -6.0740000e+01]
 [ 2.5285020e-02  2.2439420e-02  9.9926448e-01  1.3082000e+02]
 [ 9.9599472e-01  8.3230320e-02 -2.6889760e-02 -1.1713300e+03]
 [ 0.0000000e+00  0.0000000e+00  0.0000000e+00  1.0000000e+00]]
[-0193.88, +0077.45, -1103.29]
1303, 1281, 2143
[[-8.3618180e-02  9.9601152e-01 -1.9975080e-02 -6.0760000e+01]
 [ 2.5386720e-02  2.2439420e-02  9.9916852e-01  1.3080000e+02]
 [ 9.9588828e-01  8.3326280e-02 -2.6889760e-02 -1.1713100e+03]
 [ 0.0000000e+00  0.0000000e+00  0.0000000e+00  1.0000000e+00]]
[-0238.83, +0065.81, -1130.49]
1989, 2064, 959
[[-8.3666580e-02  9.9592240e-01 -2.0409260e-02 -6.0730000e+01]
 [ 2.6861600e-02  2.3072000e-02  9.9904720e-01  1.3102000e+02]
 [ 9.9576926e-01  8.3399200e-02 -2.8338580e-02 -1.1714600e+03]
 [ 0.0000000e+00  0.0000000e+00  0.0000000e+00  1.0000000e+00]]
[-0092.68, +0023.74, -1128.08]
1454, 1920, 1845
[[-8.425700e-02  9.959895e-01 -2.015010e-02 -6.082000e+01]
 [ 2.577150e-02  2.263132e-02  9.991863e-01  1.309000e+02]
 [ 9.958599e-01  8.391870e-02 -2.733668e-02 -1.171400e+03]
 [ 0.000000e+00  0.000000e+00  0.000000e+00  1.000000e+00]]
[-0196.56, +0017.17, -1102.26]
2209, 1075, 970
[[-8.5516200e-02  9.9586156e-01 -1.9177120e-02 -6.0780000e+01]
 [ 2.7093280e-02  2.1840600e-02  9.9913324e-01  1.3089000e+02]
 [ 9.9567764e-01  8.5211680e-02 -2.8572840e-02 -1.1714100e+03]
 [ 0.0000000e+00  0.0000000e+00  0.0000000e+00  1.0000000e+00]]
[-0097.48, +0105.45, -1139.39]
1788, 870, 1274
[[-8.3580900e-02  9.9612496e-01 -1.8691420e-02 -6.0700000e+01]
 [ 2.5143760e-02  2.1049560e-02  9.9928144e-01  1.3072000e+02]
 [ 9.9598298e-01  8.3250640e-02 -2.6614500e-02 -1.1714300e+03]
 [ 0.0000000e+00  0.0000000e+00  0.0000000e+00  1.0000000e+00]]
[-0147.82, +0117.34, -1106.62]
1042, 2014, 1437
[[-8.3618180e-02  9.9601626e-01 -1.9766940e-02 -6.0710000e+01]
 [ 2.5594860e-02  2.2247480e-02  9.9916798e-01  1.3085000e+02]
 [ 9.9588354e-01  8.3326820e-02 -2.7081700e-02 -1.1714200e+03]
 [ 0.0000000e+00  0.0000000e+00  0.0000000e+00  1.0000000e+00]]
[-0178.21, -0028.91, -1120.10]
1560, 1158, 1716
[[-8.4886500e-02  9.9608298e-01 -1.9615360e-02 -6.0800000e+01]
 [ 2.6487940e-02  2.2044060e-02  9.9930312e-01  1.3081000e+02]
 [ 9.9592392e-01  8.4421760e-02 -2.8146600e-02 -1.1713800e+03]
 [ 0.0000000e+00  0.0000000e+00  0.0000000e+00  1.0000000e+00]]
[-0195.22, +0090.40, -1097.80]
1582, 2174, 1535
[[-8.4257000e-02  9.9598470e-01 -2.0358300e-02 -6.0790000e+01]
 [ 2.5563300e-02  2.2823180e-02  9.9918682e-01  1.3095000e+02]
 [ 9.9586470e-01  8.3918180e-02 -2.7144820e-02 -1.1714500e+03]
 [ 0.0000000e+00  0.0000000e+00  0.0000000e+00  1.0000000e+00]]
[-0147.38, -0003.60, -1107.87]
947, 1484, 1474
[[-8.2748500e-02  9.9626456e-01 -1.8600080e-02 -6.0550000e+01]
 [ 2.5258000e-02  2.0880300e-02  9.9934360e-01  1.3073000e+02]
 [ 9.9611800e-01  8.2356080e-02 -2.6765440e-02 -1.1713500e+03]
 [ 0.0000000e+00  0.0000000e+00  0.0000000e+00  1.0000000e+00]]
[-0207.43, +0005.76, -1093.26]
1642, 1213, 1756
[[-8.4247440e-02  9.9599372e-01 -1.9750560e-02 -6.0790000e+01]
 [ 2.5788360e-02  2.2236000e-02  9.9919052e-01  1.3080000e+02]
 [ 9.9585568e-01  8.3924040e-02 -2.7315600e-02 -1.1714100e+03]
 [ 0.0000000e+00  0.0000000e+00  0.0000000e+00  1.0000000e+00]]
[-0191.05, +0091.57, -1099.24]
1755, 1228, 1298
[[-8.3590100e-02  9.9601920e-01 -1.8984600e-02 -6.0660000e+01]
 [ 2.5228800e-02  2.1445120e-02  9.9918144e-01  1.3082000e+02]
 [ 9.9588060e-01  8.3341440e-02 -2.6635220e-02 -1.1713400e+03]
 [ 0.0000000e+00  0.0000000e+00  0.0000000e+00  1.0000000e+00]]
[-0138.06, +0087.74, -1090.32]
1610, 1374, 1041
[[-8.3377360e-02  9.9613592e-01 -1.8685680e-02 -6.0600000e+01]
 [ 2.5345520e-02  2.1061040e-02  9.9927048e-01  1.3075000e+02]
 [ 9.9598872e-01  8.3048880e-02 -2.6806560e-02 -1.1713400e+03]
 [ 0.0000000e+00  0.0000000e+00  0.0000000e+00  1.0000000e+00]]
[-0121.28, +0055.06, -1084.77]
1927, 1091, 1612
[[-8.4044020e-02  9.9600960e-01 -1.9536640e-02 -6.0750000e+01]
 [ 2.6198400e-02  2.2055500e-02  9.9917880e-01  1.3083000e+02]
 [ 9.9585664e-01  8.3722800e-02 -2.7699520e-02 -1.1713100e+03]
 [ 0.0000000e+00  0.0000000e+00  0.0000000e+00  1.0000000e+00]]
[-0160.45, +0115.07, -1112.48]
